HasBall,"Game Clock","Ball @",Quarter,Down,YTG,OffensivePlay,DefensivePlay,YardsGained,"Home Score","Away Score",Text,QB1,RB1,RB2,FB2,FB1,TE1,TE2,WR1,WR3,WR2,WR4,WR5,LT1,LG1,C1,RG1,RT1,P1,LDE1,LDE2,DT1,DT2,RDE1,SLB1,MLB1,MLB2,WLB1,CB1,CB2,CB4,CB3,CB5,SS1,FS1,FS2,"Kick Holder1","Long Snapper1","Kick Returner1","Punt Returner1",Gunner10,Gunner7,Gunner2,Gunner6,Gunner1,Gunner8,Gunner3,Gunner4,Gunner9,Gunner5,Kickoffs1,"Field Goal Kicker1","ST Blocker8","ST Blocker5","ST Blocker4","ST Blocker1","ST Blocker2","ST Blocker3","ST Blocker6","ST Blocker7","ST Rusher4","ST Rusher1","ST Rusher2","ST Rusher3","ST Rusher11","ST Rusher10","ST Rusher9","ST Rusher6","ST Rusher5","ST Rusher7","ST Rusher8"
,15:00,,1,3,13,,,,0,0,"BUF has won the toss and elected to receive.",,,,,,,,,,,,,,,,,,,,,,,,,,,,,,,,,,,,,,,,,,,,,,,,,,,,,,,,,,,,,,,,,,,,,,
FAY,15:00,"FAY 35",1,6,10,Kickoff,"Kick Return",,0,0,"(15:00) 4-John Speth kicks 65 yards from FAY 35 to BUF 0. 43-Stevie Thomas to BUF 34 for 34 yards. Tackle by 4-John Speth.",,,,,,,,,,,,,,,,,,,,,,,,,,,,,,,,,,,,,,"#43 Stevie Thomas - RB",,"#72 John Letchworth - DT","#58 Roberto Franklin - MLB","#53 Billy Gobin - WLB","#63 Jason Fernandez - DT","#62 John Croom - RDE","#47 Christopher Downs - CB","#98 Cory Linkous - MLB","#70 Gary Schwartz - DT","#26 Samuel Dean - FS","#99 Joe Smith - RDE","#4 John Speth - K",,,,,,,,,,,,,,,,,,,,
BUF,14:54,"BUF 34",1,1,10,"Weak I Normal WR Corner TE Middle","4-3 Under Double Safety Blitz",4,0,0,"1-10-BUF 34 (14:55) 1-Tony Maldonado pass complete to 35-Ian Smith to BUF 37 for 4 yards. Tackle by 59-Joseph Wilson. Great move by 35-Ian Smith to get free of his coverage.","#1 Tony Maldonado - QB","#35 Ian Smith - RB",,,"#24 Gerald Gant - FB","#87 William Ackley - TE",,"#14 Denis Camp - WR",,"#88 Joseph Moen - WR",,,"#73 Daniel Williams - LT","#77 Phillip Reyes - LG","#74 Mike Miesner - C","#57 Michael Boerner - RG","#51 Craig Scalf - RT",,"#52 Calais Campbell - LDE",,"#72 James Wilson - DT","#60 John Darden - DT","#94 Jose Jetton - RDE","#59 Joseph Wilson - SLB","#94 Robert Mitchell - MLB",,"#96 Victor Honaker - WLB","#21 Robert Quinlan - CB","#48 Joe Hilliard - CB",,,,"#29 Eric Morrow - SS","#36 Tony Gibson - FS",,,,,,,,,,,,,,,,,,,,,,,,,,,,,,,,,,,,
BUF,14:12,"BUF 37",1,2,6,"I Formation Power HB Draw","Goal Line 3 Deep Man",5,0,0,"2-6-BUF 37 (14:11) 35-Ian Smith ran to BUF 43 for 5 yards. Tackle by 90-Jose Jetton.","#1 Tony Maldonado - QB","#35 Ian Smith - RB",,"#21 Rodrigo Taft - RB","#24 Gerald Gant - FB","#87 William Ackley - TE",,"#14 Denis Camp - WR",,,,,"#73 Daniel Williams - LT","#77 Phillip Reyes - LG","#74 Mike Miesner - C","#57 Michael Boerner - RG","#51 Craig Scalf - RT",,"#52 Calais Campbell - LDE","#56 Marcus Gray - RDE","#72 James Wilson - DT","#60 John Darden - DT","#94 Jose Jetton - RDE","#59 Joseph Wilson - SLB","#98 Ben Lopez - MLB",,"#96 Victor Honaker - WLB","#21 Robert Quinlan - CB","#48 Joe Hilliard - CB",,,,"#34 Ernest Severt - SS",,,,,,,,,,,,,,,,,,,,,,,,,,,,,,,,,,,,,
BUF,13:39,"BUF 43",1,3,1,"I Formation Power PA Flats","Goal Line 3 Deep Man",,0,0,"3-1-BUF 43 (13:38) 1-Tony Maldonado pass Pass knocked down by 48-Joe Hilliard. incomplete, intended for 85-William Ackley.","#1 Tony Maldonado - QB","#43 Stevie Thomas - RB",,"#21 Rodrigo Taft - RB","#24 Gerald Gant - FB","#87 William Ackley - TE",,"#14 Denis Camp - WR",,,,,"#73 Daniel Williams - LT","#77 Phillip Reyes - LG","#74 Mike Miesner - C","#57 Michael Boerner - RG","#51 Craig Scalf - RT",,"#52 Calais Campbell - LDE","#56 Marcus Gray - RDE","#72 James Wilson - DT","#60 John Darden - DT","#94 Jose Jetton - RDE","#59 Joseph Wilson - SLB","#98 Ben Lopez - MLB",,"#96 Victor Honaker - WLB","#21 Robert Quinlan - CB","#48 Joe Hilliard - CB",,,,"#34 Ernest Severt - SS",,,,,,,,,,,,,,,,,,,,,,,,,,,,,,,,,,,,,
BUF,13:33,"BUF 43",1,4,1,Punt,"Punt Return",49,0,0,"4-1-BUF 43 (13:34) 8-Donald McGaughey punts 49 yards to FAY 9.",,,,,,,,,,,,,,,,,,"#8 Donald McGaughey - P",,,,,,,,,,,,,,,,,,,"#74 Mike Miesner - C",,"#20 Michael Muir - RB",,,"#59 Joseph Wilson - SLB","#77 Richard Brooks - DT","#21 Robert Quinlan - CB",,"#34 Ernest Severt - SS","#98 Ben Lopez - MLB",,"#56 Marcus Gray - RDE",,,,"#87 William Ackley - TE","#78 Jorge Robinson - LT","#57 Michael Boerner - RG","#73 Daniel Williams - LT","#79 Daniel Campos - LT","#66 Harold Wilson - LT",,"#51 Roger Chambers - RDE","#94 Jose Jetton - RDE","#72 James Wilson - DT","#52 Calais Campbell - LDE",,,,,,,
FAY,13:26,"FAY 9",1,1,10,"I Formation Normal HB Dive","46 Normal Inside Blitz",1,0,0,"1-10-FAY 9 (13:27) 20-Michael Muir ran to FAY 9 for 1 yards. Tackle by 59-Warren Crawford.","#8 Stephen Broomfield - QB","#20 Michael Muir - RB",,,"#39 Stephen Jobe - FB","#83 Sammy Altman - TE",,"#87 Dean Hansen - WR",,"#16 Scott Dendy - WR",,,"#73 Matthew Rogers - LT","#53 Jacob Burns - LG","#62 Bruce Johnson - C","#55 Samuel Turner - RG","#58 Mark Mosley - RT",,"#56 Carlos Reilly - LDE",,"#70 Gary Schwartz - DT","#72 John Letchworth - DT","#62 John Croom - RDE","#59 Warren Crawford - SLB","#97 Anthony Kim - MLB",,"#53 Billy Gobin - WLB","#47 Christopher Downs - CB","#45 Chris Hall - CB",,,,"#34 Kevin Hancock - SS","#26 Samuel Dean - FS",,,,,,,,,,,,,,,,,,,,,,,,,,,,,,,,,,,,
FAY,12:45,"FAY 9",1,2,9,"I Formation Power HB Dive Weak","Goal Line Attack #3",-2,0,0,"2-9-FAY 9 (12:44) 20-Michael Muir ran to FAY 7 for -2 yards. Tackle by 97-Anthony Kim.","#8 Stephen Broomfield - QB","#20 Michael Muir - RB",,"#22 Russell Robinson - FB","#39 Stephen Jobe - FB","#83 Sammy Altman - TE",,"#87 Dean Hansen - WR",,,,,"#73 Matthew Rogers - LT","#53 Jacob Burns - LG","#62 Bruce Johnson - C","#55 Samuel Turner - RG","#58 Mark Mosley - RT",,"#56 Carlos Reilly - LDE","#99 Joe Smith - RDE","#70 Gary Schwartz - DT","#72 John Letchworth - DT","#62 John Croom - RDE","#59 Warren Crawford - SLB","#97 Anthony Kim - MLB",,"#53 Billy Gobin - WLB","#47 Christopher Downs - CB","#45 Chris Hall - CB",,,,"#34 Kevin Hancock - SS",,,,,,,,,,,,,,,,,,,,,,,,,,,,,,,,,,,,,
FAY,12:07,"FAY 7",1,3,12,"I Formation 3WR WR Post","Nickel 3-3-5 Cover 2 Man Under",,0,0,"3-12-FAY 7 (12:06) 8-Stephen Broomfield pass INTERCEPTED by 33-Joseph Sheaffer at FAY 12. 33-Joseph Sheaffer to FAY 12 for 0 yards. Tackle by 89-Ronald Stansberry. Pressure by 62-John Croom.","#8 Stephen Broomfield - QB","#20 Michael Muir - RB",,,"#39 Stephen Jobe - FB",,,"#87 Dean Hansen - WR","#89 Ronald Stansberry - WR","#16 Scott Dendy - WR",,,"#73 Matthew Rogers - LT","#53 Jacob Burns - LG","#62 Bruce Johnson - C","#55 Samuel Turner - RG","#58 Mark Mosley - RT",,"#56 Carlos Reilly - LDE",,"#70 Gary Schwartz - DT",,"#62 John Croom - RDE","#59 Warren Crawford - SLB","#97 Anthony Kim - MLB",,"#53 Billy Gobin - WLB","#47 Christopher Downs - CB","#45 Chris Hall - CB",,"#33 Joseph Sheaffer - CB",,"#34 Kevin Hancock - SS","#26 Samuel Dean - FS",,,,,,,,,,,,,,,,,,,,,,,,,,,,,,,,,,,,
BUF,12:01,"FAY 12",1,1,10,"I Formation Normal PA Fullback Flat","4-3 Under Double LB Blitz",,0,0,"1-10-FAY 12 (12:02) 1-Tony Maldonado pass Pass knocked down by 36-Tony Gibson. incomplete, intended for 85-William Ackley.","#1 Tony Maldonado - QB","#35 Ian Smith - RB",,,"#24 Gerald Gant - FB","#87 William Ackley - TE",,"#14 Denis Camp - WR",,"#88 Joseph Moen - WR",,,"#73 Daniel Williams - LT","#77 Phillip Reyes - LG","#74 Mike Miesner - C","#57 Michael Boerner - RG","#51 Craig Scalf - RT",,"#52 Calais Campbell - LDE",,"#72 James Wilson - DT","#60 John Darden - DT","#94 Jose Jetton - RDE","#59 Joseph Wilson - SLB","#98 Ben Lopez - MLB",,"#96 Victor Honaker - WLB","#21 Robert Quinlan - CB","#48 Joe Hilliard - CB",,,,"#34 Ernest Severt - SS","#36 Tony Gibson - FS",,,,,,,,,,,,,,,,,,,,,,,,,,,,,,,,,,,,
BUF,11:58,"FAY 12",1,2,10,"Strong I Normal WR Post TE Out","4-3 Under Crash Right",7,0,0,"2-10-FAY 12 (11:59) 1-Tony Maldonado pass complete to 14-Denis Camp to FAY 5 for 7 yards. Tackle by 48-Joe Hilliard. Pressure by 90-Jose Jetton.","#1 Tony Maldonado - QB","#35 Ian Smith - RB",,,"#24 Gerald Gant - FB","#87 William Ackley - TE",,"#14 Denis Camp - WR",,"#88 Joseph Moen - WR",,,"#73 Daniel Williams - LT","#77 Phillip Reyes - LG","#74 Mike Miesner - C","#57 Michael Boerner - RG","#51 Craig Scalf - RT",,"#52 Calais Campbell - LDE",,"#72 James Wilson - DT","#60 John Darden - DT","#94 Jose Jetton - RDE","#59 Joseph Wilson - SLB","#98 Ben Lopez - MLB",,"#96 Victor Honaker - WLB","#21 Robert Quinlan - CB","#48 Joe Hilliard - CB",,,,"#34 Ernest Severt - SS","#36 Tony Gibson - FS",,,,,,,,,,,,,,,,,,,,,,,,,,,,,,,,,,,,
BUF,11:13,"FAY 5",1,3,3,"I Formation Power Play Action HB Downfield","Goal Line 3 Deep Man",,0,0,"3-3-FAY 5 (11:12) 1-Tony Maldonado pass INTERCEPTED by 48-Joe Hilliard at FAY -2. 48-Joe Hilliard to FAY 11 for 13 yards. Tackle by 24-Gerald Gant.","#1 Tony Maldonado - QB","#35 Ian Smith - RB",,"#43 Stevie Thomas - RB","#24 Gerald Gant - FB","#87 William Ackley - TE",,"#18 David Rutledge - WR",,,,,"#73 Daniel Williams - LT","#77 Phillip Reyes - LG","#74 Mike Miesner - C","#57 Michael Boerner - RG","#51 Craig Scalf - RT",,"#52 Calais Campbell - LDE","#56 Marcus Gray - RDE","#72 James Wilson - DT","#60 John Darden - DT","#94 Jose Jetton - RDE","#59 Joseph Wilson - SLB","#98 Ben Lopez - MLB",,"#96 Victor Honaker - WLB","#21 Robert Quinlan - CB","#48 Joe Hilliard - CB",,,,"#34 Ernest Severt - SS",,,,,,,,,,,,,,,,,,,,,,,,,,,,,,,,,,,,,
FAY,11:05,"FAY 11",1,1,10,"Split Backs 3 Wide Dive Left","Nickel 3-3-5 Cover 2 Man Under",9,0,0,"1-10-FAY 11 (11:06) 39-Stephen Jobe ran to FAY 20 for 9 yards. Tackle by 45-Chris Hall.","#8 Stephen Broomfield - QB","#20 Michael Muir - RB",,,"#39 Stephen Jobe - FB",,,"#87 Dean Hansen - WR","#89 Ronald Stansberry - WR","#16 Scott Dendy - WR",,,"#73 Matthew Rogers - LT","#53 Jacob Burns - LG","#62 Bruce Johnson - C","#55 Samuel Turner - RG","#58 Mark Mosley - RT",,"#56 Carlos Reilly - LDE",,"#70 Gary Schwartz - DT",,"#62 John Croom - RDE","#59 Warren Crawford - SLB","#97 Anthony Kim - MLB",,"#53 Billy Gobin - WLB","#47 Christopher Downs - CB","#45 Chris Hall - CB",,"#33 Joseph Sheaffer - CB",,"#34 Kevin Hancock - SS","#26 Samuel Dean - FS",,,,,,,,,,,,,,,,,,,,,,,,,,,,,,,,,,,,
FAY,10:23,"FAY 20",1,2,1,"I Formation Power HB Sweep Weak","Goal Line Attack #3",4,0,0,"2-1-FAY 20 (10:22) 20-Michael Muir ran to FAY 24 for 4 yards. Tackle by 34-Kevin Hancock.","#8 Stephen Broomfield - QB","#20 Michael Muir - RB",,"#22 Russell Robinson - FB","#39 Stephen Jobe - FB","#83 Sammy Altman - TE",,"#87 Dean Hansen - WR",,,,,"#73 Matthew Rogers - LT","#53 Jacob Burns - LG","#62 Bruce Johnson - C","#55 Samuel Turner - RG","#58 Mark Mosley - RT",,"#56 Carlos Reilly - LDE","#99 Joe Smith - RDE","#70 Gary Schwartz - DT","#72 John Letchworth - DT","#62 John Croom - RDE","#59 Warren Crawford - SLB","#97 Anthony Kim - MLB",,"#53 Billy Gobin - WLB","#47 Christopher Downs - CB","#45 Chris Hall - CB",,,,"#34 Kevin Hancock - SS",,,,,,,,,,,,,,,,,,,,,,,,,,,,,,,,,,,,,
FAY,9:49,"FAY 24",1,1,10,"I Formation Normal HB Dive","3-4 Normal Man QB Spy",1,0,0,"1-10-FAY 24 (9:48) 20-Michael Muir ran to FAY 25 for 1 yards. Tackle by 70-Gary Schwartz.","#8 Stephen Broomfield - QB","#20 Michael Muir - RB",,,"#39 Stephen Jobe - FB","#83 Sammy Altman - TE",,"#87 Dean Hansen - WR",,"#16 Scott Dendy - WR",,,"#73 Matthew Rogers - LT","#53 Jacob Burns - LG","#62 Bruce Johnson - C","#55 Samuel Turner - RG","#58 Mark Mosley - RT",,"#56 Carlos Reilly - LDE",,"#70 Gary Schwartz - DT",,"#62 John Croom - RDE","#59 Warren Crawford - SLB","#97 Anthony Kim - MLB","#98 Cory Linkous - MLB","#53 Billy Gobin - WLB","#47 Christopher Downs - CB","#45 Chris Hall - CB",,,,"#34 Kevin Hancock - SS","#26 Samuel Dean - FS",,,,,,,,,,,,,,,,,,,,,,,,,,,,,,,,,,,,
FAY,9:07,"FAY 25",1,2,9,"Goal Line Normal HB Outside Strong","Goal Line 3 Deep Man",12,0,0,"2-9-FAY 25 (9:06) 20-Michael Muir ran to FAY 37 for 12 yards. Tackle by 34-Kevin Hancock.","#8 Stephen Broomfield - QB","#20 Michael Muir - RB",,"#22 Russell Robinson - FB","#39 Stephen Jobe - FB","#83 Sammy Altman - TE","#81 Tommy Mayton - TE",,,,,,"#73 Matthew Rogers - LT","#53 Jacob Burns - LG","#62 Bruce Johnson - C","#55 Samuel Turner - RG","#58 Mark Mosley - RT",,"#56 Carlos Reilly - LDE","#99 Joe Smith - RDE","#70 Gary Schwartz - DT","#72 John Letchworth - DT","#62 John Croom - RDE","#59 Warren Crawford - SLB","#97 Anthony Kim - MLB",,"#53 Billy Gobin - WLB","#47 Christopher Downs - CB","#45 Chris Hall - CB",,,,"#34 Kevin Hancock - SS",,,,,,,,,,,,,,,,,,,,,,,,,,,,,,,,,,,,,
FAY,8:20,"FAY 37",1,1,10,"Goal Line Normal HB Dive","Goal Line 3 Deep Man",2,0,0,"1-10-FAY 37 (8:19) 20-Michael Muir ran to FAY 39 for 2 yards. Tackle by 70-Gary Schwartz.","#8 Stephen Broomfield - QB","#20 Michael Muir - RB",,"#22 Russell Robinson - FB","#39 Stephen Jobe - FB","#83 Sammy Altman - TE","#81 Tommy Mayton - TE",,,,,,"#73 Matthew Rogers - LT","#53 Jacob Burns - LG","#62 Bruce Johnson - C","#55 Samuel Turner - RG","#58 Mark Mosley - RT",,"#56 Carlos Reilly - LDE","#99 Joe Smith - RDE","#70 Gary Schwartz - DT","#72 John Letchworth - DT","#62 John Croom - RDE","#59 Warren Crawford - SLB","#97 Anthony Kim - MLB",,"#53 Billy Gobin - WLB","#47 Christopher Downs - CB","#45 Chris Hall - CB",,,,"#34 Kevin Hancock - SS",,,,,,,,,,,,,,,,,,,,,,,,,,,,,,,,,,,,,
FAY,7:44,"FAY 39",1,2,8,"I Formation Normal PA Outside Curls","3-4 Normal 2 Deep Man",,0,0,"2-8-FAY 39 (7:43) 8-Stephen Broomfield pass complete to 87-Dean Hansen to FAY 43 for 4 yards. 87-Dean Hansen FUMBLES (59-Warren Crawford) recovered by BUF-34-Kevin Hancock at FAY 42. Tackle by 87-Dean Hansen. Pressure by 62-John Croom. 47-Christopher Downs got away with a hold on that play.","#8 Stephen Broomfield - QB","#20 Michael Muir - RB",,,"#39 Stephen Jobe - FB","#83 Sammy Altman - TE",,"#87 Dean Hansen - WR",,"#16 Scott Dendy - WR",,,"#73 Matthew Rogers - LT","#53 Jacob Burns - LG","#62 Bruce Johnson - C","#55 Samuel Turner - RG","#58 Mark Mosley - RT",,"#56 Carlos Reilly - LDE",,"#70 Gary Schwartz - DT",,"#62 John Croom - RDE","#59 Warren Crawford - SLB","#97 Anthony Kim - MLB","#98 Cory Linkous - MLB","#53 Billy Gobin - WLB","#47 Christopher Downs - CB","#45 Chris Hall - CB",,,,"#34 Kevin Hancock - SS","#26 Samuel Dean - FS",,,,,,,,,,,,,,,,,,,,,,,,,,,,,,,,,,,,
BUF,7:34,"FAY 42",1,1,10,"Goal Line Normal HB Weak","Goal Line 3 Deep Man",5,0,0,"1-10-FAY 42 (7:35) 35-Ian Smith ran to FAY 37 for 5 yards. Tackle by 96-Victor Honaker.","#1 Tony Maldonado - QB","#35 Ian Smith - RB",,"#43 Stevie Thomas - RB","#24 Gerald Gant - FB","#87 William Ackley - TE","#80 Christopher Garcia - TE",,,,,,"#73 Daniel Williams - LT","#77 Phillip Reyes - LG","#74 Mike Miesner - C","#57 Michael Boerner - RG","#51 Craig Scalf - RT",,"#52 Calais Campbell - LDE","#56 Marcus Gray - RDE","#72 James Wilson - DT","#60 John Darden - DT","#94 Jose Jetton - RDE","#59 Joseph Wilson - SLB","#98 Ben Lopez - MLB",,"#96 Victor Honaker - WLB","#21 Robert Quinlan - CB","#48 Joe Hilliard - CB",,,,"#34 Ernest Severt - SS",,,,,,,,,,,,,,,,,,,,,,,,,,,,,,,,,,,,,
BUF,6:57,"FAY 37",1,2,5,"I Formation Normal PA Fullback Flat","4-3 Under Crash Right",3,0,0,"2-5-FAY 37 (6:56) 1-Tony Maldonado pass complete to 24-Gerald Gant to FAY 34 for 3 yards. Tackle by 36-Tony Gibson.","#1 Tony Maldonado - QB","#35 Ian Smith - RB",,,"#24 Gerald Gant - FB","#87 William Ackley - TE",,"#14 Denis Camp - WR",,"#88 Joseph Moen - WR",,,"#73 Daniel Williams - LT","#77 Phillip Reyes - LG","#74 Mike Miesner - C","#57 Michael Boerner - RG","#51 Craig Scalf - RT",,"#52 Calais Campbell - LDE",,"#72 James Wilson - DT","#60 John Darden - DT","#94 Jose Jetton - RDE","#59 Joseph Wilson - SLB","#98 Ben Lopez - MLB",,"#96 Victor Honaker - WLB","#21 Robert Quinlan - CB","#48 Joe Hilliard - CB",,,,"#34 Ernest Severt - SS","#36 Tony Gibson - FS",,,,,,,,,,,,,,,,,,,,,,,,,,,,,,,,,,,,
BUF,6:12,"FAY 34",1,3,2,"Strong I Normal HB Dive Strong","4-3 Under Crash Right",3,0,0,"3-2-FAY 34 (6:11) 35-Ian Smith ran to FAY 31 for 3 yards. Tackle by 96-Victor Honaker.","#1 Tony Maldonado - QB","#35 Ian Smith - RB",,,"#24 Gerald Gant - FB","#87 William Ackley - TE",,"#14 Denis Camp - WR",,"#88 Joseph Moen - WR",,,"#73 Daniel Williams - LT","#77 Phillip Reyes - LG","#74 Mike Miesner - C","#57 Michael Boerner - RG","#51 Craig Scalf - RT",,"#52 Calais Campbell - LDE",,"#72 James Wilson - DT","#60 John Darden - DT","#94 Jose Jetton - RDE","#59 Joseph Wilson - SLB","#98 Ben Lopez - MLB",,"#96 Victor Honaker - WLB","#21 Robert Quinlan - CB","#48 Joe Hilliard - CB",,,,"#34 Ernest Severt - SS","#36 Tony Gibson - FS",,,,,,,,,,,,,,,,,,,,,,,,,,,,,,,,,,,,
BUF,5:32,"FAY 31",1,1,10,"I Formation Power HB Strong Outside","Goal Line Attack #2",5,0,0,"1-10-FAY 31 (5:31) 35-Ian Smith ran to FAY 26 for 5 yards. Tackle by 96-Victor Honaker.","#1 Tony Maldonado - QB","#35 Ian Smith - RB",,"#43 Stevie Thomas - RB","#24 Gerald Gant - FB","#87 William Ackley - TE",,"#14 Denis Camp - WR",,,,,"#73 Daniel Williams - LT","#77 Phillip Reyes - LG","#74 Mike Miesner - C","#57 Michael Boerner - RG","#51 Craig Scalf - RT",,"#52 Calais Campbell - LDE","#56 Marcus Gray - RDE","#72 James Wilson - DT","#60 John Darden - DT","#94 Jose Jetton - RDE","#59 Joseph Wilson - SLB","#98 Ben Lopez - MLB",,"#96 Victor Honaker - WLB","#21 Robert Quinlan - CB","#48 Joe Hilliard - CB",,,,"#34 Ernest Severt - SS",,,,,,,,,,,,,,,,,,,,,,,,,,,,,,,,,,,,,
BUF,4:52,"FAY 26",1,2,5,"I Formation Normal FL Hook","4-3 Under Crash Right",5,0,0,"2-5-FAY 26 (4:51) 1-Tony Maldonado pass complete to 88-Joseph Moen to FAY 21 for 5 yards. Tackle by 48-Joe Hilliard.","#1 Tony Maldonado - QB","#43 Stevie Thomas - RB",,,"#24 Gerald Gant - FB","#87 William Ackley - TE",,"#14 Denis Camp - WR",,"#88 Joseph Moen - WR",,,"#73 Daniel Williams - LT","#77 Phillip Reyes - LG","#74 Mike Miesner - C","#57 Michael Boerner - RG","#51 Craig Scalf - RT",,"#52 Calais Campbell - LDE",,"#72 James Wilson - DT","#60 John Darden - DT","#94 Jose Jetton - RDE","#59 Joseph Wilson - SLB","#98 Ben Lopez - MLB",,"#96 Victor Honaker - WLB","#21 Robert Quinlan - CB","#48 Joe Hilliard - CB",,,,"#34 Ernest Severt - SS","#36 Tony Gibson - FS",,,,,,,,,,,,,,,,,,,,,,,,,,,,,,,,,,,,
BUF,4:12,"FAY 21",1,3,,"I Formation Power HB Strong Outside","Goal Line 3 Deep Man",2,0,0,"3-1-FAY 21 (4:11) 35-Ian Smith ran to FAY 19 for 2 yards. Tackle by 56-Marcus Gray.","#1 Tony Maldonado - QB","#35 Ian Smith - RB",,"#21 Rodrigo Taft - RB","#43 Stevie Thomas - RB","#87 William Ackley - TE",,"#14 Denis Camp - WR",,,,,"#73 Daniel Williams - LT","#77 Phillip Reyes - LG","#74 Mike Miesner - C","#57 Michael Boerner - RG","#51 Craig Scalf - RT",,"#52 Calais Campbell - LDE","#56 Marcus Gray - RDE","#72 James Wilson - DT","#60 John Darden - DT","#94 Jose Jetton - RDE","#59 Joseph Wilson - SLB","#98 Ben Lopez - MLB",,"#96 Victor Honaker - WLB","#21 Robert Quinlan - CB","#48 Joe Hilliard - CB",,,,"#34 Ernest Severt - SS",,,,,,,,,,,,,,,,,,,,,,,,,,,,,,,,,,,,,
BUF,3:27,"FAY 19",1,1,10,"Shotgun 2 RB 3 WR RB Curls","Nickel Normal Shallow Zone Deep",,0,0,"1-10-FAY 19 (3:26) 1-Tony Maldonado pass Pass knocked down by 96-Victor Honaker. incomplete, intended for 43-Stevie Thomas.","#1 Tony Maldonado - QB","#35 Ian Smith - RB","#43 Stevie Thomas - RB",,,,,"#14 Denis Camp - WR","#18 David Rutledge - WR","#88 Joseph Moen - WR",,,"#73 Daniel Williams - LT","#77 Phillip Reyes - LG","#74 Mike Miesner - C","#57 Michael Boerner - RG","#51 Craig Scalf - RT",,"#52 Calais Campbell - LDE",,"#72 James Wilson - DT","#60 John Darden - DT","#94 Jose Jetton - RDE",,"#98 Ben Lopez - MLB",,"#96 Victor Honaker - WLB","#21 Robert Quinlan - CB","#48 Joe Hilliard - CB",,"#27 Christopher Lusk - FS",,"#34 Ernest Severt - SS","#36 Tony Gibson - FS",,,,,,,,,,,,,,,,,,,,,,,,,,,,,,,,,,,,
BUF,3:22,"FAY 19",1,2,10,"Goal Line Normal HB Toss Strong","Goal Line 3 Deep Man",4,0,0,"2-10-FAY 19 (3:23) 43-Stevie Thomas ran to FAY 15 for 4 yards. Tackle by 98-Ben Lopez.","#1 Tony Maldonado - QB","#43 Stevie Thomas - RB",,"#21 Rodrigo Taft - RB","#24 Gerald Gant - FB","#87 William Ackley - TE","#80 Christopher Garcia - TE",,,,,,"#73 Daniel Williams - LT","#77 Phillip Reyes - LG","#74 Mike Miesner - C","#57 Michael Boerner - RG","#51 Craig Scalf - RT",,"#52 Calais Campbell - LDE","#56 Marcus Gray - RDE","#72 James Wilson - DT","#60 John Darden - DT","#94 Jose Jetton - RDE","#59 Joseph Wilson - SLB","#98 Ben Lopez - MLB",,"#96 Victor Honaker - WLB","#21 Robert Quinlan - CB","#48 Joe Hilliard - CB",,,,"#34 Ernest Severt - SS",,,,,,,,,,,,,,,,,,,,,,,,,,,,,,,,,,,,,
BUF,2:40,"FAY 15",1,3,6,"Goal Line Normal HB Dive","Goal Line 3 Deep Man",7,0,0,"3-6-FAY 15 (2:39) 35-Ian Smith ran to FAY 8 for 7 yards. Tackle by 90-Jose Jetton.","#1 Tony Maldonado - QB","#35 Ian Smith - RB",,"#21 Rodrigo Taft - RB","#24 Gerald Gant - FB","#87 William Ackley - TE","#80 Christopher Garcia - TE",,,,,,"#73 Daniel Williams - LT","#77 Phillip Reyes - LG","#74 Mike Miesner - C","#57 Michael Boerner - RG","#51 Craig Scalf - RT",,"#52 Calais Campbell - LDE","#56 Marcus Gray - RDE","#72 James Wilson - DT","#60 John Darden - DT","#94 Jose Jetton - RDE","#59 Joseph Wilson - SLB","#98 Ben Lopez - MLB",,"#96 Victor Honaker - WLB","#21 Robert Quinlan - CB","#48 Joe Hilliard - CB",,,,"#34 Ernest Severt - SS",,,,,,,,,,,,,,,,,,,,,,,,,,,,,,,,,,,,,
BUF,1:59,"FAY 8",1,1,8,"I Formation Normal PA Fullback Flat","4-3 Under Crash Right",5,0,0,"1-8-FAY 8 (1:58) 1-Tony Maldonado pass complete to 24-Gerald Gant to FAY 4 for 5 yards. Tackle by 98-Ben Lopez.","#1 Tony Maldonado - QB","#43 Stevie Thomas - RB",,,"#24 Gerald Gant - FB","#87 William Ackley - TE",,"#14 Denis Camp - WR",,"#88 Joseph Moen - WR",,,"#73 Daniel Williams - LT","#77 Phillip Reyes - LG","#74 Mike Miesner - C","#57 Michael Boerner - RG","#51 Craig Scalf - RT",,"#52 Calais Campbell - LDE",,"#72 James Wilson - DT","#60 John Darden - DT","#94 Jose Jetton - RDE","#59 Joseph Wilson - SLB","#98 Ben Lopez - MLB",,"#96 Victor Honaker - WLB","#21 Robert Quinlan - CB","#48 Joe Hilliard - CB",,,,"#34 Ernest Severt - SS","#36 Tony Gibson - FS",,,,,,,,,,,,,,,,,,,,,,,,,,,,,,,,,,,,
BUF,1:15,"FAY 4",1,2,4,"Goal Line Normal HB Outside Strong","Goal Line 3 Deep Man",4,6,0,"2-4-FAY 4 (1:14) 35-Ian Smith ran for 4 yards. TOUCHDOWN! BUF 6 FAY 0","#1 Tony Maldonado - QB","#35 Ian Smith - RB",,"#21 Rodrigo Taft - RB","#43 Stevie Thomas - RB","#87 William Ackley - TE","#80 Christopher Garcia - TE",,,,,,"#73 Daniel Williams - LT","#77 Phillip Reyes - LG","#74 Mike Miesner - C","#57 Michael Boerner - RG","#51 Craig Scalf - RT",,"#52 Calais Campbell - LDE","#56 Marcus Gray - RDE","#72 James Wilson - DT","#60 John Darden - DT","#94 Jose Jetton - RDE","#59 Joseph Wilson - SLB","#98 Ben Lopez - MLB",,"#96 Victor Honaker - WLB","#21 Robert Quinlan - CB","#48 Joe Hilliard - CB",,,,"#34 Ernest Severt - SS",,,,,,,,,,,,,,,,,,,,,,,,,,,,,,,,,,,,,
BUF,1:11,"FAY 15",1,7,15,"Field Goal","FG Block",25,7,0,"(1:12) Extra point GOOD by 13-Wayne Dyer. BUF 7 FAY 0",,,,,,,,,,,,,,,,,,,,,,,,,,,,,,,,,,,,"#2 John Richards - QB","#74 Mike Miesner - C",,,,,,,,,,,,,,"#13 Wayne Dyer - K","#77 Phillip Reyes - LG","#87 William Ackley - TE","#78 Jorge Robinson - LT","#57 Michael Boerner - RG","#73 Daniel Williams - LT","#79 Daniel Campos - LT","#66 Harold Wilson - LT","#55 Steven Simmons - RG","#98 Ben Lopez - MLB","#94 Jose Jetton - RDE","#72 James Wilson - DT","#52 Calais Campbell - LDE","#60 John Darden - DT","#56 Marcus Gray - RDE","#59 Joseph Wilson - SLB","#21 Robert Quinlan - CB","#51 Roger Chambers - RDE","#48 Joe Hilliard - CB","#77 Richard Brooks - DT"
BUF,1:11,"BUF 35",1,6,10,Kickoff,"Kick Return",,7,0,"(1:12) 13-Wayne Dyer kicks 66 yards from BUF 35 to FAY -1. 20-Michael Muir to FAY 29 for 30 yards. Tackle by 72-John Letchworth.",,,,,,,,,,,,,,,,,,,,,,,,,,,,,,,,,,,,,,"#20 Michael Muir - RB",,"#77 Richard Brooks - DT","#98 Ben Lopez - MLB","#94 Jose Jetton - RDE","#34 Ernest Severt - SS","#21 Robert Quinlan - CB","#56 Marcus Gray - RDE","#59 Joseph Wilson - SLB","#72 James Wilson - DT","#51 Roger Chambers - RDE","#52 Calais Campbell - LDE","#13 Wayne Dyer - K",,,,,,,,,,,,,,,,,,,,
FAY,1:06,"FAY 29",1,1,10,"I Formation Power HB Sweep Weak","Goal Line 3 Deep Man",9,7,0,"1-10-FAY 29 (1:07) 49-Samuel Bowles ran to FAY 38 for 9 yards. Tackle by 99-Joe Smith.","#8 Stephen Broomfield - QB","#49 Samuel Bowles - RB",,"#22 Russell Robinson - FB","#39 Stephen Jobe - FB","#83 Sammy Altman - TE",,"#87 Dean Hansen - WR",,,,,"#73 Matthew Rogers - LT","#53 Jacob Burns - LG","#62 Bruce Johnson - C","#55 Samuel Turner - RG","#58 Mark Mosley - RT",,"#56 Carlos Reilly - LDE","#99 Joe Smith - RDE","#70 Gary Schwartz - DT","#63 Jason Fernandez - DT","#62 John Croom - RDE","#59 Warren Crawford - SLB","#97 Anthony Kim - MLB",,"#53 Billy Gobin - WLB","#47 Christopher Downs - CB","#45 Chris Hall - CB",,,,"#34 Kevin Hancock - SS",,,,,,,,,,,,,,,,,,,,,,,,,,,,,,,,,,,,,
FAY,0:25,"FAY 38",1,2,1,"Goal Line Normal HB Outside Strong","Goal Line 3 Deep Man",11,7,0,"2-1-FAY 38 (0:24) 20-Michael Muir ran to FAY 48 for 11 yards. Tackle by 45-Chris Hall.","#8 Stephen Broomfield - QB","#20 Michael Muir - RB",,"#22 Russell Robinson - FB","#39 Stephen Jobe - FB","#83 Sammy Altman - TE","#81 Tommy Mayton - TE",,,,,,"#73 Matthew Rogers - LT","#53 Jacob Burns - LG","#62 Bruce Johnson - C","#55 Samuel Turner - RG","#58 Mark Mosley - RT",,"#56 Carlos Reilly - LDE","#99 Joe Smith - RDE","#70 Gary Schwartz - DT","#72 John Letchworth - DT","#62 John Croom - RDE","#59 Warren Crawford - SLB","#97 Anthony Kim - MLB",,"#53 Billy Gobin - WLB","#47 Christopher Downs - CB","#45 Chris Hall - CB",,,,"#34 Kevin Hancock - SS",,,,,,,,,,,,,,,,,,,,,,,,,,,,,,,,,,,,,
,0:00,,1,1,10,,,,7,0,"End of first quarter.",,,,,,,,,,,,,,,,,,,,,,,,,,,,,,,,,,,,,,,,,,,,,,,,,,,,,,,,,,,,,,,,,,,,,,
FAY,15:00,"FAY 48",2,1,10,"I Formation 3WR SE Post","Nickel 3-3-5 Cover 2 Man Under",2,7,0,"1-10-FAY 48 (15:00) 8-Stephen Broomfield pass complete to 49-Samuel Bowles to BUF 50 for 2 yards. Tackle by 47-Christopher Downs.","#8 Stephen Broomfield - QB","#49 Samuel Bowles - RB",,,"#39 Stephen Jobe - FB",,,"#87 Dean Hansen - WR","#89 Ronald Stansberry - WR","#16 Scott Dendy - WR",,,"#73 Matthew Rogers - LT","#53 Jacob Burns - LG","#62 Bruce Johnson - C","#55 Samuel Turner - RG","#58 Mark Mosley - RT",,"#56 Carlos Reilly - LDE",,"#70 Gary Schwartz - DT",,"#62 John Croom - RDE","#59 Warren Crawford - SLB","#97 Anthony Kim - MLB",,"#53 Billy Gobin - WLB","#47 Christopher Downs - CB","#45 Chris Hall - CB",,"#33 Joseph Sheaffer - CB",,"#34 Kevin Hancock - SS","#26 Samuel Dean - FS",,,,,,,,,,,,,,,,,,,,,,,,,,,,,,,,,,,,
FAY,14:22,"BUF 50",2,2,8,"I Formation 3WR SE Post","Nickel Normal Double WR2",10,7,0,"2-8-BUF 50 (14:21) 8-Stephen Broomfield pass complete to 20-Michael Muir to BUF 40 for 10 yards. Tackle by 47-Christopher Downs.","#8 Stephen Broomfield - QB","#20 Michael Muir - RB",,,"#39 Stephen Jobe - FB",,,"#87 Dean Hansen - WR","#89 Ronald Stansberry - WR","#16 Scott Dendy - WR",,,"#73 Matthew Rogers - LT","#53 Jacob Burns - LG","#62 Bruce Johnson - C","#55 Samuel Turner - RG","#58 Mark Mosley - RT",,"#56 Carlos Reilly - LDE",,"#70 Gary Schwartz - DT","#72 John Letchworth - DT","#62 John Croom - RDE",,"#97 Anthony Kim - MLB",,"#53 Billy Gobin - WLB","#47 Christopher Downs - CB","#45 Chris Hall - CB",,"#33 Joseph Sheaffer - CB",,"#34 Kevin Hancock - SS","#26 Samuel Dean - FS",,,,,,,,,,,,,,,,,,,,,,,,,,,,,,,,,,,,
FAY,13:36,"BUF 40",2,1,10,"Goal Line Normal HB Dive","Goal Line 3 Deep Man",1,7,0,"1-10-BUF 40 (13:35) 20-Michael Muir ran to BUF 39 for 1 yards. Tackle by 70-Gary Schwartz.","#8 Stephen Broomfield - QB","#20 Michael Muir - RB",,"#22 Russell Robinson - FB","#39 Stephen Jobe - FB","#83 Sammy Altman - TE","#81 Tommy Mayton - TE",,,,,,"#73 Matthew Rogers - LT","#53 Jacob Burns - LG","#62 Bruce Johnson - C","#55 Samuel Turner - RG","#58 Mark Mosley - RT",,"#56 Carlos Reilly - LDE","#99 Joe Smith - RDE","#70 Gary Schwartz - DT","#72 John Letchworth - DT","#62 John Croom - RDE","#59 Warren Crawford - SLB","#97 Anthony Kim - MLB",,"#53 Billy Gobin - WLB","#47 Christopher Downs - CB","#45 Chris Hall - CB",,,,"#34 Kevin Hancock - SS",,,,,,,,,,,,,,,,,,,,,,,,,,,,,,,,,,,,,
FAY,12:53,"BUF 39",2,2,9,"I Formation Power Play Action Bomb","Goal Line 3 Deep Man",,7,0,"2-9-BUF 39 (12:52) 8-Stephen Broomfield pass Pass knocked down by 97-Anthony Kim. incomplete, intended for 20-Michael Muir.","#8 Stephen Broomfield - QB","#20 Michael Muir - RB",,"#22 Russell Robinson - FB","#39 Stephen Jobe - FB","#83 Sammy Altman - TE",,"#87 Dean Hansen - WR",,,,,"#73 Matthew Rogers - LT","#53 Jacob Burns - LG","#62 Bruce Johnson - C","#55 Samuel Turner - RG","#58 Mark Mosley - RT",,"#56 Carlos Reilly - LDE","#99 Joe Smith - RDE","#70 Gary Schwartz - DT","#72 John Letchworth - DT","#62 John Croom - RDE","#59 Warren Crawford - SLB","#97 Anthony Kim - MLB",,"#53 Billy Gobin - WLB","#47 Christopher Downs - CB","#45 Chris Hall - CB",,,,"#34 Kevin Hancock - SS",,,,,,,,,,,,,,,,,,,,,,,,,,,,,,,,,,,,,
FAY,12:46,"BUF 39",2,3,9,"I Formation Normal FL Hitch","3-4 Normal Man Cover 1",11,7,0,"3-9-BUF 39 (12:47) 8-Stephen Broomfield pass complete to 16-Scott Dendy to BUF 28 for 11 yards. Tackle by 45-Chris Hall.","#8 Stephen Broomfield - QB","#49 Samuel Bowles - RB",,,"#39 Stephen Jobe - FB","#83 Sammy Altman - TE",,"#87 Dean Hansen - WR",,"#16 Scott Dendy - WR",,,"#73 Matthew Rogers - LT","#53 Jacob Burns - LG","#62 Bruce Johnson - C","#55 Samuel Turner - RG","#58 Mark Mosley - RT",,"#56 Carlos Reilly - LDE",,"#70 Gary Schwartz - DT",,"#62 John Croom - RDE","#59 Warren Crawford - SLB","#97 Anthony Kim - MLB","#98 Cory Linkous - MLB","#53 Billy Gobin - WLB","#47 Christopher Downs - CB","#45 Chris Hall - CB",,,,"#34 Kevin Hancock - SS","#26 Samuel Dean - FS",,,,,,,,,,,,,,,,,,,,,,,,,,,,,,,,,,,,
FAY,12:04,"BUF 28",2,1,10,"Goal Line Normal HB Toss Strong","Goal Line Attack #3",3,7,0,"1-10-BUF 28 (12:03) 20-Michael Muir ran to BUF 25 for 3 yards. Tackle by 97-Anthony Kim.","#8 Stephen Broomfield - QB","#20 Michael Muir - RB",,"#22 Russell Robinson - FB","#39 Stephen Jobe - FB","#83 Sammy Altman - TE","#81 Tommy Mayton - TE",,,,,,"#73 Matthew Rogers - LT","#53 Jacob Burns - LG","#62 Bruce Johnson - C","#55 Samuel Turner - RG","#58 Mark Mosley - RT",,"#56 Carlos Reilly - LDE","#99 Joe Smith - RDE","#70 Gary Schwartz - DT","#72 John Letchworth - DT","#62 John Croom - RDE","#59 Warren Crawford - SLB","#97 Anthony Kim - MLB",,"#53 Billy Gobin - WLB","#47 Christopher Downs - CB","#45 Chris Hall - CB",,,,"#34 Kevin Hancock - SS",,,,,,,,,,,,,,,,,,,,,,,,,,,,,,,,,,,,,
FAY,11:23,"BUF 25",2,2,7,"I Formation Power HB Dive Weak","Goal Line 3 Deep Man",1,7,0,"2-7-BUF 25 (11:22) 20-Michael Muir ran to BUF 24 for 1 yards. Tackle by 45-Chris Hall.","#8 Stephen Broomfield - QB","#20 Michael Muir - RB",,"#22 Russell Robinson - FB","#39 Stephen Jobe - FB","#83 Sammy Altman - TE",,"#87 Dean Hansen - WR",,,,,"#73 Matthew Rogers - LT","#53 Jacob Burns - LG","#62 Bruce Johnson - C","#55 Samuel Turner - RG","#58 Mark Mosley - RT",,"#56 Carlos Reilly - LDE","#99 Joe Smith - RDE","#70 Gary Schwartz - DT","#72 John Letchworth - DT","#62 John Croom - RDE","#59 Warren Crawford - SLB","#97 Anthony Kim - MLB",,"#53 Billy Gobin - WLB","#47 Christopher Downs - CB","#45 Chris Hall - CB",,,,"#34 Kevin Hancock - SS",,,,,,,,,,,,,,,,,,,,,,,,,,,,,,,,,,,,,
FAY,10:46,"BUF 24",2,3,6,"Weak I Normal HB Inside Weak","3-4 Normal Man Cover 1",9,7,0,"3-6-BUF 24 (10:45) 20-Michael Muir ran to BUF 16 for 9 yards. Tackle by 97-Anthony Kim. BUF 59-Warren Crawford was injured on the play. He looks like he should be able to return.","#8 Stephen Broomfield - QB","#20 Michael Muir - RB",,,"#39 Stephen Jobe - FB","#83 Sammy Altman - TE",,"#87 Dean Hansen - WR",,"#16 Scott Dendy - WR",,,"#73 Matthew Rogers - LT","#53 Jacob Burns - LG","#62 Bruce Johnson - C","#55 Samuel Turner - RG","#58 Mark Mosley - RT",,"#56 Carlos Reilly - LDE",,"#70 Gary Schwartz - DT",,"#62 John Croom - RDE","#59 Warren Crawford - SLB","#97 Anthony Kim - MLB","#98 Cory Linkous - MLB","#53 Billy Gobin - WLB","#47 Christopher Downs - CB","#45 Chris Hall - CB",,,,"#34 Kevin Hancock - SS","#26 Samuel Dean - FS",,,,,,,,,,,,,,,,,,,,,,,,,,,,,,,,,,,,
FAY,10:08,"BUF 16",2,1,10,"Goal Line Normal HB Dive","Goal Line 3 Deep Man",1,7,0,"1-10-BUF 16 (10:07) 49-Samuel Bowles ran to BUF 14 for 1 yards. Tackle by 70-Gary Schwartz.","#8 Stephen Broomfield - QB","#49 Samuel Bowles - RB",,"#22 Russell Robinson - FB","#39 Stephen Jobe - FB","#83 Sammy Altman - TE","#81 Tommy Mayton - TE",,,,,,"#73 Matthew Rogers - LT","#53 Jacob Burns - LG","#62 Bruce Johnson - C","#55 Samuel Turner - RG","#58 Mark Mosley - RT",,"#56 Carlos Reilly - LDE","#99 Joe Smith - RDE","#70 Gary Schwartz - DT","#72 John Letchworth - DT","#62 John Croom - RDE","#58 Roberto Franklin - MLB","#97 Anthony Kim - MLB",,"#53 Billy Gobin - WLB","#47 Christopher Downs - CB","#45 Chris Hall - CB",,,,"#34 Kevin Hancock - SS",,,,,,,,,,,,,,,,,,,,,,,,,,,,,,,,,,,,,
FAY,9:30,"BUF 14",2,2,9,"Goal Line Normal HB Outside Strong","Goal Line 3 Deep Man",5,7,0,"2-9-BUF 14 (9:29) 20-Michael Muir ran to BUF 10 for 5 yards. Tackle by 99-Joe Smith.","#8 Stephen Broomfield - QB","#20 Michael Muir - RB",,"#22 Russell Robinson - FB","#39 Stephen Jobe - FB","#83 Sammy Altman - TE","#81 Tommy Mayton - TE",,,,,,"#73 Matthew Rogers - LT","#53 Jacob Burns - LG","#62 Bruce Johnson - C","#55 Samuel Turner - RG","#58 Mark Mosley - RT",,"#56 Carlos Reilly - LDE","#99 Joe Smith - RDE","#70 Gary Schwartz - DT","#72 John Letchworth - DT","#62 John Croom - RDE","#58 Roberto Franklin - MLB","#97 Anthony Kim - MLB",,"#53 Billy Gobin - WLB","#47 Christopher Downs - CB","#45 Chris Hall - CB",,,,"#34 Kevin Hancock - SS",,,,,,,,,,,,,,,,,,,,,,,,,,,,,,,,,,,,,
FAY,8:48,"BUF 10",2,3,4,"Goal Line Normal HB Weak","Goal Line Attack #3",-0,7,0,"3-4-BUF 10 (8:47) 49-Samuel Bowles ran to BUF 10 for a short loss. Tackle by 62-John Croom.","#8 Stephen Broomfield - QB","#49 Samuel Bowles - RB",,"#22 Russell Robinson - FB","#39 Stephen Jobe - FB","#83 Sammy Altman - TE","#81 Tommy Mayton - TE",,,,,,"#73 Matthew Rogers - LT","#53 Jacob Burns - LG","#62 Bruce Johnson - C","#55 Samuel Turner - RG","#58 Mark Mosley - RT",,"#56 Carlos Reilly - LDE","#99 Joe Smith - RDE","#70 Gary Schwartz - DT","#72 John Letchworth - DT","#62 John Croom - RDE","#58 Roberto Franklin - MLB","#97 Anthony Kim - MLB",,"#53 Billy Gobin - WLB","#47 Christopher Downs - CB","#45 Chris Hall - CB",,,,"#34 Kevin Hancock - SS",,,,,,,,,,,,,,,,,,,,,,,,,,,,,,,,,,,,,
FAY,8:15,"BUF 10",2,4,4,"Field Goal","FG Block",21,7,3,"4-4-BUF 10 (8:14) 4-John Speth 27 yard field goal is GOOD. BUF 7 FAY 3",,,,,,,,,,,,,,,,,,,,,,,,,,,,,,,,,,,,"#8 Stephen Broomfield - QB","#78 Jason Jackman - RG",,,,,,,,,,,,,,"#4 John Speth - K","#52 Calais Campbell - LDE","#83 Sammy Altman - TE","#72 James Wilson - DT","#53 Herbert Leeson - LT","#58 Mark Mosley - RT","#62 Bruce Johnson - C","#73 Matthew Rogers - LT","#53 Jacob Burns - LG","#72 John Letchworth - DT","#53 Billy Gobin - WLB","#62 John Croom - RDE","#70 Gary Schwartz - DT","#91 Daniel Morris - RDE","#97 Anthony Kim - MLB","#47 Christopher Downs - CB","#56 Carlos Reilly - LDE","#34 Kevin Hancock - SS","#63 Jason Fernandez - DT","#99 Joe Smith - RDE"
FAY,8:11,"FAY 35",2,6,10,Kickoff,"Kick Return",,7,3,"(8:12) 4-John Speth kicks 75 yards from FAY 35 to BUF -10. Touchback.",,,,,,,,,,,,,,,,,,,,,,,,,,,,,,,,,,,,,,"#43 Stevie Thomas - RB",,"#72 John Letchworth - DT","#58 Roberto Franklin - MLB","#53 Billy Gobin - WLB","#63 Jason Fernandez - DT","#62 John Croom - RDE","#47 Christopher Downs - CB","#98 Cory Linkous - MLB","#70 Gary Schwartz - DT","#26 Samuel Dean - FS","#99 Joe Smith - RDE","#4 John Speth - K",,,,,,,,,,,,,,,,,,,,
BUF,8:11,"BUF 25",2,1,10,"Goal Line Normal PA TE Drag","Goal Line Attack #2",,7,3,"1-10-BUF 25 (8:12) 1-Tony Maldonado pass Pass knocked down by 48-Joe Hilliard. incomplete, intended for 80-Christopher Garcia.","#1 Tony Maldonado - QB","#35 Ian Smith - RB",,"#43 Stevie Thomas - RB","#24 Gerald Gant - FB","#87 William Ackley - TE","#80 Christopher Garcia - TE",,,,,,"#73 Daniel Williams - LT","#77 Phillip Reyes - LG","#74 Mike Miesner - C","#57 Michael Boerner - RG","#51 Craig Scalf - RT",,"#52 Calais Campbell - LDE","#56 Marcus Gray - RDE","#72 James Wilson - DT","#60 John Darden - DT","#94 Jose Jetton - RDE","#59 Joseph Wilson - SLB","#98 Ben Lopez - MLB",,"#96 Victor Honaker - WLB","#21 Robert Quinlan - CB","#48 Joe Hilliard - CB",,,,"#34 Ernest Severt - SS",,,,,,,,,,,,,,,,,,,,,,,,,,,,,,,,,,,,,
BUF,8:08,"BUF 25",2,2,10,"I Formation Power HB Sweep Weak","Goal Line 3 Deep Man",8,7,3,"2-10-BUF 25 (8:09) 35-Ian Smith ran to BUF 33 for 8 yards. Tackle by 34-Ernest Severt.","#1 Tony Maldonado - QB","#35 Ian Smith - RB",,"#43 Stevie Thomas - RB","#24 Gerald Gant - FB","#87 William Ackley - TE",,"#14 Denis Camp - WR",,,,,"#73 Daniel Williams - LT","#77 Phillip Reyes - LG","#74 Mike Miesner - C","#57 Michael Boerner - RG","#51 Craig Scalf - RT",,"#52 Calais Campbell - LDE","#56 Marcus Gray - RDE","#72 James Wilson - DT","#60 John Darden - DT","#94 Jose Jetton - RDE","#59 Joseph Wilson - SLB","#98 Ben Lopez - MLB",,"#96 Victor Honaker - WLB","#21 Robert Quinlan - CB","#48 Joe Hilliard - CB",,,,"#34 Ernest Severt - SS",,,,,,,,,,,,,,,,,,,,,,,,,,,,,,,,,,,,,
BUF,7:32,"BUF 33",2,3,2,"I Formation Normal HB Draw","46 Heavy 1 Deep SS MLB Blitz",2,7,3,"3-2-BUF 33 (7:31) 43-Stevie Thomas ran to BUF 35 for 2 yards. Tackle by 34-Ernest Severt.","#1 Tony Maldonado - QB","#43 Stevie Thomas - RB",,,"#24 Gerald Gant - FB","#87 William Ackley - TE",,"#14 Denis Camp - WR",,"#88 Joseph Moen - WR",,,"#73 Daniel Williams - LT","#77 Phillip Reyes - LG","#74 Mike Miesner - C","#57 Michael Boerner - RG","#51 Craig Scalf - RT",,"#52 Calais Campbell - LDE",,"#72 James Wilson - DT","#60 John Darden - DT","#94 Jose Jetton - RDE","#59 Joseph Wilson - SLB","#98 Ben Lopez - MLB",,"#96 Victor Honaker - WLB","#21 Robert Quinlan - CB","#48 Joe Hilliard - CB",,,,"#34 Ernest Severt - SS","#36 Tony Gibson - FS",,,,,,,,,,,,,,,,,,,,,,,,,,,,,,,,,,,,
BUF,6:59,"BUF 35",2,1,10,"Split Backs 3 Wide Dive Left","Nickel Normal 2 Deep",3,7,3,"1-10-BUF 35 (6:58) 24-Gerald Gant ran to BUF 38 for 3 yards. Tackle by 96-Victor Honaker.","#1 Tony Maldonado - QB","#43 Stevie Thomas - RB",,,"#24 Gerald Gant - FB",,,"#14 Denis Camp - WR","#18 David Rutledge - WR","#88 Joseph Moen - WR",,,"#73 Daniel Williams - LT","#77 Phillip Reyes - LG","#74 Mike Miesner - C","#57 Michael Boerner - RG","#51 Craig Scalf - RT",,"#52 Calais Campbell - LDE",,"#72 James Wilson - DT","#60 John Darden - DT","#94 Jose Jetton - RDE",,"#98 Ben Lopez - MLB",,"#96 Victor Honaker - WLB","#21 Robert Quinlan - CB","#48 Joe Hilliard - CB",,"#27 Christopher Lusk - FS",,"#34 Ernest Severt - SS","#36 Tony Gibson - FS",,,,,,,,,,,,,,,,,,,,,,,,,,,,,,,,,,,,
BUF,6:23,"BUF 38",2,2,7,"I Formation Normal HB Draw","46 Heavy 2 Deep Man Under",1,7,3,"2-7-BUF 38 (6:22) 35-Ian Smith ran to BUF 39 for 1 yards. Tackle by 52-Calais Campbell.","#1 Tony Maldonado - QB","#35 Ian Smith - RB",,,"#24 Gerald Gant - FB","#87 William Ackley - TE",,"#14 Denis Camp - WR",,"#88 Joseph Moen - WR",,,"#73 Daniel Williams - LT","#77 Phillip Reyes - LG","#74 Mike Miesner - C","#57 Michael Boerner - RG","#51 Craig Scalf - RT",,"#52 Calais Campbell - LDE",,"#72 James Wilson - DT","#60 John Darden - DT","#94 Jose Jetton - RDE","#59 Joseph Wilson - SLB","#98 Ben Lopez - MLB",,"#96 Victor Honaker - WLB","#21 Robert Quinlan - CB","#48 Joe Hilliard - CB",,,,"#34 Ernest Severt - SS","#36 Tony Gibson - FS",,,,,,,,,,,,,,,,,,,,,,,,,,,,,,,,,,,,
BUF,5:45,"BUF 39",2,3,6,"I Formation Power PA Flats","Goal Line 3 Deep Man",5,7,3,"3-6-BUF 39 (5:44) 1-Tony Maldonado pass complete to 85-William Ackley to BUF 44 for 5 yards. Tackle by 48-Joe Hilliard.","#1 Tony Maldonado - QB","#43 Stevie Thomas - RB",,"#21 Rodrigo Taft - RB","#24 Gerald Gant - FB","#87 William Ackley - TE",,"#14 Denis Camp - WR",,,,,"#73 Daniel Williams - LT","#77 Phillip Reyes - LG","#74 Mike Miesner - C","#57 Michael Boerner - RG","#51 Craig Scalf - RT",,"#52 Calais Campbell - LDE","#56 Marcus Gray - RDE","#72 James Wilson - DT","#60 John Darden - DT","#94 Jose Jetton - RDE","#59 Joseph Wilson - SLB","#98 Ben Lopez - MLB",,"#96 Victor Honaker - WLB","#21 Robert Quinlan - CB","#48 Joe Hilliard - CB",,,,"#34 Ernest Severt - SS",,,,,,,,,,,,,,,,,,,,,,,,,,,,,,,,,,,,,
BUF,5:04,"BUF 44",2,4,1,Punt,"Punt Return",56,7,3,"4-1-BUF 44 (5:03) 8-Donald McGaughey punts 56 yards to FAY 0.4-1-BUF 44 (5:03) 8-Donald McGaughey punts 56 yards to FAY 0. Touchback.",,,,,,,,,,,,,,,,,,"#8 Donald McGaughey - P",,,,,,,,,,,,,,,,,,,"#74 Mike Miesner - C",,"#20 Michael Muir - RB",,,"#59 Joseph Wilson - SLB","#77 Richard Brooks - DT","#21 Robert Quinlan - CB",,"#34 Ernest Severt - SS","#56 Marcus Gray - RDE",,"#51 Roger Chambers - RDE",,,,"#87 William Ackley - TE","#78 Jorge Robinson - LT","#57 Michael Boerner - RG","#73 Daniel Williams - LT","#79 Daniel Campos - LT","#66 Harold Wilson - LT",,"#98 Ben Lopez - MLB","#94 Jose Jetton - RDE","#72 James Wilson - DT","#52 Calais Campbell - LDE",,,,,,,
FAY,4:54,"FAY 20",2,1,10,"I Formation Normal HB Blast","46 Normal Outside Blitz",9,7,3,"1-10-FAY 20 (4:55) 20-Michael Muir ran to FAY 29 for 9 yards. Tackle by 26-Samuel Dean. PENALTY - Facemask (BUF 26-Samuel Dean)","#8 Stephen Broomfield - QB","#20 Michael Muir - RB",,,"#39 Stephen Jobe - FB","#83 Sammy Altman - TE",,"#87 Dean Hansen - WR",,"#16 Scott Dendy - WR",,,"#73 Matthew Rogers - LT","#53 Jacob Burns - LG","#62 Bruce Johnson - C","#55 Samuel Turner - RG","#58 Mark Mosley - RT",,"#56 Carlos Reilly - LDE",,"#70 Gary Schwartz - DT","#72 John Letchworth - DT","#99 Joe Smith - RDE","#59 Warren Crawford - SLB","#98 Cory Linkous - MLB",,"#97 Anthony Kim - MLB","#47 Christopher Downs - CB","#45 Chris Hall - CB",,,,"#34 Kevin Hancock - SS","#26 Samuel Dean - FS",,,,,,,,,,,,,,,,,,,,,,,,,,,,,,,,,,,,
FAY,4:50,"FAY 44",2,1,10,"Goal Line Normal HB Pitch Weak","Goal Line 3 Deep Man",3,7,3,"1-10-FAY 44 (4:51) 49-Samuel Bowles ran to FAY 46 for 3 yards. Tackle by 97-Anthony Kim.","#8 Stephen Broomfield - QB","#49 Samuel Bowles - RB",,"#22 Russell Robinson - FB","#39 Stephen Jobe - FB","#83 Sammy Altman - TE","#81 Tommy Mayton - TE",,,,,,"#73 Matthew Rogers - LT","#53 Jacob Burns - LG","#62 Bruce Johnson - C","#55 Samuel Turner - RG","#58 Mark Mosley - RT",,"#56 Carlos Reilly - LDE","#99 Joe Smith - RDE","#70 Gary Schwartz - DT","#72 John Letchworth - DT","#62 John Croom - RDE","#59 Warren Crawford - SLB","#97 Anthony Kim - MLB",,"#53 Billy Gobin - WLB","#47 Christopher Downs - CB","#45 Chris Hall - CB",,,,"#34 Kevin Hancock - SS",,,,,,,,,,,,,,,,,,,,,,,,,,,,,,,,,,,,,
FAY,4:11,"FAY 46",2,2,7,"I Formation Power HB Sweep Weak","Goal Line 3 Deep Man",5,7,3,"2-7-FAY 46 (4:10) 20-Michael Muir ran to BUF 48 for 5 yards. Tackle by 34-Kevin Hancock.","#8 Stephen Broomfield - QB","#20 Michael Muir - RB",,"#22 Russell Robinson - FB","#39 Stephen Jobe - FB","#83 Sammy Altman - TE",,"#87 Dean Hansen - WR",,,,,"#73 Matthew Rogers - LT","#53 Jacob Burns - LG","#62 Bruce Johnson - C","#55 Samuel Turner - RG","#58 Mark Mosley - RT",,"#56 Carlos Reilly - LDE","#99 Joe Smith - RDE","#70 Gary Schwartz - DT","#72 John Letchworth - DT","#62 John Croom - RDE","#59 Warren Crawford - SLB","#97 Anthony Kim - MLB",,"#53 Billy Gobin - WLB","#47 Christopher Downs - CB","#45 Chris Hall - CB",,,,"#34 Kevin Hancock - SS",,,,,,,,,,,,,,,,,,,,,,,,,,,,,,,,,,,,,
FAY,3:34,"BUF 48",2,3,2,"I Formation 3WR WR Post","Nickel Normal Man Zone",,7,3,"3-2-BUF 48 (3:33) 8-Stephen Broomfield pass Pass knocked down by 97-Anthony Kim. incomplete, intended for 89-Ronald Stansberry.","#8 Stephen Broomfield - QB","#49 Samuel Bowles - RB",,,"#39 Stephen Jobe - FB",,,"#87 Dean Hansen - WR","#89 Ronald Stansberry - WR","#16 Scott Dendy - WR",,,"#73 Matthew Rogers - LT","#53 Jacob Burns - LG","#62 Bruce Johnson - C","#55 Samuel Turner - RG","#58 Mark Mosley - RT",,"#56 Carlos Reilly - LDE",,"#70 Gary Schwartz - DT","#72 John Letchworth - DT","#62 John Croom - RDE",,"#97 Anthony Kim - MLB",,"#53 Billy Gobin - WLB","#47 Christopher Downs - CB","#45 Chris Hall - CB",,"#33 Joseph Sheaffer - CB",,"#34 Kevin Hancock - SS","#26 Samuel Dean - FS",,,,,,,,,,,,,,,,,,,,,,,,,,,,,,,,,,,,
FAY,3:28,"BUF 48",2,4,2,Punt,"Punt Return",48,7,3,"4-2-BUF 48 (3:29) 1-David Allen punts 48 yards to BUF 0. FAY 58-Mark Mosley was injured on the play. He looks like he should be able to return.",,,,,,,,,,,,,,,,,,"#1 David Allen - P",,,,,,,,,,,,,,,,,,,"#78 Jason Jackman - RG",,"#43 Stevie Thomas - RB",,,"#98 Cory Linkous - MLB","#47 Christopher Downs - CB","#62 John Croom - RDE",,"#99 Joe Smith - RDE","#63 Jason Fernandez - DT",,"#58 Roberto Franklin - MLB",,,,"#83 Sammy Altman - TE","#72 James Wilson - DT","#53 Herbert Leeson - LT","#58 Mark Mosley - RT","#62 Bruce Johnson - C","#73 Matthew Rogers - LT",,"#34 Kevin Hancock - SS","#53 Billy Gobin - WLB","#70 Gary Schwartz - DT","#72 John Letchworth - DT",,,,,,,
BUF,3:17,"BUF 0",2,1,10,"Weak I Normal WR Corner TE Middle","4-3 Under Double Safety Blitz",2,7,3,"1-10-BUF 0 (3:18) 1-Tony Maldonado pass complete to 35-Ian Smith to BUF 2 for 2 yards. Tackle by 92-Williams Marcus.","#1 Tony Maldonado - QB","#35 Ian Smith - RB",,,"#24 Gerald Gant - FB","#87 William Ackley - TE",,"#14 Denis Camp - WR",,"#88 Joseph Moen - WR",,,"#73 Daniel Williams - LT","#77 Phillip Reyes - LG","#74 Mike Miesner - C","#57 Michael Boerner - RG","#51 Craig Scalf - RT",,"#52 Calais Campbell - LDE",,"#60 John Darden - DT","#77 Richard Brooks - DT","#51 Roger Chambers - RDE","#92 Williams Marcus - SLB","#98 Ben Lopez - MLB",,"#96 Victor Honaker - WLB","#48 Joe Hilliard - CB","#27 Christopher Lusk - FS",,,,"#34 Ernest Severt - SS","#36 Tony Gibson - FS",,,,,,,,,,,,,,,,,,,,,,,,,,,,,,,,,,,,
BUF,2:40,"BUF 2",2,2,8,"I Formation Power HB Draw","Goal Line 3 Deep Man",98,13,3,"2-8-BUF 2 (2:39) 43-Stevie Thomas ran for 98 yards. TOUCHDOWN! BUF 13 FAY 3","#1 Tony Maldonado - QB","#43 Stevie Thomas - RB",,"#21 Rodrigo Taft - RB","#24 Gerald Gant - FB","#87 William Ackley - TE",,"#14 Denis Camp - WR",,,,,"#73 Daniel Williams - LT","#77 Phillip Reyes - LG","#74 Mike Miesner - C","#57 Michael Boerner - RG","#51 Craig Scalf - RT",,"#52 Calais Campbell - LDE","#56 Marcus Gray - RDE","#72 James Wilson - DT","#60 John Darden - DT","#51 Roger Chambers - RDE","#59 Joseph Wilson - SLB","#98 Ben Lopez - MLB",,"#96 Victor Honaker - WLB","#48 Joe Hilliard - CB","#27 Christopher Lusk - FS",,,,"#34 Ernest Severt - SS",,,,,,,,,,,,,,,,,,,,,,,,,,,,,,,,,,,,,
BUF,2:23,"FAY 15",2,7,15,"Field Goal","FG Block",25,14,3,"(2:24) Extra point GOOD by 13-Wayne Dyer. BUF 14 FAY 3",,,,,,,,,,,,,,,,,,,,,,,,,,,,,,,,,,,,"#2 John Richards - QB","#74 Mike Miesner - C",,,,,,,,,,,,,,"#13 Wayne Dyer - K","#77 Phillip Reyes - LG","#87 William Ackley - TE","#78 Jorge Robinson - LT","#57 Michael Boerner - RG","#73 Daniel Williams - LT","#79 Daniel Campos - LT","#66 Harold Wilson - LT","#55 Steven Simmons - RG","#98 Ben Lopez - MLB","#94 Jose Jetton - RDE","#72 James Wilson - DT","#52 Calais Campbell - LDE","#60 John Darden - DT","#48 Joe Hilliard - CB","#51 Roger Chambers - RDE","#77 Richard Brooks - DT","#21 Robert Quinlan - CB","#59 Joseph Wilson - SLB","#56 Marcus Gray - RDE"
BUF,2:23,"BUF 35",2,6,10,Kickoff,"Kick Return",,14,3,"(2:24) 13-Wayne Dyer kicks 75 yards from BUF 35 to FAY -10. Touchback.",,,,,,,,,,,,,,,,,,,,,,,,,,,,,,,,,,,,,,"#20 Michael Muir - RB",,"#51 Roger Chambers - RDE","#56 Marcus Gray - RDE","#94 Jose Jetton - RDE","#98 Ben Lopez - MLB","#21 Robert Quinlan - CB","#77 Richard Brooks - DT","#59 Joseph Wilson - SLB","#72 James Wilson - DT","#34 Ernest Severt - SS","#52 Calais Campbell - LDE","#13 Wayne Dyer - K",,,,,,,,,,,,,,,,,,,,
FAY,2:23,"FAY 25",2,1,10,"I Formation 3WR PA Fullback Flat","Nickel 3-3-5 Cover 2 Man Under",3,14,3,"1-10-FAY 25 (2:24) 8-Stephen Broomfield pass complete to 89-Ronald Stansberry to FAY 28 for 3 yards. Tackle by 33-Joseph Sheaffer. BUF 70-Gary Schwartz was injured on the play. He looks like he should be able to return.","#8 Stephen Broomfield - QB","#20 Michael Muir - RB",,,"#39 Stephen Jobe - FB",,,"#87 Dean Hansen - WR","#89 Ronald Stansberry - WR","#16 Scott Dendy - WR",,,"#73 Matthew Rogers - LT","#53 Jacob Burns - LG","#62 Bruce Johnson - C","#55 Samuel Turner - RG","#58 Mark Mosley - RT",,"#56 Carlos Reilly - LDE",,"#70 Gary Schwartz - DT",,"#62 John Croom - RDE","#59 Warren Crawford - SLB","#97 Anthony Kim - MLB",,"#53 Billy Gobin - WLB","#47 Christopher Downs - CB","#45 Chris Hall - CB",,"#33 Joseph Sheaffer - CB",,"#34 Kevin Hancock - SS","#26 Samuel Dean - FS",,,,,,,,,,,,,,,,,,,,,,,,,,,,,,,,,,,,
,2:00,,2,2,7,,,,14,3,"Timeout for two minute warning.",,,,,,,,,,,,,,,,,,,,,,,,,,,,,,,,,,,,,,,,,,,,,,,,,,,,,,,,,,,,,,,,,,,,,,
FAY,2:00,"FAY 28",2,2,7,"Strong I Big TE Post","Goal Line 3 Deep Man",10,14,3,"2-7-FAY 28 (2:00) 8-Stephen Broomfield ran to FAY 38 for 10 yards. 8-Stephen Broomfield slides to avoid being hit.","#8 Stephen Broomfield - QB","#20 Michael Muir - RB",,,"#39 Stephen Jobe - FB","#83 Sammy Altman - TE","#81 Tommy Mayton - TE","#87 Dean Hansen - WR",,,,,"#73 Matthew Rogers - LT","#53 Jacob Burns - LG","#62 Bruce Johnson - C","#55 Samuel Turner - RG","#58 Mark Mosley - RT",,"#56 Carlos Reilly - LDE","#99 Joe Smith - RDE","#72 John Letchworth - DT","#63 Jason Fernandez - DT","#62 John Croom - RDE","#59 Warren Crawford - SLB","#97 Anthony Kim - MLB",,"#53 Billy Gobin - WLB","#47 Christopher Downs - CB","#45 Chris Hall - CB",,,,"#34 Kevin Hancock - SS",,,,,,,,,,,,,,,,,,,,,,,,,,,,,,,,,,,,,
,1:55,,2,1,10,,,,14,3,"Timeout FAY",,,,,,,,,,,,,,,,,,,,,,,,,,,,,,,,,,,,,,,,,,,,,,,,,,,,,,,,,,,,,,,,,,,,,,
FAY,1:52,"FAY 38",2,1,10,"I Formation Normal PA Fullback Flat","4-3 Under Strong Blitz Outside",6,14,3,"1-10-FAY 38 (1:53) 8-Stephen Broomfield pass complete to 83-Sammy Altman to FAY 44 for 6 yards. Tackle by 53-Billy Gobin.","#8 Stephen Broomfield - QB","#49 Samuel Bowles - RB",,,"#39 Stephen Jobe - FB","#83 Sammy Altman - TE",,"#87 Dean Hansen - WR",,"#16 Scott Dendy - WR",,,"#73 Matthew Rogers - LT","#53 Jacob Burns - LG","#62 Bruce Johnson - C","#55 Samuel Turner - RG","#58 Mark Mosley - RT",,"#56 Carlos Reilly - LDE",,"#72 John Letchworth - DT","#63 Jason Fernandez - DT","#62 John Croom - RDE","#59 Warren Crawford - SLB","#97 Anthony Kim - MLB",,"#53 Billy Gobin - WLB","#47 Christopher Downs - CB","#45 Chris Hall - CB",,,,"#34 Kevin Hancock - SS","#26 Samuel Dean - FS",,,,,,,,,,,,,,,,,,,,,,,,,,,,,,,,,,,,
,1:50,,2,2,4,,,,14,3,"Timeout FAY",,,,,,,,,,,,,,,,,,,,,,,,,,,,,,,,,,,,,,,,,,,,,,,,,,,,,,,,,,,,,,,,,,,,,,
FAY,1:47,"FAY 44",2,2,4,"I Formation 3WR Slot Corner Long","Nickel 3-3-5 Cover 2 Man Under",,14,3,"2-4-FAY 44 (1:48) 8-Stephen Broomfield pass Pass knocked down by 59-Warren Crawford. incomplete, intended for 20-Michael Muir. 97-Anthony Kim got away with a hold on that play.","#8 Stephen Broomfield - QB","#20 Michael Muir - RB",,,"#39 Stephen Jobe - FB",,,"#87 Dean Hansen - WR","#89 Ronald Stansberry - WR","#16 Scott Dendy - WR",,,"#73 Matthew Rogers - LT","#53 Jacob Burns - LG","#62 Bruce Johnson - C","#55 Samuel Turner - RG","#58 Mark Mosley - RT",,"#56 Carlos Reilly - LDE",,"#72 John Letchworth - DT",,"#62 John Croom - RDE","#59 Warren Crawford - SLB","#97 Anthony Kim - MLB",,"#53 Billy Gobin - WLB","#47 Christopher Downs - CB","#45 Chris Hall - CB",,"#33 Joseph Sheaffer - CB",,"#34 Kevin Hancock - SS","#26 Samuel Dean - FS",,,,,,,,,,,,,,,,,,,,,,,,,,,,,,,,,,,,
FAY,1:43,"FAY 44",2,3,4,"Strong I Big HB Toss Weak","Goal Line 3 Deep Man",-3,14,3,"3-4-FAY 44 (1:44) 49-Samuel Bowles ran to FAY 40 for -3 yards. Tackle by 97-Anthony Kim.","#8 Stephen Broomfield - QB","#49 Samuel Bowles - RB",,,"#39 Stephen Jobe - FB","#83 Sammy Altman - TE","#81 Tommy Mayton - TE","#87 Dean Hansen - WR",,,,,"#73 Matthew Rogers - LT","#53 Jacob Burns - LG","#62 Bruce Johnson - C","#55 Samuel Turner - RG","#58 Mark Mosley - RT",,"#56 Carlos Reilly - LDE","#99 Joe Smith - RDE","#72 John Letchworth - DT","#63 Jason Fernandez - DT","#62 John Croom - RDE","#59 Warren Crawford - SLB","#97 Anthony Kim - MLB",,"#53 Billy Gobin - WLB","#47 Christopher Downs - CB","#45 Chris Hall - CB",,,,"#34 Kevin Hancock - SS",,,,,,,,,,,,,,,,,,,,,,,,,,,,,,,,,,,,,
FAY,1:11,"FAY 40",2,4,8,Punt,"Punt Return",,14,3,"4-8-FAY 40 (1:10) 1-David Allen punts 46 yards to BUF 13. Fair Catch by 43-Stevie Thomas.",,,,,,,,,,,,,,,,,,"#1 David Allen - P",,,,,,,,,,,,,,,,,,,"#78 Jason Jackman - RG",,"#43 Stevie Thomas - RB",,,"#98 Cory Linkous - MLB","#47 Christopher Downs - CB","#62 John Croom - RDE",,"#99 Joe Smith - RDE","#63 Jason Fernandez - DT",,"#58 Roberto Franklin - MLB",,,,"#83 Sammy Altman - TE","#72 James Wilson - DT","#53 Herbert Leeson - LT","#58 Mark Mosley - RT","#62 Bruce Johnson - C","#73 Matthew Rogers - LT",,"#56 Carlos Reilly - LDE","#53 Billy Gobin - WLB","#72 John Letchworth - DT","#34 Kevin Hancock - SS",,,,,,,
BUF,1:02,"BUF 13",2,1,10,"Split Backs 3 Wide Dive Left","Nickel Normal Man Cover 2",14,14,3,"1-10-BUF 13 (1:03) 24-Gerald Gant ran to BUF 27 for 14 yards. Tackle by 34-Ernest Severt.","#1 Tony Maldonado - QB","#35 Ian Smith - RB",,,"#24 Gerald Gant - FB",,,"#14 Denis Camp - WR","#18 David Rutledge - WR","#88 Joseph Moen - WR",,,"#73 Daniel Williams - LT","#77 Phillip Reyes - LG","#74 Mike Miesner - C","#57 Michael Boerner - RG","#51 Craig Scalf - RT",,"#52 Calais Campbell - LDE",,"#72 James Wilson - DT","#60 John Darden - DT","#94 Jose Jetton - RDE",,"#98 Ben Lopez - MLB",,"#96 Victor Honaker - WLB","#21 Robert Quinlan - CB","#48 Joe Hilliard - CB",,"#27 Christopher Lusk - FS",,"#34 Ernest Severt - SS","#36 Tony Gibson - FS",,,,,,,,,,,,,,,,,,,,,,,,,,,,,,,,,,,,
BUF,0:25,"BUF 27",2,1,10,"Goal Line Normal HB Off Tackle","Goal Line Attack #2",-1,14,3,"1-10-BUF 27 (0:24) 43-Stevie Thomas ran to BUF 27 for -1 yards. Tackle by 52-Calais Campbell.","#1 Tony Maldonado - QB","#43 Stevie Thomas - RB",,"#35 Ian Smith - RB","#21 Rodrigo Taft - RB","#87 William Ackley - TE","#80 Christopher Garcia - TE",,,,,,"#73 Daniel Williams - LT","#77 Phillip Reyes - LG","#74 Mike Miesner - C","#57 Michael Boerner - RG","#51 Craig Scalf - RT",,"#52 Calais Campbell - LDE","#56 Marcus Gray - RDE","#72 James Wilson - DT","#60 John Darden - DT","#94 Jose Jetton - RDE","#59 Joseph Wilson - SLB","#98 Ben Lopez - MLB",,"#96 Victor Honaker - WLB","#21 Robert Quinlan - CB","#48 Joe Hilliard - CB",,,,"#34 Ernest Severt - SS",,,,,,,,,,,,,,,,,,,,,,,,,,,,,,,,,,,,,
,0:00,,2,2,11,,,,14,3,"End of half.",,,,,,,,,,,,,,,,,,,,,,,,,,,,,,,,,,,,,,,,,,,,,,,,,,,,,,,,,,,,,,,,,,,,,,
BUF,15:00,"BUF 35",3,6,10,Kickoff,"Kick Return",,14,9,"(15:00) 13-Wayne Dyer kicks 66 yards from BUF 35 to FAY -1. 20-Michael Muir for 102yards. TOUCHDOWN! BUF 14 FAY 9",,,,,,,,,,,,,,,,,,,,,,,,,,,,,,,,,,,,,,"#20 Michael Muir - RB",,"#77 Richard Brooks - DT","#98 Ben Lopez - MLB","#94 Jose Jetton - RDE","#34 Ernest Severt - SS","#21 Robert Quinlan - CB","#56 Marcus Gray - RDE","#59 Joseph Wilson - SLB","#72 James Wilson - DT","#51 Roger Chambers - RDE","#52 Calais Campbell - LDE","#13 Wayne Dyer - K",,,,,,,,,,,,,,,,,,,,
FAY,14:44,"BUF 15",3,7,15,"Field Goal","FG Block",26,14,10,"(14:45) Extra point GOOD by 4-John Speth. BUF 14 FAY 10",,,,,,,,,,,,,,,,,,,,,,,,,,,,,,,,,,,,"#8 Stephen Broomfield - QB","#78 Jason Jackman - RG",,,,,,,,,,,,,,"#4 John Speth - K","#52 Calais Campbell - LDE","#83 Sammy Altman - TE","#72 James Wilson - DT","#53 Herbert Leeson - LT","#58 Mark Mosley - RT","#62 Bruce Johnson - C","#73 Matthew Rogers - LT","#53 Jacob Burns - LG","#34 Kevin Hancock - SS","#53 Billy Gobin - WLB","#62 John Croom - RDE","#70 Gary Schwartz - DT","#91 Daniel Morris - RDE","#47 Christopher Downs - CB","#72 John Letchworth - DT","#99 Joe Smith - RDE","#56 Carlos Reilly - LDE","#97 Anthony Kim - MLB","#63 Jason Fernandez - DT"
FAY,14:44,"FAY 35",3,6,10,Kickoff,"Kick Return",,14,10,"(14:45) 4-John Speth kicks 65 yards from FAY 35 to BUF 0. 43-Stevie Thomas to BUF 36 for 36 yards. Tackle by 77-Richard Brooks.",,,,,,,,,,,,,,,,,,,,,,,,,,,,,,,,,,,,,,"#43 Stevie Thomas - RB",,"#69 William Hudson - SS","#63 Jason Fernandez - DT","#53 Billy Gobin - WLB","#58 Roberto Franklin - MLB","#62 John Croom - RDE","#26 Samuel Dean - FS","#98 Cory Linkous - MLB","#70 Gary Schwartz - DT","#47 Christopher Downs - CB","#99 Joe Smith - RDE","#4 John Speth - K",,,,,,,,,,,,,,,,,,,,
BUF,14:38,"BUF 36",3,1,10,"I Formation Power Play Action HB Downfield","Goal Line Attack #1",12,14,10,"1-10-BUF 36 (14:39) 1-Tony Maldonado pass complete to 14-Denis Camp to BUF 47 for 12 yards. Tackle by 21-Robert Quinlan.","#1 Tony Maldonado - QB","#35 Ian Smith - RB",,"#21 Rodrigo Taft - RB","#24 Gerald Gant - FB","#87 William Ackley - TE",,"#14 Denis Camp - WR",,,,,"#73 Daniel Williams - LT","#77 Phillip Reyes - LG","#74 Mike Miesner - C","#57 Michael Boerner - RG","#51 Craig Scalf - RT",,"#52 Calais Campbell - LDE","#56 Marcus Gray - RDE","#72 James Wilson - DT","#60 John Darden - DT","#94 Jose Jetton - RDE","#59 Joseph Wilson - SLB","#98 Ben Lopez - MLB",,"#96 Victor Honaker - WLB","#21 Robert Quinlan - CB","#48 Joe Hilliard - CB",,,,"#34 Ernest Severt - SS",,,,,,,,,,,,,,,,,,,,,,,,,,,,,,,,,,,,,
BUF,14:04,"BUF 47",3,1,10,"Goal Line Normal PA TE Drag","Goal Line 3 Deep Man",7,14,10,"1-10-BUF 47 (14:03) 1-Tony Maldonado pass complete to 24-Gerald Gant to FAY 46 for 7 yards. Tackle by 59-Joseph Wilson. 24-Gerald Gant made a great move on the CB.","#1 Tony Maldonado - QB","#21 Rodrigo Taft - RB",,"#43 Stevie Thomas - RB","#24 Gerald Gant - FB","#87 William Ackley - TE","#80 Christopher Garcia - TE",,,,,,"#73 Daniel Williams - LT","#77 Phillip Reyes - LG","#74 Mike Miesner - C","#57 Michael Boerner - RG","#51 Craig Scalf - RT",,"#52 Calais Campbell - LDE","#56 Marcus Gray - RDE","#72 James Wilson - DT","#60 John Darden - DT","#94 Jose Jetton - RDE","#59 Joseph Wilson - SLB","#98 Ben Lopez - MLB",,"#96 Victor Honaker - WLB","#21 Robert Quinlan - CB","#48 Joe Hilliard - CB",,,,"#34 Ernest Severt - SS",,,,,,,,,,,,,,,,,,,,,,,,,,,,,,,,,,,,,
BUF,13:26,"FAY 46",3,2,3,"I Formation Normal Max Protect","46 Heavy 2 Deep Man Under",4,14,10,"2-3-FAY 46 (13:25) 1-Tony Maldonado ran to FAY 42 for 4 yards. Tackle by 59-Joseph Wilson.","#1 Tony Maldonado - QB","#35 Ian Smith - RB",,,"#21 Rodrigo Taft - RB","#87 William Ackley - TE",,"#14 Denis Camp - WR",,"#88 Joseph Moen - WR",,,"#73 Daniel Williams - LT","#77 Phillip Reyes - LG","#74 Mike Miesner - C","#57 Michael Boerner - RG","#51 Craig Scalf - RT",,"#52 Calais Campbell - LDE",,"#72 James Wilson - DT","#60 John Darden - DT","#94 Jose Jetton - RDE","#59 Joseph Wilson - SLB","#98 Ben Lopez - MLB",,"#96 Victor Honaker - WLB","#21 Robert Quinlan - CB","#48 Joe Hilliard - CB",,,,"#34 Ernest Severt - SS","#36 Tony Gibson - FS",,,,,,,,,,,,,,,,,,,,,,,,,,,,,,,,,,,,
BUF,12:49,"FAY 42",3,1,10,"I Formation Normal PA Fullback Flat","46 Heavy 2 Deep Man Under",,14,10,"1-10-FAY 42 (12:48) 1-Tony Maldonado pass Pass knocked down by 98-Ben Lopez. incomplete, intended for 85-William Ackley.","#1 Tony Maldonado - QB","#21 Rodrigo Taft - RB",,,"#24 Gerald Gant - FB","#87 William Ackley - TE",,"#88 Joseph Moen - WR",,"#18 David Rutledge - WR",,,"#73 Daniel Williams - LT","#77 Phillip Reyes - LG","#74 Mike Miesner - C","#57 Michael Boerner - RG","#51 Craig Scalf - RT",,"#52 Calais Campbell - LDE",,"#72 James Wilson - DT","#60 John Darden - DT","#94 Jose Jetton - RDE","#59 Joseph Wilson - SLB","#98 Ben Lopez - MLB",,"#96 Victor Honaker - WLB","#21 Robert Quinlan - CB","#48 Joe Hilliard - CB",,,,"#34 Ernest Severt - SS","#36 Tony Gibson - FS",,,,,,,,,,,,,,,,,,,,,,,,,,,,,,,,,,,,
BUF,12:45,"FAY 42",3,2,10,"Goal Line Normal HB Weak","Goal Line 3 Deep Man",,14,10,"2-10-FAY 42 (12:46) 43-Stevie Thomas ran to FAY 42 for a short gain. Tackle by 48-Joe Hilliard.","#1 Tony Maldonado - QB","#43 Stevie Thomas - RB",,"#24 Gerald Gant - FB","#21 Rodrigo Taft - RB","#87 William Ackley - TE","#80 Christopher Garcia - TE",,,,,,"#73 Daniel Williams - LT","#77 Phillip Reyes - LG","#74 Mike Miesner - C","#57 Michael Boerner - RG","#51 Craig Scalf - RT",,"#52 Calais Campbell - LDE","#56 Marcus Gray - RDE","#72 James Wilson - DT","#60 John Darden - DT","#94 Jose Jetton - RDE","#59 Joseph Wilson - SLB","#98 Ben Lopez - MLB",,"#96 Victor Honaker - WLB","#21 Robert Quinlan - CB","#48 Joe Hilliard - CB",,,,"#34 Ernest Severt - SS",,,,,,,,,,,,,,,,,,,,,,,,,,,,,,,,,,,,,
BUF,12:06,"FAY 42",3,3,10,"I Formation Normal FL Hook","46 Heavy 2 Deep Man Under",,14,10,"3-10-FAY 42 (12:05) 1-Tony Maldonado pass INTERCEPTED by 21-Robert Quinlan at FAY 42. 21-Robert Quinlan to FAY 42 for 0 yards. Tackle by 24-Gerald Gant.","#1 Tony Maldonado - QB","#35 Ian Smith - RB",,,"#24 Gerald Gant - FB","#87 William Ackley - TE",,"#14 Denis Camp - WR",,"#88 Joseph Moen - WR",,,"#73 Daniel Williams - LT","#77 Phillip Reyes - LG","#74 Mike Miesner - C","#57 Michael Boerner - RG","#51 Craig Scalf - RT",,"#52 Calais Campbell - LDE",,"#72 James Wilson - DT","#60 John Darden - DT","#94 Jose Jetton - RDE","#59 Joseph Wilson - SLB","#98 Ben Lopez - MLB",,"#96 Victor Honaker - WLB","#21 Robert Quinlan - CB","#48 Joe Hilliard - CB",,,,"#34 Ernest Severt - SS","#36 Tony Gibson - FS",,,,,,,,,,,,,,,,,,,,,,,,,,,,,,,,,,,,
FAY,12:01,"FAY 42",3,1,10,"I Formation Normal PA Fullback Flat","3-4 Normal Man Cover 1",11,14,10,"1-10-FAY 42 (12:02) 8-Stephen Broomfield pass complete to 16-Scott Dendy to BUF 46 for 11 yards. Tackle by 45-Chris Hall.","#8 Stephen Broomfield - QB","#20 Michael Muir - RB",,,"#39 Stephen Jobe - FB","#83 Sammy Altman - TE",,"#87 Dean Hansen - WR",,"#16 Scott Dendy - WR",,,"#73 Matthew Rogers - LT","#53 Jacob Burns - LG","#62 Bruce Johnson - C","#55 Samuel Turner - RG","#58 Mark Mosley - RT",,"#56 Carlos Reilly - LDE",,"#70 Gary Schwartz - DT",,"#62 John Croom - RDE","#59 Warren Crawford - SLB","#97 Anthony Kim - MLB","#98 Cory Linkous - MLB","#53 Billy Gobin - WLB","#47 Christopher Downs - CB","#45 Chris Hall - CB",,,,"#34 Kevin Hancock - SS","#26 Samuel Dean - FS",,,,,,,,,,,,,,,,,,,,,,,,,,,,,,,,,,,,
FAY,11:18,"BUF 46",3,1,10,"I Formation 3WR HB Toss Strong","Nickel Normal Man Zone",-5,14,10,"1-10-BUF 46 (11:17) 20-Michael Muir ran to FAY 49 for -5 yards. Tackle by 56-Carlos Reilly.","#8 Stephen Broomfield - QB","#20 Michael Muir - RB",,,"#39 Stephen Jobe - FB",,,"#87 Dean Hansen - WR","#89 Ronald Stansberry - WR","#16 Scott Dendy - WR",,,"#73 Matthew Rogers - LT","#53 Jacob Burns - LG","#62 Bruce Johnson - C","#55 Samuel Turner - RG","#58 Mark Mosley - RT",,"#56 Carlos Reilly - LDE",,"#70 Gary Schwartz - DT","#72 John Letchworth - DT","#62 John Croom - RDE",,"#97 Anthony Kim - MLB",,"#53 Billy Gobin - WLB","#47 Christopher Downs - CB","#45 Chris Hall - CB",,"#33 Joseph Sheaffer - CB",,"#34 Kevin Hancock - SS","#26 Samuel Dean - FS",,,,,,,,,,,,,,,,,,,,,,,,,,,,,,,,,,,,
FAY,10:40,"FAY 49",3,2,15,"I Formation 3WR Slot Corner Long","Nickel 3-3-5 Cover 2 Man Under",7,14,10,"2-15-FAY 49 (10:39) 8-Stephen Broomfield pass complete to 87-Dean Hansen to BUF 44 for 7 yards. Tackle by 47-Christopher Downs. PENALTY - Pass Interference (BUF 47-Christopher Downs)","#8 Stephen Broomfield - QB","#20 Michael Muir - RB",,,"#39 Stephen Jobe - FB",,,"#87 Dean Hansen - WR","#89 Ronald Stansberry - WR","#16 Scott Dendy - WR",,,"#73 Matthew Rogers - LT","#53 Jacob Burns - LG","#62 Bruce Johnson - C","#55 Samuel Turner - RG","#58 Mark Mosley - RT",,"#56 Carlos Reilly - LDE",,"#70 Gary Schwartz - DT",,"#62 John Croom - RDE","#59 Warren Crawford - SLB","#97 Anthony Kim - MLB",,"#53 Billy Gobin - WLB","#47 Christopher Downs - CB","#45 Chris Hall - CB",,"#33 Joseph Sheaffer - CB",,"#34 Kevin Hancock - SS","#26 Samuel Dean - FS",,,,,,,,,,,,,,,,,,,,,,,,,,,,,,,,,,,,
FAY,10:35,"BUF 44",3,1,10,"Goal Line Normal HB Toss Strong","Goal Line 3 Deep Man",20,14,10,"1-10-BUF 44 (10:36) 49-Samuel Bowles ran to BUF 24 for 20 yards. Tackle by 34-Kevin Hancock.","#8 Stephen Broomfield - QB","#49 Samuel Bowles - RB",,"#22 Russell Robinson - FB","#39 Stephen Jobe - FB","#83 Sammy Altman - TE","#81 Tommy Mayton - TE",,,,,,"#73 Matthew Rogers - LT","#53 Jacob Burns - LG","#62 Bruce Johnson - C","#55 Samuel Turner - RG","#58 Mark Mosley - RT",,"#56 Carlos Reilly - LDE","#99 Joe Smith - RDE","#70 Gary Schwartz - DT","#72 John Letchworth - DT","#62 John Croom - RDE","#59 Warren Crawford - SLB","#97 Anthony Kim - MLB",,"#53 Billy Gobin - WLB","#47 Christopher Downs - CB","#45 Chris Hall - CB",,,,"#34 Kevin Hancock - SS",,,,,,,,,,,,,,,,,,,,,,,,,,,,,,,,,,,,,
FAY,9:50,"BUF 24",3,1,10,"Weak I Normal WR Corner TE Middle","3-4 Normal Man QB Spy",-8,14,10,"1-10-BUF 24 (9:49) 8-Stephen Broomfield sacked at BUF 32 for -8 yards (56-Carlos Reilly). Sack allowed by 58-Mark Mosley.","#8 Stephen Broomfield - QB","#20 Michael Muir - RB",,,"#39 Stephen Jobe - FB","#83 Sammy Altman - TE",,"#87 Dean Hansen - WR",,"#16 Scott Dendy - WR",,,"#73 Matthew Rogers - LT","#53 Jacob Burns - LG","#62 Bruce Johnson - C","#55 Samuel Turner - RG","#58 Mark Mosley - RT",,"#56 Carlos Reilly - LDE",,"#70 Gary Schwartz - DT",,"#62 John Croom - RDE","#59 Warren Crawford - SLB","#97 Anthony Kim - MLB","#98 Cory Linkous - MLB","#53 Billy Gobin - WLB","#47 Christopher Downs - CB","#45 Chris Hall - CB",,,,"#34 Kevin Hancock - SS","#26 Samuel Dean - FS",,,,,,,,,,,,,,,,,,,,,,,,,,,,,,,,,,,,
FAY,9:17,"BUF 32",3,2,18,"I Formation 3WR PA Fullback Flat","Nickel Normal Man Zone",,14,10,"2-18-BUF 32 (9:16) 8-Stephen Broomfield pass complete to 39-Stephen Jobe to BUF 32 for a short gain. Tackle by 97-Anthony Kim.","#8 Stephen Broomfield - QB","#20 Michael Muir - RB",,,"#39 Stephen Jobe - FB",,,"#87 Dean Hansen - WR","#89 Ronald Stansberry - WR","#16 Scott Dendy - WR",,,"#73 Matthew Rogers - LT","#53 Jacob Burns - LG","#62 Bruce Johnson - C","#55 Samuel Turner - RG","#58 Mark Mosley - RT",,"#56 Carlos Reilly - LDE",,"#70 Gary Schwartz - DT","#72 John Letchworth - DT","#62 John Croom - RDE",,"#97 Anthony Kim - MLB",,"#53 Billy Gobin - WLB","#47 Christopher Downs - CB","#45 Chris Hall - CB",,"#33 Joseph Sheaffer - CB",,"#34 Kevin Hancock - SS","#26 Samuel Dean - FS",,,,,,,,,,,,,,,,,,,,,,,,,,,,,,,,,,,,
FAY,8:32,"BUF 32",3,3,18,"I Formation 3WR Slot Short WR Deep","Nickel 3-3-5 Cover 2 Man Under",,14,10,"3-18-BUF 32 (8:31) 8-Stephen Broomfield pass Pass knocked down by 47-Christopher Downs. incomplete, intended for 87-Dean Hansen.","#8 Stephen Broomfield - QB","#49 Samuel Bowles - RB",,,"#39 Stephen Jobe - FB",,,"#87 Dean Hansen - WR","#89 Ronald Stansberry - WR","#16 Scott Dendy - WR",,,"#73 Matthew Rogers - LT","#53 Jacob Burns - LG","#62 Bruce Johnson - C","#55 Samuel Turner - RG","#58 Mark Mosley - RT",,"#56 Carlos Reilly - LDE",,"#70 Gary Schwartz - DT",,"#62 John Croom - RDE","#59 Warren Crawford - SLB","#97 Anthony Kim - MLB",,"#53 Billy Gobin - WLB","#47 Christopher Downs - CB","#45 Chris Hall - CB",,"#33 Joseph Sheaffer - CB",,"#34 Kevin Hancock - SS","#26 Samuel Dean - FS",,,,,,,,,,,,,,,,,,,,,,,,,,,,,,,,,,,,
FAY,8:26,"BUF 32",3,4,18,"Field Goal","FG Block",42,14,10,"4-18-BUF 32 (8:27) 4-John Speth 49 yard field goal is NO GOOD. (Wide Right)",,,,,,,,,,,,,,,,,,,,,,,,,,,,,,,,,,,,"#8 Stephen Broomfield - QB","#78 Jason Jackman - RG",,,,,,,,,,,,,,"#4 John Speth - K","#52 Calais Campbell - LDE","#83 Sammy Altman - TE","#72 James Wilson - DT","#53 Herbert Leeson - LT","#58 Mark Mosley - RT","#62 Bruce Johnson - C","#73 Matthew Rogers - LT","#53 Jacob Burns - LG","#72 John Letchworth - DT","#53 Billy Gobin - WLB","#62 John Croom - RDE","#70 Gary Schwartz - DT","#91 Daniel Morris - RDE","#97 Anthony Kim - MLB","#47 Christopher Downs - CB","#56 Carlos Reilly - LDE","#34 Kevin Hancock - SS","#63 Jason Fernandez - DT","#99 Joe Smith - RDE"
BUF,8:22,"BUF 39",3,1,10,"I Formation Power HB Strong Outside","Goal Line Attack #1",1,14,10,"1-10-BUF 39 (8:23) 35-Ian Smith ran to BUF 39 for 1 yards. Tackle by 90-Jose Jetton.","#1 Tony Maldonado - QB","#35 Ian Smith - RB",,"#43 Stevie Thomas - RB","#24 Gerald Gant - FB","#87 William Ackley - TE",,"#14 Denis Camp - WR",,,,,"#73 Daniel Williams - LT","#77 Phillip Reyes - LG","#74 Mike Miesner - C","#57 Michael Boerner - RG","#51 Craig Scalf - RT",,"#52 Calais Campbell - LDE","#56 Marcus Gray - RDE","#72 James Wilson - DT","#60 John Darden - DT","#94 Jose Jetton - RDE","#59 Joseph Wilson - SLB","#98 Ben Lopez - MLB",,"#96 Victor Honaker - WLB","#21 Robert Quinlan - CB","#48 Joe Hilliard - CB",,,,"#34 Ernest Severt - SS",,,,,,,,,,,,,,,,,,,,,,,,,,,,,,,,,,,,,
BUF,7:49,"BUF 39",3,2,9,"Goal Line Normal PA TE Drag","Goal Line 3 Deep Man",5,14,10,"2-9-BUF 39 (7:48) 1-Tony Maldonado pass complete to 24-Gerald Gant to BUF 45 for 5 yards. Tackle by 90-Jose Jetton.","#1 Tony Maldonado - QB","#43 Stevie Thomas - RB",,"#21 Rodrigo Taft - RB","#24 Gerald Gant - FB","#87 William Ackley - TE","#80 Christopher Garcia - TE",,,,,,"#73 Daniel Williams - LT","#77 Phillip Reyes - LG","#74 Mike Miesner - C","#57 Michael Boerner - RG","#51 Craig Scalf - RT",,"#52 Calais Campbell - LDE","#56 Marcus Gray - RDE","#72 James Wilson - DT","#60 John Darden - DT","#94 Jose Jetton - RDE","#59 Joseph Wilson - SLB","#98 Ben Lopez - MLB",,"#96 Victor Honaker - WLB","#21 Robert Quinlan - CB","#48 Joe Hilliard - CB",,,,"#34 Ernest Severt - SS",,,,,,,,,,,,,,,,,,,,,,,,,,,,,,,,,,,,,
BUF,7:03,"BUF 45",3,3,4,"Split Backs 3 Wide Dive Left","Nickel Normal 2 Deep",,14,10,"3-4-BUF 45 (7:02) 43-Stevie Thomas ran to BUF 45 for a short gain. Tackle by 60-John Darden. 74-Mike Miesner completely missed his blocking assignment.","#1 Tony Maldonado - QB","#35 Ian Smith - RB",,,"#43 Stevie Thomas - RB",,,"#14 Denis Camp - WR","#18 David Rutledge - WR","#88 Joseph Moen - WR",,,"#73 Daniel Williams - LT","#77 Phillip Reyes - LG","#74 Mike Miesner - C","#57 Michael Boerner - RG","#51 Craig Scalf - RT",,"#52 Calais Campbell - LDE",,"#72 James Wilson - DT","#60 John Darden - DT","#94 Jose Jetton - RDE",,"#98 Ben Lopez - MLB",,"#96 Victor Honaker - WLB","#21 Robert Quinlan - CB","#48 Joe Hilliard - CB",,"#27 Christopher Lusk - FS",,"#34 Ernest Severt - SS","#36 Tony Gibson - FS",,,,,,,,,,,,,,,,,,,,,,,,,,,,,,,,,,,,
BUF,6:24,"BUF 45",3,4,3,Punt,"Punt Return",,14,10,"4-3-BUF 45 (6:23) 8-Donald McGaughey punts 48 yards to FAY 7. Fair Catch by 20-Michael Muir.",,,,,,,,,,,,,,,,,,"#8 Donald McGaughey - P",,,,,,,,,,,,,,,,,,,"#74 Mike Miesner - C",,"#20 Michael Muir - RB",,,"#59 Joseph Wilson - SLB","#77 Richard Brooks - DT","#21 Robert Quinlan - CB",,"#52 Calais Campbell - LDE","#34 Ernest Severt - SS",,"#56 Marcus Gray - RDE",,,,"#87 William Ackley - TE","#78 Jorge Robinson - LT","#57 Michael Boerner - RG","#73 Daniel Williams - LT","#79 Daniel Campos - LT","#66 Harold Wilson - LT",,"#51 Roger Chambers - RDE","#94 Jose Jetton - RDE","#72 James Wilson - DT","#98 Ben Lopez - MLB",,,,,,,
FAY,6:15,"FAY 7",3,1,10,"Goal Line Normal HB Off Tackle","Goal Line Attack #3",,14,10,"1-10-FAY 7 (6:16) 49-Samuel Bowles ran to FAY 7 for a short gain. Tackle by 59-Warren Crawford.","#8 Stephen Broomfield - QB","#49 Samuel Bowles - RB",,"#22 Russell Robinson - FB","#39 Stephen Jobe - FB","#83 Sammy Altman - TE","#81 Tommy Mayton - TE",,,,,,"#73 Matthew Rogers - LT","#53 Jacob Burns - LG","#62 Bruce Johnson - C","#55 Samuel Turner - RG","#58 Mark Mosley - RT",,"#56 Carlos Reilly - LDE","#99 Joe Smith - RDE","#70 Gary Schwartz - DT","#72 John Letchworth - DT","#62 John Croom - RDE","#59 Warren Crawford - SLB","#97 Anthony Kim - MLB",,"#53 Billy Gobin - WLB","#47 Christopher Downs - CB","#45 Chris Hall - CB",,,,"#34 Kevin Hancock - SS",,,,,,,,,,,,,,,,,,,,,,,,,,,,,,,,,,,,,
FAY,5:35,"FAY 7",3,2,10,"I Formation Normal HB Draw","4-3 Under Strong Blitz Outside",10,14,10,"2-10-FAY 7 (5:34) 20-Michael Muir ran to FAY 17 for 10 yards. Tackle by 26-Samuel Dean.","#8 Stephen Broomfield - QB","#20 Michael Muir - RB",,,"#39 Stephen Jobe - FB","#83 Sammy Altman - TE",,"#87 Dean Hansen - WR",,"#16 Scott Dendy - WR",,,"#73 Matthew Rogers - LT","#53 Jacob Burns - LG","#62 Bruce Johnson - C","#55 Samuel Turner - RG","#58 Mark Mosley - RT",,"#56 Carlos Reilly - LDE",,"#70 Gary Schwartz - DT","#72 John Letchworth - DT","#62 John Croom - RDE","#59 Warren Crawford - SLB","#97 Anthony Kim - MLB",,"#53 Billy Gobin - WLB","#47 Christopher Downs - CB","#45 Chris Hall - CB",,,,"#34 Kevin Hancock - SS","#26 Samuel Dean - FS",,,,,,,,,,,,,,,,,,,,,,,,,,,,,,,,,,,,
FAY,5:00,"FAY 17",3,3,,"Goal Line Normal HB Pitch Weak","Goal Line 3 Deep Man",4,14,10,"3-1-FAY 17 (4:59) 49-Samuel Bowles ran to FAY 21 for 4 yards. Tackle by 45-Chris Hall.","#8 Stephen Broomfield - QB","#49 Samuel Bowles - RB",,"#22 Russell Robinson - FB","#39 Stephen Jobe - FB","#83 Sammy Altman - TE","#81 Tommy Mayton - TE",,,,,,"#73 Matthew Rogers - LT","#53 Jacob Burns - LG","#62 Bruce Johnson - C","#55 Samuel Turner - RG","#58 Mark Mosley - RT",,"#56 Carlos Reilly - LDE","#99 Joe Smith - RDE","#70 Gary Schwartz - DT","#72 John Letchworth - DT","#62 John Croom - RDE","#59 Warren Crawford - SLB","#97 Anthony Kim - MLB",,"#53 Billy Gobin - WLB","#47 Christopher Downs - CB","#45 Chris Hall - CB",,,,"#34 Kevin Hancock - SS",,,,,,,,,,,,,,,,,,,,,,,,,,,,,,,,,,,,,
FAY,4:17,"FAY 21",3,1,10,"Strong I Big HB Toss Weak","Goal Line Attack #3",-0,14,10,"1-10-FAY 21 (4:16) 20-Michael Muir ran to FAY 20 for a short loss. Tackle by 72-John Letchworth.","#8 Stephen Broomfield - QB","#20 Michael Muir - RB",,,"#39 Stephen Jobe - FB","#83 Sammy Altman - TE","#81 Tommy Mayton - TE","#87 Dean Hansen - WR",,,,,"#73 Matthew Rogers - LT","#53 Jacob Burns - LG","#62 Bruce Johnson - C","#55 Samuel Turner - RG","#58 Mark Mosley - RT",,"#56 Carlos Reilly - LDE","#99 Joe Smith - RDE","#70 Gary Schwartz - DT","#72 John Letchworth - DT","#62 John Croom - RDE","#59 Warren Crawford - SLB","#97 Anthony Kim - MLB",,"#53 Billy Gobin - WLB","#47 Christopher Downs - CB","#45 Chris Hall - CB",,,,"#34 Kevin Hancock - SS",,,,,,,,,,,,,,,,,,,,,,,,,,,,,,,,,,,,,
FAY,3:38,"FAY 20",3,2,10,"I Formation 3WR HB Inside Strong","Nickel 3-3-5 Cover 2 Man Under",2,14,10,"2-10-FAY 20 (3:37) 20-Michael Muir ran to FAY 23 for 2 yards. Tackle by 33-Joseph Sheaffer.","#8 Stephen Broomfield - QB","#20 Michael Muir - RB",,,"#39 Stephen Jobe - FB",,,"#87 Dean Hansen - WR","#89 Ronald Stansberry - WR","#16 Scott Dendy - WR",,,"#73 Matthew Rogers - LT","#53 Jacob Burns - LG","#62 Bruce Johnson - C","#55 Samuel Turner - RG","#58 Mark Mosley - RT",,"#56 Carlos Reilly - LDE",,"#70 Gary Schwartz - DT",,"#62 John Croom - RDE","#59 Warren Crawford - SLB","#97 Anthony Kim - MLB",,"#53 Billy Gobin - WLB","#47 Christopher Downs - CB","#45 Chris Hall - CB",,"#33 Joseph Sheaffer - CB",,"#34 Kevin Hancock - SS","#26 Samuel Dean - FS",,,,,,,,,,,,,,,,,,,,,,,,,,,,,,,,,,,,
FAY,2:58,"FAY 23",3,3,8,"I Formation Normal PA Outside Curls","3-4 Normal 2 Deep Man",,14,10,"3-8-FAY 23 (2:57) 8-Stephen Broomfield pass incomplete, intended for 87-Dean Hansen. Pressure by 62-John Croom. BUF 62-John Croom was injured on the play. He looks like he should be able to return.","#8 Stephen Broomfield - QB","#20 Michael Muir - RB",,,"#39 Stephen Jobe - FB","#83 Sammy Altman - TE",,"#87 Dean Hansen - WR",,"#16 Scott Dendy - WR",,,"#73 Matthew Rogers - LT","#53 Jacob Burns - LG","#62 Bruce Johnson - C","#55 Samuel Turner - RG","#58 Mark Mosley - RT",,"#56 Carlos Reilly - LDE",,"#70 Gary Schwartz - DT",,"#62 John Croom - RDE","#59 Warren Crawford - SLB","#97 Anthony Kim - MLB","#98 Cory Linkous - MLB","#53 Billy Gobin - WLB","#47 Christopher Downs - CB","#45 Chris Hall - CB",,,,"#34 Kevin Hancock - SS","#26 Samuel Dean - FS",,,,,,,,,,,,,,,,,,,,,,,,,,,,,,,,,,,,
FAY,2:52,"FAY 23",3,4,8,Punt,"Punt Return",,14,10,"4-8-FAY 23 (2:53) 1-David Allen punts 44 yards to BUF 33. Fair Catch by 43-Stevie Thomas.",,,,,,,,,,,,,,,,,,"#1 David Allen - P",,,,,,,,,,,,,,,,,,,"#78 Jason Jackman - RG",,"#43 Stevie Thomas - RB",,,"#70 Gary Schwartz - DT","#47 Christopher Downs - CB","#98 Cory Linkous - MLB",,"#99 Joe Smith - RDE","#63 Jason Fernandez - DT",,"#58 Roberto Franklin - MLB",,,,"#83 Sammy Altman - TE","#72 James Wilson - DT","#53 Herbert Leeson - LT","#58 Mark Mosley - RT","#62 Bruce Johnson - C","#73 Matthew Rogers - LT",,"#56 Carlos Reilly - LDE","#53 Billy Gobin - WLB","#72 John Letchworth - DT","#34 Kevin Hancock - SS",,,,,,,
BUF,2:46,"BUF 33",3,1,10,"I Formation Power Play Action HB Downfield","Goal Line 3 Deep Man",3,14,10,"1-10-BUF 33 (2:47) 1-Tony Maldonado pass complete to 85-William Ackley to BUF 36 for 3 yards. Tackle by 48-Joe Hilliard.","#1 Tony Maldonado - QB","#35 Ian Smith - RB",,"#21 Rodrigo Taft - RB","#24 Gerald Gant - FB","#87 William Ackley - TE",,"#14 Denis Camp - WR",,,,,"#73 Daniel Williams - LT","#77 Phillip Reyes - LG","#74 Mike Miesner - C","#57 Michael Boerner - RG","#51 Craig Scalf - RT",,"#52 Calais Campbell - LDE","#56 Marcus Gray - RDE","#72 James Wilson - DT","#60 John Darden - DT","#94 Jose Jetton - RDE","#59 Joseph Wilson - SLB","#98 Ben Lopez - MLB",,"#96 Victor Honaker - WLB","#21 Robert Quinlan - CB","#48 Joe Hilliard - CB",,,,"#34 Ernest Severt - SS",,,,,,,,,,,,,,,,,,,,,,,,,,,,,,,,,,,,,
BUF,2:13,"BUF 36",3,2,7,"Shotgun 2 RB 3 WR WR Hooks","Nickel Normal 2 Deep",9,14,10,"2-7-BUF 36 (2:12) 1-Tony Maldonado pass complete to 18-David Rutledge to BUF 45 for 9 yards. Tackle by 33-Christopher Lusk.","#1 Tony Maldonado - QB","#43 Stevie Thomas - RB","#21 Rodrigo Taft - RB",,,,,"#14 Denis Camp - WR","#18 David Rutledge - WR","#88 Joseph Moen - WR",,,"#73 Daniel Williams - LT","#77 Phillip Reyes - LG","#74 Mike Miesner - C","#57 Michael Boerner - RG","#51 Craig Scalf - RT",,"#52 Calais Campbell - LDE",,"#72 James Wilson - DT","#60 John Darden - DT","#94 Jose Jetton - RDE",,"#98 Ben Lopez - MLB",,"#96 Victor Honaker - WLB","#21 Robert Quinlan - CB","#48 Joe Hilliard - CB",,"#27 Christopher Lusk - FS",,"#34 Ernest Severt - SS","#36 Tony Gibson - FS",,,,,,,,,,,,,,,,,,,,,,,,,,,,,,,,,,,,
BUF,1:34,"BUF 45",3,1,10,"I Formation Power PA Flats","Goal Line 3 Deep Man",,14,10,"1-10-BUF 45 (1:33) 1-Tony Maldonado pass Pass knocked down by 59-Joseph Wilson. incomplete, intended for 85-William Ackley. PENALTY - Defensive Holding (FAY 21-Robert Quinlan)","#1 Tony Maldonado - QB","#43 Stevie Thomas - RB",,"#21 Rodrigo Taft - RB","#24 Gerald Gant - FB","#87 William Ackley - TE",,"#88 Joseph Moen - WR",,,,,"#73 Daniel Williams - LT","#77 Phillip Reyes - LG","#74 Mike Miesner - C","#57 Michael Boerner - RG","#51 Craig Scalf - RT",,"#52 Calais Campbell - LDE","#56 Marcus Gray - RDE","#72 James Wilson - DT","#60 John Darden - DT","#94 Jose Jetton - RDE","#59 Joseph Wilson - SLB","#98 Ben Lopez - MLB",,"#96 Victor Honaker - WLB","#21 Robert Quinlan - CB","#48 Joe Hilliard - CB",,,,"#34 Ernest Severt - SS",,,,,,,,,,,,,,,,,,,,,,,,,,,,,,,,,,,,,
BUF,1:28,"FAY 50",3,1,10,"Strong I Normal WR Post TE Out","4-3 Under Crash Right",,14,10,"1-10-FAY 50 (1:29) 1-Tony Maldonado pass incomplete, dropped by 14-Denis Camp. That was a dangerous pass. Pressure by 90-Jose Jetton.","#1 Tony Maldonado - QB","#35 Ian Smith - RB",,,"#24 Gerald Gant - FB","#87 William Ackley - TE",,"#14 Denis Camp - WR",,"#18 David Rutledge - WR",,,"#73 Daniel Williams - LT","#77 Phillip Reyes - LG","#74 Mike Miesner - C","#57 Michael Boerner - RG","#51 Craig Scalf - RT",,"#52 Calais Campbell - LDE",,"#72 James Wilson - DT","#60 John Darden - DT","#94 Jose Jetton - RDE","#59 Joseph Wilson - SLB","#98 Ben Lopez - MLB",,"#96 Victor Honaker - WLB","#21 Robert Quinlan - CB","#48 Joe Hilliard - CB",,,,"#29 Eric Morrow - SS","#36 Tony Gibson - FS",,,,,,,,,,,,,,,,,,,,,,,,,,,,,,,,,,,,
BUF,1:24,"FAY 50",3,2,10,"I Formation Normal HB Draw","4-3 Under Crash Right",7,14,10,"2-10-FAY 50 (1:25) 43-Stevie Thomas ran to FAY 43 for 7 yards. Tackle by 96-Victor Honaker.","#1 Tony Maldonado - QB","#43 Stevie Thomas - RB",,,"#24 Gerald Gant - FB","#87 William Ackley - TE",,"#88 Joseph Moen - WR",,"#18 David Rutledge - WR",,,"#73 Daniel Williams - LT","#77 Phillip Reyes - LG","#74 Mike Miesner - C","#57 Michael Boerner - RG","#51 Craig Scalf - RT",,"#52 Calais Campbell - LDE",,"#72 James Wilson - DT","#60 John Darden - DT","#94 Jose Jetton - RDE","#59 Joseph Wilson - SLB","#98 Ben Lopez - MLB",,"#96 Victor Honaker - WLB","#48 Joe Hilliard - CB","#27 Christopher Lusk - FS",,,,"#34 Ernest Severt - SS","#36 Tony Gibson - FS",,,,,,,,,,,,,,,,,,,,,,,,,,,,,,,,,,,,
BUF,0:42,"FAY 43",3,3,3,"I Formation Normal PA Fullback Flat","46 Heavy 2 Deep Man Under",3,14,10,"3-3-FAY 43 (0:41) 1-Tony Maldonado pass complete to 24-Gerald Gant to FAY 40 for 3 yards. Tackle by 59-Joseph Wilson.","#1 Tony Maldonado - QB","#35 Ian Smith - RB",,,"#24 Gerald Gant - FB","#87 William Ackley - TE",,"#14 Denis Camp - WR",,"#86 Jamar Gagne - WR",,,"#73 Daniel Williams - LT","#77 Phillip Reyes - LG","#74 Mike Miesner - C","#57 Michael Boerner - RG","#51 Craig Scalf - RT",,"#52 Calais Campbell - LDE",,"#72 James Wilson - DT","#60 John Darden - DT","#94 Jose Jetton - RDE","#59 Joseph Wilson - SLB","#98 Ben Lopez - MLB",,"#96 Victor Honaker - WLB","#21 Robert Quinlan - CB","#48 Joe Hilliard - CB",,,,"#34 Ernest Severt - SS","#36 Tony Gibson - FS",,,,,,,,,,,,,,,,,,,,,,,,,,,,,,,,,,,,
,0:00,,3,4,,,,,14,10,"End of third quarter.",,,,,,,,,,,,,,,,,,,,,,,,,,,,,,,,,,,,,,,,,,,,,,,,,,,,,,,,,,,,,,,,,,,,,,
BUF,15:00,"FAY 40",4,4,,"Field Goal","FG Block",51,14,10,"4-1-FAY 40 (15:00)",,,,,,,,,,,,,,,,,,,,,,,,,,,,,,,,,,,,"#2 John Richards - QB","#74 Mike Miesner - C",,,,,,,,,,,,,,"#13 Wayne Dyer - K","#77 Phillip Reyes - LG","#87 William Ackley - TE","#78 Jorge Robinson - LT","#57 Michael Boerner - RG","#73 Daniel Williams - LT","#79 Daniel Campos - LT","#66 Harold Wilson - LT","#55 Steven Simmons - RG","#98 Ben Lopez - MLB","#94 Jose Jetton - RDE","#72 James Wilson - DT","#52 Calais Campbell - LDE","#60 John Darden - DT","#56 Marcus Gray - RDE","#59 Joseph Wilson - SLB","#21 Robert Quinlan - CB","#51 Roger Chambers - RDE","#48 Joe Hilliard - CB","#77 Richard Brooks - DT"
FAY,14:55,"FAY 47",4,1,10,"I Formation Normal HB Dive","3-4 Normal 2 Deep Man",2,14,10,"1-10-FAY 47 (14:56) 20-Michael Muir ran to FAY 49 for 2 yards. Tackle by 70-Gary Schwartz.","#8 Stephen Broomfield - QB","#20 Michael Muir - RB",,,"#39 Stephen Jobe - FB","#83 Sammy Altman - TE",,"#87 Dean Hansen - WR",,"#16 Scott Dendy - WR",,,"#73 Matthew Rogers - LT","#53 Jacob Burns - LG","#62 Bruce Johnson - C","#55 Samuel Turner - RG","#58 Mark Mosley - RT",,"#56 Carlos Reilly - LDE",,"#70 Gary Schwartz - DT",,"#62 John Croom - RDE","#59 Warren Crawford - SLB","#97 Anthony Kim - MLB","#98 Cory Linkous - MLB","#53 Billy Gobin - WLB","#47 Christopher Downs - CB","#45 Chris Hall - CB",,,,"#34 Kevin Hancock - SS","#26 Samuel Dean - FS",,,,,,,,,,,,,,,,,,,,,,,,,,,,,,,,,,,,
FAY,14:23,"FAY 49",4,2,8,"I Formation 3WR HB Inside Weak","Nickel Normal Man Zone",1,14,10,"2-8-FAY 49 (14:22) 20-Michael Muir ran to FAY 50 for 1 yards. Tackle by 62-John Croom.","#8 Stephen Broomfield - QB","#20 Michael Muir - RB",,,"#39 Stephen Jobe - FB",,,"#87 Dean Hansen - WR","#89 Ronald Stansberry - WR","#16 Scott Dendy - WR",,,"#73 Matthew Rogers - LT","#53 Jacob Burns - LG","#62 Bruce Johnson - C","#55 Samuel Turner - RG","#58 Mark Mosley - RT",,"#56 Carlos Reilly - LDE",,"#70 Gary Schwartz - DT","#72 John Letchworth - DT","#62 John Croom - RDE",,"#97 Anthony Kim - MLB",,"#53 Billy Gobin - WLB","#47 Christopher Downs - CB","#45 Chris Hall - CB",,"#33 Joseph Sheaffer - CB",,"#34 Kevin Hancock - SS","#26 Samuel Dean - FS",,,,,,,,,,,,,,,,,,,,,,,,,,,,,,,,,,,,
FAY,13:40,"FAY 50",4,3,7,"Goal Line Normal HB Outside Strong","Goal Line 3 Deep Man",11,14,10,"3-7-FAY 50 (13:39) 20-Michael Muir ran to BUF 39 for 11 yards. Tackle by 34-Kevin Hancock.","#8 Stephen Broomfield - QB","#20 Michael Muir - RB",,"#22 Russell Robinson - FB","#39 Stephen Jobe - FB","#83 Sammy Altman - TE","#81 Tommy Mayton - TE",,,,,,"#73 Matthew Rogers - LT","#53 Jacob Burns - LG","#62 Bruce Johnson - C","#55 Samuel Turner - RG","#58 Mark Mosley - RT",,"#56 Carlos Reilly - LDE","#99 Joe Smith - RDE","#70 Gary Schwartz - DT","#72 John Letchworth - DT","#62 John Croom - RDE","#59 Warren Crawford - SLB","#97 Anthony Kim - MLB",,"#53 Billy Gobin - WLB","#47 Christopher Downs - CB","#45 Chris Hall - CB",,,,"#34 Kevin Hancock - SS",,,,,,,,,,,,,,,,,,,,,,,,,,,,,,,,,,,,,
FAY,12:58,"BUF 39",4,1,10,"Weak I Normal HB Inside Weak","3-4 Normal Man Cover 1",39,14,10,"1-10-BUF 39 (12:57) 49-Samuel Bowles ran to BUF 0 for 39 yards. Tackle by 34-Kevin Hancock.","#8 Stephen Broomfield - QB","#49 Samuel Bowles - RB",,,"#39 Stephen Jobe - FB","#83 Sammy Altman - TE",,"#87 Dean Hansen - WR",,"#16 Scott Dendy - WR",,,"#73 Matthew Rogers - LT","#53 Jacob Burns - LG","#62 Bruce Johnson - C","#55 Samuel Turner - RG","#58 Mark Mosley - RT",,"#56 Carlos Reilly - LDE",,"#70 Gary Schwartz - DT",,"#62 John Croom - RDE","#59 Warren Crawford - SLB","#97 Anthony Kim - MLB","#98 Cory Linkous - MLB","#53 Billy Gobin - WLB","#47 Christopher Downs - CB","#45 Chris Hall - CB",,,,"#34 Kevin Hancock - SS","#26 Samuel Dean - FS",,,,,,,,,,,,,,,,,,,,,,,,,,,,,,,,,,,,
FAY,12:19,"BUF 0",4,1,,"Goal Line Normal HB Outside Strong","Goal Line 3 Deep Man",,14,16,"1-1-BUF 0 (12:18) 39-Stephen Jobe ran for 0 yards. TOUCHDOWN! BUF 14 FAY 16","#8 Stephen Broomfield - QB","#39 Stephen Jobe - FB",,"#20 Michael Muir - RB","#22 Russell Robinson - FB","#83 Sammy Altman - TE","#81 Tommy Mayton - TE",,,,,,"#73 Matthew Rogers - LT","#53 Jacob Burns - LG","#62 Bruce Johnson - C","#55 Samuel Turner - RG","#58 Mark Mosley - RT",,"#56 Carlos Reilly - LDE","#99 Joe Smith - RDE","#70 Gary Schwartz - DT","#72 John Letchworth - DT","#62 John Croom - RDE","#59 Warren Crawford - SLB","#98 Cory Linkous - MLB",,"#53 Billy Gobin - WLB","#47 Christopher Downs - CB","#45 Chris Hall - CB",,,,"#69 William Hudson - SS",,,,,,,,,,,,,,,,,,,,,,,,,,,,,,,,,,,,,
FAY,12:15,"BUF 15",4,7,15,"Field Goal","FG Block",25,14,16,"(12:16) Extra point by 4-John Speth is NO GOOD. (Wide Left)",,,,,,,,,,,,,,,,,,,,,,,,,,,,,,,,,,,,"#8 Stephen Broomfield - QB","#78 Jason Jackman - RG",,,,,,,,,,,,,,"#4 John Speth - K","#52 Calais Campbell - LDE","#83 Sammy Altman - TE","#72 James Wilson - DT","#53 Herbert Leeson - LT","#58 Mark Mosley - RT","#62 Bruce Johnson - C","#73 Matthew Rogers - LT","#53 Jacob Burns - LG","#72 John Letchworth - DT","#53 Billy Gobin - WLB","#62 John Croom - RDE","#70 Gary Schwartz - DT","#91 Daniel Morris - RDE","#97 Anthony Kim - MLB","#47 Christopher Downs - CB","#56 Carlos Reilly - LDE","#34 Kevin Hancock - SS","#63 Jason Fernandez - DT","#99 Joe Smith - RDE"
FAY,12:15,"FAY 35",4,6,10,Kickoff,"Kick Return",,20,16,"(12:16) 4-John Speth kicks 70 yards from FAY 35 to BUF -5. 43-Stevie Thomas for 105yards. TOUCHDOWN! BUF 20 FAY 16",,,,,,,,,,,,,,,,,,,,,,,,,,,,,,,,,,,,,,"#43 Stevie Thomas - RB",,"#72 John Letchworth - DT","#58 Roberto Franklin - MLB","#53 Billy Gobin - WLB","#63 Jason Fernandez - DT","#62 John Croom - RDE","#47 Christopher Downs - CB","#98 Cory Linkous - MLB","#70 Gary Schwartz - DT","#26 Samuel Dean - FS","#99 Joe Smith - RDE","#4 John Speth - K",,,,,,,,,,,,,,,,,,,,
BUF,12:00,"FAY 2",4,7,2,"Split Backs 3 Wide Dive Left","Nickel Normal Man Cover 2",2,22,16,"(12:01) 24-Gerald Gant ran for 2 yards. CONVERSION GOOD! BUF 22 FAY 16","#1 Tony Maldonado - QB","#35 Ian Smith - RB",,,"#24 Gerald Gant - FB",,,"#14 Denis Camp - WR","#18 David Rutledge - WR","#88 Joseph Moen - WR",,,"#73 Daniel Williams - LT","#77 Phillip Reyes - LG","#74 Mike Miesner - C","#57 Michael Boerner - RG","#51 Craig Scalf - RT",,"#60 John Darden - DT",,"#52 Calais Campbell - LDE","#77 Richard Brooks - DT","#94 Jose Jetton - RDE",,"#94 Robert Mitchell - MLB",,"#96 Victor Honaker - WLB","#48 Joe Hilliard - CB","#27 Christopher Lusk - FS",,"#37 Jack Tatum - FS",,"#29 Eric Morrow - SS","#36 Tony Gibson - FS",,,,,,,,,,,,,,,,,,,,,,,,,,,,,,,,,,,,
BUF,12:00,"BUF 35",4,6,10,Kickoff,"Kick Return",,22,16,"(12:01) 13-Wayne Dyer kicks 71 yards from BUF 35 to FAY -6. Touchback.",,,,,,,,,,,,,,,,,,,,,,,,,,,,,,,,,,,,,,"#20 Michael Muir - RB",,"#77 Richard Brooks - DT","#98 Ben Lopez - MLB","#94 Jose Jetton - RDE","#34 Ernest Severt - SS","#21 Robert Quinlan - CB","#56 Marcus Gray - RDE","#59 Joseph Wilson - SLB","#72 James Wilson - DT","#51 Roger Chambers - RDE","#52 Calais Campbell - LDE","#13 Wayne Dyer - K",,,,,,,,,,,,,,,,,,,,
FAY,12:00,"FAY 25",4,1,10,"I Formation Normal HB Draw","3-4 Normal 2 Deep Man",1,22,16,"1-10-FAY 25 (12:01) 49-Samuel Bowles ran to FAY 26 for 1 yards. Tackle by 70-Gary Schwartz.","#8 Stephen Broomfield - QB","#49 Samuel Bowles - RB",,,"#39 Stephen Jobe - FB","#83 Sammy Altman - TE",,"#87 Dean Hansen - WR",,"#16 Scott Dendy - WR",,,"#73 Matthew Rogers - LT","#53 Jacob Burns - LG","#62 Bruce Johnson - C","#55 Samuel Turner - RG","#58 Mark Mosley - RT",,"#56 Carlos Reilly - LDE",,"#70 Gary Schwartz - DT",,"#62 John Croom - RDE","#59 Warren Crawford - SLB","#97 Anthony Kim - MLB","#98 Cory Linkous - MLB","#53 Billy Gobin - WLB","#47 Christopher Downs - CB","#45 Chris Hall - CB",,,,"#34 Kevin Hancock - SS","#26 Samuel Dean - FS",,,,,,,,,,,,,,,,,,,,,,,,,,,,,,,,,,,,
FAY,11:22,"FAY 26",4,2,9,"Goal Line Normal HB Pitch Weak","Goal Line 3 Deep Man",3,22,16,"2-9-FAY 26 (11:21) 20-Michael Muir ran to FAY 29 for 3 yards. Tackle by 97-Anthony Kim.","#8 Stephen Broomfield - QB","#20 Michael Muir - RB",,"#22 Russell Robinson - FB","#39 Stephen Jobe - FB","#83 Sammy Altman - TE","#81 Tommy Mayton - TE",,,,,,"#73 Matthew Rogers - LT","#53 Jacob Burns - LG","#62 Bruce Johnson - C","#55 Samuel Turner - RG","#58 Mark Mosley - RT",,"#56 Carlos Reilly - LDE","#99 Joe Smith - RDE","#70 Gary Schwartz - DT","#72 John Letchworth - DT","#62 John Croom - RDE","#59 Warren Crawford - SLB","#97 Anthony Kim - MLB",,"#53 Billy Gobin - WLB","#47 Christopher Downs - CB","#45 Chris Hall - CB",,,,"#34 Kevin Hancock - SS",,,,,,,,,,,,,,,,,,,,,,,,,,,,,,,,,,,,,
FAY,10:43,"FAY 29",4,3,6,"Goal Line Normal HB Pitch Weak","Goal Line 3 Deep Man",,22,16,"3-6-FAY 29 (10:42) 49-Samuel Bowles ran to FAY 29 for a short gain. Tackle by 53-Billy Gobin.","#8 Stephen Broomfield - QB","#49 Samuel Bowles - RB",,"#22 Russell Robinson - FB","#39 Stephen Jobe - FB","#83 Sammy Altman - TE","#81 Tommy Mayton - TE",,,,,,"#73 Matthew Rogers - LT","#53 Jacob Burns - LG","#62 Bruce Johnson - C","#55 Samuel Turner - RG","#58 Mark Mosley - RT",,"#56 Carlos Reilly - LDE","#99 Joe Smith - RDE","#70 Gary Schwartz - DT","#72 John Letchworth - DT","#62 John Croom - RDE","#59 Warren Crawford - SLB","#97 Anthony Kim - MLB",,"#53 Billy Gobin - WLB","#47 Christopher Downs - CB","#45 Chris Hall - CB",,,,"#34 Kevin Hancock - SS",,,,,,,,,,,,,,,,,,,,,,,,,,,,,,,,,,,,,
FAY,10:09,"FAY 29",4,4,6,Punt,"Punt Return",,22,16,"4-6-FAY 29 (10:08) PENALTY - False Start (FAY 72-James Wilson)",,,,,,,,,,,,,,,,,,"#1 David Allen - P",,,,,,,,,,,,,,,,,,,"#78 Jason Jackman - RG",,"#43 Stevie Thomas - RB",,,"#98 Cory Linkous - MLB","#47 Christopher Downs - CB","#62 John Croom - RDE",,"#99 Joe Smith - RDE","#63 Jason Fernandez - DT",,"#58 Roberto Franklin - MLB",,,,"#83 Sammy Altman - TE","#72 James Wilson - DT","#53 Herbert Leeson - LT","#58 Mark Mosley - RT","#62 Bruce Johnson - C","#73 Matthew Rogers - LT",,"#34 Kevin Hancock - SS","#53 Billy Gobin - WLB","#70 Gary Schwartz - DT","#72 John Letchworth - DT",,,,,,,
FAY,10:07,"FAY 24",4,4,11,Punt,"Punt Return",,22,16,"4-11-FAY 24 (10:08) 1-David Allen punts 48 yards to BUF 28. 43-Stevie Thomas to BUF 35 for 8 yards. Tackle by 59-Joseph Wilson.",,,,,,,,,,,,,,,,,,"#1 David Allen - P",,,,,,,,,,,,,,,,,,,"#78 Jason Jackman - RG",,"#43 Stevie Thomas - RB",,,"#98 Cory Linkous - MLB","#47 Christopher Downs - CB","#62 John Croom - RDE",,"#99 Joe Smith - RDE","#63 Jason Fernandez - DT",,"#58 Roberto Franklin - MLB",,,,"#83 Sammy Altman - TE","#72 James Wilson - DT","#53 Herbert Leeson - LT","#58 Mark Mosley - RT","#62 Bruce Johnson - C","#73 Matthew Rogers - LT",,"#34 Kevin Hancock - SS","#53 Billy Gobin - WLB","#70 Gary Schwartz - DT","#72 John Letchworth - DT",,,,,,,
BUF,9:59,"BUF 35",4,1,10,"I Formation Power HB Draw","Goal Line 3 Deep Man",1,22,16,"1-10-BUF 35 (10:00) 35-Ian Smith ran to BUF 37 for 1 yards. Tackle by 52-Calais Campbell.","#1 Tony Maldonado - QB","#35 Ian Smith - RB",,"#21 Rodrigo Taft - RB","#24 Gerald Gant - FB","#87 William Ackley - TE",,"#14 Denis Camp - WR",,,,,"#73 Daniel Williams - LT","#77 Phillip Reyes - LG","#74 Mike Miesner - C","#57 Michael Boerner - RG","#51 Craig Scalf - RT",,"#52 Calais Campbell - LDE","#56 Marcus Gray - RDE","#72 James Wilson - DT","#60 John Darden - DT","#94 Jose Jetton - RDE","#92 Williams Marcus - SLB","#98 Ben Lopez - MLB",,"#96 Victor Honaker - WLB","#48 Joe Hilliard - CB","#27 Christopher Lusk - FS",,,,"#34 Ernest Severt - SS",,,,,,,,,,,,,,,,,,,,,,,,,,,,,,,,,,,,,
BUF,9:19,"BUF 37",4,2,9,"I Formation Normal SE Post","4-3 Under Crash Right",,22,16,"2-9-BUF 37 (9:18) 1-Tony Maldonado pass Pass knocked down by 36-Tony Gibson. incomplete, intended for 85-William Ackley. Pressure by 90-Jose Jetton.","#1 Tony Maldonado - QB","#43 Stevie Thomas - RB",,,"#24 Gerald Gant - FB","#87 William Ackley - TE",,"#14 Denis Camp - WR",,"#88 Joseph Moen - WR",,,"#73 Daniel Williams - LT","#77 Phillip Reyes - LG","#74 Mike Miesner - C","#57 Michael Boerner - RG","#51 Craig Scalf - RT",,"#52 Calais Campbell - LDE",,"#72 James Wilson - DT","#60 John Darden - DT","#94 Jose Jetton - RDE","#59 Joseph Wilson - SLB","#98 Ben Lopez - MLB",,"#96 Victor Honaker - WLB","#21 Robert Quinlan - CB","#48 Joe Hilliard - CB",,,,"#34 Ernest Severt - SS","#36 Tony Gibson - FS",,,,,,,,,,,,,,,,,,,,,,,,,,,,,,,,,,,,
BUF,9:13,"BUF 37",4,3,9,"I Formation Twin WR Hook Ins","46 Heavy 2 Deep Man Under",,22,16,"3-9-BUF 37 (9:14) 1-Tony Maldonado pass incomplete, intended for 86-Jamar Gagne.","#1 Tony Maldonado - QB","#35 Ian Smith - RB",,,"#43 Stevie Thomas - RB","#87 William Ackley - TE",,"#18 David Rutledge - WR",,"#86 Jamar Gagne - WR",,,"#73 Daniel Williams - LT","#77 Phillip Reyes - LG","#74 Mike Miesner - C","#57 Michael Boerner - RG","#51 Craig Scalf - RT",,"#52 Calais Campbell - LDE",,"#72 James Wilson - DT","#60 John Darden - DT","#94 Jose Jetton - RDE","#59 Joseph Wilson - SLB","#98 Ben Lopez - MLB",,"#96 Victor Honaker - WLB","#21 Robert Quinlan - CB","#48 Joe Hilliard - CB",,,,"#34 Ernest Severt - SS","#36 Tony Gibson - FS",,,,,,,,,,,,,,,,,,,,,,,,,,,,,,,,,,,,
BUF,9:11,"BUF 37",4,4,9,Punt,"Punt Return",55,22,16,"4-9-BUF 37 (9:12) 8-Donald McGaughey punts 55 yards to FAY 8.",,,,,,,,,,,,,,,,,,"#8 Donald McGaughey - P",,,,,,,,,,,,,,,,,,,"#74 Mike Miesner - C",,"#20 Michael Muir - RB",,,"#59 Joseph Wilson - SLB","#77 Richard Brooks - DT","#21 Robert Quinlan - CB",,"#34 Ernest Severt - SS","#98 Ben Lopez - MLB",,"#56 Marcus Gray - RDE",,,,"#87 William Ackley - TE","#78 Jorge Robinson - LT","#57 Michael Boerner - RG","#73 Daniel Williams - LT","#79 Daniel Campos - LT","#66 Harold Wilson - LT",,"#51 Roger Chambers - RDE","#94 Jose Jetton - RDE","#72 James Wilson - DT","#52 Calais Campbell - LDE",,,,,,,
FAY,9:01,"FAY 8",4,1,10,"I Formation 3WR Slot Corner Long","Nickel 3-3-5 Cover 2 Man Under",8,22,16,"1-10-FAY 8 (9:02) 8-Stephen Broomfield pass complete to 87-Dean Hansen to FAY 16 for 8 yards. Tackle by 47-Christopher Downs.","#8 Stephen Broomfield - QB","#49 Samuel Bowles - RB",,,"#39 Stephen Jobe - FB",,,"#87 Dean Hansen - WR","#89 Ronald Stansberry - WR","#16 Scott Dendy - WR",,,"#73 Matthew Rogers - LT","#53 Jacob Burns - LG","#62 Bruce Johnson - C","#55 Samuel Turner - RG","#58 Mark Mosley - RT",,"#56 Carlos Reilly - LDE",,"#70 Gary Schwartz - DT",,"#99 Joe Smith - RDE","#59 Warren Crawford - SLB","#97 Anthony Kim - MLB",,"#58 Roberto Franklin - MLB","#47 Christopher Downs - CB","#45 Chris Hall - CB",,"#33 Joseph Sheaffer - CB",,"#34 Kevin Hancock - SS","#26 Samuel Dean - FS",,,,,,,,,,,,,,,,,,,,,,,,,,,,,,,,,,,,
FAY,8:22,"FAY 16",4,2,2,"I Formation Power HB Dive Weak","Goal Line 3 Deep Man",1,22,16,"2-2-FAY 16 (8:21) 20-Michael Muir ran to FAY 17 for 1 yards. Tackle by 70-Gary Schwartz.","#8 Stephen Broomfield - QB","#20 Michael Muir - RB",,"#22 Russell Robinson - FB","#39 Stephen Jobe - FB","#83 Sammy Altman - TE",,"#87 Dean Hansen - WR",,,,,"#73 Matthew Rogers - LT","#53 Jacob Burns - LG","#62 Bruce Johnson - C","#55 Samuel Turner - RG","#58 Mark Mosley - RT",,"#56 Carlos Reilly - LDE","#99 Joe Smith - RDE","#70 Gary Schwartz - DT","#72 John Letchworth - DT","#62 John Croom - RDE","#59 Warren Crawford - SLB","#96 Leroy Paschke - MLB",,"#97 Anthony Kim - MLB","#47 Christopher Downs - CB","#45 Chris Hall - CB",,,,"#34 Kevin Hancock - SS",,,,,,,,,,,,,,,,,,,,,,,,,,,,,,,,,,,,,
FAY,7:45,"FAY 17",4,3,1,"Strong I Big TE Post","Goal Line 3 Deep Man",29,22,16,"3-1-FAY 17 (7:44) 8-Stephen Broomfield pass complete to 87-Dean Hansen to FAY 46 for 29 yards. Tackle by 34-Kevin Hancock.","#8 Stephen Broomfield - QB","#20 Michael Muir - RB",,,"#39 Stephen Jobe - FB","#83 Sammy Altman - TE","#81 Tommy Mayton - TE","#87 Dean Hansen - WR",,,,,"#73 Matthew Rogers - LT","#53 Jacob Burns - LG","#62 Bruce Johnson - C","#55 Samuel Turner - RG","#58 Mark Mosley - RT",,"#56 Carlos Reilly - LDE","#99 Joe Smith - RDE","#70 Gary Schwartz - DT","#72 John Letchworth - DT","#62 John Croom - RDE","#59 Warren Crawford - SLB","#97 Anthony Kim - MLB",,"#53 Billy Gobin - WLB","#47 Christopher Downs - CB","#45 Chris Hall - CB",,,,"#34 Kevin Hancock - SS",,,,,,,,,,,,,,,,,,,,,,,,,,,,,,,,,,,,,
FAY,7:01,"FAY 46",4,1,10,"I Formation Normal PA Fullback Flat","3-4 Normal 2 Deep Man",1,22,16,"1-10-FAY 46 (7:00) 8-Stephen Broomfield pass complete to 39-Stephen Jobe to FAY 47 for 1 yards. Tackle by 96-Leroy Paschke. Nice job by 39-Stephen Jobe on that route to lose his coverage.","#8 Stephen Broomfield - QB","#49 Samuel Bowles - RB",,,"#39 Stephen Jobe - FB","#83 Sammy Altman - TE",,"#16 Scott Dendy - WR",,"#89 Ronald Stansberry - WR",,,"#73 Matthew Rogers - LT","#53 Jacob Burns - LG","#62 Bruce Johnson - C","#55 Samuel Turner - RG","#58 Mark Mosley - RT",,"#56 Carlos Reilly - LDE",,"#70 Gary Schwartz - DT",,"#99 Joe Smith - RDE","#59 Warren Crawford - SLB","#98 Cory Linkous - MLB","#96 Leroy Paschke - MLB","#97 Anthony Kim - MLB","#47 Christopher Downs - CB","#45 Chris Hall - CB",,,,"#34 Kevin Hancock - SS","#26 Samuel Dean - FS",,,,,,,,,,,,,,,,,,,,,,,,,,,,,,,,,,,,
FAY,6:20,"FAY 47",4,2,9,"I Formation Power Play Action Bomb","Goal Line 3 Deep Man",16,22,16,"2-9-FAY 47 (6:19) 8-Stephen Broomfield pass complete to 49-Samuel Bowles to BUF 37 for 16 yards. Tackle by 98-Cory Linkous.","#8 Stephen Broomfield - QB","#49 Samuel Bowles - RB",,"#22 Russell Robinson - FB","#39 Stephen Jobe - FB","#83 Sammy Altman - TE",,"#87 Dean Hansen - WR",,,,,"#73 Matthew Rogers - LT","#53 Jacob Burns - LG","#62 Bruce Johnson - C","#55 Samuel Turner - RG","#58 Mark Mosley - RT",,"#56 Carlos Reilly - LDE","#63 Jason Fernandez - DT","#70 Gary Schwartz - DT","#72 John Letchworth - DT","#99 Joe Smith - RDE","#59 Warren Crawford - SLB","#98 Cory Linkous - MLB",,"#97 Anthony Kim - MLB","#47 Christopher Downs - CB","#45 Chris Hall - CB",,,,"#69 William Hudson - SS",,,,,,,,,,,,,,,,,,,,,,,,,,,,,,,,,,,,,
FAY,5:45,"BUF 37",4,1,10,"Goal Line Normal HB Dive","Goal Line 3 Deep Man",3,22,16,"1-10-BUF 37 (5:44) 20-Michael Muir ran to BUF 34 for 3 yards. Tackle by 98-Cory Linkous.","#8 Stephen Broomfield - QB","#20 Michael Muir - RB",,"#49 Samuel Bowles - RB","#22 Russell Robinson - FB","#81 Tommy Mayton - TE","#39 Stephen Jobe - FB",,,,,,"#73 Matthew Rogers - LT","#53 Jacob Burns - LG","#62 Bruce Johnson - C","#55 Samuel Turner - RG","#58 Mark Mosley - RT",,"#56 Carlos Reilly - LDE","#99 Joe Smith - RDE","#70 Gary Schwartz - DT","#72 John Letchworth - DT","#62 John Croom - RDE","#58 Roberto Franklin - MLB","#98 Cory Linkous - MLB",,"#53 Billy Gobin - WLB","#45 Chris Hall - CB","#33 Joseph Sheaffer - CB",,,,"#34 Kevin Hancock - SS",,,,,,,,,,,,,,,,,,,,,,,,,,,,,,,,,,,,,
FAY,5:10,"BUF 34",4,2,7,"Strong I Big TE Post","Goal Line 3 Deep Man",9,22,16,"2-7-BUF 34 (5:09) 8-Stephen Broomfield pass complete to 81-Tommy Mayton to BUF 25 for 9 yards. Tackle by 98-Cory Linkous. 53-Billy Gobin got away with a hold on that play.","#8 Stephen Broomfield - QB","#20 Michael Muir - RB",,,"#39 Stephen Jobe - FB","#83 Sammy Altman - TE","#81 Tommy Mayton - TE","#87 Dean Hansen - WR",,,,,"#73 Matthew Rogers - LT","#53 Jacob Burns - LG","#62 Bruce Johnson - C","#55 Samuel Turner - RG","#58 Mark Mosley - RT",,"#56 Carlos Reilly - LDE","#99 Joe Smith - RDE","#70 Gary Schwartz - DT","#72 John Letchworth - DT","#62 John Croom - RDE","#59 Warren Crawford - SLB","#98 Cory Linkous - MLB",,"#53 Billy Gobin - WLB","#47 Christopher Downs - CB","#45 Chris Hall - CB",,,,"#34 Kevin Hancock - SS",,,,,,,,,,,,,,,,,,,,,,,,,,,,,,,,,,,,,
FAY,4:35,"BUF 25",4,1,10,"Goal Line Normal PA TE Drag","Goal Line 3 Deep Man",,22,16,"1-10-BUF 25 (4:34) 8-Stephen Broomfield pass Pass knocked down by 45-Chris Hall. incomplete, intended for 81-Tommy Mayton.","#8 Stephen Broomfield - QB","#49 Samuel Bowles - RB",,"#20 Michael Muir - RB","#22 Russell Robinson - FB","#81 Tommy Mayton - TE","#39 Stephen Jobe - FB",,,,,,"#73 Matthew Rogers - LT","#53 Jacob Burns - LG","#62 Bruce Johnson - C","#55 Samuel Turner - RG","#58 Mark Mosley - RT",,"#56 Carlos Reilly - LDE","#99 Joe Smith - RDE","#70 Gary Schwartz - DT","#72 John Letchworth - DT","#62 John Croom - RDE","#58 Roberto Franklin - MLB","#97 Anthony Kim - MLB",,"#53 Billy Gobin - WLB","#45 Chris Hall - CB","#33 Joseph Sheaffer - CB",,,,"#69 William Hudson - SS",,,,,,,,,,,,,,,,,,,,,,,,,,,,,,,,,,,,,
FAY,4:31,"BUF 25",4,2,10,"Strong I Big TE Post","Goal Line 3 Deep Man",25,22,22,"2-10-BUF 25 (4:32) 8-Stephen Broomfield pass complete to 49-Samuel Bowles for 25 yards. TOUCHDOWN! 49-Samuel Bowles breaks down the CB. BUF 22 FAY 22","#8 Stephen Broomfield - QB","#49 Samuel Bowles - RB",,,"#39 Stephen Jobe - FB","#83 Sammy Altman - TE","#81 Tommy Mayton - TE","#87 Dean Hansen - WR",,,,,"#73 Matthew Rogers - LT","#53 Jacob Burns - LG","#62 Bruce Johnson - C","#55 Samuel Turner - RG","#58 Mark Mosley - RT",,"#56 Carlos Reilly - LDE","#63 Jason Fernandez - DT","#70 Gary Schwartz - DT","#72 John Letchworth - DT","#99 Joe Smith - RDE","#59 Warren Crawford - SLB","#97 Anthony Kim - MLB",,"#53 Billy Gobin - WLB","#47 Christopher Downs - CB","#45 Chris Hall - CB",,,,"#34 Kevin Hancock - SS",,,,,,,,,,,,,,,,,,,,,,,,,,,,,,,,,,,,,
FAY,4:24,"BUF 15",4,7,15,"Field Goal","FG Block",25,22,23,"(4:25) Extra point GOOD by 4-John Speth. BUF 22 FAY 23",,,,,,,,,,,,,,,,,,,,,,,,,,,,,,,,,,,,"#8 Stephen Broomfield - QB","#78 Jason Jackman - RG",,,,,,,,,,,,,,"#4 John Speth - K","#81 Tommy Mayton - TE","#73 Matthew Rogers - LT","#72 James Wilson - DT","#53 Herbert Leeson - LT","#58 Mark Mosley - RT","#62 Bruce Johnson - C","#53 Jacob Burns - LG","#52 Calais Campbell - LDE","#56 Carlos Reilly - LDE","#62 John Croom - RDE","#70 Gary Schwartz - DT","#72 John Letchworth - DT","#91 Daniel Morris - RDE","#97 Anthony Kim - MLB","#99 Joe Smith - RDE","#47 Christopher Downs - CB","#63 Jason Fernandez - DT","#53 Billy Gobin - WLB","#34 Kevin Hancock - SS"
FAY,4:24,"FAY 35",4,6,10,Kickoff,"Kick Return",,22,23,"(4:25) 4-John Speth kicks 72 yards from FAY 35 to BUF -7. 43-Stevie Thomas to BUF 19 for 27 yards. Tackle by 34-Ernest Severt.",,,,,,,,,,,,,,,,,,,,,,,,,,,,,,,,,,,,,,"#43 Stevie Thomas - RB",,"#72 John Letchworth - DT","#26 Samuel Dean - FS","#98 Cory Linkous - MLB","#47 Christopher Downs - CB","#62 John Croom - RDE","#99 Joe Smith - RDE","#70 Gary Schwartz - DT","#63 Jason Fernandez - DT","#53 Billy Gobin - WLB","#58 Roberto Franklin - MLB","#4 John Speth - K",,,,,,,,,,,,,,,,,,,,
BUF,4:20,"BUF 19",4,1,10,"Strong I Normal WR Post TE Out","4-3 Under Double Safety Blitz",11,22,23,"1-10-BUF 19 (4:21) 1-Tony Maldonado pass complete to 14-Denis Camp to BUF 30 for 11 yards. Tackle by 48-Joe Hilliard. Pressure by 72-James Wilson.","#1 Tony Maldonado - QB","#35 Ian Smith - RB",,,"#24 Gerald Gant - FB","#87 William Ackley - TE",,"#14 Denis Camp - WR",,"#88 Joseph Moen - WR",,,"#73 Daniel Williams - LT","#77 Phillip Reyes - LG","#74 Mike Miesner - C","#57 Michael Boerner - RG","#51 Craig Scalf - RT",,"#56 Marcus Gray - RDE",,"#60 John Darden - DT","#72 James Wilson - DT","#52 Calais Campbell - LDE","#59 Joseph Wilson - SLB","#94 Robert Mitchell - MLB",,"#96 Victor Honaker - WLB","#21 Robert Quinlan - CB","#48 Joe Hilliard - CB",,,,"#29 Eric Morrow - SS","#36 Tony Gibson - FS",,,,,,,,,,,,,,,,,,,,,,,,,,,,,,,,,,,,
BUF,3:47,"BUF 30",4,1,10,"Goal Line Normal HB Weak","Goal Line 3 Deep Man",8,22,23,"1-10-BUF 30 (3:46) 21-Rodrigo Taft ran to BUF 38 for 8 yards. Tackle by 90-Jose Jetton.","#1 Tony Maldonado - QB","#21 Rodrigo Taft - RB",,"#43 Stevie Thomas - RB","#24 Gerald Gant - FB","#87 William Ackley - TE","#80 Christopher Garcia - TE",,,,,,"#73 Daniel Williams - LT","#77 Phillip Reyes - LG","#74 Mike Miesner - C","#57 Michael Boerner - RG","#51 Craig Scalf - RT",,"#52 Calais Campbell - LDE","#56 Marcus Gray - RDE","#72 James Wilson - DT","#60 John Darden - DT","#94 Jose Jetton - RDE","#59 Joseph Wilson - SLB","#98 Ben Lopez - MLB",,"#96 Victor Honaker - WLB","#21 Robert Quinlan - CB","#48 Joe Hilliard - CB",,,,"#34 Ernest Severt - SS",,,,,,,,,,,,,,,,,,,,,,,,,,,,,,,,,,,,,
BUF,3:10,"BUF 38",4,2,2,"I Formation Normal HB Blast","46 Heavy 2 Deep Man Under",2,22,23,"2-2-BUF 38 (3:09) 35-Ian Smith ran to BUF 40 for 2 yards. Tackle by 59-Joseph Wilson.","#1 Tony Maldonado - QB","#35 Ian Smith - RB",,,"#24 Gerald Gant - FB","#87 William Ackley - TE",,"#88 Joseph Moen - WR",,"#18 David Rutledge - WR",,,"#73 Daniel Williams - LT","#77 Phillip Reyes - LG","#74 Mike Miesner - C","#57 Michael Boerner - RG","#51 Craig Scalf - RT",,"#52 Calais Campbell - LDE",,"#72 James Wilson - DT","#60 John Darden - DT","#94 Jose Jetton - RDE","#59 Joseph Wilson - SLB","#98 Ben Lopez - MLB",,"#96 Victor Honaker - WLB","#21 Robert Quinlan - CB","#48 Joe Hilliard - CB",,,,"#34 Ernest Severt - SS","#36 Tony Gibson - FS",,,,,,,,,,,,,,,,,,,,,,,,,,,,,,,,,,,,
BUF,2:37,"BUF 40",4,3,,"I Formation Normal PA Fullback Flat","46 Heavy 2 Deep Man Under",45,22,23,"3-1-BUF 40 (2:36) 1-Tony Maldonado pass complete to 88-Joseph Moen to FAY 15 for 45 yards.","#1 Tony Maldonado - QB","#43 Stevie Thomas - RB",,,"#24 Gerald Gant - FB","#87 William Ackley - TE",,"#14 Denis Camp - WR",,"#88 Joseph Moen - WR",,,"#73 Daniel Williams - LT","#77 Phillip Reyes - LG","#74 Mike Miesner - C","#57 Michael Boerner - RG","#51 Craig Scalf - RT",,"#52 Calais Campbell - LDE",,"#72 James Wilson - DT","#60 John Darden - DT","#94 Jose Jetton - RDE","#59 Joseph Wilson - SLB","#98 Ben Lopez - MLB",,"#96 Victor Honaker - WLB","#21 Robert Quinlan - CB","#48 Joe Hilliard - CB",,,,"#34 Ernest Severt - SS","#36 Tony Gibson - FS",,,,,,,,,,,,,,,,,,,,,,,,,,,,,,,,,,,,
BUF,2:28,"FAY 15",4,1,10,"Goal Line Normal HB Off Tackle","Goal Line 3 Deep Man",15,28,23,"1-10-FAY 15 (2:29) 21-Rodrigo Taft ran for 15 yards. TOUCHDOWN! FAY 29-Eric Morrow was injured on the play. BUF 28 FAY 23","#1 Tony Maldonado - QB","#21 Rodrigo Taft - RB",,"#24 Gerald Gant - FB","#35 Ian Smith - RB","#87 William Ackley - TE","#80 Christopher Garcia - TE",,,,,,"#73 Daniel Williams - LT","#77 Phillip Reyes - LG","#57 Michael Boerner - RG","#55 Steven Simmons - RG","#78 Jorge Robinson - LT",,"#52 Calais Campbell - LDE","#56 Marcus Gray - RDE","#72 James Wilson - DT","#60 John Darden - DT","#94 Jose Jetton - RDE","#92 Williams Marcus - SLB","#94 Robert Mitchell - MLB",,"#96 Victor Honaker - WLB","#21 Robert Quinlan - CB","#27 Christopher Lusk - FS",,,,"#29 Eric Morrow - SS",,,,,,,,,,,,,,,,,,,,,,,,,,,,,,,,,,,,,
BUF,2:24,"FAY 2",4,7,2,"Goal Line Normal HB Weak","Nickel Normal SS Blitz",2,28,23,"(2:25) 35-Ian Smith ran to FAY 0 for 2 yards. Tackle by 90-Jose Jetton. 80-Christopher Garcia totally missed that block.","#1 Tony Maldonado - QB","#35 Ian Smith - RB",,"#43 Stevie Thomas - RB","#21 Rodrigo Taft - RB","#87 William Ackley - TE","#80 Christopher Garcia - TE",,,,,,"#73 Daniel Williams - LT","#77 Phillip Reyes - LG","#74 Mike Miesner - C","#57 Michael Boerner - RG","#51 Craig Scalf - RT",,"#52 Calais Campbell - LDE",,"#72 James Wilson - DT","#60 John Darden - DT","#94 Jose Jetton - RDE",,"#98 Ben Lopez - MLB",,"#96 Victor Honaker - WLB","#21 Robert Quinlan - CB","#48 Joe Hilliard - CB",,"#27 Christopher Lusk - FS",,"#34 Ernest Severt - SS","#36 Tony Gibson - FS",,,,,,,,,,,,,,,,,,,,,,,,,,,,,,,,,,,,
BUF,2:24,"BUF 35",4,6,10,Kickoff,"Kick Return",,28,23,"(2:25) 13-Wayne Dyer kicks 74 yards from BUF 35 to FAY -9. Touchback.",,,,,,,,,,,,,,,,,,,,,,,,,,,,,,,,,,,,,,"#20 Michael Muir - RB",,"#77 Richard Brooks - DT","#98 Ben Lopez - MLB","#94 Jose Jetton - RDE","#34 Ernest Severt - SS","#21 Robert Quinlan - CB","#56 Marcus Gray - RDE","#59 Joseph Wilson - SLB","#72 James Wilson - DT","#51 Roger Chambers - RDE","#52 Calais Campbell - LDE","#13 Wayne Dyer - K",,,,,,,,,,,,,,,,,,,,
FAY,2:24,"FAY 25",4,1,10,"I Formation Normal SE Post","3-4 Normal 2 Deep Man",20,28,23,"1-10-FAY 25 (2:25) 8-Stephen Broomfield pass complete to 83-Sammy Altman to FAY 45 for 20 yards. Tackle by 59-Warren Crawford.","#8 Stephen Broomfield - QB","#49 Samuel Bowles - RB",,,"#39 Stephen Jobe - FB","#83 Sammy Altman - TE",,"#87 Dean Hansen - WR",,"#16 Scott Dendy - WR",,,"#73 Matthew Rogers - LT","#53 Jacob Burns - LG","#62 Bruce Johnson - C","#55 Samuel Turner - RG","#58 Mark Mosley - RT",,"#56 Carlos Reilly - LDE",,"#70 Gary Schwartz - DT",,"#62 John Croom - RDE","#59 Warren Crawford - SLB","#97 Anthony Kim - MLB","#98 Cory Linkous - MLB","#53 Billy Gobin - WLB","#47 Christopher Downs - CB","#45 Chris Hall - CB",,,,"#34 Kevin Hancock - SS","#26 Samuel Dean - FS",,,,,,,,,,,,,,,,,,,,,,,,,,,,,,,,,,,,
,2:00,,4,1,10,,,,28,23,"Timeout for two minute warning.",,,,,,,,,,,,,,,,,,,,,,,,,,,,,,,,,,,,,,,,,,,,,,,,,,,,,,,,,,,,,,,,,,,,,,
FAY,2:00,"FAY 45",4,1,10,"I Formation 3WR WR Out","Nickel 3-3-5 Cover 2 Man Under",10,28,23,"1-10-FAY 45 (2:00) 8-Stephen Broomfield pass complete to 89-Ronald Stansberry to BUF 45 for 10 yards. Tackle by 53-Billy Gobin.","#8 Stephen Broomfield - QB","#20 Michael Muir - RB",,,"#39 Stephen Jobe - FB",,,"#87 Dean Hansen - WR","#89 Ronald Stansberry - WR","#16 Scott Dendy - WR",,,"#73 Matthew Rogers - LT","#53 Jacob Burns - LG","#62 Bruce Johnson - C","#55 Samuel Turner - RG","#58 Mark Mosley - RT",,"#56 Carlos Reilly - LDE",,"#70 Gary Schwartz - DT",,"#62 John Croom - RDE","#59 Warren Crawford - SLB","#97 Anthony Kim - MLB",,"#53 Billy Gobin - WLB","#45 Chris Hall - CB","#33 Joseph Sheaffer - CB",,"#69 William Hudson - SS",,"#34 Kevin Hancock - SS","#26 Samuel Dean - FS",,,,,,,,,,,,,,,,,,,,,,,,,,,,,,,,,,,,
,1:57,,4,2,,,,,28,23,"Timeout FAY",,,,,,,,,,,,,,,,,,,,,,,,,,,,,,,,,,,,,,,,,,,,,,,,,,,,,,,,,,,,,,,,,,,,,,
FAY,1:54,"BUF 45",4,2,,"I Formation Normal FL Hitch","3-4 Normal Man Cover 1",7,28,23,"2-1-BUF 45 (1:55) 8-Stephen Broomfield pass complete to 83-Sammy Altman to BUF 38 for 7 yards. Tackle by 26-Samuel Dean. 83-Sammy Altman did some fancy footwork there.","#8 Stephen Broomfield - QB","#20 Michael Muir - RB",,,"#39 Stephen Jobe - FB","#83 Sammy Altman - TE",,"#87 Dean Hansen - WR",,"#16 Scott Dendy - WR",,,"#73 Matthew Rogers - LT","#53 Jacob Burns - LG","#62 Bruce Johnson - C","#55 Samuel Turner - RG","#58 Mark Mosley - RT",,"#56 Carlos Reilly - LDE",,"#70 Gary Schwartz - DT",,"#62 John Croom - RDE","#59 Warren Crawford - SLB","#97 Anthony Kim - MLB","#98 Cory Linkous - MLB","#53 Billy Gobin - WLB","#47 Christopher Downs - CB","#45 Chris Hall - CB",,,,"#34 Kevin Hancock - SS","#26 Samuel Dean - FS",,,,,,,,,,,,,,,,,,,,,,,,,,,,,,,,,,,,
,1:51,,4,1,10,,,,28,23,"Timeout FAY",,,,,,,,,,,,,,,,,,,,,,,,,,,,,,,,,,,,,,,,,,,,,,,,,,,,,,,,,,,,,,,,,,,,,,
FAY,1:48,"BUF 38",4,1,10,"Weak I Normal WR Corner TE Middle","3-4 Normal 2 Deep Man",,28,23,"1-10-BUF 38 (1:49) 8-Stephen Broomfield pass Pass knocked down by 59-Warren Crawford. incomplete, intended for 83-Sammy Altman.","#8 Stephen Broomfield - QB","#20 Michael Muir - RB",,,"#39 Stephen Jobe - FB","#83 Sammy Altman - TE",,"#87 Dean Hansen - WR",,"#16 Scott Dendy - WR",,,"#73 Matthew Rogers - LT","#53 Jacob Burns - LG","#62 Bruce Johnson - C","#55 Samuel Turner - RG","#58 Mark Mosley - RT",,"#56 Carlos Reilly - LDE",,"#70 Gary Schwartz - DT",,"#62 John Croom - RDE","#59 Warren Crawford - SLB","#97 Anthony Kim - MLB","#98 Cory Linkous - MLB","#53 Billy Gobin - WLB","#47 Christopher Downs - CB","#45 Chris Hall - CB",,,,"#34 Kevin Hancock - SS","#26 Samuel Dean - FS",,,,,,,,,,,,,,,,,,,,,,,,,,,,,,,,,,,,
FAY,1:45,"BUF 38",4,2,10,"I Formation 3WR PA Fullback Flat","Nickel 3-3-5 Cover 2 Man Under",3,28,23,"2-10-BUF 38 (1:46) 8-Stephen Broomfield pass complete to 89-Ronald Stansberry to BUF 36 for 3 yards. Tackle by 33-Joseph Sheaffer.","#8 Stephen Broomfield - QB","#49 Samuel Bowles - RB",,,"#39 Stephen Jobe - FB",,,"#87 Dean Hansen - WR","#89 Ronald Stansberry - WR","#16 Scott Dendy - WR",,,"#73 Matthew Rogers - LT","#53 Jacob Burns - LG","#62 Bruce Johnson - C","#55 Samuel Turner - RG","#58 Mark Mosley - RT",,"#56 Carlos Reilly - LDE",,"#70 Gary Schwartz - DT",,"#62 John Croom - RDE","#59 Warren Crawford - SLB","#97 Anthony Kim - MLB",,"#53 Billy Gobin - WLB","#47 Christopher Downs - CB","#45 Chris Hall - CB",,"#33 Joseph Sheaffer - CB",,"#34 Kevin Hancock - SS","#26 Samuel Dean - FS",,,,,,,,,,,,,,,,,,,,,,,,,,,,,,,,,,,,
,1:43,,4,3,7,,,,28,23,"Timeout FAY",,,,,,,,,,,,,,,,,,,,,,,,,,,,,,,,,,,,,,,,,,,,,,,,,,,,,,,,,,,,,,,,,,,,,,
FAY,1:40,"BUF 36",4,3,7,"Strong I Big TE Post","Goal Line 3 Deep Man",,28,23,"3-7-BUF 36 (1:41) 8-Stephen Broomfield pass incomplete, intended for 20-Michael Muir.","#8 Stephen Broomfield - QB","#20 Michael Muir - RB",,,"#39 Stephen Jobe - FB","#83 Sammy Altman - TE","#81 Tommy Mayton - TE","#87 Dean Hansen - WR",,,,,"#73 Matthew Rogers - LT","#53 Jacob Burns - LG","#62 Bruce Johnson - C","#55 Samuel Turner - RG","#58 Mark Mosley - RT",,"#56 Carlos Reilly - LDE","#99 Joe Smith - RDE","#70 Gary Schwartz - DT","#72 John Letchworth - DT","#62 John Croom - RDE","#59 Warren Crawford - SLB","#97 Anthony Kim - MLB",,"#53 Billy Gobin - WLB","#47 Christopher Downs - CB","#45 Chris Hall - CB",,,,"#34 Kevin Hancock - SS",,,,,,,,,,,,,,,,,,,,,,,,,,,,,,,,,,,,,
FAY,1:37,"BUF 36",4,4,7,"I Formation 3WR WR Post","Nickel 3-3-5 Cover 2 Man Under",,28,23,"4-7-BUF 36 (1:38) 8-Stephen Broomfield pass Pass knocked down by 33-Joseph Sheaffer. incomplete, intended for 89-Ronald Stansberry. Turnover on downs.","#8 Stephen Broomfield - QB","#49 Samuel Bowles - RB",,,"#39 Stephen Jobe - FB",,,"#87 Dean Hansen - WR","#89 Ronald Stansberry - WR","#16 Scott Dendy - WR",,,"#73 Matthew Rogers - LT","#53 Jacob Burns - LG","#62 Bruce Johnson - C","#55 Samuel Turner - RG","#58 Mark Mosley - RT",,"#56 Carlos Reilly - LDE",,"#70 Gary Schwartz - DT",,"#62 John Croom - RDE","#59 Warren Crawford - SLB","#97 Anthony Kim - MLB",,"#53 Billy Gobin - WLB","#47 Christopher Downs - CB","#45 Chris Hall - CB",,"#33 Joseph Sheaffer - CB",,"#34 Kevin Hancock - SS","#26 Samuel Dean - FS",,,,,,,,,,,,,,,,,,,,,,,,,,,,,,,,,,,,
BUF,1:32,"BUF 36",4,1,10,Victory,"Quarter Normal Cover 2",,28,23,"1-10-BUF 36 (1:33) 1-Tony Maldonado kneeled down to BUF 36 for -0 yards.","#1 Tony Maldonado - QB","#43 Stevie Thomas - RB",,"#21 Rodrigo Taft - RB","#24 Gerald Gant - FB","#87 William Ackley - TE","#80 Christopher Garcia - TE",,,,,,"#73 Daniel Williams - LT","#77 Phillip Reyes - LG","#74 Mike Miesner - C","#57 Michael Boerner - RG","#51 Craig Scalf - RT",,"#52 Calais Campbell - LDE",,"#72 James Wilson - DT",,"#94 Jose Jetton - RDE",,"#98 Ben Lopez - MLB",,,"#21 Robert Quinlan - CB","#48 Joe Hilliard - CB","#37 Jack Tatum - FS","#27 Christopher Lusk - FS","#29 Eric Morrow - SS","#34 Ernest Severt - SS","#36 Tony Gibson - FS",,,,,,,,,,,,,,,,,,,,,,,,,,,,,,,,,,,,
BUF,0:58,"BUF 36",4,2,10,Victory,"Quarter Normal Prevent",,28,23,"2-10-BUF 36 (0:57) 1-Tony Maldonado kneeled down to BUF 36 for -0 yards.","#1 Tony Maldonado - QB","#43 Stevie Thomas - RB",,"#21 Rodrigo Taft - RB","#24 Gerald Gant - FB","#87 William Ackley - TE","#80 Christopher Garcia - TE",,,,,,"#73 Daniel Williams - LT","#77 Phillip Reyes - LG","#74 Mike Miesner - C","#57 Michael Boerner - RG","#51 Craig Scalf - RT",,"#52 Calais Campbell - LDE",,"#72 James Wilson - DT",,"#94 Jose Jetton - RDE",,"#98 Ben Lopez - MLB",,,"#21 Robert Quinlan - CB","#48 Joe Hilliard - CB","#37 Jack Tatum - FS","#27 Christopher Lusk - FS","#29 Eric Morrow - SS","#34 Ernest Severt - SS","#36 Tony Gibson - FS",,,,,,,,,,,,,,,,,,,,,,,,,,,,,,,,,,,,
BUF,0:15,"BUF 36",4,3,10,Victory,"Quarter Normal 3 Deep Zone Under",,28,23,"3-10-BUF 36 (0:14) 1-Tony Maldonado kneeled down to BUF 36 for -0 yards.","#1 Tony Maldonado - QB","#43 Stevie Thomas - RB",,"#21 Rodrigo Taft - RB","#24 Gerald Gant - FB","#87 William Ackley - TE","#80 Christopher Garcia - TE",,,,,,"#73 Daniel Williams - LT","#77 Phillip Reyes - LG","#74 Mike Miesner - C","#57 Michael Boerner - RG","#51 Craig Scalf - RT",,"#52 Calais Campbell - LDE",,"#72 James Wilson - DT",,"#94 Jose Jetton - RDE",,"#98 Ben Lopez - MLB",,,"#21 Robert Quinlan - CB","#48 Joe Hilliard - CB","#37 Jack Tatum - FS","#27 Christopher Lusk - FS","#29 Eric Morrow - SS","#34 Ernest Severt - SS","#36 Tony Gibson - FS",,,,,,,,,,,,,,,,,,,,,,,,,,,,,,,,,,,,
,0:00,,4,4,10,,,,28,23,"End of fourth quarter.",,,,,,,,,,,,,,,,,,,,,,,,,,,,,,,,,,,,,,,,,,,,,,,,,,,,,,,,,,,,,,,,,,,,,,
