HasBall,"Game Clock","Ball @",Quarter,Down,YTG,OffensivePlay,DefensivePlay,YardsGained,"Home Score","Away Score",Text,QB1,RB1,RB2,FB2,FB1,TE1,TE2,WR1,WR3,WR2,WR4,WR5,LT1,LG1,C1,RG1,RT1,P1,LDE1,LDE2,DT1,DT2,RDE1,SLB1,MLB1,MLB2,WLB1,CB1,CB2,CB4,CB3,CB5,SS1,FS1,FS2,"Kick Holder1","Long Snapper1","Kick Returner1","Punt Returner1",Gunner10,Gunner7,Gunner2,Gunner6,Gunner1,Gunner8,Gunner3,Gunner4,Gunner9,Gunner5,Kickoffs1,"Field Goal Kicker1","ST Blocker8","ST Blocker5","ST Blocker4","ST Blocker1","ST Blocker2","ST Blocker3","ST Blocker6","ST Blocker7","ST Rusher4","ST Rusher1","ST Rusher2","ST Rusher3","ST Rusher11","ST Rusher10","ST Rusher9","ST Rusher6","ST Rusher5","ST Rusher7","ST Rusher8"
,15:00,,1,3,6,,,,0,0,"MAY has won the toss and elected to receive.",,,,,,,,,,,,,,,,,,,,,,,,,,,,,,,,,,,,,,,,,,,,,,,,,,,,,,,,,,,,,,,,,,,,,,
GAM,15:00,"GAM 35",1,6,10,Kickoff,"Kick Return",,0,0,"(15:00) 10-James Calderon kicks 74 yards from GAM 35 to MAY -9. 22-Nicholas Cupp to MAY 27 for 37 yards. Tackle by 50-Albert Miles.",,,,,,,,,,,,,,,,,,,,,,,,,,,,,,,,,,,,,,"#22 Nicholas Cupp - RB",,"#96 Brian Shaffer - SLB","#72 Brent Perez - DT","#31 Lawrence Clark - FS","#46 Archie Kemp - CB","#52 Manuel Wilkes - WLB","#38 Wallace Coca - SS","#58 James Simpson - LDE","#28 Milton Fuchs - SS","#90 Richard Allen - WLB","#57 Walter Stallworth - MLB","#10 James Calderon - K",,,,,,,,,,,,,,,,,,,,
MAY,14:54,"MAY 27",1,1,10,"I Formation Normal FL Hitch","46 Normal Inside Blitz",13,0,0,"1-10-MAY 27 (14:55) 9-Mark Johnson pass complete to 15-Amos Jones to MAY 40 for 13 yards. Tackle by 21-James Appleby.","#9 Mark Johnson - QB","#20 John Kopf - RB",,,"#30 Joe Tann - RB","#81 Norman Ortega - TE",,"#82 Cecil Volk - WR",,"#15 Amos Jones - WR",,,"#59 David Coulter - LT","#68 Greg Thornton - LG","#62 Joseph Lara - C","#55 Ryan Grogan - RG","#55 Roger Jackson - RT",,"#52 Gary Orbison - LDE",,"#79 Henry Broughton - DT","#95 Harry Mills - DT","#72 Anthony Abdul - RDE","#90 Derrick Tapp - SLB","#45 Richard Moore - MLB",,"#50 Albert Miles - WLB","#23 Vincent Kenny - CB","#21 James Appleby - CB",,,,"#33 Russell Gibbs - SS","#30 Eric Shoffner - FS",,,,,,,,,,,,,,,,,,,,,,,,,,,,,,,,,,,,
MAY,14:22,"MAY 40",1,1,10,"I Formation 3WR PA Fullback Flat","4-3 Under Crash Right",3,0,0,"1-10-MAY 40 (14:21) 9-Mark Johnson pass complete to 30-Joe Tann to MAY 43 for 3 yards. Tackle by 45-Richard Moore. MAY 62-Joseph Lara was injured on the play. He looks like he should be able to return.","#9 Mark Johnson - QB","#22 Nicholas Cupp - RB",,,"#30 Joe Tann - RB",,,"#82 Cecil Volk - WR","#1 Andrew Lara - RB","#15 Amos Jones - WR",,,"#59 David Coulter - LT","#68 Greg Thornton - LG","#62 Joseph Lara - C","#55 Ryan Grogan - RG","#55 Roger Jackson - RT",,"#52 Gary Orbison - LDE",,"#96 Jose Godbolt - DT","#63 Michael Stingley - DT","#72 Anthony Abdul - RDE","#90 Derrick Tapp - SLB","#45 Richard Moore - MLB",,"#50 Albert Miles - WLB","#23 Vincent Kenny - CB","#21 James Appleby - CB",,,,"#33 Russell Gibbs - SS","#30 Eric Shoffner - FS",,,,,,,,,,,,,,,,,,,,,,,,,,,,,,,,,,,,
MAY,13:42,"MAY 43",1,2,7,"I Formation Normal HB Blast","4-3 Normal Man Under 1",2,0,0,"2-7-MAY 43 (13:41) 22-Nicholas Cupp ran to MAY 45 for 2 yards. Tackle by 45-Richard Moore.","#9 Mark Johnson - QB","#22 Nicholas Cupp - RB",,,"#30 Joe Tann - RB","#81 Norman Ortega - TE",,"#82 Cecil Volk - WR",,"#15 Amos Jones - WR",,,"#59 David Coulter - LT","#68 Greg Thornton - LG","#69 Victor Chalmers - C","#55 Ryan Grogan - RG","#55 Roger Jackson - RT",,"#52 Gary Orbison - LDE",,"#96 Jose Godbolt - DT","#63 Michael Stingley - DT","#72 Anthony Abdul - RDE","#90 Derrick Tapp - SLB","#50 Albert Miles - WLB",,"#45 Richard Moore - MLB","#23 Vincent Kenny - CB","#21 James Appleby - CB",,,,"#33 Russell Gibbs - SS","#30 Eric Shoffner - FS",,,,,,,,,,,,,,,,,,,,,,,,,,,,,,,,,,,,
MAY,13:09,"MAY 45",1,3,5,"Weak I Normal Skinny Posts","3-4 Normal Man Cover 1",5,0,0,"3-5-MAY 45 (13:08) 9-Mark Johnson pass complete to 22-Nicholas Cupp to MAY 50 for 5 yards. Tackle by 90-Derrick Tapp.","#9 Mark Johnson - QB","#22 Nicholas Cupp - RB",,,"#30 Joe Tann - RB","#81 Norman Ortega - TE",,"#82 Cecil Volk - WR",,"#15 Amos Jones - WR",,,"#59 David Coulter - LT","#68 Greg Thornton - LG","#69 Victor Chalmers - C","#55 Ryan Grogan - RG","#55 Roger Jackson - RT",,"#52 Gary Orbison - LDE",,"#96 Jose Godbolt - DT",,"#72 Anthony Abdul - RDE","#50 Albert Miles - WLB","#98 William King - WLB","#45 Richard Moore - MLB","#90 Derrick Tapp - SLB","#23 Vincent Kenny - CB","#21 James Appleby - CB",,,,"#33 Russell Gibbs - SS","#30 Eric Shoffner - FS",,,,,,,,,,,,,,,,,,,,,,,,,,,,,,,,,,,,
MAY,12:29,"MAY 50",1,4,,Punt,"Punt Return",55,0,0,"4-1-MAY 50 (12:28) 3-Monte Moore punts 55 yards to GAM -5.4-1-MAY 50 (12:28) 3-Monte Moore punts 55 yards to GAM -5. Touchback.",,,,,,,,,,,,,,,,,,"#3 Monte Moore - P",,,,,,,,,,,,,,,,,,,"#22 Nicholas Cupp - RB",,"#6 Don Blevins - WR",,,"#98 Fred Hassell - MLB","#52 Gary Orbison - LDE","#45 Richard Moore - MLB",,"#20 Robert Dulac - SS","#63 Michael Stingley - DT",,"#33 Russell Gibbs - SS",,,,"#76 Kenneth Reed - LT","#55 Ryan Grogan - RG","#81 Norman Ortega - TE","#59 David Coulter - LT","#83 Bradley Isbell - TE","#80 Kevin Hart - TE",,"#58 Donald Parks - LDE","#72 Anthony Abdul - RDE","#50 Albert Miles - WLB","#90 Stephen Cruz - RDE",,,,,,,
GAM,12:18,"GAM 20",1,1,10,"Singleback Normal TE Quick Out","Nickel Normal Double WR1",,0,0,"1-10-GAM 20 (12:19) 16-Jonathan Hunt pass Pass knocked down by 57-Walter Stallworth. incomplete, intended for 12-Arthur Allen.","#16 Jonathan Hunt - QB","#28 James Geis - RB",,,,"#12 Arthur Allen - WR",,"#25 Bruce Simmons - WR","#81 Leon Rogue - WR","#6 Don Blevins - WR",,,"#66 Isiah Richards - RT","#68 Pablo Patton - LG","#71 Alexander Morris - C","#74 Joseph Benard - LT","#65 Freddie Newton - LT",,"#58 James Simpson - LDE",,"#72 Brent Perez - DT","#99 Charles Coleman - DT","#50 Mark Tharp - RDE",,"#57 Walter Stallworth - MLB",,"#90 Richard Allen - WLB","#46 Archie Kemp - CB","#49 Bobby Contreras - CB",,"#37 Robert Turner - CB",,"#28 Milton Fuchs - SS","#20 Reginald Brewster - FS",,,,,,,,,,,,,,,,,,,,,,,,,,,,,,,,,,,,
GAM,12:16,"GAM 20",1,2,10,"Weak I Normal WR Corner TE Middle","4-3 Normal WLB MLB Blitz",13,0,0,"2-10-GAM 20 (12:17) 16-Jonathan Hunt pass complete to 81-Leon Rogue to GAM 33 for 13 yards. Tackle by 49-Bobby Contreras.","#16 Jonathan Hunt - QB","#17 Joseph Herrera - WR",,,"#68 Melvin Neal - LG","#12 Arthur Allen - WR",,"#25 Bruce Simmons - WR",,"#81 Leon Rogue - WR",,,"#66 Isiah Richards - RT","#68 Pablo Patton - LG","#71 Alexander Morris - C","#74 Joseph Benard - LT","#65 Freddie Newton - LT",,"#58 James Simpson - LDE",,"#72 Brent Perez - DT","#99 Charles Coleman - DT","#50 Mark Tharp - RDE","#96 Brian Shaffer - SLB","#57 Walter Stallworth - MLB",,"#52 Manuel Wilkes - WLB","#46 Archie Kemp - CB","#49 Bobby Contreras - CB",,,,"#28 Milton Fuchs - SS","#31 Lawrence Clark - FS",,,,,,,,,,,,,,,,,,,,,,,,,,,,,,,,,,,,
GAM,11:38,"GAM 33",1,1,10,"I Formation 3WR Slot Short WR Deep","Nickel Normal Shallow Zone Deep",10,0,0,"1-10-GAM 33 (11:37) 16-Jonathan Hunt pass complete to 17-Joseph Herrera to GAM 43 for 10 yards. Tackle by 37-Robert Turner.","#16 Jonathan Hunt - QB","#6 Don Blevins - WR",,,"#43 Jim Goodwin - FB",,,"#12 Arthur Allen - WR","#17 Joseph Herrera - WR","#81 Leon Rogue - WR",,,"#66 Isiah Richards - RT","#68 Pablo Patton - LG","#71 Alexander Morris - C","#74 Joseph Benard - LT","#65 Freddie Newton - LT",,"#58 James Simpson - LDE",,"#72 Brent Perez - DT","#99 Charles Coleman - DT","#50 Mark Tharp - RDE",,"#57 Walter Stallworth - MLB",,"#52 Manuel Wilkes - WLB","#46 Archie Kemp - CB","#49 Bobby Contreras - CB",,"#37 Robert Turner - CB",,"#28 Milton Fuchs - SS","#31 Lawrence Clark - FS",,,,,,,,,,,,,,,,,,,,,,,,,,,,,,,,,,,,
GAM,11:00,"GAM 43",1,1,10,"Singleback Normal HB Dive Strong","Nickel Normal Double WR2",16,0,0,"1-10-GAM 43 (10:59) 28-James Geis ran to MAY 41 for 16 yards. Tackle by 49-Bobby Contreras.","#16 Jonathan Hunt - QB","#28 James Geis - RB",,,,"#12 Arthur Allen - WR",,"#25 Bruce Simmons - WR","#81 Leon Rogue - WR","#6 Don Blevins - WR",,,"#66 Isiah Richards - RT","#68 Pablo Patton - LG","#71 Alexander Morris - C","#74 Joseph Benard - LT","#65 Freddie Newton - LT",,"#58 James Simpson - LDE",,"#72 Brent Perez - DT","#99 Charles Coleman - DT","#50 Mark Tharp - RDE",,"#57 Walter Stallworth - MLB",,"#52 Manuel Wilkes - WLB","#46 Archie Kemp - CB","#49 Bobby Contreras - CB",,"#37 Robert Turner - CB",,"#28 Milton Fuchs - SS","#20 Reginald Brewster - FS",,,,,,,,,,,,,,,,,,,,,,,,,,,,,,,,,,,,
GAM,10:19,"MAY 41",1,1,10,"Singleback Normal TE Quick Out","Nickel Normal Double WR1",,0,0,"1-10-MAY 41 (10:18) 16-Jonathan Hunt pass incomplete, dropped by 6-Don Blevins.","#16 Jonathan Hunt - QB","#28 James Geis - RB",,,,"#12 Arthur Allen - WR",,"#25 Bruce Simmons - WR","#81 Leon Rogue - WR","#6 Don Blevins - WR",,,"#66 Isiah Richards - RT","#68 Pablo Patton - LG","#71 Alexander Morris - C","#74 Joseph Benard - LT","#65 Freddie Newton - LT",,"#58 James Simpson - LDE",,"#72 Brent Perez - DT","#99 Charles Coleman - DT","#50 Mark Tharp - RDE",,"#57 Walter Stallworth - MLB",,"#52 Manuel Wilkes - WLB","#46 Archie Kemp - CB","#49 Bobby Contreras - CB",,"#37 Robert Turner - CB",,"#28 Milton Fuchs - SS","#31 Lawrence Clark - FS",,,,,,,,,,,,,,,,,,,,,,,,,,,,,,,,,,,,
GAM,10:14,"MAY 41",1,2,10,"I Formation Power HB Strong Outside","Goal Line Attack #1",-2,0,0,"2-10-MAY 41 (10:15) 28-James Geis ran to MAY 44 for -2 yards. Tackle by 52-Manuel Wilkes.","#16 Jonathan Hunt - QB","#28 James Geis - RB",,"#81 Leon Rogue - WR","#43 Jim Goodwin - FB","#17 Joseph Herrera - WR",,"#12 Arthur Allen - WR",,,,,"#66 Isiah Richards - RT","#68 Pablo Patton - LG","#71 Alexander Morris - C","#74 Joseph Benard - LT","#65 Freddie Newton - LT",,"#58 James Simpson - LDE","#95 Melvin Vargas - LDE","#72 Brent Perez - DT","#99 Charles Coleman - DT","#50 Mark Tharp - RDE","#96 Brian Shaffer - SLB","#57 Walter Stallworth - MLB",,"#52 Manuel Wilkes - WLB","#46 Archie Kemp - CB","#49 Bobby Contreras - CB",,,,"#28 Milton Fuchs - SS",,,,,,,,,,,,,,,,,,,,,,,,,,,,,,,,,,,,,
GAM,9:34,"MAY 44",1,3,12,"Shotgun Normal HB Flare","Nickel Normal Man Cover 2",11,0,0,"3-12-MAY 44 (9:33) 16-Jonathan Hunt pass complete to 81-Leon Rogue to MAY 32 for 11 yards. Tackle by 57-Walter Stallworth. PENALTY - Pass Interference (MAY 57-Walter Stallworth)","#16 Jonathan Hunt - QB","#28 James Geis - RB",,,,"#81 Leon Rogue - WR",,"#12 Arthur Allen - WR","#6 Don Blevins - WR","#17 Joseph Herrera - WR",,,"#66 Isiah Richards - RT","#68 Pablo Patton - LG","#71 Alexander Morris - C","#74 Joseph Benard - LT","#65 Freddie Newton - LT",,"#58 James Simpson - LDE",,"#72 Brent Perez - DT","#99 Charles Coleman - DT","#50 Mark Tharp - RDE",,"#57 Walter Stallworth - MLB",,"#52 Manuel Wilkes - WLB","#46 Archie Kemp - CB","#49 Bobby Contreras - CB",,"#37 Robert Turner - CB",,"#28 Milton Fuchs - SS","#31 Lawrence Clark - FS",,,,,,,,,,,,,,,,,,,,,,,,,,,,,,,,,,,,
GAM,9:30,"MAY 36",1,1,10,"Weak I Normal WR Corner TE Middle","4-3 Normal Man Under 1",6,0,0,"1-10-MAY 36 (9:31) 16-Jonathan Hunt pass complete to 17-Joseph Herrera to MAY 30 for 6 yards. Tackle by 32-Archie Kemp. 17-Joseph Herrera did some fancy footwork there.","#16 Jonathan Hunt - QB","#17 Joseph Herrera - WR",,,"#68 Melvin Neal - LG","#12 Arthur Allen - WR",,"#25 Bruce Simmons - WR",,"#81 Leon Rogue - WR",,,"#66 Isiah Richards - RT","#68 Pablo Patton - LG","#71 Alexander Morris - C","#74 Joseph Benard - LT","#65 Freddie Newton - LT",,"#58 James Simpson - LDE",,"#72 Brent Perez - DT","#99 Charles Coleman - DT","#50 Mark Tharp - RDE","#96 Brian Shaffer - SLB","#57 Walter Stallworth - MLB",,"#52 Manuel Wilkes - WLB","#46 Archie Kemp - CB","#49 Bobby Contreras - CB",,,,"#28 Milton Fuchs - SS","#31 Lawrence Clark - FS",,,,,,,,,,,,,,,,,,,,,,,,,,,,,,,,,,,,
GAM,8:47,"MAY 30",1,2,4,"I Formation Power PA Flats","Goal Line Attack #3",13,0,0,"2-4-MAY 30 (8:46) 16-Jonathan Hunt pass complete to 12-Arthur Allen to MAY 17 for 13 yards. Tackle by 32-Archie Kemp. 32-Archie Kemp got away with a hold on that play.","#16 Jonathan Hunt - QB","#28 James Geis - RB",,"#81 Leon Rogue - WR","#43 Jim Goodwin - FB","#17 Joseph Herrera - WR",,"#12 Arthur Allen - WR",,,,,"#66 Isiah Richards - RT","#68 Pablo Patton - LG","#71 Alexander Morris - C","#74 Joseph Benard - LT","#65 Freddie Newton - LT",,"#58 James Simpson - LDE","#95 Melvin Vargas - LDE","#72 Brent Perez - DT","#99 Charles Coleman - DT","#50 Mark Tharp - RDE","#96 Brian Shaffer - SLB","#57 Walter Stallworth - MLB",,"#52 Manuel Wilkes - WLB","#46 Archie Kemp - CB","#49 Bobby Contreras - CB",,,,"#28 Milton Fuchs - SS",,,,,,,,,,,,,,,,,,,,,,,,,,,,,,,,,,,,,
GAM,8:01,"MAY 17",1,1,10,"Singleback Normal HB Release Mid","Nickel Normal Double WR1",,0,0,"1-10-MAY 17 (8:00) 16-Jonathan Hunt pass INTERCEPTED by 37-Robert Turner at MAY 6. 37-Robert Turner to MAY 6 for 0 yards. Tackle by 28-James Geis.","#16 Jonathan Hunt - QB","#28 James Geis - RB",,,,"#12 Arthur Allen - WR",,"#25 Bruce Simmons - WR","#81 Leon Rogue - WR","#6 Don Blevins - WR",,,"#66 Isiah Richards - RT","#68 Pablo Patton - LG","#71 Alexander Morris - C","#74 Joseph Benard - LT","#65 Freddie Newton - LT",,"#58 James Simpson - LDE",,"#72 Brent Perez - DT","#99 Charles Coleman - DT","#50 Mark Tharp - RDE",,"#57 Walter Stallworth - MLB",,"#52 Manuel Wilkes - WLB","#46 Archie Kemp - CB","#49 Bobby Contreras - CB",,"#37 Robert Turner - CB",,"#28 Milton Fuchs - SS","#31 Lawrence Clark - FS",,,,,,,,,,,,,,,,,,,,,,,,,,,,,,,,,,,,
MAY,7:55,"MAY 6",1,1,10,"Goal Line Normal HB Off Tackle","4-3 Under Double LB Blitz",4,0,0,"1-10-MAY 6 (7:56) 22-Nicholas Cupp ran to MAY 10 for 4 yards. Tackle by 50-Albert Miles.","#9 Mark Johnson - QB","#22 Nicholas Cupp - RB",,"#30 Joe Tann - RB","#83 Bradley Isbell - TE","#81 Norman Ortega - TE","#80 Kevin Hart - TE",,,,,,"#59 David Coulter - LT","#68 Greg Thornton - LG","#69 Victor Chalmers - C","#55 Ryan Grogan - RG","#55 Roger Jackson - RT",,"#52 Gary Orbison - LDE",,"#96 Jose Godbolt - DT","#63 Michael Stingley - DT","#72 Anthony Abdul - RDE","#90 Derrick Tapp - SLB","#45 Richard Moore - MLB",,"#50 Albert Miles - WLB","#23 Vincent Kenny - CB","#21 James Appleby - CB",,,,"#33 Russell Gibbs - SS","#30 Eric Shoffner - FS",,,,,,,,,,,,,,,,,,,,,,,,,,,,,,,,,,,,
MAY,7:23,"MAY 10",1,2,6,"I Formation 3WR PA Fullback Flat","4-3 Normal Double WR3",,0,0,"2-6-MAY 10 (7:22) 9-Mark Johnson pass Pass knocked down by 50-Albert Miles. incomplete, intended for 1-Andrew Lara.","#9 Mark Johnson - QB","#22 Nicholas Cupp - RB",,,"#30 Joe Tann - RB",,,"#82 Cecil Volk - WR","#1 Andrew Lara - RB","#15 Amos Jones - WR",,,"#59 David Coulter - LT","#68 Greg Thornton - LG","#69 Victor Chalmers - C","#55 Ryan Grogan - RG","#55 Roger Jackson - RT",,"#52 Gary Orbison - LDE",,"#96 Jose Godbolt - DT","#63 Michael Stingley - DT","#72 Anthony Abdul - RDE","#90 Derrick Tapp - SLB","#50 Albert Miles - WLB",,"#45 Richard Moore - MLB","#23 Vincent Kenny - CB","#21 James Appleby - CB",,,,"#33 Russell Gibbs - SS","#30 Eric Shoffner - FS",,,,,,,,,,,,,,,,,,,,,,,,,,,,,,,,,,,,
MAY,7:18,"MAY 10",1,3,6,"I Formation Normal FL Hitch","4-3 Normal WLB MLB Blitz",,0,0,"3-6-MAY 10 (7:19) 9-Mark Johnson pass Pass knocked down by 30-Eric Shoffner. incomplete, intended for 81-Norman Ortega. Pressure by 50-Albert Miles.","#9 Mark Johnson - QB","#22 Nicholas Cupp - RB",,,"#30 Joe Tann - RB","#81 Norman Ortega - TE",,"#82 Cecil Volk - WR",,"#15 Amos Jones - WR",,,"#59 David Coulter - LT","#68 Greg Thornton - LG","#69 Victor Chalmers - C","#55 Ryan Grogan - RG","#55 Roger Jackson - RT",,"#52 Gary Orbison - LDE",,"#96 Jose Godbolt - DT","#63 Michael Stingley - DT","#72 Anthony Abdul - RDE","#90 Derrick Tapp - SLB","#50 Albert Miles - WLB",,"#45 Richard Moore - MLB","#23 Vincent Kenny - CB","#21 James Appleby - CB",,,,"#33 Russell Gibbs - SS","#30 Eric Shoffner - FS",,,,,,,,,,,,,,,,,,,,,,,,,,,,,,,,,,,,
MAY,7:14,"MAY 10",1,4,6,Punt,"Punt Return",,0,0,"4-6-MAY 10 (7:15) 3-Monte Moore punts 50 yards to GAM 40. Fair Catch by 6-Don Blevins.",,,,,,,,,,,,,,,,,,"#3 Monte Moore - P",,,,,,,,,,,,,,,,,,,"#22 Nicholas Cupp - RB",,"#6 Don Blevins - WR",,,"#90 Stephen Cruz - RDE","#33 Russell Gibbs - SS","#98 Fred Hassell - MLB",,"#50 Albert Miles - WLB","#20 Robert Dulac - SS",,"#63 Michael Stingley - DT",,,,"#76 Kenneth Reed - LT","#55 Ryan Grogan - RG","#81 Norman Ortega - TE","#59 David Coulter - LT","#83 Bradley Isbell - TE","#80 Kevin Hart - TE",,"#98 William King - WLB","#45 Richard Moore - MLB","#72 Anthony Abdul - RDE","#58 Donald Parks - LDE",,,,,,,
GAM,7:08,"GAM 40",1,1,10,"Singleback Big WR Deep","4-3 Normal Man Under 1",,0,0,"1-10-GAM 40 (7:09) 16-Jonathan Hunt pass Pass knocked down by 96-Brian Shaffer. incomplete, intended for 85-Robin Zambrano.","#16 Jonathan Hunt - QB","#28 James Geis - RB",,,,"#17 Joseph Herrera - WR","#85 Robin Zambrano - TE","#25 Bruce Simmons - WR",,"#12 Arthur Allen - WR",,,"#66 Isiah Richards - RT","#68 Pablo Patton - LG","#71 Alexander Morris - C","#74 Joseph Benard - LT","#65 Freddie Newton - LT",,"#58 James Simpson - LDE",,"#72 Brent Perez - DT","#99 Charles Coleman - DT","#50 Mark Tharp - RDE","#96 Brian Shaffer - SLB","#57 Walter Stallworth - MLB",,"#52 Manuel Wilkes - WLB","#46 Archie Kemp - CB","#49 Bobby Contreras - CB",,,,"#28 Milton Fuchs - SS","#31 Lawrence Clark - FS",,,,,,,,,,,,,,,,,,,,,,,,,,,,,,,,,,,,
GAM,7:05,"GAM 40",1,2,10,"Weak I Big WR Post TE Out","Goal Line Attack #1",,0,0,"2-10-GAM 40 (7:06) 16-Jonathan Hunt pass INTERCEPTED by 49-Bobby Contreras at GAM 49. 49-Bobby Contreras to GAM 49 for 0 yards. Tackle by 85-Robin Zambrano. Pressure by 50-Mark Tharp.","#16 Jonathan Hunt - QB","#28 James Geis - RB",,,"#43 Jim Goodwin - FB","#85 Robin Zambrano - TE","#64 Andrew Simmons - C","#12 Arthur Allen - WR",,,,,"#66 Isiah Richards - RT","#68 Pablo Patton - LG","#71 Alexander Morris - C","#74 Joseph Benard - LT","#65 Freddie Newton - LT",,"#58 James Simpson - LDE","#95 Melvin Vargas - LDE","#72 Brent Perez - DT","#99 Charles Coleman - DT","#50 Mark Tharp - RDE","#96 Brian Shaffer - SLB","#57 Walter Stallworth - MLB",,"#52 Manuel Wilkes - WLB","#46 Archie Kemp - CB","#49 Bobby Contreras - CB",,,,"#28 Milton Fuchs - SS",,,,,,,,,,,,,,,,,,,,,,,,,,,,,,,,,,,,,
MAY,7:01,"GAM 49",1,1,10,"Goal Line Normal HB Off Tackle","4-3 Normal OLB Blitz Outside",2,0,0,"1-10-GAM 49 (7:02) 22-Nicholas Cupp ran to GAM 47 for 2 yards. Tackle by 52-Gary Orbison.","#9 Mark Johnson - QB","#22 Nicholas Cupp - RB",,"#30 Joe Tann - RB","#83 Bradley Isbell - TE","#81 Norman Ortega - TE","#80 Kevin Hart - TE",,,,,,"#59 David Coulter - LT","#68 Greg Thornton - LG","#62 Joseph Lara - C","#55 Ryan Grogan - RG","#55 Roger Jackson - RT",,"#52 Gary Orbison - LDE",,"#96 Jose Godbolt - DT","#63 Michael Stingley - DT","#72 Anthony Abdul - RDE","#90 Derrick Tapp - SLB","#50 Albert Miles - WLB",,"#45 Richard Moore - MLB","#23 Vincent Kenny - CB","#21 James Appleby - CB",,,,"#33 Russell Gibbs - SS","#30 Eric Shoffner - FS",,,,,,,,,,,,,,,,,,,,,,,,,,,,,,,,,,,,
MAY,6:30,"GAM 47",1,2,8,"Weak I Normal Skinny Posts","3-4 Normal Man Cover 1",2,0,0,"2-8-GAM 47 (6:29) 9-Mark Johnson pass complete to 22-Nicholas Cupp to GAM 45 for 2 yards. Tackle by 90-Derrick Tapp.","#9 Mark Johnson - QB","#22 Nicholas Cupp - RB",,,"#30 Joe Tann - RB","#81 Norman Ortega - TE",,"#82 Cecil Volk - WR",,"#15 Amos Jones - WR",,,"#59 David Coulter - LT","#68 Greg Thornton - LG","#62 Joseph Lara - C","#55 Ryan Grogan - RG","#55 Roger Jackson - RT",,"#52 Gary Orbison - LDE",,"#96 Jose Godbolt - DT",,"#72 Anthony Abdul - RDE","#50 Albert Miles - WLB","#98 William King - WLB","#45 Richard Moore - MLB","#90 Derrick Tapp - SLB","#23 Vincent Kenny - CB","#21 James Appleby - CB",,,,"#33 Russell Gibbs - SS","#30 Eric Shoffner - FS",,,,,,,,,,,,,,,,,,,,,,,,,,,,,,,,,,,,
MAY,5:47,"GAM 45",1,3,6,"Weak I Normal Skinny Posts","46 Normal Inside Blitz",,0,0,"3-6-GAM 45 (5:46) 9-Mark Johnson pass incomplete, dropped by 15-Amos Jones. Pressure by 63-Michael Stingley.","#9 Mark Johnson - QB","#22 Nicholas Cupp - RB",,,"#30 Joe Tann - RB","#81 Norman Ortega - TE",,"#82 Cecil Volk - WR",,"#15 Amos Jones - WR",,,"#59 David Coulter - LT","#68 Greg Thornton - LG","#62 Joseph Lara - C","#55 Ryan Grogan - RG","#55 Roger Jackson - RT",,"#52 Gary Orbison - LDE",,"#96 Jose Godbolt - DT","#63 Michael Stingley - DT","#72 Anthony Abdul - RDE","#90 Derrick Tapp - SLB","#45 Richard Moore - MLB",,"#50 Albert Miles - WLB","#23 Vincent Kenny - CB","#21 James Appleby - CB",,,,"#33 Russell Gibbs - SS","#30 Eric Shoffner - FS",,,,,,,,,,,,,,,,,,,,,,,,,,,,,,,,,,,,
MAY,5:41,"GAM 45",1,4,6,Punt,"Punt Return",43,0,0,"4-6-GAM 45 (5:42) 3-Monte Moore punts 43 yards to GAM 2.",,,,,,,,,,,,,,,,,,"#3 Monte Moore - P",,,,,,,,,,,,,,,,,,,"#22 Nicholas Cupp - RB",,"#6 Don Blevins - WR",,,"#90 Stephen Cruz - RDE","#33 Russell Gibbs - SS","#98 Fred Hassell - MLB",,"#20 Robert Dulac - SS","#58 Donald Parks - LDE",,"#63 Michael Stingley - DT",,,,"#76 Kenneth Reed - LT","#55 Ryan Grogan - RG","#81 Norman Ortega - TE","#59 David Coulter - LT","#83 Bradley Isbell - TE","#80 Kevin Hart - TE",,"#98 William King - WLB","#45 Richard Moore - MLB","#72 Anthony Abdul - RDE","#50 Albert Miles - WLB",,,,,,,
GAM,5:32,"GAM 2",1,1,10,"Singleback Normal HB Dive Strong","Nickel Normal Double WR1",15,0,0,"1-10-GAM 2 (5:33) 28-James Geis ran to GAM 17 for 15 yards. Tackle by 32-Archie Kemp.","#16 Jonathan Hunt - QB","#28 James Geis - RB",,,,"#12 Arthur Allen - WR",,"#25 Bruce Simmons - WR","#81 Leon Rogue - WR","#6 Don Blevins - WR",,,"#66 Isiah Richards - RT","#68 Pablo Patton - LG","#71 Alexander Morris - C","#74 Joseph Benard - LT","#65 Freddie Newton - LT",,"#95 Melvin Vargas - LDE",,"#72 Brent Perez - DT","#99 Charles Coleman - DT","#50 Mark Tharp - RDE",,"#57 Walter Stallworth - MLB",,"#90 Richard Allen - WLB","#46 Archie Kemp - CB","#49 Bobby Contreras - CB",,"#37 Robert Turner - CB",,"#28 Milton Fuchs - SS","#20 Reginald Brewster - FS",,,,,,,,,,,,,,,,,,,,,,,,,,,,,,,,,,,,
GAM,4:48,"GAM 17",1,1,10,"I Formation Power Play Action HB Downfield","Goal Line Attack #2",11,0,0,"1-10-GAM 17 (4:47) 16-Jonathan Hunt pass complete to 12-Arthur Allen to GAM 28 for 11 yards. Tackle by 32-Archie Kemp. PENALTY - Holding (GAM 28-James Geis)","#16 Jonathan Hunt - QB","#28 James Geis - RB",,"#81 Leon Rogue - WR","#43 Jim Goodwin - FB","#17 Joseph Herrera - WR",,"#12 Arthur Allen - WR",,,,,"#66 Isiah Richards - RT","#68 Pablo Patton - LG","#71 Alexander Morris - C","#74 Joseph Benard - LT","#65 Freddie Newton - LT",,"#58 James Simpson - LDE","#95 Melvin Vargas - LDE","#72 Brent Perez - DT","#99 Charles Coleman - DT","#50 Mark Tharp - RDE","#96 Brian Shaffer - SLB","#57 Walter Stallworth - MLB",,"#52 Manuel Wilkes - WLB","#46 Archie Kemp - CB","#49 Bobby Contreras - CB",,,,"#28 Milton Fuchs - SS",,,,,,,,,,,,,,,,,,,,,,,,,,,,,,,,,,,,,
GAM,4:42,"GAM 8",1,1,18,"Singleback Big WR Deep","4-3 Normal Man Under 1",14,0,0,"1-18-GAM 8 (4:43) 16-Jonathan Hunt pass complete to 12-Arthur Allen to GAM 23 for 14 yards. Tackle by 49-Bobby Contreras.","#16 Jonathan Hunt - QB","#28 James Geis - RB",,,,"#17 Joseph Herrera - WR","#85 Robin Zambrano - TE","#25 Bruce Simmons - WR",,"#12 Arthur Allen - WR",,,"#66 Isiah Richards - RT","#68 Pablo Patton - LG","#71 Alexander Morris - C","#74 Joseph Benard - LT","#65 Freddie Newton - LT",,"#58 James Simpson - LDE",,"#72 Brent Perez - DT","#99 Charles Coleman - DT","#50 Mark Tharp - RDE","#96 Brian Shaffer - SLB","#57 Walter Stallworth - MLB",,"#52 Manuel Wilkes - WLB","#46 Archie Kemp - CB","#49 Bobby Contreras - CB",,,,"#28 Milton Fuchs - SS","#31 Lawrence Clark - FS",,,,,,,,,,,,,,,,,,,,,,,,,,,,,,,,,,,,
GAM,4:00,"GAM 23",1,2,4,"I Formation Normal FL Hitch","4-3 Normal WLB MLB Blitz",4,0,0,"2-4-GAM 23 (3:59) 16-Jonathan Hunt pass complete to 12-Arthur Allen to GAM 27 for 4 yards. Tackle by 32-Archie Kemp.","#16 Jonathan Hunt - QB","#6 Don Blevins - WR",,,"#43 Jim Goodwin - FB","#64 Andrew Simmons - C",,"#12 Arthur Allen - WR",,"#17 Joseph Herrera - WR",,,"#66 Isiah Richards - RT","#68 Pablo Patton - LG","#71 Alexander Morris - C","#74 Joseph Benard - LT","#65 Freddie Newton - LT",,"#58 James Simpson - LDE",,"#72 Brent Perez - DT","#99 Charles Coleman - DT","#50 Mark Tharp - RDE","#96 Brian Shaffer - SLB","#57 Walter Stallworth - MLB",,"#90 Richard Allen - WLB","#46 Archie Kemp - CB","#49 Bobby Contreras - CB",,,,"#28 Milton Fuchs - SS","#31 Lawrence Clark - FS",,,,,,,,,,,,,,,,,,,,,,,,,,,,,,,,,,,,
GAM,3:24,"GAM 27",1,1,10,"Weak I Big WR Post TE Out","Goal Line Attack #2",9,0,0,"1-10-GAM 27 (3:23) 16-Jonathan Hunt pass complete to 64-Andrew Simmons to GAM 36 for 9 yards. Tackle by 28-Milton Fuchs. Pressure by 57-Walter Stallworth.","#16 Jonathan Hunt - QB","#28 James Geis - RB",,,"#43 Jim Goodwin - FB","#85 Robin Zambrano - TE","#64 Andrew Simmons - C","#12 Arthur Allen - WR",,,,,"#66 Isiah Richards - RT","#68 Pablo Patton - LG","#71 Alexander Morris - C","#74 Joseph Benard - LT","#65 Freddie Newton - LT",,"#58 James Simpson - LDE","#95 Melvin Vargas - LDE","#72 Brent Perez - DT","#99 Charles Coleman - DT","#50 Mark Tharp - RDE","#96 Brian Shaffer - SLB","#57 Walter Stallworth - MLB",,"#52 Manuel Wilkes - WLB","#46 Archie Kemp - CB","#49 Bobby Contreras - CB",,,,"#28 Milton Fuchs - SS",,,,,,,,,,,,,,,,,,,,,,,,,,,,,,,,,,,,,
GAM,2:46,"GAM 36",1,2,1,"I Formation Normal FL Hitch","4-3 Normal Man Under 1",64,0,6,"2-1-GAM 36 (2:45) 16-Jonathan Hunt pass complete to 17-Joseph Herrera for 64 yards. TOUCHDOWN! MAY 0 GAM 6","#16 Jonathan Hunt - QB","#6 Don Blevins - WR",,,"#43 Jim Goodwin - FB","#64 Andrew Simmons - C",,"#12 Arthur Allen - WR",,"#17 Joseph Herrera - WR",,,"#66 Isiah Richards - RT","#68 Pablo Patton - LG","#71 Alexander Morris - C","#74 Joseph Benard - LT","#65 Freddie Newton - LT",,"#58 James Simpson - LDE",,"#72 Brent Perez - DT","#99 Charles Coleman - DT","#50 Mark Tharp - RDE","#96 Brian Shaffer - SLB","#57 Walter Stallworth - MLB",,"#52 Manuel Wilkes - WLB","#46 Archie Kemp - CB","#49 Bobby Contreras - CB",,,,"#28 Milton Fuchs - SS","#31 Lawrence Clark - FS",,,,,,,,,,,,,,,,,,,,,,,,,,,,,,,,,,,,
GAM,2:35,"MAY 15",1,7,15,"Field Goal","FG Block",25,0,7,"(2:36) Extra point GOOD by 10-James Calderon. MAY 0 GAM 7",,,,,,,,,,,,,,,,,,,,,,,,,,,,,,,,,,,,"#14 Kurt Hartley - P","#68 Pablo Patton - LG",,,,,,,,,,,,,,"#10 James Calderon - K","#64 Andrew Simmons - C","#90 Stephen Cruz - RDE","#68 Melvin Neal - LG","#66 Isiah Richards - RT","#71 Alexander Morris - C","#69 Miguel Gaylord - RT","#28 James Geis - RB","#6 Don Blevins - WR","#96 Brian Shaffer - SLB","#97 Jason Mayor - MLB","#50 Mark Tharp - RDE","#72 Brent Perez - DT","#61 Brain Emmett - DT","#90 Richard Allen - WLB","#65 Joseph Downey - RDE","#31 Lawrence Clark - FS","#58 James Simpson - LDE","#57 Walter Stallworth - MLB","#52 Manuel Wilkes - WLB"
GAM,2:35,"GAM 35",1,6,10,Kickoff,"Kick Return",,0,7,"(2:36) 10-James Calderon kicks 74 yards from GAM 35 to MAY -9. Touchback.",,,,,,,,,,,,,,,,,,,,,,,,,,,,,,,,,,,,,,"#22 Nicholas Cupp - RB",,"#52 Manuel Wilkes - WLB","#96 Brian Shaffer - SLB","#38 Wallace Coca - SS","#28 Milton Fuchs - SS","#72 Brent Perez - DT","#57 Walter Stallworth - MLB","#90 Richard Allen - WLB","#31 Lawrence Clark - FS","#46 Archie Kemp - CB","#58 James Simpson - LDE","#10 James Calderon - K",,,,,,,,,,,,,,,,,,,,
MAY,2:35,"MAY 25",1,1,10,"Weak I Normal Skinny Posts","4-3 Normal OLB Blitz Outside",,0,7,"1-10-MAY 25 (2:36) 9-Mark Johnson pass INTERCEPTED by 30-Eric Shoffner at MAY 31. 30-Eric Shoffner to MAY 31 for 0 yards. Tackle by 81-Norman Ortega.","#9 Mark Johnson - QB","#22 Nicholas Cupp - RB",,,"#30 Joe Tann - RB","#81 Norman Ortega - TE",,"#82 Cecil Volk - WR",,"#15 Amos Jones - WR",,,"#59 David Coulter - LT","#68 Greg Thornton - LG","#62 Joseph Lara - C","#55 Ryan Grogan - RG","#55 Roger Jackson - RT",,"#52 Gary Orbison - LDE",,"#96 Jose Godbolt - DT","#63 Michael Stingley - DT","#72 Anthony Abdul - RDE","#90 Derrick Tapp - SLB","#50 Albert Miles - WLB",,"#45 Richard Moore - MLB","#23 Vincent Kenny - CB","#21 James Appleby - CB",,,,"#33 Russell Gibbs - SS","#30 Eric Shoffner - FS",,,,,,,,,,,,,,,,,,,,,,,,,,,,,,,,,,,,
GAM,2:32,"MAY 31",1,1,10,"I Formation Normal FL Hitch","4-3 Normal Man Under 1",9,0,7,"1-10-MAY 31 (2:33) 16-Jonathan Hunt pass complete to 64-Andrew Simmons to MAY 22 for 9 yards. Tackle by 57-Walter Stallworth. 31-Lawrence Clark got away with a hold on that play.","#16 Jonathan Hunt - QB","#6 Don Blevins - WR",,,"#43 Jim Goodwin - FB","#64 Andrew Simmons - C",,"#12 Arthur Allen - WR",,"#17 Joseph Herrera - WR",,,"#66 Isiah Richards - RT","#68 Pablo Patton - LG","#71 Alexander Morris - C","#74 Joseph Benard - LT","#65 Freddie Newton - LT",,"#58 James Simpson - LDE",,"#72 Brent Perez - DT","#99 Charles Coleman - DT","#50 Mark Tharp - RDE","#96 Brian Shaffer - SLB","#57 Walter Stallworth - MLB",,"#52 Manuel Wilkes - WLB","#46 Archie Kemp - CB","#49 Bobby Contreras - CB",,,,"#28 Milton Fuchs - SS","#31 Lawrence Clark - FS",,,,,,,,,,,,,,,,,,,,,,,,,,,,,,,,,,,,
GAM,1:56,"MAY 22",1,2,1,"I Formation Power HB Strong Outside","Goal Line Attack #3",2,0,7,"2-1-MAY 22 (1:55) 28-James Geis ran to MAY 20 for 2 yards. Tackle by 32-Archie Kemp. 12-Arthur Allen missed that block completely.","#16 Jonathan Hunt - QB","#28 James Geis - RB",,"#81 Leon Rogue - WR","#43 Jim Goodwin - FB","#17 Joseph Herrera - WR",,"#12 Arthur Allen - WR",,,,,"#66 Isiah Richards - RT","#68 Pablo Patton - LG","#71 Alexander Morris - C","#74 Joseph Benard - LT","#65 Freddie Newton - LT",,"#58 James Simpson - LDE","#95 Melvin Vargas - LDE","#72 Brent Perez - DT","#99 Charles Coleman - DT","#50 Mark Tharp - RDE","#96 Brian Shaffer - SLB","#57 Walter Stallworth - MLB",,"#52 Manuel Wilkes - WLB","#46 Archie Kemp - CB","#49 Bobby Contreras - CB",,,,"#28 Milton Fuchs - SS",,,,,,,,,,,,,,,,,,,,,,,,,,,,,,,,,,,,,
GAM,1:15,"MAY 20",1,1,10,"Singleback Normal HB Dive Weak","Nickel Normal Shallow Zone Deep",12,0,7,"1-10-MAY 20 (1:14) 28-James Geis ran to MAY 9 for 12 yards. Tackle by 28-Milton Fuchs.","#16 Jonathan Hunt - QB","#28 James Geis - RB",,,,"#12 Arthur Allen - WR",,"#25 Bruce Simmons - WR","#81 Leon Rogue - WR","#6 Don Blevins - WR",,,"#66 Isiah Richards - RT","#68 Pablo Patton - LG","#71 Alexander Morris - C","#74 Joseph Benard - LT","#65 Freddie Newton - LT",,"#58 James Simpson - LDE",,"#72 Brent Perez - DT","#99 Charles Coleman - DT","#50 Mark Tharp - RDE",,"#57 Walter Stallworth - MLB",,"#52 Manuel Wilkes - WLB","#46 Archie Kemp - CB","#49 Bobby Contreras - CB",,"#37 Robert Turner - CB",,"#28 Milton Fuchs - SS","#31 Lawrence Clark - FS",,,,,,,,,,,,,,,,,,,,,,,,,,,,,,,,,,,,
GAM,0:36,"MAY 9",1,1,9,"I Formation 3WR FL Post","Nickel Normal Double WR1",9,0,13,"1-9-MAY 9 (0:35) 16-Jonathan Hunt pass complete to 6-Don Blevins for 9 yards. TOUCHDOWN! MAY 0 GAM 13","#16 Jonathan Hunt - QB","#6 Don Blevins - WR",,,"#43 Jim Goodwin - FB",,,"#12 Arthur Allen - WR","#17 Joseph Herrera - WR","#81 Leon Rogue - WR",,,"#66 Isiah Richards - RT","#68 Pablo Patton - LG","#71 Alexander Morris - C","#74 Joseph Benard - LT","#65 Freddie Newton - LT",,"#58 James Simpson - LDE",,"#72 Brent Perez - DT","#99 Charles Coleman - DT","#50 Mark Tharp - RDE",,"#57 Walter Stallworth - MLB",,"#52 Manuel Wilkes - WLB","#46 Archie Kemp - CB","#49 Bobby Contreras - CB",,"#37 Robert Turner - CB",,"#28 Milton Fuchs - SS","#31 Lawrence Clark - FS",,,,,,,,,,,,,,,,,,,,,,,,,,,,,,,,,,,,
GAM,0:30,"MAY 15",1,7,15,"Field Goal","FG Block",25,0,14,"(0:31) Extra point GOOD by 10-James Calderon. MAY 0 GAM 14",,,,,,,,,,,,,,,,,,,,,,,,,,,,,,,,,,,,"#14 Kurt Hartley - P","#68 Pablo Patton - LG",,,,,,,,,,,,,,"#10 James Calderon - K","#64 Andrew Simmons - C","#6 Don Blevins - WR","#68 Melvin Neal - LG","#66 Isiah Richards - RT","#71 Alexander Morris - C","#69 Miguel Gaylord - RT","#90 Stephen Cruz - RDE","#28 James Geis - RB","#50 Mark Tharp - RDE","#96 Brian Shaffer - SLB","#97 Jason Mayor - MLB","#58 James Simpson - LDE","#61 Brain Emmett - DT","#90 Richard Allen - WLB","#65 Joseph Downey - RDE","#57 Walter Stallworth - MLB","#31 Lawrence Clark - FS","#52 Manuel Wilkes - WLB","#72 Brent Perez - DT"
GAM,0:30,"GAM 35",1,6,10,Kickoff,"Kick Return",,0,14,"(0:31) 10-James Calderon kicks 75 yards from GAM 35 to MAY -10. Touchback.",,,,,,,,,,,,,,,,,,,,,,,,,,,,,,,,,,,,,,"#22 Nicholas Cupp - RB",,"#96 Brian Shaffer - SLB","#72 Brent Perez - DT","#31 Lawrence Clark - FS","#46 Archie Kemp - CB","#52 Manuel Wilkes - WLB","#38 Wallace Coca - SS","#58 James Simpson - LDE","#28 Milton Fuchs - SS","#90 Richard Allen - WLB","#57 Walter Stallworth - MLB","#10 James Calderon - K",,,,,,,,,,,,,,,,,,,,
MAY,0:30,"MAY 25",1,1,10,"I Formation 3WR PA Fullback Flat","3-4 Normal Man Cover 1",3,0,14,"1-10-MAY 25 (0:31) 9-Mark Johnson pass complete to 1-Andrew Lara to MAY 28 for 3 yards. Tackle by 90-Derrick Tapp.","#9 Mark Johnson - QB","#22 Nicholas Cupp - RB",,,"#30 Joe Tann - RB",,,"#82 Cecil Volk - WR","#1 Andrew Lara - RB","#15 Amos Jones - WR",,,"#59 David Coulter - LT","#68 Greg Thornton - LG","#62 Joseph Lara - C","#55 Ryan Grogan - RG","#55 Roger Jackson - RT",,"#52 Gary Orbison - LDE",,"#96 Jose Godbolt - DT",,"#72 Anthony Abdul - RDE","#50 Albert Miles - WLB","#98 William King - WLB","#45 Richard Moore - MLB","#90 Derrick Tapp - SLB","#23 Vincent Kenny - CB","#21 James Appleby - CB",,,,"#33 Russell Gibbs - SS","#30 Eric Shoffner - FS",,,,,,,,,,,,,,,,,,,,,,,,,,,,,,,,,,,,
,0:00,,1,2,7,,,,0,14,"End of first quarter.",,,,,,,,,,,,,,,,,,,,,,,,,,,,,,,,,,,,,,,,,,,,,,,,,,,,,,,,,,,,,,,,,,,,,,
MAY,15:00,"MAY 28",2,2,7,"I Formation 3WR WR Out","3-4 Normal Man Cover 1",9,0,14,"2-7-MAY 28 (15:00) 9-Mark Johnson pass complete to 1-Andrew Lara to MAY 38 for 9 yards. Tackle by 30-Eric Shoffner.","#9 Mark Johnson - QB","#22 Nicholas Cupp - RB",,,"#30 Joe Tann - RB",,,"#82 Cecil Volk - WR","#1 Andrew Lara - RB","#15 Amos Jones - WR",,,"#59 David Coulter - LT","#68 Greg Thornton - LG","#62 Joseph Lara - C","#55 Ryan Grogan - RG","#55 Roger Jackson - RT",,"#52 Gary Orbison - LDE",,"#96 Jose Godbolt - DT",,"#72 Anthony Abdul - RDE","#50 Albert Miles - WLB","#98 William King - WLB","#45 Richard Moore - MLB","#90 Derrick Tapp - SLB","#23 Vincent Kenny - CB","#21 James Appleby - CB",,,,"#33 Russell Gibbs - SS","#30 Eric Shoffner - FS",,,,,,,,,,,,,,,,,,,,,,,,,,,,,,,,,,,,
MAY,14:27,"MAY 38",2,1,10,"Shotgun Normal HB Flare","4-3 Normal Man Under 1",3,0,14,"1-10-MAY 38 (14:26) 9-Mark Johnson pass complete to 21-John Kopf to MAY 41 for 3 yards. Tackle by 23-Vincent Kenny.","#9 Mark Johnson - QB","#20 John Kopf - RB",,,,"#81 Norman Ortega - TE",,"#15 Amos Jones - WR","#1 Andrew Lara - RB","#82 Cecil Volk - WR",,,"#59 David Coulter - LT","#68 Greg Thornton - LG","#62 Joseph Lara - C","#55 Ryan Grogan - RG","#55 Roger Jackson - RT",,"#52 Gary Orbison - LDE",,"#96 Jose Godbolt - DT","#63 Michael Stingley - DT","#72 Anthony Abdul - RDE","#90 Derrick Tapp - SLB","#50 Albert Miles - WLB",,"#45 Richard Moore - MLB","#23 Vincent Kenny - CB","#21 James Appleby - CB",,,,"#33 Russell Gibbs - SS","#30 Eric Shoffner - FS",,,,,,,,,,,,,,,,,,,,,,,,,,,,,,,,,,,,
MAY,13:53,"MAY 41",2,2,7,"I Formation Normal HB Dive","3-4 Normal Man Cover 1",9,0,14,"2-7-MAY 41 (13:52) 22-Nicholas Cupp ran to GAM 50 for 9 yards. Tackle by 33-Russell Gibbs.","#9 Mark Johnson - QB","#22 Nicholas Cupp - RB",,,"#30 Joe Tann - RB","#81 Norman Ortega - TE",,"#82 Cecil Volk - WR",,"#15 Amos Jones - WR",,,"#59 David Coulter - LT","#68 Greg Thornton - LG","#62 Joseph Lara - C","#55 Ryan Grogan - RG","#55 Roger Jackson - RT",,"#52 Gary Orbison - LDE",,"#96 Jose Godbolt - DT",,"#72 Anthony Abdul - RDE","#50 Albert Miles - WLB","#98 William King - WLB","#45 Richard Moore - MLB","#90 Derrick Tapp - SLB","#23 Vincent Kenny - CB","#21 James Appleby - CB",,,,"#33 Russell Gibbs - SS","#30 Eric Shoffner - FS",,,,,,,,,,,,,,,,,,,,,,,,,,,,,,,,,,,,
MAY,13:16,"GAM 50",2,1,10,"I Formation Power HB Draw","3-4 Normal Man Cover 1",3,0,14,"1-10-GAM 50 (13:15) 22-Nicholas Cupp ran to GAM 47 for 3 yards. Tackle by 21-James Appleby.","#9 Mark Johnson - QB","#22 Nicholas Cupp - RB",,"#23 Herman Anderton - FB","#30 Joe Tann - RB","#81 Norman Ortega - TE",,"#82 Cecil Volk - WR",,,,,"#59 David Coulter - LT","#68 Greg Thornton - LG","#62 Joseph Lara - C","#55 Ryan Grogan - RG","#55 Roger Jackson - RT",,"#52 Gary Orbison - LDE",,"#96 Jose Godbolt - DT",,"#72 Anthony Abdul - RDE","#50 Albert Miles - WLB","#98 William King - WLB","#45 Richard Moore - MLB","#90 Derrick Tapp - SLB","#23 Vincent Kenny - CB","#21 James Appleby - CB",,,,"#33 Russell Gibbs - SS","#30 Eric Shoffner - FS",,,,,,,,,,,,,,,,,,,,,,,,,,,,,,,,,,,,
MAY,12:32,"GAM 47",2,2,7,"I Formation Normal HB Dive","4-3 Normal Man Under 1",1,0,14,"2-7-GAM 47 (12:31) 22-Nicholas Cupp ran to GAM 45 for 1 yards. Tackle by 63-Michael Stingley.","#9 Mark Johnson - QB","#22 Nicholas Cupp - RB",,,"#30 Joe Tann - RB","#81 Norman Ortega - TE",,"#82 Cecil Volk - WR",,"#15 Amos Jones - WR",,,"#59 David Coulter - LT","#68 Greg Thornton - LG","#62 Joseph Lara - C","#55 Ryan Grogan - RG","#55 Roger Jackson - RT",,"#52 Gary Orbison - LDE",,"#96 Jose Godbolt - DT","#63 Michael Stingley - DT","#72 Anthony Abdul - RDE","#90 Derrick Tapp - SLB","#50 Albert Miles - WLB",,"#45 Richard Moore - MLB","#23 Vincent Kenny - CB","#21 James Appleby - CB",,,,"#33 Russell Gibbs - SS","#30 Eric Shoffner - FS",,,,,,,,,,,,,,,,,,,,,,,,,,,,,,,,,,,,
MAY,11:55,"GAM 45",2,3,5,"I Formation Normal FL Hitch","4-3 Normal Man Under 1",4,0,14,"3-5-GAM 45 (11:54) 9-Mark Johnson pass complete to 15-Amos Jones to GAM 41 for 4 yards. Tackle by 21-James Appleby.","#9 Mark Johnson - QB","#22 Nicholas Cupp - RB",,,"#30 Joe Tann - RB","#81 Norman Ortega - TE",,"#82 Cecil Volk - WR",,"#15 Amos Jones - WR",,,"#59 David Coulter - LT","#68 Greg Thornton - LG","#62 Joseph Lara - C","#55 Ryan Grogan - RG","#55 Roger Jackson - RT",,"#52 Gary Orbison - LDE",,"#96 Jose Godbolt - DT","#63 Michael Stingley - DT","#72 Anthony Abdul - RDE","#90 Derrick Tapp - SLB","#50 Albert Miles - WLB",,"#45 Richard Moore - MLB","#23 Vincent Kenny - CB","#21 James Appleby - CB",,,,"#33 Russell Gibbs - SS","#30 Eric Shoffner - FS",,,,,,,,,,,,,,,,,,,,,,,,,,,,,,,,,,,,
MAY,11:16,"GAM 41",2,4,2,Punt,"Punt Return",39,0,14,"4-2-GAM 41 (11:15) 3-Monte Moore punts 39 yards to GAM 3.",,,,,,,,,,,,,,,,,,"#3 Monte Moore - P",,,,,,,,,,,,,,,,,,,"#22 Nicholas Cupp - RB",,"#6 Don Blevins - WR",,,"#98 Fred Hassell - MLB","#52 Gary Orbison - LDE","#45 Richard Moore - MLB",,"#20 Robert Dulac - SS","#63 Michael Stingley - DT",,"#33 Russell Gibbs - SS",,,,"#76 Kenneth Reed - LT","#55 Ryan Grogan - RG","#81 Norman Ortega - TE","#59 David Coulter - LT","#83 Bradley Isbell - TE","#80 Kevin Hart - TE",,"#58 Donald Parks - LDE","#72 Anthony Abdul - RDE","#50 Albert Miles - WLB","#90 Stephen Cruz - RDE",,,,,,,
GAM,11:04,"GAM 3",2,1,10,"Singleback Big Corner Ins","4-3 Normal Man Under 1",,0,14,"1-10-GAM 3 (11:05) 16-Jonathan Hunt pass Pass knocked down by 96-Brian Shaffer. incomplete, intended for 85-Robin Zambrano.","#16 Jonathan Hunt - QB","#28 James Geis - RB",,,,"#17 Joseph Herrera - WR","#85 Robin Zambrano - TE","#25 Bruce Simmons - WR",,"#12 Arthur Allen - WR",,,"#66 Isiah Richards - RT","#68 Pablo Patton - LG","#71 Alexander Morris - C","#74 Joseph Benard - LT","#65 Freddie Newton - LT",,"#95 Melvin Vargas - LDE",,"#72 Brent Perez - DT","#99 Charles Coleman - DT","#50 Mark Tharp - RDE","#96 Brian Shaffer - SLB","#57 Walter Stallworth - MLB",,"#90 Richard Allen - WLB","#46 Archie Kemp - CB","#49 Bobby Contreras - CB",,,,"#28 Milton Fuchs - SS","#20 Reginald Brewster - FS",,,,,,,,,,,,,,,,,,,,,,,,,,,,,,,,,,,,
GAM,11:01,"GAM 3",2,2,10,"I Formation 3WR FL Post","Nickel Normal Man Cover 2",12,0,14,"2-10-GAM 3 (11:02) 16-Jonathan Hunt pass complete to 6-Don Blevins to GAM 14 for 12 yards. Tackle by 32-Archie Kemp.","#16 Jonathan Hunt - QB","#6 Don Blevins - WR",,,"#43 Jim Goodwin - FB",,,"#12 Arthur Allen - WR","#17 Joseph Herrera - WR","#81 Leon Rogue - WR",,,"#66 Isiah Richards - RT","#68 Pablo Patton - LG","#71 Alexander Morris - C","#74 Joseph Benard - LT","#65 Freddie Newton - LT",,"#95 Melvin Vargas - LDE",,"#72 Brent Perez - DT","#99 Charles Coleman - DT","#50 Mark Tharp - RDE",,"#57 Walter Stallworth - MLB",,"#90 Richard Allen - WLB","#46 Archie Kemp - CB","#49 Bobby Contreras - CB",,"#37 Robert Turner - CB",,"#28 Milton Fuchs - SS","#31 Lawrence Clark - FS",,,,,,,,,,,,,,,,,,,,,,,,,,,,,,,,,,,,
GAM,10:17,"GAM 14",2,1,10,"I Formation Normal FL Hitch","4-3 Normal Man Under 1",47,0,14,"1-10-GAM 14 (10:16) 16-Jonathan Hunt pass complete to 17-Joseph Herrera to MAY 39 for 47 yards. Tackle by 49-Bobby Contreras.","#16 Jonathan Hunt - QB","#6 Don Blevins - WR",,,"#43 Jim Goodwin - FB","#64 Andrew Simmons - C",,"#12 Arthur Allen - WR",,"#17 Joseph Herrera - WR",,,"#66 Isiah Richards - RT","#68 Pablo Patton - LG","#71 Alexander Morris - C","#74 Joseph Benard - LT","#65 Freddie Newton - LT",,"#58 James Simpson - LDE",,"#72 Brent Perez - DT","#99 Charles Coleman - DT","#50 Mark Tharp - RDE","#96 Brian Shaffer - SLB","#57 Walter Stallworth - MLB",,"#52 Manuel Wilkes - WLB","#46 Archie Kemp - CB","#49 Bobby Contreras - CB",,,,"#28 Milton Fuchs - SS","#20 Reginald Brewster - FS",,,,,,,,,,,,,,,,,,,,,,,,,,,,,,,,,,,,
GAM,9:36,"MAY 39",2,1,10,"I Formation 3WR WR Out","Nickel Normal Shallow Zone Deep",7,0,14,"1-10-MAY 39 (9:35) 16-Jonathan Hunt pass complete to 25-Bruce Simmons to MAY 32 for 7 yards. Tackle by 74-Ervin Schram.","#16 Jonathan Hunt - QB","#28 James Geis - RB",,,"#43 Jim Goodwin - FB",,,"#81 Leon Rogue - WR","#6 Don Blevins - WR","#25 Bruce Simmons - WR",,,"#66 Isiah Richards - RT","#68 Pablo Patton - LG","#71 Alexander Morris - C","#74 Joseph Benard - LT","#65 Freddie Newton - LT",,"#58 James Simpson - LDE",,"#72 Brent Perez - DT","#99 Charles Coleman - DT","#50 Mark Tharp - RDE",,"#74 Ervin Schram - MLB",,"#90 Richard Allen - WLB","#49 Bobby Contreras - CB","#37 Robert Turner - CB",,"#20 Reginald Brewster - FS",,"#38 Wallace Coca - SS","#31 Lawrence Clark - FS",,,,,,,,,,,,,,,,,,,,,,,,,,,,,,,,,,,,
GAM,8:58,"MAY 32",2,2,3,"I Formation Power Play Action HB Downfield","Goal Line Attack #3",-7,0,14,"2-3-MAY 32 (8:57) 16-Jonathan Hunt sacked at MAY 39 for -7 yards (90-Richard Allen). Sack allowed by 24-Michael Reid. 24-Michael Reid was completely beat on that play.","#16 Jonathan Hunt - QB","#28 James Geis - RB",,"#24 Michael Reid - RB","#43 Jim Goodwin - FB","#85 Robin Zambrano - TE",,"#81 Leon Rogue - WR",,,,,"#66 Isiah Richards - RT","#68 Pablo Patton - LG","#71 Alexander Morris - C","#74 Joseph Benard - LT","#65 Freddie Newton - LT",,"#58 James Simpson - LDE","#95 Melvin Vargas - LDE","#72 Brent Perez - DT","#99 Charles Coleman - DT","#50 Mark Tharp - RDE","#96 Brian Shaffer - SLB","#74 Ervin Schram - MLB",,"#90 Richard Allen - WLB","#46 Archie Kemp - CB","#37 Robert Turner - CB",,,,"#38 Wallace Coca - SS",,,,,,,,,,,,,,,,,,,,,,,,,,,,,,,,,,,,,
GAM,8:16,"MAY 39",2,3,10,"Singleback Big Corner Ins","4-3 Normal WLB MLB Blitz",-8,0,14,"3-10-MAY 39 (8:15) 16-Jonathan Hunt sacked at MAY 47 for -8 yards (50-Mark Tharp). Sack allowed by 66-Isiah Richards.","#16 Jonathan Hunt - QB","#28 James Geis - RB",,,,"#85 Robin Zambrano - TE","#24 Michael Reid - RB","#25 Bruce Simmons - WR",,"#12 Arthur Allen - WR",,,"#66 Isiah Richards - RT","#68 Pablo Patton - LG","#71 Alexander Morris - C","#74 Joseph Benard - LT","#65 Freddie Newton - LT",,"#58 James Simpson - LDE",,"#72 Brent Perez - DT","#99 Charles Coleman - DT","#50 Mark Tharp - RDE","#96 Brian Shaffer - SLB","#57 Walter Stallworth - MLB",,"#52 Manuel Wilkes - WLB","#46 Archie Kemp - CB","#49 Bobby Contreras - CB",,,,"#28 Milton Fuchs - SS","#31 Lawrence Clark - FS",,,,,,,,,,,,,,,,,,,,,,,,,,,,,,,,,,,,
GAM,7:43,"MAY 47",2,4,18,Punt,"Punt Return",,0,14,"4-18-MAY 47 (7:42) 14-Kurt Hartley punts 35 yards to MAY 12. Fair Catch by 1-Andrew Lara.",,,,,,,,,,,,,,,,,,"#14 Kurt Hartley - P",,,,,,,,,,,,,,,,,,,"#68 Pablo Patton - LG",,"#1 Andrew Lara - RB",,,"#31 Lawrence Clark - FS","#72 Brent Perez - DT","#52 Manuel Wilkes - WLB",,"#28 Milton Fuchs - SS","#57 Walter Stallworth - MLB",,"#46 Archie Kemp - CB",,,,"#6 Don Blevins - WR","#68 Melvin Neal - LG","#66 Isiah Richards - RT","#71 Alexander Morris - C","#69 Miguel Gaylord - RT","#28 James Geis - RB",,"#50 Mark Tharp - RDE","#96 Brian Shaffer - SLB","#97 Jason Mayor - MLB","#58 James Simpson - LDE",,,,,,,
MAY,7:34,"MAY 12",2,1,10,"I Formation Normal HB Blast","4-3 Normal Man Under 1",4,0,14,"1-10-MAY 12 (7:35) 22-Nicholas Cupp ran to MAY 16 for 4 yards. Tackle by 50-Albert Miles.","#9 Mark Johnson - QB","#22 Nicholas Cupp - RB",,,"#30 Joe Tann - RB","#81 Norman Ortega - TE",,"#82 Cecil Volk - WR",,"#15 Amos Jones - WR",,,"#59 David Coulter - LT","#68 Greg Thornton - LG","#62 Joseph Lara - C","#55 Ryan Grogan - RG","#55 Roger Jackson - RT",,"#52 Gary Orbison - LDE",,"#96 Jose Godbolt - DT","#63 Michael Stingley - DT","#72 Anthony Abdul - RDE","#90 Derrick Tapp - SLB","#50 Albert Miles - WLB",,"#45 Richard Moore - MLB","#23 Vincent Kenny - CB","#21 James Appleby - CB",,,,"#33 Russell Gibbs - SS","#30 Eric Shoffner - FS",,,,,,,,,,,,,,,,,,,,,,,,,,,,,,,,,,,,
MAY,7:01,"MAY 16",2,2,6,"Weak I Normal Skinny Posts","3-4 Normal Man Cover 1",-0,0,14,"2-6-MAY 16 (7:00) 9-Mark Johnson pass complete to 22-Nicholas Cupp to MAY 16 for a short loss. Tackle by 90-Derrick Tapp.","#9 Mark Johnson - QB","#22 Nicholas Cupp - RB",,,"#30 Joe Tann - RB","#81 Norman Ortega - TE",,"#82 Cecil Volk - WR",,"#15 Amos Jones - WR",,,"#59 David Coulter - LT","#68 Greg Thornton - LG","#62 Joseph Lara - C","#55 Ryan Grogan - RG","#55 Roger Jackson - RT",,"#52 Gary Orbison - LDE",,"#96 Jose Godbolt - DT",,"#72 Anthony Abdul - RDE","#50 Albert Miles - WLB","#98 William King - WLB","#45 Richard Moore - MLB","#90 Derrick Tapp - SLB","#23 Vincent Kenny - CB","#21 James Appleby - CB",,,,"#33 Russell Gibbs - SS","#30 Eric Shoffner - FS",,,,,,,,,,,,,,,,,,,,,,,,,,,,,,,,,,,,
MAY,6:19,"MAY 16",2,3,6,"I Formation 3WR HB Inside Weak","4-3 Normal Man Under 1",4,0,14,"3-6-MAY 16 (6:18) 22-Nicholas Cupp ran to MAY 20 for 4 yards. Tackle by 50-Albert Miles.","#9 Mark Johnson - QB","#22 Nicholas Cupp - RB",,,"#30 Joe Tann - RB",,,"#82 Cecil Volk - WR","#1 Andrew Lara - RB","#15 Amos Jones - WR",,,"#59 David Coulter - LT","#68 Greg Thornton - LG","#62 Joseph Lara - C","#55 Ryan Grogan - RG","#55 Roger Jackson - RT",,"#52 Gary Orbison - LDE",,"#96 Jose Godbolt - DT","#63 Michael Stingley - DT","#72 Anthony Abdul - RDE","#90 Derrick Tapp - SLB","#50 Albert Miles - WLB",,"#45 Richard Moore - MLB","#23 Vincent Kenny - CB","#21 James Appleby - CB",,,,"#33 Russell Gibbs - SS","#30 Eric Shoffner - FS",,,,,,,,,,,,,,,,,,,,,,,,,,,,,,,,,,,,
MAY,5:37,"MAY 20",2,4,2,Punt,"Punt Return",47,0,14,"4-2-MAY 20 (5:36) 3-Monte Moore punts 47 yards to GAM 33.",,,,,,,,,,,,,,,,,,"#3 Monte Moore - P",,,,,,,,,,,,,,,,,,,"#22 Nicholas Cupp - RB",,"#6 Don Blevins - WR",,,"#90 Stephen Cruz - RDE","#33 Russell Gibbs - SS","#98 Fred Hassell - MLB",,"#50 Albert Miles - WLB","#20 Robert Dulac - SS",,"#63 Michael Stingley - DT",,,,"#76 Kenneth Reed - LT","#55 Ryan Grogan - RG","#81 Norman Ortega - TE","#59 David Coulter - LT","#83 Bradley Isbell - TE","#80 Kevin Hart - TE",,"#98 William King - WLB","#45 Richard Moore - MLB","#72 Anthony Abdul - RDE","#58 Donald Parks - LDE",,,,,,,
GAM,5:28,"GAM 33",2,1,10,"Singleback Normal HB Release Mid","Nickel Normal Double WR2",,0,14,"1-10-GAM 33 (5:29) 16-Jonathan Hunt pass incomplete, intended for 81-Leon Rogue. PENALTY - Holding (GAM 65-Freddie Newton)","#16 Jonathan Hunt - QB","#28 James Geis - RB",,,,"#12 Arthur Allen - WR",,"#25 Bruce Simmons - WR","#81 Leon Rogue - WR","#6 Don Blevins - WR",,,"#66 Isiah Richards - RT","#68 Pablo Patton - LG","#71 Alexander Morris - C","#74 Joseph Benard - LT","#65 Freddie Newton - LT",,"#58 James Simpson - LDE",,"#72 Brent Perez - DT","#99 Charles Coleman - DT","#50 Mark Tharp - RDE",,"#57 Walter Stallworth - MLB",,"#90 Richard Allen - WLB","#46 Archie Kemp - CB","#49 Bobby Contreras - CB",,"#37 Robert Turner - CB",,"#28 Milton Fuchs - SS","#31 Lawrence Clark - FS",,,,,,,,,,,,,,,,,,,,,,,,,,,,,,,,,,,,
GAM,5:25,"GAM 23",2,1,20,"Singleback Big WR Deep","4-3 Normal Man Under 1",11,0,14,"1-20-GAM 23 (5:26) 16-Jonathan Hunt pass complete to 17-Joseph Herrera to GAM 35 for 11 yards. Tackle by 31-Lawrence Clark. 17-Joseph Herrera did some fancy footwork there.","#16 Jonathan Hunt - QB","#28 James Geis - RB",,,,"#17 Joseph Herrera - WR","#85 Robin Zambrano - TE","#25 Bruce Simmons - WR",,"#12 Arthur Allen - WR",,,"#66 Isiah Richards - RT","#68 Pablo Patton - LG","#71 Alexander Morris - C","#74 Joseph Benard - LT","#65 Freddie Newton - LT",,"#58 James Simpson - LDE",,"#72 Brent Perez - DT","#99 Charles Coleman - DT","#50 Mark Tharp - RDE","#96 Brian Shaffer - SLB","#57 Walter Stallworth - MLB",,"#52 Manuel Wilkes - WLB","#46 Archie Kemp - CB","#49 Bobby Contreras - CB",,,,"#28 Milton Fuchs - SS","#31 Lawrence Clark - FS",,,,,,,,,,,,,,,,,,,,,,,,,,,,,,,,,,,,
GAM,4:41,"GAM 35",2,2,9,"I Formation 3WR Slot Short WR Deep","Nickel Normal Double WR1",14,0,14,"2-9-GAM 35 (4:40) 16-Jonathan Hunt pass complete to 17-Joseph Herrera to GAM 49 for 14 yards. Tackle by 52-Manuel Wilkes.","#16 Jonathan Hunt - QB","#6 Don Blevins - WR",,,"#43 Jim Goodwin - FB",,,"#12 Arthur Allen - WR","#17 Joseph Herrera - WR","#81 Leon Rogue - WR",,,"#66 Isiah Richards - RT","#68 Pablo Patton - LG","#71 Alexander Morris - C","#74 Joseph Benard - LT","#65 Freddie Newton - LT",,"#58 James Simpson - LDE",,"#72 Brent Perez - DT","#99 Charles Coleman - DT","#50 Mark Tharp - RDE",,"#57 Walter Stallworth - MLB",,"#52 Manuel Wilkes - WLB","#46 Archie Kemp - CB","#49 Bobby Contreras - CB",,"#37 Robert Turner - CB",,"#28 Milton Fuchs - SS","#20 Reginald Brewster - FS",,,,,,,,,,,,,,,,,,,,,,,,,,,,,,,,,,,,
GAM,3:56,"GAM 49",2,1,10,"I Formation Normal HB Counter","4-3 Normal Man Under 1",4,0,14,"1-10-GAM 49 (3:55) 6-Don Blevins ran to MAY 47 for 4 yards. Tackle by 57-Walter Stallworth.","#16 Jonathan Hunt - QB","#6 Don Blevins - WR",,,"#43 Jim Goodwin - FB","#64 Andrew Simmons - C",,"#12 Arthur Allen - WR",,"#17 Joseph Herrera - WR",,,"#66 Isiah Richards - RT","#68 Pablo Patton - LG","#71 Alexander Morris - C","#74 Joseph Benard - LT","#65 Freddie Newton - LT",,"#58 James Simpson - LDE",,"#72 Brent Perez - DT","#99 Charles Coleman - DT","#50 Mark Tharp - RDE","#96 Brian Shaffer - SLB","#57 Walter Stallworth - MLB",,"#90 Richard Allen - WLB","#46 Archie Kemp - CB","#49 Bobby Contreras - CB",,,,"#28 Milton Fuchs - SS","#31 Lawrence Clark - FS",,,,,,,,,,,,,,,,,,,,,,,,,,,,,,,,,,,,
GAM,3:14,"MAY 47",2,2,6,"Weak I Normal WR Corner TE Middle","4-3 Normal Man Under 1",13,0,14,"2-6-MAY 47 (3:13) 16-Jonathan Hunt pass complete to 17-Joseph Herrera to MAY 34 for 13 yards. Tackle by 32-Archie Kemp.","#16 Jonathan Hunt - QB","#17 Joseph Herrera - WR",,,"#68 Melvin Neal - LG","#12 Arthur Allen - WR",,"#25 Bruce Simmons - WR",,"#81 Leon Rogue - WR",,,"#66 Isiah Richards - RT","#68 Pablo Patton - LG","#71 Alexander Morris - C","#74 Joseph Benard - LT","#65 Freddie Newton - LT",,"#58 James Simpson - LDE",,"#72 Brent Perez - DT","#99 Charles Coleman - DT","#50 Mark Tharp - RDE","#96 Brian Shaffer - SLB","#57 Walter Stallworth - MLB",,"#52 Manuel Wilkes - WLB","#46 Archie Kemp - CB","#49 Bobby Contreras - CB",,,,"#28 Milton Fuchs - SS","#31 Lawrence Clark - FS",,,,,,,,,,,,,,,,,,,,,,,,,,,,,,,,,,,,
GAM,2:32,"MAY 34",2,1,10,"I Formation Normal Max Protect","4-3 Normal Man Under 1",13,0,14,"1-10-MAY 34 (2:31) 16-Jonathan Hunt pass complete to 28-James Geis to MAY 21 for 13 yards. Tackle by 32-Archie Kemp. 28-James Geis did some fancy footwork there.","#16 Jonathan Hunt - QB","#28 James Geis - RB",,,"#43 Jim Goodwin - FB","#64 Andrew Simmons - C",,"#12 Arthur Allen - WR",,"#6 Don Blevins - WR",,,"#66 Isiah Richards - RT","#68 Pablo Patton - LG","#71 Alexander Morris - C","#74 Joseph Benard - LT","#65 Freddie Newton - LT",,"#58 James Simpson - LDE",,"#72 Brent Perez - DT","#99 Charles Coleman - DT","#50 Mark Tharp - RDE","#96 Brian Shaffer - SLB","#57 Walter Stallworth - MLB",,"#90 Richard Allen - WLB","#46 Archie Kemp - CB","#49 Bobby Contreras - CB",,,,"#38 Wallace Coca - SS","#31 Lawrence Clark - FS",,,,,,,,,,,,,,,,,,,,,,,,,,,,,,,,,,,,
,2:00,,2,1,10,,,,0,14,"Timeout for two minute warning.",,,,,,,,,,,,,,,,,,,,,,,,,,,,,,,,,,,,,,,,,,,,,,,,,,,,,,,,,,,,,,,,,,,,,,
GAM,2:00,"MAY 21",2,1,10,"Singleback Big Corner Ins","4-3 Normal WLB MLB Blitz",13,0,14,"1-10-MAY 21 (2:00) 16-Jonathan Hunt pass complete to 24-Michael Reid to MAY 8 for 13 yards. Tackle by 28-Milton Fuchs. Great move by 24-Michael Reid to get free of his coverage.","#16 Jonathan Hunt - QB","#28 James Geis - RB",,,,"#85 Robin Zambrano - TE","#24 Michael Reid - RB","#25 Bruce Simmons - WR",,"#6 Don Blevins - WR",,,"#66 Isiah Richards - RT","#68 Pablo Patton - LG","#71 Alexander Morris - C","#74 Joseph Benard - LT","#65 Freddie Newton - LT",,"#58 James Simpson - LDE",,"#72 Brent Perez - DT","#99 Charles Coleman - DT","#50 Mark Tharp - RDE","#96 Brian Shaffer - SLB","#74 Ervin Schram - MLB",,"#52 Manuel Wilkes - WLB","#37 Robert Turner - CB","#38 Wallace Coca - SS",,,,"#28 Milton Fuchs - SS","#20 Reginald Brewster - FS",,,,,,,,,,,,,,,,,,,,,,,,,,,,,,,,,,,,
GAM,1:19,"MAY 8",2,1,8,"I Formation Normal FL Hitch","4-3 Normal Man Under 1",8,0,20,"1-8-MAY 8 (1:18) 16-Jonathan Hunt pass complete to 17-Joseph Herrera for 8 yards. TOUCHDOWN! MAY 0 GAM 20","#16 Jonathan Hunt - QB","#6 Don Blevins - WR",,,"#43 Jim Goodwin - FB","#64 Andrew Simmons - C",,"#12 Arthur Allen - WR",,"#17 Joseph Herrera - WR",,,"#66 Isiah Richards - RT","#68 Pablo Patton - LG","#71 Alexander Morris - C","#74 Joseph Benard - LT","#65 Freddie Newton - LT",,"#58 James Simpson - LDE",,"#72 Brent Perez - DT","#99 Charles Coleman - DT","#50 Mark Tharp - RDE","#96 Brian Shaffer - SLB","#57 Walter Stallworth - MLB",,"#52 Manuel Wilkes - WLB","#46 Archie Kemp - CB","#49 Bobby Contreras - CB",,,,"#28 Milton Fuchs - SS","#31 Lawrence Clark - FS",,,,,,,,,,,,,,,,,,,,,,,,,,,,,,,,,,,,
GAM,1:14,"MAY 15",2,7,15,"Field Goal","FG Block",25,0,21,"(1:15) Extra point GOOD by 10-James Calderon. MAY 0 GAM 21",,,,,,,,,,,,,,,,,,,,,,,,,,,,,,,,,,,,"#14 Kurt Hartley - P","#68 Pablo Patton - LG",,,,,,,,,,,,,,"#10 James Calderon - K","#64 Andrew Simmons - C","#6 Don Blevins - WR","#68 Melvin Neal - LG","#66 Isiah Richards - RT","#71 Alexander Morris - C","#69 Miguel Gaylord - RT","#90 Stephen Cruz - RDE","#28 James Geis - RB","#50 Mark Tharp - RDE","#96 Brian Shaffer - SLB","#97 Jason Mayor - MLB","#58 James Simpson - LDE","#61 Brain Emmett - DT","#90 Richard Allen - WLB","#65 Joseph Downey - RDE","#57 Walter Stallworth - MLB","#31 Lawrence Clark - FS","#52 Manuel Wilkes - WLB","#72 Brent Perez - DT"
GAM,1:14,"GAM 35",2,6,10,Kickoff,"Kick Return",,0,21,"(1:15) 10-James Calderon kicks 72 yards from GAM 35 to MAY -7. Touchback.",,,,,,,,,,,,,,,,,,,,,,,,,,,,,,,,,,,,,,"#22 Nicholas Cupp - RB",,"#96 Brian Shaffer - SLB","#72 Brent Perez - DT","#31 Lawrence Clark - FS","#46 Archie Kemp - CB","#52 Manuel Wilkes - WLB","#38 Wallace Coca - SS","#58 James Simpson - LDE","#28 Milton Fuchs - SS","#90 Richard Allen - WLB","#57 Walter Stallworth - MLB","#10 James Calderon - K",,,,,,,,,,,,,,,,,,,,
MAY,1:14,"MAY 25",2,1,10,"Split Backs Normal Weak Pitch Sweep","3-4 Normal Man Cover 1",3,0,21,"1-10-MAY 25 (1:15) 22-Nicholas Cupp ran to MAY 28 for 3 yards. Tackle by 90-Derrick Tapp.","#9 Mark Johnson - QB","#22 Nicholas Cupp - RB",,,"#30 Joe Tann - RB","#81 Norman Ortega - TE",,"#82 Cecil Volk - WR",,"#15 Amos Jones - WR",,,"#59 David Coulter - LT","#68 Greg Thornton - LG","#62 Joseph Lara - C","#55 Ryan Grogan - RG","#55 Roger Jackson - RT",,"#52 Gary Orbison - LDE",,"#96 Jose Godbolt - DT",,"#72 Anthony Abdul - RDE","#50 Albert Miles - WLB","#98 William King - WLB","#45 Richard Moore - MLB","#90 Derrick Tapp - SLB","#23 Vincent Kenny - CB","#21 James Appleby - CB",,,,"#33 Russell Gibbs - SS","#30 Eric Shoffner - FS",,,,,,,,,,,,,,,,,,,,,,,,,,,,,,,,,,,,
MAY,0:42,"MAY 28",2,2,7,"I Formation 3WR HB Inside Strong","3-4 Normal Man Cover 1",5,0,21,"2-7-MAY 28 (0:41) 22-Nicholas Cupp ran to MAY 33 for 5 yards. Tackle by 90-Derrick Tapp.","#9 Mark Johnson - QB","#22 Nicholas Cupp - RB",,,"#30 Joe Tann - RB",,,"#82 Cecil Volk - WR","#1 Andrew Lara - RB","#15 Amos Jones - WR",,,"#59 David Coulter - LT","#68 Greg Thornton - LG","#62 Joseph Lara - C","#55 Ryan Grogan - RG","#55 Roger Jackson - RT",,"#52 Gary Orbison - LDE",,"#96 Jose Godbolt - DT",,"#72 Anthony Abdul - RDE","#50 Albert Miles - WLB","#98 William King - WLB","#45 Richard Moore - MLB","#90 Derrick Tapp - SLB","#23 Vincent Kenny - CB","#21 James Appleby - CB",,,,"#33 Russell Gibbs - SS","#30 Eric Shoffner - FS",,,,,,,,,,,,,,,,,,,,,,,,,,,,,,,,,,,,
MAY,0:06,"MAY 33",2,3,2,"I Formation Normal HB Dive","3-4 Normal Man Cover 1",2,0,21,"3-2-MAY 33 (0:05) 22-Nicholas Cupp ran to MAY 35 for 2 yards. Tackle by 96-Jose Godbolt.","#9 Mark Johnson - QB","#22 Nicholas Cupp - RB",,,"#30 Joe Tann - RB","#81 Norman Ortega - TE",,"#82 Cecil Volk - WR",,"#15 Amos Jones - WR",,,"#59 David Coulter - LT","#68 Greg Thornton - LG","#62 Joseph Lara - C","#55 Ryan Grogan - RG","#55 Roger Jackson - RT",,"#52 Gary Orbison - LDE",,"#96 Jose Godbolt - DT",,"#72 Anthony Abdul - RDE","#50 Albert Miles - WLB","#98 William King - WLB","#45 Richard Moore - MLB","#90 Derrick Tapp - SLB","#23 Vincent Kenny - CB","#21 James Appleby - CB",,,,"#33 Russell Gibbs - SS","#30 Eric Shoffner - FS",,,,,,,,,,,,,,,,,,,,,,,,,,,,,,,,,,,,
,0:03,,2,1,10,,,,0,21,"Timeout MAY",,,,,,,,,,,,,,,,,,,,,,,,,,,,,,,,,,,,,,,,,,,,,,,,,,,,,,,,,,,,,,,,,,,,,,
MAY,0:02,"MAY 35",2,1,10,"I Formation Normal FL Hitch","4-3 Normal Man Under 1",12,0,21,"1-10-MAY 35 (0:02) 9-Mark Johnson pass complete to 15-Amos Jones to MAY 47 for 12 yards. Tackle by 21-James Appleby.","#9 Mark Johnson - QB","#22 Nicholas Cupp - RB",,,"#30 Joe Tann - RB","#81 Norman Ortega - TE",,"#82 Cecil Volk - WR",,"#15 Amos Jones - WR",,,"#59 David Coulter - LT","#68 Greg Thornton - LG","#62 Joseph Lara - C","#55 Ryan Grogan - RG","#55 Roger Jackson - RT",,"#52 Gary Orbison - LDE",,"#96 Jose Godbolt - DT","#63 Michael Stingley - DT","#72 Anthony Abdul - RDE","#90 Derrick Tapp - SLB","#50 Albert Miles - WLB",,"#45 Richard Moore - MLB","#23 Vincent Kenny - CB","#21 James Appleby - CB",,,,"#33 Russell Gibbs - SS","#30 Eric Shoffner - FS",,,,,,,,,,,,,,,,,,,,,,,,,,,,,,,,,,,,
,0:00,,2,1,10,,,,0,21,"End of half.",,,,,,,,,,,,,,,,,,,,,,,,,,,,,,,,,,,,,,,,,,,,,,,,,,,,,,,,,,,,,,,,,,,,,,
MAY,15:00,"MAY 35",3,6,10,Kickoff,"Kick Return",,0,21,"(15:00) 4-Matthew McDaniel kicks 75 yards from MAY 35 to GAM -10. Touchback.",,,,,,,,,,,,,,,,,,,,,,,,,,,,,,,,,,,,,,"#17 Joseph Herrera - WR",,"#96 Jose Godbolt - DT","#63 Michael Stingley - DT","#98 Fred Hassell - MLB","#58 Donald Parks - LDE","#45 Richard Moore - MLB","#33 Russell Gibbs - SS","#90 Stephen Cruz - RDE","#50 Albert Miles - WLB","#52 Gary Orbison - LDE","#20 Robert Dulac - SS","#4 Matthew McDaniel - K",,,,,,,,,,,,,,,,,,,,
GAM,15:00,"GAM 25",3,1,10,"I Formation 3WR Slot Short WR Deep","Nickel Normal Shallow Zone Deep",,0,21,"1-10-GAM 25 (15:00) 16-Jonathan Hunt pass incomplete, dropped by 6-Don Blevins.","#16 Jonathan Hunt - QB","#6 Don Blevins - WR",,,"#43 Jim Goodwin - FB",,,"#12 Arthur Allen - WR","#17 Joseph Herrera - WR","#81 Leon Rogue - WR",,,"#66 Isiah Richards - RT","#68 Pablo Patton - LG","#71 Alexander Morris - C","#74 Joseph Benard - LT","#65 Freddie Newton - LT",,"#58 James Simpson - LDE",,"#72 Brent Perez - DT","#99 Charles Coleman - DT","#50 Mark Tharp - RDE",,"#57 Walter Stallworth - MLB",,"#52 Manuel Wilkes - WLB","#46 Archie Kemp - CB","#49 Bobby Contreras - CB",,"#37 Robert Turner - CB",,"#28 Milton Fuchs - SS","#31 Lawrence Clark - FS",,,,,,,,,,,,,,,,,,,,,,,,,,,,,,,,,,,,
GAM,14:55,"GAM 25",3,2,10,"Singleback Normal HB Dive Strong","Nickel Normal Double WR2",1,0,21,"2-10-GAM 25 (14:56) 28-James Geis ran to GAM 26 for 1 yards. Tackle by 99-Charles Coleman.","#16 Jonathan Hunt - QB","#28 James Geis - RB",,,,"#12 Arthur Allen - WR",,"#25 Bruce Simmons - WR","#81 Leon Rogue - WR","#6 Don Blevins - WR",,,"#66 Isiah Richards - RT","#68 Pablo Patton - LG","#71 Alexander Morris - C","#74 Joseph Benard - LT","#65 Freddie Newton - LT",,"#58 James Simpson - LDE",,"#72 Brent Perez - DT","#99 Charles Coleman - DT","#50 Mark Tharp - RDE",,"#57 Walter Stallworth - MLB",,"#52 Manuel Wilkes - WLB","#46 Archie Kemp - CB","#49 Bobby Contreras - CB",,"#37 Robert Turner - CB",,"#28 Milton Fuchs - SS","#31 Lawrence Clark - FS",,,,,,,,,,,,,,,,,,,,,,,,,,,,,,,,,,,,
GAM,14:19,"GAM 26",3,3,9,"Singleback Big HB Inside Strong","4-3 Normal WLB MLB Blitz",7,0,21,"3-9-GAM 26 (14:18) 28-James Geis ran to GAM 33 for 7 yards. Tackle by 31-Lawrence Clark.","#16 Jonathan Hunt - QB","#28 James Geis - RB",,,,"#17 Joseph Herrera - WR","#85 Robin Zambrano - TE","#25 Bruce Simmons - WR",,"#12 Arthur Allen - WR",,,"#66 Isiah Richards - RT","#68 Pablo Patton - LG","#71 Alexander Morris - C","#74 Joseph Benard - LT","#65 Freddie Newton - LT",,"#58 James Simpson - LDE",,"#72 Brent Perez - DT","#99 Charles Coleman - DT","#50 Mark Tharp - RDE","#96 Brian Shaffer - SLB","#57 Walter Stallworth - MLB",,"#52 Manuel Wilkes - WLB","#46 Archie Kemp - CB","#49 Bobby Contreras - CB",,,,"#28 Milton Fuchs - SS","#31 Lawrence Clark - FS",,,,,,,,,,,,,,,,,,,,,,,,,,,,,,,,,,,,
GAM,13:42,"GAM 33",3,4,2,Punt,"Punt Return",,0,21,"4-2-GAM 33 (13:41) 14-Kurt Hartley punts 50 yards to MAY 17. 1-Andrew Lara FUMBLES recovered by MAY-1-Andrew Lara to MAY 22 for 5 yards. Tackle by 55-Fred Hassell.",,,,,,,,,,,,,,,,,,"#14 Kurt Hartley - P",,,,,,,,,,,,,,,,,,,"#68 Pablo Patton - LG",,"#1 Andrew Lara - RB",,,"#31 Lawrence Clark - FS","#72 Brent Perez - DT","#52 Manuel Wilkes - WLB",,"#28 Milton Fuchs - SS","#57 Walter Stallworth - MLB",,"#46 Archie Kemp - CB",,,,"#6 Don Blevins - WR","#68 Melvin Neal - LG","#66 Isiah Richards - RT","#71 Alexander Morris - C","#69 Miguel Gaylord - RT","#28 James Geis - RB",,"#50 Mark Tharp - RDE","#96 Brian Shaffer - SLB","#97 Jason Mayor - MLB","#58 James Simpson - LDE",,,,,,,
MAY,13:31,"MAY 22",3,1,10,"I Formation 3WR WR Out","3-4 Normal Man Cover 1",,0,21,"1-10-MAY 22 (13:32) 9-Mark Johnson pass Pass knocked down by 23-Vincent Kenny. incomplete, intended for 82-Cecil Volk.","#9 Mark Johnson - QB","#22 Nicholas Cupp - RB",,,"#30 Joe Tann - RB",,,"#82 Cecil Volk - WR","#1 Andrew Lara - RB","#15 Amos Jones - WR",,,"#59 David Coulter - LT","#68 Greg Thornton - LG","#62 Joseph Lara - C","#55 Ryan Grogan - RG","#55 Roger Jackson - RT",,"#52 Gary Orbison - LDE",,"#96 Jose Godbolt - DT",,"#72 Anthony Abdul - RDE","#50 Albert Miles - WLB","#98 William King - WLB","#45 Richard Moore - MLB","#90 Derrick Tapp - SLB","#23 Vincent Kenny - CB","#21 James Appleby - CB",,,,"#33 Russell Gibbs - SS","#30 Eric Shoffner - FS",,,,,,,,,,,,,,,,,,,,,,,,,,,,,,,,,,,,
MAY,13:28,"MAY 22",3,2,10,"Goal Line Normal HB Off Tackle","Goal Line Attack #1",,0,21,"2-10-MAY 22 (13:29) 22-Nicholas Cupp ran to MAY 28 for 6 yards. 22-Nicholas Cupp FUMBLES (21-James Appleby) recovered by GAM-21-James Appleby at MAY 32. Tackle by 83-Bradley Isbell.","#9 Mark Johnson - QB","#22 Nicholas Cupp - RB",,"#30 Joe Tann - RB","#83 Bradley Isbell - TE","#81 Norman Ortega - TE","#80 Kevin Hart - TE",,,,,,"#59 David Coulter - LT","#68 Greg Thornton - LG","#62 Joseph Lara - C","#55 Ryan Grogan - RG","#55 Roger Jackson - RT",,"#52 Gary Orbison - LDE","#63 Michael Stingley - DT","#96 Jose Godbolt - DT","#79 Henry Broughton - DT","#72 Anthony Abdul - RDE","#90 Stephen Cruz - RDE","#45 Richard Moore - MLB",,"#50 Albert Miles - WLB","#23 Vincent Kenny - CB","#21 James Appleby - CB",,,,"#33 Russell Gibbs - SS",,,,,,,,,,,,,,,,,,,,,,,,,,,,,,,,,,,,,
GAM,13:22,"MAY 32",3,1,10,"Weak I Big WR Post TE Out","Goal Line Attack #3",-8,0,21,"1-10-MAY 32 (13:23) 16-Jonathan Hunt sacked at MAY 39 for -8 yards (57-Walter Stallworth)","#16 Jonathan Hunt - QB","#28 James Geis - RB",,,"#43 Jim Goodwin - FB","#85 Robin Zambrano - TE","#64 Andrew Simmons - C","#12 Arthur Allen - WR",,,,,"#66 Isiah Richards - RT","#68 Pablo Patton - LG","#71 Alexander Morris - C","#74 Joseph Benard - LT","#65 Freddie Newton - LT",,"#58 James Simpson - LDE","#95 Melvin Vargas - LDE","#72 Brent Perez - DT","#99 Charles Coleman - DT","#50 Mark Tharp - RDE","#96 Brian Shaffer - SLB","#57 Walter Stallworth - MLB",,"#52 Manuel Wilkes - WLB","#46 Archie Kemp - CB","#49 Bobby Contreras - CB",,,,"#28 Milton Fuchs - SS",,,,,,,,,,,,,,,,,,,,,,,,,,,,,,,,,,,,,
GAM,12:48,"MAY 39",3,2,18,"Weak I Big HB Dive Strong","Goal Line Attack #3",1,0,21,"2-18-MAY 39 (12:47) 28-James Geis ran to MAY 38 for 1 yards. Tackle by 57-Walter Stallworth.","#16 Jonathan Hunt - QB","#28 James Geis - RB",,,"#43 Jim Goodwin - FB","#85 Robin Zambrano - TE","#64 Andrew Simmons - C","#12 Arthur Allen - WR",,,,,"#66 Isiah Richards - RT","#68 Pablo Patton - LG","#71 Alexander Morris - C","#74 Joseph Benard - LT","#65 Freddie Newton - LT",,"#58 James Simpson - LDE","#95 Melvin Vargas - LDE","#72 Brent Perez - DT","#99 Charles Coleman - DT","#50 Mark Tharp - RDE","#96 Brian Shaffer - SLB","#57 Walter Stallworth - MLB",,"#52 Manuel Wilkes - WLB","#46 Archie Kemp - CB","#49 Bobby Contreras - CB",,,,"#28 Milton Fuchs - SS",,,,,,,,,,,,,,,,,,,,,,,,,,,,,,,,,,,,,
GAM,12:14,"MAY 38",3,3,17,"Shotgun Normal HB Flare","Nickel Normal Double WR1",3,0,21,"3-17-MAY 38 (12:13) 16-Jonathan Hunt pass complete to 28-James Geis to MAY 36 for 3 yards. Tackle by 28-Milton Fuchs.","#16 Jonathan Hunt - QB","#28 James Geis - RB",,,,"#81 Leon Rogue - WR",,"#12 Arthur Allen - WR","#6 Don Blevins - WR","#17 Joseph Herrera - WR",,,"#66 Isiah Richards - RT","#68 Pablo Patton - LG","#71 Alexander Morris - C","#74 Joseph Benard - LT","#65 Freddie Newton - LT",,"#58 James Simpson - LDE",,"#72 Brent Perez - DT","#99 Charles Coleman - DT","#50 Mark Tharp - RDE",,"#57 Walter Stallworth - MLB",,"#52 Manuel Wilkes - WLB","#46 Archie Kemp - CB","#49 Bobby Contreras - CB",,"#37 Robert Turner - CB",,"#28 Milton Fuchs - SS","#31 Lawrence Clark - FS",,,,,,,,,,,,,,,,,,,,,,,,,,,,,,,,,,,,
GAM,11:37,"MAY 36",3,4,14,Punt,"Punt Return",28,0,21,"4-14-MAY 36 (11:36) 14-Kurt Hartley punts 28 yards to MAY 8.",,,,,,,,,,,,,,,,,,"#14 Kurt Hartley - P",,,,,,,,,,,,,,,,,,,"#68 Pablo Patton - LG",,"#1 Andrew Lara - RB",,,"#31 Lawrence Clark - FS","#72 Brent Perez - DT","#52 Manuel Wilkes - WLB",,"#28 Milton Fuchs - SS","#57 Walter Stallworth - MLB",,"#46 Archie Kemp - CB",,,,"#6 Don Blevins - WR","#68 Melvin Neal - LG","#66 Isiah Richards - RT","#71 Alexander Morris - C","#69 Miguel Gaylord - RT","#28 James Geis - RB",,"#50 Mark Tharp - RDE","#96 Brian Shaffer - SLB","#97 Jason Mayor - MLB","#58 James Simpson - LDE",,,,,,,
MAY,11:28,"MAY 8",3,1,10,"Weak I Normal Skinny Posts","3-4 Normal Man Cover 1",,0,21,"1-10-MAY 8 (11:29) 9-Mark Johnson pass Pass knocked down by 30-Eric Shoffner. incomplete, intended for 81-Norman Ortega.","#9 Mark Johnson - QB","#22 Nicholas Cupp - RB",,,"#30 Joe Tann - RB","#81 Norman Ortega - TE",,"#82 Cecil Volk - WR",,"#15 Amos Jones - WR",,,"#59 David Coulter - LT","#68 Greg Thornton - LG","#62 Joseph Lara - C","#55 Ryan Grogan - RG","#55 Roger Jackson - RT",,"#52 Gary Orbison - LDE",,"#96 Jose Godbolt - DT",,"#72 Anthony Abdul - RDE","#50 Albert Miles - WLB","#98 William King - WLB","#45 Richard Moore - MLB","#90 Derrick Tapp - SLB","#23 Vincent Kenny - CB","#21 James Appleby - CB",,,,"#33 Russell Gibbs - SS","#30 Eric Shoffner - FS",,,,,,,,,,,,,,,,,,,,,,,,,,,,,,,,,,,,
MAY,11:26,"MAY 8",3,2,10,"I Formation Normal FL Hitch","4-3 Normal WLB MLB Blitz",,0,21,"2-10-MAY 8 (11:27) 9-Mark Johnson pass Pass knocked down by 23-Vincent Kenny. incomplete, intended for 82-Cecil Volk.","#9 Mark Johnson - QB","#22 Nicholas Cupp - RB",,,"#30 Joe Tann - RB","#81 Norman Ortega - TE",,"#82 Cecil Volk - WR",,"#15 Amos Jones - WR",,,"#59 David Coulter - LT","#68 Greg Thornton - LG","#62 Joseph Lara - C","#55 Ryan Grogan - RG","#55 Roger Jackson - RT",,"#52 Gary Orbison - LDE",,"#96 Jose Godbolt - DT","#63 Michael Stingley - DT","#72 Anthony Abdul - RDE","#90 Derrick Tapp - SLB","#50 Albert Miles - WLB",,"#45 Richard Moore - MLB","#23 Vincent Kenny - CB","#21 James Appleby - CB",,,,"#33 Russell Gibbs - SS","#30 Eric Shoffner - FS",,,,,,,,,,,,,,,,,,,,,,,,,,,,,,,,,,,,
MAY,11:23,"MAY 8",3,3,10,"Shotgun 2 RB 3 WR WR Curl","4-3 Normal WLB Outside Blitz",,0,21,"3-10-MAY 8 (11:24) 9-Mark Johnson pass Pass knocked down by 90-Derrick Tapp. incomplete, intended for 22-Nicholas Cupp.","#9 Mark Johnson - QB","#22 Nicholas Cupp - RB","#20 John Kopf - RB",,,,,"#82 Cecil Volk - WR","#1 Andrew Lara - RB","#15 Amos Jones - WR",,,"#59 David Coulter - LT","#68 Greg Thornton - LG","#62 Joseph Lara - C","#55 Ryan Grogan - RG","#55 Roger Jackson - RT",,"#52 Gary Orbison - LDE",,"#96 Jose Godbolt - DT","#63 Michael Stingley - DT","#72 Anthony Abdul - RDE","#90 Derrick Tapp - SLB","#50 Albert Miles - WLB",,"#45 Richard Moore - MLB","#23 Vincent Kenny - CB","#21 James Appleby - CB",,,,"#33 Russell Gibbs - SS","#30 Eric Shoffner - FS",,,,,,,,,,,,,,,,,,,,,,,,,,,,,,,,,,,,
MAY,11:20,"MAY 8",3,4,10,Punt,"Punt Return",,0,21,"4-10-MAY 8 (11:21) PENALTY - False Start (MAY 55-Ryan Grogan)",,,,,,,,,,,,,,,,,,"#3 Monte Moore - P",,,,,,,,,,,,,,,,,,,"#22 Nicholas Cupp - RB",,"#6 Don Blevins - WR",,,"#98 Fred Hassell - MLB","#52 Gary Orbison - LDE","#45 Richard Moore - MLB",,"#20 Robert Dulac - SS","#63 Michael Stingley - DT",,"#33 Russell Gibbs - SS",,,,"#76 Kenneth Reed - LT","#55 Ryan Grogan - RG","#81 Norman Ortega - TE","#59 David Coulter - LT","#83 Bradley Isbell - TE","#80 Kevin Hart - TE",,"#58 Donald Parks - LDE","#72 Anthony Abdul - RDE","#50 Albert Miles - WLB","#90 Stephen Cruz - RDE",,,,,,,
MAY,11:20,"MAY 4",3,4,14,Punt,"Punt Return",,0,21,"4-14-MAY 4 (11:21) 3-Monte Moore punts 51 yards to GAM 45. 6-Don Blevins to MAY 50 for 6 yards. Tackle by 52-Manuel Wilkes.",,,,,,,,,,,,,,,,,,"#3 Monte Moore - P",,,,,,,,,,,,,,,,,,,"#22 Nicholas Cupp - RB",,"#6 Don Blevins - WR",,,"#98 Fred Hassell - MLB","#33 Russell Gibbs - SS","#45 Richard Moore - MLB",,"#90 Stephen Cruz - RDE","#20 Robert Dulac - SS",,"#63 Michael Stingley - DT",,,,"#76 Kenneth Reed - LT","#55 Ryan Grogan - RG","#81 Norman Ortega - TE","#59 David Coulter - LT","#83 Bradley Isbell - TE","#80 Kevin Hart - TE",,"#98 William King - WLB","#72 Anthony Abdul - RDE","#50 Albert Miles - WLB","#58 Donald Parks - LDE",,,,,,,
GAM,11:11,"MAY 50",3,1,10,"Singleback Normal HB Dive Strong","Nickel Normal Shallow Zone Deep",4,0,21,"1-10-MAY 50 (11:12) 28-James Geis ran to MAY 45 for 4 yards. Tackle by 57-Walter Stallworth.","#16 Jonathan Hunt - QB","#28 James Geis - RB",,,,"#12 Arthur Allen - WR",,"#25 Bruce Simmons - WR","#81 Leon Rogue - WR","#6 Don Blevins - WR",,,"#66 Isiah Richards - RT","#68 Pablo Patton - LG","#71 Alexander Morris - C","#74 Joseph Benard - LT","#65 Freddie Newton - LT",,"#95 Melvin Vargas - LDE",,"#72 Brent Perez - DT","#99 Charles Coleman - DT","#50 Mark Tharp - RDE",,"#57 Walter Stallworth - MLB",,"#90 Richard Allen - WLB","#46 Archie Kemp - CB","#49 Bobby Contreras - CB",,"#37 Robert Turner - CB",,"#28 Milton Fuchs - SS","#20 Reginald Brewster - FS",,,,,,,,,,,,,,,,,,,,,,,,,,,,,,,,,,,,
GAM,10:29,"MAY 45",3,2,6,"I Formation 3WR FL Post","Nickel Normal Man Cover 2",23,0,21,"2-6-MAY 45 (10:28) 16-Jonathan Hunt pass complete to 6-Don Blevins to MAY 23 for 23 yards. 49-Bobby Contreras got away with a hold on that play.","#16 Jonathan Hunt - QB","#6 Don Blevins - WR",,,"#43 Jim Goodwin - FB",,,"#12 Arthur Allen - WR","#17 Joseph Herrera - WR","#81 Leon Rogue - WR",,,"#66 Isiah Richards - RT","#68 Pablo Patton - LG","#71 Alexander Morris - C","#74 Joseph Benard - LT","#65 Freddie Newton - LT",,"#58 James Simpson - LDE",,"#72 Brent Perez - DT","#99 Charles Coleman - DT","#50 Mark Tharp - RDE",,"#57 Walter Stallworth - MLB",,"#52 Manuel Wilkes - WLB","#46 Archie Kemp - CB","#49 Bobby Contreras - CB",,"#37 Robert Turner - CB",,"#28 Milton Fuchs - SS","#31 Lawrence Clark - FS",,,,,,,,,,,,,,,,,,,,,,,,,,,,,,,,,,,,
GAM,9:49,"MAY 23",3,1,10,"I Formation 3WR WR Out","Nickel Normal Shallow Zone Deep",,0,21,"1-10-MAY 23 (9:48) 16-Jonathan Hunt pass Pass knocked down by 49-Bobby Contreras. incomplete, intended for 81-Leon Rogue.","#16 Jonathan Hunt - QB","#28 James Geis - RB",,,"#43 Jim Goodwin - FB",,,"#12 Arthur Allen - WR","#17 Joseph Herrera - WR","#81 Leon Rogue - WR",,,"#66 Isiah Richards - RT","#68 Pablo Patton - LG","#71 Alexander Morris - C","#74 Joseph Benard - LT","#65 Freddie Newton - LT",,"#58 James Simpson - LDE",,"#72 Brent Perez - DT","#99 Charles Coleman - DT","#50 Mark Tharp - RDE",,"#57 Walter Stallworth - MLB",,"#52 Manuel Wilkes - WLB","#46 Archie Kemp - CB","#49 Bobby Contreras - CB",,"#37 Robert Turner - CB",,"#28 Milton Fuchs - SS","#31 Lawrence Clark - FS",,,,,,,,,,,,,,,,,,,,,,,,,,,,,,,,,,,,
GAM,9:44,"MAY 23",3,2,10,"Singleback Normal TE Quick Out","Nickel Normal Shallow Zone Deep",,0,21,"2-10-MAY 23 (9:45) 16-Jonathan Hunt pass complete to 12-Arthur Allen to MAY 18 for 5 yards. 12-Arthur Allen FUMBLES (31-Lawrence Clark) recovered by MAY-31-Lawrence Clark to MAY 24 for 3 yards. Tackle by 12-Arthur Allen. GAM 12-Arthur Allen was injured on the play. He looks like he should be able to return.","#16 Jonathan Hunt - QB","#28 James Geis - RB",,,,"#12 Arthur Allen - WR",,"#25 Bruce Simmons - WR","#81 Leon Rogue - WR","#6 Don Blevins - WR",,,"#66 Isiah Richards - RT","#68 Pablo Patton - LG","#71 Alexander Morris - C","#74 Joseph Benard - LT","#65 Freddie Newton - LT",,"#58 James Simpson - LDE",,"#72 Brent Perez - DT","#99 Charles Coleman - DT","#50 Mark Tharp - RDE",,"#57 Walter Stallworth - MLB",,"#52 Manuel Wilkes - WLB","#46 Archie Kemp - CB","#49 Bobby Contreras - CB",,"#37 Robert Turner - CB",,"#28 Milton Fuchs - SS","#31 Lawrence Clark - FS",,,,,,,,,,,,,,,,,,,,,,,,,,,,,,,,,,,,
MAY,9:39,"MAY 24",3,1,10,"I Formation Normal HB Dive","4-3 Normal OLB Blitz Outside",3,0,21,"1-10-MAY 24 (9:40) 22-Nicholas Cupp ran to MAY 27 for 3 yards. Tackle by 50-Albert Miles.","#9 Mark Johnson - QB","#22 Nicholas Cupp - RB",,,"#30 Joe Tann - RB","#81 Norman Ortega - TE",,"#82 Cecil Volk - WR",,"#15 Amos Jones - WR",,,"#59 David Coulter - LT","#68 Greg Thornton - LG","#62 Joseph Lara - C","#55 Ryan Grogan - RG","#55 Roger Jackson - RT",,"#52 Gary Orbison - LDE",,"#96 Jose Godbolt - DT","#63 Michael Stingley - DT","#72 Anthony Abdul - RDE","#90 Derrick Tapp - SLB","#50 Albert Miles - WLB",,"#45 Richard Moore - MLB","#23 Vincent Kenny - CB","#21 James Appleby - CB",,,,"#33 Russell Gibbs - SS","#30 Eric Shoffner - FS",,,,,,,,,,,,,,,,,,,,,,,,,,,,,,,,,,,,
MAY,9:08,"MAY 27",3,2,7,"I Formation Normal HB Dive","3-4 Normal Man Cover 1",3,0,21,"2-7-MAY 27 (9:07) 22-Nicholas Cupp ran to MAY 30 for 3 yards. Tackle by 90-Derrick Tapp.","#9 Mark Johnson - QB","#22 Nicholas Cupp - RB",,,"#30 Joe Tann - RB","#81 Norman Ortega - TE",,"#82 Cecil Volk - WR",,"#15 Amos Jones - WR",,,"#59 David Coulter - LT","#68 Greg Thornton - LG","#62 Joseph Lara - C","#55 Ryan Grogan - RG","#55 Roger Jackson - RT",,"#52 Gary Orbison - LDE",,"#96 Jose Godbolt - DT",,"#72 Anthony Abdul - RDE","#50 Albert Miles - WLB","#98 William King - WLB","#45 Richard Moore - MLB","#90 Derrick Tapp - SLB","#23 Vincent Kenny - CB","#21 James Appleby - CB",,,,"#33 Russell Gibbs - SS","#30 Eric Shoffner - FS",,,,,,,,,,,,,,,,,,,,,,,,,,,,,,,,,,,,
MAY,8:35,"MAY 30",3,3,5,"I Formation Normal HB Dive","4-3 Normal Man Under 1",1,0,21,"3-5-MAY 30 (8:34) 22-Nicholas Cupp ran to MAY 31 for 1 yards. Tackle by 63-Michael Stingley.","#9 Mark Johnson - QB","#22 Nicholas Cupp - RB",,,"#30 Joe Tann - RB","#81 Norman Ortega - TE",,"#82 Cecil Volk - WR",,"#15 Amos Jones - WR",,,"#59 David Coulter - LT","#68 Greg Thornton - LG","#62 Joseph Lara - C","#55 Ryan Grogan - RG","#55 Roger Jackson - RT",,"#52 Gary Orbison - LDE",,"#96 Jose Godbolt - DT","#63 Michael Stingley - DT","#72 Anthony Abdul - RDE","#90 Derrick Tapp - SLB","#50 Albert Miles - WLB",,"#45 Richard Moore - MLB","#23 Vincent Kenny - CB","#21 James Appleby - CB",,,,"#33 Russell Gibbs - SS","#30 Eric Shoffner - FS",,,,,,,,,,,,,,,,,,,,,,,,,,,,,,,,,,,,
MAY,7:52,"MAY 31",3,4,4,Punt,"Punt Return",,0,21,"4-4-MAY 31 (7:51) 3-Monte Moore punts 45 yards to GAM 25. Fair Catch by 6-Don Blevins.",,,,,,,,,,,,,,,,,,"#3 Monte Moore - P",,,,,,,,,,,,,,,,,,,"#22 Nicholas Cupp - RB",,"#6 Don Blevins - WR",,,"#90 Stephen Cruz - RDE","#33 Russell Gibbs - SS","#98 Fred Hassell - MLB",,"#20 Robert Dulac - SS","#58 Donald Parks - LDE",,"#63 Michael Stingley - DT",,,,"#76 Kenneth Reed - LT","#55 Ryan Grogan - RG","#81 Norman Ortega - TE","#59 David Coulter - LT","#83 Bradley Isbell - TE","#80 Kevin Hart - TE",,"#98 William King - WLB","#45 Richard Moore - MLB","#72 Anthony Abdul - RDE","#50 Albert Miles - WLB",,,,,,,
GAM,7:44,"GAM 25",3,1,10,"Singleback Normal TE Quick Out","Nickel Normal Double WR1",,0,21,"1-10-GAM 25 (7:45) 16-Jonathan Hunt pass Pass knocked down by 57-Walter Stallworth. incomplete, intended for 85-Robin Zambrano.","#16 Jonathan Hunt - QB","#28 James Geis - RB",,,,"#85 Robin Zambrano - TE",,"#25 Bruce Simmons - WR","#81 Leon Rogue - WR","#6 Don Blevins - WR",,,"#66 Isiah Richards - RT","#68 Pablo Patton - LG","#71 Alexander Morris - C","#74 Joseph Benard - LT","#65 Freddie Newton - LT",,"#58 James Simpson - LDE",,"#72 Brent Perez - DT","#99 Charles Coleman - DT","#50 Mark Tharp - RDE",,"#57 Walter Stallworth - MLB",,"#90 Richard Allen - WLB","#46 Archie Kemp - CB","#49 Bobby Contreras - CB",,"#37 Robert Turner - CB",,"#28 Milton Fuchs - SS","#31 Lawrence Clark - FS",,,,,,,,,,,,,,,,,,,,,,,,,,,,,,,,,,,,
GAM,7:41,"GAM 25",3,2,10,"Weak I Big WR Post TE Out","Goal Line Attack #3",,0,21,"2-10-GAM 25 (7:42) 16-Jonathan Hunt pass incomplete, dropped by 85-Robin Zambrano. Pressure by 57-Walter Stallworth.","#16 Jonathan Hunt - QB","#28 James Geis - RB",,,"#43 Jim Goodwin - FB","#85 Robin Zambrano - TE","#64 Andrew Simmons - C","#17 Joseph Herrera - WR",,,,,"#66 Isiah Richards - RT","#68 Pablo Patton - LG","#71 Alexander Morris - C","#74 Joseph Benard - LT","#65 Freddie Newton - LT",,"#58 James Simpson - LDE","#95 Melvin Vargas - LDE","#72 Brent Perez - DT","#99 Charles Coleman - DT","#50 Mark Tharp - RDE","#96 Brian Shaffer - SLB","#57 Walter Stallworth - MLB",,"#52 Manuel Wilkes - WLB","#46 Archie Kemp - CB","#49 Bobby Contreras - CB",,,,"#28 Milton Fuchs - SS",,,,,,,,,,,,,,,,,,,,,,,,,,,,,,,,,,,,,
GAM,7:36,"GAM 25",3,3,10,"Singleback Big WR Deep","4-3 Normal Man Under 1",,0,21,"3-10-GAM 25 (7:37) 16-Jonathan Hunt pass Pass knocked down by 31-Lawrence Clark. incomplete, intended for 85-Robin Zambrano.","#16 Jonathan Hunt - QB","#28 James Geis - RB",,,,"#85 Robin Zambrano - TE","#6 Don Blevins - WR","#25 Bruce Simmons - WR",,"#17 Joseph Herrera - WR",,,"#66 Isiah Richards - RT","#68 Pablo Patton - LG","#71 Alexander Morris - C","#74 Joseph Benard - LT","#65 Freddie Newton - LT",,"#58 James Simpson - LDE",,"#72 Brent Perez - DT","#99 Charles Coleman - DT","#50 Mark Tharp - RDE","#96 Brian Shaffer - SLB","#57 Walter Stallworth - MLB",,"#52 Manuel Wilkes - WLB","#46 Archie Kemp - CB","#49 Bobby Contreras - CB",,,,"#28 Milton Fuchs - SS","#31 Lawrence Clark - FS",,,,,,,,,,,,,,,,,,,,,,,,,,,,,,,,,,,,
GAM,7:33,"GAM 25",3,4,10,Punt,"Punt Return",,0,21,"4-10-GAM 25 (7:34) 14-Kurt Hartley punts 44 yards to MAY 31. 1-Andrew Lara to MAY 33 for 3 yards. Tackle by 55-Fred Hassell.",,,,,,,,,,,,,,,,,,"#14 Kurt Hartley - P",,,,,,,,,,,,,,,,,,,"#68 Pablo Patton - LG",,"#1 Andrew Lara - RB",,,"#31 Lawrence Clark - FS","#72 Brent Perez - DT","#52 Manuel Wilkes - WLB",,"#28 Milton Fuchs - SS","#57 Walter Stallworth - MLB",,"#46 Archie Kemp - CB",,,,"#6 Don Blevins - WR","#68 Melvin Neal - LG","#66 Isiah Richards - RT","#71 Alexander Morris - C","#69 Miguel Gaylord - RT","#28 James Geis - RB",,"#50 Mark Tharp - RDE","#96 Brian Shaffer - SLB","#97 Jason Mayor - MLB","#58 James Simpson - LDE",,,,,,,
MAY,7:25,"MAY 33",3,1,10,"I Formation 3WR PA Fullback Flat","4-3 Normal Man Under 1",2,0,21,"1-10-MAY 33 (7:26) 9-Mark Johnson pass complete to 1-Andrew Lara to MAY 36 for 2 yards. Tackle by 30-Eric Shoffner.","#9 Mark Johnson - QB","#22 Nicholas Cupp - RB",,,"#30 Joe Tann - RB",,,"#82 Cecil Volk - WR","#1 Andrew Lara - RB","#15 Amos Jones - WR",,,"#59 David Coulter - LT","#68 Greg Thornton - LG","#62 Joseph Lara - C","#55 Ryan Grogan - RG","#55 Roger Jackson - RT",,"#52 Gary Orbison - LDE",,"#96 Jose Godbolt - DT","#63 Michael Stingley - DT","#72 Anthony Abdul - RDE","#90 Derrick Tapp - SLB","#98 William King - WLB",,"#50 Albert Miles - WLB","#23 Vincent Kenny - CB","#21 James Appleby - CB",,,,"#33 Russell Gibbs - SS","#30 Eric Shoffner - FS",,,,,,,,,,,,,,,,,,,,,,,,,,,,,,,,,,,,
MAY,6:41,"MAY 36",3,2,8,"Strong I Normal HB Off Tackle Strong","4-3 Normal Man Under 1",-3,0,21,"2-8-MAY 36 (6:40) 21-John Kopf FUMBLES recovered by MAY-30-Joe Tann at MAY 33. Tackle by 96-Jose Godbolt.","#9 Mark Johnson - QB","#20 John Kopf - RB",,,"#30 Joe Tann - RB","#81 Norman Ortega - TE",,"#82 Cecil Volk - WR",,"#15 Amos Jones - WR",,,"#59 David Coulter - LT","#68 Greg Thornton - LG","#62 Joseph Lara - C","#55 Ryan Grogan - RG","#55 Roger Jackson - RT",,"#52 Gary Orbison - LDE",,"#96 Jose Godbolt - DT","#63 Michael Stingley - DT","#72 Anthony Abdul - RDE","#90 Derrick Tapp - SLB","#50 Albert Miles - WLB",,"#45 Richard Moore - MLB","#23 Vincent Kenny - CB","#21 James Appleby - CB",,,,"#33 Russell Gibbs - SS","#30 Eric Shoffner - FS",,,,,,,,,,,,,,,,,,,,,,,,,,,,,,,,,,,,
MAY,6:04,"MAY 33",3,3,11,"I Formation Normal FL Hitch","4-3 Normal Man Under 1",67,6,21,"3-11-MAY 33 (6:03) 9-Mark Johnson pass complete to 15-Amos Jones for 67 yards. TOUCHDOWN! MAY 6 GAM 21","#9 Mark Johnson - QB","#22 Nicholas Cupp - RB",,,"#30 Joe Tann - RB","#81 Norman Ortega - TE",,"#82 Cecil Volk - WR",,"#15 Amos Jones - WR",,,"#59 David Coulter - LT","#68 Greg Thornton - LG","#62 Joseph Lara - C","#55 Ryan Grogan - RG","#55 Roger Jackson - RT",,"#52 Gary Orbison - LDE",,"#96 Jose Godbolt - DT","#63 Michael Stingley - DT","#72 Anthony Abdul - RDE","#90 Derrick Tapp - SLB","#50 Albert Miles - WLB",,"#45 Richard Moore - MLB","#23 Vincent Kenny - CB","#21 James Appleby - CB",,,,"#33 Russell Gibbs - SS","#30 Eric Shoffner - FS",,,,,,,,,,,,,,,,,,,,,,,,,,,,,,,,,,,,
MAY,5:52,"GAM 15",3,7,15,"Field Goal","FG Block",26,7,21,"(5:53) Extra point GOOD by 8-Todd Brandow. MAY 7 GAM 21",,,,,,,,,,,,,,,,,,,,,,,,,,,,,,,,,,,,"#3 Monte Moore - P","#22 Nicholas Cupp - RB",,,,,,,,,,,,,,"#8 Todd Brandow - K","#55 Roger Jackson - RT","#76 Kenneth Reed - LT","#55 Ryan Grogan - RG","#81 Norman Ortega - TE","#59 David Coulter - LT","#83 Bradley Isbell - TE","#80 Kevin Hart - TE","#1 Andrew Lara - RB","#98 William King - WLB","#72 Anthony Abdul - RDE","#90 Stephen Cruz - RDE","#58 Donald Parks - LDE","#53 Dominic Hartley - LDE","#95 Harry Mills - DT","#45 Richard Moore - MLB","#96 Jose Godbolt - DT","#98 Fred Hassell - MLB","#79 Henry Broughton - DT","#50 Albert Miles - WLB"
MAY,5:52,"MAY 35",3,6,10,Kickoff,"Kick Return",,7,21,"(5:53) 4-Matthew McDaniel kicks 74 yards from MAY 35 to GAM -9. Touchback.",,,,,,,,,,,,,,,,,,,,,,,,,,,,,,,,,,,,,,"#17 Joseph Herrera - WR",,"#96 Jose Godbolt - DT","#45 Richard Moore - MLB","#90 Stephen Cruz - RDE","#50 Albert Miles - WLB","#98 Fred Hassell - MLB","#33 Russell Gibbs - SS","#20 Robert Dulac - SS","#58 Donald Parks - LDE","#52 Gary Orbison - LDE","#63 Michael Stingley - DT","#4 Matthew McDaniel - K",,,,,,,,,,,,,,,,,,,,
GAM,5:52,"GAM 25",3,1,10,"Singleback Normal HB Dive Strong","Nickel Normal Man Cover 2",3,7,21,"1-10-GAM 25 (5:53) 28-James Geis ran to GAM 28 for 3 yards. Tackle by 72-Brent Perez.","#16 Jonathan Hunt - QB","#28 James Geis - RB",,,,"#85 Robin Zambrano - TE",,"#25 Bruce Simmons - WR","#81 Leon Rogue - WR","#6 Don Blevins - WR",,,"#66 Isiah Richards - RT","#68 Pablo Patton - LG","#71 Alexander Morris - C","#74 Joseph Benard - LT","#65 Freddie Newton - LT",,"#58 James Simpson - LDE",,"#72 Brent Perez - DT","#99 Charles Coleman - DT","#50 Mark Tharp - RDE",,"#57 Walter Stallworth - MLB",,"#52 Manuel Wilkes - WLB","#46 Archie Kemp - CB","#49 Bobby Contreras - CB",,"#37 Robert Turner - CB",,"#28 Milton Fuchs - SS","#31 Lawrence Clark - FS",,,,,,,,,,,,,,,,,,,,,,,,,,,,,,,,,,,,
GAM,5:21,"GAM 28",3,2,7,"Shotgun Normal HB Flare","Nickel Normal Shallow Zone Deep",6,7,21,"2-7-GAM 28 (5:20) 16-Jonathan Hunt pass complete to 28-James Geis to GAM 34 for 6 yards. Tackle by 32-Archie Kemp. 17-Joseph Herrera totally missed that block.","#16 Jonathan Hunt - QB","#28 James Geis - RB",,,,"#85 Robin Zambrano - TE",,"#17 Joseph Herrera - WR","#81 Leon Rogue - WR","#6 Don Blevins - WR",,,"#66 Isiah Richards - RT","#68 Pablo Patton - LG","#71 Alexander Morris - C","#74 Joseph Benard - LT","#65 Freddie Newton - LT",,"#58 James Simpson - LDE",,"#72 Brent Perez - DT","#99 Charles Coleman - DT","#50 Mark Tharp - RDE",,"#57 Walter Stallworth - MLB",,"#52 Manuel Wilkes - WLB","#46 Archie Kemp - CB","#49 Bobby Contreras - CB",,"#37 Robert Turner - CB",,"#28 Milton Fuchs - SS","#31 Lawrence Clark - FS",,,,,,,,,,,,,,,,,,,,,,,,,,,,,,,,,,,,
GAM,4:41,"GAM 34",3,3,1,"Weak I Big HB Dive Strong","Goal Line Attack #3",,7,21,"3-1-GAM 34 (4:40) 28-James Geis ran to GAM 34 for a short gain. Tackle by 57-Walter Stallworth.","#16 Jonathan Hunt - QB","#28 James Geis - RB",,,"#43 Jim Goodwin - FB","#85 Robin Zambrano - TE","#64 Andrew Simmons - C","#17 Joseph Herrera - WR",,,,,"#66 Isiah Richards - RT","#68 Pablo Patton - LG","#71 Alexander Morris - C","#74 Joseph Benard - LT","#65 Freddie Newton - LT",,"#58 James Simpson - LDE","#95 Melvin Vargas - LDE","#72 Brent Perez - DT","#99 Charles Coleman - DT","#50 Mark Tharp - RDE","#96 Brian Shaffer - SLB","#57 Walter Stallworth - MLB",,"#52 Manuel Wilkes - WLB","#46 Archie Kemp - CB","#49 Bobby Contreras - CB",,,,"#28 Milton Fuchs - SS",,,,,,,,,,,,,,,,,,,,,,,,,,,,,,,,,,,,,
GAM,3:58,"GAM 34",3,4,1,Punt,"Punt Return",59,7,21,"4-1-GAM 34 (3:57) 14-Kurt Hartley punts 59 yards to MAY 7.",,,,,,,,,,,,,,,,,,"#14 Kurt Hartley - P",,,,,,,,,,,,,,,,,,,"#68 Pablo Patton - LG",,"#1 Andrew Lara - RB",,,"#31 Lawrence Clark - FS","#72 Brent Perez - DT","#52 Manuel Wilkes - WLB",,"#58 James Simpson - LDE","#28 Milton Fuchs - SS",,"#46 Archie Kemp - CB",,,,"#6 Don Blevins - WR","#68 Melvin Neal - LG","#66 Isiah Richards - RT","#71 Alexander Morris - C","#69 Miguel Gaylord - RT","#28 James Geis - RB",,"#57 Walter Stallworth - MLB","#96 Brian Shaffer - SLB","#97 Jason Mayor - MLB","#50 Mark Tharp - RDE",,,,,,,
MAY,3:46,"MAY 7",3,1,10,"I Formation Normal FL Hitch","3-4 Normal Man Cover 1",,7,21,"1-10-MAY 7 (3:47) 9-Mark Johnson pass incomplete, intended for 82-Cecil Volk. PENALTY - Offsides (GAM 50-Albert Miles)","#9 Mark Johnson - QB","#22 Nicholas Cupp - RB",,,"#30 Joe Tann - RB","#81 Norman Ortega - TE",,"#82 Cecil Volk - WR",,"#15 Amos Jones - WR",,,"#59 David Coulter - LT","#68 Greg Thornton - LG","#62 Joseph Lara - C","#55 Ryan Grogan - RG","#55 Roger Jackson - RT",,"#52 Gary Orbison - LDE",,"#96 Jose Godbolt - DT",,"#72 Anthony Abdul - RDE","#50 Albert Miles - WLB","#98 William King - WLB","#45 Richard Moore - MLB","#90 Derrick Tapp - SLB","#23 Vincent Kenny - CB","#21 James Appleby - CB",,,,"#33 Russell Gibbs - SS","#30 Eric Shoffner - FS",,,,,,,,,,,,,,,,,,,,,,,,,,,,,,,,,,,,
MAY,3:43,"MAY 12",3,1,5,"I Formation Normal HB Blast","4-3 Normal OLB Blitz Inside",-1,7,21,"1-5-MAY 12 (3:44) 22-Nicholas Cupp ran to MAY 11 for -1 yards. Tackle by 50-Albert Miles.","#9 Mark Johnson - QB","#22 Nicholas Cupp - RB",,,"#30 Joe Tann - RB","#81 Norman Ortega - TE",,"#82 Cecil Volk - WR",,"#15 Amos Jones - WR",,,"#59 David Coulter - LT","#68 Greg Thornton - LG","#62 Joseph Lara - C","#55 Ryan Grogan - RG","#55 Roger Jackson - RT",,"#52 Gary Orbison - LDE",,"#96 Jose Godbolt - DT","#63 Michael Stingley - DT","#72 Anthony Abdul - RDE","#90 Derrick Tapp - SLB","#98 William King - WLB",,"#50 Albert Miles - WLB","#23 Vincent Kenny - CB","#21 James Appleby - CB",,,,"#33 Russell Gibbs - SS","#30 Eric Shoffner - FS",,,,,,,,,,,,,,,,,,,,,,,,,,,,,,,,,,,,
MAY,3:10,"MAY 11",3,2,6,"I Formation Normal HB Blast","4-3 Normal OLB Blitz Outside",4,7,21,"2-6-MAY 11 (3:09) 22-Nicholas Cupp ran to MAY 15 for 4 yards. Tackle by 50-Albert Miles.","#9 Mark Johnson - QB","#22 Nicholas Cupp - RB",,,"#30 Joe Tann - RB","#81 Norman Ortega - TE",,"#82 Cecil Volk - WR",,"#15 Amos Jones - WR",,,"#59 David Coulter - LT","#68 Greg Thornton - LG","#62 Joseph Lara - C","#55 Ryan Grogan - RG","#55 Roger Jackson - RT",,"#52 Gary Orbison - LDE",,"#96 Jose Godbolt - DT","#63 Michael Stingley - DT","#72 Anthony Abdul - RDE","#90 Derrick Tapp - SLB","#50 Albert Miles - WLB",,"#98 William King - WLB","#23 Vincent Kenny - CB","#21 James Appleby - CB",,,,"#33 Russell Gibbs - SS","#30 Eric Shoffner - FS",,,,,,,,,,,,,,,,,,,,,,,,,,,,,,,,,,,,
MAY,2:36,"MAY 15",3,3,2,"I Formation Normal HB Draw","3-4 Normal Man Cover 1",3,7,21,"3-2-MAY 15 (2:35) 21-John Kopf ran to MAY 19 for 3 yards. Tackle by 45-Richard Moore.","#9 Mark Johnson - QB","#20 John Kopf - RB",,,"#30 Joe Tann - RB","#81 Norman Ortega - TE",,"#82 Cecil Volk - WR",,"#15 Amos Jones - WR",,,"#59 David Coulter - LT","#68 Greg Thornton - LG","#62 Joseph Lara - C","#55 Ryan Grogan - RG","#55 Roger Jackson - RT",,"#52 Gary Orbison - LDE",,"#96 Jose Godbolt - DT",,"#72 Anthony Abdul - RDE","#50 Albert Miles - WLB","#98 William King - WLB","#45 Richard Moore - MLB","#90 Derrick Tapp - SLB","#23 Vincent Kenny - CB","#21 James Appleby - CB",,,,"#33 Russell Gibbs - SS","#30 Eric Shoffner - FS",,,,,,,,,,,,,,,,,,,,,,,,,,,,,,,,,,,,
MAY,1:53,"MAY 19",3,1,10,"I Formation 3WR PA Fullback Flat","4-3 Normal Double WR3",,7,21,"1-10-MAY 19 (1:52) 9-Mark Johnson pass Pass knocked down by 21-James Appleby. incomplete, intended for 15-Amos Jones.","#9 Mark Johnson - QB","#22 Nicholas Cupp - RB",,,"#30 Joe Tann - RB",,,"#82 Cecil Volk - WR","#1 Andrew Lara - RB","#15 Amos Jones - WR",,,"#59 David Coulter - LT","#68 Greg Thornton - LG","#62 Joseph Lara - C","#55 Ryan Grogan - RG","#55 Roger Jackson - RT",,"#52 Gary Orbison - LDE",,"#96 Jose Godbolt - DT","#63 Michael Stingley - DT","#72 Anthony Abdul - RDE","#90 Derrick Tapp - SLB","#50 Albert Miles - WLB",,"#45 Richard Moore - MLB","#23 Vincent Kenny - CB","#21 James Appleby - CB",,,,"#33 Russell Gibbs - SS","#30 Eric Shoffner - FS",,,,,,,,,,,,,,,,,,,,,,,,,,,,,,,,,,,,
MAY,1:48,"MAY 19",3,2,10,"Split Backs Normal Weak Pitch Sweep","4-3 Normal WLB MLB Blitz",7,7,21,"2-10-MAY 19 (1:49) 21-John Kopf ran to MAY 26 for 7 yards. Tackle by 50-Albert Miles.","#9 Mark Johnson - QB","#20 John Kopf - RB",,,"#30 Joe Tann - RB","#81 Norman Ortega - TE",,"#82 Cecil Volk - WR",,"#15 Amos Jones - WR",,,"#59 David Coulter - LT","#68 Greg Thornton - LG","#62 Joseph Lara - C","#55 Ryan Grogan - RG","#55 Roger Jackson - RT",,"#52 Gary Orbison - LDE",,"#96 Jose Godbolt - DT","#63 Michael Stingley - DT","#72 Anthony Abdul - RDE","#90 Derrick Tapp - SLB","#50 Albert Miles - WLB",,"#45 Richard Moore - MLB","#23 Vincent Kenny - CB","#21 James Appleby - CB",,,,"#33 Russell Gibbs - SS","#30 Eric Shoffner - FS",,,,,,,,,,,,,,,,,,,,,,,,,,,,,,,,,,,,
MAY,1:08,"MAY 26",3,3,3,"I Formation Normal HB Draw","4-3 Normal Man Under 1",2,7,21,"3-3-MAY 26 (1:07) 22-Nicholas Cupp ran to MAY 28 for 2 yards. Tackle by 96-Jose Godbolt.","#9 Mark Johnson - QB","#22 Nicholas Cupp - RB",,,"#30 Joe Tann - RB","#81 Norman Ortega - TE",,"#82 Cecil Volk - WR",,"#15 Amos Jones - WR",,,"#59 David Coulter - LT","#68 Greg Thornton - LG","#62 Joseph Lara - C","#55 Ryan Grogan - RG","#55 Roger Jackson - RT",,"#52 Gary Orbison - LDE",,"#96 Jose Godbolt - DT","#63 Michael Stingley - DT","#72 Anthony Abdul - RDE","#90 Derrick Tapp - SLB","#50 Albert Miles - WLB",,"#45 Richard Moore - MLB","#23 Vincent Kenny - CB","#21 James Appleby - CB",,,,"#33 Russell Gibbs - SS","#30 Eric Shoffner - FS",,,,,,,,,,,,,,,,,,,,,,,,,,,,,,,,,,,,
MAY,0:28,"MAY 28",3,4,1,Punt,"Punt Return",,7,21,"4-1-MAY 28 (0:27) 3-Monte Moore punts 49 yards to GAM 23. Fair Catch by 6-Don Blevins. GAM 52-Gary Orbison was injured on the play. He looks like he should be able to return.",,,,,,,,,,,,,,,,,,"#3 Monte Moore - P",,,,,,,,,,,,,,,,,,,"#22 Nicholas Cupp - RB",,"#6 Don Blevins - WR",,,"#98 Fred Hassell - MLB","#52 Gary Orbison - LDE","#45 Richard Moore - MLB",,"#20 Robert Dulac - SS","#63 Michael Stingley - DT",,"#33 Russell Gibbs - SS",,,,"#76 Kenneth Reed - LT","#55 Ryan Grogan - RG","#81 Norman Ortega - TE","#59 David Coulter - LT","#83 Bradley Isbell - TE","#80 Kevin Hart - TE",,"#58 Donald Parks - LDE","#72 Anthony Abdul - RDE","#50 Albert Miles - WLB","#90 Stephen Cruz - RDE",,,,,,,
GAM,0:19,"GAM 23",3,1,10,"Singleback Normal TE Quick Out","Nickel Normal Man Cover 2",6,7,21,"1-10-GAM 23 (0:20) 16-Jonathan Hunt pass complete to 12-Arthur Allen to GAM 28 for 6 yards. Tackle by 57-Walter Stallworth.","#16 Jonathan Hunt - QB","#28 James Geis - RB",,,,"#12 Arthur Allen - WR",,"#25 Bruce Simmons - WR","#81 Leon Rogue - WR","#6 Don Blevins - WR",,,"#66 Isiah Richards - RT","#68 Pablo Patton - LG","#71 Alexander Morris - C","#74 Joseph Benard - LT","#65 Freddie Newton - LT",,"#58 James Simpson - LDE",,"#72 Brent Perez - DT","#99 Charles Coleman - DT","#50 Mark Tharp - RDE",,"#57 Walter Stallworth - MLB",,"#90 Richard Allen - WLB","#46 Archie Kemp - CB","#49 Bobby Contreras - CB",,"#37 Robert Turner - CB",,"#28 Milton Fuchs - SS","#20 Reginald Brewster - FS",,,,,,,,,,,,,,,,,,,,,,,,,,,,,,,,,,,,
,0:00,,3,2,4,,,,7,21,"End of third quarter.",,,,,,,,,,,,,,,,,,,,,,,,,,,,,,,,,,,,,,,,,,,,,,,,,,,,,,,,,,,,,,,,,,,,,,
GAM,15:00,"GAM 28",4,2,4,"I Formation 3WR WR Out","Nickel Normal Shallow Zone Deep",,7,21,"2-4-GAM 28 (15:00) 16-Jonathan Hunt pass Pass knocked down by 32-Archie Kemp. incomplete, intended for 12-Arthur Allen.","#16 Jonathan Hunt - QB","#6 Don Blevins - WR",,,"#43 Jim Goodwin - FB",,,"#12 Arthur Allen - WR","#17 Joseph Herrera - WR","#81 Leon Rogue - WR",,,"#66 Isiah Richards - RT","#68 Pablo Patton - LG","#71 Alexander Morris - C","#74 Joseph Benard - LT","#65 Freddie Newton - LT",,"#58 James Simpson - LDE",,"#72 Brent Perez - DT","#99 Charles Coleman - DT","#50 Mark Tharp - RDE",,"#57 Walter Stallworth - MLB",,"#52 Manuel Wilkes - WLB","#46 Archie Kemp - CB","#49 Bobby Contreras - CB",,"#37 Robert Turner - CB",,"#28 Milton Fuchs - SS","#31 Lawrence Clark - FS",,,,,,,,,,,,,,,,,,,,,,,,,,,,,,,,,,,,
GAM,14:56,"GAM 28",4,3,4,"Singleback Big WR Deep","4-3 Normal Man Under 1",-8,7,21,"3-4-GAM 28 (14:57) 16-Jonathan Hunt sacked at GAM 21 for -8 yards (50-Mark Tharp). Sack allowed by 66-Isiah Richards.","#16 Jonathan Hunt - QB","#28 James Geis - RB",,,,"#17 Joseph Herrera - WR","#85 Robin Zambrano - TE","#25 Bruce Simmons - WR",,"#12 Arthur Allen - WR",,,"#66 Isiah Richards - RT","#68 Pablo Patton - LG","#71 Alexander Morris - C","#74 Joseph Benard - LT","#65 Freddie Newton - LT",,"#58 James Simpson - LDE",,"#72 Brent Perez - DT","#99 Charles Coleman - DT","#50 Mark Tharp - RDE","#96 Brian Shaffer - SLB","#57 Walter Stallworth - MLB",,"#52 Manuel Wilkes - WLB","#46 Archie Kemp - CB","#49 Bobby Contreras - CB",,,,"#28 Milton Fuchs - SS","#31 Lawrence Clark - FS",,,,,,,,,,,,,,,,,,,,,,,,,,,,,,,,,,,,
GAM,14:16,"GAM 21",4,4,12,Punt,"Punt Return",,7,21,"4-12-GAM 21 (14:15) 14-Kurt Hartley punts 49 yards to MAY 31. 1-Andrew Lara to MAY 37 for 7 yards. Tackle by 45-Richard Moore. GAM 28-James Geis was injured on the play.",,,,,,,,,,,,,,,,,,"#14 Kurt Hartley - P",,,,,,,,,,,,,,,,,,,"#68 Pablo Patton - LG",,"#1 Andrew Lara - RB",,,"#31 Lawrence Clark - FS","#72 Brent Perez - DT","#52 Manuel Wilkes - WLB",,"#28 Milton Fuchs - SS","#57 Walter Stallworth - MLB",,"#46 Archie Kemp - CB",,,,"#6 Don Blevins - WR","#68 Melvin Neal - LG","#66 Isiah Richards - RT","#71 Alexander Morris - C","#69 Miguel Gaylord - RT","#28 James Geis - RB",,"#50 Mark Tharp - RDE","#96 Brian Shaffer - SLB","#97 Jason Mayor - MLB","#58 James Simpson - LDE",,,,,,,
MAY,14:06,"MAY 37",4,1,10,"I Formation 3WR WR Out","4-3 Normal Man Under 1",,7,21,"1-10-MAY 37 (14:07) 9-Mark Johnson pass incomplete, intended for 82-Cecil Volk.","#9 Mark Johnson - QB","#22 Nicholas Cupp - RB",,,"#30 Joe Tann - RB",,,"#82 Cecil Volk - WR","#1 Andrew Lara - RB","#15 Amos Jones - WR",,,"#59 David Coulter - LT","#68 Greg Thornton - LG","#62 Joseph Lara - C","#55 Ryan Grogan - RG","#55 Roger Jackson - RT",,"#58 Donald Parks - LDE",,"#96 Jose Godbolt - DT","#63 Michael Stingley - DT","#72 Anthony Abdul - RDE","#90 Derrick Tapp - SLB","#50 Albert Miles - WLB",,"#98 William King - WLB","#23 Vincent Kenny - CB","#21 James Appleby - CB",,,,"#33 Russell Gibbs - SS","#30 Eric Shoffner - FS",,,,,,,,,,,,,,,,,,,,,,,,,,,,,,,,,,,,
MAY,14:03,"MAY 37",4,2,10,"I Formation 3WR PA Fullback Flat","4-3 Normal Double WR1",-2,7,21,"2-10-MAY 37 (14:04) 9-Mark Johnson pass complete to 30-Joe Tann to MAY 35 for -2 yards. Tackle by 23-Vincent Kenny.","#9 Mark Johnson - QB","#22 Nicholas Cupp - RB",,,"#30 Joe Tann - RB",,,"#82 Cecil Volk - WR","#1 Andrew Lara - RB","#15 Amos Jones - WR",,,"#59 David Coulter - LT","#68 Greg Thornton - LG","#62 Joseph Lara - C","#55 Ryan Grogan - RG","#55 Roger Jackson - RT",,"#58 Donald Parks - LDE",,"#96 Jose Godbolt - DT","#63 Michael Stingley - DT","#72 Anthony Abdul - RDE","#90 Derrick Tapp - SLB","#50 Albert Miles - WLB",,"#45 Richard Moore - MLB","#23 Vincent Kenny - CB","#21 James Appleby - CB",,,,"#33 Russell Gibbs - SS","#30 Eric Shoffner - FS",,,,,,,,,,,,,,,,,,,,,,,,,,,,,,,,,,,,
MAY,13:29,"MAY 35",4,3,12,"Strong I Normal WR Post TE Out","3-4 Normal Man Cover 1",1,7,21,"3-12-MAY 35 (13:28) 9-Mark Johnson pass complete to 82-Cecil Volk to MAY 37 for 1 yards. Tackle by 23-Vincent Kenny.","#9 Mark Johnson - QB","#20 John Kopf - RB",,,"#30 Joe Tann - RB","#81 Norman Ortega - TE",,"#82 Cecil Volk - WR",,"#15 Amos Jones - WR",,,"#59 David Coulter - LT","#68 Greg Thornton - LG","#62 Joseph Lara - C","#55 Ryan Grogan - RG","#55 Roger Jackson - RT",,"#58 Donald Parks - LDE",,"#96 Jose Godbolt - DT",,"#72 Anthony Abdul - RDE","#50 Albert Miles - WLB","#98 William King - WLB","#45 Richard Moore - MLB","#90 Derrick Tapp - SLB","#23 Vincent Kenny - CB","#21 James Appleby - CB",,,,"#33 Russell Gibbs - SS","#30 Eric Shoffner - FS",,,,,,,,,,,,,,,,,,,,,,,,,,,,,,,,,,,,
MAY,12:51,"MAY 37",4,4,11,Punt,"Punt Return",,7,21,"4-11-MAY 37 (12:50) 3-Monte Moore punts 50 yards to GAM 14. Fair Catch by 6-Don Blevins.",,,,,,,,,,,,,,,,,,"#3 Monte Moore - P",,,,,,,,,,,,,,,,,,,"#22 Nicholas Cupp - RB",,"#6 Don Blevins - WR",,,"#90 Stephen Cruz - RDE","#96 Jose Godbolt - DT","#98 Fred Hassell - MLB",,"#20 Robert Dulac - SS","#63 Michael Stingley - DT",,"#33 Russell Gibbs - SS",,,,"#76 Kenneth Reed - LT","#55 Ryan Grogan - RG","#81 Norman Ortega - TE","#59 David Coulter - LT","#83 Bradley Isbell - TE","#80 Kevin Hart - TE",,"#58 Donald Parks - LDE","#45 Richard Moore - MLB","#72 Anthony Abdul - RDE","#50 Albert Miles - WLB",,,,,,,
GAM,12:43,"GAM 14",4,1,10,"Singleback Normal HB Release Mid","Nickel Normal Double WR1",,7,21,"1-10-GAM 14 (12:44) 16-Jonathan Hunt pass Pass knocked down by 49-Bobby Contreras. incomplete, intended for 6-Don Blevins.","#16 Jonathan Hunt - QB","#28 James Geis - RB",,,,"#12 Arthur Allen - WR",,"#25 Bruce Simmons - WR","#81 Leon Rogue - WR","#6 Don Blevins - WR",,,"#66 Isiah Richards - RT","#68 Pablo Patton - LG","#71 Alexander Morris - C","#74 Joseph Benard - LT","#65 Freddie Newton - LT",,"#58 James Simpson - LDE",,"#72 Brent Perez - DT","#99 Charles Coleman - DT","#50 Mark Tharp - RDE",,"#57 Walter Stallworth - MLB",,"#90 Richard Allen - WLB","#46 Archie Kemp - CB","#49 Bobby Contreras - CB",,"#37 Robert Turner - CB",,"#28 Milton Fuchs - SS","#20 Reginald Brewster - FS",,,,,,,,,,,,,,,,,,,,,,,,,,,,,,,,,,,,
GAM,12:39,"GAM 14",4,2,10,"I Formation Normal HB Dive","4-3 Normal Man Under 1",2,7,21,"2-10-GAM 14 (12:40) 6-Don Blevins ran to GAM 16 for 2 yards. Tackle by 96-Brian Shaffer.","#16 Jonathan Hunt - QB","#6 Don Blevins - WR",,,"#43 Jim Goodwin - FB","#64 Andrew Simmons - C",,"#12 Arthur Allen - WR",,"#17 Joseph Herrera - WR",,,"#66 Isiah Richards - RT","#68 Pablo Patton - LG","#71 Alexander Morris - C","#74 Joseph Benard - LT","#65 Freddie Newton - LT",,"#58 James Simpson - LDE",,"#72 Brent Perez - DT","#99 Charles Coleman - DT","#50 Mark Tharp - RDE","#96 Brian Shaffer - SLB","#57 Walter Stallworth - MLB",,"#52 Manuel Wilkes - WLB","#46 Archie Kemp - CB","#49 Bobby Contreras - CB",,,,"#28 Milton Fuchs - SS","#31 Lawrence Clark - FS",,,,,,,,,,,,,,,,,,,,,,,,,,,,,,,,,,,,
GAM,12:01,"GAM 16",4,3,8,"I Formation Normal HB Dive","4-3 Normal Man Under 1",15,7,21,"3-8-GAM 16 (12:00) 6-Don Blevins ran to GAM 31 for 15 yards. Tackle by 31-Lawrence Clark.","#16 Jonathan Hunt - QB","#6 Don Blevins - WR",,,"#43 Jim Goodwin - FB","#64 Andrew Simmons - C",,"#12 Arthur Allen - WR",,"#17 Joseph Herrera - WR",,,"#66 Isiah Richards - RT","#68 Pablo Patton - LG","#71 Alexander Morris - C","#74 Joseph Benard - LT","#65 Freddie Newton - LT",,"#58 James Simpson - LDE",,"#72 Brent Perez - DT","#99 Charles Coleman - DT","#50 Mark Tharp - RDE","#96 Brian Shaffer - SLB","#57 Walter Stallworth - MLB",,"#52 Manuel Wilkes - WLB","#46 Archie Kemp - CB","#49 Bobby Contreras - CB",,,,"#28 Milton Fuchs - SS","#31 Lawrence Clark - FS",,,,,,,,,,,,,,,,,,,,,,,,,,,,,,,,,,,,
,11:56,,4,1,10,,,,7,21,"Timeout GAM",,,,,,,,,,,,,,,,,,,,,,,,,,,,,,,,,,,,,,,,,,,,,,,,,,,,,,,,,,,,,,,,,,,,,,
GAM,11:15,"GAM 31",4,1,10,"Singleback Normal HB Dive Weak","Nickel Normal Man Cover 2",1,7,21,"1-10-GAM 31 (11:16) 28-James Geis ran to GAM 32 for 1 yards. Tackle by 99-Charles Coleman.","#16 Jonathan Hunt - QB","#28 James Geis - RB",,,,"#85 Robin Zambrano - TE",,"#25 Bruce Simmons - WR","#81 Leon Rogue - WR","#12 Arthur Allen - WR",,,"#66 Isiah Richards - RT","#68 Pablo Patton - LG","#71 Alexander Morris - C","#74 Joseph Benard - LT","#65 Freddie Newton - LT",,"#58 James Simpson - LDE",,"#72 Brent Perez - DT","#99 Charles Coleman - DT","#50 Mark Tharp - RDE",,"#57 Walter Stallworth - MLB",,"#52 Manuel Wilkes - WLB","#46 Archie Kemp - CB","#49 Bobby Contreras - CB",,"#37 Robert Turner - CB",,"#28 Milton Fuchs - SS","#31 Lawrence Clark - FS",,,,,,,,,,,,,,,,,,,,,,,,,,,,,,,,,,,,
GAM,10:37,"GAM 32",4,2,9,"Singleback Big WR Deep","4-3 Normal Man Under 1",,7,21,"2-9-GAM 32 (10:36) PENALTY - False Start (GAM 71-Alexander Morris)","#16 Jonathan Hunt - QB","#28 James Geis - RB",,,,"#17 Joseph Herrera - WR","#85 Robin Zambrano - TE","#25 Bruce Simmons - WR",,"#12 Arthur Allen - WR",,,"#66 Isiah Richards - RT","#68 Pablo Patton - LG","#71 Alexander Morris - C","#74 Joseph Benard - LT","#65 Freddie Newton - LT",,"#58 James Simpson - LDE",,"#72 Brent Perez - DT","#99 Charles Coleman - DT","#50 Mark Tharp - RDE","#96 Brian Shaffer - SLB","#57 Walter Stallworth - MLB",,"#52 Manuel Wilkes - WLB","#46 Archie Kemp - CB","#49 Bobby Contreras - CB",,,,"#28 Milton Fuchs - SS","#31 Lawrence Clark - FS",,,,,,,,,,,,,,,,,,,,,,,,,,,,,,,,,,,,
GAM,10:35,"GAM 27",4,2,14,"Weak I Normal HB Inside Weak","4-3 Normal Man Under 1",5,7,21,"2-14-GAM 27 (10:36) 17-Joseph Herrera ran to GAM 32 for 5 yards. Tackle by 96-Brian Shaffer.","#16 Jonathan Hunt - QB","#17 Joseph Herrera - WR",,,"#68 Melvin Neal - LG","#12 Arthur Allen - WR",,"#25 Bruce Simmons - WR",,"#81 Leon Rogue - WR",,,"#66 Isiah Richards - RT","#68 Pablo Patton - LG","#71 Alexander Morris - C","#74 Joseph Benard - LT","#65 Freddie Newton - LT",,"#58 James Simpson - LDE",,"#72 Brent Perez - DT","#99 Charles Coleman - DT","#50 Mark Tharp - RDE","#96 Brian Shaffer - SLB","#57 Walter Stallworth - MLB",,"#52 Manuel Wilkes - WLB","#46 Archie Kemp - CB","#49 Bobby Contreras - CB",,,,"#28 Milton Fuchs - SS","#31 Lawrence Clark - FS",,,,,,,,,,,,,,,,,,,,,,,,,,,,,,,,,,,,
GAM,9:55,"GAM 32",4,3,8,"Singleback Big Corner Ins","4-3 Normal Man Under 1",6,7,21,"3-8-GAM 32 (9:54) 16-Jonathan Hunt ran to GAM 38 for 6 yards. Tackle by 52-Manuel Wilkes.","#16 Jonathan Hunt - QB","#28 James Geis - RB",,,,"#17 Joseph Herrera - WR","#85 Robin Zambrano - TE","#25 Bruce Simmons - WR",,"#12 Arthur Allen - WR",,,"#66 Isiah Richards - RT","#68 Pablo Patton - LG","#71 Alexander Morris - C","#74 Joseph Benard - LT","#65 Freddie Newton - LT",,"#58 James Simpson - LDE",,"#72 Brent Perez - DT","#99 Charles Coleman - DT","#50 Mark Tharp - RDE","#96 Brian Shaffer - SLB","#57 Walter Stallworth - MLB",,"#52 Manuel Wilkes - WLB","#46 Archie Kemp - CB","#49 Bobby Contreras - CB",,,,"#28 Milton Fuchs - SS","#31 Lawrence Clark - FS",,,,,,,,,,,,,,,,,,,,,,,,,,,,,,,,,,,,
GAM,9:20,"GAM 38",4,4,3,Punt,"Punt Return",57,7,21,"4-3-GAM 38 (9:19) 14-Kurt Hartley punts 57 yards to MAY 5.",,,,,,,,,,,,,,,,,,"#14 Kurt Hartley - P",,,,,,,,,,,,,,,,,,,"#68 Pablo Patton - LG",,"#1 Andrew Lara - RB",,,"#31 Lawrence Clark - FS","#72 Brent Perez - DT","#52 Manuel Wilkes - WLB",,"#58 James Simpson - LDE","#28 Milton Fuchs - SS",,"#46 Archie Kemp - CB",,,,"#6 Don Blevins - WR","#68 Melvin Neal - LG","#66 Isiah Richards - RT","#71 Alexander Morris - C","#69 Miguel Gaylord - RT","#28 James Geis - RB",,"#57 Walter Stallworth - MLB","#96 Brian Shaffer - SLB","#97 Jason Mayor - MLB","#50 Mark Tharp - RDE",,,,,,,
MAY,9:09,"MAY 5",4,1,10,"I Formation 3WR WR Out","4-3 Normal Man Under 1",8,7,21,"1-10-MAY 5 (9:10) 9-Mark Johnson pass complete to 82-Cecil Volk to MAY 13 for 8 yards. Tackle by 23-Vincent Kenny.","#9 Mark Johnson - QB","#22 Nicholas Cupp - RB",,,"#30 Joe Tann - RB",,,"#82 Cecil Volk - WR","#1 Andrew Lara - RB","#15 Amos Jones - WR",,,"#59 David Coulter - LT","#68 Greg Thornton - LG","#62 Joseph Lara - C","#55 Ryan Grogan - RG","#55 Roger Jackson - RT",,"#52 Gary Orbison - LDE",,"#96 Jose Godbolt - DT","#63 Michael Stingley - DT","#72 Anthony Abdul - RDE","#90 Derrick Tapp - SLB","#98 William King - WLB",,"#50 Albert Miles - WLB","#23 Vincent Kenny - CB","#21 James Appleby - CB",,,,"#33 Russell Gibbs - SS","#30 Eric Shoffner - FS",,,,,,,,,,,,,,,,,,,,,,,,,,,,,,,,,,,,
MAY,8:30,"MAY 13",4,2,2,"I Formation Normal HB Draw","4-3 Normal Man Under 1",5,7,21,"2-2-MAY 13 (8:29) 22-Nicholas Cupp ran to MAY 18 for 5 yards. Tackle by 90-Derrick Tapp.","#9 Mark Johnson - QB","#22 Nicholas Cupp - RB",,,"#30 Joe Tann - RB","#81 Norman Ortega - TE",,"#82 Cecil Volk - WR",,"#15 Amos Jones - WR",,,"#59 David Coulter - LT","#68 Greg Thornton - LG","#62 Joseph Lara - C","#55 Ryan Grogan - RG","#55 Roger Jackson - RT",,"#52 Gary Orbison - LDE",,"#96 Jose Godbolt - DT","#63 Michael Stingley - DT","#72 Anthony Abdul - RDE","#90 Derrick Tapp - SLB","#98 William King - WLB",,"#50 Albert Miles - WLB","#23 Vincent Kenny - CB","#21 James Appleby - CB",,,,"#33 Russell Gibbs - SS","#30 Eric Shoffner - FS",,,,,,,,,,,,,,,,,,,,,,,,,,,,,,,,,,,,
MAY,7:56,"MAY 18",4,1,10,"I Formation 3WR PA Fullback Flat","4-3 Normal WLB Outside Blitz",1,7,21,"1-10-MAY 18 (7:55) 9-Mark Johnson pass complete to 1-Andrew Lara to MAY 20 for 1 yards. Tackle by 52-Gary Orbison. Great move by 1-Andrew Lara to get free of his coverage. Pressure by 72-Anthony Abdul.","#9 Mark Johnson - QB","#20 John Kopf - RB",,,"#30 Joe Tann - RB",,,"#82 Cecil Volk - WR","#1 Andrew Lara - RB","#15 Amos Jones - WR",,,"#59 David Coulter - LT","#68 Greg Thornton - LG","#62 Joseph Lara - C","#55 Ryan Grogan - RG","#55 Roger Jackson - RT",,"#52 Gary Orbison - LDE",,"#96 Jose Godbolt - DT","#63 Michael Stingley - DT","#72 Anthony Abdul - RDE","#90 Derrick Tapp - SLB","#50 Albert Miles - WLB",,"#45 Richard Moore - MLB","#23 Vincent Kenny - CB","#21 James Appleby - CB",,,,"#33 Russell Gibbs - SS","#30 Eric Shoffner - FS",,,,,,,,,,,,,,,,,,,,,,,,,,,,,,,,,,,,
MAY,7:30,"MAY 20",4,2,9,"Shotgun Normal HB Flare","4-3 Normal Double WR3",,7,21,"2-9-MAY 20 (7:29) 9-Mark Johnson pass incomplete, dropped by 82-Cecil Volk. That was a dangerous pass.","#9 Mark Johnson - QB","#20 John Kopf - RB",,,,"#81 Norman Ortega - TE",,"#15 Amos Jones - WR","#1 Andrew Lara - RB","#82 Cecil Volk - WR",,,"#59 David Coulter - LT","#68 Greg Thornton - LG","#62 Joseph Lara - C","#55 Ryan Grogan - RG","#55 Roger Jackson - RT",,"#52 Gary Orbison - LDE",,"#96 Jose Godbolt - DT","#63 Michael Stingley - DT","#72 Anthony Abdul - RDE","#90 Derrick Tapp - SLB","#50 Albert Miles - WLB",,"#45 Richard Moore - MLB","#23 Vincent Kenny - CB","#21 James Appleby - CB",,,,"#33 Russell Gibbs - SS","#30 Eric Shoffner - FS",,,,,,,,,,,,,,,,,,,,,,,,,,,,,,,,,,,,
MAY,7:26,"MAY 20",4,3,9,"Shotgun 2 RB 3 WR WR Curl","4-3 Normal Double WR3",8,7,21,"3-9-MAY 20 (7:27) 9-Mark Johnson pass complete to 22-Nicholas Cupp to MAY 27 for 8 yards. Tackle by 23-Vincent Kenny. Nice job by 22-Nicholas Cupp on that route to lose his coverage.","#9 Mark Johnson - QB","#22 Nicholas Cupp - RB","#20 John Kopf - RB",,,,,"#82 Cecil Volk - WR","#1 Andrew Lara - RB","#15 Amos Jones - WR",,,"#59 David Coulter - LT","#68 Greg Thornton - LG","#62 Joseph Lara - C","#55 Ryan Grogan - RG","#55 Roger Jackson - RT",,"#52 Gary Orbison - LDE",,"#96 Jose Godbolt - DT","#63 Michael Stingley - DT","#72 Anthony Abdul - RDE","#90 Derrick Tapp - SLB","#50 Albert Miles - WLB",,"#45 Richard Moore - MLB","#23 Vincent Kenny - CB","#21 James Appleby - CB",,,,"#33 Russell Gibbs - SS","#30 Eric Shoffner - FS",,,,,,,,,,,,,,,,,,,,,,,,,,,,,,,,,,,,
MAY,7:03,"MAY 27",4,4,1,"Weak I Normal Skinny Posts","46 Normal Inside Blitz",3,7,21,"4-1-MAY 27 (7:02) 9-Mark Johnson pass complete to 21-John Kopf to MAY 31 for 3 yards.","#9 Mark Johnson - QB","#20 John Kopf - RB",,,"#30 Joe Tann - RB","#81 Norman Ortega - TE",,"#82 Cecil Volk - WR",,"#1 Andrew Lara - RB",,,"#59 David Coulter - LT","#68 Greg Thornton - LG","#62 Joseph Lara - C","#55 Ryan Grogan - RG","#55 Roger Jackson - RT",,"#52 Gary Orbison - LDE",,"#96 Jose Godbolt - DT","#63 Michael Stingley - DT","#72 Anthony Abdul - RDE","#90 Derrick Tapp - SLB","#45 Richard Moore - MLB",,"#50 Albert Miles - WLB","#23 Vincent Kenny - CB","#21 James Appleby - CB",,,,"#33 Russell Gibbs - SS","#30 Eric Shoffner - FS",,,,,,,,,,,,,,,,,,,,,,,,,,,,,,,,,,,,
MAY,6:38,"MAY 31",4,1,10,"I Formation 3WR PA Fullback Flat","3-4 Normal Man Cover 1",3,7,21,"1-10-MAY 31 (6:37) 9-Mark Johnson pass complete to 15-Amos Jones to MAY 33 for 3 yards. Tackle by 21-James Appleby.","#9 Mark Johnson - QB","#30 Joe Tann - RB",,,"#23 Herman Anderton - FB",,,"#15 Amos Jones - WR","#10 Michael Mayberry - WR","#5 Theodore Hurd - WR",,,"#59 David Coulter - LT","#68 Greg Thornton - LG","#62 Joseph Lara - C","#55 Ryan Grogan - RG","#55 Roger Jackson - RT",,"#52 Gary Orbison - LDE",,"#96 Jose Godbolt - DT",,"#72 Anthony Abdul - RDE","#90 Derrick Tapp - SLB","#98 William King - WLB","#98 Fred Hassell - MLB","#45 Richard Moore - MLB","#21 James Appleby - CB","#35 Logan Quinn - CB",,,,"#20 Robert Dulac - SS","#30 Eric Shoffner - FS",,,,,,,,,,,,,,,,,,,,,,,,,,,,,,,,,,,,
MAY,6:15,"MAY 33",4,2,7,"I Formation 3WR PA Fullback Flat","4-3 Normal Double WR3",,7,21,"2-7-MAY 33 (6:14) 9-Mark Johnson pass INTERCEPTED by 55-Fred Hassell at MAY 35. 55-Fred Hassell to MAY 34 for 0 yards. Tackle by 30-Joe Tann. This is what happens when you keep calling the same offensive play.","#9 Mark Johnson - QB","#22 Nicholas Cupp - RB",,,"#30 Joe Tann - RB",,,"#1 Andrew Lara - RB","#10 Michael Mayberry - WR","#5 Theodore Hurd - WR",,,"#59 David Coulter - LT","#68 Greg Thornton - LG","#62 Joseph Lara - C","#55 Ryan Grogan - RG","#55 Roger Jackson - RT",,"#52 Gary Orbison - LDE",,"#96 Jose Godbolt - DT","#63 Michael Stingley - DT","#72 Anthony Abdul - RDE","#98 Fred Hassell - MLB","#45 Richard Moore - MLB",,"#98 William King - WLB","#23 Vincent Kenny - CB","#35 Logan Quinn - CB",,,,"#33 Russell Gibbs - SS","#30 Eric Shoffner - FS",,,,,,,,,,,,,,,,,,,,,,,,,,,,,,,,,,,,
GAM,6:10,"MAY 34",4,1,10,"Singleback Normal HB Release Mid","Nickel Normal Man Cover 2",12,7,21,"1-10-MAY 34 (6:11) 16-Jonathan Hunt pass complete to 81-Leon Rogue to MAY 22 for 12 yards. Tackle by 37-Robert Turner. PENALTY - Pass Interference (MAY 37-Robert Turner) (Declined)","#16 Jonathan Hunt - QB","#28 James Geis - RB",,,,"#12 Arthur Allen - WR",,"#25 Bruce Simmons - WR","#81 Leon Rogue - WR","#6 Don Blevins - WR",,,"#66 Isiah Richards - RT","#68 Pablo Patton - LG","#71 Alexander Morris - C","#74 Joseph Benard - LT","#65 Freddie Newton - LT",,"#58 James Simpson - LDE",,"#72 Brent Perez - DT","#99 Charles Coleman - DT","#50 Mark Tharp - RDE",,"#57 Walter Stallworth - MLB",,"#52 Manuel Wilkes - WLB","#46 Archie Kemp - CB","#49 Bobby Contreras - CB",,"#37 Robert Turner - CB",,"#28 Milton Fuchs - SS","#31 Lawrence Clark - FS",,,,,,,,,,,,,,,,,,,,,,,,,,,,,,,,,,,,
GAM,6:06,"MAY 22",4,1,10,"I Formation Normal HB Dive","4-3 Normal Man Under 1",3,7,21,"1-10-MAY 22 (6:07) 6-Don Blevins ran to MAY 19 for 3 yards. Tackle by 96-Brian Shaffer.","#16 Jonathan Hunt - QB","#6 Don Blevins - WR",,,"#43 Jim Goodwin - FB","#64 Andrew Simmons - C",,"#12 Arthur Allen - WR",,"#17 Joseph Herrera - WR",,,"#66 Isiah Richards - RT","#68 Pablo Patton - LG","#71 Alexander Morris - C","#74 Joseph Benard - LT","#65 Freddie Newton - LT",,"#58 James Simpson - LDE",,"#72 Brent Perez - DT","#99 Charles Coleman - DT","#50 Mark Tharp - RDE","#96 Brian Shaffer - SLB","#57 Walter Stallworth - MLB",,"#52 Manuel Wilkes - WLB","#46 Archie Kemp - CB","#49 Bobby Contreras - CB",,,,"#28 Milton Fuchs - SS","#31 Lawrence Clark - FS",,,,,,,,,,,,,,,,,,,,,,,,,,,,,,,,,,,,
GAM,5:25,"MAY 19",4,2,7,"Singleback Normal HB Dive Weak","Nickel Normal Man Cover 2",12,7,21,"2-7-MAY 19 (5:24) 28-James Geis ran to MAY 7 for 12 yards. Tackle by 31-Lawrence Clark.","#16 Jonathan Hunt - QB","#28 James Geis - RB",,,,"#12 Arthur Allen - WR",,"#25 Bruce Simmons - WR","#81 Leon Rogue - WR","#6 Don Blevins - WR",,,"#66 Isiah Richards - RT","#68 Pablo Patton - LG","#71 Alexander Morris - C","#74 Joseph Benard - LT","#65 Freddie Newton - LT",,"#58 James Simpson - LDE",,"#72 Brent Perez - DT","#99 Charles Coleman - DT","#50 Mark Tharp - RDE",,"#57 Walter Stallworth - MLB",,"#52 Manuel Wilkes - WLB","#46 Archie Kemp - CB","#49 Bobby Contreras - CB",,"#37 Robert Turner - CB",,"#28 Milton Fuchs - SS","#31 Lawrence Clark - FS",,,,,,,,,,,,,,,,,,,,,,,,,,,,,,,,,,,,
GAM,4:44,"MAY 7",4,1,7,"Weak I Normal HB Inside Weak","4-3 Normal Man Under 1",7,7,27,"1-7-MAY 7 (4:43) 17-Joseph Herrera ran for 7 yards. TOUCHDOWN! MAY 7 GAM 27","#16 Jonathan Hunt - QB","#17 Joseph Herrera - WR",,,"#68 Melvin Neal - LG","#12 Arthur Allen - WR",,"#25 Bruce Simmons - WR",,"#81 Leon Rogue - WR",,,"#66 Isiah Richards - RT","#68 Pablo Patton - LG","#71 Alexander Morris - C","#74 Joseph Benard - LT","#65 Freddie Newton - LT",,"#58 James Simpson - LDE",,"#72 Brent Perez - DT","#99 Charles Coleman - DT","#50 Mark Tharp - RDE","#96 Brian Shaffer - SLB","#57 Walter Stallworth - MLB",,"#52 Manuel Wilkes - WLB","#46 Archie Kemp - CB","#49 Bobby Contreras - CB",,,,"#28 Milton Fuchs - SS","#31 Lawrence Clark - FS",,,,,,,,,,,,,,,,,,,,,,,,,,,,,,,,,,,,
GAM,4:40,"MAY 15",4,7,15,"Field Goal","FG Block",25,7,28,"(4:41) Extra point GOOD by 10-James Calderon. MAY 7 GAM 28",,,,,,,,,,,,,,,,,,,,,,,,,,,,,,,,,,,,"#14 Kurt Hartley - P","#68 Pablo Patton - LG",,,,,,,,,,,,,,"#10 James Calderon - K","#64 Andrew Simmons - C","#6 Don Blevins - WR","#68 Melvin Neal - LG","#66 Isiah Richards - RT","#71 Alexander Morris - C","#69 Miguel Gaylord - RT","#90 Stephen Cruz - RDE","#28 James Geis - RB","#50 Mark Tharp - RDE","#96 Brian Shaffer - SLB","#97 Jason Mayor - MLB","#58 James Simpson - LDE","#61 Brain Emmett - DT","#90 Richard Allen - WLB","#65 Joseph Downey - RDE","#57 Walter Stallworth - MLB","#31 Lawrence Clark - FS","#52 Manuel Wilkes - WLB","#72 Brent Perez - DT"
GAM,4:40,"GAM 35",4,6,10,Kickoff,"Kick Return",,7,28,"(4:41) 10-James Calderon kicks 71 yards from GAM 35 to MAY -6. 22-Nicholas Cupp to MAY 33 for 40 yards. Tackle by 45-Richard Moore.",,,,,,,,,,,,,,,,,,,,,,,,,,,,,,,,,,,,,,"#22 Nicholas Cupp - RB",,"#96 Brian Shaffer - SLB","#72 Brent Perez - DT","#31 Lawrence Clark - FS","#46 Archie Kemp - CB","#52 Manuel Wilkes - WLB","#38 Wallace Coca - SS","#58 James Simpson - LDE","#28 Milton Fuchs - SS","#90 Richard Allen - WLB","#57 Walter Stallworth - MLB","#10 James Calderon - K",,,,,,,,,,,,,,,,,,,,
MAY,4:33,"MAY 33",4,1,10,"Weak I Normal Skinny Posts","4-3 Normal OLB Blitz Outside",5,7,28,"1-10-MAY 33 (4:34) 9-Mark Johnson pass complete to 81-Norman Ortega to MAY 37 for 5 yards. Tackle by 30-Eric Shoffner.","#9 Mark Johnson - QB","#20 John Kopf - RB",,,"#30 Joe Tann - RB","#81 Norman Ortega - TE",,"#82 Cecil Volk - WR",,"#15 Amos Jones - WR",,,"#59 David Coulter - LT","#68 Greg Thornton - LG","#62 Joseph Lara - C","#55 Ryan Grogan - RG","#55 Roger Jackson - RT",,"#58 Donald Parks - LDE",,"#79 Henry Broughton - DT","#95 Harry Mills - DT","#72 Anthony Abdul - RDE","#90 Derrick Tapp - SLB","#98 Fred Hassell - MLB",,"#98 William King - WLB","#23 Vincent Kenny - CB","#21 James Appleby - CB",,,,"#33 Russell Gibbs - SS","#30 Eric Shoffner - FS",,,,,,,,,,,,,,,,,,,,,,,,,,,,,,,,,,,,
MAY,4:16,"MAY 37",4,2,5,"Weak I Normal Skinny Posts","3-4 Normal Man Cover 1",4,7,28,"2-5-MAY 37 (4:15) 9-Mark Johnson pass complete to 22-Nicholas Cupp to MAY 42 for 4 yards. Tackle by 23-Vincent Kenny.","#9 Mark Johnson - QB","#22 Nicholas Cupp - RB",,,"#30 Joe Tann - RB","#81 Norman Ortega - TE",,"#82 Cecil Volk - WR",,"#15 Amos Jones - WR",,,"#59 David Coulter - LT","#68 Greg Thornton - LG","#62 Joseph Lara - C","#55 Ryan Grogan - RG","#55 Roger Jackson - RT",,"#52 Gary Orbison - LDE",,"#96 Jose Godbolt - DT",,"#72 Anthony Abdul - RDE","#50 Albert Miles - WLB","#98 William King - WLB","#45 Richard Moore - MLB","#90 Derrick Tapp - SLB","#23 Vincent Kenny - CB","#21 James Appleby - CB",,,,"#33 Russell Gibbs - SS","#30 Eric Shoffner - FS",,,,,,,,,,,,,,,,,,,,,,,,,,,,,,,,,,,,
MAY,3:57,"MAY 42",4,3,1,"I Formation Power HB Draw","Dime Normal Double WR1 WR2",2,7,28,"3-1-MAY 42 (3:56) 21-John Kopf ran to MAY 44 for 2 yards. Tackle by 63-Michael Stingley.","#9 Mark Johnson - QB","#20 John Kopf - RB",,"#23 Herman Anderton - FB","#30 Joe Tann - RB","#81 Norman Ortega - TE",,"#82 Cecil Volk - WR",,,,,"#59 David Coulter - LT","#68 Greg Thornton - LG","#62 Joseph Lara - C","#55 Ryan Grogan - RG","#55 Roger Jackson - RT",,"#52 Gary Orbison - LDE",,"#96 Jose Godbolt - DT","#63 Michael Stingley - DT","#72 Anthony Abdul - RDE",,"#45 Richard Moore - MLB",,,"#23 Vincent Kenny - CB","#21 James Appleby - CB","#20 Robert Dulac - SS","#40 Ricardo Smith - CB",,"#35 Logan Quinn - CB","#30 Eric Shoffner - FS",,,,,,,,,,,,,,,,,,,,,,,,,,,,,,,,,,,,
MAY,3:32,"MAY 44",4,1,10,"Shotgun 2 RB 3 WR WR Curl","4-3 Normal Man Under 1",,7,28,"1-10-MAY 44 (3:31) 9-Mark Johnson pass incomplete, dropped by 82-Cecil Volk.","#9 Mark Johnson - QB","#20 John Kopf - RB","#30 Joe Tann - RB",,,,,"#82 Cecil Volk - WR","#1 Andrew Lara - RB","#15 Amos Jones - WR",,,"#59 David Coulter - LT","#68 Greg Thornton - LG","#62 Joseph Lara - C","#55 Ryan Grogan - RG","#55 Roger Jackson - RT",,"#52 Gary Orbison - LDE",,"#96 Jose Godbolt - DT","#63 Michael Stingley - DT","#72 Anthony Abdul - RDE","#90 Derrick Tapp - SLB","#50 Albert Miles - WLB",,"#45 Richard Moore - MLB","#23 Vincent Kenny - CB","#21 James Appleby - CB",,,,"#33 Russell Gibbs - SS","#30 Eric Shoffner - FS",,,,,,,,,,,,,,,,,,,,,,,,,,,,,,,,,,,,
MAY,3:26,"MAY 44",4,2,10,"Shotgun Normal HB Flare","4-3 Under Crash Right",,7,28,"2-10-MAY 44 (3:27) 9-Mark Johnson pass Pass knocked down by 23-Vincent Kenny. incomplete, intended for 15-Amos Jones. PENALTY - Holding (MAY 59-David Coulter)","#9 Mark Johnson - QB","#20 John Kopf - RB",,,,"#81 Norman Ortega - TE",,"#15 Amos Jones - WR","#1 Andrew Lara - RB","#82 Cecil Volk - WR",,,"#59 David Coulter - LT","#68 Greg Thornton - LG","#62 Joseph Lara - C","#55 Ryan Grogan - RG","#55 Roger Jackson - RT",,"#52 Gary Orbison - LDE",,"#96 Jose Godbolt - DT","#63 Michael Stingley - DT","#72 Anthony Abdul - RDE","#90 Derrick Tapp - SLB","#45 Richard Moore - MLB",,"#50 Albert Miles - WLB","#23 Vincent Kenny - CB","#21 James Appleby - CB",,,,"#33 Russell Gibbs - SS","#30 Eric Shoffner - FS",,,,,,,,,,,,,,,,,,,,,,,,,,,,,,,,,,,,
MAY,3:22,"MAY 34",4,2,20,"I Formation Normal FL Hitch","3-4 Normal Man Cover 1",,7,28,"2-20-MAY 34 (3:23) 9-Mark Johnson pass Pass knocked down by 48-Robert Boswell. incomplete, intended for 81-Norman Ortega.","#9 Mark Johnson - QB","#22 Nicholas Cupp - RB",,,"#30 Joe Tann - RB","#81 Norman Ortega - TE",,"#1 Andrew Lara - RB",,"#5 Theodore Hurd - WR",,,"#59 David Coulter - LT","#68 Greg Thornton - LG","#62 Joseph Lara - C","#55 Ryan Grogan - RG","#55 Roger Jackson - RT",,"#52 Gary Orbison - LDE",,"#96 Jose Godbolt - DT",,"#72 Anthony Abdul - RDE","#50 Albert Miles - WLB","#98 William King - WLB","#98 Fred Hassell - MLB","#45 Richard Moore - MLB","#35 Logan Quinn - CB","#32 Leslie Ferguson - CB",,,,"#20 Robert Dulac - SS","#48 Robert Boswell - FS",,,,,,,,,,,,,,,,,,,,,,,,,,,,,,,,,,,,
MAY,3:19,"MAY 34",4,3,20,"I Formation Normal Max Protect","4-3 Normal OLB Blitz Inside",3,7,28,"3-20-MAY 34 (3:20) 9-Mark Johnson pass complete to 21-John Kopf to MAY 37 for 3 yards. Tackle by 33-Russell Gibbs.","#9 Mark Johnson - QB","#20 John Kopf - RB",,,"#30 Joe Tann - RB","#81 Norman Ortega - TE",,"#82 Cecil Volk - WR",,"#15 Amos Jones - WR",,,"#59 David Coulter - LT","#68 Greg Thornton - LG","#62 Joseph Lara - C","#55 Ryan Grogan - RG","#55 Roger Jackson - RT",,"#52 Gary Orbison - LDE",,"#96 Jose Godbolt - DT","#63 Michael Stingley - DT","#72 Anthony Abdul - RDE","#90 Derrick Tapp - SLB","#98 Fred Hassell - MLB",,"#50 Albert Miles - WLB","#23 Vincent Kenny - CB","#21 James Appleby - CB",,,,"#33 Russell Gibbs - SS","#30 Eric Shoffner - FS",,,,,,,,,,,,,,,,,,,,,,,,,,,,,,,,,,,,
MAY,2:56,"MAY 37",4,4,17,Punt,"Punt Return",,7,28,"4-17-MAY 37 (2:55) 3-Monte Moore punts 46 yards to GAM 17. Fair Catch by 6-Don Blevins.",,,,,,,,,,,,,,,,,,"#3 Monte Moore - P",,,,,,,,,,,,,,,,,,,"#22 Nicholas Cupp - RB",,"#6 Don Blevins - WR",,,"#90 Stephen Cruz - RDE","#52 Gary Orbison - LDE","#98 Fred Hassell - MLB",,"#20 Robert Dulac - SS","#63 Michael Stingley - DT",,"#33 Russell Gibbs - SS",,,,"#76 Kenneth Reed - LT","#55 Ryan Grogan - RG","#81 Norman Ortega - TE","#59 David Coulter - LT","#83 Bradley Isbell - TE","#80 Kevin Hart - TE",,"#58 Donald Parks - LDE","#45 Richard Moore - MLB","#72 Anthony Abdul - RDE","#50 Albert Miles - WLB",,,,,,,
GAM,2:48,"GAM 17",4,1,10,"Singleback Normal TE Quick Out","Nickel Normal Man Cover 2",11,7,28,"1-10-GAM 17 (2:49) 16-Jonathan Hunt pass complete to 12-Arthur Allen to GAM 28 for 11 yards. Tackle by 57-Walter Stallworth.","#16 Jonathan Hunt - QB","#28 James Geis - RB",,,,"#12 Arthur Allen - WR",,"#25 Bruce Simmons - WR","#81 Leon Rogue - WR","#6 Don Blevins - WR",,,"#66 Isiah Richards - RT","#68 Pablo Patton - LG","#71 Alexander Morris - C","#74 Joseph Benard - LT","#65 Freddie Newton - LT",,"#58 James Simpson - LDE",,"#72 Brent Perez - DT","#99 Charles Coleman - DT","#50 Mark Tharp - RDE",,"#57 Walter Stallworth - MLB",,"#90 Richard Allen - WLB","#46 Archie Kemp - CB","#49 Bobby Contreras - CB",,"#37 Robert Turner - CB",,"#28 Milton Fuchs - SS","#20 Reginald Brewster - FS",,,,,,,,,,,,,,,,,,,,,,,,,,,,,,,,,,,,
GAM,2:04,"GAM 28",4,1,10,"Singleback Big WR Deep","4-3 Normal Man Under 1",42,7,28,"1-10-GAM 28 (2:03) 16-Jonathan Hunt pass complete to 85-Robin Zambrano to MAY 30 for 42 yards. Tackle by 96-Brian Shaffer.","#16 Jonathan Hunt - QB","#28 James Geis - RB",,,,"#17 Joseph Herrera - WR","#85 Robin Zambrano - TE","#25 Bruce Simmons - WR",,"#12 Arthur Allen - WR",,,"#66 Isiah Richards - RT","#68 Pablo Patton - LG","#71 Alexander Morris - C","#74 Joseph Benard - LT","#65 Freddie Newton - LT",,"#58 James Simpson - LDE",,"#72 Brent Perez - DT","#99 Charles Coleman - DT","#50 Mark Tharp - RDE","#96 Brian Shaffer - SLB","#57 Walter Stallworth - MLB",,"#52 Manuel Wilkes - WLB","#46 Archie Kemp - CB","#49 Bobby Contreras - CB",,,,"#28 Milton Fuchs - SS","#31 Lawrence Clark - FS",,,,,,,,,,,,,,,,,,,,,,,,,,,,,,,,,,,,
,1:55,,4,1,10,,,,7,28,"Timeout for two minute warning.",,,,,,,,,,,,,,,,,,,,,,,,,,,,,,,,,,,,,,,,,,,,,,,,,,,,,,,,,,,,,,,,,,,,,,
GAM,1:54,"MAY 30",4,1,10,"I Formation Normal HB Dive","4-3 Normal WLB MLB Blitz",6,7,28,"1-10-MAY 30 (1:55) 27-Louis Richardson ran to MAY 24 for 6 yards. Tackle by 96-Brian Shaffer. GAM 65-Freddie Newton was injured on the play.","#16 Jonathan Hunt - QB","#27 Louis Richardson - RB",,,"#43 Jim Goodwin - FB","#64 Andrew Simmons - C",,"#6 Don Blevins - WR",,"#81 Leon Rogue - WR",,,"#66 Isiah Richards - RT","#68 Pablo Patton - LG","#71 Alexander Morris - C","#74 Joseph Benard - LT","#65 Freddie Newton - LT",,"#95 Melvin Vargas - LDE",,"#72 Brent Perez - DT","#99 Charles Coleman - DT","#50 Mark Tharp - RDE","#96 Brian Shaffer - SLB","#74 Ervin Schram - MLB",,"#90 Richard Allen - WLB","#37 Robert Turner - CB","#46 Archie Kemp - CB",,,,"#38 Wallace Coca - SS","#20 Reginald Brewster - FS",,,,,,,,,,,,,,,,,,,,,,,,,,,,,,,,,,,,
,1:53,,4,2,4,,,,7,28,"Timeout MAY",,,,,,,,,,,,,,,,,,,,,,,,,,,,,,,,,,,,,,,,,,,,,,,,,,,,,,,,,,,,,,,,,,,,,,
GAM,1:51,"MAY 24",4,2,4,"Shotgun Normal HB Flare","Nickel Normal Double WR1",13,7,28,"2-4-MAY 24 (1:52) 16-Jonathan Hunt pass complete to 81-Leon Rogue to MAY 11 for 13 yards. Tackle by 57-Walter Stallworth.","#16 Jonathan Hunt - QB","#28 James Geis - RB",,,,"#81 Leon Rogue - WR",,"#12 Arthur Allen - WR","#6 Don Blevins - WR","#17 Joseph Herrera - WR",,,"#66 Isiah Richards - RT","#68 Pablo Patton - LG","#71 Alexander Morris - C","#74 Joseph Benard - LT","#69 Miguel Gaylord - RT",,"#58 James Simpson - LDE",,"#72 Brent Perez - DT","#99 Charles Coleman - DT","#50 Mark Tharp - RDE",,"#57 Walter Stallworth - MLB",,"#52 Manuel Wilkes - WLB","#46 Archie Kemp - CB","#49 Bobby Contreras - CB",,"#37 Robert Turner - CB",,"#28 Milton Fuchs - SS","#31 Lawrence Clark - FS",,,,,,,,,,,,,,,,,,,,,,,,,,,,,,,,,,,,
,1:49,,4,1,10,,,,7,28,"Timeout MAY",,,,,,,,,,,,,,,,,,,,,,,,,,,,,,,,,,,,,,,,,,,,,,,,,,,,,,,,,,,,,,,,,,,,,,
GAM,1:46,"MAY 11",4,1,10,"I Formation Normal HB Dive","4-3 Normal Man Under 1",2,7,28,"1-10-MAY 11 (1:47) 6-Don Blevins ran to MAY 9 for 2 yards. Tackle by 57-Walter Stallworth. 43-Jim Goodwin completely missed his blocking assignment. MAY 31-Lawrence Clark was injured on the play.","#16 Jonathan Hunt - QB","#6 Don Blevins - WR",,,"#43 Jim Goodwin - FB","#64 Andrew Simmons - C",,"#12 Arthur Allen - WR",,"#17 Joseph Herrera - WR",,,"#66 Isiah Richards - RT","#68 Pablo Patton - LG","#71 Alexander Morris - C","#74 Joseph Benard - LT","#69 Miguel Gaylord - RT",,"#58 James Simpson - LDE",,"#72 Brent Perez - DT","#99 Charles Coleman - DT","#50 Mark Tharp - RDE","#96 Brian Shaffer - SLB","#57 Walter Stallworth - MLB",,"#52 Manuel Wilkes - WLB","#46 Archie Kemp - CB","#49 Bobby Contreras - CB",,,,"#28 Milton Fuchs - SS","#31 Lawrence Clark - FS",,,,,,,,,,,,,,,,,,,,,,,,,,,,,,,,,,,,
,1:45,,4,2,8,,,,7,28,"Timeout MAY",,,,,,,,,,,,,,,,,,,,,,,,,,,,,,,,,,,,,,,,,,,,,,,,,,,,,,,,,,,,,,,,,,,,,,
GAM,1:42,"MAY 9",4,2,8,"Shotgun Normal HB Flare","Nickel Normal Double WR2",9,7,34,"2-8-MAY 9 (1:43) 16-Jonathan Hunt pass complete to 6-Don Blevins for 9 yards. TOUCHDOWN! Pressure by 58-James Simpson. MAY 7 GAM 34","#16 Jonathan Hunt - QB","#28 James Geis - RB",,,,"#81 Leon Rogue - WR",,"#12 Arthur Allen - WR","#6 Don Blevins - WR","#17 Joseph Herrera - WR",,,"#66 Isiah Richards - RT","#68 Pablo Patton - LG","#71 Alexander Morris - C","#74 Joseph Benard - LT","#69 Miguel Gaylord - RT",,"#58 James Simpson - LDE",,"#72 Brent Perez - DT","#99 Charles Coleman - DT","#50 Mark Tharp - RDE",,"#57 Walter Stallworth - MLB",,"#52 Manuel Wilkes - WLB","#46 Archie Kemp - CB","#49 Bobby Contreras - CB",,"#37 Robert Turner - CB",,"#28 Milton Fuchs - SS","#20 Reginald Brewster - FS",,,,,,,,,,,,,,,,,,,,,,,,,,,,,,,,,,,,
GAM,1:38,"MAY 15",4,7,15,"Field Goal","FG Block",25,7,35,"(1:39) Extra point GOOD by 10-James Calderon. MAY 7 GAM 35",,,,,,,,,,,,,,,,,,,,,,,,,,,,,,,,,,,,"#14 Kurt Hartley - P","#68 Pablo Patton - LG",,,,,,,,,,,,,,"#10 James Calderon - K","#28 James Geis - RB","#6 Don Blevins - WR","#68 Melvin Neal - LG","#66 Isiah Richards - RT","#71 Alexander Morris - C","#69 Miguel Gaylord - RT","#90 Stephen Cruz - RDE","#64 Andrew Simmons - C","#50 Mark Tharp - RDE","#96 Brian Shaffer - SLB","#97 Jason Mayor - MLB","#58 James Simpson - LDE","#61 Brain Emmett - DT","#90 Richard Allen - WLB","#65 Joseph Downey - RDE","#57 Walter Stallworth - MLB","#31 Lawrence Clark - FS","#52 Manuel Wilkes - WLB","#72 Brent Perez - DT"
GAM,1:38,"GAM 35",4,6,10,Kickoff,"Kick Return",,7,35,"(1:39) 10-James Calderon kicks 71 yards from GAM 35 to MAY -6. Touchback.",,,,,,,,,,,,,,,,,,,,,,,,,,,,,,,,,,,,,,"#22 Nicholas Cupp - RB",,"#96 Brian Shaffer - SLB","#72 Brent Perez - DT","#31 Lawrence Clark - FS","#46 Archie Kemp - CB","#52 Manuel Wilkes - WLB","#38 Wallace Coca - SS","#58 James Simpson - LDE","#28 Milton Fuchs - SS","#90 Richard Allen - WLB","#57 Walter Stallworth - MLB","#10 James Calderon - K",,,,,,,,,,,,,,,,,,,,
MAY,1:38,"MAY 25",4,1,10,"I Formation Normal FL Hitch","46 Normal Inside Blitz",10,7,35,"1-10-MAY 25 (1:39) 9-Mark Johnson pass complete to 15-Amos Jones to MAY 35 for 10 yards. Tackle by 21-James Appleby. 21-James Appleby got away with a hold on that play. MAY 62-Joseph Lara was injured on the play.","#9 Mark Johnson - QB","#20 John Kopf - RB",,,"#30 Joe Tann - RB","#81 Norman Ortega - TE",,"#82 Cecil Volk - WR",,"#15 Amos Jones - WR",,,"#59 David Coulter - LT","#68 Greg Thornton - LG","#62 Joseph Lara - C","#55 Ryan Grogan - RG","#55 Roger Jackson - RT",,"#52 Gary Orbison - LDE",,"#96 Jose Godbolt - DT","#63 Michael Stingley - DT","#72 Anthony Abdul - RDE","#90 Derrick Tapp - SLB","#45 Richard Moore - MLB",,"#50 Albert Miles - WLB","#23 Vincent Kenny - CB","#21 James Appleby - CB",,,,"#33 Russell Gibbs - SS","#30 Eric Shoffner - FS",,,,,,,,,,,,,,,,,,,,,,,,,,,,,,,,,,,,
MAY,1:17,"MAY 35",4,2,,"I Formation 3WR PA Fullback Flat","3-4 Normal Man Cover 1",10,7,35,"2-1-MAY 35 (1:16) 9-Mark Johnson pass complete to 15-Amos Jones to MAY 45 for 10 yards. Tackle by 21-James Appleby.","#9 Mark Johnson - QB","#22 Nicholas Cupp - RB",,,"#30 Joe Tann - RB",,,"#82 Cecil Volk - WR","#1 Andrew Lara - RB","#15 Amos Jones - WR",,,"#59 David Coulter - LT","#68 Greg Thornton - LG","#69 Victor Chalmers - C","#55 Ryan Grogan - RG","#55 Roger Jackson - RT",,"#52 Gary Orbison - LDE",,"#96 Jose Godbolt - DT",,"#72 Anthony Abdul - RDE","#50 Albert Miles - WLB","#98 William King - WLB","#45 Richard Moore - MLB","#90 Derrick Tapp - SLB","#23 Vincent Kenny - CB","#21 James Appleby - CB",,,,"#33 Russell Gibbs - SS","#30 Eric Shoffner - FS",,,,,,,,,,,,,,,,,,,,,,,,,,,,,,,,,,,,
MAY,0:54,"MAY 45",4,1,10,"Shotgun Normal HB Flare","3-4 Normal Man Cover 1",9,7,35,"1-10-MAY 45 (0:53) 9-Mark Johnson pass complete to 15-Amos Jones to GAM 46 for 9 yards. Tackle by 23-Vincent Kenny. PENALTY - Pass Interference (GAM 23-Vincent Kenny)","#9 Mark Johnson - QB","#20 John Kopf - RB",,,,"#81 Norman Ortega - TE",,"#15 Amos Jones - WR","#1 Andrew Lara - RB","#82 Cecil Volk - WR",,,"#59 David Coulter - LT","#68 Greg Thornton - LG","#69 Victor Chalmers - C","#55 Ryan Grogan - RG","#55 Roger Jackson - RT",,"#52 Gary Orbison - LDE",,"#96 Jose Godbolt - DT",,"#72 Anthony Abdul - RDE","#50 Albert Miles - WLB","#98 William King - WLB","#45 Richard Moore - MLB","#90 Derrick Tapp - SLB","#23 Vincent Kenny - CB","#21 James Appleby - CB",,,,"#20 Robert Dulac - SS","#30 Eric Shoffner - FS",,,,,,,,,,,,,,,,,,,,,,,,,,,,,,,,,,,,
MAY,0:48,"GAM 49",4,1,10,"I Formation 3WR PA Fullback Flat","4-3 Normal Man Under 1",,7,35,"1-10-GAM 49 (0:49) 9-Mark Johnson pass incomplete, dropped by 5-Theodore Hurd. Excellent coverage on that play. This is what happens when you keep calling the same offensive play.","#9 Mark Johnson - QB","#22 Nicholas Cupp - RB",,,"#30 Joe Tann - RB",,,"#82 Cecil Volk - WR","#5 Theodore Hurd - WR","#1 Andrew Lara - RB",,,"#59 David Coulter - LT","#68 Greg Thornton - LG","#69 Victor Chalmers - C","#55 Ryan Grogan - RG","#55 Roger Jackson - RT",,"#52 Gary Orbison - LDE",,"#96 Jose Godbolt - DT","#63 Michael Stingley - DT","#72 Anthony Abdul - RDE","#90 Derrick Tapp - SLB","#50 Albert Miles - WLB",,"#98 William King - WLB","#23 Vincent Kenny - CB","#21 James Appleby - CB",,,,"#33 Russell Gibbs - SS","#30 Eric Shoffner - FS",,,,,,,,,,,,,,,,,,,,,,,,,,,,,,,,,,,,
MAY,0:45,"GAM 49",4,2,10,"Weak I Normal Skinny Posts","4-3 Normal Man Under 1",-1,7,35,"2-10-GAM 49 (0:46) 9-Mark Johnson pass complete to 21-John Kopf to GAM 50 for -1 yards. Tackle by 23-Vincent Kenny. This is what happens when you keep calling the same offensive play. PENALTY - Facemask (GAM 23-Vincent Kenny)","#9 Mark Johnson - QB","#20 John Kopf - RB",,,"#30 Joe Tann - RB","#81 Norman Ortega - TE",,"#15 Amos Jones - WR",,"#1 Andrew Lara - RB",,,"#59 David Coulter - LT","#68 Greg Thornton - LG","#69 Victor Chalmers - C","#55 Ryan Grogan - RG","#55 Roger Jackson - RT",,"#52 Gary Orbison - LDE",,"#96 Jose Godbolt - DT","#63 Michael Stingley - DT","#72 Anthony Abdul - RDE","#90 Derrick Tapp - SLB","#50 Albert Miles - WLB",,"#45 Richard Moore - MLB","#23 Vincent Kenny - CB","#21 James Appleby - CB",,,,"#33 Russell Gibbs - SS","#30 Eric Shoffner - FS",,,,,,,,,,,,,,,,,,,,,,,,,,,,,,,,,,,,
MAY,0:41,"GAM 35",4,1,10,"I Formation Normal FL Hitch","4-3 Normal WLB MLB Blitz",11,7,35,"1-10-GAM 35 (0:42) 9-Mark Johnson pass complete to 82-Cecil Volk to GAM 24 for 11 yards. Tackle by 23-Vincent Kenny. PENALTY - Offsides (GAM 96-Jose Godbolt) (Declined)","#9 Mark Johnson - QB","#22 Nicholas Cupp - RB",,,"#30 Joe Tann - RB","#81 Norman Ortega - TE",,"#82 Cecil Volk - WR",,"#15 Amos Jones - WR",,,"#59 David Coulter - LT","#68 Greg Thornton - LG","#69 Victor Chalmers - C","#55 Ryan Grogan - RG","#55 Roger Jackson - RT",,"#52 Gary Orbison - LDE",,"#96 Jose Godbolt - DT","#63 Michael Stingley - DT","#72 Anthony Abdul - RDE","#90 Derrick Tapp - SLB","#98 Fred Hassell - MLB",,"#98 William King - WLB","#23 Vincent Kenny - CB","#21 James Appleby - CB",,,,"#20 Robert Dulac - SS","#30 Eric Shoffner - FS",,,,,,,,,,,,,,,,,,,,,,,,,,,,,,,,,,,,
MAY,0:37,"GAM 24",4,1,10,"I Formation 3WR WR Out","4-3 Normal Man Under 1",7,7,35,"1-10-GAM 24 (0:38) 9-Mark Johnson pass complete to 5-Theodore Hurd to GAM 17 for 7 yards. Tackle by 45-Richard Moore. 32-Leslie Ferguson got away with a hold on that play.","#9 Mark Johnson - QB","#20 John Kopf - RB",,,"#30 Joe Tann - RB",,,"#1 Andrew Lara - RB","#10 Michael Mayberry - WR","#5 Theodore Hurd - WR",,,"#59 David Coulter - LT","#68 Greg Thornton - LG","#69 Victor Chalmers - C","#55 Ryan Grogan - RG","#55 Roger Jackson - RT",,"#52 Gary Orbison - LDE",,"#96 Jose Godbolt - DT","#63 Michael Stingley - DT","#72 Anthony Abdul - RDE","#90 Derrick Tapp - SLB","#50 Albert Miles - WLB",,"#45 Richard Moore - MLB","#35 Logan Quinn - CB","#32 Leslie Ferguson - CB",,,,"#33 Russell Gibbs - SS","#48 Robert Boswell - FS",,,,,,,,,,,,,,,,,,,,,,,,,,,,,,,,,,,,
MAY,0:13,"GAM 17",4,2,3,"I Formation Normal FL Hitch","3-4 Normal Man Cover 1",6,7,35,"2-3-GAM 17 (0:12) 9-Mark Johnson pass complete to 15-Amos Jones to GAM 12 for 6 yards. Tackle by 21-James Appleby.","#9 Mark Johnson - QB","#22 Nicholas Cupp - RB",,,"#30 Joe Tann - RB","#81 Norman Ortega - TE",,"#82 Cecil Volk - WR",,"#15 Amos Jones - WR",,,"#59 David Coulter - LT","#68 Greg Thornton - LG","#69 Victor Chalmers - C","#55 Ryan Grogan - RG","#55 Roger Jackson - RT",,"#52 Gary Orbison - LDE",,"#96 Jose Godbolt - DT",,"#72 Anthony Abdul - RDE","#50 Albert Miles - WLB","#98 William King - WLB","#98 Fred Hassell - MLB","#45 Richard Moore - MLB","#23 Vincent Kenny - CB","#21 James Appleby - CB",,,,"#33 Russell Gibbs - SS","#30 Eric Shoffner - FS",,,,,,,,,,,,,,,,,,,,,,,,,,,,,,,,,,,,
,0:00,,4,1,10,,,,7,35,"End of fourth quarter.",,,,,,,,,,,,,,,,,,,,,,,,,,,,,,,,,,,,,,,,,,,,,,,,,,,,,,,,,,,,,,,,,,,,,,
