HasBall,"Game Clock","Ball @",Quarter,Down,YTG,OffensivePlay,DefensivePlay,YardsGained,"Home Score","Away Score",Text,QB1,RB1,RB2,FB2,FB1,TE1,TE2,WR1,WR3,WR2,WR4,WR5,LT1,LG1,C1,RG1,RT1,P1,LDE1,LDE2,DT1,DT2,RDE1,SLB1,MLB1,MLB2,WLB1,CB1,CB2,CB4,CB3,CB5,SS1,FS1,FS2,"Kick Holder1","Long Snapper1","Kick Returner1","Punt Returner1",Gunner10,Gunner7,Gunner2,Gunner6,Gunner1,Gunner8,Gunner3,Gunner4,Gunner9,Gunner5,Kickoffs1,"Field Goal Kicker1","ST Blocker8","ST Blocker5","ST Blocker4","ST Blocker1","ST Blocker2","ST Blocker3","ST Blocker6","ST Blocker7","ST Rusher4","ST Rusher1","ST Rusher2","ST Rusher3","ST Rusher11","ST Rusher10","ST Rusher9","ST Rusher6","ST Rusher5","ST Rusher7","ST Rusher8"
,15:00,,1,2,10,,,,0,0,"FLA has won the toss and elected to receive.",,,,,,,,,,,,,,,,,,,,,,,,,,,,,,,,,,,,,,,,,,,,,,,,,,,,,,,,,,,,,,,,,,,,,,
BOS,15:00,"BOS 35",1,6,10,Kickoff,"Kick Return",,0,0,"(15:00) 16-Felipe Norfleet kicks 69 yards from BOS 35 to FLA -4. Touchback.",,,,,,,,,,,,,,,,,,,,,,,,,,,,,,,,,,,,,,"#80 Tom Lewis - WR",,"#71 Anthony Sokol - RDE","#40 Paul Lasley - CB","#50 James Huson - CB","#64 Erik Cross - DT","#96 Shane Cox - RDE","#60 Wesley Carr - DT","#75 Carl Troutt - RDE","#22 Terry Johnson - CB","#51 John Jones - MLB","#70 Erik Sherrill - DT","#16 Felipe Norfleet - K",,,,,,,,,,,,,,,,,,,,
FLA,15:00,"FLA 25",1,1,10,"I Formation 3WR HB Inside Weak","Dime Normal 2 Deep Man Under",12,0,0,"1-10-FLA 25 (15:00) 39-Robert Moreira ran to FLA 37 for 12 yards. Tackle by 35-Samuel Johnson.","#4 Nicholas Meis - QB","#39 Robert Moreira - RB",,,"#42 Ronald Proctor - FB",,,"#14 Thomas Gonzales - WR","#16 Jeremiah Shanklin - WR","#11 Don Aquirre - WR",,,"#66 Arthur Stoker - LG","#72 Dennis Hamblin - LG","#74 Jon Miller - C","#85 Christopher Ball - LG","#65 Nicholas Woods - RT",,"#68 Lemuel Gibson - LDE",,"#63 Kenneth Walsh - DT","#79 Mark So - DT","#60 George Sheehan - RDE",,"#53 Edward Lowe - MLB",,,"#38 Kelly James - CB","#26 Troy Henriquez - CB","#59 Arthur Brown - WLB","#92 Jefferey Vallejo - WLB",,"#35 Samuel Johnson - CB","#44 Tanner Ontiveros - CB",,,,,,,,,,,,,,,,,,,,,,,,,,,,,,,,,,,,
FLA,14:21,"FLA 37",1,1,10,"Goal Line Normal HB Outside Strong","Dime Normal Man Cover 1",6,0,0,"1-10-FLA 37 (14:20) 14-Thomas Gonzales ran to FLA 43 for 6 yards. Tackle by 59-Arthur Brown.","#4 Nicholas Meis - QB","#14 Thomas Gonzales - WR",,"#20 David Cleghorn - RB","#42 Ronald Proctor - FB","#83 Russell Camarillo - TE","#39 Robert Moreira - RB",,,,,,"#65 Nicholas Woods - RT","#72 Dennis Hamblin - LG","#74 Jon Miller - C","#85 Christopher Ball - LG","#59 Harold Costanza - RT",,"#68 Lemuel Gibson - LDE",,"#63 Kenneth Walsh - DT","#79 Mark So - DT","#60 George Sheehan - RDE",,"#53 Edward Lowe - MLB",,,"#35 Samuel Johnson - CB","#26 Troy Henriquez - CB","#59 Arthur Brown - WLB","#92 Jefferey Vallejo - WLB",,"#38 Kelly James - CB","#44 Tanner Ontiveros - CB",,,,,,,,,,,,,,,,,,,,,,,,,,,,,,,,,,,,
FLA,13:38,"FLA 43",1,2,4,"Split Backs 3 Wide Off Tackle Strong","Dime Normal Double WR1 WR2",7,0,0,"2-4-FLA 43 (13:37) 39-Robert Moreira ran to BOS 50 for 7 yards. Tackle by 38-Kelly James.","#4 Nicholas Meis - QB","#39 Robert Moreira - RB",,,"#42 Ronald Proctor - FB",,,"#14 Thomas Gonzales - WR","#16 Jeremiah Shanklin - WR","#11 Don Aquirre - WR",,,"#65 Nicholas Woods - RT","#72 Dennis Hamblin - LG","#74 Jon Miller - C","#85 Christopher Ball - LG","#59 Harold Costanza - RT",,"#68 Lemuel Gibson - LDE",,"#63 Kenneth Walsh - DT","#79 Mark So - DT","#60 George Sheehan - RDE",,"#53 Edward Lowe - MLB",,,"#38 Kelly James - CB","#26 Troy Henriquez - CB","#59 Arthur Brown - WLB","#92 Jefferey Vallejo - WLB",,"#44 Tanner Ontiveros - CB","#35 Samuel Johnson - CB",,,,,,,,,,,,,,,,,,,,,,,,,,,,,,,,,,,,
FLA,12:58,"BOS 50",1,1,10,"Goal Line Normal HB Outside Strong","Dime Flat 2 Deep Man Under",6,0,0,"1-10-BOS 50 (12:57) 14-Thomas Gonzales ran to BOS 44 for 6 yards. Tackle by 38-Kelly James.","#4 Nicholas Meis - QB","#14 Thomas Gonzales - WR",,"#20 David Cleghorn - RB","#42 Ronald Proctor - FB","#83 Russell Camarillo - TE","#39 Robert Moreira - RB",,,,,,"#65 Nicholas Woods - RT","#72 Dennis Hamblin - LG","#74 Jon Miller - C","#85 Christopher Ball - LG","#59 Harold Costanza - RT",,"#68 Lemuel Gibson - LDE",,"#63 Kenneth Walsh - DT","#79 Mark So - DT","#60 George Sheehan - RDE",,"#53 Edward Lowe - MLB",,,"#44 Tanner Ontiveros - CB","#26 Troy Henriquez - CB","#59 Arthur Brown - WLB","#92 Jefferey Vallejo - WLB",,"#38 Kelly James - CB","#35 Samuel Johnson - CB",,,,,,,,,,,,,,,,,,,,,,,,,,,,,,,,,,,,
FLA,12:13,"BOS 44",1,2,4,"I Formation Normal HB Blast","Dime Normal 2 Deep Man Under",12,0,0,"2-4-BOS 44 (12:12) 39-Robert Moreira ran to BOS 32 for 12 yards. Tackle by 35-Samuel Johnson. BOS 60-George Sheehan was injured on the play. He looks like he should be able to return.","#4 Nicholas Meis - QB","#39 Robert Moreira - RB",,,"#42 Ronald Proctor - FB","#83 Russell Camarillo - TE",,"#14 Thomas Gonzales - WR",,"#11 Don Aquirre - WR",,,"#66 Arthur Stoker - LG","#72 Dennis Hamblin - LG","#74 Jon Miller - C","#85 Christopher Ball - LG","#65 Nicholas Woods - RT",,"#68 Lemuel Gibson - LDE",,"#63 Kenneth Walsh - DT","#79 Mark So - DT","#60 George Sheehan - RDE",,"#53 Edward Lowe - MLB",,,"#44 Tanner Ontiveros - CB","#26 Troy Henriquez - CB","#59 Arthur Brown - WLB","#92 Jefferey Vallejo - WLB",,"#38 Kelly James - CB","#35 Samuel Johnson - CB",,,,,,,,,,,,,,,,,,,,,,,,,,,,,,,,,,,,
FLA,11:29,"BOS 32",1,1,10,"I Formation Normal HB Draw","Dime Flat 2 Deep Man Under",1,0,0,"1-10-BOS 32 (11:28) 39-Robert Moreira ran to BOS 31 for 1 yards. Tackle by 63-Kenneth Walsh.","#4 Nicholas Meis - QB","#39 Robert Moreira - RB",,,"#42 Ronald Proctor - FB","#83 Russell Camarillo - TE",,"#14 Thomas Gonzales - WR",,"#11 Don Aquirre - WR",,,"#65 Nicholas Woods - RT","#72 Dennis Hamblin - LG","#74 Jon Miller - C","#85 Christopher Ball - LG","#59 Harold Costanza - RT",,"#68 Lemuel Gibson - LDE",,"#63 Kenneth Walsh - DT","#79 Mark So - DT","#97 Alexander Shead - RDE",,"#53 Edward Lowe - MLB",,,"#44 Tanner Ontiveros - CB","#26 Troy Henriquez - CB","#59 Arthur Brown - WLB","#92 Jefferey Vallejo - WLB",,"#38 Kelly James - CB","#35 Samuel Johnson - CB",,,,,,,,,,,,,,,,,,,,,,,,,,,,,,,,,,,,
FLA,10:57,"BOS 31",1,2,9,"I Formation 3WR HB Inside Weak","Dime Normal 2 Deep Man Under",-1,0,0,"2-9-BOS 31 (10:56) PENALTY - False Start (FLA 74-Jon Miller)","#4 Nicholas Meis - QB","#39 Robert Moreira - RB",,,"#42 Ronald Proctor - FB",,,"#14 Thomas Gonzales - WR","#16 Jeremiah Shanklin - WR","#11 Don Aquirre - WR",,,"#65 Nicholas Woods - RT","#72 Dennis Hamblin - LG","#74 Jon Miller - C","#85 Christopher Ball - LG","#59 Harold Costanza - RT",,"#68 Lemuel Gibson - LDE",,"#63 Kenneth Walsh - DT","#79 Mark So - DT","#97 Alexander Shead - RDE",,"#53 Edward Lowe - MLB",,,"#38 Kelly James - CB","#26 Troy Henriquez - CB","#59 Arthur Brown - WLB","#92 Jefferey Vallejo - WLB",,"#35 Samuel Johnson - CB","#44 Tanner Ontiveros - CB",,,,,,,,,,,,,,,,,,,,,,,,,,,,,,,,,,,,
FLA,10:55,"BOS 36",1,2,14,"I Formation Normal SE Post","Dime Normal Man Cover 1",-8,0,0,"2-14-BOS 36 (10:56) 4-Nicholas Meis sacked at BOS 45 for -8 yards (68-Lemuel Gibson). Sack allowed by 65-Nicholas Woods. PENALTY - Holding (FLA 74-Jon Miller) (Declined)","#4 Nicholas Meis - QB","#39 Robert Moreira - RB",,,"#42 Ronald Proctor - FB","#83 Russell Camarillo - TE",,"#14 Thomas Gonzales - WR",,"#11 Don Aquirre - WR",,,"#66 Arthur Stoker - LG","#72 Dennis Hamblin - LG","#74 Jon Miller - C","#85 Christopher Ball - LG","#65 Nicholas Woods - RT",,"#68 Lemuel Gibson - LDE",,"#63 Kenneth Walsh - DT","#79 Mark So - DT","#97 Alexander Shead - RDE",,"#53 Edward Lowe - MLB",,,"#38 Kelly James - CB","#26 Troy Henriquez - CB","#59 Arthur Brown - WLB","#92 Jefferey Vallejo - WLB",,"#44 Tanner Ontiveros - CB","#35 Samuel Johnson - CB",,,,,,,,,,,,,,,,,,,,,,,,,,,,,,,,,,,,
FLA,10:51,"BOS 45",1,3,22,"I Formation Normal SE Post","Dime Flat 2 Deep Man Under",14,0,0,"3-22-BOS 45 (10:52) 4-Nicholas Meis pass complete to 42-Ronald Proctor to BOS 30 for 14 yards. Tackle by 35-Samuel Johnson. 42-Ronald Proctor made a great move on the CB.","#4 Nicholas Meis - QB","#39 Robert Moreira - RB",,,"#42 Ronald Proctor - FB","#83 Russell Camarillo - TE",,"#14 Thomas Gonzales - WR",,"#11 Don Aquirre - WR",,,"#65 Nicholas Woods - RT","#72 Dennis Hamblin - LG","#74 Jon Miller - C","#85 Christopher Ball - LG","#59 Harold Costanza - RT",,"#68 Lemuel Gibson - LDE",,"#63 Kenneth Walsh - DT","#79 Mark So - DT","#97 Alexander Shead - RDE",,"#53 Edward Lowe - MLB",,,"#38 Kelly James - CB","#26 Troy Henriquez - CB","#59 Arthur Brown - WLB","#92 Jefferey Vallejo - WLB",,"#44 Tanner Ontiveros - CB","#35 Samuel Johnson - CB",,,,,,,,,,,,,,,,,,,,,,,,,,,,,,,,,,,,
FLA,10:18,"BOS 30",1,4,8,"Field Goal","FG Block",41,3,0,"4-8-BOS 30 (10:17) 9-Clyde Averill 49 yard field goal is GOOD. FLA 3 BOS 0",,,,,,,,,,,,,,,,,,,,,,,,,,,,,,,,,,,,"#4 Nicholas Meis - QB","#74 Jon Miller - C",,,,,,,,,,,,,,"#9 Clyde Averill - K","#63 Brian Jones - RT","#59 Harold Costanza - RT","#66 Arthur Stoker - LG","#42 Ronald Proctor - FB","#65 Nicholas Woods - RT","#85 Christopher Ball - LG","#72 Dennis Hamblin - LG","#83 Russell Camarillo - TE","#50 Conrad Shaw - DT","#63 Kenneth Walsh - DT","#68 Lemuel Gibson - LDE","#53 Edward Lowe - MLB","#97 Alexander Shead - RDE","#79 Mark So - DT","#91 Andrew Medina - RDE","#35 Samuel Johnson - CB","#92 Jefferey Vallejo - WLB","#99 Charles Harper - MLB","#95 Richard Kersten - RDE"
FLA,10:13,"FLA 35",1,6,10,Kickoff,"Kick Return",,3,0,"(10:14) 9-Clyde Averill kicks 74 yards from FLA 35 to BOS -9. Touchback.",,,,,,,,,,,,,,,,,,,,,,,,,,,,,,,,,,,,,,"#11 Jean Shoemaker - WR",,"#59 Arthur Brown - WLB","#91 Andrew Medina - RDE","#63 Kenneth Walsh - DT","#99 Charles Harper - MLB","#89 Nicholas Kelley - TE","#44 Tanner Ontiveros - CB","#60 George Sheehan - RDE","#97 Alexander Shead - RDE","#95 Richard Kersten - RDE","#53 Edward Lowe - MLB","#9 Clyde Averill - K",,,,,,,,,,,,,,,,,,,,
BOS,10:13,"BOS 25",1,1,10,"Shotgun Normal HB Delay","Nickel Normal Man Cover 2",-0,3,0,"1-10-BOS 25 (10:14) 36-Aaron Bush ran to BOS 25 for a short loss. Tackle by 58-Jacob White.","#9 Leroy Payne - QB","#36 Aaron Bush - RB",,,,"#89 Nicholas Kelley - TE",,"#15 Danny Robinson - WR","#17 Kurt Conley - WR","#13 Ira Lozano - WR",,,"#67 Charles Curry - LT","#62 George Abercrombie - LG","#78 Harvey Graham - C","#51 Robert Roy - RG","#69 Michael Goodrich - RT",,"#71 Anthony Sokol - RDE",,"#70 Erik Sherrill - DT","#64 Erik Cross - DT","#96 Shane Cox - RDE",,"#51 John Jones - MLB",,"#58 Jacob White - WLB","#22 Terry Johnson - CB","#33 James Chapman - FS",,"#40 Paul Lasley - CB",,"#50 James Huson - CB","#26 Carl Barker - FS",,,,,,,,,,,,,,,,,,,,,,,,,,,,,,,,,,,,
BOS,9:32,"BOS 25",1,2,10,"Shotgun 2 RB 3 WR FL Drag","Nickel Normal SS Blitz",2,3,0,"2-10-BOS 25 (9:31) 9-Leroy Payne pass complete to 15-Danny Robinson to BOS 27 for 2 yards. Tackle by 51-John Jones.","#9 Leroy Payne - QB","#36 Aaron Bush - RB","#30 Clarence Valdez - RB",,,,,"#15 Danny Robinson - WR","#17 Kurt Conley - WR","#13 Ira Lozano - WR",,,"#67 Charles Curry - LT","#62 George Abercrombie - LG","#78 Harvey Graham - C","#51 Robert Roy - RG","#69 Michael Goodrich - RT",,"#71 Anthony Sokol - RDE",,"#70 Erik Sherrill - DT","#64 Erik Cross - DT","#96 Shane Cox - RDE",,"#51 John Jones - MLB",,"#58 Jacob White - WLB","#22 Terry Johnson - CB","#33 James Chapman - FS",,"#40 Paul Lasley - CB",,"#50 James Huson - CB","#26 Carl Barker - FS",,,,,,,,,,,,,,,,,,,,,,,,,,,,,,,,,,,,
BOS,8:55,"BOS 27",1,3,8,"Goal Line Normal HB Outside Strong","Goal Line Attack #1",6,3,0,"3-8-BOS 27 (8:54) 36-Aaron Bush ran to BOS 33 for 6 yards. Tackle by 54-Tommy Evatt.","#9 Leroy Payne - QB","#36 Aaron Bush - RB",,"#49 Stanley Barrett - FB","#46 Richard Shockey - FB","#89 Nicholas Kelley - TE","#83 David Herrington - TE",,,,,,"#67 Charles Curry - LT","#62 George Abercrombie - LG","#78 Harvey Graham - C","#51 Robert Roy - RG","#69 Michael Goodrich - RT",,"#71 Anthony Sokol - RDE","#98 George Yeager - LDE","#70 Erik Sherrill - DT","#64 Erik Cross - DT","#96 Shane Cox - RDE","#54 Tommy Evatt - SLB","#51 John Jones - MLB",,"#58 Jacob White - WLB","#50 James Huson - CB","#22 Terry Johnson - CB",,,,"#97 Stephen Stafford - WLB",,,,,,,,,,,,,,,,,,,,,,,,,,,,,,,,,,,,,
BOS,8:12,"BOS 33",1,4,2,Punt,"Punt Return",,3,0,"4-2-BOS 33 (8:11) 1-Eric Cooper punts 46 yards to FLA 20. 80-Tom Lewis to FLA 30 for 10 yards. Tackle by 51-Robert Roy.",,,,,,,,,,,,,,,,,,"#1 Eric Cooper - P",,,,,,,,,,,,,,,,,,,"#78 Harvey Graham - C",,"#80 Tom Lewis - WR",,,"#75 Carl Troutt - RDE","#60 Wesley Carr - DT","#50 James Huson - CB",,"#22 Terry Johnson - CB","#70 Erik Sherrill - DT",,"#40 Paul Lasley - CB",,,,"#69 Michael Goodrich - RT","#49 Stanley Barrett - FB","#72 Stephen Tye - C","#62 George Abercrombie - LG","#51 Robert Roy - RG","#67 Charles Curry - LT",,"#64 Erik Cross - DT","#96 Shane Cox - RDE","#58 Jacob White - WLB","#71 Anthony Sokol - RDE",,,,,,,
FLA,8:01,"FLA 30",1,1,10,"Weak I Normal WR Corner TE Middle","Dime Normal Double WR3",,3,0,"1-10-FLA 30 (8:02) 4-Nicholas Meis pass Pass knocked down by 92-Jefferey Vallejo. incomplete, intended for 83-Russell Camarillo. 35-Samuel Johnson got away with a hold on that play. 92-Jefferey Vallejo got away with a hold on that play.","#4 Nicholas Meis - QB","#39 Robert Moreira - RB",,,"#42 Ronald Proctor - FB","#83 Russell Camarillo - TE",,"#14 Thomas Gonzales - WR",,"#11 Don Aquirre - WR",,,"#66 Arthur Stoker - LG","#72 Dennis Hamblin - LG","#74 Jon Miller - C","#85 Christopher Ball - LG","#65 Nicholas Woods - RT",,"#68 Lemuel Gibson - LDE",,"#63 Kenneth Walsh - DT","#79 Mark So - DT","#97 Alexander Shead - RDE",,"#53 Edward Lowe - MLB",,,"#38 Kelly James - CB","#26 Troy Henriquez - CB","#59 Arthur Brown - WLB","#92 Jefferey Vallejo - WLB",,"#44 Tanner Ontiveros - CB","#35 Samuel Johnson - CB",,,,,,,,,,,,,,,,,,,,,,,,,,,,,,,,,,,,
FLA,7:58,"FLA 30",1,2,10,"Singleback Normal PA Rollout","Dime Flat 2 Deep Man Under",14,3,0,"2-10-FLA 30 (7:59) 4-Nicholas Meis pass complete to 83-Russell Camarillo to FLA 44 for 14 yards. Tackle by 38-Kelly James. 83-Russell Camarillo did some fancy footwork there.","#4 Nicholas Meis - QB","#39 Robert Moreira - RB",,,,"#83 Russell Camarillo - TE",,"#14 Thomas Gonzales - WR","#16 Jeremiah Shanklin - WR","#11 Don Aquirre - WR",,,"#65 Nicholas Woods - RT","#72 Dennis Hamblin - LG","#74 Jon Miller - C","#85 Christopher Ball - LG","#59 Harold Costanza - RT",,"#68 Lemuel Gibson - LDE",,"#63 Kenneth Walsh - DT","#79 Mark So - DT","#60 George Sheehan - RDE",,"#53 Edward Lowe - MLB",,,"#38 Kelly James - CB","#26 Troy Henriquez - CB","#59 Arthur Brown - WLB","#92 Jefferey Vallejo - WLB",,"#35 Samuel Johnson - CB","#44 Tanner Ontiveros - CB",,,,,,,,,,,,,,,,,,,,,,,,,,,,,,,,,,,,
FLA,7:20,"FLA 44",1,1,10,"Singleback Normal PA Rollout","Dime Flat 2 Deep Man Under",12,3,0,"1-10-FLA 44 (7:19) 4-Nicholas Meis ran to BOS 44 for 12 yards. Tackle by 53-Edward Lowe.","#4 Nicholas Meis - QB","#39 Robert Moreira - RB",,,,"#83 Russell Camarillo - TE",,"#14 Thomas Gonzales - WR","#16 Jeremiah Shanklin - WR","#11 Don Aquirre - WR",,,"#66 Arthur Stoker - LG","#72 Dennis Hamblin - LG","#74 Jon Miller - C","#85 Christopher Ball - LG","#65 Nicholas Woods - RT",,"#68 Lemuel Gibson - LDE",,"#63 Kenneth Walsh - DT","#79 Mark So - DT","#60 George Sheehan - RDE",,"#53 Edward Lowe - MLB",,,"#38 Kelly James - CB","#26 Troy Henriquez - CB","#59 Arthur Brown - WLB","#92 Jefferey Vallejo - WLB",,"#44 Tanner Ontiveros - CB","#35 Samuel Johnson - CB",,,,,,,,,,,,,,,,,,,,,,,,,,,,,,,,,,,,
FLA,6:34,"BOS 44",1,1,10,"I Formation Normal Max Protect","Dime Flat Man Cover 1",,3,0,"1-10-BOS 44 (6:33) 4-Nicholas Meis pass Pass knocked down by 35-Samuel Johnson. incomplete, intended for 11-Don Aquirre.","#4 Nicholas Meis - QB","#20 David Cleghorn - RB",,,"#42 Ronald Proctor - FB","#39 Robert Moreira - RB",,"#11 Don Aquirre - WR",,"#16 Jeremiah Shanklin - WR",,,"#66 Arthur Stoker - LG","#72 Dennis Hamblin - LG","#74 Jon Miller - C","#85 Christopher Ball - LG","#65 Nicholas Woods - RT",,"#68 Lemuel Gibson - LDE",,"#63 Kenneth Walsh - DT","#79 Mark So - DT","#60 George Sheehan - RDE",,"#53 Edward Lowe - MLB",,,"#35 Samuel Johnson - CB","#26 Troy Henriquez - CB","#59 Arthur Brown - WLB","#92 Jefferey Vallejo - WLB",,"#38 Kelly James - CB","#44 Tanner Ontiveros - CB",,,,,,,,,,,,,,,,,,,,,,,,,,,,,,,,,,,,
FLA,6:28,"BOS 44",1,2,10,"I Formation 3WR Slot Short WR Deep","Dime Flat 2 Deep Man Under",10,3,0,"2-10-BOS 44 (6:29) 4-Nicholas Meis pass complete to 16-Jeremiah Shanklin to BOS 34 for 10 yards. Tackle by 92-Jefferey Vallejo.","#4 Nicholas Meis - QB","#39 Robert Moreira - RB",,,"#42 Ronald Proctor - FB",,,"#14 Thomas Gonzales - WR","#16 Jeremiah Shanklin - WR","#11 Don Aquirre - WR",,,"#65 Nicholas Woods - RT","#72 Dennis Hamblin - LG","#74 Jon Miller - C","#85 Christopher Ball - LG","#59 Harold Costanza - RT",,"#68 Lemuel Gibson - LDE",,"#63 Kenneth Walsh - DT","#79 Mark So - DT","#60 George Sheehan - RDE",,"#53 Edward Lowe - MLB",,,"#26 Troy Henriquez - CB","#44 Tanner Ontiveros - CB","#56 David Crowley - SLB","#92 Jefferey Vallejo - WLB",,"#38 Kelly James - CB","#35 Samuel Johnson - CB",,,,,,,,,,,,,,,,,,,,,,,,,,,,,,,,,,,,
FLA,5:48,"BOS 34",1,3,,"Goal Line Normal HB Toss Strong","Dime Normal Double WR1 WR2",6,3,0,"3-1-BOS 34 (5:47) 20-David Cleghorn ran to BOS 28 for 6 yards. Tackle by 53-Edward Lowe.","#4 Nicholas Meis - QB","#20 David Cleghorn - RB",,"#39 Robert Moreira - RB","#42 Ronald Proctor - FB","#83 Russell Camarillo - TE","#86 Melvin Simon - TE",,,,,,"#65 Nicholas Woods - RT","#72 Dennis Hamblin - LG","#74 Jon Miller - C","#85 Christopher Ball - LG","#59 Harold Costanza - RT",,"#68 Lemuel Gibson - LDE",,"#63 Kenneth Walsh - DT","#79 Mark So - DT","#60 George Sheehan - RDE",,"#53 Edward Lowe - MLB",,,"#38 Kelly James - CB","#35 Samuel Johnson - CB","#59 Arthur Brown - WLB","#92 Jefferey Vallejo - WLB",,"#44 Tanner Ontiveros - CB","#26 Troy Henriquez - CB",,,,,,,,,,,,,,,,,,,,,,,,,,,,,,,,,,,,
FLA,5:10,"BOS 28",1,1,10,"Singleback Normal WR Post","Dime Normal Double WR3",,3,0,"1-10-BOS 28 (5:09) 4-Nicholas Meis pass Pass knocked down by 59-Arthur Brown. incomplete, intended for 16-Jeremiah Shanklin. 59-Arthur Brown got away with a hold on that play. PENALTY - Pass Interference (BOS 38-Kelly James)","#4 Nicholas Meis - QB","#39 Robert Moreira - RB",,,,"#83 Russell Camarillo - TE",,"#14 Thomas Gonzales - WR","#16 Jeremiah Shanklin - WR","#11 Don Aquirre - WR",,,"#65 Nicholas Woods - RT","#72 Dennis Hamblin - LG","#74 Jon Miller - C","#85 Christopher Ball - LG","#59 Harold Costanza - RT",,"#68 Lemuel Gibson - LDE",,"#63 Kenneth Walsh - DT","#79 Mark So - DT","#60 George Sheehan - RDE",,"#53 Edward Lowe - MLB",,,"#35 Samuel Johnson - CB","#44 Tanner Ontiveros - CB","#56 David Crowley - SLB","#59 Arthur Brown - WLB",,"#26 Troy Henriquez - CB","#38 Kelly James - CB",,,,,,,,,,,,,,,,,,,,,,,,,,,,,,,,,,,,
FLA,5:05,"BOS 21",1,1,10,"I Formation Normal HB Draw","Dime Flat 2 Deep Man Under",9,3,0,"1-10-BOS 21 (5:06) 20-David Cleghorn ran to BOS 12 for 9 yards. Tackle by 38-Kelly James.","#4 Nicholas Meis - QB","#20 David Cleghorn - RB",,,"#42 Ronald Proctor - FB","#83 Russell Camarillo - TE",,"#14 Thomas Gonzales - WR",,"#11 Don Aquirre - WR",,,"#65 Nicholas Woods - RT","#72 Dennis Hamblin - LG","#74 Jon Miller - C","#85 Christopher Ball - LG","#59 Harold Costanza - RT",,"#68 Lemuel Gibson - LDE",,"#63 Kenneth Walsh - DT","#79 Mark So - DT","#60 George Sheehan - RDE",,"#53 Edward Lowe - MLB",,,"#26 Troy Henriquez - CB","#35 Samuel Johnson - CB","#59 Arthur Brown - WLB","#92 Jefferey Vallejo - WLB",,"#38 Kelly James - CB","#44 Tanner Ontiveros - CB",,,,,,,,,,,,,,,,,,,,,,,,,,,,,,,,,,,,
FLA,4:24,"BOS 12",1,2,1,"Strong I Normal HB Off Tackle Strong","Dime Normal 2 Deep Man Under",10,3,0,"2-1-BOS 12 (4:23) 39-Robert Moreira ran to BOS 2 for 10 yards. Tackle by 38-Kelly James.","#4 Nicholas Meis - QB","#39 Robert Moreira - RB",,,"#42 Ronald Proctor - FB","#83 Russell Camarillo - TE",,"#14 Thomas Gonzales - WR",,"#16 Jeremiah Shanklin - WR",,,"#66 Arthur Stoker - LG","#72 Dennis Hamblin - LG","#74 Jon Miller - C","#85 Christopher Ball - LG","#65 Nicholas Woods - RT",,"#68 Lemuel Gibson - LDE",,"#63 Kenneth Walsh - DT","#79 Mark So - DT","#60 George Sheehan - RDE",,"#53 Edward Lowe - MLB",,,"#38 Kelly James - CB","#35 Samuel Johnson - CB","#59 Arthur Brown - WLB","#92 Jefferey Vallejo - WLB",,"#26 Troy Henriquez - CB","#44 Tanner Ontiveros - CB",,,,,,,,,,,,,,,,,,,,,,,,,,,,,,,,,,,,
FLA,3:46,"BOS 2",1,1,2,"I Formation Normal HB Draw","3-4 Normal Man QB Spy",3,9,0,"1-2-BOS 2 (3:45) 20-David Cleghorn ran for 2 yards. TOUCHDOWN! FLA 9 BOS 0","#4 Nicholas Meis - QB","#20 David Cleghorn - RB",,,"#42 Ronald Proctor - FB","#83 Russell Camarillo - TE",,"#11 Don Aquirre - WR",,"#16 Jeremiah Shanklin - WR",,,"#66 Arthur Stoker - LG","#72 Dennis Hamblin - LG","#74 Jon Miller - C","#85 Christopher Ball - LG","#65 Nicholas Woods - RT",,"#68 Lemuel Gibson - LDE",,"#63 Kenneth Walsh - DT",,"#60 George Sheehan - RDE","#56 David Crowley - SLB","#53 Edward Lowe - MLB","#58 David Wood - MLB","#99 Charles Harper - MLB","#38 Kelly James - CB","#35 Samuel Johnson - CB",,,,"#26 Troy Henriquez - CB","#44 Tanner Ontiveros - CB",,,,,,,,,,,,,,,,,,,,,,,,,,,,,,,,,,,,
FLA,3:43,"BOS 15",1,7,15,"Field Goal","FG Block",25,10,0,"(3:44) Extra point GOOD by 9-Clyde Averill. FLA 10 BOS 0",,,,,,,,,,,,,,,,,,,,,,,,,,,,,,,,,,,,"#4 Nicholas Meis - QB","#74 Jon Miller - C",,,,,,,,,,,,,,"#9 Clyde Averill - K","#63 Brian Jones - RT","#59 Harold Costanza - RT","#66 Arthur Stoker - LG","#42 Ronald Proctor - FB","#65 Nicholas Woods - RT","#85 Christopher Ball - LG","#72 Dennis Hamblin - LG","#83 Russell Camarillo - TE","#50 Conrad Shaw - DT","#63 Kenneth Walsh - DT","#68 Lemuel Gibson - LDE","#53 Edward Lowe - MLB","#97 Alexander Shead - RDE","#79 Mark So - DT","#91 Andrew Medina - RDE","#60 George Sheehan - RDE","#92 Jefferey Vallejo - WLB","#99 Charles Harper - MLB","#95 Richard Kersten - RDE"
FLA,3:43,"FLA 35",1,6,10,Kickoff,"Kick Return",,10,0,"(3:44) 9-Clyde Averill kicks 75 yards from FLA 35 to BOS -10. Touchback.",,,,,,,,,,,,,,,,,,,,,,,,,,,,,,,,,,,,,,"#11 Jean Shoemaker - WR",,"#83 David Herrington - TE","#91 Andrew Medina - RDE","#63 Kenneth Walsh - DT","#99 Charles Harper - MLB","#89 Nicholas Kelley - TE","#95 Richard Kersten - RDE","#60 George Sheehan - RDE","#97 Alexander Shead - RDE","#59 Arthur Brown - WLB","#53 Edward Lowe - MLB","#9 Clyde Averill - K",,,,,,,,,,,,,,,,,,,,
BOS,3:43,"BOS 25",1,1,10,"Goal Line Normal HB Toss Strong","Goal Line Attack #1",9,10,0,"1-10-BOS 25 (3:44) 36-Aaron Bush ran to BOS 34 for 9 yards. Tackle by 54-Tommy Evatt.","#9 Leroy Payne - QB","#36 Aaron Bush - RB",,"#49 Stanley Barrett - FB","#46 Richard Shockey - FB","#89 Nicholas Kelley - TE","#83 David Herrington - TE",,,,,,"#67 Charles Curry - LT","#62 George Abercrombie - LG","#78 Harvey Graham - C","#51 Robert Roy - RG","#69 Michael Goodrich - RT",,"#71 Anthony Sokol - RDE","#98 George Yeager - LDE","#70 Erik Sherrill - DT","#64 Erik Cross - DT","#96 Shane Cox - RDE","#54 Tommy Evatt - SLB","#51 John Jones - MLB",,"#58 Jacob White - WLB","#22 Terry Johnson - CB","#33 James Chapman - FS",,,,"#50 James Huson - CB",,,,,,,,,,,,,,,,,,,,,,,,,,,,,,,,,,,,,
BOS,2:59,"BOS 34",1,2,1,"I Formation Normal HB Blast","4-3 Under Crash Left",3,10,0,"2-1-BOS 34 (2:58) 30-Clarence Valdez ran to BOS 37 for 3 yards. Tackle by 70-Erik Sherrill.","#9 Leroy Payne - QB","#30 Clarence Valdez - RB",,,"#46 Richard Shockey - FB","#89 Nicholas Kelley - TE",,"#15 Danny Robinson - WR",,"#13 Ira Lozano - WR",,,"#67 Charles Curry - LT","#62 George Abercrombie - LG","#78 Harvey Graham - C","#51 Robert Roy - RG","#69 Michael Goodrich - RT",,"#71 Anthony Sokol - RDE",,"#70 Erik Sherrill - DT","#64 Erik Cross - DT","#96 Shane Cox - RDE","#54 Tommy Evatt - SLB","#51 John Jones - MLB",,"#58 Jacob White - WLB","#22 Terry Johnson - CB","#33 James Chapman - FS",,,,"#50 James Huson - CB","#26 Carl Barker - FS",,,,,,,,,,,,,,,,,,,,,,,,,,,,,,,,,,,,
BOS,2:13,"BOS 37",1,1,10,"Goal Line Normal HB Dive","Goal Line Attack #1",4,10,0,"1-10-BOS 37 (2:12) 36-Aaron Bush ran to BOS 41 for 4 yards. Tackle by 97-Stephen Stafford.","#9 Leroy Payne - QB","#36 Aaron Bush - RB",,"#49 Stanley Barrett - FB","#46 Richard Shockey - FB","#89 Nicholas Kelley - TE","#83 David Herrington - TE",,,,,,"#67 Charles Curry - LT","#62 George Abercrombie - LG","#78 Harvey Graham - C","#51 Robert Roy - RG","#69 Michael Goodrich - RT",,"#71 Anthony Sokol - RDE","#98 George Yeager - LDE","#70 Erik Sherrill - DT","#64 Erik Cross - DT","#96 Shane Cox - RDE","#54 Tommy Evatt - SLB","#51 John Jones - MLB",,"#58 Jacob White - WLB","#50 James Huson - CB","#22 Terry Johnson - CB",,,,"#97 Stephen Stafford - WLB",,,,,,,,,,,,,,,,,,,,,,,,,,,,,,,,,,,,,
BOS,1:33,"BOS 41",1,2,6,"Goal Line Normal HB Dive","Goal Line Attack #1",4,10,0,"2-6-BOS 41 (1:32) 36-Aaron Bush ran to BOS 45 for 4 yards. Tackle by 33-James Chapman.","#9 Leroy Payne - QB","#36 Aaron Bush - RB",,"#49 Stanley Barrett - FB","#46 Richard Shockey - FB","#89 Nicholas Kelley - TE","#83 David Herrington - TE",,,,,,"#67 Charles Curry - LT","#62 George Abercrombie - LG","#78 Harvey Graham - C","#51 Robert Roy - RG","#69 Michael Goodrich - RT",,"#71 Anthony Sokol - RDE","#98 George Yeager - LDE","#70 Erik Sherrill - DT","#64 Erik Cross - DT","#96 Shane Cox - RDE","#54 Tommy Evatt - SLB","#51 John Jones - MLB",,"#58 Jacob White - WLB","#22 Terry Johnson - CB","#33 James Chapman - FS",,,,"#50 James Huson - CB",,,,,,,,,,,,,,,,,,,,,,,,,,,,,,,,,,,,,
BOS,0:55,"BOS 45",1,3,2,"I Formation Normal HB Blast","4-3 Normal WLB Outside Blitz",1,10,0,"3-2-BOS 45 (0:54) 36-Aaron Bush ran to BOS 45 for 1 yards. Tackle by 96-Shane Cox.","#9 Leroy Payne - QB","#36 Aaron Bush - RB",,,"#46 Richard Shockey - FB","#89 Nicholas Kelley - TE",,"#15 Danny Robinson - WR",,"#13 Ira Lozano - WR",,,"#67 Charles Curry - LT","#62 George Abercrombie - LG","#78 Harvey Graham - C","#51 Robert Roy - RG","#69 Michael Goodrich - RT",,"#71 Anthony Sokol - RDE",,"#70 Erik Sherrill - DT","#64 Erik Cross - DT","#96 Shane Cox - RDE","#54 Tommy Evatt - SLB","#51 John Jones - MLB",,"#58 Jacob White - WLB","#22 Terry Johnson - CB","#33 James Chapman - FS",,,,"#50 James Huson - CB","#26 Carl Barker - FS",,,,,,,,,,,,,,,,,,,,,,,,,,,,,,,,,,,,
BOS,0:16,"BOS 45",1,4,2,Punt,"Punt Return",56,10,0,"4-2-BOS 45 (0:15) 1-Eric Cooper punts 56 yards to FLA -2.4-2-BOS 45 (0:15) 1-Eric Cooper punts 56 yards to FLA -2. Touchback.",,,,,,,,,,,,,,,,,,"#1 Eric Cooper - P",,,,,,,,,,,,,,,,,,,"#89 Nicholas Kelley - TE",,"#80 Tom Lewis - WR",,,"#75 Carl Troutt - RDE","#60 Wesley Carr - DT","#50 James Huson - CB",,"#22 Terry Johnson - CB","#70 Erik Sherrill - DT",,"#40 Paul Lasley - CB",,,,"#49 Stanley Barrett - FB","#51 Robert Roy - RG","#72 Stephen Tye - C","#78 Harvey Graham - C","#62 George Abercrombie - LG","#69 Michael Goodrich - RT",,"#64 Erik Cross - DT","#96 Shane Cox - RDE","#58 Jacob White - WLB","#71 Anthony Sokol - RDE",,,,,,,
FLA,0:07,"FLA 20",1,1,10,"I Formation Normal SE Post","Dime Flat 2 Deep Man Under",,10,0,"1-10-FLA 20 (0:08) 4-Nicholas Meis pass incomplete, intended for 14-Thomas Gonzales. 35-Samuel Johnson got away with a hold on that play. PENALTY - Defensive Holding (BOS 92-Jefferey Vallejo)","#4 Nicholas Meis - QB","#39 Robert Moreira - RB",,,"#42 Ronald Proctor - FB","#83 Russell Camarillo - TE",,"#14 Thomas Gonzales - WR",,"#11 Don Aquirre - WR",,,"#65 Nicholas Woods - RT","#72 Dennis Hamblin - LG","#74 Jon Miller - C","#85 Christopher Ball - LG","#59 Harold Costanza - RT",,"#68 Lemuel Gibson - LDE",,"#63 Kenneth Walsh - DT","#79 Mark So - DT","#60 George Sheehan - RDE",,"#53 Edward Lowe - MLB",,,"#35 Samuel Johnson - CB","#26 Troy Henriquez - CB","#59 Arthur Brown - WLB","#92 Jefferey Vallejo - WLB",,"#38 Kelly James - CB","#44 Tanner Ontiveros - CB",,,,,,,,,,,,,,,,,,,,,,,,,,,,,,,,,,,,
FLA,0:03,"FLA 25",1,1,10,"Strong I Normal HB Off Tackle Strong","Dime Flat Man Cover 1",7,10,0,"1-10-FLA 25 (0:04) 39-Robert Moreira ran to FLA 32 for 7 yards. Tackle by 59-Arthur Brown.","#4 Nicholas Meis - QB","#39 Robert Moreira - RB",,,"#42 Ronald Proctor - FB","#83 Russell Camarillo - TE",,"#14 Thomas Gonzales - WR",,"#11 Don Aquirre - WR",,,"#66 Arthur Stoker - LG","#72 Dennis Hamblin - LG","#74 Jon Miller - C","#85 Christopher Ball - LG","#65 Nicholas Woods - RT",,"#68 Lemuel Gibson - LDE",,"#63 Kenneth Walsh - DT","#79 Mark So - DT","#60 George Sheehan - RDE",,"#53 Edward Lowe - MLB",,,"#44 Tanner Ontiveros - CB","#26 Troy Henriquez - CB","#59 Arthur Brown - WLB","#92 Jefferey Vallejo - WLB",,"#38 Kelly James - CB","#35 Samuel Johnson - CB",,,,,,,,,,,,,,,,,,,,,,,,,,,,,,,,,,,,
,0:00,,1,2,3,,,,10,0,"End of first quarter.",,,,,,,,,,,,,,,,,,,,,,,,,,,,,,,,,,,,,,,,,,,,,,,,,,,,,,,,,,,,,,,,,,,,,,
FLA,15:00,"FLA 32",2,2,3,"I Formation Normal SE Post","Dime Flat Man Cover 1",-10,10,0,"2-3-FLA 32 (15:00) 4-Nicholas Meis sacked at FLA 22 for -10 yards (60-George Sheehan). Sack allowed by 66-Arthur Stoker.","#4 Nicholas Meis - QB","#39 Robert Moreira - RB",,,"#42 Ronald Proctor - FB","#83 Russell Camarillo - TE",,"#14 Thomas Gonzales - WR",,"#11 Don Aquirre - WR",,,"#66 Arthur Stoker - LG","#72 Dennis Hamblin - LG","#74 Jon Miller - C","#85 Christopher Ball - LG","#65 Nicholas Woods - RT",,"#68 Lemuel Gibson - LDE",,"#63 Kenneth Walsh - DT","#79 Mark So - DT","#60 George Sheehan - RDE",,"#53 Edward Lowe - MLB",,,"#44 Tanner Ontiveros - CB","#26 Troy Henriquez - CB","#59 Arthur Brown - WLB","#92 Jefferey Vallejo - WLB",,"#38 Kelly James - CB","#35 Samuel Johnson - CB",,,,,,,,,,,,,,,,,,,,,,,,,,,,,,,,,,,,
FLA,14:20,"FLA 22",2,3,13,"I Formation Normal SE Post","Dime Normal 2 Deep Man Under",-11,10,0,"3-13-FLA 22 (14:19) 4-Nicholas Meis sacked at FLA 12 for -11 yards (68-Lemuel Gibson). Sack allowed by 65-Nicholas Woods.","#4 Nicholas Meis - QB","#39 Robert Moreira - RB",,,"#42 Ronald Proctor - FB","#83 Russell Camarillo - TE",,"#14 Thomas Gonzales - WR",,"#11 Don Aquirre - WR",,,"#66 Arthur Stoker - LG","#72 Dennis Hamblin - LG","#74 Jon Miller - C","#85 Christopher Ball - LG","#65 Nicholas Woods - RT",,"#68 Lemuel Gibson - LDE",,"#63 Kenneth Walsh - DT","#79 Mark So - DT","#60 George Sheehan - RDE",,"#53 Edward Lowe - MLB",,,"#38 Kelly James - CB","#26 Troy Henriquez - CB","#59 Arthur Brown - WLB","#92 Jefferey Vallejo - WLB",,"#35 Samuel Johnson - CB","#44 Tanner Ontiveros - CB",,,,,,,,,,,,,,,,,,,,,,,,,,,,,,,,,,,,
FLA,13:36,"FLA 12",2,4,23,Punt,"Punt Return",,10,0,"4-23-FLA 12 (13:35) 2-Christopher Wink punts 42 yards to BOS 47. Fair Catch by 11-Jean Shoemaker.",,,,,,,,,,,,,,,,,,"#2 Christopher Wink - P",,,,,,,,,,,,,,,,,,,"#74 Jon Miller - C",,"#11 Jean Shoemaker - WR",,,"#60 George Sheehan - RDE","#44 Tanner Ontiveros - CB","#89 Nicholas Kelley - TE",,"#97 Alexander Shead - RDE","#99 Charles Harper - MLB",,"#91 Andrew Medina - RDE",,,,"#59 Harold Costanza - RT","#66 Arthur Stoker - LG","#42 Ronald Proctor - FB","#65 Nicholas Woods - RT","#85 Christopher Ball - LG","#72 Dennis Hamblin - LG",,"#50 Conrad Shaw - DT","#63 Kenneth Walsh - DT","#68 Lemuel Gibson - LDE","#53 Edward Lowe - MLB",,,,,,,
BOS,13:27,"BOS 47",2,1,10,"I Formation Normal HB Blast","4-3 Normal 3 Deep Zone Flat Left",5,10,0,"1-10-BOS 47 (13:28) 36-Aaron Bush ran to FLA 48 for 5 yards. Tackle by 51-John Jones.","#9 Leroy Payne - QB","#36 Aaron Bush - RB",,,"#46 Richard Shockey - FB","#89 Nicholas Kelley - TE",,"#15 Danny Robinson - WR",,"#13 Ira Lozano - WR",,,"#67 Charles Curry - LT","#62 George Abercrombie - LG","#78 Harvey Graham - C","#51 Robert Roy - RG","#69 Michael Goodrich - RT",,"#71 Anthony Sokol - RDE",,"#70 Erik Sherrill - DT","#64 Erik Cross - DT","#96 Shane Cox - RDE","#54 Tommy Evatt - SLB","#51 John Jones - MLB",,"#58 Jacob White - WLB","#50 James Huson - CB","#22 Terry Johnson - CB",,,,"#97 Stephen Stafford - WLB","#26 Carl Barker - FS",,,,,,,,,,,,,,,,,,,,,,,,,,,,,,,,,,,,
BOS,12:55,"FLA 48",2,2,5,"Goal Line Normal HB Toss Strong","Goal Line Attack #1",5,10,0,"2-5-FLA 48 (12:54) 30-Clarence Valdez ran to FLA 44 for 5 yards. Tackle by 54-Tommy Evatt.","#9 Leroy Payne - QB","#30 Clarence Valdez - RB",,"#49 Stanley Barrett - FB","#46 Richard Shockey - FB","#89 Nicholas Kelley - TE","#83 David Herrington - TE",,,,,,"#67 Charles Curry - LT","#62 George Abercrombie - LG","#78 Harvey Graham - C","#51 Robert Roy - RG","#69 Michael Goodrich - RT",,"#71 Anthony Sokol - RDE","#98 George Yeager - LDE","#70 Erik Sherrill - DT","#64 Erik Cross - DT","#96 Shane Cox - RDE","#54 Tommy Evatt - SLB","#51 John Jones - MLB",,"#58 Jacob White - WLB","#22 Terry Johnson - CB","#33 James Chapman - FS",,,,"#50 James Huson - CB",,,,,,,,,,,,,,,,,,,,,,,,,,,,,,,,,,,,,
BOS,12:21,"FLA 44",2,3,,"Goal Line Normal HB Dive","Goal Line Attack #1",-0,10,0,"3-1-FLA 44 (12:20) 36-Aaron Bush ran to FLA 44 for a short loss. Tackle by 70-Erik Sherrill. 46-Richard Shockey was caught flat-footed on this play. 46-Richard Shockey was caught flat-footed on this play.","#9 Leroy Payne - QB","#36 Aaron Bush - RB",,"#49 Stanley Barrett - FB","#46 Richard Shockey - FB","#89 Nicholas Kelley - TE","#83 David Herrington - TE",,,,,,"#67 Charles Curry - LT","#62 George Abercrombie - LG","#78 Harvey Graham - C","#51 Robert Roy - RG","#69 Michael Goodrich - RT",,"#71 Anthony Sokol - RDE","#98 George Yeager - LDE","#70 Erik Sherrill - DT","#64 Erik Cross - DT","#96 Shane Cox - RDE","#54 Tommy Evatt - SLB","#51 John Jones - MLB",,"#58 Jacob White - WLB","#22 Terry Johnson - CB","#33 James Chapman - FS",,,,"#50 James Huson - CB",,,,,,,,,,,,,,,,,,,,,,,,,,,,,,,,,,,,,
BOS,11:47,"FLA 44",2,4,1,Punt,"Punt Return",36,10,0,"4-1-FLA 44 (11:46) 1-Eric Cooper punts 36 yards to FLA 8. PENALTY - Offsides (FLA 64-Erik Cross)",,,,,,,,,,,,,,,,,,"#1 Eric Cooper - P",,,,,,,,,,,,,,,,,,,"#89 Nicholas Kelley - TE",,"#80 Tom Lewis - WR",,,"#50 James Huson - CB","#40 Paul Lasley - CB","#96 Shane Cox - RDE",,"#75 Carl Troutt - RDE","#22 Terry Johnson - CB",,"#70 Erik Sherrill - DT",,,,"#49 Stanley Barrett - FB","#51 Robert Roy - RG","#72 Stephen Tye - C","#78 Harvey Graham - C","#62 George Abercrombie - LG","#69 Michael Goodrich - RT",,"#51 John Jones - MLB","#58 Jacob White - WLB","#71 Anthony Sokol - RDE","#64 Erik Cross - DT",,,,,,,
BOS,11:38,"FLA 39",2,1,10,"Weak I Normal WR Corner TE Middle","4-3 Under Inside LB Blitz",10,10,0,"1-10-FLA 39 (11:39) 9-Leroy Payne pass complete to 36-Aaron Bush to FLA 29 for 10 yards. Tackle by 50-James Huson. BOS 36-Aaron Bush was injured on the play. He looks like he should be able to return.","#9 Leroy Payne - QB","#36 Aaron Bush - RB",,,"#46 Richard Shockey - FB","#89 Nicholas Kelley - TE",,"#15 Danny Robinson - WR",,"#13 Ira Lozano - WR",,,"#67 Charles Curry - LT","#62 George Abercrombie - LG","#78 Harvey Graham - C","#51 Robert Roy - RG","#69 Michael Goodrich - RT",,"#71 Anthony Sokol - RDE",,"#70 Erik Sherrill - DT","#64 Erik Cross - DT","#96 Shane Cox - RDE","#54 Tommy Evatt - SLB","#51 John Jones - MLB",,"#58 Jacob White - WLB","#22 Terry Johnson - CB","#33 James Chapman - FS",,,,"#50 James Huson - CB","#26 Carl Barker - FS",,,,,,,,,,,,,,,,,,,,,,,,,,,,,,,,,,,,
BOS,10:59,"FLA 29",2,2,,"Goal Line Normal HB Dive","Goal Line Attack #1",,10,0,"2-1-FLA 29 (10:58) 30-Clarence Valdez ran to FLA 29 for a short gain. Tackle by 51-John Jones. 49-Stanley Barrett was caught flat-footed on this play.","#9 Leroy Payne - QB","#30 Clarence Valdez - RB",,"#49 Stanley Barrett - FB","#46 Richard Shockey - FB","#83 David Herrington - TE","#89 Nicholas Kelley - TE",,,,,,"#67 Charles Curry - LT","#62 George Abercrombie - LG","#78 Harvey Graham - C","#51 Robert Roy - RG","#69 Michael Goodrich - RT",,"#71 Anthony Sokol - RDE","#98 George Yeager - LDE","#70 Erik Sherrill - DT","#64 Erik Cross - DT","#75 Carl Troutt - RDE","#54 Tommy Evatt - SLB","#51 John Jones - MLB",,"#58 Jacob White - WLB","#22 Terry Johnson - CB","#33 James Chapman - FS",,,,"#97 Stephen Stafford - WLB",,,,,,,,,,,,,,,,,,,,,,,,,,,,,,,,,,,,,
BOS,10:18,"FLA 29",2,3,,"Goal Line Normal HB Dive","Goal Line Attack #1",-1,10,0,"3-1-FLA 29 (10:17) 30-Clarence Valdez ran to FLA 30 for -1 yards. Tackle by 51-John Jones.","#9 Leroy Payne - QB","#30 Clarence Valdez - RB",,"#49 Stanley Barrett - FB","#46 Richard Shockey - FB","#89 Nicholas Kelley - TE","#83 David Herrington - TE",,,,,,"#67 Charles Curry - LT","#62 George Abercrombie - LG","#78 Harvey Graham - C","#51 Robert Roy - RG","#69 Michael Goodrich - RT",,"#71 Anthony Sokol - RDE","#98 George Yeager - LDE","#70 Erik Sherrill - DT","#64 Erik Cross - DT","#96 Shane Cox - RDE","#54 Tommy Evatt - SLB","#51 John Jones - MLB",,"#58 Jacob White - WLB","#22 Terry Johnson - CB","#33 James Chapman - FS",,,,"#50 James Huson - CB",,,,,,,,,,,,,,,,,,,,,,,,,,,,,,,,,,,,,
BOS,9:38,"FLA 30",2,4,1,"Field Goal","FG Block",40,10,3,"4-1-FLA 30 (9:37) 16-Felipe Norfleet 47 yard field goal is GOOD. FLA 10 BOS 3",,,,,,,,,,,,,,,,,,,,,,,,,,,,,,,,,,,,"#89 Nicholas Kelley - TE","#72 Stephen Tye - C",,,,,,,,,,,,,,"#16 Felipe Norfleet - K","#30 Clarence Valdez - RB","#69 Michael Goodrich - RT","#49 Stanley Barrett - FB","#78 Harvey Graham - C","#62 George Abercrombie - LG","#51 Robert Roy - RG","#67 Charles Curry - LT","#46 Richard Shockey - FB","#64 Erik Cross - DT","#96 Shane Cox - RDE","#58 Jacob White - WLB","#71 Anthony Sokol - RDE","#33 James Chapman - FS","#55 Mark McFadden - WLB","#52 Jose Brown - MLB","#60 Wesley Carr - DT","#51 John Jones - MLB","#70 Erik Sherrill - DT","#40 Paul Lasley - CB"
BOS,9:33,"BOS 35",2,6,10,Kickoff,"Kick Return",,10,3,"(9:34) 16-Felipe Norfleet kicks 60 yards from BOS 35 to FLA 5. 80-Tom Lewis to FLA 40 for 35 yards. Tackle by 44-Tanner Ontiveros.",,,,,,,,,,,,,,,,,,,,,,,,,,,,,,,,,,,,,,"#80 Tom Lewis - WR",,"#71 Anthony Sokol - RDE","#40 Paul Lasley - CB","#50 James Huson - CB","#64 Erik Cross - DT","#96 Shane Cox - RDE","#60 Wesley Carr - DT","#75 Carl Troutt - RDE","#22 Terry Johnson - CB","#51 John Jones - MLB","#70 Erik Sherrill - DT","#16 Felipe Norfleet - K",,,,,,,,,,,,,,,,,,,,
FLA,9:27,"FLA 40",2,1,10,"I Formation Normal FL Hook","Dime Flat Man Cover 1",2,10,3,"1-10-FLA 40 (9:28) 4-Nicholas Meis pass complete to 11-Don Aquirre to FLA 42 for 2 yards. Tackle by 44-Tanner Ontiveros.","#4 Nicholas Meis - QB","#39 Robert Moreira - RB",,,"#42 Ronald Proctor - FB","#83 Russell Camarillo - TE",,"#14 Thomas Gonzales - WR",,"#11 Don Aquirre - WR",,,"#65 Nicholas Woods - RT","#72 Dennis Hamblin - LG","#74 Jon Miller - C","#85 Christopher Ball - LG","#59 Harold Costanza - RT",,"#68 Lemuel Gibson - LDE",,"#63 Kenneth Walsh - DT","#79 Mark So - DT","#60 George Sheehan - RDE",,"#53 Edward Lowe - MLB",,,"#35 Samuel Johnson - CB","#44 Tanner Ontiveros - CB","#59 Arthur Brown - WLB","#92 Jefferey Vallejo - WLB",,"#38 Kelly James - CB","#26 Troy Henriquez - CB",,,,,,,,,,,,,,,,,,,,,,,,,,,,,,,,,,,,
FLA,8:52,"FLA 42",2,2,8,"I Formation Normal FL Hitch","Dime Normal 2 Deep Man Under",,10,3,"2-8-FLA 42 (8:51) PENALTY - False Start (FLA 65-Nicholas Woods)","#4 Nicholas Meis - QB","#39 Robert Moreira - RB",,,"#42 Ronald Proctor - FB","#83 Russell Camarillo - TE",,"#14 Thomas Gonzales - WR",,"#11 Don Aquirre - WR",,,"#65 Nicholas Woods - RT","#72 Dennis Hamblin - LG","#74 Jon Miller - C","#85 Christopher Ball - LG","#59 Harold Costanza - RT",,"#68 Lemuel Gibson - LDE",,"#63 Kenneth Walsh - DT","#79 Mark So - DT","#60 George Sheehan - RDE",,"#53 Edward Lowe - MLB",,,"#38 Kelly James - CB","#26 Troy Henriquez - CB","#59 Arthur Brown - WLB","#92 Jefferey Vallejo - WLB",,"#44 Tanner Ontiveros - CB","#35 Samuel Johnson - CB",,,,,,,,,,,,,,,,,,,,,,,,,,,,,,,,,,,,
FLA,8:50,"FLA 37",2,2,13,"I Formation Power Play Action HB Downfield","Dime Normal 2 Deep Man Under",15,10,3,"2-13-FLA 37 (8:51) 4-Nicholas Meis pass complete to 83-Russell Camarillo to BOS 49 for 15 yards. Tackle by 26-Troy Henriquez. 83-Russell Camarillo made a great move on the CB.","#4 Nicholas Meis - QB","#39 Robert Moreira - RB",,"#20 David Cleghorn - RB","#42 Ronald Proctor - FB","#83 Russell Camarillo - TE",,"#14 Thomas Gonzales - WR",,,,,"#65 Nicholas Woods - RT","#72 Dennis Hamblin - LG","#74 Jon Miller - C","#85 Christopher Ball - LG","#59 Harold Costanza - RT",,"#68 Lemuel Gibson - LDE",,"#63 Kenneth Walsh - DT","#79 Mark So - DT","#60 George Sheehan - RDE",,"#53 Edward Lowe - MLB",,,"#38 Kelly James - CB","#26 Troy Henriquez - CB","#59 Arthur Brown - WLB","#92 Jefferey Vallejo - WLB",,"#44 Tanner Ontiveros - CB","#35 Samuel Johnson - CB",,,,,,,,,,,,,,,,,,,,,,,,,,,,,,,,,,,,
FLA,8:12,"BOS 49",2,1,10,"Goal Line Normal HB Outside Strong","Dime Normal Double WR1 WR2",3,10,3,"1-10-BOS 49 (8:11) 14-Thomas Gonzales ran to BOS 46 for 3 yards. Tackle by 68-Lemuel Gibson.","#4 Nicholas Meis - QB","#14 Thomas Gonzales - WR",,"#20 David Cleghorn - RB","#42 Ronald Proctor - FB","#83 Russell Camarillo - TE","#39 Robert Moreira - RB",,,,,,"#66 Arthur Stoker - LG","#72 Dennis Hamblin - LG","#74 Jon Miller - C","#85 Christopher Ball - LG","#65 Nicholas Woods - RT",,"#68 Lemuel Gibson - LDE",,"#63 Kenneth Walsh - DT","#79 Mark So - DT","#60 George Sheehan - RDE",,"#53 Edward Lowe - MLB",,,"#38 Kelly James - CB","#26 Troy Henriquez - CB","#59 Arthur Brown - WLB","#92 Jefferey Vallejo - WLB",,"#44 Tanner Ontiveros - CB","#35 Samuel Johnson - CB",,,,,,,,,,,,,,,,,,,,,,,,,,,,,,,,,,,,
FLA,7:31,"BOS 46",2,2,7,"Strong I Normal HB Off Tackle Strong","Dime Normal Man Cover 1",1,10,3,"2-7-BOS 46 (7:30) 39-Robert Moreira ran to BOS 45 for 1 yards. Tackle by 68-Lemuel Gibson.","#4 Nicholas Meis - QB","#39 Robert Moreira - RB",,,"#42 Ronald Proctor - FB","#83 Russell Camarillo - TE",,"#14 Thomas Gonzales - WR",,"#11 Don Aquirre - WR",,,"#66 Arthur Stoker - LG","#72 Dennis Hamblin - LG","#74 Jon Miller - C","#85 Christopher Ball - LG","#65 Nicholas Woods - RT",,"#68 Lemuel Gibson - LDE",,"#63 Kenneth Walsh - DT","#79 Mark So - DT","#60 George Sheehan - RDE",,"#53 Edward Lowe - MLB",,,"#38 Kelly James - CB","#26 Troy Henriquez - CB","#59 Arthur Brown - WLB","#92 Jefferey Vallejo - WLB",,"#35 Samuel Johnson - CB","#44 Tanner Ontiveros - CB",,,,,,,,,,,,,,,,,,,,,,,,,,,,,,,,,,,,
FLA,6:52,"BOS 45",2,3,6,"I Formation 3WR FL Post","Dime Normal Double WR1 WR2",,10,3,"3-6-BOS 45 (6:51) 4-Nicholas Meis pass Pass knocked down by 44-Tanner Ontiveros. incomplete, intended for 39-Robert Moreira. PENALTY - Pass Interference (BOS 35-Samuel Johnson)","#4 Nicholas Meis - QB","#39 Robert Moreira - RB",,,"#42 Ronald Proctor - FB",,,"#14 Thomas Gonzales - WR","#16 Jeremiah Shanklin - WR","#11 Don Aquirre - WR",,,"#65 Nicholas Woods - RT","#72 Dennis Hamblin - LG","#74 Jon Miller - C","#85 Christopher Ball - LG","#59 Harold Costanza - RT",,"#68 Lemuel Gibson - LDE",,"#63 Kenneth Walsh - DT","#79 Mark So - DT","#60 George Sheehan - RDE",,"#53 Edward Lowe - MLB",,,"#44 Tanner Ontiveros - CB","#26 Troy Henriquez - CB","#59 Arthur Brown - WLB","#92 Jefferey Vallejo - WLB",,"#38 Kelly James - CB","#35 Samuel Johnson - CB",,,,,,,,,,,,,,,,,,,,,,,,,,,,,,,,,,,,
FLA,6:45,"BOS 36",2,1,10,"Split Backs 3 Wide Off Tackle Strong","Dime Flat Man Cover 1",4,10,3,"1-10-BOS 36 (6:46) 39-Robert Moreira ran to BOS 32 for 4 yards. Tackle by 38-Kelly James.","#4 Nicholas Meis - QB","#39 Robert Moreira - RB",,,"#42 Ronald Proctor - FB",,,"#14 Thomas Gonzales - WR","#16 Jeremiah Shanklin - WR","#11 Don Aquirre - WR",,,"#65 Nicholas Woods - RT","#72 Dennis Hamblin - LG","#74 Jon Miller - C","#85 Christopher Ball - LG","#59 Harold Costanza - RT",,"#68 Lemuel Gibson - LDE",,"#63 Kenneth Walsh - DT","#79 Mark So - DT","#60 George Sheehan - RDE",,"#53 Edward Lowe - MLB",,,"#38 Kelly James - CB","#26 Troy Henriquez - CB","#59 Arthur Brown - WLB","#92 Jefferey Vallejo - WLB",,"#44 Tanner Ontiveros - CB","#35 Samuel Johnson - CB",,,,,,,,,,,,,,,,,,,,,,,,,,,,,,,,,,,,
FLA,6:05,"BOS 32",2,2,6,"I Formation Normal HB Blast","Dime Normal Double WR3",18,10,3,"2-6-BOS 32 (6:04) 39-Robert Moreira ran to BOS 14 for 18 yards. Tackle by 38-Kelly James. BOS 63-Kenneth Walsh was injured on the play. He looks like he should be able to return.","#4 Nicholas Meis - QB","#39 Robert Moreira - RB",,,"#42 Ronald Proctor - FB","#83 Russell Camarillo - TE",,"#11 Don Aquirre - WR",,"#16 Jeremiah Shanklin - WR",,,"#65 Nicholas Woods - RT","#72 Dennis Hamblin - LG","#74 Jon Miller - C","#85 Christopher Ball - LG","#59 Harold Costanza - RT",,"#68 Lemuel Gibson - LDE",,"#63 Kenneth Walsh - DT","#79 Mark So - DT","#60 George Sheehan - RDE",,"#53 Edward Lowe - MLB",,,"#35 Samuel Johnson - CB","#26 Troy Henriquez - CB","#59 Arthur Brown - WLB","#92 Jefferey Vallejo - WLB",,"#38 Kelly James - CB","#44 Tanner Ontiveros - CB",,,,,,,,,,,,,,,,,,,,,,,,,,,,,,,,,,,,
FLA,5:29,"BOS 14",2,1,10,"I Formation Normal HB Blast","Dime Normal Double WR1 WR2",9,10,3,"1-10-BOS 14 (5:28) 20-David Cleghorn ran to BOS 5 for 9 yards. Tackle by 38-Kelly James.","#4 Nicholas Meis - QB","#20 David Cleghorn - RB",,,"#42 Ronald Proctor - FB","#83 Russell Camarillo - TE",,"#14 Thomas Gonzales - WR",,"#11 Don Aquirre - WR",,,"#66 Arthur Stoker - LG","#72 Dennis Hamblin - LG","#74 Jon Miller - C","#85 Christopher Ball - LG","#65 Nicholas Woods - RT",,"#68 Lemuel Gibson - LDE",,"#79 Mark So - DT","#50 Conrad Shaw - DT","#60 George Sheehan - RDE",,"#53 Edward Lowe - MLB",,,"#44 Tanner Ontiveros - CB","#26 Troy Henriquez - CB","#59 Arthur Brown - WLB","#92 Jefferey Vallejo - WLB",,"#38 Kelly James - CB","#35 Samuel Johnson - CB",,,,,,,,,,,,,,,,,,,,,,,,,,,,,,,,,,,,
FLA,4:48,"BOS 5",2,2,1,"I Formation Normal HB Counter","3-4 Normal Man QB Spy",5,16,3,"2-1-BOS 5 (4:47) 20-David Cleghorn ran to BOS 0 for 5 yards. TOUCHDOWN! FLA 16 BOS 3","#4 Nicholas Meis - QB","#20 David Cleghorn - RB",,,"#42 Ronald Proctor - FB","#83 Russell Camarillo - TE",,"#14 Thomas Gonzales - WR",,"#11 Don Aquirre - WR",,,"#66 Arthur Stoker - LG","#72 Dennis Hamblin - LG","#74 Jon Miller - C","#85 Christopher Ball - LG","#65 Nicholas Woods - RT",,"#68 Lemuel Gibson - LDE",,"#79 Mark So - DT",,"#60 George Sheehan - RDE","#56 David Crowley - SLB","#53 Edward Lowe - MLB","#58 David Wood - MLB","#99 Charles Harper - MLB","#35 Samuel Johnson - CB","#38 Kelly James - CB",,,,"#26 Troy Henriquez - CB","#44 Tanner Ontiveros - CB",,,,,,,,,,,,,,,,,,,,,,,,,,,,,,,,,,,,
FLA,4:43,"BOS 15",2,7,15,"Field Goal","FG Block",26,17,3,"(4:44) Extra point GOOD by 9-Clyde Averill. FLA 17 BOS 3",,,,,,,,,,,,,,,,,,,,,,,,,,,,,,,,,,,,"#4 Nicholas Meis - QB","#74 Jon Miller - C",,,,,,,,,,,,,,"#9 Clyde Averill - K","#63 Brian Jones - RT","#59 Harold Costanza - RT","#66 Arthur Stoker - LG","#42 Ronald Proctor - FB","#65 Nicholas Woods - RT","#85 Christopher Ball - LG","#72 Dennis Hamblin - LG","#83 Russell Camarillo - TE","#92 Jefferey Vallejo - WLB","#68 Lemuel Gibson - LDE","#53 Edward Lowe - MLB","#50 Conrad Shaw - DT","#97 Alexander Shead - RDE","#79 Mark So - DT","#91 Andrew Medina - RDE","#60 George Sheehan - RDE","#35 Samuel Johnson - CB","#99 Charles Harper - MLB","#95 Richard Kersten - RDE"
FLA,4:43,"FLA 35",2,6,10,Kickoff,"Kick Return",,17,3,"(4:44) 9-Clyde Averill kicks 75 yards from FLA 35 to BOS -10. Touchback.",,,,,,,,,,,,,,,,,,,,,,,,,,,,,,,,,,,,,,"#11 Jean Shoemaker - WR",,"#35 Samuel Johnson - CB","#44 Tanner Ontiveros - CB","#60 George Sheehan - RDE","#91 Andrew Medina - RDE","#89 Nicholas Kelley - TE","#95 Richard Kersten - RDE","#97 Alexander Shead - RDE","#53 Edward Lowe - MLB","#59 Arthur Brown - WLB","#99 Charles Harper - MLB","#9 Clyde Averill - K",,,,,,,,,,,,,,,,,,,,
BOS,4:43,"BOS 25",2,1,10,"Strong I Normal HB Off Tackle Strong","4-3 Normal Double WR2",2,17,3,"1-10-BOS 25 (4:44) 36-Aaron Bush ran to BOS 27 for 2 yards. Tackle by 71-Anthony Sokol. 89-Nicholas Kelley was caught flat-footed on this play.","#9 Leroy Payne - QB","#36 Aaron Bush - RB",,,"#46 Richard Shockey - FB","#89 Nicholas Kelley - TE",,"#15 Danny Robinson - WR",,"#13 Ira Lozano - WR",,,"#67 Charles Curry - LT","#62 George Abercrombie - LG","#78 Harvey Graham - C","#51 Robert Roy - RG","#69 Michael Goodrich - RT",,"#71 Anthony Sokol - RDE",,"#70 Erik Sherrill - DT","#64 Erik Cross - DT","#96 Shane Cox - RDE","#54 Tommy Evatt - SLB","#51 John Jones - MLB",,"#58 Jacob White - WLB","#22 Terry Johnson - CB","#33 James Chapman - FS",,,,"#50 James Huson - CB","#26 Carl Barker - FS",,,,,,,,,,,,,,,,,,,,,,,,,,,,,,,,,,,,
BOS,4:11,"BOS 27",2,2,8,"I Formation Normal HB Dive","4-3 Normal WLB Outside Blitz",14,17,3,"2-8-BOS 27 (4:10) 30-Clarence Valdez ran to BOS 41 for 14 yards. Tackle by 26-Carl Barker.","#9 Leroy Payne - QB","#30 Clarence Valdez - RB",,,"#46 Richard Shockey - FB","#89 Nicholas Kelley - TE",,"#15 Danny Robinson - WR",,"#13 Ira Lozano - WR",,,"#67 Charles Curry - LT","#62 George Abercrombie - LG","#78 Harvey Graham - C","#51 Robert Roy - RG","#69 Michael Goodrich - RT",,"#71 Anthony Sokol - RDE",,"#70 Erik Sherrill - DT","#64 Erik Cross - DT","#96 Shane Cox - RDE","#54 Tommy Evatt - SLB","#51 John Jones - MLB",,"#58 Jacob White - WLB","#50 James Huson - CB","#22 Terry Johnson - CB",,,,"#97 Stephen Stafford - WLB","#26 Carl Barker - FS",,,,,,,,,,,,,,,,,,,,,,,,,,,,,,,,,,,,
BOS,3:28,"BOS 41",2,1,10,"Shotgun Normal HB Delay","Nickel Normal Double WR2",1,17,3,"1-10-BOS 41 (3:27) 36-Aaron Bush ran to BOS 41 for 1 yards. Tackle by 58-Jacob White.","#9 Leroy Payne - QB","#36 Aaron Bush - RB",,,,"#89 Nicholas Kelley - TE",,"#15 Danny Robinson - WR","#17 Kurt Conley - WR","#13 Ira Lozano - WR",,,"#67 Charles Curry - LT","#62 George Abercrombie - LG","#78 Harvey Graham - C","#51 Robert Roy - RG","#69 Michael Goodrich - RT",,"#71 Anthony Sokol - RDE",,"#70 Erik Sherrill - DT","#64 Erik Cross - DT","#96 Shane Cox - RDE",,"#51 John Jones - MLB",,"#58 Jacob White - WLB","#22 Terry Johnson - CB","#33 James Chapman - FS",,"#40 Paul Lasley - CB",,"#50 James Huson - CB","#26 Carl Barker - FS",,,,,,,,,,,,,,,,,,,,,,,,,,,,,,,,,,,,
BOS,2:50,"BOS 41",2,2,9,"I Formation Normal HB Dive","4-3 Normal 3 Deep Zone Flat Left",11,17,3,"2-9-BOS 41 (2:49) 42-Nicholas Walker ran to FLA 48 for 11 yards. Tackle by 26-Carl Barker.","#9 Leroy Payne - QB","#42 Nicholas Walker - RB",,,"#46 Richard Shockey - FB","#89 Nicholas Kelley - TE",,"#15 Danny Robinson - WR",,"#13 Ira Lozano - WR",,,"#67 Charles Curry - LT","#62 George Abercrombie - LG","#78 Harvey Graham - C","#51 Robert Roy - RG","#69 Michael Goodrich - RT",,"#71 Anthony Sokol - RDE",,"#70 Erik Sherrill - DT","#64 Erik Cross - DT","#96 Shane Cox - RDE","#54 Tommy Evatt - SLB","#51 John Jones - MLB",,"#58 Jacob White - WLB","#50 James Huson - CB","#22 Terry Johnson - CB",,,,"#97 Stephen Stafford - WLB","#26 Carl Barker - FS",,,,,,,,,,,,,,,,,,,,,,,,,,,,,,,,,,,,
BOS,2:12,"FLA 48",2,1,10,"Shotgun Normal Double Outs","Nickel Normal SS Blitz",,17,3,"1-10-FLA 48 (2:11) 9-Leroy Payne pass Pass knocked down by 50-James Huson. incomplete, intended for 15-Danny Robinson.","#9 Leroy Payne - QB","#36 Aaron Bush - RB",,,,"#89 Nicholas Kelley - TE",,"#15 Danny Robinson - WR","#17 Kurt Conley - WR","#13 Ira Lozano - WR",,,"#67 Charles Curry - LT","#62 George Abercrombie - LG","#78 Harvey Graham - C","#51 Robert Roy - RG","#69 Michael Goodrich - RT",,"#71 Anthony Sokol - RDE",,"#70 Erik Sherrill - DT","#64 Erik Cross - DT","#96 Shane Cox - RDE",,"#51 John Jones - MLB",,"#58 Jacob White - WLB","#50 James Huson - CB","#22 Terry Johnson - CB",,"#33 James Chapman - FS",,"#97 Stephen Stafford - WLB","#26 Carl Barker - FS",,,,,,,,,,,,,,,,,,,,,,,,,,,,,,,,,,,,
BOS,2:08,"FLA 48",2,2,10,"Shotgun Normal HB Delay","Nickel Normal Shallow Zone Deep",9,17,3,"2-10-FLA 48 (2:09) 30-Clarence Valdez ran to FLA 39 for 9 yards. Tackle by 50-James Huson.","#9 Leroy Payne - QB","#30 Clarence Valdez - RB",,,,"#89 Nicholas Kelley - TE",,"#15 Danny Robinson - WR","#17 Kurt Conley - WR","#13 Ira Lozano - WR",,,"#67 Charles Curry - LT","#62 George Abercrombie - LG","#78 Harvey Graham - C","#51 Robert Roy - RG","#69 Michael Goodrich - RT",,"#71 Anthony Sokol - RDE",,"#70 Erik Sherrill - DT","#64 Erik Cross - DT","#96 Shane Cox - RDE",,"#51 John Jones - MLB",,"#58 Jacob White - WLB","#22 Terry Johnson - CB","#33 James Chapman - FS",,"#40 Paul Lasley - CB",,"#50 James Huson - CB","#26 Carl Barker - FS",,,,,,,,,,,,,,,,,,,,,,,,,,,,,,,,,,,,
,2:00,,2,3,1,,,,17,3,"Timeout for two minute warning.",,,,,,,,,,,,,,,,,,,,,,,,,,,,,,,,,,,,,,,,,,,,,,,,,,,,,,,,,,,,,,,,,,,,,,
BOS,2:00,"FLA 39",2,3,1,"Goal Line Normal HB Dive","Goal Line Attack #1",3,17,3,"3-1-FLA 39 (2:00) 36-Aaron Bush ran to FLA 36 for 3 yards. Tackle by 71-Anthony Sokol.","#9 Leroy Payne - QB","#36 Aaron Bush - RB",,"#49 Stanley Barrett - FB","#46 Richard Shockey - FB","#89 Nicholas Kelley - TE","#83 David Herrington - TE",,,,,,"#67 Charles Curry - LT","#62 George Abercrombie - LG","#78 Harvey Graham - C","#51 Robert Roy - RG","#69 Michael Goodrich - RT",,"#71 Anthony Sokol - RDE","#98 George Yeager - LDE","#70 Erik Sherrill - DT","#64 Erik Cross - DT","#96 Shane Cox - RDE","#54 Tommy Evatt - SLB","#51 John Jones - MLB",,"#58 Jacob White - WLB","#22 Terry Johnson - CB","#33 James Chapman - FS",,,,"#50 James Huson - CB",,,,,,,,,,,,,,,,,,,,,,,,,,,,,,,,,,,,,
,1:58,,2,1,10,,,,17,3,"Timeout BOS",,,,,,,,,,,,,,,,,,,,,,,,,,,,,,,,,,,,,,,,,,,,,,,,,,,,,,,,,,,,,,,,,,,,,,
BOS,1:55,"FLA 36",2,1,10,"Shotgun 2 RB 3 WR FB In","Nickel Normal Man Cover 2",1,17,3,"1-10-FLA 36 (1:56) 9-Leroy Payne pass complete to 15-Danny Robinson to FLA 35 for 1 yards. Tackle by 50-James Huson.","#9 Leroy Payne - QB","#30 Clarence Valdez - RB","#42 Nicholas Walker - RB",,,,,"#15 Danny Robinson - WR","#17 Kurt Conley - WR","#13 Ira Lozano - WR",,,"#67 Charles Curry - LT","#62 George Abercrombie - LG","#78 Harvey Graham - C","#51 Robert Roy - RG","#69 Michael Goodrich - RT",,"#71 Anthony Sokol - RDE",,"#70 Erik Sherrill - DT","#64 Erik Cross - DT","#96 Shane Cox - RDE",,"#51 John Jones - MLB",,"#58 Jacob White - WLB","#50 James Huson - CB","#22 Terry Johnson - CB",,"#33 James Chapman - FS",,"#97 Stephen Stafford - WLB","#26 Carl Barker - FS",,,,,,,,,,,,,,,,,,,,,,,,,,,,,,,,,,,,
,1:52,,2,2,9,,,,17,3,"Timeout BOS",,,,,,,,,,,,,,,,,,,,,,,,,,,,,,,,,,,,,,,,,,,,,,,,,,,,,,,,,,,,,,,,,,,,,,
BOS,1:50,"FLA 35",2,2,9,"Shotgun 2 RB 3 WR WR Hooks","Nickel Normal Double WR2",7,17,3,"2-9-FLA 35 (1:51) 9-Leroy Payne pass complete to 13-Ira Lozano to FLA 28 for 7 yards. Tackle by 26-Carl Barker. 26-Carl Barker got away with a hold on that play.","#9 Leroy Payne - QB","#36 Aaron Bush - RB","#42 Nicholas Walker - RB",,,,,"#15 Danny Robinson - WR","#17 Kurt Conley - WR","#13 Ira Lozano - WR",,,"#67 Charles Curry - LT","#62 George Abercrombie - LG","#78 Harvey Graham - C","#51 Robert Roy - RG","#69 Michael Goodrich - RT",,"#71 Anthony Sokol - RDE",,"#70 Erik Sherrill - DT","#64 Erik Cross - DT","#96 Shane Cox - RDE",,"#51 John Jones - MLB",,"#58 Jacob White - WLB","#50 James Huson - CB","#22 Terry Johnson - CB",,"#33 James Chapman - FS",,"#97 Stephen Stafford - WLB","#26 Carl Barker - FS",,,,,,,,,,,,,,,,,,,,,,,,,,,,,,,,,,,,
,1:47,,2,3,2,,,,17,3,"Timeout BOS",,,,,,,,,,,,,,,,,,,,,,,,,,,,,,,,,,,,,,,,,,,,,,,,,,,,,,,,,,,,,,,,,,,,,,
BOS,1:43,"FLA 28",2,3,2,"Shotgun 2 RB 3 WR WR Curl","Nickel Normal Man Cover 2",1,17,3,"3-2-FLA 28 (1:44) 9-Leroy Payne pass complete to 30-Clarence Valdez to FLA 27 for 1 yards. Tackle by 33-James Chapman. PENALTY - Facemask (FLA 33-James Chapman)","#9 Leroy Payne - QB","#30 Clarence Valdez - RB","#42 Nicholas Walker - RB",,,,,"#15 Danny Robinson - WR","#17 Kurt Conley - WR","#13 Ira Lozano - WR",,,"#67 Charles Curry - LT","#62 George Abercrombie - LG","#78 Harvey Graham - C","#51 Robert Roy - RG","#69 Michael Goodrich - RT",,"#71 Anthony Sokol - RDE",,"#70 Erik Sherrill - DT","#64 Erik Cross - DT","#96 Shane Cox - RDE",,"#51 John Jones - MLB",,"#58 Jacob White - WLB","#50 James Huson - CB","#22 Terry Johnson - CB",,"#33 James Chapman - FS",,"#97 Stephen Stafford - WLB","#26 Carl Barker - FS",,,,,,,,,,,,,,,,,,,,,,,,,,,,,,,,,,,,
BOS,1:40,"FLA 12",2,1,10,"Shotgun Normal HB Flare","Nickel Normal Double WR2",-10,17,3,"1-10-FLA 12 (1:41) 9-Leroy Payne sacked at FLA 21 for -10 yards (70-Erik Sherrill). Sack allowed by 51-Robert Roy.","#9 Leroy Payne - QB","#36 Aaron Bush - RB",,,,"#89 Nicholas Kelley - TE",,"#15 Danny Robinson - WR","#17 Kurt Conley - WR","#13 Ira Lozano - WR",,,"#67 Charles Curry - LT","#62 George Abercrombie - LG","#78 Harvey Graham - C","#51 Robert Roy - RG","#69 Michael Goodrich - RT",,"#71 Anthony Sokol - RDE",,"#70 Erik Sherrill - DT","#64 Erik Cross - DT","#96 Shane Cox - RDE",,"#51 John Jones - MLB",,"#58 Jacob White - WLB","#50 James Huson - CB","#22 Terry Johnson - CB",,"#33 James Chapman - FS",,"#97 Stephen Stafford - WLB","#26 Carl Barker - FS",,,,,,,,,,,,,,,,,,,,,,,,,,,,,,,,,,,,
BOS,1:17,"FLA 21",2,2,20,"Shotgun 2 RB 3 WR RB Curls","Nickel Normal Shallow Zone Deep",,17,3,"2-20-FLA 21 (1:16) 9-Leroy Payne pass Pass knocked down by 50-James Huson. incomplete, intended for 15-Danny Robinson. 50-James Huson got away with a hold on that play.","#9 Leroy Payne - QB","#30 Clarence Valdez - RB","#42 Nicholas Walker - RB",,,,,"#15 Danny Robinson - WR","#85 Rodolfo Lyons - WR","#17 Kurt Conley - WR",,,"#67 Charles Curry - LT","#62 George Abercrombie - LG","#78 Harvey Graham - C","#51 Robert Roy - RG","#69 Michael Goodrich - RT",,"#71 Anthony Sokol - RDE",,"#70 Erik Sherrill - DT","#64 Erik Cross - DT","#96 Shane Cox - RDE",,"#51 John Jones - MLB",,"#58 Jacob White - WLB","#50 James Huson - CB","#22 Terry Johnson - CB",,"#33 James Chapman - FS",,"#97 Stephen Stafford - WLB","#26 Carl Barker - FS",,,,,,,,,,,,,,,,,,,,,,,,,,,,,,,,,,,,
BOS,1:12,"FLA 21",2,3,20,"Shotgun 2 RB 3 WR FB In","Nickel Normal Shallow Zone Deep",3,17,3,"3-20-FLA 21 (1:13) 9-Leroy Payne pass complete to 13-Ira Lozano to FLA 18 for 3 yards. Tackle by 51-John Jones.","#9 Leroy Payne - QB","#42 Nicholas Walker - RB","#49 Stanley Barrett - FB",,,,,"#13 Ira Lozano - WR","#10 Robert Sandler - WR","#85 Rodolfo Lyons - WR",,,"#67 Charles Curry - LT","#62 George Abercrombie - LG","#78 Harvey Graham - C","#51 Robert Roy - RG","#69 Michael Goodrich - RT",,"#71 Anthony Sokol - RDE",,"#70 Erik Sherrill - DT","#64 Erik Cross - DT","#96 Shane Cox - RDE",,"#51 John Jones - MLB",,"#58 Jacob White - WLB","#50 James Huson - CB","#22 Terry Johnson - CB",,"#33 James Chapman - FS",,"#97 Stephen Stafford - WLB","#26 Carl Barker - FS",,,,,,,,,,,,,,,,,,,,,,,,,,,,,,,,,,,,
BOS,0:30,"FLA 18",2,4,16,"Field Goal","FG Block",28,17,6,"4-16-FLA 18 (0:29) 16-Felipe Norfleet 35 yard field goal is GOOD. FLA 17 BOS 6",,,,,,,,,,,,,,,,,,,,,,,,,,,,,,,,,,,,"#89 Nicholas Kelley - TE","#72 Stephen Tye - C",,,,,,,,,,,,,,"#16 Felipe Norfleet - K","#30 Clarence Valdez - RB","#69 Michael Goodrich - RT","#49 Stanley Barrett - FB","#78 Harvey Graham - C","#62 George Abercrombie - LG","#51 Robert Roy - RG","#67 Charles Curry - LT","#46 Richard Shockey - FB","#64 Erik Cross - DT","#96 Shane Cox - RDE","#58 Jacob White - WLB","#71 Anthony Sokol - RDE","#33 James Chapman - FS","#55 Mark McFadden - WLB","#52 Jose Brown - MLB","#60 Wesley Carr - DT","#51 John Jones - MLB","#70 Erik Sherrill - DT","#40 Paul Lasley - CB"
BOS,0:25,"BOS 35",2,6,10,Kickoff,"Kick Return",,17,6,"(0:26) 16-Felipe Norfleet kicks 68 yards from BOS 35 to FLA -3. Touchback.",,,,,,,,,,,,,,,,,,,,,,,,,,,,,,,,,,,,,,"#80 Tom Lewis - WR",,"#71 Anthony Sokol - RDE","#40 Paul Lasley - CB","#50 James Huson - CB","#64 Erik Cross - DT","#96 Shane Cox - RDE","#60 Wesley Carr - DT","#75 Carl Troutt - RDE","#22 Terry Johnson - CB","#51 John Jones - MLB","#70 Erik Sherrill - DT","#16 Felipe Norfleet - K",,,,,,,,,,,,,,,,,,,,
FLA,0:25,"FLA 25",2,1,10,"I Formation Power HB Draw","Dime Normal Double WR1 WR2",4,17,6,"1-10-FLA 25 (0:26) 39-Robert Moreira ran to FLA 29 for 4 yards. Tackle by 68-Lemuel Gibson. 83-Russell Camarillo was caught flat-footed on this play.","#4 Nicholas Meis - QB","#39 Robert Moreira - RB",,"#20 David Cleghorn - RB","#42 Ronald Proctor - FB","#83 Russell Camarillo - TE",,"#14 Thomas Gonzales - WR",,,,,"#65 Nicholas Woods - RT","#72 Dennis Hamblin - LG","#74 Jon Miller - C","#85 Christopher Ball - LG","#59 Harold Costanza - RT",,"#68 Lemuel Gibson - LDE",,"#63 Kenneth Walsh - DT","#79 Mark So - DT","#60 George Sheehan - RDE",,"#53 Edward Lowe - MLB",,,"#35 Samuel Johnson - CB","#26 Troy Henriquez - CB","#59 Arthur Brown - WLB","#92 Jefferey Vallejo - WLB",,"#38 Kelly James - CB","#44 Tanner Ontiveros - CB",,,,,,,,,,,,,,,,,,,,,,,,,,,,,,,,,,,,
,0:00,,2,2,6,,,,17,6,"End of half.",,,,,,,,,,,,,,,,,,,,,,,,,,,,,,,,,,,,,,,,,,,,,,,,,,,,,,,,,,,,,,,,,,,,,,
FLA,15:00,"FLA 35",3,6,10,Kickoff,"Kick Return",,17,6,"(15:00) 9-Clyde Averill kicks 74 yards from FLA 35 to BOS -9. Touchback.",,,,,,,,,,,,,,,,,,,,,,,,,,,,,,,,,,,,,,"#11 Jean Shoemaker - WR",,"#59 Arthur Brown - WLB","#91 Andrew Medina - RDE","#63 Kenneth Walsh - DT","#99 Charles Harper - MLB","#89 Nicholas Kelley - TE","#44 Tanner Ontiveros - CB","#60 George Sheehan - RDE","#97 Alexander Shead - RDE","#95 Richard Kersten - RDE","#53 Edward Lowe - MLB","#9 Clyde Averill - K",,,,,,,,,,,,,,,,,,,,
BOS,15:00,"BOS 25",3,1,10,"Goal Line Normal HB Pitch Weak","Goal Line Attack #1",4,17,6,"1-10-BOS 25 (15:00) 36-Aaron Bush ran to BOS 29 for 4 yards. Tackle by 54-Tommy Evatt. BOS 36-Aaron Bush was injured on the play. He looks like he should be able to return.","#9 Leroy Payne - QB","#36 Aaron Bush - RB",,"#49 Stanley Barrett - FB","#46 Richard Shockey - FB","#89 Nicholas Kelley - TE","#83 David Herrington - TE",,,,,,"#67 Charles Curry - LT","#62 George Abercrombie - LG","#78 Harvey Graham - C","#51 Robert Roy - RG","#69 Michael Goodrich - RT",,"#71 Anthony Sokol - RDE","#98 George Yeager - LDE","#70 Erik Sherrill - DT","#64 Erik Cross - DT","#96 Shane Cox - RDE","#54 Tommy Evatt - SLB","#51 John Jones - MLB",,"#58 Jacob White - WLB","#50 James Huson - CB","#22 Terry Johnson - CB",,,,"#97 Stephen Stafford - WLB",,,,,,,,,,,,,,,,,,,,,,,,,,,,,,,,,,,,,
BOS,14:19,"BOS 29",3,2,6,"Shotgun Normal HB Delay","Nickel Normal Man Cover 2",3,17,6,"2-6-BOS 29 (14:18) 30-Clarence Valdez ran to BOS 32 for 3 yards. Tackle by 58-Jacob White. FLA 96-Shane Cox was injured on the play. He looks like he should be able to return. FLA 40-Paul Lasley was injured on the play. He looks like he should be able to return.","#9 Leroy Payne - QB","#30 Clarence Valdez - RB",,,,"#89 Nicholas Kelley - TE",,"#15 Danny Robinson - WR","#17 Kurt Conley - WR","#13 Ira Lozano - WR",,,"#67 Charles Curry - LT","#62 George Abercrombie - LG","#78 Harvey Graham - C","#51 Robert Roy - RG","#69 Michael Goodrich - RT",,"#71 Anthony Sokol - RDE",,"#70 Erik Sherrill - DT","#64 Erik Cross - DT","#96 Shane Cox - RDE",,"#51 John Jones - MLB",,"#58 Jacob White - WLB","#22 Terry Johnson - CB","#33 James Chapman - FS",,"#40 Paul Lasley - CB",,"#50 James Huson - CB","#26 Carl Barker - FS",,,,,,,,,,,,,,,,,,,,,,,,,,,,,,,,,,,,
BOS,13:37,"BOS 32",3,3,3,"Goal Line Normal HB Off Tackle","Goal Line Attack #1",3,17,6,"3-3-BOS 32 (13:36) 42-Nicholas Walker ran to BOS 35 for 3 yards. Tackle by 54-Tommy Evatt.","#9 Leroy Payne - QB","#42 Nicholas Walker - RB",,"#49 Stanley Barrett - FB","#46 Richard Shockey - FB","#89 Nicholas Kelley - TE","#83 David Herrington - TE",,,,,,"#67 Charles Curry - LT","#62 George Abercrombie - LG","#78 Harvey Graham - C","#51 Robert Roy - RG","#69 Michael Goodrich - RT",,"#71 Anthony Sokol - RDE","#98 George Yeager - LDE","#70 Erik Sherrill - DT","#64 Erik Cross - DT","#75 Carl Troutt - RDE","#54 Tommy Evatt - SLB","#51 John Jones - MLB",,"#58 Jacob White - WLB","#22 Terry Johnson - CB","#33 James Chapman - FS",,,,"#50 James Huson - CB",,,,,,,,,,,,,,,,,,,,,,,,,,,,,,,,,,,,,
BOS,12:54,"BOS 35",3,4,,Punt,"Punt Return",,17,6,"4-1-BOS 35 (12:53) 1-Eric Cooper punts 47 yards to FLA 18. Fair Catch by 80-Tom Lewis.",,,,,,,,,,,,,,,,,,"#1 Eric Cooper - P",,,,,,,,,,,,,,,,,,,"#78 Harvey Graham - C",,"#80 Tom Lewis - WR",,,"#75 Carl Troutt - RDE","#99 Michael Ewald - SLB","#50 James Huson - CB",,"#22 Terry Johnson - CB","#70 Erik Sherrill - DT",,"#60 Wesley Carr - DT",,,,"#69 Michael Goodrich - RT","#49 Stanley Barrett - FB","#72 Stephen Tye - C","#62 George Abercrombie - LG","#51 Robert Roy - RG","#67 Charles Curry - LT",,"#51 John Jones - MLB","#58 Jacob White - WLB","#71 Anthony Sokol - RDE","#64 Erik Cross - DT",,,,,,,
FLA,12:45,"FLA 18",3,1,10,"I Formation Normal HB Dive","Dime Normal Double WR1 WR2",28,17,6,"1-10-FLA 18 (12:46) 39-Robert Moreira ran to FLA 46 for 28 yards. Tackle by 35-Samuel Johnson.","#4 Nicholas Meis - QB","#39 Robert Moreira - RB",,,"#42 Ronald Proctor - FB","#83 Russell Camarillo - TE",,"#14 Thomas Gonzales - WR",,"#11 Don Aquirre - WR",,,"#66 Arthur Stoker - LG","#72 Dennis Hamblin - LG","#74 Jon Miller - C","#85 Christopher Ball - LG","#65 Nicholas Woods - RT",,"#68 Lemuel Gibson - LDE",,"#63 Kenneth Walsh - DT","#79 Mark So - DT","#60 George Sheehan - RDE",,"#53 Edward Lowe - MLB",,,"#44 Tanner Ontiveros - CB","#26 Troy Henriquez - CB","#59 Arthur Brown - WLB","#92 Jefferey Vallejo - WLB",,"#38 Kelly James - CB","#35 Samuel Johnson - CB",,,,,,,,,,,,,,,,,,,,,,,,,,,,,,,,,,,,
FLA,12:01,"FLA 46",3,1,10,"Strong I Big HB Toss Weak","Dime Normal Man Cover 1",14,17,6,"1-10-FLA 46 (12:00) 20-David Cleghorn ran to BOS 40 for 14 yards. Tackle by 44-Tanner Ontiveros.","#4 Nicholas Meis - QB","#20 David Cleghorn - RB",,,"#42 Ronald Proctor - FB","#83 Russell Camarillo - TE","#86 Melvin Simon - TE","#14 Thomas Gonzales - WR",,,,,"#65 Nicholas Woods - RT","#72 Dennis Hamblin - LG","#74 Jon Miller - C","#85 Christopher Ball - LG","#59 Harold Costanza - RT",,"#68 Lemuel Gibson - LDE",,"#63 Kenneth Walsh - DT","#79 Mark So - DT","#60 George Sheehan - RDE",,"#53 Edward Lowe - MLB",,,"#38 Kelly James - CB","#26 Troy Henriquez - CB","#59 Arthur Brown - WLB","#92 Jefferey Vallejo - WLB",,"#35 Samuel Johnson - CB","#44 Tanner Ontiveros - CB",,,,,,,,,,,,,,,,,,,,,,,,,,,,,,,,,,,,
FLA,11:16,"BOS 40",3,1,10,"Singleback Normal PA Rollout","Dime Flat 2 Deep Man Under",,17,6,"1-10-BOS 40 (11:15) 4-Nicholas Meis pass INTERCEPTED by 35-Samuel Johnson at BOS 31. 35-Samuel Johnson to BOS 32 for 0 yards. Tackle by 83-Russell Camarillo.","#4 Nicholas Meis - QB","#20 David Cleghorn - RB",,,,"#83 Russell Camarillo - TE",,"#14 Thomas Gonzales - WR","#16 Jeremiah Shanklin - WR","#11 Don Aquirre - WR",,,"#66 Arthur Stoker - LG","#72 Dennis Hamblin - LG","#74 Jon Miller - C","#85 Christopher Ball - LG","#65 Nicholas Woods - RT",,"#68 Lemuel Gibson - LDE",,"#63 Kenneth Walsh - DT","#79 Mark So - DT","#60 George Sheehan - RDE",,"#53 Edward Lowe - MLB",,,"#35 Samuel Johnson - CB","#26 Troy Henriquez - CB","#59 Arthur Brown - WLB","#92 Jefferey Vallejo - WLB",,"#38 Kelly James - CB","#44 Tanner Ontiveros - CB",,,,,,,,,,,,,,,,,,,,,,,,,,,,,,,,,,,,
BOS,11:10,"BOS 32",3,1,10,"I Formation Normal SE Post","4-3 Normal 3 Deep Zone Flat Left",,17,6,"1-10-BOS 32 (11:11) 9-Leroy Payne pass incomplete, intended for 89-Nicholas Kelley.","#9 Leroy Payne - QB","#30 Clarence Valdez - RB",,,"#46 Richard Shockey - FB","#89 Nicholas Kelley - TE",,"#15 Danny Robinson - WR",,"#13 Ira Lozano - WR",,,"#67 Charles Curry - LT","#62 George Abercrombie - LG","#78 Harvey Graham - C","#51 Robert Roy - RG","#69 Michael Goodrich - RT",,"#71 Anthony Sokol - RDE",,"#70 Erik Sherrill - DT","#64 Erik Cross - DT","#75 Carl Troutt - RDE","#54 Tommy Evatt - SLB","#51 John Jones - MLB",,"#58 Jacob White - WLB","#22 Terry Johnson - CB","#33 James Chapman - FS",,,,"#50 James Huson - CB","#26 Carl Barker - FS",,,,,,,,,,,,,,,,,,,,,,,,,,,,,,,,,,,,
BOS,11:07,"BOS 32",3,2,10,"Goal Line Normal HB Off Tackle","Goal Line Attack #1",4,17,6,"2-10-BOS 32 (11:08) 30-Clarence Valdez ran to BOS 36 for 4 yards. Tackle by 54-Tommy Evatt.","#9 Leroy Payne - QB","#30 Clarence Valdez - RB",,"#49 Stanley Barrett - FB","#46 Richard Shockey - FB","#89 Nicholas Kelley - TE","#83 David Herrington - TE",,,,,,"#67 Charles Curry - LT","#62 George Abercrombie - LG","#78 Harvey Graham - C","#51 Robert Roy - RG","#69 Michael Goodrich - RT",,"#71 Anthony Sokol - RDE","#98 George Yeager - LDE","#70 Erik Sherrill - DT","#64 Erik Cross - DT","#75 Carl Troutt - RDE","#54 Tommy Evatt - SLB","#51 John Jones - MLB",,"#58 Jacob White - WLB","#22 Terry Johnson - CB","#33 James Chapman - FS",,,,"#50 James Huson - CB",,,,,,,,,,,,,,,,,,,,,,,,,,,,,,,,,,,,,
BOS,10:26,"BOS 36",3,3,6,"Goal Line Normal HB Toss Strong","Goal Line Attack #1",-2,17,6,"3-6-BOS 36 (10:25) 42-Nicholas Walker ran to BOS 34 for -2 yards. Tackle by 54-Tommy Evatt.","#9 Leroy Payne - QB","#42 Nicholas Walker - RB",,"#49 Stanley Barrett - FB","#46 Richard Shockey - FB","#89 Nicholas Kelley - TE","#83 David Herrington - TE",,,,,,"#67 Charles Curry - LT","#62 George Abercrombie - LG","#78 Harvey Graham - C","#51 Robert Roy - RG","#69 Michael Goodrich - RT",,"#71 Anthony Sokol - RDE","#98 George Yeager - LDE","#70 Erik Sherrill - DT","#64 Erik Cross - DT","#75 Carl Troutt - RDE","#54 Tommy Evatt - SLB","#51 John Jones - MLB",,"#58 Jacob White - WLB","#22 Terry Johnson - CB","#33 James Chapman - FS",,,,"#50 James Huson - CB",,,,,,,,,,,,,,,,,,,,,,,,,,,,,,,,,,,,,
BOS,9:51,"BOS 34",3,4,8,Punt,"Punt Return",,17,6,"4-8-BOS 34 (9:50) 1-Eric Cooper punts 45 yards to FLA 21. 80-Tom Lewis to FLA 34 for 13 yards. Tackle by 60-George Sheehan. BOS 62-George Abercrombie was injured on the play. He looks like he should be able to return.",,,,,,,,,,,,,,,,,,"#1 Eric Cooper - P",,,,,,,,,,,,,,,,,,,"#78 Harvey Graham - C",,"#80 Tom Lewis - WR",,,"#75 Carl Troutt - RDE","#60 Wesley Carr - DT","#50 James Huson - CB",,"#22 Terry Johnson - CB","#70 Erik Sherrill - DT",,"#40 Paul Lasley - CB",,,,"#69 Michael Goodrich - RT","#49 Stanley Barrett - FB","#72 Stephen Tye - C","#62 George Abercrombie - LG","#51 Robert Roy - RG","#67 Charles Curry - LT",,"#51 John Jones - MLB","#58 Jacob White - WLB","#71 Anthony Sokol - RDE","#64 Erik Cross - DT",,,,,,,
FLA,9:40,"FLA 34",3,1,10,"I Formation 3WR WR Out","Dime Flat 2 Deep Man Under",,17,6,"1-10-FLA 34 (9:41) 4-Nicholas Meis pass Pass knocked down by 26-Troy Henriquez. incomplete, intended for 11-Don Aquirre.","#4 Nicholas Meis - QB","#39 Robert Moreira - RB",,,"#42 Ronald Proctor - FB",,,"#14 Thomas Gonzales - WR","#16 Jeremiah Shanklin - WR","#11 Don Aquirre - WR",,,"#65 Nicholas Woods - RT","#72 Dennis Hamblin - LG","#74 Jon Miller - C","#85 Christopher Ball - LG","#59 Harold Costanza - RT",,"#68 Lemuel Gibson - LDE",,"#79 Mark So - DT","#50 Conrad Shaw - DT","#97 Alexander Shead - RDE",,"#53 Edward Lowe - MLB",,,"#44 Tanner Ontiveros - CB","#26 Troy Henriquez - CB","#59 Arthur Brown - WLB","#92 Jefferey Vallejo - WLB",,"#38 Kelly James - CB","#35 Samuel Johnson - CB",,,,,,,,,,,,,,,,,,,,,,,,,,,,,,,,,,,,
FLA,9:37,"FLA 34",3,2,10,"I Formation 3WR WR Out","Dime Flat 2 Deep Man Under",,17,6,"2-10-FLA 34 (9:38) 4-Nicholas Meis pass Pass knocked down by 38-Kelly James. incomplete, intended for 14-Thomas Gonzales.","#4 Nicholas Meis - QB","#39 Robert Moreira - RB",,,"#42 Ronald Proctor - FB",,,"#14 Thomas Gonzales - WR","#16 Jeremiah Shanklin - WR","#11 Don Aquirre - WR",,,"#65 Nicholas Woods - RT","#72 Dennis Hamblin - LG","#74 Jon Miller - C","#85 Christopher Ball - LG","#59 Harold Costanza - RT",,"#68 Lemuel Gibson - LDE",,"#63 Kenneth Walsh - DT","#79 Mark So - DT","#60 George Sheehan - RDE",,"#53 Edward Lowe - MLB",,,"#38 Kelly James - CB","#26 Troy Henriquez - CB","#59 Arthur Brown - WLB","#92 Jefferey Vallejo - WLB",,"#44 Tanner Ontiveros - CB","#35 Samuel Johnson - CB",,,,,,,,,,,,,,,,,,,,,,,,,,,,,,,,,,,,
FLA,9:34,"FLA 34",3,3,10,"I Formation Normal SE Post","Dime Flat Man Cover 1",,17,6,"3-10-FLA 34 (9:35) 4-Nicholas Meis pass Pass knocked down by 38-Kelly James. incomplete, intended for 42-Ronald Proctor.","#4 Nicholas Meis - QB","#39 Robert Moreira - RB",,,"#42 Ronald Proctor - FB","#83 Russell Camarillo - TE",,"#14 Thomas Gonzales - WR",,"#11 Don Aquirre - WR",,,"#66 Arthur Stoker - LG","#72 Dennis Hamblin - LG","#74 Jon Miller - C","#85 Christopher Ball - LG","#65 Nicholas Woods - RT",,"#68 Lemuel Gibson - LDE",,"#63 Kenneth Walsh - DT","#79 Mark So - DT","#60 George Sheehan - RDE",,"#53 Edward Lowe - MLB",,,"#44 Tanner Ontiveros - CB","#26 Troy Henriquez - CB","#59 Arthur Brown - WLB","#92 Jefferey Vallejo - WLB",,"#38 Kelly James - CB","#35 Samuel Johnson - CB",,,,,,,,,,,,,,,,,,,,,,,,,,,,,,,,,,,,
FLA,9:29,"FLA 34",3,4,10,Punt,"Punt Return",65,17,6,"4-10-FLA 34 (9:30) 2-Christopher Wink punts 65 yards to BOS 1. BOS 68-Lemuel Gibson was injured on the play. He looks like he should be able to return.",,,,,,,,,,,,,,,,,,"#2 Christopher Wink - P",,,,,,,,,,,,,,,,,,,"#74 Jon Miller - C",,"#11 Jean Shoemaker - WR",,,"#60 George Sheehan - RDE","#44 Tanner Ontiveros - CB","#89 Nicholas Kelley - TE",,"#97 Alexander Shead - RDE","#99 Charles Harper - MLB",,"#91 Andrew Medina - RDE",,,,"#59 Harold Costanza - RT","#66 Arthur Stoker - LG","#42 Ronald Proctor - FB","#65 Nicholas Woods - RT","#85 Christopher Ball - LG","#72 Dennis Hamblin - LG",,"#50 Conrad Shaw - DT","#63 Kenneth Walsh - DT","#68 Lemuel Gibson - LDE","#53 Edward Lowe - MLB",,,,,,,
BOS,9:19,"BOS 1",3,1,10,"Shotgun Normal HB Delay","Nickel Normal SS Blitz",3,17,6,"1-10-BOS 1 (9:20) 30-Clarence Valdez ran to BOS 4 for 3 yards. Tackle by 51-John Jones. FLA 58-Jacob White was injured on the play. He looks like he should be able to return.","#9 Leroy Payne - QB","#30 Clarence Valdez - RB",,,,"#83 David Herrington - TE",,"#15 Danny Robinson - WR","#17 Kurt Conley - WR","#13 Ira Lozano - WR",,,"#67 Charles Curry - LT","#52 Robert Donaldson - LT","#78 Harvey Graham - C","#51 Robert Roy - RG","#69 Michael Goodrich - RT",,"#71 Anthony Sokol - RDE",,"#70 Erik Sherrill - DT","#64 Erik Cross - DT","#75 Carl Troutt - RDE",,"#51 John Jones - MLB",,"#58 Jacob White - WLB","#22 Terry Johnson - CB","#33 James Chapman - FS",,"#40 Paul Lasley - CB",,"#97 Stephen Stafford - WLB","#26 Carl Barker - FS",,,,,,,,,,,,,,,,,,,,,,,,,,,,,,,,,,,,
BOS,8:43,"BOS 4",3,2,7,"Shotgun 2 RB 3 WR FL Drag","Nickel Normal Man Cover 2",,17,6,"2-7-BOS 4 (8:42) 9-Leroy Payne pass complete to 42-Nicholas Walker to BOS 4 for a short gain. Tackle by 51-John Jones.","#9 Leroy Payne - QB","#42 Nicholas Walker - RB","#49 Stanley Barrett - FB",,,,,"#15 Danny Robinson - WR","#17 Kurt Conley - WR","#13 Ira Lozano - WR",,,"#67 Charles Curry - LT","#52 Robert Donaldson - LT","#78 Harvey Graham - C","#51 Robert Roy - RG","#69 Michael Goodrich - RT",,"#71 Anthony Sokol - RDE",,"#70 Erik Sherrill - DT","#64 Erik Cross - DT","#75 Carl Troutt - RDE",,"#51 John Jones - MLB",,"#53 Kenneth Harper - WLB","#22 Terry Johnson - CB","#33 James Chapman - FS",,"#40 Paul Lasley - CB",,"#97 Stephen Stafford - WLB","#26 Carl Barker - FS",,,,,,,,,,,,,,,,,,,,,,,,,,,,,,,,,,,,
BOS,8:06,"BOS 4",3,3,7,"I Formation Normal PA Outside Curls","4-3 Under Crowd Middle Deep Man",7,17,6,"3-7-BOS 4 (8:05) 9-Leroy Payne pass complete to 30-Clarence Valdez to BOS 11 for 7 yards. Tackle by 51-John Jones.","#9 Leroy Payne - QB","#30 Clarence Valdez - RB",,,"#46 Richard Shockey - FB","#89 Nicholas Kelley - TE",,"#15 Danny Robinson - WR",,"#17 Kurt Conley - WR",,,"#67 Charles Curry - LT","#52 Robert Donaldson - LT","#78 Harvey Graham - C","#51 Robert Roy - RG","#69 Michael Goodrich - RT",,"#71 Anthony Sokol - RDE",,"#70 Erik Sherrill - DT","#64 Erik Cross - DT","#96 Shane Cox - RDE","#54 Tommy Evatt - SLB","#51 John Jones - MLB",,"#53 Kenneth Harper - WLB","#22 Terry Johnson - CB","#33 James Chapman - FS",,,,"#97 Stephen Stafford - WLB","#26 Carl Barker - FS",,,,,,,,,,,,,,,,,,,,,,,,,,,,,,,,,,,,
BOS,7:29,"BOS 11",3,4,,Punt,"Punt Return",,17,6,"4-1-BOS 11 (7:28) 1-Eric Cooper punts 48 yards to FLA 41. 80-Tom Lewis to FLA 49 for 8 yards. Tackle by 89-Nicholas Kelley.",,,,,,,,,,,,,,,,,,"#1 Eric Cooper - P",,,,,,,,,,,,,,,,,,,"#89 Nicholas Kelley - TE",,"#80 Tom Lewis - WR",,,"#50 James Huson - CB","#40 Paul Lasley - CB","#96 Shane Cox - RDE",,"#75 Carl Troutt - RDE","#22 Terry Johnson - CB",,"#70 Erik Sherrill - DT",,,,"#69 Michael Goodrich - RT","#49 Stanley Barrett - FB","#72 Stephen Tye - C","#78 Harvey Graham - C","#51 Robert Roy - RG","#67 Charles Curry - LT",,"#60 Wesley Carr - DT","#71 Anthony Sokol - RDE","#64 Erik Cross - DT","#51 John Jones - MLB",,,,,,,
FLA,7:19,"FLA 49",3,1,10,"Goal Line Normal HB Dive","Dime Normal 2 Deep Man Under",8,17,6,"1-10-FLA 49 (7:20) 14-Thomas Gonzales ran to BOS 43 for 8 yards. Tackle by 59-Arthur Brown.","#4 Nicholas Meis - QB","#14 Thomas Gonzales - WR",,"#20 David Cleghorn - RB","#42 Ronald Proctor - FB","#83 Russell Camarillo - TE","#39 Robert Moreira - RB",,,,,,"#65 Nicholas Woods - RT","#72 Dennis Hamblin - LG","#74 Jon Miller - C","#85 Christopher Ball - LG","#59 Harold Costanza - RT",,"#68 Lemuel Gibson - LDE",,"#79 Mark So - DT","#50 Conrad Shaw - DT","#95 Richard Kersten - RDE",,"#53 Edward Lowe - MLB",,,"#44 Tanner Ontiveros - CB","#26 Troy Henriquez - CB","#59 Arthur Brown - WLB","#92 Jefferey Vallejo - WLB",,"#38 Kelly James - CB","#35 Samuel Johnson - CB",,,,,,,,,,,,,,,,,,,,,,,,,,,,,,,,,,,,
FLA,6:44,"BOS 43",3,2,2,"Goal Line Normal HB Outside Strong","Dime Normal Double WR1 WR2",4,17,6,"2-2-BOS 43 (6:43) 14-Thomas Gonzales ran to BOS 39 for 4 yards. Tackle by 53-Edward Lowe.","#4 Nicholas Meis - QB","#14 Thomas Gonzales - WR",,"#20 David Cleghorn - RB","#42 Ronald Proctor - FB","#83 Russell Camarillo - TE","#39 Robert Moreira - RB",,,,,,"#66 Arthur Stoker - LG","#72 Dennis Hamblin - LG","#74 Jon Miller - C","#85 Christopher Ball - LG","#65 Nicholas Woods - RT",,"#68 Lemuel Gibson - LDE",,"#63 Kenneth Walsh - DT","#79 Mark So - DT","#60 George Sheehan - RDE",,"#53 Edward Lowe - MLB",,,"#44 Tanner Ontiveros - CB","#26 Troy Henriquez - CB","#59 Arthur Brown - WLB","#92 Jefferey Vallejo - WLB",,"#38 Kelly James - CB","#35 Samuel Johnson - CB",,,,,,,,,,,,,,,,,,,,,,,,,,,,,,,,,,,,
FLA,6:12,"BOS 39",3,1,10,"Singleback Normal HB Dive Strong","Dime Normal Double WR1 WR2",24,17,6,"1-10-BOS 39 (6:11) 39-Robert Moreira ran to BOS 15 for 24 yards. Tackle by 44-Tanner Ontiveros.","#4 Nicholas Meis - QB","#39 Robert Moreira - RB",,,,"#83 Russell Camarillo - TE",,"#14 Thomas Gonzales - WR","#16 Jeremiah Shanklin - WR","#11 Don Aquirre - WR",,,"#65 Nicholas Woods - RT","#72 Dennis Hamblin - LG","#74 Jon Miller - C","#85 Christopher Ball - LG","#59 Harold Costanza - RT",,"#68 Lemuel Gibson - LDE",,"#63 Kenneth Walsh - DT","#79 Mark So - DT","#60 George Sheehan - RDE",,"#53 Edward Lowe - MLB",,,"#35 Samuel Johnson - CB","#26 Troy Henriquez - CB","#59 Arthur Brown - WLB","#92 Jefferey Vallejo - WLB",,"#38 Kelly James - CB","#44 Tanner Ontiveros - CB",,,,,,,,,,,,,,,,,,,,,,,,,,,,,,,,,,,,
FLA,5:34,"BOS 15",3,1,10,"Goal Line Normal HB Outside Strong","Dime Normal Double WR1 WR2",3,17,6,"1-10-BOS 15 (5:33) 14-Thomas Gonzales ran to BOS 12 for 3 yards. Tackle by 68-Lemuel Gibson.","#4 Nicholas Meis - QB","#14 Thomas Gonzales - WR",,"#20 David Cleghorn - RB","#42 Ronald Proctor - FB","#83 Russell Camarillo - TE","#86 Melvin Simon - TE",,,,,,"#65 Nicholas Woods - RT","#72 Dennis Hamblin - LG","#74 Jon Miller - C","#85 Christopher Ball - LG","#59 Harold Costanza - RT",,"#68 Lemuel Gibson - LDE",,"#63 Kenneth Walsh - DT","#79 Mark So - DT","#60 George Sheehan - RDE",,"#53 Edward Lowe - MLB",,,"#44 Tanner Ontiveros - CB","#26 Troy Henriquez - CB","#59 Arthur Brown - WLB","#92 Jefferey Vallejo - WLB",,"#38 Kelly James - CB","#35 Samuel Johnson - CB",,,,,,,,,,,,,,,,,,,,,,,,,,,,,,,,,,,,
FLA,5:01,"BOS 12",3,2,7,"I Formation Normal HB Dive","Dime Normal Man Cover 1",1,17,6,"2-7-BOS 12 (5:00) 20-David Cleghorn ran to BOS 10 for 1 yards. Tackle by 79-Mark So.","#4 Nicholas Meis - QB","#20 David Cleghorn - RB",,,"#42 Ronald Proctor - FB","#83 Russell Camarillo - TE",,"#14 Thomas Gonzales - WR",,"#11 Don Aquirre - WR",,,"#65 Nicholas Woods - RT","#72 Dennis Hamblin - LG","#74 Jon Miller - C","#85 Christopher Ball - LG","#59 Harold Costanza - RT",,"#68 Lemuel Gibson - LDE",,"#63 Kenneth Walsh - DT","#79 Mark So - DT","#60 George Sheehan - RDE",,"#53 Edward Lowe - MLB",,,"#38 Kelly James - CB","#26 Troy Henriquez - CB","#59 Arthur Brown - WLB","#92 Jefferey Vallejo - WLB",,"#35 Samuel Johnson - CB","#44 Tanner Ontiveros - CB",,,,,,,,,,,,,,,,,,,,,,,,,,,,,,,,,,,,
FLA,4:18,"BOS 10",3,3,5,"I Formation 3WR Slot Short WR Deep","Dime Flat 2 Deep Man Under",,17,6,"3-5-BOS 10 (4:17) 4-Nicholas Meis pass Pass knocked down by 92-Jefferey Vallejo. incomplete, intended for 16-Jeremiah Shanklin.","#4 Nicholas Meis - QB","#20 David Cleghorn - RB",,,"#42 Ronald Proctor - FB",,,"#14 Thomas Gonzales - WR","#16 Jeremiah Shanklin - WR","#11 Don Aquirre - WR",,,"#66 Arthur Stoker - LG","#72 Dennis Hamblin - LG","#74 Jon Miller - C","#85 Christopher Ball - LG","#65 Nicholas Woods - RT",,"#68 Lemuel Gibson - LDE",,"#63 Kenneth Walsh - DT","#79 Mark So - DT","#60 George Sheehan - RDE",,"#53 Edward Lowe - MLB",,,"#44 Tanner Ontiveros - CB","#26 Troy Henriquez - CB","#59 Arthur Brown - WLB","#92 Jefferey Vallejo - WLB",,"#38 Kelly James - CB","#35 Samuel Johnson - CB",,,,,,,,,,,,,,,,,,,,,,,,,,,,,,,,,,,,
FLA,4:13,"BOS 10",3,4,5,"Field Goal","FG Block",21,20,6,"4-5-BOS 10 (4:14) 9-Clyde Averill 29 yard field goal is GOOD. FLA 20 BOS 6",,,,,,,,,,,,,,,,,,,,,,,,,,,,,,,,,,,,"#4 Nicholas Meis - QB","#74 Jon Miller - C",,,,,,,,,,,,,,"#9 Clyde Averill - K","#63 Brian Jones - RT","#59 Harold Costanza - RT","#66 Arthur Stoker - LG","#42 Ronald Proctor - FB","#65 Nicholas Woods - RT","#85 Christopher Ball - LG","#72 Dennis Hamblin - LG","#83 Russell Camarillo - TE","#50 Conrad Shaw - DT","#63 Kenneth Walsh - DT","#68 Lemuel Gibson - LDE","#53 Edward Lowe - MLB","#79 Mark So - DT","#91 Andrew Medina - RDE","#95 Richard Kersten - RDE","#35 Samuel Johnson - CB","#92 Jefferey Vallejo - WLB","#60 George Sheehan - RDE","#99 Charles Harper - MLB"
FLA,4:10,"FLA 35",3,6,10,Kickoff,"Kick Return",,20,6,"(4:11) 9-Clyde Averill kicks 74 yards from FLA 35 to BOS -9. Touchback.",,,,,,,,,,,,,,,,,,,,,,,,,,,,,,,,,,,,,,"#11 Jean Shoemaker - WR",,"#59 Arthur Brown - WLB","#91 Andrew Medina - RDE","#63 Kenneth Walsh - DT","#99 Charles Harper - MLB","#89 Nicholas Kelley - TE","#44 Tanner Ontiveros - CB","#60 George Sheehan - RDE","#97 Alexander Shead - RDE","#95 Richard Kersten - RDE","#53 Edward Lowe - MLB","#9 Clyde Averill - K",,,,,,,,,,,,,,,,,,,,
BOS,4:10,"BOS 25",3,1,10,"I Formation Normal HB Dive","4-3 Normal OLB Blitz Outside",7,20,6,"1-10-BOS 25 (4:11) 30-Clarence Valdez ran to BOS 32 for 7 yards. Tackle by 50-James Huson. FLA 70-Erik Sherrill was injured on the play. He looks like he should be able to return.","#9 Leroy Payne - QB","#30 Clarence Valdez - RB",,,"#46 Richard Shockey - FB","#89 Nicholas Kelley - TE",,"#15 Danny Robinson - WR",,"#13 Ira Lozano - WR",,,"#67 Charles Curry - LT","#62 George Abercrombie - LG","#78 Harvey Graham - C","#51 Robert Roy - RG","#69 Michael Goodrich - RT",,"#71 Anthony Sokol - RDE",,"#70 Erik Sherrill - DT","#64 Erik Cross - DT","#96 Shane Cox - RDE","#54 Tommy Evatt - SLB","#51 John Jones - MLB",,"#58 Jacob White - WLB","#22 Terry Johnson - CB","#33 James Chapman - FS",,,,"#50 James Huson - CB","#26 Carl Barker - FS",,,,,,,,,,,,,,,,,,,,,,,,,,,,,,,,,,,,
BOS,3:37,"BOS 32",3,2,3,"Goal Line Normal HB Pitch Weak","Goal Line Attack #1",-4,20,6,"2-3-BOS 32 (3:36) 42-Nicholas Walker ran to BOS 28 for -4 yards. Tackle by 51-John Jones.","#9 Leroy Payne - QB","#42 Nicholas Walker - RB",,"#49 Stanley Barrett - FB","#46 Richard Shockey - FB","#89 Nicholas Kelley - TE","#83 David Herrington - TE",,,,,,"#67 Charles Curry - LT","#62 George Abercrombie - LG","#78 Harvey Graham - C","#51 Robert Roy - RG","#69 Michael Goodrich - RT",,"#71 Anthony Sokol - RDE","#98 George Yeager - LDE","#64 Erik Cross - DT","#60 Wesley Carr - DT","#96 Shane Cox - RDE","#54 Tommy Evatt - SLB","#51 John Jones - MLB",,"#58 Jacob White - WLB","#22 Terry Johnson - CB","#33 James Chapman - FS",,,,"#50 James Huson - CB",,,,,,,,,,,,,,,,,,,,,,,,,,,,,,,,,,,,,
BOS,2:56,"BOS 28",3,3,7,"I Formation Normal FL Hitch","4-3 Normal 3 Deep Zone Flat Left",1,20,6,"3-7-BOS 28 (2:55) 9-Leroy Payne pass complete to 15-Danny Robinson to BOS 29 for 1 yards. Tackle by 50-James Huson. FLA 96-Shane Cox was injured on the play. He looks like he should be able to return.","#9 Leroy Payne - QB","#42 Nicholas Walker - RB",,,"#46 Richard Shockey - FB","#89 Nicholas Kelley - TE",,"#15 Danny Robinson - WR",,"#13 Ira Lozano - WR",,,"#67 Charles Curry - LT","#62 George Abercrombie - LG","#78 Harvey Graham - C","#51 Robert Roy - RG","#69 Michael Goodrich - RT",,"#71 Anthony Sokol - RDE",,"#64 Erik Cross - DT","#60 Wesley Carr - DT","#96 Shane Cox - RDE","#54 Tommy Evatt - SLB","#51 John Jones - MLB",,"#58 Jacob White - WLB","#50 James Huson - CB","#22 Terry Johnson - CB",,,,"#97 Stephen Stafford - WLB","#26 Carl Barker - FS",,,,,,,,,,,,,,,,,,,,,,,,,,,,,,,,,,,,
BOS,2:17,"BOS 29",3,4,6,Punt,"Punt Return",,20,6,"4-6-BOS 29 (2:16) 1-Eric Cooper punts 42 yards to FLA 29. Fair Catch by 80-Tom Lewis.",,,,,,,,,,,,,,,,,,"#1 Eric Cooper - P",,,,,,,,,,,,,,,,,,,"#89 Nicholas Kelley - TE",,"#80 Tom Lewis - WR",,,"#22 Terry Johnson - CB","#99 Michael Ewald - SLB","#75 Carl Troutt - RDE",,"#40 Paul Lasley - CB","#60 Wesley Carr - DT",,"#50 James Huson - CB",,,,"#49 Stanley Barrett - FB","#51 Robert Roy - RG","#72 Stephen Tye - C","#78 Harvey Graham - C","#62 George Abercrombie - LG","#69 Michael Goodrich - RT",,"#51 John Jones - MLB","#58 Jacob White - WLB","#71 Anthony Sokol - RDE","#64 Erik Cross - DT",,,,,,,
FLA,2:09,"FLA 29",3,1,10,"Strong I Normal HB Sweep Strong","Dime Flat Man Cover 1",8,20,6,"1-10-FLA 29 (2:10) 39-Robert Moreira ran to FLA 37 for 8 yards. Tackle by 59-Arthur Brown.","#4 Nicholas Meis - QB","#39 Robert Moreira - RB",,,"#42 Ronald Proctor - FB","#83 Russell Camarillo - TE",,"#14 Thomas Gonzales - WR",,"#11 Don Aquirre - WR",,,"#65 Nicholas Woods - RT","#72 Dennis Hamblin - LG","#74 Jon Miller - C","#85 Christopher Ball - LG","#59 Harold Costanza - RT",,"#68 Lemuel Gibson - LDE",,"#63 Kenneth Walsh - DT","#79 Mark So - DT","#60 George Sheehan - RDE",,"#53 Edward Lowe - MLB",,,"#44 Tanner Ontiveros - CB","#26 Troy Henriquez - CB","#59 Arthur Brown - WLB","#92 Jefferey Vallejo - WLB",,"#38 Kelly James - CB","#35 Samuel Johnson - CB",,,,,,,,,,,,,,,,,,,,,,,,,,,,,,,,,,,,
FLA,1:32,"FLA 37",3,2,2,"I Formation Normal HB Counter","Dime Flat 2 Deep Man Under",1,20,6,"2-2-FLA 37 (1:31) 20-David Cleghorn ran to FLA 38 for 1 yards. 20-David Cleghorn FUMBLES (68-Lemuel Gibson) recovered by FLA-83-Russell Camarillo at FLA 38. Tackle by 44-Tanner Ontiveros.","#4 Nicholas Meis - QB","#20 David Cleghorn - RB",,,"#42 Ronald Proctor - FB","#83 Russell Camarillo - TE",,"#14 Thomas Gonzales - WR",,"#11 Don Aquirre - WR",,,"#66 Arthur Stoker - LG","#72 Dennis Hamblin - LG","#74 Jon Miller - C","#85 Christopher Ball - LG","#65 Nicholas Woods - RT",,"#68 Lemuel Gibson - LDE",,"#63 Kenneth Walsh - DT","#79 Mark So - DT","#60 George Sheehan - RDE",,"#53 Edward Lowe - MLB",,,"#38 Kelly James - CB","#26 Troy Henriquez - CB","#59 Arthur Brown - WLB","#92 Jefferey Vallejo - WLB",,"#44 Tanner Ontiveros - CB","#35 Samuel Johnson - CB",,,,,,,,,,,,,,,,,,,,,,,,,,,,,,,,,,,,
FLA,0:47,"FLA 38",3,3,1,"Goal Line Normal HB Dive","Dime Normal Double WR1 WR2",3,20,6,"3-1-FLA 38 (0:46) 14-Thomas Gonzales ran to FLA 41 for 3 yards. Tackle by 79-Mark So.","#4 Nicholas Meis - QB","#14 Thomas Gonzales - WR",,"#20 David Cleghorn - RB","#42 Ronald Proctor - FB","#83 Russell Camarillo - TE","#39 Robert Moreira - RB",,,,,,"#65 Nicholas Woods - RT","#72 Dennis Hamblin - LG","#74 Jon Miller - C","#85 Christopher Ball - LG","#59 Harold Costanza - RT",,"#68 Lemuel Gibson - LDE",,"#63 Kenneth Walsh - DT","#79 Mark So - DT","#60 George Sheehan - RDE",,"#53 Edward Lowe - MLB",,,"#38 Kelly James - CB","#26 Troy Henriquez - CB","#59 Arthur Brown - WLB","#92 Jefferey Vallejo - WLB",,"#35 Samuel Johnson - CB","#44 Tanner Ontiveros - CB",,,,,,,,,,,,,,,,,,,,,,,,,,,,,,,,,,,,
FLA,0:09,"FLA 41",3,1,10,"I Formation Normal HB Dive","Dime Normal 2 Deep Man Under",9,20,6,"1-10-FLA 41 (0:08) 39-Robert Moreira ran to FLA 49 for 9 yards. Tackle by 38-Kelly James.","#4 Nicholas Meis - QB","#39 Robert Moreira - RB",,,"#42 Ronald Proctor - FB","#83 Russell Camarillo - TE",,"#14 Thomas Gonzales - WR",,"#11 Don Aquirre - WR",,,"#66 Arthur Stoker - LG","#72 Dennis Hamblin - LG","#74 Jon Miller - C","#85 Christopher Ball - LG","#65 Nicholas Woods - RT",,"#68 Lemuel Gibson - LDE",,"#63 Kenneth Walsh - DT","#79 Mark So - DT","#60 George Sheehan - RDE",,"#53 Edward Lowe - MLB",,,"#35 Samuel Johnson - CB","#26 Troy Henriquez - CB","#59 Arthur Brown - WLB","#92 Jefferey Vallejo - WLB",,"#38 Kelly James - CB","#44 Tanner Ontiveros - CB",,,,,,,,,,,,,,,,,,,,,,,,,,,,,,,,,,,,
,0:00,,3,2,1,,,,20,6,"End of third quarter.",,,,,,,,,,,,,,,,,,,,,,,,,,,,,,,,,,,,,,,,,,,,,,,,,,,,,,,,,,,,,,,,,,,,,,
FLA,15:00,"FLA 49",4,2,1,"I Formation Normal SE Post","Dime Normal Man Cover 1",,20,6,"2-1-FLA 49 (15:00) 4-Nicholas Meis pass incomplete, dropped by 83-Russell Camarillo.","#4 Nicholas Meis - QB","#20 David Cleghorn - RB",,,"#42 Ronald Proctor - FB","#83 Russell Camarillo - TE",,"#11 Don Aquirre - WR",,"#16 Jeremiah Shanklin - WR",,,"#66 Arthur Stoker - LG","#72 Dennis Hamblin - LG","#74 Jon Miller - C","#85 Christopher Ball - LG","#65 Nicholas Woods - RT",,"#68 Lemuel Gibson - LDE",,"#63 Kenneth Walsh - DT","#79 Mark So - DT","#60 George Sheehan - RDE",,"#53 Edward Lowe - MLB",,,"#38 Kelly James - CB","#26 Troy Henriquez - CB","#59 Arthur Brown - WLB","#92 Jefferey Vallejo - WLB",,"#44 Tanner Ontiveros - CB","#35 Samuel Johnson - CB",,,,,,,,,,,,,,,,,,,,,,,,,,,,,,,,,,,,
FLA,14:55,"FLA 49",4,3,1,"Weak I Normal WR Corner TE Middle","Dime Normal 2 Deep Man Under",,20,6,"3-1-FLA 49 (14:56) 4-Nicholas Meis pass incomplete, intended for 83-Russell Camarillo.","#4 Nicholas Meis - QB","#39 Robert Moreira - RB",,,"#42 Ronald Proctor - FB","#83 Russell Camarillo - TE",,"#14 Thomas Gonzales - WR",,"#11 Don Aquirre - WR",,,"#65 Nicholas Woods - RT","#72 Dennis Hamblin - LG","#74 Jon Miller - C","#85 Christopher Ball - LG","#59 Harold Costanza - RT",,"#68 Lemuel Gibson - LDE",,"#63 Kenneth Walsh - DT","#79 Mark So - DT","#60 George Sheehan - RDE",,"#53 Edward Lowe - MLB",,,"#35 Samuel Johnson - CB","#26 Troy Henriquez - CB","#59 Arthur Brown - WLB","#92 Jefferey Vallejo - WLB",,"#38 Kelly James - CB","#44 Tanner Ontiveros - CB",,,,,,,,,,,,,,,,,,,,,,,,,,,,,,,,,,,,
FLA,14:52,"FLA 49",4,4,1,Punt,"Punt Return",49,20,6,"4-1-FLA 49 (14:53) 2-Christopher Wink punts 49 yards to BOS 2. BOS 91-Andrew Medina was injured on the play.",,,,,,,,,,,,,,,,,,"#2 Christopher Wink - P",,,,,,,,,,,,,,,,,,,"#74 Jon Miller - C",,"#11 Jean Shoemaker - WR",,,"#60 George Sheehan - RDE","#44 Tanner Ontiveros - CB","#89 Nicholas Kelley - TE",,"#97 Alexander Shead - RDE","#99 Charles Harper - MLB",,"#91 Andrew Medina - RDE",,,,"#59 Harold Costanza - RT","#66 Arthur Stoker - LG","#42 Ronald Proctor - FB","#65 Nicholas Woods - RT","#85 Christopher Ball - LG","#72 Dennis Hamblin - LG",,"#50 Conrad Shaw - DT","#63 Kenneth Walsh - DT","#68 Lemuel Gibson - LDE","#53 Edward Lowe - MLB",,,,,,,
BOS,14:43,"BOS 2",4,1,10,"I Formation Power Play Action HB Downfield","Goal Line Attack #1",9,20,6,"1-10-BOS 2 (14:44) 9-Leroy Payne pass complete to 83-David Herrington to BOS 11 for 9 yards. Tackle by 40-Paul Lasley.","#9 Leroy Payne - QB","#30 Clarence Valdez - RB",,"#49 Stanley Barrett - FB","#46 Richard Shockey - FB","#83 David Herrington - TE",,"#15 Danny Robinson - WR",,,,,"#67 Charles Curry - LT","#62 George Abercrombie - LG","#78 Harvey Graham - C","#51 Robert Roy - RG","#69 Michael Goodrich - RT",,"#98 George Yeager - LDE","#60 Wesley Carr - DT","#70 Erik Sherrill - DT","#64 Erik Cross - DT","#71 Anthony Sokol - RDE","#54 Tommy Evatt - SLB","#51 John Jones - MLB",,"#58 Jacob White - WLB","#33 James Chapman - FS","#40 Paul Lasley - CB",,,,"#97 Stephen Stafford - WLB",,,,,,,,,,,,,,,,,,,,,,,,,,,,,,,,,,,,,
BOS,14:07,"BOS 11",4,2,1,"Goal Line Normal HB Dive","Goal Line Attack #1",2,20,6,"2-1-BOS 11 (14:06) 42-Nicholas Walker ran to BOS 13 for 2 yards. Tackle by 71-Anthony Sokol.","#9 Leroy Payne - QB","#42 Nicholas Walker - RB",,"#49 Stanley Barrett - FB","#46 Richard Shockey - FB","#89 Nicholas Kelley - TE","#83 David Herrington - TE",,,,,,"#67 Charles Curry - LT","#62 George Abercrombie - LG","#78 Harvey Graham - C","#51 Robert Roy - RG","#69 Michael Goodrich - RT",,"#71 Anthony Sokol - RDE","#98 George Yeager - LDE","#70 Erik Sherrill - DT","#60 Wesley Carr - DT","#64 Erik Cross - DT","#54 Tommy Evatt - SLB","#51 John Jones - MLB",,"#58 Jacob White - WLB","#22 Terry Johnson - CB","#33 James Chapman - FS",,,,"#97 Stephen Stafford - WLB",,,,,,,,,,,,,,,,,,,,,,,,,,,,,,,,,,,,,
BOS,13:32,"BOS 13",4,1,10,"I Formation Normal HB Blast","4-3 Normal Double WR3",5,20,6,"1-10-BOS 13 (13:31) 42-Nicholas Walker ran to BOS 18 for 5 yards. Tackle by 50-James Huson.","#9 Leroy Payne - QB","#42 Nicholas Walker - RB",,,"#46 Richard Shockey - FB","#89 Nicholas Kelley - TE",,"#15 Danny Robinson - WR",,"#13 Ira Lozano - WR",,,"#67 Charles Curry - LT","#62 George Abercrombie - LG","#78 Harvey Graham - C","#51 Robert Roy - RG","#69 Michael Goodrich - RT",,"#71 Anthony Sokol - RDE",,"#70 Erik Sherrill - DT","#64 Erik Cross - DT","#75 Carl Troutt - RDE","#54 Tommy Evatt - SLB","#51 John Jones - MLB",,"#58 Jacob White - WLB","#22 Terry Johnson - CB","#33 James Chapman - FS",,,,"#50 James Huson - CB","#26 Carl Barker - FS",,,,,,,,,,,,,,,,,,,,,,,,,,,,,,,,,,,,
BOS,12:56,"BOS 18",4,2,5,"Shotgun 2 RB 3 WR WR Curl","Nickel Normal SS Blitz",6,20,6,"2-5-BOS 18 (12:55) 9-Leroy Payne pass complete to 13-Ira Lozano to BOS 24 for 6 yards. Tackle by 33-James Chapman. PENALTY - Pass Interference (FLA 33-James Chapman) (Declined)","#9 Leroy Payne - QB","#30 Clarence Valdez - RB","#49 Stanley Barrett - FB",,,,,"#15 Danny Robinson - WR","#17 Kurt Conley - WR","#13 Ira Lozano - WR",,,"#67 Charles Curry - LT","#62 George Abercrombie - LG","#78 Harvey Graham - C","#51 Robert Roy - RG","#69 Michael Goodrich - RT",,"#71 Anthony Sokol - RDE",,"#70 Erik Sherrill - DT","#64 Erik Cross - DT","#75 Carl Troutt - RDE",,"#51 John Jones - MLB",,"#58 Jacob White - WLB","#22 Terry Johnson - CB","#33 James Chapman - FS",,"#40 Paul Lasley - CB",,"#50 James Huson - CB","#26 Carl Barker - FS",,,,,,,,,,,,,,,,,,,,,,,,,,,,,,,,,,,,
BOS,12:50,"BOS 24",4,1,10,"I Formation Normal HB Dive","4-3 Normal OLB Blitz Inside",5,20,6,"1-10-BOS 24 (12:51) 42-Nicholas Walker ran to BOS 30 for 5 yards. Tackle by 26-Carl Barker. BOS 17-Kurt Conley was injured on the play.","#9 Leroy Payne - QB","#42 Nicholas Walker - RB",,,"#46 Richard Shockey - FB","#89 Nicholas Kelley - TE",,"#13 Ira Lozano - WR",,"#17 Kurt Conley - WR",,,"#67 Charles Curry - LT","#62 George Abercrombie - LG","#78 Harvey Graham - C","#51 Robert Roy - RG","#69 Michael Goodrich - RT",,"#71 Anthony Sokol - RDE",,"#70 Erik Sherrill - DT","#64 Erik Cross - DT","#96 Shane Cox - RDE","#54 Tommy Evatt - SLB","#51 John Jones - MLB",,"#58 Jacob White - WLB","#50 James Huson - CB","#33 James Chapman - FS",,,,"#97 Stephen Stafford - WLB","#26 Carl Barker - FS",,,,,,,,,,,,,,,,,,,,,,,,,,,,,,,,,,,,
BOS,12:12,"BOS 30",4,2,5,"I Formation Normal HB Dive","4-3 Normal SLB Middle Blitz",1,20,6,"2-5-BOS 30 (12:11) 30-Clarence Valdez ran to BOS 31 for 1 yards. Tackle by 64-Erik Cross. FLA 64-Erik Cross was injured on the play.","#9 Leroy Payne - QB","#30 Clarence Valdez - RB",,,"#46 Richard Shockey - FB","#89 Nicholas Kelley - TE",,"#15 Danny Robinson - WR",,"#13 Ira Lozano - WR",,,"#67 Charles Curry - LT","#62 George Abercrombie - LG","#78 Harvey Graham - C","#51 Robert Roy - RG","#69 Michael Goodrich - RT",,"#71 Anthony Sokol - RDE",,"#70 Erik Sherrill - DT","#64 Erik Cross - DT","#96 Shane Cox - RDE","#54 Tommy Evatt - SLB","#51 John Jones - MLB",,"#58 Jacob White - WLB","#50 James Huson - CB","#22 Terry Johnson - CB",,,,"#97 Stephen Stafford - WLB","#26 Carl Barker - FS",,,,,,,,,,,,,,,,,,,,,,,,,,,,,,,,,,,,
BOS,11:36,"BOS 31",4,3,3,"Goal Line Normal PA TE Drag","Goal Line Attack #1",3,20,6,"3-3-BOS 31 (11:35) 9-Leroy Payne pass complete to 89-Nicholas Kelley to BOS 35 for 3 yards. Tackle by 50-James Huson.","#9 Leroy Payne - QB","#42 Nicholas Walker - RB",,"#49 Stanley Barrett - FB","#46 Richard Shockey - FB","#89 Nicholas Kelley - TE","#83 David Herrington - TE",,,,,,"#67 Charles Curry - LT","#62 George Abercrombie - LG","#78 Harvey Graham - C","#51 Robert Roy - RG","#69 Michael Goodrich - RT",,"#71 Anthony Sokol - RDE","#98 George Yeager - LDE","#70 Erik Sherrill - DT","#60 Wesley Carr - DT","#96 Shane Cox - RDE","#54 Tommy Evatt - SLB","#51 John Jones - MLB",,"#58 Jacob White - WLB","#50 James Huson - CB","#22 Terry Johnson - CB",,,,"#97 Stephen Stafford - WLB",,,,,,,,,,,,,,,,,,,,,,,,,,,,,,,,,,,,,
BOS,11:03,"BOS 35",4,1,10,"I Formation Normal PA Outside Curls","4-3 Under Inside LB Blitz",4,20,6,"1-10-BOS 35 (11:02) 9-Leroy Payne pass complete to 30-Clarence Valdez to BOS 39 for 4 yards. Tackle by 70-Erik Sherrill.","#9 Leroy Payne - QB","#30 Clarence Valdez - RB",,,"#46 Richard Shockey - FB","#89 Nicholas Kelley - TE",,"#15 Danny Robinson - WR",,"#13 Ira Lozano - WR",,,"#67 Charles Curry - LT","#62 George Abercrombie - LG","#78 Harvey Graham - C","#51 Robert Roy - RG","#69 Michael Goodrich - RT",,"#71 Anthony Sokol - RDE",,"#70 Erik Sherrill - DT","#60 Wesley Carr - DT","#96 Shane Cox - RDE","#54 Tommy Evatt - SLB","#51 John Jones - MLB",,"#58 Jacob White - WLB","#50 James Huson - CB","#22 Terry Johnson - CB",,,,"#97 Stephen Stafford - WLB","#26 Carl Barker - FS",,,,,,,,,,,,,,,,,,,,,,,,,,,,,,,,,,,,
BOS,10:19,"BOS 39",4,2,6,"Shotgun 2 RB 3 WR RB Curls","Nickel Normal Man Cover 2",,20,6,"2-6-BOS 39 (10:18) 9-Leroy Payne pass Pass knocked down by 51-John Jones. incomplete, intended for 42-Nicholas Walker. 58-Jacob White got away with a hold on that play.","#9 Leroy Payne - QB","#42 Nicholas Walker - RB","#49 Stanley Barrett - FB",,,,,"#15 Danny Robinson - WR","#85 Rodolfo Lyons - WR","#13 Ira Lozano - WR",,,"#67 Charles Curry - LT","#62 George Abercrombie - LG","#78 Harvey Graham - C","#51 Robert Roy - RG","#69 Michael Goodrich - RT",,"#71 Anthony Sokol - RDE",,"#70 Erik Sherrill - DT","#60 Wesley Carr - DT","#96 Shane Cox - RDE",,"#51 John Jones - MLB",,"#58 Jacob White - WLB","#50 James Huson - CB","#22 Terry Johnson - CB",,"#33 James Chapman - FS",,"#97 Stephen Stafford - WLB","#26 Carl Barker - FS",,,,,,,,,,,,,,,,,,,,,,,,,,,,,,,,,,,,
BOS,10:13,"BOS 39",4,3,6,"I Formation Normal HB Dive","4-3 Normal WLB Outside Blitz",1,20,6,"3-6-BOS 39 (10:14) 30-Clarence Valdez ran to BOS 40 for 1 yards. Tackle by 60-Wesley Carr.","#9 Leroy Payne - QB","#30 Clarence Valdez - RB",,,"#46 Richard Shockey - FB","#89 Nicholas Kelley - TE",,"#10 Robert Sandler - WR",,"#11 Jean Shoemaker - WR",,,"#67 Charles Curry - LT","#62 George Abercrombie - LG","#78 Harvey Graham - C","#51 Robert Roy - RG","#69 Michael Goodrich - RT",,"#71 Anthony Sokol - RDE",,"#70 Erik Sherrill - DT","#60 Wesley Carr - DT","#96 Shane Cox - RDE","#54 Tommy Evatt - SLB","#51 John Jones - MLB",,"#58 Jacob White - WLB","#22 Terry Johnson - CB","#33 James Chapman - FS",,,,"#50 James Huson - CB","#26 Carl Barker - FS",,,,,,,,,,,,,,,,,,,,,,,,,,,,,,,,,,,,
BOS,9:41,"BOS 40",4,4,5,Punt,"Punt Return",,20,6,"4-5-BOS 40 (9:40) 1-Eric Cooper punts 48 yards to FLA 12. 80-Tom Lewis to FLA 21 for 9 yards. Tackle by 60-George Sheehan. FLA 50-James Huson was injured on the play.",,,,,,,,,,,,,,,,,,"#1 Eric Cooper - P",,,,,,,,,,,,,,,,,,,"#89 Nicholas Kelley - TE",,"#80 Tom Lewis - WR",,,"#75 Carl Troutt - RDE","#60 Wesley Carr - DT","#50 James Huson - CB",,"#22 Terry Johnson - CB","#70 Erik Sherrill - DT",,"#40 Paul Lasley - CB",,,,"#49 Stanley Barrett - FB","#51 Robert Roy - RG","#72 Stephen Tye - C","#78 Harvey Graham - C","#62 George Abercrombie - LG","#69 Michael Goodrich - RT",,"#51 John Jones - MLB","#96 Shane Cox - RDE","#58 Jacob White - WLB","#71 Anthony Sokol - RDE",,,,,,,
FLA,9:30,"FLA 21",4,1,10,"I Formation Power HB Draw","Dime Flat 2 Deep Man Under",2,20,6,"1-10-FLA 21 (9:31) 39-Robert Moreira ran to FLA 23 for 2 yards. Tackle by 79-Mark So. BOS 59-Arthur Brown was injured on the play.","#4 Nicholas Meis - QB","#39 Robert Moreira - RB",,"#20 David Cleghorn - RB","#42 Ronald Proctor - FB","#83 Russell Camarillo - TE",,"#14 Thomas Gonzales - WR",,,,,"#66 Arthur Stoker - LG","#72 Dennis Hamblin - LG","#74 Jon Miller - C","#85 Christopher Ball - LG","#65 Nicholas Woods - RT",,"#68 Lemuel Gibson - LDE",,"#63 Kenneth Walsh - DT","#79 Mark So - DT","#95 Richard Kersten - RDE",,"#53 Edward Lowe - MLB",,,"#44 Tanner Ontiveros - CB","#26 Troy Henriquez - CB","#59 Arthur Brown - WLB","#92 Jefferey Vallejo - WLB",,"#38 Kelly James - CB","#35 Samuel Johnson - CB",,,,,,,,,,,,,,,,,,,,,,,,,,,,,,,,,,,,
FLA,8:50,"FLA 23",4,2,8,"Split Backs 3 Wide Slot Post","Dime Normal Double WR1 WR2",,20,6,"2-8-FLA 23 (8:49) 4-Nicholas Meis pass Pass knocked down by 26-Troy Henriquez. incomplete, intended for 11-Don Aquirre. 44-Tanner Ontiveros got away with a hold on that play.","#4 Nicholas Meis - QB","#39 Robert Moreira - RB",,,"#42 Ronald Proctor - FB",,,"#14 Thomas Gonzales - WR","#16 Jeremiah Shanklin - WR","#11 Don Aquirre - WR",,,"#66 Arthur Stoker - LG","#72 Dennis Hamblin - LG","#74 Jon Miller - C","#85 Christopher Ball - LG","#65 Nicholas Woods - RT",,"#68 Lemuel Gibson - LDE",,"#63 Kenneth Walsh - DT","#79 Mark So - DT","#60 George Sheehan - RDE",,"#53 Edward Lowe - MLB",,,"#38 Kelly James - CB","#26 Troy Henriquez - CB","#56 David Crowley - SLB","#92 Jefferey Vallejo - WLB",,"#35 Samuel Johnson - CB","#44 Tanner Ontiveros - CB",,,,,,,,,,,,,,,,,,,,,,,,,,,,,,,,,,,,
FLA,8:45,"FLA 23",4,3,8,"I Formation Normal SE Post","Dime Flat 2 Deep Man Under",,20,6,"3-8-FLA 23 (8:46) 4-Nicholas Meis sacked at FLA 14 for -9 yards (60-George Sheehan). Sack allowed by 66-Arthur Stoker. 4-Nicholas Meis FUMBLES (60-George Sheehan) recovered by BOS-60-George Sheehan to FLA 10 for 1 yards. BOS 63-Kenneth Walsh was injured on the play.","#4 Nicholas Meis - QB","#20 David Cleghorn - RB",,,"#42 Ronald Proctor - FB","#83 Russell Camarillo - TE",,"#14 Thomas Gonzales - WR",,"#11 Don Aquirre - WR",,,"#66 Arthur Stoker - LG","#72 Dennis Hamblin - LG","#74 Jon Miller - C","#85 Christopher Ball - LG","#65 Nicholas Woods - RT",,"#68 Lemuel Gibson - LDE",,"#63 Kenneth Walsh - DT","#79 Mark So - DT","#60 George Sheehan - RDE",,"#53 Edward Lowe - MLB",,,"#38 Kelly James - CB","#26 Troy Henriquez - CB","#56 David Crowley - SLB","#92 Jefferey Vallejo - WLB",,"#44 Tanner Ontiveros - CB","#35 Samuel Johnson - CB",,,,,,,,,,,,,,,,,,,,,,,,,,,,,,,,,,,,
BOS,8:39,"FLA 10",4,1,10,"Goal Line Normal HB Pitch Weak","Goal Line Attack #1",2,20,6,"1-10-FLA 10 (8:40) 42-Nicholas Walker ran to FLA 8 for 2 yards. Tackle by 51-John Jones.","#9 Leroy Payne - QB","#42 Nicholas Walker - RB",,"#49 Stanley Barrett - FB","#46 Richard Shockey - FB","#89 Nicholas Kelley - TE","#83 David Herrington - TE",,,,,,"#67 Charles Curry - LT","#62 George Abercrombie - LG","#78 Harvey Graham - C","#51 Robert Roy - RG","#69 Michael Goodrich - RT",,"#71 Anthony Sokol - RDE","#98 George Yeager - LDE","#70 Erik Sherrill - DT","#64 Erik Cross - DT","#96 Shane Cox - RDE","#54 Tommy Evatt - SLB","#51 John Jones - MLB",,"#58 Jacob White - WLB","#50 James Huson - CB","#22 Terry Johnson - CB",,,,"#97 Stephen Stafford - WLB",,,,,,,,,,,,,,,,,,,,,,,,,,,,,,,,,,,,,
BOS,8:04,"FLA 8",4,2,8,"Goal Line Normal HB Weak","Goal Line Attack #1",6,20,6,"2-8-FLA 8 (8:03) 49-Stanley Barrett ran to FLA 2 for 6 yards. Tackle by 33-James Chapman.","#9 Leroy Payne - QB","#49 Stanley Barrett - FB",,"#30 Clarence Valdez - RB","#46 Richard Shockey - FB","#89 Nicholas Kelley - TE","#83 David Herrington - TE",,,,,,"#67 Charles Curry - LT","#62 George Abercrombie - LG","#78 Harvey Graham - C","#51 Robert Roy - RG","#69 Michael Goodrich - RT",,"#71 Anthony Sokol - RDE","#98 George Yeager - LDE","#70 Erik Sherrill - DT","#64 Erik Cross - DT","#96 Shane Cox - RDE","#54 Tommy Evatt - SLB","#51 John Jones - MLB",,"#58 Jacob White - WLB","#22 Terry Johnson - CB","#33 James Chapman - FS",,,,"#50 James Huson - CB",,,,,,,,,,,,,,,,,,,,,,,,,,,,,,,,,,,,,
BOS,7:45,"FLA 2",4,3,1,"I Formation Normal FL Hitch","4-3 Normal SLB Middle Blitz",,20,6,"3-1-FLA 2 (7:44) 9-Leroy Payne pass Pass knocked down by 22-Terry Johnson. incomplete, intended for 15-Danny Robinson.","#9 Leroy Payne - QB","#42 Nicholas Walker - RB",,,"#46 Richard Shockey - FB","#89 Nicholas Kelley - TE",,"#15 Danny Robinson - WR",,"#13 Ira Lozano - WR",,,"#67 Charles Curry - LT","#62 George Abercrombie - LG","#78 Harvey Graham - C","#51 Robert Roy - RG","#69 Michael Goodrich - RT",,"#71 Anthony Sokol - RDE",,"#70 Erik Sherrill - DT","#64 Erik Cross - DT","#96 Shane Cox - RDE","#54 Tommy Evatt - SLB","#51 John Jones - MLB",,"#58 Jacob White - WLB","#22 Terry Johnson - CB","#33 James Chapman - FS",,,,"#50 James Huson - CB","#26 Carl Barker - FS",,,,,,,,,,,,,,,,,,,,,,,,,,,,,,,,,,,,
BOS,7:40,"FLA 2",4,4,1,"Goal Line Normal HB Weak","Goal Line Attack #1",2,20,12,"4-1-FLA 2 (7:41) 42-Nicholas Walker ran to FLA 0 for 2 yards. TOUCHDOWN! PENALTY - Offsides (FLA 50-James Huson) (Declined) FLA 20 BOS 12","#9 Leroy Payne - QB","#42 Nicholas Walker - RB",,"#49 Stanley Barrett - FB","#46 Richard Shockey - FB","#89 Nicholas Kelley - TE","#83 David Herrington - TE",,,,,,"#67 Charles Curry - LT","#62 George Abercrombie - LG","#78 Harvey Graham - C","#51 Robert Roy - RG","#69 Michael Goodrich - RT",,"#71 Anthony Sokol - RDE","#98 George Yeager - LDE","#70 Erik Sherrill - DT","#64 Erik Cross - DT","#96 Shane Cox - RDE","#54 Tommy Evatt - SLB","#51 John Jones - MLB",,"#58 Jacob White - WLB","#50 James Huson - CB","#22 Terry Johnson - CB",,,,"#97 Stephen Stafford - WLB",,,,,,,,,,,,,,,,,,,,,,,,,,,,,,,,,,,,,
BOS,7:38,"FLA 15",4,7,15,"Field Goal","FG Block",25,20,13,"(7:39) Extra point GOOD by 16-Felipe Norfleet. FLA 20 BOS 13",,,,,,,,,,,,,,,,,,,,,,,,,,,,,,,,,,,,"#89 Nicholas Kelley - TE","#72 Stephen Tye - C",,,,,,,,,,,,,,"#16 Felipe Norfleet - K","#97 Alexander Shead - RDE","#67 Charles Curry - LT","#69 Michael Goodrich - RT","#78 Harvey Graham - C","#62 George Abercrombie - LG","#51 Robert Roy - RG","#46 Richard Shockey - FB","#83 David Herrington - TE","#64 Erik Cross - DT","#96 Shane Cox - RDE","#58 Jacob White - WLB","#71 Anthony Sokol - RDE","#33 James Chapman - FS","#55 Mark McFadden - WLB","#52 Jose Brown - MLB","#60 Wesley Carr - DT","#51 John Jones - MLB","#70 Erik Sherrill - DT","#40 Paul Lasley - CB"
BOS,7:38,"BOS 35",4,6,10,Kickoff,"Kick Return",,20,13,"(7:39) 16-Felipe Norfleet kicks 75 yards from BOS 35 to FLA -10. Touchback.",,,,,,,,,,,,,,,,,,,,,,,,,,,,,,,,,,,,,,"#80 Tom Lewis - WR",,"#71 Anthony Sokol - RDE","#40 Paul Lasley - CB","#50 James Huson - CB","#64 Erik Cross - DT","#96 Shane Cox - RDE","#60 Wesley Carr - DT","#75 Carl Troutt - RDE","#22 Terry Johnson - CB","#51 John Jones - MLB","#70 Erik Sherrill - DT","#16 Felipe Norfleet - K",,,,,,,,,,,,,,,,,,,,
FLA,7:38,"FLA 25",4,1,10,"I Formation Power PA Flats","Dime Normal Man Cover 1",9,20,13,"1-10-FLA 25 (7:39) 4-Nicholas Meis pass complete to 83-Russell Camarillo to FLA 34 for 9 yards. 83-Russell Camarillo made a great move on the CB.","#4 Nicholas Meis - QB","#39 Robert Moreira - RB",,"#20 David Cleghorn - RB","#42 Ronald Proctor - FB","#83 Russell Camarillo - TE",,"#14 Thomas Gonzales - WR",,,,,"#65 Nicholas Woods - RT","#72 Dennis Hamblin - LG","#74 Jon Miller - C","#85 Christopher Ball - LG","#59 Harold Costanza - RT",,"#68 Lemuel Gibson - LDE",,"#79 Mark So - DT","#50 Conrad Shaw - DT","#60 George Sheehan - RDE",,"#53 Edward Lowe - MLB",,,"#38 Kelly James - CB","#26 Troy Henriquez - CB","#59 Arthur Brown - WLB","#92 Jefferey Vallejo - WLB",,"#44 Tanner Ontiveros - CB","#35 Samuel Johnson - CB",,,,,,,,,,,,,,,,,,,,,,,,,,,,,,,,,,,,
FLA,6:52,"FLA 34",4,2,1,"I Formation Power HB Draw","Dime Flat 2 Deep Man Under",1,20,13,"2-1-FLA 34 (6:51) 20-David Cleghorn ran to FLA 34 for 1 yards. Tackle by 50-Conrad Shaw.","#4 Nicholas Meis - QB","#20 David Cleghorn - RB",,"#39 Robert Moreira - RB","#42 Ronald Proctor - FB","#83 Russell Camarillo - TE",,"#14 Thomas Gonzales - WR",,,,,"#65 Nicholas Woods - RT","#72 Dennis Hamblin - LG","#74 Jon Miller - C","#85 Christopher Ball - LG","#59 Harold Costanza - RT",,"#68 Lemuel Gibson - LDE",,"#79 Mark So - DT","#50 Conrad Shaw - DT","#60 George Sheehan - RDE",,"#99 Charles Harper - MLB",,,"#38 Kelly James - CB","#44 Tanner Ontiveros - CB","#56 David Crowley - SLB","#92 Jefferey Vallejo - WLB",,"#35 Samuel Johnson - CB","#26 Troy Henriquez - CB",,,,,,,,,,,,,,,,,,,,,,,,,,,,,,,,,,,,
FLA,6:15,"FLA 34",4,3,1,"Strong I Big HB Toss Weak","Dime Flat 2 Deep Man Under",13,20,13,"3-1-FLA 34 (6:14) 20-David Cleghorn ran to FLA 48 for 13 yards. Tackle by 79-Mark So. BOS 35-Samuel Johnson was injured on the play. PENALTY - Offsides (BOS 60-George Sheehan) (Declined)","#4 Nicholas Meis - QB","#20 David Cleghorn - RB",,,"#42 Ronald Proctor - FB","#83 Russell Camarillo - TE","#86 Melvin Simon - TE","#14 Thomas Gonzales - WR",,,,,"#65 Nicholas Woods - RT","#72 Dennis Hamblin - LG","#74 Jon Miller - C","#85 Christopher Ball - LG","#59 Harold Costanza - RT",,"#68 Lemuel Gibson - LDE",,"#79 Mark So - DT","#50 Conrad Shaw - DT","#60 George Sheehan - RDE",,"#53 Edward Lowe - MLB",,,"#38 Kelly James - CB","#44 Tanner Ontiveros - CB","#59 Arthur Brown - WLB","#92 Jefferey Vallejo - WLB",,"#26 Troy Henriquez - CB","#35 Samuel Johnson - CB",,,,,,,,,,,,,,,,,,,,,,,,,,,,,,,,,,,,
FLA,6:07,"FLA 48",4,1,10,"Singleback Normal HB Dive Strong","Dime Normal Double WR3",1,20,13,"1-10-FLA 48 (6:08) 39-Robert Moreira ran to FLA 48 for 1 yards. Tackle by 50-Conrad Shaw. PENALTY - Offsides (BOS 68-Lemuel Gibson)","#4 Nicholas Meis - QB","#39 Robert Moreira - RB",,,,"#83 Russell Camarillo - TE",,"#11 Don Aquirre - WR","#82 Lazaro Miller - WR","#16 Jeremiah Shanklin - WR",,,"#66 Arthur Stoker - LG","#72 Dennis Hamblin - LG","#74 Jon Miller - C","#85 Christopher Ball - LG","#65 Nicholas Woods - RT",,"#68 Lemuel Gibson - LDE",,"#79 Mark So - DT","#50 Conrad Shaw - DT","#60 George Sheehan - RDE",,"#53 Edward Lowe - MLB",,,"#38 Kelly James - CB","#92 Jefferey Vallejo - WLB","#56 David Crowley - SLB","#59 Arthur Brown - WLB",,"#44 Tanner Ontiveros - CB","#26 Troy Henriquez - CB",,,,,,,,,,,,,,,,,,,,,,,,,,,,,,,,,,,,
FLA,6:06,"BOS 47",4,1,5,"I Formation Normal HB Blast","Dime Normal Double WR1 WR2",11,20,13,"1-5-BOS 47 (6:07) 39-Robert Moreira ran to BOS 37 for 11 yards. Tackle by 44-Tanner Ontiveros.","#4 Nicholas Meis - QB","#39 Robert Moreira - RB",,,"#42 Ronald Proctor - FB","#83 Russell Camarillo - TE",,"#14 Thomas Gonzales - WR",,"#11 Don Aquirre - WR",,,"#65 Nicholas Woods - RT","#72 Dennis Hamblin - LG","#74 Jon Miller - C","#85 Christopher Ball - LG","#59 Harold Costanza - RT",,"#68 Lemuel Gibson - LDE",,"#79 Mark So - DT","#50 Conrad Shaw - DT","#60 George Sheehan - RDE",,"#53 Edward Lowe - MLB",,,"#26 Troy Henriquez - CB","#92 Jefferey Vallejo - WLB","#56 David Crowley - SLB","#59 Arthur Brown - WLB",,"#38 Kelly James - CB","#44 Tanner Ontiveros - CB",,,,,,,,,,,,,,,,,,,,,,,,,,,,,,,,,,,,
FLA,5:29,"BOS 37",4,1,10,"Weak I Normal HB Inside Weak","Dime Normal Double WR1 WR2",1,20,13,"1-10-BOS 37 (5:28) 42-Ronald Proctor ran to BOS 36 for 1 yards. Tackle by 50-Conrad Shaw.","#4 Nicholas Meis - QB","#42 Ronald Proctor - FB",,,"#20 David Cleghorn - RB","#83 Russell Camarillo - TE",,"#14 Thomas Gonzales - WR",,"#11 Don Aquirre - WR",,,"#66 Arthur Stoker - LG","#72 Dennis Hamblin - LG","#74 Jon Miller - C","#85 Christopher Ball - LG","#65 Nicholas Woods - RT",,"#68 Lemuel Gibson - LDE",,"#79 Mark So - DT","#50 Conrad Shaw - DT","#60 George Sheehan - RDE",,"#53 Edward Lowe - MLB",,,"#38 Kelly James - CB","#92 Jefferey Vallejo - WLB","#56 David Crowley - SLB","#59 Arthur Brown - WLB",,"#26 Troy Henriquez - CB","#44 Tanner Ontiveros - CB",,,,,,,,,,,,,,,,,,,,,,,,,,,,,,,,,,,,
FLA,4:53,"BOS 36",4,2,9,"I Formation Normal FL Hook","Dime Normal Double WR1 WR2",,20,13,"2-9-BOS 36 (4:52) 4-Nicholas Meis pass incomplete, intended for 14-Thomas Gonzales. Pressure by 68-Lemuel Gibson. 44-Tanner Ontiveros got away with a hold on that play. 26-Troy Henriquez got away with a hold on that play.","#4 Nicholas Meis - QB","#42 Ronald Proctor - FB",,,"#20 David Cleghorn - RB","#83 Russell Camarillo - TE",,"#14 Thomas Gonzales - WR",,"#11 Don Aquirre - WR",,,"#66 Arthur Stoker - LG","#72 Dennis Hamblin - LG","#74 Jon Miller - C","#85 Christopher Ball - LG","#65 Nicholas Woods - RT",,"#68 Lemuel Gibson - LDE",,"#79 Mark So - DT","#50 Conrad Shaw - DT","#60 George Sheehan - RDE",,"#53 Edward Lowe - MLB",,,"#44 Tanner Ontiveros - CB","#92 Jefferey Vallejo - WLB","#56 David Crowley - SLB","#59 Arthur Brown - WLB",,"#26 Troy Henriquez - CB","#38 Kelly James - CB",,,,,,,,,,,,,,,,,,,,,,,,,,,,,,,,,,,,
FLA,4:46,"BOS 36",4,3,9,"I Formation Normal Max Protect","Dime Normal Man Cover 1",7,20,13,"3-9-BOS 36 (4:47) 4-Nicholas Meis pass complete to 39-Robert Moreira to BOS 29 for 7 yards. Tackle by 53-Edward Lowe. 39-Robert Moreira made a great move on the CB. BOS 63-Kenneth Walsh was injured on the play.","#4 Nicholas Meis - QB","#39 Robert Moreira - RB",,,"#42 Ronald Proctor - FB","#83 Russell Camarillo - TE",,"#14 Thomas Gonzales - WR",,"#11 Don Aquirre - WR",,,"#66 Arthur Stoker - LG","#72 Dennis Hamblin - LG","#74 Jon Miller - C","#85 Christopher Ball - LG","#65 Nicholas Woods - RT",,"#68 Lemuel Gibson - LDE",,"#63 Kenneth Walsh - DT","#79 Mark So - DT","#60 George Sheehan - RDE",,"#53 Edward Lowe - MLB",,,"#26 Troy Henriquez - CB","#92 Jefferey Vallejo - WLB","#56 David Crowley - SLB","#59 Arthur Brown - WLB",,"#44 Tanner Ontiveros - CB","#38 Kelly James - CB",,,,,,,,,,,,,,,,,,,,,,,,,,,,,,,,,,,,
FLA,4:12,"BOS 29",4,4,3,"Field Goal","FG Block",40,23,13,"4-3-BOS 29 (4:11) 9-Clyde Averill 48 yard field goal is GOOD. FLA 23 BOS 13",,,,,,,,,,,,,,,,,,,,,,,,,,,,,,,,,,,,"#4 Nicholas Meis - QB","#74 Jon Miller - C",,,,,,,,,,,,,,"#9 Clyde Averill - K","#63 Brian Jones - RT","#59 Harold Costanza - RT","#66 Arthur Stoker - LG","#42 Ronald Proctor - FB","#65 Nicholas Woods - RT","#85 Christopher Ball - LG","#72 Dennis Hamblin - LG","#83 Russell Camarillo - TE","#60 George Sheehan - RDE","#68 Lemuel Gibson - LDE","#50 Conrad Shaw - DT","#92 Jefferey Vallejo - WLB","#89 Nicholas Kelley - TE","#59 Arthur Brown - WLB","#97 Alexander Shead - RDE","#95 Richard Kersten - RDE","#99 Charles Harper - MLB","#91 Andrew Medina - RDE","#79 Mark So - DT"
FLA,4:07,"FLA 35",4,6,10,Kickoff,"Kick Return",,23,13,"(4:08) 9-Clyde Averill kicks 74 yards from FLA 35 to BOS -9. Touchback.",,,,,,,,,,,,,,,,,,,,,,,,,,,,,,,,,,,,,,"#11 Jean Shoemaker - WR",,"#58 David Wood - MLB","#95 Richard Kersten - RDE","#60 George Sheehan - RDE","#91 Andrew Medina - RDE","#89 Nicholas Kelley - TE","#59 Arthur Brown - WLB","#97 Alexander Shead - RDE","#53 Edward Lowe - MLB","#83 David Herrington - TE","#99 Charles Harper - MLB","#9 Clyde Averill - K",,,,,,,,,,,,,,,,,,,,
BOS,4:07,"BOS 25",4,1,10,"Shotgun Normal Double Outs","Nickel Normal Man Cover 2",,23,13,"1-10-BOS 25 (4:08) 9-Leroy Payne pass incomplete, intended for 42-Nicholas Walker.","#9 Leroy Payne - QB","#42 Nicholas Walker - RB",,,,"#89 Nicholas Kelley - TE",,"#15 Danny Robinson - WR","#17 Kurt Conley - WR","#13 Ira Lozano - WR",,,"#67 Charles Curry - LT","#62 George Abercrombie - LG","#78 Harvey Graham - C","#51 Robert Roy - RG","#69 Michael Goodrich - RT",,"#71 Anthony Sokol - RDE",,"#70 Erik Sherrill - DT","#64 Erik Cross - DT","#96 Shane Cox - RDE",,"#51 John Jones - MLB",,"#58 Jacob White - WLB","#22 Terry Johnson - CB","#33 James Chapman - FS",,"#40 Paul Lasley - CB",,"#50 James Huson - CB","#26 Carl Barker - FS",,,,,,,,,,,,,,,,,,,,,,,,,,,,,,,,,,,,
BOS,4:05,"BOS 25",4,2,10,"Goal Line Normal PA TE Drag","Goal Line Attack #1",,23,13,"2-10-BOS 25 (4:06) 9-Leroy Payne pass incomplete, intended for 89-Nicholas Kelley.","#9 Leroy Payne - QB","#49 Stanley Barrett - FB",,"#30 Clarence Valdez - RB","#46 Richard Shockey - FB","#89 Nicholas Kelley - TE","#83 David Herrington - TE",,,,,,"#67 Charles Curry - LT","#62 George Abercrombie - LG","#78 Harvey Graham - C","#51 Robert Roy - RG","#69 Michael Goodrich - RT",,"#71 Anthony Sokol - RDE","#98 George Yeager - LDE","#70 Erik Sherrill - DT","#64 Erik Cross - DT","#96 Shane Cox - RDE","#54 Tommy Evatt - SLB","#51 John Jones - MLB",,"#58 Jacob White - WLB","#22 Terry Johnson - CB","#33 James Chapman - FS",,,,"#50 James Huson - CB",,,,,,,,,,,,,,,,,,,,,,,,,,,,,,,,,,,,,
BOS,4:04,"BOS 25",4,3,10,"Shotgun 2 RB 3 WR FB In","Nickel Normal Man Cover 2",6,23,13,"3-10-BOS 25 (4:05) 9-Leroy Payne pass complete to 15-Danny Robinson to BOS 31 for 6 yards. Tackle by 51-John Jones.","#9 Leroy Payne - QB","#42 Nicholas Walker - RB","#49 Stanley Barrett - FB",,,,,"#15 Danny Robinson - WR","#17 Kurt Conley - WR","#13 Ira Lozano - WR",,,"#67 Charles Curry - LT","#62 George Abercrombie - LG","#78 Harvey Graham - C","#51 Robert Roy - RG","#69 Michael Goodrich - RT",,"#71 Anthony Sokol - RDE",,"#70 Erik Sherrill - DT","#64 Erik Cross - DT","#96 Shane Cox - RDE",,"#51 John Jones - MLB",,"#58 Jacob White - WLB","#50 James Huson - CB","#22 Terry Johnson - CB",,"#33 James Chapman - FS",,"#97 Stephen Stafford - WLB","#26 Carl Barker - FS",,,,,,,,,,,,,,,,,,,,,,,,,,,,,,,,,,,,
BOS,3:43,"BOS 31",4,4,4,"Shotgun Normal Double Outs","Nickel Normal Double WR2",,23,13,"4-4-BOS 31 (3:42) 9-Leroy Payne pass Pass knocked down by 50-James Huson. incomplete, intended for 13-Ira Lozano. Turnover on downs.","#9 Leroy Payne - QB","#46 Richard Shockey - FB",,,,"#89 Nicholas Kelley - TE",,"#13 Ira Lozano - WR","#85 Rodolfo Lyons - WR","#17 Kurt Conley - WR",,,"#67 Charles Curry - LT","#62 George Abercrombie - LG","#78 Harvey Graham - C","#51 Robert Roy - RG","#69 Michael Goodrich - RT",,"#71 Anthony Sokol - RDE",,"#70 Erik Sherrill - DT","#64 Erik Cross - DT","#96 Shane Cox - RDE",,"#51 John Jones - MLB",,"#58 Jacob White - WLB","#50 James Huson - CB","#22 Terry Johnson - CB",,"#33 James Chapman - FS",,"#97 Stephen Stafford - WLB","#26 Carl Barker - FS",,,,,,,,,,,,,,,,,,,,,,,,,,,,,,,,,,,,
FLA,3:39,"BOS 31",4,1,10,"Strong I Big HB Toss Weak","Dime Flat 2 Deep Man Under",13,23,13,"1-10-BOS 31 (3:40) 20-David Cleghorn ran to BOS 18 for 13 yards. Tackle by 79-Mark So.","#4 Nicholas Meis - QB","#20 David Cleghorn - RB",,,"#42 Ronald Proctor - FB","#83 Russell Camarillo - TE","#39 Robert Moreira - RB","#14 Thomas Gonzales - WR",,,,,"#65 Nicholas Woods - RT","#72 Dennis Hamblin - LG","#74 Jon Miller - C","#85 Christopher Ball - LG","#59 Harold Costanza - RT",,"#68 Lemuel Gibson - LDE",,"#79 Mark So - DT","#50 Conrad Shaw - DT","#60 George Sheehan - RDE",,"#53 Edward Lowe - MLB",,,"#26 Troy Henriquez - CB","#92 Jefferey Vallejo - WLB","#56 David Crowley - SLB","#59 Arthur Brown - WLB",,"#38 Kelly James - CB","#44 Tanner Ontiveros - CB",,,,,,,,,,,,,,,,,,,,,,,,,,,,,,,,,,,,
FLA,2:54,"BOS 18",4,1,10,"I Formation Normal HB Dive","Dime Normal Man Cover 1",3,23,13,"1-10-BOS 18 (2:53) 39-Robert Moreira ran to BOS 16 for 3 yards. Tackle by 79-Mark So.","#4 Nicholas Meis - QB","#39 Robert Moreira - RB",,,"#42 Ronald Proctor - FB","#83 Russell Camarillo - TE",,"#14 Thomas Gonzales - WR",,"#11 Don Aquirre - WR",,,"#65 Nicholas Woods - RT","#72 Dennis Hamblin - LG","#74 Jon Miller - C","#85 Christopher Ball - LG","#59 Harold Costanza - RT",,"#68 Lemuel Gibson - LDE",,"#63 Kenneth Walsh - DT","#79 Mark So - DT","#60 George Sheehan - RDE",,"#53 Edward Lowe - MLB",,,"#38 Kelly James - CB","#92 Jefferey Vallejo - WLB","#56 David Crowley - SLB","#59 Arthur Brown - WLB",,"#26 Troy Henriquez - CB","#44 Tanner Ontiveros - CB",,,,,,,,,,,,,,,,,,,,,,,,,,,,,,,,,,,,
FLA,2:21,"BOS 16",4,2,7,"Weak I Normal HB Inside Weak","Dime Flat 2 Deep Man Under",7,23,13,"2-7-BOS 16 (2:20) 39-Robert Moreira ran to BOS 9 for 7 yards. Tackle by 59-Arthur Brown.","#4 Nicholas Meis - QB","#39 Robert Moreira - RB",,,"#42 Ronald Proctor - FB","#83 Russell Camarillo - TE",,"#14 Thomas Gonzales - WR",,"#11 Don Aquirre - WR",,,"#66 Arthur Stoker - LG","#72 Dennis Hamblin - LG","#74 Jon Miller - C","#85 Christopher Ball - LG","#65 Nicholas Woods - RT",,"#68 Lemuel Gibson - LDE",,"#63 Kenneth Walsh - DT","#79 Mark So - DT","#60 George Sheehan - RDE",,"#53 Edward Lowe - MLB",,,"#26 Troy Henriquez - CB","#92 Jefferey Vallejo - WLB","#56 David Crowley - SLB","#59 Arthur Brown - WLB",,"#38 Kelly James - CB","#44 Tanner Ontiveros - CB",,,,,,,,,,,,,,,,,,,,,,,,,,,,,,,,,,,,
,2:00,,4,3,1,,,,23,13,"Timeout for two minute warning.",,,,,,,,,,,,,,,,,,,,,,,,,,,,,,,,,,,,,,,,,,,,,,,,,,,,,,,,,,,,,,,,,,,,,,
FLA,2:00,"BOS 9",4,3,1,"I Formation Power HB Draw","Goal Line 3 Deep Man",2,23,13,"3-1-BOS 9 (2:00) 20-David Cleghorn ran to BOS 7 for 2 yards. Tackle by 63-Kenneth Walsh.","#4 Nicholas Meis - QB","#20 David Cleghorn - RB",,"#39 Robert Moreira - RB","#42 Ronald Proctor - FB","#83 Russell Camarillo - TE",,"#11 Don Aquirre - WR",,,,,"#65 Nicholas Woods - RT","#72 Dennis Hamblin - LG","#74 Jon Miller - C","#85 Christopher Ball - LG","#59 Harold Costanza - RT",,"#68 Lemuel Gibson - LDE","#91 Andrew Medina - RDE","#63 Kenneth Walsh - DT","#79 Mark So - DT","#60 George Sheehan - RDE","#56 David Crowley - SLB","#53 Edward Lowe - MLB",,"#99 Charles Harper - MLB","#35 Samuel Johnson - CB","#44 Tanner Ontiveros - CB",,,,"#38 Kelly James - CB",,,,,,,,,,,,,,,,,,,,,,,,,,,,,,,,,,,,,
,1:58,,4,1,7,,,,23,13,"Timeout BOS",,,,,,,,,,,,,,,,,,,,,,,,,,,,,,,,,,,,,,,,,,,,,,,,,,,,,,,,,,,,,,,,,,,,,,
FLA,1:56,"BOS 7",4,1,7,"Goal Line Normal HB Outside Strong","Goal Line 3 Deep Man",6,23,13,"1-7-BOS 7 (1:57) 14-Thomas Gonzales ran to BOS 1 for 6 yards. Tackle by 38-Kelly James.","#4 Nicholas Meis - QB","#14 Thomas Gonzales - WR",,"#20 David Cleghorn - RB","#42 Ronald Proctor - FB","#83 Russell Camarillo - TE","#39 Robert Moreira - RB",,,,,,"#65 Nicholas Woods - RT","#72 Dennis Hamblin - LG","#74 Jon Miller - C","#85 Christopher Ball - LG","#59 Harold Costanza - RT",,"#68 Lemuel Gibson - LDE","#91 Andrew Medina - RDE","#63 Kenneth Walsh - DT","#79 Mark So - DT","#60 George Sheehan - RDE","#56 David Crowley - SLB","#53 Edward Lowe - MLB",,"#99 Charles Harper - MLB","#35 Samuel Johnson - CB","#44 Tanner Ontiveros - CB",,,,"#38 Kelly James - CB",,,,,,,,,,,,,,,,,,,,,,,,,,,,,,,,,,,,,
,1:54,,4,2,1,,,,23,13,"Timeout BOS",,,,,,,,,,,,,,,,,,,,,,,,,,,,,,,,,,,,,,,,,,,,,,,,,,,,,,,,,,,,,,,,,,,,,,
FLA,1:50,"BOS 1",4,2,1,"I Formation Normal HB Draw","3-4 Normal Man QB Spy",1,29,13,"2-1-BOS 1 (1:51) 39-Robert Moreira ran for 1 yards. TOUCHDOWN! FLA 29 BOS 13","#4 Nicholas Meis - QB","#39 Robert Moreira - RB",,,"#42 Ronald Proctor - FB","#83 Russell Camarillo - TE",,"#14 Thomas Gonzales - WR",,"#11 Don Aquirre - WR",,,"#65 Nicholas Woods - RT","#72 Dennis Hamblin - LG","#74 Jon Miller - C","#85 Christopher Ball - LG","#59 Harold Costanza - RT",,"#68 Lemuel Gibson - LDE",,"#63 Kenneth Walsh - DT",,"#60 George Sheehan - RDE","#56 David Crowley - SLB","#53 Edward Lowe - MLB","#58 David Wood - MLB","#99 Charles Harper - MLB","#38 Kelly James - CB","#26 Troy Henriquez - CB",,,,"#44 Tanner Ontiveros - CB","#35 Samuel Johnson - CB",,,,,,,,,,,,,,,,,,,,,,,,,,,,,,,,,,,,
FLA,1:49,"BOS 15",4,7,15,"Field Goal","FG Block",25,30,13,"(1:50) Extra point GOOD by 9-Clyde Averill. FLA 30 BOS 13",,,,,,,,,,,,,,,,,,,,,,,,,,,,,,,,,,,,"#4 Nicholas Meis - QB","#74 Jon Miller - C",,,,,,,,,,,,,,"#9 Clyde Averill - K","#63 Brian Jones - RT","#59 Harold Costanza - RT","#66 Arthur Stoker - LG","#42 Ronald Proctor - FB","#65 Nicholas Woods - RT","#85 Christopher Ball - LG","#72 Dennis Hamblin - LG","#83 Russell Camarillo - TE","#50 Conrad Shaw - DT","#63 Kenneth Walsh - DT","#68 Lemuel Gibson - LDE","#53 Edward Lowe - MLB","#79 Mark So - DT","#91 Andrew Medina - RDE","#95 Richard Kersten - RDE","#35 Samuel Johnson - CB","#92 Jefferey Vallejo - WLB","#60 George Sheehan - RDE","#99 Charles Harper - MLB"
FLA,1:49,"FLA 35",4,6,10,Kickoff,"Kick Return",,30,13,"(1:50) 9-Clyde Averill kicks 74 yards from FLA 35 to BOS -9. Touchback.",,,,,,,,,,,,,,,,,,,,,,,,,,,,,,,,,,,,,,"#11 Jean Shoemaker - WR",,"#59 Arthur Brown - WLB","#91 Andrew Medina - RDE","#63 Kenneth Walsh - DT","#99 Charles Harper - MLB","#89 Nicholas Kelley - TE","#44 Tanner Ontiveros - CB","#60 George Sheehan - RDE","#97 Alexander Shead - RDE","#95 Richard Kersten - RDE","#53 Edward Lowe - MLB","#9 Clyde Averill - K",,,,,,,,,,,,,,,,,,,,
BOS,1:49,"BOS 25",4,1,10,"Shotgun Normal Deep Weak In and Out","Nickel Normal SS Blitz",,30,13,"1-10-BOS 25 (1:50) 9-Leroy Payne pass incomplete, intended for 89-Nicholas Kelley.","#9 Leroy Payne - QB","#42 Nicholas Walker - RB",,,,"#89 Nicholas Kelley - TE",,"#15 Danny Robinson - WR","#17 Kurt Conley - WR","#13 Ira Lozano - WR",,,"#67 Charles Curry - LT","#62 George Abercrombie - LG","#78 Harvey Graham - C","#51 Robert Roy - RG","#69 Michael Goodrich - RT",,"#71 Anthony Sokol - RDE",,"#70 Erik Sherrill - DT","#64 Erik Cross - DT","#96 Shane Cox - RDE",,"#51 John Jones - MLB",,"#58 Jacob White - WLB","#50 James Huson - CB","#22 Terry Johnson - CB",,"#33 James Chapman - FS",,"#97 Stephen Stafford - WLB","#26 Carl Barker - FS",,,,,,,,,,,,,,,,,,,,,,,,,,,,,,,,,,,,
BOS,1:45,"BOS 25",4,2,10,"Shotgun Normal HB Flare","Nickel Normal Man Cover 2",,30,13,"2-10-BOS 25 (1:46) 9-Leroy Payne pass Pass knocked down by 22-Terry Johnson. incomplete, intended for 49-Stanley Barrett.","#9 Leroy Payne - QB","#49 Stanley Barrett - FB",,,,"#89 Nicholas Kelley - TE",,"#17 Kurt Conley - WR","#10 Robert Sandler - WR","#85 Rodolfo Lyons - WR",,,"#67 Charles Curry - LT","#62 George Abercrombie - LG","#78 Harvey Graham - C","#51 Robert Roy - RG","#69 Michael Goodrich - RT",,"#71 Anthony Sokol - RDE",,"#70 Erik Sherrill - DT","#64 Erik Cross - DT","#96 Shane Cox - RDE",,"#51 John Jones - MLB",,"#58 Jacob White - WLB","#22 Terry Johnson - CB","#33 James Chapman - FS",,"#40 Paul Lasley - CB",,"#50 James Huson - CB","#26 Carl Barker - FS",,,,,,,,,,,,,,,,,,,,,,,,,,,,,,,,,,,,
BOS,1:41,"BOS 25",4,3,10,"Shotgun Normal HB Flare","Nickel Normal Man Cover 2",,30,13,"3-10-BOS 25 (1:42) 9-Leroy Payne pass incomplete, intended for 89-Nicholas Kelley.","#9 Leroy Payne - QB","#42 Nicholas Walker - RB",,,,"#89 Nicholas Kelley - TE",,"#15 Danny Robinson - WR","#85 Rodolfo Lyons - WR","#13 Ira Lozano - WR",,,"#67 Charles Curry - LT","#62 George Abercrombie - LG","#78 Harvey Graham - C","#51 Robert Roy - RG","#69 Michael Goodrich - RT",,"#71 Anthony Sokol - RDE",,"#70 Erik Sherrill - DT","#64 Erik Cross - DT","#96 Shane Cox - RDE",,"#52 Jose Brown - MLB",,"#58 Jacob White - WLB","#33 James Chapman - FS","#40 Paul Lasley - CB",,"#50 James Huson - CB",,"#97 Stephen Stafford - WLB","#26 Carl Barker - FS",,,,,,,,,,,,,,,,,,,,,,,,,,,,,,,,,,,,
BOS,1:38,"BOS 25",4,4,10,"Shotgun Normal HB Flare","Nickel Normal SS Blitz",,30,13,"4-10-BOS 25 (1:39) 9-Leroy Payne pass Pass knocked down by 26-Carl Barker. incomplete, intended for 89-Nicholas Kelley. Turnover on downs.","#9 Leroy Payne - QB","#49 Stanley Barrett - FB",,,,"#89 Nicholas Kelley - TE",,"#15 Danny Robinson - WR","#17 Kurt Conley - WR","#13 Ira Lozano - WR",,,"#67 Charles Curry - LT","#62 George Abercrombie - LG","#78 Harvey Graham - C","#51 Robert Roy - RG","#69 Michael Goodrich - RT",,"#71 Anthony Sokol - RDE",,"#70 Erik Sherrill - DT","#64 Erik Cross - DT","#96 Shane Cox - RDE",,"#51 John Jones - MLB",,"#58 Jacob White - WLB","#22 Terry Johnson - CB","#33 James Chapman - FS",,"#40 Paul Lasley - CB",,"#97 Stephen Stafford - WLB","#26 Carl Barker - FS",,,,,,,,,,,,,,,,,,,,,,,,,,,,,,,,,,,,
FLA,1:33,"BOS 25",4,1,10,"Weak I Normal HB Inside Weak","Dime Normal Man Cover 1",1,30,13,"1-10-BOS 25 (1:34) 39-Robert Moreira ran to BOS 24 for 1 yards. Tackle by 79-Mark So.","#4 Nicholas Meis - QB","#39 Robert Moreira - RB",,,"#42 Ronald Proctor - FB","#83 Russell Camarillo - TE",,"#14 Thomas Gonzales - WR",,"#11 Don Aquirre - WR",,,"#66 Arthur Stoker - LG","#72 Dennis Hamblin - LG","#74 Jon Miller - C","#85 Christopher Ball - LG","#65 Nicholas Woods - RT",,"#68 Lemuel Gibson - LDE",,"#63 Kenneth Walsh - DT","#79 Mark So - DT","#60 George Sheehan - RDE",,"#53 Edward Lowe - MLB",,,"#35 Samuel Johnson - CB","#26 Troy Henriquez - CB","#59 Arthur Brown - WLB","#92 Jefferey Vallejo - WLB",,"#38 Kelly James - CB","#44 Tanner Ontiveros - CB",,,,,,,,,,,,,,,,,,,,,,,,,,,,,,,,,,,,
,1:32,,4,2,9,,,,30,13,"Timeout BOS",,,,,,,,,,,,,,,,,,,,,,,,,,,,,,,,,,,,,,,,,,,,,,,,,,,,,,,,,,,,,,,,,,,,,,
FLA,1:29,"BOS 24",4,2,9,"I Formation Normal HB Blast","Dime Normal Double WR1 WR2",10,30,13,"2-9-BOS 24 (1:30) 39-Robert Moreira ran to BOS 14 for 10 yards. Tackle by 38-Kelly James. 14-Thomas Gonzales missed that block completely. 14-Thomas Gonzales was caught flat-footed on this play. BOS 60-George Sheehan was injured on the play.","#4 Nicholas Meis - QB","#39 Robert Moreira - RB",,,"#42 Ronald Proctor - FB","#83 Russell Camarillo - TE",,"#14 Thomas Gonzales - WR",,"#11 Don Aquirre - WR",,,"#66 Arthur Stoker - LG","#72 Dennis Hamblin - LG","#74 Jon Miller - C","#85 Christopher Ball - LG","#65 Nicholas Woods - RT",,"#68 Lemuel Gibson - LDE",,"#63 Kenneth Walsh - DT","#79 Mark So - DT","#60 George Sheehan - RDE",,"#53 Edward Lowe - MLB",,,"#38 Kelly James - CB","#26 Troy Henriquez - CB","#59 Arthur Brown - WLB","#92 Jefferey Vallejo - WLB",,"#44 Tanner Ontiveros - CB","#35 Samuel Johnson - CB",,,,,,,,,,,,,,,,,,,,,,,,,,,,,,,,,,,,
FLA,0:48,"BOS 14",4,1,10,Victory,"Dime Normal Double WR3",,30,13,"1-10-BOS 14 (0:47) 4-Nicholas Meis kneeled down to BOS 14 for -0 yards.","#4 Nicholas Meis - QB","#14 Thomas Gonzales - WR",,"#20 David Cleghorn - RB","#42 Ronald Proctor - FB","#83 Russell Camarillo - TE","#86 Melvin Simon - TE",,,,,,"#65 Nicholas Woods - RT","#72 Dennis Hamblin - LG","#74 Jon Miller - C","#85 Christopher Ball - LG","#59 Harold Costanza - RT",,"#68 Lemuel Gibson - LDE",,"#63 Kenneth Walsh - DT","#79 Mark So - DT","#97 Alexander Shead - RDE",,"#53 Edward Lowe - MLB",,,"#38 Kelly James - CB","#26 Troy Henriquez - CB","#59 Arthur Brown - WLB","#92 Jefferey Vallejo - WLB",,"#44 Tanner Ontiveros - CB","#35 Samuel Johnson - CB",,,,,,,,,,,,,,,,,,,,,,,,,,,,,,,,,,,,
FLA,0:06,"BOS 14",4,2,10,Victory,"Dime Normal Man Cover 1",,30,13,"2-10-BOS 14 (0:05) 4-Nicholas Meis kneeled down to BOS 14 for -0 yards.","#4 Nicholas Meis - QB","#14 Thomas Gonzales - WR",,"#20 David Cleghorn - RB","#42 Ronald Proctor - FB","#83 Russell Camarillo - TE","#86 Melvin Simon - TE",,,,,,"#65 Nicholas Woods - RT","#72 Dennis Hamblin - LG","#74 Jon Miller - C","#85 Christopher Ball - LG","#59 Harold Costanza - RT",,"#68 Lemuel Gibson - LDE",,"#63 Kenneth Walsh - DT","#79 Mark So - DT","#97 Alexander Shead - RDE",,"#53 Edward Lowe - MLB",,,"#38 Kelly James - CB","#26 Troy Henriquez - CB","#59 Arthur Brown - WLB","#92 Jefferey Vallejo - WLB",,"#44 Tanner Ontiveros - CB","#35 Samuel Johnson - CB",,,,,,,,,,,,,,,,,,,,,,,,,,,,,,,,,,,,
,0:00,,4,3,10,,,,30,13,"End of fourth quarter.",,,,,,,,,,,,,,,,,,,,,,,,,,,,,,,,,,,,,,,,,,,,,,,,,,,,,,,,,,,,,,,,,,,,,,
