HasBall,"Game Clock","Ball @",Quarter,Down,YTG,OffensivePlay,DefensivePlay,YardsGained,"Home Score","Away Score",Text,QB1,RB1,RB2,FB2,FB1,TE1,TE2,WR1,WR3,WR2,WR4,WR5,LT1,LG1,C1,RG1,RT1,P1,LDE1,LDE2,DT1,DT2,RDE1,SLB1,MLB1,MLB2,WLB1,CB1,CB2,CB4,CB3,CB5,SS1,FS1,FS2,"Kick Holder1","Long Snapper1","Kick Returner1","Punt Returner1",Gunner10,Gunner7,Gunner2,Gunner6,Gunner1,Gunner8,Gunner3,Gunner4,Gunner9,Gunner5,Kickoffs1,"Field Goal Kicker1","ST Blocker8","ST Blocker5","ST Blocker4","ST Blocker1","ST Blocker2","ST Blocker3","ST Blocker6","ST Blocker7","ST Rusher4","ST Rusher1","ST Rusher2","ST Rusher3","ST Rusher11","ST Rusher10","ST Rusher9","ST Rusher6","ST Rusher5","ST Rusher7","ST Rusher8"
,15:00,,1,2,10,,,,0,0,"VIR has won the toss and elected to receive.",,,,,,,,,,,,,,,,,,,,,,,,,,,,,,,,,,,,,,,,,,,,,,,,,,,,,,,,,,,,,,,,,,,,,,
CHR,15:00,"CHR 35",1,6,10,Kickoff,"Kick Return",,0,0,"(15:00) 18-Jeffrey Roland kicks 66 yards from CHR 35 to VIR -1. 26-William Keller to VIR 30 for 31 yards. Tackle by 93-Dustin Thompson.",,,,,,,,,,,,,,,,,,,,,,,,,,,,,,,,,,,,,,"#26 William Keller - FB",,"#40 Brian Cotter - RB","#10 Jaime Curtis - WR","#38 Antonio Johnson - CB","#39 Thomas Williams - RB","#59 Brandon Beaufort - SS","#12 Matt Duarte - WR","#21 Conrad Conner - CB","#27 Daniel McGuire - FS","#87 James Lewis - WR","#35 Dorian Young - SS","#18 Jeffrey Roland - K",,,,,,,,,,,,,,,,,,,,
VIR,14:55,"VIR 30",1,1,10,"Shotgun Normal Short Attack","Nickel Normal 3 Deep Man Under",5,0,0,"1-10-VIR 30 (14:56) 3-Daniel Villalobos pass complete to 82-Derick Davis to VIR 35 for 5 yards. Tackle by 55-Pete Dennis. PENALTY - Unnecessary Roughness (CHR 55-Pete Dennis)","#3 Daniel Villalobos - QB","#39 Thomas Williams - RB",,,,"#89 Scott Christie - TE",,"#10 Jaime Curtis - WR","#85 Robert Carpenter - WR","#82 Derick Davis - WR",,,"#77 Arthur Peters - RT","#62 David Royer - RG","#73 Dennis Marte - C","#72 Pedro Daniels - RG","#64 John Kelley - RT",,"#94 Gerald Taylor - LDE",,"#95 Ralph Weiss - DT","#92 Craig Michael - DT","#98 Karl Bullock - RDE",,"#55 Pete Dennis - MLB",,"#53 Scotty Duck - WLB","#32 Rudy Pike - CB","#33 Nick Watts - CB",,"#34 Ronald Calhoun - CB",,"#40 Dennis Woodall - SS","#42 Robert Wilson - FS",,,,,,,,,,,,,,,,,,,,,,,,,,,,,,,,,,,,
VIR,14:51,"CHR 50",1,1,10,"Weak I Normal FB Inside Weak","46 Heavy WLB Blitz",7,0,0,"1-10-CHR 50 (14:52) 26-William Keller ran to CHR 43 for 7 yards. Tackle by 33-Nick Watts.","#3 Daniel Villalobos - QB","#39 Thomas Williams - RB",,,"#26 William Keller - FB","#89 Scott Christie - TE",,"#10 Jaime Curtis - WR",,"#82 Derick Davis - WR",,,"#77 Arthur Peters - RT","#62 David Royer - RG","#73 Dennis Marte - C","#72 Pedro Daniels - RG","#64 John Kelley - RT",,"#94 Gerald Taylor - LDE",,"#95 Ralph Weiss - DT","#92 Craig Michael - DT","#98 Karl Bullock - RDE","#57 John Hurd - SLB","#55 Pete Dennis - MLB",,"#53 Scotty Duck - WLB","#32 Rudy Pike - CB","#33 Nick Watts - CB",,,,"#40 Dennis Woodall - SS","#42 Robert Wilson - FS",,,,,,,,,,,,,,,,,,,,,,,,,,,,,,,,,,,,
VIR,14:19,"CHR 43",1,2,3,"Singleback Big WR Deep","4-3 Normal Man QB Spy",-6,0,0,"2-3-CHR 43 (14:18) 3-Daniel Villalobos sacked at CHR 49 for -6 yards (98-Karl Bullock). Sack allowed by 77-Arthur Peters.","#3 Daniel Villalobos - QB","#39 Thomas Williams - RB",,,,"#89 Scott Christie - TE","#52 Larry Campbell - RG","#10 Jaime Curtis - WR",,"#82 Derick Davis - WR",,,"#77 Arthur Peters - RT","#62 David Royer - RG","#73 Dennis Marte - C","#72 Pedro Daniels - RG","#64 John Kelley - RT",,"#94 Gerald Taylor - LDE",,"#95 Ralph Weiss - DT","#92 Craig Michael - DT","#98 Karl Bullock - RDE","#57 John Hurd - SLB","#55 Pete Dennis - MLB",,"#53 Scotty Duck - WLB","#32 Rudy Pike - CB","#33 Nick Watts - CB",,,,"#40 Dennis Woodall - SS","#42 Robert Wilson - FS",,,,,,,,,,,,,,,,,,,,,,,,,,,,,,,,,,,,
VIR,13:43,"CHR 49",1,3,9,"Weak I Normal HB Inside Weak","4-3 Under Shallow Right Zone",9,0,0,"3-9-CHR 49 (13:42) 39-Thomas Williams ran to CHR 40 for 9 yards. Tackle by 42-Robert Wilson.","#3 Daniel Villalobos - QB","#39 Thomas Williams - RB",,,"#26 William Keller - FB","#89 Scott Christie - TE",,"#10 Jaime Curtis - WR",,"#82 Derick Davis - WR",,,"#77 Arthur Peters - RT","#62 David Royer - RG","#73 Dennis Marte - C","#72 Pedro Daniels - RG","#64 John Kelley - RT",,"#94 Gerald Taylor - LDE",,"#95 Ralph Weiss - DT","#92 Craig Michael - DT","#98 Karl Bullock - RDE","#57 John Hurd - SLB","#55 Pete Dennis - MLB",,"#53 Scotty Duck - WLB","#32 Rudy Pike - CB","#33 Nick Watts - CB",,,,"#40 Dennis Woodall - SS","#42 Robert Wilson - FS",,,,,,,,,,,,,,,,,,,,,,,,,,,,,,,,,,,,
VIR,13:06,"CHR 40",1,4,,Punt,"Punt Return",33,0,0,"4-1-CHR 40 (13:05) 5-Billy Reeves punts 33 yards to CHR 7.",,,,,,,,,,,,,,,,,,"#5 Billy Reeves - P",,,,,,,,,,,,,,,,,,,"#64 John Kelley - RT",,"#12 John Perkins - WR",,,"#32 Rudy Pike - CB","#74 Stephen Satterfield - DT","#94 Gerald Taylor - LDE",,"#55 Pete Dennis - MLB","#34 Ronald Calhoun - CB",,"#40 Dennis Woodall - SS",,,,"#26 William Keller - FB","#72 Pedro Daniels - RG","#73 Dennis Marte - C","#77 Arthur Peters - RT","#63 Guy Lopez - C","#62 David Royer - RG",,"#97 Joseph Walker - LDE","#93 Dustin Thompson - RDE","#98 Karl Bullock - RDE","#95 Ralph Weiss - DT",,,,,,,
CHR,12:57,"CHR 7",1,1,10,"Weak I Normal WR Corner TE Middle","Dime Flat Man Cover 1",10,0,0,"1-10-CHR 7 (12:58) 7-Joseph Matthews pass complete to 87-Michael Bryant to CHR 17 for 10 yards. Tackle by 35-Dorian Young.","#7 Joseph Matthews - QB","#27 Kris Smithson - RB",,,"#30 Luis Swint - FB","#87 Michael Bryant - TE",,"#11 Michael Barber - WR",,"#12 John Perkins - WR",,,"#75 Harold Turner - LT","#60 Alan Charest - LG","#54 Terry Schafer - C","#63 Charles Richards - RG","#73 Douglas Lowery - RT",,"#97 Jimmy Auer - LDE",,"#71 Jessie Nishimura - DT","#60 Michael Beil - DT","#96 Terrance Peden - RDE",,"#90 Christopher Tran - MLB",,,"#38 Antonio Johnson - CB","#21 Conrad Conner - CB","#56 Fast Eddie  Solerno - WLB","#35 Dorian Young - SS",,"#59 Brandon Beaufort - SS","#27 Daniel McGuire - FS",,,,,,,,,,,,,,,,,,,,,,,,,,,,,,,,,,,,
CHR,12:20,"CHR 17",1,1,10,"I Formation Normal FL Hook","Dime Flat Man Cover 1",,0,0,"1-10-CHR 17 (12:19) 7-Joseph Matthews pass incomplete, dropped by 30-Luis Swint.","#7 Joseph Matthews - QB","#27 Kris Smithson - RB",,,"#30 Luis Swint - FB","#87 Michael Bryant - TE",,"#11 Michael Barber - WR",,"#12 John Perkins - WR",,,"#75 Harold Turner - LT","#60 Alan Charest - LG","#54 Terry Schafer - C","#63 Charles Richards - RG","#73 Douglas Lowery - RT",,"#97 Jimmy Auer - LDE",,"#71 Jessie Nishimura - DT","#60 Michael Beil - DT","#96 Terrance Peden - RDE",,"#90 Christopher Tran - MLB",,,"#38 Antonio Johnson - CB","#21 Conrad Conner - CB","#56 Fast Eddie  Solerno - WLB","#35 Dorian Young - SS",,"#59 Brandon Beaufort - SS","#27 Daniel McGuire - FS",,,,,,,,,,,,,,,,,,,,,,,,,,,,,,,,,,,,
CHR,12:15,"CHR 17",1,2,10,"Goal Line Normal HB Off Tackle","Dime Flat Man Cover 1",2,0,0,"2-10-CHR 17 (12:16) 27-Kris Smithson ran to CHR 19 for 2 yards. Tackle by 97-Jimmy Auer. PENALTY - Holding (CHR 84-Jason Aguirre)","#7 Joseph Matthews - QB","#27 Kris Smithson - RB",,"#29 John Regina - RB","#30 Luis Swint - FB","#87 Michael Bryant - TE","#84 Jason Aguirre - TE",,,,,,"#75 Harold Turner - LT","#60 Alan Charest - LG","#54 Terry Schafer - C","#63 Charles Richards - RG","#73 Douglas Lowery - RT",,"#97 Jimmy Auer - LDE",,"#71 Jessie Nishimura - DT","#60 Michael Beil - DT","#96 Terrance Peden - RDE",,"#90 Christopher Tran - MLB",,,"#38 Antonio Johnson - CB","#21 Conrad Conner - CB","#56 Fast Eddie  Solerno - WLB","#35 Dorian Young - SS",,"#59 Brandon Beaufort - SS","#27 Daniel McGuire - FS",,,,,,,,,,,,,,,,,,,,,,,,,,,,,,,,,,,,
CHR,12:13,"CHR 9",1,2,19,"I Formation Normal FL Hook","Dime Flat Man Cover 1",,0,0,"2-19-CHR 9 (12:14) 7-Joseph Matthews pass Pass knocked down by 38-Antonio Johnson. incomplete, intended for 11-Michael Barber.","#7 Joseph Matthews - QB","#27 Kris Smithson - RB",,,"#30 Luis Swint - FB","#87 Michael Bryant - TE",,"#11 Michael Barber - WR",,"#12 John Perkins - WR",,,"#75 Harold Turner - LT","#60 Alan Charest - LG","#54 Terry Schafer - C","#63 Charles Richards - RG","#73 Douglas Lowery - RT",,"#97 Jimmy Auer - LDE",,"#71 Jessie Nishimura - DT","#60 Michael Beil - DT","#96 Terrance Peden - RDE",,"#90 Christopher Tran - MLB",,,"#38 Antonio Johnson - CB","#21 Conrad Conner - CB","#56 Fast Eddie  Solerno - WLB","#35 Dorian Young - SS",,"#59 Brandon Beaufort - SS","#27 Daniel McGuire - FS",,,,,,,,,,,,,,,,,,,,,,,,,,,,,,,,,,,,
CHR,12:10,"CHR 9",1,3,19,"Shotgun 2 RB 3 WR WR Hooks","Dime Flat Man Cover 1",,0,0,"3-19-CHR 9 (12:11) 7-Joseph Matthews pass INTERCEPTED by 21-Conrad Conner at CHR 12. 21-Conrad Conner to CHR 11 for 1 yards. Tackle by 12-John Perkins. Pressure by 97-Jimmy Auer. 21-Conrad Conner got away with a hold on that play.","#7 Joseph Matthews - QB","#27 Kris Smithson - RB","#20 Billy Gonzalez - RB",,,,,"#11 Michael Barber - WR","#17 Jon Smith - WR","#12 John Perkins - WR",,,"#75 Harold Turner - LT","#60 Alan Charest - LG","#54 Terry Schafer - C","#63 Charles Richards - RG","#73 Douglas Lowery - RT",,"#97 Jimmy Auer - LDE",,"#71 Jessie Nishimura - DT","#60 Michael Beil - DT","#96 Terrance Peden - RDE",,"#90 Christopher Tran - MLB",,,"#38 Antonio Johnson - CB","#21 Conrad Conner - CB","#56 Fast Eddie  Solerno - WLB","#35 Dorian Young - SS",,"#59 Brandon Beaufort - SS","#27 Daniel McGuire - FS",,,,,,,,,,,,,,,,,,,,,,,,,,,,,,,,,,,,
VIR,12:06,"CHR 11",1,1,10,"Strong I Normal Counter Strong","4-3 Normal Double Safety Blitz",4,0,0,"1-10-CHR 11 (12:07) 39-Thomas Williams ran to CHR 7 for 4 yards. Tackle by 59-Scotty Duck.","#3 Daniel Villalobos - QB","#39 Thomas Williams - RB",,,"#26 William Keller - FB","#89 Scott Christie - TE",,"#10 Jaime Curtis - WR",,"#82 Derick Davis - WR",,,"#77 Arthur Peters - RT","#62 David Royer - RG","#73 Dennis Marte - C","#72 Pedro Daniels - RG","#64 John Kelley - RT",,"#94 Gerald Taylor - LDE",,"#95 Ralph Weiss - DT","#92 Craig Michael - DT","#98 Karl Bullock - RDE","#57 John Hurd - SLB","#55 Pete Dennis - MLB",,"#53 Scotty Duck - WLB","#32 Rudy Pike - CB","#33 Nick Watts - CB",,,,"#40 Dennis Woodall - SS","#42 Robert Wilson - FS",,,,,,,,,,,,,,,,,,,,,,,,,,,,,,,,,,,,
VIR,11:27,"CHR 7",1,2,6,"I Formation Normal FL Hitch","4-3 Normal CB2 Blitz",6,0,0,"2-6-CHR 7 (11:26) 3-Daniel Villalobos pass complete to 89-Scott Christie to CHR 1 for 6 yards. Tackle by 42-Robert Wilson.","#3 Daniel Villalobos - QB","#39 Thomas Williams - RB",,,"#26 William Keller - FB","#89 Scott Christie - TE",,"#10 Jaime Curtis - WR",,"#82 Derick Davis - WR",,,"#77 Arthur Peters - RT","#62 David Royer - RG","#73 Dennis Marte - C","#72 Pedro Daniels - RG","#64 John Kelley - RT",,"#94 Gerald Taylor - LDE",,"#95 Ralph Weiss - DT","#92 Craig Michael - DT","#98 Karl Bullock - RDE","#57 John Hurd - SLB","#55 Pete Dennis - MLB",,"#53 Scotty Duck - WLB","#32 Rudy Pike - CB","#33 Nick Watts - CB",,,,"#40 Dennis Woodall - SS","#42 Robert Wilson - FS",,,,,,,,,,,,,,,,,,,,,,,,,,,,,,,,,,,,
VIR,10:49,"CHR 1",1,3,,"I Formation 3WR HB Inside Weak","Nickel Normal Double WR2",1,6,0,"3-1-CHR 1 (10:48) 39-Thomas Williams ran for 1 yards. TOUCHDOWN! VIR 6 CHR 0","#3 Daniel Villalobos - QB","#39 Thomas Williams - RB",,,"#26 William Keller - FB",,,"#10 Jaime Curtis - WR","#85 Robert Carpenter - WR","#82 Derick Davis - WR",,,"#77 Arthur Peters - RT","#62 David Royer - RG","#73 Dennis Marte - C","#72 Pedro Daniels - RG","#64 John Kelley - RT",,"#94 Gerald Taylor - LDE",,"#95 Ralph Weiss - DT","#92 Craig Michael - DT","#98 Karl Bullock - RDE",,"#55 Pete Dennis - MLB",,"#53 Scotty Duck - WLB","#32 Rudy Pike - CB","#33 Nick Watts - CB",,"#34 Ronald Calhoun - CB",,"#40 Dennis Woodall - SS","#42 Robert Wilson - FS",,,,,,,,,,,,,,,,,,,,,,,,,,,,,,,,,,,,
VIR,10:45,"CHR 15",1,7,15,"Field Goal","FG Block",25,7,0,"(10:46) Extra point GOOD by 13-Dennis Johnson. VIR 7 CHR 0",,,,,,,,,,,,,,,,,,,,,,,,,,,,,,,,,,,,"#3 Daniel Villalobos - QB","#64 John Kelley - RT",,,,,,,,,,,,,,"#13 Dennis Johnson - K","#89 Scott Christie - TE","#26 William Keller - FB","#72 Pedro Daniels - RG","#73 Dennis Marte - C","#77 Arthur Peters - RT","#63 Guy Lopez - C","#62 David Royer - RG","#58 David Krieger - C","#95 Ralph Weiss - DT","#93 Dustin Thompson - RDE","#98 Karl Bullock - RDE","#94 Gerald Taylor - LDE","#91 Robert Vanbuskirk - MLB","#99 Vance Donlon - MLB","#52 Louis Lewis - DT","#97 Joseph Walker - LDE","#55 Pete Dennis - MLB","#92 Craig Michael - DT","#74 Stephen Satterfield - DT"
VIR,10:45,"VIR 35",1,6,10,Kickoff,"Kick Return",,7,0,"(10:46) 13-Dennis Johnson kicks 73 yards from VIR 35 to CHR -8. 12-John Perkins to CHR 17 for 25 yards. Tackle by 35-Dorian Young.",,,,,,,,,,,,,,,,,,,,,,,,,,,,,,,,,,,,,,"#12 John Perkins - WR",,"#97 Joseph Walker - LDE","#98 Karl Bullock - RDE","#93 Dustin Thompson - RDE","#95 Ralph Weiss - DT","#94 Gerald Taylor - LDE","#40 Dennis Woodall - SS","#32 Rudy Pike - CB","#55 Pete Dennis - MLB","#74 Stephen Satterfield - DT","#34 Ronald Calhoun - CB","#13 Dennis Johnson - K",,,,,,,,,,,,,,,,,,,,
CHR,10:41,"CHR 17",1,1,10,"I Formation Power HB Strong Outside","Dime Flat Man Cover 1",1,7,0,"1-10-CHR 17 (10:42) 27-Kris Smithson ran to CHR 18 for 1 yards. Tackle by 96-Terrance Peden.","#7 Joseph Matthews - QB","#27 Kris Smithson - RB",,"#29 John Regina - RB","#30 Luis Swint - FB","#87 Michael Bryant - TE",,"#11 Michael Barber - WR",,,,,"#75 Harold Turner - LT","#60 Alan Charest - LG","#54 Terry Schafer - C","#63 Charles Richards - RG","#73 Douglas Lowery - RT",,"#97 Jimmy Auer - LDE",,"#71 Jessie Nishimura - DT","#60 Michael Beil - DT","#96 Terrance Peden - RDE",,"#90 Christopher Tran - MLB",,,"#38 Antonio Johnson - CB","#21 Conrad Conner - CB","#56 Fast Eddie  Solerno - WLB","#35 Dorian Young - SS",,"#59 Brandon Beaufort - SS","#27 Daniel McGuire - FS",,,,,,,,,,,,,,,,,,,,,,,,,,,,,,,,,,,,
CHR,10:04,"CHR 18",1,2,9,"I Formation 3WR HB Inside Weak","Dime Flat Man Cover 1",7,7,0,"2-9-CHR 18 (10:03) 27-Kris Smithson ran to CHR 25 for 7 yards. Tackle by 59-Brandon Beaufort.","#7 Joseph Matthews - QB","#27 Kris Smithson - RB",,,"#30 Luis Swint - FB",,,"#11 Michael Barber - WR","#17 Jon Smith - WR","#12 John Perkins - WR",,,"#75 Harold Turner - LT","#60 Alan Charest - LG","#54 Terry Schafer - C","#63 Charles Richards - RG","#73 Douglas Lowery - RT",,"#97 Jimmy Auer - LDE",,"#71 Jessie Nishimura - DT","#60 Michael Beil - DT","#96 Terrance Peden - RDE",,"#90 Christopher Tran - MLB",,,"#38 Antonio Johnson - CB","#21 Conrad Conner - CB","#56 Fast Eddie  Solerno - WLB","#35 Dorian Young - SS",,"#59 Brandon Beaufort - SS","#27 Daniel McGuire - FS",,,,,,,,,,,,,,,,,,,,,,,,,,,,,,,,,,,,
,10:00,,1,3,2,,,,7,0,"Timeout CHR",,,,,,,,,,,,,,,,,,,,,,,,,,,,,,,,,,,,,,,,,,,,,,,,,,,,,,,,,,,,,,,,,,,,,,
CHR,9:19,"CHR 25",1,3,2,"I Formation 3WR HB Inside Strong","Dime Flat Man Cover 1",4,7,0,"3-2-CHR 25 (9:20) 27-Kris Smithson ran to CHR 29 for 4 yards. Tackle by 59-Brandon Beaufort.","#7 Joseph Matthews - QB","#27 Kris Smithson - RB",,,"#30 Luis Swint - FB",,,"#11 Michael Barber - WR","#17 Jon Smith - WR","#12 John Perkins - WR",,,"#75 Harold Turner - LT","#60 Alan Charest - LG","#54 Terry Schafer - C","#63 Charles Richards - RG","#73 Douglas Lowery - RT",,"#97 Jimmy Auer - LDE",,"#71 Jessie Nishimura - DT","#60 Michael Beil - DT","#96 Terrance Peden - RDE",,"#90 Christopher Tran - MLB",,,"#38 Antonio Johnson - CB","#21 Conrad Conner - CB","#56 Fast Eddie  Solerno - WLB","#35 Dorian Young - SS",,"#59 Brandon Beaufort - SS","#27 Daniel McGuire - FS",,,,,,,,,,,,,,,,,,,,,,,,,,,,,,,,,,,,
CHR,8:39,"CHR 29",1,1,10,"I Formation Power HB Strong Outside","Dime Flat Man Cover 1",2,7,0,"1-10-CHR 29 (8:38) 27-Kris Smithson ran to CHR 31 for 2 yards. Tackle by 90-Christopher Tran.","#7 Joseph Matthews - QB","#27 Kris Smithson - RB",,"#29 John Regina - RB","#30 Luis Swint - FB","#87 Michael Bryant - TE",,"#11 Michael Barber - WR",,,,,"#75 Harold Turner - LT","#60 Alan Charest - LG","#54 Terry Schafer - C","#63 Charles Richards - RG","#73 Douglas Lowery - RT",,"#97 Jimmy Auer - LDE",,"#71 Jessie Nishimura - DT","#60 Michael Beil - DT","#96 Terrance Peden - RDE",,"#90 Christopher Tran - MLB",,,"#38 Antonio Johnson - CB","#21 Conrad Conner - CB","#56 Fast Eddie  Solerno - WLB","#35 Dorian Young - SS",,"#59 Brandon Beaufort - SS","#27 Daniel McGuire - FS",,,,,,,,,,,,,,,,,,,,,,,,,,,,,,,,,,,,
CHR,7:57,"CHR 31",1,2,8,"Shotgun 2 RB 3 WR FL Drag","Dime Flat Man Cover 1",,7,0,"2-8-CHR 31 (7:56) 7-Joseph Matthews pass Pass knocked down by 38-Antonio Johnson. incomplete, intended for 27-Kris Smithson.","#7 Joseph Matthews - QB","#27 Kris Smithson - RB","#20 Billy Gonzalez - RB",,,,,"#11 Michael Barber - WR","#17 Jon Smith - WR","#12 John Perkins - WR",,,"#75 Harold Turner - LT","#60 Alan Charest - LG","#54 Terry Schafer - C","#63 Charles Richards - RG","#73 Douglas Lowery - RT",,"#97 Jimmy Auer - LDE",,"#71 Jessie Nishimura - DT","#60 Michael Beil - DT","#96 Terrance Peden - RDE",,"#90 Christopher Tran - MLB",,,"#38 Antonio Johnson - CB","#21 Conrad Conner - CB","#56 Fast Eddie  Solerno - WLB","#35 Dorian Young - SS",,"#59 Brandon Beaufort - SS","#27 Daniel McGuire - FS",,,,,,,,,,,,,,,,,,,,,,,,,,,,,,,,,,,,
CHR,7:52,"CHR 31",1,3,8,"Goal Line Normal HB Dive","Dime Flat Man Cover 1",1,7,0,"3-8-CHR 31 (7:53) 27-Kris Smithson ran to CHR 33 for 1 yards. Tackle by 71-Jessie Nishimura.","#7 Joseph Matthews - QB","#27 Kris Smithson - RB",,"#29 John Regina - RB","#30 Luis Swint - FB","#87 Michael Bryant - TE","#84 Jason Aguirre - TE",,,,,,"#75 Harold Turner - LT","#60 Alan Charest - LG","#54 Terry Schafer - C","#63 Charles Richards - RG","#73 Douglas Lowery - RT",,"#97 Jimmy Auer - LDE",,"#71 Jessie Nishimura - DT","#60 Michael Beil - DT","#96 Terrance Peden - RDE",,"#90 Christopher Tran - MLB",,,"#38 Antonio Johnson - CB","#21 Conrad Conner - CB","#56 Fast Eddie  Solerno - WLB","#35 Dorian Young - SS",,"#59 Brandon Beaufort - SS","#27 Daniel McGuire - FS",,,,,,,,,,,,,,,,,,,,,,,,,,,,,,,,,,,,
CHR,7:16,"CHR 33",1,4,6,Punt,"Punt Return",,7,0,"4-6-CHR 33 (7:15) 2-Jethro Carper punts 46 yards to VIR 22. 26-William Keller to VIR 42 for 21 yards. Pushed out of bounds by 73-Douglas Lowery.",,,,,,,,,,,,,,,,,,"#2 Jethro Carper - P",,,,,,,,,,,,,,,,,,,"#63 Charles Richards - RG",,"#26 William Keller - FB",,,"#38 Antonio Johnson - CB","#39 Thomas Williams - RB","#59 Brandon Beaufort - SS",,"#21 Conrad Conner - CB","#27 Daniel McGuire - FS",,"#35 Dorian Young - SS",,,,"#97 Joseph Walker - LDE","#70 Charles Wiltshire - RT","#75 Harold Turner - LT","#78 Paul Matthews - LT","#73 Douglas Lowery - RT","#60 Alan Charest - LG",,"#71 Jessie Nishimura - DT","#55 John Hudson - SLB","#96 Terrance Peden - RDE","#97 Jimmy Auer - LDE",,,,,,,
VIR,7:03,"VIR 42",1,1,10,"I Formation Normal FL Hitch","4-3 Under Wide Line",11,7,0,"1-10-VIR 42 (7:04) 3-Daniel Villalobos pass complete to 89-Scott Christie to CHR 47 for 11 yards. Tackle by 33-Nick Watts.","#3 Daniel Villalobos - QB","#40 Brian Cotter - RB",,,"#39 Thomas Williams - RB","#89 Scott Christie - TE",,"#10 Jaime Curtis - WR",,"#82 Derick Davis - WR",,,"#77 Arthur Peters - RT","#62 David Royer - RG","#73 Dennis Marte - C","#72 Pedro Daniels - RG","#64 John Kelley - RT",,"#74 Stephen Satterfield - DT",,"#95 Ralph Weiss - DT","#92 Craig Michael - DT","#98 Karl Bullock - RDE","#57 John Hurd - SLB","#55 Pete Dennis - MLB",,"#53 Scotty Duck - WLB","#32 Rudy Pike - CB","#33 Nick Watts - CB",,,,"#40 Dennis Woodall - SS","#42 Robert Wilson - FS",,,,,,,,,,,,,,,,,,,,,,,,,,,,,,,,,,,,
VIR,6:28,"CHR 47",1,1,10,"I Formation 3WR HB Inside Weak","Nickel 3-3-5 Cover 2 Man Under",6,7,0,"1-10-CHR 47 (6:27) 39-Thomas Williams ran to CHR 41 for 6 yards. Tackle by 42-Robert Wilson.","#3 Daniel Villalobos - QB","#39 Thomas Williams - RB",,,"#26 William Keller - FB",,,"#10 Jaime Curtis - WR","#85 Robert Carpenter - WR","#82 Derick Davis - WR",,,"#77 Arthur Peters - RT","#62 David Royer - RG","#73 Dennis Marte - C","#72 Pedro Daniels - RG","#64 John Kelley - RT",,"#94 Gerald Taylor - LDE",,"#95 Ralph Weiss - DT",,"#98 Karl Bullock - RDE","#57 John Hurd - SLB","#55 Pete Dennis - MLB",,"#53 Scotty Duck - WLB","#32 Rudy Pike - CB","#33 Nick Watts - CB",,"#34 Ronald Calhoun - CB",,"#40 Dennis Woodall - SS","#42 Robert Wilson - FS",,,,,,,,,,,,,,,,,,,,,,,,,,,,,,,,,,,,
VIR,5:52,"CHR 41",1,2,4,"I Formation 3WR Weak Flood","Nickel 3-3-5 Cover 2 Man Under",2,7,0,"2-4-CHR 41 (5:51) 3-Daniel Villalobos pass complete to 26-William Keller to CHR 39 for 2 yards. Tackle by 59-Scotty Duck.","#3 Daniel Villalobos - QB","#39 Thomas Williams - RB",,,"#26 William Keller - FB",,,"#10 Jaime Curtis - WR","#85 Robert Carpenter - WR","#82 Derick Davis - WR",,,"#77 Arthur Peters - RT","#62 David Royer - RG","#73 Dennis Marte - C","#72 Pedro Daniels - RG","#64 John Kelley - RT",,"#94 Gerald Taylor - LDE",,"#95 Ralph Weiss - DT",,"#98 Karl Bullock - RDE","#57 John Hurd - SLB","#55 Pete Dennis - MLB",,"#53 Scotty Duck - WLB","#32 Rudy Pike - CB","#33 Nick Watts - CB",,"#34 Ronald Calhoun - CB",,"#40 Dennis Woodall - SS","#42 Robert Wilson - FS",,,,,,,,,,,,,,,,,,,,,,,,,,,,,,,,,,,,
VIR,5:13,"CHR 39",1,3,2,"Singleback Big WR Deep","4-3 Normal Man QB Spy",-8,7,0,"3-2-CHR 39 (5:12) 3-Daniel Villalobos sacked at CHR 47 for -8 yards (98-Karl Bullock). Sack allowed by 77-Arthur Peters.","#3 Daniel Villalobos - QB","#39 Thomas Williams - RB",,,,"#89 Scott Christie - TE","#52 Larry Campbell - RG","#10 Jaime Curtis - WR",,"#82 Derick Davis - WR",,,"#77 Arthur Peters - RT","#62 David Royer - RG","#73 Dennis Marte - C","#72 Pedro Daniels - RG","#64 John Kelley - RT",,"#94 Gerald Taylor - LDE",,"#95 Ralph Weiss - DT","#92 Craig Michael - DT","#98 Karl Bullock - RDE","#57 John Hurd - SLB","#55 Pete Dennis - MLB",,"#53 Scotty Duck - WLB","#32 Rudy Pike - CB","#33 Nick Watts - CB",,,,"#40 Dennis Woodall - SS","#42 Robert Wilson - FS",,,,,,,,,,,,,,,,,,,,,,,,,,,,,,,,,,,,
VIR,4:32,"CHR 47",1,4,10,Punt,"Punt Return",37,7,0,"4-10-CHR 47 (4:31) 5-Billy Reeves punts 37 yards to CHR 10.",,,,,,,,,,,,,,,,,,"#5 Billy Reeves - P",,,,,,,,,,,,,,,,,,,"#64 John Kelley - RT",,"#12 John Perkins - WR",,,"#32 Rudy Pike - CB","#74 Stephen Satterfield - DT","#94 Gerald Taylor - LDE",,"#55 Pete Dennis - MLB","#34 Ronald Calhoun - CB",,"#40 Dennis Woodall - SS",,,,"#26 William Keller - FB","#72 Pedro Daniels - RG","#73 Dennis Marte - C","#77 Arthur Peters - RT","#63 Guy Lopez - C","#62 David Royer - RG",,"#97 Joseph Walker - LDE","#93 Dustin Thompson - RDE","#98 Karl Bullock - RDE","#95 Ralph Weiss - DT",,,,,,,
CHR,4:21,"CHR 10",1,1,10,"Goal Line Normal HB Toss Strong","Dime Flat Man Cover 1",-1,7,0,"1-10-CHR 10 (4:22) 27-Kris Smithson ran to CHR 9 for -1 yards. Tackle by 97-Jimmy Auer. 87-Michael Bryant was completely beat on that play.","#7 Joseph Matthews - QB","#27 Kris Smithson - RB",,"#29 John Regina - RB","#30 Luis Swint - FB","#87 Michael Bryant - TE","#84 Jason Aguirre - TE",,,,,,"#75 Harold Turner - LT","#60 Alan Charest - LG","#54 Terry Schafer - C","#63 Charles Richards - RG","#73 Douglas Lowery - RT",,"#97 Jimmy Auer - LDE",,"#71 Jessie Nishimura - DT","#60 Michael Beil - DT","#96 Terrance Peden - RDE",,"#90 Christopher Tran - MLB",,,"#21 Conrad Conner - CB","#38 Antonio Johnson - CB","#56 Fast Eddie  Solerno - WLB","#59 Brandon Beaufort - SS",,"#35 Dorian Young - SS","#27 Daniel McGuire - FS",,,,,,,,,,,,,,,,,,,,,,,,,,,,,,,,,,,,
CHR,3:46,"CHR 9",1,2,11,"I Formation Normal FL Hitch","Dime Flat Man Cover 1",,7,0,"2-11-CHR 9 (3:45) 7-Joseph Matthews pass Pass knocked down by 27-Daniel McGuire. incomplete, intended for 12-John Perkins.","#7 Joseph Matthews - QB","#27 Kris Smithson - RB",,,"#30 Luis Swint - FB","#87 Michael Bryant - TE",,"#11 Michael Barber - WR",,"#12 John Perkins - WR",,,"#75 Harold Turner - LT","#60 Alan Charest - LG","#54 Terry Schafer - C","#63 Charles Richards - RG","#73 Douglas Lowery - RT",,"#97 Jimmy Auer - LDE",,"#71 Jessie Nishimura - DT","#60 Michael Beil - DT","#96 Terrance Peden - RDE",,"#90 Christopher Tran - MLB",,,"#38 Antonio Johnson - CB","#21 Conrad Conner - CB","#56 Fast Eddie  Solerno - WLB","#59 Brandon Beaufort - SS",,"#35 Dorian Young - SS","#27 Daniel McGuire - FS",,,,,,,,,,,,,,,,,,,,,,,,,,,,,,,,,,,,
CHR,3:41,"CHR 9",1,3,11,"Shotgun 2 RB 3 WR Strong Deep","Dime Flat Man Cover 1",-10,9,0,"3-11-CHR 9 (3:42) 7-Joseph Matthews sacked at CHR -1 for -10 yards (96-Terrance Peden). Sack allowed by 75-Harold Turner. SAFETY! (96-Terrance Peden) VIR 9 CHR 0","#7 Joseph Matthews - QB","#27 Kris Smithson - RB","#20 Billy Gonzalez - RB",,,,,"#11 Michael Barber - WR","#17 Jon Smith - WR","#12 John Perkins - WR",,,"#75 Harold Turner - LT","#60 Alan Charest - LG","#54 Terry Schafer - C","#63 Charles Richards - RG","#73 Douglas Lowery - RT",,"#97 Jimmy Auer - LDE",,"#71 Jessie Nishimura - DT","#60 Michael Beil - DT","#96 Terrance Peden - RDE",,"#90 Christopher Tran - MLB",,,"#35 Dorian Young - SS","#21 Conrad Conner - CB","#56 Fast Eddie  Solerno - WLB","#59 Brandon Beaufort - SS",,"#38 Antonio Johnson - CB","#27 Daniel McGuire - FS",,,,,,,,,,,,,,,,,,,,,,,,,,,,,,,,,,,,
CHR,3:38,"CHR 20",1,6,10,Kickoff,"Kick Return",,15,0,"(3:39) 18-Jeffrey Roland kicks 76 yards from CHR 20 to VIR 4. 26-William Keller for 97yards. TOUCHDOWN! VIR 15 CHR 0",,,,,,,,,,,,,,,,,,,,,,,,,,,,,,,,,,,,,,"#26 William Keller - FB",,"#38 Antonio Johnson - CB","#40 Brian Cotter - RB","#35 Dorian Young - SS","#87 James Lewis - WR","#27 Daniel McGuire - FS","#85 Robert Carpenter - WR","#39 Thomas Williams - RB","#10 Jaime Curtis - WR","#82 Derick Davis - WR","#12 Matt Duarte - WR","#18 Jeffrey Roland - K",,,,,,,,,,,,,,,,,,,,
VIR,3:24,"CHR 15",1,7,15,"Field Goal","FG Block",25,16,0,"(3:25) Extra point GOOD by 13-Dennis Johnson. VIR 16 CHR 0",,,,,,,,,,,,,,,,,,,,,,,,,,,,,,,,,,,,"#3 Daniel Villalobos - QB","#64 John Kelley - RT",,,,,,,,,,,,,,"#13 Dennis Johnson - K","#51 Harold Hinds - RT","#62 David Royer - RG","#72 Pedro Daniels - RG","#73 Dennis Marte - C","#77 Arthur Peters - RT","#63 Guy Lopez - C","#58 David Krieger - C","#89 Scott Christie - TE","#52 Louis Lewis - DT","#93 Dustin Thompson - RDE","#98 Karl Bullock - RDE","#92 Craig Michael - DT","#97 Joseph Walker - LDE","#55 Pete Dennis - MLB","#95 Ralph Weiss - DT","#91 Robert Vanbuskirk - MLB","#99 Vance Donlon - MLB","#53 Scotty Duck - WLB","#94 Gerald Taylor - LDE"
VIR,3:24,"VIR 35",1,6,10,Kickoff,"Kick Return",,16,0,"(3:25) 13-Dennis Johnson kicks 75 yards from VIR 35 to CHR -10. Touchback.",,,,,,,,,,,,,,,,,,,,,,,,,,,,,,,,,,,,,,"#12 John Perkins - WR",,"#40 Dennis Woodall - SS","#74 Stephen Satterfield - DT","#93 Dustin Thompson - RDE","#98 Karl Bullock - RDE","#94 Gerald Taylor - LDE","#55 Pete Dennis - MLB","#32 Rudy Pike - CB","#34 Ronald Calhoun - CB","#97 Joseph Walker - LDE","#95 Ralph Weiss - DT","#13 Dennis Johnson - K",,,,,,,,,,,,,,,,,,,,
CHR,3:24,"CHR 25",1,1,10,"Goal Line Normal HB Toss Strong","Dime Flat Man Cover 1",11,16,0,"1-10-CHR 25 (3:25) 27-Kris Smithson ran to CHR 36 for 11 yards. Tackle by 56-Fast Eddie  Solerno.","#7 Joseph Matthews - QB","#27 Kris Smithson - RB",,"#29 John Regina - RB","#30 Luis Swint - FB","#87 Michael Bryant - TE","#84 Jason Aguirre - TE",,,,,,"#75 Harold Turner - LT","#60 Alan Charest - LG","#54 Terry Schafer - C","#63 Charles Richards - RG","#73 Douglas Lowery - RT",,"#97 Jimmy Auer - LDE",,"#71 Jessie Nishimura - DT","#60 Michael Beil - DT","#96 Terrance Peden - RDE",,"#90 Christopher Tran - MLB",,,"#38 Antonio Johnson - CB","#21 Conrad Conner - CB","#56 Fast Eddie  Solerno - WLB","#35 Dorian Young - SS",,"#59 Brandon Beaufort - SS","#27 Daniel McGuire - FS",,,,,,,,,,,,,,,,,,,,,,,,,,,,,,,,,,,,
CHR,2:49,"CHR 36",1,1,10,"Shotgun Normal HB Dive","Dime Flat Man Cover 1",1,16,0,"1-10-CHR 36 (2:48) 20-Billy Gonzalez ran to CHR 36 for a short loss. 20-Billy Gonzalez FUMBLES (90-Christopher Tran) Tackle by 90-Christopher Tran.","#7 Joseph Matthews - QB","#20 Billy Gonzalez - RB",,,,"#87 Michael Bryant - TE",,"#11 Michael Barber - WR","#17 Jon Smith - WR","#12 John Perkins - WR",,,"#75 Harold Turner - LT","#60 Alan Charest - LG","#54 Terry Schafer - C","#63 Charles Richards - RG","#73 Douglas Lowery - RT",,"#97 Jimmy Auer - LDE",,"#71 Jessie Nishimura - DT","#60 Michael Beil - DT","#96 Terrance Peden - RDE",,"#90 Christopher Tran - MLB",,,"#38 Antonio Johnson - CB","#21 Conrad Conner - CB","#56 Fast Eddie  Solerno - WLB","#35 Dorian Young - SS",,"#59 Brandon Beaufort - SS","#27 Daniel McGuire - FS",,,,,,,,,,,,,,,,,,,,,,,,,,,,,,,,,,,,
CHR,2:05,"CHR 36",1,2,9,"Goal Line Normal HB Outside Strong","Dime Flat Man Cover 1",3,16,0,"2-9-CHR 36 (2:04) 27-Kris Smithson ran to CHR 40 for 3 yards. Tackle by 59-Brandon Beaufort. 29-John Regina totally missed that block.","#7 Joseph Matthews - QB","#27 Kris Smithson - RB",,"#29 John Regina - RB","#30 Luis Swint - FB","#87 Michael Bryant - TE","#84 Jason Aguirre - TE",,,,,,"#75 Harold Turner - LT","#60 Alan Charest - LG","#54 Terry Schafer - C","#63 Charles Richards - RG","#73 Douglas Lowery - RT",,"#97 Jimmy Auer - LDE",,"#71 Jessie Nishimura - DT","#60 Michael Beil - DT","#96 Terrance Peden - RDE",,"#90 Christopher Tran - MLB",,,"#38 Antonio Johnson - CB","#21 Conrad Conner - CB","#56 Fast Eddie  Solerno - WLB","#35 Dorian Young - SS",,"#59 Brandon Beaufort - SS","#27 Daniel McGuire - FS",,,,,,,,,,,,,,,,,,,,,,,,,,,,,,,,,,,,
CHR,1:27,"CHR 40",1,3,6,"I Formation 3WR HB Inside Weak","Dime Flat Man Cover 1",,16,0,"3-6-CHR 40 (1:26) 27-Kris Smithson ran to CHR 40 for a short gain. Tackle by 96-Terrance Peden.","#7 Joseph Matthews - QB","#27 Kris Smithson - RB",,,"#30 Luis Swint - FB",,,"#11 Michael Barber - WR","#17 Jon Smith - WR","#12 John Perkins - WR",,,"#75 Harold Turner - LT","#60 Alan Charest - LG","#54 Terry Schafer - C","#63 Charles Richards - RG","#73 Douglas Lowery - RT",,"#97 Jimmy Auer - LDE",,"#71 Jessie Nishimura - DT","#60 Michael Beil - DT","#96 Terrance Peden - RDE",,"#90 Christopher Tran - MLB",,,"#38 Antonio Johnson - CB","#21 Conrad Conner - CB","#56 Fast Eddie  Solerno - WLB","#35 Dorian Young - SS",,"#59 Brandon Beaufort - SS","#27 Daniel McGuire - FS",,,,,,,,,,,,,,,,,,,,,,,,,,,,,,,,,,,,
CHR,0:42,"CHR 40",1,4,6,Punt,"Punt Return",,16,0,"4-6-CHR 40 (0:41) 2-Jethro Carper punts 51 yards to VIR 10. 26-William Keller to VIR 21 for 12 yards. Tackle by 63-Charles Richards.",,,,,,,,,,,,,,,,,,"#2 Jethro Carper - P",,,,,,,,,,,,,,,,,,,"#63 Charles Richards - RG",,"#26 William Keller - FB",,,"#38 Antonio Johnson - CB","#39 Thomas Williams - RB","#59 Brandon Beaufort - SS",,"#21 Conrad Conner - CB","#27 Daniel McGuire - FS",,"#35 Dorian Young - SS",,,,"#97 Joseph Walker - LDE","#70 Charles Wiltshire - RT","#75 Harold Turner - LT","#78 Paul Matthews - LT","#73 Douglas Lowery - RT","#60 Alan Charest - LG",,"#71 Jessie Nishimura - DT","#55 John Hudson - SLB","#96 Terrance Peden - RDE","#97 Jimmy Auer - LDE",,,,,,,
VIR,0:31,"VIR 21",1,1,10,"Weak I Normal HB Inside Weak","4-3 Normal WLB Outside Blitz",-0,16,0,"1-10-VIR 21 (0:32) 40-Brian Cotter ran to VIR 21 for a short loss. Tackle by 59-Scotty Duck.","#3 Daniel Villalobos - QB","#40 Brian Cotter - RB",,,"#26 William Keller - FB","#89 Scott Christie - TE",,"#10 Jaime Curtis - WR",,"#82 Derick Davis - WR",,,"#77 Arthur Peters - RT","#62 David Royer - RG","#73 Dennis Marte - C","#72 Pedro Daniels - RG","#64 John Kelley - RT",,"#97 Joseph Walker - LDE",,"#95 Ralph Weiss - DT","#92 Craig Michael - DT","#98 Karl Bullock - RDE","#57 John Hurd - SLB","#55 Pete Dennis - MLB",,"#53 Scotty Duck - WLB","#32 Rudy Pike - CB","#33 Nick Watts - CB",,,,"#40 Dennis Woodall - SS","#42 Robert Wilson - FS",,,,,,,,,,,,,,,,,,,,,,,,,,,,,,,,,,,,
,0:00,,1,2,10,,,,16,0,"End of first quarter.",,,,,,,,,,,,,,,,,,,,,,,,,,,,,,,,,,,,,,,,,,,,,,,,,,,,,,,,,,,,,,,,,,,,,,
VIR,15:00,"VIR 21",2,2,10,"Weak I Normal FB Inside Weak","4-3 Under Double Safety Blitz",2,16,0,"2-10-VIR 21 (15:00) 26-William Keller ran to VIR 24 for 2 yards. Tackle by 42-Robert Wilson. CHR 95-Ralph Weiss was injured on the play. He looks like he should be able to return.","#3 Daniel Villalobos - QB","#39 Thomas Williams - RB",,,"#26 William Keller - FB","#89 Scott Christie - TE",,"#10 Jaime Curtis - WR",,"#82 Derick Davis - WR",,,"#77 Arthur Peters - RT","#62 David Royer - RG","#73 Dennis Marte - C","#72 Pedro Daniels - RG","#64 John Kelley - RT",,"#94 Gerald Taylor - LDE",,"#95 Ralph Weiss - DT","#92 Craig Michael - DT","#98 Karl Bullock - RDE","#57 John Hurd - SLB","#55 Pete Dennis - MLB",,"#53 Scotty Duck - WLB","#32 Rudy Pike - CB","#33 Nick Watts - CB",,,,"#40 Dennis Woodall - SS","#42 Robert Wilson - FS",,,,,,,,,,,,,,,,,,,,,,,,,,,,,,,,,,,,
VIR,14:17,"VIR 24",2,3,8,"I Formation Normal FL Hitch","4-3 Under Crowd Middle",9,16,0,"3-8-VIR 24 (14:16) 3-Daniel Villalobos pass complete to 89-Scott Christie to VIR 33 for 9 yards. Tackle by 57-John Hurd.","#3 Daniel Villalobos - QB","#39 Thomas Williams - RB",,,"#26 William Keller - FB","#89 Scott Christie - TE",,"#10 Jaime Curtis - WR",,"#82 Derick Davis - WR",,,"#77 Arthur Peters - RT","#62 David Royer - RG","#73 Dennis Marte - C","#72 Pedro Daniels - RG","#64 John Kelley - RT",,"#94 Gerald Taylor - LDE",,"#92 Craig Michael - DT","#74 Stephen Satterfield - DT","#98 Karl Bullock - RDE","#57 John Hurd - SLB","#55 Pete Dennis - MLB",,"#53 Scotty Duck - WLB","#32 Rudy Pike - CB","#33 Nick Watts - CB",,,,"#40 Dennis Woodall - SS","#42 Robert Wilson - FS",,,,,,,,,,,,,,,,,,,,,,,,,,,,,,,,,,,,
VIR,13:42,"VIR 33",2,1,10,"I Formation 3WR WR Out","Nickel 3-3-5 Cover 2 Man Under",3,16,0,"1-10-VIR 33 (13:41) 3-Daniel Villalobos pass complete to 10-Jaime Curtis to VIR 35 for 3 yards. Tackle by 32-Rudy Pike. 10-Jaime Curtis breaks down the CB.","#3 Daniel Villalobos - QB","#39 Thomas Williams - RB",,,"#26 William Keller - FB",,,"#10 Jaime Curtis - WR","#85 Robert Carpenter - WR","#82 Derick Davis - WR",,,"#77 Arthur Peters - RT","#62 David Royer - RG","#73 Dennis Marte - C","#72 Pedro Daniels - RG","#64 John Kelley - RT",,"#94 Gerald Taylor - LDE",,"#92 Craig Michael - DT",,"#98 Karl Bullock - RDE","#57 John Hurd - SLB","#55 Pete Dennis - MLB",,"#53 Scotty Duck - WLB","#32 Rudy Pike - CB","#33 Nick Watts - CB",,"#34 Ronald Calhoun - CB",,"#40 Dennis Woodall - SS","#42 Robert Wilson - FS",,,,,,,,,,,,,,,,,,,,,,,,,,,,,,,,,,,,
VIR,13:06,"VIR 35",2,2,7,"I Formation 3WR Weak Flood","Nickel Normal 3 Deep Man Under",,16,0,"2-7-VIR 35 (13:05) 3-Daniel Villalobos pass Pass knocked down by 55-Pete Dennis. incomplete, intended for 85-Robert Carpenter.","#3 Daniel Villalobos - QB","#39 Thomas Williams - RB",,,"#26 William Keller - FB",,,"#10 Jaime Curtis - WR","#85 Robert Carpenter - WR","#82 Derick Davis - WR",,,"#77 Arthur Peters - RT","#62 David Royer - RG","#73 Dennis Marte - C","#72 Pedro Daniels - RG","#64 John Kelley - RT",,"#94 Gerald Taylor - LDE",,"#92 Craig Michael - DT","#74 Stephen Satterfield - DT","#98 Karl Bullock - RDE",,"#55 Pete Dennis - MLB",,"#53 Scotty Duck - WLB","#32 Rudy Pike - CB","#33 Nick Watts - CB",,"#34 Ronald Calhoun - CB",,"#40 Dennis Woodall - SS","#42 Robert Wilson - FS",,,,,,,,,,,,,,,,,,,,,,,,,,,,,,,,,,,,
VIR,13:01,"VIR 35",2,3,7,"Singleback 4 Wide WR Crosses","Nickel Normal Cover 2",8,16,0,"3-7-VIR 35 (13:02) 3-Daniel Villalobos pass complete to 10-Jaime Curtis to VIR 43 for 8 yards. Tackle by 59-Scotty Duck.","#3 Daniel Villalobos - QB","#39 Thomas Williams - RB",,,,,,"#10 Jaime Curtis - WR","#85 Robert Carpenter - WR","#82 Derick Davis - WR","#12 Matt Duarte - WR",,"#77 Arthur Peters - RT","#62 David Royer - RG","#73 Dennis Marte - C","#72 Pedro Daniels - RG","#64 John Kelley - RT",,"#94 Gerald Taylor - LDE",,"#92 Craig Michael - DT","#74 Stephen Satterfield - DT","#98 Karl Bullock - RDE",,"#55 Pete Dennis - MLB",,"#53 Scotty Duck - WLB","#32 Rudy Pike - CB","#33 Nick Watts - CB",,"#34 Ronald Calhoun - CB",,"#40 Dennis Woodall - SS","#42 Robert Wilson - FS",,,,,,,,,,,,,,,,,,,,,,,,,,,,,,,,,,,,
VIR,12:22,"VIR 43",2,1,10,"Shotgun Normal HB Flare","Nickel Normal Man Cover 2",2,16,0,"1-10-VIR 43 (12:21) 3-Daniel Villalobos pass complete to 39-Thomas Williams to VIR 45 for 2 yards. Tackle by 59-Scotty Duck.","#3 Daniel Villalobos - QB","#39 Thomas Williams - RB",,,,"#89 Scott Christie - TE",,"#10 Jaime Curtis - WR","#85 Robert Carpenter - WR","#82 Derick Davis - WR",,,"#77 Arthur Peters - RT","#62 David Royer - RG","#73 Dennis Marte - C","#72 Pedro Daniels - RG","#64 John Kelley - RT",,"#94 Gerald Taylor - LDE",,"#92 Craig Michael - DT","#74 Stephen Satterfield - DT","#98 Karl Bullock - RDE",,"#55 Pete Dennis - MLB",,"#53 Scotty Duck - WLB","#32 Rudy Pike - CB","#33 Nick Watts - CB",,"#34 Ronald Calhoun - CB",,"#40 Dennis Woodall - SS","#42 Robert Wilson - FS",,,,,,,,,,,,,,,,,,,,,,,,,,,,,,,,,,,,
VIR,11:39,"VIR 45",2,2,8,"I Formation Normal FL Hitch","4-3 Under Double Safety Blitz",8,16,0,"2-8-VIR 45 (11:38) 3-Daniel Villalobos pass complete to 89-Scott Christie to CHR 47 for 8 yards. Tackle by 59-Scotty Duck.","#3 Daniel Villalobos - QB","#39 Thomas Williams - RB",,,"#26 William Keller - FB","#89 Scott Christie - TE",,"#82 Derick Davis - WR",,"#85 Robert Carpenter - WR",,,"#77 Arthur Peters - RT","#62 David Royer - RG","#73 Dennis Marte - C","#72 Pedro Daniels - RG","#64 John Kelley - RT",,"#94 Gerald Taylor - LDE",,"#95 Ralph Weiss - DT","#92 Craig Michael - DT","#98 Karl Bullock - RDE","#57 John Hurd - SLB","#55 Pete Dennis - MLB",,"#53 Scotty Duck - WLB","#32 Rudy Pike - CB","#33 Nick Watts - CB",,,,"#49 Aaron Montano - SS","#42 Robert Wilson - FS",,,,,,,,,,,,,,,,,,,,,,,,,,,,,,,,,,,,
VIR,11:07,"CHR 47",2,1,10,"I Formation 3WR WR Out","Nickel 3-3-5 Cover 2 Man Under",9,16,0,"1-10-CHR 47 (11:06) 3-Daniel Villalobos pass complete to 82-Derick Davis to CHR 38 for 9 yards. Tackle by 33-Nick Watts.","#3 Daniel Villalobos - QB","#39 Thomas Williams - RB",,,"#26 William Keller - FB",,,"#10 Jaime Curtis - WR","#85 Robert Carpenter - WR","#82 Derick Davis - WR",,,"#77 Arthur Peters - RT","#62 David Royer - RG","#73 Dennis Marte - C","#72 Pedro Daniels - RG","#64 John Kelley - RT",,"#94 Gerald Taylor - LDE",,"#95 Ralph Weiss - DT",,"#98 Karl Bullock - RDE","#57 John Hurd - SLB","#55 Pete Dennis - MLB",,"#53 Scotty Duck - WLB","#32 Rudy Pike - CB","#33 Nick Watts - CB",,"#34 Ronald Calhoun - CB",,"#40 Dennis Woodall - SS","#42 Robert Wilson - FS",,,,,,,,,,,,,,,,,,,,,,,,,,,,,,,,,,,,
VIR,10:29,"CHR 38",2,2,1,"Weak I Normal FB Inside Weak","4-3 Under Wide Line",5,16,0,"2-1-CHR 38 (10:28) 26-William Keller ran to CHR 33 for 5 yards. Tackle by 59-Scotty Duck.","#3 Daniel Villalobos - QB","#39 Thomas Williams - RB",,,"#26 William Keller - FB","#89 Scott Christie - TE",,"#10 Jaime Curtis - WR",,"#12 Matt Duarte - WR",,,"#77 Arthur Peters - RT","#62 David Royer - RG","#73 Dennis Marte - C","#72 Pedro Daniels - RG","#64 John Kelley - RT",,"#94 Gerald Taylor - LDE",,"#95 Ralph Weiss - DT","#92 Craig Michael - DT","#98 Karl Bullock - RDE","#57 John Hurd - SLB","#55 Pete Dennis - MLB",,"#53 Scotty Duck - WLB","#32 Rudy Pike - CB","#33 Nick Watts - CB",,,,"#40 Dennis Woodall - SS","#34 Ronald Calhoun - CB",,,,,,,,,,,,,,,,,,,,,,,,,,,,,,,,,,,,
VIR,9:46,"CHR 33",2,1,10,"I Formation Normal HB Draw","4-3 Under Shallow Right Zone",1,16,0,"1-10-CHR 33 (9:45) 39-Thomas Williams ran to CHR 32 for 1 yards. Tackle by 95-Ralph Weiss.","#3 Daniel Villalobos - QB","#39 Thomas Williams - RB",,,"#26 William Keller - FB","#89 Scott Christie - TE",,"#10 Jaime Curtis - WR",,"#82 Derick Davis - WR",,,"#77 Arthur Peters - RT","#62 David Royer - RG","#73 Dennis Marte - C","#72 Pedro Daniels - RG","#64 John Kelley - RT",,"#94 Gerald Taylor - LDE",,"#95 Ralph Weiss - DT","#92 Craig Michael - DT","#98 Karl Bullock - RDE","#57 John Hurd - SLB","#55 Pete Dennis - MLB",,"#53 Scotty Duck - WLB","#32 Rudy Pike - CB","#33 Nick Watts - CB",,,,"#40 Dennis Woodall - SS","#42 Robert Wilson - FS",,,,,,,,,,,,,,,,,,,,,,,,,,,,,,,,,,,,
VIR,9:02,"CHR 32",2,2,9,"I Formation Normal HB Draw","4-3 Normal Man QB Spy",1,16,0,"2-9-CHR 32 (9:01) 39-Thomas Williams ran to CHR 31 for 1 yards. Tackle by 92-Craig Michael.","#3 Daniel Villalobos - QB","#39 Thomas Williams - RB",,,"#26 William Keller - FB","#89 Scott Christie - TE",,"#10 Jaime Curtis - WR",,"#82 Derick Davis - WR",,,"#77 Arthur Peters - RT","#62 David Royer - RG","#73 Dennis Marte - C","#72 Pedro Daniels - RG","#64 John Kelley - RT",,"#94 Gerald Taylor - LDE",,"#95 Ralph Weiss - DT","#92 Craig Michael - DT","#98 Karl Bullock - RDE","#57 John Hurd - SLB","#55 Pete Dennis - MLB",,"#53 Scotty Duck - WLB","#32 Rudy Pike - CB","#33 Nick Watts - CB",,,,"#40 Dennis Woodall - SS","#42 Robert Wilson - FS",,,,,,,,,,,,,,,,,,,,,,,,,,,,,,,,,,,,
VIR,8:28,"CHR 31",2,3,8,"Weak I Normal HB Inside Weak","46 Heavy 2 Deep Man Under",1,16,0,"3-8-CHR 31 (8:27) 39-Thomas Williams ran to CHR 30 for 1 yards. Tackle by 92-Craig Michael.","#3 Daniel Villalobos - QB","#39 Thomas Williams - RB",,,"#26 William Keller - FB","#89 Scott Christie - TE",,"#10 Jaime Curtis - WR",,"#82 Derick Davis - WR",,,"#77 Arthur Peters - RT","#62 David Royer - RG","#73 Dennis Marte - C","#72 Pedro Daniels - RG","#64 John Kelley - RT",,"#94 Gerald Taylor - LDE",,"#95 Ralph Weiss - DT","#92 Craig Michael - DT","#98 Karl Bullock - RDE","#57 John Hurd - SLB","#55 Pete Dennis - MLB",,"#53 Scotty Duck - WLB","#32 Rudy Pike - CB","#33 Nick Watts - CB",,,,"#40 Dennis Woodall - SS","#42 Robert Wilson - FS",,,,,,,,,,,,,,,,,,,,,,,,,,,,,,,,,,,,
VIR,7:53,"CHR 30",2,4,7,"Field Goal","FG Block",40,19,0,"4-7-CHR 30 (7:52) 13-Dennis Johnson 48 yard field goal is GOOD. PENALTY - Offsides (CHR 98-Karl Bullock) (Declined) VIR 19 CHR 0",,,,,,,,,,,,,,,,,,,,,,,,,,,,,,,,,,,,"#3 Daniel Villalobos - QB","#64 John Kelley - RT",,,,,,,,,,,,,,"#13 Dennis Johnson - K","#89 Scott Christie - TE","#26 William Keller - FB","#72 Pedro Daniels - RG","#73 Dennis Marte - C","#77 Arthur Peters - RT","#63 Guy Lopez - C","#62 David Royer - RG","#58 David Krieger - C","#95 Ralph Weiss - DT","#93 Dustin Thompson - RDE","#98 Karl Bullock - RDE","#94 Gerald Taylor - LDE","#91 Robert Vanbuskirk - MLB","#99 Vance Donlon - MLB","#52 Louis Lewis - DT","#97 Joseph Walker - LDE","#55 Pete Dennis - MLB","#92 Craig Michael - DT","#74 Stephen Satterfield - DT"
VIR,7:48,"VIR 35",2,6,10,Kickoff,"Kick Return",,19,0,"(7:49) 13-Dennis Johnson kicks 75 yards from VIR 35 to CHR -10. Touchback.",,,,,,,,,,,,,,,,,,,,,,,,,,,,,,,,,,,,,,"#12 John Perkins - WR",,"#97 Joseph Walker - LDE","#98 Karl Bullock - RDE","#93 Dustin Thompson - RDE","#95 Ralph Weiss - DT","#94 Gerald Taylor - LDE","#40 Dennis Woodall - SS","#32 Rudy Pike - CB","#55 Pete Dennis - MLB","#74 Stephen Satterfield - DT","#34 Ronald Calhoun - CB","#13 Dennis Johnson - K",,,,,,,,,,,,,,,,,,,,
CHR,7:48,"CHR 25",2,1,10,"Goal Line Normal PA TE Drag","Dime Flat Man Cover 1",6,19,0,"1-10-CHR 25 (7:49) 7-Joseph Matthews pass complete to 30-Luis Swint to CHR 31 for 6 yards. Tackle by 59-Brandon Beaufort.","#7 Joseph Matthews - QB","#27 Kris Smithson - RB",,"#29 John Regina - RB","#30 Luis Swint - FB","#87 Michael Bryant - TE","#84 Jason Aguirre - TE",,,,,,"#75 Harold Turner - LT","#60 Alan Charest - LG","#54 Terry Schafer - C","#63 Charles Richards - RG","#73 Douglas Lowery - RT",,"#97 Jimmy Auer - LDE",,"#71 Jessie Nishimura - DT","#60 Michael Beil - DT","#96 Terrance Peden - RDE",,"#90 Christopher Tran - MLB",,,"#38 Antonio Johnson - CB","#21 Conrad Conner - CB","#56 Fast Eddie  Solerno - WLB","#35 Dorian Young - SS",,"#59 Brandon Beaufort - SS","#27 Daniel McGuire - FS",,,,,,,,,,,,,,,,,,,,,,,,,,,,,,,,,,,,
CHR,7:06,"CHR 31",2,2,4,"Singleback Big Off Tackle Strong","Dime Flat Man Cover 1",-0,19,0,"2-4-CHR 31 (7:05) 27-Kris Smithson ran to CHR 31 for a short loss. Tackle by 97-Jimmy Auer.","#7 Joseph Matthews - QB","#27 Kris Smithson - RB",,,,"#87 Michael Bryant - TE","#84 Jason Aguirre - TE","#11 Michael Barber - WR",,"#12 John Perkins - WR",,,"#75 Harold Turner - LT","#60 Alan Charest - LG","#54 Terry Schafer - C","#63 Charles Richards - RG","#73 Douglas Lowery - RT",,"#97 Jimmy Auer - LDE",,"#71 Jessie Nishimura - DT","#60 Michael Beil - DT","#96 Terrance Peden - RDE",,"#90 Christopher Tran - MLB",,,"#38 Antonio Johnson - CB","#21 Conrad Conner - CB","#56 Fast Eddie  Solerno - WLB","#35 Dorian Young - SS",,"#59 Brandon Beaufort - SS","#27 Daniel McGuire - FS",,,,,,,,,,,,,,,,,,,,,,,,,,,,,,,,,,,,
CHR,6:30,"CHR 31",2,3,4,"I Formation 3WR SE Post","Dime Flat Man Cover 1",,19,0,"3-4-CHR 31 (6:29) 7-Joseph Matthews pass Pass knocked down by 56-Fast Eddie  Solerno. incomplete, intended for 11-Michael Barber.","#7 Joseph Matthews - QB","#27 Kris Smithson - RB",,,"#30 Luis Swint - FB",,,"#11 Michael Barber - WR","#17 Jon Smith - WR","#12 John Perkins - WR",,,"#75 Harold Turner - LT","#60 Alan Charest - LG","#54 Terry Schafer - C","#63 Charles Richards - RG","#73 Douglas Lowery - RT",,"#97 Jimmy Auer - LDE",,"#71 Jessie Nishimura - DT","#60 Michael Beil - DT","#96 Terrance Peden - RDE",,"#90 Christopher Tran - MLB",,,"#38 Antonio Johnson - CB","#21 Conrad Conner - CB","#56 Fast Eddie  Solerno - WLB","#35 Dorian Young - SS",,"#59 Brandon Beaufort - SS","#27 Daniel McGuire - FS",,,,,,,,,,,,,,,,,,,,,,,,,,,,,,,,,,,,
CHR,6:24,"CHR 31",2,4,4,Punt,"Punt Return",,19,0,"4-4-CHR 31 (6:25) 2-Jethro Carper punts 38 yards to VIR 31. Fair Catch by 26-William Keller.",,,,,,,,,,,,,,,,,,"#2 Jethro Carper - P",,,,,,,,,,,,,,,,,,,"#63 Charles Richards - RG",,"#26 William Keller - FB",,,"#38 Antonio Johnson - CB","#39 Thomas Williams - RB","#59 Brandon Beaufort - SS",,"#21 Conrad Conner - CB","#27 Daniel McGuire - FS",,"#35 Dorian Young - SS",,,,"#97 Joseph Walker - LDE","#70 Charles Wiltshire - RT","#75 Harold Turner - LT","#78 Paul Matthews - LT","#73 Douglas Lowery - RT","#60 Alan Charest - LG",,"#71 Jessie Nishimura - DT","#55 John Hudson - SLB","#96 Terrance Peden - RDE","#97 Jimmy Auer - LDE",,,,,,,
VIR,6:18,"VIR 31",2,1,10,"I Formation 3WR Weak Flood","Nickel Normal Cover 2",4,19,0,"1-10-VIR 31 (6:19) 3-Daniel Villalobos pass complete to 26-William Keller to VIR 35 for 4 yards. Tackle by 34-Ronald Calhoun.","#3 Daniel Villalobos - QB","#39 Thomas Williams - RB",,,"#26 William Keller - FB",,,"#10 Jaime Curtis - WR","#85 Robert Carpenter - WR","#82 Derick Davis - WR",,,"#77 Arthur Peters - RT","#62 David Royer - RG","#73 Dennis Marte - C","#72 Pedro Daniels - RG","#64 John Kelley - RT",,"#94 Gerald Taylor - LDE",,"#95 Ralph Weiss - DT","#92 Craig Michael - DT","#98 Karl Bullock - RDE",,"#55 Pete Dennis - MLB",,"#53 Scotty Duck - WLB","#32 Rudy Pike - CB","#33 Nick Watts - CB",,"#34 Ronald Calhoun - CB",,"#40 Dennis Woodall - SS","#42 Robert Wilson - FS",,,,,,,,,,,,,,,,,,,,,,,,,,,,,,,,,,,,
VIR,5:37,"VIR 35",2,2,6,"I Formation 3WR WR Out","Nickel Normal Cover 2",10,19,0,"2-6-VIR 35 (5:36) 3-Daniel Villalobos pass complete to 10-Jaime Curtis to VIR 45 for 10 yards. Tackle by 32-Rudy Pike.","#3 Daniel Villalobos - QB","#39 Thomas Williams - RB",,,"#26 William Keller - FB",,,"#10 Jaime Curtis - WR","#85 Robert Carpenter - WR","#82 Derick Davis - WR",,,"#77 Arthur Peters - RT","#62 David Royer - RG","#73 Dennis Marte - C","#72 Pedro Daniels - RG","#64 John Kelley - RT",,"#94 Gerald Taylor - LDE",,"#95 Ralph Weiss - DT","#92 Craig Michael - DT","#98 Karl Bullock - RDE",,"#55 Pete Dennis - MLB",,"#53 Scotty Duck - WLB","#32 Rudy Pike - CB","#33 Nick Watts - CB",,"#34 Ronald Calhoun - CB",,"#40 Dennis Woodall - SS","#42 Robert Wilson - FS",,,,,,,,,,,,,,,,,,,,,,,,,,,,,,,,,,,,
VIR,5:01,"VIR 45",2,1,10,"I Formation 3WR WR Out","Nickel Normal Double WR2",,19,0,"1-10-VIR 45 (5:00) 3-Daniel Villalobos pass Pass knocked down by 42-Robert Wilson. incomplete, intended for 82-Derick Davis. PENALTY - Holding (VIR 77-Arthur Peters)","#3 Daniel Villalobos - QB","#39 Thomas Williams - RB",,,"#26 William Keller - FB",,,"#10 Jaime Curtis - WR","#85 Robert Carpenter - WR","#82 Derick Davis - WR",,,"#77 Arthur Peters - RT","#62 David Royer - RG","#73 Dennis Marte - C","#72 Pedro Daniels - RG","#64 John Kelley - RT",,"#94 Gerald Taylor - LDE",,"#95 Ralph Weiss - DT","#92 Craig Michael - DT","#98 Karl Bullock - RDE",,"#55 Pete Dennis - MLB",,"#53 Scotty Duck - WLB","#32 Rudy Pike - CB","#33 Nick Watts - CB",,"#34 Ronald Calhoun - CB",,"#40 Dennis Woodall - SS","#42 Robert Wilson - FS",,,,,,,,,,,,,,,,,,,,,,,,,,,,,,,,,,,,
VIR,4:55,"VIR 35",2,1,20,"Shotgun Normal HB Flare","Nickel Normal Man Cover 2",6,19,0,"1-20-VIR 35 (4:56) 3-Daniel Villalobos pass complete to 85-Robert Carpenter to VIR 41 for 6 yards. Tackle by 34-Ronald Calhoun.","#3 Daniel Villalobos - QB","#39 Thomas Williams - RB",,,,"#89 Scott Christie - TE",,"#10 Jaime Curtis - WR","#85 Robert Carpenter - WR","#82 Derick Davis - WR",,,"#77 Arthur Peters - RT","#62 David Royer - RG","#73 Dennis Marte - C","#72 Pedro Daniels - RG","#64 John Kelley - RT",,"#94 Gerald Taylor - LDE",,"#95 Ralph Weiss - DT","#92 Craig Michael - DT","#98 Karl Bullock - RDE",,"#55 Pete Dennis - MLB",,"#53 Scotty Duck - WLB","#32 Rudy Pike - CB","#33 Nick Watts - CB",,"#34 Ronald Calhoun - CB",,"#40 Dennis Woodall - SS","#42 Robert Wilson - FS",,,,,,,,,,,,,,,,,,,,,,,,,,,,,,,,,,,,
VIR,4:13,"VIR 41",2,2,14,"I Formation 3WR Slot Short WR Deep","Nickel Normal Man Cover 2",13,19,0,"2-14-VIR 41 (4:12) 3-Daniel Villalobos ran to CHR 46 for 13 yards. Tackle by 33-Nick Watts.","#3 Daniel Villalobos - QB","#39 Thomas Williams - RB",,,"#26 William Keller - FB",,,"#10 Jaime Curtis - WR","#85 Robert Carpenter - WR","#82 Derick Davis - WR",,,"#77 Arthur Peters - RT","#62 David Royer - RG","#73 Dennis Marte - C","#72 Pedro Daniels - RG","#64 John Kelley - RT",,"#94 Gerald Taylor - LDE",,"#95 Ralph Weiss - DT","#92 Craig Michael - DT","#98 Karl Bullock - RDE",,"#55 Pete Dennis - MLB",,"#53 Scotty Duck - WLB","#32 Rudy Pike - CB","#33 Nick Watts - CB",,"#34 Ronald Calhoun - CB",,"#40 Dennis Woodall - SS","#42 Robert Wilson - FS",,,,,,,,,,,,,,,,,,,,,,,,,,,,,,,,,,,,
VIR,3:26,"CHR 46",2,3,1,"I Formation Normal HB Draw","4-3 Under Double Safety Blitz",3,19,0,"3-1-CHR 46 (3:25) 40-Brian Cotter ran to CHR 42 for 3 yards. Tackle by 40-Dennis Woodall.","#3 Daniel Villalobos - QB","#40 Brian Cotter - RB",,,"#26 William Keller - FB","#89 Scott Christie - TE",,"#10 Jaime Curtis - WR",,"#12 Matt Duarte - WR",,,"#77 Arthur Peters - RT","#62 David Royer - RG","#73 Dennis Marte - C","#72 Pedro Daniels - RG","#64 John Kelley - RT",,"#94 Gerald Taylor - LDE",,"#95 Ralph Weiss - DT","#92 Craig Michael - DT","#98 Karl Bullock - RDE","#57 John Hurd - SLB","#55 Pete Dennis - MLB",,"#58 Sandy Jensen - WLB","#35 Bret Hay - CB","#32 Rudy Pike - CB",,,,"#40 Dennis Woodall - SS","#49 Aaron Montano - SS",,,,,,,,,,,,,,,,,,,,,,,,,,,,,,,,,,,,
VIR,2:53,"CHR 42",2,1,10,"I Formation 3WR Weak Flood","Nickel 3-3-5 Cover 2 Man Under",3,19,0,"1-10-CHR 42 (2:52) 3-Daniel Villalobos pass complete to 26-William Keller to CHR 39 for 3 yards. Tackle by 59-Scotty Duck.","#3 Daniel Villalobos - QB","#39 Thomas Williams - RB",,,"#26 William Keller - FB",,,"#10 Jaime Curtis - WR","#87 James Lewis - WR","#12 Matt Duarte - WR",,,"#77 Arthur Peters - RT","#62 David Royer - RG","#73 Dennis Marte - C","#72 Pedro Daniels - RG","#64 John Kelley - RT",,"#94 Gerald Taylor - LDE",,"#95 Ralph Weiss - DT",,"#98 Karl Bullock - RDE","#57 John Hurd - SLB","#55 Pete Dennis - MLB",,"#53 Scotty Duck - WLB","#32 Rudy Pike - CB","#33 Nick Watts - CB",,"#34 Ronald Calhoun - CB",,"#49 Aaron Montano - SS","#42 Robert Wilson - FS",,,,,,,,,,,,,,,,,,,,,,,,,,,,,,,,,,,,
,2:49,,2,2,7,,,,19,0,"Timeout VIR",,,,,,,,,,,,,,,,,,,,,,,,,,,,,,,,,,,,,,,,,,,,,,,,,,,,,,,,,,,,,,,,,,,,,,
VIR,2:11,"CHR 39",2,2,7,"Shotgun Normal FL Slant","Nickel Normal Shallow Zone Deep",1,19,0,"2-7-CHR 39 (2:12) 3-Daniel Villalobos pass complete to 39-Thomas Williams to CHR 38 for 1 yards. Tackle by 33-Nick Watts.","#3 Daniel Villalobos - QB","#39 Thomas Williams - RB",,,,"#89 Scott Christie - TE",,"#10 Jaime Curtis - WR","#85 Robert Carpenter - WR","#82 Derick Davis - WR",,,"#77 Arthur Peters - RT","#62 David Royer - RG","#73 Dennis Marte - C","#72 Pedro Daniels - RG","#64 John Kelley - RT",,"#94 Gerald Taylor - LDE",,"#95 Ralph Weiss - DT","#92 Craig Michael - DT","#98 Karl Bullock - RDE",,"#55 Pete Dennis - MLB",,"#58 Sandy Jensen - WLB","#33 Nick Watts - CB","#35 Bret Hay - CB",,"#32 Rudy Pike - CB",,"#40 Dennis Woodall - SS","#49 Aaron Montano - SS",,,,,,,,,,,,,,,,,,,,,,,,,,,,,,,,,,,,
,2:00,,2,3,6,,,,19,0,"Timeout for two minute warning.",,,,,,,,,,,,,,,,,,,,,,,,,,,,,,,,,,,,,,,,,,,,,,,,,,,,,,,,,,,,,,,,,,,,,,
VIR,2:00,"CHR 38",2,3,6,"I Formation 3WR HB Inside Weak","Nickel Normal 3 Deep Man Under",4,19,0,"3-6-CHR 38 (2:00) 39-Thomas Williams ran to CHR 35 for 4 yards. Tackle by 55-Pete Dennis.","#3 Daniel Villalobos - QB","#39 Thomas Williams - RB",,,"#26 William Keller - FB",,,"#10 Jaime Curtis - WR","#85 Robert Carpenter - WR","#82 Derick Davis - WR",,,"#77 Arthur Peters - RT","#62 David Royer - RG","#73 Dennis Marte - C","#72 Pedro Daniels - RG","#64 John Kelley - RT",,"#94 Gerald Taylor - LDE",,"#95 Ralph Weiss - DT","#92 Craig Michael - DT","#98 Karl Bullock - RDE",,"#55 Pete Dennis - MLB",,"#53 Scotty Duck - WLB","#32 Rudy Pike - CB","#33 Nick Watts - CB",,"#34 Ronald Calhoun - CB",,"#40 Dennis Woodall - SS","#42 Robert Wilson - FS",,,,,,,,,,,,,,,,,,,,,,,,,,,,,,,,,,,,
VIR,1:20,"CHR 35",2,4,2,"Field Goal","FG Block",45,19,0,"4-2-CHR 35 (1:19) 13-Dennis Johnson 53 yard field goal is NO GOOD. (Wide Right)",,,,,,,,,,,,,,,,,,,,,,,,,,,,,,,,,,,,"#3 Daniel Villalobos - QB","#64 John Kelley - RT",,,,,,,,,,,,,,"#13 Dennis Johnson - K","#89 Scott Christie - TE","#26 William Keller - FB","#72 Pedro Daniels - RG","#73 Dennis Marte - C","#77 Arthur Peters - RT","#63 Guy Lopez - C","#62 David Royer - RG","#58 David Krieger - C","#95 Ralph Weiss - DT","#93 Dustin Thompson - RDE","#98 Karl Bullock - RDE","#94 Gerald Taylor - LDE","#91 Robert Vanbuskirk - MLB","#99 Vance Donlon - MLB","#52 Louis Lewis - DT","#97 Joseph Walker - LDE","#55 Pete Dennis - MLB","#92 Craig Michael - DT","#74 Stephen Satterfield - DT"
CHR,1:14,"CHR 42",2,1,10,"Shotgun 2 RB 3 WR FB In","Dime Flat Man Cover 1",,19,0,"1-10-CHR 42 (1:15) 7-Joseph Matthews pass Pass knocked down by 38-Antonio Johnson. incomplete, intended for 11-Michael Barber. Pressure by 71-Jessie Nishimura.","#7 Joseph Matthews - QB","#27 Kris Smithson - RB","#20 Billy Gonzalez - RB",,,,,"#11 Michael Barber - WR","#17 Jon Smith - WR","#12 John Perkins - WR",,,"#75 Harold Turner - LT","#60 Alan Charest - LG","#54 Terry Schafer - C","#63 Charles Richards - RG","#73 Douglas Lowery - RT",,"#97 Jimmy Auer - LDE",,"#71 Jessie Nishimura - DT","#60 Michael Beil - DT","#96 Terrance Peden - RDE",,"#90 Christopher Tran - MLB",,,"#38 Antonio Johnson - CB","#21 Conrad Conner - CB","#56 Fast Eddie  Solerno - WLB","#35 Dorian Young - SS",,"#59 Brandon Beaufort - SS","#27 Daniel McGuire - FS",,,,,,,,,,,,,,,,,,,,,,,,,,,,,,,,,,,,
CHR,1:10,"CHR 42",2,2,10,"Shotgun Normal Double Outs","Dime Flat Man Cover 1",9,19,0,"2-10-CHR 42 (1:11) 7-Joseph Matthews pass complete to 17-Jon Smith to VIR 50 for 9 yards. Tackle by 27-Daniel McGuire.","#7 Joseph Matthews - QB","#27 Kris Smithson - RB",,,,"#87 Michael Bryant - TE",,"#11 Michael Barber - WR","#17 Jon Smith - WR","#12 John Perkins - WR",,,"#75 Harold Turner - LT","#60 Alan Charest - LG","#54 Terry Schafer - C","#63 Charles Richards - RG","#73 Douglas Lowery - RT",,"#97 Jimmy Auer - LDE",,"#71 Jessie Nishimura - DT","#60 Michael Beil - DT","#96 Terrance Peden - RDE",,"#90 Christopher Tran - MLB",,,"#38 Antonio Johnson - CB","#21 Conrad Conner - CB","#56 Fast Eddie  Solerno - WLB","#35 Dorian Young - SS",,"#59 Brandon Beaufort - SS","#27 Daniel McGuire - FS",,,,,,,,,,,,,,,,,,,,,,,,,,,,,,,,,,,,
,1:07,,2,3,1,,,,19,0,"Timeout CHR",,,,,,,,,,,,,,,,,,,,,,,,,,,,,,,,,,,,,,,,,,,,,,,,,,,,,,,,,,,,,,,,,,,,,,
CHR,1:04,"VIR 50",2,3,1,"Goal Line Normal PA TE Drag","Dime Flat Man Cover 1",5,19,0,"3-1-VIR 50 (1:05) 7-Joseph Matthews pass complete to 30-Luis Swint to VIR 44 for 5 yards. Tackle by 59-Brandon Beaufort.","#7 Joseph Matthews - QB","#20 Billy Gonzalez - RB",,"#29 John Regina - RB","#30 Luis Swint - FB","#87 Michael Bryant - TE","#84 Jason Aguirre - TE",,,,,,"#75 Harold Turner - LT","#60 Alan Charest - LG","#54 Terry Schafer - C","#63 Charles Richards - RG","#73 Douglas Lowery - RT",,"#97 Jimmy Auer - LDE",,"#71 Jessie Nishimura - DT","#60 Michael Beil - DT","#96 Terrance Peden - RDE",,"#90 Christopher Tran - MLB",,,"#38 Antonio Johnson - CB","#21 Conrad Conner - CB","#56 Fast Eddie  Solerno - WLB","#35 Dorian Young - SS",,"#59 Brandon Beaufort - SS","#27 Daniel McGuire - FS",,,,,,,,,,,,,,,,,,,,,,,,,,,,,,,,,,,,
,1:01,,2,1,10,,,,19,0,"Timeout CHR",,,,,,,,,,,,,,,,,,,,,,,,,,,,,,,,,,,,,,,,,,,,,,,,,,,,,,,,,,,,,,,,,,,,,,
CHR,0:59,"VIR 44",2,1,10,"I Formation Normal SE Post","Dime Flat Man Cover 1",,19,0,"1-10-VIR 44 (1:00) 7-Joseph Matthews pass Pass knocked down by 59-Brandon Beaufort. incomplete, intended for 30-Luis Swint. Pressure by 96-Terrance Peden.","#7 Joseph Matthews - QB","#27 Kris Smithson - RB",,,"#30 Luis Swint - FB","#87 Michael Bryant - TE",,"#11 Michael Barber - WR",,"#12 John Perkins - WR",,,"#75 Harold Turner - LT","#60 Alan Charest - LG","#54 Terry Schafer - C","#63 Charles Richards - RG","#73 Douglas Lowery - RT",,"#97 Jimmy Auer - LDE",,"#71 Jessie Nishimura - DT","#60 Michael Beil - DT","#96 Terrance Peden - RDE",,"#90 Christopher Tran - MLB",,,"#38 Antonio Johnson - CB","#21 Conrad Conner - CB","#56 Fast Eddie  Solerno - WLB","#35 Dorian Young - SS",,"#59 Brandon Beaufort - SS","#27 Daniel McGuire - FS",,,,,,,,,,,,,,,,,,,,,,,,,,,,,,,,,,,,
CHR,0:54,"VIR 44",2,2,10,"I Formation 3WR Slot Corner Long","Dime Flat Man Cover 1",,19,0,"2-10-VIR 44 (0:55) 7-Joseph Matthews pass Pass knocked down by 59-Brandon Beaufort. incomplete, intended for 27-Kris Smithson. Pressure by 71-Jessie Nishimura.","#7 Joseph Matthews - QB","#27 Kris Smithson - RB",,,"#30 Luis Swint - FB",,,"#11 Michael Barber - WR","#17 Jon Smith - WR","#12 John Perkins - WR",,,"#75 Harold Turner - LT","#60 Alan Charest - LG","#54 Terry Schafer - C","#63 Charles Richards - RG","#73 Douglas Lowery - RT",,"#97 Jimmy Auer - LDE",,"#71 Jessie Nishimura - DT","#60 Michael Beil - DT","#96 Terrance Peden - RDE",,"#90 Christopher Tran - MLB",,,"#38 Antonio Johnson - CB","#21 Conrad Conner - CB","#56 Fast Eddie  Solerno - WLB","#35 Dorian Young - SS",,"#59 Brandon Beaufort - SS","#27 Daniel McGuire - FS",,,,,,,,,,,,,,,,,,,,,,,,,,,,,,,,,,,,
CHR,0:50,"VIR 44",2,3,10,"Shotgun Normal Deep Weak In and Out","Dime Flat Man Cover 1",-10,19,0,"3-10-VIR 44 (0:51) 7-Joseph Matthews sacked at CHR 46 for -10 yards (96-Terrance Peden). Sack allowed by 75-Harold Turner. 75-Harold Turner was caught flat-footed on this play.","#7 Joseph Matthews - QB","#27 Kris Smithson - RB",,,,"#87 Michael Bryant - TE",,"#11 Michael Barber - WR","#17 Jon Smith - WR","#12 John Perkins - WR",,,"#75 Harold Turner - LT","#60 Alan Charest - LG","#54 Terry Schafer - C","#63 Charles Richards - RG","#73 Douglas Lowery - RT",,"#97 Jimmy Auer - LDE",,"#71 Jessie Nishimura - DT","#60 Michael Beil - DT","#96 Terrance Peden - RDE",,"#90 Christopher Tran - MLB",,,"#38 Antonio Johnson - CB","#21 Conrad Conner - CB","#56 Fast Eddie  Solerno - WLB","#35 Dorian Young - SS",,"#59 Brandon Beaufort - SS","#27 Daniel McGuire - FS",,,,,,,,,,,,,,,,,,,,,,,,,,,,,,,,,,,,
CHR,0:12,"CHR 46",2,4,20,Punt,"Punt Return",46,19,0,"4-20-CHR 46 (0:11) 2-Jethro Carper punts 46 yards to VIR 9.",,,,,,,,,,,,,,,,,,"#2 Jethro Carper - P",,,,,,,,,,,,,,,,,,,"#63 Charles Richards - RG",,"#26 William Keller - FB",,,"#38 Antonio Johnson - CB","#39 Thomas Williams - RB","#59 Brandon Beaufort - SS",,"#21 Conrad Conner - CB","#27 Daniel McGuire - FS",,"#35 Dorian Young - SS",,,,"#97 Joseph Walker - LDE","#70 Charles Wiltshire - RT","#75 Harold Turner - LT","#78 Paul Matthews - LT","#73 Douglas Lowery - RT","#60 Alan Charest - LG",,"#71 Jessie Nishimura - DT","#55 John Hudson - SLB","#96 Terrance Peden - RDE","#97 Jimmy Auer - LDE",,,,,,,
VIR,0:00,"VIR 9",2,1,10,"Singleback Big HB Inside Strong","46 Heavy WLB Blitz",11,19,0,"1-10-VIR 9 (0:01) 40-Brian Cotter ran to VIR 20 for 11 yards. Tackle by 42-Robert Wilson.","#3 Daniel Villalobos - QB","#40 Brian Cotter - RB",,,,"#89 Scott Christie - TE","#52 Larry Campbell - RG","#10 Jaime Curtis - WR",,"#82 Derick Davis - WR",,,"#77 Arthur Peters - RT","#62 David Royer - RG","#73 Dennis Marte - C","#72 Pedro Daniels - RG","#64 John Kelley - RT",,"#74 Stephen Satterfield - DT",,"#95 Ralph Weiss - DT","#92 Craig Michael - DT","#98 Karl Bullock - RDE","#57 John Hurd - SLB","#55 Pete Dennis - MLB",,"#53 Scotty Duck - WLB","#33 Nick Watts - CB","#34 Ronald Calhoun - CB",,,,"#40 Dennis Woodall - SS","#42 Robert Wilson - FS",,,,,,,,,,,,,,,,,,,,,,,,,,,,,,,,,,,,
,0:00,,2,1,10,,,,19,0,"End of half.",,,,,,,,,,,,,,,,,,,,,,,,,,,,,,,,,,,,,,,,,,,,,,,,,,,,,,,,,,,,,,,,,,,,,,
VIR,15:00,"VIR 35",3,6,10,Kickoff,"Kick Return",,19,0,"(15:00) 13-Dennis Johnson kicks 74 yards from VIR 35 to CHR -9. Touchback.",,,,,,,,,,,,,,,,,,,,,,,,,,,,,,,,,,,,,,"#12 John Perkins - WR",,"#32 Rudy Pike - CB","#40 Dennis Woodall - SS","#93 Dustin Thompson - RDE","#98 Karl Bullock - RDE","#94 Gerald Taylor - LDE","#74 Stephen Satterfield - DT","#55 Pete Dennis - MLB","#34 Ronald Calhoun - CB","#97 Joseph Walker - LDE","#95 Ralph Weiss - DT","#13 Dennis Johnson - K",,,,,,,,,,,,,,,,,,,,
CHR,15:00,"CHR 25",3,1,10,"I Formation 3WR Slot Corner Long","Dime Flat Man Cover 1",-8,19,0,"1-10-CHR 25 (15:00) 7-Joseph Matthews sacked at CHR 17 for -8 yards (97-Jimmy Auer). Sack allowed by 73-Douglas Lowery.","#7 Joseph Matthews - QB","#27 Kris Smithson - RB",,,"#30 Luis Swint - FB",,,"#11 Michael Barber - WR","#17 Jon Smith - WR","#12 John Perkins - WR",,,"#75 Harold Turner - LT","#60 Alan Charest - LG","#54 Terry Schafer - C","#63 Charles Richards - RG","#73 Douglas Lowery - RT",,"#97 Jimmy Auer - LDE",,"#71 Jessie Nishimura - DT","#60 Michael Beil - DT","#96 Terrance Peden - RDE",,"#90 Christopher Tran - MLB",,,"#38 Antonio Johnson - CB","#21 Conrad Conner - CB","#56 Fast Eddie  Solerno - WLB","#35 Dorian Young - SS",,"#59 Brandon Beaufort - SS","#27 Daniel McGuire - FS",,,,,,,,,,,,,,,,,,,,,,,,,,,,,,,,,,,,
CHR,14:23,"CHR 17",3,2,18,"Shotgun 2 RB 3 WR WR Hooks","Dime Flat Man Cover 1",,19,0,"2-18-CHR 17 (14:22) 7-Joseph Matthews pass Pass knocked down by 35-Dorian Young. incomplete, intended for 11-Michael Barber.","#7 Joseph Matthews - QB","#27 Kris Smithson - RB","#20 Billy Gonzalez - RB",,,,,"#11 Michael Barber - WR","#17 Jon Smith - WR","#12 John Perkins - WR",,,"#75 Harold Turner - LT","#60 Alan Charest - LG","#54 Terry Schafer - C","#63 Charles Richards - RG","#73 Douglas Lowery - RT",,"#97 Jimmy Auer - LDE",,"#71 Jessie Nishimura - DT","#60 Michael Beil - DT","#96 Terrance Peden - RDE",,"#90 Christopher Tran - MLB",,,"#38 Antonio Johnson - CB","#21 Conrad Conner - CB","#56 Fast Eddie  Solerno - WLB","#35 Dorian Young - SS",,"#59 Brandon Beaufort - SS","#27 Daniel McGuire - FS",,,,,,,,,,,,,,,,,,,,,,,,,,,,,,,,,,,,
CHR,14:18,"CHR 17",3,3,18,"I Formation 3WR SE Post","Dime Flat Man Cover 1",,19,0,"3-18-CHR 17 (14:19) 7-Joseph Matthews pass Pass knocked down by 38-Antonio Johnson. incomplete, intended for 11-Michael Barber.","#7 Joseph Matthews - QB","#27 Kris Smithson - RB",,,"#30 Luis Swint - FB",,,"#11 Michael Barber - WR","#17 Jon Smith - WR","#12 John Perkins - WR",,,"#75 Harold Turner - LT","#60 Alan Charest - LG","#54 Terry Schafer - C","#63 Charles Richards - RG","#73 Douglas Lowery - RT",,"#97 Jimmy Auer - LDE",,"#71 Jessie Nishimura - DT","#60 Michael Beil - DT","#96 Terrance Peden - RDE",,"#90 Christopher Tran - MLB",,,"#38 Antonio Johnson - CB","#21 Conrad Conner - CB","#56 Fast Eddie  Solerno - WLB","#35 Dorian Young - SS",,"#59 Brandon Beaufort - SS","#27 Daniel McGuire - FS",,,,,,,,,,,,,,,,,,,,,,,,,,,,,,,,,,,,
CHR,14:14,"CHR 17",3,4,18,Punt,"Punt Return",,19,0,"4-18-CHR 17 (14:15) 2-Jethro Carper punts 44 yards to VIR 39. 26-William Keller to VIR 47 for 9 yards. Tackle by 94-Gerald Taylor.",,,,,,,,,,,,,,,,,,"#2 Jethro Carper - P",,,,,,,,,,,,,,,,,,,"#63 Charles Richards - RG",,"#26 William Keller - FB",,,"#38 Antonio Johnson - CB","#39 Thomas Williams - RB","#59 Brandon Beaufort - SS",,"#21 Conrad Conner - CB","#27 Daniel McGuire - FS",,"#35 Dorian Young - SS",,,,"#97 Joseph Walker - LDE","#70 Charles Wiltshire - RT","#75 Harold Turner - LT","#78 Paul Matthews - LT","#73 Douglas Lowery - RT","#60 Alan Charest - LG",,"#71 Jessie Nishimura - DT","#55 John Hudson - SLB","#96 Terrance Peden - RDE","#97 Jimmy Auer - LDE",,,,,,,
VIR,14:05,"VIR 47",3,1,10,"Weak I Normal HB Inside Weak","46 Heavy 2 Deep Man Under",,19,0,"1-10-VIR 47 (14:06) 40-Brian Cotter ran to CHR 50 for 3 yards. 40-Brian Cotter FUMBLES (59-Scotty Duck) recovered by CHR-59-Scotty Duck at CHR 50. Tackle by 62-David Royer.","#3 Daniel Villalobos - QB","#40 Brian Cotter - RB",,,"#26 William Keller - FB","#89 Scott Christie - TE",,"#10 Jaime Curtis - WR",,"#82 Derick Davis - WR",,,"#77 Arthur Peters - RT","#62 David Royer - RG","#73 Dennis Marte - C","#72 Pedro Daniels - RG","#64 John Kelley - RT",,"#97 Joseph Walker - LDE",,"#95 Ralph Weiss - DT","#92 Craig Michael - DT","#98 Karl Bullock - RDE","#57 John Hurd - SLB","#55 Pete Dennis - MLB",,"#53 Scotty Duck - WLB","#33 Nick Watts - CB","#34 Ronald Calhoun - CB",,,,"#40 Dennis Woodall - SS","#42 Robert Wilson - FS",,,,,,,,,,,,,,,,,,,,,,,,,,,,,,,,,,,,
CHR,14:02,"CHR 50",3,1,10,"Singleback Big Off Tackle Strong","Dime Flat Man Cover 1",2,19,0,"1-10-CHR 50 (14:03) 27-Kris Smithson ran to VIR 48 for 2 yards. Tackle by 38-Antonio Johnson.","#7 Joseph Matthews - QB","#27 Kris Smithson - RB",,,,"#87 Michael Bryant - TE","#84 Jason Aguirre - TE","#11 Michael Barber - WR",,"#12 John Perkins - WR",,,"#75 Harold Turner - LT","#60 Alan Charest - LG","#54 Terry Schafer - C","#63 Charles Richards - RG","#73 Douglas Lowery - RT",,"#97 Jimmy Auer - LDE",,"#71 Jessie Nishimura - DT","#60 Michael Beil - DT","#96 Terrance Peden - RDE",,"#90 Christopher Tran - MLB",,,"#38 Antonio Johnson - CB","#21 Conrad Conner - CB","#56 Fast Eddie  Solerno - WLB","#35 Dorian Young - SS",,"#59 Brandon Beaufort - SS","#27 Daniel McGuire - FS",,,,,,,,,,,,,,,,,,,,,,,,,,,,,,,,,,,,
CHR,13:20,"VIR 48",3,2,8,"Shotgun Normal HB Delay","Dime Flat Man Cover 1",-0,19,0,"2-8-VIR 48 (13:19) 27-Kris Smithson ran to VIR 48 for a short loss. Tackle by 96-Terrance Peden.","#7 Joseph Matthews - QB","#27 Kris Smithson - RB",,,,"#87 Michael Bryant - TE",,"#11 Michael Barber - WR","#17 Jon Smith - WR","#12 John Perkins - WR",,,"#75 Harold Turner - LT","#60 Alan Charest - LG","#54 Terry Schafer - C","#63 Charles Richards - RG","#73 Douglas Lowery - RT",,"#97 Jimmy Auer - LDE",,"#71 Jessie Nishimura - DT","#60 Michael Beil - DT","#96 Terrance Peden - RDE",,"#90 Christopher Tran - MLB",,,"#38 Antonio Johnson - CB","#21 Conrad Conner - CB","#56 Fast Eddie  Solerno - WLB","#35 Dorian Young - SS",,"#59 Brandon Beaufort - SS","#27 Daniel McGuire - FS",,,,,,,,,,,,,,,,,,,,,,,,,,,,,,,,,,,,
CHR,12:46,"VIR 48",3,3,8,"I Formation Normal PA Outside Curls","Dime Flat Man Cover 1",-8,19,0,"3-8-VIR 48 (12:45) 7-Joseph Matthews sacked at CHR 44 for -8 yards (96-Terrance Peden). Sack allowed by 75-Harold Turner.","#7 Joseph Matthews - QB","#27 Kris Smithson - RB",,,"#30 Luis Swint - FB","#87 Michael Bryant - TE",,"#11 Michael Barber - WR",,"#12 John Perkins - WR",,,"#75 Harold Turner - LT","#60 Alan Charest - LG","#54 Terry Schafer - C","#63 Charles Richards - RG","#73 Douglas Lowery - RT",,"#97 Jimmy Auer - LDE",,"#71 Jessie Nishimura - DT","#60 Michael Beil - DT","#96 Terrance Peden - RDE",,"#90 Christopher Tran - MLB",,,"#38 Antonio Johnson - CB","#21 Conrad Conner - CB","#56 Fast Eddie  Solerno - WLB","#35 Dorian Young - SS",,"#59 Brandon Beaufort - SS","#27 Daniel McGuire - FS",,,,,,,,,,,,,,,,,,,,,,,,,,,,,,,,,,,,
CHR,12:02,"CHR 44",3,4,16,Punt,"Punt Return",,19,0,"4-16-CHR 44 (12:01) 2-Jethro Carper punts 43 yards to VIR 13. Fair Catch by 26-William Keller.",,,,,,,,,,,,,,,,,,"#2 Jethro Carper - P",,,,,,,,,,,,,,,,,,,"#63 Charles Richards - RG",,"#26 William Keller - FB",,,"#38 Antonio Johnson - CB","#39 Thomas Williams - RB","#59 Brandon Beaufort - SS",,"#21 Conrad Conner - CB","#27 Daniel McGuire - FS",,"#35 Dorian Young - SS",,,,"#97 Joseph Walker - LDE","#70 Charles Wiltshire - RT","#75 Harold Turner - LT","#78 Paul Matthews - LT","#73 Douglas Lowery - RT","#60 Alan Charest - LG",,"#71 Jessie Nishimura - DT","#55 John Hudson - SLB","#96 Terrance Peden - RDE","#97 Jimmy Auer - LDE",,,,,,,
VIR,11:54,"VIR 13",3,1,10,"I Formation Normal HB Dive","4-3 Normal WLB Outside Blitz",-1,19,0,"1-10-VIR 13 (11:55) 39-Thomas Williams ran to VIR 12 for -1 yards. Tackle by 59-Scotty Duck.","#3 Daniel Villalobos - QB","#39 Thomas Williams - RB",,,"#26 William Keller - FB","#89 Scott Christie - TE",,"#10 Jaime Curtis - WR",,"#82 Derick Davis - WR",,,"#77 Arthur Peters - RT","#62 David Royer - RG","#73 Dennis Marte - C","#72 Pedro Daniels - RG","#64 John Kelley - RT",,"#94 Gerald Taylor - LDE",,"#95 Ralph Weiss - DT","#92 Craig Michael - DT","#98 Karl Bullock - RDE","#57 John Hurd - SLB","#55 Pete Dennis - MLB",,"#53 Scotty Duck - WLB","#32 Rudy Pike - CB","#33 Nick Watts - CB",,,,"#40 Dennis Woodall - SS","#42 Robert Wilson - FS",,,,,,,,,,,,,,,,,,,,,,,,,,,,,,,,,,,,
VIR,11:12,"VIR 12",3,2,11,"I Formation Normal HB Draw","46 Heavy SS MLB Blitz",1,19,0,"2-11-VIR 12 (11:11) 39-Thomas Williams ran to VIR 13 for 1 yards. Tackle by 40-Dennis Woodall.","#3 Daniel Villalobos - QB","#39 Thomas Williams - RB",,,"#26 William Keller - FB","#89 Scott Christie - TE",,"#10 Jaime Curtis - WR",,"#82 Derick Davis - WR",,,"#77 Arthur Peters - RT","#62 David Royer - RG","#73 Dennis Marte - C","#72 Pedro Daniels - RG","#64 John Kelley - RT",,"#94 Gerald Taylor - LDE",,"#95 Ralph Weiss - DT","#92 Craig Michael - DT","#98 Karl Bullock - RDE","#57 John Hurd - SLB","#55 Pete Dennis - MLB",,"#53 Scotty Duck - WLB","#32 Rudy Pike - CB","#33 Nick Watts - CB",,,,"#40 Dennis Woodall - SS","#42 Robert Wilson - FS",,,,,,,,,,,,,,,,,,,,,,,,,,,,,,,,,,,,
VIR,10:31,"VIR 13",3,3,10,"Singleback 4 Wide Post and Drag","Nickel 3-3-5 Cover 2 Man Under",,19,0,"3-10-VIR 13 (10:30) 3-Daniel Villalobos pass incomplete, intended for 10-Jaime Curtis.","#3 Daniel Villalobos - QB","#39 Thomas Williams - RB",,,,,,"#10 Jaime Curtis - WR","#85 Robert Carpenter - WR","#82 Derick Davis - WR","#12 Matt Duarte - WR",,"#77 Arthur Peters - RT","#62 David Royer - RG","#73 Dennis Marte - C","#72 Pedro Daniels - RG","#64 John Kelley - RT",,"#94 Gerald Taylor - LDE",,"#95 Ralph Weiss - DT",,"#98 Karl Bullock - RDE","#57 John Hurd - SLB","#55 Pete Dennis - MLB",,"#53 Scotty Duck - WLB","#32 Rudy Pike - CB","#33 Nick Watts - CB",,"#34 Ronald Calhoun - CB",,"#40 Dennis Woodall - SS","#42 Robert Wilson - FS",,,,,,,,,,,,,,,,,,,,,,,,,,,,,,,,,,,,
VIR,10:26,"VIR 13",3,4,10,Punt,"Punt Return",,19,0,"4-10-VIR 13 (10:27) 5-Billy Reeves punts 48 yards to CHR 39. Fair Catch by 12-John Perkins.",,,,,,,,,,,,,,,,,,"#5 Billy Reeves - P",,,,,,,,,,,,,,,,,,,"#64 John Kelley - RT",,"#12 John Perkins - WR",,,"#32 Rudy Pike - CB","#74 Stephen Satterfield - DT","#94 Gerald Taylor - LDE",,"#55 Pete Dennis - MLB","#34 Ronald Calhoun - CB",,"#40 Dennis Woodall - SS",,,,"#26 William Keller - FB","#72 Pedro Daniels - RG","#73 Dennis Marte - C","#77 Arthur Peters - RT","#63 Guy Lopez - C","#62 David Royer - RG",,"#97 Joseph Walker - LDE","#93 Dustin Thompson - RDE","#98 Karl Bullock - RDE","#95 Ralph Weiss - DT",,,,,,,
CHR,10:19,"CHR 39",3,1,10,"I Formation Power HB Strong Outside","Dime Flat Man Cover 1",2,19,0,"1-10-CHR 39 (10:20) 27-Kris Smithson ran to CHR 41 for 2 yards. Tackle by 90-Christopher Tran.","#7 Joseph Matthews - QB","#27 Kris Smithson - RB",,"#29 John Regina - RB","#30 Luis Swint - FB","#87 Michael Bryant - TE",,"#11 Michael Barber - WR",,,,,"#75 Harold Turner - LT","#60 Alan Charest - LG","#54 Terry Schafer - C","#63 Charles Richards - RG","#73 Douglas Lowery - RT",,"#97 Jimmy Auer - LDE",,"#71 Jessie Nishimura - DT","#60 Michael Beil - DT","#96 Terrance Peden - RDE",,"#90 Christopher Tran - MLB",,,"#21 Conrad Conner - CB","#38 Antonio Johnson - CB","#56 Fast Eddie  Solerno - WLB","#59 Brandon Beaufort - SS",,"#35 Dorian Young - SS","#27 Daniel McGuire - FS",,,,,,,,,,,,,,,,,,,,,,,,,,,,,,,,,,,,
CHR,9:36,"CHR 41",3,2,8,"Shotgun 2 RB 3 WR WR Curl","Dime Flat Man Cover 1",4,19,0,"2-8-CHR 41 (9:35) 7-Joseph Matthews pass complete to 12-John Perkins to CHR 45 for 4 yards. Tackle by 21-Conrad Conner.","#7 Joseph Matthews - QB","#27 Kris Smithson - RB","#20 Billy Gonzalez - RB",,,,,"#11 Michael Barber - WR","#17 Jon Smith - WR","#12 John Perkins - WR",,,"#75 Harold Turner - LT","#60 Alan Charest - LG","#54 Terry Schafer - C","#63 Charles Richards - RG","#73 Douglas Lowery - RT",,"#97 Jimmy Auer - LDE",,"#71 Jessie Nishimura - DT","#60 Michael Beil - DT","#96 Terrance Peden - RDE",,"#90 Christopher Tran - MLB",,,"#38 Antonio Johnson - CB","#21 Conrad Conner - CB","#56 Fast Eddie  Solerno - WLB","#35 Dorian Young - SS",,"#59 Brandon Beaufort - SS","#27 Daniel McGuire - FS",,,,,,,,,,,,,,,,,,,,,,,,,,,,,,,,,,,,
CHR,8:56,"CHR 45",3,3,4,"Goal Line Normal HB Toss Strong","Dime Flat Man Cover 1",9,19,0,"3-4-CHR 45 (8:55) 27-Kris Smithson ran to VIR 46 for 9 yards. Tackle by 97-Jimmy Auer.","#7 Joseph Matthews - QB","#27 Kris Smithson - RB",,"#29 John Regina - RB","#30 Luis Swint - FB","#87 Michael Bryant - TE","#84 Jason Aguirre - TE",,,,,,"#75 Harold Turner - LT","#60 Alan Charest - LG","#54 Terry Schafer - C","#63 Charles Richards - RG","#73 Douglas Lowery - RT",,"#97 Jimmy Auer - LDE",,"#71 Jessie Nishimura - DT","#60 Michael Beil - DT","#96 Terrance Peden - RDE",,"#90 Christopher Tran - MLB",,,"#38 Antonio Johnson - CB","#21 Conrad Conner - CB","#56 Fast Eddie  Solerno - WLB","#35 Dorian Young - SS",,"#59 Brandon Beaufort - SS","#27 Daniel McGuire - FS",,,,,,,,,,,,,,,,,,,,,,,,,,,,,,,,,,,,
CHR,8:09,"VIR 46",3,1,10,"I Formation Normal HB Blast","Dime Flat Man Cover 1",3,19,0,"1-10-VIR 46 (8:08) 20-Billy Gonzalez ran to VIR 43 for 3 yards. Tackle by 56-Fast Eddie  Solerno.","#7 Joseph Matthews - QB","#20 Billy Gonzalez - RB",,,"#30 Luis Swint - FB","#87 Michael Bryant - TE",,"#11 Michael Barber - WR",,"#12 John Perkins - WR",,,"#75 Harold Turner - LT","#60 Alan Charest - LG","#54 Terry Schafer - C","#63 Charles Richards - RG","#73 Douglas Lowery - RT",,"#97 Jimmy Auer - LDE",,"#71 Jessie Nishimura - DT","#60 Michael Beil - DT","#96 Terrance Peden - RDE",,"#90 Christopher Tran - MLB",,,"#38 Antonio Johnson - CB","#21 Conrad Conner - CB","#56 Fast Eddie  Solerno - WLB","#35 Dorian Young - SS",,"#59 Brandon Beaufort - SS","#27 Daniel McGuire - FS",,,,,,,,,,,,,,,,,,,,,,,,,,,,,,,,,,,,
CHR,7:32,"VIR 43",3,2,7,"I Formation Power Play Action HB Downfield","Dime Flat Man Cover 1",-8,19,0,"2-7-VIR 43 (7:31) 7-Joseph Matthews sacked at CHR 49 for -8 yards (97-Jimmy Auer). Sack allowed by 73-Douglas Lowery.","#7 Joseph Matthews - QB","#20 Billy Gonzalez - RB",,"#29 John Regina - RB","#30 Luis Swint - FB","#87 Michael Bryant - TE",,"#11 Michael Barber - WR",,,,,"#75 Harold Turner - LT","#60 Alan Charest - LG","#54 Terry Schafer - C","#63 Charles Richards - RG","#73 Douglas Lowery - RT",,"#97 Jimmy Auer - LDE",,"#71 Jessie Nishimura - DT","#60 Michael Beil - DT","#96 Terrance Peden - RDE",,"#90 Christopher Tran - MLB",,,"#38 Antonio Johnson - CB","#21 Conrad Conner - CB","#56 Fast Eddie  Solerno - WLB","#35 Dorian Young - SS",,"#59 Brandon Beaufort - SS","#27 Daniel McGuire - FS",,,,,,,,,,,,,,,,,,,,,,,,,,,,,,,,,,,,
CHR,6:51,"CHR 49",3,3,15,"Shotgun Normal Deep Weak In and Out","Dime Flat Man Cover 1",,19,0,"3-15-CHR 49 (6:50) 7-Joseph Matthews pass Pass knocked down by 35-Dorian Young. incomplete, intended for 17-Jon Smith. Pressure by 71-Jessie Nishimura.","#7 Joseph Matthews - QB","#27 Kris Smithson - RB",,,,"#87 Michael Bryant - TE",,"#11 Michael Barber - WR","#17 Jon Smith - WR","#12 John Perkins - WR",,,"#75 Harold Turner - LT","#60 Alan Charest - LG","#54 Terry Schafer - C","#63 Charles Richards - RG","#73 Douglas Lowery - RT",,"#97 Jimmy Auer - LDE",,"#71 Jessie Nishimura - DT","#60 Michael Beil - DT","#96 Terrance Peden - RDE",,"#90 Christopher Tran - MLB",,,"#38 Antonio Johnson - CB","#21 Conrad Conner - CB","#56 Fast Eddie  Solerno - WLB","#35 Dorian Young - SS",,"#59 Brandon Beaufort - SS","#27 Daniel McGuire - FS",,,,,,,,,,,,,,,,,,,,,,,,,,,,,,,,,,,,
CHR,6:45,"CHR 49",3,4,15,Punt,"Punt Return",,19,0,"4-15-CHR 49 (6:46) 2-Jethro Carper punts 42 yards to VIR 9. 26-William Keller to VIR 7 for -2 yards. Tackle by 93-Dustin Thompson. 38-Antonio Johnson was caught flat-footed on this play. 38-Antonio Johnson was caught flat-footed on this play.",,,,,,,,,,,,,,,,,,"#2 Jethro Carper - P",,,,,,,,,,,,,,,,,,,"#63 Charles Richards - RG",,"#26 William Keller - FB",,,"#38 Antonio Johnson - CB","#10 Jaime Curtis - WR","#59 Brandon Beaufort - SS",,"#21 Conrad Conner - CB","#35 Dorian Young - SS",,"#39 Thomas Williams - RB",,,,"#97 Joseph Walker - LDE","#70 Charles Wiltshire - RT","#75 Harold Turner - LT","#78 Paul Matthews - LT","#73 Douglas Lowery - RT","#60 Alan Charest - LG",,"#71 Jessie Nishimura - DT","#55 John Hudson - SLB","#96 Terrance Peden - RDE","#97 Jimmy Auer - LDE",,,,,,,
VIR,6:35,"VIR 7",3,1,10,"Strong I Normal Counter Strong","46 Heavy SS MLB Blitz",-1,19,0,"1-10-VIR 7 (6:36) 40-Brian Cotter ran to VIR 6 for -1 yards. Tackle by 55-Pete Dennis.","#3 Daniel Villalobos - QB","#40 Brian Cotter - RB",,,"#26 William Keller - FB","#89 Scott Christie - TE",,"#10 Jaime Curtis - WR",,"#82 Derick Davis - WR",,,"#77 Arthur Peters - RT","#62 David Royer - RG","#73 Dennis Marte - C","#72 Pedro Daniels - RG","#64 John Kelley - RT",,"#94 Gerald Taylor - LDE",,"#95 Ralph Weiss - DT","#92 Craig Michael - DT","#98 Karl Bullock - RDE","#57 John Hurd - SLB","#55 Pete Dennis - MLB",,"#53 Scotty Duck - WLB","#33 Nick Watts - CB","#34 Ronald Calhoun - CB",,,,"#40 Dennis Woodall - SS","#42 Robert Wilson - FS",,,,,,,,,,,,,,,,,,,,,,,,,,,,,,,,,,,,
VIR,6:02,"VIR 6",3,2,11,"I Formation Normal HB Draw","46 Heavy 2 Deep Man Under",1,19,0,"2-11-VIR 6 (6:01) 39-Thomas Williams ran to VIR 7 for 1 yards. Tackle by 94-Gerald Taylor.","#3 Daniel Villalobos - QB","#39 Thomas Williams - RB",,,"#26 William Keller - FB","#89 Scott Christie - TE",,"#10 Jaime Curtis - WR",,"#82 Derick Davis - WR",,,"#77 Arthur Peters - RT","#62 David Royer - RG","#73 Dennis Marte - C","#72 Pedro Daniels - RG","#64 John Kelley - RT",,"#94 Gerald Taylor - LDE",,"#95 Ralph Weiss - DT","#92 Craig Michael - DT","#98 Karl Bullock - RDE","#57 John Hurd - SLB","#55 Pete Dennis - MLB",,"#53 Scotty Duck - WLB","#32 Rudy Pike - CB","#33 Nick Watts - CB",,,,"#40 Dennis Woodall - SS","#42 Robert Wilson - FS",,,,,,,,,,,,,,,,,,,,,,,,,,,,,,,,,,,,
VIR,5:24,"VIR 7",3,3,10,"Singleback 4 Wide Post and Drag","Nickel Normal Cover 2",12,19,0,"3-10-VIR 7 (5:23) 3-Daniel Villalobos pass complete to 85-Robert Carpenter to VIR 19 for 12 yards. Tackle by 33-Nick Watts.","#3 Daniel Villalobos - QB","#39 Thomas Williams - RB",,,,,,"#10 Jaime Curtis - WR","#85 Robert Carpenter - WR","#82 Derick Davis - WR","#12 Matt Duarte - WR",,"#77 Arthur Peters - RT","#62 David Royer - RG","#73 Dennis Marte - C","#72 Pedro Daniels - RG","#64 John Kelley - RT",,"#94 Gerald Taylor - LDE",,"#95 Ralph Weiss - DT","#92 Craig Michael - DT","#98 Karl Bullock - RDE",,"#55 Pete Dennis - MLB",,"#53 Scotty Duck - WLB","#32 Rudy Pike - CB","#33 Nick Watts - CB",,"#34 Ronald Calhoun - CB",,"#40 Dennis Woodall - SS","#42 Robert Wilson - FS",,,,,,,,,,,,,,,,,,,,,,,,,,,,,,,,,,,,
VIR,4:39,"VIR 19",3,1,10,"I Formation Normal HB Draw","4-3 Under Double Safety Blitz",1,19,0,"1-10-VIR 19 (4:38) 39-Thomas Williams ran to VIR 20 for 1 yards. Tackle by 95-Ralph Weiss.","#3 Daniel Villalobos - QB","#39 Thomas Williams - RB",,,"#26 William Keller - FB","#89 Scott Christie - TE",,"#10 Jaime Curtis - WR",,"#82 Derick Davis - WR",,,"#77 Arthur Peters - RT","#62 David Royer - RG","#73 Dennis Marte - C","#72 Pedro Daniels - RG","#64 John Kelley - RT",,"#94 Gerald Taylor - LDE",,"#95 Ralph Weiss - DT","#92 Craig Michael - DT","#98 Karl Bullock - RDE","#57 John Hurd - SLB","#55 Pete Dennis - MLB",,"#53 Scotty Duck - WLB","#32 Rudy Pike - CB","#33 Nick Watts - CB",,,,"#40 Dennis Woodall - SS","#42 Robert Wilson - FS",,,,,,,,,,,,,,,,,,,,,,,,,,,,,,,,,,,,
VIR,3:56,"VIR 20",3,2,9,"I Formation Normal HB Draw","4-3 Normal WLB Outside Blitz",,19,0,"2-9-VIR 20 (3:55) 39-Thomas Williams ran to VIR 20 for a short gain. Tackle by 92-Craig Michael.","#3 Daniel Villalobos - QB","#39 Thomas Williams - RB",,,"#26 William Keller - FB","#89 Scott Christie - TE",,"#10 Jaime Curtis - WR",,"#82 Derick Davis - WR",,,"#77 Arthur Peters - RT","#62 David Royer - RG","#73 Dennis Marte - C","#72 Pedro Daniels - RG","#64 John Kelley - RT",,"#94 Gerald Taylor - LDE",,"#95 Ralph Weiss - DT","#92 Craig Michael - DT","#98 Karl Bullock - RDE","#57 John Hurd - SLB","#55 Pete Dennis - MLB",,"#53 Scotty Duck - WLB","#32 Rudy Pike - CB","#33 Nick Watts - CB",,,,"#40 Dennis Woodall - SS","#42 Robert Wilson - FS",,,,,,,,,,,,,,,,,,,,,,,,,,,,,,,,,,,,
VIR,3:16,"VIR 20",3,3,9,"I Formation 3WR Slot Short WR Deep","Nickel Normal Man Cover 2",,19,0,"3-9-VIR 20 (3:15) 3-Daniel Villalobos pass Pass knocked down by 55-Pete Dennis. incomplete, intended for 39-Thomas Williams.","#3 Daniel Villalobos - QB","#39 Thomas Williams - RB",,,"#26 William Keller - FB",,,"#10 Jaime Curtis - WR","#85 Robert Carpenter - WR","#82 Derick Davis - WR",,,"#77 Arthur Peters - RT","#62 David Royer - RG","#73 Dennis Marte - C","#72 Pedro Daniels - RG","#64 John Kelley - RT",,"#94 Gerald Taylor - LDE",,"#95 Ralph Weiss - DT","#92 Craig Michael - DT","#98 Karl Bullock - RDE",,"#55 Pete Dennis - MLB",,"#53 Scotty Duck - WLB","#32 Rudy Pike - CB","#33 Nick Watts - CB",,"#34 Ronald Calhoun - CB",,"#40 Dennis Woodall - SS","#42 Robert Wilson - FS",,,,,,,,,,,,,,,,,,,,,,,,,,,,,,,,,,,,
VIR,3:10,"VIR 20",3,4,9,Punt,"Punt Return",,19,0,"4-9-VIR 20 (3:10) 5-Billy Reeves punts 44 yards to CHR 36. Fair Catch by 12-John Perkins.",,,,,,,,,,,,,,,,,,"#5 Billy Reeves - P",,,,,,,,,,,,,,,,,,,"#64 John Kelley - RT",,"#12 John Perkins - WR",,,"#32 Rudy Pike - CB","#74 Stephen Satterfield - DT","#94 Gerald Taylor - LDE",,"#55 Pete Dennis - MLB","#34 Ronald Calhoun - CB",,"#40 Dennis Woodall - SS",,,,"#26 William Keller - FB","#72 Pedro Daniels - RG","#73 Dennis Marte - C","#77 Arthur Peters - RT","#63 Guy Lopez - C","#62 David Royer - RG",,"#97 Joseph Walker - LDE","#93 Dustin Thompson - RDE","#98 Karl Bullock - RDE","#95 Ralph Weiss - DT",,,,,,,
CHR,3:03,"CHR 36",3,1,10,"Shotgun 2 RB 3 WR WR Hooks","Dime Flat Man Cover 1",3,19,0,"1-10-CHR 36 (3:04) 7-Joseph Matthews pass complete to 11-Michael Barber to CHR 39 for 3 yards. Tackle by 21-Conrad Conner. VIR 21-Conrad Conner was injured on the play. He looks like he should be able to return.","#7 Joseph Matthews - QB","#27 Kris Smithson - RB","#20 Billy Gonzalez - RB",,,,,"#11 Michael Barber - WR","#17 Jon Smith - WR","#12 John Perkins - WR",,,"#75 Harold Turner - LT","#60 Alan Charest - LG","#54 Terry Schafer - C","#63 Charles Richards - RG","#73 Douglas Lowery - RT",,"#97 Jimmy Auer - LDE",,"#71 Jessie Nishimura - DT","#60 Michael Beil - DT","#96 Terrance Peden - RDE",,"#90 Christopher Tran - MLB",,,"#21 Conrad Conner - CB","#38 Antonio Johnson - CB","#56 Fast Eddie  Solerno - WLB","#59 Brandon Beaufort - SS",,"#35 Dorian Young - SS","#27 Daniel McGuire - FS",,,,,,,,,,,,,,,,,,,,,,,,,,,,,,,,,,,,
CHR,2:28,"CHR 39",3,2,7,"Shotgun Normal HB Dive","Dime Flat Man Cover 1",-2,19,0,"2-7-CHR 39 (2:27) 27-Kris Smithson ran to CHR 37 for -2 yards. Tackle by 60-Michael Beil.","#7 Joseph Matthews - QB","#27 Kris Smithson - RB",,,,"#87 Michael Bryant - TE",,"#11 Michael Barber - WR","#17 Jon Smith - WR","#12 John Perkins - WR",,,"#75 Harold Turner - LT","#60 Alan Charest - LG","#54 Terry Schafer - C","#63 Charles Richards - RG","#73 Douglas Lowery - RT",,"#97 Jimmy Auer - LDE",,"#71 Jessie Nishimura - DT","#60 Michael Beil - DT","#96 Terrance Peden - RDE",,"#90 Christopher Tran - MLB",,,"#38 Antonio Johnson - CB","#35 Dorian Young - SS","#92 Jesse Hart - SLB","#56 Fast Eddie  Solerno - WLB",,"#59 Brandon Beaufort - SS","#27 Daniel McGuire - FS",,,,,,,,,,,,,,,,,,,,,,,,,,,,,,,,,,,,
CHR,1:49,"CHR 37",3,3,9,"Weak I Normal WR Corner TE Middle","Dime Flat Man Cover 1",,19,0,"3-9-CHR 37 (1:48) 7-Joseph Matthews pass Pass knocked down by 56-Fast Eddie  Solerno. incomplete, intended for 87-Michael Bryant. Pressure by 97-Jimmy Auer.","#7 Joseph Matthews - QB","#27 Kris Smithson - RB",,,"#30 Luis Swint - FB","#87 Michael Bryant - TE",,"#11 Michael Barber - WR",,"#12 John Perkins - WR",,,"#75 Harold Turner - LT","#60 Alan Charest - LG","#54 Terry Schafer - C","#63 Charles Richards - RG","#73 Douglas Lowery - RT",,"#97 Jimmy Auer - LDE",,"#71 Jessie Nishimura - DT","#60 Michael Beil - DT","#96 Terrance Peden - RDE",,"#90 Christopher Tran - MLB",,,"#38 Antonio Johnson - CB","#35 Dorian Young - SS","#92 Jesse Hart - SLB","#56 Fast Eddie  Solerno - WLB",,"#59 Brandon Beaufort - SS","#27 Daniel McGuire - FS",,,,,,,,,,,,,,,,,,,,,,,,,,,,,,,,,,,,
CHR,1:44,"CHR 37",3,4,9,Punt,"Punt Return",39,19,0,"4-9-CHR 37 (1:45) 2-Jethro Carper punts 44 yards to VIR 19. 26-William Keller to VIR 26 for 7 yards. 26-William Keller FUMBLES (70-Charles Wiltshire) recovered by CHR-78-Paul Matthews to VIR 24 for 1 yards. Tackle by 71-Jessie Nishimura. 97-Joseph Walker completely missed his blocking assignment.",,,,,,,,,,,,,,,,,,"#2 Jethro Carper - P",,,,,,,,,,,,,,,,,,,"#63 Charles Richards - RG",,"#26 William Keller - FB",,,"#38 Antonio Johnson - CB","#10 Jaime Curtis - WR","#59 Brandon Beaufort - SS",,"#27 Daniel McGuire - FS","#35 Dorian Young - SS",,"#39 Thomas Williams - RB",,,,"#97 Joseph Walker - LDE","#70 Charles Wiltshire - RT","#75 Harold Turner - LT","#78 Paul Matthews - LT","#73 Douglas Lowery - RT","#60 Alan Charest - LG",,"#71 Jessie Nishimura - DT","#55 John Hudson - SLB","#96 Terrance Peden - RDE","#97 Jimmy Auer - LDE",,,,,,,
CHR,1:33,"VIR 24",3,1,10,"Singleback Big Off Tackle Strong","Dime Flat Man Cover 1",1,19,0,"1-10-VIR 24 (1:34) 27-Kris Smithson ran to VIR 23 for 1 yards. Tackle by 90-Christopher Tran.","#7 Joseph Matthews - QB","#27 Kris Smithson - RB",,,,"#87 Michael Bryant - TE","#84 Jason Aguirre - TE","#11 Michael Barber - WR",,"#12 John Perkins - WR",,,"#73 Douglas Lowery - RT","#60 Alan Charest - LG","#54 Terry Schafer - C","#63 Charles Richards - RG","#50 Aaron Mohammed - C",,"#97 Jimmy Auer - LDE",,"#60 Michael Beil - DT","#93 Dennis Davis - DT","#96 Terrance Peden - RDE",,"#90 Christopher Tran - MLB",,,"#38 Antonio Johnson - CB","#59 Brandon Beaufort - SS","#92 Jesse Hart - SLB","#56 Fast Eddie  Solerno - WLB",,"#35 Dorian Young - SS","#27 Daniel McGuire - FS",,,,,,,,,,,,,,,,,,,,,,,,,,,,,,,,,,,,
CHR,0:55,"VIR 23",3,2,9,"Goal Line Normal HB Toss Strong","Dime Flat Man Cover 1",6,19,0,"2-9-VIR 23 (0:54) 27-Kris Smithson ran to VIR 16 for 6 yards. Tackle by 92-Jesse Hart.","#7 Joseph Matthews - QB","#27 Kris Smithson - RB",,"#29 John Regina - RB","#30 Luis Swint - FB","#87 Michael Bryant - TE","#84 Jason Aguirre - TE",,,,,,"#75 Harold Turner - LT","#60 Alan Charest - LG","#54 Terry Schafer - C","#63 Charles Richards - RG","#73 Douglas Lowery - RT",,"#97 Jimmy Auer - LDE",,"#71 Jessie Nishimura - DT","#60 Michael Beil - DT","#96 Terrance Peden - RDE",,"#90 Christopher Tran - MLB",,,"#38 Antonio Johnson - CB","#35 Dorian Young - SS","#92 Jesse Hart - SLB","#56 Fast Eddie  Solerno - WLB",,"#59 Brandon Beaufort - SS","#27 Daniel McGuire - FS",,,,,,,,,,,,,,,,,,,,,,,,,,,,,,,,,,,,
CHR,0:15,"VIR 16",3,3,2,"Shotgun 2 RB 3 WR Shotgun Sweep","Dime Flat Man Cover 1",-0,19,0,"3-2-VIR 16 (0:14) 29-John Regina ran to VIR 16 for a short loss. Tackle by 90-Christopher Tran.","#7 Joseph Matthews - QB","#20 Billy Gonzalez - RB","#29 John Regina - RB",,,,,"#11 Michael Barber - WR","#17 Jon Smith - WR","#12 John Perkins - WR",,,"#75 Harold Turner - LT","#60 Alan Charest - LG","#54 Terry Schafer - C","#63 Charles Richards - RG","#73 Douglas Lowery - RT",,"#97 Jimmy Auer - LDE",,"#71 Jessie Nishimura - DT","#60 Michael Beil - DT","#96 Terrance Peden - RDE",,"#90 Christopher Tran - MLB",,,"#38 Antonio Johnson - CB","#27 Daniel McGuire - FS","#92 Jesse Hart - SLB","#56 Fast Eddie  Solerno - WLB",,"#59 Brandon Beaufort - SS","#35 Dorian Young - SS",,,,,,,,,,,,,,,,,,,,,,,,,,,,,,,,,,,,
,0:00,,3,4,2,,,,19,0,"End of third quarter.",,,,,,,,,,,,,,,,,,,,,,,,,,,,,,,,,,,,,,,,,,,,,,,,,,,,,,,,,,,,,,,,,,,,,,
CHR,15:00,"VIR 16",4,4,2,"Field Goal","FG Block",27,19,0,"4-2-VIR 16 (15:00) 18-Jeffrey Roland 34 yard field goal is NO GOOD. (Wide Right)",,,,,,,,,,,,,,,,,,,,,,,,,,,,,,,,,,,,"#1 Pedro Foster - QB","#63 Charles Richards - RG",,,,,,,,,,,,,,"#18 Jeffrey Roland - K","#50 Aaron Mohammed - C","#97 Joseph Walker - LDE","#70 Charles Wiltshire - RT","#75 Harold Turner - LT","#78 Paul Matthews - LT","#73 Douglas Lowery - RT","#60 Alan Charest - LG","#98 Karl Bullock - RDE","#71 Jessie Nishimura - DT","#55 John Hudson - SLB","#96 Terrance Peden - RDE","#97 Jimmy Auer - LDE","#53 Ralph Chavez - MLB","#54 Troy Jones - WLB","#92 Jesse Hart - SLB","#50 Gordon Stanford - MLB","#60 Michael Beil - DT","#90 Christopher Tran - MLB","#95 Michael Adams - WLB"
VIR,14:57,"VIR 23",4,1,10,"I Formation Normal HB Draw","4-3 Under Double LB Blitz",1,19,0,"1-10-VIR 23 (14:58) 39-Thomas Williams ran to VIR 24 for 1 yards. Tackle by 59-Scotty Duck.","#3 Daniel Villalobos - QB","#39 Thomas Williams - RB",,,"#26 William Keller - FB","#89 Scott Christie - TE",,"#10 Jaime Curtis - WR",,"#82 Derick Davis - WR",,,"#77 Arthur Peters - RT","#62 David Royer - RG","#73 Dennis Marte - C","#72 Pedro Daniels - RG","#64 John Kelley - RT",,"#94 Gerald Taylor - LDE",,"#95 Ralph Weiss - DT","#92 Craig Michael - DT","#98 Karl Bullock - RDE","#57 John Hurd - SLB","#55 Pete Dennis - MLB",,"#53 Scotty Duck - WLB","#32 Rudy Pike - CB","#33 Nick Watts - CB",,,,"#40 Dennis Woodall - SS","#42 Robert Wilson - FS",,,,,,,,,,,,,,,,,,,,,,,,,,,,,,,,,,,,
VIR,14:17,"VIR 24",4,2,9,"I Formation 3WR PA Fullback Flat","Nickel 3-3-5 Cover 2 Man Under",,19,0,"2-9-VIR 24 (14:16) 3-Daniel Villalobos pass Pass knocked down by 34-Ronald Calhoun. incomplete, intended for 85-Robert Carpenter.","#3 Daniel Villalobos - QB","#39 Thomas Williams - RB",,,"#26 William Keller - FB",,,"#10 Jaime Curtis - WR","#85 Robert Carpenter - WR","#82 Derick Davis - WR",,,"#77 Arthur Peters - RT","#62 David Royer - RG","#73 Dennis Marte - C","#72 Pedro Daniels - RG","#64 John Kelley - RT",,"#94 Gerald Taylor - LDE",,"#95 Ralph Weiss - DT",,"#98 Karl Bullock - RDE","#57 John Hurd - SLB","#55 Pete Dennis - MLB",,"#53 Scotty Duck - WLB","#32 Rudy Pike - CB","#33 Nick Watts - CB",,"#34 Ronald Calhoun - CB",,"#40 Dennis Woodall - SS","#42 Robert Wilson - FS",,,,,,,,,,,,,,,,,,,,,,,,,,,,,,,,,,,,
VIR,14:12,"VIR 24",4,3,9,"I Formation 3WR Slot Short WR Deep","Nickel 3-3-5 Cover 2 Man Under",,19,0,"3-9-VIR 24 (14:13) 3-Daniel Villalobos pass Pass knocked down by 34-Ronald Calhoun. incomplete, intended for 85-Robert Carpenter. 34-Ronald Calhoun got away with a hold on that play.","#3 Daniel Villalobos - QB","#39 Thomas Williams - RB",,,"#26 William Keller - FB",,,"#10 Jaime Curtis - WR","#85 Robert Carpenter - WR","#82 Derick Davis - WR",,,"#77 Arthur Peters - RT","#62 David Royer - RG","#73 Dennis Marte - C","#72 Pedro Daniels - RG","#64 John Kelley - RT",,"#94 Gerald Taylor - LDE",,"#95 Ralph Weiss - DT",,"#98 Karl Bullock - RDE","#57 John Hurd - SLB","#55 Pete Dennis - MLB",,"#53 Scotty Duck - WLB","#32 Rudy Pike - CB","#33 Nick Watts - CB",,"#34 Ronald Calhoun - CB",,"#40 Dennis Woodall - SS","#42 Robert Wilson - FS",,,,,,,,,,,,,,,,,,,,,,,,,,,,,,,,,,,,
VIR,14:07,"VIR 24",4,4,9,Punt,"Punt Return",,19,0,"4-9-VIR 24 (14:08) 5-Billy Reeves punts 45 yards to CHR 31. Fair Catch by 12-John Perkins.",,,,,,,,,,,,,,,,,,"#5 Billy Reeves - P",,,,,,,,,,,,,,,,,,,"#64 John Kelley - RT",,"#12 John Perkins - WR",,,"#32 Rudy Pike - CB","#74 Stephen Satterfield - DT","#94 Gerald Taylor - LDE",,"#55 Pete Dennis - MLB","#34 Ronald Calhoun - CB",,"#40 Dennis Woodall - SS",,,,"#26 William Keller - FB","#72 Pedro Daniels - RG","#73 Dennis Marte - C","#77 Arthur Peters - RT","#63 Guy Lopez - C","#62 David Royer - RG",,"#97 Joseph Walker - LDE","#93 Dustin Thompson - RDE","#98 Karl Bullock - RDE","#95 Ralph Weiss - DT",,,,,,,
CHR,14:01,"CHR 31",4,1,10,"Shotgun Normal HB Delay","Dime Flat Man Cover 1",,19,0,"1-10-CHR 31 (14:02) PENALTY - False Start (CHR 11-Michael Barber)","#7 Joseph Matthews - QB","#27 Kris Smithson - RB",,,,"#87 Michael Bryant - TE",,"#11 Michael Barber - WR","#17 Jon Smith - WR","#12 John Perkins - WR",,,"#75 Harold Turner - LT","#60 Alan Charest - LG","#54 Terry Schafer - C","#63 Charles Richards - RG","#73 Douglas Lowery - RT",,"#97 Jimmy Auer - LDE",,"#71 Jessie Nishimura - DT","#60 Michael Beil - DT","#96 Terrance Peden - RDE",,"#90 Christopher Tran - MLB",,,"#21 Conrad Conner - CB","#38 Antonio Johnson - CB","#56 Fast Eddie  Solerno - WLB","#59 Brandon Beaufort - SS",,"#35 Dorian Young - SS","#27 Daniel McGuire - FS",,,,,,,,,,,,,,,,,,,,,,,,,,,,,,,,,,,,
CHR,14:01,"CHR 26",4,1,15,"I Formation Normal HB Dive","Dime Flat Man Cover 1",,19,0,"1-15-CHR 26 (14:02) 27-Kris Smithson ran to CHR 27 for a short gain. Tackle by 60-Michael Beil.","#7 Joseph Matthews - QB","#27 Kris Smithson - RB",,,"#30 Luis Swint - FB","#87 Michael Bryant - TE",,"#11 Michael Barber - WR",,"#12 John Perkins - WR",,,"#75 Harold Turner - LT","#60 Alan Charest - LG","#54 Terry Schafer - C","#63 Charles Richards - RG","#73 Douglas Lowery - RT",,"#97 Jimmy Auer - LDE",,"#71 Jessie Nishimura - DT","#60 Michael Beil - DT","#96 Terrance Peden - RDE",,"#90 Christopher Tran - MLB",,,"#38 Antonio Johnson - CB","#21 Conrad Conner - CB","#56 Fast Eddie  Solerno - WLB","#35 Dorian Young - SS",,"#59 Brandon Beaufort - SS","#27 Daniel McGuire - FS",,,,,,,,,,,,,,,,,,,,,,,,,,,,,,,,,,,,
CHR,13:20,"CHR 27",4,2,15,"I Formation 3WR Slot Short WR Deep","Dime Flat Man Cover 1",,19,0,"2-15-CHR 27 (13:19) 7-Joseph Matthews pass Pass knocked down by 35-Dorian Young. incomplete, intended for 17-Jon Smith.","#7 Joseph Matthews - QB","#27 Kris Smithson - RB",,,"#30 Luis Swint - FB",,,"#11 Michael Barber - WR","#17 Jon Smith - WR","#12 John Perkins - WR",,,"#75 Harold Turner - LT","#60 Alan Charest - LG","#54 Terry Schafer - C","#63 Charles Richards - RG","#73 Douglas Lowery - RT",,"#97 Jimmy Auer - LDE",,"#71 Jessie Nishimura - DT","#60 Michael Beil - DT","#96 Terrance Peden - RDE",,"#90 Christopher Tran - MLB",,,"#38 Antonio Johnson - CB","#21 Conrad Conner - CB","#56 Fast Eddie  Solerno - WLB","#35 Dorian Young - SS",,"#59 Brandon Beaufort - SS","#27 Daniel McGuire - FS",,,,,,,,,,,,,,,,,,,,,,,,,,,,,,,,,,,,
CHR,13:15,"CHR 27",4,3,15,"I Formation Normal PA Streaks","Dime Flat Man Cover 1",-7,19,0,"3-15-CHR 27 (13:16) 7-Joseph Matthews sacked at CHR 19 for -7 yards (71-Jessie Nishimura). Sack allowed by 63-Charles Richards.","#7 Joseph Matthews - QB","#20 Billy Gonzalez - RB",,,"#30 Luis Swint - FB","#87 Michael Bryant - TE",,"#11 Michael Barber - WR",,"#12 John Perkins - WR",,,"#75 Harold Turner - LT","#60 Alan Charest - LG","#54 Terry Schafer - C","#63 Charles Richards - RG","#73 Douglas Lowery - RT",,"#97 Jimmy Auer - LDE",,"#71 Jessie Nishimura - DT","#60 Michael Beil - DT","#96 Terrance Peden - RDE",,"#90 Christopher Tran - MLB",,,"#38 Antonio Johnson - CB","#21 Conrad Conner - CB","#56 Fast Eddie  Solerno - WLB","#35 Dorian Young - SS",,"#59 Brandon Beaufort - SS","#27 Daniel McGuire - FS",,,,,,,,,,,,,,,,,,,,,,,,,,,,,,,,,,,,
CHR,12:38,"CHR 19",4,4,22,Punt,"Punt Return",,19,0,"4-22-CHR 19 (12:37) 2-Jethro Carper punts 49 yards to VIR 32. 26-William Keller to VIR 39 for 7 yards. Tackle by 32-Rudy Pike.",,,,,,,,,,,,,,,,,,"#2 Jethro Carper - P",,,,,,,,,,,,,,,,,,,"#63 Charles Richards - RG",,"#26 William Keller - FB",,,"#38 Antonio Johnson - CB","#39 Thomas Williams - RB","#59 Brandon Beaufort - SS",,"#21 Conrad Conner - CB","#27 Daniel McGuire - FS",,"#35 Dorian Young - SS",,,,"#97 Joseph Walker - LDE","#70 Charles Wiltshire - RT","#75 Harold Turner - LT","#78 Paul Matthews - LT","#73 Douglas Lowery - RT","#60 Alan Charest - LG",,"#71 Jessie Nishimura - DT","#55 John Hudson - SLB","#96 Terrance Peden - RDE","#97 Jimmy Auer - LDE",,,,,,,
VIR,12:27,"VIR 39",4,1,10,"Weak I Normal WR Corner TE Middle","4-3 Under Crowd Middle",7,19,0,"1-10-VIR 39 (12:28) 3-Daniel Villalobos pass complete to 40-Brian Cotter to VIR 46 for 7 yards. Tackle by 57-John Hurd.","#3 Daniel Villalobos - QB","#40 Brian Cotter - RB",,,"#26 William Keller - FB","#89 Scott Christie - TE",,"#10 Jaime Curtis - WR",,"#82 Derick Davis - WR",,,"#77 Arthur Peters - RT","#62 David Royer - RG","#73 Dennis Marte - C","#72 Pedro Daniels - RG","#64 John Kelley - RT",,"#94 Gerald Taylor - LDE",,"#95 Ralph Weiss - DT","#92 Craig Michael - DT","#98 Karl Bullock - RDE","#57 John Hurd - SLB","#55 Pete Dennis - MLB",,"#53 Scotty Duck - WLB","#33 Nick Watts - CB","#34 Ronald Calhoun - CB",,,,"#40 Dennis Woodall - SS","#42 Robert Wilson - FS",,,,,,,,,,,,,,,,,,,,,,,,,,,,,,,,,,,,
VIR,11:45,"VIR 46",4,2,3,"I Formation Normal HB Draw","4-3 Under Double LB Blitz",1,19,0,"2-3-VIR 46 (11:44) 39-Thomas Williams ran to VIR 47 for 1 yards. Tackle by 59-Scotty Duck.","#3 Daniel Villalobos - QB","#39 Thomas Williams - RB",,,"#26 William Keller - FB","#89 Scott Christie - TE",,"#10 Jaime Curtis - WR",,"#82 Derick Davis - WR",,,"#77 Arthur Peters - RT","#62 David Royer - RG","#73 Dennis Marte - C","#72 Pedro Daniels - RG","#64 John Kelley - RT",,"#94 Gerald Taylor - LDE",,"#95 Ralph Weiss - DT","#92 Craig Michael - DT","#98 Karl Bullock - RDE","#57 John Hurd - SLB","#55 Pete Dennis - MLB",,"#53 Scotty Duck - WLB","#32 Rudy Pike - CB","#33 Nick Watts - CB",,,,"#40 Dennis Woodall - SS","#42 Robert Wilson - FS",,,,,,,,,,,,,,,,,,,,,,,,,,,,,,,,,,,,
VIR,11:10,"VIR 47",4,3,2,"I Formation Normal HB Dive","4-3 Normal Man QB Spy",,19,0,"3-2-VIR 47 (11:09) 39-Thomas Williams ran to VIR 47 for a short gain. Tackle by 92-Craig Michael.","#3 Daniel Villalobos - QB","#39 Thomas Williams - RB",,,"#26 William Keller - FB","#89 Scott Christie - TE",,"#10 Jaime Curtis - WR",,"#82 Derick Davis - WR",,,"#77 Arthur Peters - RT","#62 David Royer - RG","#73 Dennis Marte - C","#72 Pedro Daniels - RG","#64 John Kelley - RT",,"#94 Gerald Taylor - LDE",,"#95 Ralph Weiss - DT","#92 Craig Michael - DT","#98 Karl Bullock - RDE","#57 John Hurd - SLB","#55 Pete Dennis - MLB",,"#53 Scotty Duck - WLB","#32 Rudy Pike - CB","#33 Nick Watts - CB",,,,"#40 Dennis Woodall - SS","#42 Robert Wilson - FS",,,,,,,,,,,,,,,,,,,,,,,,,,,,,,,,,,,,
VIR,10:26,"VIR 47",4,4,2,Punt,"Punt Return",56,19,0,"4-2-VIR 47 (10:25) 5-Billy Reeves punts 56 yards to CHR -3.4-2-VIR 47 (10:25) 5-Billy Reeves punts 56 yards to CHR -3. Touchback.",,,,,,,,,,,,,,,,,,"#5 Billy Reeves - P",,,,,,,,,,,,,,,,,,,"#64 John Kelley - RT",,"#12 John Perkins - WR",,,"#32 Rudy Pike - CB","#74 Stephen Satterfield - DT","#94 Gerald Taylor - LDE",,"#55 Pete Dennis - MLB","#34 Ronald Calhoun - CB",,"#40 Dennis Woodall - SS",,,,"#26 William Keller - FB","#72 Pedro Daniels - RG","#73 Dennis Marte - C","#77 Arthur Peters - RT","#63 Guy Lopez - C","#62 David Royer - RG",,"#97 Joseph Walker - LDE","#93 Dustin Thompson - RDE","#98 Karl Bullock - RDE","#95 Ralph Weiss - DT",,,,,,,
CHR,10:17,"CHR 20",4,1,10,"I Formation Normal FL Hook","Dime Flat Man Cover 1",,19,0,"1-10-CHR 20 (10:18) 7-Joseph Matthews pass incomplete, intended for 30-Luis Swint.","#7 Joseph Matthews - QB","#27 Kris Smithson - RB",,,"#30 Luis Swint - FB","#87 Michael Bryant - TE",,"#11 Michael Barber - WR",,"#12 John Perkins - WR",,,"#75 Harold Turner - LT","#60 Alan Charest - LG","#54 Terry Schafer - C","#63 Charles Richards - RG","#73 Douglas Lowery - RT",,"#97 Jimmy Auer - LDE",,"#71 Jessie Nishimura - DT","#60 Michael Beil - DT","#96 Terrance Peden - RDE",,"#90 Christopher Tran - MLB",,,"#21 Conrad Conner - CB","#38 Antonio Johnson - CB","#56 Fast Eddie  Solerno - WLB","#59 Brandon Beaufort - SS",,"#35 Dorian Young - SS","#27 Daniel McGuire - FS",,,,,,,,,,,,,,,,,,,,,,,,,,,,,,,,,,,,
CHR,10:15,"CHR 20",4,2,10,"Shotgun Normal Deep Weak In and Out","Dime Flat Man Cover 1",,19,0,"2-10-CHR 20 (10:16) 7-Joseph Matthews pass incomplete, dropped by 87-Michael Bryant. Pressure by 97-Jimmy Auer.","#7 Joseph Matthews - QB","#27 Kris Smithson - RB",,,,"#87 Michael Bryant - TE",,"#11 Michael Barber - WR","#17 Jon Smith - WR","#12 John Perkins - WR",,,"#75 Harold Turner - LT","#60 Alan Charest - LG","#54 Terry Schafer - C","#63 Charles Richards - RG","#73 Douglas Lowery - RT",,"#97 Jimmy Auer - LDE",,"#71 Jessie Nishimura - DT","#60 Michael Beil - DT","#96 Terrance Peden - RDE",,"#90 Christopher Tran - MLB",,,"#21 Conrad Conner - CB","#38 Antonio Johnson - CB","#56 Fast Eddie  Solerno - WLB","#59 Brandon Beaufort - SS",,"#35 Dorian Young - SS","#27 Daniel McGuire - FS",,,,,,,,,,,,,,,,,,,,,,,,,,,,,,,,,,,,
CHR,10:11,"CHR 20",4,3,10,"Shotgun 2 RB 3 WR Strong Deep","Dime Flat Man Cover 1",-10,19,0,"3-10-CHR 20 (10:12) 7-Joseph Matthews sacked at CHR 10 for -10 yards (96-Terrance Peden). Sack allowed by 75-Harold Turner.","#7 Joseph Matthews - QB","#20 Billy Gonzalez - RB","#29 John Regina - RB",,,,,"#11 Michael Barber - WR","#17 Jon Smith - WR","#12 John Perkins - WR",,,"#75 Harold Turner - LT","#60 Alan Charest - LG","#54 Terry Schafer - C","#63 Charles Richards - RG","#73 Douglas Lowery - RT",,"#97 Jimmy Auer - LDE",,"#71 Jessie Nishimura - DT","#60 Michael Beil - DT","#96 Terrance Peden - RDE",,"#90 Christopher Tran - MLB",,,"#21 Conrad Conner - CB","#38 Antonio Johnson - CB","#56 Fast Eddie  Solerno - WLB","#59 Brandon Beaufort - SS",,"#35 Dorian Young - SS","#27 Daniel McGuire - FS",,,,,,,,,,,,,,,,,,,,,,,,,,,,,,,,,,,,
CHR,9:31,"CHR 10",4,4,20,Punt,"Punt Return",,19,0,"4-20-CHR 10 (9:30) 2-Jethro Carper punts 47 yards to VIR 42. 26-William Keller to CHR 36 for 22 yards. Tackle by 32-Rudy Pike.",,,,,,,,,,,,,,,,,,"#2 Jethro Carper - P",,,,,,,,,,,,,,,,,,,"#63 Charles Richards - RG",,"#26 William Keller - FB",,,"#27 Daniel McGuire - FS","#12 Matt Duarte - WR","#21 Conrad Conner - CB",,"#35 Dorian Young - SS","#39 Thomas Williams - RB",,"#10 Jaime Curtis - WR",,,,"#97 Joseph Walker - LDE","#70 Charles Wiltshire - RT","#75 Harold Turner - LT","#78 Paul Matthews - LT","#73 Douglas Lowery - RT","#60 Alan Charest - LG",,"#71 Jessie Nishimura - DT","#55 John Hudson - SLB","#96 Terrance Peden - RDE","#97 Jimmy Auer - LDE",,,,,,,
VIR,9:17,"CHR 36",4,1,10,"Strong I Normal Counter Strong","4-3 Normal Man QB Spy",3,19,0,"1-10-CHR 36 (9:18) 40-Brian Cotter ran to CHR 32 for 3 yards. Tackle by 55-Pete Dennis.","#3 Daniel Villalobos - QB","#40 Brian Cotter - RB",,,"#26 William Keller - FB","#89 Scott Christie - TE",,"#82 Derick Davis - WR",,"#85 Robert Carpenter - WR",,,"#77 Arthur Peters - RT","#62 David Royer - RG","#73 Dennis Marte - C","#72 Pedro Daniels - RG","#64 John Kelley - RT",,"#97 Joseph Walker - LDE",,"#95 Ralph Weiss - DT","#92 Craig Michael - DT","#98 Karl Bullock - RDE","#57 John Hurd - SLB","#55 Pete Dennis - MLB",,"#53 Scotty Duck - WLB","#33 Nick Watts - CB","#34 Ronald Calhoun - CB",,,,"#40 Dennis Woodall - SS","#42 Robert Wilson - FS",,,,,,,,,,,,,,,,,,,,,,,,,,,,,,,,,,,,
VIR,8:38,"CHR 32",4,2,7,"I Formation 3WR HB Inside Weak","Nickel Normal Double WR2",8,19,0,"2-7-CHR 32 (8:37) 39-Thomas Williams ran to CHR 25 for 8 yards. Tackle by 40-Dennis Woodall.","#3 Daniel Villalobos - QB","#39 Thomas Williams - RB",,,"#26 William Keller - FB",,,"#10 Jaime Curtis - WR","#85 Robert Carpenter - WR","#82 Derick Davis - WR",,,"#77 Arthur Peters - RT","#62 David Royer - RG","#73 Dennis Marte - C","#72 Pedro Daniels - RG","#64 John Kelley - RT",,"#94 Gerald Taylor - LDE",,"#95 Ralph Weiss - DT","#92 Craig Michael - DT","#98 Karl Bullock - RDE",,"#55 Pete Dennis - MLB",,"#53 Scotty Duck - WLB","#32 Rudy Pike - CB","#33 Nick Watts - CB",,"#34 Ronald Calhoun - CB",,"#40 Dennis Woodall - SS","#42 Robert Wilson - FS",,,,,,,,,,,,,,,,,,,,,,,,,,,,,,,,,,,,
VIR,7:54,"CHR 25",4,1,10,"Singleback Big HB Inside Strong","4-3 Normal CB2 Blitz",,19,0,"1-10-CHR 25 (7:53) 40-Brian Cotter ran to CHR 23 for 1 yards. 40-Brian Cotter FUMBLES (92-Craig Michael) recovered by CHR-95-Ralph Weiss at CHR 22. Tackle by 73-Dennis Marte.","#3 Daniel Villalobos - QB","#40 Brian Cotter - RB",,,,"#89 Scott Christie - TE","#52 Larry Campbell - RG","#10 Jaime Curtis - WR",,"#82 Derick Davis - WR",,,"#77 Arthur Peters - RT","#62 David Royer - RG","#73 Dennis Marte - C","#72 Pedro Daniels - RG","#64 John Kelley - RT",,"#94 Gerald Taylor - LDE",,"#95 Ralph Weiss - DT","#92 Craig Michael - DT","#98 Karl Bullock - RDE","#57 John Hurd - SLB","#55 Pete Dennis - MLB",,"#53 Scotty Duck - WLB","#32 Rudy Pike - CB","#33 Nick Watts - CB",,,,"#40 Dennis Woodall - SS","#42 Robert Wilson - FS",,,,,,,,,,,,,,,,,,,,,,,,,,,,,,,,,,,,
CHR,7:49,"CHR 22",4,1,10,"Shotgun 2 RB 3 WR RB Curls","Dime Flat Man Cover 1",,19,0,"1-10-CHR 22 (7:50) 7-Joseph Matthews pass Pass knocked down by 59-Brandon Beaufort. incomplete, intended for 27-Kris Smithson. Pressure by 71-Jessie Nishimura.","#7 Joseph Matthews - QB","#27 Kris Smithson - RB","#20 Billy Gonzalez - RB",,,,,"#11 Michael Barber - WR","#17 Jon Smith - WR","#12 John Perkins - WR",,,"#75 Harold Turner - LT","#60 Alan Charest - LG","#54 Terry Schafer - C","#63 Charles Richards - RG","#73 Douglas Lowery - RT",,"#97 Jimmy Auer - LDE",,"#71 Jessie Nishimura - DT","#60 Michael Beil - DT","#96 Terrance Peden - RDE",,"#90 Christopher Tran - MLB",,,"#38 Antonio Johnson - CB","#21 Conrad Conner - CB","#56 Fast Eddie  Solerno - WLB","#35 Dorian Young - SS",,"#59 Brandon Beaufort - SS","#27 Daniel McGuire - FS",,,,,,,,,,,,,,,,,,,,,,,,,,,,,,,,,,,,
CHR,7:45,"CHR 22",4,2,10,"Shotgun 2 RB 3 WR FB In","Dime Flat Man Cover 1",,19,0,"2-10-CHR 22 (7:46) 7-Joseph Matthews pass complete to 29-John Regina to CHR 22 for a short gain. Tackle by 21-Conrad Conner.","#7 Joseph Matthews - QB","#20 Billy Gonzalez - RB","#29 John Regina - RB",,,,,"#11 Michael Barber - WR","#17 Jon Smith - WR","#12 John Perkins - WR",,,"#75 Harold Turner - LT","#60 Alan Charest - LG","#54 Terry Schafer - C","#63 Charles Richards - RG","#73 Douglas Lowery - RT",,"#97 Jimmy Auer - LDE",,"#71 Jessie Nishimura - DT","#60 Michael Beil - DT","#96 Terrance Peden - RDE",,"#90 Christopher Tran - MLB",,,"#38 Antonio Johnson - CB","#21 Conrad Conner - CB","#56 Fast Eddie  Solerno - WLB","#35 Dorian Young - SS",,"#59 Brandon Beaufort - SS","#27 Daniel McGuire - FS",,,,,,,,,,,,,,,,,,,,,,,,,,,,,,,,,,,,
CHR,7:26,"CHR 22",4,3,10,"Shotgun Normal Double Outs","Dime Flat Man Cover 1",,19,0,"3-10-CHR 22 (7:25) 7-Joseph Matthews pass incomplete, intended for 17-Jon Smith.","#7 Joseph Matthews - QB","#27 Kris Smithson - RB",,,,"#87 Michael Bryant - TE",,"#11 Michael Barber - WR","#17 Jon Smith - WR","#12 John Perkins - WR",,,"#75 Harold Turner - LT","#60 Alan Charest - LG","#54 Terry Schafer - C","#63 Charles Richards - RG","#73 Douglas Lowery - RT",,"#97 Jimmy Auer - LDE",,"#71 Jessie Nishimura - DT","#60 Michael Beil - DT","#96 Terrance Peden - RDE",,"#90 Christopher Tran - MLB",,,"#38 Antonio Johnson - CB","#21 Conrad Conner - CB","#56 Fast Eddie  Solerno - WLB","#35 Dorian Young - SS",,"#59 Brandon Beaufort - SS","#27 Daniel McGuire - FS",,,,,,,,,,,,,,,,,,,,,,,,,,,,,,,,,,,,
CHR,7:22,"CHR 22",4,4,10,Punt,"Punt Return",,19,0,"4-10-CHR 22 (7:23) 2-Jethro Carper punts 46 yards to VIR 32. 26-William Keller to CHR 48 for 20 yards. Tackle by 97-Joseph Walker.",,,,,,,,,,,,,,,,,,"#2 Jethro Carper - P",,,,,,,,,,,,,,,,,,,"#63 Charles Richards - RG",,"#26 William Keller - FB",,,"#38 Antonio Johnson - CB","#39 Thomas Williams - RB","#59 Brandon Beaufort - SS",,"#21 Conrad Conner - CB","#27 Daniel McGuire - FS",,"#35 Dorian Young - SS",,,,"#97 Joseph Walker - LDE","#70 Charles Wiltshire - RT","#75 Harold Turner - LT","#78 Paul Matthews - LT","#73 Douglas Lowery - RT","#60 Alan Charest - LG",,"#71 Jessie Nishimura - DT","#55 John Hudson - SLB","#96 Terrance Peden - RDE","#97 Jimmy Auer - LDE",,,,,,,
VIR,7:11,"CHR 48",4,1,10,"Weak I Normal FB Inside Weak","4-3 Normal WLB Outside Blitz",1,19,0,"1-10-CHR 48 (7:12) 26-William Keller ran to CHR 47 for 1 yards. Tackle by 59-Scotty Duck.","#3 Daniel Villalobos - QB","#40 Brian Cotter - RB",,,"#26 William Keller - FB","#89 Scott Christie - TE",,"#10 Jaime Curtis - WR",,"#82 Derick Davis - WR",,,"#77 Arthur Peters - RT","#62 David Royer - RG","#73 Dennis Marte - C","#72 Pedro Daniels - RG","#64 John Kelley - RT",,"#74 Stephen Satterfield - DT",,"#95 Ralph Weiss - DT","#92 Craig Michael - DT","#98 Karl Bullock - RDE","#57 John Hurd - SLB","#55 Pete Dennis - MLB",,"#53 Scotty Duck - WLB","#33 Nick Watts - CB","#34 Ronald Calhoun - CB",,,,"#40 Dennis Woodall - SS","#42 Robert Wilson - FS",,,,,,,,,,,,,,,,,,,,,,,,,,,,,,,,,,,,
VIR,6:35,"CHR 47",4,2,9,"Singleback Big HB Inside Strong","4-3 Normal WLB Outside Blitz",2,19,0,"2-9-CHR 47 (6:34) 39-Thomas Williams ran to CHR 46 for 2 yards. Tackle by 95-Ralph Weiss.","#3 Daniel Villalobos - QB","#39 Thomas Williams - RB",,,,"#89 Scott Christie - TE","#52 Larry Campbell - RG","#10 Jaime Curtis - WR",,"#82 Derick Davis - WR",,,"#77 Arthur Peters - RT","#62 David Royer - RG","#73 Dennis Marte - C","#72 Pedro Daniels - RG","#64 John Kelley - RT",,"#94 Gerald Taylor - LDE",,"#95 Ralph Weiss - DT","#92 Craig Michael - DT","#98 Karl Bullock - RDE","#57 John Hurd - SLB","#55 Pete Dennis - MLB",,"#53 Scotty Duck - WLB","#32 Rudy Pike - CB","#33 Nick Watts - CB",,,,"#40 Dennis Woodall - SS","#42 Robert Wilson - FS",,,,,,,,,,,,,,,,,,,,,,,,,,,,,,,,,,,,
VIR,5:56,"CHR 46",4,3,8,"I Formation Normal HB Draw","4-3 Normal CB2 Blitz",1,19,0,"3-8-CHR 46 (5:55) 39-Thomas Williams ran to CHR 44 for 1 yards. Tackle by 95-Ralph Weiss.","#3 Daniel Villalobos - QB","#39 Thomas Williams - RB",,,"#26 William Keller - FB","#89 Scott Christie - TE",,"#10 Jaime Curtis - WR",,"#82 Derick Davis - WR",,,"#77 Arthur Peters - RT","#62 David Royer - RG","#73 Dennis Marte - C","#72 Pedro Daniels - RG","#64 John Kelley - RT",,"#94 Gerald Taylor - LDE",,"#95 Ralph Weiss - DT","#92 Craig Michael - DT","#98 Karl Bullock - RDE","#57 John Hurd - SLB","#55 Pete Dennis - MLB",,"#53 Scotty Duck - WLB","#32 Rudy Pike - CB","#33 Nick Watts - CB",,,,"#40 Dennis Woodall - SS","#42 Robert Wilson - FS",,,,,,,,,,,,,,,,,,,,,,,,,,,,,,,,,,,,
VIR,5:15,"CHR 44",4,4,6,Punt,"Punt Return",,19,0,"4-6-CHR 44 (5:14) 5-Billy Reeves punts 36 yards to CHR 8. Fair Catch by 12-John Perkins. CHR 40-Dennis Woodall was injured on the play.",,,,,,,,,,,,,,,,,,"#5 Billy Reeves - P",,,,,,,,,,,,,,,,,,,"#64 John Kelley - RT",,"#12 John Perkins - WR",,,"#32 Rudy Pike - CB","#74 Stephen Satterfield - DT","#94 Gerald Taylor - LDE",,"#55 Pete Dennis - MLB","#34 Ronald Calhoun - CB",,"#40 Dennis Woodall - SS",,,,"#26 William Keller - FB","#72 Pedro Daniels - RG","#73 Dennis Marte - C","#77 Arthur Peters - RT","#63 Guy Lopez - C","#62 David Royer - RG",,"#97 Joseph Walker - LDE","#93 Dustin Thompson - RDE","#98 Karl Bullock - RDE","#95 Ralph Weiss - DT",,,,,,,
CHR,5:06,"CHR 8",4,1,10,"I Formation Normal FL Hook","Dime Flat Man Cover 1",,19,0,"1-10-CHR 8 (5:07) 7-Joseph Matthews pass Pass knocked down by 21-Conrad Conner. incomplete, intended for 30-Luis Swint. PENALTY - Holding (CHR 63-Charles Richards)","#7 Joseph Matthews - QB","#27 Kris Smithson - RB",,,"#30 Luis Swint - FB","#87 Michael Bryant - TE",,"#11 Michael Barber - WR",,"#12 John Perkins - WR",,,"#75 Harold Turner - LT","#60 Alan Charest - LG","#54 Terry Schafer - C","#63 Charles Richards - RG","#73 Douglas Lowery - RT",,"#97 Jimmy Auer - LDE",,"#71 Jessie Nishimura - DT","#60 Michael Beil - DT","#96 Terrance Peden - RDE",,"#90 Christopher Tran - MLB",,,"#21 Conrad Conner - CB","#38 Antonio Johnson - CB","#56 Fast Eddie  Solerno - WLB","#59 Brandon Beaufort - SS",,"#35 Dorian Young - SS","#27 Daniel McGuire - FS",,,,,,,,,,,,,,,,,,,,,,,,,,,,,,,,,,,,
CHR,5:03,"CHR 4",4,1,14,"I Formation Normal PA Fullback Flat","Dime Flat Man Cover 1",,19,0,"1-14-CHR 4 (5:04) 7-Joseph Matthews pass incomplete, dropped by 30-Luis Swint.","#7 Joseph Matthews - QB","#20 Billy Gonzalez - RB",,,"#30 Luis Swint - FB","#87 Michael Bryant - TE",,"#11 Michael Barber - WR",,"#12 John Perkins - WR",,,"#75 Harold Turner - LT","#60 Alan Charest - LG","#54 Terry Schafer - C","#63 Charles Richards - RG","#73 Douglas Lowery - RT",,"#97 Jimmy Auer - LDE",,"#71 Jessie Nishimura - DT","#60 Michael Beil - DT","#96 Terrance Peden - RDE",,"#90 Christopher Tran - MLB",,,"#38 Antonio Johnson - CB","#21 Conrad Conner - CB","#56 Fast Eddie  Solerno - WLB","#35 Dorian Young - SS",,"#59 Brandon Beaufort - SS","#27 Daniel McGuire - FS",,,,,,,,,,,,,,,,,,,,,,,,,,,,,,,,,,,,
CHR,5:00,"CHR 4",4,2,14,"I Formation Normal FL Hitch","Dime Flat Man Cover 1",,19,0,"2-14-CHR 4 (5:01) 7-Joseph Matthews pass Pass knocked down by 38-Antonio Johnson. incomplete, intended for 11-Michael Barber.","#7 Joseph Matthews - QB","#27 Kris Smithson - RB",,,"#30 Luis Swint - FB","#87 Michael Bryant - TE",,"#11 Michael Barber - WR",,"#12 John Perkins - WR",,,"#75 Harold Turner - LT","#60 Alan Charest - LG","#54 Terry Schafer - C","#63 Charles Richards - RG","#73 Douglas Lowery - RT",,"#97 Jimmy Auer - LDE",,"#71 Jessie Nishimura - DT","#60 Michael Beil - DT","#96 Terrance Peden - RDE",,"#90 Christopher Tran - MLB",,,"#38 Antonio Johnson - CB","#21 Conrad Conner - CB","#56 Fast Eddie  Solerno - WLB","#35 Dorian Young - SS",,"#59 Brandon Beaufort - SS","#27 Daniel McGuire - FS",,,,,,,,,,,,,,,,,,,,,,,,,,,,,,,,,,,,
CHR,4:58,"CHR 4",4,3,14,"I Formation 3WR Slot Corner Long","Dime Flat Man Cover 1",-7,21,0,"3-14-CHR 4 (4:59) 7-Joseph Matthews sacked at CHR -3 for -7 yards (97-Jimmy Auer). Sack allowed by 73-Douglas Lowery. SAFETY! (97-Jimmy Auer) VIR 21 CHR 0","#7 Joseph Matthews - QB","#27 Kris Smithson - RB",,,"#30 Luis Swint - FB",,,"#11 Michael Barber - WR","#17 Jon Smith - WR","#12 John Perkins - WR",,,"#75 Harold Turner - LT","#60 Alan Charest - LG","#54 Terry Schafer - C","#63 Charles Richards - RG","#73 Douglas Lowery - RT",,"#97 Jimmy Auer - LDE",,"#71 Jessie Nishimura - DT","#60 Michael Beil - DT","#96 Terrance Peden - RDE",,"#90 Christopher Tran - MLB",,,"#38 Antonio Johnson - CB","#21 Conrad Conner - CB","#56 Fast Eddie  Solerno - WLB","#35 Dorian Young - SS",,"#59 Brandon Beaufort - SS","#27 Daniel McGuire - FS",,,,,,,,,,,,,,,,,,,,,,,,,,,,,,,,,,,,
CHR,4:55,"CHR 20",4,6,10,Kickoff,"Kick Return",,21,0,"(4:56) 18-Jeffrey Roland kicks 77 yards from CHR 20 to VIR 3. 26-William Keller to VIR 27 for 24 yards. Tackle by 32-Rudy Pike.",,,,,,,,,,,,,,,,,,,,,,,,,,,,,,,,,,,,,,"#26 William Keller - FB",,"#40 Brian Cotter - RB","#10 Jaime Curtis - WR","#38 Antonio Johnson - CB","#39 Thomas Williams - RB","#59 Brandon Beaufort - SS","#12 Matt Duarte - WR","#21 Conrad Conner - CB","#27 Daniel McGuire - FS","#87 James Lewis - WR","#35 Dorian Young - SS","#18 Jeffrey Roland - K",,,,,,,,,,,,,,,,,,,,
VIR,4:51,"VIR 27",4,1,10,"Weak I Normal HB Inside Weak","4-3 Normal Double Safety Blitz",2,21,0,"1-10-VIR 27 (4:52) 40-Brian Cotter ran to VIR 29 for 2 yards. Tackle by 74-Stephen Satterfield.","#3 Daniel Villalobos - QB","#40 Brian Cotter - RB",,,"#39 Thomas Williams - RB","#89 Scott Christie - TE",,"#10 Jaime Curtis - WR",,"#82 Derick Davis - WR",,,"#77 Arthur Peters - RT","#62 David Royer - RG","#73 Dennis Marte - C","#72 Pedro Daniels - RG","#64 John Kelley - RT",,"#93 Dustin Thompson - RDE",,"#92 Craig Michael - DT","#74 Stephen Satterfield - DT","#52 Louis Lewis - DT","#57 John Hurd - SLB","#55 Pete Dennis - MLB",,"#53 Scotty Duck - WLB","#33 Nick Watts - CB","#34 Ronald Calhoun - CB",,,,"#49 Aaron Montano - SS","#42 Robert Wilson - FS",,,,,,,,,,,,,,,,,,,,,,,,,,,,,,,,,,,,
VIR,4:14,"VIR 29",4,2,8,"Strong I Normal Counter Strong","4-3 Normal CB2 Blitz",9,21,0,"2-8-VIR 29 (4:13) 39-Thomas Williams ran to VIR 38 for 9 yards. Tackle by 49-Aaron Montano. VIR 39-Thomas Williams was injured on the play.","#3 Daniel Villalobos - QB","#39 Thomas Williams - RB",,,"#26 William Keller - FB","#89 Scott Christie - TE",,"#10 Jaime Curtis - WR",,"#82 Derick Davis - WR",,,"#77 Arthur Peters - RT","#62 David Royer - RG","#73 Dennis Marte - C","#72 Pedro Daniels - RG","#64 John Kelley - RT",,"#94 Gerald Taylor - LDE",,"#95 Ralph Weiss - DT","#92 Craig Michael - DT","#98 Karl Bullock - RDE","#57 John Hurd - SLB","#55 Pete Dennis - MLB",,"#53 Scotty Duck - WLB","#32 Rudy Pike - CB","#33 Nick Watts - CB",,,,"#49 Aaron Montano - SS","#42 Robert Wilson - FS",,,,,,,,,,,,,,,,,,,,,,,,,,,,,,,,,,,,
VIR,3:36,"VIR 38",4,1,10,"Weak I Normal FB Inside Weak","4-3 Normal CB2 Blitz",6,21,0,"1-10-VIR 38 (3:35) 26-William Keller ran to VIR 44 for 6 yards. Tackle by 55-Pete Dennis.","#3 Daniel Villalobos - QB","#40 Brian Cotter - RB",,,"#26 William Keller - FB","#89 Scott Christie - TE",,"#10 Jaime Curtis - WR",,"#82 Derick Davis - WR",,,"#77 Arthur Peters - RT","#62 David Royer - RG","#73 Dennis Marte - C","#72 Pedro Daniels - RG","#64 John Kelley - RT",,"#94 Gerald Taylor - LDE",,"#95 Ralph Weiss - DT","#92 Craig Michael - DT","#98 Karl Bullock - RDE","#57 John Hurd - SLB","#55 Pete Dennis - MLB",,"#53 Scotty Duck - WLB","#32 Rudy Pike - CB","#33 Nick Watts - CB",,,,"#49 Aaron Montano - SS","#42 Robert Wilson - FS",,,,,,,,,,,,,,,,,,,,,,,,,,,,,,,,,,,,
VIR,2:59,"VIR 44",4,2,4,"I Formation Normal HB Draw","4-3 Normal CB2 Blitz",2,21,0,"2-4-VIR 44 (2:58) 40-Brian Cotter ran to VIR 46 for 2 yards. Tackle by 92-Craig Michael. 73-Dennis Marte was caught flat-footed on this play.","#3 Daniel Villalobos - QB","#40 Brian Cotter - RB",,,"#26 William Keller - FB","#89 Scott Christie - TE",,"#10 Jaime Curtis - WR",,"#82 Derick Davis - WR",,,"#77 Arthur Peters - RT","#62 David Royer - RG","#73 Dennis Marte - C","#72 Pedro Daniels - RG","#64 John Kelley - RT",,"#94 Gerald Taylor - LDE",,"#95 Ralph Weiss - DT","#92 Craig Michael - DT","#98 Karl Bullock - RDE","#57 John Hurd - SLB","#55 Pete Dennis - MLB",,"#53 Scotty Duck - WLB","#32 Rudy Pike - CB","#33 Nick Watts - CB",,,,"#49 Aaron Montano - SS","#42 Robert Wilson - FS",,,,,,,,,,,,,,,,,,,,,,,,,,,,,,,,,,,,
VIR,2:14,"VIR 46",4,3,2,"I Formation Normal HB Draw","4-3 Under Crash Right",1,21,0,"3-2-VIR 46 (2:13) 40-Brian Cotter ran to VIR 47 for 1 yards. Tackle by 95-Ralph Weiss.","#3 Daniel Villalobos - QB","#40 Brian Cotter - RB",,,"#26 William Keller - FB","#89 Scott Christie - TE",,"#10 Jaime Curtis - WR",,"#82 Derick Davis - WR",,,"#77 Arthur Peters - RT","#62 David Royer - RG","#73 Dennis Marte - C","#72 Pedro Daniels - RG","#64 John Kelley - RT",,"#94 Gerald Taylor - LDE",,"#95 Ralph Weiss - DT","#92 Craig Michael - DT","#98 Karl Bullock - RDE","#57 John Hurd - SLB","#55 Pete Dennis - MLB",,"#53 Scotty Duck - WLB","#32 Rudy Pike - CB","#33 Nick Watts - CB",,,,"#49 Aaron Montano - SS","#42 Robert Wilson - FS",,,,,,,,,,,,,,,,,,,,,,,,,,,,,,,,,,,,
,2:00,,4,4,1,,,,21,0,"Timeout for two minute warning.",,,,,,,,,,,,,,,,,,,,,,,,,,,,,,,,,,,,,,,,,,,,,,,,,,,,,,,,,,,,,,,,,,,,,,
VIR,2:00,"VIR 47",4,4,1,Punt,"Punt Return",58,21,0,"4-1-VIR 47 (2:00) 5-Billy Reeves punts 58 yards to CHR -5.4-1-VIR 47 (2:00) 5-Billy Reeves punts 58 yards to CHR -5. Touchback.",,,,,,,,,,,,,,,,,,"#5 Billy Reeves - P",,,,,,,,,,,,,,,,,,,"#64 John Kelley - RT",,"#12 John Perkins - WR",,,"#32 Rudy Pike - CB","#49 Aaron Montano - SS","#94 Gerald Taylor - LDE",,"#55 Pete Dennis - MLB","#34 Ronald Calhoun - CB",,"#74 Stephen Satterfield - DT",,,,"#26 William Keller - FB","#72 Pedro Daniels - RG","#73 Dennis Marte - C","#77 Arthur Peters - RT","#63 Guy Lopez - C","#62 David Royer - RG",,"#97 Joseph Walker - LDE","#93 Dustin Thompson - RDE","#98 Karl Bullock - RDE","#95 Ralph Weiss - DT",,,,,,,
CHR,1:51,"CHR 20",4,1,10,"Shotgun Normal HB Flare","Dime Flat Man Cover 1",,21,0,"1-10-CHR 20 (1:52) 7-Joseph Matthews pass Pass knocked down by 56-Fast Eddie  Solerno. incomplete, intended for 87-Michael Bryant.","#7 Joseph Matthews - QB","#27 Kris Smithson - RB",,,,"#87 Michael Bryant - TE",,"#11 Michael Barber - WR","#17 Jon Smith - WR","#12 John Perkins - WR",,,"#75 Harold Turner - LT","#60 Alan Charest - LG","#54 Terry Schafer - C","#63 Charles Richards - RG","#73 Douglas Lowery - RT",,"#97 Jimmy Auer - LDE",,"#71 Jessie Nishimura - DT","#60 Michael Beil - DT","#96 Terrance Peden - RDE",,"#90 Christopher Tran - MLB",,,"#35 Dorian Young - SS","#21 Conrad Conner - CB","#56 Fast Eddie  Solerno - WLB","#38 Antonio Johnson - CB",,"#59 Brandon Beaufort - SS","#27 Daniel McGuire - FS",,,,,,,,,,,,,,,,,,,,,,,,,,,,,,,,,,,,
CHR,1:49,"CHR 20",4,2,10,"Shotgun 2 RB 3 WR Strong Deep","Dime Flat Man Cover 1",,21,0,"2-10-CHR 20 (1:50) 7-Joseph Matthews pass INTERCEPTED by 21-Conrad Conner at CHR 22. 21-Conrad Conner to CHR 19 for 3 yards. Tackle by 54-Terry Schafer. Pressure by 96-Terrance Peden.","#7 Joseph Matthews - QB","#20 Billy Gonzalez - RB","#29 John Regina - RB",,,,,"#11 Michael Barber - WR","#17 Jon Smith - WR","#12 John Perkins - WR",,,"#75 Harold Turner - LT","#60 Alan Charest - LG","#54 Terry Schafer - C","#63 Charles Richards - RG","#73 Douglas Lowery - RT",,"#97 Jimmy Auer - LDE",,"#71 Jessie Nishimura - DT","#60 Michael Beil - DT","#96 Terrance Peden - RDE",,"#90 Christopher Tran - MLB",,,"#35 Dorian Young - SS","#21 Conrad Conner - CB","#56 Fast Eddie  Solerno - WLB","#38 Antonio Johnson - CB",,"#59 Brandon Beaufort - SS","#27 Daniel McGuire - FS",,,,,,,,,,,,,,,,,,,,,,,,,,,,,,,,,,,,
VIR,1:45,"CHR 19",4,1,10,"I Formation 3WR HB Inside Weak","Nickel Normal Shallow Zone Deep",8,21,0,"1-10-CHR 19 (1:46) 39-Thomas Williams ran to CHR 11 for 8 yards. Tackle by 40-Dennis Woodall.","#3 Daniel Villalobos - QB","#39 Thomas Williams - RB",,,"#26 William Keller - FB",,,"#10 Jaime Curtis - WR","#85 Robert Carpenter - WR","#82 Derick Davis - WR",,,"#77 Arthur Peters - RT","#62 David Royer - RG","#73 Dennis Marte - C","#72 Pedro Daniels - RG","#64 John Kelley - RT",,"#94 Gerald Taylor - LDE",,"#95 Ralph Weiss - DT","#92 Craig Michael - DT","#98 Karl Bullock - RDE",,"#55 Pete Dennis - MLB",,"#53 Scotty Duck - WLB","#32 Rudy Pike - CB","#33 Nick Watts - CB",,"#34 Ronald Calhoun - CB",,"#40 Dennis Woodall - SS","#42 Robert Wilson - FS",,,,,,,,,,,,,,,,,,,,,,,,,,,,,,,,,,,,
,1:42,,4,2,2,,,,21,0,"Timeout CHR",,,,,,,,,,,,,,,,,,,,,,,,,,,,,,,,,,,,,,,,,,,,,,,,,,,,,,,,,,,,,,,,,,,,,,
VIR,1:39,"CHR 11",4,2,2,"Strong I Normal Counter Strong","4-3 Normal Man QB Spy",3,21,0,"2-2-CHR 11 (1:40) 40-Brian Cotter ran to CHR 8 for 3 yards. Tackle by 57-John Hurd.","#3 Daniel Villalobos - QB","#40 Brian Cotter - RB",,,"#26 William Keller - FB","#89 Scott Christie - TE",,"#10 Jaime Curtis - WR",,"#82 Derick Davis - WR",,,"#77 Arthur Peters - RT","#62 David Royer - RG","#73 Dennis Marte - C","#72 Pedro Daniels - RG","#64 John Kelley - RT",,"#94 Gerald Taylor - LDE",,"#95 Ralph Weiss - DT","#92 Craig Michael - DT","#98 Karl Bullock - RDE","#57 John Hurd - SLB","#55 Pete Dennis - MLB",,"#53 Scotty Duck - WLB","#32 Rudy Pike - CB","#33 Nick Watts - CB",,,,"#40 Dennis Woodall - SS","#42 Robert Wilson - FS",,,,,,,,,,,,,,,,,,,,,,,,,,,,,,,,,,,,
,1:38,,4,1,8,,,,21,0,"Timeout CHR",,,,,,,,,,,,,,,,,,,,,,,,,,,,,,,,,,,,,,,,,,,,,,,,,,,,,,,,,,,,,,,,,,,,,,
VIR,1:35,"CHR 8",4,1,8,"I Formation Normal HB Draw","4-3 Under Double Safety Blitz",1,21,0,"1-8-CHR 8 (1:36) 39-Thomas Williams ran to CHR 7 for 1 yards. Tackle by 95-Ralph Weiss.","#3 Daniel Villalobos - QB","#39 Thomas Williams - RB",,,"#26 William Keller - FB","#89 Scott Christie - TE",,"#10 Jaime Curtis - WR",,"#82 Derick Davis - WR",,,"#77 Arthur Peters - RT","#62 David Royer - RG","#73 Dennis Marte - C","#72 Pedro Daniels - RG","#64 John Kelley - RT",,"#94 Gerald Taylor - LDE",,"#95 Ralph Weiss - DT","#92 Craig Michael - DT","#98 Karl Bullock - RDE","#57 John Hurd - SLB","#55 Pete Dennis - MLB",,"#53 Scotty Duck - WLB","#32 Rudy Pike - CB","#33 Nick Watts - CB",,,,"#40 Dennis Woodall - SS","#42 Robert Wilson - FS",,,,,,,,,,,,,,,,,,,,,,,,,,,,,,,,,,,,
,1:34,,4,2,7,,,,21,0,"Timeout CHR",,,,,,,,,,,,,,,,,,,,,,,,,,,,,,,,,,,,,,,,,,,,,,,,,,,,,,,,,,,,,,,,,,,,,,
VIR,1:31,"CHR 7",4,2,7,"I Formation Normal HB Draw","4-3 Normal WLB Outside Blitz",,21,0,"2-7-CHR 7 (1:32) 39-Thomas Williams ran to CHR 7 for a short gain. Tackle by 92-Craig Michael.","#3 Daniel Villalobos - QB","#39 Thomas Williams - RB",,,"#26 William Keller - FB","#89 Scott Christie - TE",,"#10 Jaime Curtis - WR",,"#82 Derick Davis - WR",,,"#77 Arthur Peters - RT","#62 David Royer - RG","#73 Dennis Marte - C","#72 Pedro Daniels - RG","#64 John Kelley - RT",,"#94 Gerald Taylor - LDE",,"#95 Ralph Weiss - DT","#92 Craig Michael - DT","#98 Karl Bullock - RDE","#57 John Hurd - SLB","#55 Pete Dennis - MLB",,"#53 Scotty Duck - WLB","#32 Rudy Pike - CB","#33 Nick Watts - CB",,,,"#40 Dennis Woodall - SS","#42 Robert Wilson - FS",,,,,,,,,,,,,,,,,,,,,,,,,,,,,,,,,,,,
VIR,0:59,"CHR 7",4,3,7,"I Formation 3WR HB Inside Weak","Nickel Normal Double WR2",,21,0,"3-7-CHR 7 (0:58) 39-Thomas Williams ran to CHR 6 for a short gain. Tackle by 98-Karl Bullock.","#3 Daniel Villalobos - QB","#39 Thomas Williams - RB",,,"#26 William Keller - FB",,,"#10 Jaime Curtis - WR","#85 Robert Carpenter - WR","#82 Derick Davis - WR",,,"#77 Arthur Peters - RT","#62 David Royer - RG","#73 Dennis Marte - C","#72 Pedro Daniels - RG","#64 John Kelley - RT",,"#94 Gerald Taylor - LDE",,"#95 Ralph Weiss - DT","#92 Craig Michael - DT","#98 Karl Bullock - RDE",,"#55 Pete Dennis - MLB",,"#53 Scotty Duck - WLB","#32 Rudy Pike - CB","#33 Nick Watts - CB",,"#34 Ronald Calhoun - CB",,"#40 Dennis Woodall - SS","#42 Robert Wilson - FS",,,,,,,,,,,,,,,,,,,,,,,,,,,,,,,,,,,,
VIR,0:24,"CHR 6",4,4,6,"Field Goal","FG Block",17,24,0,"4-6-CHR 6 (0:23) 13-Dennis Johnson 25 yard field goal is GOOD. VIR 24 CHR 0",,,,,,,,,,,,,,,,,,,,,,,,,,,,,,,,,,,,"#3 Daniel Villalobos - QB","#64 John Kelley - RT",,,,,,,,,,,,,,"#13 Dennis Johnson - K","#89 Scott Christie - TE","#26 William Keller - FB","#72 Pedro Daniels - RG","#73 Dennis Marte - C","#77 Arthur Peters - RT","#63 Guy Lopez - C","#62 David Royer - RG","#58 David Krieger - C","#95 Ralph Weiss - DT","#93 Dustin Thompson - RDE","#98 Karl Bullock - RDE","#94 Gerald Taylor - LDE","#91 Robert Vanbuskirk - MLB","#99 Vance Donlon - MLB","#52 Louis Lewis - DT","#97 Joseph Walker - LDE","#55 Pete Dennis - MLB","#92 Craig Michael - DT","#74 Stephen Satterfield - DT"
VIR,0:20,"VIR 35",4,6,10,Kickoff,"Kick Return",,24,0,"(0:21) 13-Dennis Johnson kicks 70 yards from VIR 35 to CHR -5. Touchback.",,,,,,,,,,,,,,,,,,,,,,,,,,,,,,,,,,,,,,"#12 John Perkins - WR",,"#97 Joseph Walker - LDE","#98 Karl Bullock - RDE","#93 Dustin Thompson - RDE","#95 Ralph Weiss - DT","#94 Gerald Taylor - LDE","#40 Dennis Woodall - SS","#32 Rudy Pike - CB","#55 Pete Dennis - MLB","#74 Stephen Satterfield - DT","#34 Ronald Calhoun - CB","#13 Dennis Johnson - K",,,,,,,,,,,,,,,,,,,,
CHR,0:20,"CHR 25",4,1,10,"Shotgun 2 RB 3 WR Strong Deep","Dime Flat Man Cover 1",5,24,0,"1-10-CHR 25 (0:21) 7-Joseph Matthews pass complete to 12-John Perkins to CHR 30 for 5 yards. Tackle by 56-Fast Eddie  Solerno. Nice job by 12-John Perkins on that route to lose his coverage.","#7 Joseph Matthews - QB","#27 Kris Smithson - RB","#20 Billy Gonzalez - RB",,,,,"#11 Michael Barber - WR","#17 Jon Smith - WR","#12 John Perkins - WR",,,"#75 Harold Turner - LT","#60 Alan Charest - LG","#54 Terry Schafer - C","#63 Charles Richards - RG","#73 Douglas Lowery - RT",,"#97 Jimmy Auer - LDE",,"#71 Jessie Nishimura - DT","#60 Michael Beil - DT","#96 Terrance Peden - RDE",,"#90 Christopher Tran - MLB",,,"#38 Antonio Johnson - CB","#21 Conrad Conner - CB","#56 Fast Eddie  Solerno - WLB","#35 Dorian Young - SS",,"#59 Brandon Beaufort - SS","#27 Daniel McGuire - FS",,,,,,,,,,,,,,,,,,,,,,,,,,,,,,,,,,,,
,0:01,,4,2,5,,,,24,0,"End of fourth quarter.",,,,,,,,,,,,,,,,,,,,,,,,,,,,,,,,,,,,,,,,,,,,,,,,,,,,,,,,,,,,,,,,,,,,,,
