HasBall,"Game Clock","Ball @",Quarter,Down,YTG,OffensivePlay,DefensivePlay,YardsGained,"Home Score","Away Score",Text,QB1,RB1,RB2,FB2,FB1,TE1,TE2,WR1,WR3,WR2,WR4,WR5,LT1,LG1,C1,RG1,RT1,P1,LDE1,LDE2,DT1,DT2,RDE1,SLB1,MLB1,MLB2,WLB1,CB1,CB2,CB4,CB3,CB5,SS1,FS1,FS2,"Kick Holder1","Long Snapper1","Kick Returner1","Punt Returner1",Gunner10,Gunner7,Gunner2,Gunner6,Gunner1,Gunner8,Gunner3,Gunner4,Gunner9,Gunner5,Kickoffs1,"Field Goal Kicker1","ST Blocker8","ST Blocker5","ST Blocker4","ST Blocker1","ST Blocker2","ST Blocker3","ST Blocker6","ST Blocker7","ST Rusher4","ST Rusher1","ST Rusher2","ST Rusher3","ST Rusher11","ST Rusher10","ST Rusher9","ST Rusher6","ST Rusher5","ST Rusher7","ST Rusher8"
,15:00,,1,2,10,,,,0,0,"SCS has won the toss and elected to defer.",,,,,,,,,,,,,,,,,,,,,,,,,,,,,,,,,,,,,,,,,,,,,,,,,,,,,,,,,,,,,,,,,,,,,,
SCS,15:00,"SCS 35",1,6,10,Kickoff,"Kick Return",,0,0,"(15:00) 93-Antonio Washington kicks 73 yards from SCS 35 to PHI -8. Touchback.",,,,,,,,,,,,,,,,,,,,,,,,,,,,,,,,,,,,,,"#88 Mark Metzinger - WR",,"#54 James Miller - SLB","#99 Edward Lowe - WLB","#29 Mark Southern - CB","#45 Arthur Brown - SLB","#44 Lewis Gomez - FS","#97 John Moffatt - DT","#33 Jimmie McNeal - CB","#55 Jonathon Damico - MLB","#57 Johnathan Ripley - RDE","#58 Roger Cruz - RDE","#93 Antonio Washington - K",,,,,,,,,,,,,,,,,,,,
PHI,15:00,"PHI 25",1,1,10,"Singleback Big WR Deep","Goal Line Attack #1",8,0,0,"1-10-PHI 25 (15:00) (Hot Read) 17-Joel Jasso pass complete to 24-Stanley Martinez to PHI 33 for 8 yards. Tackle by 96-Ervin Matson. Pressure by 77-Jeffrey Tate.","#17 Joel Jasso - QB","#24 Stanley Martinez - RB",,,,"#9 Alfredo Montoya - WR","#83 Richard Maciejewski - TE","#88 Mark Metzinger - WR",,"#13 Mitchell Allen - WR",,,"#53 James Skinner - LT","#52 Edward Campbell - LG","#78 Terrence George - C","#72 Robert Roy - RG","#60 James Rivera - RT",,"#67 Fred McKenzie - LDE","#73 Robert McMeans - LDE","#61 James Nichol - DT","#99 Donald Ocasio - DT","#77 Jeffrey Tate - RDE","#96 Ervin Matson - SLB","#90 John Rowe - MLB",,"#95 Mark Vasquez - WLB","#43 Marty Johnson - CB","#44 Tanner Ontiveros - CB",,,,"#39 Patrick West - SS",,,,,,,,,,,,,,,,,,,,,,,,,,,,,,,,,,,,,
PHI,14:22,"PHI 33",1,2,2,"I Formation Power HB Strong Outside","Goal Line 3 Deep Man",5,0,0,"2-2-PHI 33 (14:21) 24-Stanley Martinez ran to PHI 38 for 5 yards. Tackle by 73-Robert McMeans.","#17 Joel Jasso - QB","#24 Stanley Martinez - RB",,"#9 Alfredo Montoya - WR","#81 John Guillory - FB","#12 Roderick Uribe - WR",,"#11 Ryan Davis - WR",,,,,"#53 James Skinner - LT","#52 Edward Campbell - LG","#78 Terrence George - C","#72 Robert Roy - RG","#60 James Rivera - RT",,"#67 Fred McKenzie - LDE","#73 Robert McMeans - LDE","#61 James Nichol - DT","#99 Donald Ocasio - DT","#92 David Easterday - RDE","#96 Ervin Matson - SLB","#90 John Rowe - MLB",,"#29 Leon Wyatt - WLB","#21 Richard Moore - CB","#29 Antonio Delcastillo - FS",,,,"#39 Patrick West - SS",,,,,,,,,,,,,,,,,,,,,,,,,,,,,,,,,,,,,
PHI,13:41,"PHI 38",1,1,10,"I Formation 3WR Slot Short WR Deep","Nickel Normal Man Cover 2",11,0,0,"1-10-PHI 38 (13:40) 17-Joel Jasso pass complete to 12-Roderick Uribe to PHI 48 for 11 yards. Tackle by 21-Richard Moore. 12-Roderick Uribe breaks down the CB.","#17 Joel Jasso - QB","#9 Alfredo Montoya - WR",,,"#66 Brandon Marsh - RG",,,"#88 Mark Metzinger - WR","#12 Roderick Uribe - WR","#11 Ryan Davis - WR",,,"#53 James Skinner - LT","#52 Edward Campbell - LG","#78 Terrence George - C","#72 Robert Roy - RG","#60 James Rivera - RT",,"#67 Fred McKenzie - LDE",,"#61 James Nichol - DT","#99 Donald Ocasio - DT","#77 Jeffrey Tate - RDE",,"#90 John Rowe - MLB",,"#95 Mark Vasquez - WLB","#43 Marty Johnson - CB","#44 Tanner Ontiveros - CB",,"#21 Richard Moore - CB",,"#39 Patrick West - SS","#29 Antonio Delcastillo - FS",,,,,,,,,,,,,,,,,,,,,,,,,,,,,,,,,,,,
PHI,13:01,"PHI 48",1,1,10,"I Formation 3WR Slot Short WR Deep","Nickel Normal 3 Deep Zone Under",10,0,0,"1-10-PHI 48 (13:00) 17-Joel Jasso pass complete to 12-Roderick Uribe to SCS 42 for 10 yards. Tackle by 43-Marty Johnson.","#17 Joel Jasso - QB","#9 Alfredo Montoya - WR",,,"#66 Brandon Marsh - RG",,,"#88 Mark Metzinger - WR","#12 Roderick Uribe - WR","#11 Ryan Davis - WR",,,"#53 James Skinner - LT","#52 Edward Campbell - LG","#78 Terrence George - C","#72 Robert Roy - RG","#60 James Rivera - RT",,"#67 Fred McKenzie - LDE",,"#61 James Nichol - DT","#99 Donald Ocasio - DT","#77 Jeffrey Tate - RDE",,"#90 John Rowe - MLB",,"#95 Mark Vasquez - WLB","#43 Marty Johnson - CB","#44 Tanner Ontiveros - CB",,"#21 Richard Moore - CB",,"#39 Patrick West - SS","#29 Antonio Delcastillo - FS",,,,,,,,,,,,,,,,,,,,,,,,,,,,,,,,,,,,
PHI,12:24,"SCS 42",1,2,,"Singleback Normal HB Dive Weak","Nickel Normal Man Cover 2",12,0,0,"2-1-SCS 42 (12:23) 9-Alfredo Montoya ran to SCS 30 for 12 yards. Tackle by 29-Antonio Delcastillo.","#17 Joel Jasso - QB","#9 Alfredo Montoya - WR",,,,"#83 Richard Maciejewski - TE",,"#13 Mitchell Allen - WR","#11 Ryan Davis - WR","#12 Roderick Uribe - WR",,,"#53 James Skinner - LT","#52 Edward Campbell - LG","#78 Terrence George - C","#72 Robert Roy - RG","#60 James Rivera - RT",,"#67 Fred McKenzie - LDE",,"#61 James Nichol - DT","#99 Donald Ocasio - DT","#77 Jeffrey Tate - RDE",,"#51 Luke Walcott - MLB",,"#95 Mark Vasquez - WLB","#21 Richard Moore - CB","#97 James Chapman - FS",,"#43 Marty Johnson - CB",,"#39 Patrick West - SS","#29 Antonio Delcastillo - FS",,,,,,,,,,,,,,,,,,,,,,,,,,,,,,,,,,,,
PHI,11:38,"SCS 30",1,1,10,"I Formation 3WR HB Inside Strong","Nickel Normal 3 Deep Man Under",8,0,0,"1-10-SCS 30 (11:37) 24-Stanley Martinez ran to SCS 21 for 8 yards. Tackle by 44-Tanner Ontiveros.","#17 Joel Jasso - QB","#24 Stanley Martinez - RB",,,"#66 Brandon Marsh - RG",,,"#88 Mark Metzinger - WR","#12 Roderick Uribe - WR","#11 Ryan Davis - WR",,,"#53 James Skinner - LT","#52 Edward Campbell - LG","#78 Terrence George - C","#72 Robert Roy - RG","#60 James Rivera - RT",,"#67 Fred McKenzie - LDE",,"#61 James Nichol - DT","#99 Donald Ocasio - DT","#77 Jeffrey Tate - RDE",,"#90 John Rowe - MLB",,"#95 Mark Vasquez - WLB","#43 Marty Johnson - CB","#44 Tanner Ontiveros - CB",,"#21 Richard Moore - CB",,"#97 James Chapman - FS","#29 Antonio Delcastillo - FS",,,,,,,,,,,,,,,,,,,,,,,,,,,,,,,,,,,,
PHI,11:03,"SCS 21",1,2,2,"Shotgun 2 RB 3 WR Shotgun Sweep","Nickel Normal Shallow Zone Deep",-2,0,0,"2-2-SCS 21 (11:02) 24-Stanley Martinez ran to SCS 23 for -2 yards. Tackle by 90-John Rowe.","#17 Joel Jasso - QB","#9 Alfredo Montoya - WR","#24 Stanley Martinez - RB",,,,,"#66 Brandon Marsh - RG","#74 William Backer - C","#13 Mitchell Allen - WR",,,"#53 James Skinner - LT","#52 Edward Campbell - LG","#78 Terrence George - C","#72 Robert Roy - RG","#60 James Rivera - RT",,"#67 Fred McKenzie - LDE",,"#61 James Nichol - DT","#99 Donald Ocasio - DT","#77 Jeffrey Tate - RDE",,"#90 John Rowe - MLB",,"#95 Mark Vasquez - WLB","#43 Marty Johnson - CB","#44 Tanner Ontiveros - CB",,"#21 Richard Moore - CB",,"#39 Patrick West - SS","#29 Antonio Delcastillo - FS",,,,,,,,,,,,,,,,,,,,,,,,,,,,,,,,,,,,
PHI,10:26,"SCS 23",1,3,4,"I Formation Normal HB Blast","4-3 Under Crash Right",2,0,0,"3-4-SCS 23 (10:25) 9-Alfredo Montoya ran to SCS 21 for 2 yards. Tackle by 90-John Rowe.","#17 Joel Jasso - QB","#9 Alfredo Montoya - WR",,,"#81 John Guillory - FB","#11 Ryan Davis - WR",,"#88 Mark Metzinger - WR",,"#12 Roderick Uribe - WR",,,"#53 James Skinner - LT","#52 Edward Campbell - LG","#78 Terrence George - C","#72 Robert Roy - RG","#60 James Rivera - RT",,"#67 Fred McKenzie - LDE",,"#61 James Nichol - DT","#99 Donald Ocasio - DT","#77 Jeffrey Tate - RDE","#96 Ervin Matson - SLB","#90 John Rowe - MLB",,"#95 Mark Vasquez - WLB","#43 Marty Johnson - CB","#44 Tanner Ontiveros - CB",,,,"#39 Patrick West - SS","#97 James Chapman - FS",,,,,,,,,,,,,,,,,,,,,,,,,,,,,,,,,,,,
PHI,9:47,"SCS 21",1,4,1,"Field Goal","FG Block",32,3,0,"4-1-SCS 21 (9:46) 14-Steve Matthews 39 yard field goal is GOOD. PHI 3 SCS 0",,,,,,,,,,,,,,,,,,,,,,,,,,,,,,,,,,,,"#15 Bryant Smith - QB","#52 Edward Campbell - LG",,,,,,,,,,,,,,"#14 Steve Matthews - K","#9 Alfredo Montoya - WR","#79 Curt Beauvais - RT","#72 Robert Roy - RG","#78 Terrence George - C","#60 James Rivera - RT","#68 Luis McKinney - LG","#64 Chester Cribb - RG","#53 James Skinner - LT","#67 Fred McKenzie - LDE","#90 John Rowe - MLB","#96 Ervin Matson - SLB","#95 Mark Vasquez - WLB","#99 Donald Ocasio - DT","#59 Bruce Koenig - MLB","#61 James Nichol - DT","#94 Adam Green - SLB","#77 Jeffrey Tate - RDE","#51 Luke Walcott - MLB","#73 Robert McMeans - LDE"
PHI,9:42,"PHI 35",1,6,10,Kickoff,"Kick Return",,3,0,"(9:43) 14-Steve Matthews kicks 74 yards from PHI 35 to SCS -9. Touchback.",,,,,,,,,,,,,,,,,,,,,,,,,,,,,,,,,,,,,,"#49 Franklin Benevides - RB",,"#77 Jeffrey Tate - RDE","#29 Leon Wyatt - WLB","#67 Fred McKenzie - LDE","#96 Ervin Matson - SLB","#90 John Rowe - MLB","#29 Antonio Delcastillo - FS","#43 Marty Johnson - CB","#95 Mark Vasquez - WLB","#44 Tanner Ontiveros - CB","#99 Donald Ocasio - DT","#14 Steve Matthews - K",,,,,,,,,,,,,,,,,,,,
SCS,9:42,"SCS 25",1,1,10,"Split Backs 3 Wide WR Quick Out","Dime Flat Man Cover 1",4,3,0,"1-10-SCS 25 (9:43) 8-John Barrios pass complete to 35-Thomas Frazier to SCS 29 for 4 yards. Tackle by 44-Lewis Gomez.","#8 John Barrios - QB","#36 Juan Francis - RB",,,"#35 Thomas Frazier - FB",,,"#11 Jonathan Phillips - WR","#12 Omar Robinson - WR","#16 Thomas Kellogg - WR",,,"#78 Joseph Timmerman - LT","#50 Herbert Landers - LG","#72 Mohammed Maher - C","#55 Michael Becker - RG","#71 Mark Nielsen - RT",,"#93 Daniel Roberts - LDE",,"#71 Calvin Vanmatre - DT","#69 Brian Porter - DT","#58 Roger Cruz - RDE",,"#55 Jonathon Damico - MLB",,,"#29 Mark Southern - CB","#33 Jimmie McNeal - CB","#26 DeAndre Utley - CB","#27 Edward Mays - CB",,"#44 Lewis Gomez - FS","#36 Dennis Howell - SS",,,,,,,,,,,,,,,,,,,,,,,,,,,,,,,,,,,,
SCS,9:06,"SCS 29",1,2,6,"Singleback Normal Post Corner","Dime Normal Double WR2",,3,0,"2-6-SCS 29 (9:05) 8-John Barrios pass incomplete, the ball was thrown away. Pressure by 58-Roger Cruz.","#8 John Barrios - QB","#36 Juan Francis - RB",,,,"#82 Donald Maclennan - TE",,"#11 Jonathan Phillips - WR","#12 Omar Robinson - WR","#16 Thomas Kellogg - WR",,,"#78 Joseph Timmerman - LT","#50 Herbert Landers - LG","#72 Mohammed Maher - C","#55 Michael Becker - RG","#71 Mark Nielsen - RT",,"#93 Daniel Roberts - LDE",,"#71 Calvin Vanmatre - DT","#69 Brian Porter - DT","#58 Roger Cruz - RDE",,"#55 Jonathon Damico - MLB",,,"#29 Mark Southern - CB","#33 Jimmie McNeal - CB","#26 DeAndre Utley - CB","#27 Edward Mays - CB",,"#36 Dennis Howell - SS","#44 Lewis Gomez - FS",,,,,,,,,,,,,,,,,,,,,,,,,,,,,,,,,,,,
SCS,9:00,"SCS 29",1,3,6,"I Formation Power Play Action HB Downfield","Dime Normal Double WR2",,3,0,"3-6-SCS 29 (9:01) 8-John Barrios pass Pass knocked down by 44-Lewis Gomez. incomplete, intended for 82-Donald Maclennan. PENALTY - Pass Interference (PHI 44-Lewis Gomez)","#8 John Barrios - QB","#36 Juan Francis - RB",,"#49 Franklin Benevides - RB","#35 Thomas Frazier - FB","#82 Donald Maclennan - TE",,"#11 Jonathan Phillips - WR",,,,,"#78 Joseph Timmerman - LT","#50 Herbert Landers - LG","#72 Mohammed Maher - C","#55 Michael Becker - RG","#71 Mark Nielsen - RT",,"#93 Daniel Roberts - LDE",,"#71 Calvin Vanmatre - DT","#69 Brian Porter - DT","#58 Roger Cruz - RDE",,"#55 Jonathon Damico - MLB",,,"#29 Mark Southern - CB","#33 Jimmie McNeal - CB","#26 DeAndre Utley - CB","#27 Edward Mays - CB",,"#36 Dennis Howell - SS","#44 Lewis Gomez - FS",,,,,,,,,,,,,,,,,,,,,,,,,,,,,,,,,,,,
SCS,8:57,"SCS 34",1,1,10,"I Formation Normal PA Fullback Flat","Dime Flat Man Cover 1",-1,3,0,"1-10-SCS 34 (8:58) 8-John Barrios pass complete to 35-Thomas Frazier to SCS 34 for -1 yards. Tackle by 44-Lewis Gomez.","#8 John Barrios - QB","#36 Juan Francis - RB",,,"#35 Thomas Frazier - FB","#82 Donald Maclennan - TE",,"#11 Jonathan Phillips - WR",,"#16 Thomas Kellogg - WR",,,"#78 Joseph Timmerman - LT","#50 Herbert Landers - LG","#72 Mohammed Maher - C","#55 Michael Becker - RG","#71 Mark Nielsen - RT",,"#93 Daniel Roberts - LDE",,"#71 Calvin Vanmatre - DT","#69 Brian Porter - DT","#58 Roger Cruz - RDE",,"#55 Jonathon Damico - MLB",,,"#29 Mark Southern - CB","#33 Jimmie McNeal - CB","#26 DeAndre Utley - CB","#27 Edward Mays - CB",,"#44 Lewis Gomez - FS","#36 Dennis Howell - SS",,,,,,,,,,,,,,,,,,,,,,,,,,,,,,,,,,,,
SCS,8:22,"SCS 34",1,2,11,"I Formation Normal SE Post","Dime Flat Man Cover 1",8,3,0,"2-11-SCS 34 (8:21) 8-John Barrios pass complete to 35-Thomas Frazier to SCS 41 for 8 yards. Tackle by 44-Lewis Gomez. Pressure by 93-Daniel Roberts.","#8 John Barrios - QB","#36 Juan Francis - RB",,,"#35 Thomas Frazier - FB","#82 Donald Maclennan - TE",,"#16 Thomas Kellogg - WR",,"#12 Omar Robinson - WR",,,"#78 Joseph Timmerman - LT","#50 Herbert Landers - LG","#72 Mohammed Maher - C","#55 Michael Becker - RG","#71 Mark Nielsen - RT",,"#93 Daniel Roberts - LDE",,"#71 Calvin Vanmatre - DT","#69 Brian Porter - DT","#58 Roger Cruz - RDE",,"#55 Jonathon Damico - MLB",,,"#29 Mark Southern - CB","#33 Jimmie McNeal - CB","#26 DeAndre Utley - CB","#27 Edward Mays - CB",,"#44 Lewis Gomez - FS","#36 Dennis Howell - SS",,,,,,,,,,,,,,,,,,,,,,,,,,,,,,,,,,,,
SCS,7:41,"SCS 41",1,3,3,"I Formation Twin WR Hard Slants","Dime Normal Double WR1 WR2",11,3,0,"3-3-SCS 41 (7:40) 8-John Barrios pass complete to 16-Thomas Kellogg to PHI 48 for 11 yards. Tackle by 26-DeAndre Utley. 16-Thomas Kellogg did some fancy footwork there.","#8 John Barrios - QB","#36 Juan Francis - RB",,,"#49 Franklin Benevides - RB","#47 Philip Curry - RB",,"#11 Jonathan Phillips - WR",,"#16 Thomas Kellogg - WR",,,"#78 Joseph Timmerman - LT","#50 Herbert Landers - LG","#72 Mohammed Maher - C","#55 Michael Becker - RG","#71 Mark Nielsen - RT",,"#93 Daniel Roberts - LDE",,"#71 Calvin Vanmatre - DT","#69 Brian Porter - DT","#58 Roger Cruz - RDE",,"#59 John Visser - MLB",,,"#27 Edward Mays - CB","#26 DeAndre Utley - CB","#33 Jimmie McNeal - CB","#21 Randall Murray - CB",,"#36 Dennis Howell - SS","#40 Robbie Torres - FS",,,,,,,,,,,,,,,,,,,,,,,,,,,,,,,,,,,,
SCS,7:03,"PHI 48",1,1,10,"I Formation Normal Max Protect","Dime Normal Double WR2",16,3,0,"1-10-PHI 48 (7:02) 8-John Barrios pass complete to 36-Juan Francis to PHI 32 for 16 yards. 36-Juan Francis breaks down the CB.","#8 John Barrios - QB","#36 Juan Francis - RB",,,"#35 Thomas Frazier - FB","#82 Donald Maclennan - TE",,"#11 Jonathan Phillips - WR",,"#16 Thomas Kellogg - WR",,,"#78 Joseph Timmerman - LT","#50 Herbert Landers - LG","#72 Mohammed Maher - C","#55 Michael Becker - RG","#71 Mark Nielsen - RT",,"#93 Daniel Roberts - LDE",,"#71 Calvin Vanmatre - DT","#69 Brian Porter - DT","#58 Roger Cruz - RDE",,"#55 Jonathon Damico - MLB",,,"#29 Mark Southern - CB","#27 Edward Mays - CB","#40 Robbie Torres - FS","#26 DeAndre Utley - CB",,"#21 Randall Murray - CB","#44 Lewis Gomez - FS",,,,,,,,,,,,,,,,,,,,,,,,,,,,,,,,,,,,
SCS,6:19,"PHI 32",1,1,10,"Weak I Normal Skinny Posts","Dime Normal Double WR1 WR2",,3,0,"1-10-PHI 32 (6:18) 8-John Barrios pass Pass knocked down by 29-Mark Southern. incomplete, intended for 47-Philip Curry.","#8 John Barrios - QB","#49 Franklin Benevides - RB",,,"#35 Thomas Frazier - FB","#47 Philip Curry - RB",,"#12 Omar Robinson - WR",,"#81 Thomas Free - WR",,,"#78 Joseph Timmerman - LT","#50 Herbert Landers - LG","#72 Mohammed Maher - C","#55 Michael Becker - RG","#71 Mark Nielsen - RT",,"#93 Daniel Roberts - LDE",,"#71 Calvin Vanmatre - DT","#69 Brian Porter - DT","#58 Roger Cruz - RDE",,"#59 John Visser - MLB",,,"#33 Jimmie McNeal - CB","#21 Randall Murray - CB","#27 Edward Mays - CB","#29 Mark Southern - CB",,"#36 Dennis Howell - SS","#40 Robbie Torres - FS",,,,,,,,,,,,,,,,,,,,,,,,,,,,,,,,,,,,
SCS,6:15,"PHI 32",1,2,10,"Singleback Normal Post Corner","Nickel Normal Double WR3",,3,0,"2-10-PHI 32 (6:16) 8-John Barrios pass INTERCEPTED by 59-John Visser at PHI 30. 59-John Visser to PHI 30 for 0 yards. Tackle by 82-Donald Maclennan. Pressure by 93-Daniel Roberts. 99-Edward Lowe missed that block completely. PHI 58-Roger Cruz was injured on the play. He looks like he should be able to return. PHI 33-Jimmie McNeal was injured on the play. He looks like he should be able to return.","#8 John Barrios - QB","#49 Franklin Benevides - RB",,,,"#82 Donald Maclennan - TE",,"#12 Omar Robinson - WR","#87 Willard Wood - WR","#81 Thomas Free - WR",,,"#78 Joseph Timmerman - LT","#50 Herbert Landers - LG","#72 Mohammed Maher - C","#55 Michael Becker - RG","#71 Mark Nielsen - RT",,"#93 Daniel Roberts - LDE",,"#71 Calvin Vanmatre - DT","#69 Brian Porter - DT","#58 Roger Cruz - RDE",,"#59 John Visser - MLB",,"#99 Edward Lowe - WLB","#33 Jimmie McNeal - CB","#44 Lewis Gomez - FS",,"#40 Robbie Torres - FS",,"#36 Dennis Howell - SS","#26 DeAndre Utley - CB",,,,,,,,,,,,,,,,,,,,,,,,,,,,,,,,,,,,
PHI,6:11,"PHI 30",1,1,10,"I Formation Power PA Flats","Goal Line 3 Deep Zone Under",50,3,0,"1-10-PHI 30 (6:12) 17-Joel Jasso pass complete to 9-Alfredo Montoya to SCS 20 for 50 yards. Pushed out of bounds by 95-Mark Vasquez.","#17 Joel Jasso - QB","#24 Stanley Martinez - RB",,"#9 Alfredo Montoya - WR","#81 John Guillory - FB","#12 Roderick Uribe - WR",,"#11 Ryan Davis - WR",,,,,"#53 James Skinner - LT","#52 Edward Campbell - LG","#78 Terrence George - C","#72 Robert Roy - RG","#60 James Rivera - RT",,"#67 Fred McKenzie - LDE","#73 Robert McMeans - LDE","#61 James Nichol - DT","#99 Donald Ocasio - DT","#77 Jeffrey Tate - RDE","#96 Ervin Matson - SLB","#90 John Rowe - MLB",,"#95 Mark Vasquez - WLB","#43 Marty Johnson - CB","#44 Tanner Ontiveros - CB",,,,"#39 Patrick West - SS",,,,,,,,,,,,,,,,,,,,,,,,,,,,,,,,,,,,,
PHI,5:27,"SCS 20",1,1,10,"I Formation 3WR HB Inside Strong","Nickel Normal Double LB Blitz",4,3,0,"1-10-SCS 20 (5:26) 24-Stanley Martinez ran to SCS 16 for 4 yards. Tackle by 44-Tanner Ontiveros.","#17 Joel Jasso - QB","#24 Stanley Martinez - RB",,,"#66 Brandon Marsh - RG",,,"#88 Mark Metzinger - WR","#13 Mitchell Allen - WR","#12 Roderick Uribe - WR",,,"#53 James Skinner - LT","#52 Edward Campbell - LG","#78 Terrence George - C","#72 Robert Roy - RG","#60 James Rivera - RT",,"#92 David Easterday - RDE",,"#61 James Nichol - DT","#99 Donald Ocasio - DT","#77 Jeffrey Tate - RDE",,"#51 Luke Walcott - MLB",,"#29 Leon Wyatt - WLB","#21 Richard Moore - CB","#43 Marty Johnson - CB",,"#44 Tanner Ontiveros - CB",,"#97 James Chapman - FS","#29 Antonio Delcastillo - FS",,,,,,,,,,,,,,,,,,,,,,,,,,,,,,,,,,,,
PHI,4:43,"SCS 16",1,2,6,"Singleback Big Corner Ins","4-3 Under Crash Left",,3,0,"2-6-SCS 16 (4:42) 17-Joel Jasso pass Pass knocked down by 29-Leon Wyatt. incomplete, intended for 87-Charles Thompson. PENALTY - Pass Interference (SCS 29-Leon Wyatt)","#17 Joel Jasso - QB","#24 Stanley Martinez - RB",,,,"#83 Richard Maciejewski - TE","#87 Charles Thompson - TE","#88 Mark Metzinger - WR",,"#13 Mitchell Allen - WR",,,"#53 James Skinner - LT","#52 Edward Campbell - LG","#78 Terrence George - C","#72 Robert Roy - RG","#60 James Rivera - RT",,"#73 Robert McMeans - LDE",,"#61 James Nichol - DT","#99 Donald Ocasio - DT","#77 Jeffrey Tate - RDE","#96 Ervin Matson - SLB","#51 Luke Walcott - MLB",,"#29 Leon Wyatt - WLB","#21 Richard Moore - CB","#39 Patrick West - SS",,,,"#97 James Chapman - FS","#29 Antonio Delcastillo - FS",,,,,,,,,,,,,,,,,,,,,,,,,,,,,,,,,,,,
PHI,4:38,"SCS 9",1,1,9,"I Formation 3WR FL Post","Nickel Normal Double WR1",,3,0,"1-9-SCS 9 (4:39) 17-Joel Jasso pass INTERCEPTED by 90-John Rowe at SCS 5. 90-John Rowe to SCS 5 for -0 yards. Tackle by 24-Stanley Martinez.","#17 Joel Jasso - QB","#24 Stanley Martinez - RB",,,"#66 Brandon Marsh - RG",,,"#88 Mark Metzinger - WR","#12 Roderick Uribe - WR","#11 Ryan Davis - WR",,,"#53 James Skinner - LT","#52 Edward Campbell - LG","#78 Terrence George - C","#72 Robert Roy - RG","#60 James Rivera - RT",,"#67 Fred McKenzie - LDE",,"#61 James Nichol - DT","#99 Donald Ocasio - DT","#77 Jeffrey Tate - RDE",,"#90 John Rowe - MLB",,"#95 Mark Vasquez - WLB","#21 Richard Moore - CB","#44 Tanner Ontiveros - CB",,"#43 Marty Johnson - CB",,"#97 James Chapman - FS","#29 Antonio Delcastillo - FS",,,,,,,,,,,,,,,,,,,,,,,,,,,,,,,,,,,,
SCS,4:34,"SCS 5",1,1,10,"Singleback Big Waggle Post","3-4 Normal Man Cover 1",,3,0,"1-10-SCS 5 (4:35) 8-John Barrios pass incomplete, intended for 36-Juan Francis.","#8 John Barrios - QB","#36 Juan Francis - RB",,,,"#82 Donald Maclennan - TE","#47 Philip Curry - RB","#11 Jonathan Phillips - WR",,"#16 Thomas Kellogg - WR",,,"#78 Joseph Timmerman - LT","#50 Herbert Landers - LG","#72 Mohammed Maher - C","#55 Michael Becker - RG","#71 Mark Nielsen - RT",,"#93 Daniel Roberts - LDE",,"#71 Calvin Vanmatre - DT",,"#57 Johnathan Ripley - RDE","#99 Edward Lowe - WLB","#29 Mark Southern - CB","#55 Jonathon Damico - MLB","#45 Arthur Brown - SLB","#27 Edward Mays - CB","#26 DeAndre Utley - CB",,,,"#36 Dennis Howell - SS","#44 Lewis Gomez - FS",,,,,,,,,,,,,,,,,,,,,,,,,,,,,,,,,,,,
SCS,4:30,"SCS 5",1,2,10,"Singleback Big WR Deep","3-4 Normal Man Cover 1",,3,0,"2-10-SCS 5 (4:31) 8-John Barrios pass Pass knocked down by 44-Lewis Gomez. incomplete, intended for 82-Donald Maclennan.","#8 John Barrios - QB","#36 Juan Francis - RB",,,,"#82 Donald Maclennan - TE","#47 Philip Curry - RB","#11 Jonathan Phillips - WR",,"#16 Thomas Kellogg - WR",,,"#78 Joseph Timmerman - LT","#50 Herbert Landers - LG","#72 Mohammed Maher - C","#55 Michael Becker - RG","#71 Mark Nielsen - RT",,"#93 Daniel Roberts - LDE",,"#71 Calvin Vanmatre - DT",,"#57 Johnathan Ripley - RDE","#99 Edward Lowe - WLB","#29 Mark Southern - CB","#55 Jonathon Damico - MLB","#45 Arthur Brown - SLB","#27 Edward Mays - CB","#26 DeAndre Utley - CB",,,,"#36 Dennis Howell - SS","#44 Lewis Gomez - FS",,,,,,,,,,,,,,,,,,,,,,,,,,,,,,,,,,,,
SCS,4:26,"SCS 5",1,3,10,"I Formation Twin WR Hard Slants","Dime Flat Man Cover 1",,3,0,"3-10-SCS 5 (4:27) 8-John Barrios pass Pass knocked down by 36-Dennis Howell. incomplete, intended for 81-Thomas Free.","#8 John Barrios - QB","#36 Juan Francis - RB",,,"#35 Thomas Frazier - FB","#82 Donald Maclennan - TE",,"#12 Omar Robinson - WR",,"#81 Thomas Free - WR",,,"#78 Joseph Timmerman - LT","#50 Herbert Landers - LG","#72 Mohammed Maher - C","#55 Michael Becker - RG","#71 Mark Nielsen - RT",,"#93 Daniel Roberts - LDE",,"#71 Calvin Vanmatre - DT","#69 Brian Porter - DT","#57 Johnathan Ripley - RDE",,"#55 Jonathon Damico - MLB",,,"#29 Mark Southern - CB","#27 Edward Mays - CB","#21 Randall Murray - CB","#26 DeAndre Utley - CB",,"#44 Lewis Gomez - FS","#36 Dennis Howell - SS",,,,,,,,,,,,,,,,,,,,,,,,,,,,,,,,,,,,
SCS,4:23,"SCS 5",1,4,10,Punt,"Punt Return",,3,0,"4-10-SCS 5 (4:24) 14-Timothy Rhynes punts 52 yards to PHI 42. 12-Roderick Uribe to SCS 44 for 14 yards. Tackle by 82-Donald Maclennan.",,,,,,,,,,,,,,,,,,"#14 Timothy Rhynes - P",,,,,,,,,,,,,,,,,,,"#72 Mohammed Maher - C",,"#12 Roderick Uribe - WR",,,"#29 Mark Southern - CB","#54 James Miller - SLB","#44 Lewis Gomez - FS",,"#58 Roger Cruz - RDE","#45 Arthur Brown - SLB",,"#97 John Moffatt - DT",,,,"#58 Manuel Cuomo - RT","#71 Mark Nielsen - RT","#82 Donald Maclennan - TE","#68 Hollis Nash - LT","#78 Joseph Timmerman - LT","#50 Herbert Landers - LG",,"#71 Calvin Vanmatre - DT","#55 Jonathon Damico - MLB","#57 Johnathan Ripley - RDE","#99 Edward Lowe - WLB",,,,,,,
PHI,4:14,"SCS 44",1,1,10,"I Formation Normal Max Protect","4-3 Under Crash Right",-0,3,0,"1-10-SCS 44 (4:15) 17-Joel Jasso pass complete to 9-Alfredo Montoya to SCS 44 for a short loss. Tackle by 96-Ervin Matson.","#17 Joel Jasso - QB","#9 Alfredo Montoya - WR",,,"#81 John Guillory - FB","#11 Ryan Davis - WR",,"#88 Mark Metzinger - WR",,"#12 Roderick Uribe - WR",,,"#53 James Skinner - LT","#52 Edward Campbell - LG","#78 Terrence George - C","#72 Robert Roy - RG","#60 James Rivera - RT",,"#73 Robert McMeans - LDE",,"#61 James Nichol - DT","#99 Donald Ocasio - DT","#77 Jeffrey Tate - RDE","#96 Ervin Matson - SLB","#51 Luke Walcott - MLB",,"#95 Mark Vasquez - WLB","#43 Marty Johnson - CB","#44 Tanner Ontiveros - CB",,,,"#39 Patrick West - SS","#29 Antonio Delcastillo - FS",,,,,,,,,,,,,,,,,,,,,,,,,,,,,,,,,,,,
PHI,3:36,"SCS 44",1,2,10,"Weak I Big WR Post TE Out","Goal Line 3 Deep Man",20,3,0,"2-10-SCS 44 (3:35) 17-Joel Jasso pass complete to 9-Alfredo Montoya to SCS 25 for 20 yards. Great move by 9-Alfredo Montoya to get free of his coverage.","#17 Joel Jasso - QB","#9 Alfredo Montoya - WR",,,"#81 John Guillory - FB","#83 Richard Maciejewski - TE","#87 Charles Thompson - TE","#11 Ryan Davis - WR",,,,,"#53 James Skinner - LT","#52 Edward Campbell - LG","#78 Terrence George - C","#72 Robert Roy - RG","#60 James Rivera - RT",,"#67 Fred McKenzie - LDE","#73 Robert McMeans - LDE","#61 James Nichol - DT","#99 Donald Ocasio - DT","#77 Jeffrey Tate - RDE","#96 Ervin Matson - SLB","#90 John Rowe - MLB",,"#95 Mark Vasquez - WLB","#43 Marty Johnson - CB","#44 Tanner Ontiveros - CB",,,,"#39 Patrick West - SS",,,,,,,,,,,,,,,,,,,,,,,,,,,,,,,,,,,,,
PHI,2:54,"SCS 25",1,1,10,"I Formation Power Play Action HB Downfield","Goal Line Attack #3",25,9,0,"1-10-SCS 25 (2:53) 17-Joel Jasso pass complete to 11-Ryan Davis for 25 yards. TOUCHDOWN! PHI 12-Roderick Uribe was injured on the play. He looks like he should be able to return. PHI 9 SCS 0","#17 Joel Jasso - QB","#24 Stanley Martinez - RB",,"#43 Arnold Mullen - RB","#81 John Guillory - FB","#12 Roderick Uribe - WR",,"#11 Ryan Davis - WR",,,,,"#53 James Skinner - LT","#52 Edward Campbell - LG","#78 Terrence George - C","#72 Robert Roy - RG","#60 James Rivera - RT",,"#67 Fred McKenzie - LDE","#73 Robert McMeans - LDE","#61 James Nichol - DT","#99 Donald Ocasio - DT","#77 Jeffrey Tate - RDE","#94 Adam Green - SLB","#90 John Rowe - MLB",,"#95 Mark Vasquez - WLB","#44 Tanner Ontiveros - CB","#21 Richard Moore - CB",,,,"#97 James Chapman - FS",,,,,,,,,,,,,,,,,,,,,,,,,,,,,,,,,,,,,
PHI,2:48,"SCS 15",1,7,15,"Field Goal","FG Block",25,10,0,"(2:49) Extra point GOOD by 14-Steve Matthews. PHI 10 SCS 0",,,,,,,,,,,,,,,,,,,,,,,,,,,,,,,,,,,,"#15 Bryant Smith - QB","#52 Edward Campbell - LG",,,,,,,,,,,,,,"#14 Steve Matthews - K","#53 James Skinner - LT","#72 Robert Roy - RG","#68 Luis McKinney - LG","#9 Alfredo Montoya - WR","#78 Terrence George - C","#60 James Rivera - RT","#79 Curt Beauvais - RT","#64 Chester Cribb - RG","#94 Adam Green - SLB","#90 John Rowe - MLB","#96 Ervin Matson - SLB","#67 Fred McKenzie - LDE","#99 Donald Ocasio - DT","#59 Bruce Koenig - MLB","#77 Jeffrey Tate - RDE","#73 Robert McMeans - LDE","#51 Luke Walcott - MLB","#61 James Nichol - DT","#95 Mark Vasquez - WLB"
PHI,2:48,"PHI 35",1,6,10,Kickoff,"Kick Return",,10,0,"(2:49) 14-Steve Matthews kicks 74 yards from PHI 35 to SCS -9. Touchback.",,,,,,,,,,,,,,,,,,,,,,,,,,,,,,,,,,,,,,"#49 Franklin Benevides - RB",,"#77 Jeffrey Tate - RDE","#29 Leon Wyatt - WLB","#67 Fred McKenzie - LDE","#96 Ervin Matson - SLB","#90 John Rowe - MLB","#29 Antonio Delcastillo - FS","#43 Marty Johnson - CB","#95 Mark Vasquez - WLB","#44 Tanner Ontiveros - CB","#99 Donald Ocasio - DT","#14 Steve Matthews - K",,,,,,,,,,,,,,,,,,,,
SCS,2:48,"SCS 25",1,1,10,"Singleback Big Off Tackle Strong","3-4 Normal Man Cover 1",-0,10,0,"1-10-SCS 25 (2:49) 36-Juan Francis ran to SCS 25 for a short loss. Tackle by 93-Daniel Roberts.","#8 John Barrios - QB","#36 Juan Francis - RB",,,,"#82 Donald Maclennan - TE","#47 Philip Curry - RB","#11 Jonathan Phillips - WR",,"#16 Thomas Kellogg - WR",,,"#78 Joseph Timmerman - LT","#50 Herbert Landers - LG","#72 Mohammed Maher - C","#55 Michael Becker - RG","#71 Mark Nielsen - RT",,"#93 Daniel Roberts - LDE",,"#71 Calvin Vanmatre - DT",,"#58 Roger Cruz - RDE","#99 Edward Lowe - WLB","#29 Mark Southern - CB","#55 Jonathon Damico - MLB","#45 Arthur Brown - SLB","#27 Edward Mays - CB","#33 Jimmie McNeal - CB",,,,"#36 Dennis Howell - SS","#44 Lewis Gomez - FS",,,,,,,,,,,,,,,,,,,,,,,,,,,,,,,,,,,,
SCS,2:10,"SCS 25",1,2,10,"Singleback Big HB Inside Strong","3-4 Normal Man Cover 1",15,10,0,"2-10-SCS 25 (2:09) 36-Juan Francis ran to SCS 36 for 11 yards. 36-Juan Francis FUMBLES (36-Dennis Howell) recovered by SCS-16-Thomas Kellogg to SCS 40 for 6 yards. Tackle by 33-Jimmie McNeal.","#8 John Barrios - QB","#36 Juan Francis - RB",,,,"#82 Donald Maclennan - TE","#47 Philip Curry - RB","#11 Jonathan Phillips - WR",,"#16 Thomas Kellogg - WR",,,"#78 Joseph Timmerman - LT","#50 Herbert Landers - LG","#72 Mohammed Maher - C","#55 Michael Becker - RG","#71 Mark Nielsen - RT",,"#93 Daniel Roberts - LDE",,"#71 Calvin Vanmatre - DT",,"#58 Roger Cruz - RDE","#99 Edward Lowe - WLB","#29 Mark Southern - CB","#55 Jonathon Damico - MLB","#45 Arthur Brown - SLB","#27 Edward Mays - CB","#33 Jimmie McNeal - CB",,,,"#36 Dennis Howell - SS","#44 Lewis Gomez - FS",,,,,,,,,,,,,,,,,,,,,,,,,,,,,,,,,,,,
SCS,1:27,"SCS 40",1,1,10,"I Formation Normal PA Fullback Flat","Dime Normal Double WR2",-1,10,0,"1-10-SCS 40 (1:26) 8-John Barrios pass complete to 35-Thomas Frazier to SCS 39 for -1 yards. Tackle by 27-Edward Mays.","#8 John Barrios - QB","#49 Franklin Benevides - RB",,,"#35 Thomas Frazier - FB","#82 Donald Maclennan - TE",,"#11 Jonathan Phillips - WR",,"#16 Thomas Kellogg - WR",,,"#78 Joseph Timmerman - LT","#50 Herbert Landers - LG","#72 Mohammed Maher - C","#55 Michael Becker - RG","#71 Mark Nielsen - RT",,"#93 Daniel Roberts - LDE",,"#71 Calvin Vanmatre - DT","#69 Brian Porter - DT","#58 Roger Cruz - RDE",,"#55 Jonathon Damico - MLB",,,"#29 Mark Southern - CB","#33 Jimmie McNeal - CB","#26 DeAndre Utley - CB","#27 Edward Mays - CB",,"#36 Dennis Howell - SS","#44 Lewis Gomez - FS",,,,,,,,,,,,,,,,,,,,,,,,,,,,,,,,,,,,
SCS,0:51,"SCS 39",1,2,11,"Split Backs 3 Wide WR Quick Out","Dime Flat Man Cover 1",7,10,0,"2-11-SCS 39 (0:50) 8-John Barrios pass complete to 36-Juan Francis to SCS 46 for 7 yards. Pushed out of bounds by 26-DeAndre Utley. Nice job by 36-Juan Francis on that route to lose his coverage.","#8 John Barrios - QB","#36 Juan Francis - RB",,,"#49 Franklin Benevides - RB",,,"#16 Thomas Kellogg - WR","#81 Thomas Free - WR","#12 Omar Robinson - WR",,,"#78 Joseph Timmerman - LT","#50 Herbert Landers - LG","#72 Mohammed Maher - C","#55 Michael Becker - RG","#71 Mark Nielsen - RT",,"#93 Daniel Roberts - LDE",,"#71 Calvin Vanmatre - DT","#69 Brian Porter - DT","#58 Roger Cruz - RDE",,"#55 Jonathon Damico - MLB",,,"#29 Mark Southern - CB","#33 Jimmie McNeal - CB","#26 DeAndre Utley - CB","#27 Edward Mays - CB",,"#44 Lewis Gomez - FS","#36 Dennis Howell - SS",,,,,,,,,,,,,,,,,,,,,,,,,,,,,,,,,,,,
SCS,0:04,"SCS 46",1,3,4,"Singleback Empty 4 TE Deep Out","Dime Flat Man Cover 1",-11,10,0,"3-4-SCS 46 (0:03) 8-John Barrios sacked at SCS 35 for -11 yards (71-Calvin Vanmatre). Sack allowed by 55-Michael Becker.","#8 John Barrios - QB",,,,,"#82 Donald Maclennan - TE",,"#11 Jonathan Phillips - WR","#81 Thomas Free - WR","#12 Omar Robinson - WR","#87 Willard Wood - WR",,"#78 Joseph Timmerman - LT","#50 Herbert Landers - LG","#72 Mohammed Maher - C","#55 Michael Becker - RG","#71 Mark Nielsen - RT",,"#93 Daniel Roberts - LDE",,"#71 Calvin Vanmatre - DT","#69 Brian Porter - DT","#58 Roger Cruz - RDE",,"#55 Jonathon Damico - MLB",,,"#27 Edward Mays - CB","#26 DeAndre Utley - CB","#33 Jimmie McNeal - CB","#40 Robbie Torres - FS",,"#21 Randall Murray - CB","#44 Lewis Gomez - FS",,,,,,,,,,,,,,,,,,,,,,,,,,,,,,,,,,,,
,0:00,,1,4,15,,,,10,0,"End of first quarter.",,,,,,,,,,,,,,,,,,,,,,,,,,,,,,,,,,,,,,,,,,,,,,,,,,,,,,,,,,,,,,,,,,,,,,
SCS,15:00,"SCS 35",2,4,15,Punt,"Punt Return",,10,0,"4-15-SCS 35 (15:00) 14-Timothy Rhynes punts 44 yards to PHI 21. Fair Catch by 12-Roderick Uribe.",,,,,,,,,,,,,,,,,,"#14 Timothy Rhynes - P",,,,,,,,,,,,,,,,,,,"#72 Mohammed Maher - C",,"#12 Roderick Uribe - WR",,,"#58 Roger Cruz - RDE","#55 Jonathon Damico - MLB","#29 Mark Southern - CB",,"#45 Arthur Brown - SLB","#97 John Moffatt - DT",,"#54 James Miller - SLB",,,,"#50 Herbert Landers - LG","#58 Manuel Cuomo - RT","#68 Hollis Nash - LT","#78 Joseph Timmerman - LT","#71 Mark Nielsen - RT","#56 Clifton Winston - LG",,"#93 Daniel Roberts - LDE","#57 Johnathan Ripley - RDE","#99 Edward Lowe - WLB","#71 Calvin Vanmatre - DT",,,,,,,
PHI,14:53,"PHI 21",2,1,10,"Singleback Normal TE Quick Out","Nickel Normal Man Cover 2",7,10,0,"1-10-PHI 21 (14:54) 17-Joel Jasso pass complete to 83-Richard Maciejewski to PHI 27 for 7 yards. Tackle by 51-Luke Walcott.","#17 Joel Jasso - QB","#9 Alfredo Montoya - WR",,,,"#83 Richard Maciejewski - TE",,"#13 Mitchell Allen - WR","#11 Ryan Davis - WR","#12 Roderick Uribe - WR",,,"#53 James Skinner - LT","#52 Edward Campbell - LG","#78 Terrence George - C","#72 Robert Roy - RG","#60 James Rivera - RT",,"#73 Robert McMeans - LDE",,"#61 James Nichol - DT","#99 Donald Ocasio - DT","#77 Jeffrey Tate - RDE",,"#51 Luke Walcott - MLB",,"#95 Mark Vasquez - WLB","#44 Tanner Ontiveros - CB","#21 Richard Moore - CB",,"#97 James Chapman - FS",,"#39 Patrick West - SS","#29 Antonio Delcastillo - FS",,,,,,,,,,,,,,,,,,,,,,,,,,,,,,,,,,,,
PHI,14:20,"PHI 27",2,2,3,"Singleback Normal HB Counter Weak","Nickel 3-3-5 Cover 2 Man Under",5,10,0,"2-3-PHI 27 (14:19) 9-Alfredo Montoya ran to PHI 32 for 5 yards. Tackle by 90-John Rowe. SCS 44-Tanner Ontiveros was injured on the play. He looks like he should be able to return.","#17 Joel Jasso - QB","#9 Alfredo Montoya - WR",,,,"#83 Richard Maciejewski - TE",,"#13 Mitchell Allen - WR","#11 Ryan Davis - WR","#12 Roderick Uribe - WR",,,"#53 James Skinner - LT","#52 Edward Campbell - LG","#78 Terrence George - C","#72 Robert Roy - RG","#60 James Rivera - RT",,"#67 Fred McKenzie - LDE",,"#61 James Nichol - DT",,"#77 Jeffrey Tate - RDE","#96 Ervin Matson - SLB","#90 John Rowe - MLB",,"#95 Mark Vasquez - WLB","#43 Marty Johnson - CB","#44 Tanner Ontiveros - CB",,"#21 Richard Moore - CB",,"#39 Patrick West - SS","#29 Antonio Delcastillo - FS",,,,,,,,,,,,,,,,,,,,,,,,,,,,,,,,,,,,
PHI,13:37,"PHI 32",2,1,10,"I Formation Normal Max Protect","4-3 Under Crowd Middle",1,10,0,"1-10-PHI 32 (13:36) 17-Joel Jasso pass complete to 9-Alfredo Montoya to PHI 33 for 1 yards. Tackle by 96-Ervin Matson.","#17 Joel Jasso - QB","#9 Alfredo Montoya - WR",,,"#81 John Guillory - FB","#11 Ryan Davis - WR",,"#88 Mark Metzinger - WR",,"#12 Roderick Uribe - WR",,,"#53 James Skinner - LT","#52 Edward Campbell - LG","#78 Terrence George - C","#72 Robert Roy - RG","#60 James Rivera - RT",,"#67 Fred McKenzie - LDE",,"#61 James Nichol - DT","#99 Donald Ocasio - DT","#77 Jeffrey Tate - RDE","#96 Ervin Matson - SLB","#90 John Rowe - MLB",,"#95 Mark Vasquez - WLB","#43 Marty Johnson - CB","#21 Richard Moore - CB",,,,"#39 Patrick West - SS","#29 Antonio Delcastillo - FS",,,,,,,,,,,,,,,,,,,,,,,,,,,,,,,,,,,,
PHI,12:54,"PHI 33",2,2,9,"Split Backs Normal Skinny Post Corner","4-3 Under Crowd Middle",8,10,0,"2-9-PHI 33 (12:53) 17-Joel Jasso pass complete to 83-Richard Maciejewski to PHI 41 for 8 yards. Tackle by 39-Patrick West.","#17 Joel Jasso - QB","#9 Alfredo Montoya - WR",,,"#13 Mitchell Allen - WR","#83 Richard Maciejewski - TE",,"#11 Ryan Davis - WR",,"#12 Roderick Uribe - WR",,,"#53 James Skinner - LT","#52 Edward Campbell - LG","#78 Terrence George - C","#72 Robert Roy - RG","#60 James Rivera - RT",,"#67 Fred McKenzie - LDE",,"#61 James Nichol - DT","#99 Donald Ocasio - DT","#77 Jeffrey Tate - RDE","#96 Ervin Matson - SLB","#90 John Rowe - MLB",,"#95 Mark Vasquez - WLB","#43 Marty Johnson - CB","#21 Richard Moore - CB",,,,"#39 Patrick West - SS","#29 Antonio Delcastillo - FS",,,,,,,,,,,,,,,,,,,,,,,,,,,,,,,,,,,,
PHI,12:15,"PHI 41",2,3,1,"I Formation Power HB Strong Outside","Goal Line Attack #3",,10,0,"3-1-PHI 41 (12:14) 24-Stanley Martinez ran to PHI 41 for a short gain. Tackle by 90-John Rowe.","#17 Joel Jasso - QB","#24 Stanley Martinez - RB",,"#9 Alfredo Montoya - WR","#81 John Guillory - FB","#12 Roderick Uribe - WR",,"#11 Ryan Davis - WR",,,,,"#53 James Skinner - LT","#52 Edward Campbell - LG","#78 Terrence George - C","#72 Robert Roy - RG","#60 James Rivera - RT",,"#67 Fred McKenzie - LDE","#73 Robert McMeans - LDE","#61 James Nichol - DT","#99 Donald Ocasio - DT","#77 Jeffrey Tate - RDE","#96 Ervin Matson - SLB","#90 John Rowe - MLB",,"#95 Mark Vasquez - WLB","#43 Marty Johnson - CB","#21 Richard Moore - CB",,,,"#39 Patrick West - SS",,,,,,,,,,,,,,,,,,,,,,,,,,,,,,,,,,,,,
PHI,11:41,"PHI 41",2,4,1,Punt,"Punt Return",51,10,0,"4-1-PHI 41 (11:40)",,,,,,,,,,,,,,,,,,"#3 Aaron Stein - P",,,,,,,,,,,,,,,,,,,"#52 Edward Campbell - LG",,"#12 Omar Robinson - WR",,,"#67 Fred McKenzie - LDE","#29 Antonio Delcastillo - FS","#90 John Rowe - MLB",,"#43 Marty Johnson - CB","#99 Donald Ocasio - DT",,"#29 Leon Wyatt - WLB",,,,"#72 Robert Roy - RG","#68 Luis McKinney - LG","#9 Alfredo Montoya - WR","#78 Terrence George - C","#60 James Rivera - RT","#79 Curt Beauvais - RT",,"#94 Adam Green - SLB","#96 Ervin Matson - SLB","#95 Mark Vasquez - WLB","#77 Jeffrey Tate - RDE",,,,,,,
SCS,11:30,"SCS 7",2,1,10,"Weak I Normal Skinny Posts","Dime Flat Man Cover 1",3,10,0,"1-10-SCS 7 (11:31) 8-John Barrios pass complete to 36-Juan Francis to SCS 10 for 3 yards. Tackle by 33-Jimmie McNeal. 36-Juan Francis made a great move on the CB.","#8 John Barrios - QB","#36 Juan Francis - RB",,,"#35 Thomas Frazier - FB","#82 Donald Maclennan - TE",,"#11 Jonathan Phillips - WR",,"#16 Thomas Kellogg - WR",,,"#78 Joseph Timmerman - LT","#50 Herbert Landers - LG","#72 Mohammed Maher - C","#55 Michael Becker - RG","#71 Mark Nielsen - RT",,"#93 Daniel Roberts - LDE",,"#71 Calvin Vanmatre - DT","#69 Brian Porter - DT","#58 Roger Cruz - RDE",,"#55 Jonathon Damico - MLB",,,"#33 Jimmie McNeal - CB","#27 Edward Mays - CB","#40 Robbie Torres - FS","#26 DeAndre Utley - CB",,"#21 Randall Murray - CB","#36 Dennis Howell - SS",,,,,,,,,,,,,,,,,,,,,,,,,,,,,,,,,,,,
SCS,10:53,"SCS 10",2,2,7,"Singleback Big Off Tackle Strong","4-3 Normal Man Under 1",12,10,0,"2-7-SCS 10 (10:52) 36-Juan Francis ran to SCS 23 for 12 yards. Tackle by 36-Dennis Howell.","#8 John Barrios - QB","#36 Juan Francis - RB",,,,"#82 Donald Maclennan - TE","#47 Philip Curry - RB","#11 Jonathan Phillips - WR",,"#16 Thomas Kellogg - WR",,,"#78 Joseph Timmerman - LT","#50 Herbert Landers - LG","#72 Mohammed Maher - C","#55 Michael Becker - RG","#71 Mark Nielsen - RT",,"#93 Daniel Roberts - LDE",,"#71 Calvin Vanmatre - DT","#69 Brian Porter - DT","#58 Roger Cruz - RDE","#45 Arthur Brown - SLB","#99 Edward Lowe - WLB",,"#55 Jonathon Damico - MLB","#29 Mark Southern - CB","#33 Jimmie McNeal - CB",,,,"#36 Dennis Howell - SS","#40 Robbie Torres - FS",,,,,,,,,,,,,,,,,,,,,,,,,,,,,,,,,,,,
SCS,10:07,"SCS 23",2,1,10,"Goal Line Normal HB Off Tackle","4-3 Under Double Safety Blitz",2,10,0,"1-10-SCS 23 (10:06) 49-Franklin Benevides ran to SCS 25 for 2 yards. Tackle by 36-Dennis Howell.","#8 John Barrios - QB","#49 Franklin Benevides - RB",,"#36 Juan Francis - RB","#35 Thomas Frazier - FB","#82 Donald Maclennan - TE","#47 Philip Curry - RB",,,,,,"#78 Joseph Timmerman - LT","#50 Herbert Landers - LG","#72 Mohammed Maher - C","#55 Michael Becker - RG","#71 Mark Nielsen - RT",,"#93 Daniel Roberts - LDE",,"#71 Calvin Vanmatre - DT","#69 Brian Porter - DT","#58 Roger Cruz - RDE","#45 Arthur Brown - SLB","#55 Jonathon Damico - MLB",,"#99 Edward Lowe - WLB","#27 Edward Mays - CB","#26 DeAndre Utley - CB",,,,"#36 Dennis Howell - SS","#44 Lewis Gomez - FS",,,,,,,,,,,,,,,,,,,,,,,,,,,,,,,,,,,,
SCS,9:33,"SCS 25",2,2,8,"Singleback Big Ins and Outs","4-3 Normal Man Under 1",,10,0,"2-8-SCS 25 (9:32) 8-John Barrios pass Pass knocked down by 29-Mark Southern. incomplete, intended for 82-Donald Maclennan.","#8 John Barrios - QB","#49 Franklin Benevides - RB",,,,"#82 Donald Maclennan - TE","#47 Philip Curry - RB","#11 Jonathan Phillips - WR",,"#16 Thomas Kellogg - WR",,,"#78 Joseph Timmerman - LT","#50 Herbert Landers - LG","#72 Mohammed Maher - C","#55 Michael Becker - RG","#71 Mark Nielsen - RT",,"#93 Daniel Roberts - LDE",,"#71 Calvin Vanmatre - DT","#69 Brian Porter - DT","#58 Roger Cruz - RDE","#45 Arthur Brown - SLB","#99 Edward Lowe - WLB",,"#55 Jonathon Damico - MLB","#29 Mark Southern - CB","#33 Jimmie McNeal - CB",,,,"#36 Dennis Howell - SS","#44 Lewis Gomez - FS",,,,,,,,,,,,,,,,,,,,,,,,,,,,,,,,,,,,
SCS,9:27,"SCS 25",2,3,8,"Strong I Big HB Toss Strong","4-3 Normal OLB Blitz Outside",-3,10,0,"3-8-SCS 25 (9:28) 36-Juan Francis ran to SCS 21 for -3 yards. Tackle by 45-Arthur Brown.","#8 John Barrios - QB","#36 Juan Francis - RB",,,"#35 Thomas Frazier - FB","#82 Donald Maclennan - TE","#47 Philip Curry - RB","#11 Jonathan Phillips - WR",,,,,"#78 Joseph Timmerman - LT","#50 Herbert Landers - LG","#72 Mohammed Maher - C","#55 Michael Becker - RG","#71 Mark Nielsen - RT",,"#93 Daniel Roberts - LDE",,"#71 Calvin Vanmatre - DT","#69 Brian Porter - DT","#58 Roger Cruz - RDE","#45 Arthur Brown - SLB","#99 Edward Lowe - WLB",,"#55 Jonathon Damico - MLB","#29 Mark Southern - CB","#33 Jimmie McNeal - CB",,,,"#36 Dennis Howell - SS","#44 Lewis Gomez - FS",,,,,,,,,,,,,,,,,,,,,,,,,,,,,,,,,,,,
SCS,8:49,"SCS 21",2,4,11,Punt,"Punt Return",,10,0,"4-11-SCS 21 (8:48) 14-Timothy Rhynes punts 50 yards to PHI 29. 12-Roderick Uribe to PHI 42 for 14 yards. Tackle by 90-John Rowe.",,,,,,,,,,,,,,,,,,"#14 Timothy Rhynes - P",,,,,,,,,,,,,,,,,,,"#72 Mohammed Maher - C",,"#12 Roderick Uribe - WR",,,"#29 Mark Southern - CB","#97 John Moffatt - DT","#44 Lewis Gomez - FS",,"#33 Jimmie McNeal - CB","#58 Roger Cruz - RDE",,"#45 Arthur Brown - SLB",,,,"#58 Manuel Cuomo - RT","#71 Mark Nielsen - RT","#82 Donald Maclennan - TE","#68 Hollis Nash - LT","#78 Joseph Timmerman - LT","#50 Herbert Landers - LG",,"#71 Calvin Vanmatre - DT","#55 Jonathon Damico - MLB","#57 Johnathan Ripley - RDE","#99 Edward Lowe - WLB",,,,,,,
PHI,8:38,"PHI 42",2,1,10,"I Formation 3WR Slot Short WR Deep","Nickel 3-3-5 Cover 2 Man Under",,10,0,"1-10-PHI 42 (8:39) 17-Joel Jasso pass INTERCEPTED by 43-Marty Johnson at PHI 48. 43-Marty Johnson to PHI 48 for -0 yards. Tackle by 12-Roderick Uribe.","#17 Joel Jasso - QB","#9 Alfredo Montoya - WR",,,"#66 Brandon Marsh - RG",,,"#88 Mark Metzinger - WR","#12 Roderick Uribe - WR","#11 Ryan Davis - WR",,,"#53 James Skinner - LT","#52 Edward Campbell - LG","#78 Terrence George - C","#72 Robert Roy - RG","#60 James Rivera - RT",,"#73 Robert McMeans - LDE",,"#61 James Nichol - DT",,"#77 Jeffrey Tate - RDE","#96 Ervin Matson - SLB","#51 Luke Walcott - MLB",,"#95 Mark Vasquez - WLB","#21 Richard Moore - CB","#97 James Chapman - FS",,"#43 Marty Johnson - CB",,"#39 Patrick West - SS","#29 Antonio Delcastillo - FS",,,,,,,,,,,,,,,,,,,,,,,,,,,,,,,,,,,,
SCS,8:34,"PHI 48",2,1,10,"I Formation Power Play Action HB Downfield","Dime Normal Double WR2",,10,0,"1-10-PHI 48 (8:35) 8-John Barrios pass INTERCEPTED by 44-Lewis Gomez at PHI 43. 44-Lewis Gomez to PHI 43 for -0 yards. Tackle by 82-Donald Maclennan. 33-Jimmie McNeal got away with a hold on that play. 33-Jimmie McNeal was caught flat-footed on this play. PHI 93-Daniel Roberts was injured on the play. He looks like he should be able to return. PENALTY - Holding (SCS 49-Franklin Benevides) (Declined)","#8 John Barrios - QB","#36 Juan Francis - RB",,"#49 Franklin Benevides - RB","#35 Thomas Frazier - FB","#82 Donald Maclennan - TE",,"#11 Jonathan Phillips - WR",,,,,"#78 Joseph Timmerman - LT","#50 Herbert Landers - LG","#72 Mohammed Maher - C","#55 Michael Becker - RG","#71 Mark Nielsen - RT",,"#93 Daniel Roberts - LDE",,"#71 Calvin Vanmatre - DT","#69 Brian Porter - DT","#58 Roger Cruz - RDE",,"#55 Jonathon Damico - MLB",,,"#29 Mark Southern - CB","#33 Jimmie McNeal - CB","#26 DeAndre Utley - CB","#27 Edward Mays - CB",,"#36 Dennis Howell - SS","#44 Lewis Gomez - FS",,,,,,,,,,,,,,,,,,,,,,,,,,,,,,,,,,,,
PHI,8:30,"PHI 43",2,1,10,"Shotgun 2 RB 3 WR Shotgun Sweep","Nickel Normal Man Cover 2",11,10,0,"1-10-PHI 43 (8:31) 24-Stanley Martinez ran to SCS 47 for 11 yards. Tackle by 39-Patrick West.","#17 Joel Jasso - QB","#9 Alfredo Montoya - WR","#24 Stanley Martinez - RB",,,,,"#66 Brandon Marsh - RG","#74 William Backer - C","#13 Mitchell Allen - WR",,,"#53 James Skinner - LT","#52 Edward Campbell - LG","#78 Terrence George - C","#72 Robert Roy - RG","#60 James Rivera - RT",,"#67 Fred McKenzie - LDE",,"#61 James Nichol - DT","#99 Donald Ocasio - DT","#77 Jeffrey Tate - RDE",,"#90 John Rowe - MLB",,"#95 Mark Vasquez - WLB","#43 Marty Johnson - CB","#44 Tanner Ontiveros - CB",,"#21 Richard Moore - CB",,"#39 Patrick West - SS","#29 Antonio Delcastillo - FS",,,,,,,,,,,,,,,,,,,,,,,,,,,,,,,,,,,,
PHI,7:55,"SCS 47",2,1,10,"Singleback Normal HB Release Mid","Nickel Normal Shallow Zone Deep",,10,0,"1-10-SCS 47 (7:54) 17-Joel Jasso pass Pass knocked down by 21-Richard Moore. incomplete, intended for 11-Ryan Davis. PHI 72-Robert Roy was injured on the play. He looks like he should be able to return.","#17 Joel Jasso - QB","#9 Alfredo Montoya - WR",,,,"#83 Richard Maciejewski - TE",,"#13 Mitchell Allen - WR","#11 Ryan Davis - WR","#12 Roderick Uribe - WR",,,"#53 James Skinner - LT","#52 Edward Campbell - LG","#78 Terrence George - C","#72 Robert Roy - RG","#60 James Rivera - RT",,"#67 Fred McKenzie - LDE",,"#61 James Nichol - DT","#99 Donald Ocasio - DT","#77 Jeffrey Tate - RDE",,"#90 John Rowe - MLB",,"#95 Mark Vasquez - WLB","#43 Marty Johnson - CB","#44 Tanner Ontiveros - CB",,"#21 Richard Moore - CB",,"#39 Patrick West - SS","#29 Antonio Delcastillo - FS",,,,,,,,,,,,,,,,,,,,,,,,,,,,,,,,,,,,
PHI,7:50,"SCS 47",2,2,10,"I Formation 3WR Slot Short WR Deep","Nickel Normal Man Cover 2",15,10,0,"2-10-SCS 47 (7:51) 17-Joel Jasso pass complete to 88-Mark Metzinger to SCS 31 for 15 yards. Tackle by 43-Marty Johnson.","#17 Joel Jasso - QB","#9 Alfredo Montoya - WR",,,"#66 Brandon Marsh - RG",,,"#88 Mark Metzinger - WR","#12 Roderick Uribe - WR","#11 Ryan Davis - WR",,,"#53 James Skinner - LT","#52 Edward Campbell - LG","#78 Terrence George - C","#60 James Rivera - RT","#79 Curt Beauvais - RT",,"#67 Fred McKenzie - LDE",,"#61 James Nichol - DT","#99 Donald Ocasio - DT","#77 Jeffrey Tate - RDE",,"#90 John Rowe - MLB",,"#95 Mark Vasquez - WLB","#43 Marty Johnson - CB","#44 Tanner Ontiveros - CB",,"#21 Richard Moore - CB",,"#39 Patrick West - SS","#29 Antonio Delcastillo - FS",,,,,,,,,,,,,,,,,,,,,,,,,,,,,,,,,,,,
PHI,7:15,"SCS 31",2,1,10,"Split Backs Normal Skinny Post Corner","4-3 Under Strong Blitz Outside",5,10,0,"1-10-SCS 31 (7:14) 17-Joel Jasso pass complete to 83-Richard Maciejewski to SCS 27 for 5 yards. Tackle by 95-Mark Vasquez.","#17 Joel Jasso - QB","#9 Alfredo Montoya - WR",,,"#13 Mitchell Allen - WR","#83 Richard Maciejewski - TE",,"#11 Ryan Davis - WR",,"#12 Roderick Uribe - WR",,,"#53 James Skinner - LT","#52 Edward Campbell - LG","#78 Terrence George - C","#66 Brandon Marsh - RG","#60 James Rivera - RT",,"#67 Fred McKenzie - LDE",,"#61 James Nichol - DT","#99 Donald Ocasio - DT","#77 Jeffrey Tate - RDE","#96 Ervin Matson - SLB","#90 John Rowe - MLB",,"#95 Mark Vasquez - WLB","#43 Marty Johnson - CB","#21 Richard Moore - CB",,,,"#44 Tanner Ontiveros - CB","#97 James Chapman - FS",,,,,,,,,,,,,,,,,,,,,,,,,,,,,,,,,,,,
PHI,6:41,"SCS 27",2,2,5,"I Formation Power HB Strong Outside","Goal Line Attack #1",1,10,0,"2-5-SCS 27 (6:40) 24-Stanley Martinez ran to SCS 26 for 1 yards. Tackle by 77-Jeffrey Tate.","#17 Joel Jasso - QB","#24 Stanley Martinez - RB",,"#9 Alfredo Montoya - WR","#81 John Guillory - FB","#12 Roderick Uribe - WR",,"#11 Ryan Davis - WR",,,,,"#53 James Skinner - LT","#52 Edward Campbell - LG","#78 Terrence George - C","#66 Brandon Marsh - RG","#60 James Rivera - RT",,"#67 Fred McKenzie - LDE","#73 Robert McMeans - LDE","#61 James Nichol - DT","#99 Donald Ocasio - DT","#77 Jeffrey Tate - RDE","#96 Ervin Matson - SLB","#90 John Rowe - MLB",,"#95 Mark Vasquez - WLB","#43 Marty Johnson - CB","#29 Antonio Delcastillo - FS",,,,"#39 Patrick West - SS",,,,,,,,,,,,,,,,,,,,,,,,,,,,,,,,,,,,,
PHI,6:00,"SCS 26",2,3,4,"Shotgun 2 RB 3 WR Shotgun Sweep","Nickel Strong FS WLB Blitz",11,10,0,"3-4-SCS 26 (5:59) 24-Stanley Martinez ran to SCS 15 for 11 yards. Tackle by 29-Antonio Delcastillo.","#17 Joel Jasso - QB","#9 Alfredo Montoya - WR","#24 Stanley Martinez - RB",,,,,"#66 Brandon Marsh - RG","#74 William Backer - C","#13 Mitchell Allen - WR",,,"#53 James Skinner - LT","#52 Edward Campbell - LG","#78 Terrence George - C","#60 James Rivera - RT","#79 Curt Beauvais - RT",,"#67 Fred McKenzie - LDE",,"#61 James Nichol - DT","#99 Donald Ocasio - DT","#77 Jeffrey Tate - RDE",,"#90 John Rowe - MLB",,"#95 Mark Vasquez - WLB","#43 Marty Johnson - CB","#44 Tanner Ontiveros - CB",,"#21 Richard Moore - CB",,"#39 Patrick West - SS","#29 Antonio Delcastillo - FS",,,,,,,,,,,,,,,,,,,,,,,,,,,,,,,,,,,,
PHI,5:15,"SCS 15",2,1,10,"I Formation Normal Max Protect","4-3 Under Crash Right",2,10,0,"1-10-SCS 15 (5:14) 17-Joel Jasso pass complete to 9-Alfredo Montoya to SCS 13 for 2 yards. Tackle by 96-Ervin Matson.","#17 Joel Jasso - QB","#9 Alfredo Montoya - WR",,,"#81 John Guillory - FB","#11 Ryan Davis - WR",,"#88 Mark Metzinger - WR",,"#12 Roderick Uribe - WR",,,"#53 James Skinner - LT","#52 Edward Campbell - LG","#78 Terrence George - C","#66 Brandon Marsh - RG","#60 James Rivera - RT",,"#67 Fred McKenzie - LDE",,"#61 James Nichol - DT","#99 Donald Ocasio - DT","#77 Jeffrey Tate - RDE","#96 Ervin Matson - SLB","#90 John Rowe - MLB",,"#95 Mark Vasquez - WLB","#43 Marty Johnson - CB","#44 Tanner Ontiveros - CB",,,,"#39 Patrick West - SS","#97 James Chapman - FS",,,,,,,,,,,,,,,,,,,,,,,,,,,,,,,,,,,,
PHI,4:40,"SCS 13",2,2,8,"I Formation 3WR HB Inside Strong","Nickel Normal Double WR1",3,10,0,"2-8-SCS 13 (4:39) 24-Stanley Martinez ran to SCS 10 for 3 yards. Tackle by 67-Fred McKenzie.","#17 Joel Jasso - QB","#24 Stanley Martinez - RB",,,"#66 Brandon Marsh - RG",,,"#88 Mark Metzinger - WR","#12 Roderick Uribe - WR","#11 Ryan Davis - WR",,,"#53 James Skinner - LT","#52 Edward Campbell - LG","#78 Terrence George - C","#60 James Rivera - RT","#79 Curt Beauvais - RT",,"#67 Fred McKenzie - LDE",,"#61 James Nichol - DT","#99 Donald Ocasio - DT","#77 Jeffrey Tate - RDE",,"#90 John Rowe - MLB",,"#95 Mark Vasquez - WLB","#43 Marty Johnson - CB","#44 Tanner Ontiveros - CB",,"#21 Richard Moore - CB",,"#39 Patrick West - SS","#29 Antonio Delcastillo - FS",,,,,,,,,,,,,,,,,,,,,,,,,,,,,,,,,,,,
PHI,4:06,"SCS 10",2,3,5,"I Formation Normal Max Protect","4-3 Under Crash Left",,10,0,"3-5-SCS 10 (4:05) 17-Joel Jasso pass Pass knocked down by 95-Mark Vasquez. incomplete, intended for 9-Alfredo Montoya. Pressure by 96-Ervin Matson.","#17 Joel Jasso - QB","#9 Alfredo Montoya - WR",,,"#81 John Guillory - FB","#11 Ryan Davis - WR",,"#88 Mark Metzinger - WR",,"#12 Roderick Uribe - WR",,,"#53 James Skinner - LT","#52 Edward Campbell - LG","#78 Terrence George - C","#66 Brandon Marsh - RG","#60 James Rivera - RT",,"#67 Fred McKenzie - LDE",,"#61 James Nichol - DT","#99 Donald Ocasio - DT","#77 Jeffrey Tate - RDE","#96 Ervin Matson - SLB","#90 John Rowe - MLB",,"#95 Mark Vasquez - WLB","#43 Marty Johnson - CB","#44 Tanner Ontiveros - CB",,,,"#39 Patrick West - SS","#29 Antonio Delcastillo - FS",,,,,,,,,,,,,,,,,,,,,,,,,,,,,,,,,,,,
PHI,3:59,"SCS 10",2,4,5,"Field Goal","FG Block",21,13,0,"4-5-SCS 10 (4:00) 14-Steve Matthews 29 yard field goal is GOOD. PHI 13 SCS 0",,,,,,,,,,,,,,,,,,,,,,,,,,,,,,,,,,,,"#15 Bryant Smith - QB","#52 Edward Campbell - LG",,,,,,,,,,,,,,"#14 Steve Matthews - K","#59 John Visser - MLB","#64 Chester Cribb - RG","#79 Curt Beauvais - RT","#78 Terrence George - C","#60 James Rivera - RT","#68 Luis McKinney - LG","#53 James Skinner - LT","#9 Alfredo Montoya - WR","#67 Fred McKenzie - LDE","#90 John Rowe - MLB","#96 Ervin Matson - SLB","#95 Mark Vasquez - WLB","#99 Donald Ocasio - DT","#59 Bruce Koenig - MLB","#61 James Nichol - DT","#94 Adam Green - SLB","#77 Jeffrey Tate - RDE","#51 Luke Walcott - MLB","#73 Robert McMeans - LDE"
PHI,3:57,"PHI 35",2,6,10,Kickoff,"Kick Return",,13,0,"(3:58) 14-Steve Matthews kicks 74 yards from PHI 35 to SCS -9. Touchback.",,,,,,,,,,,,,,,,,,,,,,,,,,,,,,,,,,,,,,"#49 Franklin Benevides - RB",,"#77 Jeffrey Tate - RDE","#29 Leon Wyatt - WLB","#67 Fred McKenzie - LDE","#96 Ervin Matson - SLB","#90 John Rowe - MLB","#29 Antonio Delcastillo - FS","#43 Marty Johnson - CB","#95 Mark Vasquez - WLB","#44 Tanner Ontiveros - CB","#99 Donald Ocasio - DT","#14 Steve Matthews - K",,,,,,,,,,,,,,,,,,,,
SCS,3:57,"SCS 25",2,1,10,"Singleback Normal Post Corner","Dime Flat Man Cover 1",2,13,0,"1-10-SCS 25 (3:58) 8-John Barrios pass complete to 82-Donald Maclennan to SCS 27 for 2 yards. Tackle by 26-DeAndre Utley. Pressure by 58-Roger Cruz.","#8 John Barrios - QB","#36 Juan Francis - RB",,,,"#82 Donald Maclennan - TE",,"#11 Jonathan Phillips - WR","#12 Omar Robinson - WR","#16 Thomas Kellogg - WR",,,"#78 Joseph Timmerman - LT","#50 Herbert Landers - LG","#72 Mohammed Maher - C","#55 Michael Becker - RG","#71 Mark Nielsen - RT",,"#93 Daniel Roberts - LDE",,"#71 Calvin Vanmatre - DT","#69 Brian Porter - DT","#58 Roger Cruz - RDE",,"#55 Jonathon Damico - MLB",,,"#29 Mark Southern - CB","#33 Jimmie McNeal - CB","#26 DeAndre Utley - CB","#27 Edward Mays - CB",,"#44 Lewis Gomez - FS","#36 Dennis Howell - SS",,,,,,,,,,,,,,,,,,,,,,,,,,,,,,,,,,,,
,3:54,,2,2,8,,,,13,0,"Timeout SCS",,,,,,,,,,,,,,,,,,,,,,,,,,,,,,,,,,,,,,,,,,,,,,,,,,,,,,,,,,,,,,,,,,,,,,
SCS,3:11,"SCS 27",2,2,8,"Strong I Normal HB Dive Strong","3-4 Normal Man Cover 1",1,13,0,"2-8-SCS 27 (3:12) 36-Juan Francis ran to SCS 28 for 1 yards. Tackle by 93-Daniel Roberts.","#8 John Barrios - QB","#36 Juan Francis - RB",,,"#35 Thomas Frazier - FB","#82 Donald Maclennan - TE",,"#11 Jonathan Phillips - WR",,"#16 Thomas Kellogg - WR",,,"#78 Joseph Timmerman - LT","#50 Herbert Landers - LG","#72 Mohammed Maher - C","#55 Michael Becker - RG","#71 Mark Nielsen - RT",,"#93 Daniel Roberts - LDE",,"#71 Calvin Vanmatre - DT",,"#58 Roger Cruz - RDE","#99 Edward Lowe - WLB","#29 Mark Southern - CB","#55 Jonathon Damico - MLB","#45 Arthur Brown - SLB","#27 Edward Mays - CB","#33 Jimmie McNeal - CB",,,,"#36 Dennis Howell - SS","#44 Lewis Gomez - FS",,,,,,,,,,,,,,,,,,,,,,,,,,,,,,,,,,,,
SCS,2:28,"SCS 28",2,3,7,"Singleback Big TE Flat Curl","Nickel Normal Double WR3",2,13,0,"3-7-SCS 28 (2:27) 8-John Barrios pass complete to 82-Donald Maclennan to SCS 30 for 2 yards. Tackle by 33-Jimmie McNeal.","#8 John Barrios - QB","#36 Juan Francis - RB",,,,"#82 Donald Maclennan - TE","#47 Philip Curry - RB","#11 Jonathan Phillips - WR",,"#16 Thomas Kellogg - WR",,,"#78 Joseph Timmerman - LT","#50 Herbert Landers - LG","#72 Mohammed Maher - C","#55 Michael Becker - RG","#71 Mark Nielsen - RT",,"#93 Daniel Roberts - LDE",,"#71 Calvin Vanmatre - DT","#69 Brian Porter - DT","#58 Roger Cruz - RDE",,"#55 Jonathon Damico - MLB",,"#99 Edward Lowe - WLB","#27 Edward Mays - CB","#29 Mark Southern - CB",,"#33 Jimmie McNeal - CB",,"#36 Dennis Howell - SS","#44 Lewis Gomez - FS",,,,,,,,,,,,,,,,,,,,,,,,,,,,,,,,,,,,
,2:00,,2,4,5,,,,13,0,"Timeout for two minute warning.",,,,,,,,,,,,,,,,,,,,,,,,,,,,,,,,,,,,,,,,,,,,,,,,,,,,,,,,,,,,,,,,,,,,,,
SCS,2:00,"SCS 30",2,4,5,Punt,"Punt Return",,13,0,"4-5-SCS 30 (2:00) 14-Timothy Rhynes punts 50 yards to PHI 19. 12-Roderick Uribe to PHI 31 for 12 yards. Tackle by 72-Mohammed Maher. SCS 43-Marty Johnson was injured on the play. He looks like he should be able to return.",,,,,,,,,,,,,,,,,,"#14 Timothy Rhynes - P",,,,,,,,,,,,,,,,,,,"#72 Mohammed Maher - C",,"#12 Roderick Uribe - WR",,,"#29 Mark Southern - CB","#97 John Moffatt - DT","#44 Lewis Gomez - FS",,"#33 Jimmie McNeal - CB","#58 Roger Cruz - RDE",,"#45 Arthur Brown - SLB",,,,"#58 Manuel Cuomo - RT","#71 Mark Nielsen - RT","#82 Donald Maclennan - TE","#68 Hollis Nash - LT","#78 Joseph Timmerman - LT","#50 Herbert Landers - LG",,"#71 Calvin Vanmatre - DT","#55 Jonathon Damico - MLB","#57 Johnathan Ripley - RDE","#99 Edward Lowe - WLB",,,,,,,
PHI,1:50,"PHI 31",2,1,10,"Shotgun Normal Double Outs","Nickel 3-3-5 Cover 2 Man Under",17,13,0,"1-10-PHI 31 (1:51) 17-Joel Jasso pass complete to 88-Mark Metzinger to PHI 49 for 17 yards. Tackle by 29-Antonio Delcastillo.","#17 Joel Jasso - QB","#9 Alfredo Montoya - WR",,,,"#13 Mitchell Allen - WR",,"#88 Mark Metzinger - WR","#12 Roderick Uribe - WR","#11 Ryan Davis - WR",,,"#53 James Skinner - LT","#52 Edward Campbell - LG","#78 Terrence George - C","#72 Robert Roy - RG","#60 James Rivera - RT",,"#73 Robert McMeans - LDE",,"#61 James Nichol - DT",,"#77 Jeffrey Tate - RDE","#96 Ervin Matson - SLB","#51 Luke Walcott - MLB",,"#95 Mark Vasquez - WLB","#44 Tanner Ontiveros - CB","#21 Richard Moore - CB",,"#97 James Chapman - FS",,"#39 Patrick West - SS","#29 Antonio Delcastillo - FS",,,,,,,,,,,,,,,,,,,,,,,,,,,,,,,,,,,,
,1:46,,2,1,10,,,,13,0,"Timeout PHI",,,,,,,,,,,,,,,,,,,,,,,,,,,,,,,,,,,,,,,,,,,,,,,,,,,,,,,,,,,,,,,,,,,,,,
PHI,1:43,"PHI 49",2,1,10,"Shotgun Normal HB Flare","Nickel Normal 3 Deep Man Under",9,13,0,"1-10-PHI 49 (1:44) 17-Joel Jasso pass complete to 9-Alfredo Montoya to SCS 43 for 9 yards. Tackle by 39-Patrick West.","#17 Joel Jasso - QB","#9 Alfredo Montoya - WR",,,,"#13 Mitchell Allen - WR",,"#88 Mark Metzinger - WR","#12 Roderick Uribe - WR","#11 Ryan Davis - WR",,,"#53 James Skinner - LT","#52 Edward Campbell - LG","#78 Terrence George - C","#72 Robert Roy - RG","#60 James Rivera - RT",,"#67 Fred McKenzie - LDE",,"#61 James Nichol - DT","#99 Donald Ocasio - DT","#77 Jeffrey Tate - RDE",,"#90 John Rowe - MLB",,"#95 Mark Vasquez - WLB","#44 Tanner Ontiveros - CB","#21 Richard Moore - CB",,"#97 James Chapman - FS",,"#39 Patrick West - SS","#29 Antonio Delcastillo - FS",,,,,,,,,,,,,,,,,,,,,,,,,,,,,,,,,,,,
,1:40,,2,2,1,,,,13,0,"Timeout PHI",,,,,,,,,,,,,,,,,,,,,,,,,,,,,,,,,,,,,,,,,,,,,,,,,,,,,,,,,,,,,,,,,,,,,,
PHI,1:37,"SCS 43",2,2,1,"Weak I Normal WR Corner TE Middle","4-3 Under Crowd Middle Deep Man",23,13,0,"2-1-SCS 43 (1:38) 17-Joel Jasso pass complete to 9-Alfredo Montoya to SCS 20 for 23 yards.","#17 Joel Jasso - QB","#9 Alfredo Montoya - WR",,,"#81 John Guillory - FB","#83 Richard Maciejewski - TE",,"#13 Mitchell Allen - WR",,"#88 Mark Metzinger - WR",,,"#53 James Skinner - LT","#52 Edward Campbell - LG","#78 Terrence George - C","#72 Robert Roy - RG","#60 James Rivera - RT",,"#67 Fred McKenzie - LDE",,"#61 James Nichol - DT","#99 Donald Ocasio - DT","#77 Jeffrey Tate - RDE","#96 Ervin Matson - SLB","#90 John Rowe - MLB",,"#95 Mark Vasquez - WLB","#44 Tanner Ontiveros - CB","#21 Richard Moore - CB",,,,"#39 Patrick West - SS","#29 Antonio Delcastillo - FS",,,,,,,,,,,,,,,,,,,,,,,,,,,,,,,,,,,,
PHI,1:31,"SCS 20",2,1,10,"Singleback Normal HB Release Mid","Nickel Normal Double WR1",,13,0,"1-10-SCS 20 (1:32) 17-Joel Jasso pass incomplete, intended for 24-Stanley Martinez. Pressure by 73-Robert McMeans. PHI 60-James Rivera was injured on the play. He looks like he should be able to return.","#17 Joel Jasso - QB","#24 Stanley Martinez - RB",,,,"#83 Richard Maciejewski - TE",,"#13 Mitchell Allen - WR","#11 Ryan Davis - WR","#12 Roderick Uribe - WR",,,"#53 James Skinner - LT","#52 Edward Campbell - LG","#78 Terrence George - C","#72 Robert Roy - RG","#60 James Rivera - RT",,"#73 Robert McMeans - LDE",,"#61 James Nichol - DT","#99 Donald Ocasio - DT","#77 Jeffrey Tate - RDE",,"#51 Luke Walcott - MLB",,"#95 Mark Vasquez - WLB","#44 Tanner Ontiveros - CB","#21 Richard Moore - CB",,"#29 Antonio Delcastillo - FS",,"#39 Patrick West - SS","#97 James Chapman - FS",,,,,,,,,,,,,,,,,,,,,,,,,,,,,,,,,,,,
PHI,1:27,"SCS 20",2,2,10,"Shotgun Normal HB Flare","Nickel Strong FS WLB Blitz",,13,0,"2-10-SCS 20 (1:28) 17-Joel Jasso pass incomplete, dropped by 13-Mitchell Allen.","#17 Joel Jasso - QB","#24 Stanley Martinez - RB",,,,"#13 Mitchell Allen - WR",,"#88 Mark Metzinger - WR","#12 Roderick Uribe - WR","#11 Ryan Davis - WR",,,"#53 James Skinner - LT","#52 Edward Campbell - LG","#78 Terrence George - C","#72 Robert Roy - RG","#79 Curt Beauvais - RT",,"#67 Fred McKenzie - LDE",,"#61 James Nichol - DT","#99 Donald Ocasio - DT","#77 Jeffrey Tate - RDE",,"#90 John Rowe - MLB",,"#95 Mark Vasquez - WLB","#44 Tanner Ontiveros - CB","#39 Patrick West - SS",,"#29 Antonio Delcastillo - FS",,"#21 Richard Moore - CB","#97 James Chapman - FS",,,,,,,,,,,,,,,,,,,,,,,,,,,,,,,,,,,,
PHI,1:21,"SCS 20",2,3,10,"I Formation Power Play Action HB Downfield","Goal Line 3 Deep Man",,13,0,"3-10-SCS 20 (1:22) 17-Joel Jasso pass incomplete, intended for 12-Roderick Uribe.","#17 Joel Jasso - QB","#9 Alfredo Montoya - WR",,"#43 Arnold Mullen - RB","#81 John Guillory - FB","#12 Roderick Uribe - WR",,"#11 Ryan Davis - WR",,,,,"#53 James Skinner - LT","#52 Edward Campbell - LG","#78 Terrence George - C","#72 Robert Roy - RG","#79 Curt Beauvais - RT",,"#67 Fred McKenzie - LDE","#73 Robert McMeans - LDE","#61 James Nichol - DT","#99 Donald Ocasio - DT","#77 Jeffrey Tate - RDE","#96 Ervin Matson - SLB","#51 Luke Walcott - MLB",,"#95 Mark Vasquez - WLB","#44 Tanner Ontiveros - CB","#21 Richard Moore - CB",,,,"#97 James Chapman - FS",,,,,,,,,,,,,,,,,,,,,,,,,,,,,,,,,,,,,
PHI,1:18,"SCS 20",2,4,10,"Field Goal","FG Block",30,13,0,"4-10-SCS 20 (1:19) 14-Steve Matthews 38 yard field goal is NO GOOD. (Wide Left)",,,,,,,,,,,,,,,,,,,,,,,,,,,,,,,,,,,,"#15 Bryant Smith - QB","#52 Edward Campbell - LG",,,,,,,,,,,,,,"#14 Steve Matthews - K","#59 John Visser - MLB","#79 Curt Beauvais - RT","#72 Robert Roy - RG","#9 Alfredo Montoya - WR","#78 Terrence George - C","#68 Luis McKinney - LG","#64 Chester Cribb - RG","#53 James Skinner - LT","#77 Jeffrey Tate - RDE","#90 John Rowe - MLB","#96 Ervin Matson - SLB","#67 Fred McKenzie - LDE","#99 Donald Ocasio - DT","#59 Bruce Koenig - MLB","#95 Mark Vasquez - WLB","#51 Luke Walcott - MLB","#94 Adam Green - SLB","#73 Robert McMeans - LDE","#61 James Nichol - DT"
SCS,1:15,"SCS 27",2,1,10,"Goal Line Normal HB Off Tackle","4-3 Under Double LB Blitz",,13,0,"1-10-SCS 27 (1:16) 36-Juan Francis ran to SCS 27 for a short gain. Tackle by 93-Daniel Roberts.","#8 John Barrios - QB","#36 Juan Francis - RB",,"#49 Franklin Benevides - RB","#35 Thomas Frazier - FB","#82 Donald Maclennan - TE","#47 Philip Curry - RB",,,,,,"#78 Joseph Timmerman - LT","#50 Herbert Landers - LG","#72 Mohammed Maher - C","#55 Michael Becker - RG","#71 Mark Nielsen - RT",,"#93 Daniel Roberts - LDE",,"#71 Calvin Vanmatre - DT","#69 Brian Porter - DT","#58 Roger Cruz - RDE","#45 Arthur Brown - SLB","#55 Jonathon Damico - MLB",,"#99 Edward Lowe - WLB","#29 Mark Southern - CB","#33 Jimmie McNeal - CB",,,,"#36 Dennis Howell - SS","#44 Lewis Gomez - FS",,,,,,,,,,,,,,,,,,,,,,,,,,,,,,,,,,,,
SCS,0:42,"SCS 27",2,2,10,"I Formation Normal HB Dive","Dime Flat Man Cover 1",6,13,0,"2-10-SCS 27 (0:41) 36-Juan Francis ran to SCS 33 for 6 yards. Tackle by 26-DeAndre Utley.","#8 John Barrios - QB","#36 Juan Francis - RB",,,"#35 Thomas Frazier - FB","#82 Donald Maclennan - TE",,"#11 Jonathan Phillips - WR",,"#16 Thomas Kellogg - WR",,,"#78 Joseph Timmerman - LT","#50 Herbert Landers - LG","#72 Mohammed Maher - C","#55 Michael Becker - RG","#71 Mark Nielsen - RT",,"#93 Daniel Roberts - LDE",,"#71 Calvin Vanmatre - DT","#69 Brian Porter - DT","#58 Roger Cruz - RDE",,"#55 Jonathon Damico - MLB",,,"#29 Mark Southern - CB","#33 Jimmie McNeal - CB","#26 DeAndre Utley - CB","#27 Edward Mays - CB",,"#44 Lewis Gomez - FS","#36 Dennis Howell - SS",,,,,,,,,,,,,,,,,,,,,,,,,,,,,,,,,,,,
SCS,0:04,"SCS 33",2,3,4,"Singleback Normal HB Dive Weak","Dime Normal Double WR2",13,13,0,"3-4-SCS 33 (0:03) 49-Franklin Benevides ran to SCS 46 for 13 yards. Tackle by 36-Dennis Howell.","#8 John Barrios - QB","#49 Franklin Benevides - RB",,,,"#82 Donald Maclennan - TE",,"#11 Jonathan Phillips - WR","#12 Omar Robinson - WR","#16 Thomas Kellogg - WR",,,"#78 Joseph Timmerman - LT","#50 Herbert Landers - LG","#72 Mohammed Maher - C","#55 Michael Becker - RG","#71 Mark Nielsen - RT",,"#93 Daniel Roberts - LDE",,"#71 Calvin Vanmatre - DT","#69 Brian Porter - DT","#58 Roger Cruz - RDE",,"#55 Jonathon Damico - MLB",,,"#29 Mark Southern - CB","#33 Jimmie McNeal - CB","#26 DeAndre Utley - CB","#27 Edward Mays - CB",,"#36 Dennis Howell - SS","#44 Lewis Gomez - FS",,,,,,,,,,,,,,,,,,,,,,,,,,,,,,,,,,,,
,0:00,,2,1,10,,,,13,0,"End of half.",,,,,,,,,,,,,,,,,,,,,,,,,,,,,,,,,,,,,,,,,,,,,,,,,,,,,,,,,,,,,,,,,,,,,,
PHI,15:00,"PHI 35",3,6,10,Kickoff,"Kick Return",,13,0,"(15:00) 14-Steve Matthews kicks 74 yards from PHI 35 to SCS -9. Touchback.",,,,,,,,,,,,,,,,,,,,,,,,,,,,,,,,,,,,,,"#12 Omar Robinson - WR",,"#77 Jeffrey Tate - RDE","#29 Leon Wyatt - WLB","#67 Fred McKenzie - LDE","#96 Ervin Matson - SLB","#90 John Rowe - MLB","#29 Antonio Delcastillo - FS","#43 Marty Johnson - CB","#95 Mark Vasquez - WLB","#44 Tanner Ontiveros - CB","#99 Donald Ocasio - DT","#14 Steve Matthews - K",,,,,,,,,,,,,,,,,,,,
SCS,15:00,"SCS 25",3,1,10,"Split Backs 3 Wide WR Quick Out","Dime Flat Man Cover 1",4,13,0,"1-10-SCS 25 (15:00) 8-John Barrios pass complete to 35-Thomas Frazier to SCS 29 for 4 yards. Tackle by 44-Lewis Gomez.","#8 John Barrios - QB","#36 Juan Francis - RB",,,"#35 Thomas Frazier - FB",,,"#11 Jonathan Phillips - WR","#12 Omar Robinson - WR","#16 Thomas Kellogg - WR",,,"#78 Joseph Timmerman - LT","#50 Herbert Landers - LG","#72 Mohammed Maher - C","#55 Michael Becker - RG","#71 Mark Nielsen - RT",,"#93 Daniel Roberts - LDE",,"#71 Calvin Vanmatre - DT","#69 Brian Porter - DT","#58 Roger Cruz - RDE",,"#55 Jonathon Damico - MLB",,,"#29 Mark Southern - CB","#33 Jimmie McNeal - CB","#26 DeAndre Utley - CB","#27 Edward Mays - CB",,"#44 Lewis Gomez - FS","#36 Dennis Howell - SS",,,,,,,,,,,,,,,,,,,,,,,,,,,,,,,,,,,,
SCS,14:25,"SCS 29",3,2,6,"Singleback Normal Slot WR Cross","Dime Flat Man Cover 1",,13,0,"2-6-SCS 29 (14:24) 8-John Barrios pass incomplete, dropped by 36-Juan Francis. Excellent coverage on that play.","#8 John Barrios - QB","#36 Juan Francis - RB",,,,"#82 Donald Maclennan - TE",,"#11 Jonathan Phillips - WR","#12 Omar Robinson - WR","#16 Thomas Kellogg - WR",,,"#78 Joseph Timmerman - LT","#50 Herbert Landers - LG","#72 Mohammed Maher - C","#55 Michael Becker - RG","#71 Mark Nielsen - RT",,"#93 Daniel Roberts - LDE",,"#71 Calvin Vanmatre - DT","#69 Brian Porter - DT","#58 Roger Cruz - RDE",,"#55 Jonathon Damico - MLB",,,"#29 Mark Southern - CB","#33 Jimmie McNeal - CB","#26 DeAndre Utley - CB","#27 Edward Mays - CB",,"#44 Lewis Gomez - FS","#36 Dennis Howell - SS",,,,,,,,,,,,,,,,,,,,,,,,,,,,,,,,,,,,
SCS,14:19,"SCS 29",3,3,6,"Strong I Normal HB Off Tackle Strong","Dime Flat Man Cover 1",7,13,0,"3-6-SCS 29 (14:20) 49-Franklin Benevides ran to SCS 35 for 7 yards. Tackle by 26-DeAndre Utley.","#8 John Barrios - QB","#49 Franklin Benevides - RB",,,"#35 Thomas Frazier - FB","#82 Donald Maclennan - TE",,"#11 Jonathan Phillips - WR",,"#16 Thomas Kellogg - WR",,,"#78 Joseph Timmerman - LT","#50 Herbert Landers - LG","#72 Mohammed Maher - C","#55 Michael Becker - RG","#71 Mark Nielsen - RT",,"#93 Daniel Roberts - LDE",,"#71 Calvin Vanmatre - DT","#69 Brian Porter - DT","#58 Roger Cruz - RDE",,"#55 Jonathon Damico - MLB",,,"#29 Mark Southern - CB","#33 Jimmie McNeal - CB","#26 DeAndre Utley - CB","#27 Edward Mays - CB",,"#44 Lewis Gomez - FS","#36 Dennis Howell - SS",,,,,,,,,,,,,,,,,,,,,,,,,,,,,,,,,,,,
SCS,13:48,"SCS 35",3,1,10,"I Formation Normal HB Draw","Dime Normal Double WR1 WR2",21,13,0,"1-10-SCS 35 (13:47) 36-Juan Francis ran to PHI 44 for 21 yards. Tackle by 29-Mark Southern.","#8 John Barrios - QB","#36 Juan Francis - RB",,,"#35 Thomas Frazier - FB","#82 Donald Maclennan - TE",,"#11 Jonathan Phillips - WR",,"#16 Thomas Kellogg - WR",,,"#78 Joseph Timmerman - LT","#50 Herbert Landers - LG","#72 Mohammed Maher - C","#55 Michael Becker - RG","#71 Mark Nielsen - RT",,"#93 Daniel Roberts - LDE",,"#71 Calvin Vanmatre - DT","#69 Brian Porter - DT","#58 Roger Cruz - RDE",,"#55 Jonathon Damico - MLB",,,"#29 Mark Southern - CB","#33 Jimmie McNeal - CB","#26 DeAndre Utley - CB","#27 Edward Mays - CB",,"#36 Dennis Howell - SS","#44 Lewis Gomez - FS",,,,,,,,,,,,,,,,,,,,,,,,,,,,,,,,,,,,
SCS,13:12,"PHI 44",3,1,10,"Singleback Big HB Curls TE Deep","3-4 Normal Man Cover 1",3,13,0,"1-10-PHI 44 (13:11) 8-John Barrios pass complete to 49-Franklin Benevides to PHI 41 for 3 yards. Tackle by 27-Edward Mays.","#8 John Barrios - QB","#49 Franklin Benevides - RB",,,,"#82 Donald Maclennan - TE","#47 Philip Curry - RB","#12 Omar Robinson - WR",,"#81 Thomas Free - WR",,,"#78 Joseph Timmerman - LT","#50 Herbert Landers - LG","#72 Mohammed Maher - C","#55 Michael Becker - RG","#71 Mark Nielsen - RT",,"#93 Daniel Roberts - LDE",,"#71 Calvin Vanmatre - DT",,"#58 Roger Cruz - RDE","#99 Edward Lowe - WLB","#55 Jonathon Damico - MLB","#59 John Visser - MLB","#45 Arthur Brown - SLB","#27 Edward Mays - CB","#26 DeAndre Utley - CB",,,,"#36 Dennis Howell - SS","#44 Lewis Gomez - FS",,,,,,,,,,,,,,,,,,,,,,,,,,,,,,,,,,,,
SCS,12:25,"PHI 41",3,2,7,"Singleback Big WR Deep","3-4 Normal Man Cover 1",8,13,0,"2-7-PHI 41 (12:24) 8-John Barrios pass complete to 82-Donald Maclennan to PHI 33 for 8 yards. Tackle by 40-Robbie Torres. 82-Donald Maclennan did some fancy footwork there. PHI 58-Roger Cruz was injured on the play. He looks like he should be able to return.","#8 John Barrios - QB","#49 Franklin Benevides - RB",,,,"#82 Donald Maclennan - TE","#47 Philip Curry - RB","#16 Thomas Kellogg - WR",,"#12 Omar Robinson - WR",,,"#78 Joseph Timmerman - LT","#50 Herbert Landers - LG","#72 Mohammed Maher - C","#55 Michael Becker - RG","#71 Mark Nielsen - RT",,"#93 Daniel Roberts - LDE",,"#71 Calvin Vanmatre - DT",,"#58 Roger Cruz - RDE","#99 Edward Lowe - WLB","#29 Mark Southern - CB","#55 Jonathon Damico - MLB","#45 Arthur Brown - SLB","#27 Edward Mays - CB","#33 Jimmie McNeal - CB",,,,"#36 Dennis Howell - SS","#40 Robbie Torres - FS",,,,,,,,,,,,,,,,,,,,,,,,,,,,,,,,,,,,
SCS,11:49,"PHI 33",3,1,10,"Singleback Big Ins and Outs","Nickel Normal Double WR3",,13,0,"1-10-PHI 33 (11:48) 8-John Barrios pass incomplete, intended for 82-Donald Maclennan. 40-Robbie Torres got away with a hold on that play.","#8 John Barrios - QB","#49 Franklin Benevides - RB",,,,"#82 Donald Maclennan - TE","#47 Philip Curry - RB","#11 Jonathan Phillips - WR",,"#12 Omar Robinson - WR",,,"#78 Joseph Timmerman - LT","#50 Herbert Landers - LG","#72 Mohammed Maher - C","#55 Michael Becker - RG","#71 Mark Nielsen - RT",,"#93 Daniel Roberts - LDE",,"#71 Calvin Vanmatre - DT","#69 Brian Porter - DT","#57 Johnathan Ripley - RDE",,"#55 Jonathon Damico - MLB",,"#99 Edward Lowe - WLB","#27 Edward Mays - CB","#26 DeAndre Utley - CB",,"#40 Robbie Torres - FS",,"#21 Randall Murray - CB","#44 Lewis Gomez - FS",,,,,,,,,,,,,,,,,,,,,,,,,,,,,,,,,,,,
SCS,11:45,"PHI 33",3,2,10,"I Formation 3WR WR Post","4-3 Normal Man Under 1",,13,0,"2-10-PHI 33 (11:46) 8-John Barrios pass Pass knocked down by 33-Jimmie McNeal. incomplete, intended for 12-Omar Robinson.","#8 John Barrios - QB","#36 Juan Francis - RB",,,"#35 Thomas Frazier - FB",,,"#11 Jonathan Phillips - WR","#12 Omar Robinson - WR","#16 Thomas Kellogg - WR",,,"#78 Joseph Timmerman - LT","#50 Herbert Landers - LG","#72 Mohammed Maher - C","#55 Michael Becker - RG","#71 Mark Nielsen - RT",,"#93 Daniel Roberts - LDE",,"#71 Calvin Vanmatre - DT","#69 Brian Porter - DT","#58 Roger Cruz - RDE","#45 Arthur Brown - SLB","#99 Edward Lowe - WLB",,"#55 Jonathon Damico - MLB","#29 Mark Southern - CB","#33 Jimmie McNeal - CB",,,,"#36 Dennis Howell - SS","#44 Lewis Gomez - FS",,,,,,,,,,,,,,,,,,,,,,,,,,,,,,,,,,,,
SCS,11:41,"PHI 33",3,3,10,"Singleback Normal Slot WR Cross","Dime Normal Double WR2",,13,0,"3-10-PHI 33 (11:42) 8-John Barrios pass incomplete, dropped by 11-Jonathan Phillips.","#8 John Barrios - QB","#49 Franklin Benevides - RB",,,,"#82 Donald Maclennan - TE",,"#11 Jonathan Phillips - WR","#87 Willard Wood - WR","#81 Thomas Free - WR",,,"#78 Joseph Timmerman - LT","#50 Herbert Landers - LG","#72 Mohammed Maher - C","#55 Michael Becker - RG","#71 Mark Nielsen - RT",,"#93 Daniel Roberts - LDE",,"#71 Calvin Vanmatre - DT","#69 Brian Porter - DT","#58 Roger Cruz - RDE",,"#55 Jonathon Damico - MLB",,,"#27 Edward Mays - CB","#26 DeAndre Utley - CB","#29 Mark Southern - CB","#40 Robbie Torres - FS",,"#21 Randall Murray - CB","#44 Lewis Gomez - FS",,,,,,,,,,,,,,,,,,,,,,,,,,,,,,,,,,,,
SCS,11:36,"PHI 33",3,4,10,"Field Goal","FG Block",43,13,0,"4-10-PHI 33 (11:37) 5-Raymond Evenson 51 yard field goal is NO GOOD. (Wide Left)",,,,,,,,,,,,,,,,,,,,,,,,,,,,,,,,,,,,"#8 John Barrios - QB","#72 Mohammed Maher - C",,,,,,,,,,,,,,"#5 Raymond Evenson - K","#35 Thomas Frazier - FB","#58 Manuel Cuomo - RT","#71 Mark Nielsen - RT","#82 Donald Maclennan - TE","#68 Hollis Nash - LT","#78 Joseph Timmerman - LT","#50 Herbert Landers - LG","#56 Clifton Winston - LG","#58 Roger Cruz - RDE","#57 Johnathan Ripley - RDE","#99 Edward Lowe - WLB","#71 Calvin Vanmatre - DT","#33 Jimmie McNeal - CB","#55 Jonathon Damico - MLB","#54 James Miller - SLB","#93 Daniel Roberts - LDE","#45 Arthur Brown - SLB","#97 John Moffatt - DT","#95 Norman Miles - LDE"
PHI,11:33,"PHI 40",3,1,10,"Weak I Normal WR Corner TE Middle","4-3 Under Inside LB Blitz",22,13,0,"1-10-PHI 40 (11:34) 17-Joel Jasso pass complete to 9-Alfredo Montoya to SCS 39 for 22 yards.","#17 Joel Jasso - QB","#9 Alfredo Montoya - WR",,,"#81 John Guillory - FB","#83 Richard Maciejewski - TE",,"#13 Mitchell Allen - WR",,"#88 Mark Metzinger - WR",,,"#53 James Skinner - LT","#52 Edward Campbell - LG","#78 Terrence George - C","#72 Robert Roy - RG","#60 James Rivera - RT",,"#67 Fred McKenzie - LDE",,"#61 James Nichol - DT","#99 Donald Ocasio - DT","#77 Jeffrey Tate - RDE","#96 Ervin Matson - SLB","#90 John Rowe - MLB",,"#95 Mark Vasquez - WLB","#43 Marty Johnson - CB","#44 Tanner Ontiveros - CB",,,,"#39 Patrick West - SS","#29 Antonio Delcastillo - FS",,,,,,,,,,,,,,,,,,,,,,,,,,,,,,,,,,,,
PHI,10:48,"SCS 39",3,1,10,"I Formation 3WR WR Out","Nickel Normal Man Cover 2",,13,0,"1-10-SCS 39 (10:47) 17-Joel Jasso pass INTERCEPTED by 21-Richard Moore at SCS 30. 21-Richard Moore to PHI 44 for 25 yards. PENALTY - Pass Interference (SCS 21-Richard Moore)","#17 Joel Jasso - QB","#24 Stanley Martinez - RB",,,"#66 Brandon Marsh - RG",,,"#88 Mark Metzinger - WR","#12 Roderick Uribe - WR","#11 Ryan Davis - WR",,,"#53 James Skinner - LT","#52 Edward Campbell - LG","#78 Terrence George - C","#72 Robert Roy - RG","#60 James Rivera - RT",,"#67 Fred McKenzie - LDE",,"#99 Donald Ocasio - DT","#60 Michael Harrison - DT","#92 David Easterday - RDE",,"#90 John Rowe - MLB",,"#29 Leon Wyatt - WLB","#43 Marty Johnson - CB","#21 Richard Moore - CB",,"#29 Antonio Delcastillo - FS",,"#97 James Chapman - FS","#44 Tanner Ontiveros - CB",,,,,,,,,,,,,,,,,,,,,,,,,,,,,,,,,,,,
PHI,10:39,"SCS 32",3,1,10,"Weak I Big HB Dive Strong","Goal Line 3 Deep Man",9,13,0,"1-10-SCS 32 (10:40) 43-Arnold Mullen ran to SCS 23 for 9 yards. Tackle by 51-Luke Walcott.","#17 Joel Jasso - QB","#43 Arnold Mullen - RB",,,"#81 John Guillory - FB","#83 Richard Maciejewski - TE","#87 Charles Thompson - TE","#11 Ryan Davis - WR",,,,,"#64 Chester Cribb - RG","#52 Edward Campbell - LG","#78 Terrence George - C","#72 Robert Roy - RG","#60 James Rivera - RT",,"#67 Fred McKenzie - LDE","#73 Robert McMeans - LDE","#61 James Nichol - DT","#99 Donald Ocasio - DT","#77 Jeffrey Tate - RDE","#96 Ervin Matson - SLB","#51 Luke Walcott - MLB",,"#95 Mark Vasquez - WLB","#44 Tanner Ontiveros - CB","#97 James Chapman - FS",,,,"#39 Patrick West - SS",,,,,,,,,,,,,,,,,,,,,,,,,,,,,,,,,,,,,
PHI,9:59,"SCS 23",3,2,1,"Goal Line Normal HB Pitch Weak","Goal Line Attack #3",-3,13,0,"2-1-SCS 23 (9:58) 9-Alfredo Montoya ran to SCS 27 for -3 yards. Tackle by 44-Tanner Ontiveros.","#17 Joel Jasso - QB","#9 Alfredo Montoya - WR",,"#43 Arnold Mullen - RB","#81 John Guillory - FB","#83 Richard Maciejewski - TE","#87 Charles Thompson - TE",,,,,,"#53 James Skinner - LT","#52 Edward Campbell - LG","#78 Terrence George - C","#72 Robert Roy - RG","#60 James Rivera - RT",,"#67 Fred McKenzie - LDE","#73 Robert McMeans - LDE","#61 James Nichol - DT","#99 Donald Ocasio - DT","#77 Jeffrey Tate - RDE","#96 Ervin Matson - SLB","#90 John Rowe - MLB",,"#95 Mark Vasquez - WLB","#43 Marty Johnson - CB","#44 Tanner Ontiveros - CB",,,,"#39 Patrick West - SS",,,,,,,,,,,,,,,,,,,,,,,,,,,,,,,,,,,,,
PHI,9:22,"SCS 27",3,3,5,"I Formation 3WR HB Inside Weak","Nickel Normal Shallow Zone Deep",6,13,0,"3-5-SCS 27 (9:21) 9-Alfredo Montoya ran to SCS 21 for 6 yards. Tackle by 29-Antonio Delcastillo.","#17 Joel Jasso - QB","#9 Alfredo Montoya - WR",,,"#66 Brandon Marsh - RG",,,"#88 Mark Metzinger - WR","#12 Roderick Uribe - WR","#11 Ryan Davis - WR",,,"#53 James Skinner - LT","#52 Edward Campbell - LG","#78 Terrence George - C","#72 Robert Roy - RG","#60 James Rivera - RT",,"#67 Fred McKenzie - LDE",,"#61 James Nichol - DT","#99 Donald Ocasio - DT","#77 Jeffrey Tate - RDE",,"#90 John Rowe - MLB",,"#95 Mark Vasquez - WLB","#39 Patrick West - SS","#43 Marty Johnson - CB",,"#44 Tanner Ontiveros - CB",,"#97 James Chapman - FS","#29 Antonio Delcastillo - FS",,,,,,,,,,,,,,,,,,,,,,,,,,,,,,,,,,,,
PHI,8:38,"SCS 21",3,1,10,"I Formation Normal Max Protect","4-3 Under Crash Left",1,13,0,"1-10-SCS 21 (8:37) 17-Joel Jasso pass complete to 9-Alfredo Montoya to SCS 20 for 1 yards. Tackle by 95-Mark Vasquez.","#17 Joel Jasso - QB","#9 Alfredo Montoya - WR",,,"#81 John Guillory - FB","#11 Ryan Davis - WR",,"#88 Mark Metzinger - WR",,"#12 Roderick Uribe - WR",,,"#53 James Skinner - LT","#52 Edward Campbell - LG","#78 Terrence George - C","#72 Robert Roy - RG","#60 James Rivera - RT",,"#67 Fred McKenzie - LDE",,"#61 James Nichol - DT","#99 Donald Ocasio - DT","#77 Jeffrey Tate - RDE","#96 Ervin Matson - SLB","#90 John Rowe - MLB",,"#95 Mark Vasquez - WLB","#43 Marty Johnson - CB","#44 Tanner Ontiveros - CB",,,,"#39 Patrick West - SS","#97 James Chapman - FS",,,,,,,,,,,,,,,,,,,,,,,,,,,,,,,,,,,,
PHI,8:03,"SCS 20",3,2,9,"I Formation Normal FL Hitch","4-3 Under Crash Right",,13,0,"2-9-SCS 20 (8:02) 17-Joel Jasso pass Pass knocked down by 29-Antonio Delcastillo. incomplete, intended for 11-Ryan Davis. 29-Antonio Delcastillo got away with a hold on that play.","#17 Joel Jasso - QB","#24 Stanley Martinez - RB",,,"#81 John Guillory - FB","#11 Ryan Davis - WR",,"#88 Mark Metzinger - WR",,"#12 Roderick Uribe - WR",,,"#53 James Skinner - LT","#52 Edward Campbell - LG","#78 Terrence George - C","#72 Robert Roy - RG","#60 James Rivera - RT",,"#67 Fred McKenzie - LDE",,"#61 James Nichol - DT","#99 Donald Ocasio - DT","#77 Jeffrey Tate - RDE","#96 Ervin Matson - SLB","#90 John Rowe - MLB",,"#95 Mark Vasquez - WLB","#43 Marty Johnson - CB","#21 Richard Moore - CB",,,,"#39 Patrick West - SS","#29 Antonio Delcastillo - FS",,,,,,,,,,,,,,,,,,,,,,,,,,,,,,,,,,,,
PHI,7:59,"SCS 20",3,3,9,"I Formation Power Play Action HB Downfield","Goal Line 3 Deep Man",,13,0,"3-9-SCS 20 (8:00) 17-Joel Jasso pass INTERCEPTED by 95-Mark Vasquez at SCS 11. 95-Mark Vasquez to SCS 11 for 0 yards. Tackle by 11-Ryan Davis.","#17 Joel Jasso - QB","#24 Stanley Martinez - RB",,"#9 Alfredo Montoya - WR","#81 John Guillory - FB","#12 Roderick Uribe - WR",,"#11 Ryan Davis - WR",,,,,"#53 James Skinner - LT","#52 Edward Campbell - LG","#78 Terrence George - C","#72 Robert Roy - RG","#60 James Rivera - RT",,"#67 Fred McKenzie - LDE","#73 Robert McMeans - LDE","#61 James Nichol - DT","#99 Donald Ocasio - DT","#77 Jeffrey Tate - RDE","#96 Ervin Matson - SLB","#90 John Rowe - MLB",,"#95 Mark Vasquez - WLB","#43 Marty Johnson - CB","#44 Tanner Ontiveros - CB",,,,"#39 Patrick West - SS",,,,,,,,,,,,,,,,,,,,,,,,,,,,,,,,,,,,,
SCS,7:55,"SCS 11",3,1,10,"Singleback Normal TE Quick Out","Dime Normal Double WR2",7,13,0,"1-10-SCS 11 (7:56) 8-John Barrios pass complete to 82-Donald Maclennan to SCS 18 for 7 yards. Tackle by 26-DeAndre Utley. Nice job by 82-Donald Maclennan on that route to lose his coverage.","#8 John Barrios - QB","#36 Juan Francis - RB",,,,"#82 Donald Maclennan - TE",,"#11 Jonathan Phillips - WR","#12 Omar Robinson - WR","#16 Thomas Kellogg - WR",,,"#78 Joseph Timmerman - LT","#50 Herbert Landers - LG","#72 Mohammed Maher - C","#55 Michael Becker - RG","#71 Mark Nielsen - RT",,"#93 Daniel Roberts - LDE",,"#71 Calvin Vanmatre - DT","#69 Brian Porter - DT","#58 Roger Cruz - RDE",,"#55 Jonathon Damico - MLB",,,"#29 Mark Southern - CB","#33 Jimmie McNeal - CB","#26 DeAndre Utley - CB","#27 Edward Mays - CB",,"#36 Dennis Howell - SS","#44 Lewis Gomez - FS",,,,,,,,,,,,,,,,,,,,,,,,,,,,,,,,,,,,
SCS,7:15,"SCS 18",3,2,3,"Goal Line Normal HB Dive","4-3 Under Double Safety Blitz",1,13,0,"2-3-SCS 18 (7:14) 49-Franklin Benevides ran to SCS 19 for 1 yards. Tackle by 71-Calvin Vanmatre.","#8 John Barrios - QB","#49 Franklin Benevides - RB",,"#36 Juan Francis - RB","#35 Thomas Frazier - FB","#82 Donald Maclennan - TE","#47 Philip Curry - RB",,,,,,"#78 Joseph Timmerman - LT","#50 Herbert Landers - LG","#72 Mohammed Maher - C","#55 Michael Becker - RG","#71 Mark Nielsen - RT",,"#93 Daniel Roberts - LDE",,"#71 Calvin Vanmatre - DT","#69 Brian Porter - DT","#58 Roger Cruz - RDE","#45 Arthur Brown - SLB","#55 Jonathon Damico - MLB",,"#99 Edward Lowe - WLB","#29 Mark Southern - CB","#33 Jimmie McNeal - CB",,,,"#36 Dennis Howell - SS","#44 Lewis Gomez - FS",,,,,,,,,,,,,,,,,,,,,,,,,,,,,,,,,,,,
SCS,6:30,"SCS 19",3,3,2,"Strong I Normal HB Dive Strong","Dime Flat Man Cover 1",3,13,0,"3-2-SCS 19 (6:29) 36-Juan Francis ran to SCS 22 for 3 yards. Tackle by 44-Lewis Gomez.","#8 John Barrios - QB","#36 Juan Francis - RB",,,"#35 Thomas Frazier - FB","#82 Donald Maclennan - TE",,"#11 Jonathan Phillips - WR",,"#16 Thomas Kellogg - WR",,,"#78 Joseph Timmerman - LT","#50 Herbert Landers - LG","#72 Mohammed Maher - C","#55 Michael Becker - RG","#71 Mark Nielsen - RT",,"#93 Daniel Roberts - LDE",,"#71 Calvin Vanmatre - DT","#69 Brian Porter - DT","#58 Roger Cruz - RDE",,"#55 Jonathon Damico - MLB",,,"#29 Mark Southern - CB","#33 Jimmie McNeal - CB","#26 DeAndre Utley - CB","#27 Edward Mays - CB",,"#44 Lewis Gomez - FS","#36 Dennis Howell - SS",,,,,,,,,,,,,,,,,,,,,,,,,,,,,,,,,,,,
SCS,5:57,"SCS 22",3,1,10,"Singleback Big WR Deep","3-4 Normal Man Cover 1",,13,0,"1-10-SCS 22 (5:56) 8-John Barrios pass Pass knocked down by 44-Lewis Gomez. incomplete, intended for 82-Donald Maclennan.","#8 John Barrios - QB","#49 Franklin Benevides - RB",,,,"#82 Donald Maclennan - TE","#47 Philip Curry - RB","#11 Jonathan Phillips - WR",,"#16 Thomas Kellogg - WR",,,"#78 Joseph Timmerman - LT","#50 Herbert Landers - LG","#72 Mohammed Maher - C","#55 Michael Becker - RG","#71 Mark Nielsen - RT",,"#93 Daniel Roberts - LDE",,"#71 Calvin Vanmatre - DT",,"#58 Roger Cruz - RDE","#99 Edward Lowe - WLB","#29 Mark Southern - CB","#55 Jonathon Damico - MLB","#45 Arthur Brown - SLB","#27 Edward Mays - CB","#33 Jimmie McNeal - CB",,,,"#36 Dennis Howell - SS","#44 Lewis Gomez - FS",,,,,,,,,,,,,,,,,,,,,,,,,,,,,,,,,,,,
SCS,5:51,"SCS 22",3,2,10,"Strong I Normal HB Off Tackle Strong","Dime Flat Man Cover 1",1,13,0,"2-10-SCS 22 (5:52) 36-Juan Francis ran to SCS 22 for 1 yards. Tackle by 93-Daniel Roberts.","#8 John Barrios - QB","#36 Juan Francis - RB",,,"#35 Thomas Frazier - FB","#82 Donald Maclennan - TE",,"#11 Jonathan Phillips - WR",,"#16 Thomas Kellogg - WR",,,"#78 Joseph Timmerman - LT","#50 Herbert Landers - LG","#72 Mohammed Maher - C","#55 Michael Becker - RG","#71 Mark Nielsen - RT",,"#93 Daniel Roberts - LDE",,"#71 Calvin Vanmatre - DT","#69 Brian Porter - DT","#58 Roger Cruz - RDE",,"#55 Jonathon Damico - MLB",,,"#29 Mark Southern - CB","#33 Jimmie McNeal - CB","#26 DeAndre Utley - CB","#27 Edward Mays - CB",,"#44 Lewis Gomez - FS","#36 Dennis Howell - SS",,,,,,,,,,,,,,,,,,,,,,,,,,,,,,,,,,,,
SCS,5:11,"SCS 22",3,3,9,"Strong I Big HB Toss Strong","46 Normal Inside Blitz",-1,13,0,"3-9-SCS 22 (5:10) 49-Franklin Benevides ran to SCS 21 for -1 yards. Tackle by 45-Arthur Brown.","#8 John Barrios - QB","#49 Franklin Benevides - RB",,,"#35 Thomas Frazier - FB","#82 Donald Maclennan - TE","#47 Philip Curry - RB","#11 Jonathan Phillips - WR",,,,,"#78 Joseph Timmerman - LT","#50 Herbert Landers - LG","#72 Mohammed Maher - C","#55 Michael Becker - RG","#71 Mark Nielsen - RT",,"#93 Daniel Roberts - LDE",,"#71 Calvin Vanmatre - DT","#69 Brian Porter - DT","#58 Roger Cruz - RDE","#45 Arthur Brown - SLB","#55 Jonathon Damico - MLB",,"#99 Edward Lowe - WLB","#29 Mark Southern - CB","#33 Jimmie McNeal - CB",,,,"#36 Dennis Howell - SS","#44 Lewis Gomez - FS",,,,,,,,,,,,,,,,,,,,,,,,,,,,,,,,,,,,
SCS,4:37,"SCS 21",3,4,11,Punt,"Punt Return",,13,0,"4-11-SCS 21 (4:36) 14-Timothy Rhynes punts 47 yards to PHI 32. Fair Catch by 12-Roderick Uribe.",,,,,,,,,,,,,,,,,,"#14 Timothy Rhynes - P",,,,,,,,,,,,,,,,,,,"#72 Mohammed Maher - C",,"#12 Roderick Uribe - WR",,,"#29 Mark Southern - CB","#97 John Moffatt - DT","#44 Lewis Gomez - FS",,"#33 Jimmie McNeal - CB","#58 Roger Cruz - RDE",,"#45 Arthur Brown - SLB",,,,"#58 Manuel Cuomo - RT","#71 Mark Nielsen - RT","#82 Donald Maclennan - TE","#68 Hollis Nash - LT","#78 Joseph Timmerman - LT","#50 Herbert Landers - LG",,"#71 Calvin Vanmatre - DT","#55 Jonathon Damico - MLB","#57 Johnathan Ripley - RDE","#99 Edward Lowe - WLB",,,,,,,
PHI,4:29,"PHI 32",3,1,10,"I Formation Power Play Action HB Downfield","Goal Line 3 Deep Man",,13,0,"1-10-PHI 32 (4:30) 17-Joel Jasso pass INTERCEPTED by 21-Richard Moore at PHI 38. 21-Richard Moore to PHI 18 for 20 yards. Tackle by 12-Roderick Uribe.","#17 Joel Jasso - QB","#24 Stanley Martinez - RB",,"#9 Alfredo Montoya - WR","#81 John Guillory - FB","#12 Roderick Uribe - WR",,"#11 Ryan Davis - WR",,,,,"#53 James Skinner - LT","#52 Edward Campbell - LG","#78 Terrence George - C","#72 Robert Roy - RG","#60 James Rivera - RT",,"#73 Robert McMeans - LDE","#92 David Easterday - RDE","#61 James Nichol - DT","#99 Donald Ocasio - DT","#77 Jeffrey Tate - RDE","#96 Ervin Matson - SLB","#51 Luke Walcott - MLB",,"#95 Mark Vasquez - WLB","#44 Tanner Ontiveros - CB","#21 Richard Moore - CB",,,,"#39 Patrick West - SS",,,,,,,,,,,,,,,,,,,,,,,,,,,,,,,,,,,,,
SCS,4:23,"PHI 18",3,1,10,"Strong I Normal WR Post TE Out","4-3 Normal Man Under 1",-7,13,0,"1-10-PHI 18 (4:24) 8-John Barrios sacked at PHI 26 for -7 yards (93-Daniel Roberts). Sack allowed by 71-Mark Nielsen. SCS 55-Michael Becker was injured on the play. He looks like he should be able to return. PHI 71-Calvin Vanmatre was injured on the play. He looks like he should be able to return.","#8 John Barrios - QB","#36 Juan Francis - RB",,,"#35 Thomas Frazier - FB","#82 Donald Maclennan - TE",,"#11 Jonathan Phillips - WR",,"#16 Thomas Kellogg - WR",,,"#78 Joseph Timmerman - LT","#50 Herbert Landers - LG","#72 Mohammed Maher - C","#55 Michael Becker - RG","#71 Mark Nielsen - RT",,"#93 Daniel Roberts - LDE",,"#71 Calvin Vanmatre - DT","#69 Brian Porter - DT","#58 Roger Cruz - RDE","#45 Arthur Brown - SLB","#99 Edward Lowe - WLB",,"#55 Jonathon Damico - MLB","#29 Mark Southern - CB","#33 Jimmie McNeal - CB",,,,"#36 Dennis Howell - SS","#44 Lewis Gomez - FS",,,,,,,,,,,,,,,,,,,,,,,,,,,,,,,,,,,,
SCS,3:43,"PHI 26",3,2,17,"I Formation 3WR WR Post","Dime Flat Man Cover 1",8,13,0,"2-17-PHI 26 (3:42) 8-John Barrios pass complete to 12-Omar Robinson to PHI 17 for 8 yards. Tackle by 27-Edward Mays. 12-Omar Robinson did some fancy footwork there.","#8 John Barrios - QB","#49 Franklin Benevides - RB",,,"#35 Thomas Frazier - FB",,,"#11 Jonathan Phillips - WR","#12 Omar Robinson - WR","#16 Thomas Kellogg - WR",,,"#78 Joseph Timmerman - LT","#50 Herbert Landers - LG","#72 Mohammed Maher - C","#66 Kevin Alford - RG","#71 Mark Nielsen - RT",,"#93 Daniel Roberts - LDE",,"#69 Brian Porter - DT","#97 John Moffatt - DT","#58 Roger Cruz - RDE",,"#55 Jonathon Damico - MLB",,,"#29 Mark Southern - CB","#33 Jimmie McNeal - CB","#26 DeAndre Utley - CB","#27 Edward Mays - CB",,"#44 Lewis Gomez - FS","#36 Dennis Howell - SS",,,,,,,,,,,,,,,,,,,,,,,,,,,,,,,,,,,,
SCS,3:06,"PHI 17",3,3,9,"Goal Line Normal HB Dive","46 Normal Inside Blitz",-1,13,0,"3-9-PHI 17 (3:05) 35-Thomas Frazier ran to PHI 18 for -1 yards. Tackle by 45-Arthur Brown.","#8 John Barrios - QB","#35 Thomas Frazier - FB",,"#36 Juan Francis - RB","#49 Franklin Benevides - RB","#82 Donald Maclennan - TE","#47 Philip Curry - RB",,,,,,"#78 Joseph Timmerman - LT","#50 Herbert Landers - LG","#72 Mohammed Maher - C","#66 Kevin Alford - RG","#71 Mark Nielsen - RT",,"#93 Daniel Roberts - LDE",,"#69 Brian Porter - DT","#97 John Moffatt - DT","#58 Roger Cruz - RDE","#45 Arthur Brown - SLB","#55 Jonathon Damico - MLB",,"#99 Edward Lowe - WLB","#29 Mark Southern - CB","#33 Jimmie McNeal - CB",,,,"#36 Dennis Howell - SS","#44 Lewis Gomez - FS",,,,,,,,,,,,,,,,,,,,,,,,,,,,,,,,,,,,
SCS,2:31,"PHI 18",3,4,10,"Field Goal","FG Block",29,13,3,"4-10-PHI 18 (2:30) 5-Raymond Evenson 37 yard field goal is GOOD. PHI 13 SCS 3",,,,,,,,,,,,,,,,,,,,,,,,,,,,,,,,,,,,"#8 John Barrios - QB","#72 Mohammed Maher - C",,,,,,,,,,,,,,"#5 Raymond Evenson - K","#35 Thomas Frazier - FB","#58 Manuel Cuomo - RT","#71 Mark Nielsen - RT","#82 Donald Maclennan - TE","#68 Hollis Nash - LT","#78 Joseph Timmerman - LT","#50 Herbert Landers - LG","#56 Clifton Winston - LG","#58 Roger Cruz - RDE","#55 Jonathon Damico - MLB","#57 Johnathan Ripley - RDE","#99 Edward Lowe - WLB","#69 Brian Porter - DT","#33 Jimmie McNeal - CB","#54 James Miller - SLB","#93 Daniel Roberts - LDE","#45 Arthur Brown - SLB","#97 John Moffatt - DT","#95 Norman Miles - LDE"
SCS,2:27,"SCS 35",3,6,10,Kickoff,"Kick Return",,13,3,"(2:28) 93-Antonio Washington kicks 73 yards from SCS 35 to PHI -8. Touchback.",,,,,,,,,,,,,,,,,,,,,,,,,,,,,,,,,,,,,,"#88 Mark Metzinger - WR",,"#54 James Miller - SLB","#99 Edward Lowe - WLB","#29 Mark Southern - CB","#45 Arthur Brown - SLB","#44 Lewis Gomez - FS","#97 John Moffatt - DT","#33 Jimmie McNeal - CB","#55 Jonathon Damico - MLB","#57 Johnathan Ripley - RDE","#58 Roger Cruz - RDE","#93 Antonio Washington - K",,,,,,,,,,,,,,,,,,,,
PHI,2:27,"PHI 25",3,1,10,"Shotgun Normal HB Flare","Nickel Normal Man Cover 2",,13,3,"1-10-PHI 25 (2:28) 17-Joel Jasso pass Pass knocked down by 44-Tanner Ontiveros. incomplete, intended for 12-Roderick Uribe. PENALTY - Pass Interference (SCS 44-Tanner Ontiveros)","#17 Joel Jasso - QB","#9 Alfredo Montoya - WR",,,,"#13 Mitchell Allen - WR",,"#88 Mark Metzinger - WR","#12 Roderick Uribe - WR","#11 Ryan Davis - WR",,,"#53 James Skinner - LT","#52 Edward Campbell - LG","#78 Terrence George - C","#72 Robert Roy - RG","#60 James Rivera - RT",,"#73 Robert McMeans - LDE",,"#61 James Nichol - DT","#99 Donald Ocasio - DT","#92 David Easterday - RDE",,"#90 John Rowe - MLB",,"#95 Mark Vasquez - WLB","#21 Richard Moore - CB","#43 Marty Johnson - CB",,"#44 Tanner Ontiveros - CB",,"#39 Patrick West - SS","#97 James Chapman - FS",,,,,,,,,,,,,,,,,,,,,,,,,,,,,,,,,,,,
PHI,2:22,"PHI 35",3,1,10,"Singleback Normal HB Inside Weak","Nickel Normal 3 Deep Zone Under",11,13,3,"1-10-PHI 35 (2:23) 9-Alfredo Montoya ran to PHI 45 for 11 yards. Tackle by 39-Patrick West. PHI 53-James Skinner was injured on the play. He looks like he should be able to return.","#17 Joel Jasso - QB","#9 Alfredo Montoya - WR",,,,"#83 Richard Maciejewski - TE",,"#13 Mitchell Allen - WR","#11 Ryan Davis - WR","#12 Roderick Uribe - WR",,,"#53 James Skinner - LT","#52 Edward Campbell - LG","#78 Terrence George - C","#72 Robert Roy - RG","#60 James Rivera - RT",,"#67 Fred McKenzie - LDE",,"#61 James Nichol - DT","#99 Donald Ocasio - DT","#77 Jeffrey Tate - RDE",,"#51 Luke Walcott - MLB",,"#29 Leon Wyatt - WLB","#21 Richard Moore - CB","#97 James Chapman - FS",,"#43 Marty Johnson - CB",,"#39 Patrick West - SS","#29 Antonio Delcastillo - FS",,,,,,,,,,,,,,,,,,,,,,,,,,,,,,,,,,,,
PHI,1:47,"PHI 45",3,1,10,"I Formation 3WR HB Inside Weak","Nickel Normal 3 Deep Man Under",17,13,3,"1-10-PHI 45 (1:46) 24-Stanley Martinez ran to SCS 37 for 17 yards. Tackle by 39-Patrick West.","#17 Joel Jasso - QB","#24 Stanley Martinez - RB",,,"#66 Brandon Marsh - RG",,,"#88 Mark Metzinger - WR","#12 Roderick Uribe - WR","#11 Ryan Davis - WR",,,"#64 Chester Cribb - RG","#52 Edward Campbell - LG","#78 Terrence George - C","#72 Robert Roy - RG","#60 James Rivera - RT",,"#67 Fred McKenzie - LDE",,"#61 James Nichol - DT","#99 Donald Ocasio - DT","#77 Jeffrey Tate - RDE",,"#90 John Rowe - MLB",,"#95 Mark Vasquez - WLB","#44 Tanner Ontiveros - CB","#21 Richard Moore - CB",,"#39 Patrick West - SS",,"#97 James Chapman - FS","#29 Antonio Delcastillo - FS",,,,,,,,,,,,,,,,,,,,,,,,,,,,,,,,,,,,
PHI,1:03,"SCS 37",3,1,10,"Singleback Normal WR Quick In","Nickel Normal Man Cover 2",8,13,3,"1-10-SCS 37 (1:02) 17-Joel Jasso pass complete to 9-Alfredo Montoya to SCS 29 for 8 yards. Tackle by 90-John Rowe.","#17 Joel Jasso - QB","#9 Alfredo Montoya - WR",,,,"#83 Richard Maciejewski - TE",,"#13 Mitchell Allen - WR","#11 Ryan Davis - WR","#12 Roderick Uribe - WR",,,"#64 Chester Cribb - RG","#52 Edward Campbell - LG","#78 Terrence George - C","#72 Robert Roy - RG","#60 James Rivera - RT",,"#67 Fred McKenzie - LDE",,"#61 James Nichol - DT","#99 Donald Ocasio - DT","#77 Jeffrey Tate - RDE",,"#90 John Rowe - MLB",,"#29 Leon Wyatt - WLB","#44 Tanner Ontiveros - CB","#21 Richard Moore - CB",,"#97 James Chapman - FS",,"#43 Marty Johnson - CB","#29 Antonio Delcastillo - FS",,,,,,,,,,,,,,,,,,,,,,,,,,,,,,,,,,,,
PHI,0:18,"SCS 29",3,2,2,"Singleback Normal HB Release Mid","Nickel Normal Double WR1",-10,13,3,"2-2-SCS 29 (0:17) 17-Joel Jasso sacked at SCS 40 for -10 yards (67-Fred McKenzie). Sack allowed by 83-Richard Maciejewski.","#17 Joel Jasso - QB","#43 Arnold Mullen - RB",,,,"#83 Richard Maciejewski - TE",,"#13 Mitchell Allen - WR","#11 Ryan Davis - WR","#12 Roderick Uribe - WR",,,"#64 Chester Cribb - RG","#52 Edward Campbell - LG","#78 Terrence George - C","#72 Robert Roy - RG","#60 James Rivera - RT",,"#67 Fred McKenzie - LDE",,"#61 James Nichol - DT","#99 Donald Ocasio - DT","#77 Jeffrey Tate - RDE",,"#51 Luke Walcott - MLB",,"#95 Mark Vasquez - WLB","#39 Patrick West - SS","#43 Marty Johnson - CB",,"#29 Antonio Delcastillo - FS",,"#44 Tanner Ontiveros - CB","#21 Richard Moore - CB",,,,,,,,,,,,,,,,,,,,,,,,,,,,,,,,,,,,
,0:00,,3,3,13,,,,13,3,"End of third quarter.",,,,,,,,,,,,,,,,,,,,,,,,,,,,,,,,,,,,,,,,,,,,,,,,,,,,,,,,,,,,,,,,,,,,,,
PHI,15:00,"SCS 40",4,3,13,"I Formation Power PA Flats","Goal Line 3 Deep Man",6,13,3,"3-13-SCS 40 (15:00) 17-Joel Jasso pass complete to 12-Roderick Uribe to SCS 33 for 6 yards. Tackle by 21-Richard Moore. 12-Roderick Uribe made a great move on the CB.","#17 Joel Jasso - QB","#24 Stanley Martinez - RB",,"#43 Arnold Mullen - RB","#81 John Guillory - FB","#12 Roderick Uribe - WR",,"#11 Ryan Davis - WR",,,,,"#64 Chester Cribb - RG","#52 Edward Campbell - LG","#78 Terrence George - C","#72 Robert Roy - RG","#60 James Rivera - RT",,"#67 Fred McKenzie - LDE","#73 Robert McMeans - LDE","#61 James Nichol - DT","#99 Donald Ocasio - DT","#77 Jeffrey Tate - RDE","#96 Ervin Matson - SLB","#90 John Rowe - MLB",,"#95 Mark Vasquez - WLB","#44 Tanner Ontiveros - CB","#21 Richard Moore - CB",,,,"#39 Patrick West - SS",,,,,,,,,,,,,,,,,,,,,,,,,,,,,,,,,,,,,
PHI,14:19,"SCS 33",4,4,6,"Field Goal","FG Block",44,16,3,"4-6-SCS 33 (14:18) 14-Steve Matthews 52 yard field goal is GOOD. SCS 96-Ervin Matson was injured on the play. PHI 16 SCS 3",,,,,,,,,,,,,,,,,,,,,,,,,,,,,,,,,,,,"#15 Bryant Smith - QB","#52 Edward Campbell - LG",,,,,,,,,,,,,,"#14 Steve Matthews - K","#59 John Visser - MLB","#72 Robert Roy - RG","#68 Luis McKinney - LG","#9 Alfredo Montoya - WR","#78 Terrence George - C","#60 James Rivera - RT","#79 Curt Beauvais - RT","#64 Chester Cribb - RG","#67 Fred McKenzie - LDE","#90 John Rowe - MLB","#96 Ervin Matson - SLB","#95 Mark Vasquez - WLB","#99 Donald Ocasio - DT","#59 Bruce Koenig - MLB","#61 James Nichol - DT","#94 Adam Green - SLB","#77 Jeffrey Tate - RDE","#51 Luke Walcott - MLB","#73 Robert McMeans - LDE"
PHI,14:13,"PHI 35",4,6,10,Kickoff,"Kick Return",,16,3,"(14:14) 14-Steve Matthews kicks 74 yards from PHI 35 to SCS -9. Touchback.",,,,,,,,,,,,,,,,,,,,,,,,,,,,,,,,,,,,,,"#49 Franklin Benevides - RB",,"#94 Adam Green - SLB","#29 Antonio Delcastillo - FS","#67 Fred McKenzie - LDE","#29 Leon Wyatt - WLB","#90 John Rowe - MLB","#44 Tanner Ontiveros - CB","#43 Marty Johnson - CB","#95 Mark Vasquez - WLB","#77 Jeffrey Tate - RDE","#99 Donald Ocasio - DT","#14 Steve Matthews - K",,,,,,,,,,,,,,,,,,,,
SCS,14:13,"SCS 25",4,1,10,"I Formation Normal Max Protect","Dime Flat Man Cover 1",9,16,3,"1-10-SCS 25 (14:14) 8-John Barrios pass complete to 36-Juan Francis to SCS 34 for 9 yards. Tackle by 26-DeAndre Utley.","#8 John Barrios - QB","#36 Juan Francis - RB",,,"#35 Thomas Frazier - FB","#82 Donald Maclennan - TE",,"#11 Jonathan Phillips - WR",,"#16 Thomas Kellogg - WR",,,"#78 Joseph Timmerman - LT","#50 Herbert Landers - LG","#72 Mohammed Maher - C","#55 Michael Becker - RG","#71 Mark Nielsen - RT",,"#93 Daniel Roberts - LDE",,"#71 Calvin Vanmatre - DT","#69 Brian Porter - DT","#58 Roger Cruz - RDE",,"#55 Jonathon Damico - MLB",,,"#29 Mark Southern - CB","#33 Jimmie McNeal - CB","#26 DeAndre Utley - CB","#27 Edward Mays - CB",,"#44 Lewis Gomez - FS","#36 Dennis Howell - SS",,,,,,,,,,,,,,,,,,,,,,,,,,,,,,,,,,,,
SCS,13:40,"SCS 34",4,2,1,"Singleback Big HB Inside Strong","4-3 Normal Man Under 1",3,16,3,"2-1-SCS 34 (13:39) 49-Franklin Benevides ran to SCS 37 for 3 yards. Tackle by 99-Edward Lowe. SCS 50-Herbert Landers was injured on the play.","#8 John Barrios - QB","#49 Franklin Benevides - RB",,,,"#82 Donald Maclennan - TE","#47 Philip Curry - RB","#11 Jonathan Phillips - WR",,"#16 Thomas Kellogg - WR",,,"#78 Joseph Timmerman - LT","#50 Herbert Landers - LG","#72 Mohammed Maher - C","#55 Michael Becker - RG","#71 Mark Nielsen - RT",,"#93 Daniel Roberts - LDE",,"#71 Calvin Vanmatre - DT","#69 Brian Porter - DT","#58 Roger Cruz - RDE","#45 Arthur Brown - SLB","#99 Edward Lowe - WLB",,"#54 James Miller - SLB","#29 Mark Southern - CB","#27 Edward Mays - CB",,,,"#36 Dennis Howell - SS","#40 Robbie Torres - FS",,,,,,,,,,,,,,,,,,,,,,,,,,,,,,,,,,,,
SCS,13:00,"SCS 37",4,1,10,"Singleback Normal Post Corner","Dime Normal Double WR2",2,16,3,"1-10-SCS 37 (12:59) 8-John Barrios pass complete to 82-Donald Maclennan to SCS 39 for 2 yards. Tackle by 26-DeAndre Utley. Nice job by 82-Donald Maclennan on that route to lose his coverage. Pressure by 93-Daniel Roberts.","#8 John Barrios - QB","#49 Franklin Benevides - RB",,,,"#82 Donald Maclennan - TE",,"#11 Jonathan Phillips - WR","#12 Omar Robinson - WR","#16 Thomas Kellogg - WR",,,"#78 Joseph Timmerman - LT","#56 Clifton Winston - LG","#72 Mohammed Maher - C","#55 Michael Becker - RG","#71 Mark Nielsen - RT",,"#93 Daniel Roberts - LDE",,"#71 Calvin Vanmatre - DT","#69 Brian Porter - DT","#58 Roger Cruz - RDE",,"#55 Jonathon Damico - MLB",,,"#29 Mark Southern - CB","#33 Jimmie McNeal - CB","#26 DeAndre Utley - CB","#27 Edward Mays - CB",,"#36 Dennis Howell - SS","#44 Lewis Gomez - FS",,,,,,,,,,,,,,,,,,,,,,,,,,,,,,,,,,,,
SCS,12:20,"SCS 39",4,2,8,"Singleback Empty 4 WR Post Corner","Dime Flat Man Cover 1",-7,16,3,"2-8-SCS 39 (12:19) 8-John Barrios sacked at SCS 32 for -7 yards (93-Daniel Roberts). Sack allowed by 71-Mark Nielsen.","#8 John Barrios - QB",,,,,"#82 Donald Maclennan - TE",,"#12 Omar Robinson - WR","#87 Willard Wood - WR","#81 Thomas Free - WR","#11 Jonathan Phillips - WR",,"#78 Joseph Timmerman - LT","#56 Clifton Winston - LG","#72 Mohammed Maher - C","#55 Michael Becker - RG","#71 Mark Nielsen - RT",,"#93 Daniel Roberts - LDE",,"#71 Calvin Vanmatre - DT","#69 Brian Porter - DT","#58 Roger Cruz - RDE",,"#59 John Visser - MLB",,,"#27 Edward Mays - CB","#26 DeAndre Utley - CB","#40 Robbie Torres - FS","#21 Randall Murray - CB",,"#44 Lewis Gomez - FS","#36 Dennis Howell - SS",,,,,,,,,,,,,,,,,,,,,,,,,,,,,,,,,,,,
SCS,11:37,"SCS 32",4,3,15,"I Formation Power Play Action HB Downfield","Dime Normal Double WR2",,16,3,"3-15-SCS 32 (11:36) 8-John Barrios pass incomplete, dropped by 47-Philip Curry. That was a dangerous pass.","#8 John Barrios - QB","#36 Juan Francis - RB",,"#49 Franklin Benevides - RB","#35 Thomas Frazier - FB","#47 Philip Curry - RB",,"#16 Thomas Kellogg - WR",,,,,"#78 Joseph Timmerman - LT","#56 Clifton Winston - LG","#72 Mohammed Maher - C","#55 Michael Becker - RG","#71 Mark Nielsen - RT",,"#93 Daniel Roberts - LDE",,"#71 Calvin Vanmatre - DT","#69 Brian Porter - DT","#58 Roger Cruz - RDE",,"#55 Jonathon Damico - MLB",,,"#29 Mark Southern - CB","#33 Jimmie McNeal - CB","#26 DeAndre Utley - CB","#27 Edward Mays - CB",,"#21 Randall Murray - CB","#40 Robbie Torres - FS",,,,,,,,,,,,,,,,,,,,,,,,,,,,,,,,,,,,
SCS,11:32,"SCS 32",4,4,15,Punt,"Punt Return",,16,3,"4-15-SCS 32 (11:33) 14-Timothy Rhynes punts 47 yards to PHI 22. 12-Roderick Uribe to PHI 28 for 7 yards. Tackle by 90-John Rowe.",,,,,,,,,,,,,,,,,,"#14 Timothy Rhynes - P",,,,,,,,,,,,,,,,,,,"#72 Mohammed Maher - C",,"#12 Roderick Uribe - WR",,,"#29 Mark Southern - CB","#97 John Moffatt - DT","#44 Lewis Gomez - FS",,"#33 Jimmie McNeal - CB","#58 Roger Cruz - RDE",,"#45 Arthur Brown - SLB",,,,"#58 Manuel Cuomo - RT","#71 Mark Nielsen - RT","#82 Donald Maclennan - TE","#68 Hollis Nash - LT","#78 Joseph Timmerman - LT","#56 Clifton Winston - LG",,"#71 Calvin Vanmatre - DT","#55 Jonathon Damico - MLB","#57 Johnathan Ripley - RDE","#99 Edward Lowe - WLB",,,,,,,
PHI,11:24,"PHI 28",4,1,10,"I Formation Power HB Strong Outside","Goal Line Attack #3",1,16,3,"1-10-PHI 28 (11:25) 24-Stanley Martinez ran to PHI 29 for 1 yards. Tackle by 51-Luke Walcott. 81-John Guillory completely missed his blocking assignment.","#17 Joel Jasso - QB","#24 Stanley Martinez - RB",,"#9 Alfredo Montoya - WR","#81 John Guillory - FB","#12 Roderick Uribe - WR",,"#11 Ryan Davis - WR",,,,,"#64 Chester Cribb - RG","#52 Edward Campbell - LG","#78 Terrence George - C","#72 Robert Roy - RG","#60 James Rivera - RT",,"#73 Robert McMeans - LDE","#92 David Easterday - RDE","#61 James Nichol - DT","#99 Donald Ocasio - DT","#77 Jeffrey Tate - RDE","#94 Adam Green - SLB","#51 Luke Walcott - MLB",,"#95 Mark Vasquez - WLB","#44 Tanner Ontiveros - CB","#21 Richard Moore - CB",,,,"#39 Patrick West - SS",,,,,,,,,,,,,,,,,,,,,,,,,,,,,,,,,,,,,
PHI,10:44,"PHI 29",4,2,9,"Singleback Big WR Deep","4-3 Under Crowd Middle",12,16,3,"2-9-PHI 29 (10:43) 17-Joel Jasso pass complete to 9-Alfredo Montoya to PHI 40 for 12 yards. Tackle by 43-Marty Johnson. SCS 77-Jeffrey Tate was injured on the play.","#17 Joel Jasso - QB","#24 Stanley Martinez - RB",,,,"#9 Alfredo Montoya - WR","#83 Richard Maciejewski - TE","#88 Mark Metzinger - WR",,"#13 Mitchell Allen - WR",,,"#53 James Skinner - LT","#52 Edward Campbell - LG","#78 Terrence George - C","#72 Robert Roy - RG","#60 James Rivera - RT",,"#67 Fred McKenzie - LDE",,"#61 James Nichol - DT","#99 Donald Ocasio - DT","#77 Jeffrey Tate - RDE","#94 Adam Green - SLB","#90 John Rowe - MLB",,"#95 Mark Vasquez - WLB","#43 Marty Johnson - CB","#44 Tanner Ontiveros - CB",,,,"#39 Patrick West - SS","#29 Antonio Delcastillo - FS",,,,,,,,,,,,,,,,,,,,,,,,,,,,,,,,,,,,
PHI,10:08,"PHI 40",4,1,10,"Singleback Normal HB Dive Weak","Nickel Normal Double LB Blitz",2,16,3,"1-10-PHI 40 (10:07) 9-Alfredo Montoya ran to PHI 42 for 2 yards. Tackle by 99-Donald Ocasio.","#17 Joel Jasso - QB","#9 Alfredo Montoya - WR",,,,"#83 Richard Maciejewski - TE",,"#13 Mitchell Allen - WR","#11 Ryan Davis - WR","#12 Roderick Uribe - WR",,,"#53 James Skinner - LT","#52 Edward Campbell - LG","#78 Terrence George - C","#72 Robert Roy - RG","#60 James Rivera - RT",,"#67 Fred McKenzie - LDE",,"#61 James Nichol - DT","#99 Donald Ocasio - DT","#92 David Easterday - RDE",,"#90 John Rowe - MLB",,"#95 Mark Vasquez - WLB","#43 Marty Johnson - CB","#44 Tanner Ontiveros - CB",,"#21 Richard Moore - CB",,"#39 Patrick West - SS","#29 Antonio Delcastillo - FS",,,,,,,,,,,,,,,,,,,,,,,,,,,,,,,,,,,,
PHI,9:28,"PHI 42",4,2,8,"Weak I Big HB Dive Strong","Goal Line Attack #3",5,16,3,"2-8-PHI 42 (9:27) 9-Alfredo Montoya ran to PHI 47 for 5 yards. Tackle by 94-Adam Green.","#17 Joel Jasso - QB","#9 Alfredo Montoya - WR",,,"#81 John Guillory - FB","#83 Richard Maciejewski - TE","#87 Charles Thompson - TE","#11 Ryan Davis - WR",,,,,"#53 James Skinner - LT","#52 Edward Campbell - LG","#78 Terrence George - C","#72 Robert Roy - RG","#60 James Rivera - RT",,"#67 Fred McKenzie - LDE","#73 Robert McMeans - LDE","#61 James Nichol - DT","#99 Donald Ocasio - DT","#92 David Easterday - RDE","#94 Adam Green - SLB","#90 John Rowe - MLB",,"#95 Mark Vasquez - WLB","#43 Marty Johnson - CB","#44 Tanner Ontiveros - CB",,,,"#39 Patrick West - SS",,,,,,,,,,,,,,,,,,,,,,,,,,,,,,,,,,,,,
PHI,8:53,"PHI 47",4,3,3,"I Formation 3WR Slot Short WR Deep","Nickel Normal Man Cover 2",2,16,3,"3-3-PHI 47 (8:52) 17-Joel Jasso pass complete to 9-Alfredo Montoya to PHI 50 for 2 yards. Tackle by 90-John Rowe.","#17 Joel Jasso - QB","#9 Alfredo Montoya - WR",,,"#66 Brandon Marsh - RG",,,"#88 Mark Metzinger - WR","#12 Roderick Uribe - WR","#11 Ryan Davis - WR",,,"#53 James Skinner - LT","#52 Edward Campbell - LG","#78 Terrence George - C","#72 Robert Roy - RG","#60 James Rivera - RT",,"#67 Fred McKenzie - LDE",,"#61 James Nichol - DT","#99 Donald Ocasio - DT","#92 David Easterday - RDE",,"#90 John Rowe - MLB",,"#95 Mark Vasquez - WLB","#43 Marty Johnson - CB","#44 Tanner Ontiveros - CB",,"#21 Richard Moore - CB",,"#39 Patrick West - SS","#29 Antonio Delcastillo - FS",,,,,,,,,,,,,,,,,,,,,,,,,,,,,,,,,,,,
PHI,8:09,"PHI 50",4,4,1,Punt,"Punt Return",,16,3,"4-1-PHI 50 (8:08) 3-Aaron Stein punts 47 yards to SCS 4. Fair Catch by 12-Omar Robinson.",,,,,,,,,,,,,,,,,,"#3 Aaron Stein - P",,,,,,,,,,,,,,,,,,,"#52 Edward Campbell - LG",,"#12 Omar Robinson - WR",,,"#99 Donald Ocasio - DT","#43 Marty Johnson - CB","#67 Fred McKenzie - LDE",,"#29 Leon Wyatt - WLB","#29 Antonio Delcastillo - FS",,"#90 John Rowe - MLB",,,,"#79 Curt Beauvais - RT","#72 Robert Roy - RG","#78 Terrence George - C","#60 James Rivera - RT","#68 Luis McKinney - LG","#64 Chester Cribb - RG",,"#73 Robert McMeans - LDE","#95 Mark Vasquez - WLB","#94 Adam Green - SLB","#51 Luke Walcott - MLB",,,,,,,
SCS,8:00,"SCS 4",4,1,10,"I Formation Normal HB Toss Strong","Dime Normal Double WR1 WR2",2,16,3,"1-10-SCS 4 (8:01) 36-Juan Francis ran to SCS 6 for 2 yards. Tackle by 55-Jonathon Damico.","#8 John Barrios - QB","#36 Juan Francis - RB",,,"#35 Thomas Frazier - FB","#82 Donald Maclennan - TE",,"#11 Jonathan Phillips - WR",,"#16 Thomas Kellogg - WR",,,"#78 Joseph Timmerman - LT","#50 Herbert Landers - LG","#72 Mohammed Maher - C","#55 Michael Becker - RG","#71 Mark Nielsen - RT",,"#93 Daniel Roberts - LDE",,"#71 Calvin Vanmatre - DT","#69 Brian Porter - DT","#58 Roger Cruz - RDE",,"#55 Jonathon Damico - MLB",,,"#33 Jimmie McNeal - CB","#27 Edward Mays - CB","#21 Randall Murray - CB","#26 DeAndre Utley - CB",,"#36 Dennis Howell - SS","#40 Robbie Torres - FS",,,,,,,,,,,,,,,,,,,,,,,,,,,,,,,,,,,,
SCS,7:25,"SCS 6",4,2,8,"I Formation 3WR WR Post","Dime Flat Man Cover 1",,16,3,"2-8-SCS 6 (7:24) 8-John Barrios pass Pass knocked down by 27-Edward Mays. incomplete, intended for 12-Omar Robinson. Pressure by 93-Daniel Roberts. PENALTY - Holding (SCS 35-Thomas Frazier)","#8 John Barrios - QB","#49 Franklin Benevides - RB",,,"#35 Thomas Frazier - FB",,,"#11 Jonathan Phillips - WR","#12 Omar Robinson - WR","#16 Thomas Kellogg - WR",,,"#78 Joseph Timmerman - LT","#50 Herbert Landers - LG","#72 Mohammed Maher - C","#55 Michael Becker - RG","#71 Mark Nielsen - RT",,"#93 Daniel Roberts - LDE",,"#71 Calvin Vanmatre - DT","#69 Brian Porter - DT","#58 Roger Cruz - RDE",,"#55 Jonathon Damico - MLB",,,"#29 Mark Southern - CB","#33 Jimmie McNeal - CB","#26 DeAndre Utley - CB","#27 Edward Mays - CB",,"#44 Lewis Gomez - FS","#36 Dennis Howell - SS",,,,,,,,,,,,,,,,,,,,,,,,,,,,,,,,,,,,
SCS,7:19,"SCS 3",4,2,11,"Singleback Empty 4 TE Deep Out","Dime Flat Man Cover 1",7,16,3,"2-11-SCS 3 (7:20) 8-John Barrios pass complete to 81-Thomas Free to SCS 10 for 7 yards. Tackle by 33-Jimmie McNeal.","#8 John Barrios - QB",,,,,"#82 Donald Maclennan - TE",,"#12 Omar Robinson - WR","#87 Willard Wood - WR","#81 Thomas Free - WR","#16 Thomas Kellogg - WR",,"#78 Joseph Timmerman - LT","#50 Herbert Landers - LG","#72 Mohammed Maher - C","#55 Michael Becker - RG","#71 Mark Nielsen - RT",,"#93 Daniel Roberts - LDE",,"#71 Calvin Vanmatre - DT","#69 Brian Porter - DT","#58 Roger Cruz - RDE",,"#55 Jonathon Damico - MLB",,,"#29 Mark Southern - CB","#33 Jimmie McNeal - CB","#26 DeAndre Utley - CB","#27 Edward Mays - CB",,"#44 Lewis Gomez - FS","#36 Dennis Howell - SS",,,,,,,,,,,,,,,,,,,,,,,,,,,,,,,,,,,,
SCS,6:37,"SCS 10",4,3,4,"I Formation Power Play Action HB Downfield","Dime Normal Double WR2",,16,3,"3-4-SCS 10 (6:36) 8-John Barrios pass Pass knocked down by 44-Lewis Gomez. incomplete, intended for 47-Philip Curry. PHI 58-Roger Cruz was injured on the play.","#8 John Barrios - QB","#36 Juan Francis - RB",,"#49 Franklin Benevides - RB","#35 Thomas Frazier - FB","#47 Philip Curry - RB",,"#11 Jonathan Phillips - WR",,,,,"#78 Joseph Timmerman - LT","#50 Herbert Landers - LG","#72 Mohammed Maher - C","#55 Michael Becker - RG","#71 Mark Nielsen - RT",,"#93 Daniel Roberts - LDE",,"#71 Calvin Vanmatre - DT","#69 Brian Porter - DT","#58 Roger Cruz - RDE",,"#55 Jonathon Damico - MLB",,,"#27 Edward Mays - CB","#26 DeAndre Utley - CB","#29 Mark Southern - CB","#40 Robbie Torres - FS",,"#21 Randall Murray - CB","#44 Lewis Gomez - FS",,,,,,,,,,,,,,,,,,,,,,,,,,,,,,,,,,,,
SCS,6:30,"SCS 10",4,4,4,Punt,"Punt Return",,16,3,"4-4-SCS 10 (6:31) 14-Timothy Rhynes punts 49 yards to PHI 41. 12-Roderick Uribe FUMBLES recovered by PHI-12-Roderick Uribe at PHI 42. Tackle by 90-John Rowe. 99-Edward Lowe missed that block completely.",,,,,,,,,,,,,,,,,,"#14 Timothy Rhynes - P",,,,,,,,,,,,,,,,,,,"#72 Mohammed Maher - C",,"#12 Roderick Uribe - WR",,,"#45 Arthur Brown - SLB","#55 Jonathon Damico - MLB","#33 Jimmie McNeal - CB",,"#97 John Moffatt - DT","#54 James Miller - SLB",,"#44 Lewis Gomez - FS",,,,"#58 Manuel Cuomo - RT","#71 Mark Nielsen - RT","#82 Donald Maclennan - TE","#68 Hollis Nash - LT","#78 Joseph Timmerman - LT","#50 Herbert Landers - LG",,"#93 Daniel Roberts - LDE","#57 Johnathan Ripley - RDE","#99 Edward Lowe - WLB","#71 Calvin Vanmatre - DT",,,,,,,
PHI,6:20,"PHI 42",4,1,10,"Shotgun 2 RB 3 WR Shotgun Sweep","Nickel 3-3-5 Cover 2 Man Under",8,16,3,"1-10-PHI 42 (6:21) 24-Stanley Martinez ran to PHI 50 for 8 yards. Tackle by 29-Antonio Delcastillo.","#17 Joel Jasso - QB","#9 Alfredo Montoya - WR","#24 Stanley Martinez - RB",,,,,"#66 Brandon Marsh - RG","#74 William Backer - C","#13 Mitchell Allen - WR",,,"#53 James Skinner - LT","#52 Edward Campbell - LG","#78 Terrence George - C","#72 Robert Roy - RG","#60 James Rivera - RT",,"#73 Robert McMeans - LDE",,"#61 James Nichol - DT",,"#92 David Easterday - RDE","#94 Adam Green - SLB","#51 Luke Walcott - MLB",,"#95 Mark Vasquez - WLB","#44 Tanner Ontiveros - CB","#21 Richard Moore - CB",,"#97 James Chapman - FS",,"#39 Patrick West - SS","#29 Antonio Delcastillo - FS",,,,,,,,,,,,,,,,,,,,,,,,,,,,,,,,,,,,
PHI,5:40,"PHI 50",4,2,2,"Goal Line Normal HB Outside Strong","Goal Line 3 Deep Man",7,16,3,"2-2-PHI 50 (5:39) 9-Alfredo Montoya ran to SCS 43 for 7 yards. Tackle by 39-Patrick West.","#17 Joel Jasso - QB","#9 Alfredo Montoya - WR",,"#43 Arnold Mullen - RB","#81 John Guillory - FB","#83 Richard Maciejewski - TE","#87 Charles Thompson - TE",,,,,,"#53 James Skinner - LT","#52 Edward Campbell - LG","#78 Terrence George - C","#72 Robert Roy - RG","#60 James Rivera - RT",,"#67 Fred McKenzie - LDE","#73 Robert McMeans - LDE","#61 James Nichol - DT","#99 Donald Ocasio - DT","#92 David Easterday - RDE","#94 Adam Green - SLB","#90 John Rowe - MLB",,"#95 Mark Vasquez - WLB","#43 Marty Johnson - CB","#44 Tanner Ontiveros - CB",,,,"#39 Patrick West - SS",,,,,,,,,,,,,,,,,,,,,,,,,,,,,,,,,,,,,
PHI,5:04,"SCS 43",4,1,10,"Singleback Normal HB Dive Weak","Nickel Normal Man Cover 2",12,16,3,"1-10-SCS 43 (5:03) 9-Alfredo Montoya ran to SCS 31 for 12 yards. Tackle by 39-Patrick West.","#17 Joel Jasso - QB","#9 Alfredo Montoya - WR",,,,"#83 Richard Maciejewski - TE",,"#13 Mitchell Allen - WR","#11 Ryan Davis - WR","#12 Roderick Uribe - WR",,,"#53 James Skinner - LT","#52 Edward Campbell - LG","#78 Terrence George - C","#72 Robert Roy - RG","#60 James Rivera - RT",,"#67 Fred McKenzie - LDE",,"#61 James Nichol - DT","#99 Donald Ocasio - DT","#92 David Easterday - RDE",,"#90 John Rowe - MLB",,"#95 Mark Vasquez - WLB","#43 Marty Johnson - CB","#44 Tanner Ontiveros - CB",,"#21 Richard Moore - CB",,"#39 Patrick West - SS","#29 Antonio Delcastillo - FS",,,,,,,,,,,,,,,,,,,,,,,,,,,,,,,,,,,,
PHI,4:18,"SCS 31",4,1,10,"I Formation 3WR HB Inside Strong","Nickel Normal 3 Deep Zone Under",11,16,3,"1-10-SCS 31 (4:17) 24-Stanley Martinez ran to SCS 20 for 11 yards. Tackle by 29-Antonio Delcastillo.","#17 Joel Jasso - QB","#24 Stanley Martinez - RB",,,"#66 Brandon Marsh - RG",,,"#88 Mark Metzinger - WR","#12 Roderick Uribe - WR","#11 Ryan Davis - WR",,,"#53 James Skinner - LT","#52 Edward Campbell - LG","#78 Terrence George - C","#72 Robert Roy - RG","#60 James Rivera - RT",,"#67 Fred McKenzie - LDE",,"#61 James Nichol - DT","#99 Donald Ocasio - DT","#92 David Easterday - RDE",,"#90 John Rowe - MLB",,"#95 Mark Vasquez - WLB","#43 Marty Johnson - CB","#44 Tanner Ontiveros - CB",,"#21 Richard Moore - CB",,"#97 James Chapman - FS","#29 Antonio Delcastillo - FS",,,,,,,,,,,,,,,,,,,,,,,,,,,,,,,,,,,,
PHI,3:38,"SCS 20",4,1,10,"Singleback Normal HB Inside Weak","Nickel Normal Double WR1",-0,16,3,"1-10-SCS 20 (3:37) 9-Alfredo Montoya ran to SCS 20 for a short loss. Tackle by 99-Donald Ocasio. 78-Terrence George completely missed his blocking assignment. PENALTY - Holding (PHI 53-James Skinner)","#17 Joel Jasso - QB","#9 Alfredo Montoya - WR",,,,"#83 Richard Maciejewski - TE",,"#13 Mitchell Allen - WR","#11 Ryan Davis - WR","#12 Roderick Uribe - WR",,,"#53 James Skinner - LT","#52 Edward Campbell - LG","#78 Terrence George - C","#72 Robert Roy - RG","#60 James Rivera - RT",,"#67 Fred McKenzie - LDE",,"#61 James Nichol - DT","#99 Donald Ocasio - DT","#92 David Easterday - RDE",,"#90 John Rowe - MLB",,"#95 Mark Vasquez - WLB","#44 Tanner Ontiveros - CB","#21 Richard Moore - CB",,"#97 James Chapman - FS",,"#39 Patrick West - SS","#29 Antonio Delcastillo - FS",,,,,,,,,,,,,,,,,,,,,,,,,,,,,,,,,,,,
PHI,3:33,"SCS 30",4,1,20,"Singleback Big HB Inside Strong","4-3 Under Crowd Middle",1,16,3,"1-20-SCS 30 (3:34) 24-Stanley Martinez ran to SCS 29 for 1 yards. Tackle by 61-James Nichol.","#17 Joel Jasso - QB","#24 Stanley Martinez - RB",,,,"#9 Alfredo Montoya - WR","#83 Richard Maciejewski - TE","#88 Mark Metzinger - WR",,"#13 Mitchell Allen - WR",,,"#53 James Skinner - LT","#52 Edward Campbell - LG","#78 Terrence George - C","#72 Robert Roy - RG","#60 James Rivera - RT",,"#67 Fred McKenzie - LDE",,"#61 James Nichol - DT","#99 Donald Ocasio - DT","#92 David Easterday - RDE","#96 Ervin Matson - SLB","#90 John Rowe - MLB",,"#95 Mark Vasquez - WLB","#43 Marty Johnson - CB","#21 Richard Moore - CB",,,,"#39 Patrick West - SS","#97 James Chapman - FS",,,,,,,,,,,,,,,,,,,,,,,,,,,,,,,,,,,,
PHI,2:58,"SCS 29",4,2,19,"Singleback Big HB Inside Strong","4-3 Under Shallow Right Zone",1,16,3,"2-19-SCS 29 (2:57) 24-Stanley Martinez ran to SCS 28 for 1 yards. Tackle by 61-James Nichol.","#17 Joel Jasso - QB","#24 Stanley Martinez - RB",,,,"#9 Alfredo Montoya - WR","#83 Richard Maciejewski - TE","#88 Mark Metzinger - WR",,"#13 Mitchell Allen - WR",,,"#53 James Skinner - LT","#52 Edward Campbell - LG","#78 Terrence George - C","#72 Robert Roy - RG","#60 James Rivera - RT",,"#67 Fred McKenzie - LDE",,"#61 James Nichol - DT","#99 Donald Ocasio - DT","#92 David Easterday - RDE","#96 Ervin Matson - SLB","#90 John Rowe - MLB",,"#95 Mark Vasquez - WLB","#43 Marty Johnson - CB","#44 Tanner Ontiveros - CB",,,,"#39 Patrick West - SS","#29 Antonio Delcastillo - FS",,,,,,,,,,,,,,,,,,,,,,,,,,,,,,,,,,,,
PHI,2:24,"SCS 28",4,3,19,"Singleback Big Corner Ins","4-3 Under Crowd Middle",,16,3,"3-19-SCS 28 (2:23) 17-Joel Jasso pass incomplete, dropped by 88-Mark Metzinger. Pressure by 67-Fred McKenzie.","#17 Joel Jasso - QB","#24 Stanley Martinez - RB",,,,"#9 Alfredo Montoya - WR","#83 Richard Maciejewski - TE","#88 Mark Metzinger - WR",,"#13 Mitchell Allen - WR",,,"#53 James Skinner - LT","#52 Edward Campbell - LG","#78 Terrence George - C","#72 Robert Roy - RG","#60 James Rivera - RT",,"#67 Fred McKenzie - LDE",,"#61 James Nichol - DT","#99 Donald Ocasio - DT","#92 David Easterday - RDE","#96 Ervin Matson - SLB","#90 John Rowe - MLB",,"#95 Mark Vasquez - WLB","#43 Marty Johnson - CB","#44 Tanner Ontiveros - CB",,,,"#39 Patrick West - SS","#29 Antonio Delcastillo - FS",,,,,,,,,,,,,,,,,,,,,,,,,,,,,,,,,,,,
PHI,2:18,"SCS 28",4,4,19,"Field Goal","FG Block",38,19,3,"4-19-SCS 28 (2:19) 14-Steve Matthews 46 yard field goal is GOOD. PHI 19 SCS 3",,,,,,,,,,,,,,,,,,,,,,,,,,,,,,,,,,,,"#15 Bryant Smith - QB","#52 Edward Campbell - LG",,,,,,,,,,,,,,"#14 Steve Matthews - K","#53 James Skinner - LT","#72 Robert Roy - RG","#68 Luis McKinney - LG","#9 Alfredo Montoya - WR","#78 Terrence George - C","#60 James Rivera - RT","#79 Curt Beauvais - RT","#64 Chester Cribb - RG","#67 Fred McKenzie - LDE","#90 John Rowe - MLB","#96 Ervin Matson - SLB","#95 Mark Vasquez - WLB","#92 David Easterday - RDE","#99 Donald Ocasio - DT","#59 Bruce Koenig - MLB","#51 Luke Walcott - MLB","#94 Adam Green - SLB","#73 Robert McMeans - LDE","#61 James Nichol - DT"
PHI,2:15,"PHI 35",4,6,10,Kickoff,"Kick Return",,19,3,"(2:16) 14-Steve Matthews kicks 74 yards from PHI 35 to SCS -9. Touchback.",,,,,,,,,,,,,,,,,,,,,,,,,,,,,,,,,,,,,,"#49 Franklin Benevides - RB",,"#94 Adam Green - SLB","#29 Leon Wyatt - WLB","#67 Fred McKenzie - LDE","#96 Ervin Matson - SLB","#90 John Rowe - MLB","#29 Antonio Delcastillo - FS","#43 Marty Johnson - CB","#95 Mark Vasquez - WLB","#44 Tanner Ontiveros - CB","#99 Donald Ocasio - DT","#14 Steve Matthews - K",,,,,,,,,,,,,,,,,,,,
SCS,2:15,"SCS 25",4,1,10,"Singleback Big HB Curls TE Deep","3-4 Normal Man Cover 1",,19,3,"1-10-SCS 25 (2:16) 8-John Barrios pass Pass knocked down by 55-Jonathon Damico. incomplete, intended for 36-Juan Francis.","#8 John Barrios - QB","#36 Juan Francis - RB",,,,"#82 Donald Maclennan - TE","#47 Philip Curry - RB","#11 Jonathan Phillips - WR",,"#16 Thomas Kellogg - WR",,,"#78 Joseph Timmerman - LT","#50 Herbert Landers - LG","#72 Mohammed Maher - C","#55 Michael Becker - RG","#71 Mark Nielsen - RT",,"#93 Daniel Roberts - LDE",,"#71 Calvin Vanmatre - DT",,"#58 Roger Cruz - RDE","#99 Edward Lowe - WLB","#29 Mark Southern - CB","#55 Jonathon Damico - MLB","#45 Arthur Brown - SLB","#27 Edward Mays - CB","#33 Jimmie McNeal - CB",,,,"#36 Dennis Howell - SS","#44 Lewis Gomez - FS",,,,,,,,,,,,,,,,,,,,,,,,,,,,,,,,,,,,
SCS,2:11,"SCS 25",4,2,10,"I Formation Normal PA Fullback Flat","Dime Flat Man Cover 1",,19,3,"2-10-SCS 25 (2:12) 8-John Barrios pass INTERCEPTED by 44-Lewis Gomez at SCS 26. 44-Lewis Gomez to SCS 26 for -0 yards. Tackle by 35-Thomas Frazier. Pressure by 58-Roger Cruz. SCS 35-Thomas Frazier was injured on the play.","#8 John Barrios - QB","#49 Franklin Benevides - RB",,,"#35 Thomas Frazier - FB","#82 Donald Maclennan - TE",,"#11 Jonathan Phillips - WR",,"#16 Thomas Kellogg - WR",,,"#78 Joseph Timmerman - LT","#50 Herbert Landers - LG","#72 Mohammed Maher - C","#55 Michael Becker - RG","#71 Mark Nielsen - RT",,"#93 Daniel Roberts - LDE",,"#71 Calvin Vanmatre - DT","#69 Brian Porter - DT","#58 Roger Cruz - RDE",,"#59 John Visser - MLB",,,"#29 Mark Southern - CB","#33 Jimmie McNeal - CB","#26 DeAndre Utley - CB","#27 Edward Mays - CB",,"#44 Lewis Gomez - FS","#36 Dennis Howell - SS",,,,,,,,,,,,,,,,,,,,,,,,,,,,,,,,,,,,
PHI,2:08,"SCS 26",4,1,10,"Singleback Normal HB Release Mid","Nickel 3-3-5 3 Deep MLB Blitz",,19,3,"1-10-SCS 26 (2:09) 17-Joel Jasso pass Pass knocked down by 21-Richard Moore. incomplete, intended for 9-Alfredo Montoya.","#17 Joel Jasso - QB","#9 Alfredo Montoya - WR",,,,"#83 Richard Maciejewski - TE",,"#13 Mitchell Allen - WR","#11 Ryan Davis - WR","#12 Roderick Uribe - WR",,,"#53 James Skinner - LT","#52 Edward Campbell - LG","#78 Terrence George - C","#72 Robert Roy - RG","#60 James Rivera - RT",,"#67 Fred McKenzie - LDE",,"#61 James Nichol - DT",,"#92 David Easterday - RDE","#96 Ervin Matson - SLB","#90 John Rowe - MLB",,"#95 Mark Vasquez - WLB","#43 Marty Johnson - CB","#44 Tanner Ontiveros - CB",,"#21 Richard Moore - CB",,"#39 Patrick West - SS","#29 Antonio Delcastillo - FS",,,,,,,,,,,,,,,,,,,,,,,,,,,,,,,,,,,,
PHI,2:05,"SCS 26",4,2,10,"I Formation Power HB Strong Outside","Goal Line 3 Deep Man",6,19,3,"2-10-SCS 26 (2:06) 24-Stanley Martinez ran to SCS 19 for 6 yards. Tackle by 39-Patrick West.","#17 Joel Jasso - QB","#24 Stanley Martinez - RB",,"#9 Alfredo Montoya - WR","#81 John Guillory - FB","#12 Roderick Uribe - WR",,"#11 Ryan Davis - WR",,,,,"#53 James Skinner - LT","#52 Edward Campbell - LG","#78 Terrence George - C","#72 Robert Roy - RG","#60 James Rivera - RT",,"#67 Fred McKenzie - LDE","#73 Robert McMeans - LDE","#61 James Nichol - DT","#99 Donald Ocasio - DT","#77 Jeffrey Tate - RDE","#96 Ervin Matson - SLB","#90 John Rowe - MLB",,"#95 Mark Vasquez - WLB","#43 Marty Johnson - CB","#44 Tanner Ontiveros - CB",,,,"#39 Patrick West - SS",,,,,,,,,,,,,,,,,,,,,,,,,,,,,,,,,,,,,
,2:00,,4,3,4,,,,19,3,"Timeout for two minute warning.",,,,,,,,,,,,,,,,,,,,,,,,,,,,,,,,,,,,,,,,,,,,,,,,,,,,,,,,,,,,,,,,,,,,,,
PHI,2:00,"SCS 19",4,3,4,"I Formation 3WR FL Post","Nickel Normal Double WR1",-5,19,3,"3-4-SCS 19 (2:00) 17-Joel Jasso sacked at SCS 25 for -5 yards (67-Fred McKenzie). Sack allowed by 60-James Rivera. 60-James Rivera was caught flat-footed on this play.","#17 Joel Jasso - QB","#9 Alfredo Montoya - WR",,,"#66 Brandon Marsh - RG",,,"#88 Mark Metzinger - WR","#12 Roderick Uribe - WR","#11 Ryan Davis - WR",,,"#53 James Skinner - LT","#52 Edward Campbell - LG","#78 Terrence George - C","#72 Robert Roy - RG","#60 James Rivera - RT",,"#67 Fred McKenzie - LDE",,"#61 James Nichol - DT","#99 Donald Ocasio - DT","#77 Jeffrey Tate - RDE",,"#90 John Rowe - MLB",,"#95 Mark Vasquez - WLB","#43 Marty Johnson - CB","#44 Tanner Ontiveros - CB",,"#21 Richard Moore - CB",,"#39 Patrick West - SS","#29 Antonio Delcastillo - FS",,,,,,,,,,,,,,,,,,,,,,,,,,,,,,,,,,,,
,1:57,,4,4,9,,,,19,3,"Timeout SCS",,,,,,,,,,,,,,,,,,,,,,,,,,,,,,,,,,,,,,,,,,,,,,,,,,,,,,,,,,,,,,,,,,,,,,
PHI,1:55,"SCS 25",4,4,9,"Field Goal","FG Block",35,22,3,"4-9-SCS 25 (1:56) 14-Steve Matthews 43 yard field goal is GOOD. PHI 22 SCS 3",,,,,,,,,,,,,,,,,,,,,,,,,,,,,,,,,,,,"#15 Bryant Smith - QB","#52 Edward Campbell - LG",,,,,,,,,,,,,,"#14 Steve Matthews - K","#53 James Skinner - LT","#72 Robert Roy - RG","#68 Luis McKinney - LG","#9 Alfredo Montoya - WR","#78 Terrence George - C","#60 James Rivera - RT","#79 Curt Beauvais - RT","#64 Chester Cribb - RG","#67 Fred McKenzie - LDE","#90 John Rowe - MLB","#96 Ervin Matson - SLB","#95 Mark Vasquez - WLB","#99 Donald Ocasio - DT","#59 Bruce Koenig - MLB","#61 James Nichol - DT","#94 Adam Green - SLB","#77 Jeffrey Tate - RDE","#51 Luke Walcott - MLB","#73 Robert McMeans - LDE"
PHI,1:52,"PHI 35",4,6,10,Kickoff,"Kick Return",,22,3,"(1:53) 14-Steve Matthews kicks 74 yards from PHI 35 to SCS -9. Touchback.",,,,,,,,,,,,,,,,,,,,,,,,,,,,,,,,,,,,,,"#49 Franklin Benevides - RB",,"#77 Jeffrey Tate - RDE","#29 Leon Wyatt - WLB","#67 Fred McKenzie - LDE","#96 Ervin Matson - SLB","#90 John Rowe - MLB","#29 Antonio Delcastillo - FS","#43 Marty Johnson - CB","#95 Mark Vasquez - WLB","#44 Tanner Ontiveros - CB","#99 Donald Ocasio - DT","#14 Steve Matthews - K",,,,,,,,,,,,,,,,,,,,
SCS,1:52,"SCS 25",4,1,10,"I Formation Normal PA Streaks","4-3 Normal Man Under 1",-7,22,3,"1-10-SCS 25 (1:53) 8-John Barrios sacked at SCS 18 for -7 yards (93-Daniel Roberts). Sack allowed by 71-Mark Nielsen.","#8 John Barrios - QB","#36 Juan Francis - RB",,,"#35 Thomas Frazier - FB","#82 Donald Maclennan - TE",,"#11 Jonathan Phillips - WR",,"#16 Thomas Kellogg - WR",,,"#78 Joseph Timmerman - LT","#50 Herbert Landers - LG","#72 Mohammed Maher - C","#55 Michael Becker - RG","#71 Mark Nielsen - RT",,"#93 Daniel Roberts - LDE",,"#71 Calvin Vanmatre - DT","#69 Brian Porter - DT","#58 Roger Cruz - RDE","#45 Arthur Brown - SLB","#99 Edward Lowe - WLB",,"#55 Jonathon Damico - MLB","#29 Mark Southern - CB","#33 Jimmie McNeal - CB",,,,"#36 Dennis Howell - SS","#44 Lewis Gomez - FS",,,,,,,,,,,,,,,,,,,,,,,,,,,,,,,,,,,,
SCS,1:33,"SCS 18",4,2,17,"Singleback Big WR Deep","3-4 Normal Man Cover 1",,22,3,"2-17-SCS 18 (1:32) 8-John Barrios pass Pass knocked down by 29-Mark Southern. incomplete, intended for 82-Donald Maclennan. SCS 72-Mohammed Maher was injured on the play.","#8 John Barrios - QB","#49 Franklin Benevides - RB",,,,"#82 Donald Maclennan - TE","#47 Philip Curry - RB","#11 Jonathan Phillips - WR",,"#16 Thomas Kellogg - WR",,,"#78 Joseph Timmerman - LT","#50 Herbert Landers - LG","#72 Mohammed Maher - C","#55 Michael Becker - RG","#71 Mark Nielsen - RT",,"#93 Daniel Roberts - LDE",,"#71 Calvin Vanmatre - DT",,"#58 Roger Cruz - RDE","#99 Edward Lowe - WLB","#29 Mark Southern - CB","#59 John Visser - MLB","#45 Arthur Brown - SLB","#27 Edward Mays - CB","#33 Jimmie McNeal - CB",,,,"#36 Dennis Howell - SS","#44 Lewis Gomez - FS",,,,,,,,,,,,,,,,,,,,,,,,,,,,,,,,,,,,
SCS,1:28,"SCS 18",4,3,17,"Split Backs 3 Wide WR Quick Out","Dime Flat Man Cover 1",,22,3,"3-17-SCS 18 (1:29) 8-John Barrios pass INTERCEPTED by 36-Dennis Howell at SCS 20. 36-Dennis Howell to SCS 19 for 1 yards. Tackle by 35-Thomas Frazier.","#8 John Barrios - QB","#49 Franklin Benevides - RB",,,"#35 Thomas Frazier - FB",,,"#12 Omar Robinson - WR","#87 Willard Wood - WR","#81 Thomas Free - WR",,,"#78 Joseph Timmerman - LT","#50 Herbert Landers - LG","#52 Blake Harper - C","#55 Michael Becker - RG","#71 Mark Nielsen - RT",,"#93 Daniel Roberts - LDE",,"#71 Calvin Vanmatre - DT","#69 Brian Porter - DT","#58 Roger Cruz - RDE",,"#55 Jonathon Damico - MLB",,,"#27 Edward Mays - CB","#26 DeAndre Utley - CB","#33 Jimmie McNeal - CB","#21 Randall Murray - CB",,"#36 Dennis Howell - SS","#40 Robbie Torres - FS",,,,,,,,,,,,,,,,,,,,,,,,,,,,,,,,,,,,
PHI,1:26,"SCS 19",4,1,10,"Singleback Big WR Deep","4-3 Under Crash Left",,22,3,"1-10-SCS 19 (1:27) 17-Joel Jasso pass Pass knocked down by 39-Patrick West. incomplete, intended for 88-Mark Metzinger.","#17 Joel Jasso - QB","#24 Stanley Martinez - RB",,,,"#9 Alfredo Montoya - WR","#83 Richard Maciejewski - TE","#88 Mark Metzinger - WR",,"#13 Mitchell Allen - WR",,,"#53 James Skinner - LT","#52 Edward Campbell - LG","#78 Terrence George - C","#72 Robert Roy - RG","#60 James Rivera - RT",,"#67 Fred McKenzie - LDE",,"#61 James Nichol - DT","#99 Donald Ocasio - DT","#77 Jeffrey Tate - RDE","#96 Ervin Matson - SLB","#90 John Rowe - MLB",,"#95 Mark Vasquez - WLB","#43 Marty Johnson - CB","#44 Tanner Ontiveros - CB",,,,"#39 Patrick West - SS","#29 Antonio Delcastillo - FS",,,,,,,,,,,,,,,,,,,,,,,,,,,,,,,,,,,,
PHI,1:22,"SCS 19",4,2,10,"I Formation Power Play Action HB Downfield","Goal Line 3 Deep Man",1,22,3,"2-10-SCS 19 (1:23) 17-Joel Jasso pass complete to 9-Alfredo Montoya to SCS 18 for 1 yards. Tackle by 73-Robert McMeans.","#17 Joel Jasso - QB","#9 Alfredo Montoya - WR",,"#43 Arnold Mullen - RB","#81 John Guillory - FB","#12 Roderick Uribe - WR",,"#11 Ryan Davis - WR",,,,,"#53 James Skinner - LT","#52 Edward Campbell - LG","#78 Terrence George - C","#72 Robert Roy - RG","#60 James Rivera - RT",,"#67 Fred McKenzie - LDE","#73 Robert McMeans - LDE","#61 James Nichol - DT","#99 Donald Ocasio - DT","#77 Jeffrey Tate - RDE","#96 Ervin Matson - SLB","#90 John Rowe - MLB",,"#95 Mark Vasquez - WLB","#43 Marty Johnson - CB","#44 Tanner Ontiveros - CB",,,,"#39 Patrick West - SS",,,,,,,,,,,,,,,,,,,,,,,,,,,,,,,,,,,,,
,1:18,,4,3,9,,,,22,3,"Timeout SCS",,,,,,,,,,,,,,,,,,,,,,,,,,,,,,,,,,,,,,,,,,,,,,,,,,,,,,,,,,,,,,,,,,,,,,
PHI,1:15,"SCS 18",4,3,9,"Shotgun Normal HB Flare","Nickel Normal Double LB Blitz",14,22,3,"3-9-SCS 18 (1:16) 17-Joel Jasso pass complete to 11-Ryan Davis to SCS 4 for 14 yards. Tackle by 43-Marty Johnson.","#17 Joel Jasso - QB","#24 Stanley Martinez - RB",,,,"#13 Mitchell Allen - WR",,"#88 Mark Metzinger - WR","#12 Roderick Uribe - WR","#11 Ryan Davis - WR",,,"#53 James Skinner - LT","#52 Edward Campbell - LG","#78 Terrence George - C","#72 Robert Roy - RG","#60 James Rivera - RT",,"#67 Fred McKenzie - LDE",,"#61 James Nichol - DT","#99 Donald Ocasio - DT","#77 Jeffrey Tate - RDE",,"#51 Luke Walcott - MLB",,"#29 Leon Wyatt - WLB","#21 Richard Moore - CB","#43 Marty Johnson - CB",,"#44 Tanner Ontiveros - CB",,"#97 James Chapman - FS","#29 Antonio Delcastillo - FS",,,,,,,,,,,,,,,,,,,,,,,,,,,,,,,,,,,,
,1:12,,4,1,4,,,,22,3,"Timeout SCS",,,,,,,,,,,,,,,,,,,,,,,,,,,,,,,,,,,,,,,,,,,,,,,,,,,,,,,,,,,,,,,,,,,,,,
PHI,1:09,"SCS 4",4,1,4,Victory,"Quarter Normal CB3 CB5 Blitz",,22,3,"1-4-SCS 4 (1:10) 17-Joel Jasso kneeled down to SCS 4 for -0 yards.","#17 Joel Jasso - QB","#9 Alfredo Montoya - WR",,"#43 Arnold Mullen - RB","#81 John Guillory - FB","#83 Richard Maciejewski - TE","#87 Charles Thompson - TE",,,,,,"#53 James Skinner - LT","#52 Edward Campbell - LG","#78 Terrence George - C","#72 Robert Roy - RG","#60 James Rivera - RT",,"#67 Fred McKenzie - LDE",,"#61 James Nichol - DT",,"#77 Jeffrey Tate - RDE",,"#90 John Rowe - MLB",,,"#43 Marty Johnson - CB","#44 Tanner Ontiveros - CB","#97 James Chapman - FS","#21 Richard Moore - CB","#29 Leon Wyatt - WLB","#39 Patrick West - SS","#29 Antonio Delcastillo - FS",,,,,,,,,,,,,,,,,,,,,,,,,,,,,,,,,,,,
PHI,0:36,"SCS 4",4,2,4,Victory,"Quarter Normal CB3 CB5 Blitz",,22,3,"2-4-SCS 4 (0:35) 17-Joel Jasso kneeled down to SCS 4 for -0 yards.","#17 Joel Jasso - QB","#9 Alfredo Montoya - WR",,"#43 Arnold Mullen - RB","#81 John Guillory - FB","#83 Richard Maciejewski - TE","#87 Charles Thompson - TE",,,,,,"#53 James Skinner - LT","#52 Edward Campbell - LG","#78 Terrence George - C","#72 Robert Roy - RG","#60 James Rivera - RT",,"#67 Fred McKenzie - LDE",,"#61 James Nichol - DT",,"#77 Jeffrey Tate - RDE",,"#90 John Rowe - MLB",,,"#43 Marty Johnson - CB","#44 Tanner Ontiveros - CB","#97 James Chapman - FS","#21 Richard Moore - CB","#29 Leon Wyatt - WLB","#39 Patrick West - SS","#29 Antonio Delcastillo - FS",,,,,,,,,,,,,,,,,,,,,,,,,,,,,,,,,,,,
PHI,0:05,"SCS 4",4,3,4,Victory,"Quarter Normal CB3 CB5 Blitz",,22,3,"3-4-SCS 4 (0:04) 17-Joel Jasso kneeled down to SCS 4 for -0 yards.","#17 Joel Jasso - QB","#9 Alfredo Montoya - WR",,"#43 Arnold Mullen - RB","#81 John Guillory - FB","#83 Richard Maciejewski - TE","#87 Charles Thompson - TE",,,,,,"#53 James Skinner - LT","#52 Edward Campbell - LG","#78 Terrence George - C","#72 Robert Roy - RG","#60 James Rivera - RT",,"#67 Fred McKenzie - LDE",,"#61 James Nichol - DT",,"#77 Jeffrey Tate - RDE",,"#90 John Rowe - MLB",,,"#43 Marty Johnson - CB","#44 Tanner Ontiveros - CB","#97 James Chapman - FS","#21 Richard Moore - CB","#29 Leon Wyatt - WLB","#39 Patrick West - SS","#29 Antonio Delcastillo - FS",,,,,,,,,,,,,,,,,,,,,,,,,,,,,,,,,,,,
,0:00,,4,4,4,,,,22,3,"End of fourth quarter.",,,,,,,,,,,,,,,,,,,,,,,,,,,,,,,,,,,,,,,,,,,,,,,,,,,,,,,,,,,,,,,,,,,,,,
