HasBall,"Game Clock","Ball @",Quarter,Down,YTG,OffensivePlay,DefensivePlay,YardsGained,"Home Score","Away Score",Text,QB1,RB1,RB2,FB2,FB1,TE1,TE2,WR1,WR3,WR2,WR4,WR5,LT1,LG1,C1,RG1,RT1,P1,LDE1,LDE2,DT1,DT2,RDE1,SLB1,MLB1,MLB2,WLB1,CB1,CB2,CB4,CB3,CB5,SS1,FS1,FS2,"Kick Holder1","Long Snapper1","Kick Returner1","Punt Returner1",Gunner10,Gunner7,Gunner2,Gunner6,Gunner1,Gunner8,Gunner3,Gunner4,Gunner9,Gunner5,Kickoffs1,"Field Goal Kicker1","ST Blocker8","ST Blocker5","ST Blocker4","ST Blocker1","ST Blocker2","ST Blocker3","ST Blocker6","ST Blocker7","ST Rusher4","ST Rusher1","ST Rusher2","ST Rusher3","ST Rusher11","ST Rusher10","ST Rusher9","ST Rusher6","ST Rusher5","ST Rusher7","ST Rusher8"
,15:00,,1,2,8,,,,0,0,"SFO has won the toss and elected to receive.",,,,,,,,,,,,,,,,,,,,,,,,,,,,,,,,,,,,,,,,,,,,,,,,,,,,,,,,,,,,,,,,,,,,,,
LAX,15:00,"LAX 35",1,6,10,Kickoff,"Kick Return",,0,0,"(15:00) 5-George Heywood kicks 75 yards from LAX 35 to SFO -10. Touchback.",,,,,,,,,,,,,,,,,,,,,,,,,,,,,,,,,,,,,,"#89 Larry Bruner - WR",,"#90 Scott Morton - DT","#98 Gary Bates - RDE","#25 Jeffrey Campbell - CB","#27 Josh Mathis - CB","#48 Ramon Price - CB","#71 Robert Owens - LDE","#92 Gregory Dupree - MLB","#93 Harold Holt - WLB","#51 Raymond Winans - RDE","#40 Robert Roland - CB","#5 George Heywood - K",,,,,,,,,,,,,,,,,,,,
SFO,15:00,"SFO 25",1,1,10,"Strong I Normal HB Off Tackle Strong","4-3 Normal Man OLB Flat Zone",2,0,0,"1-10-SFO 25 (15:00) 89-Larry Bruner ran to SFO 27 for 2 yards. Tackle by 96-Gabriel Hughes.","#8 Kenneth Rainey - QB","#89 Larry Bruner - WR",,,"#42 Andrew Piper - LT","#80 Frank Cherry - WR",,"#13 Jeffrey Lacey - WR",,"#16 Philip Robinson - WR",,,"#69 Edward McElroy - C","#74 Sean Davenport - RT","#70 Ignacio Graham - C","#66 Edward Jarrell - RG","#52 Keith Young - RT",,"#96 Gabriel Hughes - RDE",,"#71 Donald Moore - DT","#63 Jimmy Jara - DT","#67 Lawrence Richardson - RDE","#97 Russell Melendez - MLB","#52 Andrew Johnson - SLB",,"#22 Thomas Henderson - WLB","#27 Thomas Flores - CB","#27 Richard Hutchens - CB",,,,"#43 Anthony Johnson - CB","#38 Carlo Chambers - SS",,,,,,,,,,,,,,,,,,,,,,,,,,,,,,,,,,,,
SFO,14:21,"SFO 27",1,2,8,"I Formation 3WR Slot Short WR Deep","Nickel Normal Man Zone",9,0,0,"2-8-SFO 27 (14:20) 17-Kenneth Rainey pass complete to 83-Marvin Castro to SFO 35 for 9 yards. Tackle by 43-Anthony Johnson.","#8 Kenneth Rainey - QB","#89 Larry Bruner - WR",,,"#42 Andrew Piper - LT",,,"#13 Jeffrey Lacey - WR","#83 Marvin Castro - WR","#16 Philip Robinson - WR",,,"#69 Edward McElroy - C","#74 Sean Davenport - RT","#70 Ignacio Graham - C","#66 Edward Jarrell - RG","#52 Keith Young - RT",,"#96 Gabriel Hughes - RDE",,"#71 Donald Moore - DT","#63 Jimmy Jara - DT","#67 Lawrence Richardson - RDE",,"#52 Andrew Johnson - SLB",,"#22 Thomas Henderson - WLB","#27 Thomas Flores - CB","#27 Richard Hutchens - CB",,"#26 Floyd Price - CB",,"#43 Anthony Johnson - CB","#38 Carlo Chambers - SS",,,,,,,,,,,,,,,,,,,,,,,,,,,,,,,,,,,,
SFO,13:39,"SFO 35",1,1,10,"I Formation 3WR FL Post","Nickel 3-3-5 Cover 2 Man Under",11,0,0,"1-10-SFO 35 (13:38) 17-Kenneth Rainey pass complete to 16-Philip Robinson to SFO 46 for 11 yards. Tackle by 27-Richard Hutchens.","#8 Kenneth Rainey - QB","#89 Larry Bruner - WR",,,"#42 Andrew Piper - LT",,,"#13 Jeffrey Lacey - WR","#83 Marvin Castro - WR","#16 Philip Robinson - WR",,,"#69 Edward McElroy - C","#74 Sean Davenport - RT","#70 Ignacio Graham - C","#66 Edward Jarrell - RG","#52 Keith Young - RT",,"#96 Gabriel Hughes - RDE",,"#71 Donald Moore - DT",,"#67 Lawrence Richardson - RDE","#97 Russell Melendez - MLB","#52 Andrew Johnson - SLB",,"#22 Thomas Henderson - WLB","#27 Thomas Flores - CB","#27 Richard Hutchens - CB",,"#26 Floyd Price - CB",,"#43 Anthony Johnson - CB","#38 Carlo Chambers - SS",,,,,,,,,,,,,,,,,,,,,,,,,,,,,,,,,,,,
SFO,13:02,"SFO 46",1,1,10,"Singleback Normal HB Counter Weak","4-3 Normal Double WR1",-2,0,0,"1-10-SFO 46 (13:01) 89-Larry Bruner ran to SFO 45 for -2 yards. Tackle by 22-Thomas Henderson.","#8 Kenneth Rainey - QB","#89 Larry Bruner - WR",,,,"#80 Frank Cherry - WR",,"#13 Jeffrey Lacey - WR","#83 Marvin Castro - WR","#16 Philip Robinson - WR",,,"#69 Edward McElroy - C","#74 Sean Davenport - RT","#70 Ignacio Graham - C","#66 Edward Jarrell - RG","#52 Keith Young - RT",,"#96 Gabriel Hughes - RDE",,"#71 Donald Moore - DT","#63 Jimmy Jara - DT","#67 Lawrence Richardson - RDE","#97 Russell Melendez - MLB","#52 Andrew Johnson - SLB",,"#22 Thomas Henderson - WLB","#27 Thomas Flores - CB","#27 Richard Hutchens - CB",,,,"#43 Anthony Johnson - CB","#38 Carlo Chambers - SS",,,,,,,,,,,,,,,,,,,,,,,,,,,,,,,,,,,,
SFO,12:20,"SFO 45",1,2,12,"Weak I Normal Fullback Counter Weak","4-3 Normal Man OLB Flat Zone",3,0,0,"2-12-SFO 45 (12:19) 42-Andrew Piper ran to SFO 48 for 3 yards. Tackle by 22-Thomas Henderson. LAX 96-Gabriel Hughes was injured on the play. He looks like he should be able to return.","#8 Kenneth Rainey - QB","#89 Larry Bruner - WR",,,"#42 Andrew Piper - LT","#80 Frank Cherry - WR",,"#13 Jeffrey Lacey - WR",,"#16 Philip Robinson - WR",,,"#69 Edward McElroy - C","#74 Sean Davenport - RT","#70 Ignacio Graham - C","#66 Edward Jarrell - RG","#52 Keith Young - RT",,"#96 Gabriel Hughes - RDE",,"#71 Donald Moore - DT","#63 Jimmy Jara - DT","#67 Lawrence Richardson - RDE","#97 Russell Melendez - MLB","#52 Andrew Johnson - SLB",,"#22 Thomas Henderson - WLB","#27 Thomas Flores - CB","#27 Richard Hutchens - CB",,,,"#43 Anthony Johnson - CB","#38 Carlo Chambers - SS",,,,,,,,,,,,,,,,,,,,,,,,,,,,,,,,,,,,
SFO,11:41,"SFO 48",1,3,9,"Singleback Normal HB Release Mid","Nickel Normal Man Cover 2",9,0,0,"3-9-SFO 48 (11:40) 17-Kenneth Rainey pass complete to 89-Larry Bruner to LAX 43 for 9 yards. Tackle by 22-Thomas Henderson. 89-Larry Bruner breaks down the CB. PENALTY - Pass Interference (LAX 22-Thomas Henderson) (Declined)","#8 Kenneth Rainey - QB","#89 Larry Bruner - WR",,,,"#80 Frank Cherry - WR",,"#13 Jeffrey Lacey - WR","#83 Marvin Castro - WR","#16 Philip Robinson - WR",,,"#69 Edward McElroy - C","#74 Sean Davenport - RT","#70 Ignacio Graham - C","#66 Edward Jarrell - RG","#52 Keith Young - RT",,"#65 Fred Edmiston - DT",,"#71 Donald Moore - DT","#63 Jimmy Jara - DT","#67 Lawrence Richardson - RDE",,"#52 Andrew Johnson - SLB",,"#22 Thomas Henderson - WLB","#27 Thomas Flores - CB","#27 Richard Hutchens - CB",,"#26 Floyd Price - CB",,"#43 Anthony Johnson - CB","#38 Carlo Chambers - SS",,,,,,,,,,,,,,,,,,,,,,,,,,,,,,,,,,,,
SFO,11:36,"LAX 43",1,1,10,"Strong I Normal HB Off Tackle Strong","4-3 Normal Man OLB Flat Zone",11,0,0,"1-10-LAX 43 (11:37) 88-Raymond Kelly ran to LAX 32 for 11 yards. Tackle by 41-Thomas Flores.","#8 Kenneth Rainey - QB","#88 Raymond Kelly - WR",,,"#42 Andrew Piper - LT","#80 Frank Cherry - WR",,"#13 Jeffrey Lacey - WR",,"#16 Philip Robinson - WR",,,"#69 Edward McElroy - C","#74 Sean Davenport - RT","#70 Ignacio Graham - C","#66 Edward Jarrell - RG","#52 Keith Young - RT",,"#65 Fred Edmiston - DT",,"#71 Donald Moore - DT","#63 Jimmy Jara - DT","#67 Lawrence Richardson - RDE","#97 Russell Melendez - MLB","#52 Andrew Johnson - SLB",,"#22 Thomas Henderson - WLB","#27 Thomas Flores - CB","#27 Richard Hutchens - CB",,,,"#43 Anthony Johnson - CB","#38 Carlo Chambers - SS",,,,,,,,,,,,,,,,,,,,,,,,,,,,,,,,,,,,
SFO,11:00,"LAX 32",1,1,10,"Singleback Normal HB Release Mid","Goal Line Attack #2",16,0,0,"1-10-LAX 32 (10:59) 17-Kenneth Rainey pass complete to 83-Marvin Castro to LAX 15 for 16 yards. Tackle by 43-Anthony Johnson. Pressure by 52-Andrew Johnson. 43-Anthony Johnson got away with a hold on that play.","#8 Kenneth Rainey - QB","#89 Larry Bruner - WR",,,,"#80 Frank Cherry - WR",,"#13 Jeffrey Lacey - WR","#83 Marvin Castro - WR","#16 Philip Robinson - WR",,,"#69 Edward McElroy - C","#74 Sean Davenport - RT","#70 Ignacio Graham - C","#66 Edward Jarrell - RG","#52 Keith Young - RT",,"#65 Fred Edmiston - DT","#99 Walter Klaus - LDE","#71 Donald Moore - DT","#63 Jimmy Jara - DT","#67 Lawrence Richardson - RDE","#97 Russell Melendez - MLB","#52 Andrew Johnson - SLB",,"#91 Terence Averill - WLB","#27 Thomas Flores - CB","#27 Richard Hutchens - CB",,,,"#43 Anthony Johnson - CB",,,,,,,,,,,,,,,,,,,,,,,,,,,,,,,,,,,,,
SFO,10:24,"LAX 15",1,1,10,"Split Backs 3 Wide Dive Left","Nickel Normal Man Zone",13,0,0,"1-10-LAX 15 (10:23) 42-Andrew Piper ran to LAX 2 for 13 yards. Tackle by 26-Floyd Price.","#8 Kenneth Rainey - QB","#88 Raymond Kelly - WR",,,"#42 Andrew Piper - LT",,,"#83 Marvin Castro - WR","#89 Larry Bruner - WR","#85 Jorge Fries - WR",,,"#69 Edward McElroy - C","#74 Sean Davenport - RT","#70 Ignacio Graham - C","#66 Edward Jarrell - RG","#52 Keith Young - RT",,"#65 Fred Edmiston - DT",,"#71 Donald Moore - DT","#63 Jimmy Jara - DT","#67 Lawrence Richardson - RDE",,"#52 Andrew Johnson - SLB",,"#22 Thomas Henderson - WLB","#27 Thomas Flores - CB","#27 Richard Hutchens - CB",,"#26 Floyd Price - CB",,"#43 Anthony Johnson - CB","#38 Carlo Chambers - SS",,,,,,,,,,,,,,,,,,,,,,,,,,,,,,,,,,,,
SFO,9:45,"LAX 2",1,1,2,"Singleback Slot Strong HB Counter","4-3 Normal Double WR1",-2,0,0,"1-2-LAX 2 (9:44) 89-Larry Bruner ran to LAX 4 for -2 yards. Tackle by 67-Lawrence Richardson.","#8 Kenneth Rainey - QB","#89 Larry Bruner - WR",,,,"#80 Frank Cherry - WR",,"#13 Jeffrey Lacey - WR","#83 Marvin Castro - WR","#16 Philip Robinson - WR",,,"#69 Edward McElroy - C","#74 Sean Davenport - RT","#70 Ignacio Graham - C","#66 Edward Jarrell - RG","#52 Keith Young - RT",,"#65 Fred Edmiston - DT",,"#71 Donald Moore - DT","#63 Jimmy Jara - DT","#67 Lawrence Richardson - RDE","#97 Russell Melendez - MLB","#52 Andrew Johnson - SLB",,"#22 Thomas Henderson - WLB","#27 Richard Hutchens - CB","#26 Floyd Price - CB",,,,"#43 Anthony Johnson - CB","#38 Carlo Chambers - SS",,,,,,,,,,,,,,,,,,,,,,,,,,,,,,,,,,,,
SFO,9:05,"LAX 4",1,2,4,"Singleback Slot Strong HB Counter","Goal Line Attack #1",-3,0,0,"2-4-LAX 4 (9:04) 89-Larry Bruner ran to LAX 7 for -3 yards. Tackle by 65-Fred Edmiston.","#8 Kenneth Rainey - QB","#89 Larry Bruner - WR",,,,"#80 Frank Cherry - WR",,"#13 Jeffrey Lacey - WR","#83 Marvin Castro - WR","#16 Philip Robinson - WR",,,"#69 Edward McElroy - C","#74 Sean Davenport - RT","#70 Ignacio Graham - C","#66 Edward Jarrell - RG","#52 Keith Young - RT",,"#65 Fred Edmiston - DT","#99 Walter Klaus - LDE","#71 Donald Moore - DT","#63 Jimmy Jara - DT","#67 Lawrence Richardson - RDE","#97 Russell Melendez - MLB","#52 Andrew Johnson - SLB",,"#22 Thomas Henderson - WLB","#27 Thomas Flores - CB","#27 Richard Hutchens - CB",,,,"#43 Anthony Johnson - CB",,,,,,,,,,,,,,,,,,,,,,,,,,,,,,,,,,,,,
SFO,8:27,"LAX 7",1,3,7,"Singleback Normal HB Release Mid","Nickel Normal Double WR2",11,0,6,"3-7-LAX 7 (8:26) 17-Kenneth Rainey pass complete to 16-Philip Robinson for 7 yards. TOUCHDOWN! 27-Richard Hutchens got away with a hold on that play. PENALTY - Pass Interference (LAX 38-Carlo Chambers) (Declined) LAX 0 SFO 6","#8 Kenneth Rainey - QB","#89 Larry Bruner - WR",,,,"#80 Frank Cherry - WR",,"#13 Jeffrey Lacey - WR","#83 Marvin Castro - WR","#16 Philip Robinson - WR",,,"#69 Edward McElroy - C","#74 Sean Davenport - RT","#70 Ignacio Graham - C","#66 Edward Jarrell - RG","#52 Keith Young - RT",,"#65 Fred Edmiston - DT",,"#71 Donald Moore - DT","#63 Jimmy Jara - DT","#67 Lawrence Richardson - RDE",,"#91 Terence Averill - WLB",,"#52 Andrew Johnson - SLB","#27 Thomas Flores - CB","#27 Richard Hutchens - CB",,"#26 Floyd Price - CB",,"#43 Anthony Johnson - CB","#38 Carlo Chambers - SS",,,,,,,,,,,,,,,,,,,,,,,,,,,,,,,,,,,,
SFO,8:21,"LAX 15",1,7,15,"Field Goal","FG Block",25,0,7,"(8:22) Extra point GOOD by 6-Jeffery Jarvis. LAX 0 SFO 7",,,,,,,,,,,,,,,,,,,,,,,,,,,,,,,,,,,,"#36 Justin Archer - CB","#74 Sean Davenport - RT",,,,,,,,,,,,,,"#6 Jeffery Jarvis - K","#70 Ignacio Graham - C","#31 Terrance Holley - LT","#69 Edward McElroy - C","#68 Perry Crawford - C","#42 Andrew Piper - LT","#61 Mark Schlereth - LG","#66 Edward Jarrell - RG","#52 Keith Young - RT","#72 Morris Gilbertson - DT","#65 Fred Edmiston - DT","#91 Terence Averill - WLB","#99 Walter Klaus - LDE","#43 Anthony Johnson - CB","#97 Russell Melendez - MLB","#71 Donald Moore - DT","#31 Tony Fales - CB","#67 Lawrence Richardson - RDE","#52 Andrew Johnson - SLB","#38 Carlo Chambers - SS"
SFO,8:21,"SFO 35",1,6,10,Kickoff,"Kick Return",,0,7,"(8:22) 6-Jeffery Jarvis kicks 70 yards from SFO 35 to LAX -5. 21-Clifton Brady to LAX 19 for 24 yards. Tackle by 48-Ramon Price.",,,,,,,,,,,,,,,,,,,,,,,,,,,,,,,,,,,,,,"#21 Clifton Brady - WR",,"#81 Steven Bohm - TE","#51 Alberto Watkins - SLB","#36 Mitchell Taylor - SS","#65 Fred Edmiston - DT","#98 Joseph Hammer - MLB","#72 Morris Gilbertson - DT","#39 Terrence Noguera - FS","#26 Floyd Price - CB","#24 Erasmo Christopherso - RB","#91 Terence Averill - WLB","#6 Jeffery Jarvis - K",,,,,,,,,,,,,,,,,,,,
LAX,8:17,"LAX 19",1,1,10,"I Formation Normal HB Dive","4-3 Normal Double Safety Blitz",4,0,7,"1-10-LAX 19 (8:18) 46-Vincent Whitaker ran to LAX 23 for 4 yards. Tackle by 34-Kieth Davis.","#15 Ernest Williams - QB","#46 Vincent Whitaker - WR",,,"#37 Mark Kaufman - FB","#84 Randall Blanton - TE",,"#17 Derek Burch - WR",,"#88 Ignacio Lake - WR",,,"#74 Timothy Trussell - LG","#68 David Humphreys - LT","#79 Salvador Wilson - C","#77 Mark Bryant - RT","#76 Tony Jackson - LG",,"#98 Gary Bates - RDE",,"#50 Buck  Dharma - DT","#71 Robert Owens - LDE","#90 Scott Morton - DT","#57 Joseph Langston - MLB","#92 Gregory Dupree - MLB",,"#93 Harold Holt - WLB","#48 Ramon Price - CB","#25 Jeffrey Campbell - CB",,,,"#34 Kieth Davis - SS","#77 David Martel - CB",,,,,,,,,,,,,,,,,,,,,,,,,,,,,,,,,,,,
LAX,7:34,"LAX 23",1,2,6,"Strong I Normal HB Off Tackle Strong","4-3 Normal Man OLB Flat Zone",4,0,7,"2-6-LAX 23 (7:33) 46-Vincent Whitaker ran to LAX 27 for 4 yards. Tackle by 57-Joseph Langston.","#15 Ernest Williams - QB","#46 Vincent Whitaker - WR",,,"#37 Mark Kaufman - FB","#84 Randall Blanton - TE",,"#17 Derek Burch - WR",,"#21 Clifton Brady - WR",,,"#74 Timothy Trussell - LG","#68 David Humphreys - LT","#79 Salvador Wilson - C","#77 Mark Bryant - RT","#76 Tony Jackson - LG",,"#98 Gary Bates - RDE",,"#50 Buck  Dharma - DT","#71 Robert Owens - LDE","#90 Scott Morton - DT","#57 Joseph Langston - MLB","#92 Gregory Dupree - MLB",,"#93 Harold Holt - WLB","#48 Ramon Price - CB","#25 Jeffrey Campbell - CB",,,,"#34 Kieth Davis - SS","#77 David Martel - CB",,,,,,,,,,,,,,,,,,,,,,,,,,,,,,,,,,,,
LAX,6:50,"LAX 27",1,3,2,"Shotgun 2 RB 3 WR Shotgun Dive","4-3 Under Double LB Blitz",1,0,7,"3-2-LAX 27 (6:49) 46-Vincent Whitaker ran to LAX 27 for a short gain. 46-Vincent Whitaker FUMBLES (57-Joseph Langston) recovered by LAX-68-David Humphreys at LAX 27. Tackle by 57-Joseph Langston.","#15 Ernest Williams - QB","#46 Vincent Whitaker - WR","#24 Erasmo Christopherso - RB",,,,,"#17 Derek Burch - WR","#88 Ignacio Lake - WR","#21 Clifton Brady - WR",,,"#74 Timothy Trussell - LG","#68 David Humphreys - LT","#79 Salvador Wilson - C","#77 Mark Bryant - RT","#76 Tony Jackson - LG",,"#98 Gary Bates - RDE",,"#50 Buck  Dharma - DT","#71 Robert Owens - LDE","#90 Scott Morton - DT","#57 Joseph Langston - MLB","#92 Gregory Dupree - MLB",,"#93 Harold Holt - WLB","#48 Ramon Price - CB","#25 Jeffrey Campbell - CB",,,,"#34 Kieth Davis - SS","#77 David Martel - CB",,,,,,,,,,,,,,,,,,,,,,,,,,,,,,,,,,,,
LAX,6:15,"LAX 27",1,4,1,Punt,"Punt Return",,0,7,"4-1-LAX 27 (6:14) 13-Thomas Middleton punts 45 yards to SFO 27. Fair Catch by 89-Larry Bruner.",,,,,,,,,,,,,,,,,,"#13 Thomas Middleton - P",,,,,,,,,,,,,,,,,,,"#50 Raymond Thrasher - RT",,"#89 Larry Bruner - WR",,,"#25 Jeffrey Campbell - CB","#27 Josh Mathis - CB","#48 Ramon Price - CB",,"#92 Gregory Dupree - MLB","#93 Harold Holt - WLB",,"#40 Robert Roland - CB",,,,"#72 Morris Gilbertson - DT","#37 Mark Kaufman - FB","#81 Steven Bohm - TE","#58 Raymond Coleman - LG","#61 Matthew Moore - RT","#83 John Hopkins - TE",,"#98 Gary Bates - RDE","#71 Robert Owens - LDE","#56 Thomas Davis - DT","#90 Scott Morton - DT",,,,,,,
SFO,6:07,"SFO 27",1,1,10,"I Formation Normal Max Protect","4-3 Normal Man OLB Flat Zone",,0,7,"1-10-SFO 27 (6:08) 17-Kenneth Rainey pass incomplete, intended for 13-Jeffrey Lacey.","#8 Kenneth Rainey - QB","#89 Larry Bruner - WR",,,"#42 Andrew Piper - LT","#80 Frank Cherry - WR",,"#13 Jeffrey Lacey - WR",,"#16 Philip Robinson - WR",,,"#69 Edward McElroy - C","#74 Sean Davenport - RT","#70 Ignacio Graham - C","#66 Edward Jarrell - RG","#52 Keith Young - RT",,"#96 Gabriel Hughes - RDE",,"#71 Donald Moore - DT","#63 Jimmy Jara - DT","#67 Lawrence Richardson - RDE","#97 Russell Melendez - MLB","#52 Andrew Johnson - SLB",,"#22 Thomas Henderson - WLB","#27 Thomas Flores - CB","#27 Richard Hutchens - CB",,,,"#43 Anthony Johnson - CB","#38 Carlo Chambers - SS",,,,,,,,,,,,,,,,,,,,,,,,,,,,,,,,,,,,
SFO,6:03,"SFO 27",1,2,10,"Singleback Normal HB Counter Weak","46 Heavy 2 Deep Man Under",3,0,7,"2-10-SFO 27 (6:04) 89-Larry Bruner ran to SFO 30 for 3 yards. Tackle by 67-Lawrence Richardson.","#8 Kenneth Rainey - QB","#89 Larry Bruner - WR",,,,"#80 Frank Cherry - WR",,"#13 Jeffrey Lacey - WR","#83 Marvin Castro - WR","#16 Philip Robinson - WR",,,"#69 Edward McElroy - C","#74 Sean Davenport - RT","#70 Ignacio Graham - C","#66 Edward Jarrell - RG","#52 Keith Young - RT",,"#96 Gabriel Hughes - RDE",,"#71 Donald Moore - DT","#63 Jimmy Jara - DT","#67 Lawrence Richardson - RDE","#97 Russell Melendez - MLB","#52 Andrew Johnson - SLB",,"#22 Thomas Henderson - WLB","#27 Thomas Flores - CB","#27 Richard Hutchens - CB",,,,"#43 Anthony Johnson - CB","#38 Carlo Chambers - SS",,,,,,,,,,,,,,,,,,,,,,,,,,,,,,,,,,,,
SFO,5:25,"SFO 30",1,3,7,"I Formation Normal FL Hook","4-3 Normal Man OLB Flat Zone",-8,0,7,"3-7-SFO 30 (5:24) 17-Kenneth Rainey sacked at SFO 22 for -8 yards (67-Lawrence Richardson). Sack allowed by 69-Edward McElroy. PENALTY - Holding (SFO 66-Edward Jarrell) (Declined)","#8 Kenneth Rainey - QB","#89 Larry Bruner - WR",,,"#42 Andrew Piper - LT","#80 Frank Cherry - WR",,"#13 Jeffrey Lacey - WR",,"#16 Philip Robinson - WR",,,"#69 Edward McElroy - C","#74 Sean Davenport - RT","#70 Ignacio Graham - C","#66 Edward Jarrell - RG","#52 Keith Young - RT",,"#96 Gabriel Hughes - RDE",,"#71 Donald Moore - DT","#63 Jimmy Jara - DT","#67 Lawrence Richardson - RDE","#97 Russell Melendez - MLB","#52 Andrew Johnson - SLB",,"#22 Thomas Henderson - WLB","#27 Thomas Flores - CB","#27 Richard Hutchens - CB",,,,"#43 Anthony Johnson - CB","#38 Carlo Chambers - SS",,,,,,,,,,,,,,,,,,,,,,,,,,,,,,,,,,,,
SFO,5:20,"SFO 22",1,4,16,Punt,"Punt Return",,0,7,"4-16-SFO 22 (5:21) 8-Garry Cohen punts 45 yards to LAX 33. Fair Catch by 43-Anthony Johnson. SFO 31-Terrance Holley was injured on the play. He looks like he should be able to return.",,,,,,,,,,,,,,,,,,"#8 Garry Cohen - P",,,,,,,,,,,,,,,,,,,"#74 Sean Davenport - RT",,"#43 Anthony Johnson - CB",,,"#36 Mitchell Taylor - SS","#24 Erasmo Christopherso - RB","#98 Joseph Hammer - MLB",,"#39 Terrence Noguera - FS","#26 Floyd Price - CB",,"#51 Alberto Watkins - SLB",,,,"#31 Terrance Holley - LT","#69 Edward McElroy - C","#68 Perry Crawford - C","#42 Andrew Piper - LT","#61 Mark Schlereth - LG","#66 Edward Jarrell - RG",,"#72 Morris Gilbertson - DT","#65 Fred Edmiston - DT","#91 Terence Averill - WLB","#99 Walter Klaus - LDE",,,,,,,
LAX,5:13,"LAX 33",1,1,10,"Shotgun Normal FL Slant","Nickel Normal SS Blitz",13,0,7,"1-10-LAX 33 (5:14) 15-Ernest Williams pass complete to 21-Clifton Brady to LAX 46 for 13 yards. Tackle by 25-Jeffrey Campbell.","#15 Ernest Williams - QB","#46 Vincent Whitaker - WR",,,,"#84 Randall Blanton - TE",,"#17 Derek Burch - WR","#88 Ignacio Lake - WR","#21 Clifton Brady - WR",,,"#74 Timothy Trussell - LG","#68 David Humphreys - LT","#79 Salvador Wilson - C","#77 Mark Bryant - RT","#76 Tony Jackson - LG",,"#98 Gary Bates - RDE",,"#50 Buck  Dharma - DT","#71 Robert Owens - LDE","#90 Scott Morton - DT",,"#92 Gregory Dupree - MLB",,"#93 Harold Holt - WLB","#48 Ramon Price - CB","#25 Jeffrey Campbell - CB",,"#26 Harvey Schmucker - CB",,"#34 Kieth Davis - SS","#77 David Martel - CB",,,,,,,,,,,,,,,,,,,,,,,,,,,,,,,,,,,,
LAX,4:30,"LAX 46",1,1,10,"Strong I Normal HB Off Tackle Strong","4-3 Under Double LB Blitz",5,0,7,"1-10-LAX 46 (4:29) 46-Vincent Whitaker ran to SFO 49 for 5 yards. Tackle by 93-Harold Holt.","#15 Ernest Williams - QB","#46 Vincent Whitaker - WR",,,"#37 Mark Kaufman - FB","#84 Randall Blanton - TE",,"#17 Derek Burch - WR",,"#21 Clifton Brady - WR",,,"#74 Timothy Trussell - LG","#68 David Humphreys - LT","#79 Salvador Wilson - C","#77 Mark Bryant - RT","#76 Tony Jackson - LG",,"#98 Gary Bates - RDE",,"#50 Buck  Dharma - DT","#71 Robert Owens - LDE","#90 Scott Morton - DT","#57 Joseph Langston - MLB","#92 Gregory Dupree - MLB",,"#93 Harold Holt - WLB","#48 Ramon Price - CB","#25 Jeffrey Campbell - CB",,,,"#34 Kieth Davis - SS","#77 David Martel - CB",,,,,,,,,,,,,,,,,,,,,,,,,,,,,,,,,,,,
LAX,3:52,"SFO 49",1,2,5,"Shotgun 2 RB 3 WR Shotgun Dive","4-3 Under Double LB Blitz",1,0,7,"2-5-SFO 49 (3:51) 46-Vincent Whitaker ran to SFO 48 for 1 yards. Tackle by 97-Gregory Dupree. LAX 77-Mark Bryant was injured on the play. He looks like he should be able to return.","#15 Ernest Williams - QB","#46 Vincent Whitaker - WR","#24 Erasmo Christopherso - RB",,,,,"#17 Derek Burch - WR","#88 Ignacio Lake - WR","#21 Clifton Brady - WR",,,"#74 Timothy Trussell - LG","#68 David Humphreys - LT","#79 Salvador Wilson - C","#77 Mark Bryant - RT","#76 Tony Jackson - LG",,"#98 Gary Bates - RDE",,"#50 Buck  Dharma - DT","#71 Robert Owens - LDE","#90 Scott Morton - DT","#57 Joseph Langston - MLB","#92 Gregory Dupree - MLB",,"#93 Harold Holt - WLB","#48 Ramon Price - CB","#25 Jeffrey Campbell - CB",,,,"#34 Kieth Davis - SS","#77 David Martel - CB",,,,,,,,,,,,,,,,,,,,,,,,,,,,,,,,,,,,
LAX,3:10,"SFO 48",1,3,4,"Shotgun Normal TE Out","46 Normal Weak Blitz",31,0,7,"3-4-SFO 48 (3:09) 15-Ernest Williams pass complete to 88-Ignacio Lake to SFO 17 for 31 yards. Tackle by 25-Jeffrey Campbell.","#15 Ernest Williams - QB","#24 Erasmo Christopherso - RB",,,,"#84 Randall Blanton - TE",,"#17 Derek Burch - WR","#88 Ignacio Lake - WR","#21 Clifton Brady - WR",,,"#74 Timothy Trussell - LG","#68 David Humphreys - LT","#79 Salvador Wilson - C","#61 Matthew Moore - RT","#76 Tony Jackson - LG",,"#98 Gary Bates - RDE",,"#50 Buck  Dharma - DT","#71 Robert Owens - LDE","#90 Scott Morton - DT","#57 Joseph Langston - MLB","#92 Gregory Dupree - MLB",,"#93 Harold Holt - WLB","#48 Ramon Price - CB","#25 Jeffrey Campbell - CB",,,,"#34 Kieth Davis - SS","#77 David Martel - CB",,,,,,,,,,,,,,,,,,,,,,,,,,,,,,,,,,,,
LAX,2:22,"SFO 17",1,1,10,"I Formation Normal Curl & Post","4-3 Under Crash Left",,0,7,"1-10-SFO 17 (2:21) 15-Ernest Williams pass Pass knocked down by 97-Gregory Dupree. incomplete, intended for 84-Randall Blanton.","#15 Ernest Williams - QB","#46 Vincent Whitaker - WR",,,"#37 Mark Kaufman - FB","#84 Randall Blanton - TE",,"#21 Clifton Brady - WR",,"#19 William Christensen - WR",,,"#74 Timothy Trussell - LG","#68 David Humphreys - LT","#79 Salvador Wilson - C","#61 Matthew Moore - RT","#76 Tony Jackson - LG",,"#98 Gary Bates - RDE",,"#50 Buck  Dharma - DT","#71 Robert Owens - LDE","#90 Scott Morton - DT","#57 Joseph Langston - MLB","#92 Gregory Dupree - MLB",,"#93 Harold Holt - WLB","#48 Ramon Price - CB","#25 Jeffrey Campbell - CB",,,,"#34 Kieth Davis - SS","#77 David Martel - CB",,,,,,,,,,,,,,,,,,,,,,,,,,,,,,,,,,,,
LAX,2:16,"SFO 17",1,2,10,"I Formation Normal HB Dive","4-3 Normal Man OLB Flat Zone",4,0,7,"2-10-SFO 17 (2:17) 24-Erasmo Christopherso ran to SFO 13 for 4 yards. Tackle by 34-Kieth Davis.","#15 Ernest Williams - QB","#24 Erasmo Christopherso - RB",,,"#37 Mark Kaufman - FB","#84 Randall Blanton - TE",,"#17 Derek Burch - WR",,"#21 Clifton Brady - WR",,,"#74 Timothy Trussell - LG","#68 David Humphreys - LT","#79 Salvador Wilson - C","#61 Matthew Moore - RT","#76 Tony Jackson - LG",,"#98 Gary Bates - RDE",,"#50 Buck  Dharma - DT","#71 Robert Owens - LDE","#90 Scott Morton - DT","#57 Joseph Langston - MLB","#92 Gregory Dupree - MLB",,"#93 Harold Holt - WLB","#48 Ramon Price - CB","#25 Jeffrey Campbell - CB",,,,"#34 Kieth Davis - SS","#77 David Martel - CB",,,,,,,,,,,,,,,,,,,,,,,,,,,,,,,,,,,,
LAX,1:42,"SFO 13",1,3,6,"I Formation Power PA Flats","Goal Line Attack #3",-3,0,7,"3-6-SFO 13 (1:41) 15-Ernest Williams sacked at SFO 15 for -3 yards (98-Gary Bates). Sack allowed by 61-Matthew Moore.","#15 Ernest Williams - QB","#46 Vincent Whitaker - WR",,"#83 John Hopkins - TE","#37 Mark Kaufman - FB","#84 Randall Blanton - TE",,"#17 Derek Burch - WR",,,,,"#74 Timothy Trussell - LG","#68 David Humphreys - LT","#79 Salvador Wilson - C","#61 Matthew Moore - RT","#76 Tony Jackson - LG",,"#98 Gary Bates - RDE","#51 Raymond Winans - RDE","#50 Buck  Dharma - DT","#71 Robert Owens - LDE","#90 Scott Morton - DT","#57 Joseph Langston - MLB","#92 Gregory Dupree - MLB",,"#93 Harold Holt - WLB","#48 Ramon Price - CB","#25 Jeffrey Campbell - CB",,,,"#34 Kieth Davis - SS",,,,,,,,,,,,,,,,,,,,,,,,,,,,,,,,,,,,,
LAX,1:06,"SFO 15",1,4,8,"Field Goal","FG Block",26,3,7,"4-8-SFO 15 (1:05) 5-George Heywood 33 yard field goal is GOOD. LAX 3 SFO 7",,,,,,,,,,,,,,,,,,,,,,,,,,,,,,,,,,,,"#11 Wayne Meyer - QB","#50 Raymond Thrasher - RT",,,,,,,,,,,,,,"#5 George Heywood - K","#68 David Humphreys - LT","#72 Morris Gilbertson - DT","#37 Mark Kaufman - FB","#81 Steven Bohm - TE","#58 Raymond Coleman - LG","#61 Matthew Moore - RT","#83 John Hopkins - TE","#84 Randall Blanton - TE","#98 Gary Bates - RDE","#71 Robert Owens - LDE","#56 Thomas Davis - DT","#90 Scott Morton - DT","#36 Justin Archer - CB","#99 Mike Seamon - MLB","#50 Buck  Dharma - DT","#93 Harold Holt - WLB","#51 Raymond Winans - RDE","#40 Robert Roland - CB","#68 Perry Crawford - C"
LAX,1:01,"LAX 35",1,6,10,Kickoff,"Kick Return",,3,7,"(1:02) 5-George Heywood kicks 75 yards from LAX 35 to SFO -10. Touchback.",,,,,,,,,,,,,,,,,,,,,,,,,,,,,,,,,,,,,,"#89 Larry Bruner - WR",,"#90 Scott Morton - DT","#98 Gary Bates - RDE","#25 Jeffrey Campbell - CB","#27 Josh Mathis - CB","#48 Ramon Price - CB","#71 Robert Owens - LDE","#92 Gregory Dupree - MLB","#93 Harold Holt - WLB","#51 Raymond Winans - RDE","#40 Robert Roland - CB","#5 George Heywood - K",,,,,,,,,,,,,,,,,,,,
SFO,1:01,"SFO 25",1,1,10,"Strong I Normal HB Off Tackle Strong","4-3 Normal Man OLB Flat Zone",1,3,7,"1-10-SFO 25 (1:02) 89-Larry Bruner ran to SFO 26 for 1 yards. Tackle by 97-Russell Melendez.","#8 Kenneth Rainey - QB","#89 Larry Bruner - WR",,,"#42 Andrew Piper - LT","#80 Frank Cherry - WR",,"#13 Jeffrey Lacey - WR",,"#16 Philip Robinson - WR",,,"#69 Edward McElroy - C","#74 Sean Davenport - RT","#70 Ignacio Graham - C","#66 Edward Jarrell - RG","#52 Keith Young - RT",,"#96 Gabriel Hughes - RDE",,"#71 Donald Moore - DT","#63 Jimmy Jara - DT","#67 Lawrence Richardson - RDE","#97 Russell Melendez - MLB","#52 Andrew Johnson - SLB",,"#22 Thomas Henderson - WLB","#27 Thomas Flores - CB","#27 Richard Hutchens - CB",,,,"#43 Anthony Johnson - CB","#38 Carlo Chambers - SS",,,,,,,,,,,,,,,,,,,,,,,,,,,,,,,,,,,,
SFO,0:21,"SFO 26",1,2,9,"I Formation 3WR Slot Corner Short","Nickel 3-3-5 Cover 2 Man Under",,3,7,"2-9-SFO 26 (0:20) 17-Kenneth Rainey pass Pass knocked down by 97-Russell Melendez. incomplete, intended for 89-Larry Bruner.","#8 Kenneth Rainey - QB","#89 Larry Bruner - WR",,,"#42 Andrew Piper - LT",,,"#13 Jeffrey Lacey - WR","#83 Marvin Castro - WR","#16 Philip Robinson - WR",,,"#69 Edward McElroy - C","#74 Sean Davenport - RT","#70 Ignacio Graham - C","#66 Edward Jarrell - RG","#52 Keith Young - RT",,"#96 Gabriel Hughes - RDE",,"#71 Donald Moore - DT",,"#67 Lawrence Richardson - RDE","#97 Russell Melendez - MLB","#52 Andrew Johnson - SLB",,"#22 Thomas Henderson - WLB","#27 Thomas Flores - CB","#27 Richard Hutchens - CB",,"#26 Floyd Price - CB",,"#43 Anthony Johnson - CB","#38 Carlo Chambers - SS",,,,,,,,,,,,,,,,,,,,,,,,,,,,,,,,,,,,
SFO,0:17,"SFO 26",1,3,9,"I Formation 3WR FL Post","Nickel 3-3-5 Cover 2 Man Under",-7,3,7,"3-9-SFO 26 (0:18) 17-Kenneth Rainey sacked at SFO 19 for -7 yards (96-Gabriel Hughes). Sack allowed by 66-Edward Jarrell.","#8 Kenneth Rainey - QB","#89 Larry Bruner - WR",,,"#42 Andrew Piper - LT",,,"#13 Jeffrey Lacey - WR","#83 Marvin Castro - WR","#16 Philip Robinson - WR",,,"#69 Edward McElroy - C","#74 Sean Davenport - RT","#70 Ignacio Graham - C","#66 Edward Jarrell - RG","#52 Keith Young - RT",,"#96 Gabriel Hughes - RDE",,"#71 Donald Moore - DT",,"#67 Lawrence Richardson - RDE","#97 Russell Melendez - MLB","#52 Andrew Johnson - SLB",,"#22 Thomas Henderson - WLB","#27 Thomas Flores - CB","#27 Richard Hutchens - CB",,"#26 Floyd Price - CB",,"#43 Anthony Johnson - CB","#38 Carlo Chambers - SS",,,,,,,,,,,,,,,,,,,,,,,,,,,,,,,,,,,,
,0:00,,1,4,16,,,,3,7,"End of first quarter.",,,,,,,,,,,,,,,,,,,,,,,,,,,,,,,,,,,,,,,,,,,,,,,,,,,,,,,,,,,,,,,,,,,,,,
SFO,15:00,"SFO 19",2,4,16,Punt,"Punt Return",41,3,7,"4-16-SFO 19 (15:00) 8-Garry Cohen punts 41 yards to LAX 40.",,,,,,,,,,,,,,,,,,"#8 Garry Cohen - P",,,,,,,,,,,,,,,,,,,"#74 Sean Davenport - RT",,"#43 Anthony Johnson - CB",,,"#36 Mitchell Taylor - SS","#24 Erasmo Christopherso - RB","#98 Joseph Hammer - MLB",,"#39 Terrence Noguera - FS","#26 Floyd Price - CB",,"#51 Alberto Watkins - SLB",,,,"#31 Terrance Holley - LT","#69 Edward McElroy - C","#68 Perry Crawford - C","#42 Andrew Piper - LT","#61 Mark Schlereth - LG","#66 Edward Jarrell - RG",,"#72 Morris Gilbertson - DT","#65 Fred Edmiston - DT","#91 Terence Averill - WLB","#99 Walter Klaus - LDE",,,,,,,
LAX,14:50,"LAX 40",2,1,10,"Singleback Big Off Tackle Strong","4-3 Under Crash Left",1,3,7,"1-10-LAX 40 (14:51) 46-Vincent Whitaker ran to LAX 41 for 1 yards. Tackle by 57-Joseph Langston.","#15 Ernest Williams - QB","#46 Vincent Whitaker - WR",,,,"#84 Randall Blanton - TE","#81 Steven Bohm - TE","#17 Derek Burch - WR",,"#21 Clifton Brady - WR",,,"#74 Timothy Trussell - LG","#68 David Humphreys - LT","#79 Salvador Wilson - C","#61 Matthew Moore - RT","#76 Tony Jackson - LG",,"#98 Gary Bates - RDE",,"#50 Buck  Dharma - DT","#71 Robert Owens - LDE","#90 Scott Morton - DT","#57 Joseph Langston - MLB","#92 Gregory Dupree - MLB",,"#93 Harold Holt - WLB","#26 Harvey Schmucker - CB","#27 Josh Mathis - CB",,,,"#34 Kieth Davis - SS","#77 David Martel - CB",,,,,,,,,,,,,,,,,,,,,,,,,,,,,,,,,,,,
LAX,14:18,"LAX 41",2,2,9,"I Formation 3WR Backfield Flats","46 Normal Weak Blitz",13,3,7,"2-9-LAX 41 (14:17) 15-Ernest Williams pass complete to 88-Ignacio Lake to SFO 46 for 13 yards. Tackle by 57-Joseph Langston. SFO 98-Gary Bates was injured on the play. He looks like he should be able to return.","#15 Ernest Williams - QB","#46 Vincent Whitaker - WR",,,"#37 Mark Kaufman - FB",,,"#17 Derek Burch - WR","#88 Ignacio Lake - WR","#21 Clifton Brady - WR",,,"#74 Timothy Trussell - LG","#68 David Humphreys - LT","#79 Salvador Wilson - C","#61 Matthew Moore - RT","#76 Tony Jackson - LG",,"#98 Gary Bates - RDE",,"#50 Buck  Dharma - DT","#71 Robert Owens - LDE","#90 Scott Morton - DT","#57 Joseph Langston - MLB","#92 Gregory Dupree - MLB",,"#93 Harold Holt - WLB","#25 Jeffrey Campbell - CB","#26 Harvey Schmucker - CB",,,,"#34 Kieth Davis - SS","#77 David Martel - CB",,,,,,,,,,,,,,,,,,,,,,,,,,,,,,,,,,,,
LAX,13:34,"SFO 46",2,1,10,"Split Backs Normal Skinny Post Corner","4-3 Normal Man OLB Flat Zone",2,3,7,"1-10-SFO 46 (13:33) 15-Ernest Williams pass complete to 88-Ignacio Lake to SFO 44 for 2 yards. Tackle by 97-Gregory Dupree.","#15 Ernest Williams - QB","#46 Vincent Whitaker - WR",,,"#88 Ignacio Lake - WR","#84 Randall Blanton - TE",,"#17 Derek Burch - WR",,"#21 Clifton Brady - WR",,,"#74 Timothy Trussell - LG","#68 David Humphreys - LT","#79 Salvador Wilson - C","#61 Matthew Moore - RT","#76 Tony Jackson - LG",,"#51 Raymond Winans - RDE",,"#50 Buck  Dharma - DT","#71 Robert Owens - LDE","#90 Scott Morton - DT","#57 Joseph Langston - MLB","#92 Gregory Dupree - MLB",,"#93 Harold Holt - WLB","#48 Ramon Price - CB","#26 Harvey Schmucker - CB",,,,"#34 Kieth Davis - SS","#77 David Martel - CB",,,,,,,,,,,,,,,,,,,,,,,,,,,,,,,,,,,,
LAX,12:51,"SFO 44",2,2,8,"I Formation Power HB Draw","Goal Line Attack #2",,3,7,"2-8-SFO 44 (12:50) 46-Vincent Whitaker ran to SFO 43 for a short gain. Tackle by 97-Gregory Dupree.","#15 Ernest Williams - QB","#46 Vincent Whitaker - WR",,"#83 John Hopkins - TE","#37 Mark Kaufman - FB","#84 Randall Blanton - TE",,"#17 Derek Burch - WR",,,,,"#74 Timothy Trussell - LG","#68 David Humphreys - LT","#79 Salvador Wilson - C","#61 Matthew Moore - RT","#76 Tony Jackson - LG",,"#51 Raymond Winans - RDE","#71 Robert Owens - LDE","#50 Buck  Dharma - DT","#56 Thomas Davis - DT","#90 Scott Morton - DT","#57 Joseph Langston - MLB","#92 Gregory Dupree - MLB",,"#93 Harold Holt - WLB","#48 Ramon Price - CB","#25 Jeffrey Campbell - CB",,,,"#34 Kieth Davis - SS",,,,,,,,,,,,,,,,,,,,,,,,,,,,,,,,,,,,,
LAX,12:11,"SFO 43",2,3,8,"Split Backs Normal Posts","4-3 Normal Man OLB Flat Zone",,3,7,"3-8-SFO 43 (12:10) 15-Ernest Williams pass incomplete, intended for 84-Randall Blanton. LAX 79-Salvador Wilson was injured on the play. He looks like he should be able to return.","#15 Ernest Williams - QB","#46 Vincent Whitaker - WR",,,"#88 Ignacio Lake - WR","#84 Randall Blanton - TE",,"#17 Derek Burch - WR",,"#21 Clifton Brady - WR",,,"#74 Timothy Trussell - LG","#68 David Humphreys - LT","#79 Salvador Wilson - C","#61 Matthew Moore - RT","#76 Tony Jackson - LG",,"#51 Raymond Winans - RDE",,"#50 Buck  Dharma - DT","#71 Robert Owens - LDE","#90 Scott Morton - DT","#57 Joseph Langston - MLB","#92 Gregory Dupree - MLB",,"#93 Harold Holt - WLB","#48 Ramon Price - CB","#25 Jeffrey Campbell - CB",,,,"#34 Kieth Davis - SS","#77 David Martel - CB",,,,,,,,,,,,,,,,,,,,,,,,,,,,,,,,,,,,
LAX,12:06,"SFO 43",2,4,8,Punt,"Punt Return",48,3,7,"4-8-SFO 43 (12:07) 13-Thomas Middleton punts 48 yards to SFO -4.4-8-SFO 43 (12:07) 13-Thomas Middleton punts 48 yards to SFO -4. Touchback.",,,,,,,,,,,,,,,,,,"#13 Thomas Middleton - P",,,,,,,,,,,,,,,,,,,"#50 Raymond Thrasher - RT",,"#89 Larry Bruner - WR",,,"#25 Jeffrey Campbell - CB","#27 Josh Mathis - CB","#48 Ramon Price - CB",,"#92 Gregory Dupree - MLB","#93 Harold Holt - WLB",,"#40 Robert Roland - CB",,,,"#72 Morris Gilbertson - DT","#37 Mark Kaufman - FB","#81 Steven Bohm - TE","#58 Raymond Coleman - LG","#61 Matthew Moore - RT","#83 John Hopkins - TE",,"#51 Raymond Winans - RDE","#71 Robert Owens - LDE","#56 Thomas Davis - DT","#90 Scott Morton - DT",,,,,,,
SFO,11:58,"SFO 20",2,1,10,"Weak I Normal Skinny Posts","4-3 Normal Man OLB Flat Zone",2,3,7,"1-10-SFO 20 (11:59) 17-Kenneth Rainey pass complete to 89-Larry Bruner to SFO 22 for 2 yards. Tackle by 41-Thomas Flores.","#8 Kenneth Rainey - QB","#89 Larry Bruner - WR",,,"#42 Andrew Piper - LT","#80 Frank Cherry - WR",,"#13 Jeffrey Lacey - WR",,"#16 Philip Robinson - WR",,,"#69 Edward McElroy - C","#74 Sean Davenport - RT","#70 Ignacio Graham - C","#66 Edward Jarrell - RG","#52 Keith Young - RT",,"#96 Gabriel Hughes - RDE",,"#71 Donald Moore - DT","#63 Jimmy Jara - DT","#67 Lawrence Richardson - RDE","#97 Russell Melendez - MLB","#52 Andrew Johnson - SLB",,"#22 Thomas Henderson - WLB","#27 Thomas Flores - CB","#27 Richard Hutchens - CB",,,,"#43 Anthony Johnson - CB","#38 Carlo Chambers - SS",,,,,,,,,,,,,,,,,,,,,,,,,,,,,,,,,,,,
SFO,11:24,"SFO 22",2,2,8,"I Formation 3WR Backfield Flats","Nickel Normal Man Cover 2",9,3,7,"2-8-SFO 22 (11:23) 17-Kenneth Rainey pass complete to 42-Andrew Piper to SFO 31 for 9 yards. Tackle by 41-Thomas Flores. 13-Jeffrey Lacey missed that block completely.","#8 Kenneth Rainey - QB","#89 Larry Bruner - WR",,,"#42 Andrew Piper - LT",,,"#13 Jeffrey Lacey - WR","#83 Marvin Castro - WR","#16 Philip Robinson - WR",,,"#69 Edward McElroy - C","#74 Sean Davenport - RT","#70 Ignacio Graham - C","#66 Edward Jarrell - RG","#52 Keith Young - RT",,"#96 Gabriel Hughes - RDE",,"#71 Donald Moore - DT","#63 Jimmy Jara - DT","#67 Lawrence Richardson - RDE",,"#91 Terence Averill - WLB",,"#52 Andrew Johnson - SLB","#27 Thomas Flores - CB","#27 Richard Hutchens - CB",,"#26 Floyd Price - CB",,"#43 Anthony Johnson - CB","#38 Carlo Chambers - SS",,,,,,,,,,,,,,,,,,,,,,,,,,,,,,,,,,,,
,11:18,,2,1,10,,,,3,7,"Timeout SFO",,,,,,,,,,,,,,,,,,,,,,,,,,,,,,,,,,,,,,,,,,,,,,,,,,,,,,,,,,,,,,,,,,,,,,
SFO,10:45,"SFO 31",2,1,10,"Singleback Normal HB Release Mid","4-3 Normal OLB Blitz Outside",,3,7,"1-10-SFO 31 (10:46) 17-Kenneth Rainey pass incomplete, dropped by 83-Marvin Castro. PENALTY - Pass Interference (LAX 38-Carlo Chambers)","#8 Kenneth Rainey - QB","#88 Raymond Kelly - WR",,,,"#80 Frank Cherry - WR",,"#13 Jeffrey Lacey - WR","#83 Marvin Castro - WR","#16 Philip Robinson - WR",,,"#69 Edward McElroy - C","#74 Sean Davenport - RT","#70 Ignacio Graham - C","#66 Edward Jarrell - RG","#52 Keith Young - RT",,"#96 Gabriel Hughes - RDE",,"#71 Donald Moore - DT","#63 Jimmy Jara - DT","#67 Lawrence Richardson - RDE","#97 Russell Melendez - MLB","#52 Andrew Johnson - SLB",,"#22 Thomas Henderson - WLB","#27 Thomas Flores - CB","#27 Richard Hutchens - CB",,,,"#43 Anthony Johnson - CB","#38 Carlo Chambers - SS",,,,,,,,,,,,,,,,,,,,,,,,,,,,,,,,,,,,
SFO,10:41,"SFO 40",2,1,10,"Singleback Normal HB Counter Weak","Nickel Normal Man Cover 2",8,3,7,"1-10-SFO 40 (10:42) 89-Larry Bruner ran to SFO 48 for 8 yards. Tackle by 38-Carlo Chambers.","#8 Kenneth Rainey - QB","#89 Larry Bruner - WR",,,,"#80 Frank Cherry - WR",,"#13 Jeffrey Lacey - WR","#83 Marvin Castro - WR","#16 Philip Robinson - WR",,,"#69 Edward McElroy - C","#74 Sean Davenport - RT","#70 Ignacio Graham - C","#66 Edward Jarrell - RG","#52 Keith Young - RT",,"#96 Gabriel Hughes - RDE",,"#71 Donald Moore - DT","#63 Jimmy Jara - DT","#67 Lawrence Richardson - RDE",,"#52 Andrew Johnson - SLB",,"#22 Thomas Henderson - WLB","#27 Thomas Flores - CB","#27 Richard Hutchens - CB",,"#26 Floyd Price - CB",,"#43 Anthony Johnson - CB","#38 Carlo Chambers - SS",,,,,,,,,,,,,,,,,,,,,,,,,,,,,,,,,,,,
SFO,9:59,"SFO 48",2,2,2,"I Formation Normal FL Hook","4-3 Normal Man OLB Flat Zone",,3,7,"2-2-SFO 48 (9:58) 17-Kenneth Rainey pass Pass knocked down by 41-Thomas Flores. incomplete, intended for 13-Jeffrey Lacey. Pressure by 67-Lawrence Richardson.","#8 Kenneth Rainey - QB","#89 Larry Bruner - WR",,,"#42 Andrew Piper - LT","#80 Frank Cherry - WR",,"#13 Jeffrey Lacey - WR",,"#16 Philip Robinson - WR",,,"#69 Edward McElroy - C","#74 Sean Davenport - RT","#70 Ignacio Graham - C","#66 Edward Jarrell - RG","#52 Keith Young - RT",,"#96 Gabriel Hughes - RDE",,"#71 Donald Moore - DT","#63 Jimmy Jara - DT","#67 Lawrence Richardson - RDE","#97 Russell Melendez - MLB","#52 Andrew Johnson - SLB",,"#22 Thomas Henderson - WLB","#27 Thomas Flores - CB","#27 Richard Hutchens - CB",,,,"#43 Anthony Johnson - CB","#38 Carlo Chambers - SS",,,,,,,,,,,,,,,,,,,,,,,,,,,,,,,,,,,,
SFO,9:53,"SFO 48",2,3,2,"Singleback Normal HB Release Mid","4-3 Normal OLB Blitz Outside",53,3,13,"3-2-SFO 48 (9:54) 17-Kenneth Rainey pass complete to 16-Philip Robinson for 52 yards. TOUCHDOWN! LAX 3 SFO 13","#8 Kenneth Rainey - QB","#89 Larry Bruner - WR",,,,"#80 Frank Cherry - WR",,"#13 Jeffrey Lacey - WR","#83 Marvin Castro - WR","#16 Philip Robinson - WR",,,"#69 Edward McElroy - C","#74 Sean Davenport - RT","#70 Ignacio Graham - C","#66 Edward Jarrell - RG","#52 Keith Young - RT",,"#96 Gabriel Hughes - RDE",,"#71 Donald Moore - DT","#63 Jimmy Jara - DT","#67 Lawrence Richardson - RDE","#97 Russell Melendez - MLB","#52 Andrew Johnson - SLB",,"#22 Thomas Henderson - WLB","#27 Thomas Flores - CB","#27 Richard Hutchens - CB",,,,"#43 Anthony Johnson - CB","#38 Carlo Chambers - SS",,,,,,,,,,,,,,,,,,,,,,,,,,,,,,,,,,,,
SFO,9:45,"LAX 15",2,7,15,"Field Goal","FG Block",25,3,14,"(9:46) Extra point GOOD by 6-Jeffery Jarvis. LAX 3 SFO 14",,,,,,,,,,,,,,,,,,,,,,,,,,,,,,,,,,,,"#36 Justin Archer - CB","#74 Sean Davenport - RT",,,,,,,,,,,,,,"#6 Jeffery Jarvis - K","#70 Ignacio Graham - C","#31 Terrance Holley - LT","#69 Edward McElroy - C","#68 Perry Crawford - C","#42 Andrew Piper - LT","#61 Mark Schlereth - LG","#66 Edward Jarrell - RG","#52 Keith Young - RT","#72 Morris Gilbertson - DT","#65 Fred Edmiston - DT","#91 Terence Averill - WLB","#99 Walter Klaus - LDE","#21 Clifton Brady - WR","#77 Mark Bryant - RT","#36 Mitchell Taylor - SS","#38 Carlo Chambers - SS","#31 Tony Fales - CB","#97 Russell Melendez - MLB","#51 Alberto Watkins - SLB"
SFO,9:45,"SFO 35",2,6,10,Kickoff,"Kick Return",,3,14,"(9:46) 6-Jeffery Jarvis kicks 70 yards from SFO 35 to LAX -5. Touchback.",,,,,,,,,,,,,,,,,,,,,,,,,,,,,,,,,,,,,,"#21 Clifton Brady - WR",,"#81 Steven Bohm - TE","#51 Alberto Watkins - SLB","#36 Mitchell Taylor - SS","#65 Fred Edmiston - DT","#98 Joseph Hammer - MLB","#72 Morris Gilbertson - DT","#39 Terrence Noguera - FS","#26 Floyd Price - CB","#24 Erasmo Christopherso - RB","#91 Terence Averill - WLB","#6 Jeffery Jarvis - K",,,,,,,,,,,,,,,,,,,,
LAX,9:45,"LAX 25",2,1,10,"Singleback Big Off Tackle Strong","4-3 Normal Man OLB Flat Zone",2,3,14,"1-10-LAX 25 (9:46) 46-Vincent Whitaker ran to LAX 27 for 2 yards. Tackle by 98-Gary Bates. PENALTY - Facemask (SFO 97-Gregory Dupree)","#15 Ernest Williams - QB","#46 Vincent Whitaker - WR",,,,"#84 Randall Blanton - TE","#81 Steven Bohm - TE","#17 Derek Burch - WR",,"#21 Clifton Brady - WR",,,"#74 Timothy Trussell - LG","#68 David Humphreys - LT","#79 Salvador Wilson - C","#77 Mark Bryant - RT","#76 Tony Jackson - LG",,"#98 Gary Bates - RDE",,"#50 Buck  Dharma - DT","#71 Robert Owens - LDE","#90 Scott Morton - DT","#57 Joseph Langston - MLB","#92 Gregory Dupree - MLB",,"#93 Harold Holt - WLB","#48 Ramon Price - CB","#25 Jeffrey Campbell - CB",,,,"#34 Kieth Davis - SS","#77 David Martel - CB",,,,,,,,,,,,,,,,,,,,,,,,,,,,,,,,,,,,
LAX,9:43,"LAX 42",2,1,10,"I Formation Normal Curl & Post","4-3 Normal Man OLB Flat Zone",10,3,14,"1-10-LAX 42 (9:44) 15-Ernest Williams pass complete to 84-Randall Blanton to SFO 47 for 10 yards. Tackle by 77-David Martel.","#15 Ernest Williams - QB","#46 Vincent Whitaker - WR",,,"#37 Mark Kaufman - FB","#84 Randall Blanton - TE",,"#17 Derek Burch - WR",,"#21 Clifton Brady - WR",,,"#74 Timothy Trussell - LG","#68 David Humphreys - LT","#79 Salvador Wilson - C","#77 Mark Bryant - RT","#76 Tony Jackson - LG",,"#98 Gary Bates - RDE",,"#50 Buck  Dharma - DT","#71 Robert Owens - LDE","#90 Scott Morton - DT","#57 Joseph Langston - MLB","#92 Gregory Dupree - MLB",,"#93 Harold Holt - WLB","#48 Ramon Price - CB","#25 Jeffrey Campbell - CB",,,,"#34 Kieth Davis - SS","#77 David Martel - CB",,,,,,,,,,,,,,,,,,,,,,,,,,,,,,,,,,,,
LAX,9:02,"SFO 47",2,1,10,"Split Backs Normal Posts","4-3 Normal Man OLB Flat Zone",,3,14,"1-10-SFO 47 (9:01) 15-Ernest Williams pass Pass knocked down by 77-David Martel. incomplete, intended for 84-Randall Blanton.","#15 Ernest Williams - QB","#24 Erasmo Christopherso - RB",,,"#88 Ignacio Lake - WR","#84 Randall Blanton - TE",,"#17 Derek Burch - WR",,"#21 Clifton Brady - WR",,,"#74 Timothy Trussell - LG","#68 David Humphreys - LT","#79 Salvador Wilson - C","#77 Mark Bryant - RT","#76 Tony Jackson - LG",,"#98 Gary Bates - RDE",,"#50 Buck  Dharma - DT","#71 Robert Owens - LDE","#90 Scott Morton - DT","#57 Joseph Langston - MLB","#92 Gregory Dupree - MLB",,"#93 Harold Holt - WLB","#48 Ramon Price - CB","#25 Jeffrey Campbell - CB",,,,"#34 Kieth Davis - SS","#77 David Martel - CB",,,,,,,,,,,,,,,,,,,,,,,,,,,,,,,,,,,,
LAX,8:56,"SFO 47",2,2,10,"Shotgun 2 RB 3 WR Shotgun Dive","4-3 Under Crash Left",-2,3,14,"2-10-SFO 47 (8:57) 46-Vincent Whitaker ran to SFO 49 for -2 yards. Tackle by 71-Robert Owens.","#15 Ernest Williams - QB","#46 Vincent Whitaker - WR","#24 Erasmo Christopherso - RB",,,,,"#17 Derek Burch - WR","#88 Ignacio Lake - WR","#21 Clifton Brady - WR",,,"#74 Timothy Trussell - LG","#68 David Humphreys - LT","#79 Salvador Wilson - C","#77 Mark Bryant - RT","#76 Tony Jackson - LG",,"#98 Gary Bates - RDE",,"#50 Buck  Dharma - DT","#71 Robert Owens - LDE","#90 Scott Morton - DT","#57 Joseph Langston - MLB","#92 Gregory Dupree - MLB",,"#93 Harold Holt - WLB","#48 Ramon Price - CB","#25 Jeffrey Campbell - CB",,,,"#34 Kieth Davis - SS","#77 David Martel - CB",,,,,,,,,,,,,,,,,,,,,,,,,,,,,,,,,,,,
LAX,8:23,"SFO 49",2,3,12,"Shotgun 2 RB 3 WR Shotgun Sweep","Nickel Normal Double WR1",14,3,14,"3-12-SFO 49 (8:22) 24-Erasmo Christopherso ran to SFO 35 for 14 yards. Tackle by 77-David Martel.","#15 Ernest Williams - QB","#46 Vincent Whitaker - WR","#24 Erasmo Christopherso - RB",,,,,"#17 Derek Burch - WR","#88 Ignacio Lake - WR","#21 Clifton Brady - WR",,,"#74 Timothy Trussell - LG","#68 David Humphreys - LT","#79 Salvador Wilson - C","#77 Mark Bryant - RT","#76 Tony Jackson - LG",,"#98 Gary Bates - RDE",,"#50 Buck  Dharma - DT","#71 Robert Owens - LDE","#90 Scott Morton - DT",,"#92 Gregory Dupree - MLB",,"#93 Harold Holt - WLB","#48 Ramon Price - CB","#25 Jeffrey Campbell - CB",,"#26 Harvey Schmucker - CB",,"#34 Kieth Davis - SS","#77 David Martel - CB",,,,,,,,,,,,,,,,,,,,,,,,,,,,,,,,,,,,
LAX,7:48,"SFO 35",2,1,10,"I Formation 3WR HB Inside Weak","4-3 Under Crash Left",1,3,14,"1-10-SFO 35 (7:47) 46-Vincent Whitaker ran to SFO 34 for 1 yards. Tackle by 90-Scott Morton. SFO 50-Buck  Dharma was injured on the play. He looks like he should be able to return.","#15 Ernest Williams - QB","#46 Vincent Whitaker - WR",,,"#37 Mark Kaufman - FB",,,"#17 Derek Burch - WR","#19 William Christensen - WR","#88 Ignacio Lake - WR",,,"#74 Timothy Trussell - LG","#68 David Humphreys - LT","#79 Salvador Wilson - C","#77 Mark Bryant - RT","#76 Tony Jackson - LG",,"#98 Gary Bates - RDE",,"#50 Buck  Dharma - DT","#71 Robert Owens - LDE","#90 Scott Morton - DT","#57 Joseph Langston - MLB","#92 Gregory Dupree - MLB",,"#93 Harold Holt - WLB","#48 Ramon Price - CB","#26 Harvey Schmucker - CB",,,,"#34 Kieth Davis - SS","#77 David Martel - CB",,,,,,,,,,,,,,,,,,,,,,,,,,,,,,,,,,,,
LAX,7:05,"SFO 34",2,2,9,"I Formation 3WR WR Out","4-3 Normal Double Safety Blitz",5,3,14,"2-9-SFO 34 (7:04) 15-Ernest Williams pass complete to 21-Clifton Brady to SFO 29 for 5 yards. Tackle by 25-Jeffrey Campbell.","#15 Ernest Williams - QB","#46 Vincent Whitaker - WR",,,"#37 Mark Kaufman - FB",,,"#17 Derek Burch - WR","#88 Ignacio Lake - WR","#21 Clifton Brady - WR",,,"#74 Timothy Trussell - LG","#68 David Humphreys - LT","#79 Salvador Wilson - C","#77 Mark Bryant - RT","#76 Tony Jackson - LG",,"#98 Gary Bates - RDE",,"#71 Robert Owens - LDE","#56 Thomas Davis - DT","#90 Scott Morton - DT","#57 Joseph Langston - MLB","#92 Gregory Dupree - MLB",,"#93 Harold Holt - WLB","#48 Ramon Price - CB","#25 Jeffrey Campbell - CB",,,,"#34 Kieth Davis - SS","#77 David Martel - CB",,,,,,,,,,,,,,,,,,,,,,,,,,,,,,,,,,,,
LAX,6:26,"SFO 29",2,3,4,"Shotgun Normal FL Slant","4-3 Under Double LB Blitz",-10,3,14,"3-4-SFO 29 (6:25) 15-Ernest Williams sacked at SFO 39 for -10 yards (93-Harold Holt)","#15 Ernest Williams - QB","#46 Vincent Whitaker - WR",,,,"#84 Randall Blanton - TE",,"#17 Derek Burch - WR","#19 William Christensen - WR","#88 Ignacio Lake - WR",,,"#74 Timothy Trussell - LG","#68 David Humphreys - LT","#79 Salvador Wilson - C","#77 Mark Bryant - RT","#76 Tony Jackson - LG",,"#98 Gary Bates - RDE",,"#71 Robert Owens - LDE","#56 Thomas Davis - DT","#90 Scott Morton - DT","#57 Joseph Langston - MLB","#92 Gregory Dupree - MLB",,"#93 Harold Holt - WLB","#48 Ramon Price - CB","#25 Jeffrey Campbell - CB",,,,"#34 Kieth Davis - SS","#77 David Martel - CB",,,,,,,,,,,,,,,,,,,,,,,,,,,,,,,,,,,,
LAX,5:50,"SFO 39",2,4,14,Punt,"Punt Return",35,3,14,"4-14-SFO 39 (5:49) 13-Thomas Middleton punts 35 yards to SFO 5.",,,,,,,,,,,,,,,,,,"#13 Thomas Middleton - P",,,,,,,,,,,,,,,,,,,"#50 Raymond Thrasher - RT",,"#89 Larry Bruner - WR",,,"#92 Gregory Dupree - MLB","#25 Jeffrey Campbell - CB","#48 Ramon Price - CB",,"#93 Harold Holt - WLB","#40 Robert Roland - CB",,"#27 Josh Mathis - CB",,,,"#72 Morris Gilbertson - DT","#37 Mark Kaufman - FB","#81 Steven Bohm - TE","#58 Raymond Coleman - LG","#61 Matthew Moore - RT","#83 John Hopkins - TE",,"#98 Gary Bates - RDE","#71 Robert Owens - LDE","#56 Thomas Davis - DT","#90 Scott Morton - DT",,,,,,,
SFO,5:40,"SFO 5",2,1,10,"Singleback Normal HB Counter Weak","46 Heavy WLB Blitz",4,3,14,"1-10-SFO 5 (5:41) 89-Larry Bruner ran to SFO 9 for 4 yards. Tackle by 97-Russell Melendez.","#8 Kenneth Rainey - QB","#89 Larry Bruner - WR",,,,"#80 Frank Cherry - WR",,"#13 Jeffrey Lacey - WR","#83 Marvin Castro - WR","#16 Philip Robinson - WR",,,"#69 Edward McElroy - C","#74 Sean Davenport - RT","#70 Ignacio Graham - C","#66 Edward Jarrell - RG","#52 Keith Young - RT",,"#96 Gabriel Hughes - RDE",,"#71 Donald Moore - DT","#63 Jimmy Jara - DT","#67 Lawrence Richardson - RDE","#97 Russell Melendez - MLB","#52 Andrew Johnson - SLB",,"#22 Thomas Henderson - WLB","#27 Thomas Flores - CB","#27 Richard Hutchens - CB",,,,"#43 Anthony Johnson - CB","#38 Carlo Chambers - SS",,,,,,,,,,,,,,,,,,,,,,,,,,,,,,,,,,,,
SFO,5:01,"SFO 9",2,2,6,"Strong I Normal HB Off Tackle Strong","46 Heavy 2 Deep Man Under",6,3,14,"2-6-SFO 9 (5:00) 89-Larry Bruner ran to SFO 14 for 6 yards. Tackle by 38-Carlo Chambers.","#8 Kenneth Rainey - QB","#89 Larry Bruner - WR",,,"#42 Andrew Piper - LT","#80 Frank Cherry - WR",,"#13 Jeffrey Lacey - WR",,"#16 Philip Robinson - WR",,,"#69 Edward McElroy - C","#74 Sean Davenport - RT","#70 Ignacio Graham - C","#66 Edward Jarrell - RG","#52 Keith Young - RT",,"#96 Gabriel Hughes - RDE",,"#71 Donald Moore - DT","#63 Jimmy Jara - DT","#67 Lawrence Richardson - RDE","#97 Russell Melendez - MLB","#52 Andrew Johnson - SLB",,"#22 Thomas Henderson - WLB","#27 Thomas Flores - CB","#27 Richard Hutchens - CB",,,,"#43 Anthony Johnson - CB","#38 Carlo Chambers - SS",,,,,,,,,,,,,,,,,,,,,,,,,,,,,,,,,,,,
SFO,4:18,"SFO 14",2,3,,"Strong I Normal HB Off Tackle Strong","4-3 Normal Man OLB Flat Zone",3,3,14,"3-1-SFO 14 (4:17) 89-Larry Bruner ran to SFO 18 for 3 yards. Tackle by 43-Anthony Johnson.","#8 Kenneth Rainey - QB","#89 Larry Bruner - WR",,,"#42 Andrew Piper - LT","#80 Frank Cherry - WR",,"#13 Jeffrey Lacey - WR",,"#16 Philip Robinson - WR",,,"#69 Edward McElroy - C","#74 Sean Davenport - RT","#70 Ignacio Graham - C","#66 Edward Jarrell - RG","#52 Keith Young - RT",,"#96 Gabriel Hughes - RDE",,"#71 Donald Moore - DT","#63 Jimmy Jara - DT","#67 Lawrence Richardson - RDE","#97 Russell Melendez - MLB","#52 Andrew Johnson - SLB",,"#22 Thomas Henderson - WLB","#27 Thomas Flores - CB","#27 Richard Hutchens - CB",,,,"#43 Anthony Johnson - CB","#38 Carlo Chambers - SS",,,,,,,,,,,,,,,,,,,,,,,,,,,,,,,,,,,,
SFO,3:43,"SFO 18",2,1,10,"I Formation 3WR WR Out","Nickel Normal Man Cover 2",6,3,14,"1-10-SFO 18 (3:42) 17-Kenneth Rainey pass complete to 16-Philip Robinson to SFO 23 for 6 yards. Tackle by 27-Richard Hutchens.","#8 Kenneth Rainey - QB","#89 Larry Bruner - WR",,,"#42 Andrew Piper - LT",,,"#13 Jeffrey Lacey - WR","#83 Marvin Castro - WR","#16 Philip Robinson - WR",,,"#69 Edward McElroy - C","#74 Sean Davenport - RT","#70 Ignacio Graham - C","#66 Edward Jarrell - RG","#52 Keith Young - RT",,"#96 Gabriel Hughes - RDE",,"#71 Donald Moore - DT","#63 Jimmy Jara - DT","#67 Lawrence Richardson - RDE",,"#91 Terence Averill - WLB",,"#52 Andrew Johnson - SLB","#27 Thomas Flores - CB","#27 Richard Hutchens - CB",,"#26 Floyd Price - CB",,"#43 Anthony Johnson - CB","#38 Carlo Chambers - SS",,,,,,,,,,,,,,,,,,,,,,,,,,,,,,,,,,,,
SFO,2:57,"SFO 23",2,2,4,"Strong I Normal HB Off Tackle Strong","4-3 Normal Man OLB Flat Zone",1,3,14,"2-4-SFO 23 (2:56) 89-Larry Bruner ran to SFO 25 for 1 yards. Tackle by 97-Russell Melendez.","#8 Kenneth Rainey - QB","#89 Larry Bruner - WR",,,"#42 Andrew Piper - LT","#80 Frank Cherry - WR",,"#13 Jeffrey Lacey - WR",,"#16 Philip Robinson - WR",,,"#69 Edward McElroy - C","#74 Sean Davenport - RT","#70 Ignacio Graham - C","#66 Edward Jarrell - RG","#52 Keith Young - RT",,"#96 Gabriel Hughes - RDE",,"#71 Donald Moore - DT","#63 Jimmy Jara - DT","#67 Lawrence Richardson - RDE","#97 Russell Melendez - MLB","#52 Andrew Johnson - SLB",,"#22 Thomas Henderson - WLB","#27 Thomas Flores - CB","#27 Richard Hutchens - CB",,,,"#43 Anthony Johnson - CB","#38 Carlo Chambers - SS",,,,,,,,,,,,,,,,,,,,,,,,,,,,,,,,,,,,
SFO,2:14,"SFO 25",2,3,3,"I Formation Power PA Flats","Nickel Normal Man Cover 2",18,3,14,"3-3-SFO 25 (2:13) 17-Kenneth Rainey pass complete to 88-Raymond Kelly to SFO 42 for 18 yards. Tackle by 38-Carlo Chambers. 88-Raymond Kelly did some fancy footwork there.","#8 Kenneth Rainey - QB","#89 Larry Bruner - WR",,"#88 Raymond Kelly - WR","#42 Andrew Piper - LT","#80 Frank Cherry - WR",,"#13 Jeffrey Lacey - WR",,,,,"#69 Edward McElroy - C","#74 Sean Davenport - RT","#70 Ignacio Graham - C","#66 Edward Jarrell - RG","#52 Keith Young - RT",,"#96 Gabriel Hughes - RDE",,"#71 Donald Moore - DT","#63 Jimmy Jara - DT","#67 Lawrence Richardson - RDE",,"#52 Andrew Johnson - SLB",,"#22 Thomas Henderson - WLB","#27 Thomas Flores - CB","#27 Richard Hutchens - CB",,"#26 Floyd Price - CB",,"#43 Anthony Johnson - CB","#38 Carlo Chambers - SS",,,,,,,,,,,,,,,,,,,,,,,,,,,,,,,,,,,,
,2:00,,2,1,10,,,,3,14,"Timeout for two minute warning.",,,,,,,,,,,,,,,,,,,,,,,,,,,,,,,,,,,,,,,,,,,,,,,,,,,,,,,,,,,,,,,,,,,,,,
SFO,2:00,"SFO 42",2,1,10,"I Formation Power HB Strong Outside","Nickel Normal Double WR1",15,3,14,"1-10-SFO 42 (2:00) 88-Raymond Kelly ran to LAX 43 for 15 yards. Tackle by 38-Carlo Chambers. SFO 80-Frank Cherry was injured on the play. He looks like he should be able to return.","#8 Kenneth Rainey - QB","#88 Raymond Kelly - WR",,"#32 Adam Demello - FB","#42 Andrew Piper - LT","#80 Frank Cherry - WR",,"#13 Jeffrey Lacey - WR",,,,,"#69 Edward McElroy - C","#74 Sean Davenport - RT","#70 Ignacio Graham - C","#66 Edward Jarrell - RG","#52 Keith Young - RT",,"#96 Gabriel Hughes - RDE",,"#71 Donald Moore - DT","#63 Jimmy Jara - DT","#67 Lawrence Richardson - RDE",,"#52 Andrew Johnson - SLB",,"#22 Thomas Henderson - WLB","#27 Thomas Flores - CB","#27 Richard Hutchens - CB",,"#26 Floyd Price - CB",,"#43 Anthony Johnson - CB","#38 Carlo Chambers - SS",,,,,,,,,,,,,,,,,,,,,,,,,,,,,,,,,,,,
,1:56,,2,1,10,,,,3,14,"Timeout SFO",,,,,,,,,,,,,,,,,,,,,,,,,,,,,,,,,,,,,,,,,,,,,,,,,,,,,,,,,,,,,,,,,,,,,,
SFO,1:53,"LAX 43",2,1,10,"Singleback Normal TE Quick Out","Goal Line Attack #1",,3,14,"1-10-LAX 43 (1:54) (Hot Read) 17-Kenneth Rainey pass Pass knocked down by 52-Andrew Johnson. incomplete, intended for 89-Larry Bruner. Pressure by 22-Thomas Henderson.","#8 Kenneth Rainey - QB","#89 Larry Bruner - WR",,,,"#61 Mark Schlereth - LG",,"#13 Jeffrey Lacey - WR","#83 Marvin Castro - WR","#16 Philip Robinson - WR",,,"#69 Edward McElroy - C","#74 Sean Davenport - RT","#70 Ignacio Graham - C","#66 Edward Jarrell - RG","#52 Keith Young - RT",,"#96 Gabriel Hughes - RDE","#65 Fred Edmiston - DT","#71 Donald Moore - DT","#63 Jimmy Jara - DT","#67 Lawrence Richardson - RDE","#97 Russell Melendez - MLB","#52 Andrew Johnson - SLB",,"#22 Thomas Henderson - WLB","#27 Thomas Flores - CB","#27 Richard Hutchens - CB",,,,"#43 Anthony Johnson - CB",,,,,,,,,,,,,,,,,,,,,,,,,,,,,,,,,,,,,
SFO,1:49,"LAX 43",2,2,10,"Weak I Normal Skinny Posts","4-3 Normal Man OLB Flat Zone",2,3,14,"2-10-LAX 43 (1:50) 17-Kenneth Rainey pass complete to 89-Larry Bruner to LAX 41 for 2 yards. Tackle by 43-Anthony Johnson.","#8 Kenneth Rainey - QB","#89 Larry Bruner - WR",,,"#42 Andrew Piper - LT","#83 Marvin Castro - WR",,"#13 Jeffrey Lacey - WR",,"#16 Philip Robinson - WR",,,"#69 Edward McElroy - C","#74 Sean Davenport - RT","#70 Ignacio Graham - C","#66 Edward Jarrell - RG","#52 Keith Young - RT",,"#96 Gabriel Hughes - RDE",,"#71 Donald Moore - DT","#63 Jimmy Jara - DT","#67 Lawrence Richardson - RDE","#97 Russell Melendez - MLB","#52 Andrew Johnson - SLB",,"#22 Thomas Henderson - WLB","#27 Thomas Flores - CB","#27 Richard Hutchens - CB",,,,"#43 Anthony Johnson - CB","#38 Carlo Chambers - SS",,,,,,,,,,,,,,,,,,,,,,,,,,,,,,,,,,,,
SFO,1:29,"LAX 41",2,3,8,"I Formation 3WR Slot Short WR Deep","Nickel Normal CB3 MLB Blitz",,3,14,"3-8-LAX 41 (1:28) 17-Kenneth Rainey pass Pass knocked down by 38-Carlo Chambers. incomplete, intended for 83-Marvin Castro.","#8 Kenneth Rainey - QB","#89 Larry Bruner - WR",,,"#42 Andrew Piper - LT",,,"#13 Jeffrey Lacey - WR","#83 Marvin Castro - WR","#16 Philip Robinson - WR",,,"#69 Edward McElroy - C","#74 Sean Davenport - RT","#70 Ignacio Graham - C","#66 Edward Jarrell - RG","#52 Keith Young - RT",,"#96 Gabriel Hughes - RDE",,"#71 Donald Moore - DT","#63 Jimmy Jara - DT","#67 Lawrence Richardson - RDE",,"#52 Andrew Johnson - SLB",,"#22 Thomas Henderson - WLB","#27 Thomas Flores - CB","#27 Richard Hutchens - CB",,"#26 Floyd Price - CB",,"#43 Anthony Johnson - CB","#38 Carlo Chambers - SS",,,,,,,,,,,,,,,,,,,,,,,,,,,,,,,,,,,,
SFO,1:23,"LAX 41",2,4,8,Punt,"Punt Return",29,3,14,"4-8-LAX 41 (1:24) 8-Garry Cohen punts 29 yards to LAX 12. PENALTY - Holding (SFO 42-Andrew Piper)",,,,,,,,,,,,,,,,,,"#8 Garry Cohen - P",,,,,,,,,,,,,,,,,,,"#74 Sean Davenport - RT",,"#43 Anthony Johnson - CB",,,"#36 Mitchell Taylor - SS","#24 Erasmo Christopherso - RB","#98 Joseph Hammer - MLB",,"#39 Terrence Noguera - FS","#26 Floyd Price - CB",,"#51 Alberto Watkins - SLB",,,,"#31 Terrance Holley - LT","#69 Edward McElroy - C","#68 Perry Crawford - C","#42 Andrew Piper - LT","#61 Mark Schlereth - LG","#66 Edward Jarrell - RG",,"#72 Morris Gilbertson - DT","#65 Fred Edmiston - DT","#91 Terence Averill - WLB","#99 Walter Klaus - LDE",,,,,,,
SFO,1:13,"SFO 49",2,4,18,Punt,"Punt Return",35,3,14,"4-18-SFO 49 (1:14) 8-Garry Cohen punts 35 yards to LAX 16.",,,,,,,,,,,,,,,,,,"#8 Garry Cohen - P",,,,,,,,,,,,,,,,,,,"#74 Sean Davenport - RT",,"#43 Anthony Johnson - CB",,,"#81 Steven Bohm - TE","#98 Joseph Hammer - MLB","#51 Alberto Watkins - SLB",,"#28 Gregory Sloat - RB","#19 William Christensen - WR",,"#86 Timothy Coffman - WR",,,,"#61 Mark Schlereth - LG","#70 Ignacio Graham - C","#68 Perry Crawford - C","#31 Terrance Holley - LT","#52 Keith Young - RT","#69 Edward McElroy - C",,"#72 Morris Gilbertson - DT","#91 Terence Averill - WLB","#65 Fred Edmiston - DT","#99 Walter Klaus - LDE",,,,,,,
LAX,1:05,"LAX 16",2,1,10,"Goal Line Normal HB Dive","Goal Line Attack #2",4,3,14,"1-10-LAX 16 (1:06) 46-Vincent Whitaker ran to LAX 20 for 4 yards. Tackle by 99-Mike Seamon.","#15 Ernest Williams - QB","#46 Vincent Whitaker - WR",,"#24 Erasmo Christopherso - RB","#37 Mark Kaufman - FB","#84 Randall Blanton - TE","#83 John Hopkins - TE",,,,,,"#74 Timothy Trussell - LG","#68 David Humphreys - LT","#79 Salvador Wilson - C","#77 Mark Bryant - RT","#76 Tony Jackson - LG",,"#98 Gary Bates - RDE","#51 Raymond Winans - RDE","#50 Buck  Dharma - DT","#71 Robert Owens - LDE","#90 Scott Morton - DT","#57 Joseph Langston - MLB","#58 Juan Yates - WLB",,"#99 Mike Seamon - MLB","#48 Ramon Price - CB","#25 Jeffrey Campbell - CB",,,,"#34 Kieth Davis - SS",,,,,,,,,,,,,,,,,,,,,,,,,,,,,,,,,,,,,
LAX,0:28,"LAX 20",2,2,6,"Singleback Big HB Inside Strong","4-3 Normal Double Safety Blitz",5,3,14,"2-6-LAX 20 (0:27) 46-Vincent Whitaker ran to LAX 24 for 5 yards. Tackle by 77-David Martel.","#15 Ernest Williams - QB","#46 Vincent Whitaker - WR",,,,"#84 Randall Blanton - TE","#81 Steven Bohm - TE","#17 Derek Burch - WR",,"#21 Clifton Brady - WR",,,"#74 Timothy Trussell - LG","#68 David Humphreys - LT","#79 Salvador Wilson - C","#77 Mark Bryant - RT","#76 Tony Jackson - LG",,"#98 Gary Bates - RDE",,"#50 Buck  Dharma - DT","#71 Robert Owens - LDE","#90 Scott Morton - DT","#57 Joseph Langston - MLB","#58 Juan Yates - WLB",,"#93 Harold Holt - WLB","#48 Ramon Price - CB","#25 Jeffrey Campbell - CB",,,,"#34 Kieth Davis - SS","#77 David Martel - CB",,,,,,,,,,,,,,,,,,,,,,,,,,,,,,,,,,,,
,0:00,,2,3,2,,,,3,14,"End of half.",,,,,,,,,,,,,,,,,,,,,,,,,,,,,,,,,,,,,,,,,,,,,,,,,,,,,,,,,,,,,,,,,,,,,,
SFO,15:00,"SFO 35",3,6,10,Kickoff,"Kick Return",,3,14,"(15:00) 6-Jeffery Jarvis kicks 74 yards from SFO 35 to LAX -9. Touchback.",,,,,,,,,,,,,,,,,,,,,,,,,,,,,,,,,,,,,,"#21 Clifton Brady - WR",,"#98 Joseph Hammer - MLB","#28 Gregory Sloat - RB","#39 Terrence Noguera - FS","#81 Steven Bohm - TE","#36 Mitchell Taylor - SS","#19 William Christensen - WR","#26 Floyd Price - CB","#91 Terence Averill - WLB","#86 Timothy Coffman - WR","#24 Erasmo Christopherso - RB","#6 Jeffery Jarvis - K",,,,,,,,,,,,,,,,,,,,
LAX,15:00,"LAX 25",3,1,10,"Shotgun Normal TE Out","4-3 Under Crash Left",2,3,14,"1-10-LAX 25 (15:00) 15-Ernest Williams pass complete to 88-Ignacio Lake to LAX 27 for 2 yards. Tackle by 97-Gregory Dupree.","#15 Ernest Williams - QB","#46 Vincent Whitaker - WR",,,,"#84 Randall Blanton - TE",,"#17 Derek Burch - WR","#88 Ignacio Lake - WR","#21 Clifton Brady - WR",,,"#74 Timothy Trussell - LG","#68 David Humphreys - LT","#79 Salvador Wilson - C","#77 Mark Bryant - RT","#76 Tony Jackson - LG",,"#98 Gary Bates - RDE",,"#50 Buck  Dharma - DT","#71 Robert Owens - LDE","#90 Scott Morton - DT","#57 Joseph Langston - MLB","#92 Gregory Dupree - MLB",,"#93 Harold Holt - WLB","#48 Ramon Price - CB","#25 Jeffrey Campbell - CB",,,,"#34 Kieth Davis - SS","#77 David Martel - CB",,,,,,,,,,,,,,,,,,,,,,,,,,,,,,,,,,,,
LAX,14:18,"LAX 27",3,2,8,"I Formation 3WR Slot Short WR Deep","4-3 Under Crash Left",30,3,14,"2-8-LAX 27 (14:17) 15-Ernest Williams pass complete to 88-Ignacio Lake to SFO 43 for 30 yards. Great move by 88-Ignacio Lake to get free of his coverage.","#15 Ernest Williams - QB","#46 Vincent Whitaker - WR",,,"#37 Mark Kaufman - FB",,,"#17 Derek Burch - WR","#88 Ignacio Lake - WR","#21 Clifton Brady - WR",,,"#74 Timothy Trussell - LG","#68 David Humphreys - LT","#79 Salvador Wilson - C","#77 Mark Bryant - RT","#76 Tony Jackson - LG",,"#98 Gary Bates - RDE",,"#50 Buck  Dharma - DT","#71 Robert Owens - LDE","#90 Scott Morton - DT","#57 Joseph Langston - MLB","#92 Gregory Dupree - MLB",,"#93 Harold Holt - WLB","#48 Ramon Price - CB","#25 Jeffrey Campbell - CB",,,,"#34 Kieth Davis - SS","#77 David Martel - CB",,,,,,,,,,,,,,,,,,,,,,,,,,,,,,,,,,,,
LAX,13:38,"SFO 43",3,1,10,"I Formation 3WR HB Inside Weak","4-3 Under Crash Left",2,3,14,"1-10-SFO 43 (13:37) 24-Erasmo Christopherso ran to SFO 41 for 2 yards. Tackle by 90-Scott Morton.","#15 Ernest Williams - QB","#24 Erasmo Christopherso - RB",,,"#37 Mark Kaufman - FB",,,"#21 Clifton Brady - WR","#86 Timothy Coffman - WR","#19 William Christensen - WR",,,"#74 Timothy Trussell - LG","#68 David Humphreys - LT","#79 Salvador Wilson - C","#77 Mark Bryant - RT","#76 Tony Jackson - LG",,"#98 Gary Bates - RDE",,"#50 Buck  Dharma - DT","#71 Robert Owens - LDE","#90 Scott Morton - DT","#57 Joseph Langston - MLB","#58 Juan Yates - WLB",,"#99 Mike Seamon - MLB","#25 Jeffrey Campbell - CB","#26 Harvey Schmucker - CB",,,,"#34 Kieth Davis - SS","#77 David Martel - CB",,,,,,,,,,,,,,,,,,,,,,,,,,,,,,,,,,,,
LAX,13:03,"SFO 41",3,2,8,"Goal Line Normal HB Dive","Goal Line Attack #3",-0,3,14,"2-8-SFO 41 (13:02) 24-Erasmo Christopherso ran to SFO 41 for a short loss. Tackle by 58-Juan Yates. LAX 81-Steven Bohm was injured on the play. He looks like he should be able to return.","#15 Ernest Williams - QB","#24 Erasmo Christopherso - RB",,"#83 John Hopkins - TE","#37 Mark Kaufman - FB","#84 Randall Blanton - TE","#81 Steven Bohm - TE",,,,,,"#74 Timothy Trussell - LG","#68 David Humphreys - LT","#79 Salvador Wilson - C","#77 Mark Bryant - RT","#76 Tony Jackson - LG",,"#98 Gary Bates - RDE","#51 Raymond Winans - RDE","#50 Buck  Dharma - DT","#71 Robert Owens - LDE","#90 Scott Morton - DT","#57 Joseph Langston - MLB","#58 Juan Yates - WLB",,"#93 Harold Holt - WLB","#48 Ramon Price - CB","#25 Jeffrey Campbell - CB",,,,"#34 Kieth Davis - SS",,,,,,,,,,,,,,,,,,,,,,,,,,,,,,,,,,,,,
LAX,12:30,"SFO 41",3,3,8,"I Formation Normal FL Hitch","4-3 Normal Man OLB Flat Zone",11,3,14,"3-8-SFO 41 (12:29) 15-Ernest Williams pass complete to 17-Derek Burch to SFO 30 for 11 yards. Tackle by 77-David Martel.","#15 Ernest Williams - QB","#24 Erasmo Christopherso - RB",,,"#37 Mark Kaufman - FB","#84 Randall Blanton - TE",,"#17 Derek Burch - WR",,"#21 Clifton Brady - WR",,,"#74 Timothy Trussell - LG","#68 David Humphreys - LT","#79 Salvador Wilson - C","#77 Mark Bryant - RT","#76 Tony Jackson - LG",,"#98 Gary Bates - RDE",,"#50 Buck  Dharma - DT","#71 Robert Owens - LDE","#90 Scott Morton - DT","#57 Joseph Langston - MLB","#92 Gregory Dupree - MLB",,"#93 Harold Holt - WLB","#48 Ramon Price - CB","#25 Jeffrey Campbell - CB",,,,"#34 Kieth Davis - SS","#77 David Martel - CB",,,,,,,,,,,,,,,,,,,,,,,,,,,,,,,,,,,,
LAX,11:46,"SFO 30",3,1,10,"Strong I Normal WR Post TE Out","4-3 Normal Man OLB Flat Zone",,3,14,"1-10-SFO 30 (11:45) 15-Ernest Williams pass Pass knocked down by 93-Harold Holt. incomplete, intended for 46-Vincent Whitaker.","#15 Ernest Williams - QB","#46 Vincent Whitaker - WR",,,"#37 Mark Kaufman - FB","#84 Randall Blanton - TE",,"#21 Clifton Brady - WR",,"#88 Ignacio Lake - WR",,,"#74 Timothy Trussell - LG","#68 David Humphreys - LT","#79 Salvador Wilson - C","#77 Mark Bryant - RT","#76 Tony Jackson - LG",,"#98 Gary Bates - RDE",,"#50 Buck  Dharma - DT","#71 Robert Owens - LDE","#90 Scott Morton - DT","#57 Joseph Langston - MLB","#92 Gregory Dupree - MLB",,"#93 Harold Holt - WLB","#48 Ramon Price - CB","#25 Jeffrey Campbell - CB",,,,"#34 Kieth Davis - SS","#77 David Martel - CB",,,,,,,,,,,,,,,,,,,,,,,,,,,,,,,,,,,,
LAX,11:40,"SFO 30",3,2,10,"Split Backs Normal Skinny Post Corner","4-3 Normal Man OLB Flat Zone",8,3,14,"2-10-SFO 30 (11:41) 15-Ernest Williams pass complete to 88-Ignacio Lake to SFO 22 for 8 yards. 88-Ignacio Lake did some fancy footwork there.","#15 Ernest Williams - QB","#24 Erasmo Christopherso - RB",,,"#88 Ignacio Lake - WR","#84 Randall Blanton - TE",,"#17 Derek Burch - WR",,"#21 Clifton Brady - WR",,,"#74 Timothy Trussell - LG","#68 David Humphreys - LT","#79 Salvador Wilson - C","#77 Mark Bryant - RT","#76 Tony Jackson - LG",,"#98 Gary Bates - RDE",,"#50 Buck  Dharma - DT","#71 Robert Owens - LDE","#90 Scott Morton - DT","#57 Joseph Langston - MLB","#58 Juan Yates - WLB",,"#93 Harold Holt - WLB","#26 Harvey Schmucker - CB","#27 Josh Mathis - CB",,,,"#34 Kieth Davis - SS","#77 David Martel - CB",,,,,,,,,,,,,,,,,,,,,,,,,,,,,,,,,,,,
LAX,11:00,"SFO 22",3,3,2,"Split Backs Normal Skinny Post Corner","4-3 Normal Man OLB Flat Zone",2,3,14,"3-2-SFO 22 (10:59) 15-Ernest Williams pass complete to 46-Vincent Whitaker to SFO 19 for 2 yards. Tackle by 34-Kieth Davis. SFO 25-Jeffrey Campbell was injured on the play. He looks like he should be able to return.","#15 Ernest Williams - QB","#46 Vincent Whitaker - WR",,,"#37 Mark Kaufman - FB","#84 Randall Blanton - TE",,"#17 Derek Burch - WR",,"#21 Clifton Brady - WR",,,"#74 Timothy Trussell - LG","#68 David Humphreys - LT","#79 Salvador Wilson - C","#77 Mark Bryant - RT","#76 Tony Jackson - LG",,"#98 Gary Bates - RDE",,"#50 Buck  Dharma - DT","#71 Robert Owens - LDE","#90 Scott Morton - DT","#57 Joseph Langston - MLB","#92 Gregory Dupree - MLB",,"#99 Mike Seamon - MLB","#48 Ramon Price - CB","#25 Jeffrey Campbell - CB",,,,"#34 Kieth Davis - SS","#77 David Martel - CB",,,,,,,,,,,,,,,,,,,,,,,,,,,,,,,,,,,,
LAX,10:24,"SFO 19",3,1,10,"I Formation Normal Max Protect","4-3 Normal Man OLB Flat Zone",4,3,14,"1-10-SFO 19 (10:23) 15-Ernest Williams pass complete to 24-Erasmo Christopherso to SFO 15 for 4 yards. Tackle by 34-Kieth Davis.","#15 Ernest Williams - QB","#24 Erasmo Christopherso - RB",,,"#37 Mark Kaufman - FB","#84 Randall Blanton - TE",,"#17 Derek Burch - WR",,"#21 Clifton Brady - WR",,,"#74 Timothy Trussell - LG","#68 David Humphreys - LT","#79 Salvador Wilson - C","#77 Mark Bryant - RT","#76 Tony Jackson - LG",,"#98 Gary Bates - RDE",,"#50 Buck  Dharma - DT","#71 Robert Owens - LDE","#90 Scott Morton - DT","#57 Joseph Langston - MLB","#92 Gregory Dupree - MLB",,"#93 Harold Holt - WLB","#48 Ramon Price - CB","#26 Harvey Schmucker - CB",,,,"#34 Kieth Davis - SS","#36 Justin Archer - CB",,,,,,,,,,,,,,,,,,,,,,,,,,,,,,,,,,,,
LAX,9:49,"SFO 15",3,2,6,"I Formation 3WR Slot Corner Short","4-3 Under Double LB Blitz",,3,14,"2-6-SFO 15 (9:48) 15-Ernest Williams pass Pass knocked down by 92-Andrew Timmer. incomplete, intended for 24-Erasmo Christopherso.","#15 Ernest Williams - QB","#24 Erasmo Christopherso - RB",,,"#37 Mark Kaufman - FB",,,"#88 Ignacio Lake - WR","#86 Timothy Coffman - WR","#19 William Christensen - WR",,,"#74 Timothy Trussell - LG","#68 David Humphreys - LT","#79 Salvador Wilson - C","#77 Mark Bryant - RT","#76 Tony Jackson - LG",,"#98 Gary Bates - RDE",,"#50 Buck  Dharma - DT","#71 Robert Owens - LDE","#90 Scott Morton - DT","#91 Donald Hamilton - MLB","#58 Juan Yates - WLB",,"#99 Mike Seamon - MLB","#26 Harvey Schmucker - CB","#27 Josh Mathis - CB",,,,"#92 Andrew Timmer - SS","#77 David Martel - CB",,,,,,,,,,,,,,,,,,,,,,,,,,,,,,,,,,,,
LAX,9:45,"SFO 15",3,3,6,"I Formation 3WR Slot Corner Short","4-3 Normal Man OLB Flat Zone",,3,14,"3-6-SFO 15 (9:46) 15-Ernest Williams pass incomplete, dropped by 46-Vincent Whitaker.","#15 Ernest Williams - QB","#46 Vincent Whitaker - WR",,,"#37 Mark Kaufman - FB",,,"#17 Derek Burch - WR","#19 William Christensen - WR","#88 Ignacio Lake - WR",,,"#74 Timothy Trussell - LG","#68 David Humphreys - LT","#79 Salvador Wilson - C","#77 Mark Bryant - RT","#76 Tony Jackson - LG",,"#98 Gary Bates - RDE",,"#50 Buck  Dharma - DT","#71 Robert Owens - LDE","#90 Scott Morton - DT","#57 Joseph Langston - MLB","#92 Gregory Dupree - MLB",,"#99 Mike Seamon - MLB","#48 Ramon Price - CB","#26 Harvey Schmucker - CB",,,,"#34 Kieth Davis - SS","#77 David Martel - CB",,,,,,,,,,,,,,,,,,,,,,,,,,,,,,,,,,,,
LAX,9:43,"SFO 15",3,4,6,"Field Goal","FG Block",25,6,14,"4-6-SFO 15 (9:44) 5-George Heywood 33 yard field goal is GOOD. LAX 6 SFO 14",,,,,,,,,,,,,,,,,,,,,,,,,,,,,,,,,,,,"#11 Wayne Meyer - QB","#50 Raymond Thrasher - RT",,,,,,,,,,,,,,"#5 George Heywood - K","#77 Mark Bryant - RT","#83 John Hopkins - TE","#72 Morris Gilbertson - DT","#58 Raymond Coleman - LG","#61 Matthew Moore - RT","#37 Mark Kaufman - FB","#84 Randall Blanton - TE","#68 David Humphreys - LT","#98 Gary Bates - RDE","#71 Robert Owens - LDE","#56 Thomas Davis - DT","#90 Scott Morton - DT","#36 Justin Archer - CB","#99 Mike Seamon - MLB","#50 Buck  Dharma - DT","#93 Harold Holt - WLB","#51 Raymond Winans - RDE","#40 Robert Roland - CB","#68 Perry Crawford - C"
LAX,9:40,"LAX 35",3,6,10,Kickoff,"Kick Return",,6,14,"(9:41) 5-George Heywood kicks 75 yards from LAX 35 to SFO -10. Touchback.",,,,,,,,,,,,,,,,,,,,,,,,,,,,,,,,,,,,,,"#89 Larry Bruner - WR",,"#90 Scott Morton - DT","#98 Gary Bates - RDE","#25 Jeffrey Campbell - CB","#27 Josh Mathis - CB","#48 Ramon Price - CB","#71 Robert Owens - LDE","#92 Gregory Dupree - MLB","#93 Harold Holt - WLB","#51 Raymond Winans - RDE","#40 Robert Roland - CB","#5 George Heywood - K",,,,,,,,,,,,,,,,,,,,
SFO,9:40,"SFO 25",3,1,10,"Singleback Slot Strong HB Counter","Goal Line Attack #2",1,6,14,"1-10-SFO 25 (9:41) 89-Larry Bruner ran to SFO 26 for 1 yards. Tackle by 52-Andrew Johnson.","#8 Kenneth Rainey - QB","#89 Larry Bruner - WR",,,,"#80 Frank Cherry - WR",,"#13 Jeffrey Lacey - WR","#83 Marvin Castro - WR","#16 Philip Robinson - WR",,,"#69 Edward McElroy - C","#74 Sean Davenport - RT","#70 Ignacio Graham - C","#66 Edward Jarrell - RG","#52 Keith Young - RT",,"#96 Gabriel Hughes - RDE","#65 Fred Edmiston - DT","#71 Donald Moore - DT","#63 Jimmy Jara - DT","#67 Lawrence Richardson - RDE","#97 Russell Melendez - MLB","#52 Andrew Johnson - SLB",,"#22 Thomas Henderson - WLB","#27 Thomas Flores - CB","#27 Richard Hutchens - CB",,,,"#43 Anthony Johnson - CB",,,,,,,,,,,,,,,,,,,,,,,,,,,,,,,,,,,,,
SFO,9:02,"SFO 26",3,2,9,"Singleback Normal HB Counter Weak","Nickel Normal Man Cover 2",12,6,14,"2-9-SFO 26 (9:01) 89-Larry Bruner ran to SFO 38 for 12 yards. Tackle by 43-Anthony Johnson.","#8 Kenneth Rainey - QB","#89 Larry Bruner - WR",,,,"#80 Frank Cherry - WR",,"#13 Jeffrey Lacey - WR","#83 Marvin Castro - WR","#16 Philip Robinson - WR",,,"#69 Edward McElroy - C","#74 Sean Davenport - RT","#70 Ignacio Graham - C","#66 Edward Jarrell - RG","#52 Keith Young - RT",,"#96 Gabriel Hughes - RDE",,"#71 Donald Moore - DT","#63 Jimmy Jara - DT","#67 Lawrence Richardson - RDE",,"#52 Andrew Johnson - SLB",,"#22 Thomas Henderson - WLB","#27 Thomas Flores - CB","#27 Richard Hutchens - CB",,"#26 Floyd Price - CB",,"#43 Anthony Johnson - CB","#38 Carlo Chambers - SS",,,,,,,,,,,,,,,,,,,,,,,,,,,,,,,,,,,,
SFO,8:27,"SFO 38",3,1,10,"Singleback Slot Strong HB Counter","46 Heavy 2 Deep Man Under",5,6,14,"1-10-SFO 38 (8:26) 88-Raymond Kelly ran to SFO 43 for 5 yards. Tackle by 43-Anthony Johnson.","#8 Kenneth Rainey - QB","#88 Raymond Kelly - WR",,,,"#80 Frank Cherry - WR",,"#13 Jeffrey Lacey - WR","#83 Marvin Castro - WR","#16 Philip Robinson - WR",,,"#69 Edward McElroy - C","#74 Sean Davenport - RT","#70 Ignacio Graham - C","#66 Edward Jarrell - RG","#52 Keith Young - RT",,"#96 Gabriel Hughes - RDE",,"#71 Donald Moore - DT","#63 Jimmy Jara - DT","#67 Lawrence Richardson - RDE","#97 Russell Melendez - MLB","#52 Andrew Johnson - SLB",,"#22 Thomas Henderson - WLB","#27 Thomas Flores - CB","#27 Richard Hutchens - CB",,,,"#43 Anthony Johnson - CB","#38 Carlo Chambers - SS",,,,,,,,,,,,,,,,,,,,,,,,,,,,,,,,,,,,
SFO,7:52,"SFO 43",3,2,5,"Strong I Normal HB Off Tackle Strong","4-3 Normal Man OLB Flat Zone",1,6,14,"2-5-SFO 43 (7:51) 89-Larry Bruner ran to SFO 44 for 1 yards. Tackle by 97-Russell Melendez. SFO 66-Edward Jarrell was injured on the play. He looks like he should be able to return.","#8 Kenneth Rainey - QB","#89 Larry Bruner - WR",,,"#42 Andrew Piper - LT","#80 Frank Cherry - WR",,"#13 Jeffrey Lacey - WR",,"#16 Philip Robinson - WR",,,"#69 Edward McElroy - C","#74 Sean Davenport - RT","#70 Ignacio Graham - C","#66 Edward Jarrell - RG","#52 Keith Young - RT",,"#96 Gabriel Hughes - RDE",,"#71 Donald Moore - DT","#63 Jimmy Jara - DT","#67 Lawrence Richardson - RDE","#97 Russell Melendez - MLB","#52 Andrew Johnson - SLB",,"#22 Thomas Henderson - WLB","#27 Thomas Flores - CB","#27 Richard Hutchens - CB",,,,"#43 Anthony Johnson - CB","#38 Carlo Chambers - SS",,,,,,,,,,,,,,,,,,,,,,,,,,,,,,,,,,,,
SFO,7:13,"SFO 44",3,3,4,"I Formation 3WR Slot Corner Short","Nickel Normal Man Zone",,6,14,"3-4-SFO 44 (7:12) 17-Kenneth Rainey pass incomplete, intended for 13-Jeffrey Lacey.","#8 Kenneth Rainey - QB","#89 Larry Bruner - WR",,,"#42 Andrew Piper - LT",,,"#13 Jeffrey Lacey - WR","#83 Marvin Castro - WR","#16 Philip Robinson - WR",,,"#69 Edward McElroy - C","#74 Sean Davenport - RT","#70 Ignacio Graham - C","#61 Mark Schlereth - LG","#52 Keith Young - RT",,"#96 Gabriel Hughes - RDE",,"#71 Donald Moore - DT","#63 Jimmy Jara - DT","#67 Lawrence Richardson - RDE",,"#52 Andrew Johnson - SLB",,"#22 Thomas Henderson - WLB","#27 Thomas Flores - CB","#27 Richard Hutchens - CB",,"#26 Floyd Price - CB",,"#43 Anthony Johnson - CB","#38 Carlo Chambers - SS",,,,,,,,,,,,,,,,,,,,,,,,,,,,,,,,,,,,
SFO,7:08,"SFO 44",3,4,4,Punt,"Punt Return",,6,14,"4-4-SFO 44 (7:09) 8-Garry Cohen punts 40 yards to LAX 16. Fair Catch by 43-Anthony Johnson.",,,,,,,,,,,,,,,,,,"#8 Garry Cohen - P",,,,,,,,,,,,,,,,,,,"#74 Sean Davenport - RT",,"#43 Anthony Johnson - CB",,,"#36 Mitchell Taylor - SS","#24 Erasmo Christopherso - RB","#98 Joseph Hammer - MLB",,"#39 Terrence Noguera - FS","#26 Floyd Price - CB",,"#51 Alberto Watkins - SLB",,,,"#31 Terrance Holley - LT","#69 Edward McElroy - C","#68 Perry Crawford - C","#42 Andrew Piper - LT","#61 Mark Schlereth - LG","#66 Edward Jarrell - RG",,"#72 Morris Gilbertson - DT","#65 Fred Edmiston - DT","#91 Terence Averill - WLB","#99 Walter Klaus - LDE",,,,,,,
LAX,7:02,"LAX 16",3,1,10,"Shotgun Normal FL Slant","46 Normal Weak Blitz",39,6,14,"1-10-LAX 16 (7:03) 15-Ernest Williams pass complete to 46-Vincent Whitaker to SFO 45 for 39 yards.","#15 Ernest Williams - QB","#46 Vincent Whitaker - WR",,,,"#84 Randall Blanton - TE",,"#17 Derek Burch - WR","#88 Ignacio Lake - WR","#21 Clifton Brady - WR",,,"#74 Timothy Trussell - LG","#68 David Humphreys - LT","#79 Salvador Wilson - C","#77 Mark Bryant - RT","#76 Tony Jackson - LG",,"#98 Gary Bates - RDE",,"#50 Buck  Dharma - DT","#71 Robert Owens - LDE","#90 Scott Morton - DT","#57 Joseph Langston - MLB","#92 Gregory Dupree - MLB",,"#93 Harold Holt - WLB","#48 Ramon Price - CB","#25 Jeffrey Campbell - CB",,,,"#34 Kieth Davis - SS","#77 David Martel - CB",,,,,,,,,,,,,,,,,,,,,,,,,,,,,,,,,,,,
LAX,6:19,"SFO 45",3,1,10,"Shotgun 2 RB 3 WR Shotgun Sweep","4-3 Normal Man OLB Flat Zone",4,6,14,"1-10-SFO 45 (6:18) 23-James Anderson ran to SFO 41 for 4 yards. Tackle by 34-Kieth Davis.","#15 Ernest Williams - QB","#24 Erasmo Christopherso - RB","#23 James Anderson - WR",,,,,"#17 Derek Burch - WR","#86 Timothy Coffman - WR","#19 William Christensen - WR",,,"#50 Raymond Thrasher - RT","#68 David Humphreys - LT","#79 Salvador Wilson - C","#61 Matthew Moore - RT","#58 Raymond Coleman - LG",,"#98 Gary Bates - RDE",,"#50 Buck  Dharma - DT","#71 Robert Owens - LDE","#90 Scott Morton - DT","#91 Donald Hamilton - MLB","#58 Juan Yates - WLB",,"#93 Harold Holt - WLB","#48 Ramon Price - CB","#26 Harvey Schmucker - CB",,,,"#34 Kieth Davis - SS","#36 Justin Archer - CB",,,,,,,,,,,,,,,,,,,,,,,,,,,,,,,,,,,,
LAX,5:39,"SFO 41",3,2,6,"Shotgun 2 RB 3 WR Shotgun Sweep","46 Normal Weak Blitz",8,6,14,"2-6-SFO 41 (5:38) 23-James Anderson ran to SFO 33 for 8 yards. Tackle by 99-Mike Seamon.","#15 Ernest Williams - QB","#24 Erasmo Christopherso - RB","#23 James Anderson - WR",,,,,"#17 Derek Burch - WR","#86 Timothy Coffman - WR","#19 William Christensen - WR",,,"#74 Timothy Trussell - LG","#68 David Humphreys - LT","#79 Salvador Wilson - C","#61 Matthew Moore - RT","#76 Tony Jackson - LG",,"#98 Gary Bates - RDE",,"#50 Buck  Dharma - DT","#71 Robert Owens - LDE","#90 Scott Morton - DT","#57 Joseph Langston - MLB","#92 Gregory Dupree - MLB",,"#99 Mike Seamon - MLB","#48 Ramon Price - CB","#25 Jeffrey Campbell - CB",,,,"#34 Kieth Davis - SS","#77 David Martel - CB",,,,,,,,,,,,,,,,,,,,,,,,,,,,,,,,,,,,
LAX,4:56,"SFO 33",3,1,10,"I Formation 3WR HB Inside Weak","Nickel Normal Double WR1",13,6,14,"1-10-SFO 33 (4:55) 24-Erasmo Christopherso ran to SFO 21 for 13 yards. Tackle by 29-Justin Archer.","#15 Ernest Williams - QB","#24 Erasmo Christopherso - RB",,,"#37 Mark Kaufman - FB",,,"#17 Derek Burch - WR","#88 Ignacio Lake - WR","#21 Clifton Brady - WR",,,"#74 Timothy Trussell - LG","#68 David Humphreys - LT","#79 Salvador Wilson - C","#77 Mark Bryant - RT","#76 Tony Jackson - LG",,"#98 Gary Bates - RDE",,"#50 Buck  Dharma - DT","#71 Robert Owens - LDE","#90 Scott Morton - DT",,"#92 Gregory Dupree - MLB",,"#93 Harold Holt - WLB","#48 Ramon Price - CB","#25 Jeffrey Campbell - CB",,"#26 Harvey Schmucker - CB",,"#34 Kieth Davis - SS","#36 Justin Archer - CB",,,,,,,,,,,,,,,,,,,,,,,,,,,,,,,,,,,,
LAX,4:11,"SFO 21",3,1,10,"I Formation Normal FL Hitch","4-3 Under Double LB Blitz",5,6,14,"1-10-SFO 21 (4:10) 15-Ernest Williams pass complete to 17-Derek Burch to SFO 16 for 5 yards. Tackle by 77-David Martel. 17-Derek Burch breaks down the CB. SFO 71-Robert Owens was injured on the play. He looks like he should be able to return.","#15 Ernest Williams - QB","#28 Gregory Sloat - RB",,,"#37 Mark Kaufman - FB","#84 Randall Blanton - TE",,"#17 Derek Burch - WR",,"#21 Clifton Brady - WR",,,"#74 Timothy Trussell - LG","#68 David Humphreys - LT","#79 Salvador Wilson - C","#77 Mark Bryant - RT","#76 Tony Jackson - LG",,"#98 Gary Bates - RDE",,"#50 Buck  Dharma - DT","#71 Robert Owens - LDE","#90 Scott Morton - DT","#57 Joseph Langston - MLB","#92 Gregory Dupree - MLB",,"#93 Harold Holt - WLB","#48 Ramon Price - CB","#25 Jeffrey Campbell - CB",,,,"#34 Kieth Davis - SS","#77 David Martel - CB",,,,,,,,,,,,,,,,,,,,,,,,,,,,,,,,,,,,
LAX,3:29,"SFO 16",3,2,5,"I Formation Power HB Draw","Goal Line Attack #2",1,6,14,"2-5-SFO 16 (3:28) 46-Vincent Whitaker ran to SFO 15 for 1 yards. Tackle by 50-Buck  Dharma. LAX 84-Randall Blanton was injured on the play. He looks like he should be able to return.","#15 Ernest Williams - QB","#46 Vincent Whitaker - WR",,"#83 John Hopkins - TE","#37 Mark Kaufman - FB","#84 Randall Blanton - TE",,"#88 Ignacio Lake - WR",,,,,"#74 Timothy Trussell - LG","#68 David Humphreys - LT","#79 Salvador Wilson - C","#77 Mark Bryant - RT","#76 Tony Jackson - LG",,"#98 Gary Bates - RDE","#51 Raymond Winans - RDE","#50 Buck  Dharma - DT","#56 Thomas Davis - DT","#90 Scott Morton - DT","#57 Joseph Langston - MLB","#92 Gregory Dupree - MLB",,"#93 Harold Holt - WLB","#48 Ramon Price - CB","#25 Jeffrey Campbell - CB",,,,"#92 Andrew Timmer - SS",,,,,,,,,,,,,,,,,,,,,,,,,,,,,,,,,,,,,
LAX,2:49,"SFO 15",3,3,4,"I Formation Normal FL Hitch","4-3 Normal Man OLB Flat Zone",2,6,14,"3-4-SFO 15 (2:48) 15-Ernest Williams pass complete to 17-Derek Burch to SFO 13 for 2 yards. Tackle by 48-Ramon Price.","#15 Ernest Williams - QB","#24 Erasmo Christopherso - RB",,,"#37 Mark Kaufman - FB","#81 Steven Bohm - TE",,"#17 Derek Burch - WR",,"#21 Clifton Brady - WR",,,"#74 Timothy Trussell - LG","#68 David Humphreys - LT","#79 Salvador Wilson - C","#77 Mark Bryant - RT","#76 Tony Jackson - LG",,"#98 Gary Bates - RDE",,"#50 Buck  Dharma - DT","#56 Thomas Davis - DT","#90 Scott Morton - DT","#57 Joseph Langston - MLB","#92 Gregory Dupree - MLB",,"#93 Harold Holt - WLB","#48 Ramon Price - CB","#25 Jeffrey Campbell - CB",,,,"#34 Kieth Davis - SS","#77 David Martel - CB",,,,,,,,,,,,,,,,,,,,,,,,,,,,,,,,,,,,
LAX,2:04,"SFO 13",3,4,2,"Field Goal","FG Block",24,9,14,"4-2-SFO 13 (2:03) 5-George Heywood 31 yard field goal is GOOD. LAX 9 SFO 14",,,,,,,,,,,,,,,,,,,,,,,,,,,,,,,,,,,,"#11 Wayne Meyer - QB","#50 Raymond Thrasher - RT",,,,,,,,,,,,,,"#5 George Heywood - K","#77 Mark Bryant - RT","#72 Morris Gilbertson - DT","#37 Mark Kaufman - FB","#81 Steven Bohm - TE","#58 Raymond Coleman - LG","#61 Matthew Moore - RT","#83 John Hopkins - TE","#68 David Humphreys - LT","#51 Raymond Winans - RDE","#56 Thomas Davis - DT","#90 Scott Morton - DT","#98 Gary Bates - RDE","#26 Ervin Wilson - FS","#36 Justin Archer - CB","#99 Mike Seamon - MLB","#40 Robert Roland - CB","#93 Harold Holt - WLB","#68 Perry Crawford - C","#50 Buck  Dharma - DT"
LAX,2:00,"LAX 35",3,6,10,Kickoff,"Kick Return",,9,14,"(2:01) 5-George Heywood kicks 69 yards from LAX 35 to SFO -4. Touchback.",,,,,,,,,,,,,,,,,,,,,,,,,,,,,,,,,,,,,,"#89 Larry Bruner - WR",,"#50 Buck  Dharma - DT","#98 Gary Bates - RDE","#25 Jeffrey Campbell - CB","#27 Josh Mathis - CB","#48 Ramon Price - CB","#51 Raymond Winans - RDE","#92 Gregory Dupree - MLB","#93 Harold Holt - WLB","#90 Scott Morton - DT","#40 Robert Roland - CB","#5 George Heywood - K",,,,,,,,,,,,,,,,,,,,
SFO,2:00,"SFO 25",3,1,10,"Strong I Big HB Toss Weak","Goal Line Attack #1",-1,9,14,"1-10-SFO 25 (2:01) 89-Larry Bruner ran to SFO 24 for -1 yards. Tackle by 63-Jimmy Jara.","#8 Kenneth Rainey - QB","#89 Larry Bruner - WR",,,"#42 Andrew Piper - LT","#80 Frank Cherry - WR","#83 Marvin Castro - WR","#13 Jeffrey Lacey - WR",,,,,"#69 Edward McElroy - C","#74 Sean Davenport - RT","#70 Ignacio Graham - C","#66 Edward Jarrell - RG","#52 Keith Young - RT",,"#96 Gabriel Hughes - RDE","#65 Fred Edmiston - DT","#71 Donald Moore - DT","#63 Jimmy Jara - DT","#67 Lawrence Richardson - RDE","#97 Russell Melendez - MLB","#52 Andrew Johnson - SLB",,"#22 Thomas Henderson - WLB","#27 Thomas Flores - CB","#27 Richard Hutchens - CB",,,,"#43 Anthony Johnson - CB",,,,,,,,,,,,,,,,,,,,,,,,,,,,,,,,,,,,,
SFO,1:22,"SFO 24",3,2,11,"Singleback Slot Strong HB Counter","Nickel Normal Man Cover 2",11,9,14,"2-11-SFO 24 (1:21) 89-Larry Bruner ran to SFO 35 for 11 yards. Tackle by 38-Carlo Chambers.","#8 Kenneth Rainey - QB","#89 Larry Bruner - WR",,,,"#80 Frank Cherry - WR",,"#13 Jeffrey Lacey - WR","#83 Marvin Castro - WR","#16 Philip Robinson - WR",,,"#69 Edward McElroy - C","#74 Sean Davenport - RT","#70 Ignacio Graham - C","#66 Edward Jarrell - RG","#52 Keith Young - RT",,"#96 Gabriel Hughes - RDE",,"#71 Donald Moore - DT","#63 Jimmy Jara - DT","#67 Lawrence Richardson - RDE",,"#91 Terence Averill - WLB",,"#52 Andrew Johnson - SLB","#27 Thomas Flores - CB","#27 Richard Hutchens - CB",,"#26 Floyd Price - CB",,"#43 Anthony Johnson - CB","#38 Carlo Chambers - SS",,,,,,,,,,,,,,,,,,,,,,,,,,,,,,,,,,,,
SFO,0:48,"SFO 35",3,3,,"Weak I Normal Fullback Counter Weak","4-3 Normal Man OLB Flat Zone",3,9,14,"3-1-SFO 35 (0:47) 42-Andrew Piper ran to SFO 38 for 3 yards. Tackle by 22-Thomas Henderson.","#8 Kenneth Rainey - QB","#88 Raymond Kelly - WR",,,"#42 Andrew Piper - LT","#80 Frank Cherry - WR",,"#13 Jeffrey Lacey - WR",,"#16 Philip Robinson - WR",,,"#69 Edward McElroy - C","#74 Sean Davenport - RT","#70 Ignacio Graham - C","#66 Edward Jarrell - RG","#52 Keith Young - RT",,"#96 Gabriel Hughes - RDE",,"#71 Donald Moore - DT","#63 Jimmy Jara - DT","#67 Lawrence Richardson - RDE","#97 Russell Melendez - MLB","#52 Andrew Johnson - SLB",,"#22 Thomas Henderson - WLB","#27 Thomas Flores - CB","#27 Richard Hutchens - CB",,,,"#43 Anthony Johnson - CB","#38 Carlo Chambers - SS",,,,,,,,,,,,,,,,,,,,,,,,,,,,,,,,,,,,
SFO,0:05,"SFO 38",3,1,10,"I Formation 3WR Backfield Flats","Nickel 3-3-5 Cover 2 Man Under",2,9,14,"1-10-SFO 38 (0:04) 17-Kenneth Rainey pass complete to 88-Raymond Kelly to SFO 39 for 2 yards. Tackle by 97-Russell Melendez. SFO 83-Marvin Castro was injured on the play. He looks like he should be able to return.","#8 Kenneth Rainey - QB","#88 Raymond Kelly - WR",,,"#42 Andrew Piper - LT",,,"#13 Jeffrey Lacey - WR","#83 Marvin Castro - WR","#16 Philip Robinson - WR",,,"#69 Edward McElroy - C","#74 Sean Davenport - RT","#70 Ignacio Graham - C","#66 Edward Jarrell - RG","#52 Keith Young - RT",,"#96 Gabriel Hughes - RDE",,"#71 Donald Moore - DT",,"#67 Lawrence Richardson - RDE","#97 Russell Melendez - MLB","#52 Andrew Johnson - SLB",,"#22 Thomas Henderson - WLB","#27 Thomas Flores - CB","#27 Richard Hutchens - CB",,"#26 Floyd Price - CB",,"#43 Anthony Johnson - CB","#38 Carlo Chambers - SS",,,,,,,,,,,,,,,,,,,,,,,,,,,,,,,,,,,,
,0:00,,3,2,8,,,,9,14,"End of third quarter.",,,,,,,,,,,,,,,,,,,,,,,,,,,,,,,,,,,,,,,,,,,,,,,,,,,,,,,,,,,,,,,,,,,,,,
SFO,15:00,"SFO 39",4,2,8,"Singleback Normal HB Release Mid","Goal Line Attack #1",,9,14,"2-8-SFO 39 (15:00) 17-Kenneth Rainey pass Pass knocked down by 43-Anthony Johnson. incomplete, intended for 83-Marvin Castro.","#8 Kenneth Rainey - QB","#89 Larry Bruner - WR",,,,"#80 Frank Cherry - WR",,"#13 Jeffrey Lacey - WR","#83 Marvin Castro - WR","#16 Philip Robinson - WR",,,"#69 Edward McElroy - C","#74 Sean Davenport - RT","#70 Ignacio Graham - C","#66 Edward Jarrell - RG","#52 Keith Young - RT",,"#96 Gabriel Hughes - RDE","#65 Fred Edmiston - DT","#71 Donald Moore - DT","#63 Jimmy Jara - DT","#67 Lawrence Richardson - RDE","#97 Russell Melendez - MLB","#52 Andrew Johnson - SLB",,"#22 Thomas Henderson - WLB","#27 Thomas Flores - CB","#27 Richard Hutchens - CB",,,,"#43 Anthony Johnson - CB",,,,,,,,,,,,,,,,,,,,,,,,,,,,,,,,,,,,,
SFO,14:56,"SFO 39",4,3,8,"I Formation Normal Max Protect","4-3 Normal Man OLB Flat Zone",-8,9,14,"3-8-SFO 39 (14:56) 17-Kenneth Rainey sacked at SFO 32 for -8 yards (96-Gabriel Hughes). Sack allowed by 80-Frank Cherry. LAX 96-Gabriel Hughes was injured on the play.","#8 Kenneth Rainey - QB","#89 Larry Bruner - WR",,,"#42 Andrew Piper - LT","#80 Frank Cherry - WR",,"#13 Jeffrey Lacey - WR",,"#16 Philip Robinson - WR",,,"#69 Edward McElroy - C","#74 Sean Davenport - RT","#70 Ignacio Graham - C","#66 Edward Jarrell - RG","#52 Keith Young - RT",,"#96 Gabriel Hughes - RDE",,"#71 Donald Moore - DT","#63 Jimmy Jara - DT","#67 Lawrence Richardson - RDE","#97 Russell Melendez - MLB","#52 Andrew Johnson - SLB",,"#22 Thomas Henderson - WLB","#27 Thomas Flores - CB","#27 Richard Hutchens - CB",,,,"#43 Anthony Johnson - CB","#38 Carlo Chambers - SS",,,,,,,,,,,,,,,,,,,,,,,,,,,,,,,,,,,,
SFO,14:15,"SFO 32",4,4,16,Punt,"Punt Return",,9,14,"4-16-SFO 32 (14:14) 8-Garry Cohen punts 48 yards to LAX 20. Fair Catch by 43-Anthony Johnson.",,,,,,,,,,,,,,,,,,"#8 Garry Cohen - P",,,,,,,,,,,,,,,,,,,"#74 Sean Davenport - RT",,"#43 Anthony Johnson - CB",,,"#36 Mitchell Taylor - SS","#24 Erasmo Christopherso - RB","#98 Joseph Hammer - MLB",,"#39 Terrence Noguera - FS","#26 Floyd Price - CB",,"#51 Alberto Watkins - SLB",,,,"#31 Terrance Holley - LT","#69 Edward McElroy - C","#68 Perry Crawford - C","#42 Andrew Piper - LT","#61 Mark Schlereth - LG","#66 Edward Jarrell - RG",,"#72 Morris Gilbertson - DT","#65 Fred Edmiston - DT","#91 Terence Averill - WLB","#99 Walter Klaus - LDE",,,,,,,
LAX,14:06,"LAX 20",4,1,10,"I Formation 3WR HB Inside Weak","4-3 Normal Double Safety Blitz",3,9,14,"1-10-LAX 20 (14:07) 46-Vincent Whitaker ran to LAX 23 for 3 yards. Tackle by 77-David Martel.","#15 Ernest Williams - QB","#46 Vincent Whitaker - WR",,,"#37 Mark Kaufman - FB",,,"#17 Derek Burch - WR","#88 Ignacio Lake - WR","#21 Clifton Brady - WR",,,"#74 Timothy Trussell - LG","#68 David Humphreys - LT","#79 Salvador Wilson - C","#77 Mark Bryant - RT","#76 Tony Jackson - LG",,"#98 Gary Bates - RDE",,"#50 Buck  Dharma - DT","#71 Robert Owens - LDE","#90 Scott Morton - DT","#57 Joseph Langston - MLB","#92 Gregory Dupree - MLB",,"#93 Harold Holt - WLB","#26 Harvey Schmucker - CB","#27 Josh Mathis - CB",,,,"#34 Kieth Davis - SS","#77 David Martel - CB",,,,,,,,,,,,,,,,,,,,,,,,,,,,,,,,,,,,
LAX,13:36,"LAX 23",4,2,7,"I Formation 3WR HB Inside Weak","Nickel Strong 1 Deep Man Under",6,9,14,"2-7-LAX 23 (13:35) 24-Erasmo Christopherso ran to LAX 30 for 6 yards. Tackle by 93-Harold Holt.","#15 Ernest Williams - QB","#24 Erasmo Christopherso - RB",,,"#37 Mark Kaufman - FB",,,"#17 Derek Burch - WR","#88 Ignacio Lake - WR","#21 Clifton Brady - WR",,,"#74 Timothy Trussell - LG","#68 David Humphreys - LT","#79 Salvador Wilson - C","#77 Mark Bryant - RT","#76 Tony Jackson - LG",,"#98 Gary Bates - RDE",,"#50 Buck  Dharma - DT","#71 Robert Owens - LDE","#90 Scott Morton - DT",,"#92 Gregory Dupree - MLB",,"#93 Harold Holt - WLB","#48 Ramon Price - CB","#25 Jeffrey Campbell - CB",,"#26 Harvey Schmucker - CB",,"#34 Kieth Davis - SS","#77 David Martel - CB",,,,,,,,,,,,,,,,,,,,,,,,,,,,,,,,,,,,
LAX,13:00,"LAX 30",4,3,1,"Strong I Normal HB Dive Strong","4-3 Normal Man OLB Flat Zone",3,9,14,"3-1-LAX 30 (12:59) 46-Vincent Whitaker ran to LAX 32 for 3 yards. Tackle by 50-Buck  Dharma.","#15 Ernest Williams - QB","#46 Vincent Whitaker - WR",,,"#37 Mark Kaufman - FB","#81 Steven Bohm - TE",,"#17 Derek Burch - WR",,"#21 Clifton Brady - WR",,,"#74 Timothy Trussell - LG","#68 David Humphreys - LT","#79 Salvador Wilson - C","#77 Mark Bryant - RT","#76 Tony Jackson - LG",,"#98 Gary Bates - RDE",,"#50 Buck  Dharma - DT","#71 Robert Owens - LDE","#90 Scott Morton - DT","#57 Joseph Langston - MLB","#92 Gregory Dupree - MLB",,"#93 Harold Holt - WLB","#48 Ramon Price - CB","#25 Jeffrey Campbell - CB",,,,"#34 Kieth Davis - SS","#77 David Martel - CB",,,,,,,,,,,,,,,,,,,,,,,,,,,,,,,,,,,,
LAX,12:16,"LAX 32",4,1,10,"Shotgun 2 RB 3 WR Shotgun Dive","46 Normal Weak Blitz",9,9,14,"1-10-LAX 32 (12:15) 24-Erasmo Christopherso ran to LAX 41 for 9 yards. Tackle by 57-Joseph Langston. SFO 34-Kieth Davis was injured on the play.","#15 Ernest Williams - QB","#24 Erasmo Christopherso - RB","#23 James Anderson - WR",,,,,"#17 Derek Burch - WR","#88 Ignacio Lake - WR","#21 Clifton Brady - WR",,,"#74 Timothy Trussell - LG","#68 David Humphreys - LT","#79 Salvador Wilson - C","#77 Mark Bryant - RT","#76 Tony Jackson - LG",,"#98 Gary Bates - RDE",,"#50 Buck  Dharma - DT","#71 Robert Owens - LDE","#90 Scott Morton - DT","#57 Joseph Langston - MLB","#92 Gregory Dupree - MLB",,"#93 Harold Holt - WLB","#48 Ramon Price - CB","#25 Jeffrey Campbell - CB",,,,"#34 Kieth Davis - SS","#77 David Martel - CB",,,,,,,,,,,,,,,,,,,,,,,,,,,,,,,,,,,,
LAX,11:34,"LAX 41",4,2,1,"Shotgun 2 RB 3 WR Shotgun Dive","4-3 Normal Man OLB Flat Zone",4,9,14,"2-1-LAX 41 (11:33) 46-Vincent Whitaker ran to LAX 44 for 4 yards. Tackle by 57-Joseph Langston.","#15 Ernest Williams - QB","#46 Vincent Whitaker - WR","#24 Erasmo Christopherso - RB",,,,,"#17 Derek Burch - WR","#88 Ignacio Lake - WR","#21 Clifton Brady - WR",,,"#74 Timothy Trussell - LG","#68 David Humphreys - LT","#79 Salvador Wilson - C","#77 Mark Bryant - RT","#76 Tony Jackson - LG",,"#98 Gary Bates - RDE",,"#50 Buck  Dharma - DT","#71 Robert Owens - LDE","#90 Scott Morton - DT","#57 Joseph Langston - MLB","#92 Gregory Dupree - MLB",,"#93 Harold Holt - WLB","#48 Ramon Price - CB","#25 Jeffrey Campbell - CB",,,,"#92 Andrew Timmer - SS","#77 David Martel - CB",,,,,,,,,,,,,,,,,,,,,,,,,,,,,,,,,,,,
LAX,10:56,"LAX 44",4,1,10,"I Formation 3WR Backfield Flats","4-3 Under Double LB Blitz",12,9,14,"1-10-LAX 44 (10:55) 15-Ernest Williams pass complete to 88-Ignacio Lake to SFO 44 for 12 yards. Tackle by 77-David Martel.","#15 Ernest Williams - QB","#24 Erasmo Christopherso - RB",,,"#37 Mark Kaufman - FB",,,"#17 Derek Burch - WR","#88 Ignacio Lake - WR","#21 Clifton Brady - WR",,,"#74 Timothy Trussell - LG","#68 David Humphreys - LT","#79 Salvador Wilson - C","#77 Mark Bryant - RT","#76 Tony Jackson - LG",,"#98 Gary Bates - RDE",,"#50 Buck  Dharma - DT","#71 Robert Owens - LDE","#90 Scott Morton - DT","#57 Joseph Langston - MLB","#92 Gregory Dupree - MLB",,"#93 Harold Holt - WLB","#48 Ramon Price - CB","#25 Jeffrey Campbell - CB",,,,"#92 Andrew Timmer - SS","#77 David Martel - CB",,,,,,,,,,,,,,,,,,,,,,,,,,,,,,,,,,,,
LAX,10:21,"SFO 44",4,1,10,"I Formation 3WR Slot Corner Short","4-3 Under Double LB Blitz",3,9,14,"1-10-SFO 44 (10:20) 15-Ernest Williams pass complete to 46-Vincent Whitaker to SFO 40 for 3 yards. Tackle by 92-Andrew Timmer.","#15 Ernest Williams - QB","#46 Vincent Whitaker - WR",,,"#37 Mark Kaufman - FB",,,"#17 Derek Burch - WR","#88 Ignacio Lake - WR","#21 Clifton Brady - WR",,,"#74 Timothy Trussell - LG","#68 David Humphreys - LT","#79 Salvador Wilson - C","#77 Mark Bryant - RT","#76 Tony Jackson - LG",,"#98 Gary Bates - RDE",,"#50 Buck  Dharma - DT","#71 Robert Owens - LDE","#90 Scott Morton - DT","#57 Joseph Langston - MLB","#92 Gregory Dupree - MLB",,"#93 Harold Holt - WLB","#48 Ramon Price - CB","#25 Jeffrey Campbell - CB",,,,"#92 Andrew Timmer - SS","#77 David Martel - CB",,,,,,,,,,,,,,,,,,,,,,,,,,,,,,,,,,,,
LAX,9:38,"SFO 40",4,2,7,"I Formation Normal FL Hitch","4-3 Normal Man OLB Flat Zone",,9,14,"2-7-SFO 40 (9:37) 15-Ernest Williams pass incomplete, intended for 21-Clifton Brady.","#15 Ernest Williams - QB","#24 Erasmo Christopherso - RB",,,"#37 Mark Kaufman - FB","#84 Randall Blanton - TE",,"#17 Derek Burch - WR",,"#21 Clifton Brady - WR",,,"#74 Timothy Trussell - LG","#68 David Humphreys - LT","#79 Salvador Wilson - C","#77 Mark Bryant - RT","#76 Tony Jackson - LG",,"#98 Gary Bates - RDE",,"#50 Buck  Dharma - DT","#71 Robert Owens - LDE","#90 Scott Morton - DT","#57 Joseph Langston - MLB","#92 Gregory Dupree - MLB",,"#93 Harold Holt - WLB","#48 Ramon Price - CB","#25 Jeffrey Campbell - CB",,,,"#92 Andrew Timmer - SS","#77 David Martel - CB",,,,,,,,,,,,,,,,,,,,,,,,,,,,,,,,,,,,
LAX,9:33,"SFO 40",4,3,7,"I Formation Power PA Flats","Goal Line Attack #3",12,9,14,"3-7-SFO 40 (9:34) 15-Ernest Williams pass complete to 84-Randall Blanton to SFO 28 for 12 yards. Tackle by 92-Andrew Timmer. 84-Randall Blanton made a great move on the CB.","#15 Ernest Williams - QB","#46 Vincent Whitaker - WR",,"#83 John Hopkins - TE","#37 Mark Kaufman - FB","#84 Randall Blanton - TE",,"#17 Derek Burch - WR",,,,,"#74 Timothy Trussell - LG","#68 David Humphreys - LT","#79 Salvador Wilson - C","#77 Mark Bryant - RT","#76 Tony Jackson - LG",,"#98 Gary Bates - RDE","#51 Raymond Winans - RDE","#50 Buck  Dharma - DT","#71 Robert Owens - LDE","#90 Scott Morton - DT","#57 Joseph Langston - MLB","#92 Gregory Dupree - MLB",,"#93 Harold Holt - WLB","#48 Ramon Price - CB","#25 Jeffrey Campbell - CB",,,,"#92 Andrew Timmer - SS",,,,,,,,,,,,,,,,,,,,,,,,,,,,,,,,,,,,,
LAX,8:52,"SFO 28",4,1,10,"I Formation 3WR HB Inside Weak","46 Normal Weak Blitz",-2,9,14,"1-10-SFO 28 (8:51) 24-Erasmo Christopherso ran to SFO 30 for -2 yards. Tackle by 93-Harold Holt.","#15 Ernest Williams - QB","#24 Erasmo Christopherso - RB",,,"#37 Mark Kaufman - FB",,,"#21 Clifton Brady - WR","#19 William Christensen - WR","#88 Ignacio Lake - WR",,,"#74 Timothy Trussell - LG","#68 David Humphreys - LT","#79 Salvador Wilson - C","#77 Mark Bryant - RT","#76 Tony Jackson - LG",,"#98 Gary Bates - RDE",,"#50 Buck  Dharma - DT","#71 Robert Owens - LDE","#90 Scott Morton - DT","#57 Joseph Langston - MLB","#92 Gregory Dupree - MLB",,"#93 Harold Holt - WLB","#48 Ramon Price - CB","#25 Jeffrey Campbell - CB",,,,"#92 Andrew Timmer - SS","#77 David Martel - CB",,,,,,,,,,,,,,,,,,,,,,,,,,,,,,,,,,,,
LAX,8:14,"SFO 30",4,2,12,"I Formation Power PA Flats","Goal Line Attack #3",,9,14,"2-12-SFO 30 (8:13) 15-Ernest Williams pass incomplete, intended for 84-Randall Blanton.","#15 Ernest Williams - QB","#24 Erasmo Christopherso - RB",,"#83 John Hopkins - TE","#37 Mark Kaufman - FB","#84 Randall Blanton - TE",,"#17 Derek Burch - WR",,,,,"#74 Timothy Trussell - LG","#68 David Humphreys - LT","#79 Salvador Wilson - C","#77 Mark Bryant - RT","#76 Tony Jackson - LG",,"#98 Gary Bates - RDE","#51 Raymond Winans - RDE","#50 Buck  Dharma - DT","#71 Robert Owens - LDE","#90 Scott Morton - DT","#57 Joseph Langston - MLB","#92 Gregory Dupree - MLB",,"#93 Harold Holt - WLB","#48 Ramon Price - CB","#25 Jeffrey Campbell - CB",,,,"#92 Andrew Timmer - SS",,,,,,,,,,,,,,,,,,,,,,,,,,,,,,,,,,,,,
LAX,8:08,"SFO 30",4,3,12,"Singleback Big Off Tackle Strong","4-3 Normal Man OLB Flat Zone",2,9,14,"3-12-SFO 30 (8:09) 46-Vincent Whitaker ran to SFO 28 for 2 yards. Tackle by 97-Gregory Dupree. PENALTY - Holding (LAX 79-Salvador Wilson) (Declined)","#15 Ernest Williams - QB","#46 Vincent Whitaker - WR",,,,"#84 Randall Blanton - TE","#81 Steven Bohm - TE","#17 Derek Burch - WR",,"#21 Clifton Brady - WR",,,"#74 Timothy Trussell - LG","#68 David Humphreys - LT","#79 Salvador Wilson - C","#77 Mark Bryant - RT","#76 Tony Jackson - LG",,"#98 Gary Bates - RDE",,"#50 Buck  Dharma - DT","#71 Robert Owens - LDE","#90 Scott Morton - DT","#57 Joseph Langston - MLB","#92 Gregory Dupree - MLB",,"#93 Harold Holt - WLB","#48 Ramon Price - CB","#25 Jeffrey Campbell - CB",,,,"#34 Kieth Davis - SS","#77 David Martel - CB",,,,,,,,,,,,,,,,,,,,,,,,,,,,,,,,,,,,
LAX,8:06,"SFO 28",4,4,9,"Field Goal","FG Block",38,12,14,"4-9-SFO 28 (8:07) 5-George Heywood 46 yard field goal is GOOD. LAX 12 SFO 14",,,,,,,,,,,,,,,,,,,,,,,,,,,,,,,,,,,,"#11 Wayne Meyer - QB","#50 Raymond Thrasher - RT",,,,,,,,,,,,,,"#5 George Heywood - K","#68 David Humphreys - LT","#72 Morris Gilbertson - DT","#37 Mark Kaufman - FB","#81 Steven Bohm - TE","#58 Raymond Coleman - LG","#61 Matthew Moore - RT","#83 John Hopkins - TE","#84 Randall Blanton - TE","#98 Gary Bates - RDE","#71 Robert Owens - LDE","#56 Thomas Davis - DT","#90 Scott Morton - DT","#36 Justin Archer - CB","#99 Mike Seamon - MLB","#50 Buck  Dharma - DT","#93 Harold Holt - WLB","#51 Raymond Winans - RDE","#40 Robert Roland - CB","#68 Perry Crawford - C"
LAX,8:03,"LAX 35",4,6,10,Kickoff,"Kick Return",,12,14,"(8:04) 5-George Heywood kicks 75 yards from LAX 35 to SFO -10. Touchback.",,,,,,,,,,,,,,,,,,,,,,,,,,,,,,,,,,,,,,"#89 Larry Bruner - WR",,"#90 Scott Morton - DT","#98 Gary Bates - RDE","#25 Jeffrey Campbell - CB","#27 Josh Mathis - CB","#48 Ramon Price - CB","#71 Robert Owens - LDE","#92 Gregory Dupree - MLB","#93 Harold Holt - WLB","#51 Raymond Winans - RDE","#40 Robert Roland - CB","#5 George Heywood - K",,,,,,,,,,,,,,,,,,,,
SFO,8:03,"SFO 25",4,1,10,"Singleback Normal HB Release Mid","46 Heavy WLB Blitz",11,12,14,"1-10-SFO 25 (8:04) 17-Kenneth Rainey pass complete to 16-Philip Robinson to SFO 36 for 11 yards. Tackle by 27-Richard Hutchens.","#8 Kenneth Rainey - QB","#89 Larry Bruner - WR",,,,"#80 Frank Cherry - WR",,"#13 Jeffrey Lacey - WR","#83 Marvin Castro - WR","#16 Philip Robinson - WR",,,"#69 Edward McElroy - C","#74 Sean Davenport - RT","#70 Ignacio Graham - C","#66 Edward Jarrell - RG","#52 Keith Young - RT",,"#96 Gabriel Hughes - RDE",,"#71 Donald Moore - DT","#63 Jimmy Jara - DT","#67 Lawrence Richardson - RDE","#97 Russell Melendez - MLB","#52 Andrew Johnson - SLB",,"#22 Thomas Henderson - WLB","#27 Thomas Flores - CB","#27 Richard Hutchens - CB",,,,"#43 Anthony Johnson - CB","#38 Carlo Chambers - SS",,,,,,,,,,,,,,,,,,,,,,,,,,,,,,,,,,,,
SFO,7:28,"SFO 36",4,1,10,"Strong I Big HB Toss Weak","Goal Line Attack #1",,12,14,"1-10-SFO 36 (7:27) PENALTY - False Start (SFO 42-Andrew Piper)","#8 Kenneth Rainey - QB","#88 Raymond Kelly - WR",,,"#42 Andrew Piper - LT","#80 Frank Cherry - WR","#83 Marvin Castro - WR","#13 Jeffrey Lacey - WR",,,,,"#69 Edward McElroy - C","#74 Sean Davenport - RT","#70 Ignacio Graham - C","#66 Edward Jarrell - RG","#52 Keith Young - RT",,"#96 Gabriel Hughes - RDE","#65 Fred Edmiston - DT","#71 Donald Moore - DT","#63 Jimmy Jara - DT","#67 Lawrence Richardson - RDE","#97 Russell Melendez - MLB","#52 Andrew Johnson - SLB",,"#22 Thomas Henderson - WLB","#27 Thomas Flores - CB","#27 Richard Hutchens - CB",,,,"#43 Anthony Johnson - CB",,,,,,,,,,,,,,,,,,,,,,,,,,,,,,,,,,,,,
SFO,7:26,"SFO 31",4,1,15,"I Formation Normal Max Protect","4-3 Normal Man OLB Flat Zone",6,12,14,"1-15-SFO 31 (7:27) 17-Kenneth Rainey pass complete to 88-Raymond Kelly to SFO 37 for 6 yards. Tackle by 38-Carlo Chambers.","#8 Kenneth Rainey - QB","#88 Raymond Kelly - WR",,,"#42 Andrew Piper - LT","#80 Frank Cherry - WR",,"#13 Jeffrey Lacey - WR",,"#16 Philip Robinson - WR",,,"#69 Edward McElroy - C","#74 Sean Davenport - RT","#70 Ignacio Graham - C","#66 Edward Jarrell - RG","#52 Keith Young - RT",,"#96 Gabriel Hughes - RDE",,"#71 Donald Moore - DT","#63 Jimmy Jara - DT","#67 Lawrence Richardson - RDE","#97 Russell Melendez - MLB","#52 Andrew Johnson - SLB",,"#22 Thomas Henderson - WLB","#27 Thomas Flores - CB","#27 Richard Hutchens - CB",,,,"#43 Anthony Johnson - CB","#38 Carlo Chambers - SS",,,,,,,,,,,,,,,,,,,,,,,,,,,,,,,,,,,,
SFO,6:42,"SFO 37",4,2,9,"Weak I Normal Skinny Posts","4-3 Normal Man OLB Flat Zone",4,12,14,"2-9-SFO 37 (6:41) 17-Kenneth Rainey pass complete to 89-Larry Bruner to SFO 42 for 4 yards. Tackle by 43-Anthony Johnson.","#8 Kenneth Rainey - QB","#89 Larry Bruner - WR",,,"#42 Andrew Piper - LT","#80 Frank Cherry - WR",,"#13 Jeffrey Lacey - WR",,"#16 Philip Robinson - WR",,,"#69 Edward McElroy - C","#74 Sean Davenport - RT","#70 Ignacio Graham - C","#66 Edward Jarrell - RG","#52 Keith Young - RT",,"#96 Gabriel Hughes - RDE",,"#71 Donald Moore - DT","#63 Jimmy Jara - DT","#67 Lawrence Richardson - RDE","#97 Russell Melendez - MLB","#52 Andrew Johnson - SLB",,"#22 Thomas Henderson - WLB","#27 Thomas Flores - CB","#27 Richard Hutchens - CB",,,,"#43 Anthony Johnson - CB","#38 Carlo Chambers - SS",,,,,,,,,,,,,,,,,,,,,,,,,,,,,,,,,,,,
SFO,6:08,"SFO 42",4,3,4,"Weak I Normal Fullback Counter Weak","4-3 Normal Man OLB Flat Zone",6,12,14,"3-4-SFO 42 (6:07) 42-Andrew Piper ran to SFO 48 for 6 yards. Tackle by 43-Anthony Johnson.","#8 Kenneth Rainey - QB","#88 Raymond Kelly - WR",,,"#42 Andrew Piper - LT","#80 Frank Cherry - WR",,"#13 Jeffrey Lacey - WR",,"#16 Philip Robinson - WR",,,"#69 Edward McElroy - C","#74 Sean Davenport - RT","#70 Ignacio Graham - C","#66 Edward Jarrell - RG","#52 Keith Young - RT",,"#96 Gabriel Hughes - RDE",,"#71 Donald Moore - DT","#63 Jimmy Jara - DT","#67 Lawrence Richardson - RDE","#97 Russell Melendez - MLB","#52 Andrew Johnson - SLB",,"#22 Thomas Henderson - WLB","#27 Thomas Flores - CB","#27 Richard Hutchens - CB",,,,"#43 Anthony Johnson - CB","#38 Carlo Chambers - SS",,,,,,,,,,,,,,,,,,,,,,,,,,,,,,,,,,,,
SFO,5:23,"SFO 48",4,1,10,"Weak I Normal Fullback Counter Weak","4-3 Normal Man OLB Flat Zone",3,12,14,"1-10-SFO 48 (5:22) 88-Raymond Kelly ran to LAX 50 for 3 yards. Tackle by 91-Terence Averill.","#8 Kenneth Rainey - QB","#89 Larry Bruner - WR",,,"#88 Raymond Kelly - WR","#80 Frank Cherry - WR",,"#13 Jeffrey Lacey - WR",,"#16 Philip Robinson - WR",,,"#69 Edward McElroy - C","#74 Sean Davenport - RT","#70 Ignacio Graham - C","#66 Edward Jarrell - RG","#52 Keith Young - RT",,"#96 Gabriel Hughes - RDE",,"#71 Donald Moore - DT","#63 Jimmy Jara - DT","#67 Lawrence Richardson - RDE","#97 Russell Melendez - MLB","#52 Andrew Johnson - SLB",,"#91 Terence Averill - WLB","#27 Thomas Flores - CB","#27 Richard Hutchens - CB",,,,"#43 Anthony Johnson - CB","#38 Carlo Chambers - SS",,,,,,,,,,,,,,,,,,,,,,,,,,,,,,,,,,,,
SFO,4:47,"LAX 50",4,2,7,"Strong I Normal HB Off Tackle Strong","46 Heavy 2 Deep Man Under",11,12,14,"2-7-LAX 50 (4:46) 89-Larry Bruner ran to LAX 39 for 11 yards. Tackle by 43-Anthony Johnson.","#8 Kenneth Rainey - QB","#89 Larry Bruner - WR",,,"#42 Andrew Piper - LT","#80 Frank Cherry - WR",,"#13 Jeffrey Lacey - WR",,"#16 Philip Robinson - WR",,,"#69 Edward McElroy - C","#74 Sean Davenport - RT","#70 Ignacio Graham - C","#66 Edward Jarrell - RG","#52 Keith Young - RT",,"#96 Gabriel Hughes - RDE",,"#71 Donald Moore - DT","#63 Jimmy Jara - DT","#67 Lawrence Richardson - RDE","#97 Russell Melendez - MLB","#52 Andrew Johnson - SLB",,"#22 Thomas Henderson - WLB","#27 Thomas Flores - CB","#27 Richard Hutchens - CB",,,,"#43 Anthony Johnson - CB","#38 Carlo Chambers - SS",,,,,,,,,,,,,,,,,,,,,,,,,,,,,,,,,,,,
SFO,4:09,"LAX 39",4,1,10,"Strong I Big HB Toss Weak","Goal Line Attack #1",2,12,14,"1-10-LAX 39 (4:08) 88-Raymond Kelly ran to LAX 37 for 2 yards. Tackle by 63-Jimmy Jara.","#8 Kenneth Rainey - QB","#88 Raymond Kelly - WR",,,"#42 Andrew Piper - LT","#80 Frank Cherry - WR","#83 Marvin Castro - WR","#13 Jeffrey Lacey - WR",,,,,"#69 Edward McElroy - C","#74 Sean Davenport - RT","#70 Ignacio Graham - C","#66 Edward Jarrell - RG","#52 Keith Young - RT",,"#96 Gabriel Hughes - RDE","#65 Fred Edmiston - DT","#71 Donald Moore - DT","#63 Jimmy Jara - DT","#67 Lawrence Richardson - RDE","#97 Russell Melendez - MLB","#52 Andrew Johnson - SLB",,"#22 Thomas Henderson - WLB","#27 Thomas Flores - CB","#27 Richard Hutchens - CB",,,,"#43 Anthony Johnson - CB",,,,,,,,,,,,,,,,,,,,,,,,,,,,,,,,,,,,,
SFO,3:29,"LAX 37",4,2,8,"Singleback Normal HB Counter Weak","4-3 Normal Double WR1",-2,12,14,"2-8-LAX 37 (3:28) 89-Larry Bruner ran to LAX 38 for -2 yards. Tackle by 22-Thomas Henderson. SFO 89-Larry Bruner was injured on the play.","#8 Kenneth Rainey - QB","#89 Larry Bruner - WR",,,,"#80 Frank Cherry - WR",,"#16 Philip Robinson - WR","#85 Jorge Fries - WR","#83 Marvin Castro - WR",,,"#69 Edward McElroy - C","#74 Sean Davenport - RT","#70 Ignacio Graham - C","#66 Edward Jarrell - RG","#52 Keith Young - RT",,"#96 Gabriel Hughes - RDE",,"#71 Donald Moore - DT","#63 Jimmy Jara - DT","#67 Lawrence Richardson - RDE","#97 Russell Melendez - MLB","#52 Andrew Johnson - SLB",,"#22 Thomas Henderson - WLB","#27 Thomas Flores - CB","#27 Richard Hutchens - CB",,,,"#43 Anthony Johnson - CB","#38 Carlo Chambers - SS",,,,,,,,,,,,,,,,,,,,,,,,,,,,,,,,,,,,
SFO,2:54,"LAX 38",4,3,10,"Singleback Normal HB Counter Weak","46 Heavy WLB Blitz",7,12,14,"3-10-LAX 38 (2:53) 88-Raymond Kelly ran to LAX 31 for 7 yards. Tackle by 52-Andrew Johnson.","#8 Kenneth Rainey - QB","#88 Raymond Kelly - WR",,,,"#80 Frank Cherry - WR",,"#13 Jeffrey Lacey - WR","#83 Marvin Castro - WR","#16 Philip Robinson - WR",,,"#69 Edward McElroy - C","#74 Sean Davenport - RT","#70 Ignacio Graham - C","#66 Edward Jarrell - RG","#52 Keith Young - RT",,"#96 Gabriel Hughes - RDE",,"#71 Donald Moore - DT","#63 Jimmy Jara - DT","#67 Lawrence Richardson - RDE","#97 Russell Melendez - MLB","#52 Andrew Johnson - SLB",,"#22 Thomas Henderson - WLB","#27 Thomas Flores - CB","#27 Richard Hutchens - CB",,,,"#43 Anthony Johnson - CB","#38 Carlo Chambers - SS",,,,,,,,,,,,,,,,,,,,,,,,,,,,,,,,,,,,
SFO,2:17,"LAX 31",4,4,2,"I Formation 3WR Slot Short WR Deep","Nickel Normal Double WR2",-2,12,14,"4-2-LAX 31 (2:16) 17-Kenneth Rainey sacked at LAX 33 for -2 yards (67-Lawrence Richardson). Sack allowed by 69-Edward McElroy. Turnover on downs.","#8 Kenneth Rainey - QB","#88 Raymond Kelly - WR",,,"#42 Andrew Piper - LT",,,"#16 Philip Robinson - WR","#85 Jorge Fries - WR","#83 Marvin Castro - WR",,,"#69 Edward McElroy - C","#74 Sean Davenport - RT","#70 Ignacio Graham - C","#66 Edward Jarrell - RG","#52 Keith Young - RT",,"#96 Gabriel Hughes - RDE",,"#71 Donald Moore - DT","#63 Jimmy Jara - DT","#67 Lawrence Richardson - RDE",,"#52 Andrew Johnson - SLB",,"#22 Thomas Henderson - WLB","#27 Thomas Flores - CB","#27 Richard Hutchens - CB",,"#26 Floyd Price - CB",,"#43 Anthony Johnson - CB","#38 Carlo Chambers - SS",,,,,,,,,,,,,,,,,,,,,,,,,,,,,,,,,,,,
LAX,2:11,"LAX 33",4,1,10,"I Formation 3WR Slot Short WR Deep","46 Normal Inside Blitz",,12,14,"1-10-LAX 33 (2:12) 15-Ernest Williams pass incomplete, dropped by 88-Ignacio Lake. Pressure by 97-Gregory Dupree.","#15 Ernest Williams - QB","#46 Vincent Whitaker - WR",,,"#37 Mark Kaufman - FB",,,"#17 Derek Burch - WR","#88 Ignacio Lake - WR","#21 Clifton Brady - WR",,,"#74 Timothy Trussell - LG","#68 David Humphreys - LT","#79 Salvador Wilson - C","#77 Mark Bryant - RT","#76 Tony Jackson - LG",,"#98 Gary Bates - RDE",,"#50 Buck  Dharma - DT","#71 Robert Owens - LDE","#90 Scott Morton - DT","#57 Joseph Langston - MLB","#92 Gregory Dupree - MLB",,"#93 Harold Holt - WLB","#48 Ramon Price - CB","#25 Jeffrey Campbell - CB",,,,"#34 Kieth Davis - SS","#77 David Martel - CB",,,,,,,,,,,,,,,,,,,,,,,,,,,,,,,,,,,,
LAX,2:06,"LAX 33",4,2,10,"Shotgun Normal TE Out","46 Normal Weak Blitz",7,12,14,"2-10-LAX 33 (2:07) 15-Ernest Williams pass complete to 88-Ignacio Lake to LAX 40 for 7 yards. Tackle by 57-Joseph Langston. 88-Ignacio Lake breaks down the CB.","#15 Ernest Williams - QB","#24 Erasmo Christopherso - RB",,,,"#84 Randall Blanton - TE",,"#17 Derek Burch - WR","#88 Ignacio Lake - WR","#21 Clifton Brady - WR",,,"#74 Timothy Trussell - LG","#68 David Humphreys - LT","#79 Salvador Wilson - C","#77 Mark Bryant - RT","#76 Tony Jackson - LG",,"#98 Gary Bates - RDE",,"#50 Buck  Dharma - DT","#71 Robert Owens - LDE","#90 Scott Morton - DT","#57 Joseph Langston - MLB","#92 Gregory Dupree - MLB",,"#93 Harold Holt - WLB","#48 Ramon Price - CB","#25 Jeffrey Campbell - CB",,,,"#34 Kieth Davis - SS","#77 David Martel - CB",,,,,,,,,,,,,,,,,,,,,,,,,,,,,,,,,,,,
,2:00,,4,3,3,,,,12,14,"Timeout for two minute warning.",,,,,,,,,,,,,,,,,,,,,,,,,,,,,,,,,,,,,,,,,,,,,,,,,,,,,,,,,,,,,,,,,,,,,,
LAX,2:00,"LAX 40",4,3,3,"Shotgun Normal FL Slant","46 Normal Inside Blitz",,12,14,"3-3-LAX 40 (2:00) 15-Ernest Williams pass incomplete, intended for 83-John Hopkins.","#15 Ernest Williams - QB","#24 Erasmo Christopherso - RB",,,,"#84 Randall Blanton - TE",,"#19 William Christensen - WR","#83 John Hopkins - TE","#86 Timothy Coffman - WR",,,"#74 Timothy Trussell - LG","#68 David Humphreys - LT","#79 Salvador Wilson - C","#77 Mark Bryant - RT","#76 Tony Jackson - LG",,"#98 Gary Bates - RDE",,"#50 Buck  Dharma - DT","#71 Robert Owens - LDE","#90 Scott Morton - DT","#57 Joseph Langston - MLB","#92 Gregory Dupree - MLB",,"#93 Harold Holt - WLB","#48 Ramon Price - CB","#25 Jeffrey Campbell - CB",,,,"#34 Kieth Davis - SS","#77 David Martel - CB",,,,,,,,,,,,,,,,,,,,,,,,,,,,,,,,,,,,
LAX,1:57,"LAX 40",4,4,3,"I Formation 3WR FL Post","Nickel Normal SS Blitz",17,12,14,"4-3-LAX 40 (1:58) 15-Ernest Williams pass complete to 46-Vincent Whitaker to SFO 42 for 17 yards. Tackle by 97-Gregory Dupree.","#15 Ernest Williams - QB","#46 Vincent Whitaker - WR",,,"#37 Mark Kaufman - FB",,,"#17 Derek Burch - WR","#88 Ignacio Lake - WR","#21 Clifton Brady - WR",,,"#74 Timothy Trussell - LG","#68 David Humphreys - LT","#79 Salvador Wilson - C","#77 Mark Bryant - RT","#76 Tony Jackson - LG",,"#98 Gary Bates - RDE",,"#50 Buck  Dharma - DT","#71 Robert Owens - LDE","#90 Scott Morton - DT",,"#92 Gregory Dupree - MLB",,"#93 Harold Holt - WLB","#48 Ramon Price - CB","#25 Jeffrey Campbell - CB",,"#26 Harvey Schmucker - CB",,"#34 Kieth Davis - SS","#77 David Martel - CB",,,,,,,,,,,,,,,,,,,,,,,,,,,,,,,,,,,,
,1:52,,4,1,10,,,,12,14,"Timeout LAX",,,,,,,,,,,,,,,,,,,,,,,,,,,,,,,,,,,,,,,,,,,,,,,,,,,,,,,,,,,,,,,,,,,,,,
LAX,1:50,"SFO 42",4,1,10,"I Formation 3WR Backfield Flats","46 Normal Inside Blitz",,12,14,"1-10-SFO 42 (1:51) 15-Ernest Williams pass incomplete, dropped by 19-William Christensen. 93-Harold Holt got away with a hold on that play.","#15 Ernest Williams - QB","#24 Erasmo Christopherso - RB",,,"#37 Mark Kaufman - FB",,,"#17 Derek Burch - WR","#19 William Christensen - WR","#21 Clifton Brady - WR",,,"#74 Timothy Trussell - LG","#68 David Humphreys - LT","#79 Salvador Wilson - C","#77 Mark Bryant - RT","#76 Tony Jackson - LG",,"#98 Gary Bates - RDE",,"#50 Buck  Dharma - DT","#71 Robert Owens - LDE","#90 Scott Morton - DT","#57 Joseph Langston - MLB","#92 Gregory Dupree - MLB",,"#93 Harold Holt - WLB","#48 Ramon Price - CB","#25 Jeffrey Campbell - CB",,,,"#34 Kieth Davis - SS","#77 David Martel - CB",,,,,,,,,,,,,,,,,,,,,,,,,,,,,,,,,,,,
LAX,1:46,"SFO 42",4,2,10,"Shotgun Normal TE Out","46 Normal Inside Blitz",,12,14,"2-10-SFO 42 (1:47) 15-Ernest Williams pass Pass knocked down by 93-Harold Holt. incomplete, intended for 88-Ignacio Lake.","#15 Ernest Williams - QB","#46 Vincent Whitaker - WR",,,,"#84 Randall Blanton - TE",,"#17 Derek Burch - WR","#88 Ignacio Lake - WR","#21 Clifton Brady - WR",,,"#74 Timothy Trussell - LG","#68 David Humphreys - LT","#79 Salvador Wilson - C","#77 Mark Bryant - RT","#76 Tony Jackson - LG",,"#98 Gary Bates - RDE",,"#50 Buck  Dharma - DT","#71 Robert Owens - LDE","#90 Scott Morton - DT","#57 Joseph Langston - MLB","#92 Gregory Dupree - MLB",,"#93 Harold Holt - WLB","#48 Ramon Price - CB","#25 Jeffrey Campbell - CB",,,,"#34 Kieth Davis - SS","#77 David Martel - CB",,,,,,,,,,,,,,,,,,,,,,,,,,,,,,,,,,,,
LAX,1:43,"SFO 42",4,3,10,"Shotgun Normal TE Out","4-3 Under Crash Left",3,12,14,"3-10-SFO 42 (1:44) 15-Ernest Williams pass complete to 88-Ignacio Lake to SFO 39 for 3 yards. Tackle by 97-Gregory Dupree.","#15 Ernest Williams - QB","#24 Erasmo Christopherso - RB",,,,"#84 Randall Blanton - TE",,"#17 Derek Burch - WR","#88 Ignacio Lake - WR","#21 Clifton Brady - WR",,,"#74 Timothy Trussell - LG","#68 David Humphreys - LT","#79 Salvador Wilson - C","#77 Mark Bryant - RT","#76 Tony Jackson - LG",,"#98 Gary Bates - RDE",,"#50 Buck  Dharma - DT","#71 Robert Owens - LDE","#90 Scott Morton - DT","#57 Joseph Langston - MLB","#92 Gregory Dupree - MLB",,"#93 Harold Holt - WLB","#48 Ramon Price - CB","#25 Jeffrey Campbell - CB",,,,"#34 Kieth Davis - SS","#77 David Martel - CB",,,,,,,,,,,,,,,,,,,,,,,,,,,,,,,,,,,,
,1:41,,4,4,7,,,,12,14,"Timeout LAX",,,,,,,,,,,,,,,,,,,,,,,,,,,,,,,,,,,,,,,,,,,,,,,,,,,,,,,,,,,,,,,,,,,,,,
LAX,1:37,"SFO 39",4,4,7,"Field Goal","FG Block",50,15,14,"4-7-SFO 39 (1:38) 5-George Heywood 58 yard field goal is GOOD. LAX 15 SFO 14",,,,,,,,,,,,,,,,,,,,,,,,,,,,,,,,,,,,"#11 Wayne Meyer - QB","#50 Raymond Thrasher - RT",,,,,,,,,,,,,,"#5 George Heywood - K","#68 David Humphreys - LT","#72 Morris Gilbertson - DT","#37 Mark Kaufman - FB","#81 Steven Bohm - TE","#58 Raymond Coleman - LG","#61 Matthew Moore - RT","#83 John Hopkins - TE","#84 Randall Blanton - TE","#98 Gary Bates - RDE","#71 Robert Owens - LDE","#56 Thomas Davis - DT","#90 Scott Morton - DT","#36 Justin Archer - CB","#99 Mike Seamon - MLB","#50 Buck  Dharma - DT","#93 Harold Holt - WLB","#51 Raymond Winans - RDE","#40 Robert Roland - CB","#68 Perry Crawford - C"
LAX,1:33,"LAX 35",4,6,10,Kickoff,"Kick Return",,15,14,"(1:34) 5-George Heywood kicks 73 yards from LAX 35 to SFO -8. Touchback.",,,,,,,,,,,,,,,,,,,,,,,,,,,,,,,,,,,,,,"#89 Larry Bruner - WR",,"#90 Scott Morton - DT","#98 Gary Bates - RDE","#25 Jeffrey Campbell - CB","#27 Josh Mathis - CB","#48 Ramon Price - CB","#71 Robert Owens - LDE","#92 Gregory Dupree - MLB","#93 Harold Holt - WLB","#51 Raymond Winans - RDE","#40 Robert Roland - CB","#5 George Heywood - K",,,,,,,,,,,,,,,,,,,,
SFO,1:33,"SFO 25",4,1,10,"Singleback Normal TE Quick Out","Goal Line Attack #1",2,15,14,"1-10-SFO 25 (1:34) (Hot Read) 17-Kenneth Rainey pass complete to 88-Raymond Kelly to SFO 27 for 2 yards. Tackle by 71-Donald Moore. Pressure by 22-Thomas Henderson.","#8 Kenneth Rainey - QB","#88 Raymond Kelly - WR",,,,"#80 Frank Cherry - WR",,"#13 Jeffrey Lacey - WR","#83 Marvin Castro - WR","#16 Philip Robinson - WR",,,"#69 Edward McElroy - C","#74 Sean Davenport - RT","#70 Ignacio Graham - C","#66 Edward Jarrell - RG","#52 Keith Young - RT",,"#96 Gabriel Hughes - RDE","#65 Fred Edmiston - DT","#71 Donald Moore - DT","#63 Jimmy Jara - DT","#67 Lawrence Richardson - RDE","#97 Russell Melendez - MLB","#52 Andrew Johnson - SLB",,"#22 Thomas Henderson - WLB","#27 Thomas Flores - CB","#27 Richard Hutchens - CB",,,,"#43 Anthony Johnson - CB",,,,,,,,,,,,,,,,,,,,,,,,,,,,,,,,,,,,,
,1:30,,4,2,8,,,,15,14,"Timeout SFO",,,,,,,,,,,,,,,,,,,,,,,,,,,,,,,,,,,,,,,,,,,,,,,,,,,,,,,,,,,,,,,,,,,,,,
SFO,1:27,"SFO 27",4,2,8,"I Formation Normal Max Protect","4-3 Normal Man OLB Flat Zone",,15,14,"2-8-SFO 27 (1:28) 17-Kenneth Rainey pass Pass knocked down by 43-Anthony Johnson. incomplete, intended for 89-Larry Bruner.","#8 Kenneth Rainey - QB","#89 Larry Bruner - WR",,,"#42 Andrew Piper - LT","#80 Frank Cherry - WR",,"#13 Jeffrey Lacey - WR",,"#16 Philip Robinson - WR",,,"#69 Edward McElroy - C","#74 Sean Davenport - RT","#70 Ignacio Graham - C","#66 Edward Jarrell - RG","#52 Keith Young - RT",,"#96 Gabriel Hughes - RDE",,"#71 Donald Moore - DT","#63 Jimmy Jara - DT","#67 Lawrence Richardson - RDE","#97 Russell Melendez - MLB","#52 Andrew Johnson - SLB",,"#22 Thomas Henderson - WLB","#27 Thomas Flores - CB","#27 Richard Hutchens - CB",,,,"#43 Anthony Johnson - CB","#38 Carlo Chambers - SS",,,,,,,,,,,,,,,,,,,,,,,,,,,,,,,,,,,,
SFO,1:23,"SFO 27",4,3,8,"Singleback Normal HB Release Mid","46 Heavy 2 Deep Man Under",,15,14,"3-8-SFO 27 (1:24) 17-Kenneth Rainey pass Pass knocked down by 52-Andrew Johnson. incomplete, intended for 83-Marvin Castro.","#8 Kenneth Rainey - QB","#88 Raymond Kelly - WR",,,,"#80 Frank Cherry - WR",,"#13 Jeffrey Lacey - WR","#83 Marvin Castro - WR","#16 Philip Robinson - WR",,,"#69 Edward McElroy - C","#74 Sean Davenport - RT","#70 Ignacio Graham - C","#66 Edward Jarrell - RG","#52 Keith Young - RT",,"#96 Gabriel Hughes - RDE",,"#71 Donald Moore - DT","#63 Jimmy Jara - DT","#67 Lawrence Richardson - RDE","#97 Russell Melendez - MLB","#52 Andrew Johnson - SLB",,"#22 Thomas Henderson - WLB","#27 Thomas Flores - CB","#27 Richard Hutchens - CB",,,,"#43 Anthony Johnson - CB","#38 Carlo Chambers - SS",,,,,,,,,,,,,,,,,,,,,,,,,,,,,,,,,,,,
SFO,1:20,"SFO 27",4,4,8,"I Formation Normal FL Hitch","4-3 Normal Man OLB Flat Zone",6,15,14,"4-8-SFO 27 (1:21) 17-Kenneth Rainey pass complete to 13-Jeffrey Lacey to SFO 33 for 6 yards. Tackle by 41-Thomas Flores. Turnover on downs.","#8 Kenneth Rainey - QB","#89 Larry Bruner - WR",,,"#42 Andrew Piper - LT","#80 Frank Cherry - WR",,"#13 Jeffrey Lacey - WR",,"#16 Philip Robinson - WR",,,"#69 Edward McElroy - C","#74 Sean Davenport - RT","#70 Ignacio Graham - C","#66 Edward Jarrell - RG","#52 Keith Young - RT",,"#96 Gabriel Hughes - RDE",,"#71 Donald Moore - DT","#63 Jimmy Jara - DT","#67 Lawrence Richardson - RDE","#97 Russell Melendez - MLB","#52 Andrew Johnson - SLB",,"#22 Thomas Henderson - WLB","#27 Thomas Flores - CB","#27 Richard Hutchens - CB",,,,"#43 Anthony Johnson - CB","#38 Carlo Chambers - SS",,,,,,,,,,,,,,,,,,,,,,,,,,,,,,,,,,,,
LAX,1:16,"SFO 33",4,1,10,"Singleback Big HB Inside Strong","4-3 Under Double LB Blitz",,15,14,"1-10-SFO 33 (1:17) 46-Vincent Whitaker ran to SFO 33 for a short gain. Tackle by 97-Gregory Dupree. LAX 84-Randall Blanton was injured on the play.","#15 Ernest Williams - QB","#46 Vincent Whitaker - WR",,,,"#84 Randall Blanton - TE","#81 Steven Bohm - TE","#17 Derek Burch - WR",,"#21 Clifton Brady - WR",,,"#74 Timothy Trussell - LG","#68 David Humphreys - LT","#79 Salvador Wilson - C","#77 Mark Bryant - RT","#76 Tony Jackson - LG",,"#98 Gary Bates - RDE",,"#50 Buck  Dharma - DT","#71 Robert Owens - LDE","#90 Scott Morton - DT","#57 Joseph Langston - MLB","#92 Gregory Dupree - MLB",,"#93 Harold Holt - WLB","#48 Ramon Price - CB","#25 Jeffrey Campbell - CB",,,,"#34 Kieth Davis - SS","#77 David Martel - CB",,,,,,,,,,,,,,,,,,,,,,,,,,,,,,,,,,,,
,1:16,,4,2,10,,,,15,14,"Timeout SFO",,,,,,,,,,,,,,,,,,,,,,,,,,,,,,,,,,,,,,,,,,,,,,,,,,,,,,,,,,,,,,,,,,,,,,
LAX,1:13,"SFO 33",4,2,10,"I Formation 3WR HB Inside Weak","4-3 Normal Man OLB Flat Zone",1,15,14,"2-10-SFO 33 (1:14) 24-Erasmo Christopherso ran to SFO 32 for 1 yards. Tackle by 90-Scott Morton.","#15 Ernest Williams - QB","#24 Erasmo Christopherso - RB",,,"#37 Mark Kaufman - FB",,,"#17 Derek Burch - WR","#88 Ignacio Lake - WR","#21 Clifton Brady - WR",,,"#74 Timothy Trussell - LG","#68 David Humphreys - LT","#79 Salvador Wilson - C","#77 Mark Bryant - RT","#76 Tony Jackson - LG",,"#98 Gary Bates - RDE",,"#50 Buck  Dharma - DT","#71 Robert Owens - LDE","#90 Scott Morton - DT","#57 Joseph Langston - MLB","#92 Gregory Dupree - MLB",,"#93 Harold Holt - WLB","#48 Ramon Price - CB","#25 Jeffrey Campbell - CB",,,,"#34 Kieth Davis - SS","#77 David Martel - CB",,,,,,,,,,,,,,,,,,,,,,,,,,,,,,,,,,,,
,1:12,,4,3,9,,,,15,14,"Timeout SFO",,,,,,,,,,,,,,,,,,,,,,,,,,,,,,,,,,,,,,,,,,,,,,,,,,,,,,,,,,,,,,,,,,,,,,
LAX,1:09,"SFO 32",4,3,9,"Shotgun 2 RB 3 WR Shotgun Sweep","46 Normal Weak Blitz",8,15,14,"3-9-SFO 32 (1:10) 24-Erasmo Christopherso ran to SFO 24 for 8 yards. Tackle by 34-Kieth Davis.","#15 Ernest Williams - QB","#46 Vincent Whitaker - WR","#24 Erasmo Christopherso - RB",,,,,"#17 Derek Burch - WR","#88 Ignacio Lake - WR","#21 Clifton Brady - WR",,,"#74 Timothy Trussell - LG","#68 David Humphreys - LT","#79 Salvador Wilson - C","#77 Mark Bryant - RT","#76 Tony Jackson - LG",,"#98 Gary Bates - RDE",,"#50 Buck  Dharma - DT","#71 Robert Owens - LDE","#90 Scott Morton - DT","#57 Joseph Langston - MLB","#92 Gregory Dupree - MLB",,"#93 Harold Holt - WLB","#48 Ramon Price - CB","#25 Jeffrey Campbell - CB",,,,"#34 Kieth Davis - SS","#77 David Martel - CB",,,,,,,,,,,,,,,,,,,,,,,,,,,,,,,,,,,,
LAX,0:27,"SFO 24",4,4,1,"Field Goal","FG Block",35,18,14,"4-1-SFO 24 (0:26) 5-George Heywood 42 yard field goal is GOOD. LAX 18 SFO 14",,,,,,,,,,,,,,,,,,,,,,,,,,,,,,,,,,,,"#11 Wayne Meyer - QB","#50 Raymond Thrasher - RT",,,,,,,,,,,,,,"#5 George Heywood - K","#68 David Humphreys - LT","#72 Morris Gilbertson - DT","#37 Mark Kaufman - FB","#81 Steven Bohm - TE","#58 Raymond Coleman - LG","#61 Matthew Moore - RT","#83 John Hopkins - TE","#84 Randall Blanton - TE","#98 Gary Bates - RDE","#71 Robert Owens - LDE","#56 Thomas Davis - DT","#90 Scott Morton - DT","#36 Justin Archer - CB","#99 Mike Seamon - MLB","#50 Buck  Dharma - DT","#93 Harold Holt - WLB","#51 Raymond Winans - RDE","#40 Robert Roland - CB","#68 Perry Crawford - C"
LAX,0:22,"LAX 35",4,6,10,Kickoff,"Kick Return",,18,14,"(0:23) 5-George Heywood kicks 74 yards from LAX 35 to SFO -9. Touchback.",,,,,,,,,,,,,,,,,,,,,,,,,,,,,,,,,,,,,,"#89 Larry Bruner - WR",,"#90 Scott Morton - DT","#98 Gary Bates - RDE","#25 Jeffrey Campbell - CB","#27 Josh Mathis - CB","#48 Ramon Price - CB","#71 Robert Owens - LDE","#92 Gregory Dupree - MLB","#93 Harold Holt - WLB","#51 Raymond Winans - RDE","#40 Robert Roland - CB","#5 George Heywood - K",,,,,,,,,,,,,,,,,,,,
SFO,0:22,"SFO 25",4,1,10,"Singleback Normal HB Release Mid","4-3 Normal Double WR1",,24,14,"1-10-SFO 25 (0:23) 17-Kenneth Rainey pass INTERCEPTED by 41-Thomas Flores at SFO 33. 41-Thomas Flores to SFO 0 for 33 yards. TOUCHDOWN! The offense has gone to that play a few too many times. LAX 24 SFO 14","#8 Kenneth Rainey - QB","#88 Raymond Kelly - WR",,,,"#80 Frank Cherry - WR",,"#13 Jeffrey Lacey - WR","#83 Marvin Castro - WR","#16 Philip Robinson - WR",,,"#69 Edward McElroy - C","#74 Sean Davenport - RT","#70 Ignacio Graham - C","#66 Edward Jarrell - RG","#52 Keith Young - RT",,"#96 Gabriel Hughes - RDE",,"#71 Donald Moore - DT","#63 Jimmy Jara - DT","#67 Lawrence Richardson - RDE","#97 Russell Melendez - MLB","#52 Andrew Johnson - SLB",,"#22 Thomas Henderson - WLB","#27 Thomas Flores - CB","#27 Richard Hutchens - CB",,,,"#43 Anthony Johnson - CB","#38 Carlo Chambers - SS",,,,,,,,,,,,,,,,,,,,,,,,,,,,,,,,,,,,
LAX,0:14,"SFO 15",4,7,15,"Field Goal","FG Block",25,25,14,"(0:15) Extra point GOOD by 5-George Heywood. LAX 25 SFO 14",,,,,,,,,,,,,,,,,,,,,,,,,,,,,,,,,,,,"#11 Wayne Meyer - QB","#50 Raymond Thrasher - RT",,,,,,,,,,,,,,"#5 George Heywood - K","#68 David Humphreys - LT","#72 Morris Gilbertson - DT","#37 Mark Kaufman - FB","#81 Steven Bohm - TE","#58 Raymond Coleman - LG","#61 Matthew Moore - RT","#83 John Hopkins - TE","#84 Randall Blanton - TE","#98 Gary Bates - RDE","#71 Robert Owens - LDE","#56 Thomas Davis - DT","#90 Scott Morton - DT","#36 Justin Archer - CB","#99 Mike Seamon - MLB","#50 Buck  Dharma - DT","#93 Harold Holt - WLB","#51 Raymond Winans - RDE","#40 Robert Roland - CB","#68 Perry Crawford - C"
LAX,0:14,"LAX 35",4,6,10,Kickoff,"Kick Return",,25,14,"(0:15) 5-George Heywood kicks 72 yards from LAX 35 to SFO -7. 89-Larry Bruner to SFO 23 for 31 yards. Tackle by 26-Floyd Price.",,,,,,,,,,,,,,,,,,,,,,,,,,,,,,,,,,,,,,"#89 Larry Bruner - WR",,"#90 Scott Morton - DT","#98 Gary Bates - RDE","#25 Jeffrey Campbell - CB","#27 Josh Mathis - CB","#48 Ramon Price - CB","#71 Robert Owens - LDE","#92 Gregory Dupree - MLB","#93 Harold Holt - WLB","#51 Raymond Winans - RDE","#40 Robert Roland - CB","#5 George Heywood - K",,,,,,,,,,,,,,,,,,,,
SFO,0:09,"SFO 23",4,1,10,"Weak I Normal Skinny Posts","4-3 Normal Man OLB Flat Zone",5,25,14,"1-10-SFO 23 (0:10) 17-Kenneth Rainey pass complete to 88-Raymond Kelly to SFO 28 for 5 yards. Pushed out of bounds by 43-Anthony Johnson.","#8 Kenneth Rainey - QB","#88 Raymond Kelly - WR",,,"#42 Andrew Piper - LT","#80 Frank Cherry - WR",,"#13 Jeffrey Lacey - WR",,"#16 Philip Robinson - WR",,,"#69 Edward McElroy - C","#74 Sean Davenport - RT","#70 Ignacio Graham - C","#66 Edward Jarrell - RG","#52 Keith Young - RT",,"#96 Gabriel Hughes - RDE",,"#71 Donald Moore - DT","#63 Jimmy Jara - DT","#67 Lawrence Richardson - RDE","#97 Russell Melendez - MLB","#52 Andrew Johnson - SLB",,"#22 Thomas Henderson - WLB","#27 Thomas Flores - CB","#27 Richard Hutchens - CB",,,,"#43 Anthony Johnson - CB","#38 Carlo Chambers - SS",,,,,,,,,,,,,,,,,,,,,,,,,,,,,,,,,,,,
SFO,0:04,"SFO 28",4,2,5,"I Formation Normal FL Hook","4-3 Normal Man OLB Flat Zone",4,25,14,"2-5-SFO 28 (0:05) 17-Kenneth Rainey pass complete to 89-Larry Bruner to SFO 32 for 4 yards. Tackle by 43-Anthony Johnson.","#8 Kenneth Rainey - QB","#89 Larry Bruner - WR",,,"#88 Raymond Kelly - WR","#80 Frank Cherry - WR",,"#13 Jeffrey Lacey - WR",,"#16 Philip Robinson - WR",,,"#69 Edward McElroy - C","#74 Sean Davenport - RT","#70 Ignacio Graham - C","#66 Edward Jarrell - RG","#52 Keith Young - RT",,"#96 Gabriel Hughes - RDE",,"#71 Donald Moore - DT","#63 Jimmy Jara - DT","#67 Lawrence Richardson - RDE","#97 Russell Melendez - MLB","#52 Andrew Johnson - SLB",,"#22 Thomas Henderson - WLB","#27 Thomas Flores - CB","#27 Richard Hutchens - CB",,,,"#43 Anthony Johnson - CB","#38 Carlo Chambers - SS",,,,,,,,,,,,,,,,,,,,,,,,,,,,,,,,,,,,
,0:00,,4,3,1,,,,25,14,"End of fourth quarter.",,,,,,,,,,,,,,,,,,,,,,,,,,,,,,,,,,,,,,,,,,,,,,,,,,,,,,,,,,,,,,,,,,,,,,
