HasBall,"Game Clock","Ball @",Quarter,Down,YTG,OffensivePlay,DefensivePlay,YardsGained,"Home Score","Away Score",Text,QB1,RB1,RB2,FB2,FB1,TE1,TE2,WR1,WR3,WR2,WR4,WR5,LT1,LG1,C1,RG1,RT1,P1,LDE1,LDE2,DT1,DT2,RDE1,SLB1,MLB1,MLB2,WLB1,CB1,CB2,CB4,CB3,CB5,SS1,FS1,FS2,"Kick Holder1","Long Snapper1","Kick Returner1","Punt Returner1",Gunner10,Gunner7,Gunner2,Gunner6,Gunner1,Gunner8,Gunner3,Gunner4,Gunner9,Gunner5,Kickoffs1,"Field Goal Kicker1","ST Blocker8","ST Blocker5","ST Blocker4","ST Blocker1","ST Blocker2","ST Blocker3","ST Blocker6","ST Blocker7","ST Rusher4","ST Rusher1","ST Rusher2","ST Rusher3","ST Rusher11","ST Rusher10","ST Rusher9","ST Rusher6","ST Rusher5","ST Rusher7","ST Rusher8"
,15:00,,1,2,7,,,,0,0,"IRV has won the toss and elected to receive.",,,,,,,,,,,,,,,,,,,,,,,,,,,,,,,,,,,,,,,,,,,,,,,,,,,,,,,,,,,,,,,,,,,,,,
BCB,15:00,"BCB 35",1,6,10,Kickoff,"Kick Return",,6,0,"(15:00) 15-Mark Castellanos kicks 69 yards from BCB 35 to IRV -4. 35-Rudy Pineda for 104yards. TOUCHDOWN! IRV 6 BCB 0",,,,,,,,,,,,,,,,,,,,,,,,,,,,,,,,,,,,,,"#35 Rudy Pineda - RB",,"#57 William Page - RDE","#45 Michael Gabriel - FS","#50 Bruce Kwok - MLB","#24 Thomas Walker - SS","#34 Steven Gerth - CB","#57 Nathan McCauley - RDE","#53 David McHaney - SLB","#78 Joseph Rodriguez - RDE","#56 Jose Shelton - MLB","#73 Floyd Starnes - LDE","#15 Mark Castellanos - K",,,,,,,,,,,,,,,,,,,,
IRV,14:44,"BCB 15",1,7,15,"Field Goal","FG Block",26,7,0,"(14:45) Extra point GOOD by 12-Charles Berry. IRV 7 BCB 0",,,,,,,,,,,,,,,,,,,,,,,,,,,,,,,,,,,,"#9 Todd Mattison - P","#64 Scott Marin - C",,,,,,,,,,,,,,"#12 Charles Berry - K","#66 Joe Warner - C","#62 James Rogers - RG","#72 George Medina - LG","#84 Justin Martin - TE","#84 Terrance Brown - FB","#79 Eduardo Johnson - RT","#72 Kenneth Ness - LT","#31 Mark Savage - LG","#61 Frank Meyer - RDE","#51 Terry Charles - CB","#69 Raymond Thomas - RT","#97 Saul Kelley - DT","#20 Howard Carpenter - CB","#95 Robert Jowers - WLB","#63 Thomas Gardner - LT","#75 Donald Freeland - RDE","#91 Richard Jones - RDE","#50 Anthony Hawkins - WLB","#94 Benny Sayre - LDE"
IRV,14:44,"IRV 35",1,6,10,Kickoff,"Kick Return",,7,0,"(14:45) 12-Charles Berry kicks 74 yards from IRV 35 to BCB -9. Touchback.",,,,,,,,,,,,,,,,,,,,,,,,,,,,,,,,,,,,,,"#80 Ralph Xiong - WR",,"#79 Joseph Lawrence - DT","#75 Donald Freeland - RDE","#43 John Ross - CB","#74 Monte Needham - DT","#48 Joel Matthews - CB","#99 Robert Ramos - CB","#16 Andrew Walters - WR","#49 Jorge Neff - CB","#9 Ramon Esposito - MLB","#61 Frank Meyer - RDE","#12 Charles Berry - K",,,,,,,,,,,,,,,,,,,,
BCB,14:44,"BCB 25",1,1,10,"I Formation Power Play Action HB Downfield","Goal Line Attack #3",-0,7,0,"1-10-BCB 25 (14:45) (Hot Read) 10-George Oliver pass complete to 89-Jerry Jamison to BCB 25 for a short loss. Tackle by 50-Bruce Kwok. Pressure by 92-Robert Duchesne.","#10 George Oliver - QB","#89 Jerry Jamison - WR",,"#39 Jeremy Sampson - RB","#41 Javier Lee - WR","#81 Jason Alvarez - TE",,"#16 Andrew Walters - WR",,,,,"#63 Thomas Gardner - LT","#69 Raymond Thomas - RT","#57 Amos Lord - C","#78 Gerald Schirmer - LG","#53 Jonathan Fitch - RG",,"#73 Floyd Starnes - LDE","#61 Joe Gonzalez - LDE","#57 Nathan McCauley - RDE","#55 Arthur Dempsey - DT","#78 Joseph Rodriguez - RDE","#53 David McHaney - SLB","#50 Bruce Kwok - MLB",,"#56 Robert Duchesne - CB","#34 Steven Gerth - CB","#27 Joseph Lokey - CB",,,,"#24 Thomas Walker - SS",,,,,,,,,,,,,,,,,,,,,,,,,,,,,,,,,,,,,
BCB,14:06,"BCB 25",1,2,10,"I Formation Normal HB Blast","Dime Normal Double WR1 WR2",14,7,0,"2-10-BCB 25 (14:05) 89-Jerry Jamison ran to BCB 38 for 14 yards. Tackle by 45-Michael Gabriel.","#10 George Oliver - QB","#89 Jerry Jamison - WR",,,"#41 Javier Lee - WR","#81 Jason Alvarez - TE",,"#16 Andrew Walters - WR",,"#80 Ralph Xiong - WR",,,"#63 Thomas Gardner - LT","#69 Raymond Thomas - RT","#57 Amos Lord - C","#78 Gerald Schirmer - LG","#53 Jonathan Fitch - RG",,"#73 Floyd Starnes - LDE",,"#57 Nathan McCauley - RDE","#50 Bruce Kwok - MLB","#78 Joseph Rodriguez - RDE",,"#53 David McHaney - SLB",,,"#34 Steven Gerth - CB","#27 Joseph Lokey - CB","#23 Charlie Carrera - CB","#29 Floyd Velazquez - CB",,"#24 Thomas Walker - SS","#45 Michael Gabriel - FS",,,,,,,,,,,,,,,,,,,,,,,,,,,,,,,,,,,,
BCB,13:28,"BCB 38",1,1,10,"Strong I Normal HB Dive Strong","3-4 Normal Man QB Spy",11,7,0,"1-10-BCB 38 (13:27) 89-Jerry Jamison ran to BCB 50 for 11 yards. Tackle by 24-Thomas Walker.","#10 George Oliver - QB","#89 Jerry Jamison - WR",,,"#41 Javier Lee - WR","#81 Jason Alvarez - TE",,"#16 Andrew Walters - WR",,"#80 Ralph Xiong - WR",,,"#63 Thomas Gardner - LT","#69 Raymond Thomas - RT","#57 Amos Lord - C","#78 Gerald Schirmer - LG","#53 Jonathan Fitch - RG",,"#73 Floyd Starnes - LDE",,"#57 Nathan McCauley - RDE",,"#78 Joseph Rodriguez - RDE","#53 David McHaney - SLB","#50 Bruce Kwok - MLB","#56 Jose Shelton - MLB","#56 Robert Duchesne - CB","#27 Joseph Lokey - CB","#29 Floyd Velazquez - CB",,,,"#24 Thomas Walker - SS","#45 Michael Gabriel - FS",,,,,,,,,,,,,,,,,,,,,,,,,,,,,,,,,,,,
BCB,12:48,"BCB 50",1,1,10,"Shotgun Normal HB Flare","3-4 Normal Man QB Spy",9,7,0,"1-10-BCB 50 (12:47) 10-George Oliver pass complete to 89-Jerry Jamison to IRV 41 for 9 yards. Tackle by 45-Michael Gabriel. 89-Jerry Jamison breaks down the CB.","#10 George Oliver - QB","#39 Jeremy Sampson - RB",,,,"#81 Jason Alvarez - TE",,"#16 Andrew Walters - WR","#89 Jerry Jamison - WR","#80 Ralph Xiong - WR",,,"#63 Thomas Gardner - LT","#69 Raymond Thomas - RT","#57 Amos Lord - C","#78 Gerald Schirmer - LG","#53 Jonathan Fitch - RG",,"#73 Floyd Starnes - LDE",,"#57 Nathan McCauley - RDE",,"#78 Joseph Rodriguez - RDE","#53 David McHaney - SLB","#50 Bruce Kwok - MLB","#56 Jose Shelton - MLB","#56 Robert Duchesne - CB","#34 Steven Gerth - CB","#27 Joseph Lokey - CB",,,,"#24 Thomas Walker - SS","#45 Michael Gabriel - FS",,,,,,,,,,,,,,,,,,,,,,,,,,,,,,,,,,,,
BCB,12:06,"IRV 41",1,2,1,"Shotgun 2 RB 3 WR FB In","3-4 Normal Man Cover 1",-10,7,0,"2-1-IRV 41 (12:05) 10-George Oliver sacked at BCB 49 for -10 yards (53-David McHaney)","#10 George Oliver - QB","#39 Jeremy Sampson - RB","#48 Dale Hawkins - RB",,,,,"#16 Andrew Walters - WR","#89 Jerry Jamison - WR","#80 Ralph Xiong - WR",,,"#63 Thomas Gardner - LT","#69 Raymond Thomas - RT","#57 Amos Lord - C","#78 Gerald Schirmer - LG","#53 Jonathan Fitch - RG",,"#73 Floyd Starnes - LDE",,"#57 Nathan McCauley - RDE",,"#78 Joseph Rodriguez - RDE","#53 David McHaney - SLB","#50 Bruce Kwok - MLB","#56 Jose Shelton - MLB","#56 Robert Duchesne - CB","#34 Steven Gerth - CB","#27 Joseph Lokey - CB",,,,"#37 Mark Cox - FS","#45 Michael Gabriel - FS",,,,,,,,,,,,,,,,,,,,,,,,,,,,,,,,,,,,
BCB,11:33,"BCB 49",1,3,10,"I Formation 3WR Slot Corner Long","46 Heavy WLB Blitz",-8,7,0,"3-10-BCB 49 (11:32) 10-George Oliver sacked at BCB 42 for -8 yards (70-Joseph Rodriguez). Sack allowed by 63-Thomas Gardner.","#10 George Oliver - QB","#39 Jeremy Sampson - RB",,,"#41 Javier Lee - WR",,,"#16 Andrew Walters - WR","#89 Jerry Jamison - WR","#80 Ralph Xiong - WR",,,"#63 Thomas Gardner - LT","#69 Raymond Thomas - RT","#57 Amos Lord - C","#78 Gerald Schirmer - LG","#53 Jonathan Fitch - RG",,"#73 Floyd Starnes - LDE",,"#57 Nathan McCauley - RDE","#55 Arthur Dempsey - DT","#78 Joseph Rodriguez - RDE","#53 David McHaney - SLB","#50 Bruce Kwok - MLB",,"#56 Robert Duchesne - CB","#34 Steven Gerth - CB","#27 Joseph Lokey - CB",,,,"#24 Thomas Walker - SS","#45 Michael Gabriel - FS",,,,,,,,,,,,,,,,,,,,,,,,,,,,,,,,,,,,
BCB,10:51,"BCB 42",1,4,18,Punt,"Punt Return",56,7,0,"4-18-BCB 42 (10:50) 8-Ralph Frost punts 56 yards to IRV 2.",,,,,,,,,,,,,,,,,,"#8 Ralph Frost - P",,,,,,,,,,,,,,,,,,,"#63 Thomas Gardner - LT",,"#10 Robert Pleasant - WR",,,"#50 Bruce Kwok - MLB","#57 Nathan McCauley - RDE","#34 Steven Gerth - CB",,"#73 Floyd Starnes - LDE","#24 Thomas Walker - SS",,"#45 Michael Gabriel - FS",,,,"#59 James Riley - LT","#69 Raymond Thomas - RT","#78 Gerald Schirmer - LG","#56 Carlos Bryant - RG","#84 Martin Jackson - LT","#53 Jonathan Fitch - RG",,"#98 Jim Stucky - WLB","#53 David McHaney - SLB","#78 Joseph Rodriguez - RDE","#56 Robert Duchesne - CB",,,,,,,
IRV,10:39,"IRV 2",1,1,10,"I Formation Normal Cross In","46 Normal Strong Blitz",,7,0,"1-10-IRV 2 (10:40) 18-Norman Harris pass Pass knocked down by 48-Joel Matthews. incomplete, intended for 10-Robert Pleasant.","#18 Norman Harris - QB","#25 Michael Stewart - WR",,,"#87 Anton Holt - WR","#84 Justin Martin - TE",,"#83 Robert Chubb - WR",,"#10 Robert Pleasant - WR",,,"#62 James Rogers - RG","#72 George Medina - LG","#64 Scott Marin - C","#69 Anthony Battle - RG","#79 Eduardo Johnson - RT",,"#61 Frank Meyer - RDE",,"#79 Joseph Lawrence - DT","#74 Monte Needham - DT","#75 Donald Freeland - RDE","#99 Robert Ramos - CB","#9 Ramon Esposito - MLB",,"#50 Anthony Hawkins - WLB","#49 Jorge Neff - CB","#48 Joel Matthews - CB",,,,"#23 Harold Scott - CB","#22 Roy Stephenson - SS",,,,,,,,,,,,,,,,,,,,,,,,,,,,,,,,,,,,
IRV,10:37,"IRV 2",1,2,10,"Shotgun Normal Short Attack","Nickel Normal SS Blitz",,7,0,"2-10-IRV 2 (10:38) 18-Norman Harris pass incomplete, intended for 10-Robert Pleasant. BCB 74-Monte Needham was injured on the play. He looks like he should be able to return.","#18 Norman Harris - QB","#25 Michael Stewart - WR",,,,"#84 Justin Martin - TE",,"#83 Robert Chubb - WR","#87 Anton Holt - WR","#10 Robert Pleasant - WR",,,"#62 James Rogers - RG","#72 George Medina - LG","#64 Scott Marin - C","#69 Anthony Battle - RG","#79 Eduardo Johnson - RT",,"#61 Frank Meyer - RDE",,"#79 Joseph Lawrence - DT","#74 Monte Needham - DT","#75 Donald Freeland - RDE",,"#9 Ramon Esposito - MLB",,"#50 Anthony Hawkins - WLB","#49 Jorge Neff - CB","#48 Joel Matthews - CB",,"#43 John Ross - CB",,"#23 Harold Scott - CB","#22 Roy Stephenson - SS",,,,,,,,,,,,,,,,,,,,,,,,,,,,,,,,,,,,
IRV,10:34,"IRV 2",1,3,10,"Shotgun 2 RB 3 WR RB Curls","Nickel 3-3-5 Cover 2 Man Under",-10,7,2,"3-10-IRV 2 (10:35) 18-Norman Harris sacked at IRV -7 for -10 yards (75-Donald Freeland). Sack allowed by 62-James Rogers. SAFETY! (75-Donald Freeland) IRV 7 BCB 2","#18 Norman Harris - QB","#25 Michael Stewart - WR","#22 Evan McNamara - RB",,,,,"#83 Robert Chubb - WR","#87 Anton Holt - WR","#10 Robert Pleasant - WR",,,"#62 James Rogers - RG","#72 George Medina - LG","#64 Scott Marin - C","#69 Anthony Battle - RG","#79 Eduardo Johnson - RT",,"#61 Frank Meyer - RDE",,"#79 Joseph Lawrence - DT",,"#75 Donald Freeland - RDE","#99 Robert Ramos - CB","#9 Ramon Esposito - MLB",,"#50 Anthony Hawkins - WLB","#49 Jorge Neff - CB","#43 John Ross - CB",,"#35 Gerald Hackett - CB",,"#23 Harold Scott - CB","#22 Roy Stephenson - SS",,,,,,,,,,,,,,,,,,,,,,,,,,,,,,,,,,,,
IRV,10:31,"IRV 20",1,6,10,Kickoff,"Kick Return",,7,2,"(10:32) 12-Charles Berry kicks 74 yards from IRV 20 to BCB 6. 80-Ralph Xiong to BCB 40 for 35 yards. Tackle by 57-Nathan McCauley.",,,,,,,,,,,,,,,,,,,,,,,,,,,,,,,,,,,,,,"#80 Ralph Xiong - WR",,"#50 Anthony Hawkins - WLB","#99 Robert Ramos - CB","#43 John Ross - CB","#75 Donald Freeland - RDE","#48 Joel Matthews - CB","#9 Ramon Esposito - MLB","#16 Andrew Walters - WR","#49 Jorge Neff - CB","#79 Joseph Lawrence - DT","#61 Frank Meyer - RDE","#12 Charles Berry - K",,,,,,,,,,,,,,,,,,,,
BCB,10:26,"BCB 40",1,1,10,"I Formation 3WR HB Inside Strong","Nickel Normal Double WR1",1,7,2,"1-10-BCB 40 (10:27) 39-Jeremy Sampson ran to BCB 41 for 1 yards. Tackle by 53-David McHaney.","#10 George Oliver - QB","#39 Jeremy Sampson - RB",,,"#41 Javier Lee - WR",,,"#16 Andrew Walters - WR","#13 Cory Delaney - WR","#89 Jerry Jamison - WR",,,"#63 Thomas Gardner - LT","#69 Raymond Thomas - RT","#57 Amos Lord - C","#78 Gerald Schirmer - LG","#53 Jonathan Fitch - RG",,"#73 Floyd Starnes - LDE",,"#55 Arthur Dempsey - DT","#50 Bruce Kwok - MLB","#78 Joseph Rodriguez - RDE",,"#53 David McHaney - SLB",,"#56 Robert Duchesne - CB","#27 Joseph Lokey - CB","#29 Floyd Velazquez - CB",,"#23 Charlie Carrera - CB",,"#37 Mark Cox - FS","#28 Juan Castaneda - FS",,,,,,,,,,,,,,,,,,,,,,,,,,,,,,,,,,,,
BCB,9:53,"BCB 41",1,2,9,"I Formation Power Play Action HB Downfield","3-4 Normal Man QB Spy",17,7,2,"2-9-BCB 41 (9:52) 10-George Oliver pass complete to 81-Jason Alvarez to IRV 41 for 17 yards. Tackle by 27-Joseph Lokey. 81-Jason Alvarez breaks down the CB.","#10 George Oliver - QB","#89 Jerry Jamison - WR",,"#39 Jeremy Sampson - RB","#41 Javier Lee - WR","#81 Jason Alvarez - TE",,"#16 Andrew Walters - WR",,,,,"#63 Thomas Gardner - LT","#69 Raymond Thomas - RT","#57 Amos Lord - C","#78 Gerald Schirmer - LG","#53 Jonathan Fitch - RG",,"#73 Floyd Starnes - LDE",,"#57 Nathan McCauley - RDE",,"#78 Joseph Rodriguez - RDE","#53 David McHaney - SLB","#50 Bruce Kwok - MLB","#56 Jose Shelton - MLB","#56 Robert Duchesne - CB","#34 Steven Gerth - CB","#27 Joseph Lokey - CB",,,,"#24 Thomas Walker - SS","#45 Michael Gabriel - FS",,,,,,,,,,,,,,,,,,,,,,,,,,,,,,,,,,,,
BCB,9:14,"IRV 41",1,1,10,"I Formation Normal FL Hook","Nickel Normal Double LB Blitz",5,7,2,"1-10-IRV 41 (9:13) 10-George Oliver pass complete to 16-Andrew Walters to IRV 37 for 5 yards. Tackle by 34-Steven Gerth.","#10 George Oliver - QB","#89 Jerry Jamison - WR",,,"#41 Javier Lee - WR","#81 Jason Alvarez - TE",,"#16 Andrew Walters - WR",,"#80 Ralph Xiong - WR",,,"#63 Thomas Gardner - LT","#69 Raymond Thomas - RT","#57 Amos Lord - C","#78 Gerald Schirmer - LG","#53 Jonathan Fitch - RG",,"#73 Floyd Starnes - LDE",,"#57 Nathan McCauley - RDE","#50 Bruce Kwok - MLB","#78 Joseph Rodriguez - RDE",,"#53 David McHaney - SLB",,"#56 Robert Duchesne - CB","#34 Steven Gerth - CB","#27 Joseph Lokey - CB",,"#29 Floyd Velazquez - CB",,"#24 Thomas Walker - SS","#45 Michael Gabriel - FS",,,,,,,,,,,,,,,,,,,,,,,,,,,,,,,,,,,,
BCB,8:33,"IRV 37",1,2,5,"Shotgun 2 RB 3 WR RB Curls","3-4 Normal Man QB Spy",12,7,2,"2-5-IRV 37 (8:32) 10-George Oliver pass complete to 39-Jeremy Sampson to IRV 25 for 12 yards. Tackle by 56-Jose Shelton.","#10 George Oliver - QB","#39 Jeremy Sampson - RB","#48 Dale Hawkins - RB",,,,,"#16 Andrew Walters - WR","#89 Jerry Jamison - WR","#80 Ralph Xiong - WR",,,"#63 Thomas Gardner - LT","#69 Raymond Thomas - RT","#57 Amos Lord - C","#78 Gerald Schirmer - LG","#53 Jonathan Fitch - RG",,"#73 Floyd Starnes - LDE",,"#57 Nathan McCauley - RDE",,"#78 Joseph Rodriguez - RDE","#53 David McHaney - SLB","#50 Bruce Kwok - MLB","#56 Jose Shelton - MLB","#56 Robert Duchesne - CB","#34 Steven Gerth - CB","#27 Joseph Lokey - CB",,,,"#24 Thomas Walker - SS","#45 Michael Gabriel - FS",,,,,,,,,,,,,,,,,,,,,,,,,,,,,,,,,,,,
BCB,7:47,"IRV 25",1,1,10,"Shotgun 2 RB 3 WR FL Drag","Nickel 3-3-5 Cover 2 Man Under",,7,2,"1-10-IRV 25 (7:46) 10-George Oliver pass Pass knocked down by 29-Floyd Velazquez. incomplete, intended for 16-Andrew Walters.","#10 George Oliver - QB","#39 Jeremy Sampson - RB","#48 Dale Hawkins - RB",,,,,"#16 Andrew Walters - WR","#89 Jerry Jamison - WR","#80 Ralph Xiong - WR",,,"#63 Thomas Gardner - LT","#69 Raymond Thomas - RT","#57 Amos Lord - C","#78 Gerald Schirmer - LG","#53 Jonathan Fitch - RG",,"#73 Floyd Starnes - LDE",,"#57 Nathan McCauley - RDE",,"#78 Joseph Rodriguez - RDE","#53 David McHaney - SLB","#50 Bruce Kwok - MLB",,"#56 Robert Duchesne - CB","#34 Steven Gerth - CB","#27 Joseph Lokey - CB",,"#29 Floyd Velazquez - CB",,"#24 Thomas Walker - SS","#45 Michael Gabriel - FS",,,,,,,,,,,,,,,,,,,,,,,,,,,,,,,,,,,,
BCB,7:42,"IRV 25",1,2,10,"Goal Line Normal HB Dive","Goal Line Attack #3",-1,7,2,"2-10-IRV 25 (7:43) 89-Jerry Jamison ran to IRV 26 for -1 yards. Tackle by 73-Floyd Starnes.","#10 George Oliver - QB","#89 Jerry Jamison - WR",,"#48 Dale Hawkins - RB","#39 Jeremy Sampson - RB","#81 Jason Alvarez - TE","#41 Javier Lee - WR",,,,,,"#63 Thomas Gardner - LT","#69 Raymond Thomas - RT","#57 Amos Lord - C","#78 Gerald Schirmer - LG","#53 Jonathan Fitch - RG",,"#73 Floyd Starnes - LDE","#61 Joe Gonzalez - LDE","#57 Nathan McCauley - RDE","#55 Arthur Dempsey - DT","#78 Joseph Rodriguez - RDE","#53 David McHaney - SLB","#50 Bruce Kwok - MLB",,"#56 Robert Duchesne - CB","#34 Steven Gerth - CB","#27 Joseph Lokey - CB",,,,"#24 Thomas Walker - SS",,,,,,,,,,,,,,,,,,,,,,,,,,,,,,,,,,,,,
BCB,7:01,"IRV 26",1,3,11,"I Formation Power HB Dive Weak","Goal Line Attack #1",-0,7,2,"3-11-IRV 26 (7:00) 89-Jerry Jamison ran to IRV 26 for a short loss. Tackle by 50-Bruce Kwok.","#10 George Oliver - QB","#89 Jerry Jamison - WR",,"#39 Jeremy Sampson - RB","#41 Javier Lee - WR","#81 Jason Alvarez - TE",,"#16 Andrew Walters - WR",,,,,"#63 Thomas Gardner - LT","#69 Raymond Thomas - RT","#57 Amos Lord - C","#78 Gerald Schirmer - LG","#53 Jonathan Fitch - RG",,"#73 Floyd Starnes - LDE","#61 Joe Gonzalez - LDE","#57 Nathan McCauley - RDE","#55 Arthur Dempsey - DT","#78 Joseph Rodriguez - RDE","#53 David McHaney - SLB","#50 Bruce Kwok - MLB",,"#56 Robert Duchesne - CB","#34 Steven Gerth - CB","#27 Joseph Lokey - CB",,,,"#24 Thomas Walker - SS",,,,,,,,,,,,,,,,,,,,,,,,,,,,,,,,,,,,,
BCB,6:29,"IRV 26",1,4,11,"Field Goal","FG Block",36,7,5,"4-11-IRV 26 (6:28) 9-William Leonard 43 yard field goal is GOOD. IRV 7 BCB 5",,,,,,,,,,,,,,,,,,,,,,,,,,,,,,,,,,,,"#10 George Oliver - QB","#63 Thomas Gardner - LT",,,,,,,,,,,,,,"#9 William Leonard - K","#74 Monte Needham - DT","#59 James Riley - LT","#69 Raymond Thomas - RT","#78 Gerald Schirmer - LG","#56 Carlos Bryant - RG","#84 Martin Jackson - LT","#53 Jonathan Fitch - RG","#57 Amos Lord - C","#56 Robert Duchesne - CB","#53 David McHaney - SLB","#50 Bruce Kwok - MLB","#78 Joseph Rodriguez - RDE","#61 Joe Gonzalez - LDE","#58 Henry Tyler - WLB","#56 Jose Shelton - MLB","#98 Jim Stucky - WLB","#73 Floyd Starnes - LDE","#48 Richard Felten - CB","#34 Steven Gerth - CB"
BCB,6:24,"BCB 35",1,6,10,Kickoff,"Kick Return",,7,5,"(6:25) 15-Mark Castellanos kicks 66 yards from BCB 35 to IRV -1. 35-Rudy Pineda to IRV 22 for 24 yards. Tackle by 43-John Ross.",,,,,,,,,,,,,,,,,,,,,,,,,,,,,,,,,,,,,,"#35 Rudy Pineda - RB",,"#57 William Page - RDE","#45 Michael Gabriel - FS","#50 Bruce Kwok - MLB","#24 Thomas Walker - SS","#34 Steven Gerth - CB","#57 Nathan McCauley - RDE","#53 David McHaney - SLB","#78 Joseph Rodriguez - RDE","#56 Jose Shelton - MLB","#73 Floyd Starnes - LDE","#15 Mark Castellanos - K",,,,,,,,,,,,,,,,,,,,
IRV,6:20,"IRV 22",1,1,10,"Shotgun 2 RB 3 WR WR Curl","Nickel Normal SS Blitz",,7,5,"1-10-IRV 22 (6:21) 18-Norman Harris pass incomplete, intended for 87-Anton Holt. BCB 75-Donald Freeland was injured on the play. He looks like he should be able to return.","#18 Norman Harris - QB","#25 Michael Stewart - WR","#22 Evan McNamara - RB",,,,,"#83 Robert Chubb - WR","#87 Anton Holt - WR","#10 Robert Pleasant - WR",,,"#62 James Rogers - RG","#72 George Medina - LG","#64 Scott Marin - C","#69 Anthony Battle - RG","#79 Eduardo Johnson - RT",,"#61 Frank Meyer - RDE",,"#74 Monte Needham - DT","#91 Richard Jones - RDE","#75 Donald Freeland - RDE",,"#51 Terry Charles - CB",,"#50 Anthony Hawkins - WLB","#49 Jorge Neff - CB","#48 Joel Matthews - CB",,"#43 John Ross - CB",,"#23 Harold Scott - CB","#22 Roy Stephenson - SS",,,,,,,,,,,,,,,,,,,,,,,,,,,,,,,,,,,,
IRV,6:18,"IRV 22",1,2,10,"Shotgun Normal Slot Drag","Nickel 3-3-5 Cover 2 Man Under",,7,5,"2-10-IRV 22 (6:19) 18-Norman Harris pass Pass knocked down by 27-Jorge Neff. incomplete, intended for 83-Robert Chubb.","#18 Norman Harris - QB","#25 Michael Stewart - WR",,,,"#84 Justin Martin - TE",,"#83 Robert Chubb - WR","#87 Anton Holt - WR","#10 Robert Pleasant - WR",,,"#62 James Rogers - RG","#72 George Medina - LG","#64 Scott Marin - C","#69 Anthony Battle - RG","#79 Eduardo Johnson - RT",,"#61 Frank Meyer - RDE",,"#79 Joseph Lawrence - DT",,"#91 Richard Jones - RDE","#99 Robert Ramos - CB","#9 Ramon Esposito - MLB",,"#50 Anthony Hawkins - WLB","#49 Jorge Neff - CB","#48 Joel Matthews - CB",,"#43 John Ross - CB",,"#23 Harold Scott - CB","#22 Roy Stephenson - SS",,,,,,,,,,,,,,,,,,,,,,,,,,,,,,,,,,,,
IRV,6:16,"IRV 22",1,3,10,"Split Backs 3 Wide Slot Post","Nickel 3-3-5 Cover 2 Man Under",,7,5,"3-10-IRV 22 (6:17) 18-Norman Harris pass Pass knocked down by 27-Jorge Neff. incomplete, intended for 83-Robert Chubb.","#18 Norman Harris - QB","#25 Michael Stewart - WR",,,"#84 Terrance Brown - FB",,,"#83 Robert Chubb - WR","#87 Anton Holt - WR","#10 Robert Pleasant - WR",,,"#62 James Rogers - RG","#72 George Medina - LG","#64 Scott Marin - C","#69 Anthony Battle - RG","#79 Eduardo Johnson - RT",,"#61 Frank Meyer - RDE",,"#79 Joseph Lawrence - DT",,"#91 Richard Jones - RDE","#99 Robert Ramos - CB","#9 Ramon Esposito - MLB",,"#50 Anthony Hawkins - WLB","#49 Jorge Neff - CB","#48 Joel Matthews - CB",,"#43 John Ross - CB",,"#23 Harold Scott - CB","#22 Roy Stephenson - SS",,,,,,,,,,,,,,,,,,,,,,,,,,,,,,,,,,,,
IRV,6:12,"IRV 22",1,4,10,Punt,"Punt Return",,7,5,"4-10-IRV 22 (6:13) 9-Todd Mattison punts 45 yards to BCB 33. Fair Catch by 48-Joel Matthews.",,,,,,,,,,,,,,,,,,"#9 Todd Mattison - P",,,,,,,,,,,,,,,,,,,"#64 Scott Marin - C",,"#48 Joel Matthews - CB",,,"#16 Andrew Walters - WR","#9 Ramon Esposito - MLB","#43 John Ross - CB",,"#49 Jorge Neff - CB","#74 Monte Needham - DT",,"#99 Robert Ramos - CB",,,,"#62 James Rogers - RG","#72 George Medina - LG","#84 Justin Martin - TE","#84 Terrance Brown - FB","#79 Eduardo Johnson - RT","#72 Kenneth Ness - LT",,"#97 Saul Kelley - DT","#61 Frank Meyer - RDE","#51 Terry Charles - CB","#69 Raymond Thomas - RT",,,,,,,
BCB,6:06,"BCB 33",1,1,10,"I Formation Normal FL Hook","Dime Flat 2 Deep Man Under",3,7,5,"1-10-BCB 33 (6:07) 10-George Oliver pass complete to 41-Javier Lee to BCB 36 for 3 yards. Tackle by 34-Steven Gerth. PENALTY - Holding (BCB 57-Amos Lord)","#10 George Oliver - QB","#89 Jerry Jamison - WR",,,"#41 Javier Lee - WR","#81 Jason Alvarez - TE",,"#16 Andrew Walters - WR",,"#80 Ralph Xiong - WR",,,"#63 Thomas Gardner - LT","#69 Raymond Thomas - RT","#57 Amos Lord - C","#78 Gerald Schirmer - LG","#53 Jonathan Fitch - RG",,"#73 Floyd Starnes - LDE",,"#57 Nathan McCauley - RDE","#55 Arthur Dempsey - DT","#78 Joseph Rodriguez - RDE",,"#50 Bruce Kwok - MLB",,,"#34 Steven Gerth - CB","#27 Joseph Lokey - CB","#23 Charlie Carrera - CB","#29 Floyd Velazquez - CB",,"#24 Thomas Walker - SS","#45 Michael Gabriel - FS",,,,,,,,,,,,,,,,,,,,,,,,,,,,,,,,,,,,
BCB,6:02,"BCB 23",1,1,20,"Shotgun 2 RB 3 WR RB Curls","Dime Normal LB Blitz",9,7,5,"1-20-BCB 23 (6:03) 10-George Oliver pass complete to 80-Ralph Xiong to BCB 33 for 9 yards. Tackle by 20-Charlie Carrera.","#10 George Oliver - QB","#39 Jeremy Sampson - RB","#48 Dale Hawkins - RB",,,,,"#16 Andrew Walters - WR","#89 Jerry Jamison - WR","#80 Ralph Xiong - WR",,,"#63 Thomas Gardner - LT","#69 Raymond Thomas - RT","#57 Amos Lord - C","#78 Gerald Schirmer - LG","#53 Jonathan Fitch - RG",,"#73 Floyd Starnes - LDE",,"#57 Nathan McCauley - RDE","#50 Bruce Kwok - MLB","#78 Joseph Rodriguez - RDE",,"#53 David McHaney - SLB",,,"#34 Steven Gerth - CB","#27 Joseph Lokey - CB","#23 Charlie Carrera - CB","#29 Floyd Velazquez - CB",,"#24 Thomas Walker - SS","#45 Michael Gabriel - FS",,,,,,,,,,,,,,,,,,,,,,,,,,,,,,,,,,,,
BCB,5:23,"BCB 33",1,2,11,"I Formation 3WR SE Post","Nickel 3-3-5 Cover 2 Man Under",4,7,5,"2-11-BCB 33 (5:22) 10-George Oliver pass complete to 39-Jeremy Sampson to BCB 36 for 4 yards. Tackle by 34-Steven Gerth.","#10 George Oliver - QB","#39 Jeremy Sampson - RB",,,"#41 Javier Lee - WR",,,"#16 Andrew Walters - WR","#89 Jerry Jamison - WR","#80 Ralph Xiong - WR",,,"#63 Thomas Gardner - LT","#69 Raymond Thomas - RT","#57 Amos Lord - C","#78 Gerald Schirmer - LG","#53 Jonathan Fitch - RG",,"#73 Floyd Starnes - LDE",,"#57 Nathan McCauley - RDE",,"#78 Joseph Rodriguez - RDE","#53 David McHaney - SLB","#50 Bruce Kwok - MLB",,"#56 Robert Duchesne - CB","#34 Steven Gerth - CB","#27 Joseph Lokey - CB",,"#29 Floyd Velazquez - CB",,"#24 Thomas Walker - SS","#45 Michael Gabriel - FS",,,,,,,,,,,,,,,,,,,,,,,,,,,,,,,,,,,,
BCB,4:46,"BCB 36",1,3,7,"Shotgun 2 RB 3 WR WR Hooks","4-3 Under Inside LB Blitz",3,7,5,"3-7-BCB 36 (4:45) 10-George Oliver pass complete to 80-Ralph Xiong to BCB 40 for 3 yards. Tackle by 27-Joseph Lokey.","#10 George Oliver - QB","#48 Dale Hawkins - RB","#41 Javier Lee - WR",,,,,"#16 Andrew Walters - WR","#89 Jerry Jamison - WR","#80 Ralph Xiong - WR",,,"#63 Thomas Gardner - LT","#69 Raymond Thomas - RT","#57 Amos Lord - C","#78 Gerald Schirmer - LG","#53 Jonathan Fitch - RG",,"#73 Floyd Starnes - LDE",,"#57 Nathan McCauley - RDE","#55 Arthur Dempsey - DT","#78 Joseph Rodriguez - RDE","#53 David McHaney - SLB","#50 Bruce Kwok - MLB",,"#56 Robert Duchesne - CB","#34 Steven Gerth - CB","#27 Joseph Lokey - CB",,,,"#24 Thomas Walker - SS","#45 Michael Gabriel - FS",,,,,,,,,,,,,,,,,,,,,,,,,,,,,,,,,,,,
BCB,4:06,"BCB 40",1,4,4,Punt,"Punt Return",,7,5,"4-4-BCB 40 (4:05) 8-Ralph Frost punts 50 yards to IRV 10. Fair Catch by 10-Robert Pleasant.",,,,,,,,,,,,,,,,,,"#8 Ralph Frost - P",,,,,,,,,,,,,,,,,,,"#63 Thomas Gardner - LT",,"#10 Robert Pleasant - WR",,,"#78 Joseph Rodriguez - RDE","#34 Steven Gerth - CB","#50 Bruce Kwok - MLB",,"#24 Thomas Walker - SS","#57 Nathan McCauley - RDE",,"#56 Jose Shelton - MLB",,,,"#59 James Riley - LT","#69 Raymond Thomas - RT","#78 Gerald Schirmer - LG","#56 Carlos Bryant - RG","#84 Martin Jackson - LT","#53 Jonathan Fitch - RG",,"#98 Jim Stucky - WLB","#53 David McHaney - SLB","#56 Robert Duchesne - CB","#73 Floyd Starnes - LDE",,,,,,,
IRV,3:57,"IRV 10",1,1,10,"Shotgun Normal HB Sweep","Nickel 3-3-5 Cover 2 Man Under",12,7,5,"1-10-IRV 10 (3:58) 43-Michael Stewart ran to IRV 22 for 12 yards. Tackle by 23-Harold Scott.","#18 Norman Harris - QB","#25 Michael Stewart - WR",,,,"#84 Justin Martin - TE",,"#83 Robert Chubb - WR","#87 Anton Holt - WR","#10 Robert Pleasant - WR",,,"#62 James Rogers - RG","#72 George Medina - LG","#64 Scott Marin - C","#69 Anthony Battle - RG","#79 Eduardo Johnson - RT",,"#61 Frank Meyer - RDE",,"#79 Joseph Lawrence - DT",,"#91 Richard Jones - RDE","#99 Robert Ramos - CB","#9 Ramon Esposito - MLB",,"#50 Anthony Hawkins - WLB","#49 Jorge Neff - CB","#48 Joel Matthews - CB",,"#43 John Ross - CB",,"#23 Harold Scott - CB","#22 Roy Stephenson - SS",,,,,,,,,,,,,,,,,,,,,,,,,,,,,,,,,,,,
IRV,3:13,"IRV 22",1,1,10,"Strong I Normal WR Post TE Out","46 Normal Strong Blitz",,7,5,"1-10-IRV 22 (3:12) 18-Norman Harris pass incomplete, intended for 87-Anton Holt. PENALTY - Offsides (BCB 74-Monte Needham)","#18 Norman Harris - QB","#25 Michael Stewart - WR",,,"#84 Justin Martin - TE","#87 Anton Holt - WR",,"#83 Robert Chubb - WR",,"#10 Robert Pleasant - WR",,,"#62 James Rogers - RG","#72 George Medina - LG","#64 Scott Marin - C","#69 Anthony Battle - RG","#79 Eduardo Johnson - RT",,"#61 Frank Meyer - RDE",,"#79 Joseph Lawrence - DT","#74 Monte Needham - DT","#91 Richard Jones - RDE","#99 Robert Ramos - CB","#9 Ramon Esposito - MLB",,"#50 Anthony Hawkins - WLB","#49 Jorge Neff - CB","#48 Joel Matthews - CB",,,,"#23 Harold Scott - CB","#22 Roy Stephenson - SS",,,,,,,,,,,,,,,,,,,,,,,,,,,,,,,,,,,,
IRV,3:08,"IRV 27",1,1,5,"I Formation Normal FL Hitch","4-3 Under Double Safety Blitz",,7,5,"1-5-IRV 27 (3:09) 18-Norman Harris pass INTERCEPTED by 50-Anthony Hawkins at IRV 34. 50-Anthony Hawkins to IRV 37 for -3 yards. Tackle by 85-Justin Martin. 99-Robert Ramos was completely beat on that play.","#18 Norman Harris - QB","#25 Michael Stewart - WR",,,"#87 Anton Holt - WR","#84 Justin Martin - TE",,"#83 Robert Chubb - WR",,"#10 Robert Pleasant - WR",,,"#62 James Rogers - RG","#72 George Medina - LG","#64 Scott Marin - C","#69 Anthony Battle - RG","#79 Eduardo Johnson - RT",,"#61 Frank Meyer - RDE",,"#79 Joseph Lawrence - DT","#74 Monte Needham - DT","#91 Richard Jones - RDE","#99 Robert Ramos - CB","#9 Ramon Esposito - MLB",,"#50 Anthony Hawkins - WLB","#49 Jorge Neff - CB","#48 Joel Matthews - CB",,,,"#23 Harold Scott - CB","#22 Roy Stephenson - SS",,,,,,,,,,,,,,,,,,,,,,,,,,,,,,,,,,,,
BCB,3:05,"IRV 37",1,1,10,"Shotgun Normal Double Outs","4-3 Under Inside LB Blitz",,7,5,"1-10-IRV 37 (3:06) 10-George Oliver pass incomplete, dropped by 16-Andrew Walters.","#10 George Oliver - QB","#39 Jeremy Sampson - RB",,,,"#81 Jason Alvarez - TE",,"#16 Andrew Walters - WR","#89 Jerry Jamison - WR","#80 Ralph Xiong - WR",,,"#63 Thomas Gardner - LT","#69 Raymond Thomas - RT","#57 Amos Lord - C","#78 Gerald Schirmer - LG","#53 Jonathan Fitch - RG",,"#73 Floyd Starnes - LDE",,"#57 Nathan McCauley - RDE","#55 Arthur Dempsey - DT","#78 Joseph Rodriguez - RDE","#53 David McHaney - SLB","#50 Bruce Kwok - MLB",,"#56 Robert Duchesne - CB","#34 Steven Gerth - CB","#27 Joseph Lokey - CB",,,,"#24 Thomas Walker - SS","#45 Michael Gabriel - FS",,,,,,,,,,,,,,,,,,,,,,,,,,,,,,,,,,,,
BCB,3:03,"IRV 37",1,2,10,"Shotgun Normal Double Outs","3-4 Normal Man Cover 1",,7,5,"2-10-IRV 37 (3:04) 10-George Oliver pass complete to 16-Andrew Walters to IRV 37 for a short gain. Tackle by 34-Steven Gerth.","#10 George Oliver - QB","#39 Jeremy Sampson - RB",,,,"#81 Jason Alvarez - TE",,"#16 Andrew Walters - WR","#89 Jerry Jamison - WR","#80 Ralph Xiong - WR",,,"#63 Thomas Gardner - LT","#69 Raymond Thomas - RT","#57 Amos Lord - C","#78 Gerald Schirmer - LG","#53 Jonathan Fitch - RG",,"#73 Floyd Starnes - LDE",,"#57 Nathan McCauley - RDE",,"#78 Joseph Rodriguez - RDE","#53 David McHaney - SLB","#50 Bruce Kwok - MLB","#56 Jose Shelton - MLB","#56 Robert Duchesne - CB","#34 Steven Gerth - CB","#27 Joseph Lokey - CB",,,,"#24 Thomas Walker - SS","#45 Michael Gabriel - FS",,,,,,,,,,,,,,,,,,,,,,,,,,,,,,,,,,,,
BCB,2:25,"IRV 37",1,3,10,"I Formation 3WR Slot Short WR Deep","3-4 Normal Man QB Spy",2,7,5,"3-10-IRV 37 (2:24) 10-George Oliver pass complete to 39-Jeremy Sampson to IRV 35 for 2 yards. Tackle by 24-Thomas Walker. 39-Jeremy Sampson made a great move on the CB.","#10 George Oliver - QB","#39 Jeremy Sampson - RB",,,"#41 Javier Lee - WR",,,"#16 Andrew Walters - WR","#89 Jerry Jamison - WR","#80 Ralph Xiong - WR",,,"#63 Thomas Gardner - LT","#69 Raymond Thomas - RT","#57 Amos Lord - C","#78 Gerald Schirmer - LG","#53 Jonathan Fitch - RG",,"#73 Floyd Starnes - LDE",,"#57 Nathan McCauley - RDE",,"#78 Joseph Rodriguez - RDE","#53 David McHaney - SLB","#50 Bruce Kwok - MLB","#56 Jose Shelton - MLB","#56 Robert Duchesne - CB","#34 Steven Gerth - CB","#27 Joseph Lokey - CB",,,,"#24 Thomas Walker - SS","#45 Michael Gabriel - FS",,,,,,,,,,,,,,,,,,,,,,,,,,,,,,,,,,,,
BCB,1:50,"IRV 35",1,4,8,"Field Goal","FG Block",46,7,8,"4-8-IRV 35 (1:49) 9-William Leonard 53 yard field goal is GOOD. IRV 7 BCB 8",,,,,,,,,,,,,,,,,,,,,,,,,,,,,,,,,,,,"#10 George Oliver - QB","#63 Thomas Gardner - LT",,,,,,,,,,,,,,"#9 William Leonard - K","#74 Monte Needham - DT","#59 James Riley - LT","#69 Raymond Thomas - RT","#78 Gerald Schirmer - LG","#56 Carlos Bryant - RG","#84 Martin Jackson - LT","#53 Jonathan Fitch - RG","#57 Amos Lord - C","#56 Robert Duchesne - CB","#53 David McHaney - SLB","#50 Bruce Kwok - MLB","#78 Joseph Rodriguez - RDE","#61 Joe Gonzalez - LDE","#58 Henry Tyler - WLB","#56 Jose Shelton - MLB","#98 Jim Stucky - WLB","#73 Floyd Starnes - LDE","#48 Richard Felten - CB","#34 Steven Gerth - CB"
BCB,1:44,"BCB 35",1,6,10,Kickoff,"Kick Return",,7,8,"(1:45) 15-Mark Castellanos kicks 75 yards from BCB 35 to IRV -10. Touchback.",,,,,,,,,,,,,,,,,,,,,,,,,,,,,,,,,,,,,,"#35 Rudy Pineda - RB",,"#57 William Page - RDE","#45 Michael Gabriel - FS","#50 Bruce Kwok - MLB","#24 Thomas Walker - SS","#34 Steven Gerth - CB","#57 Nathan McCauley - RDE","#53 David McHaney - SLB","#78 Joseph Rodriguez - RDE","#56 Jose Shelton - MLB","#73 Floyd Starnes - LDE","#15 Mark Castellanos - K",,,,,,,,,,,,,,,,,,,,
IRV,1:44,"IRV 25",1,1,10,"Weak I Normal Skinny Posts","4-3 Normal Double Safety Blitz",,7,8,"1-10-IRV 25 (1:45) 18-Norman Harris pass incomplete, intended for 85-Justin Martin.","#18 Norman Harris - QB","#25 Michael Stewart - WR",,,"#22 Evan McNamara - RB","#84 Justin Martin - TE",,"#83 Robert Chubb - WR",,"#10 Robert Pleasant - WR",,,"#62 James Rogers - RG","#72 George Medina - LG","#64 Scott Marin - C","#69 Anthony Battle - RG","#79 Eduardo Johnson - RT",,"#61 Frank Meyer - RDE",,"#79 Joseph Lawrence - DT","#74 Monte Needham - DT","#75 Donald Freeland - RDE","#99 Robert Ramos - CB","#9 Ramon Esposito - MLB",,"#50 Anthony Hawkins - WLB","#49 Jorge Neff - CB","#48 Joel Matthews - CB",,,,"#23 Harold Scott - CB","#22 Roy Stephenson - SS",,,,,,,,,,,,,,,,,,,,,,,,,,,,,,,,,,,,
IRV,1:42,"IRV 25",1,2,10,"I Formation Normal HB Blast","4-3 Normal Double Safety Blitz",1,7,8,"2-10-IRV 25 (1:43) 43-Michael Stewart ran to IRV 26 for 1 yards. Tackle by 22-Roy Stephenson. PENALTY - Holding (IRV 69-Anthony Battle)","#18 Norman Harris - QB","#25 Michael Stewart - WR",,,"#87 Anton Holt - WR","#84 Justin Martin - TE",,"#83 Robert Chubb - WR",,"#10 Robert Pleasant - WR",,,"#62 James Rogers - RG","#72 George Medina - LG","#64 Scott Marin - C","#69 Anthony Battle - RG","#79 Eduardo Johnson - RT",,"#61 Frank Meyer - RDE",,"#79 Joseph Lawrence - DT","#74 Monte Needham - DT","#75 Donald Freeland - RDE","#99 Robert Ramos - CB","#9 Ramon Esposito - MLB",,"#50 Anthony Hawkins - WLB","#49 Jorge Neff - CB","#48 Joel Matthews - CB",,,,"#23 Harold Scott - CB","#22 Roy Stephenson - SS",,,,,,,,,,,,,,,,,,,,,,,,,,,,,,,,,,,,
IRV,1:40,"IRV 15",1,2,20,"Singleback Normal TE Quick Out","Nickel Strong 2 Deep Man Under",,7,8,"2-20-IRV 15 (1:41) 18-Norman Harris pass Pass knocked down by 93-Ramon Esposito. incomplete, intended for 85-Justin Martin.","#18 Norman Harris - QB","#25 Michael Stewart - WR",,,,"#84 Justin Martin - TE",,"#83 Robert Chubb - WR","#87 Anton Holt - WR","#10 Robert Pleasant - WR",,,"#62 James Rogers - RG","#72 George Medina - LG","#64 Scott Marin - C","#69 Anthony Battle - RG","#79 Eduardo Johnson - RT",,"#61 Frank Meyer - RDE",,"#79 Joseph Lawrence - DT","#74 Monte Needham - DT","#75 Donald Freeland - RDE",,"#9 Ramon Esposito - MLB",,"#50 Anthony Hawkins - WLB","#49 Jorge Neff - CB","#48 Joel Matthews - CB",,"#43 John Ross - CB",,"#23 Harold Scott - CB","#22 Roy Stephenson - SS",,,,,,,,,,,,,,,,,,,,,,,,,,,,,,,,,,,,
IRV,1:37,"IRV 15",1,3,20,"Split Backs 3 Wide Slot Post","Nickel 3-3-5 Cover 2 Man Under",,7,8,"3-20-IRV 15 (1:38) 18-Norman Harris pass incomplete, intended for 83-Robert Chubb.","#18 Norman Harris - QB","#25 Michael Stewart - WR",,,"#84 Terrance Brown - FB",,,"#83 Robert Chubb - WR","#87 Anton Holt - WR","#10 Robert Pleasant - WR",,,"#62 James Rogers - RG","#72 George Medina - LG","#64 Scott Marin - C","#69 Anthony Battle - RG","#79 Eduardo Johnson - RT",,"#61 Frank Meyer - RDE",,"#79 Joseph Lawrence - DT",,"#75 Donald Freeland - RDE","#99 Robert Ramos - CB","#9 Ramon Esposito - MLB",,"#50 Anthony Hawkins - WLB","#49 Jorge Neff - CB","#48 Joel Matthews - CB",,"#43 John Ross - CB",,"#23 Harold Scott - CB","#22 Roy Stephenson - SS",,,,,,,,,,,,,,,,,,,,,,,,,,,,,,,,,,,,
IRV,1:34,"IRV 15",1,4,20,Punt,"Punt Return",,7,8,"4-20-IRV 15 (1:35) 9-Todd Mattison punts 52 yards to BCB 33. 39-Jeremy Sampson to BCB 42 for 9 yards. Tackle by 53-David McHaney.",,,,,,,,,,,,,,,,,,"#9 Todd Mattison - P",,,,,,,,,,,,,,,,,,,"#64 Scott Marin - C",,"#39 Jeremy Sampson - RB",,,"#43 John Ross - CB","#75 Donald Freeland - RDE","#48 Joel Matthews - CB",,"#16 Andrew Walters - WR","#49 Jorge Neff - CB",,"#74 Monte Needham - DT",,,,"#62 James Rogers - RG","#72 George Medina - LG","#84 Justin Martin - TE","#84 Terrance Brown - FB","#79 Eduardo Johnson - RT","#72 Kenneth Ness - LT",,"#97 Saul Kelley - DT","#61 Frank Meyer - RDE","#51 Terry Charles - CB","#69 Raymond Thomas - RT",,,,,,,
BCB,1:26,"BCB 42",1,1,10,"Strong I Normal HB Off Tackle Strong","Dime Normal 2 Deep Man Under",12,7,8,"1-10-BCB 42 (1:27) 89-Jerry Jamison ran to IRV 47 for 12 yards. Tackle by 24-Thomas Walker.","#10 George Oliver - QB","#89 Jerry Jamison - WR",,,"#41 Javier Lee - WR","#81 Jason Alvarez - TE",,"#16 Andrew Walters - WR",,"#80 Ralph Xiong - WR",,,"#63 Thomas Gardner - LT","#69 Raymond Thomas - RT","#57 Amos Lord - C","#78 Gerald Schirmer - LG","#53 Jonathan Fitch - RG",,"#73 Floyd Starnes - LDE",,"#57 Nathan McCauley - RDE","#55 Arthur Dempsey - DT","#78 Joseph Rodriguez - RDE",,"#50 Bruce Kwok - MLB",,,"#27 Joseph Lokey - CB","#29 Floyd Velazquez - CB","#48 Richard Felten - CB","#23 Charlie Carrera - CB",,"#24 Thomas Walker - SS","#45 Michael Gabriel - FS",,,,,,,,,,,,,,,,,,,,,,,,,,,,,,,,,,,,
BCB,0:50,"IRV 47",1,1,10,"Shotgun Normal Deep Weak In and Out","4-3 Under Crash Right",,7,8,"1-10-IRV 47 (0:49) PENALTY - False Start (BCB 10-George Oliver)","#10 George Oliver - QB","#39 Jeremy Sampson - RB",,,,"#81 Jason Alvarez - TE",,"#16 Andrew Walters - WR","#89 Jerry Jamison - WR","#80 Ralph Xiong - WR",,,"#63 Thomas Gardner - LT","#69 Raymond Thomas - RT","#57 Amos Lord - C","#78 Gerald Schirmer - LG","#53 Jonathan Fitch - RG",,"#73 Floyd Starnes - LDE",,"#57 Nathan McCauley - RDE","#55 Arthur Dempsey - DT","#78 Joseph Rodriguez - RDE","#53 David McHaney - SLB","#50 Bruce Kwok - MLB",,"#56 Robert Duchesne - CB","#34 Steven Gerth - CB","#27 Joseph Lokey - CB",,,,"#24 Thomas Walker - SS","#45 Michael Gabriel - FS",,,,,,,,,,,,,,,,,,,,,,,,,,,,,,,,,,,,
BCB,0:48,"BCB 48",1,1,15,"I Formation Power HB Strong Outside","Goal Line Attack #3",-2,7,8,"1-15-BCB 48 (0:49) 89-Jerry Jamison ran to BCB 46 for -2 yards. Tackle by 70-Joseph Rodriguez.","#10 George Oliver - QB","#89 Jerry Jamison - WR",,"#39 Jeremy Sampson - RB","#41 Javier Lee - WR","#81 Jason Alvarez - TE",,"#16 Andrew Walters - WR",,,,,"#63 Thomas Gardner - LT","#69 Raymond Thomas - RT","#57 Amos Lord - C","#78 Gerald Schirmer - LG","#53 Jonathan Fitch - RG",,"#73 Floyd Starnes - LDE","#61 Joe Gonzalez - LDE","#57 Nathan McCauley - RDE","#55 Arthur Dempsey - DT","#78 Joseph Rodriguez - RDE","#53 David McHaney - SLB","#50 Bruce Kwok - MLB",,"#56 Robert Duchesne - CB","#34 Steven Gerth - CB","#27 Joseph Lokey - CB",,,,"#24 Thomas Walker - SS",,,,,,,,,,,,,,,,,,,,,,,,,,,,,,,,,,,,,
BCB,0:09,"BCB 46",1,2,17,"I Formation 3WR Slot Short WR Deep","3-4 Normal Man QB Spy",6,7,8,"2-17-BCB 46 (0:08) 10-George Oliver pass complete to 89-Jerry Jamison to IRV 48 for 6 yards. Tackle by 45-Michael Gabriel. 45-Michael Gabriel got away with a hold on that play.","#10 George Oliver - QB","#39 Jeremy Sampson - RB",,,"#41 Javier Lee - WR",,,"#16 Andrew Walters - WR","#89 Jerry Jamison - WR","#80 Ralph Xiong - WR",,,"#63 Thomas Gardner - LT","#69 Raymond Thomas - RT","#57 Amos Lord - C","#78 Gerald Schirmer - LG","#53 Jonathan Fitch - RG",,"#73 Floyd Starnes - LDE",,"#57 Nathan McCauley - RDE",,"#78 Joseph Rodriguez - RDE","#53 David McHaney - SLB","#50 Bruce Kwok - MLB","#56 Jose Shelton - MLB","#56 Robert Duchesne - CB","#34 Steven Gerth - CB","#27 Joseph Lokey - CB",,,,"#24 Thomas Walker - SS","#45 Michael Gabriel - FS",,,,,,,,,,,,,,,,,,,,,,,,,,,,,,,,,,,,
,0:00,,1,3,11,,,,7,8,"End of first quarter.",,,,,,,,,,,,,,,,,,,,,,,,,,,,,,,,,,,,,,,,,,,,,,,,,,,,,,,,,,,,,,,,,,,,,,
BCB,15:00,"IRV 48",2,3,11,"I Formation 3WR SE Post","Dime Normal Double WR1",,7,8,"3-11-IRV 48 (15:00) 10-George Oliver pass Pass knocked down by 27-Joseph Lokey. incomplete, intended for 80-Ralph Xiong. PENALTY - Pass Interference (IRV 27-Joseph Lokey)","#10 George Oliver - QB","#39 Jeremy Sampson - RB",,,"#41 Javier Lee - WR",,,"#16 Andrew Walters - WR","#89 Jerry Jamison - WR","#80 Ralph Xiong - WR",,,"#63 Thomas Gardner - LT","#69 Raymond Thomas - RT","#57 Amos Lord - C","#78 Gerald Schirmer - LG","#53 Jonathan Fitch - RG",,"#73 Floyd Starnes - LDE",,"#57 Nathan McCauley - RDE","#50 Bruce Kwok - MLB","#78 Joseph Rodriguez - RDE",,"#53 David McHaney - SLB",,,"#34 Steven Gerth - CB","#27 Joseph Lokey - CB","#23 Charlie Carrera - CB","#29 Floyd Velazquez - CB",,"#24 Thomas Walker - SS","#45 Michael Gabriel - FS",,,,,,,,,,,,,,,,,,,,,,,,,,,,,,,,,,,,
BCB,14:56,"IRV 39",2,1,10,"Goal Line Normal HB Off Tackle","Goal Line Attack #1",1,7,8,"1-10-IRV 39 (14:57) 89-Jerry Jamison ran to IRV 38 for 1 yards. Tackle by 61-Joe Gonzalez.","#10 George Oliver - QB","#89 Jerry Jamison - WR",,"#48 Dale Hawkins - RB","#39 Jeremy Sampson - RB","#81 Jason Alvarez - TE","#41 Javier Lee - WR",,,,,,"#63 Thomas Gardner - LT","#69 Raymond Thomas - RT","#57 Amos Lord - C","#78 Gerald Schirmer - LG","#53 Jonathan Fitch - RG",,"#73 Floyd Starnes - LDE","#61 Joe Gonzalez - LDE","#57 Nathan McCauley - RDE","#55 Arthur Dempsey - DT","#78 Joseph Rodriguez - RDE","#53 David McHaney - SLB","#50 Bruce Kwok - MLB",,"#56 Robert Duchesne - CB","#34 Steven Gerth - CB","#27 Joseph Lokey - CB",,,,"#24 Thomas Walker - SS",,,,,,,,,,,,,,,,,,,,,,,,,,,,,,,,,,,,,
BCB,14:17,"IRV 38",2,2,9,"I Formation Power HB Dive Weak","Goal Line Attack #3",1,7,8,"2-9-IRV 38 (14:16) 89-Jerry Jamison ran to IRV 37 for 1 yards. Tackle by 57-Nathan McCauley.","#10 George Oliver - QB","#89 Jerry Jamison - WR",,"#39 Jeremy Sampson - RB","#41 Javier Lee - WR","#81 Jason Alvarez - TE",,"#16 Andrew Walters - WR",,,,,"#63 Thomas Gardner - LT","#69 Raymond Thomas - RT","#57 Amos Lord - C","#78 Gerald Schirmer - LG","#53 Jonathan Fitch - RG",,"#73 Floyd Starnes - LDE","#61 Joe Gonzalez - LDE","#57 Nathan McCauley - RDE","#55 Arthur Dempsey - DT","#78 Joseph Rodriguez - RDE","#53 David McHaney - SLB","#50 Bruce Kwok - MLB",,"#56 Robert Duchesne - CB","#34 Steven Gerth - CB","#27 Joseph Lokey - CB",,,,"#24 Thomas Walker - SS",,,,,,,,,,,,,,,,,,,,,,,,,,,,,,,,,,,,,
BCB,13:40,"IRV 37",2,3,8,"I Formation 3WR HB Toss Strong","4-3 Under Crash Right",-4,7,8,"3-8-IRV 37 (13:39) 39-Jeremy Sampson ran to IRV 41 for -4 yards. Tackle by 73-Floyd Starnes.","#10 George Oliver - QB","#39 Jeremy Sampson - RB",,,"#41 Javier Lee - WR",,,"#16 Andrew Walters - WR","#89 Jerry Jamison - WR","#80 Ralph Xiong - WR",,,"#63 Thomas Gardner - LT","#69 Raymond Thomas - RT","#57 Amos Lord - C","#78 Gerald Schirmer - LG","#53 Jonathan Fitch - RG",,"#73 Floyd Starnes - LDE",,"#57 Nathan McCauley - RDE","#55 Arthur Dempsey - DT","#78 Joseph Rodriguez - RDE","#53 David McHaney - SLB","#50 Bruce Kwok - MLB",,"#56 Robert Duchesne - CB","#34 Steven Gerth - CB","#27 Joseph Lokey - CB",,,,"#24 Thomas Walker - SS","#45 Michael Gabriel - FS",,,,,,,,,,,,,,,,,,,,,,,,,,,,,,,,,,,,
BCB,12:57,"IRV 41",2,4,12,"Field Goal","FG Block",52,7,8,"4-12-IRV 41 (12:56) 9-William Leonard 59 yard field goal is NO GOOD. (Short)",,,,,,,,,,,,,,,,,,,,,,,,,,,,,,,,,,,,"#10 George Oliver - QB","#63 Thomas Gardner - LT",,,,,,,,,,,,,,"#9 William Leonard - K","#74 Monte Needham - DT","#59 James Riley - LT","#69 Raymond Thomas - RT","#78 Gerald Schirmer - LG","#56 Carlos Bryant - RG","#84 Martin Jackson - LT","#53 Jonathan Fitch - RG","#57 Amos Lord - C","#56 Robert Duchesne - CB","#53 David McHaney - SLB","#50 Bruce Kwok - MLB","#78 Joseph Rodriguez - RDE","#61 Joe Gonzalez - LDE","#58 Henry Tyler - WLB","#56 Jose Shelton - MLB","#98 Jim Stucky - WLB","#73 Floyd Starnes - LDE","#48 Richard Felten - CB","#34 Steven Gerth - CB"
IRV,12:51,"IRV 48",2,1,10,"Strong I Normal HB Dive Strong","46 Normal Inside Blitz",2,7,8,"1-10-IRV 48 (12:52) 43-Michael Stewart ran to BCB 50 for 2 yards. Tackle by 74-Monte Needham. IRV 87-Anton Holt was injured on the play. He looks like he should be able to return.","#18 Norman Harris - QB","#25 Michael Stewart - WR",,,"#84 Justin Martin - TE","#87 Anton Holt - WR",,"#83 Robert Chubb - WR",,"#10 Robert Pleasant - WR",,,"#62 James Rogers - RG","#72 George Medina - LG","#64 Scott Marin - C","#69 Anthony Battle - RG","#79 Eduardo Johnson - RT",,"#61 Frank Meyer - RDE",,"#79 Joseph Lawrence - DT","#74 Monte Needham - DT","#75 Donald Freeland - RDE","#99 Robert Ramos - CB","#9 Ramon Esposito - MLB",,"#50 Anthony Hawkins - WLB","#49 Jorge Neff - CB","#48 Joel Matthews - CB",,,,"#23 Harold Scott - CB","#22 Roy Stephenson - SS",,,,,,,,,,,,,,,,,,,,,,,,,,,,,,,,,,,,
IRV,12:10,"BCB 50",2,2,8,"Singleback Normal HB Dive Weak","Nickel Normal Man Zone",2,7,8,"2-8-BCB 50 (12:09) 43-Michael Stewart ran to BCB 48 for 2 yards. Tackle by 74-Monte Needham.","#18 Norman Harris - QB","#25 Michael Stewart - WR",,,,"#84 Justin Martin - TE",,"#83 Robert Chubb - WR","#13 Melvin Rhoden - WR","#10 Robert Pleasant - WR",,,"#62 James Rogers - RG","#72 George Medina - LG","#64 Scott Marin - C","#69 Anthony Battle - RG","#79 Eduardo Johnson - RT",,"#61 Frank Meyer - RDE",,"#79 Joseph Lawrence - DT","#74 Monte Needham - DT","#75 Donald Freeland - RDE",,"#9 Ramon Esposito - MLB",,"#50 Anthony Hawkins - WLB","#49 Jorge Neff - CB","#48 Joel Matthews - CB",,"#43 John Ross - CB",,"#23 Harold Scott - CB","#22 Roy Stephenson - SS",,,,,,,,,,,,,,,,,,,,,,,,,,,,,,,,,,,,
IRV,11:29,"BCB 48",2,3,6,"I Formation Normal FL Hook","4-3 Under 2 Deep Flat Outside",7,7,8,"3-6-BCB 48 (11:28) 18-Norman Harris pass complete to 83-Robert Chubb to BCB 41 for 7 yards. Tackle by 99-Robert Ramos. IRV 83-Robert Chubb was injured on the play. He looks like he should be able to return.","#18 Norman Harris - QB","#25 Michael Stewart - WR",,,"#84 Terrance Brown - FB","#84 Justin Martin - TE",,"#83 Robert Chubb - WR",,"#10 Robert Pleasant - WR",,,"#62 James Rogers - RG","#72 George Medina - LG","#64 Scott Marin - C","#69 Anthony Battle - RG","#79 Eduardo Johnson - RT",,"#61 Frank Meyer - RDE",,"#79 Joseph Lawrence - DT","#74 Monte Needham - DT","#75 Donald Freeland - RDE","#99 Robert Ramos - CB","#9 Ramon Esposito - MLB",,"#50 Anthony Hawkins - WLB","#49 Jorge Neff - CB","#48 Joel Matthews - CB",,,,"#23 Harold Scott - CB","#22 Roy Stephenson - SS",,,,,,,,,,,,,,,,,,,,,,,,,,,,,,,,,,,,
IRV,10:50,"BCB 41",2,1,10,"Shotgun Normal HB Sweep","Nickel Strong Man Strong Zone Weak",6,7,8,"1-10-BCB 41 (10:49) 43-Michael Stewart ran to BCB 35 for 6 yards. Tackle by 22-Roy Stephenson.","#18 Norman Harris - QB","#25 Michael Stewart - WR",,,,"#84 Justin Martin - TE",,"#10 Robert Pleasant - WR","#86 Vernon Lewis - WR","#13 Melvin Rhoden - WR",,,"#62 James Rogers - RG","#72 George Medina - LG","#64 Scott Marin - C","#69 Anthony Battle - RG","#79 Eduardo Johnson - RT",,"#61 Frank Meyer - RDE",,"#79 Joseph Lawrence - DT","#74 Monte Needham - DT","#75 Donald Freeland - RDE",,"#9 Ramon Esposito - MLB",,"#50 Anthony Hawkins - WLB","#49 Jorge Neff - CB","#48 Joel Matthews - CB",,"#43 John Ross - CB",,"#23 Harold Scott - CB","#22 Roy Stephenson - SS",,,,,,,,,,,,,,,,,,,,,,,,,,,,,,,,,,,,
IRV,10:08,"BCB 35",2,2,4,"Shotgun Normal HB Sweep","Nickel Strong Man Strong Zone Weak",2,7,8,"2-4-BCB 35 (10:07) 22-Evan McNamara ran to BCB 32 for 2 yards. Tackle by 50-Anthony Hawkins.","#18 Norman Harris - QB","#22 Evan McNamara - RB",,,,"#84 Justin Martin - TE",,"#10 Robert Pleasant - WR","#86 Vernon Lewis - WR","#13 Melvin Rhoden - WR",,,"#62 James Rogers - RG","#72 George Medina - LG","#64 Scott Marin - C","#69 Anthony Battle - RG","#79 Eduardo Johnson - RT",,"#61 Frank Meyer - RDE",,"#79 Joseph Lawrence - DT","#74 Monte Needham - DT","#75 Donald Freeland - RDE",,"#9 Ramon Esposito - MLB",,"#50 Anthony Hawkins - WLB","#49 Jorge Neff - CB","#48 Joel Matthews - CB",,"#43 John Ross - CB",,"#23 Harold Scott - CB","#22 Roy Stephenson - SS",,,,,,,,,,,,,,,,,,,,,,,,,,,,,,,,,,,,
IRV,9:35,"BCB 32",2,3,2,"I Formation Normal FL Hook","4-3 Normal Double Safety Blitz",-6,7,8,"3-2-BCB 32 (9:34) 18-Norman Harris sacked at BCB 39 for -6 yards (79-Joseph Lawrence). Sack allowed by 69-Anthony Battle.","#18 Norman Harris - QB","#25 Michael Stewart - WR",,,"#84 Terrance Brown - FB","#84 Justin Martin - TE",,"#10 Robert Pleasant - WR",,"#13 Melvin Rhoden - WR",,,"#62 James Rogers - RG","#72 George Medina - LG","#64 Scott Marin - C","#69 Anthony Battle - RG","#79 Eduardo Johnson - RT",,"#61 Frank Meyer - RDE",,"#79 Joseph Lawrence - DT","#74 Monte Needham - DT","#75 Donald Freeland - RDE","#99 Robert Ramos - CB","#9 Ramon Esposito - MLB",,"#50 Anthony Hawkins - WLB","#49 Jorge Neff - CB","#48 Joel Matthews - CB",,,,"#23 Harold Scott - CB","#22 Roy Stephenson - SS",,,,,,,,,,,,,,,,,,,,,,,,,,,,,,,,,,,,
IRV,8:53,"BCB 39",2,4,8,"Field Goal","FG Block",49,7,8,"4-8-BCB 39 (8:52) 12-Charles Berry 57 yard field goal is NO GOOD. (Wide Left) PENALTY - Holding (IRV 62-James Rogers) (Declined)",,,,,,,,,,,,,,,,,,,,,,,,,,,,,,,,,,,,"#9 Todd Mattison - P","#64 Scott Marin - C",,,,,,,,,,,,,,"#12 Charles Berry - K","#66 Joe Warner - C","#62 James Rogers - RG","#72 George Medina - LG","#84 Justin Martin - TE","#84 Terrance Brown - FB","#79 Eduardo Johnson - RT","#72 Kenneth Ness - LT","#31 Mark Savage - LG","#97 Saul Kelley - DT","#61 Frank Meyer - RDE","#51 Terry Charles - CB","#69 Raymond Thomas - RT","#95 Robert Jowers - WLB","#63 Thomas Gardner - LT","#94 Benny Sayre - LDE","#91 Richard Jones - RDE","#74 Monte Needham - DT","#75 Donald Freeland - RDE","#50 Anthony Hawkins - WLB"
BCB,8:47,"BCB 46",2,1,10,"I Formation 3WR HB Inside Weak","4-3 Under Crash Right",-1,7,8,"1-10-BCB 46 (8:48) 39-Jeremy Sampson ran to BCB 44 for -1 yards. Tackle by 92-Robert Duchesne.","#10 George Oliver - QB","#39 Jeremy Sampson - RB",,,"#41 Javier Lee - WR",,,"#16 Andrew Walters - WR","#89 Jerry Jamison - WR","#80 Ralph Xiong - WR",,,"#63 Thomas Gardner - LT","#69 Raymond Thomas - RT","#57 Amos Lord - C","#78 Gerald Schirmer - LG","#53 Jonathan Fitch - RG",,"#73 Floyd Starnes - LDE",,"#57 Nathan McCauley - RDE","#55 Arthur Dempsey - DT","#78 Joseph Rodriguez - RDE","#53 David McHaney - SLB","#50 Bruce Kwok - MLB",,"#56 Robert Duchesne - CB","#34 Steven Gerth - CB","#27 Joseph Lokey - CB",,,,"#24 Thomas Walker - SS","#45 Michael Gabriel - FS",,,,,,,,,,,,,,,,,,,,,,,,,,,,,,,,,,,,
BCB,8:16,"BCB 44",2,2,11,"Shotgun Normal HB Delay","Nickel 3-3-5 Cover 2 Man Under",-2,7,8,"2-11-BCB 44 (8:15) 39-Jeremy Sampson ran to BCB 42 for -2 yards. Tackle by 70-Joseph Rodriguez.","#10 George Oliver - QB","#39 Jeremy Sampson - RB",,,,"#81 Jason Alvarez - TE",,"#16 Andrew Walters - WR","#89 Jerry Jamison - WR","#80 Ralph Xiong - WR",,,"#63 Thomas Gardner - LT","#69 Raymond Thomas - RT","#57 Amos Lord - C","#78 Gerald Schirmer - LG","#53 Jonathan Fitch - RG",,"#73 Floyd Starnes - LDE",,"#57 Nathan McCauley - RDE",,"#78 Joseph Rodriguez - RDE","#53 David McHaney - SLB","#50 Bruce Kwok - MLB",,"#56 Robert Duchesne - CB","#34 Steven Gerth - CB","#27 Joseph Lokey - CB",,"#29 Floyd Velazquez - CB",,"#24 Thomas Walker - SS","#45 Michael Gabriel - FS",,,,,,,,,,,,,,,,,,,,,,,,,,,,,,,,,,,,
BCB,7:31,"BCB 42",2,3,13,"I Formation 3WR Slot Short WR Deep","46 Heavy 2 Deep Man Under",,7,8,"3-13-BCB 42 (7:30) 10-George Oliver pass Pass knocked down by 50-Bruce Kwok. incomplete, intended for 89-Jerry Jamison.","#10 George Oliver - QB","#39 Jeremy Sampson - RB",,,"#41 Javier Lee - WR",,,"#16 Andrew Walters - WR","#89 Jerry Jamison - WR","#80 Ralph Xiong - WR",,,"#63 Thomas Gardner - LT","#69 Raymond Thomas - RT","#57 Amos Lord - C","#78 Gerald Schirmer - LG","#53 Jonathan Fitch - RG",,"#73 Floyd Starnes - LDE",,"#57 Nathan McCauley - RDE","#55 Arthur Dempsey - DT","#78 Joseph Rodriguez - RDE","#53 David McHaney - SLB","#50 Bruce Kwok - MLB",,"#56 Robert Duchesne - CB","#34 Steven Gerth - CB","#27 Joseph Lokey - CB",,,,"#24 Thomas Walker - SS","#45 Michael Gabriel - FS",,,,,,,,,,,,,,,,,,,,,,,,,,,,,,,,,,,,
BCB,7:26,"BCB 42",2,4,13,Punt,"Punt Return",,7,8,"4-13-BCB 42 (7:27) 8-Ralph Frost punts 44 yards to IRV 14. Fair Catch by 10-Robert Pleasant.",,,,,,,,,,,,,,,,,,"#8 Ralph Frost - P",,,,,,,,,,,,,,,,,,,"#63 Thomas Gardner - LT",,"#10 Robert Pleasant - WR",,,"#78 Joseph Rodriguez - RDE","#57 Nathan McCauley - RDE","#34 Steven Gerth - CB",,"#73 Floyd Starnes - LDE","#24 Thomas Walker - SS",,"#45 Michael Gabriel - FS",,,,"#59 James Riley - LT","#69 Raymond Thomas - RT","#78 Gerald Schirmer - LG","#56 Carlos Bryant - RG","#84 Martin Jackson - LT","#53 Jonathan Fitch - RG",,"#98 Jim Stucky - WLB","#53 David McHaney - SLB","#50 Bruce Kwok - MLB","#56 Robert Duchesne - CB",,,,,,,
IRV,7:19,"IRV 14",2,1,10,"Shotgun Normal Slot Drag","Nickel 3-3-5 Cover 2 Man Under",,7,8,"1-10-IRV 14 (7:20) 18-Norman Harris pass incomplete, dropped by 86-Vernon Lewis.","#18 Norman Harris - QB","#25 Michael Stewart - WR",,,,"#84 Justin Martin - TE",,"#10 Robert Pleasant - WR","#86 Vernon Lewis - WR","#13 Melvin Rhoden - WR",,,"#62 James Rogers - RG","#72 George Medina - LG","#64 Scott Marin - C","#69 Anthony Battle - RG","#79 Eduardo Johnson - RT",,"#61 Frank Meyer - RDE",,"#79 Joseph Lawrence - DT",,"#75 Donald Freeland - RDE","#99 Robert Ramos - CB","#9 Ramon Esposito - MLB",,"#50 Anthony Hawkins - WLB","#49 Jorge Neff - CB","#48 Joel Matthews - CB",,"#43 John Ross - CB",,"#23 Harold Scott - CB","#22 Roy Stephenson - SS",,,,,,,,,,,,,,,,,,,,,,,,,,,,,,,,,,,,
IRV,7:17,"IRV 14",2,2,10,"Singleback Normal HB Dive Weak","Nickel 3-3-5 Cover 2 Man Under",13,7,8,"2-10-IRV 14 (7:18) 43-Michael Stewart ran to IRV 27 for 13 yards. Tackle by 23-Harold Scott.","#18 Norman Harris - QB","#25 Michael Stewart - WR",,,,"#84 Justin Martin - TE",,"#10 Robert Pleasant - WR","#86 Vernon Lewis - WR","#13 Melvin Rhoden - WR",,,"#62 James Rogers - RG","#72 George Medina - LG","#64 Scott Marin - C","#69 Anthony Battle - RG","#79 Eduardo Johnson - RT",,"#61 Frank Meyer - RDE",,"#79 Joseph Lawrence - DT",,"#75 Donald Freeland - RDE","#99 Robert Ramos - CB","#9 Ramon Esposito - MLB",,"#50 Anthony Hawkins - WLB","#49 Jorge Neff - CB","#48 Joel Matthews - CB",,"#43 John Ross - CB",,"#23 Harold Scott - CB","#22 Roy Stephenson - SS",,,,,,,,,,,,,,,,,,,,,,,,,,,,,,,,,,,,
IRV,6:38,"IRV 27",2,1,10,"I Formation Normal Cross In","4-3 Normal Double Safety Blitz",,7,8,"1-10-IRV 27 (6:37) 18-Norman Harris pass INTERCEPTED by 50-Anthony Hawkins at IRV 29. 50-Anthony Hawkins to IRV 27 for 2 yards. Tackle by 72-George Medina.","#18 Norman Harris - QB","#25 Michael Stewart - WR",,,"#84 Terrance Brown - FB","#84 Justin Martin - TE",,"#10 Robert Pleasant - WR",,"#13 Melvin Rhoden - WR",,,"#62 James Rogers - RG","#72 George Medina - LG","#64 Scott Marin - C","#69 Anthony Battle - RG","#79 Eduardo Johnson - RT",,"#61 Frank Meyer - RDE",,"#79 Joseph Lawrence - DT","#74 Monte Needham - DT","#75 Donald Freeland - RDE","#99 Robert Ramos - CB","#9 Ramon Esposito - MLB",,"#50 Anthony Hawkins - WLB","#49 Jorge Neff - CB","#48 Joel Matthews - CB",,,,"#23 Harold Scott - CB","#22 Roy Stephenson - SS",,,,,,,,,,,,,,,,,,,,,,,,,,,,,,,,,,,,
BCB,6:33,"IRV 27",2,1,10,"I Formation 3WR Slot Short WR Deep","46 Heavy 2 Deep Man Under",,7,8,"1-10-IRV 27 (6:34) 10-George Oliver pass Pass knocked down by 50-Bruce Kwok. incomplete, intended for 89-Jerry Jamison.","#10 George Oliver - QB","#39 Jeremy Sampson - RB",,,"#41 Javier Lee - WR",,,"#16 Andrew Walters - WR","#89 Jerry Jamison - WR","#80 Ralph Xiong - WR",,,"#63 Thomas Gardner - LT","#69 Raymond Thomas - RT","#57 Amos Lord - C","#78 Gerald Schirmer - LG","#53 Jonathan Fitch - RG",,"#73 Floyd Starnes - LDE",,"#57 Nathan McCauley - RDE","#55 Arthur Dempsey - DT","#78 Joseph Rodriguez - RDE","#53 David McHaney - SLB","#50 Bruce Kwok - MLB",,"#56 Robert Duchesne - CB","#34 Steven Gerth - CB","#27 Joseph Lokey - CB",,,,"#24 Thomas Walker - SS","#45 Michael Gabriel - FS",,,,,,,,,,,,,,,,,,,,,,,,,,,,,,,,,,,,
BCB,6:30,"IRV 27",2,2,10,"I Formation Normal PA Streaks","46 Heavy WLB Blitz",,7,8,"2-10-IRV 27 (6:31) 10-George Oliver pass INTERCEPTED by 53-David McHaney at IRV 15. 53-David McHaney to IRV 24 for 9 yards. Tackle by 10-George Oliver.","#10 George Oliver - QB","#89 Jerry Jamison - WR",,,"#41 Javier Lee - WR","#81 Jason Alvarez - TE",,"#16 Andrew Walters - WR",,"#80 Ralph Xiong - WR",,,"#63 Thomas Gardner - LT","#69 Raymond Thomas - RT","#57 Amos Lord - C","#78 Gerald Schirmer - LG","#53 Jonathan Fitch - RG",,"#73 Floyd Starnes - LDE",,"#57 Nathan McCauley - RDE","#55 Arthur Dempsey - DT","#78 Joseph Rodriguez - RDE","#53 David McHaney - SLB","#50 Bruce Kwok - MLB",,"#56 Robert Duchesne - CB","#34 Steven Gerth - CB","#27 Joseph Lokey - CB",,,,"#24 Thomas Walker - SS","#45 Michael Gabriel - FS",,,,,,,,,,,,,,,,,,,,,,,,,,,,,,,,,,,,
IRV,6:22,"IRV 24",2,1,10,"Shotgun Normal HB Sweep","Nickel Normal SS Blitz",5,7,8,"1-10-IRV 24 (6:23) 43-Michael Stewart ran to IRV 29 for 5 yards. Tackle by 23-Harold Scott.","#18 Norman Harris - QB","#25 Michael Stewart - WR",,,,"#84 Justin Martin - TE",,"#83 Robert Chubb - WR","#87 Anton Holt - WR","#10 Robert Pleasant - WR",,,"#62 James Rogers - RG","#72 George Medina - LG","#64 Scott Marin - C","#69 Anthony Battle - RG","#79 Eduardo Johnson - RT",,"#61 Frank Meyer - RDE",,"#79 Joseph Lawrence - DT","#74 Monte Needham - DT","#75 Donald Freeland - RDE",,"#9 Ramon Esposito - MLB",,"#50 Anthony Hawkins - WLB","#49 Jorge Neff - CB","#48 Joel Matthews - CB",,"#43 John Ross - CB",,"#23 Harold Scott - CB","#22 Roy Stephenson - SS",,,,,,,,,,,,,,,,,,,,,,,,,,,,,,,,,,,,
IRV,5:45,"IRV 29",2,2,5,"I Formation Normal HB Dive","46 Normal Strong Blitz",,7,8,"2-5-IRV 29 (5:44) PENALTY - False Start (IRV 18-Norman Harris)","#18 Norman Harris - QB","#25 Michael Stewart - WR",,,"#87 Anton Holt - WR","#84 Justin Martin - TE",,"#83 Robert Chubb - WR",,"#10 Robert Pleasant - WR",,,"#62 James Rogers - RG","#72 George Medina - LG","#64 Scott Marin - C","#69 Anthony Battle - RG","#79 Eduardo Johnson - RT",,"#61 Frank Meyer - RDE",,"#79 Joseph Lawrence - DT","#74 Monte Needham - DT","#75 Donald Freeland - RDE","#99 Robert Ramos - CB","#9 Ramon Esposito - MLB",,"#50 Anthony Hawkins - WLB","#49 Jorge Neff - CB","#48 Joel Matthews - CB",,,,"#23 Harold Scott - CB","#22 Roy Stephenson - SS",,,,,,,,,,,,,,,,,,,,,,,,,,,,,,,,,,,,
IRV,5:43,"IRV 24",2,2,10,"Singleback Normal WR Post","Nickel Strong 2 Deep Man Under",,7,8,"2-10-IRV 24 (5:44) 18-Norman Harris pass incomplete, intended for 43-Michael Stewart. He kind of lost control of that pass.","#18 Norman Harris - QB","#25 Michael Stewart - WR",,,,"#84 Justin Martin - TE",,"#83 Robert Chubb - WR","#87 Anton Holt - WR","#10 Robert Pleasant - WR",,,"#62 James Rogers - RG","#72 George Medina - LG","#64 Scott Marin - C","#69 Anthony Battle - RG","#79 Eduardo Johnson - RT",,"#61 Frank Meyer - RDE",,"#79 Joseph Lawrence - DT","#74 Monte Needham - DT","#75 Donald Freeland - RDE",,"#9 Ramon Esposito - MLB",,"#50 Anthony Hawkins - WLB","#49 Jorge Neff - CB","#48 Joel Matthews - CB",,"#43 John Ross - CB",,"#23 Harold Scott - CB","#22 Roy Stephenson - SS",,,,,,,,,,,,,,,,,,,,,,,,,,,,,,,,,,,,
IRV,5:41,"IRV 24",2,3,10,"Split Backs 3 Wide Slot Post","Nickel Normal Man Zone",9,7,8,"3-10-IRV 24 (5:42) 18-Norman Harris pass complete to 87-Anton Holt to IRV 34 for 9 yards. Tackle by 93-Ramon Esposito.","#18 Norman Harris - QB","#25 Michael Stewart - WR",,,"#84 Terrance Brown - FB",,,"#83 Robert Chubb - WR","#87 Anton Holt - WR","#10 Robert Pleasant - WR",,,"#62 James Rogers - RG","#72 George Medina - LG","#64 Scott Marin - C","#69 Anthony Battle - RG","#79 Eduardo Johnson - RT",,"#61 Frank Meyer - RDE",,"#79 Joseph Lawrence - DT","#74 Monte Needham - DT","#75 Donald Freeland - RDE",,"#9 Ramon Esposito - MLB",,"#50 Anthony Hawkins - WLB","#49 Jorge Neff - CB","#48 Joel Matthews - CB",,"#43 John Ross - CB",,"#23 Harold Scott - CB","#22 Roy Stephenson - SS",,,,,,,,,,,,,,,,,,,,,,,,,,,,,,,,,,,,
IRV,5:00,"IRV 34",2,4,1,Punt,"Punt Return",,7,8,"4-1-IRV 34 (4:59) 9-Todd Mattison punts 48 yards to BCB 18. Fair Catch by 48-Joel Matthews.",,,,,,,,,,,,,,,,,,"#9 Todd Mattison - P",,,,,,,,,,,,,,,,,,,"#64 Scott Marin - C",,"#48 Joel Matthews - CB",,,"#16 Andrew Walters - WR","#99 Robert Ramos - CB","#43 John Ross - CB",,"#49 Jorge Neff - CB","#74 Monte Needham - DT",,"#75 Donald Freeland - RDE",,,,"#62 James Rogers - RG","#72 George Medina - LG","#84 Justin Martin - TE","#84 Terrance Brown - FB","#79 Eduardo Johnson - RT","#72 Kenneth Ness - LT",,"#97 Saul Kelley - DT","#61 Frank Meyer - RDE","#51 Terry Charles - CB","#69 Raymond Thomas - RT",,,,,,,
BCB,4:52,"BCB 18",2,1,10,"Shotgun 2 RB 3 WR WR Curl","46 Heavy WLB Blitz",-2,7,8,"1-10-BCB 18 (4:53) 10-George Oliver pass complete to 39-Jeremy Sampson to BCB 17 for -2 yards. Tackle by 27-Joseph Lokey.","#10 George Oliver - QB","#39 Jeremy Sampson - RB","#48 Dale Hawkins - RB",,,,,"#16 Andrew Walters - WR","#89 Jerry Jamison - WR","#80 Ralph Xiong - WR",,,"#63 Thomas Gardner - LT","#69 Raymond Thomas - RT","#57 Amos Lord - C","#78 Gerald Schirmer - LG","#53 Jonathan Fitch - RG",,"#73 Floyd Starnes - LDE",,"#57 Nathan McCauley - RDE","#55 Arthur Dempsey - DT","#78 Joseph Rodriguez - RDE","#53 David McHaney - SLB","#50 Bruce Kwok - MLB",,"#56 Robert Duchesne - CB","#27 Joseph Lokey - CB","#29 Floyd Velazquez - CB",,,,"#24 Thomas Walker - SS","#45 Michael Gabriel - FS",,,,,,,,,,,,,,,,,,,,,,,,,,,,,,,,,,,,
BCB,4:14,"BCB 17",2,2,12,"I Formation Power HB Strong Outside","Goal Line Attack #1",3,7,8,"2-12-BCB 17 (4:13) 89-Jerry Jamison ran to BCB 20 for 3 yards. Tackle by 50-Bruce Kwok.","#10 George Oliver - QB","#89 Jerry Jamison - WR",,"#39 Jeremy Sampson - RB","#41 Javier Lee - WR","#81 Jason Alvarez - TE",,"#16 Andrew Walters - WR",,,,,"#63 Thomas Gardner - LT","#69 Raymond Thomas - RT","#57 Amos Lord - C","#78 Gerald Schirmer - LG","#53 Jonathan Fitch - RG",,"#73 Floyd Starnes - LDE","#61 Joe Gonzalez - LDE","#57 Nathan McCauley - RDE","#55 Arthur Dempsey - DT","#78 Joseph Rodriguez - RDE","#53 David McHaney - SLB","#50 Bruce Kwok - MLB",,"#56 Robert Duchesne - CB","#34 Steven Gerth - CB","#27 Joseph Lokey - CB",,,,"#24 Thomas Walker - SS",,,,,,,,,,,,,,,,,,,,,,,,,,,,,,,,,,,,,
BCB,3:32,"BCB 20",2,3,8,"Shotgun 2 RB 3 WR Strong Deep","3-4 Normal Man QB Spy",2,7,8,"3-8-BCB 20 (3:31) 10-George Oliver pass complete to 80-Ralph Xiong to BCB 22 for 2 yards. Tackle by 27-Joseph Lokey. 80-Ralph Xiong made a great move on the CB.","#10 George Oliver - QB","#39 Jeremy Sampson - RB","#48 Dale Hawkins - RB",,,,,"#16 Andrew Walters - WR","#89 Jerry Jamison - WR","#80 Ralph Xiong - WR",,,"#63 Thomas Gardner - LT","#69 Raymond Thomas - RT","#57 Amos Lord - C","#78 Gerald Schirmer - LG","#53 Jonathan Fitch - RG",,"#73 Floyd Starnes - LDE",,"#57 Nathan McCauley - RDE",,"#78 Joseph Rodriguez - RDE","#53 David McHaney - SLB","#50 Bruce Kwok - MLB","#56 Jose Shelton - MLB","#56 Robert Duchesne - CB","#34 Steven Gerth - CB","#27 Joseph Lokey - CB",,,,"#24 Thomas Walker - SS","#45 Michael Gabriel - FS",,,,,,,,,,,,,,,,,,,,,,,,,,,,,,,,,,,,
BCB,2:45,"BCB 22",2,4,6,Punt,"Punt Return",,7,8,"4-6-BCB 22 (2:44) 8-Ralph Frost punts 45 yards to IRV 33. Fair Catch by 10-Robert Pleasant.",,,,,,,,,,,,,,,,,,"#8 Ralph Frost - P",,,,,,,,,,,,,,,,,,,"#63 Thomas Gardner - LT",,"#10 Robert Pleasant - WR",,,"#50 Bruce Kwok - MLB","#57 Nathan McCauley - RDE","#34 Steven Gerth - CB",,"#73 Floyd Starnes - LDE","#24 Thomas Walker - SS",,"#45 Michael Gabriel - FS",,,,"#59 James Riley - LT","#69 Raymond Thomas - RT","#78 Gerald Schirmer - LG","#56 Carlos Bryant - RG","#84 Martin Jackson - LT","#53 Jonathan Fitch - RG",,"#98 Jim Stucky - WLB","#53 David McHaney - SLB","#78 Joseph Rodriguez - RDE","#56 Robert Duchesne - CB",,,,,,,
IRV,2:36,"IRV 33",2,1,10,"Strong I Normal Counter Strong","4-3 Normal Double Safety Blitz",8,7,8,"1-10-IRV 33 (2:37) 43-Michael Stewart ran to IRV 41 for 8 yards. Tackle by 22-Roy Stephenson.","#18 Norman Harris - QB","#25 Michael Stewart - WR",,,"#84 Justin Martin - TE","#87 Anton Holt - WR",,"#83 Robert Chubb - WR",,"#10 Robert Pleasant - WR",,,"#62 James Rogers - RG","#72 George Medina - LG","#64 Scott Marin - C","#69 Anthony Battle - RG","#79 Eduardo Johnson - RT",,"#61 Frank Meyer - RDE",,"#79 Joseph Lawrence - DT","#74 Monte Needham - DT","#75 Donald Freeland - RDE","#99 Robert Ramos - CB","#9 Ramon Esposito - MLB",,"#50 Anthony Hawkins - WLB","#49 Jorge Neff - CB","#48 Joel Matthews - CB",,,,"#23 Harold Scott - CB","#22 Roy Stephenson - SS",,,,,,,,,,,,,,,,,,,,,,,,,,,,,,,,,,,,
,2:00,,2,2,2,,,,7,8,"Timeout for two minute warning.",,,,,,,,,,,,,,,,,,,,,,,,,,,,,,,,,,,,,,,,,,,,,,,,,,,,,,,,,,,,,,,,,,,,,,
IRV,2:00,"IRV 41",2,2,2,"Split Backs 3 Wide WR Quick Out","Nickel Normal Man Zone",2,7,8,"2-2-IRV 41 (2:00) 18-Norman Harris pass complete to 43-Michael Stewart to IRV 43 for 2 yards. Tackle by 43-John Ross.","#18 Norman Harris - QB","#25 Michael Stewart - WR",,,"#84 Terrance Brown - FB",,,"#83 Robert Chubb - WR","#87 Anton Holt - WR","#10 Robert Pleasant - WR",,,"#62 James Rogers - RG","#72 George Medina - LG","#64 Scott Marin - C","#69 Anthony Battle - RG","#79 Eduardo Johnson - RT",,"#61 Frank Meyer - RDE",,"#79 Joseph Lawrence - DT","#74 Monte Needham - DT","#75 Donald Freeland - RDE",,"#9 Ramon Esposito - MLB",,"#50 Anthony Hawkins - WLB","#49 Jorge Neff - CB","#48 Joel Matthews - CB",,"#43 John Ross - CB",,"#23 Harold Scott - CB","#22 Roy Stephenson - SS",,,,,,,,,,,,,,,,,,,,,,,,,,,,,,,,,,,,
,1:57,,2,3,,,,,7,8,"Timeout IRV",,,,,,,,,,,,,,,,,,,,,,,,,,,,,,,,,,,,,,,,,,,,,,,,,,,,,,,,,,,,,,,,,,,,,,
IRV,1:54,"IRV 43",2,3,,"Singleback Normal FL Post","Nickel Normal Shallow Zone Deep",4,7,8,"3-1-IRV 43 (1:55) 18-Norman Harris pass complete to 87-Anton Holt to IRV 47 for 4 yards. Tackle by 93-Ramon Esposito. IRV 72-George Medina was injured on the play. He looks like he should be able to return.","#18 Norman Harris - QB","#25 Michael Stewart - WR",,,,"#84 Justin Martin - TE",,"#83 Robert Chubb - WR","#87 Anton Holt - WR","#10 Robert Pleasant - WR",,,"#62 James Rogers - RG","#72 George Medina - LG","#64 Scott Marin - C","#69 Anthony Battle - RG","#79 Eduardo Johnson - RT",,"#61 Frank Meyer - RDE",,"#79 Joseph Lawrence - DT","#74 Monte Needham - DT","#75 Donald Freeland - RDE",,"#9 Ramon Esposito - MLB",,"#50 Anthony Hawkins - WLB","#49 Jorge Neff - CB","#48 Joel Matthews - CB",,"#43 John Ross - CB",,"#23 Harold Scott - CB","#22 Roy Stephenson - SS",,,,,,,,,,,,,,,,,,,,,,,,,,,,,,,,,,,,
,1:51,,2,1,10,,,,7,8,"Timeout IRV",,,,,,,,,,,,,,,,,,,,,,,,,,,,,,,,,,,,,,,,,,,,,,,,,,,,,,,,,,,,,,,,,,,,,,
IRV,1:47,"IRV 47",2,1,10,"I Formation Normal HB Counter","46 Normal Inside Blitz",,7,8,"1-10-IRV 47 (1:48) 43-Michael Stewart ran to IRV 47 for a short gain. Tackle by 99-Robert Ramos.","#18 Norman Harris - QB","#25 Michael Stewart - WR",,,"#87 Anton Holt - WR","#84 Justin Martin - TE",,"#83 Robert Chubb - WR",,"#10 Robert Pleasant - WR",,,"#62 James Rogers - RG","#72 George Medina - LG","#64 Scott Marin - C","#69 Anthony Battle - RG","#79 Eduardo Johnson - RT",,"#61 Frank Meyer - RDE",,"#79 Joseph Lawrence - DT","#74 Monte Needham - DT","#75 Donald Freeland - RDE","#99 Robert Ramos - CB","#9 Ramon Esposito - MLB",,"#50 Anthony Hawkins - WLB","#49 Jorge Neff - CB","#48 Joel Matthews - CB",,,,"#23 Harold Scott - CB","#22 Roy Stephenson - SS",,,,,,,,,,,,,,,,,,,,,,,,,,,,,,,,,,,,
IRV,1:25,"IRV 47",2,2,10,"I Formation Normal HB Blast","46 Normal Strong Blitz",10,7,8,"2-10-IRV 47 (1:24) 43-Michael Stewart ran to BCB 43 for 10 yards. Tackle by 22-Roy Stephenson.","#18 Norman Harris - QB","#25 Michael Stewart - WR",,,"#87 Anton Holt - WR","#84 Justin Martin - TE",,"#83 Robert Chubb - WR",,"#10 Robert Pleasant - WR",,,"#62 James Rogers - RG","#72 George Medina - LG","#64 Scott Marin - C","#69 Anthony Battle - RG","#79 Eduardo Johnson - RT",,"#61 Frank Meyer - RDE",,"#79 Joseph Lawrence - DT","#74 Monte Needham - DT","#75 Donald Freeland - RDE","#99 Robert Ramos - CB","#9 Ramon Esposito - MLB",,"#50 Anthony Hawkins - WLB","#49 Jorge Neff - CB","#48 Joel Matthews - CB",,,,"#23 Harold Scott - CB","#22 Roy Stephenson - SS",,,,,,,,,,,,,,,,,,,,,,,,,,,,,,,,,,,,
IRV,1:06,"BCB 43",2,1,10,"Strong I Normal HB Dive Strong","46 Normal Inside Blitz",,7,8,"1-10-BCB 43 (1:05) 22-Evan McNamara ran to BCB 43 for a short gain. Tackle by 99-Robert Ramos.","#18 Norman Harris - QB","#22 Evan McNamara - RB",,,"#84 Justin Martin - TE","#87 Anton Holt - WR",,"#83 Robert Chubb - WR",,"#10 Robert Pleasant - WR",,,"#62 James Rogers - RG","#72 George Medina - LG","#64 Scott Marin - C","#69 Anthony Battle - RG","#79 Eduardo Johnson - RT",,"#61 Frank Meyer - RDE",,"#79 Joseph Lawrence - DT","#74 Monte Needham - DT","#75 Donald Freeland - RDE","#99 Robert Ramos - CB","#9 Ramon Esposito - MLB",,"#50 Anthony Hawkins - WLB","#49 Jorge Neff - CB","#48 Joel Matthews - CB",,,,"#23 Harold Scott - CB","#22 Roy Stephenson - SS",,,,,,,,,,,,,,,,,,,,,,,,,,,,,,,,,,,,
IRV,0:47,"BCB 43",2,2,10,"Shotgun Normal HB Dive","Nickel 3-3-5 Cover 2 Man Under",9,7,8,"2-10-BCB 43 (0:46) 43-Michael Stewart ran to BCB 34 for 9 yards. Tackle by 27-Jorge Neff.","#18 Norman Harris - QB","#25 Michael Stewart - WR",,,,"#84 Justin Martin - TE",,"#83 Robert Chubb - WR","#87 Anton Holt - WR","#10 Robert Pleasant - WR",,,"#62 James Rogers - RG","#72 George Medina - LG","#64 Scott Marin - C","#69 Anthony Battle - RG","#79 Eduardo Johnson - RT",,"#61 Frank Meyer - RDE",,"#79 Joseph Lawrence - DT",,"#75 Donald Freeland - RDE","#99 Robert Ramos - CB","#9 Ramon Esposito - MLB",,"#50 Anthony Hawkins - WLB","#49 Jorge Neff - CB","#48 Joel Matthews - CB",,"#43 John Ross - CB",,"#23 Harold Scott - CB","#22 Roy Stephenson - SS",,,,,,,,,,,,,,,,,,,,,,,,,,,,,,,,,,,,
IRV,0:22,"BCB 34",2,3,1,"Shotgun Normal Short Attack","Nickel Strong Man Strong Zone Weak",,7,8,"3-1-BCB 34 (0:21) 18-Norman Harris pass incomplete, dropped by 87-Anton Holt. PENALTY - Holding (IRV 79-Eduardo Johnson)","#18 Norman Harris - QB","#22 Evan McNamara - RB",,,,"#84 Justin Martin - TE",,"#10 Robert Pleasant - WR","#13 Melvin Rhoden - WR","#87 Anton Holt - WR",,,"#62 James Rogers - RG","#72 George Medina - LG","#64 Scott Marin - C","#69 Anthony Battle - RG","#79 Eduardo Johnson - RT",,"#61 Frank Meyer - RDE",,"#79 Joseph Lawrence - DT","#74 Monte Needham - DT","#75 Donald Freeland - RDE",,"#9 Ramon Esposito - MLB",,"#50 Anthony Hawkins - WLB","#49 Jorge Neff - CB","#48 Joel Matthews - CB",,"#43 John Ross - CB",,"#23 Harold Scott - CB","#22 Roy Stephenson - SS",,,,,,,,,,,,,,,,,,,,,,,,,,,,,,,,,,,,
IRV,0:17,"BCB 44",2,3,11,"Split Backs 3 Wide Slot Post","Nickel Normal Man Zone",,7,8,"3-11-BCB 44 (0:18) 18-Norman Harris pass Pass knocked down by 27-Jorge Neff. incomplete, intended for 83-Robert Chubb. 23-Harold Scott got away with a hold on that play.","#18 Norman Harris - QB","#22 Evan McNamara - RB",,,"#84 Terrance Brown - FB",,,"#83 Robert Chubb - WR","#13 Melvin Rhoden - WR","#87 Anton Holt - WR",,,"#62 James Rogers - RG","#72 George Medina - LG","#64 Scott Marin - C","#69 Anthony Battle - RG","#79 Eduardo Johnson - RT",,"#61 Frank Meyer - RDE",,"#79 Joseph Lawrence - DT","#74 Monte Needham - DT","#75 Donald Freeland - RDE",,"#9 Ramon Esposito - MLB",,"#50 Anthony Hawkins - WLB","#49 Jorge Neff - CB","#48 Joel Matthews - CB",,"#43 John Ross - CB",,"#23 Harold Scott - CB","#22 Roy Stephenson - SS",,,,,,,,,,,,,,,,,,,,,,,,,,,,,,,,,,,,
IRV,0:13,"BCB 44",2,4,11,Punt,"Punt Return",46,7,8,"4-11-BCB 44 (0:14) 9-Todd Mattison punts 46 yards to BCB -2.4-11-BCB 44 (0:14) 9-Todd Mattison punts 46 yards to BCB -2. Touchback.",,,,,,,,,,,,,,,,,,"#9 Todd Mattison - P",,,,,,,,,,,,,,,,,,,"#64 Scott Marin - C",,"#48 Joel Matthews - CB",,,"#16 Andrew Walters - WR","#99 Robert Ramos - CB","#43 John Ross - CB",,"#49 Jorge Neff - CB","#74 Monte Needham - DT",,"#75 Donald Freeland - RDE",,,,"#62 James Rogers - RG","#72 George Medina - LG","#84 Justin Martin - TE","#84 Terrance Brown - FB","#79 Eduardo Johnson - RT","#72 Kenneth Ness - LT",,"#97 Saul Kelley - DT","#61 Frank Meyer - RDE","#51 Terry Charles - CB","#69 Raymond Thomas - RT",,,,,,,
BCB,0:05,"BCB 20",2,1,10,"Shotgun Normal HB Delay","4-3 Under Crash Right",-2,7,8,"1-10-BCB 20 (0:06) 39-Jeremy Sampson ran to BCB 18 for -2 yards. Tackle by 92-Robert Duchesne.","#10 George Oliver - QB","#39 Jeremy Sampson - RB",,,,"#81 Jason Alvarez - TE",,"#16 Andrew Walters - WR","#89 Jerry Jamison - WR","#80 Ralph Xiong - WR",,,"#63 Thomas Gardner - LT","#69 Raymond Thomas - RT","#57 Amos Lord - C","#78 Gerald Schirmer - LG","#53 Jonathan Fitch - RG",,"#73 Floyd Starnes - LDE",,"#57 Nathan McCauley - RDE","#55 Arthur Dempsey - DT","#78 Joseph Rodriguez - RDE","#98 Jim Stucky - WLB","#56 Jose Shelton - MLB",,"#56 Robert Duchesne - CB","#27 Joseph Lokey - CB","#29 Floyd Velazquez - CB",,,,"#24 Thomas Walker - SS","#45 Michael Gabriel - FS",,,,,,,,,,,,,,,,,,,,,,,,,,,,,,,,,,,,
,0:00,,2,2,12,,,,7,8,"End of half.",,,,,,,,,,,,,,,,,,,,,,,,,,,,,,,,,,,,,,,,,,,,,,,,,,,,,,,,,,,,,,,,,,,,,,
IRV,15:00,"IRV 35",3,6,10,Kickoff,"Kick Return",,7,8,"(15:00) 12-Charles Berry kicks 75 yards from IRV 35 to BCB -10. Touchback.",,,,,,,,,,,,,,,,,,,,,,,,,,,,,,,,,,,,,,"#80 Ralph Xiong - WR",,"#79 Joseph Lawrence - DT","#75 Donald Freeland - RDE","#16 Andrew Walters - WR","#74 Monte Needham - DT","#48 Joel Matthews - CB","#99 Robert Ramos - CB","#43 John Ross - CB","#49 Jorge Neff - CB","#9 Ramon Esposito - MLB","#61 Frank Meyer - RDE","#12 Charles Berry - K",,,,,,,,,,,,,,,,,,,,
BCB,15:00,"BCB 25",3,1,10,"I Formation Normal FL Hitch","Dime Normal LB Blitz",2,7,8,"1-10-BCB 25 (15:00) 10-George Oliver pass complete to 16-Andrew Walters to BCB 27 for 2 yards. Tackle by 34-Steven Gerth.","#10 George Oliver - QB","#89 Jerry Jamison - WR",,,"#41 Javier Lee - WR","#81 Jason Alvarez - TE",,"#16 Andrew Walters - WR",,"#80 Ralph Xiong - WR",,,"#63 Thomas Gardner - LT","#69 Raymond Thomas - RT","#57 Amos Lord - C","#78 Gerald Schirmer - LG","#53 Jonathan Fitch - RG",,"#73 Floyd Starnes - LDE",,"#57 Nathan McCauley - RDE","#50 Bruce Kwok - MLB","#78 Joseph Rodriguez - RDE",,"#53 David McHaney - SLB",,,"#34 Steven Gerth - CB","#27 Joseph Lokey - CB","#23 Charlie Carrera - CB","#29 Floyd Velazquez - CB",,"#24 Thomas Walker - SS","#45 Michael Gabriel - FS",,,,,,,,,,,,,,,,,,,,,,,,,,,,,,,,,,,,
BCB,14:26,"BCB 27",3,2,8,"Goal Line Normal HB Pitch Weak","46 Heavy WLB Blitz",11,7,8,"2-8-BCB 27 (14:25) 89-Jerry Jamison ran to BCB 38 for 11 yards. Tackle by 45-Michael Gabriel.","#10 George Oliver - QB","#89 Jerry Jamison - WR",,"#48 Dale Hawkins - RB","#39 Jeremy Sampson - RB","#81 Jason Alvarez - TE","#41 Javier Lee - WR",,,,,,"#63 Thomas Gardner - LT","#69 Raymond Thomas - RT","#57 Amos Lord - C","#78 Gerald Schirmer - LG","#53 Jonathan Fitch - RG",,"#73 Floyd Starnes - LDE",,"#57 Nathan McCauley - RDE","#55 Arthur Dempsey - DT","#78 Joseph Rodriguez - RDE","#53 David McHaney - SLB","#50 Bruce Kwok - MLB",,"#56 Robert Duchesne - CB","#34 Steven Gerth - CB","#27 Joseph Lokey - CB",,,,"#24 Thomas Walker - SS","#45 Michael Gabriel - FS",,,,,,,,,,,,,,,,,,,,,,,,,,,,,,,,,,,,
BCB,13:50,"BCB 38",3,1,10,"Shotgun 2 RB 3 WR WR Hooks","46 Heavy 2 Deep Man Under",2,7,8,"1-10-BCB 38 (13:49) 10-George Oliver pass complete to 80-Ralph Xiong to BCB 40 for 2 yards. Tackle by 27-Joseph Lokey.","#10 George Oliver - QB","#39 Jeremy Sampson - RB","#48 Dale Hawkins - RB",,,,,"#16 Andrew Walters - WR","#89 Jerry Jamison - WR","#80 Ralph Xiong - WR",,,"#63 Thomas Gardner - LT","#69 Raymond Thomas - RT","#57 Amos Lord - C","#78 Gerald Schirmer - LG","#53 Jonathan Fitch - RG",,"#73 Floyd Starnes - LDE",,"#57 Nathan McCauley - RDE","#55 Arthur Dempsey - DT","#78 Joseph Rodriguez - RDE","#53 David McHaney - SLB","#50 Bruce Kwok - MLB",,"#56 Robert Duchesne - CB","#34 Steven Gerth - CB","#27 Joseph Lokey - CB",,,,"#37 Mark Cox - FS","#28 Juan Castaneda - FS",,,,,,,,,,,,,,,,,,,,,,,,,,,,,,,,,,,,
BCB,13:11,"BCB 40",3,2,8,"Goal Line Normal HB Pitch Weak","Goal Line Attack #1",2,7,8,"2-8-BCB 40 (13:10) 39-Jeremy Sampson ran to BCB 42 for 2 yards. Tackle by 53-David McHaney.","#10 George Oliver - QB","#39 Jeremy Sampson - RB",,"#84 Martin Jackson - LT","#48 Dale Hawkins - RB","#81 Jason Alvarez - TE","#41 Javier Lee - WR",,,,,,"#63 Thomas Gardner - LT","#69 Raymond Thomas - RT","#57 Amos Lord - C","#78 Gerald Schirmer - LG","#53 Jonathan Fitch - RG",,"#73 Floyd Starnes - LDE","#61 Joe Gonzalez - LDE","#57 Nathan McCauley - RDE","#55 Arthur Dempsey - DT","#78 Joseph Rodriguez - RDE","#53 David McHaney - SLB","#50 Bruce Kwok - MLB",,"#56 Robert Duchesne - CB","#34 Steven Gerth - CB","#27 Joseph Lokey - CB",,,,"#24 Thomas Walker - SS",,,,,,,,,,,,,,,,,,,,,,,,,,,,,,,,,,,,,
BCB,12:27,"BCB 42",3,3,6,"I Formation Power HB Sweep Weak","3-4 Normal Man Cover 1",5,7,8,"3-6-BCB 42 (12:26) 89-Jerry Jamison ran to BCB 47 for 5 yards. Tackle by 53-David McHaney.","#10 George Oliver - QB","#89 Jerry Jamison - WR",,"#39 Jeremy Sampson - RB","#41 Javier Lee - WR","#81 Jason Alvarez - TE",,"#16 Andrew Walters - WR",,,,,"#63 Thomas Gardner - LT","#69 Raymond Thomas - RT","#57 Amos Lord - C","#78 Gerald Schirmer - LG","#53 Jonathan Fitch - RG",,"#73 Floyd Starnes - LDE",,"#57 Nathan McCauley - RDE",,"#78 Joseph Rodriguez - RDE","#53 David McHaney - SLB","#50 Bruce Kwok - MLB","#56 Jose Shelton - MLB","#56 Robert Duchesne - CB","#27 Joseph Lokey - CB","#29 Floyd Velazquez - CB",,,,"#24 Thomas Walker - SS","#45 Michael Gabriel - FS",,,,,,,,,,,,,,,,,,,,,,,,,,,,,,,,,,,,
BCB,11:50,"BCB 47",3,4,1,Punt,"Punt Return",52,7,8,"4-1-BCB 47 (11:49) 8-Ralph Frost punts 52 yards to IRV 1.",,,,,,,,,,,,,,,,,,"#8 Ralph Frost - P",,,,,,,,,,,,,,,,,,,"#63 Thomas Gardner - LT",,"#10 Robert Pleasant - WR",,,"#78 Joseph Rodriguez - RDE","#56 Jose Shelton - MLB","#34 Steven Gerth - CB",,"#73 Floyd Starnes - LDE","#45 Michael Gabriel - FS",,"#57 Nathan McCauley - RDE",,,,"#59 James Riley - LT","#69 Raymond Thomas - RT","#78 Gerald Schirmer - LG","#56 Carlos Bryant - RG","#84 Martin Jackson - LT","#53 Jonathan Fitch - RG",,"#98 Jim Stucky - WLB","#53 David McHaney - SLB","#50 Bruce Kwok - MLB","#56 Robert Duchesne - CB",,,,,,,
IRV,11:38,"IRV 1",3,1,10,"Shotgun Normal HB Dive","Nickel Strong 2 Deep Man Under",,7,8,"1-10-IRV 1 (11:39) 43-Michael Stewart ran to IRV 1 for a short gain. Tackle by 50-Anthony Hawkins.","#18 Norman Harris - QB","#25 Michael Stewart - WR",,,,"#84 Justin Martin - TE",,"#83 Robert Chubb - WR","#87 Anton Holt - WR","#10 Robert Pleasant - WR",,,"#62 James Rogers - RG","#72 George Medina - LG","#64 Scott Marin - C","#69 Anthony Battle - RG","#79 Eduardo Johnson - RT",,"#61 Frank Meyer - RDE",,"#79 Joseph Lawrence - DT","#74 Monte Needham - DT","#75 Donald Freeland - RDE",,"#9 Ramon Esposito - MLB",,"#50 Anthony Hawkins - WLB","#49 Jorge Neff - CB","#35 Gerald Hackett - CB",,"#20 Howard Carpenter - CB",,"#23 Harold Scott - CB","#22 Roy Stephenson - SS",,,,,,,,,,,,,,,,,,,,,,,,,,,,,,,,,,,,
IRV,11:03,"IRV 1",3,2,10,"Shotgun Normal HB Sweep","Nickel 3-3-5 Cover 2 Man Under",6,7,8,"2-10-IRV 1 (11:02) 43-Michael Stewart ran to IRV 7 for 6 yards. Tackle by 23-Harold Scott. IRV 85-Justin Martin was injured on the play. He looks like he should be able to return.","#18 Norman Harris - QB","#25 Michael Stewart - WR",,,,"#84 Justin Martin - TE",,"#83 Robert Chubb - WR","#87 Anton Holt - WR","#10 Robert Pleasant - WR",,,"#62 James Rogers - RG","#72 George Medina - LG","#64 Scott Marin - C","#69 Anthony Battle - RG","#79 Eduardo Johnson - RT",,"#61 Frank Meyer - RDE",,"#79 Joseph Lawrence - DT",,"#75 Donald Freeland - RDE","#99 Robert Ramos - CB","#9 Ramon Esposito - MLB",,"#50 Anthony Hawkins - WLB","#49 Jorge Neff - CB","#48 Joel Matthews - CB",,"#43 John Ross - CB",,"#23 Harold Scott - CB","#22 Roy Stephenson - SS",,,,,,,,,,,,,,,,,,,,,,,,,,,,,,,,,,,,
IRV,10:18,"IRV 7",3,3,4,"Strong I Normal HB Dive Strong","46 Normal Inside Blitz",-0,7,8,"3-4-IRV 7 (10:17) 22-Evan McNamara ran to IRV 7 for a short loss. Tackle by 99-Robert Ramos.","#18 Norman Harris - QB","#22 Evan McNamara - RB",,,"#84 Terrance Brown - FB","#87 Anton Holt - WR",,"#83 Robert Chubb - WR",,"#10 Robert Pleasant - WR",,,"#62 James Rogers - RG","#72 George Medina - LG","#64 Scott Marin - C","#69 Anthony Battle - RG","#79 Eduardo Johnson - RT",,"#61 Frank Meyer - RDE",,"#79 Joseph Lawrence - DT","#74 Monte Needham - DT","#75 Donald Freeland - RDE","#99 Robert Ramos - CB","#9 Ramon Esposito - MLB",,"#50 Anthony Hawkins - WLB","#49 Jorge Neff - CB","#48 Joel Matthews - CB",,,,"#23 Harold Scott - CB","#22 Roy Stephenson - SS",,,,,,,,,,,,,,,,,,,,,,,,,,,,,,,,,,,,
IRV,9:35,"IRV 7",3,4,4,Punt,"Punt Return",,7,8,"4-4-IRV 7 (9:34) 9-Todd Mattison punts 48 yards to BCB 45. 48-Joel Matthews to IRV 48 for 7 yards. Tackle by 84-Terrance Brown.",,,,,,,,,,,,,,,,,,"#9 Todd Mattison - P",,,,,,,,,,,,,,,,,,,"#64 Scott Marin - C",,"#48 Joel Matthews - CB",,,"#16 Andrew Walters - WR","#99 Robert Ramos - CB","#43 John Ross - CB",,"#49 Jorge Neff - CB","#74 Monte Needham - DT",,"#75 Donald Freeland - RDE",,,,"#72 Kenneth Ness - LT","#62 James Rogers - RG","#84 Terrance Brown - FB","#79 Eduardo Johnson - RT","#72 George Medina - LG","#31 Mark Savage - LG",,"#97 Saul Kelley - DT","#61 Frank Meyer - RDE","#51 Terry Charles - CB","#69 Raymond Thomas - RT",,,,,,,
BCB,9:25,"IRV 48",3,1,10,"I Formation Power PA Flats","Goal Line Attack #1",16,7,8,"1-10-IRV 48 (9:26) 10-George Oliver pass complete to 80-Ralph Xiong to IRV 33 for 16 yards. Tackle by 27-Joseph Lokey. 27-Joseph Lokey got away with a hold on that play.","#10 George Oliver - QB","#89 Jerry Jamison - WR",,"#39 Jeremy Sampson - RB","#41 Javier Lee - WR","#81 Jason Alvarez - TE",,"#80 Ralph Xiong - WR",,,,,"#63 Thomas Gardner - LT","#69 Raymond Thomas - RT","#57 Amos Lord - C","#78 Gerald Schirmer - LG","#53 Jonathan Fitch - RG",,"#73 Floyd Starnes - LDE","#61 Joe Gonzalez - LDE","#57 Nathan McCauley - RDE","#55 Arthur Dempsey - DT","#78 Joseph Rodriguez - RDE","#98 Jim Stucky - WLB","#56 Jose Shelton - MLB",,"#56 Robert Duchesne - CB","#27 Joseph Lokey - CB","#29 Floyd Velazquez - CB",,,,"#24 Thomas Walker - SS",,,,,,,,,,,,,,,,,,,,,,,,,,,,,,,,,,,,,
BCB,8:48,"IRV 33",3,1,10,"Shotgun Normal Double Outs","3-4 Normal Man Cover 1",,7,8,"1-10-IRV 33 (8:47) 10-George Oliver pass Pass knocked down by 56-Jose Shelton. incomplete, intended for 39-Jeremy Sampson.","#10 George Oliver - QB","#39 Jeremy Sampson - RB",,,,"#81 Jason Alvarez - TE",,"#16 Andrew Walters - WR","#89 Jerry Jamison - WR","#80 Ralph Xiong - WR",,,"#63 Thomas Gardner - LT","#69 Raymond Thomas - RT","#57 Amos Lord - C","#78 Gerald Schirmer - LG","#53 Jonathan Fitch - RG",,"#73 Floyd Starnes - LDE",,"#57 Nathan McCauley - RDE",,"#78 Joseph Rodriguez - RDE","#53 David McHaney - SLB","#50 Bruce Kwok - MLB","#56 Jose Shelton - MLB","#56 Robert Duchesne - CB","#34 Steven Gerth - CB","#27 Joseph Lokey - CB",,,,"#24 Thomas Walker - SS","#45 Michael Gabriel - FS",,,,,,,,,,,,,,,,,,,,,,,,,,,,,,,,,,,,
BCB,8:44,"IRV 33",3,2,10,"I Formation Power HB Sweep Weak","Goal Line Attack #1",-3,7,8,"2-10-IRV 33 (8:45) 89-Jerry Jamison ran to IRV 36 for -3 yards. Tackle by 73-Floyd Starnes.","#10 George Oliver - QB","#89 Jerry Jamison - WR",,"#39 Jeremy Sampson - RB","#41 Javier Lee - WR","#81 Jason Alvarez - TE",,"#16 Andrew Walters - WR",,,,,"#63 Thomas Gardner - LT","#69 Raymond Thomas - RT","#57 Amos Lord - C","#78 Gerald Schirmer - LG","#53 Jonathan Fitch - RG",,"#73 Floyd Starnes - LDE","#61 Joe Gonzalez - LDE","#57 Nathan McCauley - RDE","#55 Arthur Dempsey - DT","#78 Joseph Rodriguez - RDE","#53 David McHaney - SLB","#50 Bruce Kwok - MLB",,"#56 Robert Duchesne - CB","#34 Steven Gerth - CB","#27 Joseph Lokey - CB",,,,"#24 Thomas Walker - SS",,,,,,,,,,,,,,,,,,,,,,,,,,,,,,,,,,,,,
BCB,8:08,"IRV 36",3,3,13,"Shotgun 2 RB 3 WR FB In","3-4 Normal Man Cover 1",,7,8,"3-13-IRV 36 (8:07) 10-George Oliver pass Pass knocked down by 34-Steven Gerth. incomplete, intended for 16-Andrew Walters. Pressure by 53-David McHaney.","#10 George Oliver - QB","#39 Jeremy Sampson - RB","#48 Dale Hawkins - RB",,,,,"#16 Andrew Walters - WR","#89 Jerry Jamison - WR","#80 Ralph Xiong - WR",,,"#63 Thomas Gardner - LT","#69 Raymond Thomas - RT","#57 Amos Lord - C","#78 Gerald Schirmer - LG","#53 Jonathan Fitch - RG",,"#73 Floyd Starnes - LDE",,"#57 Nathan McCauley - RDE",,"#78 Joseph Rodriguez - RDE","#53 David McHaney - SLB","#50 Bruce Kwok - MLB","#56 Jose Shelton - MLB","#56 Robert Duchesne - CB","#34 Steven Gerth - CB","#27 Joseph Lokey - CB",,,,"#24 Thomas Walker - SS","#45 Michael Gabriel - FS",,,,,,,,,,,,,,,,,,,,,,,,,,,,,,,,,,,,
BCB,8:03,"IRV 36",3,4,13,"Field Goal","FG Block",46,7,11,"4-13-IRV 36 (8:04) 9-William Leonard 53 yard field goal is GOOD. IRV 7 BCB 11",,,,,,,,,,,,,,,,,,,,,,,,,,,,,,,,,,,,"#10 George Oliver - QB","#63 Thomas Gardner - LT",,,,,,,,,,,,,,"#9 William Leonard - K","#74 Monte Needham - DT","#59 James Riley - LT","#69 Raymond Thomas - RT","#78 Gerald Schirmer - LG","#56 Carlos Bryant - RG","#84 Martin Jackson - LT","#53 Jonathan Fitch - RG","#57 Amos Lord - C","#56 Robert Duchesne - CB","#53 David McHaney - SLB","#50 Bruce Kwok - MLB","#78 Joseph Rodriguez - RDE","#61 Joe Gonzalez - LDE","#58 Henry Tyler - WLB","#56 Jose Shelton - MLB","#98 Jim Stucky - WLB","#73 Floyd Starnes - LDE","#48 Richard Felten - CB","#34 Steven Gerth - CB"
BCB,7:59,"BCB 35",3,6,10,Kickoff,"Kick Return",,7,11,"(8:00) 15-Mark Castellanos kicks 70 yards from BCB 35 to IRV -5. Touchback.",,,,,,,,,,,,,,,,,,,,,,,,,,,,,,,,,,,,,,"#35 Rudy Pineda - RB",,"#57 William Page - RDE","#45 Michael Gabriel - FS","#50 Bruce Kwok - MLB","#24 Thomas Walker - SS","#34 Steven Gerth - CB","#57 Nathan McCauley - RDE","#53 David McHaney - SLB","#78 Joseph Rodriguez - RDE","#56 Jose Shelton - MLB","#73 Floyd Starnes - LDE","#15 Mark Castellanos - K",,,,,,,,,,,,,,,,,,,,
IRV,7:59,"IRV 25",3,1,10,"Strong I Normal Counter Strong","4-3 Normal Double Safety Blitz",5,7,11,"1-10-IRV 25 (8:00) 43-Michael Stewart ran to IRV 30 for 5 yards. Tackle by 27-Jorge Neff.","#18 Norman Harris - QB","#25 Michael Stewart - WR",,,"#84 Justin Martin - TE","#87 Anton Holt - WR",,"#83 Robert Chubb - WR",,"#10 Robert Pleasant - WR",,,"#62 James Rogers - RG","#72 George Medina - LG","#64 Scott Marin - C","#69 Anthony Battle - RG","#79 Eduardo Johnson - RT",,"#61 Frank Meyer - RDE",,"#79 Joseph Lawrence - DT","#74 Monte Needham - DT","#75 Donald Freeland - RDE","#99 Robert Ramos - CB","#9 Ramon Esposito - MLB",,"#50 Anthony Hawkins - WLB","#49 Jorge Neff - CB","#48 Joel Matthews - CB",,,,"#23 Harold Scott - CB","#22 Roy Stephenson - SS",,,,,,,,,,,,,,,,,,,,,,,,,,,,,,,,,,,,
IRV,7:19,"IRV 30",3,2,5,"Shotgun Normal Short Attack","Nickel Normal SS Blitz",-10,7,11,"2-5-IRV 30 (7:18) 18-Norman Harris sacked at IRV 20 for -10 yards (79-Joseph Lawrence). Sack allowed by 69-Anthony Battle.","#18 Norman Harris - QB","#22 Evan McNamara - RB",,,,"#84 Justin Martin - TE",,"#83 Robert Chubb - WR","#87 Anton Holt - WR","#10 Robert Pleasant - WR",,,"#62 James Rogers - RG","#72 George Medina - LG","#64 Scott Marin - C","#69 Anthony Battle - RG","#79 Eduardo Johnson - RT",,"#61 Frank Meyer - RDE",,"#79 Joseph Lawrence - DT","#74 Monte Needham - DT","#75 Donald Freeland - RDE",,"#9 Ramon Esposito - MLB",,"#50 Anthony Hawkins - WLB","#49 Jorge Neff - CB","#48 Joel Matthews - CB",,"#43 John Ross - CB",,"#23 Harold Scott - CB","#22 Roy Stephenson - SS",,,,,,,,,,,,,,,,,,,,,,,,,,,,,,,,,,,,
IRV,6:41,"IRV 20",3,3,15,"Singleback Normal WR Post","Nickel 3-3-5 Cover 2 Man Under",,7,11,"3-15-IRV 20 (6:40) 18-Norman Harris pass Pass knocked down by 93-Ramon Esposito. incomplete, intended for 87-Anton Holt.","#18 Norman Harris - QB","#25 Michael Stewart - WR",,,,"#84 Justin Martin - TE",,"#83 Robert Chubb - WR","#87 Anton Holt - WR","#10 Robert Pleasant - WR",,,"#62 James Rogers - RG","#72 George Medina - LG","#64 Scott Marin - C","#69 Anthony Battle - RG","#79 Eduardo Johnson - RT",,"#61 Frank Meyer - RDE",,"#79 Joseph Lawrence - DT",,"#75 Donald Freeland - RDE","#99 Robert Ramos - CB","#9 Ramon Esposito - MLB",,"#50 Anthony Hawkins - WLB","#49 Jorge Neff - CB","#48 Joel Matthews - CB",,"#43 John Ross - CB",,"#23 Harold Scott - CB","#22 Roy Stephenson - SS",,,,,,,,,,,,,,,,,,,,,,,,,,,,,,,,,,,,
IRV,6:36,"IRV 20",3,4,15,Punt,"Punt Return",,7,11,"4-15-IRV 20 (6:37) 9-Todd Mattison punts 44 yards to BCB 36. Fair Catch by 48-Joel Matthews.",,,,,,,,,,,,,,,,,,"#9 Todd Mattison - P",,,,,,,,,,,,,,,,,,,"#64 Scott Marin - C",,"#48 Joel Matthews - CB",,,"#16 Andrew Walters - WR","#99 Robert Ramos - CB","#43 John Ross - CB",,"#49 Jorge Neff - CB","#74 Monte Needham - DT",,"#75 Donald Freeland - RDE",,,,"#62 James Rogers - RG","#72 George Medina - LG","#84 Justin Martin - TE","#84 Terrance Brown - FB","#79 Eduardo Johnson - RT","#72 Kenneth Ness - LT",,"#97 Saul Kelley - DT","#61 Frank Meyer - RDE","#51 Terry Charles - CB","#69 Raymond Thomas - RT",,,,,,,
BCB,6:29,"BCB 36",3,1,10,"I Formation Normal PA Outside Curls","4-3 Under Inside LB Blitz",,7,11,"1-10-BCB 36 (6:30) 10-George Oliver pass Pass knocked down by 70-Joseph Rodriguez. incomplete, intended for 80-Ralph Xiong.","#10 George Oliver - QB","#89 Jerry Jamison - WR",,,"#41 Javier Lee - WR","#81 Jason Alvarez - TE",,"#16 Andrew Walters - WR",,"#80 Ralph Xiong - WR",,,"#63 Thomas Gardner - LT","#69 Raymond Thomas - RT","#57 Amos Lord - C","#78 Gerald Schirmer - LG","#53 Jonathan Fitch - RG",,"#73 Floyd Starnes - LDE",,"#57 Nathan McCauley - RDE","#55 Arthur Dempsey - DT","#78 Joseph Rodriguez - RDE","#98 Jim Stucky - WLB","#56 Jose Shelton - MLB",,"#56 Robert Duchesne - CB","#27 Joseph Lokey - CB","#29 Floyd Velazquez - CB",,,,"#24 Thomas Walker - SS","#45 Michael Gabriel - FS",,,,,,,,,,,,,,,,,,,,,,,,,,,,,,,,,,,,
BCB,6:26,"BCB 36",3,2,10,"I Formation Power Play Action HB Downfield","Goal Line Attack #3",65,7,17,"2-10-BCB 36 (6:27) 10-George Oliver pass complete to 81-Jason Alvarez for 64 yards. TOUCHDOWN! 81-Jason Alvarez breaks down the CB. IRV 7 BCB 17","#10 George Oliver - QB","#89 Jerry Jamison - WR",,"#39 Jeremy Sampson - RB","#41 Javier Lee - WR","#81 Jason Alvarez - TE",,"#16 Andrew Walters - WR",,,,,"#63 Thomas Gardner - LT","#69 Raymond Thomas - RT","#57 Amos Lord - C","#78 Gerald Schirmer - LG","#53 Jonathan Fitch - RG",,"#73 Floyd Starnes - LDE","#61 Joe Gonzalez - LDE","#57 Nathan McCauley - RDE","#55 Arthur Dempsey - DT","#78 Joseph Rodriguez - RDE","#53 David McHaney - SLB","#50 Bruce Kwok - MLB",,"#56 Robert Duchesne - CB","#34 Steven Gerth - CB","#27 Joseph Lokey - CB",,,,"#24 Thomas Walker - SS",,,,,,,,,,,,,,,,,,,,,,,,,,,,,,,,,,,,,
BCB,6:15,"IRV 15",3,7,15,"Field Goal","FG Block",25,7,18,"(6:16) Extra point GOOD by 9-William Leonard. IRV 7 BCB 18",,,,,,,,,,,,,,,,,,,,,,,,,,,,,,,,,,,,"#10 George Oliver - QB","#63 Thomas Gardner - LT",,,,,,,,,,,,,,"#9 William Leonard - K","#74 Monte Needham - DT","#59 James Riley - LT","#69 Raymond Thomas - RT","#78 Gerald Schirmer - LG","#56 Carlos Bryant - RG","#84 Martin Jackson - LT","#53 Jonathan Fitch - RG","#57 Amos Lord - C","#48 Richard Felten - CB","#53 David McHaney - SLB","#50 Bruce Kwok - MLB","#98 Jim Stucky - WLB","#61 Joe Gonzalez - LDE","#58 Henry Tyler - WLB","#56 Jose Shelton - MLB","#73 Floyd Starnes - LDE","#34 Steven Gerth - CB","#78 Joseph Rodriguez - RDE","#56 Robert Duchesne - CB"
BCB,6:15,"BCB 35",3,6,10,Kickoff,"Kick Return",,7,18,"(6:16) 15-Mark Castellanos kicks 65 yards from BCB 35 to IRV 0. 35-Rudy Pineda to IRV 25 for 25 yards. Tackle by 27-Jorge Neff. IRV 35-Rudy Pineda was injured on the play. He looks like he should be able to return.",,,,,,,,,,,,,,,,,,,,,,,,,,,,,,,,,,,,,,"#35 Rudy Pineda - RB",,"#57 William Page - RDE","#73 Floyd Starnes - LDE","#50 Bruce Kwok - MLB","#56 Jose Shelton - MLB","#34 Steven Gerth - CB","#78 Joseph Rodriguez - RDE","#53 David McHaney - SLB","#45 Michael Gabriel - FS","#24 Thomas Walker - SS","#57 Nathan McCauley - RDE","#15 Mark Castellanos - K",,,,,,,,,,,,,,,,,,,,
IRV,6:11,"IRV 25",3,1,10,"Singleback Normal TE Quick Out","Nickel Normal SS Blitz",,7,18,"1-10-IRV 25 (6:12) 18-Norman Harris pass incomplete, intended for 87-Anton Holt.","#18 Norman Harris - QB","#25 Michael Stewart - WR",,,,"#84 Justin Martin - TE",,"#83 Robert Chubb - WR","#87 Anton Holt - WR","#10 Robert Pleasant - WR",,,"#62 James Rogers - RG","#72 George Medina - LG","#64 Scott Marin - C","#69 Anthony Battle - RG","#79 Eduardo Johnson - RT",,"#94 Benny Sayre - LDE",,"#79 Joseph Lawrence - DT","#97 Saul Kelley - DT","#91 Richard Jones - RDE",,"#51 Terry Charles - CB",,"#50 Anthony Hawkins - WLB","#49 Jorge Neff - CB","#48 Joel Matthews - CB",,"#43 John Ross - CB",,"#23 Harold Scott - CB","#22 Roy Stephenson - SS",,,,,,,,,,,,,,,,,,,,,,,,,,,,,,,,,,,,
IRV,6:08,"IRV 25",3,2,10,"Split Backs 3 Wide Slot Post","Nickel 3-3-5 Cover 2 Man Under",2,7,18,"2-10-IRV 25 (6:09) 18-Norman Harris pass complete to 43-Michael Stewart to IRV 27 for 2 yards. Tackle by 99-Robert Ramos. BCB 75-Donald Freeland was injured on the play. He looks like he should be able to return. PENALTY - Holding (IRV 69-Anthony Battle)","#18 Norman Harris - QB","#25 Michael Stewart - WR",,,"#84 Terrance Brown - FB",,,"#83 Robert Chubb - WR","#87 Anton Holt - WR","#10 Robert Pleasant - WR",,,"#62 James Rogers - RG","#72 George Medina - LG","#64 Scott Marin - C","#69 Anthony Battle - RG","#79 Eduardo Johnson - RT",,"#61 Frank Meyer - RDE",,"#79 Joseph Lawrence - DT",,"#75 Donald Freeland - RDE","#99 Robert Ramos - CB","#9 Ramon Esposito - MLB",,"#50 Anthony Hawkins - WLB","#49 Jorge Neff - CB","#48 Joel Matthews - CB",,"#43 John Ross - CB",,"#23 Harold Scott - CB","#22 Roy Stephenson - SS",,,,,,,,,,,,,,,,,,,,,,,,,,,,,,,,,,,,
IRV,6:05,"IRV 15",3,2,20,"Shotgun Normal TE Out","Nickel 3-3-5 Cover 2 Man Under",,7,18,"2-20-IRV 15 (6:06) 18-Norman Harris pass incomplete, intended for 87-Anton Holt.","#18 Norman Harris - QB","#22 Evan McNamara - RB",,,,"#84 Justin Martin - TE",,"#83 Robert Chubb - WR","#87 Anton Holt - WR","#10 Robert Pleasant - WR",,,"#62 James Rogers - RG","#72 George Medina - LG","#64 Scott Marin - C","#69 Anthony Battle - RG","#79 Eduardo Johnson - RT",,"#61 Frank Meyer - RDE",,"#79 Joseph Lawrence - DT",,"#91 Richard Jones - RDE","#99 Robert Ramos - CB","#9 Ramon Esposito - MLB",,"#50 Anthony Hawkins - WLB","#49 Jorge Neff - CB","#48 Joel Matthews - CB",,"#43 John Ross - CB",,"#23 Harold Scott - CB","#22 Roy Stephenson - SS",,,,,,,,,,,,,,,,,,,,,,,,,,,,,,,,,,,,
IRV,6:03,"IRV 15",3,3,20,"I Formation Normal FB Middle","4-3 Under Double Safety Blitz",,7,18,"3-20-IRV 15 (6:04) 18-Norman Harris pass incomplete, dropped by 10-Robert Pleasant. That was a dangerous pass.","#18 Norman Harris - QB","#25 Michael Stewart - WR",,,"#87 Anton Holt - WR","#84 Justin Martin - TE",,"#83 Robert Chubb - WR",,"#10 Robert Pleasant - WR",,,"#62 James Rogers - RG","#72 George Medina - LG","#64 Scott Marin - C","#69 Anthony Battle - RG","#79 Eduardo Johnson - RT",,"#61 Frank Meyer - RDE",,"#79 Joseph Lawrence - DT","#74 Monte Needham - DT","#91 Richard Jones - RDE","#99 Robert Ramos - CB","#9 Ramon Esposito - MLB",,"#50 Anthony Hawkins - WLB","#49 Jorge Neff - CB","#48 Joel Matthews - CB",,,,"#23 Harold Scott - CB","#22 Roy Stephenson - SS",,,,,,,,,,,,,,,,,,,,,,,,,,,,,,,,,,,,
IRV,6:00,"IRV 15",3,4,20,Punt,"Punt Return",,7,18,"4-20-IRV 15 (6:01) 9-Todd Mattison punts 47 yards to BCB 38. 48-Joel Matthews to BCB 42 for 4 yards. Tackle by 84-Terrance Brown.",,,,,,,,,,,,,,,,,,"#9 Todd Mattison - P",,,,,,,,,,,,,,,,,,,"#64 Scott Marin - C",,"#48 Joel Matthews - CB",,,"#16 Andrew Walters - WR","#9 Ramon Esposito - MLB","#43 John Ross - CB",,"#49 Jorge Neff - CB","#74 Monte Needham - DT",,"#99 Robert Ramos - CB",,,,"#62 James Rogers - RG","#72 George Medina - LG","#84 Justin Martin - TE","#84 Terrance Brown - FB","#79 Eduardo Johnson - RT","#72 Kenneth Ness - LT",,"#97 Saul Kelley - DT","#61 Frank Meyer - RDE","#51 Terry Charles - CB","#69 Raymond Thomas - RT",,,,,,,
BCB,5:52,"BCB 42",3,1,10,"Shotgun 2 RB 3 WR WR Curl","Quarter Normal Man Short Zone",15,7,18,"1-10-BCB 42 (5:53) 10-George Oliver pass complete to 39-Jeremy Sampson to IRV 43 for 15 yards. Tackle by 24-Thomas Walker. Nice job by 39-Jeremy Sampson on that route to lose his coverage. IRV 70-Joseph Rodriguez was injured on the play. He looks like he should be able to return.","#10 George Oliver - QB","#39 Jeremy Sampson - RB","#48 Dale Hawkins - RB",,,,,"#16 Andrew Walters - WR","#89 Jerry Jamison - WR","#80 Ralph Xiong - WR",,,"#63 Thomas Gardner - LT","#69 Raymond Thomas - RT","#57 Amos Lord - C","#78 Gerald Schirmer - LG","#53 Jonathan Fitch - RG",,"#73 Floyd Starnes - LDE",,"#57 Nathan McCauley - RDE",,"#78 Joseph Rodriguez - RDE",,"#56 Jose Shelton - MLB",,,"#27 Joseph Lokey - CB","#29 Floyd Velazquez - CB","#48 Richard Felten - CB","#23 Charlie Carrera - CB","#28 Juan Castaneda - FS","#24 Thomas Walker - SS","#45 Michael Gabriel - FS",,,,,,,,,,,,,,,,,,,,,,,,,,,,,,,,,,,,
BCB,5:16,"IRV 43",3,1,10,"Shotgun 2 RB 3 WR WR Curl","Nickel Normal Double LB Blitz",10,7,18,"1-10-IRV 43 (5:15) 10-George Oliver pass complete to 80-Ralph Xiong to IRV 33 for 10 yards. Tackle by 45-Michael Gabriel. IRV 50-Bruce Kwok was injured on the play. He looks like he should be able to return.","#10 George Oliver - QB","#48 Dale Hawkins - RB","#41 Javier Lee - WR",,,,,"#16 Andrew Walters - WR","#89 Jerry Jamison - WR","#80 Ralph Xiong - WR",,,"#63 Thomas Gardner - LT","#69 Raymond Thomas - RT","#57 Amos Lord - C","#78 Gerald Schirmer - LG","#53 Jonathan Fitch - RG",,"#73 Floyd Starnes - LDE",,"#57 Nathan McCauley - RDE","#50 Bruce Kwok - MLB","#57 William Page - RDE",,"#53 David McHaney - SLB",,"#56 Robert Duchesne - CB","#34 Steven Gerth - CB","#27 Joseph Lokey - CB",,"#29 Floyd Velazquez - CB",,"#24 Thomas Walker - SS","#45 Michael Gabriel - FS",,,,,,,,,,,,,,,,,,,,,,,,,,,,,,,,,,,,
BCB,4:40,"IRV 33",3,1,10,"I Formation 3WR HB Inside Strong","Nickel Normal Double WR1",1,7,18,"1-10-IRV 33 (4:39) 45-Dale Hawkins ran to IRV 31 for 1 yards. Tackle by 20-Charlie Carrera.","#10 George Oliver - QB","#48 Dale Hawkins - RB",,,"#41 Javier Lee - WR",,,"#16 Andrew Walters - WR","#13 Cory Delaney - WR","#89 Jerry Jamison - WR",,,"#63 Thomas Gardner - LT","#69 Raymond Thomas - RT","#57 Amos Lord - C","#78 Gerald Schirmer - LG","#53 Jonathan Fitch - RG",,"#73 Floyd Starnes - LDE",,"#57 Nathan McCauley - RDE","#55 Arthur Dempsey - DT","#78 Joseph Rodriguez - RDE",,"#53 David McHaney - SLB",,"#56 Robert Duchesne - CB","#34 Steven Gerth - CB","#29 Floyd Velazquez - CB",,"#23 Charlie Carrera - CB",,"#37 Mark Cox - FS","#28 Juan Castaneda - FS",,,,,,,,,,,,,,,,,,,,,,,,,,,,,,,,,,,,
BCB,3:59,"IRV 31",3,2,9,"Shotgun 2 RB 3 WR FB In","3-4 Normal Man Cover 1",,7,18,"2-9-IRV 31 (3:58) 10-George Oliver pass INTERCEPTED by 27-Joseph Lokey at IRV 29. 27-Joseph Lokey to IRV 29 for 1 yards. Tackle by 45-Dale Hawkins.","#10 George Oliver - QB","#39 Jeremy Sampson - RB","#48 Dale Hawkins - RB",,,,,"#16 Andrew Walters - WR","#89 Jerry Jamison - WR","#80 Ralph Xiong - WR",,,"#63 Thomas Gardner - LT","#69 Raymond Thomas - RT","#57 Amos Lord - C","#78 Gerald Schirmer - LG","#53 Jonathan Fitch - RG",,"#73 Floyd Starnes - LDE",,"#57 Nathan McCauley - RDE",,"#78 Joseph Rodriguez - RDE","#53 David McHaney - SLB","#56 Jose Shelton - MLB","#98 Jim Stucky - WLB","#56 Robert Duchesne - CB","#34 Steven Gerth - CB","#27 Joseph Lokey - CB",,,,"#24 Thomas Walker - SS","#45 Michael Gabriel - FS",,,,,,,,,,,,,,,,,,,,,,,,,,,,,,,,,,,,
IRV,3:53,"IRV 29",3,1,10,"I Formation Normal HB Dive","4-3 Under 2 Deep Flat Outside",11,7,18,"1-10-IRV 29 (3:54) 43-Michael Stewart ran to IRV 40 for 11 yards. Tackle by 23-Harold Scott.","#18 Norman Harris - QB","#25 Michael Stewart - WR",,,"#87 Anton Holt - WR","#84 Justin Martin - TE",,"#83 Robert Chubb - WR",,"#10 Robert Pleasant - WR",,,"#62 James Rogers - RG","#72 George Medina - LG","#64 Scott Marin - C","#69 Anthony Battle - RG","#79 Eduardo Johnson - RT",,"#61 Frank Meyer - RDE",,"#79 Joseph Lawrence - DT","#74 Monte Needham - DT","#75 Donald Freeland - RDE","#99 Robert Ramos - CB","#9 Ramon Esposito - MLB",,"#50 Anthony Hawkins - WLB","#49 Jorge Neff - CB","#48 Joel Matthews - CB",,,,"#23 Harold Scott - CB","#22 Roy Stephenson - SS",,,,,,,,,,,,,,,,,,,,,,,,,,,,,,,,,,,,
IRV,3:20,"IRV 40",3,1,10,"I Formation Normal HB Counter","4-3 Under Double Safety Blitz",4,7,18,"1-10-IRV 40 (3:19) 22-Evan McNamara ran to IRV 44 for 4 yards. Tackle by 99-Robert Ramos.","#18 Norman Harris - QB","#22 Evan McNamara - RB",,,"#87 Anton Holt - WR","#84 Justin Martin - TE",,"#83 Robert Chubb - WR",,"#10 Robert Pleasant - WR",,,"#62 James Rogers - RG","#72 George Medina - LG","#64 Scott Marin - C","#69 Anthony Battle - RG","#79 Eduardo Johnson - RT",,"#61 Frank Meyer - RDE",,"#79 Joseph Lawrence - DT","#74 Monte Needham - DT","#75 Donald Freeland - RDE","#99 Robert Ramos - CB","#9 Ramon Esposito - MLB",,"#50 Anthony Hawkins - WLB","#49 Jorge Neff - CB","#48 Joel Matthews - CB",,,,"#23 Harold Scott - CB","#22 Roy Stephenson - SS",,,,,,,,,,,,,,,,,,,,,,,,,,,,,,,,,,,,
IRV,2:43,"IRV 44",3,2,6,"Shotgun Normal HB Dive","Nickel Normal SS Blitz",3,7,18,"2-6-IRV 44 (2:42) 43-Michael Stewart ran to IRV 47 for 3 yards. Tackle by 23-Harold Scott.","#18 Norman Harris - QB","#25 Michael Stewart - WR",,,,"#84 Justin Martin - TE",,"#83 Robert Chubb - WR","#87 Anton Holt - WR","#10 Robert Pleasant - WR",,,"#62 James Rogers - RG","#72 George Medina - LG","#64 Scott Marin - C","#69 Anthony Battle - RG","#79 Eduardo Johnson - RT",,"#61 Frank Meyer - RDE",,"#79 Joseph Lawrence - DT","#74 Monte Needham - DT","#75 Donald Freeland - RDE",,"#9 Ramon Esposito - MLB",,"#50 Anthony Hawkins - WLB","#49 Jorge Neff - CB","#48 Joel Matthews - CB",,"#43 John Ross - CB",,"#23 Harold Scott - CB","#22 Roy Stephenson - SS",,,,,,,,,,,,,,,,,,,,,,,,,,,,,,,,,,,,
IRV,2:01,"IRV 47",3,3,4,"Singleback Normal FL Post","Nickel 3-3-5 Cover 2 Man Under",15,7,18,"3-4-IRV 47 (2:00) 18-Norman Harris pass complete to 87-Anton Holt to BCB 39 for 15 yards. Tackle by 22-Roy Stephenson. 87-Anton Holt made a great move on the CB.","#18 Norman Harris - QB","#22 Evan McNamara - RB",,,,"#84 Justin Martin - TE",,"#83 Robert Chubb - WR","#87 Anton Holt - WR","#10 Robert Pleasant - WR",,,"#62 James Rogers - RG","#72 George Medina - LG","#64 Scott Marin - C","#69 Anthony Battle - RG","#79 Eduardo Johnson - RT",,"#61 Frank Meyer - RDE",,"#79 Joseph Lawrence - DT",,"#75 Donald Freeland - RDE","#99 Robert Ramos - CB","#9 Ramon Esposito - MLB",,"#50 Anthony Hawkins - WLB","#49 Jorge Neff - CB","#48 Joel Matthews - CB",,"#43 John Ross - CB",,"#23 Harold Scott - CB","#22 Roy Stephenson - SS",,,,,,,,,,,,,,,,,,,,,,,,,,,,,,,,,,,,
IRV,1:14,"BCB 39",3,1,10,"I Formation Normal FL Hitch","4-3 Under 2 Deep Flat Outside",,7,18,"1-10-BCB 39 (1:13) 18-Norman Harris pass Pass knocked down by 27-Jorge Neff. incomplete, intended for 83-Robert Chubb.","#18 Norman Harris - QB","#25 Michael Stewart - WR",,,"#87 Anton Holt - WR","#84 Justin Martin - TE",,"#83 Robert Chubb - WR",,"#10 Robert Pleasant - WR",,,"#62 James Rogers - RG","#72 George Medina - LG","#64 Scott Marin - C","#69 Anthony Battle - RG","#79 Eduardo Johnson - RT",,"#61 Frank Meyer - RDE",,"#79 Joseph Lawrence - DT","#74 Monte Needham - DT","#75 Donald Freeland - RDE","#99 Robert Ramos - CB","#9 Ramon Esposito - MLB",,"#50 Anthony Hawkins - WLB","#49 Jorge Neff - CB","#48 Joel Matthews - CB",,,,"#23 Harold Scott - CB","#22 Roy Stephenson - SS",,,,,,,,,,,,,,,,,,,,,,,,,,,,,,,,,,,,
IRV,1:09,"BCB 39",3,2,10,"Shotgun Normal HB Sweep","Nickel 3-3-5 Cover 2 Man Under",-1,7,18,"2-10-BCB 39 (1:10) 43-Michael Stewart ran to BCB 39 for -1 yards. Tackle by 43-John Ross.","#18 Norman Harris - QB","#25 Michael Stewart - WR",,,,"#84 Justin Martin - TE",,"#83 Robert Chubb - WR","#87 Anton Holt - WR","#10 Robert Pleasant - WR",,,"#62 James Rogers - RG","#72 George Medina - LG","#64 Scott Marin - C","#69 Anthony Battle - RG","#79 Eduardo Johnson - RT",,"#61 Frank Meyer - RDE",,"#79 Joseph Lawrence - DT",,"#75 Donald Freeland - RDE","#99 Robert Ramos - CB","#9 Ramon Esposito - MLB",,"#50 Anthony Hawkins - WLB","#49 Jorge Neff - CB","#48 Joel Matthews - CB",,"#43 John Ross - CB",,"#23 Harold Scott - CB","#22 Roy Stephenson - SS",,,,,,,,,,,,,,,,,,,,,,,,,,,,,,,,,,,,
IRV,0:34,"BCB 39",3,3,11,"Shotgun 2 RB 3 WR WR Curl","Nickel Normal SS Blitz",,7,18,"3-11-BCB 39 (0:33) 18-Norman Harris pass incomplete, intended for 87-Anton Holt.","#18 Norman Harris - QB","#22 Evan McNamara - RB","#35 Rudy Pineda - RB",,,,,"#10 Robert Pleasant - WR","#13 Melvin Rhoden - WR","#87 Anton Holt - WR",,,"#62 James Rogers - RG","#72 George Medina - LG","#64 Scott Marin - C","#69 Anthony Battle - RG","#79 Eduardo Johnson - RT",,"#61 Frank Meyer - RDE",,"#79 Joseph Lawrence - DT","#74 Monte Needham - DT","#75 Donald Freeland - RDE",,"#9 Ramon Esposito - MLB",,"#50 Anthony Hawkins - WLB","#49 Jorge Neff - CB","#48 Joel Matthews - CB",,"#43 John Ross - CB",,"#23 Harold Scott - CB","#22 Roy Stephenson - SS",,,,,,,,,,,,,,,,,,,,,,,,,,,,,,,,,,,,
IRV,0:29,"BCB 39",3,4,11,"Field Goal","FG Block",50,10,18,"4-11-BCB 39 (0:30) 12-Charles Berry 58 yard field goal is GOOD. IRV 85-Justin Martin was injured on the play. He looks like he should be able to return. IRV 10 BCB 18",,,,,,,,,,,,,,,,,,,,,,,,,,,,,,,,,,,,"#9 Todd Mattison - P","#64 Scott Marin - C",,,,,,,,,,,,,,"#12 Charles Berry - K","#66 Joe Warner - C","#62 James Rogers - RG","#72 George Medina - LG","#84 Justin Martin - TE","#84 Terrance Brown - FB","#79 Eduardo Johnson - RT","#72 Kenneth Ness - LT","#31 Mark Savage - LG","#97 Saul Kelley - DT","#61 Frank Meyer - RDE","#51 Terry Charles - CB","#69 Raymond Thomas - RT","#95 Robert Jowers - WLB","#63 Thomas Gardner - LT","#94 Benny Sayre - LDE","#91 Richard Jones - RDE","#74 Monte Needham - DT","#75 Donald Freeland - RDE","#50 Anthony Hawkins - WLB"
IRV,0:25,"IRV 35",3,6,10,Kickoff,"Kick Return",,10,18,"(0:26) 12-Charles Berry kicks 73 yards from IRV 35 to BCB -8. 80-Ralph Xiong to BCB 27 for 35 yards. Tackle by 45-Michael Gabriel.",,,,,,,,,,,,,,,,,,,,,,,,,,,,,,,,,,,,,,"#80 Ralph Xiong - WR",,"#79 Joseph Lawrence - DT","#75 Donald Freeland - RDE","#43 John Ross - CB","#74 Monte Needham - DT","#48 Joel Matthews - CB","#99 Robert Ramos - CB","#16 Andrew Walters - WR","#49 Jorge Neff - CB","#9 Ramon Esposito - MLB","#61 Frank Meyer - RDE","#12 Charles Berry - K",,,,,,,,,,,,,,,,,,,,
BCB,0:18,"BCB 27",3,1,10,"I Formation Power Play Action HB Downfield","4-3 Under Crash Right",,10,18,"1-10-BCB 27 (0:19) 10-George Oliver pass Pass knocked down by 29-Floyd Velazquez. incomplete, intended for 81-Jason Alvarez.","#10 George Oliver - QB","#39 Jeremy Sampson - RB",,"#48 Dale Hawkins - RB","#41 Javier Lee - WR","#81 Jason Alvarez - TE",,"#89 Jerry Jamison - WR",,,,,"#63 Thomas Gardner - LT","#69 Raymond Thomas - RT","#57 Amos Lord - C","#78 Gerald Schirmer - LG","#53 Jonathan Fitch - RG",,"#55 Arthur Dempsey - DT",,"#78 Joseph Rodriguez - RDE","#73 Floyd Starnes - LDE","#61 Joe Gonzalez - LDE","#98 Jim Stucky - WLB","#58 Henry Tyler - WLB",,"#56 Robert Duchesne - CB","#27 Joseph Lokey - CB","#29 Floyd Velazquez - CB",,,,"#37 Mark Cox - FS","#28 Juan Castaneda - FS",,,,,,,,,,,,,,,,,,,,,,,,,,,,,,,,,,,,
BCB,0:14,"BCB 27",3,2,10,"I Formation Normal PA Outside Curls","3-4 Normal Man QB Spy",,10,18,"2-10-BCB 27 (0:15) 10-George Oliver pass Pass knocked down by 27-Joseph Lokey. incomplete, intended for 80-Ralph Xiong.","#10 George Oliver - QB","#89 Jerry Jamison - WR",,,"#41 Javier Lee - WR","#81 Jason Alvarez - TE",,"#16 Andrew Walters - WR",,"#80 Ralph Xiong - WR",,,"#63 Thomas Gardner - LT","#69 Raymond Thomas - RT","#57 Amos Lord - C","#78 Gerald Schirmer - LG","#53 Jonathan Fitch - RG",,"#73 Floyd Starnes - LDE",,"#57 Nathan McCauley - RDE",,"#78 Joseph Rodriguez - RDE","#53 David McHaney - SLB","#50 Bruce Kwok - MLB","#56 Jose Shelton - MLB","#56 Robert Duchesne - CB","#34 Steven Gerth - CB","#27 Joseph Lokey - CB",,,,"#24 Thomas Walker - SS","#45 Michael Gabriel - FS",,,,,,,,,,,,,,,,,,,,,,,,,,,,,,,,,,,,
BCB,0:11,"BCB 27",3,3,10,"I Formation 3WR SE Post","46 Heavy WLB Blitz",2,10,18,"3-10-BCB 27 (0:12) 10-George Oliver pass complete to 39-Jeremy Sampson to BCB 29 for 2 yards. Tackle by 34-Steven Gerth.","#10 George Oliver - QB","#39 Jeremy Sampson - RB",,,"#41 Javier Lee - WR",,,"#16 Andrew Walters - WR","#89 Jerry Jamison - WR","#80 Ralph Xiong - WR",,,"#63 Thomas Gardner - LT","#69 Raymond Thomas - RT","#57 Amos Lord - C","#78 Gerald Schirmer - LG","#53 Jonathan Fitch - RG",,"#73 Floyd Starnes - LDE",,"#57 Nathan McCauley - RDE","#55 Arthur Dempsey - DT","#78 Joseph Rodriguez - RDE","#53 David McHaney - SLB","#50 Bruce Kwok - MLB",,"#56 Robert Duchesne - CB","#34 Steven Gerth - CB","#27 Joseph Lokey - CB",,,,"#24 Thomas Walker - SS","#45 Michael Gabriel - FS",,,,,,,,,,,,,,,,,,,,,,,,,,,,,,,,,,,,
,0:00,,3,4,8,,,,10,18,"End of third quarter.",,,,,,,,,,,,,,,,,,,,,,,,,,,,,,,,,,,,,,,,,,,,,,,,,,,,,,,,,,,,,,,,,,,,,,
BCB,15:00,"BCB 29",4,4,8,Punt,"Punt Return",,10,18,"4-8-BCB 29 (15:00) 8-Ralph Frost punts 49 yards to IRV 21. Fair Catch by 10-Robert Pleasant.",,,,,,,,,,,,,,,,,,"#8 Ralph Frost - P",,,,,,,,,,,,,,,,,,,"#63 Thomas Gardner - LT",,"#10 Robert Pleasant - WR",,,"#78 Joseph Rodriguez - RDE","#57 Nathan McCauley - RDE","#34 Steven Gerth - CB",,"#73 Floyd Starnes - LDE","#24 Thomas Walker - SS",,"#45 Michael Gabriel - FS",,,,"#59 James Riley - LT","#69 Raymond Thomas - RT","#78 Gerald Schirmer - LG","#56 Carlos Bryant - RG","#84 Martin Jackson - LT","#53 Jonathan Fitch - RG",,"#98 Jim Stucky - WLB","#53 David McHaney - SLB","#50 Bruce Kwok - MLB","#56 Robert Duchesne - CB",,,,,,,
IRV,14:53,"IRV 21",4,1,10,"Shotgun 2 RB 3 WR WR Curl","Nickel Normal SS Blitz",4,10,18,"1-10-IRV 21 (14:54) 18-Norman Harris pass complete to 10-Robert Pleasant to IRV 25 for 4 yards. Tackle by 48-Joel Matthews.","#18 Norman Harris - QB","#25 Michael Stewart - WR","#22 Evan McNamara - RB",,,,,"#83 Robert Chubb - WR","#87 Anton Holt - WR","#10 Robert Pleasant - WR",,,"#62 James Rogers - RG","#72 George Medina - LG","#64 Scott Marin - C","#69 Anthony Battle - RG","#79 Eduardo Johnson - RT",,"#61 Frank Meyer - RDE",,"#79 Joseph Lawrence - DT","#74 Monte Needham - DT","#75 Donald Freeland - RDE",,"#9 Ramon Esposito - MLB",,"#50 Anthony Hawkins - WLB","#49 Jorge Neff - CB","#48 Joel Matthews - CB",,"#43 John Ross - CB",,"#23 Harold Scott - CB","#22 Roy Stephenson - SS",,,,,,,,,,,,,,,,,,,,,,,,,,,,,,,,,,,,
IRV,14:10,"IRV 25",4,2,6,"Shotgun Normal HB Flare","Nickel Strong 2 Deep Man Under",15,10,18,"2-6-IRV 25 (14:09) 18-Norman Harris pass complete to 85-Justin Martin to IRV 41 for 15 yards. Tackle by 23-Harold Scott.","#18 Norman Harris - QB","#25 Michael Stewart - WR",,,,"#84 Justin Martin - TE",,"#83 Robert Chubb - WR","#87 Anton Holt - WR","#10 Robert Pleasant - WR",,,"#62 James Rogers - RG","#72 George Medina - LG","#64 Scott Marin - C","#69 Anthony Battle - RG","#79 Eduardo Johnson - RT",,"#61 Frank Meyer - RDE",,"#79 Joseph Lawrence - DT","#74 Monte Needham - DT","#75 Donald Freeland - RDE",,"#9 Ramon Esposito - MLB",,"#50 Anthony Hawkins - WLB","#49 Jorge Neff - CB","#48 Joel Matthews - CB",,"#43 John Ross - CB",,"#23 Harold Scott - CB","#22 Roy Stephenson - SS",,,,,,,,,,,,,,,,,,,,,,,,,,,,,,,,,,,,
IRV,13:34,"IRV 41",4,1,10,"Strong I Normal Counter Strong","4-3 Under Crash Right",6,10,18,"1-10-IRV 41 (13:33) 22-Evan McNamara ran to IRV 46 for 6 yards. Tackle by 27-Jorge Neff.","#18 Norman Harris - QB","#22 Evan McNamara - RB",,,"#84 Justin Martin - TE","#87 Anton Holt - WR",,"#83 Robert Chubb - WR",,"#10 Robert Pleasant - WR",,,"#62 James Rogers - RG","#72 George Medina - LG","#64 Scott Marin - C","#69 Anthony Battle - RG","#79 Eduardo Johnson - RT",,"#61 Frank Meyer - RDE",,"#79 Joseph Lawrence - DT","#74 Monte Needham - DT","#75 Donald Freeland - RDE","#99 Robert Ramos - CB","#9 Ramon Esposito - MLB",,"#50 Anthony Hawkins - WLB","#49 Jorge Neff - CB","#48 Joel Matthews - CB",,,,"#23 Harold Scott - CB","#22 Roy Stephenson - SS",,,,,,,,,,,,,,,,,,,,,,,,,,,,,,,,,,,,
IRV,13:00,"IRV 46",4,2,4,"I Formation Normal HB Counter","4-3 Under Crash Right",4,10,18,"2-4-IRV 46 (12:59) 43-Michael Stewart ran to BCB 50 for 4 yards. Tackle by 27-Jorge Neff.","#18 Norman Harris - QB","#25 Michael Stewart - WR",,,"#87 Anton Holt - WR","#84 Justin Martin - TE",,"#83 Robert Chubb - WR",,"#10 Robert Pleasant - WR",,,"#62 James Rogers - RG","#72 George Medina - LG","#64 Scott Marin - C","#69 Anthony Battle - RG","#79 Eduardo Johnson - RT",,"#61 Frank Meyer - RDE",,"#79 Joseph Lawrence - DT","#74 Monte Needham - DT","#75 Donald Freeland - RDE","#99 Robert Ramos - CB","#9 Ramon Esposito - MLB",,"#50 Anthony Hawkins - WLB","#49 Jorge Neff - CB","#48 Joel Matthews - CB",,,,"#23 Harold Scott - CB","#22 Roy Stephenson - SS",,,,,,,,,,,,,,,,,,,,,,,,,,,,,,,,,,,,
IRV,12:22,"BCB 50",4,3,,"Shotgun 2 RB 3 WR WR Curl","Nickel 3-3-5 Cover 2 Man Under",,10,18,"3-1-BCB 50 (12:21) 18-Norman Harris pass incomplete, intended for 10-Robert Pleasant. That pass kind of wobbled as it was released.","#18 Norman Harris - QB","#22 Evan McNamara - RB","#35 Rudy Pineda - RB",,,,,"#83 Robert Chubb - WR","#87 Anton Holt - WR","#10 Robert Pleasant - WR",,,"#62 James Rogers - RG","#72 George Medina - LG","#64 Scott Marin - C","#69 Anthony Battle - RG","#79 Eduardo Johnson - RT",,"#61 Frank Meyer - RDE",,"#79 Joseph Lawrence - DT",,"#75 Donald Freeland - RDE","#99 Robert Ramos - CB","#9 Ramon Esposito - MLB",,"#50 Anthony Hawkins - WLB","#49 Jorge Neff - CB","#48 Joel Matthews - CB",,"#43 John Ross - CB",,"#23 Harold Scott - CB","#22 Roy Stephenson - SS",,,,,,,,,,,,,,,,,,,,,,,,,,,,,,,,,,,,
IRV,12:17,"BCB 50",4,4,,Punt,"Punt Return",51,10,18,"4-1-BCB 50 (12:18) 9-Todd Mattison punts 51 yards to BCB -1.4-1-BCB 50 (12:18) 9-Todd Mattison punts 51 yards to BCB -1. Touchback.",,,,,,,,,,,,,,,,,,"#9 Todd Mattison - P",,,,,,,,,,,,,,,,,,,"#64 Scott Marin - C",,"#48 Joel Matthews - CB",,,"#16 Andrew Walters - WR","#99 Robert Ramos - CB","#43 John Ross - CB",,"#49 Jorge Neff - CB","#74 Monte Needham - DT",,"#75 Donald Freeland - RDE",,,,"#62 James Rogers - RG","#72 George Medina - LG","#84 Justin Martin - TE","#84 Terrance Brown - FB","#79 Eduardo Johnson - RT","#72 Kenneth Ness - LT",,"#97 Saul Kelley - DT","#61 Frank Meyer - RDE","#51 Terry Charles - CB","#69 Raymond Thomas - RT",,,,,,,
BCB,12:09,"BCB 20",4,1,10,"Strong I Normal HB Dive Strong","46 Heavy WLB Blitz",4,10,18,"1-10-BCB 20 (12:10) 89-Jerry Jamison ran to BCB 24 for 4 yards. Tackle by 24-Thomas Walker.","#10 George Oliver - QB","#89 Jerry Jamison - WR",,,"#41 Javier Lee - WR","#81 Jason Alvarez - TE",,"#16 Andrew Walters - WR",,"#80 Ralph Xiong - WR",,,"#63 Thomas Gardner - LT","#69 Raymond Thomas - RT","#57 Amos Lord - C","#78 Gerald Schirmer - LG","#53 Jonathan Fitch - RG",,"#73 Floyd Starnes - LDE",,"#57 Nathan McCauley - RDE","#55 Arthur Dempsey - DT","#78 Joseph Rodriguez - RDE","#98 Jim Stucky - WLB","#56 Jose Shelton - MLB",,"#56 Robert Duchesne - CB","#27 Joseph Lokey - CB","#29 Floyd Velazquez - CB",,,,"#24 Thomas Walker - SS","#45 Michael Gabriel - FS",,,,,,,,,,,,,,,,,,,,,,,,,,,,,,,,,,,,
BCB,11:35,"BCB 24",4,2,6,"I Formation Power HB Draw","Goal Line Attack #1",4,10,18,"2-6-BCB 24 (11:34) 89-Jerry Jamison ran to BCB 28 for 4 yards. Tackle by 24-Thomas Walker. IRV 70-Joseph Rodriguez was injured on the play.","#10 George Oliver - QB","#89 Jerry Jamison - WR",,"#39 Jeremy Sampson - RB","#41 Javier Lee - WR","#81 Jason Alvarez - TE",,"#16 Andrew Walters - WR",,,,,"#63 Thomas Gardner - LT","#69 Raymond Thomas - RT","#57 Amos Lord - C","#78 Gerald Schirmer - LG","#53 Jonathan Fitch - RG",,"#73 Floyd Starnes - LDE","#61 Joe Gonzalez - LDE","#57 Nathan McCauley - RDE","#55 Arthur Dempsey - DT","#78 Joseph Rodriguez - RDE","#98 Jim Stucky - WLB","#56 Jose Shelton - MLB",,"#56 Robert Duchesne - CB","#27 Joseph Lokey - CB","#29 Floyd Velazquez - CB",,,,"#24 Thomas Walker - SS",,,,,,,,,,,,,,,,,,,,,,,,,,,,,,,,,,,,,
BCB,10:57,"BCB 28",4,3,2,"Strong I Normal Counter Strong","Dime Flat 2 Deep Man Under",3,10,18,"3-2-BCB 28 (10:56) 89-Jerry Jamison ran to BCB 31 for 3 yards. Tackle by 50-Bruce Kwok.","#10 George Oliver - QB","#89 Jerry Jamison - WR",,,"#41 Javier Lee - WR","#81 Jason Alvarez - TE",,"#16 Andrew Walters - WR",,"#80 Ralph Xiong - WR",,,"#63 Thomas Gardner - LT","#69 Raymond Thomas - RT","#57 Amos Lord - C","#78 Gerald Schirmer - LG","#53 Jonathan Fitch - RG",,"#73 Floyd Starnes - LDE",,"#57 Nathan McCauley - RDE","#55 Arthur Dempsey - DT","#57 William Page - RDE",,"#50 Bruce Kwok - MLB",,,"#34 Steven Gerth - CB","#27 Joseph Lokey - CB","#23 Charlie Carrera - CB","#29 Floyd Velazquez - CB",,"#24 Thomas Walker - SS","#45 Michael Gabriel - FS",,,,,,,,,,,,,,,,,,,,,,,,,,,,,,,,,,,,
BCB,10:22,"BCB 31",4,1,10,"Goal Line Normal HB Pitch Weak","4-3 Under Crash Right",5,10,18,"1-10-BCB 31 (10:21) 89-Jerry Jamison ran to BCB 36 for 5 yards. Tackle by 53-David McHaney.","#10 George Oliver - QB","#89 Jerry Jamison - WR",,"#48 Dale Hawkins - RB","#39 Jeremy Sampson - RB","#81 Jason Alvarez - TE","#41 Javier Lee - WR",,,,,,"#63 Thomas Gardner - LT","#69 Raymond Thomas - RT","#57 Amos Lord - C","#78 Gerald Schirmer - LG","#53 Jonathan Fitch - RG",,"#73 Floyd Starnes - LDE",,"#57 Nathan McCauley - RDE","#55 Arthur Dempsey - DT","#57 William Page - RDE","#53 David McHaney - SLB","#50 Bruce Kwok - MLB",,"#56 Robert Duchesne - CB","#34 Steven Gerth - CB","#27 Joseph Lokey - CB",,,,"#24 Thomas Walker - SS","#45 Michael Gabriel - FS",,,,,,,,,,,,,,,,,,,,,,,,,,,,,,,,,,,,
BCB,9:38,"BCB 36",4,2,5,"I Formation Power Play Action HB Downfield","4-3 Under Inside LB Blitz",19,10,18,"2-5-BCB 36 (9:37) 10-George Oliver pass complete to 81-Jason Alvarez to IRV 45 for 19 yards. Tackle by 27-Joseph Lokey.","#10 George Oliver - QB","#39 Jeremy Sampson - RB",,"#48 Dale Hawkins - RB","#41 Javier Lee - WR","#81 Jason Alvarez - TE",,"#16 Andrew Walters - WR",,,,,"#63 Thomas Gardner - LT","#69 Raymond Thomas - RT","#57 Amos Lord - C","#78 Gerald Schirmer - LG","#53 Jonathan Fitch - RG",,"#73 Floyd Starnes - LDE",,"#57 Nathan McCauley - RDE","#55 Arthur Dempsey - DT","#57 William Page - RDE","#53 David McHaney - SLB","#50 Bruce Kwok - MLB",,"#56 Robert Duchesne - CB","#27 Joseph Lokey - CB","#29 Floyd Velazquez - CB",,,,"#24 Thomas Walker - SS","#45 Michael Gabriel - FS",,,,,,,,,,,,,,,,,,,,,,,,,,,,,,,,,,,,
BCB,8:52,"IRV 45",4,1,10,"I Formation Normal PA Outside Curls","3-4 Normal Man Cover 1",1,10,18,"1-10-IRV 45 (8:51) 10-George Oliver pass complete to 16-Andrew Walters to IRV 44 for 1 yards. Tackle by 34-Steven Gerth. PENALTY - Holding (BCB 57-Amos Lord)","#10 George Oliver - QB","#89 Jerry Jamison - WR",,,"#41 Javier Lee - WR","#81 Jason Alvarez - TE",,"#16 Andrew Walters - WR",,"#80 Ralph Xiong - WR",,,"#63 Thomas Gardner - LT","#69 Raymond Thomas - RT","#57 Amos Lord - C","#78 Gerald Schirmer - LG","#53 Jonathan Fitch - RG",,"#73 Floyd Starnes - LDE",,"#57 Nathan McCauley - RDE",,"#57 William Page - RDE","#53 David McHaney - SLB","#50 Bruce Kwok - MLB","#56 Jose Shelton - MLB","#56 Robert Duchesne - CB","#34 Steven Gerth - CB","#27 Joseph Lokey - CB",,,,"#24 Thomas Walker - SS","#45 Michael Gabriel - FS",,,,,,,,,,,,,,,,,,,,,,,,,,,,,,,,,,,,
BCB,8:45,"BCB 45",4,1,20,"Shotgun Normal Double Outs","Nickel 3-3-5 Cover 2 Man Under",,10,18,"1-20-BCB 45 (8:46) 10-George Oliver pass Pass knocked down by 29-Floyd Velazquez. incomplete, intended for 89-Jerry Jamison.","#10 George Oliver - QB","#39 Jeremy Sampson - RB",,,,"#81 Jason Alvarez - TE",,"#16 Andrew Walters - WR","#89 Jerry Jamison - WR","#80 Ralph Xiong - WR",,,"#63 Thomas Gardner - LT","#69 Raymond Thomas - RT","#57 Amos Lord - C","#78 Gerald Schirmer - LG","#53 Jonathan Fitch - RG",,"#73 Floyd Starnes - LDE",,"#57 Nathan McCauley - RDE",,"#57 William Page - RDE","#53 David McHaney - SLB","#50 Bruce Kwok - MLB",,"#56 Robert Duchesne - CB","#34 Steven Gerth - CB","#27 Joseph Lokey - CB",,"#29 Floyd Velazquez - CB",,"#37 Mark Cox - FS","#45 Michael Gabriel - FS",,,,,,,,,,,,,,,,,,,,,,,,,,,,,,,,,,,,
BCB,8:42,"BCB 45",4,2,20,"Shotgun 2 RB 3 WR FL Drag","Nickel 3-3-5 Cover 2 Man Under",,10,18,"2-20-BCB 45 (8:43) 10-George Oliver pass Pass knocked down by 29-Floyd Velazquez. incomplete, intended for 39-Jeremy Sampson.","#10 George Oliver - QB","#39 Jeremy Sampson - RB","#48 Dale Hawkins - RB",,,,,"#80 Ralph Xiong - WR","#16 Andrew Walters - WR","#13 Cory Delaney - WR",,,"#63 Thomas Gardner - LT","#69 Raymond Thomas - RT","#57 Amos Lord - C","#78 Gerald Schirmer - LG","#53 Jonathan Fitch - RG",,"#73 Floyd Starnes - LDE",,"#57 Nathan McCauley - RDE",,"#57 William Page - RDE","#98 Jim Stucky - WLB","#56 Jose Shelton - MLB",,"#56 Robert Duchesne - CB","#29 Floyd Velazquez - CB","#23 Charlie Carrera - CB",,"#48 Richard Felten - CB",,"#24 Thomas Walker - SS","#28 Juan Castaneda - FS",,,,,,,,,,,,,,,,,,,,,,,,,,,,,,,,,,,,
BCB,8:39,"BCB 45",4,3,20,"Shotgun 2 RB 3 WR RB Curls","Dime Normal LB Blitz",,10,18,"3-20-BCB 45 (8:40) 10-George Oliver pass incomplete, dropped by 45-Dale Hawkins. Excellent coverage on that play.","#10 George Oliver - QB","#48 Dale Hawkins - RB","#41 Javier Lee - WR",,,,,"#80 Ralph Xiong - WR","#13 Cory Delaney - WR","#89 Jerry Jamison - WR",,,"#63 Thomas Gardner - LT","#69 Raymond Thomas - RT","#57 Amos Lord - C","#78 Gerald Schirmer - LG","#53 Jonathan Fitch - RG",,"#73 Floyd Starnes - LDE",,"#57 Nathan McCauley - RDE","#50 Bruce Kwok - MLB","#57 William Page - RDE",,"#53 David McHaney - SLB",,,"#34 Steven Gerth - CB","#27 Joseph Lokey - CB","#23 Charlie Carrera - CB","#29 Floyd Velazquez - CB",,"#24 Thomas Walker - SS","#45 Michael Gabriel - FS",,,,,,,,,,,,,,,,,,,,,,,,,,,,,,,,,,,,
BCB,8:37,"BCB 45",4,4,20,Punt,"Punt Return",,10,18,"4-20-BCB 45 (8:38) 8-Ralph Frost punts 45 yards to IRV 10. 10-Robert Pleasant to IRV 12 for 2 yards. Tackle by 43-John Ross.",,,,,,,,,,,,,,,,,,"#8 Ralph Frost - P",,,,,,,,,,,,,,,,,,,"#63 Thomas Gardner - LT",,"#10 Robert Pleasant - WR",,,"#78 Joseph Rodriguez - RDE","#57 Nathan McCauley - RDE","#34 Steven Gerth - CB",,"#73 Floyd Starnes - LDE","#24 Thomas Walker - SS",,"#45 Michael Gabriel - FS",,,,"#59 James Riley - LT","#69 Raymond Thomas - RT","#78 Gerald Schirmer - LG","#56 Carlos Bryant - RG","#84 Martin Jackson - LT","#53 Jonathan Fitch - RG",,"#98 Jim Stucky - WLB","#53 David McHaney - SLB","#50 Bruce Kwok - MLB","#56 Robert Duchesne - CB",,,,,,,
IRV,8:29,"IRV 12",4,1,10,"Shotgun Normal HB Sweep","Nickel Normal SS Blitz",5,10,18,"1-10-IRV 12 (8:30) 43-Michael Stewart ran to IRV 18 for 5 yards. Tackle by 48-Joel Matthews. 10-Robert Pleasant missed that block completely.","#18 Norman Harris - QB","#25 Michael Stewart - WR",,,,"#84 Justin Martin - TE",,"#83 Robert Chubb - WR","#87 Anton Holt - WR","#10 Robert Pleasant - WR",,,"#62 James Rogers - RG","#72 George Medina - LG","#64 Scott Marin - C","#69 Anthony Battle - RG","#79 Eduardo Johnson - RT",,"#61 Frank Meyer - RDE",,"#79 Joseph Lawrence - DT","#74 Monte Needham - DT","#75 Donald Freeland - RDE",,"#9 Ramon Esposito - MLB",,"#50 Anthony Hawkins - WLB","#49 Jorge Neff - CB","#48 Joel Matthews - CB",,"#43 John Ross - CB",,"#23 Harold Scott - CB","#22 Roy Stephenson - SS",,,,,,,,,,,,,,,,,,,,,,,,,,,,,,,,,,,,
IRV,7:44,"IRV 18",4,2,5,"Strong I Normal WR Post TE Out","4-3 Under Crash Right",,10,18,"2-5-IRV 18 (7:43) 18-Norman Harris pass incomplete, dropped by 83-Robert Chubb. Pressure by 74-Monte Needham.","#18 Norman Harris - QB","#22 Evan McNamara - RB",,,"#84 Justin Martin - TE","#87 Anton Holt - WR",,"#83 Robert Chubb - WR",,"#10 Robert Pleasant - WR",,,"#62 James Rogers - RG","#72 George Medina - LG","#64 Scott Marin - C","#69 Anthony Battle - RG","#79 Eduardo Johnson - RT",,"#61 Frank Meyer - RDE",,"#79 Joseph Lawrence - DT","#74 Monte Needham - DT","#75 Donald Freeland - RDE","#99 Robert Ramos - CB","#9 Ramon Esposito - MLB",,"#50 Anthony Hawkins - WLB","#49 Jorge Neff - CB","#48 Joel Matthews - CB",,,,"#23 Harold Scott - CB","#22 Roy Stephenson - SS",,,,,,,,,,,,,,,,,,,,,,,,,,,,,,,,,,,,
IRV,7:38,"IRV 18",4,3,5,"I Formation Normal HB Counter","4-3 Under 2 Deep Flat Outside",10,10,18,"3-5-IRV 18 (7:39) 43-Michael Stewart ran to IRV 28 for 10 yards. Tackle by 27-Jorge Neff. BCB 79-Joseph Lawrence was injured on the play.","#18 Norman Harris - QB","#25 Michael Stewart - WR",,,"#87 Anton Holt - WR","#84 Justin Martin - TE",,"#83 Robert Chubb - WR",,"#10 Robert Pleasant - WR",,,"#62 James Rogers - RG","#72 George Medina - LG","#64 Scott Marin - C","#69 Anthony Battle - RG","#79 Eduardo Johnson - RT",,"#61 Frank Meyer - RDE",,"#79 Joseph Lawrence - DT","#74 Monte Needham - DT","#75 Donald Freeland - RDE","#99 Robert Ramos - CB","#9 Ramon Esposito - MLB",,"#50 Anthony Hawkins - WLB","#49 Jorge Neff - CB","#48 Joel Matthews - CB",,,,"#23 Harold Scott - CB","#22 Roy Stephenson - SS",,,,,,,,,,,,,,,,,,,,,,,,,,,,,,,,,,,,
IRV,6:54,"IRV 28",4,1,10,"Weak I Normal HB Inside Weak","4-3 Normal Double Safety Blitz",2,10,18,"1-10-IRV 28 (6:53) 22-Evan McNamara ran to IRV 29 for 2 yards. Tackle by 91-Richard Jones.","#18 Norman Harris - QB","#22 Evan McNamara - RB",,,"#84 Terrance Brown - FB","#84 Justin Martin - TE",,"#10 Robert Pleasant - WR",,"#87 Anton Holt - WR",,,"#62 James Rogers - RG","#72 George Medina - LG","#64 Scott Marin - C","#69 Anthony Battle - RG","#79 Eduardo Johnson - RT",,"#61 Frank Meyer - RDE",,"#74 Monte Needham - DT","#91 Richard Jones - RDE","#75 Donald Freeland - RDE","#99 Robert Ramos - CB","#9 Ramon Esposito - MLB",,"#50 Anthony Hawkins - WLB","#49 Jorge Neff - CB","#48 Joel Matthews - CB",,,,"#23 Harold Scott - CB","#22 Roy Stephenson - SS",,,,,,,,,,,,,,,,,,,,,,,,,,,,,,,,,,,,
IRV,6:09,"IRV 29",4,2,8,"Strong I Normal Counter Strong","4-3 Normal Double Safety Blitz",3,10,18,"2-8-IRV 29 (6:08) 22-Evan McNamara ran to IRV 32 for 3 yards. Tackle by 50-Anthony Hawkins.","#18 Norman Harris - QB","#22 Evan McNamara - RB",,,"#84 Justin Martin - TE","#87 Anton Holt - WR",,"#83 Robert Chubb - WR",,"#10 Robert Pleasant - WR",,,"#62 James Rogers - RG","#72 George Medina - LG","#64 Scott Marin - C","#69 Anthony Battle - RG","#79 Eduardo Johnson - RT",,"#61 Frank Meyer - RDE",,"#74 Monte Needham - DT","#91 Richard Jones - RDE","#75 Donald Freeland - RDE","#99 Robert Ramos - CB","#9 Ramon Esposito - MLB",,"#50 Anthony Hawkins - WLB","#49 Jorge Neff - CB","#48 Joel Matthews - CB",,,,"#23 Harold Scott - CB","#22 Roy Stephenson - SS",,,,,,,,,,,,,,,,,,,,,,,,,,,,,,,,,,,,
IRV,5:24,"IRV 32",4,3,5,"Singleback Normal HB Release Mid","Nickel Strong Man Strong Zone Weak",,10,18,"3-5-IRV 32 (5:23) 18-Norman Harris pass incomplete, intended for 43-Michael Stewart.","#18 Norman Harris - QB","#25 Michael Stewart - WR",,,,"#84 Justin Martin - TE",,"#83 Robert Chubb - WR","#87 Anton Holt - WR","#10 Robert Pleasant - WR",,,"#62 James Rogers - RG","#72 George Medina - LG","#64 Scott Marin - C","#69 Anthony Battle - RG","#79 Eduardo Johnson - RT",,"#61 Frank Meyer - RDE",,"#74 Monte Needham - DT","#91 Richard Jones - RDE","#75 Donald Freeland - RDE",,"#9 Ramon Esposito - MLB",,"#50 Anthony Hawkins - WLB","#49 Jorge Neff - CB","#48 Joel Matthews - CB",,"#43 John Ross - CB",,"#23 Harold Scott - CB","#22 Roy Stephenson - SS",,,,,,,,,,,,,,,,,,,,,,,,,,,,,,,,,,,,
IRV,5:19,"IRV 32",4,4,5,"Weak I Normal Skinny Posts","46 Normal Inside Blitz",,10,18,"4-5-IRV 32 (5:20) 18-Norman Harris pass incomplete, dropped by 22-Evan McNamara. Turnover on downs.","#18 Norman Harris - QB","#22 Evan McNamara - RB",,,"#84 Terrance Brown - FB","#84 Justin Martin - TE",,"#83 Robert Chubb - WR",,"#10 Robert Pleasant - WR",,,"#62 James Rogers - RG","#72 George Medina - LG","#64 Scott Marin - C","#69 Anthony Battle - RG","#79 Eduardo Johnson - RT",,"#61 Frank Meyer - RDE",,"#79 Joseph Lawrence - DT","#74 Monte Needham - DT","#75 Donald Freeland - RDE","#99 Robert Ramos - CB","#9 Ramon Esposito - MLB",,"#50 Anthony Hawkins - WLB","#49 Jorge Neff - CB","#48 Joel Matthews - CB",,,,"#23 Harold Scott - CB","#22 Roy Stephenson - SS",,,,,,,,,,,,,,,,,,,,,,,,,,,,,,,,,,,,
BCB,5:17,"IRV 32",4,1,10,"I Formation Power HB Dive Weak","46 Heavy WLB Blitz",2,10,18,"1-10-IRV 32 (5:18) 89-Jerry Jamison ran to IRV 31 for 2 yards. Tackle by 57-Nathan McCauley.","#10 George Oliver - QB","#89 Jerry Jamison - WR",,"#39 Jeremy Sampson - RB","#41 Javier Lee - WR","#81 Jason Alvarez - TE",,"#16 Andrew Walters - WR",,,,,"#63 Thomas Gardner - LT","#69 Raymond Thomas - RT","#57 Amos Lord - C","#78 Gerald Schirmer - LG","#53 Jonathan Fitch - RG",,"#73 Floyd Starnes - LDE",,"#57 Nathan McCauley - RDE","#55 Arthur Dempsey - DT","#78 Joseph Rodriguez - RDE","#53 David McHaney - SLB","#50 Bruce Kwok - MLB",,"#56 Robert Duchesne - CB","#34 Steven Gerth - CB","#27 Joseph Lokey - CB",,,,"#24 Thomas Walker - SS","#45 Michael Gabriel - FS",,,,,,,,,,,,,,,,,,,,,,,,,,,,,,,,,,,,
BCB,4:35,"IRV 31",4,2,8,"I Formation Power HB Draw","Goal Line Attack #3",4,10,18,"2-8-IRV 31 (4:34) 89-Jerry Jamison ran to IRV 26 for 4 yards. Tackle by 24-Thomas Walker.","#10 George Oliver - QB","#89 Jerry Jamison - WR",,"#39 Jeremy Sampson - RB","#41 Javier Lee - WR","#81 Jason Alvarez - TE",,"#16 Andrew Walters - WR",,,,,"#63 Thomas Gardner - LT","#69 Raymond Thomas - RT","#57 Amos Lord - C","#78 Gerald Schirmer - LG","#53 Jonathan Fitch - RG",,"#73 Floyd Starnes - LDE","#61 Joe Gonzalez - LDE","#57 Nathan McCauley - RDE","#55 Arthur Dempsey - DT","#78 Joseph Rodriguez - RDE","#53 David McHaney - SLB","#50 Bruce Kwok - MLB",,"#56 Robert Duchesne - CB","#34 Steven Gerth - CB","#27 Joseph Lokey - CB",,,,"#24 Thomas Walker - SS",,,,,,,,,,,,,,,,,,,,,,,,,,,,,,,,,,,,,
BCB,4:01,"IRV 26",4,3,4,"I Formation 3WR HB Toss Strong","Dime Normal LB Blitz",-5,10,18,"3-4-IRV 26 (4:00) 39-Jeremy Sampson ran to IRV 31 for -5 yards. Tackle by 73-Floyd Starnes.","#10 George Oliver - QB","#39 Jeremy Sampson - RB",,,"#41 Javier Lee - WR",,,"#16 Andrew Walters - WR","#89 Jerry Jamison - WR","#80 Ralph Xiong - WR",,,"#63 Thomas Gardner - LT","#69 Raymond Thomas - RT","#57 Amos Lord - C","#78 Gerald Schirmer - LG","#53 Jonathan Fitch - RG",,"#73 Floyd Starnes - LDE",,"#57 Nathan McCauley - RDE","#50 Bruce Kwok - MLB","#78 Joseph Rodriguez - RDE",,"#53 David McHaney - SLB",,,"#34 Steven Gerth - CB","#27 Joseph Lokey - CB","#23 Charlie Carrera - CB","#29 Floyd Velazquez - CB",,"#24 Thomas Walker - SS","#45 Michael Gabriel - FS",,,,,,,,,,,,,,,,,,,,,,,,,,,,,,,,,,,,
BCB,3:28,"IRV 31",4,4,9,"Field Goal","FG Block",42,10,21,"4-9-IRV 31 (3:27) 9-William Leonard 49 yard field goal is GOOD. IRV 10 BCB 21",,,,,,,,,,,,,,,,,,,,,,,,,,,,,,,,,,,,"#10 George Oliver - QB","#63 Thomas Gardner - LT",,,,,,,,,,,,,,"#9 William Leonard - K","#74 Monte Needham - DT","#59 James Riley - LT","#69 Raymond Thomas - RT","#78 Gerald Schirmer - LG","#56 Carlos Bryant - RG","#84 Martin Jackson - LT","#53 Jonathan Fitch - RG","#57 Amos Lord - C","#56 Robert Duchesne - CB","#53 David McHaney - SLB","#50 Bruce Kwok - MLB","#78 Joseph Rodriguez - RDE","#61 Joe Gonzalez - LDE","#58 Henry Tyler - WLB","#56 Jose Shelton - MLB","#98 Jim Stucky - WLB","#73 Floyd Starnes - LDE","#48 Richard Felten - CB","#34 Steven Gerth - CB"
BCB,3:23,"BCB 35",4,6,10,Kickoff,"Kick Return",,10,21,"(3:24) 15-Mark Castellanos kicks 74 yards from BCB 35 to IRV -9. Touchback.",,,,,,,,,,,,,,,,,,,,,,,,,,,,,,,,,,,,,,"#35 Rudy Pineda - RB",,"#57 William Page - RDE","#45 Michael Gabriel - FS","#50 Bruce Kwok - MLB","#24 Thomas Walker - SS","#34 Steven Gerth - CB","#57 Nathan McCauley - RDE","#53 David McHaney - SLB","#78 Joseph Rodriguez - RDE","#56 Jose Shelton - MLB","#73 Floyd Starnes - LDE","#15 Mark Castellanos - K",,,,,,,,,,,,,,,,,,,,
IRV,3:23,"IRV 25",4,1,10,"Strong I Normal Counter Strong","4-3 Normal Double Safety Blitz",1,10,21,"1-10-IRV 25 (3:24) 43-Michael Stewart ran to IRV 26 for 1 yards. Tackle by 23-Harold Scott.","#18 Norman Harris - QB","#25 Michael Stewart - WR",,,"#84 Justin Martin - TE","#87 Anton Holt - WR",,"#83 Robert Chubb - WR",,"#10 Robert Pleasant - WR",,,"#62 James Rogers - RG","#72 George Medina - LG","#64 Scott Marin - C","#69 Anthony Battle - RG","#79 Eduardo Johnson - RT",,"#61 Frank Meyer - RDE",,"#79 Joseph Lawrence - DT","#74 Monte Needham - DT","#75 Donald Freeland - RDE","#99 Robert Ramos - CB","#9 Ramon Esposito - MLB",,"#50 Anthony Hawkins - WLB","#49 Jorge Neff - CB","#48 Joel Matthews - CB",,,,"#23 Harold Scott - CB","#22 Roy Stephenson - SS",,,,,,,,,,,,,,,,,,,,,,,,,,,,,,,,,,,,
IRV,3:02,"IRV 26",4,2,9,"Weak I Normal HB Inside Weak","4-3 Under 2 Deep Flat Outside",9,10,21,"2-9-IRV 26 (3:01) 22-Evan McNamara ran to IRV 36 for 9 yards. Tackle by 27-Jorge Neff.","#18 Norman Harris - QB","#22 Evan McNamara - RB",,,"#84 Terrance Brown - FB","#84 Justin Martin - TE",,"#83 Robert Chubb - WR",,"#10 Robert Pleasant - WR",,,"#62 James Rogers - RG","#72 George Medina - LG","#64 Scott Marin - C","#69 Anthony Battle - RG","#79 Eduardo Johnson - RT",,"#61 Frank Meyer - RDE",,"#79 Joseph Lawrence - DT","#74 Monte Needham - DT","#75 Donald Freeland - RDE","#99 Robert Ramos - CB","#9 Ramon Esposito - MLB",,"#50 Anthony Hawkins - WLB","#49 Jorge Neff - CB","#48 Joel Matthews - CB",,,,"#23 Harold Scott - CB","#22 Roy Stephenson - SS",,,,,,,,,,,,,,,,,,,,,,,,,,,,,,,,,,,,
IRV,2:38,"IRV 36",4,1,10,"Weak I Normal HB Inside Strong","4-3 Under 2 Deep Flat Outside",2,10,21,"1-10-IRV 36 (2:37) 43-Michael Stewart ran to IRV 38 for 2 yards. Tackle by 79-Joseph Lawrence.","#18 Norman Harris - QB","#25 Michael Stewart - WR",,,"#22 Evan McNamara - RB","#84 Justin Martin - TE",,"#83 Robert Chubb - WR",,"#10 Robert Pleasant - WR",,,"#62 James Rogers - RG","#72 George Medina - LG","#64 Scott Marin - C","#69 Anthony Battle - RG","#79 Eduardo Johnson - RT",,"#61 Frank Meyer - RDE",,"#79 Joseph Lawrence - DT","#74 Monte Needham - DT","#75 Donald Freeland - RDE","#99 Robert Ramos - CB","#9 Ramon Esposito - MLB",,"#50 Anthony Hawkins - WLB","#49 Jorge Neff - CB","#48 Joel Matthews - CB",,,,"#23 Harold Scott - CB","#22 Roy Stephenson - SS",,,,,,,,,,,,,,,,,,,,,,,,,,,,,,,,,,,,
IRV,2:16,"IRV 38",4,2,8,"I Formation Normal HB Counter","4-3 Under Double Safety Blitz",-0,10,21,"2-8-IRV 38 (2:15) 22-Evan McNamara ran to IRV 37 for a short loss. Tackle by 61-Frank Meyer.","#18 Norman Harris - QB","#22 Evan McNamara - RB",,,"#87 Anton Holt - WR","#84 Justin Martin - TE",,"#83 Robert Chubb - WR",,"#10 Robert Pleasant - WR",,,"#62 James Rogers - RG","#72 George Medina - LG","#64 Scott Marin - C","#69 Anthony Battle - RG","#79 Eduardo Johnson - RT",,"#61 Frank Meyer - RDE",,"#79 Joseph Lawrence - DT","#74 Monte Needham - DT","#75 Donald Freeland - RDE","#99 Robert Ramos - CB","#9 Ramon Esposito - MLB",,"#50 Anthony Hawkins - WLB","#49 Jorge Neff - CB","#48 Joel Matthews - CB",,,,"#23 Harold Scott - CB","#22 Roy Stephenson - SS",,,,,,,,,,,,,,,,,,,,,,,,,,,,,,,,,,,,
,2:00,,4,3,8,,,,10,21,"Timeout for two minute warning.",,,,,,,,,,,,,,,,,,,,,,,,,,,,,,,,,,,,,,,,,,,,,,,,,,,,,,,,,,,,,,,,,,,,,,
IRV,2:00,"IRV 37",4,3,8,"I Formation Normal FL Hitch","4-3 Normal Double Safety Blitz",,10,21,"3-8-IRV 37 (2:00) 18-Norman Harris pass Pass knocked down by 27-Jorge Neff. incomplete, intended for 83-Robert Chubb. IRV 62-James Rogers was injured on the play.","#18 Norman Harris - QB","#25 Michael Stewart - WR",,,"#87 Anton Holt - WR","#84 Justin Martin - TE",,"#83 Robert Chubb - WR",,"#10 Robert Pleasant - WR",,,"#62 James Rogers - RG","#72 George Medina - LG","#64 Scott Marin - C","#69 Anthony Battle - RG","#79 Eduardo Johnson - RT",,"#61 Frank Meyer - RDE",,"#79 Joseph Lawrence - DT","#74 Monte Needham - DT","#75 Donald Freeland - RDE","#99 Robert Ramos - CB","#9 Ramon Esposito - MLB",,"#50 Anthony Hawkins - WLB","#49 Jorge Neff - CB","#48 Joel Matthews - CB",,,,"#23 Harold Scott - CB","#22 Roy Stephenson - SS",,,,,,,,,,,,,,,,,,,,,,,,,,,,,,,,,,,,
IRV,1:57,"IRV 37",4,4,8,"Shotgun 2 RB 3 WR WR Curl","Nickel 3-3-5 Cover 2 Man Under",,10,21,"4-8-IRV 37 (1:58) 18-Norman Harris pass incomplete, intended for 10-Robert Pleasant. 48-Joel Matthews got away with a hold on that play. That ball was not released cleanly. Turnover on downs.","#18 Norman Harris - QB","#25 Michael Stewart - WR","#22 Evan McNamara - RB",,,,,"#83 Robert Chubb - WR","#87 Anton Holt - WR","#10 Robert Pleasant - WR",,,"#72 Kenneth Ness - LT","#72 George Medina - LG","#64 Scott Marin - C","#69 Anthony Battle - RG","#79 Eduardo Johnson - RT",,"#61 Frank Meyer - RDE",,"#79 Joseph Lawrence - DT",,"#75 Donald Freeland - RDE","#99 Robert Ramos - CB","#9 Ramon Esposito - MLB",,"#50 Anthony Hawkins - WLB","#49 Jorge Neff - CB","#48 Joel Matthews - CB",,"#43 John Ross - CB",,"#23 Harold Scott - CB","#22 Roy Stephenson - SS",,,,,,,,,,,,,,,,,,,,,,,,,,,,,,,,,,,,
BCB,1:54,"IRV 37",4,1,10,"I Formation Normal HB Blast","Dime Normal Double WR1 WR2",7,10,21,"1-10-IRV 37 (1:55) 89-Jerry Jamison ran to IRV 30 for 7 yards. Tackle by 53-David McHaney.","#10 George Oliver - QB","#89 Jerry Jamison - WR",,,"#41 Javier Lee - WR","#81 Jason Alvarez - TE",,"#16 Andrew Walters - WR",,"#80 Ralph Xiong - WR",,,"#63 Thomas Gardner - LT","#69 Raymond Thomas - RT","#57 Amos Lord - C","#78 Gerald Schirmer - LG","#53 Jonathan Fitch - RG",,"#73 Floyd Starnes - LDE",,"#57 Nathan McCauley - RDE","#50 Bruce Kwok - MLB","#78 Joseph Rodriguez - RDE",,"#53 David McHaney - SLB",,,"#34 Steven Gerth - CB","#27 Joseph Lokey - CB","#23 Charlie Carrera - CB","#29 Floyd Velazquez - CB",,"#24 Thomas Walker - SS","#45 Michael Gabriel - FS",,,,,,,,,,,,,,,,,,,,,,,,,,,,,,,,,,,,
,1:51,,4,2,3,,,,10,21,"Timeout IRV",,,,,,,,,,,,,,,,,,,,,,,,,,,,,,,,,,,,,,,,,,,,,,,,,,,,,,,,,,,,,,,,,,,,,,
BCB,1:49,"IRV 30",4,2,3,"I Formation Power HB Sweep Weak","46 Heavy WLB Blitz",3,10,21,"2-3-IRV 30 (1:50) 89-Jerry Jamison ran to IRV 28 for 3 yards. Tackle by 92-Robert Duchesne.","#10 George Oliver - QB","#89 Jerry Jamison - WR",,"#39 Jeremy Sampson - RB","#41 Javier Lee - WR","#81 Jason Alvarez - TE",,"#16 Andrew Walters - WR",,,,,"#63 Thomas Gardner - LT","#69 Raymond Thomas - RT","#57 Amos Lord - C","#78 Gerald Schirmer - LG","#53 Jonathan Fitch - RG",,"#73 Floyd Starnes - LDE",,"#57 Nathan McCauley - RDE","#55 Arthur Dempsey - DT","#78 Joseph Rodriguez - RDE","#53 David McHaney - SLB","#50 Bruce Kwok - MLB",,"#56 Robert Duchesne - CB","#34 Steven Gerth - CB","#27 Joseph Lokey - CB",,,,"#24 Thomas Walker - SS","#45 Michael Gabriel - FS",,,,,,,,,,,,,,,,,,,,,,,,,,,,,,,,,,,,
,1:47,,4,3,,,,,10,21,"Timeout IRV",,,,,,,,,,,,,,,,,,,,,,,,,,,,,,,,,,,,,,,,,,,,,,,,,,,,,,,,,,,,,,,,,,,,,,
BCB,1:43,"IRV 28",4,3,,"I Formation Power HB Draw","3-4 Normal Man QB Spy",6,10,21,"3-1-IRV 28 (1:44) 89-Jerry Jamison ran to IRV 22 for 6 yards. Tackle by 24-Thomas Walker.","#10 George Oliver - QB","#89 Jerry Jamison - WR",,"#39 Jeremy Sampson - RB","#41 Javier Lee - WR","#81 Jason Alvarez - TE",,"#16 Andrew Walters - WR",,,,,"#63 Thomas Gardner - LT","#69 Raymond Thomas - RT","#57 Amos Lord - C","#78 Gerald Schirmer - LG","#53 Jonathan Fitch - RG",,"#73 Floyd Starnes - LDE",,"#57 Nathan McCauley - RDE",,"#78 Joseph Rodriguez - RDE","#53 David McHaney - SLB","#50 Bruce Kwok - MLB","#56 Jose Shelton - MLB","#56 Robert Duchesne - CB","#34 Steven Gerth - CB","#27 Joseph Lokey - CB",,,,"#24 Thomas Walker - SS","#45 Michael Gabriel - FS",,,,,,,,,,,,,,,,,,,,,,,,,,,,,,,,,,,,
,1:42,,4,1,10,,,,10,21,"Timeout IRV",,,,,,,,,,,,,,,,,,,,,,,,,,,,,,,,,,,,,,,,,,,,,,,,,,,,,,,,,,,,,,,,,,,,,,
BCB,1:39,"IRV 22",4,1,10,Victory,"Quarter Normal Man Short Zone",,10,21,"1-10-IRV 22 (1:40) 10-George Oliver kneeled down to IRV 22 for 0 yards.","#10 George Oliver - QB","#89 Jerry Jamison - WR",,"#48 Dale Hawkins - RB","#39 Jeremy Sampson - RB","#81 Jason Alvarez - TE","#41 Javier Lee - WR",,,,,,"#63 Thomas Gardner - LT","#69 Raymond Thomas - RT","#57 Amos Lord - C","#78 Gerald Schirmer - LG","#53 Jonathan Fitch - RG",,"#73 Floyd Starnes - LDE",,"#57 Nathan McCauley - RDE",,"#78 Joseph Rodriguez - RDE",,"#50 Bruce Kwok - MLB",,,"#34 Steven Gerth - CB","#27 Joseph Lokey - CB","#23 Charlie Carrera - CB","#29 Floyd Velazquez - CB","#48 Richard Felten - CB","#24 Thomas Walker - SS","#45 Michael Gabriel - FS",,,,,,,,,,,,,,,,,,,,,,,,,,,,,,,,,,,,
BCB,1:05,"IRV 22",4,2,10,Victory,"Quarter Normal Man Short Zone",,10,21,"2-10-IRV 22 (1:04) 10-George Oliver kneeled down to IRV 22 for 0 yards.","#10 George Oliver - QB","#89 Jerry Jamison - WR",,"#48 Dale Hawkins - RB","#39 Jeremy Sampson - RB","#81 Jason Alvarez - TE","#41 Javier Lee - WR",,,,,,"#63 Thomas Gardner - LT","#69 Raymond Thomas - RT","#57 Amos Lord - C","#78 Gerald Schirmer - LG","#53 Jonathan Fitch - RG",,"#73 Floyd Starnes - LDE",,"#57 Nathan McCauley - RDE",,"#78 Joseph Rodriguez - RDE",,"#50 Bruce Kwok - MLB",,,"#34 Steven Gerth - CB","#27 Joseph Lokey - CB","#23 Charlie Carrera - CB","#29 Floyd Velazquez - CB","#48 Richard Felten - CB","#24 Thomas Walker - SS","#45 Michael Gabriel - FS",,,,,,,,,,,,,,,,,,,,,,,,,,,,,,,,,,,,
BCB,0:28,"IRV 22",4,3,10,Victory,"Quarter Normal Man Short Zone",,10,21,"3-10-IRV 22 (0:27) 10-George Oliver kneeled down to IRV 22 for 0 yards.","#10 George Oliver - QB","#89 Jerry Jamison - WR",,"#48 Dale Hawkins - RB","#39 Jeremy Sampson - RB","#81 Jason Alvarez - TE","#41 Javier Lee - WR",,,,,,"#63 Thomas Gardner - LT","#69 Raymond Thomas - RT","#57 Amos Lord - C","#78 Gerald Schirmer - LG","#53 Jonathan Fitch - RG",,"#73 Floyd Starnes - LDE",,"#57 Nathan McCauley - RDE",,"#78 Joseph Rodriguez - RDE",,"#50 Bruce Kwok - MLB",,,"#34 Steven Gerth - CB","#27 Joseph Lokey - CB","#23 Charlie Carrera - CB","#29 Floyd Velazquez - CB","#48 Richard Felten - CB","#24 Thomas Walker - SS","#45 Michael Gabriel - FS",,,,,,,,,,,,,,,,,,,,,,,,,,,,,,,,,,,,
,0:00,,4,4,10,,,,10,21,"End of fourth quarter.",,,,,,,,,,,,,,,,,,,,,,,,,,,,,,,,,,,,,,,,,,,,,,,,,,,,,,,,,,,,,,,,,,,,,,
