HasBall,"Game Clock","Ball @",Quarter,Down,YTG,OffensivePlay,DefensivePlay,YardsGained,"Home Score","Away Score",Text,QB1,RB1,RB2,FB2,FB1,TE1,TE2,WR1,WR3,WR2,WR4,WR5,LT1,LG1,C1,RG1,RT1,P1,LDE1,LDE2,DT1,DT2,RDE1,SLB1,MLB1,MLB2,WLB1,CB1,CB2,CB4,CB3,CB5,SS1,FS1,FS2,"Kick Holder1","Long Snapper1","Kick Returner1","Punt Returner1",Gunner10,Gunner7,Gunner2,Gunner6,Gunner1,Gunner8,Gunner3,Gunner4,Gunner9,Gunner5,Kickoffs1,"Field Goal Kicker1","ST Blocker8","ST Blocker5","ST Blocker4","ST Blocker1","ST Blocker2","ST Blocker3","ST Blocker6","ST Blocker7","ST Rusher4","ST Rusher1","ST Rusher2","ST Rusher3","ST Rusher11","ST Rusher10","ST Rusher9","ST Rusher6","ST Rusher5","ST Rusher7","ST Rusher8"
,15:00,,1,2,6,,,,0,0,"SLC has won the toss and elected to receive.",,,,,,,,,,,,,,,,,,,,,,,,,,,,,,,,,,,,,,,,,,,,,,,,,,,,,,,,,,,,,,,,,,,,,,
ARZ,15:00,"ARZ 35",1,6,10,Kickoff,"Kick Return",,0,0,"(15:00) 6-William Grubb kicks 75 yards from ARZ 35 to SLC -10. Touchback.",,,,,,,,,,,,,,,,,,,,,,,,,,,,,,,,,,,,,,"#11 Larry Mitchell - WR",,"#76 Christopher Greco - LDE","#55 Darius Womack - MLB","#24 Donald Taylor - CB","#54 Tyler Carpenter - SLB","#92 Travis Chandler - DT","#93 Harold Pittman - MLB","#45 Levi Brandon - CB","#25 Luther Miller - CB","#67 Robert Austin - LG","#22 Dean Taylor - FS","#6 William Grubb - K",,,,,,,,,,,,,,,,,,,,
SLC,15:00,"SLC 25",1,1,10,"I Formation Normal HB Blast","4-3 Under Double Safety Blitz",1,0,0,"1-10-SLC 25 (15:00) 11-Larry Mitchell ran to SLC 26 for 1 yards. Tackle by 38-Salvador Thompson. SLC 11-Larry Mitchell was injured on the play. He looks like he should be able to return.","#1 Robert Jones - QB","#11 Larry Mitchell - WR",,,"#41 Joseph Fox - FB","#86 Gordon Brooks - TE",,"#15 Shawn Corder - WR",,"#14 Alfredo Mestas - WR",,,"#69 Rodolfo Hughes - LT","#67 Robert Austin - LG","#78 Rodney Poirier - C","#63 Charles Gordon - RG","#74 Randy Fuller - RT",,"#59 Christopher Ralston - RDE",,"#92 Jeffery Blackshire - DT","#68 Danny Angelo - DT","#79 Brian Pleas - RDE","#90 Ronald Macarthur - WLB","#97 Genaro Miller - MLB",,"#54 Antonio Lindsey - MLB","#39 Keith Brace - CB","#37 Keith Oliver - CB",,,,"#29 Alton Smith - SS","#38 Salvador Thompson - FS",,,,,,,,,,,,,,,,,,,,,,,,,,,,,,,,,,,,
SLC,14:22,"SLC 26",1,2,9,"I Formation 3WR Slot Corner Long","Nickel Normal 2 Deep",12,0,0,"2-9-SLC 26 (14:21) 1-Robert Jones pass complete to 15-Shawn Corder to SLC 37 for 12 yards. Tackle by 38-Salvador Thompson.","#1 Robert Jones - QB","#23 Thomas Welch - RB",,,"#41 Joseph Fox - FB",,,"#15 Shawn Corder - WR","#13 Jeffrey Lacey - WR","#14 Alfredo Mestas - WR",,,"#69 Rodolfo Hughes - LT","#67 Robert Austin - LG","#78 Rodney Poirier - C","#63 Charles Gordon - RG","#74 Randy Fuller - RT",,"#59 Christopher Ralston - RDE",,"#92 Jeffery Blackshire - DT","#68 Danny Angelo - DT","#79 Brian Pleas - RDE",,"#97 Genaro Miller - MLB",,"#54 Antonio Lindsey - MLB","#39 Keith Brace - CB","#37 Keith Oliver - CB",,"#32 John Jacob - CB",,"#29 Alton Smith - SS","#38 Salvador Thompson - FS",,,,,,,,,,,,,,,,,,,,,,,,,,,,,,,,,,,,
SLC,13:40,"SLC 37",1,1,10,"Weak I Big HB Lead Toss Weak","Goal Line 3 Deep Man",-1,0,0,"1-10-SLC 37 (13:39) 23-Thomas Welch ran to SLC 37 for -1 yards. Tackle by 97-Genaro Miller.","#1 Robert Jones - QB","#23 Thomas Welch - RB",,,"#41 Joseph Fox - FB","#86 Gordon Brooks - TE","#82 Matthew Shane - TE","#15 Shawn Corder - WR",,,,,"#69 Rodolfo Hughes - LT","#67 Robert Austin - LG","#78 Rodney Poirier - C","#63 Charles Gordon - RG","#74 Randy Fuller - RT",,"#59 Christopher Ralston - RDE","#98 Ralph Johnson - RDE","#92 Jeffery Blackshire - DT","#68 Danny Angelo - DT","#79 Brian Pleas - RDE","#90 Ronald Macarthur - WLB","#97 Genaro Miller - MLB",,"#54 Antonio Lindsey - MLB","#39 Keith Brace - CB","#37 Keith Oliver - CB",,,,"#29 Alton Smith - SS",,,,,,,,,,,,,,,,,,,,,,,,,,,,,,,,,,,,,
SLC,12:56,"SLC 37",1,2,11,"I Formation Normal FL Hitch","4-3 Under 2 Deep Flat Outside",,0,0,"2-11-SLC 37 (12:55) 1-Robert Jones pass incomplete, dropped by 86-Gordon Brooks. Pressure by 59-Christopher Ralston.","#1 Robert Jones - QB","#23 Thomas Welch - RB",,,"#41 Joseph Fox - FB","#86 Gordon Brooks - TE",,"#15 Shawn Corder - WR",,"#14 Alfredo Mestas - WR",,,"#69 Rodolfo Hughes - LT","#67 Robert Austin - LG","#78 Rodney Poirier - C","#63 Charles Gordon - RG","#74 Randy Fuller - RT",,"#59 Christopher Ralston - RDE",,"#92 Jeffery Blackshire - DT","#68 Danny Angelo - DT","#79 Brian Pleas - RDE","#90 Ronald Macarthur - WLB","#97 Genaro Miller - MLB",,"#54 Antonio Lindsey - MLB","#39 Keith Brace - CB","#37 Keith Oliver - CB",,,,"#29 Alton Smith - SS","#38 Salvador Thompson - FS",,,,,,,,,,,,,,,,,,,,,,,,,,,,,,,,,,,,
SLC,12:50,"SLC 37",1,3,11,"Shotgun Normal HB Flare","Nickel Normal Shallow Zone Deep",,0,0,"3-11-SLC 37 (12:51) 1-Robert Jones pass Pass knocked down by 54-Antonio Lindsey. incomplete, intended for 23-Thomas Welch.","#1 Robert Jones - QB","#23 Thomas Welch - RB",,,,"#86 Gordon Brooks - TE",,"#15 Shawn Corder - WR","#13 Jeffrey Lacey - WR","#14 Alfredo Mestas - WR",,,"#69 Rodolfo Hughes - LT","#67 Robert Austin - LG","#78 Rodney Poirier - C","#63 Charles Gordon - RG","#74 Randy Fuller - RT",,"#59 Christopher Ralston - RDE",,"#92 Jeffery Blackshire - DT","#68 Danny Angelo - DT","#79 Brian Pleas - RDE",,"#97 Genaro Miller - MLB",,"#54 Antonio Lindsey - MLB","#39 Keith Brace - CB","#37 Keith Oliver - CB",,"#32 John Jacob - CB",,"#29 Alton Smith - SS","#38 Salvador Thompson - FS",,,,,,,,,,,,,,,,,,,,,,,,,,,,,,,,,,,,
SLC,12:47,"SLC 37",1,4,11,Punt,"Punt Return",63,0,0,"4-11-SLC 37 (12:48) 3-Kyle Bowers punts 63 yards to ARZ 1.",,,,,,,,,,,,,,,,,,"#3 Kyle Bowers - P",,,,,,,,,,,,,,,,,,,"#67 Robert Austin - LG",,"#33 Richard White - RB",,,"#77 Juan Davis - RDE","#37 Keith Oliver - CB","#38 Salvador Thompson - FS",,"#51 Ryan Silva - SLB","#61 Glenn Hughes - LG",,"#39 Keith Brace - CB",,,,"#72 Steven Solomon - RT","#75 Ronald Lee - LG","#69 Rodolfo Hughes - LT","#74 Eddie Petrie - LT","#63 Charles Gordon - RG","#65 Eugene York - C",,"#59 Christopher Ralston - RDE","#98 Ralph Johnson - RDE","#64 Stephen Dotson - DT","#34 Joseph Toms - SS",,,,,,,
ARZ,12:37,"ARZ 1",1,1,10,"I Formation 3WR HB Toss Strong","Nickel Normal 2 Deep",1,0,0,"1-10-ARZ 1 (12:38) 44-Keith Valencia ran to ARZ 2 for 1 yards. Tackle by 76-Christopher Greco.","#1 Charles Sirianni - QB","#44 Keith Valencia - RB",,,"#36 Ramon Watford - FB",,,"#80 Shane Robinson - WR","#15 James Gonzales - WR","#85 Billy Richardson - WR",,,"#58 Marvin Shepherd - RG","#61 Glenn Hughes - LG","#76 Isaac Barclay - C","#62 Michael Schwartz - LG","#73 William White - RT",,"#76 Christopher Greco - LDE",,"#99 Joe Suggs - LDE","#98 Kevin Calder - DT","#94 William Andrews - RDE",,"#91 Andrew Horton - MLB",,"#57 Carl Hess - WLB","#29 Richard Goodman - CB","#45 James Taylor - CB",,"#37 Edward Smith - CB",,"#25 Luther Miller - CB","#22 Dean Taylor - FS",,,,,,,,,,,,,,,,,,,,,,,,,,,,,,,,,,,,
ARZ,12:04,"ARZ 2",1,2,9,"Goal Line Normal HB Off Tackle","4-3 Under 2 Deep Flat Outside",-1,0,0,"2-9-ARZ 2 (12:03) 44-Keith Valencia ran to ARZ 1 for -1 yards. Tackle by 76-Christopher Greco.","#1 Charles Sirianni - QB","#44 Keith Valencia - RB",,"#20 Rodney Henry - FB","#36 Ramon Watford - FB","#82 Richard Robertson - TE","#81 Lane Decosta - TE",,,,,,"#58 Marvin Shepherd - RG","#61 Glenn Hughes - LG","#76 Isaac Barclay - C","#62 Michael Schwartz - LG","#73 William White - RT",,"#76 Christopher Greco - LDE",,"#92 Travis Chandler - DT","#99 Joe Suggs - LDE","#94 William Andrews - RDE","#58 Eric Sharp - SLB","#91 Andrew Horton - MLB",,"#57 Carl Hess - WLB","#29 Richard Goodman - CB","#45 Levi Brandon - CB",,,,"#25 Luther Miller - CB","#22 Dean Taylor - FS",,,,,,,,,,,,,,,,,,,,,,,,,,,,,,,,,,,,
ARZ,11:22,"ARZ 1",1,3,10,"I Formation 3WR Slot Short WR Deep","Nickel Normal 2 Deep Zone Under",14,0,0,"3-10-ARZ 1 (11:21) 1-Charles Sirianni pass complete to 44-Keith Valencia to ARZ 15 for 14 yards. Tackle by 37-Edward Smith. Pressure by 76-Christopher Greco.","#1 Charles Sirianni - QB","#44 Keith Valencia - RB",,,"#36 Ramon Watford - FB",,,"#80 Shane Robinson - WR","#15 James Gonzales - WR","#85 Billy Richardson - WR",,,"#58 Marvin Shepherd - RG","#61 Glenn Hughes - LG","#76 Isaac Barclay - C","#62 Michael Schwartz - LG","#73 William White - RT",,"#76 Christopher Greco - LDE",,"#92 Travis Chandler - DT","#99 Joe Suggs - LDE","#94 William Andrews - RDE",,"#91 Andrew Horton - MLB",,"#57 Carl Hess - WLB","#22 Dean Taylor - FS","#29 Richard Goodman - CB",,"#45 Levi Brandon - CB",,"#25 Luther Miller - CB","#37 Edward Smith - CB",,,,,,,,,,,,,,,,,,,,,,,,,,,,,,,,,,,,
ARZ,10:37,"ARZ 15",1,1,10,"I Formation 3WR HB Inside Strong","Nickel Normal 2 Deep",12,0,0,"1-10-ARZ 15 (10:36) 44-Keith Valencia ran to ARZ 27 for 12 yards. Tackle by 25-Luther Miller.","#1 Charles Sirianni - QB","#44 Keith Valencia - RB",,,"#36 Ramon Watford - FB",,,"#80 Shane Robinson - WR","#15 James Gonzales - WR","#85 Billy Richardson - WR",,,"#58 Marvin Shepherd - RG","#61 Glenn Hughes - LG","#76 Isaac Barclay - C","#62 Michael Schwartz - LG","#73 William White - RT",,"#76 Christopher Greco - LDE",,"#99 Joe Suggs - LDE","#98 Kevin Calder - DT","#94 William Andrews - RDE",,"#91 Andrew Horton - MLB",,"#57 Carl Hess - WLB","#29 Richard Goodman - CB","#45 James Taylor - CB",,"#24 Donald Taylor - CB",,"#25 Luther Miller - CB","#22 Dean Taylor - FS",,,,,,,,,,,,,,,,,,,,,,,,,,,,,,,,,,,,
ARZ,10:00,"ARZ 27",1,1,10,"I Formation 3WR HB Toss Strong","Nickel Normal 2 Deep",-1,0,0,"1-10-ARZ 27 (9:59) 33-Richard White ran to ARZ 26 for -1 yards. Tackle by 76-Christopher Greco.","#1 Charles Sirianni - QB","#33 Richard White - RB",,,"#36 Ramon Watford - FB",,,"#80 Shane Robinson - WR","#15 James Gonzales - WR","#85 Billy Richardson - WR",,,"#58 Marvin Shepherd - RG","#61 Glenn Hughes - LG","#76 Isaac Barclay - C","#62 Michael Schwartz - LG","#73 William White - RT",,"#76 Christopher Greco - LDE",,"#92 Travis Chandler - DT","#99 Joe Suggs - LDE","#94 William Andrews - RDE",,"#91 Andrew Horton - MLB",,"#57 Carl Hess - WLB","#29 Richard Goodman - CB","#45 Levi Brandon - CB",,"#45 James Taylor - CB",,"#25 Luther Miller - CB","#22 Dean Taylor - FS",,,,,,,,,,,,,,,,,,,,,,,,,,,,,,,,,,,,
ARZ,9:20,"ARZ 26",1,2,11,"Strong I Normal HB Off Tackle Strong","4-3 Under 2 Deep Flat Outside",12,0,0,"2-11-ARZ 26 (9:19) 44-Keith Valencia ran to ARZ 38 for 12 yards. Tackle by 25-Luther Miller.","#1 Charles Sirianni - QB","#44 Keith Valencia - RB",,,"#36 Ramon Watford - FB","#82 Richard Robertson - TE",,"#80 Shane Robinson - WR",,"#85 Billy Richardson - WR",,,"#58 Marvin Shepherd - RG","#61 Glenn Hughes - LG","#76 Isaac Barclay - C","#62 Michael Schwartz - LG","#73 William White - RT",,"#76 Christopher Greco - LDE",,"#92 Travis Chandler - DT","#99 Joe Suggs - LDE","#94 William Andrews - RDE","#58 Eric Sharp - SLB","#91 Andrew Horton - MLB",,"#57 Carl Hess - WLB","#29 Richard Goodman - CB","#45 Levi Brandon - CB",,,,"#25 Luther Miller - CB","#22 Dean Taylor - FS",,,,,,,,,,,,,,,,,,,,,,,,,,,,,,,,,,,,
ARZ,8:44,"ARZ 38",1,1,10,"Shotgun Normal Double Outs","Nickel Strong Man Strong Zone Weak",2,0,0,"1-10-ARZ 38 (8:43) 1-Charles Sirianni pass complete to 12-Derek Sund to ARZ 40 for 2 yards. Tackle by 24-Donald Taylor. ARZ 12-Derek Sund was injured on the play. He looks like he should be able to return.","#1 Charles Sirianni - QB","#33 Richard White - RB",,,,"#82 Richard Robertson - TE",,"#15 James Gonzales - WR","#12 Derek Sund - WR","#86 Chauncey Haile - WR",,,"#58 Marvin Shepherd - RG","#61 Glenn Hughes - LG","#76 Isaac Barclay - C","#62 Michael Schwartz - LG","#73 William White - RT",,"#76 Christopher Greco - LDE",,"#92 Travis Chandler - DT","#99 Joe Suggs - LDE","#94 William Andrews - RDE",,"#91 Andrew Horton - MLB",,"#57 Carl Hess - WLB","#29 Richard Goodman - CB","#45 James Taylor - CB",,"#24 Donald Taylor - CB",,"#25 Luther Miller - CB","#22 Dean Taylor - FS",,,,,,,,,,,,,,,,,,,,,,,,,,,,,,,,,,,,
ARZ,8:06,"ARZ 40",1,2,8,"Strong I Normal HB Off Tackle Strong","46 Normal Strong Blitz",-1,0,0,"2-8-ARZ 40 (8:05) 33-Richard White ran to ARZ 39 for -1 yards. Tackle by 24-Donald Taylor.","#1 Charles Sirianni - QB","#33 Richard White - RB",,,"#36 Ramon Watford - FB","#82 Richard Robertson - TE",,"#80 Shane Robinson - WR",,"#85 Billy Richardson - WR",,,"#58 Marvin Shepherd - RG","#61 Glenn Hughes - LG","#76 Isaac Barclay - C","#62 Michael Schwartz - LG","#73 William White - RT",,"#76 Christopher Greco - LDE",,"#92 Travis Chandler - DT","#99 Joe Suggs - LDE","#94 William Andrews - RDE","#58 Eric Sharp - SLB","#91 Andrew Horton - MLB",,"#57 Carl Hess - WLB","#22 Dean Taylor - FS","#29 Richard Goodman - CB",,,,"#24 Donald Taylor - CB","#37 Edward Smith - CB",,,,,,,,,,,,,,,,,,,,,,,,,,,,,,,,,,,,
ARZ,7:22,"ARZ 39",1,3,9,"Goal Line Normal HB Outside Strong","4-3 Under Strong Blitz Outside",-1,0,0,"3-9-ARZ 39 (7:21) 44-Keith Valencia ran to ARZ 38 for -1 yards. Tackle by 76-Christopher Greco.","#1 Charles Sirianni - QB","#44 Keith Valencia - RB",,"#20 Rodney Henry - FB","#36 Ramon Watford - FB","#82 Richard Robertson - TE","#81 Lane Decosta - TE",,,,,,"#58 Marvin Shepherd - RG","#61 Glenn Hughes - LG","#76 Isaac Barclay - C","#62 Michael Schwartz - LG","#73 William White - RT",,"#76 Christopher Greco - LDE",,"#92 Travis Chandler - DT","#99 Joe Suggs - LDE","#94 William Andrews - RDE","#58 Eric Sharp - SLB","#91 Andrew Horton - MLB",,"#57 Carl Hess - WLB","#22 Dean Taylor - FS","#29 Richard Goodman - CB",,,,"#25 Luther Miller - CB","#37 Edward Smith - CB",,,,,,,,,,,,,,,,,,,,,,,,,,,,,,,,,,,,
,7:19,,1,4,10,,,,0,0,"Timeout ARZ",,,,,,,,,,,,,,,,,,,,,,,,,,,,,,,,,,,,,,,,,,,,,,,,,,,,,,,,,,,,,,,,,,,,,,
ARZ,6:41,"ARZ 38",1,4,10,Punt,"Punt Return",59,0,0,"4-10-ARZ 38 (6:42) 19-Dennis Mork punts 59 yards to SLC 4.",,,,,,,,,,,,,,,,,,"#19 Dennis Mork - P",,,,,,,,,,,,,,,,,,,"#61 Glenn Hughes - LG",,"#21 Rudy Pineda - RB",,,"#24 Donald Taylor - CB","#54 Tyler Carpenter - SLB","#92 Travis Chandler - DT",,"#45 Levi Brandon - CB","#25 Luther Miller - CB",,"#22 Dean Taylor - FS",,,,"#58 Marvin Shepherd - RG","#60 Timothy Holton - LT","#62 Michael Schwartz - LG","#55 Matthew Williamson - LT","#70 Louis Lincoln - LG","#36 Ramon Watford - FB",,"#98 Kevin Calder - DT","#94 William Andrews - RDE","#95 Kirk Parish - LDE","#55 Darius Womack - MLB",,,,,,,
SLC,6:30,"SLC 4",1,1,10,"Singleback Slot Strong HB Counter","Nickel 3-3-5 Cover 2 Man Under",8,0,0,"1-10-SLC 4 (6:31) 23-Thomas Welch ran to SLC 12 for 8 yards. Tackle by 29-Alton Smith.","#1 Robert Jones - QB","#23 Thomas Welch - RB",,,,"#86 Gordon Brooks - TE",,"#15 Shawn Corder - WR","#13 Jeffrey Lacey - WR","#14 Alfredo Mestas - WR",,,"#69 Rodolfo Hughes - LT","#67 Robert Austin - LG","#78 Rodney Poirier - C","#63 Charles Gordon - RG","#74 Randy Fuller - RT",,"#59 Christopher Ralston - RDE",,"#92 Jeffery Blackshire - DT",,"#79 Brian Pleas - RDE","#90 Ronald Macarthur - WLB","#97 Genaro Miller - MLB",,"#54 Antonio Lindsey - MLB","#39 Keith Brace - CB","#37 Keith Oliver - CB",,"#32 John Jacob - CB",,"#29 Alton Smith - SS","#45 David Fisher - FS",,,,,,,,,,,,,,,,,,,,,,,,,,,,,,,,,,,,
SLC,5:51,"SLC 12",1,2,2,"Weak I Big HB Dive Strong","Goal Line 3 Deep Man",1,0,0,"2-2-SLC 12 (5:50) 23-Thomas Welch ran to SLC 13 for 1 yards. Tackle by 37-Keith Oliver.","#1 Robert Jones - QB","#23 Thomas Welch - RB",,,"#41 Joseph Fox - FB","#86 Gordon Brooks - TE","#82 Matthew Shane - TE","#15 Shawn Corder - WR",,,,,"#69 Rodolfo Hughes - LT","#67 Robert Austin - LG","#78 Rodney Poirier - C","#63 Charles Gordon - RG","#74 Randy Fuller - RT",,"#59 Christopher Ralston - RDE","#77 Juan Davis - RDE","#92 Jeffery Blackshire - DT","#68 Danny Angelo - DT","#79 Brian Pleas - RDE","#90 Ronald Macarthur - WLB","#97 Genaro Miller - MLB",,"#54 Antonio Lindsey - MLB","#39 Keith Brace - CB","#37 Keith Oliver - CB",,,,"#29 Alton Smith - SS",,,,,,,,,,,,,,,,,,,,,,,,,,,,,,,,,,,,,
SLC,5:19,"SLC 13",1,3,1,"Shotgun Normal HB Sweep","Nickel 3-3-5 Cover 2 Man Under",,0,0,"3-1-SLC 13 (5:18) PENALTY - False Start (SLC 13-Jeffrey Lacey)","#1 Robert Jones - QB","#23 Thomas Welch - RB",,,,"#86 Gordon Brooks - TE",,"#15 Shawn Corder - WR","#13 Jeffrey Lacey - WR","#14 Alfredo Mestas - WR",,,"#69 Rodolfo Hughes - LT","#67 Robert Austin - LG","#78 Rodney Poirier - C","#63 Charles Gordon - RG","#74 Randy Fuller - RT",,"#59 Christopher Ralston - RDE",,"#92 Jeffery Blackshire - DT",,"#79 Brian Pleas - RDE","#90 Ronald Macarthur - WLB","#97 Genaro Miller - MLB",,"#54 Antonio Lindsey - MLB","#39 Keith Brace - CB","#37 Keith Oliver - CB",,"#32 John Jacob - CB",,"#29 Alton Smith - SS","#38 Salvador Thompson - FS",,,,,,,,,,,,,,,,,,,,,,,,,,,,,,,,,,,,
SLC,5:17,"SLC 8",1,3,6,"Weak I Normal HB Inside Weak","4-3 Under 2 Deep Flat Outside",9,0,0,"3-6-SLC 8 (5:18) 23-Thomas Welch ran to SLC 17 for 9 yards. Tackle by 29-Alton Smith.","#1 Robert Jones - QB","#23 Thomas Welch - RB",,,"#41 Joseph Fox - FB","#86 Gordon Brooks - TE",,"#15 Shawn Corder - WR",,"#14 Alfredo Mestas - WR",,,"#69 Rodolfo Hughes - LT","#67 Robert Austin - LG","#78 Rodney Poirier - C","#63 Charles Gordon - RG","#74 Randy Fuller - RT",,"#59 Christopher Ralston - RDE",,"#92 Jeffery Blackshire - DT","#68 Danny Angelo - DT","#79 Brian Pleas - RDE","#90 Ronald Macarthur - WLB","#97 Genaro Miller - MLB",,"#54 Antonio Lindsey - MLB","#39 Keith Brace - CB","#37 Keith Oliver - CB",,,,"#29 Alton Smith - SS","#38 Salvador Thompson - FS",,,,,,,,,,,,,,,,,,,,,,,,,,,,,,,,,,,,
SLC,4:37,"SLC 17",1,1,10,"Shotgun 4 Wide Slot Drag","Dime Flat MLB SS Blitz",-0,0,0,"1-10-SLC 17 (4:36) PENALTY - False Start (SLC 1-Robert Jones)","#1 Robert Jones - QB","#23 Thomas Welch - RB",,,,,,"#15 Shawn Corder - WR","#13 Jeffrey Lacey - WR","#14 Alfredo Mestas - WR","#85 Joshua Burton - WR",,"#69 Rodolfo Hughes - LT","#67 Robert Austin - LG","#78 Rodney Poirier - C","#63 Charles Gordon - RG","#74 Randy Fuller - RT",,"#59 Christopher Ralston - RDE",,"#92 Jeffery Blackshire - DT","#68 Danny Angelo - DT","#79 Brian Pleas - RDE",,"#97 Genaro Miller - MLB",,,"#39 Keith Brace - CB","#37 Keith Oliver - CB","#45 David Fisher - FS","#32 John Jacob - CB",,"#29 Alton Smith - SS","#38 Salvador Thompson - FS",,,,,,,,,,,,,,,,,,,,,,,,,,,,,,,,,,,,
SLC,4:35,"SLC 12",1,1,15,"I Formation 3WR SE Post","Nickel 3-3-5 Cover 2 Man Under",,0,0,"1-15-SLC 12 (4:36) 1-Robert Jones pass Pass knocked down by 39-Keith Brace. incomplete, intended for 15-Shawn Corder.","#1 Robert Jones - QB","#23 Thomas Welch - RB",,,"#41 Joseph Fox - FB",,,"#15 Shawn Corder - WR","#13 Jeffrey Lacey - WR","#14 Alfredo Mestas - WR",,,"#69 Rodolfo Hughes - LT","#67 Robert Austin - LG","#78 Rodney Poirier - C","#63 Charles Gordon - RG","#74 Randy Fuller - RT",,"#59 Christopher Ralston - RDE",,"#92 Jeffery Blackshire - DT",,"#79 Brian Pleas - RDE","#90 Ronald Macarthur - WLB","#97 Genaro Miller - MLB",,"#54 Antonio Lindsey - MLB","#39 Keith Brace - CB","#37 Keith Oliver - CB",,"#32 John Jacob - CB",,"#29 Alton Smith - SS","#38 Salvador Thompson - FS",,,,,,,,,,,,,,,,,,,,,,,,,,,,,,,,,,,,
SLC,4:31,"SLC 12",1,2,15,"Shotgun 2 RB 3 WR FL Drag","Nickel 3-3-5 Cover 2 Man Under",-1,0,0,"2-15-SLC 12 (4:32) 1-Robert Jones pass complete to 23-Thomas Welch to SLC 10 for -1 yards. Tackle by 39-Keith Brace.","#1 Robert Jones - QB","#23 Thomas Welch - RB","#21 Rudy Pineda - RB",,,,,"#15 Shawn Corder - WR","#13 Jeffrey Lacey - WR","#14 Alfredo Mestas - WR",,,"#69 Rodolfo Hughes - LT","#67 Robert Austin - LG","#78 Rodney Poirier - C","#63 Charles Gordon - RG","#74 Randy Fuller - RT",,"#59 Christopher Ralston - RDE",,"#92 Jeffery Blackshire - DT",,"#79 Brian Pleas - RDE","#90 Ronald Macarthur - WLB","#97 Genaro Miller - MLB",,"#54 Antonio Lindsey - MLB","#39 Keith Brace - CB","#37 Keith Oliver - CB",,"#32 John Jacob - CB",,"#29 Alton Smith - SS","#38 Salvador Thompson - FS",,,,,,,,,,,,,,,,,,,,,,,,,,,,,,,,,,,,
SLC,3:53,"SLC 10",1,3,16,"I Formation Normal HB Toss Weak","3-4 Normal 3 Deep Zone Under",-4,0,0,"3-16-SLC 10 (3:52) 11-Larry Mitchell ran to SLC 7 for -4 yards. Tackle by 90-Ronald Macarthur.","#1 Robert Jones - QB","#11 Larry Mitchell - WR",,,"#41 Joseph Fox - FB","#86 Gordon Brooks - TE",,"#15 Shawn Corder - WR",,"#14 Alfredo Mestas - WR",,,"#69 Rodolfo Hughes - LT","#67 Robert Austin - LG","#78 Rodney Poirier - C","#63 Charles Gordon - RG","#74 Randy Fuller - RT",,"#59 Christopher Ralston - RDE",,"#92 Jeffery Blackshire - DT",,"#79 Brian Pleas - RDE","#90 Ronald Macarthur - WLB","#97 Genaro Miller - MLB","#52 Derrick Rodriguez - MLB","#54 Antonio Lindsey - MLB","#39 Keith Brace - CB","#37 Keith Oliver - CB",,,,"#29 Alton Smith - SS","#38 Salvador Thompson - FS",,,,,,,,,,,,,,,,,,,,,,,,,,,,,,,,,,,,
SLC,3:17,"SLC 7",1,4,20,Punt,"Punt Return",,0,0,"4-20-SLC 7 (3:16) 3-Kyle Bowers punts 45 yards to ARZ 48. Fair Catch by 33-Richard White. SLC 72-Steven Solomon was injured on the play. He looks like he should be able to return.",,,,,,,,,,,,,,,,,,"#3 Kyle Bowers - P",,,,,,,,,,,,,,,,,,,"#67 Robert Austin - LG",,"#33 Richard White - RB",,,"#51 Ryan Silva - SLB","#45 David Fisher - FS","#38 Salvador Thompson - FS",,"#61 Glenn Hughes - LG","#39 Keith Brace - CB",,"#37 Keith Oliver - CB",,,,"#72 Steven Solomon - RT","#75 Ronald Lee - LG","#69 Rodolfo Hughes - LT","#74 Eddie Petrie - LT","#63 Charles Gordon - RG","#65 Eugene York - C",,"#34 Joseph Toms - SS","#98 Ralph Johnson - RDE","#77 Juan Davis - RDE","#64 Stephen Dotson - DT",,,,,,,
ARZ,3:08,"ARZ 48",1,1,10,"I Formation 3WR HB Toss Strong","Nickel Strong Man Strong Zone Weak",1,0,0,"1-10-ARZ 48 (3:09) 44-Keith Valencia ran to ARZ 49 for 1 yards. Tackle by 92-Travis Chandler. ARZ 58-Marvin Shepherd was injured on the play. He looks like he should be able to return.","#1 Charles Sirianni - QB","#44 Keith Valencia - RB",,,"#36 Ramon Watford - FB",,,"#80 Shane Robinson - WR","#15 James Gonzales - WR","#85 Billy Richardson - WR",,,"#58 Marvin Shepherd - RG","#61 Glenn Hughes - LG","#76 Isaac Barclay - C","#62 Michael Schwartz - LG","#73 William White - RT",,"#76 Christopher Greco - LDE",,"#92 Travis Chandler - DT","#99 Joe Suggs - LDE","#94 William Andrews - RDE",,"#91 Andrew Horton - MLB",,"#57 Carl Hess - WLB","#22 Dean Taylor - FS","#29 Richard Goodman - CB",,"#45 Levi Brandon - CB",,"#25 Luther Miller - CB","#37 Edward Smith - CB",,,,,,,,,,,,,,,,,,,,,,,,,,,,,,,,,,,,
ARZ,2:33,"ARZ 49",1,2,9,"I Formation 3WR HB Inside Strong","Nickel Normal SS Blitz",2,0,0,"2-9-ARZ 49 (2:32) 44-Keith Valencia ran to SLC 48 for 2 yards. Tackle by 92-Travis Chandler.","#1 Charles Sirianni - QB","#44 Keith Valencia - RB",,,"#36 Ramon Watford - FB",,,"#80 Shane Robinson - WR","#15 James Gonzales - WR","#85 Billy Richardson - WR",,,"#55 Matthew Williamson - LT","#61 Glenn Hughes - LG","#76 Isaac Barclay - C","#62 Michael Schwartz - LG","#73 William White - RT",,"#76 Christopher Greco - LDE",,"#92 Travis Chandler - DT","#99 Joe Suggs - LDE","#94 William Andrews - RDE",,"#91 Andrew Horton - MLB",,"#57 Carl Hess - WLB","#22 Dean Taylor - FS","#29 Richard Goodman - CB",,"#45 Levi Brandon - CB",,"#25 Luther Miller - CB","#37 Edward Smith - CB",,,,,,,,,,,,,,,,,,,,,,,,,,,,,,,,,,,,
ARZ,1:55,"SLC 48",1,3,7,"Goal Line Normal HB Pitch Weak","4-3 Under 2 Deep Flat Outside",11,0,0,"3-7-SLC 48 (1:54) 44-Keith Valencia ran to SLC 37 for 11 yards. Tackle by 29-Richard Goodman.","#1 Charles Sirianni - QB","#44 Keith Valencia - RB",,"#20 Rodney Henry - FB","#36 Ramon Watford - FB","#82 Richard Robertson - TE","#81 Lane Decosta - TE",,,,,,"#55 Matthew Williamson - LT","#61 Glenn Hughes - LG","#76 Isaac Barclay - C","#62 Michael Schwartz - LG","#73 William White - RT",,"#76 Christopher Greco - LDE",,"#92 Travis Chandler - DT","#99 Joe Suggs - LDE","#94 William Andrews - RDE","#58 Eric Sharp - SLB","#91 Andrew Horton - MLB",,"#57 Carl Hess - WLB","#29 Richard Goodman - CB","#45 Levi Brandon - CB",,,,"#25 Luther Miller - CB","#22 Dean Taylor - FS",,,,,,,,,,,,,,,,,,,,,,,,,,,,,,,,,,,,
ARZ,1:08,"SLC 37",1,1,10,"Goal Line Normal HB Off Tackle","4-3 Under Wide Line",8,0,0,"1-10-SLC 37 (1:07) 33-Richard White ran to SLC 29 for 8 yards. Tackle by 25-Luther Miller.","#1 Charles Sirianni - QB","#33 Richard White - RB",,"#20 Rodney Henry - FB","#36 Ramon Watford - FB","#82 Richard Robertson - TE","#81 Lane Decosta - TE",,,,,,"#55 Matthew Williamson - LT","#61 Glenn Hughes - LG","#76 Isaac Barclay - C","#62 Michael Schwartz - LG","#73 William White - RT",,"#76 Christopher Greco - LDE",,"#92 Travis Chandler - DT","#99 Joe Suggs - LDE","#94 William Andrews - RDE","#58 Eric Sharp - SLB","#91 Andrew Horton - MLB",,"#57 Carl Hess - WLB","#29 Richard Goodman - CB","#45 Levi Brandon - CB",,,,"#25 Luther Miller - CB","#22 Dean Taylor - FS",,,,,,,,,,,,,,,,,,,,,,,,,,,,,,,,,,,,
ARZ,0:31,"SLC 29",1,2,2,"I Formation Normal PA Outside Curls","4-3 Under Shallow Right Zone",4,0,0,"2-2-SLC 29 (0:30) 1-Charles Sirianni pass complete to 80-Shane Robinson to SLC 25 for 4 yards. Tackle by 22-Dean Taylor.","#1 Charles Sirianni - QB","#44 Keith Valencia - RB",,,"#36 Ramon Watford - FB","#82 Richard Robertson - TE",,"#80 Shane Robinson - WR",,"#85 Billy Richardson - WR",,,"#55 Matthew Williamson - LT","#61 Glenn Hughes - LG","#76 Isaac Barclay - C","#62 Michael Schwartz - LG","#73 William White - RT",,"#76 Christopher Greco - LDE",,"#92 Travis Chandler - DT","#99 Joe Suggs - LDE","#94 William Andrews - RDE","#58 Eric Sharp - SLB","#91 Andrew Horton - MLB",,"#57 Carl Hess - WLB","#22 Dean Taylor - FS","#29 Richard Goodman - CB",,,,"#25 Luther Miller - CB","#37 Edward Smith - CB",,,,,,,,,,,,,,,,,,,,,,,,,,,,,,,,,,,,
,0:00,,1,1,10,,,,0,0,"End of first quarter.",,,,,,,,,,,,,,,,,,,,,,,,,,,,,,,,,,,,,,,,,,,,,,,,,,,,,,,,,,,,,,,,,,,,,,
ARZ,15:00,"SLC 25",2,1,10,"I Formation Normal PA Fullback Flat","4-3 Under Wide Line",25,0,6,"1-10-SLC 25 (15:00) 1-Charles Sirianni pass complete to 85-Billy Richardson for 25 yards. TOUCHDOWN! SLC 0 ARZ 6","#1 Charles Sirianni - QB","#44 Keith Valencia - RB",,,"#36 Ramon Watford - FB","#82 Richard Robertson - TE",,"#80 Shane Robinson - WR",,"#85 Billy Richardson - WR",,,"#55 Matthew Williamson - LT","#61 Glenn Hughes - LG","#76 Isaac Barclay - C","#62 Michael Schwartz - LG","#73 William White - RT",,"#76 Christopher Greco - LDE",,"#92 Travis Chandler - DT","#99 Joe Suggs - LDE","#94 William Andrews - RDE","#58 Eric Sharp - SLB","#91 Andrew Horton - MLB",,"#57 Carl Hess - WLB","#29 Richard Goodman - CB","#45 Levi Brandon - CB",,,,"#25 Luther Miller - CB","#22 Dean Taylor - FS",,,,,,,,,,,,,,,,,,,,,,,,,,,,,,,,,,,,
ARZ,14:56,"SLC 15",2,7,15,"Field Goal","FG Block",25,0,7,"(14:57) Extra point GOOD by 6-William Grubb. SLC 0 ARZ 7",,,,,,,,,,,,,,,,,,,,,,,,,,,,,,,,,,,,"#19 Dennis Mork - P","#70 Louis Lincoln - LG",,,,,,,,,,,,,,"#6 William Grubb - K","#44 Keith Valencia - RB","#36 Ramon Watford - FB","#60 Timothy Holton - LT","#61 Glenn Hughes - LG","#62 Michael Schwartz - LG","#55 Matthew Williamson - LT","#83 Rodney Simpson - TE","#72 Ramiro James - RT","#55 Darius Womack - MLB","#92 Travis Chandler - DT","#94 William Andrews - RDE","#95 Kirk Parish - LDE","#76 Christopher Greco - LDE","#59 Scottie Mayhew - DT","#54 Tyler Carpenter - SLB","#99 Joe Suggs - LDE","#98 Kevin Calder - DT","#52 James Tillery - WLB","#56 Jerry Wiley - SLB"
ARZ,14:56,"ARZ 35",2,6,10,Kickoff,"Kick Return",,0,7,"(14:57) 6-William Grubb kicks 75 yards from ARZ 35 to SLC -10. Touchback.",,,,,,,,,,,,,,,,,,,,,,,,,,,,,,,,,,,,,,"#11 Larry Mitchell - WR",,"#76 Christopher Greco - LDE","#55 Darius Womack - MLB","#24 Donald Taylor - CB","#54 Tyler Carpenter - SLB","#92 Travis Chandler - DT","#93 Harold Pittman - MLB","#45 Levi Brandon - CB","#25 Luther Miller - CB","#67 Robert Austin - LG","#22 Dean Taylor - FS","#6 William Grubb - K",,,,,,,,,,,,,,,,,,,,
SLC,14:56,"SLC 25",2,1,10,"I Formation 3WR Slot Corner Long","Nickel Normal CB3 LB Blitz",8,0,7,"1-10-SLC 25 (14:57) 1-Robert Jones pass complete to 15-Shawn Corder to SLC 33 for 8 yards. Tackle by 29-Alton Smith.","#1 Robert Jones - QB","#11 Larry Mitchell - WR",,,"#41 Joseph Fox - FB",,,"#15 Shawn Corder - WR","#13 Jeffrey Lacey - WR","#14 Alfredo Mestas - WR",,,"#69 Rodolfo Hughes - LT","#67 Robert Austin - LG","#78 Rodney Poirier - C","#63 Charles Gordon - RG","#74 Randy Fuller - RT",,"#59 Christopher Ralston - RDE",,"#92 Jeffery Blackshire - DT","#68 Danny Angelo - DT","#79 Brian Pleas - RDE",,"#97 Genaro Miller - MLB",,"#54 Antonio Lindsey - MLB","#39 Keith Brace - CB","#37 Keith Oliver - CB",,"#32 John Jacob - CB",,"#29 Alton Smith - SS","#38 Salvador Thompson - FS",,,,,,,,,,,,,,,,,,,,,,,,,,,,,,,,,,,,
SLC,14:17,"SLC 33",2,2,2,"I Formation Normal HB Draw","46 Normal Inside Blitz",1,0,7,"2-2-SLC 33 (14:16) 11-Larry Mitchell ran to SLC 34 for 1 yards. Tackle by 68-Danny Angelo.","#1 Robert Jones - QB","#11 Larry Mitchell - WR",,,"#41 Joseph Fox - FB","#86 Gordon Brooks - TE",,"#15 Shawn Corder - WR",,"#14 Alfredo Mestas - WR",,,"#69 Rodolfo Hughes - LT","#67 Robert Austin - LG","#78 Rodney Poirier - C","#63 Charles Gordon - RG","#74 Randy Fuller - RT",,"#59 Christopher Ralston - RDE",,"#92 Jeffery Blackshire - DT","#68 Danny Angelo - DT","#79 Brian Pleas - RDE","#90 Ronald Macarthur - WLB","#97 Genaro Miller - MLB",,"#54 Antonio Lindsey - MLB","#39 Keith Brace - CB","#37 Keith Oliver - CB",,,,"#29 Alton Smith - SS","#38 Salvador Thompson - FS",,,,,,,,,,,,,,,,,,,,,,,,,,,,,,,,,,,,
SLC,13:34,"SLC 34",2,3,1,"Shotgun 2 RB 3 WR Shotgun Dive","Nickel Normal Man Zone",10,0,7,"3-1-SLC 34 (13:33) 11-Larry Mitchell ran to SLC 45 for 10 yards. Tackle by 32-John Jacob.","#1 Robert Jones - QB","#11 Larry Mitchell - WR","#23 Thomas Welch - RB",,,,,"#15 Shawn Corder - WR","#13 Jeffrey Lacey - WR","#14 Alfredo Mestas - WR",,,"#69 Rodolfo Hughes - LT","#67 Robert Austin - LG","#78 Rodney Poirier - C","#63 Charles Gordon - RG","#74 Randy Fuller - RT",,"#59 Christopher Ralston - RDE",,"#92 Jeffery Blackshire - DT","#68 Danny Angelo - DT","#79 Brian Pleas - RDE",,"#97 Genaro Miller - MLB",,"#54 Antonio Lindsey - MLB","#39 Keith Brace - CB","#37 Keith Oliver - CB",,"#32 John Jacob - CB",,"#29 Alton Smith - SS","#38 Salvador Thompson - FS",,,,,,,,,,,,,,,,,,,,,,,,,,,,,,,,,,,,
SLC,12:48,"SLC 45",2,1,10,"Singleback Big WR Streaks","3-4 Normal 3 Deep Zone Under",,0,7,"1-10-SLC 45 (12:47) 1-Robert Jones pass Pass knocked down by 54-Antonio Lindsey. incomplete, intended for 86-Gordon Brooks.","#1 Robert Jones - QB","#11 Larry Mitchell - WR",,,,"#86 Gordon Brooks - TE","#82 Matthew Shane - TE","#15 Shawn Corder - WR",,"#14 Alfredo Mestas - WR",,,"#69 Rodolfo Hughes - LT","#67 Robert Austin - LG","#78 Rodney Poirier - C","#63 Charles Gordon - RG","#74 Randy Fuller - RT",,"#59 Christopher Ralston - RDE",,"#92 Jeffery Blackshire - DT",,"#79 Brian Pleas - RDE","#90 Ronald Macarthur - WLB","#97 Genaro Miller - MLB","#52 Derrick Rodriguez - MLB","#54 Antonio Lindsey - MLB","#39 Keith Brace - CB","#37 Keith Oliver - CB",,,,"#29 Alton Smith - SS","#38 Salvador Thompson - FS",,,,,,,,,,,,,,,,,,,,,,,,,,,,,,,,,,,,
SLC,12:42,"SLC 45",2,2,10,"Weak I Big Off Tackle Weak","Goal Line 3 Deep Man",-2,0,7,"2-10-SLC 45 (12:43) 11-Larry Mitchell ran to SLC 43 for -2 yards. Tackle by 68-Danny Angelo.","#1 Robert Jones - QB","#11 Larry Mitchell - WR",,,"#41 Joseph Fox - FB","#86 Gordon Brooks - TE","#82 Matthew Shane - TE","#15 Shawn Corder - WR",,,,,"#69 Rodolfo Hughes - LT","#67 Robert Austin - LG","#78 Rodney Poirier - C","#63 Charles Gordon - RG","#74 Randy Fuller - RT",,"#59 Christopher Ralston - RDE","#98 Ralph Johnson - RDE","#92 Jeffery Blackshire - DT","#68 Danny Angelo - DT","#79 Brian Pleas - RDE","#90 Ronald Macarthur - WLB","#97 Genaro Miller - MLB",,"#54 Antonio Lindsey - MLB","#39 Keith Brace - CB","#37 Keith Oliver - CB",,,,"#29 Alton Smith - SS",,,,,,,,,,,,,,,,,,,,,,,,,,,,,,,,,,,,,
SLC,12:00,"SLC 43",2,3,12,"I Formation Normal SE Post","4-3 Under Double Safety Blitz",,0,7,"3-12-SLC 43 (11:59) 1-Robert Jones pass Pass knocked down by 54-Antonio Lindsey. incomplete, intended for 86-Gordon Brooks. Pressure by 79-Brian Pleas.","#1 Robert Jones - QB","#11 Larry Mitchell - WR",,,"#41 Joseph Fox - FB","#86 Gordon Brooks - TE",,"#15 Shawn Corder - WR",,"#14 Alfredo Mestas - WR",,,"#69 Rodolfo Hughes - LT","#67 Robert Austin - LG","#78 Rodney Poirier - C","#63 Charles Gordon - RG","#74 Randy Fuller - RT",,"#59 Christopher Ralston - RDE",,"#92 Jeffery Blackshire - DT","#68 Danny Angelo - DT","#79 Brian Pleas - RDE","#90 Ronald Macarthur - WLB","#97 Genaro Miller - MLB",,"#54 Antonio Lindsey - MLB","#39 Keith Brace - CB","#37 Keith Oliver - CB",,,,"#29 Alton Smith - SS","#38 Salvador Thompson - FS",,,,,,,,,,,,,,,,,,,,,,,,,,,,,,,,,,,,
SLC,11:53,"SLC 43",2,4,12,Punt,"Punt Return",45,0,7,"4-12-SLC 43 (11:54) 3-Kyle Bowers punts 45 yards to ARZ 12.",,,,,,,,,,,,,,,,,,"#3 Kyle Bowers - P",,,,,,,,,,,,,,,,,,,"#67 Robert Austin - LG",,"#33 Richard White - RB",,,"#77 Juan Davis - RDE","#52 Derrick Rodriguez - MLB","#38 Salvador Thompson - FS",,"#61 Glenn Hughes - LG","#37 Keith Oliver - CB",,"#45 David Fisher - FS",,,,"#72 Steven Solomon - RT","#75 Ronald Lee - LG","#69 Rodolfo Hughes - LT","#74 Eddie Petrie - LT","#63 Charles Gordon - RG","#65 Eugene York - C",,"#34 Joseph Toms - SS","#98 Ralph Johnson - RDE","#64 Stephen Dotson - DT","#51 Ryan Silva - SLB",,,,,,,
ARZ,11:43,"ARZ 12",2,1,10,"Weak I Normal Skinny Posts","4-3 Under Crowd Middle",4,0,7,"1-10-ARZ 12 (11:44) 1-Charles Sirianni pass complete to 44-Keith Valencia to ARZ 16 for 4 yards. Tackle by 22-Dean Taylor. PENALTY - Holding (ARZ 55-Matthew Williamson)","#1 Charles Sirianni - QB","#44 Keith Valencia - RB",,,"#36 Ramon Watford - FB","#82 Richard Robertson - TE",,"#80 Shane Robinson - WR",,"#85 Billy Richardson - WR",,,"#55 Matthew Williamson - LT","#70 Louis Lincoln - LG","#76 Isaac Barclay - C","#62 Michael Schwartz - LG","#73 William White - RT",,"#76 Christopher Greco - LDE",,"#99 Joe Suggs - LDE","#98 Kevin Calder - DT","#94 William Andrews - RDE","#58 Eric Sharp - SLB","#91 Andrew Horton - MLB",,"#57 Carl Hess - WLB","#22 Dean Taylor - FS","#29 Richard Goodman - CB",,,,"#25 Luther Miller - CB","#37 Edward Smith - CB",,,,,,,,,,,,,,,,,,,,,,,,,,,,,,,,,,,,
ARZ,11:40,"ARZ 6",2,1,16,"I Formation Normal FL Hitch","4-3 Under Wide Line",4,0,7,"1-16-ARZ 6 (11:41) 1-Charles Sirianni pass complete to 80-Shane Robinson to ARZ 10 for 4 yards. Tackle by 25-Luther Miller. Pressure by 76-Christopher Greco.","#1 Charles Sirianni - QB","#44 Keith Valencia - RB",,,"#36 Ramon Watford - FB","#82 Richard Robertson - TE",,"#80 Shane Robinson - WR",,"#85 Billy Richardson - WR",,,"#55 Matthew Williamson - LT","#61 Glenn Hughes - LG","#76 Isaac Barclay - C","#62 Michael Schwartz - LG","#73 William White - RT",,"#76 Christopher Greco - LDE",,"#99 Joe Suggs - LDE","#98 Kevin Calder - DT","#94 William Andrews - RDE","#58 Eric Sharp - SLB","#91 Andrew Horton - MLB",,"#57 Carl Hess - WLB","#29 Richard Goodman - CB","#45 Levi Brandon - CB",,,,"#25 Luther Miller - CB","#22 Dean Taylor - FS",,,,,,,,,,,,,,,,,,,,,,,,,,,,,,,,,,,,
ARZ,11:02,"ARZ 10",2,2,12,"I Formation 3WR HB Toss Strong","Nickel 3-3-5 3 Deep MLB Blitz",-4,0,7,"2-12-ARZ 10 (11:01) 44-Keith Valencia ran to ARZ 6 for -4 yards. Tackle by 76-Christopher Greco.","#1 Charles Sirianni - QB","#44 Keith Valencia - RB",,,"#36 Ramon Watford - FB",,,"#80 Shane Robinson - WR","#15 James Gonzales - WR","#85 Billy Richardson - WR",,,"#55 Matthew Williamson - LT","#61 Glenn Hughes - LG","#76 Isaac Barclay - C","#62 Michael Schwartz - LG","#73 William White - RT",,"#76 Christopher Greco - LDE",,"#92 Travis Chandler - DT",,"#94 William Andrews - RDE","#58 Eric Sharp - SLB","#91 Andrew Horton - MLB",,"#57 Carl Hess - WLB","#29 Richard Goodman - CB","#45 James Taylor - CB",,"#24 Donald Taylor - CB",,"#25 Luther Miller - CB","#22 Dean Taylor - FS",,,,,,,,,,,,,,,,,,,,,,,,,,,,,,,,,,,,
ARZ,10:24,"ARZ 6",2,3,16,"Shotgun Normal Double Outs","Nickel Strong 3 Deep Zone Under",2,0,7,"3-16-ARZ 6 (10:23) 1-Charles Sirianni pass complete to 80-Shane Robinson to ARZ 8 for 2 yards. Tackle by 91-Andrew Horton.","#1 Charles Sirianni - QB","#44 Keith Valencia - RB",,,,"#82 Richard Robertson - TE",,"#80 Shane Robinson - WR","#15 James Gonzales - WR","#85 Billy Richardson - WR",,,"#55 Matthew Williamson - LT","#61 Glenn Hughes - LG","#76 Isaac Barclay - C","#62 Michael Schwartz - LG","#73 William White - RT",,"#76 Christopher Greco - LDE",,"#92 Travis Chandler - DT","#99 Joe Suggs - LDE","#94 William Andrews - RDE",,"#91 Andrew Horton - MLB",,"#57 Carl Hess - WLB","#29 Richard Goodman - CB","#45 Levi Brandon - CB",,"#45 James Taylor - CB",,"#25 Luther Miller - CB","#22 Dean Taylor - FS",,,,,,,,,,,,,,,,,,,,,,,,,,,,,,,,,,,,
ARZ,9:48,"ARZ 8",2,4,14,Punt,"Punt Return",,0,7,"4-14-ARZ 8 (9:47) 19-Dennis Mork punts 49 yards to SLC 43. 11-Larry Mitchell to ARZ 49 for 8 yards. Tackle by 38-Salvador Thompson.",,,,,,,,,,,,,,,,,,"#19 Dennis Mork - P",,,,,,,,,,,,,,,,,,,"#70 Louis Lincoln - LG",,"#11 Larry Mitchell - WR",,,"#24 Donald Taylor - CB","#54 Tyler Carpenter - SLB","#92 Travis Chandler - DT",,"#45 Levi Brandon - CB","#25 Luther Miller - CB",,"#22 Dean Taylor - FS",,,,"#58 Marvin Shepherd - RG","#60 Timothy Holton - LT","#61 Glenn Hughes - LG","#62 Michael Schwartz - LG","#55 Matthew Williamson - LT","#36 Ramon Watford - FB",,"#98 Kevin Calder - DT","#94 William Andrews - RDE","#95 Kirk Parish - LDE","#55 Darius Womack - MLB",,,,,,,
SLC,9:36,"ARZ 49",2,1,10,"Weak I Big Off Tackle Weak","Goal Line 3 Deep Blitz",-0,0,7,"1-10-ARZ 49 (9:37) 23-Thomas Welch ran to ARZ 50 for a short loss. Tackle by 54-Antonio Lindsey.","#1 Robert Jones - QB","#23 Thomas Welch - RB",,,"#41 Joseph Fox - FB","#86 Gordon Brooks - TE","#82 Matthew Shane - TE","#15 Shawn Corder - WR",,,,,"#69 Rodolfo Hughes - LT","#67 Robert Austin - LG","#78 Rodney Poirier - C","#63 Charles Gordon - RG","#74 Randy Fuller - RT",,"#59 Christopher Ralston - RDE","#98 Ralph Johnson - RDE","#92 Jeffery Blackshire - DT","#68 Danny Angelo - DT","#79 Brian Pleas - RDE","#90 Ronald Macarthur - WLB","#97 Genaro Miller - MLB",,"#54 Antonio Lindsey - MLB","#39 Keith Brace - CB","#37 Keith Oliver - CB",,,,"#29 Alton Smith - SS",,,,,,,,,,,,,,,,,,,,,,,,,,,,,,,,,,,,,
SLC,9:00,"ARZ 50",2,2,10,"Shotgun 2 RB 3 WR FL Drag","Nickel 3-3-5 Cover 2 Man Under",7,0,7,"2-10-ARZ 50 (8:59) 1-Robert Jones pass complete to 11-Larry Mitchell to ARZ 42 for 7 yards. Tackle by 90-Ronald Macarthur.","#1 Robert Jones - QB","#11 Larry Mitchell - WR","#23 Thomas Welch - RB",,,,,"#15 Shawn Corder - WR","#13 Jeffrey Lacey - WR","#14 Alfredo Mestas - WR",,,"#69 Rodolfo Hughes - LT","#67 Robert Austin - LG","#78 Rodney Poirier - C","#63 Charles Gordon - RG","#74 Randy Fuller - RT",,"#59 Christopher Ralston - RDE",,"#92 Jeffery Blackshire - DT",,"#79 Brian Pleas - RDE","#90 Ronald Macarthur - WLB","#97 Genaro Miller - MLB",,"#54 Antonio Lindsey - MLB","#39 Keith Brace - CB","#37 Keith Oliver - CB",,"#32 John Jacob - CB",,"#29 Alton Smith - SS","#38 Salvador Thompson - FS",,,,,,,,,,,,,,,,,,,,,,,,,,,,,,,,,,,,
SLC,8:25,"ARZ 42",2,3,3,"I Formation Normal FL Hitch","4-3 Under Crash Right",4,0,7,"3-3-ARZ 42 (8:24) 1-Robert Jones pass complete to 15-Shawn Corder to ARZ 38 for 4 yards. Tackle by 39-Keith Brace.","#1 Robert Jones - QB","#11 Larry Mitchell - WR",,,"#41 Joseph Fox - FB","#86 Gordon Brooks - TE",,"#15 Shawn Corder - WR",,"#14 Alfredo Mestas - WR",,,"#69 Rodolfo Hughes - LT","#67 Robert Austin - LG","#78 Rodney Poirier - C","#63 Charles Gordon - RG","#74 Randy Fuller - RT",,"#59 Christopher Ralston - RDE",,"#92 Jeffery Blackshire - DT","#68 Danny Angelo - DT","#79 Brian Pleas - RDE","#90 Ronald Macarthur - WLB","#97 Genaro Miller - MLB",,"#54 Antonio Lindsey - MLB","#39 Keith Brace - CB","#37 Keith Oliver - CB",,,,"#29 Alton Smith - SS","#38 Salvador Thompson - FS",,,,,,,,,,,,,,,,,,,,,,,,,,,,,,,,,,,,
SLC,7:49,"ARZ 38",2,1,10,"Shotgun 2 RB 3 WR Shotgun Dive","Nickel Normal Man Zone",11,0,7,"1-10-ARZ 38 (7:48) 11-Larry Mitchell ran to ARZ 27 for 11 yards. Tackle by 29-Alton Smith.","#1 Robert Jones - QB","#11 Larry Mitchell - WR","#23 Thomas Welch - RB",,,,,"#15 Shawn Corder - WR","#13 Jeffrey Lacey - WR","#14 Alfredo Mestas - WR",,,"#69 Rodolfo Hughes - LT","#67 Robert Austin - LG","#78 Rodney Poirier - C","#63 Charles Gordon - RG","#74 Randy Fuller - RT",,"#59 Christopher Ralston - RDE",,"#92 Jeffery Blackshire - DT","#68 Danny Angelo - DT","#79 Brian Pleas - RDE",,"#97 Genaro Miller - MLB",,"#54 Antonio Lindsey - MLB","#39 Keith Brace - CB","#37 Keith Oliver - CB",,"#32 John Jacob - CB",,"#29 Alton Smith - SS","#38 Salvador Thompson - FS",,,,,,,,,,,,,,,,,,,,,,,,,,,,,,,,,,,,
SLC,7:07,"ARZ 27",2,1,10,"Shotgun 2 RB 3 WR Shotgun Dive","Nickel 3-3-5 Cover 2 Man Under",2,0,7,"1-10-ARZ 27 (7:06) 23-Thomas Welch ran to ARZ 25 for 2 yards. Tackle by 32-John Jacob.","#1 Robert Jones - QB","#23 Thomas Welch - RB","#21 Rudy Pineda - RB",,,,,"#15 Shawn Corder - WR","#13 Jeffrey Lacey - WR","#14 Alfredo Mestas - WR",,,"#69 Rodolfo Hughes - LT","#67 Robert Austin - LG","#78 Rodney Poirier - C","#63 Charles Gordon - RG","#74 Randy Fuller - RT",,"#59 Christopher Ralston - RDE",,"#92 Jeffery Blackshire - DT",,"#79 Brian Pleas - RDE","#90 Ronald Macarthur - WLB","#97 Genaro Miller - MLB",,"#54 Antonio Lindsey - MLB","#39 Keith Brace - CB","#37 Keith Oliver - CB",,"#32 John Jacob - CB",,"#29 Alton Smith - SS","#38 Salvador Thompson - FS",,,,,,,,,,,,,,,,,,,,,,,,,,,,,,,,,,,,
SLC,6:27,"ARZ 25",2,2,8,"Strong I Normal HB Off Tackle Strong","4-3 Under Crash Right",7,0,7,"2-8-ARZ 25 (6:26) 23-Thomas Welch ran to ARZ 18 for 7 yards. Tackle by 39-Keith Brace.","#1 Robert Jones - QB","#23 Thomas Welch - RB",,,"#41 Joseph Fox - FB","#86 Gordon Brooks - TE",,"#15 Shawn Corder - WR",,"#14 Alfredo Mestas - WR",,,"#69 Rodolfo Hughes - LT","#67 Robert Austin - LG","#78 Rodney Poirier - C","#63 Charles Gordon - RG","#74 Randy Fuller - RT",,"#59 Christopher Ralston - RDE",,"#92 Jeffery Blackshire - DT","#68 Danny Angelo - DT","#79 Brian Pleas - RDE","#90 Ronald Macarthur - WLB","#97 Genaro Miller - MLB",,"#54 Antonio Lindsey - MLB","#39 Keith Brace - CB","#37 Keith Oliver - CB",,,,"#29 Alton Smith - SS","#38 Salvador Thompson - FS",,,,,,,,,,,,,,,,,,,,,,,,,,,,,,,,,,,,
SLC,5:52,"ARZ 18",2,3,1,"Shotgun Normal HB Sweep","Nickel Normal Shallow Zone Deep",7,0,7,"3-1-ARZ 18 (5:51) 11-Larry Mitchell ran to ARZ 12 for 7 yards. Tackle by 38-Salvador Thompson.","#1 Robert Jones - QB","#11 Larry Mitchell - WR",,,,"#86 Gordon Brooks - TE",,"#15 Shawn Corder - WR","#13 Jeffrey Lacey - WR","#14 Alfredo Mestas - WR",,,"#69 Rodolfo Hughes - LT","#67 Robert Austin - LG","#78 Rodney Poirier - C","#63 Charles Gordon - RG","#74 Randy Fuller - RT",,"#59 Christopher Ralston - RDE",,"#92 Jeffery Blackshire - DT","#68 Danny Angelo - DT","#79 Brian Pleas - RDE",,"#97 Genaro Miller - MLB",,"#54 Antonio Lindsey - MLB","#39 Keith Brace - CB","#37 Keith Oliver - CB",,"#32 John Jacob - CB",,"#29 Alton Smith - SS","#38 Salvador Thompson - FS",,,,,,,,,,,,,,,,,,,,,,,,,,,,,,,,,,,,
SLC,5:05,"ARZ 12",2,1,10,"Weak I Big HB Dive Strong","Goal Line 3 Deep Man",6,0,7,"1-10-ARZ 12 (5:04) 23-Thomas Welch ran to ARZ 5 for 6 yards. Tackle by 34-Joseph Toms.","#1 Robert Jones - QB","#23 Thomas Welch - RB",,,"#41 Joseph Fox - FB","#86 Gordon Brooks - TE","#82 Matthew Shane - TE","#13 Jeffrey Lacey - WR",,,,,"#69 Rodolfo Hughes - LT","#67 Robert Austin - LG","#78 Rodney Poirier - C","#63 Charles Gordon - RG","#74 Randy Fuller - RT",,"#59 Christopher Ralston - RDE","#98 Ralph Johnson - RDE","#92 Jeffery Blackshire - DT","#68 Danny Angelo - DT","#79 Brian Pleas - RDE","#90 Ronald Macarthur - WLB","#97 Genaro Miller - MLB",,"#54 Antonio Lindsey - MLB","#37 Keith Oliver - CB","#32 John Jacob - CB",,,,"#34 Joseph Toms - SS",,,,,,,,,,,,,,,,,,,,,,,,,,,,,,,,,,,,,
SLC,4:23,"ARZ 5",2,2,4,"Weak I Big HB Dive Strong","Goal Line 3 Deep Man",6,6,7,"2-4-ARZ 5 (4:22) 11-Larry Mitchell ran for 5 yards. TOUCHDOWN! SLC 6 ARZ 7","#1 Robert Jones - QB","#11 Larry Mitchell - WR",,,"#41 Joseph Fox - FB","#86 Gordon Brooks - TE","#82 Matthew Shane - TE","#15 Shawn Corder - WR",,,,,"#69 Rodolfo Hughes - LT","#67 Robert Austin - LG","#78 Rodney Poirier - C","#63 Charles Gordon - RG","#74 Randy Fuller - RT",,"#59 Christopher Ralston - RDE","#98 Ralph Johnson - RDE","#92 Jeffery Blackshire - DT","#68 Danny Angelo - DT","#79 Brian Pleas - RDE","#90 Ronald Macarthur - WLB","#97 Genaro Miller - MLB",,"#54 Antonio Lindsey - MLB","#39 Keith Brace - CB","#37 Keith Oliver - CB",,,,"#29 Alton Smith - SS",,,,,,,,,,,,,,,,,,,,,,,,,,,,,,,,,,,,,
SLC,4:19,"ARZ 15",2,7,15,"Field Goal","FG Block",25,6,7,"(4:20) Extra point by 6-Mark Castellanos is NO GOOD. (Wide Right)",,,,,,,,,,,,,,,,,,,,,,,,,,,,,,,,,,,,"#2 Troy Hernadez - QB","#67 Robert Austin - LG",,,,,,,,,,,,,,"#6 Mark Castellanos - K","#92 Travis Chandler - DT","#72 Steven Solomon - RT","#75 Ronald Lee - LG","#69 Rodolfo Hughes - LT","#74 Eddie Petrie - LT","#63 Charles Gordon - RG","#65 Eugene York - C","#78 Rodney Poirier - C","#51 Ryan Silva - SLB","#98 Ralph Johnson - RDE","#77 Juan Davis - RDE","#64 Stephen Dotson - DT","#54 Antonio Lindsey - MLB","#46 James Marston - SS","#39 Keith Brace - CB","#59 Christopher Ralston - RDE","#34 Joseph Toms - SS","#97 Genaro Miller - MLB","#50 Todd Shofner - WLB"
SLC,4:19,"SLC 35",2,6,10,Kickoff,"Kick Return",,6,7,"(4:20) 6-Mark Castellanos kicks 74 yards from SLC 35 to ARZ -9. Touchback.",,,,,,,,,,,,,,,,,,,,,,,,,,,,,,,,,,,,,,"#33 Richard White - RB",,"#54 Antonio Lindsey - MLB","#37 Keith Oliver - CB","#98 Ralph Johnson - RDE","#39 Keith Brace - CB","#38 Salvador Thompson - FS","#45 David Fisher - FS","#77 Juan Davis - RDE","#51 Ryan Silva - SLB","#52 Derrick Rodriguez - MLB","#61 Glenn Hughes - LG","#6 Mark Castellanos - K",,,,,,,,,,,,,,,,,,,,
ARZ,4:19,"ARZ 25",2,1,10,"I Formation Normal FL Hitch","3-4 Normal 2 Deep Zone",8,6,7,"1-10-ARZ 25 (4:20) 1-Charles Sirianni pass complete to 80-Shane Robinson to ARZ 33 for 8 yards. Tackle by 91-Andrew Horton. ARZ 36-Ramon Watford was injured on the play. He looks like he should be able to return.","#1 Charles Sirianni - QB","#44 Keith Valencia - RB",,,"#36 Ramon Watford - FB","#82 Richard Robertson - TE",,"#80 Shane Robinson - WR",,"#85 Billy Richardson - WR",,,"#58 Marvin Shepherd - RG","#61 Glenn Hughes - LG","#76 Isaac Barclay - C","#62 Michael Schwartz - LG","#73 William White - RT",,"#76 Christopher Greco - LDE",,"#92 Travis Chandler - DT",,"#94 William Andrews - RDE","#58 Eric Sharp - SLB","#91 Andrew Horton - MLB","#93 Harold Pittman - MLB","#57 Carl Hess - WLB","#22 Dean Taylor - FS","#29 Richard Goodman - CB",,,,"#25 Luther Miller - CB","#37 Edward Smith - CB",,,,,,,,,,,,,,,,,,,,,,,,,,,,,,,,,,,,
ARZ,3:35,"ARZ 33",2,2,2,"Goal Line Normal HB Off Tackle","3-4 Normal 2 Deep Zone",9,6,7,"2-2-ARZ 33 (3:34) 44-Keith Valencia ran to ARZ 42 for 9 yards. Tackle by 25-Luther Miller.","#1 Charles Sirianni - QB","#44 Keith Valencia - RB",,"#33 Richard White - RB","#20 Rodney Henry - FB","#82 Richard Robertson - TE","#81 Lane Decosta - TE",,,,,,"#58 Marvin Shepherd - RG","#61 Glenn Hughes - LG","#76 Isaac Barclay - C","#62 Michael Schwartz - LG","#73 William White - RT",,"#76 Christopher Greco - LDE",,"#92 Travis Chandler - DT",,"#94 William Andrews - RDE","#58 Eric Sharp - SLB","#91 Andrew Horton - MLB","#93 Harold Pittman - MLB","#57 Carl Hess - WLB","#22 Dean Taylor - FS","#29 Richard Goodman - CB",,,,"#25 Luther Miller - CB","#37 Edward Smith - CB",,,,,,,,,,,,,,,,,,,,,,,,,,,,,,,,,,,,
ARZ,2:49,"ARZ 42",2,1,10,"Weak I Normal WR Corner TE Middle","4-3 Under Wide Line",15,6,7,"1-10-ARZ 42 (2:48) 1-Charles Sirianni pass complete to 85-Billy Richardson to SLC 43 for 15 yards. Tackle by 57-Carl Hess.","#1 Charles Sirianni - QB","#44 Keith Valencia - RB",,,"#36 Ramon Watford - FB","#82 Richard Robertson - TE",,"#80 Shane Robinson - WR",,"#85 Billy Richardson - WR",,,"#58 Marvin Shepherd - RG","#61 Glenn Hughes - LG","#76 Isaac Barclay - C","#62 Michael Schwartz - LG","#73 William White - RT",,"#76 Christopher Greco - LDE",,"#92 Travis Chandler - DT","#99 Joe Suggs - LDE","#94 William Andrews - RDE","#58 Eric Sharp - SLB","#91 Andrew Horton - MLB",,"#57 Carl Hess - WLB","#22 Dean Taylor - FS","#29 Richard Goodman - CB",,,,"#25 Luther Miller - CB","#37 Edward Smith - CB",,,,,,,,,,,,,,,,,,,,,,,,,,,,,,,,,,,,
ARZ,2:13,"SLC 43",2,1,10,"I Formation 3WR Slot Short WR Deep","Nickel Normal Cover 2",-5,6,7,"1-10-SLC 43 (2:12) 1-Charles Sirianni sacked at SLC 47 for -5 yards (92-Travis Chandler). Sack allowed by 62-Michael Schwartz. SLC 92-Travis Chandler was injured on the play. He looks like he should be able to return.","#1 Charles Sirianni - QB","#33 Richard White - RB",,,"#36 Ramon Watford - FB",,,"#80 Shane Robinson - WR","#15 James Gonzales - WR","#85 Billy Richardson - WR",,,"#58 Marvin Shepherd - RG","#61 Glenn Hughes - LG","#76 Isaac Barclay - C","#62 Michael Schwartz - LG","#73 William White - RT",,"#76 Christopher Greco - LDE",,"#92 Travis Chandler - DT","#99 Joe Suggs - LDE","#94 William Andrews - RDE",,"#91 Andrew Horton - MLB",,"#57 Carl Hess - WLB","#29 Richard Goodman - CB","#45 Levi Brandon - CB",,"#45 James Taylor - CB",,"#25 Luther Miller - CB","#22 Dean Taylor - FS",,,,,,,,,,,,,,,,,,,,,,,,,,,,,,,,,,,,
,2:00,,2,2,15,,,,6,7,"Timeout for two minute warning.",,,,,,,,,,,,,,,,,,,,,,,,,,,,,,,,,,,,,,,,,,,,,,,,,,,,,,,,,,,,,,,,,,,,,,
ARZ,2:00,"SLC 47",2,2,15,"I Formation 3WR HB Toss Strong","Nickel Normal 3 Deep Zone Under",-4,6,7,"2-15-SLC 47 (2:00) 44-Keith Valencia ran to ARZ 48 for -5 yards. 44-Keith Valencia FUMBLES (99-Joe Suggs) recovered by ARZ-44-Keith Valencia at ARZ 48. Tackle by 76-Christopher Greco.","#1 Charles Sirianni - QB","#44 Keith Valencia - RB",,,"#36 Ramon Watford - FB",,,"#80 Shane Robinson - WR","#15 James Gonzales - WR","#85 Billy Richardson - WR",,,"#58 Marvin Shepherd - RG","#61 Glenn Hughes - LG","#76 Isaac Barclay - C","#62 Michael Schwartz - LG","#73 William White - RT",,"#76 Christopher Greco - LDE",,"#99 Joe Suggs - LDE","#98 Kevin Calder - DT","#94 William Andrews - RDE",,"#91 Andrew Horton - MLB",,"#57 Carl Hess - WLB","#29 Richard Goodman - CB","#45 Levi Brandon - CB",,"#45 James Taylor - CB",,"#24 Donald Taylor - CB","#37 Edward Smith - CB",,,,,,,,,,,,,,,,,,,,,,,,,,,,,,,,,,,,
ARZ,1:41,"ARZ 48",2,3,19,"I Formation 3WR Slot Short WR Deep","Nickel 3-3-5 3 Deep MLB Blitz",3,6,7,"3-19-ARZ 48 (1:40) 1-Charles Sirianni pass complete to 15-James Gonzales to SLC 49 for 3 yards. Pushed out of bounds by 58-Eric Sharp.","#1 Charles Sirianni - QB","#44 Keith Valencia - RB",,,"#36 Ramon Watford - FB",,,"#80 Shane Robinson - WR","#15 James Gonzales - WR","#85 Billy Richardson - WR",,,"#58 Marvin Shepherd - RG","#61 Glenn Hughes - LG","#76 Isaac Barclay - C","#62 Michael Schwartz - LG","#73 William White - RT",,"#76 Christopher Greco - LDE",,"#99 Joe Suggs - LDE",,"#94 William Andrews - RDE","#58 Eric Sharp - SLB","#91 Andrew Horton - MLB",,"#57 Carl Hess - WLB","#22 Dean Taylor - FS","#29 Richard Goodman - CB",,"#45 Levi Brandon - CB",,"#25 Luther Miller - CB","#37 Edward Smith - CB",,,,,,,,,,,,,,,,,,,,,,,,,,,,,,,,,,,,
ARZ,1:35,"SLC 49",2,4,17,Punt,"Punt Return",40,6,7,"4-17-SLC 49 (1:36) 19-Dennis Mork punts 40 yards to SLC 9.",,,,,,,,,,,,,,,,,,"#19 Dennis Mork - P",,,,,,,,,,,,,,,,,,,"#70 Louis Lincoln - LG",,"#11 Larry Mitchell - WR",,,"#45 Levi Brandon - CB","#93 Harold Pittman - MLB","#24 Donald Taylor - CB",,"#25 Luther Miller - CB","#22 Dean Taylor - FS",,"#54 Tyler Carpenter - SLB",,,,"#58 Marvin Shepherd - RG","#60 Timothy Holton - LT","#61 Glenn Hughes - LG","#62 Michael Schwartz - LG","#55 Matthew Williamson - LT","#36 Ramon Watford - FB",,"#98 Kevin Calder - DT","#94 William Andrews - RDE","#95 Kirk Parish - LDE","#55 Darius Womack - MLB",,,,,,,
SLC,1:26,"SLC 9",2,1,10,"I Formation Normal HB Blast","4-3 Under Double Safety Blitz",-1,6,7,"1-10-SLC 9 (1:27) 11-Larry Mitchell ran to SLC 8 for -1 yards. Tackle by 45-David Fisher.","#1 Robert Jones - QB","#11 Larry Mitchell - WR",,,"#41 Joseph Fox - FB","#86 Gordon Brooks - TE",,"#15 Shawn Corder - WR",,"#14 Alfredo Mestas - WR",,,"#69 Rodolfo Hughes - LT","#67 Robert Austin - LG","#78 Rodney Poirier - C","#63 Charles Gordon - RG","#74 Randy Fuller - RT",,"#59 Christopher Ralston - RDE",,"#92 Jeffery Blackshire - DT","#68 Danny Angelo - DT","#79 Brian Pleas - RDE","#90 Ronald Macarthur - WLB","#97 Genaro Miller - MLB",,"#54 Antonio Lindsey - MLB","#39 Keith Brace - CB","#37 Keith Oliver - CB",,,,"#29 Alton Smith - SS","#45 David Fisher - FS",,,,,,,,,,,,,,,,,,,,,,,,,,,,,,,,,,,,
SLC,0:49,"SLC 8",2,2,11,"Singleback Slot Strong Off Tackle Strong","Nickel Normal Man Zone",12,6,7,"2-11-SLC 8 (0:48) 11-Larry Mitchell ran to SLC 20 for 12 yards. Tackle by 38-Salvador Thompson.","#1 Robert Jones - QB","#11 Larry Mitchell - WR",,,,"#86 Gordon Brooks - TE",,"#15 Shawn Corder - WR","#13 Jeffrey Lacey - WR","#14 Alfredo Mestas - WR",,,"#69 Rodolfo Hughes - LT","#67 Robert Austin - LG","#78 Rodney Poirier - C","#63 Charles Gordon - RG","#74 Randy Fuller - RT",,"#59 Christopher Ralston - RDE",,"#92 Jeffery Blackshire - DT","#68 Danny Angelo - DT","#79 Brian Pleas - RDE",,"#97 Genaro Miller - MLB",,"#54 Antonio Lindsey - MLB","#39 Keith Brace - CB","#37 Keith Oliver - CB",,"#32 John Jacob - CB",,"#29 Alton Smith - SS","#38 Salvador Thompson - FS",,,,,,,,,,,,,,,,,,,,,,,,,,,,,,,,,,,,
SLC,0:13,"SLC 20",2,1,10,"Weak I Normal HB Inside Weak","4-3 Under Double LB Blitz",-0,6,7,"1-10-SLC 20 (0:12) 23-Thomas Welch ran to SLC 20 for a short loss. Tackle by 54-Antonio Lindsey.","#1 Robert Jones - QB","#23 Thomas Welch - RB",,,"#41 Joseph Fox - FB","#86 Gordon Brooks - TE",,"#15 Shawn Corder - WR",,"#14 Alfredo Mestas - WR",,,"#69 Rodolfo Hughes - LT","#67 Robert Austin - LG","#78 Rodney Poirier - C","#63 Charles Gordon - RG","#74 Randy Fuller - RT",,"#59 Christopher Ralston - RDE",,"#92 Jeffery Blackshire - DT","#68 Danny Angelo - DT","#79 Brian Pleas - RDE","#90 Ronald Macarthur - WLB","#97 Genaro Miller - MLB",,"#54 Antonio Lindsey - MLB","#39 Keith Brace - CB","#37 Keith Oliver - CB",,,,"#29 Alton Smith - SS","#45 David Fisher - FS",,,,,,,,,,,,,,,,,,,,,,,,,,,,,,,,,,,,
,0:00,,2,2,10,,,,6,7,"End of half.",,,,,,,,,,,,,,,,,,,,,,,,,,,,,,,,,,,,,,,,,,,,,,,,,,,,,,,,,,,,,,,,,,,,,,
SLC,15:00,"SLC 35",3,6,10,Kickoff,"Kick Return",,6,7,"(15:00) 6-Mark Castellanos kicks 67 yards from SLC 35 to ARZ -2. 33-Richard White to ARZ 25 for 27 yards. Tackle by 97-Darius Womack. 77-Juan Davis was caught flat-footed on this play.",,,,,,,,,,,,,,,,,,,,,,,,,,,,,,,,,,,,,,"#33 Richard White - RB",,"#54 Antonio Lindsey - MLB","#37 Keith Oliver - CB","#98 Ralph Johnson - RDE","#39 Keith Brace - CB","#38 Salvador Thompson - FS","#45 David Fisher - FS","#77 Juan Davis - RDE","#51 Ryan Silva - SLB","#52 Derrick Rodriguez - MLB","#61 Glenn Hughes - LG","#6 Mark Castellanos - K",,,,,,,,,,,,,,,,,,,,
ARZ,14:55,"ARZ 25",3,1,10,"Goal Line Normal HB Outside Strong","4-3 Under Strong Blitz Outside",1,6,7,"1-10-ARZ 25 (14:56) 44-Keith Valencia ran to ARZ 26 for 1 yards. Tackle by 58-Eric Sharp.","#1 Charles Sirianni - QB","#44 Keith Valencia - RB",,"#20 Rodney Henry - FB","#36 Ramon Watford - FB","#82 Richard Robertson - TE","#81 Lane Decosta - TE",,,,,,"#58 Marvin Shepherd - RG","#61 Glenn Hughes - LG","#76 Isaac Barclay - C","#62 Michael Schwartz - LG","#73 William White - RT",,"#76 Christopher Greco - LDE",,"#92 Travis Chandler - DT","#99 Joe Suggs - LDE","#94 William Andrews - RDE","#58 Eric Sharp - SLB","#91 Andrew Horton - MLB",,"#57 Carl Hess - WLB","#22 Dean Taylor - FS","#29 Richard Goodman - CB",,,,"#25 Luther Miller - CB","#37 Edward Smith - CB",,,,,,,,,,,,,,,,,,,,,,,,,,,,,,,,,,,,
ARZ,14:13,"ARZ 26",3,2,9,"Weak I Normal HB Inside Weak","4-3 Under Strong Blitz Outside",10,6,7,"2-9-ARZ 26 (14:12) 44-Keith Valencia ran to ARZ 35 for 10 yards. Tackle by 37-Edward Smith.","#1 Charles Sirianni - QB","#44 Keith Valencia - RB",,,"#36 Ramon Watford - FB","#82 Richard Robertson - TE",,"#80 Shane Robinson - WR",,"#85 Billy Richardson - WR",,,"#58 Marvin Shepherd - RG","#61 Glenn Hughes - LG","#76 Isaac Barclay - C","#62 Michael Schwartz - LG","#73 William White - RT",,"#76 Christopher Greco - LDE",,"#92 Travis Chandler - DT","#99 Joe Suggs - LDE","#94 William Andrews - RDE","#58 Eric Sharp - SLB","#91 Andrew Horton - MLB",,"#57 Carl Hess - WLB","#22 Dean Taylor - FS","#29 Richard Goodman - CB",,,,"#25 Luther Miller - CB","#37 Edward Smith - CB",,,,,,,,,,,,,,,,,,,,,,,,,,,,,,,,,,,,
ARZ,13:35,"ARZ 35",3,1,10,"I Formation 3WR HB Inside Weak","Nickel 3-3-5 3 Deep Zone Under",10,6,7,"1-10-ARZ 35 (13:34) 44-Keith Valencia ran to ARZ 45 for 10 yards. Tackle by 22-Dean Taylor. ARZ 36-Ramon Watford was injured on the play. He looks like he should be able to return.","#1 Charles Sirianni - QB","#44 Keith Valencia - RB",,,"#36 Ramon Watford - FB",,,"#80 Shane Robinson - WR","#15 James Gonzales - WR","#85 Billy Richardson - WR",,,"#58 Marvin Shepherd - RG","#61 Glenn Hughes - LG","#76 Isaac Barclay - C","#62 Michael Schwartz - LG","#73 William White - RT",,"#76 Christopher Greco - LDE",,"#92 Travis Chandler - DT",,"#94 William Andrews - RDE","#58 Eric Sharp - SLB","#91 Andrew Horton - MLB",,"#57 Carl Hess - WLB","#29 Richard Goodman - CB","#45 Levi Brandon - CB",,"#45 James Taylor - CB",,"#25 Luther Miller - CB","#22 Dean Taylor - FS",,,,,,,,,,,,,,,,,,,,,,,,,,,,,,,,,,,,
ARZ,12:55,"ARZ 45",3,2,,"I Formation Normal HB Dive","4-3 Under 2 Deep Flat Outside",1,6,7,"2-1-ARZ 45 (12:54) 33-Richard White ran to ARZ 46 for 1 yards. Tackle by 92-Travis Chandler.","#1 Charles Sirianni - QB","#33 Richard White - RB",,,"#20 Rodney Henry - FB","#82 Richard Robertson - TE",,"#80 Shane Robinson - WR",,"#85 Billy Richardson - WR",,,"#58 Marvin Shepherd - RG","#61 Glenn Hughes - LG","#76 Isaac Barclay - C","#62 Michael Schwartz - LG","#73 William White - RT",,"#76 Christopher Greco - LDE",,"#92 Travis Chandler - DT","#99 Joe Suggs - LDE","#94 William Andrews - RDE","#58 Eric Sharp - SLB","#91 Andrew Horton - MLB",,"#57 Carl Hess - WLB","#22 Dean Taylor - FS","#29 Richard Goodman - CB",,,,"#25 Luther Miller - CB","#37 Edward Smith - CB",,,,,,,,,,,,,,,,,,,,,,,,,,,,,,,,,,,,
ARZ,12:13,"ARZ 46",3,1,10,"Goal Line Normal HB Toss Strong","4-3 Under Strong Blitz Outside",8,6,7,"1-10-ARZ 46 (12:12) 33-Richard White ran to SLC 46 for 8 yards. Tackle by 25-Luther Miller.","#1 Charles Sirianni - QB","#33 Richard White - RB",,"#44 Keith Valencia - RB","#20 Rodney Henry - FB","#82 Richard Robertson - TE","#81 Lane Decosta - TE",,,,,,"#58 Marvin Shepherd - RG","#61 Glenn Hughes - LG","#76 Isaac Barclay - C","#62 Michael Schwartz - LG","#73 William White - RT",,"#76 Christopher Greco - LDE",,"#92 Travis Chandler - DT","#99 Joe Suggs - LDE","#94 William Andrews - RDE","#58 Eric Sharp - SLB","#91 Andrew Horton - MLB",,"#57 Carl Hess - WLB","#22 Dean Taylor - FS","#29 Richard Goodman - CB",,,,"#25 Luther Miller - CB","#37 Edward Smith - CB",,,,,,,,,,,,,,,,,,,,,,,,,,,,,,,,,,,,
ARZ,11:39,"SLC 46",3,2,2,"Goal Line Normal HB Toss Strong","4-3 Under Shallow Right Zone",9,6,7,"2-2-SLC 46 (11:38) 33-Richard White ran to SLC 37 for 9 yards. Tackle by 37-Edward Smith.","#1 Charles Sirianni - QB","#33 Richard White - RB",,"#44 Keith Valencia - RB","#20 Rodney Henry - FB","#82 Richard Robertson - TE","#81 Lane Decosta - TE",,,,,,"#58 Marvin Shepherd - RG","#61 Glenn Hughes - LG","#76 Isaac Barclay - C","#62 Michael Schwartz - LG","#73 William White - RT",,"#76 Christopher Greco - LDE",,"#92 Travis Chandler - DT","#99 Joe Suggs - LDE","#94 William Andrews - RDE","#58 Eric Sharp - SLB","#91 Andrew Horton - MLB",,"#57 Carl Hess - WLB","#22 Dean Taylor - FS","#29 Richard Goodman - CB",,,,"#25 Luther Miller - CB","#37 Edward Smith - CB",,,,,,,,,,,,,,,,,,,,,,,,,,,,,,,,,,,,
ARZ,11:02,"SLC 37",3,1,10,"Goal Line Normal HB Dive","4-3 Under Strong Blitz Outside",1,6,7,"1-10-SLC 37 (11:01) 20-Rodney Henry ran to SLC 36 for 1 yards. Tackle by 76-Christopher Greco.","#1 Charles Sirianni - QB","#20 Rodney Henry - FB",,"#33 Richard White - RB","#44 Keith Valencia - RB","#82 Richard Robertson - TE","#81 Lane Decosta - TE",,,,,,"#58 Marvin Shepherd - RG","#61 Glenn Hughes - LG","#76 Isaac Barclay - C","#62 Michael Schwartz - LG","#73 William White - RT",,"#76 Christopher Greco - LDE",,"#92 Travis Chandler - DT","#99 Joe Suggs - LDE","#94 William Andrews - RDE","#58 Eric Sharp - SLB","#91 Andrew Horton - MLB",,"#57 Carl Hess - WLB","#29 Richard Goodman - CB","#45 Levi Brandon - CB",,,,"#25 Luther Miller - CB","#22 Dean Taylor - FS",,,,,,,,,,,,,,,,,,,,,,,,,,,,,,,,,,,,
ARZ,10:17,"SLC 36",3,2,9,"Weak I Normal HB Inside Weak","4-3 Under Crowd Middle",,6,7,"2-9-SLC 36 (10:16) 20-Rodney Henry ran to SLC 35 for a short gain. Tackle by 92-Travis Chandler.","#1 Charles Sirianni - QB","#20 Rodney Henry - FB",,,"#44 Keith Valencia - RB","#82 Richard Robertson - TE",,"#80 Shane Robinson - WR",,"#85 Billy Richardson - WR",,,"#58 Marvin Shepherd - RG","#61 Glenn Hughes - LG","#76 Isaac Barclay - C","#62 Michael Schwartz - LG","#73 William White - RT",,"#76 Christopher Greco - LDE",,"#92 Travis Chandler - DT","#99 Joe Suggs - LDE","#94 William Andrews - RDE","#58 Eric Sharp - SLB","#91 Andrew Horton - MLB",,"#57 Carl Hess - WLB","#22 Dean Taylor - FS","#29 Richard Goodman - CB",,,,"#25 Luther Miller - CB","#37 Edward Smith - CB",,,,,,,,,,,,,,,,,,,,,,,,,,,,,,,,,,,,
ARZ,9:37,"SLC 35",3,3,8,"I Formation Power HB Strong Outside","4-3 Under Strong Blitz Outside",4,6,7,"3-8-SLC 35 (9:36) 20-Rodney Henry ran to SLC 31 for 4 yards. Tackle by 37-Edward Smith.","#1 Charles Sirianni - QB","#20 Rodney Henry - FB",,"#44 Keith Valencia - RB","#33 Richard White - RB","#82 Richard Robertson - TE",,"#80 Shane Robinson - WR",,,,,"#58 Marvin Shepherd - RG","#61 Glenn Hughes - LG","#76 Isaac Barclay - C","#62 Michael Schwartz - LG","#73 William White - RT",,"#76 Christopher Greco - LDE",,"#92 Travis Chandler - DT","#99 Joe Suggs - LDE","#94 William Andrews - RDE","#58 Eric Sharp - SLB","#91 Andrew Horton - MLB",,"#57 Carl Hess - WLB","#22 Dean Taylor - FS","#29 Richard Goodman - CB",,,,"#25 Luther Miller - CB","#37 Edward Smith - CB",,,,,,,,,,,,,,,,,,,,,,,,,,,,,,,,,,,,
ARZ,8:55,"SLC 31",3,4,4,"Field Goal","FG Block",42,6,10,"4-4-SLC 31 (8:54) 6-William Grubb 50 yard field goal is GOOD. SLC 94-William Andrews was injured on the play. He looks like he should be able to return. SLC 6 ARZ 10",,,,,,,,,,,,,,,,,,,,,,,,,,,,,,,,,,,,"#19 Dennis Mork - P","#70 Louis Lincoln - LG",,,,,,,,,,,,,,"#6 William Grubb - K","#76 Isaac Barclay - C","#58 Marvin Shepherd - RG","#60 Timothy Holton - LT","#61 Glenn Hughes - LG","#62 Michael Schwartz - LG","#55 Matthew Williamson - LT","#83 Rodney Simpson - TE","#72 Ramiro James - RT","#55 Darius Womack - MLB","#92 Travis Chandler - DT","#94 William Andrews - RDE","#95 Kirk Parish - LDE","#76 Christopher Greco - LDE","#59 Scottie Mayhew - DT","#54 Tyler Carpenter - SLB","#99 Joe Suggs - LDE","#98 Kevin Calder - DT","#52 James Tillery - WLB","#56 Jerry Wiley - SLB"
ARZ,8:49,"ARZ 35",3,6,10,Kickoff,"Kick Return",,6,10,"(8:50) 6-William Grubb kicks 74 yards from ARZ 35 to SLC -9. Touchback.",,,,,,,,,,,,,,,,,,,,,,,,,,,,,,,,,,,,,,"#11 Larry Mitchell - WR",,"#76 Christopher Greco - LDE","#55 Darius Womack - MLB","#24 Donald Taylor - CB","#54 Tyler Carpenter - SLB","#92 Travis Chandler - DT","#93 Harold Pittman - MLB","#45 Levi Brandon - CB","#25 Luther Miller - CB","#67 Robert Austin - LG","#22 Dean Taylor - FS","#6 William Grubb - K",,,,,,,,,,,,,,,,,,,,
SLC,8:49,"SLC 25",3,1,10,"I Formation 3WR Slot Corner Long","Nickel Normal Man Cover 2",8,6,10,"1-10-SLC 25 (8:50) 1-Robert Jones pass complete to 15-Shawn Corder to SLC 33 for 8 yards. Tackle by 39-Keith Brace. 39-Keith Brace got away with a hold on that play.","#1 Robert Jones - QB","#11 Larry Mitchell - WR",,,"#41 Joseph Fox - FB",,,"#15 Shawn Corder - WR","#13 Jeffrey Lacey - WR","#14 Alfredo Mestas - WR",,,"#69 Rodolfo Hughes - LT","#67 Robert Austin - LG","#78 Rodney Poirier - C","#63 Charles Gordon - RG","#74 Randy Fuller - RT",,"#59 Christopher Ralston - RDE",,"#92 Jeffery Blackshire - DT","#68 Danny Angelo - DT","#79 Brian Pleas - RDE",,"#97 Genaro Miller - MLB",,"#54 Antonio Lindsey - MLB","#39 Keith Brace - CB","#37 Keith Oliver - CB",,"#32 John Jacob - CB",,"#29 Alton Smith - SS","#38 Salvador Thompson - FS",,,,,,,,,,,,,,,,,,,,,,,,,,,,,,,,,,,,
SLC,8:16,"SLC 33",3,2,2,"I Formation 3WR HB Inside Weak","Nickel Normal Man Zone",16,6,10,"2-2-SLC 33 (8:15) 11-Larry Mitchell ran to SLC 48 for 16 yards. Tackle by 39-Keith Brace. SLC 78-Rodney Poirier was injured on the play. He looks like he should be able to return. ARZ 38-Salvador Thompson was injured on the play. He looks like he should be able to return. PENALTY - Unnecessary Roughness (ARZ 39-Keith Brace)","#1 Robert Jones - QB","#11 Larry Mitchell - WR",,,"#41 Joseph Fox - FB",,,"#15 Shawn Corder - WR","#13 Jeffrey Lacey - WR","#14 Alfredo Mestas - WR",,,"#69 Rodolfo Hughes - LT","#67 Robert Austin - LG","#78 Rodney Poirier - C","#63 Charles Gordon - RG","#74 Randy Fuller - RT",,"#59 Christopher Ralston - RDE",,"#92 Jeffery Blackshire - DT","#68 Danny Angelo - DT","#79 Brian Pleas - RDE",,"#97 Genaro Miller - MLB",,"#54 Antonio Lindsey - MLB","#39 Keith Brace - CB","#37 Keith Oliver - CB",,"#32 John Jacob - CB",,"#29 Alton Smith - SS","#38 Salvador Thompson - FS",,,,,,,,,,,,,,,,,,,,,,,,,,,,,,,,,,,,
SLC,8:10,"ARZ 37",3,1,10,"I Formation Normal FL Hitch","4-3 Under Double Safety Blitz",,6,10,"1-10-ARZ 37 (8:11) 1-Robert Jones pass Pass knocked down by 32-John Jacob. incomplete, intended for 15-Shawn Corder.","#1 Robert Jones - QB","#23 Thomas Welch - RB",,,"#41 Joseph Fox - FB","#86 Gordon Brooks - TE",,"#15 Shawn Corder - WR",,"#14 Alfredo Mestas - WR",,,"#69 Rodolfo Hughes - LT","#67 Robert Austin - LG","#65 Eugene York - C","#63 Charles Gordon - RG","#74 Randy Fuller - RT",,"#59 Christopher Ralston - RDE",,"#92 Jeffery Blackshire - DT","#68 Danny Angelo - DT","#79 Brian Pleas - RDE","#90 Ronald Macarthur - WLB","#97 Genaro Miller - MLB",,"#54 Antonio Lindsey - MLB","#32 John Jacob - CB","#46 James Marston - SS",,,,"#29 Alton Smith - SS","#45 David Fisher - FS",,,,,,,,,,,,,,,,,,,,,,,,,,,,,,,,,,,,
SLC,8:07,"ARZ 37",3,2,10,"Singleback Slot Strong HB Counter","Nickel Normal Man Cover 2",12,6,10,"2-10-ARZ 37 (8:08) 23-Thomas Welch ran to ARZ 24 for 12 yards. Tackle by 29-Alton Smith.","#1 Robert Jones - QB","#23 Thomas Welch - RB",,,,"#86 Gordon Brooks - TE",,"#15 Shawn Corder - WR","#13 Jeffrey Lacey - WR","#14 Alfredo Mestas - WR",,,"#69 Rodolfo Hughes - LT","#67 Robert Austin - LG","#65 Eugene York - C","#63 Charles Gordon - RG","#74 Randy Fuller - RT",,"#59 Christopher Ralston - RDE",,"#92 Jeffery Blackshire - DT","#68 Danny Angelo - DT","#79 Brian Pleas - RDE",,"#97 Genaro Miller - MLB",,"#54 Antonio Lindsey - MLB","#39 Keith Brace - CB","#37 Keith Oliver - CB",,"#32 John Jacob - CB",,"#29 Alton Smith - SS","#45 David Fisher - FS",,,,,,,,,,,,,,,,,,,,,,,,,,,,,,,,,,,,
SLC,7:29,"ARZ 24",3,1,10,"I Formation Normal FL Hitch","4-3 Under Double Safety Blitz",3,6,10,"1-10-ARZ 24 (7:28) 1-Robert Jones pass complete to 15-Shawn Corder to ARZ 22 for 3 yards. Tackle by 97-Genaro Miller.","#1 Robert Jones - QB","#11 Larry Mitchell - WR",,,"#41 Joseph Fox - FB","#86 Gordon Brooks - TE",,"#15 Shawn Corder - WR",,"#14 Alfredo Mestas - WR",,,"#69 Rodolfo Hughes - LT","#67 Robert Austin - LG","#65 Eugene York - C","#63 Charles Gordon - RG","#74 Randy Fuller - RT",,"#59 Christopher Ralston - RDE",,"#92 Jeffery Blackshire - DT","#68 Danny Angelo - DT","#79 Brian Pleas - RDE","#90 Ronald Macarthur - WLB","#97 Genaro Miller - MLB",,"#54 Antonio Lindsey - MLB","#39 Keith Brace - CB","#37 Keith Oliver - CB",,,,"#29 Alton Smith - SS","#45 David Fisher - FS",,,,,,,,,,,,,,,,,,,,,,,,,,,,,,,,,,,,
SLC,6:52,"ARZ 22",3,2,7,"I Formation Normal FL Hitch","4-3 Under Crash Right",9,6,10,"2-7-ARZ 22 (6:51) 1-Robert Jones pass complete to 14-Alfredo Mestas to ARZ 13 for 9 yards. Tackle by 37-Keith Oliver.","#1 Robert Jones - QB","#11 Larry Mitchell - WR",,,"#41 Joseph Fox - FB","#86 Gordon Brooks - TE",,"#15 Shawn Corder - WR",,"#14 Alfredo Mestas - WR",,,"#69 Rodolfo Hughes - LT","#67 Robert Austin - LG","#65 Eugene York - C","#63 Charles Gordon - RG","#74 Randy Fuller - RT",,"#59 Christopher Ralston - RDE",,"#92 Jeffery Blackshire - DT","#68 Danny Angelo - DT","#79 Brian Pleas - RDE","#90 Ronald Macarthur - WLB","#97 Genaro Miller - MLB",,"#54 Antonio Lindsey - MLB","#39 Keith Brace - CB","#37 Keith Oliver - CB",,,,"#29 Alton Smith - SS","#45 David Fisher - FS",,,,,,,,,,,,,,,,,,,,,,,,,,,,,,,,,,,,
SLC,6:10,"ARZ 13",3,1,10,"I Formation Normal HB Blast","4-3 Under Crash Right",2,6,10,"1-10-ARZ 13 (6:09) 11-Larry Mitchell ran to ARZ 11 for 2 yards. Tackle by 97-Genaro Miller.","#1 Robert Jones - QB","#11 Larry Mitchell - WR",,,"#41 Joseph Fox - FB","#86 Gordon Brooks - TE",,"#15 Shawn Corder - WR",,"#14 Alfredo Mestas - WR",,,"#69 Rodolfo Hughes - LT","#67 Robert Austin - LG","#65 Eugene York - C","#63 Charles Gordon - RG","#74 Randy Fuller - RT",,"#59 Christopher Ralston - RDE",,"#92 Jeffery Blackshire - DT","#68 Danny Angelo - DT","#79 Brian Pleas - RDE","#90 Ronald Macarthur - WLB","#97 Genaro Miller - MLB",,"#54 Antonio Lindsey - MLB","#39 Keith Brace - CB","#37 Keith Oliver - CB",,,,"#29 Alton Smith - SS","#45 David Fisher - FS",,,,,,,,,,,,,,,,,,,,,,,,,,,,,,,,,,,,
SLC,5:33,"ARZ 11",3,2,8,"Singleback Empty 4 Short Posts","Dime Flat CB4 Blitz",10,6,10,"2-8-ARZ 11 (5:32) 1-Robert Jones pass complete to 86-Gordon Brooks to ARZ 1 for 10 yards. Tackle by 45-David Fisher. SLC 85-Joshua Burton was injured on the play. He looks like he should be able to return.","#1 Robert Jones - QB",,,,,"#86 Gordon Brooks - TE",,"#15 Shawn Corder - WR","#13 Jeffrey Lacey - WR","#14 Alfredo Mestas - WR","#85 Joshua Burton - WR",,"#69 Rodolfo Hughes - LT","#67 Robert Austin - LG","#65 Eugene York - C","#63 Charles Gordon - RG","#74 Randy Fuller - RT",,"#59 Christopher Ralston - RDE",,"#92 Jeffery Blackshire - DT","#68 Danny Angelo - DT","#79 Brian Pleas - RDE",,"#97 Genaro Miller - MLB",,,"#39 Keith Brace - CB","#37 Keith Oliver - CB","#46 James Marston - SS","#32 John Jacob - CB",,"#29 Alton Smith - SS","#45 David Fisher - FS",,,,,,,,,,,,,,,,,,,,,,,,,,,,,,,,,,,,
SLC,4:54,"ARZ 1",3,1,1,"Shotgun Normal HB Dive","Nickel Normal Double WR1",-0,6,10,"1-1-ARZ 1 (4:53) 11-Larry Mitchell ran to ARZ 1 for a short loss. Tackle by 68-Danny Angelo.","#1 Robert Jones - QB","#11 Larry Mitchell - WR",,,,"#86 Gordon Brooks - TE",,"#15 Shawn Corder - WR","#13 Jeffrey Lacey - WR","#14 Alfredo Mestas - WR",,,"#69 Rodolfo Hughes - LT","#67 Robert Austin - LG","#65 Eugene York - C","#63 Charles Gordon - RG","#74 Randy Fuller - RT",,"#59 Christopher Ralston - RDE",,"#92 Jeffery Blackshire - DT","#68 Danny Angelo - DT","#79 Brian Pleas - RDE",,"#97 Genaro Miller - MLB",,"#54 Antonio Lindsey - MLB","#39 Keith Brace - CB","#37 Keith Oliver - CB",,"#32 John Jacob - CB",,"#29 Alton Smith - SS","#45 David Fisher - FS",,,,,,,,,,,,,,,,,,,,,,,,,,,,,,,,,,,,
SLC,4:09,"ARZ 1",3,2,1,"Strong I Normal HB Off Tackle Strong","4-3 Under Double Safety Blitz",-0,6,10,"2-1-ARZ 1 (4:08) 11-Larry Mitchell ran to ARZ 2 for a short loss. Tackle by 59-Christopher Ralston. PENALTY - Facemask (ARZ 59-Christopher Ralston)","#1 Robert Jones - QB","#11 Larry Mitchell - WR",,,"#41 Joseph Fox - FB","#86 Gordon Brooks - TE",,"#15 Shawn Corder - WR",,"#14 Alfredo Mestas - WR",,,"#69 Rodolfo Hughes - LT","#67 Robert Austin - LG","#65 Eugene York - C","#63 Charles Gordon - RG","#74 Randy Fuller - RT",,"#59 Christopher Ralston - RDE",,"#92 Jeffery Blackshire - DT","#68 Danny Angelo - DT","#79 Brian Pleas - RDE","#90 Ronald Macarthur - WLB","#97 Genaro Miller - MLB",,"#54 Antonio Lindsey - MLB","#39 Keith Brace - CB","#37 Keith Oliver - CB",,,,"#29 Alton Smith - SS","#45 David Fisher - FS",,,,,,,,,,,,,,,,,,,,,,,,,,,,,,,,,,,,
SLC,4:05,"ARZ 1",3,1,1,"Weak I Big WR Post TE Out","Goal Line 3 Deep Man",,6,10,"1-1-ARZ 1 (4:06) 1-Robert Jones pass incomplete, intended for 82-Matthew Shane.","#1 Robert Jones - QB","#11 Larry Mitchell - WR",,,"#41 Joseph Fox - FB","#86 Gordon Brooks - TE","#82 Matthew Shane - TE","#15 Shawn Corder - WR",,,,,"#69 Rodolfo Hughes - LT","#67 Robert Austin - LG","#65 Eugene York - C","#63 Charles Gordon - RG","#74 Randy Fuller - RT",,"#59 Christopher Ralston - RDE","#98 Ralph Johnson - RDE","#92 Jeffery Blackshire - DT","#68 Danny Angelo - DT","#79 Brian Pleas - RDE","#90 Ronald Macarthur - WLB","#97 Genaro Miller - MLB",,"#54 Antonio Lindsey - MLB","#39 Keith Brace - CB","#37 Keith Oliver - CB",,,,"#29 Alton Smith - SS",,,,,,,,,,,,,,,,,,,,,,,,,,,,,,,,,,,,,
SLC,4:01,"ARZ 1",3,2,1,"Weak I Big HB Lead Toss Weak","Goal Line Attack #1",-2,6,10,"2-1-ARZ 1 (4:02) 23-Thomas Welch ran to ARZ 3 for -2 yards. Tackle by 97-Genaro Miller. ARZ 39-Keith Brace was injured on the play.","#1 Robert Jones - QB","#23 Thomas Welch - RB",,,"#41 Joseph Fox - FB","#86 Gordon Brooks - TE","#82 Matthew Shane - TE","#15 Shawn Corder - WR",,,,,"#69 Rodolfo Hughes - LT","#67 Robert Austin - LG","#65 Eugene York - C","#63 Charles Gordon - RG","#74 Randy Fuller - RT",,"#59 Christopher Ralston - RDE","#98 Ralph Johnson - RDE","#92 Jeffery Blackshire - DT","#68 Danny Angelo - DT","#79 Brian Pleas - RDE","#90 Ronald Macarthur - WLB","#97 Genaro Miller - MLB",,"#54 Antonio Lindsey - MLB","#39 Keith Brace - CB","#37 Keith Oliver - CB",,,,"#29 Alton Smith - SS",,,,,,,,,,,,,,,,,,,,,,,,,,,,,,,,,,,,,
SLC,3:20,"ARZ 3",3,3,3,"I Formation Normal HB Toss Weak","4-3 Under Double Safety Blitz",-2,6,10,"3-3-ARZ 3 (3:19) 11-Larry Mitchell ran to ARZ 5 for -2 yards. Tackle by 38-Salvador Thompson.","#1 Robert Jones - QB","#11 Larry Mitchell - WR",,,"#41 Joseph Fox - FB","#86 Gordon Brooks - TE",,"#15 Shawn Corder - WR",,"#14 Alfredo Mestas - WR",,,"#69 Rodolfo Hughes - LT","#67 Robert Austin - LG","#65 Eugene York - C","#63 Charles Gordon - RG","#74 Randy Fuller - RT",,"#59 Christopher Ralston - RDE",,"#92 Jeffery Blackshire - DT","#68 Danny Angelo - DT","#79 Brian Pleas - RDE","#90 Ronald Macarthur - WLB","#97 Genaro Miller - MLB",,"#54 Antonio Lindsey - MLB","#37 Keith Oliver - CB","#32 John Jacob - CB",,,,"#29 Alton Smith - SS","#38 Salvador Thompson - FS",,,,,,,,,,,,,,,,,,,,,,,,,,,,,,,,,,,,
SLC,2:39,"ARZ 5",3,4,5,"Field Goal","FG Block",16,9,10,"4-5-ARZ 5 (2:38) 6-Mark Castellanos 22 yard field goal is GOOD. SLC 9 ARZ 10",,,,,,,,,,,,,,,,,,,,,,,,,,,,,,,,,,,,"#2 Troy Hernadez - QB","#67 Robert Austin - LG",,,,,,,,,,,,,,"#6 Mark Castellanos - K","#86 Gordon Brooks - TE","#72 Steven Solomon - RT","#75 Ronald Lee - LG","#69 Rodolfo Hughes - LT","#74 Eddie Petrie - LT","#63 Charles Gordon - RG","#65 Eugene York - C","#92 Travis Chandler - DT","#51 Ryan Silva - SLB","#98 Ralph Johnson - RDE","#77 Juan Davis - RDE","#64 Stephen Dotson - DT","#68 Danny Angelo - DT","#54 Antonio Lindsey - MLB","#46 James Marston - SS","#59 Christopher Ralston - RDE","#34 Joseph Toms - SS","#97 Genaro Miller - MLB","#50 Todd Shofner - WLB"
SLC,2:34,"SLC 35",3,6,10,Kickoff,"Kick Return",,9,10,"(2:35) 6-Mark Castellanos kicks 74 yards from SLC 35 to ARZ -9. 33-Richard White to ARZ 22 for 31 yards. Tackle by 67-Robert Austin. ARZ 45-David Fisher was injured on the play. He looks like he should be able to return.",,,,,,,,,,,,,,,,,,,,,,,,,,,,,,,,,,,,,,"#33 Richard White - RB",,"#32 John Jacob - CB","#45 David Fisher - FS","#98 Ralph Johnson - RDE","#37 Keith Oliver - CB","#38 Salvador Thompson - FS","#52 Derrick Rodriguez - MLB","#77 Juan Davis - RDE","#51 Ryan Silva - SLB","#54 Antonio Lindsey - MLB","#61 Glenn Hughes - LG","#6 Mark Castellanos - K",,,,,,,,,,,,,,,,,,,,
ARZ,2:28,"ARZ 22",3,1,10,"I Formation 3WR HB Inside Strong","Nickel Normal 2 Deep",,9,10,"1-10-ARZ 22 (2:29) PENALTY - False Start (ARZ 1-Charles Sirianni)","#1 Charles Sirianni - QB","#44 Keith Valencia - RB",,,"#36 Ramon Watford - FB",,,"#80 Shane Robinson - WR","#15 James Gonzales - WR","#85 Billy Richardson - WR",,,"#58 Marvin Shepherd - RG","#70 Louis Lincoln - LG","#76 Isaac Barclay - C","#62 Michael Schwartz - LG","#73 William White - RT",,"#95 Kirk Parish - LDE",,"#92 Travis Chandler - DT","#99 Joe Suggs - LDE","#94 William Andrews - RDE",,"#91 Andrew Horton - MLB",,"#57 Carl Hess - WLB","#22 Dean Taylor - FS","#29 Richard Goodman - CB",,"#45 Levi Brandon - CB",,"#25 Luther Miller - CB","#37 Edward Smith - CB",,,,,,,,,,,,,,,,,,,,,,,,,,,,,,,,,,,,
ARZ,2:28,"ARZ 17",3,1,15,"Strong I Normal HB Off Tackle Strong","4-3 Under Shallow Right Zone",4,9,10,"1-15-ARZ 17 (2:29) 44-Keith Valencia ran to ARZ 21 for 4 yards. Tackle by 91-Andrew Horton.","#1 Charles Sirianni - QB","#44 Keith Valencia - RB",,,"#36 Ramon Watford - FB","#82 Richard Robertson - TE",,"#80 Shane Robinson - WR",,"#85 Billy Richardson - WR",,,"#58 Marvin Shepherd - RG","#61 Glenn Hughes - LG","#76 Isaac Barclay - C","#62 Michael Schwartz - LG","#73 William White - RT",,"#76 Christopher Greco - LDE",,"#92 Travis Chandler - DT","#99 Joe Suggs - LDE","#94 William Andrews - RDE","#58 Eric Sharp - SLB","#91 Andrew Horton - MLB",,"#57 Carl Hess - WLB","#22 Dean Taylor - FS","#29 Richard Goodman - CB",,,,"#25 Luther Miller - CB","#37 Edward Smith - CB",,,,,,,,,,,,,,,,,,,,,,,,,,,,,,,,,,,,
ARZ,1:45,"ARZ 21",3,2,11,"Weak I Normal HB Inside Weak","4-3 Under Wide Line",1,9,10,"2-11-ARZ 21 (1:44) 44-Keith Valencia ran to ARZ 22 for 1 yards. Tackle by 92-Travis Chandler. ARZ 73-William White was injured on the play. He looks like he should be able to return.","#1 Charles Sirianni - QB","#44 Keith Valencia - RB",,,"#36 Ramon Watford - FB","#82 Richard Robertson - TE",,"#80 Shane Robinson - WR",,"#85 Billy Richardson - WR",,,"#58 Marvin Shepherd - RG","#61 Glenn Hughes - LG","#76 Isaac Barclay - C","#62 Michael Schwartz - LG","#73 William White - RT",,"#76 Christopher Greco - LDE",,"#92 Travis Chandler - DT","#99 Joe Suggs - LDE","#94 William Andrews - RDE","#58 Eric Sharp - SLB","#91 Andrew Horton - MLB",,"#57 Carl Hess - WLB","#29 Richard Goodman - CB","#45 Levi Brandon - CB",,,,"#25 Luther Miller - CB","#22 Dean Taylor - FS",,,,,,,,,,,,,,,,,,,,,,,,,,,,,,,,,,,,
ARZ,1:11,"ARZ 22",3,3,10,"I Formation 3WR Slot Corner Long","Nickel Normal SS Blitz",,9,10,"3-10-ARZ 22 (1:10) 1-Charles Sirianni pass Pass knocked down by 91-Andrew Horton. incomplete, intended for 80-Shane Robinson.","#1 Charles Sirianni - QB","#44 Keith Valencia - RB",,,"#36 Ramon Watford - FB",,,"#80 Shane Robinson - WR","#15 James Gonzales - WR","#85 Billy Richardson - WR",,,"#58 Marvin Shepherd - RG","#61 Glenn Hughes - LG","#76 Isaac Barclay - C","#62 Michael Schwartz - LG","#60 Timothy Holton - LT",,"#76 Christopher Greco - LDE",,"#92 Travis Chandler - DT","#99 Joe Suggs - LDE","#94 William Andrews - RDE",,"#91 Andrew Horton - MLB",,"#57 Carl Hess - WLB","#22 Dean Taylor - FS","#29 Richard Goodman - CB",,"#45 Levi Brandon - CB",,"#25 Luther Miller - CB","#37 Edward Smith - CB",,,,,,,,,,,,,,,,,,,,,,,,,,,,,,,,,,,,
ARZ,1:06,"ARZ 22",3,4,10,Punt,"Punt Return",,9,10,"4-10-ARZ 22 (1:07) 19-Dennis Mork punts 47 yards to SLC 32. 11-Larry Mitchell to ARZ 47 for 21 yards. ARZ 55-Matthew Williamson was injured on the play. He looks like he should be able to return. SLC 22-Dean Taylor was injured on the play. He looks like he should be able to return.",,,,,,,,,,,,,,,,,,"#19 Dennis Mork - P",,,,,,,,,,,,,,,,,,,"#70 Louis Lincoln - LG",,"#11 Larry Mitchell - WR",,,"#24 Donald Taylor - CB","#54 Tyler Carpenter - SLB","#92 Travis Chandler - DT",,"#45 Levi Brandon - CB","#25 Luther Miller - CB",,"#22 Dean Taylor - FS",,,,"#58 Marvin Shepherd - RG","#60 Timothy Holton - LT","#61 Glenn Hughes - LG","#62 Michael Schwartz - LG","#55 Matthew Williamson - LT","#36 Ramon Watford - FB",,"#98 Kevin Calder - DT","#94 William Andrews - RDE","#95 Kirk Parish - LDE","#55 Darius Womack - MLB",,,,,,,
SLC,0:54,"ARZ 47",3,1,10,"Singleback Slot Strong TE Corner","Nickel Normal 3 Deep Man Under",7,9,10,"1-10-ARZ 47 (0:55) 1-Robert Jones pass complete to 15-Shawn Corder to ARZ 40 for 7 yards. Tackle by 29-Alton Smith.","#1 Robert Jones - QB","#23 Thomas Welch - RB",,,,"#86 Gordon Brooks - TE",,"#15 Shawn Corder - WR","#13 Jeffrey Lacey - WR","#14 Alfredo Mestas - WR",,,"#69 Rodolfo Hughes - LT","#67 Robert Austin - LG","#78 Rodney Poirier - C","#63 Charles Gordon - RG","#74 Randy Fuller - RT",,"#59 Christopher Ralston - RDE",,"#92 Jeffery Blackshire - DT","#68 Danny Angelo - DT","#79 Brian Pleas - RDE",,"#97 Genaro Miller - MLB",,"#54 Antonio Lindsey - MLB","#37 Keith Oliver - CB","#32 John Jacob - CB",,"#46 James Marston - SS",,"#29 Alton Smith - SS","#45 David Fisher - FS",,,,,,,,,,,,,,,,,,,,,,,,,,,,,,,,,,,,
SLC,0:15,"ARZ 40",3,2,3,"I Formation 3WR Slot Short WR Deep","Nickel Normal 3 Deep Man Under",8,9,10,"2-3-ARZ 40 (0:14) 1-Robert Jones pass complete to 13-Jeffrey Lacey to ARZ 33 for 8 yards. Tackle by 54-Antonio Lindsey. 13-Jeffrey Lacey breaks down the CB.","#1 Robert Jones - QB","#11 Larry Mitchell - WR",,,"#41 Joseph Fox - FB",,,"#15 Shawn Corder - WR","#13 Jeffrey Lacey - WR","#14 Alfredo Mestas - WR",,,"#69 Rodolfo Hughes - LT","#67 Robert Austin - LG","#78 Rodney Poirier - C","#63 Charles Gordon - RG","#74 Randy Fuller - RT",,"#59 Christopher Ralston - RDE",,"#92 Jeffery Blackshire - DT","#68 Danny Angelo - DT","#79 Brian Pleas - RDE",,"#97 Genaro Miller - MLB",,"#54 Antonio Lindsey - MLB","#37 Keith Oliver - CB","#32 John Jacob - CB",,"#45 David Fisher - FS",,"#29 Alton Smith - SS","#38 Salvador Thompson - FS",,,,,,,,,,,,,,,,,,,,,,,,,,,,,,,,,,,,
,0:00,,3,1,10,,,,9,10,"End of third quarter.",,,,,,,,,,,,,,,,,,,,,,,,,,,,,,,,,,,,,,,,,,,,,,,,,,,,,,,,,,,,,,,,,,,,,,
SLC,15:00,"ARZ 33",4,1,10,"I Formation Normal PA Fullback Flat","4-3 Under Double LB Blitz",6,9,10,"1-10-ARZ 33 (15:00) 1-Robert Jones pass complete to 86-Gordon Brooks to ARZ 27 for 6 yards. Tackle by 38-Salvador Thompson.","#1 Robert Jones - QB","#23 Thomas Welch - RB",,,"#41 Joseph Fox - FB","#86 Gordon Brooks - TE",,"#15 Shawn Corder - WR",,"#14 Alfredo Mestas - WR",,,"#69 Rodolfo Hughes - LT","#67 Robert Austin - LG","#78 Rodney Poirier - C","#63 Charles Gordon - RG","#74 Randy Fuller - RT",,"#59 Christopher Ralston - RDE",,"#92 Jeffery Blackshire - DT","#68 Danny Angelo - DT","#79 Brian Pleas - RDE","#90 Ronald Macarthur - WLB","#97 Genaro Miller - MLB",,"#54 Antonio Lindsey - MLB","#37 Keith Oliver - CB","#32 John Jacob - CB",,,,"#29 Alton Smith - SS","#38 Salvador Thompson - FS",,,,,,,,,,,,,,,,,,,,,,,,,,,,,,,,,,,,
SLC,14:26,"ARZ 27",4,2,4,"Singleback Slot Strong Off Tackle Strong","Nickel Normal Man Cover 2",-0,9,10,"2-4-ARZ 27 (14:25) 11-Larry Mitchell ran to ARZ 27 for a short loss. Tackle by 97-Genaro Miller.","#1 Robert Jones - QB","#11 Larry Mitchell - WR",,,,"#86 Gordon Brooks - TE",,"#15 Shawn Corder - WR","#13 Jeffrey Lacey - WR","#14 Alfredo Mestas - WR",,,"#69 Rodolfo Hughes - LT","#67 Robert Austin - LG","#78 Rodney Poirier - C","#63 Charles Gordon - RG","#74 Randy Fuller - RT",,"#59 Christopher Ralston - RDE",,"#92 Jeffery Blackshire - DT","#68 Danny Angelo - DT","#79 Brian Pleas - RDE",,"#97 Genaro Miller - MLB",,"#54 Antonio Lindsey - MLB","#37 Keith Oliver - CB","#32 John Jacob - CB",,"#45 David Fisher - FS",,"#29 Alton Smith - SS","#38 Salvador Thompson - FS",,,,,,,,,,,,,,,,,,,,,,,,,,,,,,,,,,,,
SLC,13:47,"ARZ 27",4,3,4,"I Formation Normal PA Fullback Flat","3-4 Normal 3 Deep Zone Under",3,9,10,"3-4-ARZ 27 (13:46) 1-Robert Jones pass complete to 41-Joseph Fox to ARZ 24 for 3 yards. Tackle by 54-Antonio Lindsey. ARZ 79-Brian Pleas was injured on the play.","#1 Robert Jones - QB","#11 Larry Mitchell - WR",,,"#41 Joseph Fox - FB","#86 Gordon Brooks - TE",,"#15 Shawn Corder - WR",,"#14 Alfredo Mestas - WR",,,"#69 Rodolfo Hughes - LT","#67 Robert Austin - LG","#78 Rodney Poirier - C","#63 Charles Gordon - RG","#74 Randy Fuller - RT",,"#59 Christopher Ralston - RDE",,"#92 Jeffery Blackshire - DT",,"#79 Brian Pleas - RDE","#90 Ronald Macarthur - WLB","#97 Genaro Miller - MLB","#52 Derrick Rodriguez - MLB","#54 Antonio Lindsey - MLB","#37 Keith Oliver - CB","#32 John Jacob - CB",,,,"#29 Alton Smith - SS","#38 Salvador Thompson - FS",,,,,,,,,,,,,,,,,,,,,,,,,,,,,,,,,,,,
SLC,13:04,"ARZ 24",4,4,2,"Field Goal","FG Block",35,12,10,"4-2-ARZ 24 (13:03) 6-Mark Castellanos 42 yard field goal is GOOD. ARZ 59-Christopher Ralston was injured on the play. SLC 12 ARZ 10",,,,,,,,,,,,,,,,,,,,,,,,,,,,,,,,,,,,"#2 Troy Hernadez - QB","#67 Robert Austin - LG",,,,,,,,,,,,,,"#6 Mark Castellanos - K","#92 Travis Chandler - DT","#72 Steven Solomon - RT","#75 Ronald Lee - LG","#69 Rodolfo Hughes - LT","#74 Eddie Petrie - LT","#63 Charles Gordon - RG","#65 Eugene York - C","#78 Rodney Poirier - C","#51 Ryan Silva - SLB","#98 Ralph Johnson - RDE","#77 Juan Davis - RDE","#64 Stephen Dotson - DT","#68 Danny Angelo - DT","#54 Antonio Lindsey - MLB","#46 James Marston - SS","#59 Christopher Ralston - RDE","#34 Joseph Toms - SS","#97 Genaro Miller - MLB","#50 Todd Shofner - WLB"
SLC,12:58,"SLC 35",4,6,10,Kickoff,"Kick Return",,12,10,"(12:59) 6-Mark Castellanos kicks 75 yards from SLC 35 to ARZ -10. Touchback.",,,,,,,,,,,,,,,,,,,,,,,,,,,,,,,,,,,,,,"#33 Richard White - RB",,"#32 John Jacob - CB","#45 David Fisher - FS","#98 Ralph Johnson - RDE","#37 Keith Oliver - CB","#38 Salvador Thompson - FS","#52 Derrick Rodriguez - MLB","#77 Juan Davis - RDE","#51 Ryan Silva - SLB","#54 Antonio Lindsey - MLB","#61 Glenn Hughes - LG","#6 Mark Castellanos - K",,,,,,,,,,,,,,,,,,,,
ARZ,12:58,"ARZ 25",4,1,10,"Goal Line Normal PA TE Drag","4-3 Under Strong Blitz Outside",8,12,10,"1-10-ARZ 25 (12:59) 1-Charles Sirianni pass complete to 82-Richard Robertson to ARZ 33 for 8 yards. Tackle by 32-Levi Brandon.","#1 Charles Sirianni - QB","#44 Keith Valencia - RB",,"#20 Rodney Henry - FB","#36 Ramon Watford - FB","#82 Richard Robertson - TE","#81 Lane Decosta - TE",,,,,,"#58 Marvin Shepherd - RG","#61 Glenn Hughes - LG","#76 Isaac Barclay - C","#62 Michael Schwartz - LG","#73 William White - RT",,"#76 Christopher Greco - LDE",,"#92 Travis Chandler - DT","#99 Joe Suggs - LDE","#94 William Andrews - RDE","#58 Eric Sharp - SLB","#91 Andrew Horton - MLB",,"#57 Carl Hess - WLB","#29 Richard Goodman - CB","#45 Levi Brandon - CB",,,,"#25 Luther Miller - CB","#22 Dean Taylor - FS",,,,,,,,,,,,,,,,,,,,,,,,,,,,,,,,,,,,
ARZ,12:22,"ARZ 33",4,2,2,"Weak I Normal HB Inside Weak","4-3 Under Shallow Right Zone",-0,12,10,"2-2-ARZ 33 (12:21) 33-Richard White ran to ARZ 33 for a short loss. Tackle by 94-William Andrews.","#1 Charles Sirianni - QB","#33 Richard White - RB",,,"#36 Ramon Watford - FB","#82 Richard Robertson - TE",,"#80 Shane Robinson - WR",,"#85 Billy Richardson - WR",,,"#58 Marvin Shepherd - RG","#61 Glenn Hughes - LG","#76 Isaac Barclay - C","#62 Michael Schwartz - LG","#73 William White - RT",,"#76 Christopher Greco - LDE",,"#92 Travis Chandler - DT","#99 Joe Suggs - LDE","#94 William Andrews - RDE","#58 Eric Sharp - SLB","#91 Andrew Horton - MLB",,"#57 Carl Hess - WLB","#22 Dean Taylor - FS","#29 Richard Goodman - CB",,,,"#25 Luther Miller - CB","#37 Edward Smith - CB",,,,,,,,,,,,,,,,,,,,,,,,,,,,,,,,,,,,
ARZ,11:37,"ARZ 33",4,3,2,"I Formation Normal HB Blast","46 Normal Strong Blitz",9,12,10,"3-2-ARZ 33 (11:36) 44-Keith Valencia ran to ARZ 41 for 9 yards. Tackle by 37-Edward Smith. SLC 22-Dean Taylor was injured on the play.","#1 Charles Sirianni - QB","#44 Keith Valencia - RB",,,"#36 Ramon Watford - FB","#82 Richard Robertson - TE",,"#80 Shane Robinson - WR",,"#85 Billy Richardson - WR",,,"#58 Marvin Shepherd - RG","#61 Glenn Hughes - LG","#76 Isaac Barclay - C","#62 Michael Schwartz - LG","#73 William White - RT",,"#76 Christopher Greco - LDE",,"#92 Travis Chandler - DT","#99 Joe Suggs - LDE","#94 William Andrews - RDE","#58 Eric Sharp - SLB","#91 Andrew Horton - MLB",,"#57 Carl Hess - WLB","#22 Dean Taylor - FS","#29 Richard Goodman - CB",,,,"#25 Luther Miller - CB","#37 Edward Smith - CB",,,,,,,,,,,,,,,,,,,,,,,,,,,,,,,,,,,,
ARZ,10:53,"ARZ 41",4,1,10,"Shotgun Normal HB Flare","Nickel Strong Man Strong Zone Weak",7,12,10,"1-10-ARZ 41 (10:52) 1-Charles Sirianni pass complete to 33-Richard White to ARZ 48 for 7 yards. Tackle by 57-Carl Hess. 33-Richard White made a great move on the CB.","#1 Charles Sirianni - QB","#33 Richard White - RB",,,,"#82 Richard Robertson - TE",,"#80 Shane Robinson - WR","#15 James Gonzales - WR","#85 Billy Richardson - WR",,,"#58 Marvin Shepherd - RG","#61 Glenn Hughes - LG","#76 Isaac Barclay - C","#62 Michael Schwartz - LG","#73 William White - RT",,"#76 Christopher Greco - LDE",,"#92 Travis Chandler - DT","#99 Joe Suggs - LDE","#94 William Andrews - RDE",,"#91 Andrew Horton - MLB",,"#57 Carl Hess - WLB","#29 Richard Goodman - CB","#45 Levi Brandon - CB",,"#45 James Taylor - CB",,"#25 Luther Miller - CB","#37 Edward Smith - CB",,,,,,,,,,,,,,,,,,,,,,,,,,,,,,,,,,,,
ARZ,10:07,"ARZ 48",4,2,3,"I Formation Normal HB Dive","4-3 Under 2 Deep Flat Outside",2,12,10,"2-3-ARZ 48 (10:06) 44-Keith Valencia ran to SLC 50 for 2 yards. Tackle by 92-Travis Chandler.","#1 Charles Sirianni - QB","#44 Keith Valencia - RB",,,"#36 Ramon Watford - FB","#82 Richard Robertson - TE",,"#80 Shane Robinson - WR",,"#85 Billy Richardson - WR",,,"#58 Marvin Shepherd - RG","#61 Glenn Hughes - LG","#76 Isaac Barclay - C","#62 Michael Schwartz - LG","#73 William White - RT",,"#76 Christopher Greco - LDE",,"#92 Travis Chandler - DT","#99 Joe Suggs - LDE","#94 William Andrews - RDE","#58 Eric Sharp - SLB","#91 Andrew Horton - MLB",,"#57 Carl Hess - WLB","#29 Richard Goodman - CB","#45 Levi Brandon - CB",,,,"#24 Donald Taylor - CB","#37 Edward Smith - CB",,,,,,,,,,,,,,,,,,,,,,,,,,,,,,,,,,,,
ARZ,9:28,"SLC 50",4,3,1,"Split Backs 3 Wide Dive Right","Nickel Normal SS Blitz",2,12,10,"3-1-SLC 50 (9:27) 44-Keith Valencia ran to SLC 48 for 2 yards. Tackle by 25-Luther Miller.","#1 Charles Sirianni - QB","#44 Keith Valencia - RB",,,"#36 Ramon Watford - FB",,,"#80 Shane Robinson - WR","#15 James Gonzales - WR","#85 Billy Richardson - WR",,,"#58 Marvin Shepherd - RG","#61 Glenn Hughes - LG","#76 Isaac Barclay - C","#62 Michael Schwartz - LG","#73 William White - RT",,"#76 Christopher Greco - LDE",,"#92 Travis Chandler - DT","#99 Joe Suggs - LDE","#94 William Andrews - RDE",,"#91 Andrew Horton - MLB",,"#57 Carl Hess - WLB","#22 Dean Taylor - FS","#29 Richard Goodman - CB",,"#45 Levi Brandon - CB",,"#25 Luther Miller - CB","#37 Edward Smith - CB",,,,,,,,,,,,,,,,,,,,,,,,,,,,,,,,,,,,
ARZ,8:51,"SLC 48",4,1,10,"I Formation 3WR HB Inside Strong","Nickel Strong Man Strong Zone Weak",1,12,10,"1-10-SLC 48 (8:50) 44-Keith Valencia ran to SLC 47 for 1 yards. Tackle by 76-Christopher Greco.","#1 Charles Sirianni - QB","#44 Keith Valencia - RB",,,"#36 Ramon Watford - FB",,,"#80 Shane Robinson - WR","#15 James Gonzales - WR","#85 Billy Richardson - WR",,,"#58 Marvin Shepherd - RG","#61 Glenn Hughes - LG","#76 Isaac Barclay - C","#62 Michael Schwartz - LG","#73 William White - RT",,"#76 Christopher Greco - LDE",,"#92 Travis Chandler - DT","#99 Joe Suggs - LDE","#94 William Andrews - RDE",,"#91 Andrew Horton - MLB",,"#57 Carl Hess - WLB","#29 Richard Goodman - CB","#45 Levi Brandon - CB",,"#45 James Taylor - CB",,"#25 Luther Miller - CB","#22 Dean Taylor - FS",,,,,,,,,,,,,,,,,,,,,,,,,,,,,,,,,,,,
ARZ,8:10,"SLC 47",4,2,9,"I Formation Normal PA Fullback Flat","4-3 Under 2 Deep Flat Outside",16,12,10,"2-9-SLC 47 (8:09) 1-Charles Sirianni pass complete to 85-Billy Richardson to SLC 31 for 16 yards. Tackle by 57-Carl Hess.","#1 Charles Sirianni - QB","#44 Keith Valencia - RB",,,"#36 Ramon Watford - FB","#82 Richard Robertson - TE",,"#80 Shane Robinson - WR",,"#85 Billy Richardson - WR",,,"#58 Marvin Shepherd - RG","#61 Glenn Hughes - LG","#76 Isaac Barclay - C","#62 Michael Schwartz - LG","#73 William White - RT",,"#76 Christopher Greco - LDE",,"#92 Travis Chandler - DT","#99 Joe Suggs - LDE","#94 William Andrews - RDE","#58 Eric Sharp - SLB","#91 Andrew Horton - MLB",,"#57 Carl Hess - WLB","#29 Richard Goodman - CB","#45 Levi Brandon - CB",,,,"#25 Luther Miller - CB","#22 Dean Taylor - FS",,,,,,,,,,,,,,,,,,,,,,,,,,,,,,,,,,,,
ARZ,7:35,"SLC 31",4,1,10,"Goal Line Normal HB Weak","3-4 Normal 2 Deep Zone",8,12,10,"1-10-SLC 31 (7:34) 33-Richard White ran to SLC 23 for 8 yards. Tackle by 22-Dean Taylor.","#1 Charles Sirianni - QB","#33 Richard White - RB",,"#20 Rodney Henry - FB","#36 Ramon Watford - FB","#82 Richard Robertson - TE","#81 Lane Decosta - TE",,,,,,"#58 Marvin Shepherd - RG","#61 Glenn Hughes - LG","#76 Isaac Barclay - C","#62 Michael Schwartz - LG","#73 William White - RT",,"#76 Christopher Greco - LDE",,"#92 Travis Chandler - DT",,"#94 William Andrews - RDE","#58 Eric Sharp - SLB","#91 Andrew Horton - MLB","#93 Harold Pittman - MLB","#57 Carl Hess - WLB","#29 Richard Goodman - CB","#45 Levi Brandon - CB",,,,"#25 Luther Miller - CB","#22 Dean Taylor - FS",,,,,,,,,,,,,,,,,,,,,,,,,,,,,,,,,,,,
ARZ,6:56,"SLC 23",4,2,2,"Goal Line Normal HB Dive","4-3 Under 2 Deep Flat Outside",1,12,10,"2-2-SLC 23 (6:55) 44-Keith Valencia ran to SLC 22 for 1 yards. Tackle by 92-Travis Chandler.","#1 Charles Sirianni - QB","#44 Keith Valencia - RB",,"#20 Rodney Henry - FB","#36 Ramon Watford - FB","#82 Richard Robertson - TE","#81 Lane Decosta - TE",,,,,,"#58 Marvin Shepherd - RG","#61 Glenn Hughes - LG","#76 Isaac Barclay - C","#62 Michael Schwartz - LG","#73 William White - RT",,"#76 Christopher Greco - LDE",,"#92 Travis Chandler - DT","#99 Joe Suggs - LDE","#94 William Andrews - RDE","#58 Eric Sharp - SLB","#91 Andrew Horton - MLB",,"#57 Carl Hess - WLB","#22 Dean Taylor - FS","#29 Richard Goodman - CB",,,,"#25 Luther Miller - CB","#37 Edward Smith - CB",,,,,,,,,,,,,,,,,,,,,,,,,,,,,,,,,,,,
ARZ,6:13,"SLC 22",4,3,,"Weak I Normal HB Inside Weak","46 Normal Strong Blitz",3,12,10,"3-1-SLC 22 (6:12) 44-Keith Valencia ran to SLC 19 for 3 yards. Tackle by 91-Andrew Horton.","#1 Charles Sirianni - QB","#44 Keith Valencia - RB",,,"#36 Ramon Watford - FB","#82 Richard Robertson - TE",,"#80 Shane Robinson - WR",,"#85 Billy Richardson - WR",,,"#58 Marvin Shepherd - RG","#61 Glenn Hughes - LG","#76 Isaac Barclay - C","#62 Michael Schwartz - LG","#73 William White - RT",,"#76 Christopher Greco - LDE",,"#92 Travis Chandler - DT","#99 Joe Suggs - LDE","#94 William Andrews - RDE","#58 Eric Sharp - SLB","#91 Andrew Horton - MLB",,"#57 Carl Hess - WLB","#22 Dean Taylor - FS","#29 Richard Goodman - CB",,,,"#25 Luther Miller - CB","#37 Edward Smith - CB",,,,,,,,,,,,,,,,,,,,,,,,,,,,,,,,,,,,
ARZ,5:36,"SLC 19",4,1,10,"Goal Line Normal HB Weak","3-4 Normal 2 Deep Zone",,12,10,"1-10-SLC 19 (5:35) 44-Keith Valencia ran to SLC 19 for a short gain. Tackle by 58-Eric Sharp.","#1 Charles Sirianni - QB","#44 Keith Valencia - RB",,"#20 Rodney Henry - FB","#36 Ramon Watford - FB","#82 Richard Robertson - TE","#81 Lane Decosta - TE",,,,,,"#58 Marvin Shepherd - RG","#61 Glenn Hughes - LG","#76 Isaac Barclay - C","#62 Michael Schwartz - LG","#73 William White - RT",,"#76 Christopher Greco - LDE",,"#92 Travis Chandler - DT",,"#94 William Andrews - RDE","#58 Eric Sharp - SLB","#91 Andrew Horton - MLB","#93 Harold Pittman - MLB","#57 Carl Hess - WLB","#22 Dean Taylor - FS","#29 Richard Goodman - CB",,,,"#25 Luther Miller - CB","#37 Edward Smith - CB",,,,,,,,,,,,,,,,,,,,,,,,,,,,,,,,,,,,
ARZ,4:57,"SLC 19",4,2,10,"I Formation Power Play Action HB Downfield","4-3 Under Crowd Middle",,12,10,"2-10-SLC 19 (4:56) 1-Charles Sirianni pass Pass knocked down by 58-Eric Sharp. incomplete, intended for 82-Richard Robertson.","#1 Charles Sirianni - QB","#44 Keith Valencia - RB",,"#20 Rodney Henry - FB","#36 Ramon Watford - FB","#82 Richard Robertson - TE",,"#80 Shane Robinson - WR",,,,,"#58 Marvin Shepherd - RG","#61 Glenn Hughes - LG","#76 Isaac Barclay - C","#62 Michael Schwartz - LG","#73 William White - RT",,"#76 Christopher Greco - LDE",,"#92 Travis Chandler - DT","#99 Joe Suggs - LDE","#94 William Andrews - RDE","#58 Eric Sharp - SLB","#91 Andrew Horton - MLB",,"#57 Carl Hess - WLB","#22 Dean Taylor - FS","#29 Richard Goodman - CB",,,,"#25 Luther Miller - CB","#37 Edward Smith - CB",,,,,,,,,,,,,,,,,,,,,,,,,,,,,,,,,,,,
ARZ,4:52,"SLC 19",4,3,10,"Strong I Normal HB Off Tackle Strong","3-4 Normal 2 Deep Zone",1,12,10,"3-10-SLC 19 (4:53) 44-Keith Valencia ran to SLC 17 for 1 yards. Tackle by 76-Christopher Greco.","#1 Charles Sirianni - QB","#44 Keith Valencia - RB",,,"#36 Ramon Watford - FB","#82 Richard Robertson - TE",,"#80 Shane Robinson - WR",,"#85 Billy Richardson - WR",,,"#58 Marvin Shepherd - RG","#61 Glenn Hughes - LG","#76 Isaac Barclay - C","#62 Michael Schwartz - LG","#73 William White - RT",,"#76 Christopher Greco - LDE",,"#92 Travis Chandler - DT",,"#94 William Andrews - RDE","#58 Eric Sharp - SLB","#91 Andrew Horton - MLB","#93 Harold Pittman - MLB","#57 Carl Hess - WLB","#29 Richard Goodman - CB","#45 Levi Brandon - CB",,,,"#25 Luther Miller - CB","#22 Dean Taylor - FS",,,,,,,,,,,,,,,,,,,,,,,,,,,,,,,,,,,,
ARZ,4:18,"SLC 17",4,4,8,"Field Goal","FG Block",28,12,13,"4-8-SLC 17 (4:17) 6-William Grubb 35 yard field goal is GOOD. SLC 12 ARZ 13",,,,,,,,,,,,,,,,,,,,,,,,,,,,,,,,,,,,"#19 Dennis Mork - P","#61 Glenn Hughes - LG",,,,,,,,,,,,,,"#6 William Grubb - K","#72 Ramiro James - RT","#58 Marvin Shepherd - RG","#60 Timothy Holton - LT","#62 Michael Schwartz - LG","#55 Matthew Williamson - LT","#70 Louis Lincoln - LG","#36 Ramon Watford - FB","#83 Rodney Simpson - TE","#55 Darius Womack - MLB","#92 Travis Chandler - DT","#94 William Andrews - RDE","#95 Kirk Parish - LDE","#76 Christopher Greco - LDE","#59 Scottie Mayhew - DT","#54 Tyler Carpenter - SLB","#99 Joe Suggs - LDE","#98 Kevin Calder - DT","#52 James Tillery - WLB","#56 Jerry Wiley - SLB"
ARZ,4:13,"ARZ 35",4,6,10,Kickoff,"Kick Return",,12,13,"(4:14) 6-William Grubb kicks 74 yards from ARZ 35 to SLC -9. Touchback.",,,,,,,,,,,,,,,,,,,,,,,,,,,,,,,,,,,,,,"#11 Larry Mitchell - WR",,"#76 Christopher Greco - LDE","#55 Darius Womack - MLB","#24 Donald Taylor - CB","#54 Tyler Carpenter - SLB","#92 Travis Chandler - DT","#93 Harold Pittman - MLB","#45 Levi Brandon - CB","#25 Luther Miller - CB","#67 Robert Austin - LG","#22 Dean Taylor - FS","#6 William Grubb - K",,,,,,,,,,,,,,,,,,,,
SLC,4:13,"SLC 25",4,1,10,"Weak I Normal All Go","46 Normal Inside Blitz",-10,12,13,"1-10-SLC 25 (4:14) 1-Robert Jones sacked at SLC 15 for -10 yards (79-Brian Pleas). Sack allowed by 69-Rodolfo Hughes.","#1 Robert Jones - QB","#11 Larry Mitchell - WR",,,"#41 Joseph Fox - FB","#86 Gordon Brooks - TE",,"#15 Shawn Corder - WR",,"#14 Alfredo Mestas - WR",,,"#69 Rodolfo Hughes - LT","#67 Robert Austin - LG","#78 Rodney Poirier - C","#63 Charles Gordon - RG","#74 Randy Fuller - RT",,"#59 Christopher Ralston - RDE",,"#92 Jeffery Blackshire - DT","#68 Danny Angelo - DT","#79 Brian Pleas - RDE","#90 Ronald Macarthur - WLB","#97 Genaro Miller - MLB",,"#54 Antonio Lindsey - MLB","#37 Keith Oliver - CB","#32 John Jacob - CB",,,,"#29 Alton Smith - SS","#38 Salvador Thompson - FS",,,,,,,,,,,,,,,,,,,,,,,,,,,,,,,,,,,,
SLC,3:32,"SLC 15",4,2,20,"I Formation 3WR Slot Corner Long","Nickel 3-3-5 Cover 2 Man Under",,12,13,"2-20-SLC 15 (3:31) 1-Robert Jones pass Pass knocked down by 90-Ronald Macarthur. incomplete, intended for 23-Thomas Welch.","#1 Robert Jones - QB","#23 Thomas Welch - RB",,,"#41 Joseph Fox - FB",,,"#15 Shawn Corder - WR","#13 Jeffrey Lacey - WR","#14 Alfredo Mestas - WR",,,"#69 Rodolfo Hughes - LT","#67 Robert Austin - LG","#78 Rodney Poirier - C","#63 Charles Gordon - RG","#74 Randy Fuller - RT",,"#59 Christopher Ralston - RDE",,"#92 Jeffery Blackshire - DT",,"#79 Brian Pleas - RDE","#90 Ronald Macarthur - WLB","#97 Genaro Miller - MLB",,"#54 Antonio Lindsey - MLB","#37 Keith Oliver - CB","#32 John Jacob - CB",,"#45 David Fisher - FS",,"#29 Alton Smith - SS","#38 Salvador Thompson - FS",,,,,,,,,,,,,,,,,,,,,,,,,,,,,,,,,,,,
SLC,3:26,"SLC 15",4,3,20,"I Formation 3WR Slot Corner Long","Nickel Normal Man Cover 2",7,12,13,"3-20-SLC 15 (3:27) 1-Robert Jones pass complete to 15-Shawn Corder to SLC 22 for 7 yards. Tackle by 32-John Jacob.","#1 Robert Jones - QB","#11 Larry Mitchell - WR",,,"#41 Joseph Fox - FB",,,"#15 Shawn Corder - WR","#13 Jeffrey Lacey - WR","#14 Alfredo Mestas - WR",,,"#69 Rodolfo Hughes - LT","#67 Robert Austin - LG","#78 Rodney Poirier - C","#63 Charles Gordon - RG","#74 Randy Fuller - RT",,"#59 Christopher Ralston - RDE",,"#92 Jeffery Blackshire - DT","#68 Danny Angelo - DT","#79 Brian Pleas - RDE",,"#97 Genaro Miller - MLB",,"#54 Antonio Lindsey - MLB","#32 John Jacob - CB","#45 David Fisher - FS",,"#46 James Marston - SS",,"#29 Alton Smith - SS","#38 Salvador Thompson - FS",,,,,,,,,,,,,,,,,,,,,,,,,,,,,,,,,,,,
SLC,2:54,"SLC 22",4,4,13,Punt,"Punt Return",37,12,13,"4-13-SLC 22 (2:53) 3-Kyle Bowers punts 37 yards to ARZ 42.",,,,,,,,,,,,,,,,,,"#3 Kyle Bowers - P",,,,,,,,,,,,,,,,,,,"#67 Robert Austin - LG",,"#33 Richard White - RB",,,"#51 Ryan Silva - SLB","#45 David Fisher - FS","#77 Juan Davis - RDE",,"#61 Glenn Hughes - LG","#38 Salvador Thompson - FS",,"#37 Keith Oliver - CB",,,,"#72 Steven Solomon - RT","#75 Ronald Lee - LG","#69 Rodolfo Hughes - LT","#74 Eddie Petrie - LT","#63 Charles Gordon - RG","#65 Eugene York - C",,"#59 Christopher Ralston - RDE","#98 Ralph Johnson - RDE","#64 Stephen Dotson - DT","#34 Joseph Toms - SS",,,,,,,
ARZ,2:43,"ARZ 42",4,1,10,"I Formation Normal SE Post","4-3 Under Strong Blitz Outside",,12,13,"1-10-ARZ 42 (2:44) 1-Charles Sirianni pass Pass knocked down by 37-Edward Smith. incomplete, intended for 82-Richard Robertson.","#1 Charles Sirianni - QB","#44 Keith Valencia - RB",,,"#36 Ramon Watford - FB","#82 Richard Robertson - TE",,"#80 Shane Robinson - WR",,"#85 Billy Richardson - WR",,,"#58 Marvin Shepherd - RG","#70 Louis Lincoln - LG","#76 Isaac Barclay - C","#62 Michael Schwartz - LG","#73 William White - RT",,"#76 Christopher Greco - LDE",,"#99 Joe Suggs - LDE","#98 Kevin Calder - DT","#94 William Andrews - RDE","#58 Eric Sharp - SLB","#91 Andrew Horton - MLB",,"#57 Carl Hess - WLB","#22 Dean Taylor - FS","#29 Richard Goodman - CB",,,,"#25 Luther Miller - CB","#37 Edward Smith - CB",,,,,,,,,,,,,,,,,,,,,,,,,,,,,,,,,,,,
ARZ,2:38,"ARZ 42",4,2,10,"Weak I Normal Skinny Posts","4-3 Under Strong Blitz Outside",,12,13,"2-10-ARZ 42 (2:39) 1-Charles Sirianni pass Pass knocked down by 57-Carl Hess. incomplete, intended for 82-Richard Robertson.","#1 Charles Sirianni - QB","#44 Keith Valencia - RB",,,"#36 Ramon Watford - FB","#82 Richard Robertson - TE",,"#80 Shane Robinson - WR",,"#85 Billy Richardson - WR",,,"#58 Marvin Shepherd - RG","#61 Glenn Hughes - LG","#76 Isaac Barclay - C","#62 Michael Schwartz - LG","#73 William White - RT",,"#76 Christopher Greco - LDE",,"#92 Travis Chandler - DT","#99 Joe Suggs - LDE","#94 William Andrews - RDE","#58 Eric Sharp - SLB","#91 Andrew Horton - MLB",,"#57 Carl Hess - WLB","#22 Dean Taylor - FS","#29 Richard Goodman - CB",,,,"#25 Luther Miller - CB","#37 Edward Smith - CB",,,,,,,,,,,,,,,,,,,,,,,,,,,,,,,,,,,,
ARZ,2:36,"ARZ 42",4,3,10,"Split Backs 3 Wide Slot Post","Nickel Normal SS Blitz",,12,13,"3-10-ARZ 42 (2:37) 1-Charles Sirianni pass Pass knocked down by 22-Dean Taylor. incomplete, intended for 80-Shane Robinson. Pressure by 76-Christopher Greco.","#1 Charles Sirianni - QB","#44 Keith Valencia - RB",,,"#36 Ramon Watford - FB",,,"#80 Shane Robinson - WR","#15 James Gonzales - WR","#85 Billy Richardson - WR",,,"#58 Marvin Shepherd - RG","#61 Glenn Hughes - LG","#76 Isaac Barclay - C","#62 Michael Schwartz - LG","#73 William White - RT",,"#76 Christopher Greco - LDE",,"#92 Travis Chandler - DT","#99 Joe Suggs - LDE","#94 William Andrews - RDE",,"#91 Andrew Horton - MLB",,"#57 Carl Hess - WLB","#22 Dean Taylor - FS","#29 Richard Goodman - CB",,"#45 Levi Brandon - CB",,"#25 Luther Miller - CB","#37 Edward Smith - CB",,,,,,,,,,,,,,,,,,,,,,,,,,,,,,,,,,,,
ARZ,2:32,"ARZ 42",4,4,10,Punt,"Punt Return",,12,13,"4-10-ARZ 42 (2:33) 19-Dennis Mork punts 50 yards to SLC 8. 11-Larry Mitchell to SLC 20 for 13 yards. Tackle by 36-Ramon Watford.",,,,,,,,,,,,,,,,,,"#19 Dennis Mork - P",,,,,,,,,,,,,,,,,,,"#61 Glenn Hughes - LG",,"#11 Larry Mitchell - WR",,,"#45 Levi Brandon - CB","#93 Harold Pittman - MLB","#24 Donald Taylor - CB",,"#25 Luther Miller - CB","#22 Dean Taylor - FS",,"#54 Tyler Carpenter - SLB",,,,"#58 Marvin Shepherd - RG","#60 Timothy Holton - LT","#62 Michael Schwartz - LG","#55 Matthew Williamson - LT","#70 Louis Lincoln - LG","#36 Ramon Watford - FB",,"#55 Darius Womack - MLB","#92 Travis Chandler - DT","#94 William Andrews - RDE","#95 Kirk Parish - LDE",,,,,,,
SLC,2:23,"SLC 20",4,1,10,"I Formation 3WR Slot Corner Long","Nickel Normal Man Cover 2",-7,12,13,"1-10-SLC 20 (2:24) 1-Robert Jones sacked at SLC 13 for -7 yards (59-Christopher Ralston). Sack allowed by 74-Randy Fuller.","#1 Robert Jones - QB","#23 Thomas Welch - RB",,,"#41 Joseph Fox - FB",,,"#15 Shawn Corder - WR","#13 Jeffrey Lacey - WR","#14 Alfredo Mestas - WR",,,"#69 Rodolfo Hughes - LT","#67 Robert Austin - LG","#78 Rodney Poirier - C","#63 Charles Gordon - RG","#74 Randy Fuller - RT",,"#59 Christopher Ralston - RDE",,"#92 Jeffery Blackshire - DT","#68 Danny Angelo - DT","#79 Brian Pleas - RDE",,"#97 Genaro Miller - MLB",,"#54 Antonio Lindsey - MLB","#37 Keith Oliver - CB","#32 John Jacob - CB",,"#46 James Marston - SS",,"#29 Alton Smith - SS","#45 David Fisher - FS",,,,,,,,,,,,,,,,,,,,,,,,,,,,,,,,,,,,
,2:00,,4,2,17,,,,12,13,"Timeout for two minute warning.",,,,,,,,,,,,,,,,,,,,,,,,,,,,,,,,,,,,,,,,,,,,,,,,,,,,,,,,,,,,,,,,,,,,,,
SLC,2:00,"SLC 13",4,2,17,"I Formation 3WR Slot Short WR Deep","Nickel 3-3-5 Cover 2 Man Under",,12,13,"2-17-SLC 13 (2:00) 1-Robert Jones pass incomplete, dropped by 13-Jeffrey Lacey.","#1 Robert Jones - QB","#11 Larry Mitchell - WR",,,"#41 Joseph Fox - FB",,,"#15 Shawn Corder - WR","#13 Jeffrey Lacey - WR","#14 Alfredo Mestas - WR",,,"#69 Rodolfo Hughes - LT","#67 Robert Austin - LG","#78 Rodney Poirier - C","#63 Charles Gordon - RG","#74 Randy Fuller - RT",,"#59 Christopher Ralston - RDE",,"#92 Jeffery Blackshire - DT",,"#79 Brian Pleas - RDE","#90 Ronald Macarthur - WLB","#97 Genaro Miller - MLB",,"#54 Antonio Lindsey - MLB","#37 Keith Oliver - CB","#32 John Jacob - CB",,"#45 David Fisher - FS",,"#29 Alton Smith - SS","#38 Salvador Thompson - FS",,,,,,,,,,,,,,,,,,,,,,,,,,,,,,,,,,,,
SLC,1:56,"SLC 13",4,3,17,"Singleback Slot Strong All Go","Nickel Normal Man Cover 2",15,12,13,"3-17-SLC 13 (1:57) 1-Robert Jones ran to SLC 28 for 15 yards. Tackle by 38-Salvador Thompson.","#1 Robert Jones - QB","#23 Thomas Welch - RB",,,,"#86 Gordon Brooks - TE",,"#15 Shawn Corder - WR","#13 Jeffrey Lacey - WR","#14 Alfredo Mestas - WR",,,"#69 Rodolfo Hughes - LT","#67 Robert Austin - LG","#78 Rodney Poirier - C","#63 Charles Gordon - RG","#74 Randy Fuller - RT",,"#59 Christopher Ralston - RDE",,"#92 Jeffery Blackshire - DT","#68 Danny Angelo - DT","#79 Brian Pleas - RDE",,"#97 Genaro Miller - MLB",,"#54 Antonio Lindsey - MLB","#37 Keith Oliver - CB","#32 John Jacob - CB",,"#45 David Fisher - FS",,"#29 Alton Smith - SS","#38 Salvador Thompson - FS",,,,,,,,,,,,,,,,,,,,,,,,,,,,,,,,,,,,
,1:50,,4,4,2,,,,12,13,"Timeout SLC",,,,,,,,,,,,,,,,,,,,,,,,,,,,,,,,,,,,,,,,,,,,,,,,,,,,,,,,,,,,,,,,,,,,,,
SLC,1:48,"SLC 28",4,4,2,"I Formation 3WR Slot Short WR Deep","Nickel Normal 3 Deep Man Under",,12,13,"4-2-SLC 28 (1:49) 1-Robert Jones pass Pass knocked down by 32-John Jacob. incomplete, intended for 15-Shawn Corder. Turnover on downs.","#1 Robert Jones - QB","#23 Thomas Welch - RB",,,"#41 Joseph Fox - FB",,,"#85 Joshua Burton - WR","#15 Shawn Corder - WR","#11 Larry Mitchell - WR",,,"#69 Rodolfo Hughes - LT","#67 Robert Austin - LG","#78 Rodney Poirier - C","#63 Charles Gordon - RG","#74 Randy Fuller - RT",,"#59 Christopher Ralston - RDE",,"#92 Jeffery Blackshire - DT","#68 Danny Angelo - DT","#79 Brian Pleas - RDE",,"#52 Derrick Rodriguez - MLB",,"#54 Antonio Lindsey - MLB","#32 John Jacob - CB","#46 James Marston - SS",,"#37 Keith Oliver - CB",,"#34 Joseph Toms - SS","#45 David Fisher - FS",,,,,,,,,,,,,,,,,,,,,,,,,,,,,,,,,,,,
ARZ,1:43,"SLC 28",4,1,10,"I Formation 3WR HB Inside Weak","Nickel Normal SS Blitz",3,12,13,"1-10-SLC 28 (1:44) 44-Keith Valencia ran to SLC 24 for 3 yards. Tackle by 25-Luther Miller.","#1 Charles Sirianni - QB","#44 Keith Valencia - RB",,,"#36 Ramon Watford - FB",,,"#80 Shane Robinson - WR","#15 James Gonzales - WR","#85 Billy Richardson - WR",,,"#58 Marvin Shepherd - RG","#61 Glenn Hughes - LG","#76 Isaac Barclay - C","#62 Michael Schwartz - LG","#73 William White - RT",,"#76 Christopher Greco - LDE",,"#92 Travis Chandler - DT","#99 Joe Suggs - LDE","#94 William Andrews - RDE",,"#91 Andrew Horton - MLB",,"#57 Carl Hess - WLB","#29 Richard Goodman - CB","#45 Levi Brandon - CB",,"#45 James Taylor - CB",,"#25 Luther Miller - CB","#22 Dean Taylor - FS",,,,,,,,,,,,,,,,,,,,,,,,,,,,,,,,,,,,
,1:42,,4,2,7,,,,12,13,"Timeout SLC",,,,,,,,,,,,,,,,,,,,,,,,,,,,,,,,,,,,,,,,,,,,,,,,,,,,,,,,,,,,,,,,,,,,,,
ARZ,1:39,"SLC 24",4,2,7,"I Formation Normal FL Hitch","4-3 Under 2 Deep Flat Outside",,12,13,"2-7-SLC 24 (1:40) 1-Charles Sirianni pass Pass knocked down by 58-Eric Sharp. incomplete, intended for 80-Shane Robinson. ARZ 61-Glenn Hughes was injured on the play.","#1 Charles Sirianni - QB","#33 Richard White - RB",,,"#36 Ramon Watford - FB","#82 Richard Robertson - TE",,"#80 Shane Robinson - WR",,"#85 Billy Richardson - WR",,,"#58 Marvin Shepherd - RG","#61 Glenn Hughes - LG","#76 Isaac Barclay - C","#62 Michael Schwartz - LG","#73 William White - RT",,"#76 Christopher Greco - LDE",,"#92 Travis Chandler - DT","#99 Joe Suggs - LDE","#94 William Andrews - RDE","#58 Eric Sharp - SLB","#91 Andrew Horton - MLB",,"#57 Carl Hess - WLB","#22 Dean Taylor - FS","#29 Richard Goodman - CB",,,,"#25 Luther Miller - CB","#37 Edward Smith - CB",,,,,,,,,,,,,,,,,,,,,,,,,,,,,,,,,,,,
ARZ,1:36,"SLC 24",4,3,7,"Goal Line Normal PA TE Drag","3-4 Normal 2 Deep Zone",13,12,13,"3-7-SLC 24 (1:37) 1-Charles Sirianni pass complete to 36-Ramon Watford to SLC 12 for 13 yards. Tackle by 25-Luther Miller.","#1 Charles Sirianni - QB","#44 Keith Valencia - RB",,"#20 Rodney Henry - FB","#36 Ramon Watford - FB","#82 Richard Robertson - TE","#81 Lane Decosta - TE",,,,,,"#58 Marvin Shepherd - RG","#70 Louis Lincoln - LG","#76 Isaac Barclay - C","#62 Michael Schwartz - LG","#73 William White - RT",,"#76 Christopher Greco - LDE",,"#92 Travis Chandler - DT",,"#94 William Andrews - RDE","#58 Eric Sharp - SLB","#91 Andrew Horton - MLB","#93 Harold Pittman - MLB","#57 Carl Hess - WLB","#29 Richard Goodman - CB","#45 Levi Brandon - CB",,,,"#25 Luther Miller - CB","#22 Dean Taylor - FS",,,,,,,,,,,,,,,,,,,,,,,,,,,,,,,,,,,,
,1:32,,4,1,10,,,,12,13,"Timeout SLC",,,,,,,,,,,,,,,,,,,,,,,,,,,,,,,,,,,,,,,,,,,,,,,,,,,,,,,,,,,,,,,,,,,,,,
ARZ,1:29,"SLC 12",4,1,10,Victory,"Quarter Normal CB3 CB4 Blitz",,12,13,"1-10-SLC 12 (1:30) 1-Charles Sirianni kneeled down to SLC 12 for 0 yards.","#1 Charles Sirianni - QB","#33 Richard White - RB",,"#20 Rodney Henry - FB","#36 Ramon Watford - FB","#82 Richard Robertson - TE","#81 Lane Decosta - TE",,,,,,"#58 Marvin Shepherd - RG","#70 Louis Lincoln - LG","#76 Isaac Barclay - C","#62 Michael Schwartz - LG","#73 William White - RT",,"#76 Christopher Greco - LDE",,"#92 Travis Chandler - DT",,"#94 William Andrews - RDE",,"#91 Andrew Horton - MLB",,,"#29 Richard Goodman - CB","#45 Levi Brandon - CB","#24 Donald Taylor - CB","#45 James Taylor - CB","#37 Edward Smith - CB","#25 Luther Miller - CB","#22 Dean Taylor - FS",,,,,,,,,,,,,,,,,,,,,,,,,,,,,,,,,,,,
ARZ,0:54,"SLC 12",4,2,10,Victory,"Quarter Normal CB3 CB4 Blitz",,12,13,"2-10-SLC 12 (0:53) 1-Charles Sirianni kneeled down to SLC 12 for 0 yards.","#1 Charles Sirianni - QB","#44 Keith Valencia - RB",,"#20 Rodney Henry - FB","#36 Ramon Watford - FB","#82 Richard Robertson - TE","#81 Lane Decosta - TE",,,,,,"#58 Marvin Shepherd - RG","#70 Louis Lincoln - LG","#76 Isaac Barclay - C","#62 Michael Schwartz - LG","#73 William White - RT",,"#76 Christopher Greco - LDE",,"#92 Travis Chandler - DT",,"#94 William Andrews - RDE",,"#91 Andrew Horton - MLB",,,"#22 Dean Taylor - FS","#29 Richard Goodman - CB","#45 James Taylor - CB","#45 Levi Brandon - CB","#24 Donald Taylor - CB","#25 Luther Miller - CB","#37 Edward Smith - CB",,,,,,,,,,,,,,,,,,,,,,,,,,,,,,,,,,,,
ARZ,0:14,"SLC 12",4,3,10,Victory,"Quarter Normal CB3 CB4 Blitz",,12,13,"3-10-SLC 12 (0:13) 1-Charles Sirianni kneeled down to SLC 12 for 0 yards.","#1 Charles Sirianni - QB","#44 Keith Valencia - RB",,"#20 Rodney Henry - FB","#36 Ramon Watford - FB","#82 Richard Robertson - TE","#81 Lane Decosta - TE",,,,,,"#58 Marvin Shepherd - RG","#70 Louis Lincoln - LG","#76 Isaac Barclay - C","#62 Michael Schwartz - LG","#73 William White - RT",,"#76 Christopher Greco - LDE",,"#92 Travis Chandler - DT",,"#94 William Andrews - RDE",,"#91 Andrew Horton - MLB",,,"#22 Dean Taylor - FS","#29 Richard Goodman - CB","#45 James Taylor - CB","#45 Levi Brandon - CB","#24 Donald Taylor - CB","#25 Luther Miller - CB","#37 Edward Smith - CB",,,,,,,,,,,,,,,,,,,,,,,,,,,,,,,,,,,,
,0:00,,4,4,10,,,,12,13,"End of fourth quarter.",,,,,,,,,,,,,,,,,,,,,,,,,,,,,,,,,,,,,,,,,,,,,,,,,,,,,,,,,,,,,,,,,,,,,,
