HasBall,"Game Clock","Ball @",Quarter,Down,YTG,OffensivePlay,DefensivePlay,YardsGained,"Home Score","Away Score",Text,QB1,RB1,RB2,FB2,FB1,TE1,TE2,WR1,WR3,WR2,WR4,WR5,LT1,LG1,C1,RG1,RT1,P1,LDE1,LDE2,DT1,DT2,RDE1,SLB1,MLB1,MLB2,WLB1,CB1,CB2,CB4,CB3,CB5,SS1,FS1,FS2,"Kick Holder1","Long Snapper1","Kick Returner1","Punt Returner1",Gunner10,Gunner7,Gunner2,Gunner6,Gunner1,Gunner8,Gunner3,Gunner4,Gunner9,Gunner5,Kickoffs1,"Field Goal Kicker1","ST Blocker8","ST Blocker5","ST Blocker4","ST Blocker1","ST Blocker2","ST Blocker3","ST Blocker6","ST Blocker7","ST Rusher4","ST Rusher1","ST Rusher2","ST Rusher3","ST Rusher11","ST Rusher10","ST Rusher9","ST Rusher6","ST Rusher5","ST Rusher7","ST Rusher8"
,15:00,,1,4,7,,,,0,0,"LDN has won the toss and elected to receive.",,,,,,,,,,,,,,,,,,,,,,,,,,,,,,,,,,,,,,,,,,,,,,,,,,,,,,,,,,,,,,,,,,,,,,
IDY,15:00,"IDY 35",1,6,10,Kickoff,"Kick Return",,0,0,"(15:00) 10-Shannon Gardner kicks 74 yards from IDY 35 to LDN -9. Touchback.",,,,,,,,,,,,,,,,,,,,,,,,,,,,,,,,,,,,,,"#32 John H. Johnson - WR",,"#90 Carnel Smith - RDE","#92 Jeff ""The Dude"" Lebowski - SLB","#84 Toderick Malone - WR","#53 Marlon Brown - WLB","#87 Steve Hollywood Brooks - TE","#58 William Kirksey - MLB","#88 Barry Foster - WR","#50 Anthony Hawkins - WLB","#22 Stephen Hall - CB","#33 Jake Trivett - CB","#10 Shannon Gardner - K",,,,,,,,,,,,,,,,,,,,
LDN,15:00,"LDN 25",1,1,10,"I Formation 3WR HB Inside Strong","4-3 Under Crash Right",9,0,0,"1-10-LDN 25 (15:00) 32-John H. Johnson ran to LDN 34 for 9 yards. Tackle by 43-Carlos Brill.","#8 Preston Jones - QB","#32 John H. Johnson - WR",,,"#29 Raymond Gamble - RB",,,"#1 Alfred Shoop - WR","#84 Toderick Malone - WR","#86 Jon Horton - WR",,,"#61 Waldo Elder - LG","#62 Willard Bennett - LG","#64 Robert Low - C","#67 John Mazzotta - LG","#65 Kenneth Bullis - RT",,"#58 Ron Moore - DT",,"#98 Michael Flowers - DT","#66 Daniel Hamblin - DT","#91 Aurelio Hinkle - LDE","#54 Jose Garcia - MLB","#97 Joseph Barbour - MLB",,"#28 Pedro Brush - WLB","#5 Steve Bennett - CB","#42 Keith Odell - CB",,,,"#44 Michael Griffin - CB","#43 Carlos Brill - SS",,,,,,,,,,,,,,,,,,,,,,,,,,,,,,,,,,,,
LDN,14:16,"LDN 34",1,2,1,"I Formation 3WR HB Inside Strong","4-3 Under Crash Right",5,0,0,"2-1-LDN 34 (14:15) 32-John H. Johnson ran to LDN 39 for 5 yards. Tackle by 43-Carlos Brill. LDN 67-John Mazzotta was injured on the play. He looks like he should be able to return.","#8 Preston Jones - QB","#32 John H. Johnson - WR",,,"#29 Raymond Gamble - RB",,,"#1 Alfred Shoop - WR","#84 Toderick Malone - WR","#86 Jon Horton - WR",,,"#61 Waldo Elder - LG","#62 Willard Bennett - LG","#64 Robert Low - C","#67 John Mazzotta - LG","#65 Kenneth Bullis - RT",,"#58 Ron Moore - DT",,"#98 Michael Flowers - DT","#66 Daniel Hamblin - DT","#91 Aurelio Hinkle - LDE","#54 Jose Garcia - MLB","#97 Joseph Barbour - MLB",,"#28 Pedro Brush - WLB","#5 Steve Bennett - CB","#42 Keith Odell - CB",,,,"#44 Michael Griffin - CB","#43 Carlos Brill - SS",,,,,,,,,,,,,,,,,,,,,,,,,,,,,,,,,,,,
LDN,13:42,"LDN 39",1,1,10,"I Formation 3WR HB Inside Strong","4-3 Under Crash Right",7,0,0,"1-10-LDN 39 (13:41) 32-John H. Johnson ran to LDN 46 for 7 yards. Tackle by 97-Joseph Barbour.","#8 Preston Jones - QB","#32 John H. Johnson - WR",,,"#29 Raymond Gamble - RB",,,"#1 Alfred Shoop - WR","#84 Toderick Malone - WR","#86 Jon Horton - WR",,,"#76 Joseph Barton - RT","#62 Willard Bennett - LG","#64 Robert Low - C","#61 Waldo Elder - LG","#65 Kenneth Bullis - RT",,"#58 Ron Moore - DT",,"#98 Michael Flowers - DT","#66 Daniel Hamblin - DT","#91 Aurelio Hinkle - LDE","#54 Jose Garcia - MLB","#97 Joseph Barbour - MLB",,"#28 Pedro Brush - WLB","#5 Steve Bennett - CB","#42 Keith Odell - CB",,,,"#44 Michael Griffin - CB","#43 Carlos Brill - SS",,,,,,,,,,,,,,,,,,,,,,,,,,,,,,,,,,,,
,13:38,,1,2,3,,,,0,0,"Timeout LDN",,,,,,,,,,,,,,,,,,,,,,,,,,,,,,,,,,,,,,,,,,,,,,,,,,,,,,,,,,,,,,,,,,,,,,
LDN,13:09,"LDN 46",1,2,3,"I Formation 3WR HB Inside Weak","4-3 Under Crash Right",1,0,0,"2-3-LDN 46 (13:10) 36-Terrence Phillips ran to LDN 47 for 1 yards. Tackle by 28-Pedro Brush. IDY 28-Pedro Brush was injured on the play. He looks like he should be able to return.","#8 Preston Jones - QB","#36 Terrence Phillips - RB",,,"#29 Raymond Gamble - RB",,,"#1 Alfred Shoop - WR","#84 Toderick Malone - WR","#86 Jon Horton - WR",,,"#61 Waldo Elder - LG","#62 Willard Bennett - LG","#64 Robert Low - C","#60 Todd Cervantes - RG","#65 Kenneth Bullis - RT",,"#58 Ron Moore - DT",,"#98 Michael Flowers - DT","#66 Daniel Hamblin - DT","#91 Aurelio Hinkle - LDE","#54 Jose Garcia - MLB","#97 Joseph Barbour - MLB",,"#28 Pedro Brush - WLB","#5 Steve Bennett - CB","#42 Keith Odell - CB",,,,"#44 Michael Griffin - CB","#43 Carlos Brill - SS",,,,,,,,,,,,,,,,,,,,,,,,,,,,,,,,,,,,
LDN,12:31,"LDN 47",1,3,2,"I Formation Normal HB Dive","4-3 Under Crash Right",3,0,0,"3-2-LDN 47 (12:30) 32-John H. Johnson ran to LDN 50 for 3 yards. Tackle by 97-Joseph Barbour.","#8 Preston Jones - QB","#32 John H. Johnson - WR",,,"#29 Raymond Gamble - RB","#35 Tony Vinson - WR",,"#1 Alfred Shoop - WR",,"#86 Jon Horton - WR",,,"#61 Waldo Elder - LG","#62 Willard Bennett - LG","#64 Robert Low - C","#60 Todd Cervantes - RG","#65 Kenneth Bullis - RT",,"#58 Ron Moore - DT",,"#98 Michael Flowers - DT","#66 Daniel Hamblin - DT","#91 Aurelio Hinkle - LDE","#54 Jose Garcia - MLB","#97 Joseph Barbour - MLB",,"#33 Charles Delgado - CB","#5 Steve Bennett - CB","#42 Keith Odell - CB",,,,"#44 Michael Griffin - CB","#43 Carlos Brill - SS",,,,,,,,,,,,,,,,,,,,,,,,,,,,,,,,,,,,
LDN,11:59,"LDN 50",1,1,10,"I Formation Normal HB Dive","4-3 Under Crash Right",50,0,6,"1-10-LDN 50 (11:58) 32-John H. Johnson ran for 50 yards. TOUCHDOWN! IDY 0 LDN 6","#8 Preston Jones - QB","#32 John H. Johnson - WR",,,"#29 Raymond Gamble - RB","#35 Tony Vinson - WR",,"#1 Alfred Shoop - WR",,"#86 Jon Horton - WR",,,"#76 Joseph Barton - RT","#62 Willard Bennett - LG","#64 Robert Low - C","#61 Waldo Elder - LG","#65 Kenneth Bullis - RT",,"#58 Ron Moore - DT",,"#98 Michael Flowers - DT","#66 Daniel Hamblin - DT","#91 Aurelio Hinkle - LDE","#54 Jose Garcia - MLB","#97 Joseph Barbour - MLB",,"#33 Charles Delgado - CB","#5 Steve Bennett - CB","#42 Keith Odell - CB",,,,"#44 Michael Griffin - CB","#43 Carlos Brill - SS",,,,,,,,,,,,,,,,,,,,,,,,,,,,,,,,,,,,
LDN,11:49,"IDY 15",1,7,15,"Field Goal","FG Block",26,0,7,"(11:50) Extra point GOOD by 14-Stephen Stafford. IDY 0 LDN 7",,,,,,,,,,,,,,,,,,,,,,,,,,,,,,,,,,,,"#36 Terrence Phillips - RB","#60 Todd Cervantes - RG",,,,,,,,,,,,,,"#14 Stephen Stafford - K","#88 Barry Foster - WR","#61 Waldo Elder - LG","#65 Kenneth Bullis - RT","#68 Jerry Mitchell - C","#64 Robert Low - C","#87 Steve Hollywood Brooks - TE","#76 Joseph Barton - RT","#79 Joseph Luckey - RG","#58 Ron Moore - DT","#54 Jose Garcia - MLB","#50 John Ennis - RDE","#49 Jeff Gorrell - WLB","#44 Michael Griffin - CB","#99 Alfredo Woods - DT","#91 Aurelio Hinkle - LDE","#66 Daniel Hamblin - DT","#98 Michael Flowers - DT","#43 Carlos Brill - SS","#5 Steve Bennett - CB"
LDN,11:49,"LDN 35",1,6,10,Kickoff,"Kick Return",,0,7,"(11:50) 14-Stephen Stafford kicks 63 yards from LDN 35 to IDY 2. 31-John Morrow to IDY 27 for 26 yards. Tackle by 24-Casey Timmons. LDN 22-Stephen Hall was injured on the play. He looks like he should be able to return.",,,,,,,,,,,,,,,,,,,,,,,,,,,,,,,,,,,,,,"#31 John Morrow - RB",,"#30 Jerry McGahan - FB","#60 David Hodges - C","#70 Matthew Barnes - RT","#27 Sean Nokes - CB","#65 Mathew Dill - RG","#42 Keith Odell - CB","#39 Joshua Tolbert - CB","#85 Adrian McDonald - WR","#54 Jose Garcia - MLB","#88 Thomas Boston - TE","#14 Stephen Stafford - K",,,,,,,,,,,,,,,,,,,,
IDY,11:44,"IDY 27",1,1,10,"Shotgun Normal HB Flare","3-4 Normal Man Cover 1",,0,7,"1-10-IDY 27 (11:45) 7-Donald Mosquera pass Pass knocked down by 94-Danny Lockett. incomplete, intended for 87-Donald Gill.","#7 Donald Mosquera - QB","#34 Travis Cooper - RB",,,,"#87 Donald Gill - TE",,"#19 James Lockett - WR","#13 Aaron Jones - WR","#80 Luis Bowen - WR",,,"#51 Harley Brooks - LG","#61 Charles Rosenberger - LG","#56 Craig Lashley - C","#76 Michael Williamson - RG","#72 Johnnie Strickland - RT",,"#93 Tom Dovo - LDE",,"#74 DeAndre McDade - DT",,"#97 John Kinto - WLB","#50 Anthony Hawkins - WLB","#94 Danny Lockett - MLB","#58 William Kirksey - MLB","#53 Marlon Brown - WLB","#28 Stephen Begley - CB","#42 Harvey Wilson - CB",,,,"#22 Stephen Hall - CB","#23 Mario Bradley - FS",,,,,,,,,,,,,,,,,,,,,,,,,,,,,,,,,,,,
IDY,11:41,"IDY 27",1,2,10,"Weak I Normal HB Inside Weak","4-3 Normal Man QB Spy",5,0,7,"2-10-IDY 27 (11:42) 31-John Morrow ran to IDY 33 for 5 yards. Tackle by 53-Marlon Brown.","#7 Donald Mosquera - QB","#31 John Morrow - RB",,,"#35 Raymond Taylor - FB","#87 Donald Gill - TE",,"#19 James Lockett - WR",,"#80 Luis Bowen - WR",,,"#51 Harley Brooks - LG","#61 Charles Rosenberger - LG","#56 Craig Lashley - C","#76 Michael Williamson - RG","#72 Johnnie Strickland - RT",,"#93 Tom Dovo - LDE",,"#74 DeAndre McDade - DT","#75 Jeffrey Hunter - RDE","#97 John Kinto - WLB","#50 Anthony Hawkins - WLB","#94 Danny Lockett - MLB",,"#53 Marlon Brown - WLB","#28 Stephen Begley - CB","#24 Casey Timmons - CB",,,,"#22 Stephen Hall - CB","#23 Mario Bradley - FS",,,,,,,,,,,,,,,,,,,,,,,,,,,,,,,,,,,,
IDY,10:59,"IDY 33",1,3,5,"Goal Line Normal HB Weak","4-3 Under Double Safety Blitz",1,0,7,"3-5-IDY 33 (10:58) 31-John Morrow ran to IDY 33 for 1 yards. Tackle by 23-Mario Bradley.","#7 Donald Mosquera - QB","#31 John Morrow - RB",,"#30 Jerry McGahan - FB","#35 Raymond Taylor - FB","#87 Donald Gill - TE","#88 Thomas Boston - TE",,,,,,"#51 Harley Brooks - LG","#61 Charles Rosenberger - LG","#56 Craig Lashley - C","#76 Michael Williamson - RG","#72 Johnnie Strickland - RT",,"#93 Tom Dovo - LDE",,"#74 DeAndre McDade - DT","#75 Jeffrey Hunter - RDE","#97 John Kinto - WLB","#50 Anthony Hawkins - WLB","#94 Danny Lockett - MLB",,"#53 Marlon Brown - WLB","#28 Stephen Begley - CB","#24 Casey Timmons - CB",,,,"#22 Stephen Hall - CB","#23 Mario Bradley - FS",,,,,,,,,,,,,,,,,,,,,,,,,,,,,,,,,,,,
IDY,10:27,"IDY 33",1,4,4,Punt,"Punt Return",48,0,7,"4-4-IDY 33 (10:26) 6-George Sieben punts 48 yards to LDN 19.",,,,,,,,,,,,,,,,,,"#6 George Sieben - P",,,,,,,,,,,,,,,,,,,"#61 Charles Rosenberger - LG",,"#32 John H. Johnson - WR",,,"#33 Jake Trivett - CB","#22 Stephen Hall - CB","#50 Anthony Hawkins - WLB",,"#53 Marlon Brown - WLB","#92 Jeff ""The Dude"" Lebowski - SLB",,"#58 William Kirksey - MLB",,,,"#64 John Floyd - LG","#70 Matthew Barnes - RT","#68 Michael Samons - LT","#65 Mathew Dill - RG","#99 Alfredo Woods - DT","#35 Raymond Taylor - FB",,"#74 DeAndre McDade - DT","#90 Carnel Smith - RDE","#75 Jeffrey Hunter - RDE","#97 John Kinto - WLB",,,,,,,
LDN,10:18,"LDN 19",1,1,10,"I Formation 3WR HB Inside Strong","4-3 Under Crash Right",6,0,7,"1-10-LDN 19 (10:19) 32-John H. Johnson ran to LDN 24 for 6 yards. Tackle by 54-Jose Garcia.","#8 Preston Jones - QB","#32 John H. Johnson - WR",,,"#29 Raymond Gamble - RB",,,"#1 Alfred Shoop - WR","#84 Toderick Malone - WR","#86 Jon Horton - WR",,,"#61 Waldo Elder - LG","#62 Willard Bennett - LG","#64 Robert Low - C","#67 John Mazzotta - LG","#65 Kenneth Bullis - RT",,"#58 Ron Moore - DT",,"#98 Michael Flowers - DT","#66 Daniel Hamblin - DT","#91 Aurelio Hinkle - LDE","#54 Jose Garcia - MLB","#97 Joseph Barbour - MLB",,"#28 Pedro Brush - WLB","#5 Steve Bennett - CB","#42 Keith Odell - CB",,,,"#44 Michael Griffin - CB","#43 Carlos Brill - SS",,,,,,,,,,,,,,,,,,,,,,,,,,,,,,,,,,,,
LDN,9:47,"LDN 24",1,2,4,"I Formation 3WR HB Inside Weak","4-3 Under Crash Right",3,0,7,"2-4-LDN 24 (9:46) 32-John H. Johnson ran to LDN 27 for 3 yards. Tackle by 97-Joseph Barbour.","#8 Preston Jones - QB","#32 John H. Johnson - WR",,,"#29 Raymond Gamble - RB",,,"#1 Alfred Shoop - WR","#84 Toderick Malone - WR","#86 Jon Horton - WR",,,"#61 Waldo Elder - LG","#62 Willard Bennett - LG","#64 Robert Low - C","#67 John Mazzotta - LG","#65 Kenneth Bullis - RT",,"#58 Ron Moore - DT",,"#98 Michael Flowers - DT","#66 Daniel Hamblin - DT","#91 Aurelio Hinkle - LDE","#54 Jose Garcia - MLB","#97 Joseph Barbour - MLB",,"#28 Pedro Brush - WLB","#5 Steve Bennett - CB","#42 Keith Odell - CB",,,,"#44 Michael Griffin - CB","#43 Carlos Brill - SS",,,,,,,,,,,,,,,,,,,,,,,,,,,,,,,,,,,,
LDN,9:10,"LDN 27",1,3,2,"I Formation Normal HB Blast","4-3 Under Crash Right",,0,7,"3-2-LDN 27 (9:09) PENALTY - False Start (LDN 62-Willard Bennett)","#8 Preston Jones - QB","#32 John H. Johnson - WR",,,"#29 Raymond Gamble - RB","#35 Tony Vinson - WR",,"#1 Alfred Shoop - WR",,"#86 Jon Horton - WR",,,"#61 Waldo Elder - LG","#62 Willard Bennett - LG","#64 Robert Low - C","#67 John Mazzotta - LG","#65 Kenneth Bullis - RT",,"#58 Ron Moore - DT",,"#98 Michael Flowers - DT","#66 Daniel Hamblin - DT","#91 Aurelio Hinkle - LDE","#54 Jose Garcia - MLB","#97 Joseph Barbour - MLB",,"#28 Pedro Brush - WLB","#5 Steve Bennett - CB","#42 Keith Odell - CB",,,,"#44 Michael Griffin - CB","#43 Carlos Brill - SS",,,,,,,,,,,,,,,,,,,,,,,,,,,,,,,,,,,,
LDN,9:08,"LDN 22",1,3,7,"Strong I Normal HB Dive Strong","4-3 Under Crash Right",78,0,13,"3-7-LDN 22 (9:09) 32-John H. Johnson ran for 78 yards. TOUCHDOWN! It looks like the offense is starting to get familiar with that defensive play. IDY 58-Ron Moore was injured on the play. He looks like he should be able to return. IDY 0 LDN 13","#8 Preston Jones - QB","#32 John H. Johnson - WR",,,"#29 Raymond Gamble - RB","#35 Tony Vinson - WR",,"#1 Alfred Shoop - WR",,"#86 Jon Horton - WR",,,"#61 Waldo Elder - LG","#62 Willard Bennett - LG","#64 Robert Low - C","#67 John Mazzotta - LG","#65 Kenneth Bullis - RT",,"#58 Ron Moore - DT",,"#98 Michael Flowers - DT","#66 Daniel Hamblin - DT","#91 Aurelio Hinkle - LDE","#54 Jose Garcia - MLB","#97 Joseph Barbour - MLB",,"#28 Pedro Brush - WLB","#5 Steve Bennett - CB","#42 Keith Odell - CB",,,,"#44 Michael Griffin - CB","#43 Carlos Brill - SS",,,,,,,,,,,,,,,,,,,,,,,,,,,,,,,,,,,,
LDN,8:55,"IDY 15",1,7,15,"Field Goal","FG Block",26,0,14,"(8:56) Extra point GOOD by 14-Stephen Stafford. IDY 0 LDN 14",,,,,,,,,,,,,,,,,,,,,,,,,,,,,,,,,,,,"#36 Terrence Phillips - RB","#60 Todd Cervantes - RG",,,,,,,,,,,,,,"#14 Stephen Stafford - K","#79 Joseph Luckey - RG","#65 Kenneth Bullis - RT","#87 Steve Hollywood Brooks - TE","#67 John Mazzotta - LG","#68 Jerry Mitchell - C","#64 Robert Low - C","#61 Waldo Elder - LG","#76 Joseph Barton - RT","#98 Michael Flowers - DT","#54 Jose Garcia - MLB","#50 John Ennis - RDE","#49 Jeff Gorrell - WLB","#97 Joseph Barbour - MLB","#52 Thomas Nichols - RDE","#99 Alfredo Woods - DT","#43 Carlos Brill - SS","#66 Daniel Hamblin - DT","#5 Steve Bennett - CB","#91 Aurelio Hinkle - LDE"
LDN,8:55,"LDN 35",1,6,10,Kickoff,"Kick Return",,0,14,"(8:56) 14-Stephen Stafford kicks 70 yards from LDN 35 to IDY -5. Touchback.",,,,,,,,,,,,,,,,,,,,,,,,,,,,,,,,,,,,,,"#31 John Morrow - RB",,"#30 Jerry McGahan - FB","#60 David Hodges - C","#70 Matthew Barnes - RT","#27 Sean Nokes - CB","#65 Mathew Dill - RG","#42 Keith Odell - CB","#39 Joshua Tolbert - CB","#85 Adrian McDonald - WR","#54 Jose Garcia - MLB","#88 Thomas Boston - TE","#14 Stephen Stafford - K",,,,,,,,,,,,,,,,,,,,
IDY,8:55,"IDY 25",1,1,10,"I Formation Normal HB Dive","3-4 Normal Man Cover 1",4,0,14,"1-10-IDY 25 (8:56) 31-John Morrow ran to IDY 29 for 4 yards. Tackle by 53-Marlon Brown.","#7 Donald Mosquera - QB","#31 John Morrow - RB",,,"#35 Raymond Taylor - FB","#87 Donald Gill - TE",,"#19 James Lockett - WR",,"#80 Luis Bowen - WR",,,"#51 Harley Brooks - LG","#61 Charles Rosenberger - LG","#56 Craig Lashley - C","#76 Michael Williamson - RG","#72 Johnnie Strickland - RT",,"#93 Tom Dovo - LDE",,"#74 DeAndre McDade - DT",,"#97 John Kinto - WLB","#50 Anthony Hawkins - WLB","#94 Danny Lockett - MLB","#58 William Kirksey - MLB","#53 Marlon Brown - WLB","#28 Stephen Begley - CB","#24 Casey Timmons - CB",,,,"#22 Stephen Hall - CB","#23 Mario Bradley - FS",,,,,,,,,,,,,,,,,,,,,,,,,,,,,,,,,,,,
IDY,8:25,"IDY 29",1,2,6,"Singleback 4 Wide Clear Center","4-3 Normal Man Under 1",,0,14,"2-6-IDY 29 (8:24) 7-Donald Mosquera pass Pass knocked down by 94-Danny Lockett. incomplete, intended for 13-Aaron Jones.","#7 Donald Mosquera - QB","#31 John Morrow - RB",,,,,,"#19 James Lockett - WR","#13 Aaron Jones - WR","#80 Luis Bowen - WR","#87 Donald Gill - TE",,"#51 Harley Brooks - LG","#61 Charles Rosenberger - LG","#56 Craig Lashley - C","#76 Michael Williamson - RG","#72 Johnnie Strickland - RT",,"#93 Tom Dovo - LDE",,"#74 DeAndre McDade - DT","#75 Jeffrey Hunter - RDE","#97 John Kinto - WLB","#50 Anthony Hawkins - WLB","#94 Danny Lockett - MLB",,"#53 Marlon Brown - WLB","#28 Stephen Begley - CB","#24 Casey Timmons - CB",,,,"#22 Stephen Hall - CB","#23 Mario Bradley - FS",,,,,,,,,,,,,,,,,,,,,,,,,,,,,,,,,,,,
IDY,8:19,"IDY 29",1,3,6,"Split Backs Normal Posts","3-4 Normal Man Cover 1",,0,14,"3-6-IDY 29 (8:20) 7-Donald Mosquera pass Pass knocked down by 53-Marlon Brown. incomplete, intended for 31-John Morrow.","#7 Donald Mosquera - QB","#31 John Morrow - RB",,,"#35 Raymond Taylor - FB","#87 Donald Gill - TE",,"#19 James Lockett - WR",,"#80 Luis Bowen - WR",,,"#51 Harley Brooks - LG","#61 Charles Rosenberger - LG","#56 Craig Lashley - C","#76 Michael Williamson - RG","#72 Johnnie Strickland - RT",,"#93 Tom Dovo - LDE",,"#74 DeAndre McDade - DT",,"#97 John Kinto - WLB","#50 Anthony Hawkins - WLB","#94 Danny Lockett - MLB","#58 William Kirksey - MLB","#53 Marlon Brown - WLB","#28 Stephen Begley - CB","#24 Casey Timmons - CB",,,,"#22 Stephen Hall - CB","#23 Mario Bradley - FS",,,,,,,,,,,,,,,,,,,,,,,,,,,,,,,,,,,,
IDY,8:15,"IDY 29",1,4,6,Punt,"Punt Return",,0,14,"4-6-IDY 29 (8:16) 6-George Sieben punts 54 yards to LDN 17. Fair Catch by 32-John H. Johnson. IDY 61-Charles Rosenberger was injured on the play. He looks like he should be able to return.",,,,,,,,,,,,,,,,,,"#6 George Sieben - P",,,,,,,,,,,,,,,,,,,"#61 Charles Rosenberger - LG",,"#32 John H. Johnson - WR",,,"#33 Jake Trivett - CB","#25 Howard Feggins - CB","#50 Anthony Hawkins - WLB",,"#92 Jeff ""The Dude"" Lebowski - SLB","#58 William Kirksey - MLB",,"#38 Joe Bell - SS",,,,"#64 John Floyd - LG","#70 Matthew Barnes - RT","#68 Michael Samons - LT","#65 Mathew Dill - RG","#99 Alfredo Woods - DT","#28 Pedro Brush - WLB",,"#74 DeAndre McDade - DT","#90 Carnel Smith - RDE","#75 Jeffrey Hunter - RDE","#97 John Kinto - WLB",,,,,,,
LDN,8:08,"LDN 17",1,1,10,"I Formation Normal HB Dive","4-3 Under Crash Right",9,0,14,"1-10-LDN 17 (8:09) 32-John H. Johnson ran to LDN 26 for 9 yards. Tackle by 5-Steve Bennett. You can tell that the offense is starting to figure out how to beat that defensive play.","#8 Preston Jones - QB","#32 John H. Johnson - WR",,,"#29 Raymond Gamble - RB","#35 Tony Vinson - WR",,"#1 Alfred Shoop - WR",,"#86 Jon Horton - WR",,,"#61 Waldo Elder - LG","#62 Willard Bennett - LG","#64 Robert Low - C","#67 John Mazzotta - LG","#65 Kenneth Bullis - RT",,"#50 John Ennis - RDE",,"#98 Michael Flowers - DT","#66 Daniel Hamblin - DT","#91 Aurelio Hinkle - LDE","#54 Jose Garcia - MLB","#97 Joseph Barbour - MLB",,"#28 Pedro Brush - WLB","#5 Steve Bennett - CB","#42 Keith Odell - CB",,,,"#44 Michael Griffin - CB","#43 Carlos Brill - SS",,,,,,,,,,,,,,,,,,,,,,,,,,,,,,,,,,,,
LDN,7:24,"LDN 26",1,2,1,"I Formation 3WR PA Fullback Flat","4-3 Under Crash Right",,0,14,"2-1-LDN 26 (7:23) 8-Preston Jones pass Pass knocked down by 43-Carlos Brill. incomplete, intended for 84-Toderick Malone.","#8 Preston Jones - QB","#36 Terrence Phillips - RB",,,"#29 Raymond Gamble - RB",,,"#1 Alfred Shoop - WR","#84 Toderick Malone - WR","#86 Jon Horton - WR",,,"#61 Waldo Elder - LG","#62 Willard Bennett - LG","#64 Robert Low - C","#67 John Mazzotta - LG","#65 Kenneth Bullis - RT",,"#50 John Ennis - RDE",,"#98 Michael Flowers - DT","#66 Daniel Hamblin - DT","#91 Aurelio Hinkle - LDE","#54 Jose Garcia - MLB","#97 Joseph Barbour - MLB",,"#28 Pedro Brush - WLB","#5 Steve Bennett - CB","#42 Keith Odell - CB",,,,"#44 Michael Griffin - CB","#43 Carlos Brill - SS",,,,,,,,,,,,,,,,,,,,,,,,,,,,,,,,,,,,
LDN,7:20,"LDN 26",1,3,1,"I Formation Normal HB Blast","4-3 Under Crash Right",4,0,14,"3-1-LDN 26 (7:21) 32-John H. Johnson ran to LDN 30 for 4 yards. Tackle by 97-Joseph Barbour.","#8 Preston Jones - QB","#32 John H. Johnson - WR",,,"#29 Raymond Gamble - RB","#35 Tony Vinson - WR",,"#1 Alfred Shoop - WR",,"#86 Jon Horton - WR",,,"#61 Waldo Elder - LG","#62 Willard Bennett - LG","#64 Robert Low - C","#67 John Mazzotta - LG","#65 Kenneth Bullis - RT",,"#50 John Ennis - RDE",,"#98 Michael Flowers - DT","#66 Daniel Hamblin - DT","#91 Aurelio Hinkle - LDE","#54 Jose Garcia - MLB","#97 Joseph Barbour - MLB",,"#28 Pedro Brush - WLB","#5 Steve Bennett - CB","#42 Keith Odell - CB",,,,"#44 Michael Griffin - CB","#43 Carlos Brill - SS",,,,,,,,,,,,,,,,,,,,,,,,,,,,,,,,,,,,
LDN,6:37,"LDN 30",1,1,10,"I Formation Normal HB Dive","4-3 Under Crash Right",10,0,14,"1-10-LDN 30 (6:36) 32-John H. Johnson ran to LDN 39 for 10 yards. Tackle by 97-Joseph Barbour. If the defense doesn't start mixing up their plays a bit more we might see more big gains like that one.","#8 Preston Jones - QB","#32 John H. Johnson - WR",,,"#29 Raymond Gamble - RB","#35 Tony Vinson - WR",,"#1 Alfred Shoop - WR",,"#86 Jon Horton - WR",,,"#61 Waldo Elder - LG","#62 Willard Bennett - LG","#64 Robert Low - C","#67 John Mazzotta - LG","#65 Kenneth Bullis - RT",,"#50 John Ennis - RDE",,"#98 Michael Flowers - DT","#66 Daniel Hamblin - DT","#91 Aurelio Hinkle - LDE","#54 Jose Garcia - MLB","#97 Joseph Barbour - MLB",,"#28 Pedro Brush - WLB","#5 Steve Bennett - CB","#42 Keith Odell - CB",,,,"#44 Michael Griffin - CB","#43 Carlos Brill - SS",,,,,,,,,,,,,,,,,,,,,,,,,,,,,,,,,,,,
LDN,5:53,"LDN 39",1,2,,"I Formation 3WR HB Inside Weak","4-3 Under Crash Right",-0,0,14,"2-1-LDN 39 (5:52) 36-Terrence Phillips ran to LDN 39 for a short loss. Tackle by 28-Pedro Brush.","#8 Preston Jones - QB","#36 Terrence Phillips - RB",,,"#29 Raymond Gamble - RB",,,"#1 Alfred Shoop - WR","#84 Toderick Malone - WR","#86 Jon Horton - WR",,,"#61 Waldo Elder - LG","#62 Willard Bennett - LG","#64 Robert Low - C","#67 John Mazzotta - LG","#65 Kenneth Bullis - RT",,"#50 John Ennis - RDE",,"#98 Michael Flowers - DT","#66 Daniel Hamblin - DT","#91 Aurelio Hinkle - LDE","#54 Jose Garcia - MLB","#97 Joseph Barbour - MLB",,"#28 Pedro Brush - WLB","#5 Steve Bennett - CB","#42 Keith Odell - CB",,,,"#44 Michael Griffin - CB","#43 Carlos Brill - SS",,,,,,,,,,,,,,,,,,,,,,,,,,,,,,,,,,,,
LDN,5:10,"LDN 39",1,3,1,"I Formation 3WR HB Inside Strong","4-3 Under Crash Right",4,0,14,"3-1-LDN 39 (5:09) 32-John H. Johnson ran to LDN 44 for 4 yards. Tackle by 43-Carlos Brill.","#8 Preston Jones - QB","#32 John H. Johnson - WR",,,"#29 Raymond Gamble - RB",,,"#1 Alfred Shoop - WR","#84 Toderick Malone - WR","#86 Jon Horton - WR",,,"#61 Waldo Elder - LG","#62 Willard Bennett - LG","#64 Robert Low - C","#67 John Mazzotta - LG","#65 Kenneth Bullis - RT",,"#50 John Ennis - RDE",,"#98 Michael Flowers - DT","#66 Daniel Hamblin - DT","#91 Aurelio Hinkle - LDE","#54 Jose Garcia - MLB","#97 Joseph Barbour - MLB",,"#28 Pedro Brush - WLB","#5 Steve Bennett - CB","#42 Keith Odell - CB",,,,"#44 Michael Griffin - CB","#43 Carlos Brill - SS",,,,,,,,,,,,,,,,,,,,,,,,,,,,,,,,,,,,
LDN,4:35,"LDN 44",1,1,10,"I Formation 3WR WR Out","4-3 Under Crash Right",8,0,14,"1-10-LDN 44 (4:34) 8-Preston Jones pass complete to 1-Alfred Shoop to IDY 48 for 8 yards. Tackle by 5-Steve Bennett. 1-Alfred Shoop made a great move on the CB. 43-Carlos Brill got away with a hold on that play.","#8 Preston Jones - QB","#32 John H. Johnson - WR",,,"#29 Raymond Gamble - RB",,,"#1 Alfred Shoop - WR","#84 Toderick Malone - WR","#86 Jon Horton - WR",,,"#61 Waldo Elder - LG","#62 Willard Bennett - LG","#64 Robert Low - C","#67 John Mazzotta - LG","#65 Kenneth Bullis - RT",,"#58 Ron Moore - DT",,"#98 Michael Flowers - DT","#66 Daniel Hamblin - DT","#91 Aurelio Hinkle - LDE","#54 Jose Garcia - MLB","#97 Joseph Barbour - MLB",,"#28 Pedro Brush - WLB","#5 Steve Bennett - CB","#42 Keith Odell - CB",,,,"#44 Michael Griffin - CB","#43 Carlos Brill - SS",,,,,,,,,,,,,,,,,,,,,,,,,,,,,,,,,,,,
LDN,3:55,"IDY 48",1,2,2,"I Formation Normal PA Outside Curls","4-3 Under Crash Right",8,0,14,"2-2-IDY 48 (3:54) 8-Preston Jones pass complete to 1-Alfred Shoop to IDY 40 for 8 yards. Tackle by 97-Joseph Barbour.","#8 Preston Jones - QB","#36 Terrence Phillips - RB",,,"#29 Raymond Gamble - RB","#35 Tony Vinson - WR",,"#1 Alfred Shoop - WR",,"#86 Jon Horton - WR",,,"#61 Waldo Elder - LG","#62 Willard Bennett - LG","#64 Robert Low - C","#67 John Mazzotta - LG","#65 Kenneth Bullis - RT",,"#58 Ron Moore - DT",,"#98 Michael Flowers - DT","#66 Daniel Hamblin - DT","#91 Aurelio Hinkle - LDE","#54 Jose Garcia - MLB","#97 Joseph Barbour - MLB",,"#28 Pedro Brush - WLB","#5 Steve Bennett - CB","#42 Keith Odell - CB",,,,"#44 Michael Griffin - CB","#43 Carlos Brill - SS",,,,,,,,,,,,,,,,,,,,,,,,,,,,,,,,,,,,
LDN,3:11,"IDY 40",1,1,10,"I Formation 3WR PA Fullback Flat","4-3 Under Crash Right",,0,14,"1-10-IDY 40 (3:10) 8-Preston Jones pass INTERCEPTED by 43-Carlos Brill at IDY 36. 43-Carlos Brill to IDY 37 for 1 yards. Tackle by 84-Toderick Malone.","#8 Preston Jones - QB","#32 John H. Johnson - WR",,,"#29 Raymond Gamble - RB",,,"#1 Alfred Shoop - WR","#84 Toderick Malone - WR","#86 Jon Horton - WR",,,"#61 Waldo Elder - LG","#62 Willard Bennett - LG","#64 Robert Low - C","#67 John Mazzotta - LG","#65 Kenneth Bullis - RT",,"#58 Ron Moore - DT",,"#98 Michael Flowers - DT","#66 Daniel Hamblin - DT","#91 Aurelio Hinkle - LDE","#54 Jose Garcia - MLB","#97 Joseph Barbour - MLB",,"#28 Pedro Brush - WLB","#5 Steve Bennett - CB","#42 Keith Odell - CB",,,,"#44 Michael Griffin - CB","#43 Carlos Brill - SS",,,,,,,,,,,,,,,,,,,,,,,,,,,,,,,,,,,,
IDY,3:06,"IDY 37",1,1,10,"Goal Line Normal HB Toss Strong","4-3 Under Double Safety Blitz",,0,14,"1-10-IDY 37 (3:07) 31-John Morrow ran to IDY 37 for a short gain. Tackle by 22-Stephen Hall.","#7 Donald Mosquera - QB","#31 John Morrow - RB",,"#30 Jerry McGahan - FB","#35 Raymond Taylor - FB","#87 Donald Gill - TE","#88 Thomas Boston - TE",,,,,,"#51 Harley Brooks - LG","#61 Charles Rosenberger - LG","#56 Craig Lashley - C","#76 Michael Williamson - RG","#72 Johnnie Strickland - RT",,"#93 Tom Dovo - LDE",,"#74 DeAndre McDade - DT","#75 Jeffrey Hunter - RDE","#97 John Kinto - WLB","#50 Anthony Hawkins - WLB","#94 Danny Lockett - MLB",,"#53 Marlon Brown - WLB","#28 Stephen Begley - CB","#24 Casey Timmons - CB",,,,"#22 Stephen Hall - CB","#23 Mario Bradley - FS",,,,,,,,,,,,,,,,,,,,,,,,,,,,,,,,,,,,
IDY,2:31,"IDY 37",1,2,10,"Split Backs Normal Posts","3-4 Normal Man Cover 1",,0,14,"2-10-IDY 37 (2:30) 7-Donald Mosquera pass incomplete, dropped by 87-Donald Gill.","#7 Donald Mosquera - QB","#31 John Morrow - RB",,,"#35 Raymond Taylor - FB","#87 Donald Gill - TE",,"#19 James Lockett - WR",,"#80 Luis Bowen - WR",,,"#51 Harley Brooks - LG","#61 Charles Rosenberger - LG","#56 Craig Lashley - C","#76 Michael Williamson - RG","#72 Johnnie Strickland - RT",,"#93 Tom Dovo - LDE",,"#74 DeAndre McDade - DT",,"#97 John Kinto - WLB","#50 Anthony Hawkins - WLB","#94 Danny Lockett - MLB","#58 William Kirksey - MLB","#53 Marlon Brown - WLB","#28 Stephen Begley - CB","#24 Casey Timmons - CB",,,,"#22 Stephen Hall - CB","#23 Mario Bradley - FS",,,,,,,,,,,,,,,,,,,,,,,,,,,,,,,,,,,,
IDY,2:26,"IDY 37",1,3,10,"Shotgun Normal HB Flare","3-4 Normal Man Cover 1",-10,0,14,"3-10-IDY 37 (2:27) 7-Donald Mosquera sacked at IDY 27 for -10 yards (97-John Kinto). Sack allowed by 51-Harley Brooks.","#7 Donald Mosquera - QB","#31 John Morrow - RB",,,,"#87 Donald Gill - TE",,"#19 James Lockett - WR","#13 Aaron Jones - WR","#80 Luis Bowen - WR",,,"#51 Harley Brooks - LG","#61 Charles Rosenberger - LG","#56 Craig Lashley - C","#76 Michael Williamson - RG","#72 Johnnie Strickland - RT",,"#93 Tom Dovo - LDE",,"#74 DeAndre McDade - DT",,"#97 John Kinto - WLB","#50 Anthony Hawkins - WLB","#94 Danny Lockett - MLB","#58 William Kirksey - MLB","#53 Marlon Brown - WLB","#28 Stephen Begley - CB","#24 Casey Timmons - CB",,,,"#22 Stephen Hall - CB","#23 Mario Bradley - FS",,,,,,,,,,,,,,,,,,,,,,,,,,,,,,,,,,,,
IDY,1:43,"IDY 27",1,4,20,Punt,"Punt Return",,0,14,"4-20-IDY 27 (1:42) 6-George Sieben punts 52 yards to LDN 20. Fair Catch by 32-John H. Johnson.",,,,,,,,,,,,,,,,,,"#6 George Sieben - P",,,,,,,,,,,,,,,,,,,"#61 Charles Rosenberger - LG",,"#32 John H. Johnson - WR",,,"#33 Jake Trivett - CB","#22 Stephen Hall - CB","#50 Anthony Hawkins - WLB",,"#53 Marlon Brown - WLB","#92 Jeff ""The Dude"" Lebowski - SLB",,"#58 William Kirksey - MLB",,,,"#64 John Floyd - LG","#70 Matthew Barnes - RT","#68 Michael Samons - LT","#65 Mathew Dill - RG","#99 Alfredo Woods - DT","#28 Pedro Brush - WLB",,"#74 DeAndre McDade - DT","#90 Carnel Smith - RDE","#75 Jeffrey Hunter - RDE","#97 John Kinto - WLB",,,,,,,
LDN,1:35,"LDN 20",1,1,10,"I Formation 3WR SE Post","4-3 Under Crash Right",5,0,14,"1-10-LDN 20 (1:36) 8-Preston Jones pass complete to 1-Alfred Shoop to LDN 26 for 5 yards. Tackle by 5-Steve Bennett. 1-Alfred Shoop did some fancy footwork there.","#8 Preston Jones - QB","#32 John H. Johnson - WR",,,"#29 Raymond Gamble - RB",,,"#1 Alfred Shoop - WR","#84 Toderick Malone - WR","#86 Jon Horton - WR",,,"#61 Waldo Elder - LG","#62 Willard Bennett - LG","#64 Robert Low - C","#67 John Mazzotta - LG","#65 Kenneth Bullis - RT",,"#58 Ron Moore - DT",,"#98 Michael Flowers - DT","#66 Daniel Hamblin - DT","#91 Aurelio Hinkle - LDE","#54 Jose Garcia - MLB","#97 Joseph Barbour - MLB",,"#28 Pedro Brush - WLB","#5 Steve Bennett - CB","#42 Keith Odell - CB",,,,"#44 Michael Griffin - CB","#43 Carlos Brill - SS",,,,,,,,,,,,,,,,,,,,,,,,,,,,,,,,,,,,
LDN,0:52,"LDN 26",1,2,5,"Weak I Normal HB Inside Weak","4-3 Under Crash Right",9,0,14,"2-5-LDN 26 (0:51) 36-Terrence Phillips ran to LDN 35 for 9 yards. Tackle by 97-Joseph Barbour. If the defense doesn't start mixing up their plays a bit more we might see more big gains like that one. PENALTY - Offsides (IDY 91-Aurelio Hinkle) (Declined)","#8 Preston Jones - QB","#36 Terrence Phillips - RB",,,"#29 Raymond Gamble - RB","#35 Tony Vinson - WR",,"#1 Alfred Shoop - WR",,"#86 Jon Horton - WR",,,"#61 Waldo Elder - LG","#62 Willard Bennett - LG","#64 Robert Low - C","#67 John Mazzotta - LG","#65 Kenneth Bullis - RT",,"#58 Ron Moore - DT",,"#98 Michael Flowers - DT","#66 Daniel Hamblin - DT","#91 Aurelio Hinkle - LDE","#54 Jose Garcia - MLB","#97 Joseph Barbour - MLB",,"#28 Pedro Brush - WLB","#5 Steve Bennett - CB","#42 Keith Odell - CB",,,,"#44 Michael Griffin - CB","#43 Carlos Brill - SS",,,,,,,,,,,,,,,,,,,,,,,,,,,,,,,,,,,,
LDN,0:48,"LDN 35",1,1,10,"Shotgun Normal HB Flare","4-3 Under Crash Right",,0,14,"1-10-LDN 35 (0:49) 8-Preston Jones pass incomplete, dropped by 84-Toderick Malone.","#8 Preston Jones - QB","#32 John H. Johnson - WR",,,,"#35 Tony Vinson - WR",,"#1 Alfred Shoop - WR","#84 Toderick Malone - WR","#86 Jon Horton - WR",,,"#61 Waldo Elder - LG","#62 Willard Bennett - LG","#64 Robert Low - C","#67 John Mazzotta - LG","#65 Kenneth Bullis - RT",,"#58 Ron Moore - DT",,"#98 Michael Flowers - DT","#66 Daniel Hamblin - DT","#91 Aurelio Hinkle - LDE","#54 Jose Garcia - MLB","#97 Joseph Barbour - MLB",,"#28 Pedro Brush - WLB","#5 Steve Bennett - CB","#42 Keith Odell - CB",,,,"#44 Michael Griffin - CB","#43 Carlos Brill - SS",,,,,,,,,,,,,,,,,,,,,,,,,,,,,,,,,,,,
LDN,0:44,"LDN 35",1,2,10,"Weak I Normal HB Inside Weak","4-3 Under Crash Right",5,0,14,"2-10-LDN 35 (0:45) 32-John H. Johnson ran to LDN 40 for 5 yards. Tackle by 54-Jose Garcia.","#8 Preston Jones - QB","#32 John H. Johnson - WR",,,"#29 Raymond Gamble - RB","#35 Tony Vinson - WR",,"#1 Alfred Shoop - WR",,"#86 Jon Horton - WR",,,"#61 Waldo Elder - LG","#62 Willard Bennett - LG","#64 Robert Low - C","#67 John Mazzotta - LG","#65 Kenneth Bullis - RT",,"#58 Ron Moore - DT",,"#98 Michael Flowers - DT","#66 Daniel Hamblin - DT","#91 Aurelio Hinkle - LDE","#54 Jose Garcia - MLB","#97 Joseph Barbour - MLB",,"#28 Pedro Brush - WLB","#5 Steve Bennett - CB","#42 Keith Odell - CB",,,,"#44 Michael Griffin - CB","#43 Carlos Brill - SS",,,,,,,,,,,,,,,,,,,,,,,,,,,,,,,,,,,,
LDN,0:04,"LDN 40",1,3,5,"I Formation Normal FL Hitch","4-3 Under Crash Right",,0,14,"3-5-LDN 40 (0:03) 8-Preston Jones pass Pass knocked down by 54-Jose Garcia. incomplete, intended for 35-Tony Vinson.","#8 Preston Jones - QB","#32 John H. Johnson - WR",,,"#29 Raymond Gamble - RB","#35 Tony Vinson - WR",,"#1 Alfred Shoop - WR",,"#86 Jon Horton - WR",,,"#61 Waldo Elder - LG","#62 Willard Bennett - LG","#64 Robert Low - C","#67 John Mazzotta - LG","#65 Kenneth Bullis - RT",,"#58 Ron Moore - DT",,"#98 Michael Flowers - DT","#66 Daniel Hamblin - DT","#91 Aurelio Hinkle - LDE","#54 Jose Garcia - MLB","#97 Joseph Barbour - MLB",,"#28 Pedro Brush - WLB","#5 Steve Bennett - CB","#42 Keith Odell - CB",,,,"#44 Michael Griffin - CB","#43 Carlos Brill - SS",,,,,,,,,,,,,,,,,,,,,,,,,,,,,,,,,,,,
,0:00,,1,4,5,,,,0,14,"End of first quarter.",,,,,,,,,,,,,,,,,,,,,,,,,,,,,,,,,,,,,,,,,,,,,,,,,,,,,,,,,,,,,,,,,,,,,,
LDN,15:00,"LDN 40",2,4,5,Punt,"Punt Return",,0,14,"4-5-LDN 40 (15:00) 15-Jordan Morgan punts 45 yards to IDY 15. 85-Adrian McDonald to IDY 15 for -0 yards. Tackle by 33-Jake Trivett. 39-Joshua Tolbert was caught flat-footed on this play.",,,,,,,,,,,,,,,,,,"#15 Jordan Morgan - P",,,,,,,,,,,,,,,,,,,"#60 Todd Cervantes - RG",,"#85 Adrian McDonald - WR",,,"#39 Joshua Tolbert - CB","#28 Pedro Brush - WLB","#44 Michael Griffin - CB",,"#33 Charles Delgado - CB","#88 Thomas Boston - TE",,"#45 Jerry Giroux - FS",,,,"#65 Kenneth Bullis - RT","#87 Steve Hollywood Brooks - TE","#67 John Mazzotta - LG","#68 Jerry Mitchell - C","#64 Robert Low - C","#61 Waldo Elder - LG",,"#58 Ron Moore - DT","#54 Jose Garcia - MLB","#50 John Ennis - RDE","#49 Jeff Gorrell - WLB",,,,,,,
IDY,14:51,"IDY 15",2,1,10,"Weak I Normal WR Corner TE Middle","4-3 Normal Man QB Spy",10,0,14,"1-10-IDY 15 (14:52) 7-Donald Mosquera pass complete to 31-John Morrow to IDY 24 for 10 yards. Pushed out of bounds by 22-Stephen Hall.","#7 Donald Mosquera - QB","#31 John Morrow - RB",,,"#35 Raymond Taylor - FB","#87 Donald Gill - TE",,"#19 James Lockett - WR",,"#80 Luis Bowen - WR",,,"#51 Harley Brooks - LG","#61 Charles Rosenberger - LG","#56 Craig Lashley - C","#76 Michael Williamson - RG","#72 Johnnie Strickland - RT",,"#93 Tom Dovo - LDE",,"#74 DeAndre McDade - DT","#75 Jeffrey Hunter - RDE","#90 Carnel Smith - RDE","#92 Jeff ""The Dude"" Lebowski - SLB","#94 Danny Lockett - MLB",,"#97 John Kinto - WLB","#28 Stephen Begley - CB","#24 Casey Timmons - CB",,,,"#22 Stephen Hall - CB","#23 Mario Bradley - FS",,,,,,,,,,,,,,,,,,,,,,,,,,,,,,,,,,,,
IDY,14:15,"IDY 24",2,2,,"I Formation Normal HB Blast","3-4 Normal Man Cover 1",21,0,14,"2-1-IDY 24 (14:14) 31-John Morrow ran to IDY 46 for 21 yards. IDY 51-Harley Brooks was injured on the play. He looks like he should be able to return.","#7 Donald Mosquera - QB","#31 John Morrow - RB",,,"#35 Raymond Taylor - FB","#87 Donald Gill - TE",,"#19 James Lockett - WR",,"#80 Luis Bowen - WR",,,"#51 Harley Brooks - LG","#61 Charles Rosenberger - LG","#56 Craig Lashley - C","#76 Michael Williamson - RG","#72 Johnnie Strickland - RT",,"#93 Tom Dovo - LDE",,"#74 DeAndre McDade - DT",,"#97 John Kinto - WLB","#50 Anthony Hawkins - WLB","#94 Danny Lockett - MLB","#58 William Kirksey - MLB","#53 Marlon Brown - WLB","#28 Stephen Begley - CB","#24 Casey Timmons - CB",,,,"#22 Stephen Hall - CB","#23 Mario Bradley - FS",,,,,,,,,,,,,,,,,,,,,,,,,,,,,,,,,,,,
IDY,13:36,"IDY 46",2,1,10,"Goal Line Normal HB Toss Strong","4-3 Under Double Safety Blitz",-0,0,14,"1-10-IDY 46 (13:35) 34-Travis Cooper ran to IDY 45 for a short loss. Tackle by 25-Howard Feggins.","#7 Donald Mosquera - QB","#34 Travis Cooper - RB",,"#30 Jerry McGahan - FB","#35 Raymond Taylor - FB","#87 Donald Gill - TE","#88 Thomas Boston - TE",,,,,,"#68 Michael Samons - LT","#61 Charles Rosenberger - LG","#56 Craig Lashley - C","#76 Michael Williamson - RG","#72 Johnnie Strickland - RT",,"#93 Tom Dovo - LDE",,"#74 DeAndre McDade - DT","#75 Jeffrey Hunter - RDE","#97 John Kinto - WLB","#50 Anthony Hawkins - WLB","#58 William Kirksey - MLB",,"#53 Marlon Brown - WLB","#24 Casey Timmons - CB","#42 Harvey Wilson - CB",,,,"#25 Howard Feggins - CB","#23 Mario Bradley - FS",,,,,,,,,,,,,,,,,,,,,,,,,,,,,,,,,,,,
IDY,13:03,"IDY 45",2,2,10,"Shotgun 2 RB 3 WR Shotgun Sweep","3-4 Normal Man Cover 1",5,0,14,"2-10-IDY 45 (13:02) 85-Adrian McDonald ran to IDY 50 for 5 yards. Tackle by 50-Anthony Hawkins.","#7 Donald Mosquera - QB","#34 Travis Cooper - RB","#85 Adrian McDonald - WR",,,,,"#19 James Lockett - WR","#87 Donald Gill - TE","#80 Luis Bowen - WR",,,"#68 Michael Samons - LT","#61 Charles Rosenberger - LG","#56 Craig Lashley - C","#76 Michael Williamson - RG","#72 Johnnie Strickland - RT",,"#93 Tom Dovo - LDE",,"#74 DeAndre McDade - DT",,"#97 John Kinto - WLB","#50 Anthony Hawkins - WLB","#94 Danny Lockett - MLB","#58 William Kirksey - MLB","#53 Marlon Brown - WLB","#24 Casey Timmons - CB","#42 Harvey Wilson - CB",,,,"#25 Howard Feggins - CB","#23 Mario Bradley - FS",,,,,,,,,,,,,,,,,,,,,,,,,,,,,,,,,,,,
IDY,12:26,"IDY 50",2,3,6,"I Formation Normal PA Streaks","3-4 Normal Man Cover 1",-8,0,14,"3-6-IDY 50 (12:25) 7-Donald Mosquera sacked at IDY 42 for -8 yards (93-Tom Dovo). Sack allowed by 72-Johnnie Strickland.","#7 Donald Mosquera - QB","#34 Travis Cooper - RB",,,"#35 Raymond Taylor - FB","#88 Thomas Boston - TE",,"#19 James Lockett - WR",,"#80 Luis Bowen - WR",,,"#68 Michael Samons - LT","#61 Charles Rosenberger - LG","#56 Craig Lashley - C","#76 Michael Williamson - RG","#72 Johnnie Strickland - RT",,"#93 Tom Dovo - LDE",,"#74 DeAndre McDade - DT",,"#97 John Kinto - WLB","#92 Jeff ""The Dude"" Lebowski - SLB","#94 Danny Lockett - MLB","#58 William Kirksey - MLB","#53 Marlon Brown - WLB","#28 Stephen Begley - CB","#24 Casey Timmons - CB",,,,"#22 Stephen Hall - CB","#23 Mario Bradley - FS",,,,,,,,,,,,,,,,,,,,,,,,,,,,,,,,,,,,
IDY,11:44,"IDY 42",2,4,14,Punt,"Punt Return",57,0,14,"4-14-IDY 42 (11:43) 6-George Sieben punts 57 yards to LDN 1. LDN 74-DeAndre McDade was injured on the play. He looks like he should be able to return.",,,,,,,,,,,,,,,,,,"#6 George Sieben - P",,,,,,,,,,,,,,,,,,,"#61 Charles Rosenberger - LG",,"#32 John H. Johnson - WR",,,"#33 Jake Trivett - CB","#22 Stephen Hall - CB","#50 Anthony Hawkins - WLB",,"#53 Marlon Brown - WLB","#92 Jeff ""The Dude"" Lebowski - SLB",,"#58 William Kirksey - MLB",,,,"#64 John Floyd - LG","#70 Matthew Barnes - RT","#68 Michael Samons - LT","#65 Mathew Dill - RG","#99 Alfredo Woods - DT","#28 Pedro Brush - WLB",,"#74 DeAndre McDade - DT","#90 Carnel Smith - RDE","#75 Jeffrey Hunter - RDE","#97 John Kinto - WLB",,,,,,,
LDN,11:32,"LDN 1",2,1,10,"I Formation 3WR HB Inside Weak","4-3 Under Crash Right",7,0,14,"1-10-LDN 1 (11:33) 32-John H. Johnson ran to LDN 7 for 7 yards. Tackle by 97-Joseph Barbour.","#8 Preston Jones - QB","#32 John H. Johnson - WR",,,"#29 Raymond Gamble - RB",,,"#1 Alfred Shoop - WR","#84 Toderick Malone - WR","#86 Jon Horton - WR",,,"#61 Waldo Elder - LG","#62 Willard Bennett - LG","#64 Robert Low - C","#67 John Mazzotta - LG","#65 Kenneth Bullis - RT",,"#58 Ron Moore - DT",,"#98 Michael Flowers - DT","#66 Daniel Hamblin - DT","#91 Aurelio Hinkle - LDE","#54 Jose Garcia - MLB","#97 Joseph Barbour - MLB",,"#28 Pedro Brush - WLB","#5 Steve Bennett - CB","#39 Joshua Tolbert - CB",,,,"#43 Carlos Brill - SS","#24 Timothy Lewis - FS",,,,,,,,,,,,,,,,,,,,,,,,,,,,,,,,,,,,
LDN,10:52,"LDN 7",2,2,3,"Strong I Normal HB Dive Strong","4-3 Under Crash Right",3,0,14,"2-3-LDN 7 (10:51) 36-Terrence Phillips ran to LDN 11 for 3 yards. Tackle by 28-Pedro Brush.","#8 Preston Jones - QB","#36 Terrence Phillips - RB",,,"#29 Raymond Gamble - RB","#35 Tony Vinson - WR",,"#1 Alfred Shoop - WR",,"#86 Jon Horton - WR",,,"#61 Waldo Elder - LG","#62 Willard Bennett - LG","#64 Robert Low - C","#67 John Mazzotta - LG","#65 Kenneth Bullis - RT",,"#58 Ron Moore - DT",,"#98 Michael Flowers - DT","#66 Daniel Hamblin - DT","#91 Aurelio Hinkle - LDE","#54 Jose Garcia - MLB","#97 Joseph Barbour - MLB",,"#28 Pedro Brush - WLB","#5 Steve Bennett - CB","#42 Keith Odell - CB",,,,"#44 Michael Griffin - CB","#43 Carlos Brill - SS",,,,,,,,,,,,,,,,,,,,,,,,,,,,,,,,,,,,
LDN,10:13,"LDN 11",2,3,,"I Formation Normal PA Fullback Flat","4-3 Under Crash Right",7,0,14,"3-1-LDN 11 (10:12) 8-Preston Jones pass complete to 29-Raymond Gamble to LDN 18 for 7 yards. Tackle by 97-Joseph Barbour. Great move by 29-Raymond Gamble to get free of his coverage.","#8 Preston Jones - QB","#32 John H. Johnson - WR",,,"#29 Raymond Gamble - RB","#35 Tony Vinson - WR",,"#1 Alfred Shoop - WR",,"#86 Jon Horton - WR",,,"#61 Waldo Elder - LG","#62 Willard Bennett - LG","#64 Robert Low - C","#67 John Mazzotta - LG","#65 Kenneth Bullis - RT",,"#58 Ron Moore - DT",,"#98 Michael Flowers - DT","#66 Daniel Hamblin - DT","#91 Aurelio Hinkle - LDE","#54 Jose Garcia - MLB","#97 Joseph Barbour - MLB",,"#28 Pedro Brush - WLB","#5 Steve Bennett - CB","#42 Keith Odell - CB",,,,"#44 Michael Griffin - CB","#43 Carlos Brill - SS",,,,,,,,,,,,,,,,,,,,,,,,,,,,,,,,,,,,
LDN,9:28,"LDN 18",2,1,10,"I Formation Normal HB Dive","4-3 Under Crash Right",2,0,14,"1-10-LDN 18 (9:27) 36-Terrence Phillips ran to LDN 20 for 2 yards. Tackle by 98-Michael Flowers.","#8 Preston Jones - QB","#36 Terrence Phillips - RB",,,"#29 Raymond Gamble - RB","#35 Tony Vinson - WR",,"#1 Alfred Shoop - WR",,"#86 Jon Horton - WR",,,"#61 Waldo Elder - LG","#62 Willard Bennett - LG","#64 Robert Low - C","#67 John Mazzotta - LG","#65 Kenneth Bullis - RT",,"#58 Ron Moore - DT",,"#98 Michael Flowers - DT","#66 Daniel Hamblin - DT","#91 Aurelio Hinkle - LDE","#54 Jose Garcia - MLB","#97 Joseph Barbour - MLB",,"#28 Pedro Brush - WLB","#5 Steve Bennett - CB","#42 Keith Odell - CB",,,,"#26 Kelly Appel - SS","#43 Carlos Brill - SS",,,,,,,,,,,,,,,,,,,,,,,,,,,,,,,,,,,,
LDN,8:48,"LDN 20",2,2,8,"I Formation 3WR HB Inside Strong","4-3 Under Crash Right",-0,0,14,"2-8-LDN 20 (8:47) PENALTY - False Start (LDN 1-Alfred Shoop)","#8 Preston Jones - QB","#32 John H. Johnson - WR",,,"#29 Raymond Gamble - RB",,,"#1 Alfred Shoop - WR","#84 Toderick Malone - WR","#86 Jon Horton - WR",,,"#61 Waldo Elder - LG","#62 Willard Bennett - LG","#64 Robert Low - C","#67 John Mazzotta - LG","#65 Kenneth Bullis - RT",,"#58 Ron Moore - DT",,"#98 Michael Flowers - DT","#66 Daniel Hamblin - DT","#91 Aurelio Hinkle - LDE","#54 Jose Garcia - MLB","#97 Joseph Barbour - MLB",,"#28 Pedro Brush - WLB","#5 Steve Bennett - CB","#42 Keith Odell - CB",,,,"#44 Michael Griffin - CB","#43 Carlos Brill - SS",,,,,,,,,,,,,,,,,,,,,,,,,,,,,,,,,,,,
LDN,8:46,"LDN 15",2,2,13,"I Formation Normal PA Fullback Flat","4-3 Under Crash Right",5,0,14,"2-13-LDN 15 (8:47) 8-Preston Jones pass complete to 29-Raymond Gamble to LDN 20 for 5 yards. Tackle by 97-Joseph Barbour. Nice job by 29-Raymond Gamble on that route to lose his coverage.","#8 Preston Jones - QB","#32 John H. Johnson - WR",,,"#29 Raymond Gamble - RB","#35 Tony Vinson - WR",,"#1 Alfred Shoop - WR",,"#86 Jon Horton - WR",,,"#61 Waldo Elder - LG","#62 Willard Bennett - LG","#64 Robert Low - C","#67 John Mazzotta - LG","#65 Kenneth Bullis - RT",,"#58 Ron Moore - DT",,"#98 Michael Flowers - DT","#66 Daniel Hamblin - DT","#91 Aurelio Hinkle - LDE","#54 Jose Garcia - MLB","#97 Joseph Barbour - MLB",,"#28 Pedro Brush - WLB","#5 Steve Bennett - CB","#42 Keith Odell - CB",,,,"#44 Michael Griffin - CB","#43 Carlos Brill - SS",,,,,,,,,,,,,,,,,,,,,,,,,,,,,,,,,,,,
LDN,8:09,"LDN 20",2,3,8,"Shotgun Normal HB Flare","4-3 Under Crash Right",13,0,14,"3-8-LDN 20 (8:08) 8-Preston Jones pass complete to 86-Jon Horton to LDN 33 for 13 yards. Tackle by 42-Keith Odell. Nice job by 86-Jon Horton on that route to lose his coverage.","#8 Preston Jones - QB","#32 John H. Johnson - WR",,,,"#35 Tony Vinson - WR",,"#1 Alfred Shoop - WR","#84 Toderick Malone - WR","#86 Jon Horton - WR",,,"#61 Waldo Elder - LG","#62 Willard Bennett - LG","#64 Robert Low - C","#67 John Mazzotta - LG","#65 Kenneth Bullis - RT",,"#58 Ron Moore - DT",,"#98 Michael Flowers - DT","#66 Daniel Hamblin - DT","#91 Aurelio Hinkle - LDE","#54 Jose Garcia - MLB","#97 Joseph Barbour - MLB",,"#28 Pedro Brush - WLB","#5 Steve Bennett - CB","#42 Keith Odell - CB",,,,"#44 Michael Griffin - CB","#43 Carlos Brill - SS",,,,,,,,,,,,,,,,,,,,,,,,,,,,,,,,,,,,
LDN,7:34,"LDN 33",2,1,10,"Strong I Normal HB Dive Strong","4-3 Under Crash Right",6,0,14,"1-10-LDN 33 (7:33) 32-John H. Johnson ran to LDN 39 for 6 yards. Tackle by 28-Pedro Brush.","#8 Preston Jones - QB","#32 John H. Johnson - WR",,,"#29 Raymond Gamble - RB","#35 Tony Vinson - WR",,"#1 Alfred Shoop - WR",,"#86 Jon Horton - WR",,,"#61 Waldo Elder - LG","#62 Willard Bennett - LG","#64 Robert Low - C","#67 John Mazzotta - LG","#65 Kenneth Bullis - RT",,"#58 Ron Moore - DT",,"#98 Michael Flowers - DT","#66 Daniel Hamblin - DT","#91 Aurelio Hinkle - LDE","#54 Jose Garcia - MLB","#97 Joseph Barbour - MLB",,"#28 Pedro Brush - WLB","#5 Steve Bennett - CB","#42 Keith Odell - CB",,,,"#44 Michael Griffin - CB","#43 Carlos Brill - SS",,,,,,,,,,,,,,,,,,,,,,,,,,,,,,,,,,,,
LDN,7:00,"LDN 39",2,2,4,"I Formation Normal HB Blast","4-3 Under Crash Right",2,0,14,"2-4-LDN 39 (6:59) 36-Terrence Phillips ran to LDN 41 for 2 yards. Tackle by 97-Joseph Barbour.","#8 Preston Jones - QB","#36 Terrence Phillips - RB",,,"#29 Raymond Gamble - RB","#35 Tony Vinson - WR",,"#1 Alfred Shoop - WR",,"#86 Jon Horton - WR",,,"#61 Waldo Elder - LG","#62 Willard Bennett - LG","#64 Robert Low - C","#67 John Mazzotta - LG","#65 Kenneth Bullis - RT",,"#58 Ron Moore - DT",,"#98 Michael Flowers - DT","#66 Daniel Hamblin - DT","#91 Aurelio Hinkle - LDE","#54 Jose Garcia - MLB","#97 Joseph Barbour - MLB",,"#28 Pedro Brush - WLB","#5 Steve Bennett - CB","#42 Keith Odell - CB",,,,"#44 Michael Griffin - CB","#43 Carlos Brill - SS",,,,,,,,,,,,,,,,,,,,,,,,,,,,,,,,,,,,
LDN,6:25,"LDN 41",2,3,2,"I Formation 3WR HB Inside Strong","4-3 Under Crash Right",5,0,14,"3-2-LDN 41 (6:24) 32-John H. Johnson ran to LDN 46 for 5 yards. Tackle by 97-Joseph Barbour.","#8 Preston Jones - QB","#32 John H. Johnson - WR",,,"#29 Raymond Gamble - RB",,,"#1 Alfred Shoop - WR","#84 Toderick Malone - WR","#86 Jon Horton - WR",,,"#61 Waldo Elder - LG","#62 Willard Bennett - LG","#64 Robert Low - C","#67 John Mazzotta - LG","#65 Kenneth Bullis - RT",,"#58 Ron Moore - DT",,"#98 Michael Flowers - DT","#66 Daniel Hamblin - DT","#91 Aurelio Hinkle - LDE","#54 Jose Garcia - MLB","#97 Joseph Barbour - MLB",,"#28 Pedro Brush - WLB","#5 Steve Bennett - CB","#42 Keith Odell - CB",,,,"#43 Carlos Brill - SS","#24 Timothy Lewis - FS",,,,,,,,,,,,,,,,,,,,,,,,,,,,,,,,,,,,
LDN,5:45,"LDN 46",2,1,10,"I Formation Normal HB Blast","4-3 Under Crash Right",3,0,14,"1-10-LDN 46 (5:44) 36-Terrence Phillips ran to LDN 49 for 3 yards. Tackle by 91-Aurelio Hinkle.","#8 Preston Jones - QB","#36 Terrence Phillips - RB",,,"#29 Raymond Gamble - RB","#35 Tony Vinson - WR",,"#1 Alfred Shoop - WR",,"#86 Jon Horton - WR",,,"#61 Waldo Elder - LG","#62 Willard Bennett - LG","#64 Robert Low - C","#67 John Mazzotta - LG","#65 Kenneth Bullis - RT",,"#58 Ron Moore - DT",,"#98 Michael Flowers - DT","#66 Daniel Hamblin - DT","#91 Aurelio Hinkle - LDE","#54 Jose Garcia - MLB","#97 Joseph Barbour - MLB",,"#28 Pedro Brush - WLB","#5 Steve Bennett - CB","#42 Keith Odell - CB",,,,"#44 Michael Griffin - CB","#43 Carlos Brill - SS",,,,,,,,,,,,,,,,,,,,,,,,,,,,,,,,,,,,
LDN,5:04,"LDN 49",2,2,7,"I Formation Normal PA Outside Curls","4-3 Under Crash Right",15,0,14,"2-7-LDN 49 (5:03) 8-Preston Jones pass complete to 1-Alfred Shoop to IDY 37 for 15 yards. Tackle by 43-Carlos Brill. 1-Alfred Shoop breaks down the CB.","#8 Preston Jones - QB","#32 John H. Johnson - WR",,,"#29 Raymond Gamble - RB","#35 Tony Vinson - WR",,"#1 Alfred Shoop - WR",,"#86 Jon Horton - WR",,,"#61 Waldo Elder - LG","#62 Willard Bennett - LG","#64 Robert Low - C","#67 John Mazzotta - LG","#65 Kenneth Bullis - RT",,"#58 Ron Moore - DT",,"#98 Michael Flowers - DT","#66 Daniel Hamblin - DT","#91 Aurelio Hinkle - LDE","#54 Jose Garcia - MLB","#97 Joseph Barbour - MLB",,"#28 Pedro Brush - WLB","#5 Steve Bennett - CB","#42 Keith Odell - CB",,,,"#44 Michael Griffin - CB","#43 Carlos Brill - SS",,,,,,,,,,,,,,,,,,,,,,,,,,,,,,,,,,,,
LDN,4:18,"IDY 37",2,1,10,"I Formation Normal PA Fullback Flat","4-3 Under Crash Right",12,0,14,"1-10-IDY 37 (4:17) 8-Preston Jones pass complete to 86-Jon Horton to IDY 25 for 12 yards. Tackle by 42-Keith Odell. Great move by 86-Jon Horton to get free of his coverage.","#8 Preston Jones - QB","#36 Terrence Phillips - RB",,,"#29 Raymond Gamble - RB","#35 Tony Vinson - WR",,"#1 Alfred Shoop - WR",,"#86 Jon Horton - WR",,,"#61 Waldo Elder - LG","#62 Willard Bennett - LG","#64 Robert Low - C","#67 John Mazzotta - LG","#65 Kenneth Bullis - RT",,"#58 Ron Moore - DT",,"#98 Michael Flowers - DT","#66 Daniel Hamblin - DT","#91 Aurelio Hinkle - LDE","#54 Jose Garcia - MLB","#97 Joseph Barbour - MLB",,"#28 Pedro Brush - WLB","#5 Steve Bennett - CB","#42 Keith Odell - CB",,,,"#44 Michael Griffin - CB","#43 Carlos Brill - SS",,,,,,,,,,,,,,,,,,,,,,,,,,,,,,,,,,,,
LDN,3:36,"IDY 25",2,1,10,"I Formation Normal PA Fullback Flat","4-3 Under Crash Right",3,0,14,"1-10-IDY 25 (3:35) 8-Preston Jones pass complete to 29-Raymond Gamble to IDY 22 for 3 yards. Tackle by 43-Carlos Brill. Nice job by 29-Raymond Gamble on that route to lose his coverage.","#8 Preston Jones - QB","#32 John H. Johnson - WR",,,"#29 Raymond Gamble - RB","#35 Tony Vinson - WR",,"#1 Alfred Shoop - WR",,"#86 Jon Horton - WR",,,"#61 Waldo Elder - LG","#62 Willard Bennett - LG","#64 Robert Low - C","#67 John Mazzotta - LG","#65 Kenneth Bullis - RT",,"#58 Ron Moore - DT",,"#98 Michael Flowers - DT","#66 Daniel Hamblin - DT","#91 Aurelio Hinkle - LDE","#54 Jose Garcia - MLB","#97 Joseph Barbour - MLB",,"#28 Pedro Brush - WLB","#5 Steve Bennett - CB","#42 Keith Odell - CB",,,,"#44 Michael Griffin - CB","#43 Carlos Brill - SS",,,,,,,,,,,,,,,,,,,,,,,,,,,,,,,,,,,,
LDN,3:01,"IDY 22",2,2,7,"Weak I Normal HB Inside Weak","4-3 Under Crash Right",1,0,14,"2-7-IDY 22 (3:00) 32-John H. Johnson ran to IDY 21 for 1 yards. Tackle by 28-Pedro Brush.","#8 Preston Jones - QB","#32 John H. Johnson - WR",,,"#29 Raymond Gamble - RB","#35 Tony Vinson - WR",,"#1 Alfred Shoop - WR",,"#86 Jon Horton - WR",,,"#61 Waldo Elder - LG","#62 Willard Bennett - LG","#64 Robert Low - C","#67 John Mazzotta - LG","#65 Kenneth Bullis - RT",,"#58 Ron Moore - DT",,"#98 Michael Flowers - DT","#66 Daniel Hamblin - DT","#91 Aurelio Hinkle - LDE","#54 Jose Garcia - MLB","#97 Joseph Barbour - MLB",,"#28 Pedro Brush - WLB","#5 Steve Bennett - CB","#42 Keith Odell - CB",,,,"#43 Carlos Brill - SS","#24 Timothy Lewis - FS",,,,,,,,,,,,,,,,,,,,,,,,,,,,,,,,,,,,
LDN,2:19,"IDY 21",2,3,6,"I Formation 3WR PA Fullback Flat","4-3 Under Crash Right",13,0,14,"3-6-IDY 21 (2:18) 8-Preston Jones pass complete to 29-Raymond Gamble to IDY 8 for 13 yards. Pushed out of bounds by 44-Michael Griffin. Nice job by 29-Raymond Gamble on that route to lose his coverage.","#8 Preston Jones - QB","#32 John H. Johnson - WR",,,"#29 Raymond Gamble - RB",,,"#1 Alfred Shoop - WR","#84 Toderick Malone - WR","#86 Jon Horton - WR",,,"#61 Waldo Elder - LG","#62 Willard Bennett - LG","#64 Robert Low - C","#67 John Mazzotta - LG","#65 Kenneth Bullis - RT",,"#58 Ron Moore - DT",,"#98 Michael Flowers - DT","#66 Daniel Hamblin - DT","#91 Aurelio Hinkle - LDE","#54 Jose Garcia - MLB","#97 Joseph Barbour - MLB",,"#28 Pedro Brush - WLB","#5 Steve Bennett - CB","#42 Keith Odell - CB",,,,"#44 Michael Griffin - CB","#43 Carlos Brill - SS",,,,,,,,,,,,,,,,,,,,,,,,,,,,,,,,,,,,
,2:00,,2,1,8,,,,0,14,"Timeout for two minute warning.",,,,,,,,,,,,,,,,,,,,,,,,,,,,,,,,,,,,,,,,,,,,,,,,,,,,,,,,,,,,,,,,,,,,,,
LDN,2:00,"IDY 8",2,1,8,"Weak I Normal HB Inside Weak","4-3 Under Crash Right",2,0,14,"1-8-IDY 8 (2:00) 36-Terrence Phillips ran to IDY 6 for 2 yards. Tackle by 98-Michael Flowers.","#8 Preston Jones - QB","#36 Terrence Phillips - RB",,,"#87 Steve Hollywood Brooks - TE","#35 Tony Vinson - WR",,"#1 Alfred Shoop - WR",,"#86 Jon Horton - WR",,,"#61 Waldo Elder - LG","#62 Willard Bennett - LG","#64 Robert Low - C","#67 John Mazzotta - LG","#65 Kenneth Bullis - RT",,"#58 Ron Moore - DT",,"#98 Michael Flowers - DT","#66 Daniel Hamblin - DT","#91 Aurelio Hinkle - LDE","#54 Jose Garcia - MLB","#97 Joseph Barbour - MLB",,"#28 Pedro Brush - WLB","#5 Steve Bennett - CB","#42 Keith Odell - CB",,,,"#43 Carlos Brill - SS","#24 Timothy Lewis - FS",,,,,,,,,,,,,,,,,,,,,,,,,,,,,,,,,,,,
LDN,1:18,"IDY 6",2,2,6,"Weak I Normal WR Corner TE Middle","4-3 Under Crash Right",6,0,20,"2-6-IDY 6 (1:17) 8-Preston Jones pass complete to 32-John H. Johnson for 6 yards. TOUCHDOWN! 32-John H. Johnson did some fancy footwork there. IDY 0 LDN 20","#8 Preston Jones - QB","#32 John H. Johnson - WR",,,"#29 Raymond Gamble - RB","#35 Tony Vinson - WR",,"#1 Alfred Shoop - WR",,"#86 Jon Horton - WR",,,"#61 Waldo Elder - LG","#62 Willard Bennett - LG","#64 Robert Low - C","#67 John Mazzotta - LG","#65 Kenneth Bullis - RT",,"#58 Ron Moore - DT",,"#98 Michael Flowers - DT","#66 Daniel Hamblin - DT","#91 Aurelio Hinkle - LDE","#54 Jose Garcia - MLB","#97 Joseph Barbour - MLB",,"#28 Pedro Brush - WLB","#5 Steve Bennett - CB","#42 Keith Odell - CB",,,,"#44 Michael Griffin - CB","#43 Carlos Brill - SS",,,,,,,,,,,,,,,,,,,,,,,,,,,,,,,,,,,,
LDN,1:12,"IDY 15",2,7,15,"Field Goal","FG Block",25,0,21,"(1:13) Extra point GOOD by 14-Stephen Stafford. IDY 0 LDN 21",,,,,,,,,,,,,,,,,,,,,,,,,,,,,,,,,,,,"#36 Terrence Phillips - RB","#60 Todd Cervantes - RG",,,,,,,,,,,,,,"#14 Stephen Stafford - K","#79 Joseph Luckey - RG","#65 Kenneth Bullis - RT","#87 Steve Hollywood Brooks - TE","#67 John Mazzotta - LG","#68 Jerry Mitchell - C","#64 Robert Low - C","#61 Waldo Elder - LG","#76 Joseph Barton - RT","#58 Ron Moore - DT","#54 Jose Garcia - MLB","#50 John Ennis - RDE","#49 Jeff Gorrell - WLB","#28 Pedro Brush - WLB","#99 Alfredo Woods - DT","#91 Aurelio Hinkle - LDE","#66 Daniel Hamblin - DT","#98 Michael Flowers - DT","#43 Carlos Brill - SS","#5 Steve Bennett - CB"
LDN,1:12,"LDN 35",2,6,10,Kickoff,"Kick Return",,0,21,"(1:13) 14-Stephen Stafford kicks 73 yards from LDN 35 to IDY -8. 31-John Morrow to IDY 20 for 29 yards. Tackle by 38-Joe Bell. IDY 54-Jose Garcia was injured on the play. He looks like he should be able to return.",,,,,,,,,,,,,,,,,,,,,,,,,,,,,,,,,,,,,,"#31 John Morrow - RB",,"#30 Jerry McGahan - FB","#60 David Hodges - C","#70 Matthew Barnes - RT","#27 Sean Nokes - CB","#65 Mathew Dill - RG","#42 Keith Odell - CB","#39 Joshua Tolbert - CB","#85 Adrian McDonald - WR","#54 Jose Garcia - MLB","#88 Thomas Boston - TE","#14 Stephen Stafford - K",,,,,,,,,,,,,,,,,,,,
IDY,1:08,"IDY 20",2,1,10,"Goal Line Normal HB Toss Strong","4-3 Under Double Safety Blitz",-0,0,21,"1-10-IDY 20 (1:09) 34-Travis Cooper ran to IDY 20 for a short loss. Tackle by 94-Danny Lockett.","#7 Donald Mosquera - QB","#34 Travis Cooper - RB",,"#30 Jerry McGahan - FB","#35 Raymond Taylor - FB","#87 Donald Gill - TE","#88 Thomas Boston - TE",,,,,,"#68 Michael Samons - LT","#61 Charles Rosenberger - LG","#56 Craig Lashley - C","#76 Michael Williamson - RG","#72 Johnnie Strickland - RT",,"#93 Tom Dovo - LDE",,"#74 DeAndre McDade - DT","#75 Jeffrey Hunter - RDE","#97 John Kinto - WLB","#50 Anthony Hawkins - WLB","#94 Danny Lockett - MLB",,"#53 Marlon Brown - WLB","#28 Stephen Begley - CB","#42 Harvey Wilson - CB",,,,"#22 Stephen Hall - CB","#23 Mario Bradley - FS",,,,,,,,,,,,,,,,,,,,,,,,,,,,,,,,,,,,
IDY,0:26,"IDY 20",2,2,10,"Weak I Big HB Lead Toss Weak","4-3 Normal Man QB Spy",2,0,21,"2-10-IDY 20 (0:25) 31-John Morrow ran to IDY 21 for 2 yards. Tackle by 53-Marlon Brown.","#7 Donald Mosquera - QB","#31 John Morrow - RB",,,"#35 Raymond Taylor - FB","#87 Donald Gill - TE","#88 Thomas Boston - TE","#19 James Lockett - WR",,,,,"#68 Michael Samons - LT","#61 Charles Rosenberger - LG","#56 Craig Lashley - C","#76 Michael Williamson - RG","#72 Johnnie Strickland - RT",,"#93 Tom Dovo - LDE",,"#74 DeAndre McDade - DT","#75 Jeffrey Hunter - RDE","#97 John Kinto - WLB","#50 Anthony Hawkins - WLB","#94 Danny Lockett - MLB",,"#53 Marlon Brown - WLB","#28 Stephen Begley - CB","#24 Casey Timmons - CB",,,,"#22 Stephen Hall - CB","#23 Mario Bradley - FS",,,,,,,,,,,,,,,,,,,,,,,,,,,,,,,,,,,,
,0:00,,2,3,9,,,,0,21,"End of half.",,,,,,,,,,,,,,,,,,,,,,,,,,,,,,,,,,,,,,,,,,,,,,,,,,,,,,,,,,,,,,,,,,,,,,
LDN,15:00,"LDN 35",3,6,10,Kickoff,"Kick Return",,0,21,"(15:00) 14-Stephen Stafford kicks 70 yards from LDN 35 to IDY -5. Touchback.",,,,,,,,,,,,,,,,,,,,,,,,,,,,,,,,,,,,,,"#31 John Morrow - RB",,"#30 Jerry McGahan - FB","#60 David Hodges - C","#70 Matthew Barnes - RT","#27 Sean Nokes - CB","#65 Mathew Dill - RG","#42 Keith Odell - CB","#39 Joshua Tolbert - CB","#85 Adrian McDonald - WR","#54 Jose Garcia - MLB","#88 Thomas Boston - TE","#14 Stephen Stafford - K",,,,,,,,,,,,,,,,,,,,
IDY,15:00,"IDY 25",3,1,10,"Split Backs Normal Posts","4-3 Normal Man QB Spy",-8,0,21,"1-10-IDY 25 (15:00) 7-Donald Mosquera sacked at IDY 17 for -8 yards (97-John Kinto). Sack allowed by 51-Harley Brooks. 51-Harley Brooks totally missed that block.","#7 Donald Mosquera - QB","#31 John Morrow - RB",,,"#35 Raymond Taylor - FB","#87 Donald Gill - TE",,"#19 James Lockett - WR",,"#80 Luis Bowen - WR",,,"#51 Harley Brooks - LG","#61 Charles Rosenberger - LG","#56 Craig Lashley - C","#76 Michael Williamson - RG","#72 Johnnie Strickland - RT",,"#93 Tom Dovo - LDE",,"#74 DeAndre McDade - DT","#75 Jeffrey Hunter - RDE","#97 John Kinto - WLB","#50 Anthony Hawkins - WLB","#94 Danny Lockett - MLB",,"#53 Marlon Brown - WLB","#28 Stephen Begley - CB","#24 Casey Timmons - CB",,,,"#22 Stephen Hall - CB","#23 Mario Bradley - FS",,,,,,,,,,,,,,,,,,,,,,,,,,,,,,,,,,,,
IDY,14:39,"IDY 17",3,2,18,"I Formation 3WR WR Out","4-3 Normal Man QB Spy",4,0,21,"2-18-IDY 17 (14:38) 7-Donald Mosquera pass complete to 80-Luis Bowen to IDY 21 for 4 yards. Tackle by 93-Tom Dovo. 24-Casey Timmons got away with a hold on that play.","#7 Donald Mosquera - QB","#31 John Morrow - RB",,,"#35 Raymond Taylor - FB",,,"#19 James Lockett - WR","#87 Donald Gill - TE","#80 Luis Bowen - WR",,,"#51 Harley Brooks - LG","#61 Charles Rosenberger - LG","#56 Craig Lashley - C","#76 Michael Williamson - RG","#72 Johnnie Strickland - RT",,"#93 Tom Dovo - LDE",,"#74 DeAndre McDade - DT","#75 Jeffrey Hunter - RDE","#97 John Kinto - WLB","#50 Anthony Hawkins - WLB","#94 Danny Lockett - MLB",,"#53 Marlon Brown - WLB","#28 Stephen Begley - CB","#24 Casey Timmons - CB",,,,"#22 Stephen Hall - CB","#23 Mario Bradley - FS",,,,,,,,,,,,,,,,,,,,,,,,,,,,,,,,,,,,
IDY,14:15,"IDY 21",3,3,14,"I Formation 3WR WR Out","4-3 Normal Man Under 1",,0,21,"3-14-IDY 21 (14:14) 7-Donald Mosquera pass Pass knocked down by 24-Casey Timmons. incomplete, intended for 80-Luis Bowen. PENALTY - Pass Interference (LDN 24-Casey Timmons)","#7 Donald Mosquera - QB","#31 John Morrow - RB",,,"#35 Raymond Taylor - FB",,,"#19 James Lockett - WR","#87 Donald Gill - TE","#80 Luis Bowen - WR",,,"#51 Harley Brooks - LG","#61 Charles Rosenberger - LG","#56 Craig Lashley - C","#76 Michael Williamson - RG","#72 Johnnie Strickland - RT",,"#93 Tom Dovo - LDE",,"#74 DeAndre McDade - DT","#75 Jeffrey Hunter - RDE","#90 Carnel Smith - RDE","#92 Jeff ""The Dude"" Lebowski - SLB","#94 Danny Lockett - MLB",,"#97 John Kinto - WLB","#28 Stephen Begley - CB","#24 Casey Timmons - CB",,,,"#25 Howard Feggins - CB","#23 Mario Bradley - FS",,,,,,,,,,,,,,,,,,,,,,,,,,,,,,,,,,,,
IDY,14:10,"IDY 28",3,1,10,"Singleback Big WR Deep","4-3 Normal Man Under 1",,0,21,"1-10-IDY 28 (14:11) 7-Donald Mosquera pass incomplete, dropped by 87-Donald Gill. Pressure by 97-John Kinto.","#7 Donald Mosquera - QB","#31 John Morrow - RB",,,,"#87 Donald Gill - TE","#88 Thomas Boston - TE","#19 James Lockett - WR",,"#80 Luis Bowen - WR",,,"#51 Harley Brooks - LG","#61 Charles Rosenberger - LG","#56 Craig Lashley - C","#76 Michael Williamson - RG","#72 Johnnie Strickland - RT",,"#93 Tom Dovo - LDE",,"#74 DeAndre McDade - DT","#75 Jeffrey Hunter - RDE","#97 John Kinto - WLB","#50 Anthony Hawkins - WLB","#94 Danny Lockett - MLB",,"#53 Marlon Brown - WLB","#28 Stephen Begley - CB","#33 Jake Trivett - CB",,,,"#22 Stephen Hall - CB","#42 Harvey Wilson - CB",,,,,,,,,,,,,,,,,,,,,,,,,,,,,,,,,,,,
IDY,14:06,"IDY 28",3,2,10,"I Formation Normal PA Streaks","3-4 Normal Man Cover 1",-7,0,21,"2-10-IDY 28 (14:07) 7-Donald Mosquera sacked at IDY 21 for -7 yards (92-Jeff ""The Dude"" Lebowski)","#7 Donald Mosquera - QB","#31 John Morrow - RB",,,"#35 Raymond Taylor - FB","#88 Thomas Boston - TE",,"#13 Aaron Jones - WR",,"#15 Michael Dickson - WR",,,"#51 Harley Brooks - LG","#61 Charles Rosenberger - LG","#56 Craig Lashley - C","#76 Michael Williamson - RG","#72 Johnnie Strickland - RT",,"#93 Tom Dovo - LDE",,"#74 DeAndre McDade - DT",,"#97 John Kinto - WLB","#92 Jeff ""The Dude"" Lebowski - SLB","#58 William Kirksey - MLB","#33 Jake Trivett - CB","#26 Douglas Kleinschmidt - SS","#24 Casey Timmons - CB","#42 Harvey Wilson - CB",,,,"#25 Howard Feggins - CB","#23 Mario Bradley - FS",,,,,,,,,,,,,,,,,,,,,,,,,,,,,,,,,,,,
IDY,13:46,"IDY 21",3,3,17,"I Formation 3WR WR Out","3-4 Normal Man Cover 1",,0,21,"3-17-IDY 21 (13:45) 7-Donald Mosquera pass Pass knocked down by 23-Mario Bradley. incomplete, intended for 87-Donald Gill.","#7 Donald Mosquera - QB","#31 John Morrow - RB",,,"#35 Raymond Taylor - FB",,,"#19 James Lockett - WR","#87 Donald Gill - TE","#80 Luis Bowen - WR",,,"#51 Harley Brooks - LG","#61 Charles Rosenberger - LG","#56 Craig Lashley - C","#76 Michael Williamson - RG","#72 Johnnie Strickland - RT",,"#93 Tom Dovo - LDE",,"#74 DeAndre McDade - DT",,"#97 John Kinto - WLB","#50 Anthony Hawkins - WLB","#94 Danny Lockett - MLB","#58 William Kirksey - MLB","#53 Marlon Brown - WLB","#28 Stephen Begley - CB","#24 Casey Timmons - CB",,,,"#22 Stephen Hall - CB","#23 Mario Bradley - FS",,,,,,,,,,,,,,,,,,,,,,,,,,,,,,,,,,,,
IDY,13:41,"IDY 21",3,4,17,Punt,"Punt Return",,0,21,"4-17-IDY 21 (13:42) 6-George Sieben punts 46 yards to LDN 33. Fair Catch by 32-John H. Johnson.",,,,,,,,,,,,,,,,,,"#6 George Sieben - P",,,,,,,,,,,,,,,,,,,"#61 Charles Rosenberger - LG",,"#32 John H. Johnson - WR",,,"#33 Jake Trivett - CB","#38 Joe Bell - SS","#50 Anthony Hawkins - WLB",,"#53 Marlon Brown - WLB","#92 Jeff ""The Dude"" Lebowski - SLB",,"#58 William Kirksey - MLB",,,,"#64 John Floyd - LG","#70 Matthew Barnes - RT","#68 Michael Samons - LT","#65 Mathew Dill - RG","#99 Alfredo Woods - DT","#28 Pedro Brush - WLB",,"#74 DeAndre McDade - DT","#90 Carnel Smith - RDE","#75 Jeffrey Hunter - RDE","#97 John Kinto - WLB",,,,,,,
LDN,13:35,"LDN 33",3,1,10,"Shotgun 2 RB 3 WR WR Curl","4-3 Under Crash Right",,0,21,"1-10-LDN 33 (13:36) 8-Preston Jones pass incomplete, dropped by 86-Jon Horton.","#8 Preston Jones - QB","#36 Terrence Phillips - RB","#29 Raymond Gamble - RB",,,,,"#1 Alfred Shoop - WR","#84 Toderick Malone - WR","#86 Jon Horton - WR",,,"#61 Waldo Elder - LG","#62 Willard Bennett - LG","#64 Robert Low - C","#67 John Mazzotta - LG","#65 Kenneth Bullis - RT",,"#58 Ron Moore - DT",,"#98 Michael Flowers - DT","#66 Daniel Hamblin - DT","#91 Aurelio Hinkle - LDE","#54 Jose Garcia - MLB","#97 Joseph Barbour - MLB",,"#28 Pedro Brush - WLB","#5 Steve Bennett - CB","#42 Keith Odell - CB",,,,"#44 Michael Griffin - CB","#43 Carlos Brill - SS",,,,,,,,,,,,,,,,,,,,,,,,,,,,,,,,,,,,
LDN,13:32,"LDN 33",3,2,10,"I Formation Normal PA Fullback Flat","4-3 Under Crash Right",6,0,21,"2-10-LDN 33 (13:33) 8-Preston Jones pass complete to 35-Tony Vinson to LDN 39 for 6 yards. Tackle by 54-Jose Garcia. 35-Tony Vinson breaks down the CB.","#8 Preston Jones - QB","#32 John H. Johnson - WR",,,"#29 Raymond Gamble - RB","#35 Tony Vinson - WR",,"#1 Alfred Shoop - WR",,"#86 Jon Horton - WR",,,"#61 Waldo Elder - LG","#62 Willard Bennett - LG","#64 Robert Low - C","#67 John Mazzotta - LG","#65 Kenneth Bullis - RT",,"#58 Ron Moore - DT",,"#98 Michael Flowers - DT","#66 Daniel Hamblin - DT","#91 Aurelio Hinkle - LDE","#54 Jose Garcia - MLB","#97 Joseph Barbour - MLB",,"#28 Pedro Brush - WLB","#5 Steve Bennett - CB","#42 Keith Odell - CB",,,,"#44 Michael Griffin - CB","#43 Carlos Brill - SS",,,,,,,,,,,,,,,,,,,,,,,,,,,,,,,,,,,,
LDN,12:52,"LDN 39",3,3,4,"I Formation 3WR HB Inside Strong","4-3 Under Crash Right",6,0,21,"3-4-LDN 39 (12:51) 32-John H. Johnson ran to LDN 45 for 6 yards. Tackle by 97-Joseph Barbour.","#8 Preston Jones - QB","#32 John H. Johnson - WR",,,"#29 Raymond Gamble - RB",,,"#1 Alfred Shoop - WR","#84 Toderick Malone - WR","#86 Jon Horton - WR",,,"#61 Waldo Elder - LG","#62 Willard Bennett - LG","#64 Robert Low - C","#67 John Mazzotta - LG","#65 Kenneth Bullis - RT",,"#58 Ron Moore - DT",,"#98 Michael Flowers - DT","#66 Daniel Hamblin - DT","#91 Aurelio Hinkle - LDE","#54 Jose Garcia - MLB","#97 Joseph Barbour - MLB",,"#28 Pedro Brush - WLB","#5 Steve Bennett - CB","#42 Keith Odell - CB",,,,"#44 Michael Griffin - CB","#43 Carlos Brill - SS",,,,,,,,,,,,,,,,,,,,,,,,,,,,,,,,,,,,
LDN,12:17,"LDN 45",3,1,10,"Shotgun 2 RB 3 WR Shotgun Sweep","4-3 Under Crash Right",7,0,21,"1-10-LDN 45 (12:16) 29-Raymond Gamble ran to IDY 49 for 7 yards. Tackle by 43-Carlos Brill.","#8 Preston Jones - QB","#36 Terrence Phillips - RB","#29 Raymond Gamble - RB",,,,,"#1 Alfred Shoop - WR","#84 Toderick Malone - WR","#86 Jon Horton - WR",,,"#61 Waldo Elder - LG","#62 Willard Bennett - LG","#64 Robert Low - C","#67 John Mazzotta - LG","#65 Kenneth Bullis - RT",,"#58 Ron Moore - DT",,"#98 Michael Flowers - DT","#66 Daniel Hamblin - DT","#91 Aurelio Hinkle - LDE","#54 Jose Garcia - MLB","#97 Joseph Barbour - MLB",,"#28 Pedro Brush - WLB","#5 Steve Bennett - CB","#42 Keith Odell - CB",,,,"#44 Michael Griffin - CB","#43 Carlos Brill - SS",,,,,,,,,,,,,,,,,,,,,,,,,,,,,,,,,,,,
LDN,11:37,"IDY 49",3,2,3,"Shotgun Normal HB Flare","4-3 Under Crash Right",22,0,21,"2-3-IDY 49 (11:36) 8-Preston Jones pass complete to 84-Toderick Malone to IDY 27 for 22 yards. Tackle by 43-Carlos Brill. Nice job by 84-Toderick Malone on that route to lose his coverage. You can tell that the offense is starting to figure out how to beat that defensive play.","#8 Preston Jones - QB","#32 John H. Johnson - WR",,,,"#35 Tony Vinson - WR",,"#1 Alfred Shoop - WR","#84 Toderick Malone - WR","#86 Jon Horton - WR",,,"#61 Waldo Elder - LG","#62 Willard Bennett - LG","#64 Robert Low - C","#67 John Mazzotta - LG","#65 Kenneth Bullis - RT",,"#58 Ron Moore - DT",,"#98 Michael Flowers - DT","#66 Daniel Hamblin - DT","#91 Aurelio Hinkle - LDE","#54 Jose Garcia - MLB","#97 Joseph Barbour - MLB",,"#28 Pedro Brush - WLB","#5 Steve Bennett - CB","#42 Keith Odell - CB",,,,"#44 Michael Griffin - CB","#43 Carlos Brill - SS",,,,,,,,,,,,,,,,,,,,,,,,,,,,,,,,,,,,
LDN,10:58,"IDY 27",3,1,10,"I Formation 3WR HB Inside Strong","4-3 Under Crash Right",-0,0,21,"1-10-IDY 27 (10:57) 36-Terrence Phillips ran to IDY 27 for a short loss. Tackle by 58-Ron Moore. The defense seems to be getting familiar with that play.","#8 Preston Jones - QB","#36 Terrence Phillips - RB",,,"#29 Raymond Gamble - RB",,,"#1 Alfred Shoop - WR","#89 Dixon Balz - WR","#84 Toderick Malone - WR",,,"#61 Waldo Elder - LG","#62 Willard Bennett - LG","#64 Robert Low - C","#67 John Mazzotta - LG","#65 Kenneth Bullis - RT",,"#58 Ron Moore - DT",,"#98 Michael Flowers - DT","#66 Daniel Hamblin - DT","#91 Aurelio Hinkle - LDE","#54 Jose Garcia - MLB","#97 Joseph Barbour - MLB",,"#28 Pedro Brush - WLB","#5 Steve Bennett - CB","#42 Keith Odell - CB",,,,"#44 Michael Griffin - CB","#43 Carlos Brill - SS",,,,,,,,,,,,,,,,,,,,,,,,,,,,,,,,,,,,
LDN,10:21,"IDY 27",3,2,10,"I Formation 3WR HB Inside Weak","4-3 Under Crash Right",5,0,21,"2-10-IDY 27 (10:20) 32-John H. Johnson ran to IDY 22 for 5 yards. Tackle by 97-Joseph Barbour.","#8 Preston Jones - QB","#32 John H. Johnson - WR",,,"#29 Raymond Gamble - RB",,,"#1 Alfred Shoop - WR","#84 Toderick Malone - WR","#86 Jon Horton - WR",,,"#61 Waldo Elder - LG","#62 Willard Bennett - LG","#64 Robert Low - C","#67 John Mazzotta - LG","#65 Kenneth Bullis - RT",,"#58 Ron Moore - DT",,"#98 Michael Flowers - DT","#66 Daniel Hamblin - DT","#91 Aurelio Hinkle - LDE","#54 Jose Garcia - MLB","#97 Joseph Barbour - MLB",,"#28 Pedro Brush - WLB","#5 Steve Bennett - CB","#42 Keith Odell - CB",,,,"#44 Michael Griffin - CB","#43 Carlos Brill - SS",,,,,,,,,,,,,,,,,,,,,,,,,,,,,,,,,,,,
LDN,9:43,"IDY 22",3,3,5,"Weak I Normal WR Corner TE Middle","4-3 Under Crash Right",10,0,21,"3-5-IDY 22 (9:42) 8-Preston Jones pass complete to 36-Terrence Phillips to IDY 11 for 10 yards. Tackle by 5-Steve Bennett.","#8 Preston Jones - QB","#36 Terrence Phillips - RB",,,"#29 Raymond Gamble - RB","#35 Tony Vinson - WR",,"#1 Alfred Shoop - WR",,"#86 Jon Horton - WR",,,"#61 Waldo Elder - LG","#62 Willard Bennett - LG","#64 Robert Low - C","#67 John Mazzotta - LG","#65 Kenneth Bullis - RT",,"#58 Ron Moore - DT",,"#98 Michael Flowers - DT","#66 Daniel Hamblin - DT","#91 Aurelio Hinkle - LDE","#54 Jose Garcia - MLB","#97 Joseph Barbour - MLB",,"#28 Pedro Brush - WLB","#5 Steve Bennett - CB","#42 Keith Odell - CB",,,,"#44 Michael Griffin - CB","#43 Carlos Brill - SS",,,,,,,,,,,,,,,,,,,,,,,,,,,,,,,,,,,,
LDN,9:02,"IDY 11",3,1,10,"I Formation 3WR PA Fullback Flat","4-3 Under Crash Right",2,0,21,"1-10-IDY 11 (9:01) 8-Preston Jones pass complete to 85-Tony Sargent to IDY 9 for 2 yards. Tackle by 54-Jose Garcia. 85-Tony Sargent breaks down the CB. Pressure by 91-Aurelio Hinkle. IDY 43-Carlos Brill was injured on the play. He looks like he should be able to return.","#8 Preston Jones - QB","#32 John H. Johnson - WR",,,"#29 Raymond Gamble - RB",,,"#84 Toderick Malone - WR","#85 Tony Sargent - WR","#89 Dixon Balz - WR",,,"#61 Waldo Elder - LG","#62 Willard Bennett - LG","#64 Robert Low - C","#67 John Mazzotta - LG","#65 Kenneth Bullis - RT",,"#58 Ron Moore - DT",,"#98 Michael Flowers - DT","#66 Daniel Hamblin - DT","#91 Aurelio Hinkle - LDE","#54 Jose Garcia - MLB","#97 Joseph Barbour - MLB",,"#28 Pedro Brush - WLB","#5 Steve Bennett - CB","#42 Keith Odell - CB",,,,"#26 Kelly Appel - SS","#43 Carlos Brill - SS",,,,,,,,,,,,,,,,,,,,,,,,,,,,,,,,,,,,
LDN,8:21,"IDY 9",3,2,8,"Strong I Normal HB Dive Strong","4-3 Under Crash Right",3,0,21,"2-8-IDY 9 (8:20) 29-Raymond Gamble ran to IDY 7 for 3 yards. Tackle by 28-Pedro Brush.","#8 Preston Jones - QB","#29 Raymond Gamble - RB",,,"#87 Steve Hollywood Brooks - TE","#35 Tony Vinson - WR",,"#1 Alfred Shoop - WR",,"#86 Jon Horton - WR",,,"#61 Waldo Elder - LG","#62 Willard Bennett - LG","#64 Robert Low - C","#67 John Mazzotta - LG","#65 Kenneth Bullis - RT",,"#58 Ron Moore - DT",,"#98 Michael Flowers - DT","#66 Daniel Hamblin - DT","#91 Aurelio Hinkle - LDE","#54 Jose Garcia - MLB","#97 Joseph Barbour - MLB",,"#28 Pedro Brush - WLB","#5 Steve Bennett - CB","#42 Keith Odell - CB",,,,"#44 Michael Griffin - CB","#24 Timothy Lewis - FS",,,,,,,,,,,,,,,,,,,,,,,,,,,,,,,,,,,,
LDN,7:40,"IDY 7",3,3,5,"Weak I Normal WR Corner TE Middle","4-3 Under Crash Right",,0,21,"3-5-IDY 7 (7:39) 8-Preston Jones pass incomplete, dropped by 1-Alfred Shoop. Pressure by 28-Pedro Brush.","#8 Preston Jones - QB","#32 John H. Johnson - WR",,,"#29 Raymond Gamble - RB","#35 Tony Vinson - WR",,"#1 Alfred Shoop - WR",,"#86 Jon Horton - WR",,,"#61 Waldo Elder - LG","#62 Willard Bennett - LG","#64 Robert Low - C","#67 John Mazzotta - LG","#65 Kenneth Bullis - RT",,"#58 Ron Moore - DT",,"#98 Michael Flowers - DT","#66 Daniel Hamblin - DT","#91 Aurelio Hinkle - LDE","#54 Jose Garcia - MLB","#97 Joseph Barbour - MLB",,"#28 Pedro Brush - WLB","#5 Steve Bennett - CB","#42 Keith Odell - CB",,,,"#44 Michael Griffin - CB","#24 Timothy Lewis - FS",,,,,,,,,,,,,,,,,,,,,,,,,,,,,,,,,,,,
LDN,7:33,"IDY 7",3,4,5,"Field Goal","FG Block",17,0,24,"4-5-IDY 7 (7:34) 14-Stephen Stafford 24 yard field goal is GOOD. IDY 0 LDN 24",,,,,,,,,,,,,,,,,,,,,,,,,,,,,,,,,,,,"#36 Terrence Phillips - RB","#60 Todd Cervantes - RG",,,,,,,,,,,,,,"#14 Stephen Stafford - K","#79 Joseph Luckey - RG","#65 Kenneth Bullis - RT","#87 Steve Hollywood Brooks - TE","#67 John Mazzotta - LG","#68 Jerry Mitchell - C","#64 Robert Low - C","#61 Waldo Elder - LG","#76 Joseph Barton - RT","#98 Michael Flowers - DT","#50 John Ennis - RDE","#49 Jeff Gorrell - WLB","#58 Ron Moore - DT","#52 Thomas Nichols - RDE","#28 Pedro Brush - WLB","#99 Alfredo Woods - DT","#54 Jose Garcia - MLB","#66 Daniel Hamblin - DT","#5 Steve Bennett - CB","#91 Aurelio Hinkle - LDE"
LDN,7:31,"LDN 35",3,6,10,Kickoff,"Kick Return",,0,24,"(7:32) 14-Stephen Stafford kicks 69 yards from LDN 35 to IDY -4. 31-John Morrow to IDY 21 for 25 yards. Tackle by 38-Joe Bell.",,,,,,,,,,,,,,,,,,,,,,,,,,,,,,,,,,,,,,"#31 John Morrow - RB",,"#30 Jerry McGahan - FB","#60 David Hodges - C","#70 Matthew Barnes - RT","#27 Sean Nokes - CB","#65 Mathew Dill - RG","#42 Keith Odell - CB","#39 Joshua Tolbert - CB","#85 Adrian McDonald - WR","#54 Jose Garcia - MLB","#88 Thomas Boston - TE","#14 Stephen Stafford - K",,,,,,,,,,,,,,,,,,,,
IDY,7:27,"IDY 21",3,1,10,"I Formation 3WR WR Out","4-3 Normal Man QB Spy",8,0,24,"1-10-IDY 21 (7:28) 7-Donald Mosquera pass complete to 19-James Lockett to IDY 29 for 8 yards. Tackle by 28-Stephen Begley.","#7 Donald Mosquera - QB","#34 Travis Cooper - RB",,,"#35 Raymond Taylor - FB",,,"#19 James Lockett - WR","#87 Donald Gill - TE","#80 Luis Bowen - WR",,,"#51 Harley Brooks - LG","#61 Charles Rosenberger - LG","#56 Craig Lashley - C","#76 Michael Williamson - RG","#72 Johnnie Strickland - RT",,"#93 Tom Dovo - LDE",,"#74 DeAndre McDade - DT","#75 Jeffrey Hunter - RDE","#97 John Kinto - WLB","#22 Stephen Hall - CB","#94 Danny Lockett - MLB",,"#50 Anthony Hawkins - WLB","#28 Stephen Begley - CB","#42 Harvey Wilson - CB",,,,"#26 Douglas Kleinschmidt - SS","#23 Mario Bradley - FS",,,,,,,,,,,,,,,,,,,,,,,,,,,,,,,,,,,,
IDY,7:04,"IDY 29",3,2,2,"Weak I Normal WR Corner TE Middle","4-3 Normal Man Under 1",4,0,24,"2-2-IDY 29 (7:03) 7-Donald Mosquera pass complete to 31-John Morrow to IDY 33 for 4 yards. Tackle by 50-Anthony Hawkins. Nice job by 31-John Morrow on that route to lose his coverage.","#7 Donald Mosquera - QB","#31 John Morrow - RB",,,"#35 Raymond Taylor - FB","#87 Donald Gill - TE",,"#19 James Lockett - WR",,"#80 Luis Bowen - WR",,,"#51 Harley Brooks - LG","#61 Charles Rosenberger - LG","#56 Craig Lashley - C","#76 Michael Williamson - RG","#72 Johnnie Strickland - RT",,"#93 Tom Dovo - LDE",,"#74 DeAndre McDade - DT","#75 Jeffrey Hunter - RDE","#97 John Kinto - WLB","#50 Anthony Hawkins - WLB","#94 Danny Lockett - MLB",,"#53 Marlon Brown - WLB","#28 Stephen Begley - CB","#24 Casey Timmons - CB",,,,"#22 Stephen Hall - CB","#23 Mario Bradley - FS",,,,,,,,,,,,,,,,,,,,,,,,,,,,,,,,,,,,
IDY,6:39,"IDY 33",3,1,10,"Weak I Normal WR Corner TE Middle","4-3 Normal Man QB Spy",-8,0,24,"1-10-IDY 33 (6:38) 7-Donald Mosquera sacked at IDY 25 for -8 yards (97-John Kinto). Sack allowed by 35-Raymond Taylor. 35-Raymond Taylor totally missed that block.","#7 Donald Mosquera - QB","#31 John Morrow - RB",,,"#35 Raymond Taylor - FB","#87 Donald Gill - TE",,"#19 James Lockett - WR",,"#80 Luis Bowen - WR",,,"#51 Harley Brooks - LG","#61 Charles Rosenberger - LG","#56 Craig Lashley - C","#76 Michael Williamson - RG","#72 Johnnie Strickland - RT",,"#93 Tom Dovo - LDE",,"#74 DeAndre McDade - DT","#75 Jeffrey Hunter - RDE","#97 John Kinto - WLB","#50 Anthony Hawkins - WLB","#94 Danny Lockett - MLB",,"#53 Marlon Brown - WLB","#28 Stephen Begley - CB","#24 Casey Timmons - CB",,,,"#22 Stephen Hall - CB","#23 Mario Bradley - FS",,,,,,,,,,,,,,,,,,,,,,,,,,,,,,,,,,,,
IDY,6:20,"IDY 25",3,2,18,"Singleback Normal HB Counter Weak","4-3 Normal Man QB Spy",9,0,24,"2-18-IDY 25 (6:19) 34-Travis Cooper ran to IDY 34 for 9 yards. Tackle by 25-Howard Feggins.","#7 Donald Mosquera - QB","#34 Travis Cooper - RB",,,,"#87 Donald Gill - TE",,"#19 James Lockett - WR","#13 Aaron Jones - WR","#80 Luis Bowen - WR",,,"#51 Harley Brooks - LG","#61 Charles Rosenberger - LG","#56 Craig Lashley - C","#76 Michael Williamson - RG","#72 Johnnie Strickland - RT",,"#93 Tom Dovo - LDE",,"#74 DeAndre McDade - DT","#75 Jeffrey Hunter - RDE","#97 John Kinto - WLB","#92 Jeff ""The Dude"" Lebowski - SLB","#94 Danny Lockett - MLB",,"#53 Marlon Brown - WLB","#28 Stephen Begley - CB","#24 Casey Timmons - CB",,,,"#25 Howard Feggins - CB","#23 Mario Bradley - FS",,,,,,,,,,,,,,,,,,,,,,,,,,,,,,,,,,,,
IDY,5:56,"IDY 34",3,3,10,"Goal Line Normal HB Weak","4-3 Under Double Safety Blitz",-0,0,24,"3-10-IDY 34 (5:55) 34-Travis Cooper ran to IDY 34 for a short loss. Tackle by 22-Stephen Hall.","#7 Donald Mosquera - QB","#34 Travis Cooper - RB",,"#30 Jerry McGahan - FB","#35 Raymond Taylor - FB","#87 Donald Gill - TE","#88 Thomas Boston - TE",,,,,,"#51 Harley Brooks - LG","#61 Charles Rosenberger - LG","#56 Craig Lashley - C","#76 Michael Williamson - RG","#72 Johnnie Strickland - RT",,"#93 Tom Dovo - LDE",,"#74 DeAndre McDade - DT","#75 Jeffrey Hunter - RDE","#97 John Kinto - WLB","#50 Anthony Hawkins - WLB","#58 William Kirksey - MLB",,"#53 Marlon Brown - WLB","#28 Stephen Begley - CB","#24 Casey Timmons - CB",,,,"#25 Howard Feggins - CB","#22 Stephen Hall - CB",,,,,,,,,,,,,,,,,,,,,,,,,,,,,,,,,,,,
IDY,5:37,"IDY 34",3,4,10,Punt,"Punt Return",,0,24,"4-10-IDY 34 (5:36) 6-George Sieben punts 48 yards to LDN 19. 32-John H. Johnson to LDN 20 for 2 yards. Tackle by 39-Joshua Tolbert. LDN 32-John H. Johnson was injured on the play. He looks like he should be able to return.",,,,,,,,,,,,,,,,,,"#6 George Sieben - P",,,,,,,,,,,,,,,,,,,"#61 Charles Rosenberger - LG",,"#32 John H. Johnson - WR",,,"#33 Jake Trivett - CB","#22 Stephen Hall - CB","#50 Anthony Hawkins - WLB",,"#53 Marlon Brown - WLB","#92 Jeff ""The Dude"" Lebowski - SLB",,"#58 William Kirksey - MLB",,,,"#64 John Floyd - LG","#70 Matthew Barnes - RT","#68 Michael Samons - LT","#65 Mathew Dill - RG","#99 Alfredo Woods - DT","#28 Pedro Brush - WLB",,"#74 DeAndre McDade - DT","#90 Carnel Smith - RDE","#75 Jeffrey Hunter - RDE","#97 John Kinto - WLB",,,,,,,
LDN,5:28,"LDN 20",3,1,10,"Weak I Normal HB Inside Weak","4-3 Under Crash Right",2,0,24,"1-10-LDN 20 (5:29) 36-Terrence Phillips ran to LDN 22 for 2 yards. Tackle by 98-Michael Flowers. 64-Robert Low completely missed his blocking assignment.","#8 Preston Jones - QB","#36 Terrence Phillips - RB",,,"#29 Raymond Gamble - RB","#35 Tony Vinson - WR",,"#1 Alfred Shoop - WR",,"#86 Jon Horton - WR",,,"#61 Waldo Elder - LG","#62 Willard Bennett - LG","#64 Robert Low - C","#67 John Mazzotta - LG","#65 Kenneth Bullis - RT",,"#58 Ron Moore - DT",,"#98 Michael Flowers - DT","#66 Daniel Hamblin - DT","#91 Aurelio Hinkle - LDE","#54 Jose Garcia - MLB","#97 Joseph Barbour - MLB",,"#28 Pedro Brush - WLB","#5 Steve Bennett - CB","#42 Keith Odell - CB",,,,"#44 Michael Griffin - CB","#43 Carlos Brill - SS",,,,,,,,,,,,,,,,,,,,,,,,,,,,,,,,,,,,
LDN,4:50,"LDN 22",3,2,8,"Weak I Normal HB Inside Weak","4-3 Under Crash Right",2,0,24,"2-8-LDN 22 (4:49) 36-Terrence Phillips ran to LDN 25 for 2 yards. Tackle by 98-Michael Flowers. LDN 29-Raymond Gamble was injured on the play. He looks like he should be able to return.","#8 Preston Jones - QB","#36 Terrence Phillips - RB",,,"#29 Raymond Gamble - RB","#35 Tony Vinson - WR",,"#1 Alfred Shoop - WR",,"#86 Jon Horton - WR",,,"#61 Waldo Elder - LG","#62 Willard Bennett - LG","#64 Robert Low - C","#67 John Mazzotta - LG","#65 Kenneth Bullis - RT",,"#58 Ron Moore - DT",,"#98 Michael Flowers - DT","#66 Daniel Hamblin - DT","#91 Aurelio Hinkle - LDE","#54 Jose Garcia - MLB","#97 Joseph Barbour - MLB",,"#28 Pedro Brush - WLB","#5 Steve Bennett - CB","#42 Keith Odell - CB",,,,"#44 Michael Griffin - CB","#43 Carlos Brill - SS",,,,,,,,,,,,,,,,,,,,,,,,,,,,,,,,,,,,
LDN,4:16,"LDN 25",3,3,6,"I Formation Normal PA Fullback Flat","4-3 Under Crash Right",9,0,24,"3-6-LDN 25 (4:15) 8-Preston Jones pass complete to 87-Steve Hollywood Brooks to LDN 34 for 9 yards. Tackle by 54-Jose Garcia. 87-Steve Hollywood Brooks breaks down the CB. 36-Terrence Phillips was caught flat-footed on this play. IDY 43-Carlos Brill was injured on the play. He looks like he should be able to return.","#8 Preston Jones - QB","#36 Terrence Phillips - RB",,,"#87 Steve Hollywood Brooks - TE","#35 Tony Vinson - WR",,"#1 Alfred Shoop - WR",,"#86 Jon Horton - WR",,,"#61 Waldo Elder - LG","#62 Willard Bennett - LG","#64 Robert Low - C","#67 John Mazzotta - LG","#65 Kenneth Bullis - RT",,"#58 Ron Moore - DT",,"#98 Michael Flowers - DT","#66 Daniel Hamblin - DT","#91 Aurelio Hinkle - LDE","#54 Jose Garcia - MLB","#97 Joseph Barbour - MLB",,"#28 Pedro Brush - WLB","#5 Steve Bennett - CB","#42 Keith Odell - CB",,,,"#44 Michael Griffin - CB","#43 Carlos Brill - SS",,,,,,,,,,,,,,,,,,,,,,,,,,,,,,,,,,,,
LDN,3:32,"LDN 34",3,1,10,"I Formation Normal PA Outside Curls","4-3 Under Crash Right",4,0,24,"1-10-LDN 34 (3:31) 8-Preston Jones pass complete to 1-Alfred Shoop to LDN 37 for 4 yards. Tackle by 5-Steve Bennett. 1-Alfred Shoop breaks down the CB.","#8 Preston Jones - QB","#89 Dixon Balz - WR",,,"#87 Steve Hollywood Brooks - TE","#35 Tony Vinson - WR",,"#1 Alfred Shoop - WR",,"#86 Jon Horton - WR",,,"#61 Waldo Elder - LG","#62 Willard Bennett - LG","#64 Robert Low - C","#67 John Mazzotta - LG","#65 Kenneth Bullis - RT",,"#58 Ron Moore - DT",,"#98 Michael Flowers - DT","#66 Daniel Hamblin - DT","#91 Aurelio Hinkle - LDE","#54 Jose Garcia - MLB","#97 Joseph Barbour - MLB",,"#28 Pedro Brush - WLB","#5 Steve Bennett - CB","#42 Keith Odell - CB",,,,"#44 Michael Griffin - CB","#24 Timothy Lewis - FS",,,,,,,,,,,,,,,,,,,,,,,,,,,,,,,,,,,,
LDN,2:56,"LDN 37",3,2,6,"Shotgun 2 RB 3 WR WR Curl","4-3 Under Crash Right",17,0,24,"2-6-LDN 37 (2:55) 8-Preston Jones pass complete to 86-Jon Horton to IDY 45 for 17 yards. Tackle by 91-Aurelio Hinkle. The defense seems to be calling that same play a lot. PENALTY - Offsides (IDY 58-Ron Moore) (Declined)","#8 Preston Jones - QB","#36 Terrence Phillips - RB","#35 Tony Vinson - WR",,,,,"#1 Alfred Shoop - WR","#84 Toderick Malone - WR","#86 Jon Horton - WR",,,"#61 Waldo Elder - LG","#62 Willard Bennett - LG","#64 Robert Low - C","#67 John Mazzotta - LG","#65 Kenneth Bullis - RT",,"#58 Ron Moore - DT",,"#98 Michael Flowers - DT","#66 Daniel Hamblin - DT","#91 Aurelio Hinkle - LDE","#54 Jose Garcia - MLB","#97 Joseph Barbour - MLB",,"#28 Pedro Brush - WLB","#5 Steve Bennett - CB","#42 Keith Odell - CB",,,,"#44 Michael Griffin - CB","#24 Timothy Lewis - FS",,,,,,,,,,,,,,,,,,,,,,,,,,,,,,,,,,,,
LDN,2:48,"IDY 45",3,1,10,"I Formation Normal FL Hitch","4-3 Under Crash Right",45,0,24,"1-10-IDY 45 (2:49) 8-Preston Jones pass complete to 84-Toderick Malone to IDY 1 for 45 yards. Tackle by 26-Kelly Appel. Nice job by 84-Toderick Malone on that route to lose his coverage. It looks like the offense is starting to get familiar with that defensive play. IDY 26-Kelly Appel was injured on the play. He looks like he should be able to return.","#8 Preston Jones - QB","#89 Dixon Balz - WR",,,"#87 Steve Hollywood Brooks - TE","#35 Tony Vinson - WR",,"#1 Alfred Shoop - WR",,"#84 Toderick Malone - WR",,,"#61 Waldo Elder - LG","#62 Willard Bennett - LG","#64 Robert Low - C","#67 John Mazzotta - LG","#65 Kenneth Bullis - RT",,"#58 Ron Moore - DT",,"#98 Michael Flowers - DT","#66 Daniel Hamblin - DT","#91 Aurelio Hinkle - LDE","#54 Jose Garcia - MLB","#97 Joseph Barbour - MLB",,"#28 Pedro Brush - WLB","#5 Steve Bennett - CB","#42 Keith Odell - CB",,,,"#26 Kelly Appel - SS","#24 Timothy Lewis - FS",,,,,,,,,,,,,,,,,,,,,,,,,,,,,,,,,,,,
LDN,2:04,"IDY 1",3,1,1,"I Formation Normal HB Blast","4-3 Normal WLB MLB Blitz",1,0,30,"1-1-IDY 1 (2:03) 88-Barry Foster ran for 1 yards. TOUCHDOWN! IDY 0 LDN 30","#8 Preston Jones - QB","#88 Barry Foster - WR",,,"#61 Waldo Elder - LG","#83 Michael Titley - TE",,"#89 Dixon Balz - WR",,"#85 Tony Sargent - WR",,,"#67 John Mazzotta - LG","#62 Willard Bennett - LG","#64 Robert Low - C","#60 Todd Cervantes - RG","#65 Kenneth Bullis - RT",,"#58 Ron Moore - DT",,"#98 Michael Flowers - DT","#66 Daniel Hamblin - DT","#91 Aurelio Hinkle - LDE","#45 Jerry Giroux - FS","#49 Jeff Gorrell - WLB",,"#50 John Ennis - RDE","#39 Joshua Tolbert - CB","#27 Sean Nokes - CB",,,,"#44 Michael Griffin - CB","#33 Charles Delgado - CB",,,,,,,,,,,,,,,,,,,,,,,,,,,,,,,,,,,,
LDN,2:00,"IDY 15",3,7,15,"Field Goal","FG Block",26,0,31,"(2:01) Extra point GOOD by 14-Stephen Stafford. IDY 0 LDN 31",,,,,,,,,,,,,,,,,,,,,,,,,,,,,,,,,,,,"#36 Terrence Phillips - RB","#60 Todd Cervantes - RG",,,,,,,,,,,,,,"#14 Stephen Stafford - K","#79 Joseph Luckey - RG","#65 Kenneth Bullis - RT","#87 Steve Hollywood Brooks - TE","#67 John Mazzotta - LG","#68 Jerry Mitchell - C","#64 Robert Low - C","#61 Waldo Elder - LG","#76 Joseph Barton - RT","#58 Ron Moore - DT","#54 Jose Garcia - MLB","#50 John Ennis - RDE","#49 Jeff Gorrell - WLB","#44 Michael Griffin - CB","#28 Pedro Brush - WLB","#99 Alfredo Woods - DT","#66 Daniel Hamblin - DT","#98 Michael Flowers - DT","#5 Steve Bennett - CB","#91 Aurelio Hinkle - LDE"
LDN,2:00,"LDN 35",3,6,10,Kickoff,"Kick Return",,0,31,"(2:01) 14-Stephen Stafford kicks 74 yards from LDN 35 to IDY -9. Touchback.",,,,,,,,,,,,,,,,,,,,,,,,,,,,,,,,,,,,,,"#31 John Morrow - RB",,"#30 Jerry McGahan - FB","#60 David Hodges - C","#70 Matthew Barnes - RT","#27 Sean Nokes - CB","#65 Mathew Dill - RG","#42 Keith Odell - CB","#39 Joshua Tolbert - CB","#85 Adrian McDonald - WR","#54 Jose Garcia - MLB","#88 Thomas Boston - TE","#14 Stephen Stafford - K",,,,,,,,,,,,,,,,,,,,
IDY,2:00,"IDY 25",3,1,10,"Singleback 4 Wide Clear Center","4-3 Normal Man QB Spy",-8,0,31,"1-10-IDY 25 (2:01) 7-Donald Mosquera sacked at IDY 17 for -8 yards (93-Tom Dovo). Sack allowed by 72-Johnnie Strickland.","#7 Donald Mosquera - QB","#31 John Morrow - RB",,,,,,"#19 James Lockett - WR","#13 Aaron Jones - WR","#80 Luis Bowen - WR","#87 Donald Gill - TE",,"#51 Harley Brooks - LG","#61 Charles Rosenberger - LG","#56 Craig Lashley - C","#76 Michael Williamson - RG","#72 Johnnie Strickland - RT",,"#93 Tom Dovo - LDE",,"#74 DeAndre McDade - DT","#75 Jeffrey Hunter - RDE","#97 John Kinto - WLB","#50 Anthony Hawkins - WLB","#94 Danny Lockett - MLB",,"#53 Marlon Brown - WLB","#28 Stephen Begley - CB","#24 Casey Timmons - CB",,,,"#22 Stephen Hall - CB","#23 Mario Bradley - FS",,,,,,,,,,,,,,,,,,,,,,,,,,,,,,,,,,,,
IDY,1:38,"IDY 17",3,2,18,"Shotgun Normal HB Flare","3-4 Normal Man Cover 1",6,0,31,"2-18-IDY 17 (1:37) 7-Donald Mosquera pass complete to 31-John Morrow to IDY 23 for 6 yards. Tackle by 28-Stephen Begley. Great move by 31-John Morrow to get free of his coverage.","#7 Donald Mosquera - QB","#31 John Morrow - RB",,,,"#87 Donald Gill - TE",,"#19 James Lockett - WR","#13 Aaron Jones - WR","#80 Luis Bowen - WR",,,"#51 Harley Brooks - LG","#61 Charles Rosenberger - LG","#56 Craig Lashley - C","#76 Michael Williamson - RG","#72 Johnnie Strickland - RT",,"#93 Tom Dovo - LDE",,"#74 DeAndre McDade - DT",,"#97 John Kinto - WLB","#50 Anthony Hawkins - WLB","#94 Danny Lockett - MLB","#58 William Kirksey - MLB","#53 Marlon Brown - WLB","#28 Stephen Begley - CB","#24 Casey Timmons - CB",,,,"#22 Stephen Hall - CB","#23 Mario Bradley - FS",,,,,,,,,,,,,,,,,,,,,,,,,,,,,,,,,,,,
IDY,1:17,"IDY 23",3,3,12,"Split Backs Normal Posts","4-3 Normal Man Under 1",5,0,31,"3-12-IDY 23 (1:16) 7-Donald Mosquera pass complete to 87-Donald Gill to IDY 28 for 5 yards. Tackle by 23-Mario Bradley. 26-Douglas Kleinschmidt got away with a hold on that play.","#7 Donald Mosquera - QB","#34 Travis Cooper - RB",,,"#35 Raymond Taylor - FB","#87 Donald Gill - TE",,"#19 James Lockett - WR",,"#80 Luis Bowen - WR",,,"#51 Harley Brooks - LG","#61 Charles Rosenberger - LG","#56 Craig Lashley - C","#76 Michael Williamson - RG","#72 Johnnie Strickland - RT",,"#93 Tom Dovo - LDE",,"#74 DeAndre McDade - DT","#75 Jeffrey Hunter - RDE","#97 John Kinto - WLB","#92 Jeff ""The Dude"" Lebowski - SLB","#94 Danny Lockett - MLB",,"#26 Douglas Kleinschmidt - SS","#28 Stephen Begley - CB","#42 Harvey Wilson - CB",,,,"#25 Howard Feggins - CB","#23 Mario Bradley - FS",,,,,,,,,,,,,,,,,,,,,,,,,,,,,,,,,,,,
IDY,0:57,"IDY 28",3,4,7,Punt,"Punt Return",,0,31,"4-7-IDY 28 (0:56) 6-George Sieben punts 48 yards to LDN 24. Fair Catch by 32-John H. Johnson.",,,,,,,,,,,,,,,,,,"#6 George Sieben - P",,,,,,,,,,,,,,,,,,,"#61 Charles Rosenberger - LG",,"#32 John H. Johnson - WR",,,"#53 Marlon Brown - WLB","#38 Joe Bell - SS","#33 Jake Trivett - CB",,"#92 Jeff ""The Dude"" Lebowski - SLB","#58 William Kirksey - MLB",,"#22 Stephen Hall - CB",,,,"#64 John Floyd - LG","#70 Matthew Barnes - RT","#68 Michael Samons - LT","#65 Mathew Dill - RG","#99 Alfredo Woods - DT","#28 Pedro Brush - WLB",,"#74 DeAndre McDade - DT","#90 Carnel Smith - RDE","#75 Jeffrey Hunter - RDE","#97 John Kinto - WLB",,,,,,,
LDN,0:49,"LDN 24",3,1,10,"Weak I Normal HB Inside Weak","4-3 Under Crash Right",2,0,31,"1-10-LDN 24 (0:50) 36-Terrence Phillips ran to LDN 26 for 2 yards. Tackle by 98-Michael Flowers.","#8 Preston Jones - QB","#36 Terrence Phillips - RB",,,"#87 Steve Hollywood Brooks - TE","#35 Tony Vinson - WR",,"#1 Alfred Shoop - WR",,"#86 Jon Horton - WR",,,"#61 Waldo Elder - LG","#62 Willard Bennett - LG","#64 Robert Low - C","#67 John Mazzotta - LG","#65 Kenneth Bullis - RT",,"#58 Ron Moore - DT",,"#98 Michael Flowers - DT","#66 Daniel Hamblin - DT","#91 Aurelio Hinkle - LDE","#54 Jose Garcia - MLB","#97 Joseph Barbour - MLB",,"#28 Pedro Brush - WLB","#5 Steve Bennett - CB","#42 Keith Odell - CB",,,,"#44 Michael Griffin - CB","#43 Carlos Brill - SS",,,,,,,,,,,,,,,,,,,,,,,,,,,,,,,,,,,,
LDN,0:17,"LDN 26",3,2,8,"Weak I Normal HB Inside Weak","4-3 Under Crash Right",,0,31,"2-8-LDN 26 (0:16) 32-John H. Johnson ran to LDN 27 for a short gain. Tackle by 28-Pedro Brush.","#8 Preston Jones - QB","#32 John H. Johnson - WR",,,"#87 Steve Hollywood Brooks - TE","#35 Tony Vinson - WR",,"#1 Alfred Shoop - WR",,"#86 Jon Horton - WR",,,"#61 Waldo Elder - LG","#62 Willard Bennett - LG","#64 Robert Low - C","#67 John Mazzotta - LG","#65 Kenneth Bullis - RT",,"#58 Ron Moore - DT",,"#98 Michael Flowers - DT","#66 Daniel Hamblin - DT","#91 Aurelio Hinkle - LDE","#54 Jose Garcia - MLB","#97 Joseph Barbour - MLB",,"#28 Pedro Brush - WLB","#5 Steve Bennett - CB","#42 Keith Odell - CB",,,,"#44 Michael Griffin - CB","#43 Carlos Brill - SS",,,,,,,,,,,,,,,,,,,,,,,,,,,,,,,,,,,,
,0:00,,3,3,7,,,,0,31,"End of third quarter.",,,,,,,,,,,,,,,,,,,,,,,,,,,,,,,,,,,,,,,,,,,,,,,,,,,,,,,,,,,,,,,,,,,,,,
LDN,15:00,"LDN 27",4,3,7,"I Formation 3WR HB Inside Strong","4-3 Under Crash Right",7,0,31,"3-7-LDN 27 (15:00) 36-Terrence Phillips ran to LDN 34 for 7 yards. Tackle by 43-Carlos Brill.","#8 Preston Jones - QB","#36 Terrence Phillips - RB",,,"#87 Steve Hollywood Brooks - TE",,,"#1 Alfred Shoop - WR","#84 Toderick Malone - WR","#86 Jon Horton - WR",,,"#61 Waldo Elder - LG","#62 Willard Bennett - LG","#64 Robert Low - C","#67 John Mazzotta - LG","#65 Kenneth Bullis - RT",,"#58 Ron Moore - DT",,"#98 Michael Flowers - DT","#66 Daniel Hamblin - DT","#91 Aurelio Hinkle - LDE","#54 Jose Garcia - MLB","#97 Joseph Barbour - MLB",,"#28 Pedro Brush - WLB","#5 Steve Bennett - CB","#42 Keith Odell - CB",,,,"#44 Michael Griffin - CB","#43 Carlos Brill - SS",,,,,,,,,,,,,,,,,,,,,,,,,,,,,,,,,,,,
LDN,14:26,"LDN 34",4,4,1,Punt,"Punt Return",,0,31,"4-1-LDN 34 (14:25) 15-Jordan Morgan punts 47 yards to IDY 19. Fair Catch by 85-Adrian McDonald.",,,,,,,,,,,,,,,,,,"#15 Jordan Morgan - P",,,,,,,,,,,,,,,,,,,"#60 Todd Cervantes - RG",,"#85 Adrian McDonald - WR",,,"#39 Joshua Tolbert - CB","#28 Pedro Brush - WLB","#44 Michael Griffin - CB",,"#33 Charles Delgado - CB","#88 Thomas Boston - TE",,"#45 Jerry Giroux - FS",,,,"#65 Kenneth Bullis - RT","#87 Steve Hollywood Brooks - TE","#67 John Mazzotta - LG","#68 Jerry Mitchell - C","#64 Robert Low - C","#61 Waldo Elder - LG",,"#58 Ron Moore - DT","#54 Jose Garcia - MLB","#50 John Ennis - RDE","#49 Jeff Gorrell - WLB",,,,,,,
IDY,14:18,"IDY 19",4,1,10,"I Formation 3WR WR Out","3-4 Normal Man Cover 1",29,0,31,"1-10-IDY 19 (14:19) 7-Donald Mosquera pass complete to 80-Luis Bowen to IDY 48 for 29 yards. Tackle by 24-Casey Timmons.","#7 Donald Mosquera - QB","#31 John Morrow - RB",,,"#35 Raymond Taylor - FB",,,"#19 James Lockett - WR","#87 Donald Gill - TE","#80 Luis Bowen - WR",,,"#51 Harley Brooks - LG","#61 Charles Rosenberger - LG","#56 Craig Lashley - C","#76 Michael Williamson - RG","#72 Johnnie Strickland - RT",,"#93 Tom Dovo - LDE",,"#74 DeAndre McDade - DT",,"#90 Carnel Smith - RDE","#92 Jeff ""The Dude"" Lebowski - SLB","#94 Danny Lockett - MLB","#58 William Kirksey - MLB","#97 John Kinto - WLB","#28 Stephen Begley - CB","#24 Casey Timmons - CB",,,,"#22 Stephen Hall - CB","#23 Mario Bradley - FS",,,,,,,,,,,,,,,,,,,,,,,,,,,,,,,,,,,,
IDY,13:55,"IDY 48",4,1,10,"I Formation Normal PA Streaks","4-3 Normal Man Under 1",,0,31,"1-10-IDY 48 (13:54) 7-Donald Mosquera pass INTERCEPTED by 23-Mario Bradley at LDN 40. 23-Mario Bradley to LDN 47 for 7 yards. Tackle by 34-Travis Cooper. Pressure by 97-John Kinto.","#7 Donald Mosquera - QB","#34 Travis Cooper - RB",,,"#35 Raymond Taylor - FB","#87 Donald Gill - TE",,"#19 James Lockett - WR",,"#13 Aaron Jones - WR",,,"#51 Harley Brooks - LG","#61 Charles Rosenberger - LG","#56 Craig Lashley - C","#76 Michael Williamson - RG","#72 Johnnie Strickland - RT",,"#93 Tom Dovo - LDE",,"#74 DeAndre McDade - DT","#75 Jeffrey Hunter - RDE","#97 John Kinto - WLB","#50 Anthony Hawkins - WLB","#94 Danny Lockett - MLB",,"#53 Marlon Brown - WLB","#28 Stephen Begley - CB","#24 Casey Timmons - CB",,,,"#25 Howard Feggins - CB","#23 Mario Bradley - FS",,,,,,,,,,,,,,,,,,,,,,,,,,,,,,,,,,,,
LDN,13:47,"LDN 47",4,1,10,"I Formation 3WR HB Inside Weak","4-3 Under Crash Right",13,0,31,"1-10-LDN 47 (13:48) 32-John H. Johnson ran to IDY 40 for 13 yards. Tackle by 44-Michael Griffin. If the defense doesn't start mixing up their plays a bit more we might see more big gains like that one.","#8 Preston Jones - QB","#32 John H. Johnson - WR",,,"#29 Raymond Gamble - RB",,,"#1 Alfred Shoop - WR","#84 Toderick Malone - WR","#86 Jon Horton - WR",,,"#61 Waldo Elder - LG","#62 Willard Bennett - LG","#64 Robert Low - C","#67 John Mazzotta - LG","#65 Kenneth Bullis - RT",,"#58 Ron Moore - DT",,"#98 Michael Flowers - DT","#66 Daniel Hamblin - DT","#91 Aurelio Hinkle - LDE","#54 Jose Garcia - MLB","#97 Joseph Barbour - MLB",,"#28 Pedro Brush - WLB","#5 Steve Bennett - CB","#42 Keith Odell - CB",,,,"#44 Michael Griffin - CB","#43 Carlos Brill - SS",,,,,,,,,,,,,,,,,,,,,,,,,,,,,,,,,,,,
LDN,13:13,"IDY 40",4,1,10,"I Formation 3WR HB Inside Weak","4-3 Under Crash Right",1,0,31,"1-10-IDY 40 (13:12) 36-Terrence Phillips ran to IDY 39 for 1 yards. Tackle by 28-Pedro Brush. 29-Raymond Gamble missed that block completely. IDY 91-Aurelio Hinkle was injured on the play.","#8 Preston Jones - QB","#36 Terrence Phillips - RB",,,"#29 Raymond Gamble - RB",,,"#1 Alfred Shoop - WR","#84 Toderick Malone - WR","#86 Jon Horton - WR",,,"#61 Waldo Elder - LG","#62 Willard Bennett - LG","#64 Robert Low - C","#67 John Mazzotta - LG","#65 Kenneth Bullis - RT",,"#58 Ron Moore - DT",,"#98 Michael Flowers - DT","#66 Daniel Hamblin - DT","#91 Aurelio Hinkle - LDE","#54 Jose Garcia - MLB","#97 Joseph Barbour - MLB",,"#28 Pedro Brush - WLB","#5 Steve Bennett - CB","#42 Keith Odell - CB",,,,"#44 Michael Griffin - CB","#43 Carlos Brill - SS",,,,,,,,,,,,,,,,,,,,,,,,,,,,,,,,,,,,
LDN,12:34,"IDY 39",4,2,9,"I Formation Normal HB Dive","4-3 Under Crash Right",5,0,31,"2-9-IDY 39 (12:33) 29-Raymond Gamble ran to IDY 34 for 5 yards. Tackle by 97-Joseph Barbour.","#8 Preston Jones - QB","#29 Raymond Gamble - RB",,,"#87 Steve Hollywood Brooks - TE","#35 Tony Vinson - WR",,"#1 Alfred Shoop - WR",,"#86 Jon Horton - WR",,,"#61 Waldo Elder - LG","#62 Willard Bennett - LG","#64 Robert Low - C","#67 John Mazzotta - LG","#65 Kenneth Bullis - RT",,"#58 Ron Moore - DT",,"#98 Michael Flowers - DT","#66 Daniel Hamblin - DT","#52 Thomas Nichols - RDE","#54 Jose Garcia - MLB","#97 Joseph Barbour - MLB",,"#28 Pedro Brush - WLB","#5 Steve Bennett - CB","#42 Keith Odell - CB",,,,"#44 Michael Griffin - CB","#43 Carlos Brill - SS",,,,,,,,,,,,,,,,,,,,,,,,,,,,,,,,,,,,
LDN,11:55,"IDY 34",4,3,4,"I Formation 3WR HB Inside Strong","4-3 Under Crash Right",,0,31,"3-4-IDY 34 (11:54) 36-Terrence Phillips ran to IDY 34 for a short gain. Tackle by 58-Ron Moore.","#8 Preston Jones - QB","#36 Terrence Phillips - RB",,,"#29 Raymond Gamble - RB",,,"#1 Alfred Shoop - WR","#84 Toderick Malone - WR","#86 Jon Horton - WR",,,"#61 Waldo Elder - LG","#62 Willard Bennett - LG","#64 Robert Low - C","#67 John Mazzotta - LG","#65 Kenneth Bullis - RT",,"#58 Ron Moore - DT",,"#98 Michael Flowers - DT","#66 Daniel Hamblin - DT","#52 Thomas Nichols - RDE","#54 Jose Garcia - MLB","#97 Joseph Barbour - MLB",,"#28 Pedro Brush - WLB","#5 Steve Bennett - CB","#42 Keith Odell - CB",,,,"#44 Michael Griffin - CB","#43 Carlos Brill - SS",,,,,,,,,,,,,,,,,,,,,,,,,,,,,,,,,,,,
LDN,11:10,"IDY 34",4,4,4,"Field Goal","FG Block",44,0,34,"4-4-IDY 34 (11:09) 14-Stephen Stafford 52 yard field goal is GOOD. IDY 0 LDN 34",,,,,,,,,,,,,,,,,,,,,,,,,,,,,,,,,,,,"#2 Nicholas Messing - QB","#60 Todd Cervantes - RG",,,,,,,,,,,,,,"#14 Stephen Stafford - K","#79 Joseph Luckey - RG","#65 Kenneth Bullis - RT","#87 Steve Hollywood Brooks - TE","#67 John Mazzotta - LG","#68 Jerry Mitchell - C","#64 Robert Low - C","#61 Waldo Elder - LG","#76 Joseph Barton - RT","#58 Ron Moore - DT","#54 Jose Garcia - MLB","#50 John Ennis - RDE","#49 Jeff Gorrell - WLB","#44 Michael Griffin - CB","#28 Pedro Brush - WLB","#99 Alfredo Woods - DT","#66 Daniel Hamblin - DT","#98 Michael Flowers - DT","#43 Carlos Brill - SS","#5 Steve Bennett - CB"
LDN,11:04,"LDN 35",4,6,10,Kickoff,"Kick Return",,0,34,"(11:05) 14-Stephen Stafford kicks 63 yards from LDN 35 to IDY 2. 31-John Morrow to IDY 21 for 20 yards. Tackle by 38-Joe Bell.",,,,,,,,,,,,,,,,,,,,,,,,,,,,,,,,,,,,,,"#31 John Morrow - RB",,"#30 Jerry McGahan - FB","#60 David Hodges - C","#70 Matthew Barnes - RT","#27 Sean Nokes - CB","#65 Mathew Dill - RG","#42 Keith Odell - CB","#39 Joshua Tolbert - CB","#85 Adrian McDonald - WR","#54 Jose Garcia - MLB","#88 Thomas Boston - TE","#14 Stephen Stafford - K",,,,,,,,,,,,,,,,,,,,
IDY,11:00,"IDY 21",4,1,10,"Shotgun Normal TE Out","3-4 Normal Man Cover 1",,0,34,"1-10-IDY 21 (11:01) 7-Donald Mosquera pass Pass knocked down by 23-Mario Bradley. incomplete, intended for 13-Aaron Jones.","#7 Donald Mosquera - QB","#34 Travis Cooper - RB",,,,"#87 Donald Gill - TE",,"#19 James Lockett - WR","#13 Aaron Jones - WR","#80 Luis Bowen - WR",,,"#51 Harley Brooks - LG","#61 Charles Rosenberger - LG","#56 Craig Lashley - C","#76 Michael Williamson - RG","#72 Johnnie Strickland - RT",,"#93 Tom Dovo - LDE",,"#74 DeAndre McDade - DT",,"#97 John Kinto - WLB","#58 William Kirksey - MLB","#94 Danny Lockett - MLB","#21 Howard Carpenter - CB","#26 Douglas Kleinschmidt - SS","#28 Stephen Begley - CB","#42 Harvey Wilson - CB",,,,"#33 Jake Trivett - CB","#23 Mario Bradley - FS",,,,,,,,,,,,,,,,,,,,,,,,,,,,,,,,,,,,
IDY,10:57,"IDY 21",4,2,10,"Singleback Big WR Streaks","3-4 Normal Man Cover 1",,0,34,"2-10-IDY 21 (10:58) 7-Donald Mosquera pass INTERCEPTED by 23-Mario Bradley at IDY 29. 23-Mario Bradley to IDY 29 for -0 yards. Tackle by 87-Donald Gill. Pressure by 74-DeAndre McDade. PENALTY - Holding (IDY 61-Charles Rosenberger) (Declined)","#7 Donald Mosquera - QB","#31 John Morrow - RB",,,,"#87 Donald Gill - TE","#88 Thomas Boston - TE","#19 James Lockett - WR",,"#80 Luis Bowen - WR",,,"#51 Harley Brooks - LG","#61 Charles Rosenberger - LG","#56 Craig Lashley - C","#76 Michael Williamson - RG","#72 Johnnie Strickland - RT",,"#93 Tom Dovo - LDE",,"#74 DeAndre McDade - DT",,"#97 John Kinto - WLB","#50 Anthony Hawkins - WLB","#94 Danny Lockett - MLB","#58 William Kirksey - MLB","#53 Marlon Brown - WLB","#28 Stephen Begley - CB","#24 Casey Timmons - CB",,,,"#22 Stephen Hall - CB","#23 Mario Bradley - FS",,,,,,,,,,,,,,,,,,,,,,,,,,,,,,,,,,,,
LDN,10:52,"IDY 29",4,1,10,"I Formation 3WR HB Inside Strong","4-3 Under Crash Right",9,0,34,"1-10-IDY 29 (10:53) 32-John H. Johnson ran to IDY 20 for 9 yards. Tackle by 97-Joseph Barbour. If the defense doesn't start mixing up their plays a bit more we might see more big gains like that one.","#8 Preston Jones - QB","#32 John H. Johnson - WR",,,"#29 Raymond Gamble - RB",,,"#1 Alfred Shoop - WR","#84 Toderick Malone - WR","#86 Jon Horton - WR",,,"#61 Waldo Elder - LG","#62 Willard Bennett - LG","#64 Robert Low - C","#67 John Mazzotta - LG","#65 Kenneth Bullis - RT",,"#58 Ron Moore - DT",,"#98 Michael Flowers - DT","#66 Daniel Hamblin - DT","#52 Thomas Nichols - RDE","#54 Jose Garcia - MLB","#97 Joseph Barbour - MLB",,"#28 Pedro Brush - WLB","#5 Steve Bennett - CB","#42 Keith Odell - CB",,,,"#44 Michael Griffin - CB","#43 Carlos Brill - SS",,,,,,,,,,,,,,,,,,,,,,,,,,,,,,,,,,,,
LDN,10:16,"IDY 20",4,2,1,"Weak I Normal HB Inside Weak","4-3 Under Crash Right",2,0,34,"2-1-IDY 20 (10:15) 36-Terrence Phillips ran to IDY 18 for 2 yards. Tackle by 98-Michael Flowers.","#8 Preston Jones - QB","#36 Terrence Phillips - RB",,,"#29 Raymond Gamble - RB","#35 Tony Vinson - WR",,"#1 Alfred Shoop - WR",,"#86 Jon Horton - WR",,,"#61 Waldo Elder - LG","#62 Willard Bennett - LG","#64 Robert Low - C","#67 John Mazzotta - LG","#65 Kenneth Bullis - RT",,"#58 Ron Moore - DT",,"#98 Michael Flowers - DT","#66 Daniel Hamblin - DT","#52 Thomas Nichols - RDE","#54 Jose Garcia - MLB","#97 Joseph Barbour - MLB",,"#28 Pedro Brush - WLB","#5 Steve Bennett - CB","#42 Keith Odell - CB",,,,"#44 Michael Griffin - CB","#43 Carlos Brill - SS",,,,,,,,,,,,,,,,,,,,,,,,,,,,,,,,,,,,
LDN,9:36,"IDY 18",4,1,10,"Strong I Normal HB Dive Strong","4-3 Under Crash Right",2,0,34,"1-10-IDY 18 (9:35) 29-Raymond Gamble ran to IDY 16 for 2 yards. Tackle by 98-Michael Flowers.","#8 Preston Jones - QB","#29 Raymond Gamble - RB",,,"#87 Steve Hollywood Brooks - TE","#35 Tony Vinson - WR",,"#1 Alfred Shoop - WR",,"#86 Jon Horton - WR",,,"#61 Waldo Elder - LG","#62 Willard Bennett - LG","#64 Robert Low - C","#67 John Mazzotta - LG","#65 Kenneth Bullis - RT",,"#58 Ron Moore - DT",,"#98 Michael Flowers - DT","#66 Daniel Hamblin - DT","#52 Thomas Nichols - RDE","#54 Jose Garcia - MLB","#97 Joseph Barbour - MLB",,"#28 Pedro Brush - WLB","#5 Steve Bennett - CB","#42 Keith Odell - CB",,,,"#44 Michael Griffin - CB","#43 Carlos Brill - SS",,,,,,,,,,,,,,,,,,,,,,,,,,,,,,,,,,,,
LDN,8:54,"IDY 16",4,2,8,"I Formation 3WR HB Inside Strong","4-3 Under Crash Right",6,0,34,"2-8-IDY 16 (8:53) 32-John H. Johnson ran to IDY 10 for 6 yards. Tackle by 97-Joseph Barbour. LDN 62-Willard Bennett was injured on the play. LDN 32-John H. Johnson was injured on the play.","#8 Preston Jones - QB","#32 John H. Johnson - WR",,,"#29 Raymond Gamble - RB",,,"#1 Alfred Shoop - WR","#84 Toderick Malone - WR","#86 Jon Horton - WR",,,"#61 Waldo Elder - LG","#62 Willard Bennett - LG","#64 Robert Low - C","#67 John Mazzotta - LG","#65 Kenneth Bullis - RT",,"#58 Ron Moore - DT",,"#98 Michael Flowers - DT","#66 Daniel Hamblin - DT","#52 Thomas Nichols - RDE","#54 Jose Garcia - MLB","#97 Joseph Barbour - MLB",,"#28 Pedro Brush - WLB","#5 Steve Bennett - CB","#42 Keith Odell - CB",,,,"#44 Michael Griffin - CB","#43 Carlos Brill - SS",,,,,,,,,,,,,,,,,,,,,,,,,,,,,,,,,,,,
LDN,8:16,"IDY 10",4,3,2,"I Formation Normal HB Blast","4-3 Under Crash Right",1,0,34,"3-2-IDY 10 (8:15) 36-Terrence Phillips ran to IDY 8 for 1 yards. Tackle by 97-Joseph Barbour.","#8 Preston Jones - QB","#36 Terrence Phillips - RB",,,"#29 Raymond Gamble - RB","#35 Tony Vinson - WR",,"#1 Alfred Shoop - WR",,"#86 Jon Horton - WR",,,"#76 Joseph Barton - RT","#61 Waldo Elder - LG","#64 Robert Low - C","#67 John Mazzotta - LG","#65 Kenneth Bullis - RT",,"#58 Ron Moore - DT",,"#98 Michael Flowers - DT","#66 Daniel Hamblin - DT","#91 Aurelio Hinkle - LDE","#54 Jose Garcia - MLB","#97 Joseph Barbour - MLB",,"#28 Pedro Brush - WLB","#5 Steve Bennett - CB","#42 Keith Odell - CB",,,,"#44 Michael Griffin - CB","#43 Carlos Brill - SS",,,,,,,,,,,,,,,,,,,,,,,,,,,,,,,,,,,,
LDN,7:39,"IDY 8",4,4,,"Field Goal","FG Block",19,0,34,"4-1-IDY 8 (7:38) 14-Stephen Stafford 27 yard field goal is NO GOOD. (Wide Right)",,,,,,,,,,,,,,,,,,,,,,,,,,,,,,,,,,,,"#2 Nicholas Messing - QB","#60 Todd Cervantes - RG",,,,,,,,,,,,,,"#14 Stephen Stafford - K","#79 Joseph Luckey - RG","#65 Kenneth Bullis - RT","#87 Steve Hollywood Brooks - TE","#67 John Mazzotta - LG","#68 Jerry Mitchell - C","#64 Robert Low - C","#61 Waldo Elder - LG","#76 Joseph Barton - RT","#58 Ron Moore - DT","#54 Jose Garcia - MLB","#50 John Ennis - RDE","#49 Jeff Gorrell - WLB","#28 Pedro Brush - WLB","#99 Alfredo Woods - DT","#91 Aurelio Hinkle - LDE","#66 Daniel Hamblin - DT","#98 Michael Flowers - DT","#43 Carlos Brill - SS","#5 Steve Bennett - CB"
IDY,7:35,"IDY 20",4,1,10,"Singleback Big WR Streaks","4-3 Normal Man QB Spy",-10,0,34,"1-10-IDY 20 (7:36) 7-Donald Mosquera sacked at IDY 10 for -10 yards (97-John Kinto). Sack allowed by 51-Harley Brooks.","#7 Donald Mosquera - QB","#31 John Morrow - RB",,,,"#87 Donald Gill - TE","#88 Thomas Boston - TE","#19 James Lockett - WR",,"#80 Luis Bowen - WR",,,"#51 Harley Brooks - LG","#61 Charles Rosenberger - LG","#56 Craig Lashley - C","#76 Michael Williamson - RG","#72 Johnnie Strickland - RT",,"#93 Tom Dovo - LDE",,"#74 DeAndre McDade - DT","#75 Jeffrey Hunter - RDE","#97 John Kinto - WLB","#50 Anthony Hawkins - WLB","#94 Danny Lockett - MLB",,"#53 Marlon Brown - WLB","#28 Stephen Begley - CB","#24 Casey Timmons - CB",,,,"#22 Stephen Hall - CB","#23 Mario Bradley - FS",,,,,,,,,,,,,,,,,,,,,,,,,,,,,,,,,,,,
IDY,7:14,"IDY 10",4,2,20,"Shotgun Normal TE Out","4-3 Normal Man Under 1",5,0,34,"2-20-IDY 10 (7:13) 7-Donald Mosquera pass complete to 87-Donald Gill to IDY 15 for 5 yards. Tackle by 50-Anthony Hawkins.","#7 Donald Mosquera - QB","#31 John Morrow - RB",,,,"#87 Donald Gill - TE",,"#19 James Lockett - WR","#13 Aaron Jones - WR","#80 Luis Bowen - WR",,,"#51 Harley Brooks - LG","#61 Charles Rosenberger - LG","#56 Craig Lashley - C","#76 Michael Williamson - RG","#72 Johnnie Strickland - RT",,"#93 Tom Dovo - LDE",,"#74 DeAndre McDade - DT","#75 Jeffrey Hunter - RDE","#97 John Kinto - WLB","#50 Anthony Hawkins - WLB","#94 Danny Lockett - MLB",,"#53 Marlon Brown - WLB","#28 Stephen Begley - CB","#24 Casey Timmons - CB",,,,"#22 Stephen Hall - CB","#23 Mario Bradley - FS",,,,,,,,,,,,,,,,,,,,,,,,,,,,,,,,,,,,
IDY,6:51,"IDY 15",4,3,15,"Shotgun Normal HB Flare","4-3 Normal Man Under 1",8,0,34,"3-15-IDY 15 (6:50) 7-Donald Mosquera pass complete to 87-Donald Gill to IDY 24 for 8 yards. Tackle by 50-Anthony Hawkins. 50-Anthony Hawkins got away with a hold on that play.","#7 Donald Mosquera - QB","#31 John Morrow - RB",,,,"#87 Donald Gill - TE",,"#19 James Lockett - WR","#13 Aaron Jones - WR","#80 Luis Bowen - WR",,,"#51 Harley Brooks - LG","#61 Charles Rosenberger - LG","#56 Craig Lashley - C","#76 Michael Williamson - RG","#72 Johnnie Strickland - RT",,"#93 Tom Dovo - LDE",,"#74 DeAndre McDade - DT","#75 Jeffrey Hunter - RDE","#97 John Kinto - WLB","#50 Anthony Hawkins - WLB","#94 Danny Lockett - MLB",,"#53 Marlon Brown - WLB","#28 Stephen Begley - CB","#24 Casey Timmons - CB",,,,"#22 Stephen Hall - CB","#23 Mario Bradley - FS",,,,,,,,,,,,,,,,,,,,,,,,,,,,,,,,,,,,
IDY,6:26,"IDY 24",4,4,6,Punt,"Punt Return",,0,34,"4-6-IDY 24 (6:25) 6-George Sieben punts 52 yards to LDN 24. Fair Catch by 84-Toderick Malone.",,,,,,,,,,,,,,,,,,"#6 George Sieben - P",,,,,,,,,,,,,,,,,,,"#61 Charles Rosenberger - LG",,"#84 Toderick Malone - WR",,,"#33 Jake Trivett - CB","#22 Stephen Hall - CB","#50 Anthony Hawkins - WLB",,"#53 Marlon Brown - WLB","#92 Jeff ""The Dude"" Lebowski - SLB",,"#58 William Kirksey - MLB",,,,"#64 John Floyd - LG","#70 Matthew Barnes - RT","#68 Michael Samons - LT","#65 Mathew Dill - RG","#99 Alfredo Woods - DT","#28 Pedro Brush - WLB",,"#74 DeAndre McDade - DT","#90 Carnel Smith - RDE","#75 Jeffrey Hunter - RDE","#97 John Kinto - WLB",,,,,,,
LDN,6:17,"LDN 24",4,1,10,"I Formation Normal HB Blast","4-3 Under Crash Right",9,0,34,"1-10-LDN 24 (6:18) 36-Terrence Phillips ran to LDN 33 for 9 yards. Tackle by 44-Michael Griffin. The defense seems to be calling that same play a lot. IDY 43-Carlos Brill was injured on the play.","#8 Preston Jones - QB","#36 Terrence Phillips - RB",,,"#29 Raymond Gamble - RB","#35 Tony Vinson - WR",,"#1 Alfred Shoop - WR",,"#86 Jon Horton - WR",,,"#76 Joseph Barton - RT","#67 John Mazzotta - LG","#64 Robert Low - C","#61 Waldo Elder - LG","#65 Kenneth Bullis - RT",,"#58 Ron Moore - DT",,"#98 Michael Flowers - DT","#66 Daniel Hamblin - DT","#91 Aurelio Hinkle - LDE","#54 Jose Garcia - MLB","#97 Joseph Barbour - MLB",,"#28 Pedro Brush - WLB","#5 Steve Bennett - CB","#42 Keith Odell - CB",,,,"#44 Michael Griffin - CB","#43 Carlos Brill - SS",,,,,,,,,,,,,,,,,,,,,,,,,,,,,,,,,,,,
LDN,5:35,"LDN 33",4,2,1,"Weak I Normal HB Inside Weak","4-3 Under Crash Right",2,0,34,"2-1-LDN 33 (5:34) 29-Raymond Gamble ran to LDN 35 for 2 yards. Tackle by 98-Michael Flowers.","#8 Preston Jones - QB","#29 Raymond Gamble - RB",,,"#87 Steve Hollywood Brooks - TE","#35 Tony Vinson - WR",,"#1 Alfred Shoop - WR",,"#86 Jon Horton - WR",,,"#61 Waldo Elder - LG","#67 John Mazzotta - LG","#64 Robert Low - C","#60 Todd Cervantes - RG","#65 Kenneth Bullis - RT",,"#58 Ron Moore - DT",,"#98 Michael Flowers - DT","#66 Daniel Hamblin - DT","#91 Aurelio Hinkle - LDE","#54 Jose Garcia - MLB","#97 Joseph Barbour - MLB",,"#28 Pedro Brush - WLB","#5 Steve Bennett - CB","#42 Keith Odell - CB",,,,"#44 Michael Griffin - CB","#24 Timothy Lewis - FS",,,,,,,,,,,,,,,,,,,,,,,,,,,,,,,,,,,,
LDN,4:58,"LDN 35",4,1,10,"I Formation 3WR HB Inside Strong","4-3 Under Crash Right",2,0,34,"1-10-LDN 35 (4:57) 29-Raymond Gamble ran to LDN 37 for 2 yards. Tackle by 28-Pedro Brush.","#8 Preston Jones - QB","#29 Raymond Gamble - RB",,,"#87 Steve Hollywood Brooks - TE",,,"#1 Alfred Shoop - WR","#84 Toderick Malone - WR","#86 Jon Horton - WR",,,"#76 Joseph Barton - RT","#61 Waldo Elder - LG","#64 Robert Low - C","#67 John Mazzotta - LG","#65 Kenneth Bullis - RT",,"#58 Ron Moore - DT",,"#98 Michael Flowers - DT","#66 Daniel Hamblin - DT","#91 Aurelio Hinkle - LDE","#54 Jose Garcia - MLB","#97 Joseph Barbour - MLB",,"#28 Pedro Brush - WLB","#5 Steve Bennett - CB","#42 Keith Odell - CB",,,,"#44 Michael Griffin - CB","#24 Timothy Lewis - FS",,,,,,,,,,,,,,,,,,,,,,,,,,,,,,,,,,,,
LDN,4:13,"LDN 37",4,2,8,"I Formation Normal HB Dive","4-3 Under Crash Right",9,0,34,"2-8-LDN 37 (4:12) 36-Terrence Phillips ran to LDN 46 for 9 yards. Tackle by 44-Michael Griffin. You can tell that the offense is starting to figure out how to beat that defensive play.","#8 Preston Jones - QB","#36 Terrence Phillips - RB",,,"#29 Raymond Gamble - RB","#35 Tony Vinson - WR",,"#1 Alfred Shoop - WR",,"#86 Jon Horton - WR",,,"#61 Waldo Elder - LG","#65 Kenneth Bullis - RT","#64 Robert Low - C","#67 John Mazzotta - LG","#76 Joseph Barton - RT",,"#58 Ron Moore - DT",,"#98 Michael Flowers - DT","#66 Daniel Hamblin - DT","#91 Aurelio Hinkle - LDE","#54 Jose Garcia - MLB","#97 Joseph Barbour - MLB",,"#28 Pedro Brush - WLB","#5 Steve Bennett - CB","#42 Keith Odell - CB",,,,"#44 Michael Griffin - CB","#24 Timothy Lewis - FS",,,,,,,,,,,,,,,,,,,,,,,,,,,,,,,,,,,,
LDN,3:34,"LDN 46",4,1,10,"Shotgun 2 RB 3 WR Shotgun Sweep","4-3 Under Crash Right",8,0,34,"1-10-LDN 46 (3:33) 35-Tony Vinson ran to IDY 46 for 8 yards. Tackle by 44-Michael Griffin. I think the defense might be using that play a bit too frequently.","#8 Preston Jones - QB","#29 Raymond Gamble - RB","#35 Tony Vinson - WR",,,,,"#1 Alfred Shoop - WR","#84 Toderick Malone - WR","#86 Jon Horton - WR",,,"#76 Joseph Barton - RT","#61 Waldo Elder - LG","#64 Robert Low - C","#67 John Mazzotta - LG","#65 Kenneth Bullis - RT",,"#58 Ron Moore - DT",,"#98 Michael Flowers - DT","#66 Daniel Hamblin - DT","#91 Aurelio Hinkle - LDE","#54 Jose Garcia - MLB","#97 Joseph Barbour - MLB",,"#28 Pedro Brush - WLB","#5 Steve Bennett - CB","#42 Keith Odell - CB",,,,"#44 Michael Griffin - CB","#24 Timothy Lewis - FS",,,,,,,,,,,,,,,,,,,,,,,,,,,,,,,,,,,,
LDN,2:53,"IDY 46",4,2,2,"I Formation Normal FL Hitch","4-3 Under Crash Right",4,0,34,"2-2-IDY 46 (2:52) 8-Preston Jones pass complete to 1-Alfred Shoop to IDY 41 for 4 yards. Tackle by 24-Timothy Lewis. 1-Alfred Shoop breaks down the CB.","#8 Preston Jones - QB","#29 Raymond Gamble - RB",,,"#87 Steve Hollywood Brooks - TE","#35 Tony Vinson - WR",,"#1 Alfred Shoop - WR",,"#86 Jon Horton - WR",,,"#61 Waldo Elder - LG","#67 John Mazzotta - LG","#64 Robert Low - C","#60 Todd Cervantes - RG","#65 Kenneth Bullis - RT",,"#58 Ron Moore - DT",,"#98 Michael Flowers - DT","#66 Daniel Hamblin - DT","#91 Aurelio Hinkle - LDE","#54 Jose Garcia - MLB","#97 Joseph Barbour - MLB",,"#28 Pedro Brush - WLB","#5 Steve Bennett - CB","#42 Keith Odell - CB",,,,"#44 Michael Griffin - CB","#24 Timothy Lewis - FS",,,,,,,,,,,,,,,,,,,,,,,,,,,,,,,,,,,,
LDN,2:18,"IDY 41",4,1,10,"Shotgun 2 RB 3 WR Shotgun Sweep","4-3 Under Crash Right",5,0,34,"1-10-IDY 41 (2:17) 29-Raymond Gamble ran to IDY 36 for 5 yards. Tackle by 54-Jose Garcia.","#8 Preston Jones - QB","#36 Terrence Phillips - RB","#29 Raymond Gamble - RB",,,,,"#1 Alfred Shoop - WR","#84 Toderick Malone - WR","#86 Jon Horton - WR",,,"#76 Joseph Barton - RT","#67 John Mazzotta - LG","#64 Robert Low - C","#61 Waldo Elder - LG","#65 Kenneth Bullis - RT",,"#58 Ron Moore - DT",,"#98 Michael Flowers - DT","#66 Daniel Hamblin - DT","#91 Aurelio Hinkle - LDE","#54 Jose Garcia - MLB","#97 Joseph Barbour - MLB",,"#28 Pedro Brush - WLB","#5 Steve Bennett - CB","#42 Keith Odell - CB",,,,"#44 Michael Griffin - CB","#24 Timothy Lewis - FS",,,,,,,,,,,,,,,,,,,,,,,,,,,,,,,,,,,,
,2:00,,4,2,5,,,,0,34,"Timeout for two minute warning.",,,,,,,,,,,,,,,,,,,,,,,,,,,,,,,,,,,,,,,,,,,,,,,,,,,,,,,,,,,,,,,,,,,,,,
LDN,2:00,"IDY 36",4,2,5,"Strong I Normal HB Dive Strong","4-3 Under Crash Right",5,0,34,"2-5-IDY 36 (2:00) 32-John H. Johnson ran to IDY 30 for 5 yards. Tackle by 28-Pedro Brush. LDN 62-Willard Bennett was injured on the play.","#8 Preston Jones - QB","#32 John H. Johnson - WR",,,"#87 Steve Hollywood Brooks - TE","#35 Tony Vinson - WR",,"#1 Alfred Shoop - WR",,"#84 Toderick Malone - WR",,,"#61 Waldo Elder - LG","#62 Willard Bennett - LG","#64 Robert Low - C","#67 John Mazzotta - LG","#65 Kenneth Bullis - RT",,"#58 Ron Moore - DT",,"#98 Michael Flowers - DT","#66 Daniel Hamblin - DT","#91 Aurelio Hinkle - LDE","#54 Jose Garcia - MLB","#97 Joseph Barbour - MLB",,"#28 Pedro Brush - WLB","#5 Steve Bennett - CB","#42 Keith Odell - CB",,,,"#44 Michael Griffin - CB","#24 Timothy Lewis - FS",,,,,,,,,,,,,,,,,,,,,,,,,,,,,,,,,,,,
LDN,1:20,"IDY 30",4,1,10,"I Formation 3WR HB Inside Strong","4-3 Under Crash Right",7,0,34,"1-10-IDY 30 (1:19) 36-Terrence Phillips ran to IDY 26 for 5 yards. 36-Terrence Phillips FUMBLES (54-Jose Garcia) recovered by LDN-67-John Mazzotta to IDY 24 for 1 yards. Tackle by 44-Michael Griffin. The defense seems to be getting familiar with that play.","#8 Preston Jones - QB","#36 Terrence Phillips - RB",,,"#29 Raymond Gamble - RB",,,"#1 Alfred Shoop - WR","#84 Toderick Malone - WR","#86 Jon Horton - WR",,,"#61 Waldo Elder - LG","#76 Joseph Barton - RT","#64 Robert Low - C","#67 John Mazzotta - LG","#65 Kenneth Bullis - RT",,"#58 Ron Moore - DT",,"#98 Michael Flowers - DT","#66 Daniel Hamblin - DT","#91 Aurelio Hinkle - LDE","#54 Jose Garcia - MLB","#97 Joseph Barbour - MLB",,"#28 Pedro Brush - WLB","#5 Steve Bennett - CB","#42 Keith Odell - CB",,,,"#44 Michael Griffin - CB","#24 Timothy Lewis - FS",,,,,,,,,,,,,,,,,,,,,,,,,,,,,,,,,,,,
LDN,0:39,"IDY 24",4,2,3,"I Formation 3WR HB Inside Weak","4-3 Under Crash Right",2,0,34,"2-3-IDY 24 (0:38) 32-John H. Johnson ran to IDY 22 for 2 yards. Tackle by 91-Aurelio Hinkle.","#8 Preston Jones - QB","#32 John H. Johnson - WR",,,"#29 Raymond Gamble - RB",,,"#1 Alfred Shoop - WR","#84 Toderick Malone - WR","#86 Jon Horton - WR",,,"#61 Waldo Elder - LG","#67 John Mazzotta - LG","#64 Robert Low - C","#60 Todd Cervantes - RG","#65 Kenneth Bullis - RT",,"#58 Ron Moore - DT",,"#98 Michael Flowers - DT","#66 Daniel Hamblin - DT","#91 Aurelio Hinkle - LDE","#54 Jose Garcia - MLB","#97 Joseph Barbour - MLB",,"#28 Pedro Brush - WLB","#5 Steve Bennett - CB","#42 Keith Odell - CB",,,,"#44 Michael Griffin - CB","#24 Timothy Lewis - FS",,,,,,,,,,,,,,,,,,,,,,,,,,,,,,,,,,,,
,0:00,,4,3,2,,,,0,34,"End of fourth quarter.",,,,,,,,,,,,,,,,,,,,,,,,,,,,,,,,,,,,,,,,,,,,,,,,,,,,,,,,,,,,,,,,,,,,,,
