HasBall,"Game Clock","Ball @",Quarter,Down,YTG,OffensivePlay,DefensivePlay,YardsGained,"Home Score","Away Score",Text,QB1,RB1,RB2,FB2,FB1,TE1,TE2,WR1,WR3,WR2,WR4,WR5,LT1,LG1,C1,RG1,RT1,P1,LDE1,LDE2,DT1,DT2,RDE1,SLB1,MLB1,MLB2,WLB1,CB1,CB2,CB4,CB3,CB5,SS1,FS1,FS2,"Kick Holder1","Long Snapper1","Kick Returner1","Punt Returner1",Gunner10,Gunner7,Gunner2,Gunner6,Gunner1,Gunner8,Gunner3,Gunner4,Gunner9,Gunner5,Kickoffs1,"Field Goal Kicker1","ST Blocker8","ST Blocker5","ST Blocker4","ST Blocker1","ST Blocker2","ST Blocker3","ST Blocker6","ST Blocker7","ST Rusher4","ST Rusher1","ST Rusher2","ST Rusher3","ST Rusher11","ST Rusher10","ST Rusher9","ST Rusher6","ST Rusher5","ST Rusher7","ST Rusher8"
,15:00,,1,4,4,,,,0,0,"WRA has won the toss and elected to defer.",,,,,,,,,,,,,,,,,,,,,,,,,,,,,,,,,,,,,,,,,,,,,,,,,,,,,,,,,,,,,,,,,,,,,,
WRA,15:00,"WRA 35",1,6,10,Kickoff,"Kick Return",,0,0,"(15:00) 3-John Hampton kicks 75 yards from WRA 35 to RCR -10. Touchback.",,,,,,,,,,,,,,,,,,,,,,,,,,,,,,,,,,,,,,"#11 Lowell Woodson - CB",,"#25 Peter Scott - CB","#99 Michael Zamora - WLB","#28 Edward Dreher - SS","#53 Derrick Agee - WLB","#36 Mark Murray - CB","#29 Brad Sinclair - CB","#92 Randall Sandin - WLB","#96 William Brown - WLB","#20 James Stokes - CB","#98 Dale Hardin - SLB","#3 John Hampton - K",,,,,,,,,,,,,,,,,,,,
RCR,15:00,"RCR 25",1,1,10,"Split Backs Normal Skinny Post Corner","4-3 Under Double Safety Blitz",4,0,0,"1-10-RCR 25 (15:00) 12-Roger Ahmed pass complete to 81-Mathew Franzen to RCR 29 for 4 yards. Tackle by 55-Jonathan Reader.","#12 Roger Ahmed - QB","#89 Joseph Piggott - RB",,,"#2 Jasper Ives - FB","#81 Mathew Franzen - TE",,"#1 Nathaniel Harris - WR",,"#6 James Greer - WR",,,"#59 Jeffrey Walker - LT","#76 Kurt Martin - LG","#73 Kevin Shepherd - C","#62 David Lary - RG","#65 Steven Amick - RT",,"#91 Dennis Cordova - LDE",,"#92 Pete Olson - DT","#95 Roland Lakes - DT","#93 Donald Ryder - RDE","#57 Larry Bidwell - SLB","#59 Jimmy Miller - MLB",,"#55 Jonathan Reader - WLB","#39 Gerald Betts - CB","#44 Dana Johnson - CB",,,,"#36 Karl Ferguson - SS","#41 Michael Liles - CB",,,,,,,,,,,,,,,,,,,,,,,,,,,,,,,,,,,,
RCR,14:17,"RCR 29",1,2,6,"Weak I Normal HB Inside Strong","4-3 Normal Man QB Spy",5,0,0,"2-6-RCR 29 (14:16) 5-Valentine Hembree ran to RCR 34 for 5 yards. Tackle by 95-Roland Lakes.","#12 Roger Ahmed - QB","#5 Valentine Hembree - RB",,,"#87 Jamie Rausch - FB","#2 Jasper Ives - FB",,"#6 James Greer - WR",,"#19 Dallas Teague - WR",,,"#59 Jeffrey Walker - LT","#76 Kurt Martin - LG","#73 Kevin Shepherd - C","#62 David Lary - RG","#65 Steven Amick - RT",,"#91 Dennis Cordova - LDE",,"#92 Pete Olson - DT","#95 Roland Lakes - DT","#93 Donald Ryder - RDE","#57 Larry Bidwell - SLB","#59 Jimmy Miller - MLB",,"#55 Jonathan Reader - WLB","#39 Gerald Betts - CB","#44 Dana Johnson - CB",,,,"#36 Karl Ferguson - SS","#41 Michael Liles - CB",,,,,,,,,,,,,,,,,,,,,,,,,,,,,,,,,,,,
RCR,13:40,"RCR 34",1,3,1,"I Formation 3WR HB Inside Weak","Nickel 3-3-5 Cover 2 Man Under",5,0,0,"3-1-RCR 34 (13:39) 5-Valentine Hembree ran to RCR 39 for 5 yards. Tackle by 55-Jonathan Reader.","#12 Roger Ahmed - QB","#5 Valentine Hembree - RB",,,"#2 Jasper Ives - FB",,,"#1 Nathaniel Harris - WR","#6 James Greer - WR","#19 Dallas Teague - WR",,,"#59 Jeffrey Walker - LT","#76 Kurt Martin - LG","#73 Kevin Shepherd - C","#62 David Lary - RG","#65 Steven Amick - RT",,"#91 Dennis Cordova - LDE",,"#92 Pete Olson - DT",,"#93 Donald Ryder - RDE","#57 Larry Bidwell - SLB","#53 Jesse Brayton - SLB",,"#55 Jonathan Reader - WLB","#39 Gerald Betts - CB","#44 Dana Johnson - CB",,"#21 Jose Robins - CB",,"#36 Karl Ferguson - SS","#41 Michael Liles - CB",,,,,,,,,,,,,,,,,,,,,,,,,,,,,,,,,,,,
RCR,13:06,"RCR 39",1,1,10,"I Formation 3WR FL Post","Nickel 3-3-5 Cover 2 Man Under",10,0,0,"1-10-RCR 39 (13:05) 12-Roger Ahmed pass complete to 5-Valentine Hembree to RCR 49 for 10 yards. Tackle by 55-Jonathan Reader. 5-Valentine Hembree breaks down the CB.","#12 Roger Ahmed - QB","#5 Valentine Hembree - RB",,,"#2 Jasper Ives - FB",,,"#1 Nathaniel Harris - WR","#6 James Greer - WR","#19 Dallas Teague - WR",,,"#59 Jeffrey Walker - LT","#76 Kurt Martin - LG","#73 Kevin Shepherd - C","#62 David Lary - RG","#65 Steven Amick - RT",,"#91 Dennis Cordova - LDE",,"#92 Pete Olson - DT",,"#93 Donald Ryder - RDE","#55 Jonathan Reader - WLB","#53 Jesse Brayton - SLB",,"#50 Thomas Yocum - MLB","#39 Gerald Betts - CB","#44 Dana Johnson - CB",,"#21 Jose Robins - CB",,"#36 Karl Ferguson - SS","#41 Michael Liles - CB",,,,,,,,,,,,,,,,,,,,,,,,,,,,,,,,,,,,
RCR,12:24,"RCR 49",1,2,,"Shotgun 2 RB 3 WR WR Curl","Nickel 3-3-5 Cover 2 Man Under",,0,0,"2-1-RCR 49 (12:23) 12-Roger Ahmed pass incomplete, intended for 19-Dallas Teague.","#12 Roger Ahmed - QB","#89 Joseph Piggott - RB","#27 Mark McCants - WR",,,,,"#80 David Copeland - WR","#6 James Greer - WR","#19 Dallas Teague - WR",,,"#59 Jeffrey Walker - LT","#76 Kurt Martin - LG","#73 Kevin Shepherd - C","#62 David Lary - RG","#65 Steven Amick - RT",,"#91 Dennis Cordova - LDE",,"#92 Pete Olson - DT",,"#93 Donald Ryder - RDE","#57 Larry Bidwell - SLB","#53 Jesse Brayton - SLB",,"#50 Thomas Yocum - MLB","#39 Gerald Betts - CB","#44 Dana Johnson - CB",,"#21 Jose Robins - CB",,"#36 Karl Ferguson - SS","#41 Michael Liles - CB",,,,,,,,,,,,,,,,,,,,,,,,,,,,,,,,,,,,
RCR,12:18,"RCR 49",1,3,,"Shotgun 2 RB 3 WR Shotgun Dive","Nickel Normal Man Cover 2",2,0,0,"3-1-RCR 49 (12:19) 89-Joseph Piggott ran to WRA 49 for 2 yards. Tackle by 95-Roland Lakes.","#12 Roger Ahmed - QB","#89 Joseph Piggott - RB","#27 Mark McCants - WR",,,,,"#80 David Copeland - WR","#86 Tony Blanchette - WR","#1 Nathaniel Harris - WR",,,"#59 Jeffrey Walker - LT","#76 Kurt Martin - LG","#73 Kevin Shepherd - C","#62 David Lary - RG","#65 Steven Amick - RT",,"#91 Dennis Cordova - LDE",,"#92 Pete Olson - DT","#95 Roland Lakes - DT","#93 Donald Ryder - RDE",,"#53 Jesse Brayton - SLB",,"#55 Jonathan Reader - WLB","#39 Gerald Betts - CB","#44 Dana Johnson - CB",,"#21 Jose Robins - CB",,"#31 Jerrold Miley - FS","#26 Ervin Wilson - FS",,,,,,,,,,,,,,,,,,,,,,,,,,,,,,,,,,,,
RCR,11:39,"WRA 49",1,1,10,"I Formation 3WR HB Inside Strong","Nickel 3-3-5 Cover 2 Man Under",,0,0,"1-10-WRA 49 (11:38) PENALTY - False Start (RCR 65-Steven Amick)","#12 Roger Ahmed - QB","#5 Valentine Hembree - RB",,,"#2 Jasper Ives - FB",,,"#1 Nathaniel Harris - WR","#6 James Greer - WR","#19 Dallas Teague - WR",,,"#59 Jeffrey Walker - LT","#76 Kurt Martin - LG","#73 Kevin Shepherd - C","#62 David Lary - RG","#65 Steven Amick - RT",,"#91 Dennis Cordova - LDE",,"#92 Pete Olson - DT",,"#93 Donald Ryder - RDE","#55 Jonathan Reader - WLB","#53 Jesse Brayton - SLB",,"#50 Thomas Yocum - MLB","#39 Gerald Betts - CB","#44 Dana Johnson - CB",,"#21 Jose Robins - CB",,"#36 Karl Ferguson - SS","#41 Michael Liles - CB",,,,,,,,,,,,,,,,,,,,,,,,,,,,,,,,,,,,
RCR,11:37,"RCR 46",1,1,15,"Split Backs Normal Skinny Post Corner","4-3 Normal Double WR1",5,0,0,"1-15-RCR 46 (11:38) 12-Roger Ahmed pass complete to 89-Joseph Piggott to WRA 49 for 5 yards. Tackle by 57-Larry Bidwell.","#12 Roger Ahmed - QB","#89 Joseph Piggott - RB",,,"#2 Jasper Ives - FB","#81 Mathew Franzen - TE",,"#1 Nathaniel Harris - WR",,"#6 James Greer - WR",,,"#59 Jeffrey Walker - LT","#76 Kurt Martin - LG","#73 Kevin Shepherd - C","#62 David Lary - RG","#65 Steven Amick - RT",,"#91 Dennis Cordova - LDE",,"#92 Pete Olson - DT","#95 Roland Lakes - DT","#93 Donald Ryder - RDE","#57 Larry Bidwell - SLB","#59 Jimmy Miller - MLB",,"#55 Jonathan Reader - WLB","#39 Gerald Betts - CB","#44 Dana Johnson - CB",,,,"#36 Karl Ferguson - SS","#41 Michael Liles - CB",,,,,,,,,,,,,,,,,,,,,,,,,,,,,,,,,,,,
RCR,11:01,"WRA 49",1,2,10,"Split Backs Normal FB Off Tackle","4-3 Normal Double WR1",-3,0,0,"2-10-WRA 49 (11:00) 2-Jasper Ives ran to RCR 49 for -3 yards. Tackle by 55-Jonathan Reader.","#12 Roger Ahmed - QB","#89 Joseph Piggott - RB",,,"#2 Jasper Ives - FB","#81 Mathew Franzen - TE",,"#1 Nathaniel Harris - WR",,"#6 James Greer - WR",,,"#59 Jeffrey Walker - LT","#76 Kurt Martin - LG","#73 Kevin Shepherd - C","#62 David Lary - RG","#65 Steven Amick - RT",,"#91 Dennis Cordova - LDE",,"#92 Pete Olson - DT","#95 Roland Lakes - DT","#93 Donald Ryder - RDE","#57 Larry Bidwell - SLB","#59 Jimmy Miller - MLB",,"#55 Jonathan Reader - WLB","#39 Gerald Betts - CB","#44 Dana Johnson - CB",,,,"#36 Karl Ferguson - SS","#41 Michael Liles - CB",,,,,,,,,,,,,,,,,,,,,,,,,,,,,,,,,,,,
RCR,10:16,"RCR 49",1,3,13,"Shotgun Normal HB Flare","Nickel 3-3-5 Cover 2 Man Under",10,0,0,"3-13-RCR 49 (10:15) 12-Roger Ahmed pass complete to 2-Jasper Ives to WRA 41 for 10 yards. Tackle by 55-Jonathan Reader.","#12 Roger Ahmed - QB","#5 Valentine Hembree - RB",,,,"#2 Jasper Ives - FB",,"#1 Nathaniel Harris - WR","#6 James Greer - WR","#19 Dallas Teague - WR",,,"#59 Jeffrey Walker - LT","#76 Kurt Martin - LG","#73 Kevin Shepherd - C","#62 David Lary - RG","#65 Steven Amick - RT",,"#91 Dennis Cordova - LDE",,"#92 Pete Olson - DT",,"#93 Donald Ryder - RDE","#55 Jonathan Reader - WLB","#53 Jesse Brayton - SLB",,"#50 Thomas Yocum - MLB","#39 Gerald Betts - CB","#44 Dana Johnson - CB",,"#21 Jose Robins - CB",,"#36 Karl Ferguson - SS","#41 Michael Liles - CB",,,,,,,,,,,,,,,,,,,,,,,,,,,,,,,,,,,,
RCR,9:36,"WRA 41",1,4,2,"Field Goal","FG Block",52,0,0,"4-2-WRA 41 (9:35)",,,,,,,,,,,,,,,,,,,,,,,,,,,,,,,,,,,,"#7 Salvador Jamieson - P","#59 Jeffrey Walker - LT",,,,,,,,,,,,,,"#14 Robert Rodriguez - K","#62 David Lary - RG","#75 Ralph Mitchell - LT","#65 Steven Amick - RT","#57 Donald Reneau - LG","#76 Kurt Martin - LG","#73 Kevin Shepherd - C","#61 Larry Fink - C","#71 William Gustafson - C","#52 Charles Martinez - MLB","#59 Jimmy Miller - MLB","#91 Dennis Cordova - LDE","#76 Christopher Greco - LDE","#92 Pete Olson - DT","#99 Lester Smith - RDE","#93 Donald Ryder - RDE","#94 James Kibby - LDE","#95 Roland Lakes - DT","#55 Jonathan Reader - WLB","#53 Jesse Brayton - SLB"
WRA,9:30,"WRA 48",1,1,10,"Shotgun Normal HB Dive","3-4 Normal Double WR2",-0,0,0,"1-10-WRA 48 (9:31) 32-Gordon Langley ran to WRA 48 for a short loss. Tackle by 53-Derrick Agee.","#9 Melvin Ramos - QB","#32 Gordon Langley - RB",,,,"#85 Tom Boyle - TE",,"#81 Earl Miller - WR","#84 Amado Stockton - WR","#82 William Wade - WR",,,"#60 Theo Adams - LT","#61 Charles Johson - LG","#63 William Eubanks - C","#69 Richard Alcala - RG","#78 Timothy Lawrence - RT",,"#77 Kevin Scott - LDE",,"#97 Michael Dudley - DT",,"#94 William Andrews - RDE","#92 Randall Sandin - WLB","#53 Derrick Agee - WLB","#50 Stephen Herndon - MLB","#96 William Brown - WLB","#36 Mark Murray - CB","#20 James Stokes - CB",,,,"#28 Edward Dreher - SS","#8 Danny Bielecki - CB",,,,,,,,,,,,,,,,,,,,,,,,,,,,,,,,,,,,
WRA,8:50,"WRA 48",1,2,10,"Goal Line Normal HB Off Tackle","3-4 Normal Man Cover 1",2,0,0,"2-10-WRA 48 (8:49) 32-Gordon Langley ran to WRA 49 for 2 yards. Tackle by 53-Derrick Agee.","#9 Melvin Ramos - QB","#32 Gordon Langley - RB",,"#29 Mike Robbins - RB","#34 William Donelson - RB","#85 Tom Boyle - TE","#83 Matthew English - TE",,,,,,"#60 Theo Adams - LT","#61 Charles Johson - LG","#63 William Eubanks - C","#69 Richard Alcala - RG","#78 Timothy Lawrence - RT",,"#77 Kevin Scott - LDE",,"#97 Michael Dudley - DT",,"#94 William Andrews - RDE","#92 Randall Sandin - WLB","#53 Derrick Agee - WLB","#50 Stephen Herndon - MLB","#96 William Brown - WLB","#36 Mark Murray - CB","#20 James Stokes - CB",,,,"#28 Edward Dreher - SS","#8 Danny Bielecki - CB",,,,,,,,,,,,,,,,,,,,,,,,,,,,,,,,,,,,
WRA,8:15,"WRA 49",1,3,9,"Singleback Empty 4 Slot Crosses","Dime Normal Man Cover 1",,0,0,"3-9-WRA 49 (8:14) 9-Melvin Ramos pass incomplete, intended for 84-Amado Stockton. Pressure by 77-Kevin Scott.","#9 Melvin Ramos - QB",,,,,"#85 Tom Boyle - TE",,"#81 Earl Miller - WR","#84 Amado Stockton - WR","#82 William Wade - WR","#88 Morton Ricketts - WR",,"#60 Theo Adams - LT","#61 Charles Johson - LG","#63 William Eubanks - C","#69 Richard Alcala - RG","#78 Timothy Lawrence - RT",,"#77 Kevin Scott - LDE",,"#97 Michael Dudley - DT","#91 William Thompson - DT","#94 William Andrews - RDE",,"#53 Derrick Agee - WLB",,,"#36 Mark Murray - CB","#8 Danny Bielecki - CB","#25 Peter Scott - CB","#20 James Stokes - CB",,"#28 Edward Dreher - SS","#21 Willie Felder - CB",,,,,,,,,,,,,,,,,,,,,,,,,,,,,,,,,,,,
WRA,8:09,"WRA 49",1,4,9,Punt,"Punt Return",45,0,0,"4-9-WRA 49 (8:10) 5-Joshua Welsh punts 45 yards to RCR 6.",,,,,,,,,,,,,,,,,,"#5 Joshua Welsh - P",,,,,,,,,,,,,,,,,,,"#82 William Wade - WR",,"#11 Lowell Woodson - CB",,,"#28 Edward Dreher - SS","#98 Dale Hardin - SLB","#36 Mark Murray - CB",,"#92 Randall Sandin - WLB","#96 William Brown - WLB",,"#20 James Stokes - CB",,,,"#65 Dwayne Lane - RT","#73 Ronald Ormiston - LT","#78 Timothy Lawrence - RT","#61 Charles Johson - LG","#60 Theo Adams - LT","#85 Tom Boyle - TE",,"#90 Paul Wright - LDE","#97 Michael Dudley - DT","#94 William Andrews - RDE","#53 Derrick Agee - WLB",,,,,,,
RCR,8:00,"RCR 6",1,1,10,"I Formation Power HB Sweep Weak","Goal Line Attack #3",6,0,0,"1-10-RCR 6 (8:01) 5-Valentine Hembree ran to RCR 12 for 6 yards. Tackle by 44-Dana Johnson.","#12 Roger Ahmed - QB","#5 Valentine Hembree - RB",,"#2 Jasper Ives - FB","#89 Joseph Piggott - RB","#6 James Greer - WR",,"#19 Dallas Teague - WR",,,,,"#65 Steven Amick - RT","#76 Kurt Martin - LG","#71 William Gustafson - C","#62 David Lary - RG","#59 Jeffrey Walker - LT",,"#91 Dennis Cordova - LDE","#76 Christopher Greco - LDE","#92 Pete Olson - DT","#95 Roland Lakes - DT","#93 Donald Ryder - RDE","#57 Larry Bidwell - SLB","#52 Charles Martinez - MLB",,"#50 Thomas Yocum - MLB","#44 Dana Johnson - CB","#21 Jose Robins - CB",,,,"#36 Karl Ferguson - SS",,,,,,,,,,,,,,,,,,,,,,,,,,,,,,,,,,,,,
RCR,7:15,"RCR 12",1,2,4,"I Formation Normal FL Hitch","4-3 Normal Man QB Spy",,0,0,"2-4-RCR 12 (7:14) 12-Roger Ahmed pass Pass knocked down by 44-Dana Johnson. incomplete, intended for 6-James Greer.","#12 Roger Ahmed - QB","#89 Joseph Piggott - RB",,,"#87 Jamie Rausch - FB","#2 Jasper Ives - FB",,"#6 James Greer - WR",,"#19 Dallas Teague - WR",,,"#59 Jeffrey Walker - LT","#76 Kurt Martin - LG","#73 Kevin Shepherd - C","#62 David Lary - RG","#65 Steven Amick - RT",,"#91 Dennis Cordova - LDE",,"#92 Pete Olson - DT","#95 Roland Lakes - DT","#93 Donald Ryder - RDE","#57 Larry Bidwell - SLB","#52 Charles Martinez - MLB",,"#50 Thomas Yocum - MLB","#44 Dana Johnson - CB","#21 Jose Robins - CB",,,,"#36 Karl Ferguson - SS","#41 Michael Liles - CB",,,,,,,,,,,,,,,,,,,,,,,,,,,,,,,,,,,,
RCR,7:10,"RCR 12",1,3,4,"I Formation 3WR FL Post","Nickel Normal Double WR2",,0,6,"3-4-RCR 12 (7:11) 12-Roger Ahmed pass INTERCEPTED by 44-Dana Johnson at RCR 23. 44-Dana Johnson to RCR 0 for 23 yards. TOUCHDOWN! RCR 0 WRA 6","#12 Roger Ahmed - QB","#5 Valentine Hembree - RB",,,"#2 Jasper Ives - FB",,,"#1 Nathaniel Harris - WR","#6 James Greer - WR","#19 Dallas Teague - WR",,,"#59 Jeffrey Walker - LT","#76 Kurt Martin - LG","#73 Kevin Shepherd - C","#62 David Lary - RG","#65 Steven Amick - RT",,"#91 Dennis Cordova - LDE",,"#92 Pete Olson - DT","#95 Roland Lakes - DT","#93 Donald Ryder - RDE",,"#53 Jesse Brayton - SLB",,"#55 Jonathan Reader - WLB","#39 Gerald Betts - CB","#44 Dana Johnson - CB",,"#21 Jose Robins - CB",,"#36 Karl Ferguson - SS","#41 Michael Liles - CB",,,,,,,,,,,,,,,,,,,,,,,,,,,,,,,,,,,,
WRA,7:02,"RCR 15",1,7,15,"Field Goal","FG Block",25,0,7,"(7:03) Extra point GOOD by 3-John Hampton. RCR 0 WRA 7",,,,,,,,,,,,,,,,,,,,,,,,,,,,,,,,,,,,"#5 Joshua Welsh - P","#82 William Wade - WR",,,,,,,,,,,,,,"#3 John Hampton - K","#29 Mike Robbins - RB","#65 Dwayne Lane - RT","#73 Ronald Ormiston - LT","#78 Timothy Lawrence - RT","#61 Charles Johson - LG","#60 Theo Adams - LT","#85 Tom Boyle - TE","#89 Ryan Banister - TE","#90 Paul Wright - LDE","#97 Michael Dudley - DT","#94 William Andrews - RDE","#53 Derrick Agee - WLB","#28 Edward Dreher - SS","#29 Brad Sinclair - CB","#98 Dale Hardin - SLB","#91 William Thompson - DT","#77 Kevin Scott - LDE","#8 Danny Bielecki - CB","#20 James Stokes - CB"
WRA,7:02,"WRA 35",1,6,10,Kickoff,"Kick Return",75,0,7,"(7:03) 3-John Hampton kicks 75 yards from WRA 35 to RCR -10. Touchback.",,,,,,,,,,,,,,,,,,,,,,,,,,,,,,,,,,,,,,"#11 Lowell Woodson - CB",,"#25 Peter Scott - CB","#99 Michael Zamora - WLB","#28 Edward Dreher - SS","#53 Derrick Agee - WLB","#36 Mark Murray - CB","#29 Brad Sinclair - CB","#92 Randall Sandin - WLB","#96 William Brown - WLB","#20 James Stokes - CB","#98 Dale Hardin - SLB","#3 John Hampton - K",,,,,,,,,,,,,,,,,,,,
RCR,7:02,"RCR 25",1,1,10,"I Formation Normal FL Hitch","4-3 Normal Double WR1",,0,7,"1-10-RCR 25 (7:03) 12-Roger Ahmed pass Pass knocked down by 39-Gerald Betts. incomplete, intended for 6-James Greer.","#12 Roger Ahmed - QB","#5 Valentine Hembree - RB",,,"#87 Jamie Rausch - FB","#2 Jasper Ives - FB",,"#6 James Greer - WR",,"#19 Dallas Teague - WR",,,"#59 Jeffrey Walker - LT","#76 Kurt Martin - LG","#73 Kevin Shepherd - C","#62 David Lary - RG","#65 Steven Amick - RT",,"#91 Dennis Cordova - LDE",,"#92 Pete Olson - DT","#95 Roland Lakes - DT","#93 Donald Ryder - RDE","#57 Larry Bidwell - SLB","#59 Jimmy Miller - MLB",,"#55 Jonathan Reader - WLB","#39 Gerald Betts - CB","#44 Dana Johnson - CB",,,,"#36 Karl Ferguson - SS","#41 Michael Liles - CB",,,,,,,,,,,,,,,,,,,,,,,,,,,,,,,,,,,,
RCR,6:59,"RCR 25",1,2,10,"Shotgun 2 RB 3 WR WR Curl","Nickel Normal CB3 MLB Blitz",,0,7,"2-10-RCR 25 (7:00) 12-Roger Ahmed pass INTERCEPTED by 41-Michael Liles at RCR 35. 41-Michael Liles to RCR 32 for 3 yards. Tackle by 80-David Copeland.","#12 Roger Ahmed - QB","#5 Valentine Hembree - RB","#89 Joseph Piggott - RB",,,,,"#80 David Copeland - WR","#6 James Greer - WR","#19 Dallas Teague - WR",,,"#59 Jeffrey Walker - LT","#76 Kurt Martin - LG","#73 Kevin Shepherd - C","#62 David Lary - RG","#65 Steven Amick - RT",,"#91 Dennis Cordova - LDE",,"#92 Pete Olson - DT","#95 Roland Lakes - DT","#93 Donald Ryder - RDE",,"#53 Jesse Brayton - SLB",,"#55 Jonathan Reader - WLB","#44 Dana Johnson - CB","#21 Jose Robins - CB",,"#31 Jerrold Miley - FS",,"#36 Karl Ferguson - SS","#41 Michael Liles - CB",,,,,,,,,,,,,,,,,,,,,,,,,,,,,,,,,,,,
WRA,6:55,"RCR 32",1,1,10,"Goal Line Normal HB Off Tackle","Goal Line Attack #1",8,0,7,"1-10-RCR 32 (6:56) 32-Gordon Langley ran to RCR 25 for 8 yards. Tackle by 92-Randall Sandin.","#9 Melvin Ramos - QB","#32 Gordon Langley - RB",,"#29 Mike Robbins - RB","#34 William Donelson - RB","#85 Tom Boyle - TE","#83 Matthew English - TE",,,,,,"#60 Theo Adams - LT","#61 Charles Johson - LG","#63 William Eubanks - C","#69 Richard Alcala - RG","#78 Timothy Lawrence - RT",,"#77 Kevin Scott - LDE","#90 Paul Wright - LDE","#97 Michael Dudley - DT","#91 William Thompson - DT","#94 William Andrews - RDE","#92 Randall Sandin - WLB","#53 Derrick Agee - WLB",,"#96 William Brown - WLB","#36 Mark Murray - CB","#8 Danny Bielecki - CB",,,,"#28 Edward Dreher - SS",,,,,,,,,,,,,,,,,,,,,,,,,,,,,,,,,,,,,
WRA,6:14,"RCR 25",1,2,2,"I Formation Normal HB Dive","3-4 Normal Man Cover 1",8,0,7,"2-2-RCR 25 (6:13) 29-Mike Robbins ran to RCR 17 for 8 yards. Tackle by 53-Derrick Agee.","#9 Melvin Ramos - QB","#29 Mike Robbins - RB",,,"#34 William Donelson - RB","#85 Tom Boyle - TE",,"#81 Earl Miller - WR",,"#82 William Wade - WR",,,"#60 Theo Adams - LT","#61 Charles Johson - LG","#63 William Eubanks - C","#69 Richard Alcala - RG","#78 Timothy Lawrence - RT",,"#77 Kevin Scott - LDE",,"#97 Michael Dudley - DT",,"#94 William Andrews - RDE","#92 Randall Sandin - WLB","#53 Derrick Agee - WLB","#50 Stephen Herndon - MLB","#96 William Brown - WLB","#36 Mark Murray - CB","#20 James Stokes - CB",,,,"#28 Edward Dreher - SS","#8 Danny Bielecki - CB",,,,,,,,,,,,,,,,,,,,,,,,,,,,,,,,,,,,
WRA,5:32,"RCR 17",1,1,10,"I Formation Normal PA Fullback Flat","Dime Normal Man Cover 1",,0,7,"1-10-RCR 17 (5:31) 9-Melvin Ramos pass incomplete, dropped by 34-William Donelson.","#9 Melvin Ramos - QB","#32 Gordon Langley - RB",,,"#34 William Donelson - RB","#85 Tom Boyle - TE",,"#81 Earl Miller - WR",,"#82 William Wade - WR",,,"#60 Theo Adams - LT","#61 Charles Johson - LG","#63 William Eubanks - C","#69 Richard Alcala - RG","#78 Timothy Lawrence - RT",,"#77 Kevin Scott - LDE",,"#97 Michael Dudley - DT","#91 William Thompson - DT","#94 William Andrews - RDE",,"#53 Derrick Agee - WLB",,,"#36 Mark Murray - CB","#8 Danny Bielecki - CB","#25 Peter Scott - CB","#20 James Stokes - CB",,"#28 Edward Dreher - SS","#21 Willie Felder - CB",,,,,,,,,,,,,,,,,,,,,,,,,,,,,,,,,,,,
WRA,5:27,"RCR 17",1,2,10,"Singleback Big Off Tackle Strong","4-3 Under Double LB Blitz",-1,0,7,"2-10-RCR 17 (5:28) 32-Gordon Langley ran to RCR 18 for -1 yards. Tackle by 53-Derrick Agee.","#9 Melvin Ramos - QB","#32 Gordon Langley - RB",,,,"#85 Tom Boyle - TE","#83 Matthew English - TE","#81 Earl Miller - WR",,"#82 William Wade - WR",,,"#60 Theo Adams - LT","#61 Charles Johson - LG","#63 William Eubanks - C","#69 Richard Alcala - RG","#78 Timothy Lawrence - RT",,"#77 Kevin Scott - LDE",,"#97 Michael Dudley - DT","#91 William Thompson - DT","#94 William Andrews - RDE","#92 Randall Sandin - WLB","#53 Derrick Agee - WLB",,"#96 William Brown - WLB","#36 Mark Murray - CB","#8 Danny Bielecki - CB",,,,"#28 Edward Dreher - SS","#21 Willie Felder - CB",,,,,,,,,,,,,,,,,,,,,,,,,,,,,,,,,,,,
WRA,4:46,"RCR 18",1,3,11,"Goal Line Normal HB Dive","4-3 Under Double LB Blitz",5,0,7,"3-11-RCR 18 (4:45) 32-Gordon Langley ran to RCR 14 for 5 yards. Tackle by 28-Edward Dreher.","#9 Melvin Ramos - QB","#32 Gordon Langley - RB",,"#29 Mike Robbins - RB","#34 William Donelson - RB","#85 Tom Boyle - TE","#83 Matthew English - TE",,,,,,"#60 Theo Adams - LT","#61 Charles Johson - LG","#63 William Eubanks - C","#69 Richard Alcala - RG","#78 Timothy Lawrence - RT",,"#77 Kevin Scott - LDE",,"#97 Michael Dudley - DT","#91 William Thompson - DT","#94 William Andrews - RDE","#92 Randall Sandin - WLB","#53 Derrick Agee - WLB",,"#96 William Brown - WLB","#36 Mark Murray - CB","#8 Danny Bielecki - CB",,,,"#28 Edward Dreher - SS","#21 Willie Felder - CB",,,,,,,,,,,,,,,,,,,,,,,,,,,,,,,,,,,,
WRA,4:06,"RCR 14",1,4,7,"Field Goal","FG Block",24,0,7,"4-7-RCR 14 (4:05) 3-John Hampton 32 yard field goal is NO GOOD. (Wide Left)",,,,,,,,,,,,,,,,,,,,,,,,,,,,,,,,,,,,"#5 Joshua Welsh - P","#82 William Wade - WR",,,,,,,,,,,,,,"#3 John Hampton - K","#29 Mike Robbins - RB","#65 Dwayne Lane - RT","#73 Ronald Ormiston - LT","#78 Timothy Lawrence - RT","#61 Charles Johson - LG","#60 Theo Adams - LT","#85 Tom Boyle - TE","#89 Ryan Banister - TE","#90 Paul Wright - LDE","#97 Michael Dudley - DT","#94 William Andrews - RDE","#53 Derrick Agee - WLB","#28 Edward Dreher - SS","#29 Brad Sinclair - CB","#98 Dale Hardin - SLB","#91 William Thompson - DT","#77 Kevin Scott - LDE","#8 Danny Bielecki - CB","#20 James Stokes - CB"
RCR,4:01,"RCR 21",1,1,10,"I Formation 3WR HB Inside Weak","Nickel 3-3-5 Cover 2 Man Under",2,0,7,"1-10-RCR 21 (4:02) 5-Valentine Hembree ran to RCR 22 for 2 yards. Tackle by 93-Donald Ryder.","#12 Roger Ahmed - QB","#5 Valentine Hembree - RB",,,"#2 Jasper Ives - FB",,,"#1 Nathaniel Harris - WR","#6 James Greer - WR","#19 Dallas Teague - WR",,,"#59 Jeffrey Walker - LT","#76 Kurt Martin - LG","#73 Kevin Shepherd - C","#62 David Lary - RG","#65 Steven Amick - RT",,"#91 Dennis Cordova - LDE",,"#92 Pete Olson - DT",,"#93 Donald Ryder - RDE","#55 Jonathan Reader - WLB","#53 Jesse Brayton - SLB",,"#50 Thomas Yocum - MLB","#39 Gerald Betts - CB","#44 Dana Johnson - CB",,"#21 Jose Robins - CB",,"#36 Karl Ferguson - SS","#41 Michael Liles - CB",,,,,,,,,,,,,,,,,,,,,,,,,,,,,,,,,,,,
RCR,3:26,"RCR 22",1,2,8,"I Formation Power HB Dive Weak","Goal Line Attack #3",-1,0,7,"2-8-RCR 22 (3:25) 5-Valentine Hembree ran to RCR 21 for -1 yards. Tackle by 59-Jimmy Miller.","#12 Roger Ahmed - QB","#5 Valentine Hembree - RB",,"#2 Jasper Ives - FB","#89 Joseph Piggott - RB","#6 James Greer - WR",,"#19 Dallas Teague - WR",,,,,"#59 Jeffrey Walker - LT","#76 Kurt Martin - LG","#71 William Gustafson - C","#62 David Lary - RG","#65 Steven Amick - RT",,"#91 Dennis Cordova - LDE","#76 Christopher Greco - LDE","#92 Pete Olson - DT","#95 Roland Lakes - DT","#93 Donald Ryder - RDE","#57 Larry Bidwell - SLB","#59 Jimmy Miller - MLB",,"#55 Jonathan Reader - WLB","#39 Gerald Betts - CB","#44 Dana Johnson - CB",,,,"#36 Karl Ferguson - SS",,,,,,,,,,,,,,,,,,,,,,,,,,,,,,,,,,,,,
RCR,2:54,"RCR 21",1,3,9,"Split Backs Normal Posts","4-3 Normal Double WR3",,0,7,"3-9-RCR 21 (2:53) 12-Roger Ahmed pass Pass knocked down by 41-Michael Liles. incomplete, intended for 81-Mathew Franzen.","#12 Roger Ahmed - QB","#89 Joseph Piggott - RB",,,"#2 Jasper Ives - FB","#81 Mathew Franzen - TE",,"#1 Nathaniel Harris - WR",,"#6 James Greer - WR",,,"#59 Jeffrey Walker - LT","#76 Kurt Martin - LG","#73 Kevin Shepherd - C","#62 David Lary - RG","#65 Steven Amick - RT",,"#91 Dennis Cordova - LDE",,"#92 Pete Olson - DT","#95 Roland Lakes - DT","#93 Donald Ryder - RDE","#57 Larry Bidwell - SLB","#59 Jimmy Miller - MLB",,"#55 Jonathan Reader - WLB","#39 Gerald Betts - CB","#44 Dana Johnson - CB",,,,"#36 Karl Ferguson - SS","#41 Michael Liles - CB",,,,,,,,,,,,,,,,,,,,,,,,,,,,,,,,,,,,
RCR,2:49,"RCR 21",1,4,9,Punt,"Punt Return",,0,7,"4-9-RCR 21 (2:50) 7-Salvador Jamieson punts 52 yards to WRA 27. Fair Catch by 34-William Donelson.",,,,,,,,,,,,,,,,,,"#7 Salvador Jamieson - P",,,,,,,,,,,,,,,,,,,"#59 Jeffrey Walker - LT",,"#34 William Donelson - RB",,,"#39 Gerald Betts - CB","#36 Karl Ferguson - SS","#55 Jonathan Reader - WLB",,"#52 Charles Martinez - MLB","#93 Donald Ryder - RDE",,"#21 Jose Robins - CB",,,,"#75 Ralph Mitchell - LT","#65 Steven Amick - RT","#57 Donald Reneau - LG","#76 Kurt Martin - LG","#73 Kevin Shepherd - C","#61 Larry Fink - C",,"#95 Roland Lakes - DT","#59 Jimmy Miller - MLB","#91 Dennis Cordova - LDE","#76 Christopher Greco - LDE",,,,,,,
WRA,2:42,"WRA 27",1,1,10,"Weak I Normal Skinny Posts","4-3 Under Crash Right",-2,0,7,"1-10-WRA 27 (2:43) 9-Melvin Ramos pass complete to 32-Gordon Langley to WRA 26 for -2 yards. Tackle by 53-Derrick Agee.","#9 Melvin Ramos - QB","#32 Gordon Langley - RB",,,"#34 William Donelson - RB","#85 Tom Boyle - TE",,"#81 Earl Miller - WR",,"#82 William Wade - WR",,,"#60 Theo Adams - LT","#61 Charles Johson - LG","#63 William Eubanks - C","#69 Richard Alcala - RG","#78 Timothy Lawrence - RT",,"#77 Kevin Scott - LDE",,"#97 Michael Dudley - DT","#91 William Thompson - DT","#94 William Andrews - RDE","#92 Randall Sandin - WLB","#53 Derrick Agee - WLB",,"#96 William Brown - WLB","#8 Danny Bielecki - CB","#20 James Stokes - CB",,,,"#29 Brad Sinclair - CB","#21 Willie Felder - CB",,,,,,,,,,,,,,,,,,,,,,,,,,,,,,,,,,,,
WRA,2:08,"WRA 26",1,2,12,"Strong I Normal Short Attack","3-4 Normal Double WR2",,0,7,"2-12-WRA 26 (2:07) 9-Melvin Ramos pass Pass knocked down by 8-Danny Bielecki. incomplete, intended for 84-Amado Stockton.","#9 Melvin Ramos - QB","#29 Mike Robbins - RB",,,"#34 William Donelson - RB","#85 Tom Boyle - TE",,"#81 Earl Miller - WR",,"#84 Amado Stockton - WR",,,"#60 Theo Adams - LT","#61 Charles Johson - LG","#63 William Eubanks - C","#69 Richard Alcala - RG","#78 Timothy Lawrence - RT",,"#77 Kevin Scott - LDE",,"#97 Michael Dudley - DT",,"#94 William Andrews - RDE","#92 Randall Sandin - WLB","#53 Derrick Agee - WLB","#50 Stephen Herndon - MLB","#96 William Brown - WLB","#36 Mark Murray - CB","#20 James Stokes - CB",,,,"#28 Edward Dreher - SS","#8 Danny Bielecki - CB",,,,,,,,,,,,,,,,,,,,,,,,,,,,,,,,,,,,
WRA,2:03,"WRA 26",1,3,12,"I Formation Normal HB Blast","4-3 Under Double LB Blitz",-0,0,7,"3-12-WRA 26 (2:04) 29-Mike Robbins ran to WRA 25 for a short loss. Tackle by 96-William Brown.","#9 Melvin Ramos - QB","#29 Mike Robbins - RB",,,"#34 William Donelson - RB","#85 Tom Boyle - TE",,"#82 William Wade - WR",,"#84 Amado Stockton - WR",,,"#60 Theo Adams - LT","#61 Charles Johson - LG","#63 William Eubanks - C","#69 Richard Alcala - RG","#78 Timothy Lawrence - RT",,"#77 Kevin Scott - LDE",,"#97 Michael Dudley - DT","#91 William Thompson - DT","#94 William Andrews - RDE","#92 Randall Sandin - WLB","#96 William Brown - WLB",,"#99 Michael Zamora - WLB","#36 Mark Murray - CB","#8 Danny Bielecki - CB",,,,"#28 Edward Dreher - SS","#21 Willie Felder - CB",,,,,,,,,,,,,,,,,,,,,,,,,,,,,,,,,,,,
WRA,1:28,"WRA 25",1,4,12,Punt,"Punt Return",,0,7,"4-12-WRA 25 (1:27) 5-Joshua Welsh punts 49 yards to RCR 26. 11-Lowell Woodson to RCR 32 for 6 yards. Tackle by 82-William Wade.",,,,,,,,,,,,,,,,,,"#5 Joshua Welsh - P",,,,,,,,,,,,,,,,,,,"#82 William Wade - WR",,"#11 Lowell Woodson - CB",,,"#28 Edward Dreher - SS","#98 Dale Hardin - SLB","#36 Mark Murray - CB",,"#92 Randall Sandin - WLB","#96 William Brown - WLB",,"#20 James Stokes - CB",,,,"#65 Dwayne Lane - RT","#73 Ronald Ormiston - LT","#78 Timothy Lawrence - RT","#61 Charles Johson - LG","#60 Theo Adams - LT","#85 Tom Boyle - TE",,"#90 Paul Wright - LDE","#97 Michael Dudley - DT","#94 William Andrews - RDE","#53 Derrick Agee - WLB",,,,,,,
RCR,1:18,"RCR 32",1,1,10,"Shotgun 5 Wide Middle Curls","Quarter Normal Man Short Zone",,0,7,"1-10-RCR 32 (1:19) 12-Roger Ahmed pass Pass knocked down by 44-Dana Johnson. incomplete, intended for 1-Nathaniel Harris.","#12 Roger Ahmed - QB",,,,,,,"#1 Nathaniel Harris - WR","#19 Dallas Teague - WR","#6 James Greer - WR","#86 Tony Blanchette - WR","#80 David Copeland - WR","#59 Jeffrey Walker - LT","#76 Kurt Martin - LG","#73 Kevin Shepherd - C","#62 David Lary - RG","#65 Steven Amick - RT",,"#91 Dennis Cordova - LDE",,"#92 Pete Olson - DT",,"#93 Donald Ryder - RDE",,"#52 Charles Martinez - MLB",,,"#44 Dana Johnson - CB","#21 Jose Robins - CB","#26 Ervin Wilson - FS","#31 Jerrold Miley - FS","#25 Jose Castle - FS","#36 Karl Ferguson - SS","#41 Michael Liles - CB",,,,,,,,,,,,,,,,,,,,,,,,,,,,,,,,,,,,
RCR,1:15,"RCR 32",1,2,10,"Shotgun 4 Wide All Curls","Dime Flat 2 Deep Man Under",6,0,7,"2-10-RCR 32 (1:16) 12-Roger Ahmed pass complete to 19-Dallas Teague to RCR 38 for 6 yards. Tackle by 52-Charles Martinez.","#12 Roger Ahmed - QB","#89 Joseph Piggott - RB",,,,,,"#1 Nathaniel Harris - WR","#19 Dallas Teague - WR","#6 James Greer - WR","#86 Tony Blanchette - WR",,"#59 Jeffrey Walker - LT","#76 Kurt Martin - LG","#73 Kevin Shepherd - C","#62 David Lary - RG","#65 Steven Amick - RT",,"#55 Jonathan Reader - WLB",,"#92 Pete Olson - DT","#95 Roland Lakes - DT","#53 Jesse Brayton - SLB",,"#52 Charles Martinez - MLB",,,"#39 Gerald Betts - CB","#44 Dana Johnson - CB","#31 Jerrold Miley - FS","#21 Jose Robins - CB",,"#36 Karl Ferguson - SS","#41 Michael Liles - CB",,,,,,,,,,,,,,,,,,,,,,,,,,,,,,,,,,,,
RCR,0:43,"RCR 38",1,3,4,"Shotgun Normal HB Flare","Nickel Normal Man Cover 2",4,0,7,"3-4-RCR 38 (0:42) 12-Roger Ahmed pass complete to 1-Nathaniel Harris to RCR 41 for 4 yards. Tackle by 39-Gerald Betts.","#12 Roger Ahmed - QB","#5 Valentine Hembree - RB",,,,"#2 Jasper Ives - FB",,"#1 Nathaniel Harris - WR","#6 James Greer - WR","#19 Dallas Teague - WR",,,"#59 Jeffrey Walker - LT","#76 Kurt Martin - LG","#73 Kevin Shepherd - C","#62 David Lary - RG","#65 Steven Amick - RT",,"#91 Dennis Cordova - LDE",,"#92 Pete Olson - DT","#95 Roland Lakes - DT","#93 Donald Ryder - RDE",,"#53 Jesse Brayton - SLB",,"#55 Jonathan Reader - WLB","#39 Gerald Betts - CB","#44 Dana Johnson - CB",,"#21 Jose Robins - CB",,"#36 Karl Ferguson - SS","#41 Michael Liles - CB",,,,,,,,,,,,,,,,,,,,,,,,,,,,,,,,,,,,
RCR,0:08,"RCR 41",1,4,,"I Formation Normal HB Blast","4-3 Under Crash Right",-1,0,7,"4-1-RCR 41 (0:07) 5-Valentine Hembree ran to RCR 40 for -1 yards. Tackle by 55-Jonathan Reader. Turnover on downs.","#12 Roger Ahmed - QB","#5 Valentine Hembree - RB",,,"#87 Jamie Rausch - FB","#2 Jasper Ives - FB",,"#86 Tony Blanchette - WR",,"#80 David Copeland - WR",,,"#59 Jeffrey Walker - LT","#76 Kurt Martin - LG","#73 Kevin Shepherd - C","#62 David Lary - RG","#65 Steven Amick - RT",,"#91 Dennis Cordova - LDE",,"#92 Pete Olson - DT","#95 Roland Lakes - DT","#93 Donald Ryder - RDE","#57 Larry Bidwell - SLB","#59 Jimmy Miller - MLB",,"#55 Jonathan Reader - WLB","#39 Gerald Betts - CB","#44 Dana Johnson - CB",,,,"#36 Karl Ferguson - SS","#41 Michael Liles - CB",,,,,,,,,,,,,,,,,,,,,,,,,,,,,,,,,,,,
WRA,0:05,"RCR 40",1,1,10,"Weak I Big HB Off Tackle Strong","Dime Normal Double WR1",3,0,7,"1-10-RCR 40 (0:06) 32-Gordon Langley ran to RCR 38 for 3 yards. Tackle by 77-Kevin Scott.","#9 Melvin Ramos - QB","#32 Gordon Langley - RB",,,"#34 William Donelson - RB","#85 Tom Boyle - TE","#83 Matthew English - TE","#81 Earl Miller - WR",,,,,"#60 Theo Adams - LT","#61 Charles Johson - LG","#63 William Eubanks - C","#69 Richard Alcala - RG","#78 Timothy Lawrence - RT",,"#77 Kevin Scott - LDE",,"#97 Michael Dudley - DT","#91 William Thompson - DT","#94 William Andrews - RDE",,"#53 Derrick Agee - WLB",,,"#36 Mark Murray - CB","#8 Danny Bielecki - CB","#25 Peter Scott - CB","#20 James Stokes - CB",,"#28 Edward Dreher - SS","#21 Willie Felder - CB",,,,,,,,,,,,,,,,,,,,,,,,,,,,,,,,,,,,
,0:00,,1,2,7,,,,0,7,"End of first quarter.",,,,,,,,,,,,,,,,,,,,,,,,,,,,,,,,,,,,,,,,,,,,,,,,,,,,,,,,,,,,,,,,,,,,,,
WRA,15:00,"RCR 38",2,2,7,"I Formation Normal PA Fullback Flat","3-4 Normal Double WR2",,0,7,"2-7-RCR 38 (15:00) 9-Melvin Ramos pass Pass knocked down by 36-Mark Murray. incomplete, intended for 34-William Donelson. WRA 78-Timothy Lawrence was injured on the play. He looks like he should be able to return.","#9 Melvin Ramos - QB","#32 Gordon Langley - RB",,,"#34 William Donelson - RB","#85 Tom Boyle - TE",,"#81 Earl Miller - WR",,"#82 William Wade - WR",,,"#60 Theo Adams - LT","#61 Charles Johson - LG","#63 William Eubanks - C","#69 Richard Alcala - RG","#78 Timothy Lawrence - RT",,"#77 Kevin Scott - LDE",,"#97 Michael Dudley - DT",,"#94 William Andrews - RDE","#92 Randall Sandin - WLB","#53 Derrick Agee - WLB","#50 Stephen Herndon - MLB","#96 William Brown - WLB","#36 Mark Murray - CB","#20 James Stokes - CB",,,,"#28 Edward Dreher - SS","#8 Danny Bielecki - CB",,,,,,,,,,,,,,,,,,,,,,,,,,,,,,,,,,,,
WRA,14:56,"RCR 38",2,3,7,"Singleback Slot Strong HB Counter","3-4 Normal Man Cover 1",7,0,7,"3-7-RCR 38 (14:57) 29-Mike Robbins ran to RCR 31 for 7 yards. Tackle by 53-Derrick Agee.","#9 Melvin Ramos - QB","#29 Mike Robbins - RB",,,,"#85 Tom Boyle - TE",,"#81 Earl Miller - WR","#84 Amado Stockton - WR","#82 William Wade - WR",,,"#60 Theo Adams - LT","#61 Charles Johson - LG","#63 William Eubanks - C","#69 Richard Alcala - RG","#65 Dwayne Lane - RT",,"#77 Kevin Scott - LDE",,"#97 Michael Dudley - DT",,"#94 William Andrews - RDE","#92 Randall Sandin - WLB","#53 Derrick Agee - WLB","#50 Stephen Herndon - MLB","#96 William Brown - WLB","#36 Mark Murray - CB","#20 James Stokes - CB",,,,"#28 Edward Dreher - SS","#8 Danny Bielecki - CB",,,,,,,,,,,,,,,,,,,,,,,,,,,,,,,,,,,,
WRA,14:24,"RCR 31",2,4,1,"Field Goal","FG Block",41,0,10,"4-1-RCR 31 (14:23) 3-John Hampton 49 yard field goal is GOOD. RCR 0 WRA 10",,,,,,,,,,,,,,,,,,,,,,,,,,,,,,,,,,,,"#5 Joshua Welsh - P","#82 William Wade - WR",,,,,,,,,,,,,,"#3 John Hampton - K","#32 Gordon Langley - RB","#85 Tom Boyle - TE","#65 Dwayne Lane - RT","#61 Charles Johson - LG","#60 Theo Adams - LT","#73 Ronald Ormiston - LT","#89 Ryan Banister - TE","#62 William Nettles - LG","#90 Paul Wright - LDE","#97 Michael Dudley - DT","#94 William Andrews - RDE","#53 Derrick Agee - WLB","#25 Peter Scott - CB","#29 Brad Sinclair - CB","#98 Dale Hardin - SLB","#91 William Thompson - DT","#77 Kevin Scott - LDE","#8 Danny Bielecki - CB","#20 James Stokes - CB"
WRA,14:19,"WRA 35",2,6,10,Kickoff,"Kick Return",76,0,10,"(14:20) 3-John Hampton kicks 76 yards from WRA 35 to RCR -11. Touchback.",,,,,,,,,,,,,,,,,,,,,,,,,,,,,,,,,,,,,,"#11 Lowell Woodson - CB",,"#25 Peter Scott - CB","#99 Michael Zamora - WLB","#28 Edward Dreher - SS","#53 Derrick Agee - WLB","#36 Mark Murray - CB","#29 Brad Sinclair - CB","#92 Randall Sandin - WLB","#96 William Brown - WLB","#20 James Stokes - CB","#98 Dale Hardin - SLB","#3 John Hampton - K",,,,,,,,,,,,,,,,,,,,
RCR,14:19,"RCR 25",2,1,10,"I Formation Power Play Action HB Downfield","Goal Line Attack #3",11,0,10,"1-10-RCR 25 (14:20) 12-Roger Ahmed pass complete to 19-Dallas Teague to RCR 36 for 11 yards. Tackle by 39-Gerald Betts.","#12 Roger Ahmed - QB","#5 Valentine Hembree - RB",,"#2 Jasper Ives - FB","#89 Joseph Piggott - RB","#6 James Greer - WR",,"#19 Dallas Teague - WR",,,,,"#65 Steven Amick - RT","#76 Kurt Martin - LG","#71 William Gustafson - C","#62 David Lary - RG","#59 Jeffrey Walker - LT",,"#91 Dennis Cordova - LDE","#76 Christopher Greco - LDE","#92 Pete Olson - DT","#95 Roland Lakes - DT","#93 Donald Ryder - RDE","#57 Larry Bidwell - SLB","#59 Jimmy Miller - MLB",,"#55 Jonathan Reader - WLB","#39 Gerald Betts - CB","#44 Dana Johnson - CB",,,,"#36 Karl Ferguson - SS",,,,,,,,,,,,,,,,,,,,,,,,,,,,,,,,,,,,,
RCR,13:35,"RCR 36",2,1,10,"Shotgun Normal HB Flare","Nickel 3-3-5 Cover 2 Man Under",21,0,10,"1-10-RCR 36 (13:34) 12-Roger Ahmed pass complete to 19-Dallas Teague to WRA 43 for 21 yards. Tackle by 26-Ervin Wilson.","#12 Roger Ahmed - QB","#5 Valentine Hembree - RB",,,,"#2 Jasper Ives - FB",,"#1 Nathaniel Harris - WR","#6 James Greer - WR","#19 Dallas Teague - WR",,,"#59 Jeffrey Walker - LT","#76 Kurt Martin - LG","#73 Kevin Shepherd - C","#62 David Lary - RG","#65 Steven Amick - RT",,"#91 Dennis Cordova - LDE",,"#92 Pete Olson - DT",,"#93 Donald Ryder - RDE","#57 Larry Bidwell - SLB","#53 Jesse Brayton - SLB",,"#55 Jonathan Reader - WLB","#21 Jose Robins - CB","#26 Ervin Wilson - FS",,"#25 Jose Castle - FS",,"#31 Jerrold Miley - FS","#41 Michael Liles - CB",,,,,,,,,,,,,,,,,,,,,,,,,,,,,,,,,,,,
RCR,12:55,"WRA 43",2,1,10,"Weak I Normal FB Inside Weak","4-3 Normal Man QB Spy",,0,10,"1-10-WRA 43 (12:54) 87-Jamie Rausch ran to WRA 43 for a short gain. Tackle by 93-Donald Ryder.","#12 Roger Ahmed - QB","#89 Joseph Piggott - RB",,,"#87 Jamie Rausch - FB","#81 Mathew Franzen - TE",,"#1 Nathaniel Harris - WR",,"#86 Tony Blanchette - WR",,,"#59 Jeffrey Walker - LT","#76 Kurt Martin - LG","#73 Kevin Shepherd - C","#62 David Lary - RG","#65 Steven Amick - RT",,"#91 Dennis Cordova - LDE",,"#92 Pete Olson - DT","#95 Roland Lakes - DT","#93 Donald Ryder - RDE","#57 Larry Bidwell - SLB","#59 Jimmy Miller - MLB",,"#50 Thomas Yocum - MLB","#39 Gerald Betts - CB","#44 Dana Johnson - CB",,,,"#36 Karl Ferguson - SS","#41 Michael Liles - CB",,,,,,,,,,,,,,,,,,,,,,,,,,,,,,,,,,,,
RCR,12:12,"WRA 43",2,2,10,"I Formation Power HB Strong Outside","Goal Line Attack #2",3,0,10,"2-10-WRA 43 (12:11) 5-Valentine Hembree ran to WRA 40 for 3 yards. Tackle by 55-Jonathan Reader.","#12 Roger Ahmed - QB","#5 Valentine Hembree - RB",,"#2 Jasper Ives - FB","#89 Joseph Piggott - RB","#6 James Greer - WR",,"#19 Dallas Teague - WR",,,,,"#65 Steven Amick - RT","#76 Kurt Martin - LG","#71 William Gustafson - C","#62 David Lary - RG","#59 Jeffrey Walker - LT",,"#91 Dennis Cordova - LDE","#76 Christopher Greco - LDE","#92 Pete Olson - DT","#95 Roland Lakes - DT","#93 Donald Ryder - RDE","#57 Larry Bidwell - SLB","#59 Jimmy Miller - MLB",,"#55 Jonathan Reader - WLB","#39 Gerald Betts - CB","#44 Dana Johnson - CB",,,,"#36 Karl Ferguson - SS",,,,,,,,,,,,,,,,,,,,,,,,,,,,,,,,,,,,,
RCR,11:33,"WRA 40",2,3,7,"Split Backs Normal WR Post","4-3 Under Double Safety Blitz",12,0,10,"3-7-WRA 40 (11:32) 12-Roger Ahmed pass complete to 81-Mathew Franzen to WRA 28 for 12 yards. Tackle by 59-Jimmy Miller.","#12 Roger Ahmed - QB","#89 Joseph Piggott - RB",,,"#2 Jasper Ives - FB","#81 Mathew Franzen - TE",,"#1 Nathaniel Harris - WR",,"#6 James Greer - WR",,,"#59 Jeffrey Walker - LT","#76 Kurt Martin - LG","#73 Kevin Shepherd - C","#62 David Lary - RG","#65 Steven Amick - RT",,"#91 Dennis Cordova - LDE",,"#92 Pete Olson - DT","#95 Roland Lakes - DT","#93 Donald Ryder - RDE","#57 Larry Bidwell - SLB","#59 Jimmy Miller - MLB",,"#55 Jonathan Reader - WLB","#39 Gerald Betts - CB","#44 Dana Johnson - CB",,,,"#36 Karl Ferguson - SS","#41 Michael Liles - CB",,,,,,,,,,,,,,,,,,,,,,,,,,,,,,,,,,,,
RCR,10:56,"WRA 28",2,1,10,"I Formation Power HB Dive Weak","Goal Line Attack #2",2,0,10,"1-10-WRA 28 (10:55) 5-Valentine Hembree ran to WRA 26 for 2 yards. Tackle by 55-Jonathan Reader.","#12 Roger Ahmed - QB","#5 Valentine Hembree - RB",,"#2 Jasper Ives - FB","#89 Joseph Piggott - RB","#6 James Greer - WR",,"#19 Dallas Teague - WR",,,,,"#59 Jeffrey Walker - LT","#76 Kurt Martin - LG","#71 William Gustafson - C","#62 David Lary - RG","#65 Steven Amick - RT",,"#91 Dennis Cordova - LDE","#76 Christopher Greco - LDE","#92 Pete Olson - DT","#95 Roland Lakes - DT","#93 Donald Ryder - RDE","#57 Larry Bidwell - SLB","#59 Jimmy Miller - MLB",,"#55 Jonathan Reader - WLB","#39 Gerald Betts - CB","#44 Dana Johnson - CB",,,,"#36 Karl Ferguson - SS",,,,,,,,,,,,,,,,,,,,,,,,,,,,,,,,,,,,,
RCR,10:18,"WRA 26",2,2,8,"Strong I Normal HB Off Tackle Strong","46 Heavy 2 Deep Man Under",9,0,10,"2-8-WRA 26 (10:17) 89-Joseph Piggott ran to WRA 17 for 9 yards. Tackle by 41-Michael Liles.","#12 Roger Ahmed - QB","#89 Joseph Piggott - RB",,,"#2 Jasper Ives - FB","#81 Mathew Franzen - TE",,"#1 Nathaniel Harris - WR",,"#6 James Greer - WR",,,"#59 Jeffrey Walker - LT","#76 Kurt Martin - LG","#73 Kevin Shepherd - C","#62 David Lary - RG","#65 Steven Amick - RT",,"#91 Dennis Cordova - LDE",,"#92 Pete Olson - DT","#95 Roland Lakes - DT","#93 Donald Ryder - RDE","#57 Larry Bidwell - SLB","#59 Jimmy Miller - MLB",,"#55 Jonathan Reader - WLB","#39 Gerald Betts - CB","#44 Dana Johnson - CB",,,,"#36 Karl Ferguson - SS","#41 Michael Liles - CB",,,,,,,,,,,,,,,,,,,,,,,,,,,,,,,,,,,,
RCR,9:38,"WRA 17",2,1,10,"I Formation Normal FL Hitch","4-3 Under Double Safety Blitz",2,0,10,"1-10-WRA 17 (9:37) 12-Roger Ahmed pass complete to 6-James Greer to WRA 16 for 2 yards. Tackle by 39-Gerald Betts.","#12 Roger Ahmed - QB","#5 Valentine Hembree - RB",,,"#87 Jamie Rausch - FB","#2 Jasper Ives - FB",,"#6 James Greer - WR",,"#19 Dallas Teague - WR",,,"#59 Jeffrey Walker - LT","#76 Kurt Martin - LG","#73 Kevin Shepherd - C","#62 David Lary - RG","#65 Steven Amick - RT",,"#91 Dennis Cordova - LDE",,"#92 Pete Olson - DT","#95 Roland Lakes - DT","#93 Donald Ryder - RDE","#57 Larry Bidwell - SLB","#59 Jimmy Miller - MLB",,"#55 Jonathan Reader - WLB","#39 Gerald Betts - CB","#44 Dana Johnson - CB",,,,"#36 Karl Ferguson - SS","#41 Michael Liles - CB",,,,,,,,,,,,,,,,,,,,,,,,,,,,,,,,,,,,
RCR,8:59,"WRA 16",2,2,8,"Shotgun 2 RB 3 WR Shotgun Dive","Nickel Normal Double WR2",7,0,10,"2-8-WRA 16 (8:58) 5-Valentine Hembree ran to WRA 8 for 7 yards. Tackle by 44-Dana Johnson.","#12 Roger Ahmed - QB","#5 Valentine Hembree - RB","#89 Joseph Piggott - RB",,,,,"#80 David Copeland - WR","#1 Nathaniel Harris - WR","#19 Dallas Teague - WR",,,"#59 Jeffrey Walker - LT","#76 Kurt Martin - LG","#73 Kevin Shepherd - C","#62 David Lary - RG","#65 Steven Amick - RT",,"#91 Dennis Cordova - LDE",,"#92 Pete Olson - DT","#95 Roland Lakes - DT","#93 Donald Ryder - RDE",,"#53 Jesse Brayton - SLB",,"#55 Jonathan Reader - WLB","#39 Gerald Betts - CB","#44 Dana Johnson - CB",,"#21 Jose Robins - CB",,"#36 Karl Ferguson - SS","#41 Michael Liles - CB",,,,,,,,,,,,,,,,,,,,,,,,,,,,,,,,,,,,
RCR,8:19,"WRA 8",2,3,1,"I Formation 3WR HB Inside Weak","Nickel Normal Double WR2",7,0,10,"3-1-WRA 8 (8:18) 89-Joseph Piggott ran to WRA 1 for 7 yards. Tackle by 36-Karl Ferguson.","#12 Roger Ahmed - QB","#89 Joseph Piggott - RB",,,"#2 Jasper Ives - FB",,,"#1 Nathaniel Harris - WR","#86 Tony Blanchette - WR","#6 James Greer - WR",,,"#59 Jeffrey Walker - LT","#76 Kurt Martin - LG","#73 Kevin Shepherd - C","#62 David Lary - RG","#65 Steven Amick - RT",,"#91 Dennis Cordova - LDE",,"#92 Pete Olson - DT","#95 Roland Lakes - DT","#93 Donald Ryder - RDE",,"#53 Jesse Brayton - SLB",,"#55 Jonathan Reader - WLB","#39 Gerald Betts - CB","#21 Jose Robins - CB",,"#31 Jerrold Miley - FS",,"#36 Karl Ferguson - SS","#41 Michael Liles - CB",,,,,,,,,,,,,,,,,,,,,,,,,,,,,,,,,,,,
RCR,7:34,"WRA 1",2,1,1,"Weak I Normal HB Inside Weak","4-3 Normal Double WR3",1,6,10,"1-1-WRA 1 (7:33) 5-Valentine Hembree ran for 1 yards. TOUCHDOWN! RCR 6 WRA 10","#12 Roger Ahmed - QB","#5 Valentine Hembree - RB",,,"#87 Jamie Rausch - FB","#2 Jasper Ives - FB",,"#6 James Greer - WR",,"#19 Dallas Teague - WR",,,"#59 Jeffrey Walker - LT","#76 Kurt Martin - LG","#73 Kevin Shepherd - C","#62 David Lary - RG","#65 Steven Amick - RT",,"#91 Dennis Cordova - LDE",,"#92 Pete Olson - DT","#95 Roland Lakes - DT","#93 Donald Ryder - RDE","#57 Larry Bidwell - SLB","#59 Jimmy Miller - MLB",,"#55 Jonathan Reader - WLB","#39 Gerald Betts - CB","#44 Dana Johnson - CB",,,,"#36 Karl Ferguson - SS","#31 Jerrold Miley - FS",,,,,,,,,,,,,,,,,,,,,,,,,,,,,,,,,,,,
RCR,7:31,"WRA 15",2,7,15,"Field Goal","FG Block",25,7,10,"(7:32) Extra point GOOD by 14-Robert Rodriguez. RCR 7 WRA 10",,,,,,,,,,,,,,,,,,,,,,,,,,,,,,,,,,,,"#7 Salvador Jamieson - P","#59 Jeffrey Walker - LT",,,,,,,,,,,,,,"#14 Robert Rodriguez - K","#62 David Lary - RG","#75 Ralph Mitchell - LT","#65 Steven Amick - RT","#57 Donald Reneau - LG","#76 Kurt Martin - LG","#73 Kevin Shepherd - C","#61 Larry Fink - C","#71 William Gustafson - C","#52 Charles Martinez - MLB","#59 Jimmy Miller - MLB","#91 Dennis Cordova - LDE","#76 Christopher Greco - LDE","#92 Pete Olson - DT","#99 Lester Smith - RDE","#93 Donald Ryder - RDE","#94 James Kibby - LDE","#95 Roland Lakes - DT","#55 Jonathan Reader - WLB","#53 Jesse Brayton - SLB"
RCR,7:31,"RCR 35",2,6,10,Kickoff,"Kick Return",,7,10,"(7:32) 14-Robert Rodriguez kicks 66 yards from RCR 35 to WRA -1. 34-William Donelson to WRA 18 for 20 yards. Tackle by 29-Brad Sinclair.",,,,,,,,,,,,,,,,,,,,,,,,,,,,,,,,,,,,,,"#34 William Donelson - RB",,"#99 Lester Smith - RDE","#36 Karl Ferguson - SS","#59 Jimmy Miller - MLB","#21 Jose Robins - CB","#55 Jonathan Reader - WLB","#50 Thomas Yocum - MLB","#39 Gerald Betts - CB","#52 Charles Martinez - MLB","#44 Dana Johnson - CB","#93 Donald Ryder - RDE","#14 Robert Rodriguez - K",,,,,,,,,,,,,,,,,,,,
WRA,7:27,"WRA 18",2,1,10,"Singleback Slot Strong HB Counter","3-4 Normal Man Cover 1",-3,7,10,"1-10-WRA 18 (7:28) 32-Gordon Langley ran to WRA 16 for -3 yards. Tackle by 52-Yojimbo Frost.","#9 Melvin Ramos - QB","#32 Gordon Langley - RB",,,,"#85 Tom Boyle - TE",,"#81 Earl Miller - WR","#84 Amado Stockton - WR","#82 William Wade - WR",,,"#60 Theo Adams - LT","#61 Charles Johson - LG","#63 William Eubanks - C","#69 Richard Alcala - RG","#65 Dwayne Lane - RT",,"#77 Kevin Scott - LDE",,"#97 Michael Dudley - DT",,"#94 William Andrews - RDE","#52 Yojimbo Frost - WLB","#50 Stephen Herndon - MLB","#53 Derrick Agee - WLB","#96 William Brown - WLB","#8 Danny Bielecki - CB","#36 Mark Murray - CB",,,,"#11 Lowell Woodson - CB","#21 Willie Felder - CB",,,,,,,,,,,,,,,,,,,,,,,,,,,,,,,,,,,,
WRA,6:57,"WRA 16",2,2,13,"Weak I Big Off Tackle Weak","3-4 Normal Man Cover 1",,7,10,"2-13-WRA 16 (6:56) 32-Gordon Langley ran to WRA 16 for a short gain. Tackle by 94-William Andrews.","#9 Melvin Ramos - QB","#32 Gordon Langley - RB",,,"#34 William Donelson - RB","#85 Tom Boyle - TE","#83 Matthew English - TE","#81 Earl Miller - WR",,,,,"#60 Theo Adams - LT","#61 Charles Johson - LG","#63 William Eubanks - C","#69 Richard Alcala - RG","#65 Dwayne Lane - RT",,"#77 Kevin Scott - LDE",,"#97 Michael Dudley - DT",,"#94 William Andrews - RDE","#92 Randall Sandin - WLB","#53 Derrick Agee - WLB","#50 Stephen Herndon - MLB","#96 William Brown - WLB","#36 Mark Murray - CB","#20 James Stokes - CB",,,,"#28 Edward Dreher - SS","#8 Danny Bielecki - CB",,,,,,,,,,,,,,,,,,,,,,,,,,,,,,,,,,,,
WRA,6:16,"WRA 16",2,3,13,"Shotgun Normal HB Flare","3-4 Normal Man Cover 1",,7,10,"3-13-WRA 16 (6:15) 9-Melvin Ramos pass incomplete, dropped by 82-William Wade. 20-James Stokes got away with a hold on that play.","#9 Melvin Ramos - QB","#32 Gordon Langley - RB",,,,"#85 Tom Boyle - TE",,"#81 Earl Miller - WR","#84 Amado Stockton - WR","#82 William Wade - WR",,,"#60 Theo Adams - LT","#61 Charles Johson - LG","#63 William Eubanks - C","#69 Richard Alcala - RG","#65 Dwayne Lane - RT",,"#77 Kevin Scott - LDE",,"#97 Michael Dudley - DT",,"#94 William Andrews - RDE","#92 Randall Sandin - WLB","#53 Derrick Agee - WLB","#50 Stephen Herndon - MLB","#96 William Brown - WLB","#36 Mark Murray - CB","#20 James Stokes - CB",,,,"#28 Edward Dreher - SS","#8 Danny Bielecki - CB",,,,,,,,,,,,,,,,,,,,,,,,,,,,,,,,,,,,
WRA,6:10,"WRA 16",2,4,13,Punt,"Punt Return",,7,10,"4-13-WRA 16 (6:11) 5-Joshua Welsh punts 45 yards to RCR 39. 11-Lowell Woodson to RCR 40 for 1 yards. Tackle by 55-Jonathan Reader. WRA 55-Jonathan Reader was injured on the play. He looks like he should be able to return.",,,,,,,,,,,,,,,,,,"#5 Joshua Welsh - P",,,,,,,,,,,,,,,,,,,"#82 William Wade - WR",,"#11 Lowell Woodson - CB",,,"#28 Edward Dreher - SS","#98 Dale Hardin - SLB","#36 Mark Murray - CB",,"#92 Randall Sandin - WLB","#96 William Brown - WLB",,"#20 James Stokes - CB",,,,"#85 Tom Boyle - TE","#65 Dwayne Lane - RT","#61 Charles Johson - LG","#60 Theo Adams - LT","#73 Ronald Ormiston - LT","#89 Ryan Banister - TE",,"#90 Paul Wright - LDE","#97 Michael Dudley - DT","#94 William Andrews - RDE","#53 Derrick Agee - WLB",,,,,,,
RCR,6:02,"RCR 40",2,1,10,"Shotgun 4 Wide All Curls","Dime Normal Double WR3",5,7,10,"1-10-RCR 40 (6:03) 12-Roger Ahmed pass complete to 86-Tony Blanchette to RCR 45 for 5 yards. Tackle by 26-Ervin Wilson. Nice job by 86-Tony Blanchette on that route to lose his coverage.","#12 Roger Ahmed - QB","#89 Joseph Piggott - RB",,,,,,"#1 Nathaniel Harris - WR","#19 Dallas Teague - WR","#6 James Greer - WR","#86 Tony Blanchette - WR",,"#59 Jeffrey Walker - LT","#76 Kurt Martin - LG","#73 Kevin Shepherd - C","#62 David Lary - RG","#65 Steven Amick - RT",,"#91 Dennis Cordova - LDE",,"#92 Pete Olson - DT","#95 Roland Lakes - DT","#93 Donald Ryder - RDE",,"#52 Charles Martinez - MLB",,,"#44 Dana Johnson - CB","#21 Jose Robins - CB","#26 Ervin Wilson - FS","#31 Jerrold Miley - FS",,"#36 Karl Ferguson - SS","#41 Michael Liles - CB",,,,,,,,,,,,,,,,,,,,,,,,,,,,,,,,,,,,
RCR,5:30,"RCR 45",2,2,5,"Singleback Slot Strong HB Counter","Nickel 3-3-5 Cover 2 Man Under",5,7,10,"2-5-RCR 45 (5:29) 89-Joseph Piggott ran to WRA 49 for 5 yards. Tackle by 53-Jesse Brayton.","#12 Roger Ahmed - QB","#89 Joseph Piggott - RB",,,,"#2 Jasper Ives - FB",,"#1 Nathaniel Harris - WR","#6 James Greer - WR","#80 David Copeland - WR",,,"#59 Jeffrey Walker - LT","#76 Kurt Martin - LG","#73 Kevin Shepherd - C","#62 David Lary - RG","#65 Steven Amick - RT",,"#91 Dennis Cordova - LDE",,"#92 Pete Olson - DT",,"#93 Donald Ryder - RDE","#57 Larry Bidwell - SLB","#53 Jesse Brayton - SLB",,"#50 Thomas Yocum - MLB","#39 Gerald Betts - CB","#44 Dana Johnson - CB",,"#21 Jose Robins - CB",,"#36 Karl Ferguson - SS","#41 Michael Liles - CB",,,,,,,,,,,,,,,,,,,,,,,,,,,,,,,,,,,,
RCR,4:47,"WRA 49",2,1,10,"Strong I Normal HB Off Tackle Strong","46 Heavy 2 Deep Man Under",,7,10,"1-10-WRA 49 (4:46) PENALTY - False Start (RCR 62-David Lary)","#12 Roger Ahmed - QB","#89 Joseph Piggott - RB",,,"#2 Jasper Ives - FB","#81 Mathew Franzen - TE",,"#1 Nathaniel Harris - WR",,"#6 James Greer - WR",,,"#59 Jeffrey Walker - LT","#76 Kurt Martin - LG","#73 Kevin Shepherd - C","#62 David Lary - RG","#65 Steven Amick - RT",,"#91 Dennis Cordova - LDE",,"#92 Pete Olson - DT","#95 Roland Lakes - DT","#93 Donald Ryder - RDE","#57 Larry Bidwell - SLB","#59 Jimmy Miller - MLB",,"#50 Thomas Yocum - MLB","#39 Gerald Betts - CB","#44 Dana Johnson - CB",,,,"#36 Karl Ferguson - SS","#41 Michael Liles - CB",,,,,,,,,,,,,,,,,,,,,,,,,,,,,,,,,,,,
RCR,4:45,"RCR 46",2,1,15,"Split Backs Normal FB Off Tackle","4-3 Normal Man QB Spy",-0,7,10,"1-15-RCR 46 (4:46) 2-Jasper Ives ran to RCR 45 for a short loss. Tackle by 93-Donald Ryder.","#12 Roger Ahmed - QB","#89 Joseph Piggott - RB",,,"#2 Jasper Ives - FB","#81 Mathew Franzen - TE",,"#1 Nathaniel Harris - WR",,"#6 James Greer - WR",,,"#59 Jeffrey Walker - LT","#76 Kurt Martin - LG","#73 Kevin Shepherd - C","#62 David Lary - RG","#65 Steven Amick - RT",,"#91 Dennis Cordova - LDE",,"#92 Pete Olson - DT","#95 Roland Lakes - DT","#93 Donald Ryder - RDE","#57 Larry Bidwell - SLB","#59 Jimmy Miller - MLB",,"#50 Thomas Yocum - MLB","#39 Gerald Betts - CB","#44 Dana Johnson - CB",,,,"#36 Karl Ferguson - SS","#41 Michael Liles - CB",,,,,,,,,,,,,,,,,,,,,,,,,,,,,,,,,,,,
RCR,4:14,"RCR 45",2,2,15,"I Formation 3WR Slot Corner Long","Nickel Normal Man Cover 2",,7,10,"2-15-RCR 45 (4:13) 12-Roger Ahmed pass Pass knocked down by 53-Jesse Brayton. incomplete, intended for 5-Valentine Hembree. Pressure by 91-Dennis Cordova.","#12 Roger Ahmed - QB","#5 Valentine Hembree - RB",,,"#2 Jasper Ives - FB",,,"#1 Nathaniel Harris - WR","#6 James Greer - WR","#19 Dallas Teague - WR",,,"#59 Jeffrey Walker - LT","#76 Kurt Martin - LG","#73 Kevin Shepherd - C","#62 David Lary - RG","#65 Steven Amick - RT",,"#91 Dennis Cordova - LDE",,"#92 Pete Olson - DT","#95 Roland Lakes - DT","#93 Donald Ryder - RDE",,"#53 Jesse Brayton - SLB",,"#50 Thomas Yocum - MLB","#39 Gerald Betts - CB","#44 Dana Johnson - CB",,"#21 Jose Robins - CB",,"#36 Karl Ferguson - SS","#41 Michael Liles - CB",,,,,,,,,,,,,,,,,,,,,,,,,,,,,,,,,,,,
RCR,4:07,"RCR 45",2,3,15,"Shotgun 2 RB 3 WR WR Curl","Nickel Normal Shallow Zone Deep",14,7,10,"3-15-RCR 45 (4:08) 12-Roger Ahmed pass complete to 89-Joseph Piggott to WRA 40 for 14 yards. Tackle by 53-Jesse Brayton.","#12 Roger Ahmed - QB","#89 Joseph Piggott - RB","#27 Mark McCants - WR",,,,,"#80 David Copeland - WR","#15 Carlos Montgomery - WR","#86 Tony Blanchette - WR",,,"#59 Jeffrey Walker - LT","#76 Kurt Martin - LG","#73 Kevin Shepherd - C","#62 David Lary - RG","#65 Steven Amick - RT",,"#91 Dennis Cordova - LDE",,"#92 Pete Olson - DT","#95 Roland Lakes - DT","#93 Donald Ryder - RDE",,"#53 Jesse Brayton - SLB",,"#55 Jonathan Reader - WLB","#44 Dana Johnson - CB","#21 Jose Robins - CB",,"#31 Jerrold Miley - FS",,"#36 Karl Ferguson - SS","#41 Michael Liles - CB",,,,,,,,,,,,,,,,,,,,,,,,,,,,,,,,,,,,
RCR,3:24,"WRA 40",2,4,1,"Split Backs Normal FB Off Tackle","46 Heavy 2 Deep Man Under",1,7,10,"4-1-WRA 40 (3:23) 2-Jasper Ives ran to WRA 39 for 1 yards. Tackle by 95-Roland Lakes.","#12 Roger Ahmed - QB","#27 Mark McCants - WR",,,"#2 Jasper Ives - FB","#81 Mathew Franzen - TE",,"#1 Nathaniel Harris - WR",,"#6 James Greer - WR",,,"#59 Jeffrey Walker - LT","#76 Kurt Martin - LG","#73 Kevin Shepherd - C","#62 David Lary - RG","#65 Steven Amick - RT",,"#91 Dennis Cordova - LDE",,"#92 Pete Olson - DT","#95 Roland Lakes - DT","#93 Donald Ryder - RDE","#57 Larry Bidwell - SLB","#59 Jimmy Miller - MLB",,"#55 Jonathan Reader - WLB","#39 Gerald Betts - CB","#25 Jose Castle - FS",,,,"#31 Jerrold Miley - FS","#26 Ervin Wilson - FS",,,,,,,,,,,,,,,,,,,,,,,,,,,,,,,,,,,,
RCR,2:43,"WRA 39",2,1,10,"Split Backs Normal Posts","4-3 Normal Man QB Spy",7,7,10,"1-10-WRA 39 (2:42) 12-Roger Ahmed pass complete to 89-Joseph Piggott to WRA 32 for 7 yards. Tackle by 44-Dana Johnson.","#12 Roger Ahmed - QB","#89 Joseph Piggott - RB",,,"#2 Jasper Ives - FB","#81 Mathew Franzen - TE",,"#1 Nathaniel Harris - WR",,"#6 James Greer - WR",,,"#59 Jeffrey Walker - LT","#76 Kurt Martin - LG","#73 Kevin Shepherd - C","#62 David Lary - RG","#65 Steven Amick - RT",,"#91 Dennis Cordova - LDE",,"#92 Pete Olson - DT","#95 Roland Lakes - DT","#93 Donald Ryder - RDE","#57 Larry Bidwell - SLB","#59 Jimmy Miller - MLB",,"#55 Jonathan Reader - WLB","#39 Gerald Betts - CB","#21 Jose Robins - CB",,,,"#44 Dana Johnson - CB","#26 Ervin Wilson - FS",,,,,,,,,,,,,,,,,,,,,,,,,,,,,,,,,,,,
,2:00,,2,2,3,,,,7,10,"Timeout for two minute warning.",,,,,,,,,,,,,,,,,,,,,,,,,,,,,,,,,,,,,,,,,,,,,,,,,,,,,,,,,,,,,,,,,,,,,,
RCR,2:00,"WRA 32",2,2,3,"Split Backs Normal WR Post","46 Heavy 2 Deep Man Under",-7,7,10,"2-3-WRA 32 (2:00) 12-Roger Ahmed sacked at WRA 39 for -7 yards (93-Donald Ryder). Sack allowed by 59-Jeffrey Walker.","#12 Roger Ahmed - QB","#27 Mark McCants - WR",,,"#87 Jamie Rausch - FB","#2 Jasper Ives - FB",,"#19 Dallas Teague - WR",,"#86 Tony Blanchette - WR",,,"#59 Jeffrey Walker - LT","#76 Kurt Martin - LG","#73 Kevin Shepherd - C","#62 David Lary - RG","#65 Steven Amick - RT",,"#91 Dennis Cordova - LDE",,"#92 Pete Olson - DT","#95 Roland Lakes - DT","#93 Donald Ryder - RDE","#57 Larry Bidwell - SLB","#59 Jimmy Miller - MLB",,"#55 Jonathan Reader - WLB","#39 Gerald Betts - CB","#31 Jerrold Miley - FS",,,,"#36 Karl Ferguson - SS","#41 Michael Liles - CB",,,,,,,,,,,,,,,,,,,,,,,,,,,,,,,,,,,,
,1:57,,2,3,10,,,,7,10,"Timeout RCR",,,,,,,,,,,,,,,,,,,,,,,,,,,,,,,,,,,,,,,,,,,,,,,,,,,,,,,,,,,,,,,,,,,,,,
RCR,1:54,"WRA 39",2,3,10,"Split Backs Normal Posts","46 Heavy 2 Deep Man Under",,7,10,"3-10-WRA 39 (1:55) 12-Roger Ahmed pass Pass knocked down by 59-Jimmy Miller. incomplete, intended for 81-Mathew Franzen. 59-Jimmy Miller got away with a hold on that play.","#12 Roger Ahmed - QB","#89 Joseph Piggott - RB",,,"#2 Jasper Ives - FB","#81 Mathew Franzen - TE",,"#1 Nathaniel Harris - WR",,"#6 James Greer - WR",,,"#59 Jeffrey Walker - LT","#76 Kurt Martin - LG","#73 Kevin Shepherd - C","#62 David Lary - RG","#65 Steven Amick - RT",,"#91 Dennis Cordova - LDE",,"#92 Pete Olson - DT","#95 Roland Lakes - DT","#93 Donald Ryder - RDE","#57 Larry Bidwell - SLB","#59 Jimmy Miller - MLB",,"#55 Jonathan Reader - WLB","#39 Gerald Betts - CB","#44 Dana Johnson - CB",,,,"#36 Karl Ferguson - SS","#41 Michael Liles - CB",,,,,,,,,,,,,,,,,,,,,,,,,,,,,,,,,,,,
RCR,1:50,"WRA 39",2,4,10,"Field Goal","FG Block",49,7,10,"4-10-WRA 39 (1:51) 14-Robert Rodriguez 57 yard field goal is NO GOOD. (Short)",,,,,,,,,,,,,,,,,,,,,,,,,,,,,,,,,,,,"#7 Salvador Jamieson - P","#59 Jeffrey Walker - LT",,,,,,,,,,,,,,"#14 Robert Rodriguez - K","#62 David Lary - RG","#75 Ralph Mitchell - LT","#65 Steven Amick - RT","#57 Donald Reneau - LG","#76 Kurt Martin - LG","#73 Kevin Shepherd - C","#61 Larry Fink - C","#71 William Gustafson - C","#52 Charles Martinez - MLB","#59 Jimmy Miller - MLB","#91 Dennis Cordova - LDE","#76 Christopher Greco - LDE","#92 Pete Olson - DT","#99 Lester Smith - RDE","#93 Donald Ryder - RDE","#94 James Kibby - LDE","#95 Roland Lakes - DT","#55 Jonathan Reader - WLB","#53 Jesse Brayton - SLB"
WRA,1:46,"WRA 46",2,1,10,"I Formation Power PA Flats","4-3 Under Crash Right",2,7,10,"1-10-WRA 46 (1:47) 9-Melvin Ramos pass complete to 85-Tom Boyle to WRA 48 for 2 yards. Tackle by 8-Danny Bielecki. Nice job by 85-Tom Boyle on that route to lose his coverage.","#9 Melvin Ramos - QB","#32 Gordon Langley - RB",,"#29 Mike Robbins - RB","#34 William Donelson - RB","#85 Tom Boyle - TE",,"#81 Earl Miller - WR",,,,,"#60 Theo Adams - LT","#61 Charles Johson - LG","#63 William Eubanks - C","#69 Richard Alcala - RG","#78 Timothy Lawrence - RT",,"#77 Kevin Scott - LDE",,"#97 Michael Dudley - DT","#91 William Thompson - DT","#94 William Andrews - RDE","#92 Randall Sandin - WLB","#53 Derrick Agee - WLB",,"#96 William Brown - WLB","#36 Mark Murray - CB","#8 Danny Bielecki - CB",,,,"#28 Edward Dreher - SS","#21 Willie Felder - CB",,,,,,,,,,,,,,,,,,,,,,,,,,,,,,,,,,,,
,1:44,,2,2,8,,,,7,10,"Timeout WRA",,,,,,,,,,,,,,,,,,,,,,,,,,,,,,,,,,,,,,,,,,,,,,,,,,,,,,,,,,,,,,,,,,,,,,
WRA,1:41,"WRA 48",2,2,8,"Weak I Normal WR Corner TE Middle","4-3 Under Double LB Blitz",8,7,10,"2-8-WRA 48 (1:42) 9-Melvin Ramos pass complete to 34-William Donelson to RCR 44 for 8 yards. Tackle by 28-Edward Dreher. Pressure by 77-Kevin Scott.","#9 Melvin Ramos - QB","#34 William Donelson - RB",,,"#27 Francisco Wilson - RB","#85 Tom Boyle - TE",,"#81 Earl Miller - WR",,"#82 William Wade - WR",,,"#60 Theo Adams - LT","#61 Charles Johson - LG","#63 William Eubanks - C","#69 Richard Alcala - RG","#78 Timothy Lawrence - RT",,"#77 Kevin Scott - LDE",,"#97 Michael Dudley - DT","#91 William Thompson - DT","#94 William Andrews - RDE","#92 Randall Sandin - WLB","#53 Derrick Agee - WLB",,"#96 William Brown - WLB","#36 Mark Murray - CB","#8 Danny Bielecki - CB",,,,"#28 Edward Dreher - SS","#21 Willie Felder - CB",,,,,,,,,,,,,,,,,,,,,,,,,,,,,,,,,,,,
,1:37,,2,1,10,,,,7,10,"Timeout WRA",,,,,,,,,,,,,,,,,,,,,,,,,,,,,,,,,,,,,,,,,,,,,,,,,,,,,,,,,,,,,,,,,,,,,,
WRA,1:35,"RCR 44",2,1,10,"Weak I Normal Skinny Posts","3-4 Normal Double WR2",-1,7,10,"1-10-RCR 44 (1:36) 9-Melvin Ramos pass complete to 32-Gordon Langley to RCR 45 for -1 yards. Tackle by 36-Mark Murray. Great move by 32-Gordon Langley to get free of his coverage.","#9 Melvin Ramos - QB","#32 Gordon Langley - RB",,,"#29 Mike Robbins - RB","#85 Tom Boyle - TE",,"#84 Amado Stockton - WR",,"#88 Morton Ricketts - WR",,,"#60 Theo Adams - LT","#61 Charles Johson - LG","#63 William Eubanks - C","#69 Richard Alcala - RG","#78 Timothy Lawrence - RT",,"#77 Kevin Scott - LDE",,"#97 Michael Dudley - DT",,"#94 William Andrews - RDE","#92 Randall Sandin - WLB","#53 Derrick Agee - WLB","#50 Stephen Herndon - MLB","#96 William Brown - WLB","#36 Mark Murray - CB","#20 James Stokes - CB",,,,"#28 Edward Dreher - SS","#8 Danny Bielecki - CB",,,,,,,,,,,,,,,,,,,,,,,,,,,,,,,,,,,,
WRA,1:13,"RCR 45",2,2,11,"Empty 4 Wide Spread Flats","Dime Normal Man Cover 1",1,7,10,"2-11-RCR 45 (1:12) 9-Melvin Ramos pass complete to 81-Earl Miller to RCR 44 for 1 yards. Tackle by 25-Peter Scott.","#9 Melvin Ramos - QB",,,,,"#85 Tom Boyle - TE",,"#81 Earl Miller - WR","#84 Amado Stockton - WR","#82 William Wade - WR","#88 Morton Ricketts - WR",,"#60 Theo Adams - LT","#61 Charles Johson - LG","#63 William Eubanks - C","#69 Richard Alcala - RG","#78 Timothy Lawrence - RT",,"#77 Kevin Scott - LDE",,"#97 Michael Dudley - DT","#91 William Thompson - DT","#94 William Andrews - RDE",,"#53 Derrick Agee - WLB",,,"#36 Mark Murray - CB","#8 Danny Bielecki - CB","#25 Peter Scott - CB","#20 James Stokes - CB",,"#28 Edward Dreher - SS","#21 Willie Felder - CB",,,,,,,,,,,,,,,,,,,,,,,,,,,,,,,,,,,,
WRA,0:49,"RCR 44",2,3,10,"I Formation 3WR Slot Short WR Deep","3-4 Normal Man Cover 1",,7,10,"3-10-RCR 44 (0:48) 9-Melvin Ramos pass incomplete, intended for 84-Amado Stockton.","#9 Melvin Ramos - QB","#29 Mike Robbins - RB",,,"#34 William Donelson - RB",,,"#81 Earl Miller - WR","#84 Amado Stockton - WR","#82 William Wade - WR",,,"#60 Theo Adams - LT","#61 Charles Johson - LG","#63 William Eubanks - C","#69 Richard Alcala - RG","#78 Timothy Lawrence - RT",,"#77 Kevin Scott - LDE",,"#97 Michael Dudley - DT",,"#94 William Andrews - RDE","#92 Randall Sandin - WLB","#96 William Brown - WLB","#50 Stephen Herndon - MLB","#99 Michael Zamora - WLB","#36 Mark Murray - CB","#20 James Stokes - CB",,,,"#28 Edward Dreher - SS","#8 Danny Bielecki - CB",,,,,,,,,,,,,,,,,,,,,,,,,,,,,,,,,,,,
WRA,0:43,"RCR 44",2,4,10,Punt,"Punt Return",,7,10,"4-10-RCR 44 (0:44) 5-Joshua Welsh punts 41 yards to RCR 3. Fair Catch by 11-Lowell Woodson.",,,,,,,,,,,,,,,,,,"#5 Joshua Welsh - P",,,,,,,,,,,,,,,,,,,"#60 Theo Adams - LT",,"#11 Lowell Woodson - CB",,,"#96 William Brown - WLB","#25 Peter Scott - CB","#92 Randall Sandin - WLB",,"#98 Dale Hardin - SLB","#99 Michael Zamora - WLB",,"#29 Brad Sinclair - CB",,,,"#85 Tom Boyle - TE","#65 Dwayne Lane - RT","#78 Timothy Lawrence - RT","#61 Charles Johson - LG","#73 Ronald Ormiston - LT","#89 Ryan Banister - TE",,"#90 Paul Wright - LDE","#97 Michael Dudley - DT","#94 William Andrews - RDE","#53 Derrick Agee - WLB",,,,,,,
RCR,0:37,"RCR 3",2,1,10,"I Formation 3WR FL Post","Nickel Normal CB3 MLB Blitz",11,7,10,"1-10-RCR 3 (0:38) 12-Roger Ahmed pass complete to 6-James Greer to RCR 14 for 11 yards. Tackle by 41-Michael Liles. 6-James Greer did some fancy footwork there.","#12 Roger Ahmed - QB","#5 Valentine Hembree - RB",,,"#2 Jasper Ives - FB",,,"#1 Nathaniel Harris - WR","#6 James Greer - WR","#19 Dallas Teague - WR",,,"#59 Jeffrey Walker - LT","#76 Kurt Martin - LG","#73 Kevin Shepherd - C","#62 David Lary - RG","#65 Steven Amick - RT",,"#91 Dennis Cordova - LDE",,"#92 Pete Olson - DT","#95 Roland Lakes - DT","#93 Donald Ryder - RDE",,"#53 Jesse Brayton - SLB",,"#50 Thomas Yocum - MLB","#44 Dana Johnson - CB","#21 Jose Robins - CB",,"#31 Jerrold Miley - FS",,"#36 Karl Ferguson - SS","#41 Michael Liles - CB",,,,,,,,,,,,,,,,,,,,,,,,,,,,,,,,,,,,
,0:00,,2,1,10,,,,7,10,"End of half.",,,,,,,,,,,,,,,,,,,,,,,,,,,,,,,,,,,,,,,,,,,,,,,,,,,,,,,,,,,,,,,,,,,,,,
RCR,15:00,"RCR 35",3,6,10,Kickoff,"Kick Return",,7,10,"(15:00) 14-Robert Rodriguez kicks 68 yards from RCR 35 to WRA -3. 34-William Donelson to WRA 21 for 23 yards. Tackle by 53-Derrick Agee.",,,,,,,,,,,,,,,,,,,,,,,,,,,,,,,,,,,,,,"#34 William Donelson - RB",,"#99 Lester Smith - RDE","#36 Karl Ferguson - SS","#59 Jimmy Miller - MLB","#21 Jose Robins - CB","#55 Jonathan Reader - WLB","#50 Thomas Yocum - MLB","#39 Gerald Betts - CB","#52 Charles Martinez - MLB","#44 Dana Johnson - CB","#93 Donald Ryder - RDE","#14 Robert Rodriguez - K",,,,,,,,,,,,,,,,,,,,
WRA,14:55,"WRA 21",3,1,10,"I Formation 3WR Slot Corner Short","Dime Normal Man Cover 1",5,7,10,"1-10-WRA 21 (14:56) 9-Melvin Ramos pass complete to 81-Earl Miller to WRA 26 for 5 yards. Tackle by 8-Danny Bielecki.","#9 Melvin Ramos - QB","#32 Gordon Langley - RB",,,"#29 Mike Robbins - RB",,,"#81 Earl Miller - WR","#84 Amado Stockton - WR","#82 William Wade - WR",,,"#60 Theo Adams - LT","#61 Charles Johson - LG","#63 William Eubanks - C","#69 Richard Alcala - RG","#78 Timothy Lawrence - RT",,"#77 Kevin Scott - LDE",,"#97 Michael Dudley - DT","#91 William Thompson - DT","#94 William Andrews - RDE",,"#50 Stephen Herndon - MLB",,,"#8 Danny Bielecki - CB","#36 Mark Murray - CB","#29 Brad Sinclair - CB","#20 James Stokes - CB",,"#21 Willie Felder - CB","#11 Lowell Woodson - CB",,,,,,,,,,,,,,,,,,,,,,,,,,,,,,,,,,,,
WRA,14:20,"WRA 26",3,2,5,"Weak I Normal HB Inside Strong","3-4 Normal Man Cover 1",7,7,10,"2-5-WRA 26 (14:19) 29-Mike Robbins ran to WRA 33 for 7 yards. Tackle by 92-Randall Sandin.","#9 Melvin Ramos - QB","#29 Mike Robbins - RB",,,"#34 William Donelson - RB","#85 Tom Boyle - TE",,"#81 Earl Miller - WR",,"#82 William Wade - WR",,,"#60 Theo Adams - LT","#61 Charles Johson - LG","#63 William Eubanks - C","#69 Richard Alcala - RG","#78 Timothy Lawrence - RT",,"#77 Kevin Scott - LDE",,"#97 Michael Dudley - DT",,"#94 William Andrews - RDE","#92 Randall Sandin - WLB","#53 Derrick Agee - WLB","#50 Stephen Herndon - MLB","#96 William Brown - WLB","#36 Mark Murray - CB","#20 James Stokes - CB",,,,"#28 Edward Dreher - SS","#8 Danny Bielecki - CB",,,,,,,,,,,,,,,,,,,,,,,,,,,,,,,,,,,,
WRA,13:44,"WRA 33",3,1,10,"Shotgun Normal HB Dive","4-3 Under Double LB Blitz",-2,7,10,"1-10-WRA 33 (13:43) 32-Gordon Langley ran to WRA 32 for -2 yards. Tackle by 53-Derrick Agee.","#9 Melvin Ramos - QB","#32 Gordon Langley - RB",,,,"#85 Tom Boyle - TE",,"#81 Earl Miller - WR","#84 Amado Stockton - WR","#82 William Wade - WR",,,"#60 Theo Adams - LT","#61 Charles Johson - LG","#63 William Eubanks - C","#69 Richard Alcala - RG","#78 Timothy Lawrence - RT",,"#77 Kevin Scott - LDE",,"#97 Michael Dudley - DT","#91 William Thompson - DT","#94 William Andrews - RDE","#92 Randall Sandin - WLB","#53 Derrick Agee - WLB",,"#96 William Brown - WLB","#36 Mark Murray - CB","#8 Danny Bielecki - CB",,,,"#28 Edward Dreher - SS","#21 Willie Felder - CB",,,,,,,,,,,,,,,,,,,,,,,,,,,,,,,,,,,,
WRA,13:00,"WRA 32",3,2,12,"Singleback Slot Strong HB Strong Inside","3-4 Normal Man Cover 1",-1,7,10,"2-12-WRA 32 (12:59) 29-Mike Robbins ran to WRA 30 for -1 yards. Tackle by 77-Kevin Scott.","#9 Melvin Ramos - QB","#29 Mike Robbins - RB",,,,"#85 Tom Boyle - TE",,"#81 Earl Miller - WR","#84 Amado Stockton - WR","#82 William Wade - WR",,,"#60 Theo Adams - LT","#61 Charles Johson - LG","#63 William Eubanks - C","#69 Richard Alcala - RG","#78 Timothy Lawrence - RT",,"#77 Kevin Scott - LDE",,"#97 Michael Dudley - DT",,"#94 William Andrews - RDE","#92 Randall Sandin - WLB","#53 Derrick Agee - WLB","#50 Stephen Herndon - MLB","#96 William Brown - WLB","#36 Mark Murray - CB","#20 James Stokes - CB",,,,"#28 Edward Dreher - SS","#8 Danny Bielecki - CB",,,,,,,,,,,,,,,,,,,,,,,,,,,,,,,,,,,,
WRA,12:21,"WRA 30",3,3,13,"I Formation Normal HB Dive","3-4 Normal Man Cover 1",4,7,10,"3-13-WRA 30 (12:20) 32-Gordon Langley ran to WRA 35 for 4 yards. Tackle by 96-William Brown.","#9 Melvin Ramos - QB","#32 Gordon Langley - RB",,,"#34 William Donelson - RB","#85 Tom Boyle - TE",,"#81 Earl Miller - WR",,"#82 William Wade - WR",,,"#60 Theo Adams - LT","#61 Charles Johson - LG","#63 William Eubanks - C","#69 Richard Alcala - RG","#78 Timothy Lawrence - RT",,"#77 Kevin Scott - LDE",,"#97 Michael Dudley - DT",,"#94 William Andrews - RDE","#92 Randall Sandin - WLB","#53 Derrick Agee - WLB","#50 Stephen Herndon - MLB","#96 William Brown - WLB","#36 Mark Murray - CB","#20 James Stokes - CB",,,,"#28 Edward Dreher - SS","#8 Danny Bielecki - CB",,,,,,,,,,,,,,,,,,,,,,,,,,,,,,,,,,,,
WRA,11:41,"WRA 35",3,4,9,Punt,"Punt Return",,7,10,"4-9-WRA 35 (11:40) 5-Joshua Welsh punts 42 yards to RCR 23. Fair Catch by 11-Lowell Woodson.",,,,,,,,,,,,,,,,,,"#5 Joshua Welsh - P",,,,,,,,,,,,,,,,,,,"#82 William Wade - WR",,"#11 Lowell Woodson - CB",,,"#28 Edward Dreher - SS","#98 Dale Hardin - SLB","#36 Mark Murray - CB",,"#92 Randall Sandin - WLB","#96 William Brown - WLB",,"#20 James Stokes - CB",,,,"#65 Dwayne Lane - RT","#73 Ronald Ormiston - LT","#78 Timothy Lawrence - RT","#61 Charles Johson - LG","#60 Theo Adams - LT","#85 Tom Boyle - TE",,"#90 Paul Wright - LDE","#97 Michael Dudley - DT","#94 William Andrews - RDE","#53 Derrick Agee - WLB",,,,,,,
RCR,11:32,"RCR 23",3,1,10,"Shotgun 2 RB 3 WR WR Curl","Nickel 3-3-5 Cover 2 Man Under",,7,10,"1-10-RCR 23 (11:33) 12-Roger Ahmed pass incomplete, dropped by 5-Valentine Hembree.","#12 Roger Ahmed - QB","#5 Valentine Hembree - RB","#89 Joseph Piggott - RB",,,,,"#80 David Copeland - WR","#6 James Greer - WR","#19 Dallas Teague - WR",,,"#59 Jeffrey Walker - LT","#76 Kurt Martin - LG","#73 Kevin Shepherd - C","#62 David Lary - RG","#65 Steven Amick - RT",,"#91 Dennis Cordova - LDE",,"#92 Pete Olson - DT",,"#93 Donald Ryder - RDE","#57 Larry Bidwell - SLB","#53 Jesse Brayton - SLB",,"#50 Thomas Yocum - MLB","#44 Dana Johnson - CB","#21 Jose Robins - CB",,"#31 Jerrold Miley - FS",,"#36 Karl Ferguson - SS","#41 Michael Liles - CB",,,,,,,,,,,,,,,,,,,,,,,,,,,,,,,,,,,,
RCR,11:29,"RCR 23",3,2,10,"Strong I Normal HB Off Tackle Strong","4-3 Normal Double WR1",1,7,10,"2-10-RCR 23 (11:30) 89-Joseph Piggott ran to RCR 24 for 1 yards. Tackle by 91-Dennis Cordova.","#12 Roger Ahmed - QB","#89 Joseph Piggott - RB",,,"#2 Jasper Ives - FB","#81 Mathew Franzen - TE",,"#1 Nathaniel Harris - WR",,"#6 James Greer - WR",,,"#59 Jeffrey Walker - LT","#76 Kurt Martin - LG","#73 Kevin Shepherd - C","#62 David Lary - RG","#65 Steven Amick - RT",,"#91 Dennis Cordova - LDE",,"#92 Pete Olson - DT","#95 Roland Lakes - DT","#93 Donald Ryder - RDE","#57 Larry Bidwell - SLB","#59 Jimmy Miller - MLB",,"#55 Jonathan Reader - WLB","#39 Gerald Betts - CB","#44 Dana Johnson - CB",,,,"#36 Karl Ferguson - SS","#41 Michael Liles - CB",,,,,,,,,,,,,,,,,,,,,,,,,,,,,,,,,,,,
RCR,10:49,"RCR 24",3,3,9,"I Formation 3WR Backfield Flats","Nickel Normal Man Cover 2",2,7,10,"3-9-RCR 24 (10:48) 12-Roger Ahmed pass complete to 89-Joseph Piggott to RCR 27 for 2 yards. Tackle by 44-Dana Johnson.","#12 Roger Ahmed - QB","#89 Joseph Piggott - RB",,,"#2 Jasper Ives - FB",,,"#1 Nathaniel Harris - WR","#86 Tony Blanchette - WR","#19 Dallas Teague - WR",,,"#59 Jeffrey Walker - LT","#76 Kurt Martin - LG","#73 Kevin Shepherd - C","#62 David Lary - RG","#65 Steven Amick - RT",,"#91 Dennis Cordova - LDE",,"#92 Pete Olson - DT","#95 Roland Lakes - DT","#93 Donald Ryder - RDE",,"#53 Jesse Brayton - SLB",,"#55 Jonathan Reader - WLB","#39 Gerald Betts - CB","#44 Dana Johnson - CB",,"#21 Jose Robins - CB",,"#36 Karl Ferguson - SS","#41 Michael Liles - CB",,,,,,,,,,,,,,,,,,,,,,,,,,,,,,,,,,,,
RCR,10:05,"RCR 27",3,4,6,Punt,"Punt Return",,7,10,"4-6-RCR 27 (10:04) 7-Salvador Jamieson punts 47 yards to WRA 26. Fair Catch by 34-William Donelson.",,,,,,,,,,,,,,,,,,"#7 Salvador Jamieson - P",,,,,,,,,,,,,,,,,,,"#59 Jeffrey Walker - LT",,"#34 William Donelson - RB",,,"#39 Gerald Betts - CB","#50 Thomas Yocum - MLB","#55 Jonathan Reader - WLB",,"#52 Charles Martinez - MLB","#93 Donald Ryder - RDE",,"#21 Jose Robins - CB",,,,"#75 Ralph Mitchell - LT","#65 Steven Amick - RT","#57 Donald Reneau - LG","#76 Kurt Martin - LG","#73 Kevin Shepherd - C","#61 Larry Fink - C",,"#95 Roland Lakes - DT","#59 Jimmy Miller - MLB","#91 Dennis Cordova - LDE","#76 Christopher Greco - LDE",,,,,,,
WRA,9:56,"WRA 26",3,1,10,"Weak I Big Off Tackle Weak","3-4 Normal Man Cover 1",7,7,10,"1-10-WRA 26 (9:57) 32-Gordon Langley ran to WRA 33 for 7 yards. Tackle by 52-Yojimbo Frost.","#9 Melvin Ramos - QB","#32 Gordon Langley - RB",,,"#34 William Donelson - RB","#85 Tom Boyle - TE","#83 Matthew English - TE","#81 Earl Miller - WR",,,,,"#60 Theo Adams - LT","#61 Charles Johson - LG","#63 William Eubanks - C","#69 Richard Alcala - RG","#78 Timothy Lawrence - RT",,"#77 Kevin Scott - LDE",,"#97 Michael Dudley - DT",,"#94 William Andrews - RDE","#52 Yojimbo Frost - WLB","#53 Derrick Agee - WLB","#50 Stephen Herndon - MLB","#96 William Brown - WLB","#8 Danny Bielecki - CB","#20 James Stokes - CB",,,,"#29 Brad Sinclair - CB","#21 Willie Felder - CB",,,,,,,,,,,,,,,,,,,,,,,,,,,,,,,,,,,,
WRA,9:16,"WRA 33",3,2,3,"Weak I Big HB Dive Strong","4-3 Under Crash Right",-1,7,10,"2-3-WRA 33 (9:15) 9-Melvin Ramos FUMBLES recovered by WRA-61-Charles Johson at WRA 32. Tackle by 97-Michael Dudley. 63-William Eubanks was caught flat-footed on this play.","#9 Melvin Ramos - QB","#29 Mike Robbins - RB",,,"#34 William Donelson - RB","#85 Tom Boyle - TE","#83 Matthew English - TE","#81 Earl Miller - WR",,,,,"#60 Theo Adams - LT","#61 Charles Johson - LG","#63 William Eubanks - C","#69 Richard Alcala - RG","#78 Timothy Lawrence - RT",,"#77 Kevin Scott - LDE",,"#97 Michael Dudley - DT","#91 William Thompson - DT","#94 William Andrews - RDE","#92 Randall Sandin - WLB","#53 Derrick Agee - WLB",,"#96 William Brown - WLB","#36 Mark Murray - CB","#8 Danny Bielecki - CB",,,,"#28 Edward Dreher - SS","#21 Willie Felder - CB",,,,,,,,,,,,,,,,,,,,,,,,,,,,,,,,,,,,
WRA,8:33,"WRA 32",3,3,4,"Weak I Big Off Tackle Weak","3-4 Normal Man Cover 1",-0,7,10,"3-4-WRA 32 (8:32) 29-Mike Robbins ran to WRA 32 for a short loss. Tackle by 94-William Andrews.","#9 Melvin Ramos - QB","#29 Mike Robbins - RB",,,"#34 William Donelson - RB","#85 Tom Boyle - TE","#83 Matthew English - TE","#81 Earl Miller - WR",,,,,"#60 Theo Adams - LT","#61 Charles Johson - LG","#63 William Eubanks - C","#69 Richard Alcala - RG","#78 Timothy Lawrence - RT",,"#77 Kevin Scott - LDE",,"#97 Michael Dudley - DT",,"#94 William Andrews - RDE","#92 Randall Sandin - WLB","#53 Derrick Agee - WLB","#50 Stephen Herndon - MLB","#96 William Brown - WLB","#36 Mark Murray - CB","#20 James Stokes - CB",,,,"#28 Edward Dreher - SS","#8 Danny Bielecki - CB",,,,,,,,,,,,,,,,,,,,,,,,,,,,,,,,,,,,
WRA,7:57,"WRA 32",3,4,4,Punt,"Punt Return",,7,10,"4-4-WRA 32 (7:56) 5-Joshua Welsh punts 48 yards to RCR 20. 11-Lowell Woodson to RCR 24 for 3 yards. Tackle by 39-Gerald Betts.",,,,,,,,,,,,,,,,,,"#5 Joshua Welsh - P",,,,,,,,,,,,,,,,,,,"#82 William Wade - WR",,"#11 Lowell Woodson - CB",,,"#28 Edward Dreher - SS","#98 Dale Hardin - SLB","#36 Mark Murray - CB",,"#92 Randall Sandin - WLB","#96 William Brown - WLB",,"#20 James Stokes - CB",,,,"#65 Dwayne Lane - RT","#73 Ronald Ormiston - LT","#78 Timothy Lawrence - RT","#61 Charles Johson - LG","#60 Theo Adams - LT","#85 Tom Boyle - TE",,"#90 Paul Wright - LDE","#97 Michael Dudley - DT","#94 William Andrews - RDE","#53 Derrick Agee - WLB",,,,,,,
RCR,7:47,"RCR 24",3,1,10,"Weak I Normal HB Inside Strong","4-3 Under Double Safety Blitz",2,7,10,"1-10-RCR 24 (7:48) 5-Valentine Hembree ran to RCR 26 for 2 yards. Tackle by 41-Michael Liles.","#12 Roger Ahmed - QB","#5 Valentine Hembree - RB",,,"#87 Jamie Rausch - FB","#2 Jasper Ives - FB",,"#6 James Greer - WR",,"#19 Dallas Teague - WR",,,"#59 Jeffrey Walker - LT","#76 Kurt Martin - LG","#73 Kevin Shepherd - C","#62 David Lary - RG","#65 Steven Amick - RT",,"#91 Dennis Cordova - LDE",,"#92 Pete Olson - DT","#95 Roland Lakes - DT","#93 Donald Ryder - RDE","#57 Larry Bidwell - SLB","#52 Charles Martinez - MLB",,"#50 Thomas Yocum - MLB","#44 Dana Johnson - CB","#21 Jose Robins - CB",,,,"#36 Karl Ferguson - SS","#41 Michael Liles - CB",,,,,,,,,,,,,,,,,,,,,,,,,,,,,,,,,,,,
RCR,7:12,"RCR 26",3,2,8,"I Formation 3WR Slot Corner Short","Nickel 3-3-5 Cover 2 Man Under",9,7,10,"2-8-RCR 26 (7:11) 12-Roger Ahmed pass complete to 6-James Greer to RCR 35 for 9 yards. Tackle by 21-Jose Robins. RCR 59-Jeffrey Walker was injured on the play. He looks like he should be able to return.","#12 Roger Ahmed - QB","#89 Joseph Piggott - RB",,,"#2 Jasper Ives - FB",,,"#1 Nathaniel Harris - WR","#6 James Greer - WR","#19 Dallas Teague - WR",,,"#59 Jeffrey Walker - LT","#76 Kurt Martin - LG","#73 Kevin Shepherd - C","#62 David Lary - RG","#65 Steven Amick - RT",,"#91 Dennis Cordova - LDE",,"#92 Pete Olson - DT",,"#93 Donald Ryder - RDE","#55 Jonathan Reader - WLB","#53 Jesse Brayton - SLB",,"#50 Thomas Yocum - MLB","#39 Gerald Betts - CB","#44 Dana Johnson - CB",,"#21 Jose Robins - CB",,"#36 Karl Ferguson - SS","#41 Michael Liles - CB",,,,,,,,,,,,,,,,,,,,,,,,,,,,,,,,,,,,
RCR,6:35,"RCR 35",3,1,10,"I Formation Power HB Dive Weak","Goal Line Attack #2",1,7,10,"1-10-RCR 35 (6:34) 5-Valentine Hembree ran to RCR 36 for 1 yards. Tackle by 76-Christopher Greco.","#12 Roger Ahmed - QB","#5 Valentine Hembree - RB",,"#2 Jasper Ives - FB","#89 Joseph Piggott - RB","#6 James Greer - WR",,"#19 Dallas Teague - WR",,,,,"#75 Ralph Mitchell - LT","#76 Kurt Martin - LG","#71 William Gustafson - C","#62 David Lary - RG","#65 Steven Amick - RT",,"#91 Dennis Cordova - LDE","#76 Christopher Greco - LDE","#92 Pete Olson - DT","#95 Roland Lakes - DT","#93 Donald Ryder - RDE","#57 Larry Bidwell - SLB","#59 Jimmy Miller - MLB",,"#55 Jonathan Reader - WLB","#39 Gerald Betts - CB","#44 Dana Johnson - CB",,,,"#36 Karl Ferguson - SS",,,,,,,,,,,,,,,,,,,,,,,,,,,,,,,,,,,,,
RCR,6:02,"RCR 36",3,2,9,"Singleback Empty 4 Short Posts","Dime Flat 2 Deep Man Under",,7,10,"2-9-RCR 36 (6:01) 12-Roger Ahmed pass INTERCEPTED by 52-Charles Martinez at RCR 39. 52-Charles Martinez to RCR 39 for -0 yards. Tackle by 81-Mathew Franzen.","#12 Roger Ahmed - QB",,,,,"#81 Mathew Franzen - TE",,"#1 Nathaniel Harris - WR","#19 Dallas Teague - WR","#6 James Greer - WR","#86 Tony Blanchette - WR",,"#65 Steven Amick - RT","#76 Kurt Martin - LG","#73 Kevin Shepherd - C","#62 David Lary - RG","#63 Ronnie Dupuis - RT",,"#55 Jonathan Reader - WLB",,"#92 Pete Olson - DT","#95 Roland Lakes - DT","#53 Jesse Brayton - SLB",,"#52 Charles Martinez - MLB",,,"#39 Gerald Betts - CB","#44 Dana Johnson - CB","#31 Jerrold Miley - FS","#21 Jose Robins - CB",,"#36 Karl Ferguson - SS","#41 Michael Liles - CB",,,,,,,,,,,,,,,,,,,,,,,,,,,,,,,,,,,,
WRA,5:56,"RCR 39",3,1,10,"Singleback Big Ins and Outs","4-3 Under Crash Right",7,7,10,"1-10-RCR 39 (5:57) 9-Melvin Ramos pass complete to 82-William Wade to RCR 32 for 7 yards. Tackle by 8-Danny Bielecki. WRA 63-William Eubanks was injured on the play. He looks like he should be able to return.","#9 Melvin Ramos - QB","#32 Gordon Langley - RB",,,,"#85 Tom Boyle - TE","#83 Matthew English - TE","#81 Earl Miller - WR",,"#82 William Wade - WR",,,"#60 Theo Adams - LT","#61 Charles Johson - LG","#63 William Eubanks - C","#69 Richard Alcala - RG","#78 Timothy Lawrence - RT",,"#77 Kevin Scott - LDE",,"#97 Michael Dudley - DT","#91 William Thompson - DT","#94 William Andrews - RDE","#92 Randall Sandin - WLB","#53 Derrick Agee - WLB",,"#96 William Brown - WLB","#36 Mark Murray - CB","#8 Danny Bielecki - CB",,,,"#28 Edward Dreher - SS","#21 Willie Felder - CB",,,,,,,,,,,,,,,,,,,,,,,,,,,,,,,,,,,,
WRA,5:23,"RCR 32",3,2,3,"Singleback Slot Strong Skinny Posts","3-4 Normal Man Cover 1",,7,10,"2-3-RCR 32 (5:22) 9-Melvin Ramos pass Pass knocked down by 96-William Brown. incomplete, intended for 85-Tom Boyle. Pressure by 77-Kevin Scott.","#9 Melvin Ramos - QB","#29 Mike Robbins - RB",,,,"#85 Tom Boyle - TE",,"#81 Earl Miller - WR","#84 Amado Stockton - WR","#82 William Wade - WR",,,"#60 Theo Adams - LT","#61 Charles Johson - LG","#70 John Rowan - RT","#69 Richard Alcala - RG","#78 Timothy Lawrence - RT",,"#77 Kevin Scott - LDE",,"#97 Michael Dudley - DT",,"#94 William Andrews - RDE","#92 Randall Sandin - WLB","#53 Derrick Agee - WLB","#50 Stephen Herndon - MLB","#96 William Brown - WLB","#36 Mark Murray - CB","#20 James Stokes - CB",,,,"#28 Edward Dreher - SS","#8 Danny Bielecki - CB",,,,,,,,,,,,,,,,,,,,,,,,,,,,,,,,,,,,
WRA,5:18,"RCR 32",3,3,3,"Singleback Slot Strong HB Counter","3-4 Normal Man Cover 1",-3,7,10,"3-3-RCR 32 (5:19) 32-Gordon Langley ran to RCR 35 for -3 yards. Tackle by 92-Randall Sandin.","#9 Melvin Ramos - QB","#32 Gordon Langley - RB",,,,"#85 Tom Boyle - TE",,"#84 Amado Stockton - WR","#81 Earl Miller - WR","#88 Morton Ricketts - WR",,,"#60 Theo Adams - LT","#61 Charles Johson - LG","#70 John Rowan - RT","#69 Richard Alcala - RG","#78 Timothy Lawrence - RT",,"#77 Kevin Scott - LDE",,"#97 Michael Dudley - DT",,"#94 William Andrews - RDE","#92 Randall Sandin - WLB","#53 Derrick Agee - WLB","#50 Stephen Herndon - MLB","#96 William Brown - WLB","#8 Danny Bielecki - CB","#20 James Stokes - CB",,,,"#29 Brad Sinclair - CB","#21 Willie Felder - CB",,,,,,,,,,,,,,,,,,,,,,,,,,,,,,,,,,,,
WRA,4:38,"RCR 35",3,4,6,"Field Goal","FG Block",46,7,13,"4-6-RCR 35 (4:37) 3-John Hampton 53 yard field goal is GOOD. RCR 7 WRA 13",,,,,,,,,,,,,,,,,,,,,,,,,,,,,,,,,,,,"#5 Joshua Welsh - P","#82 William Wade - WR",,,,,,,,,,,,,,"#3 John Hampton - K","#29 Mike Robbins - RB","#65 Dwayne Lane - RT","#73 Ronald Ormiston - LT","#78 Timothy Lawrence - RT","#61 Charles Johson - LG","#60 Theo Adams - LT","#85 Tom Boyle - TE","#89 Ryan Banister - TE","#90 Paul Wright - LDE","#97 Michael Dudley - DT","#94 William Andrews - RDE","#53 Derrick Agee - WLB","#28 Edward Dreher - SS","#29 Brad Sinclair - CB","#98 Dale Hardin - SLB","#91 William Thompson - DT","#77 Kevin Scott - LDE","#8 Danny Bielecki - CB","#20 James Stokes - CB"
WRA,4:33,"WRA 35",3,6,10,Kickoff,"Kick Return",,7,13,"(4:34) 3-John Hampton kicks 75 yards from WRA 35 to RCR -10. Touchback.",,,,,,,,,,,,,,,,,,,,,,,,,,,,,,,,,,,,,,"#11 Lowell Woodson - CB",,"#25 Peter Scott - CB","#99 Michael Zamora - WLB","#28 Edward Dreher - SS","#53 Derrick Agee - WLB","#36 Mark Murray - CB","#29 Brad Sinclair - CB","#92 Randall Sandin - WLB","#96 William Brown - WLB","#20 James Stokes - CB","#98 Dale Hardin - SLB","#3 John Hampton - K",,,,,,,,,,,,,,,,,,,,
RCR,4:33,"RCR 25",3,1,10,"Weak I Normal HB Inside Weak","4-3 Under Double Safety Blitz",1,7,13,"1-10-RCR 25 (4:34) 5-Valentine Hembree ran to RCR 26 for 1 yards. Tackle by 26-Ervin Wilson.","#12 Roger Ahmed - QB","#5 Valentine Hembree - RB",,,"#87 Jamie Rausch - FB","#2 Jasper Ives - FB",,"#6 James Greer - WR",,"#19 Dallas Teague - WR",,,"#59 Jeffrey Walker - LT","#76 Kurt Martin - LG","#73 Kevin Shepherd - C","#62 David Lary - RG","#65 Steven Amick - RT",,"#91 Dennis Cordova - LDE",,"#92 Pete Olson - DT","#95 Roland Lakes - DT","#93 Donald Ryder - RDE","#57 Larry Bidwell - SLB","#52 Charles Martinez - MLB",,"#50 Thomas Yocum - MLB","#41 Michael Liles - CB","#25 Jose Castle - FS",,,,"#31 Jerrold Miley - FS","#26 Ervin Wilson - FS",,,,,,,,,,,,,,,,,,,,,,,,,,,,,,,,,,,,
RCR,3:51,"RCR 26",3,2,9,"Shotgun Normal TE Out","Nickel Normal Man Cover 2",,7,13,"2-9-RCR 26 (3:50) 12-Roger Ahmed pass Pass knocked down by 53-Jesse Brayton. incomplete, intended for 2-Jasper Ives. Pressure by 93-Donald Ryder.","#12 Roger Ahmed - QB","#89 Joseph Piggott - RB",,,,"#2 Jasper Ives - FB",,"#1 Nathaniel Harris - WR","#6 James Greer - WR","#19 Dallas Teague - WR",,,"#59 Jeffrey Walker - LT","#76 Kurt Martin - LG","#73 Kevin Shepherd - C","#62 David Lary - RG","#65 Steven Amick - RT",,"#91 Dennis Cordova - LDE",,"#92 Pete Olson - DT","#95 Roland Lakes - DT","#93 Donald Ryder - RDE",,"#53 Jesse Brayton - SLB",,"#55 Jonathan Reader - WLB","#39 Gerald Betts - CB","#44 Dana Johnson - CB",,"#21 Jose Robins - CB",,"#36 Karl Ferguson - SS","#41 Michael Liles - CB",,,,,,,,,,,,,,,,,,,,,,,,,,,,,,,,,,,,
RCR,3:45,"RCR 26",3,3,9,"I Formation 3WR FL Post","Nickel Normal Man Cover 2",,7,13,"3-9-RCR 26 (3:46) 12-Roger Ahmed pass incomplete, dropped by 5-Valentine Hembree. Pressure by 91-Dennis Cordova.","#12 Roger Ahmed - QB","#5 Valentine Hembree - RB",,,"#2 Jasper Ives - FB",,,"#1 Nathaniel Harris - WR","#6 James Greer - WR","#19 Dallas Teague - WR",,,"#59 Jeffrey Walker - LT","#76 Kurt Martin - LG","#73 Kevin Shepherd - C","#62 David Lary - RG","#65 Steven Amick - RT",,"#91 Dennis Cordova - LDE",,"#92 Pete Olson - DT","#95 Roland Lakes - DT","#93 Donald Ryder - RDE",,"#53 Jesse Brayton - SLB",,"#55 Jonathan Reader - WLB","#39 Gerald Betts - CB","#44 Dana Johnson - CB",,"#21 Jose Robins - CB",,"#36 Karl Ferguson - SS","#41 Michael Liles - CB",,,,,,,,,,,,,,,,,,,,,,,,,,,,,,,,,,,,
RCR,3:41,"RCR 26",3,4,9,Punt,"Punt Return",,7,13,"4-9-RCR 26 (3:42) 7-Salvador Jamieson punts 50 yards to WRA 24. Fair Catch by 34-William Donelson.",,,,,,,,,,,,,,,,,,"#7 Salvador Jamieson - P",,,,,,,,,,,,,,,,,,,"#59 Jeffrey Walker - LT",,"#34 William Donelson - RB",,,"#93 Donald Ryder - RDE","#84 Amado Stockton - WR","#52 Charles Martinez - MLB",,"#50 Thomas Yocum - MLB","#99 Lester Smith - RDE",,"#26 Ervin Wilson - FS",,,,"#75 Ralph Mitchell - LT","#65 Steven Amick - RT","#57 Donald Reneau - LG","#76 Kurt Martin - LG","#73 Kevin Shepherd - C","#61 Larry Fink - C",,"#95 Roland Lakes - DT","#59 Jimmy Miller - MLB","#91 Dennis Cordova - LDE","#76 Christopher Greco - LDE",,,,,,,
WRA,3:35,"WRA 24",3,1,10,"Weak I Big HB Dive Strong","Dime Normal Double WR1",13,7,13,"1-10-WRA 24 (3:36) 29-Mike Robbins ran to WRA 37 for 13 yards. Tackle by 21-Willie Felder.","#9 Melvin Ramos - QB","#29 Mike Robbins - RB",,,"#34 William Donelson - RB","#85 Tom Boyle - TE","#83 Matthew English - TE","#81 Earl Miller - WR",,,,,"#60 Theo Adams - LT","#61 Charles Johson - LG","#70 John Rowan - RT","#69 Richard Alcala - RG","#78 Timothy Lawrence - RT",,"#77 Kevin Scott - LDE",,"#97 Michael Dudley - DT","#91 William Thompson - DT","#94 William Andrews - RDE",,"#53 Derrick Agee - WLB",,,"#8 Danny Bielecki - CB","#20 James Stokes - CB","#11 Lowell Woodson - CB","#25 Peter Scott - CB",,"#29 Brad Sinclair - CB","#21 Willie Felder - CB",,,,,,,,,,,,,,,,,,,,,,,,,,,,,,,,,,,,
WRA,2:52,"WRA 37",3,1,10,"I Formation 3WR PA Fullback Flat","4-3 Under Crash Right",34,7,13,"1-10-WRA 37 (2:51) 9-Melvin Ramos pass complete to 82-William Wade to RCR 29 for 34 yards. Tackle by 92-Randall Sandin.","#9 Melvin Ramos - QB","#34 William Donelson - RB",,,"#27 Francisco Wilson - RB",,,"#81 Earl Miller - WR","#84 Amado Stockton - WR","#82 William Wade - WR",,,"#60 Theo Adams - LT","#61 Charles Johson - LG","#70 John Rowan - RT","#69 Richard Alcala - RG","#78 Timothy Lawrence - RT",,"#77 Kevin Scott - LDE",,"#97 Michael Dudley - DT","#91 William Thompson - DT","#94 William Andrews - RDE","#92 Randall Sandin - WLB","#53 Derrick Agee - WLB",,"#96 William Brown - WLB","#36 Mark Murray - CB","#8 Danny Bielecki - CB",,,,"#28 Edward Dreher - SS","#21 Willie Felder - CB",,,,,,,,,,,,,,,,,,,,,,,,,,,,,,,,,,,,
WRA,2:08,"RCR 29",3,1,10,"Shotgun Normal HB Dive","3-4 Normal Man Cover 1",-0,7,13,"1-10-RCR 29 (2:07) 32-Gordon Langley ran to RCR 29 for a short loss. Tackle by 99-Michael Zamora.","#9 Melvin Ramos - QB","#32 Gordon Langley - RB",,,,"#85 Tom Boyle - TE",,"#88 Morton Ricketts - WR","#84 Amado Stockton - WR","#81 Earl Miller - WR",,,"#60 Theo Adams - LT","#61 Charles Johson - LG","#73 Ronald Ormiston - LT","#69 Richard Alcala - RG","#78 Timothy Lawrence - RT",,"#90 Paul Wright - LDE",,"#97 Michael Dudley - DT",,"#94 William Andrews - RDE","#52 Yojimbo Frost - WLB","#50 Stephen Herndon - MLB","#98 Dale Hardin - SLB","#99 Michael Zamora - WLB","#20 James Stokes - CB","#11 Lowell Woodson - CB",,,,"#29 Brad Sinclair - CB","#25 Peter Scott - CB",,,,,,,,,,,,,,,,,,,,,,,,,,,,,,,,,,,,
WRA,1:33,"RCR 29",3,2,10,"I Formation Power Play Action HB Downfield","3-4 Normal Double WR2",,7,13,"2-10-RCR 29 (1:32) 9-Melvin Ramos pass Pass knocked down by 21-Willie Felder. incomplete, intended for 85-Tom Boyle.","#9 Melvin Ramos - QB","#29 Mike Robbins - RB",,"#32 Gordon Langley - RB","#34 William Donelson - RB","#85 Tom Boyle - TE",,"#88 Morton Ricketts - WR",,,,,"#60 Theo Adams - LT","#61 Charles Johson - LG","#70 John Rowan - RT","#69 Richard Alcala - RG","#78 Timothy Lawrence - RT",,"#77 Kevin Scott - LDE",,"#97 Michael Dudley - DT",,"#94 William Andrews - RDE","#92 Randall Sandin - WLB","#50 Stephen Herndon - MLB","#99 Michael Zamora - WLB","#96 William Brown - WLB","#8 Danny Bielecki - CB","#20 James Stokes - CB",,,,"#29 Brad Sinclair - CB","#21 Willie Felder - CB",,,,,,,,,,,,,,,,,,,,,,,,,,,,,,,,,,,,
WRA,1:28,"RCR 29",3,3,10,"Goal Line Normal HB Off Tackle","4-3 Under Double LB Blitz",5,7,13,"3-10-RCR 29 (1:29) 34-William Donelson ran to RCR 24 for 5 yards. Tackle by 29-Brad Sinclair.","#9 Melvin Ramos - QB","#34 William Donelson - RB",,"#32 Gordon Langley - RB","#29 Mike Robbins - RB","#85 Tom Boyle - TE","#83 Matthew English - TE",,,,,,"#60 Theo Adams - LT","#61 Charles Johson - LG","#70 John Rowan - RT","#69 Richard Alcala - RG","#78 Timothy Lawrence - RT",,"#77 Kevin Scott - LDE",,"#97 Michael Dudley - DT","#91 William Thompson - DT","#94 William Andrews - RDE","#52 Yojimbo Frost - WLB","#53 Derrick Agee - WLB",,"#99 Michael Zamora - WLB","#36 Mark Murray - CB","#20 James Stokes - CB",,,,"#28 Edward Dreher - SS","#29 Brad Sinclair - CB",,,,,,,,,,,,,,,,,,,,,,,,,,,,,,,,,,,,
WRA,0:49,"RCR 24",3,4,5,"Field Goal","FG Block",35,7,16,"4-5-RCR 24 (0:48) 3-John Hampton 42 yard field goal is GOOD. RCR 7 WRA 16",,,,,,,,,,,,,,,,,,,,,,,,,,,,,,,,,,,,"#5 Joshua Welsh - P","#82 William Wade - WR",,,,,,,,,,,,,,"#3 John Hampton - K","#29 Mike Robbins - RB","#65 Dwayne Lane - RT","#73 Ronald Ormiston - LT","#78 Timothy Lawrence - RT","#61 Charles Johson - LG","#60 Theo Adams - LT","#85 Tom Boyle - TE","#89 Ryan Banister - TE","#90 Paul Wright - LDE","#97 Michael Dudley - DT","#94 William Andrews - RDE","#53 Derrick Agee - WLB","#28 Edward Dreher - SS","#29 Brad Sinclair - CB","#98 Dale Hardin - SLB","#91 William Thompson - DT","#77 Kevin Scott - LDE","#8 Danny Bielecki - CB","#20 James Stokes - CB"
WRA,0:44,"WRA 35",3,6,10,Kickoff,"Kick Return",,7,16,"(0:45) 3-John Hampton kicks 69 yards from WRA 35 to RCR -4. Touchback.",,,,,,,,,,,,,,,,,,,,,,,,,,,,,,,,,,,,,,"#11 Lowell Woodson - CB",,"#25 Peter Scott - CB","#99 Michael Zamora - WLB","#28 Edward Dreher - SS","#53 Derrick Agee - WLB","#36 Mark Murray - CB","#29 Brad Sinclair - CB","#92 Randall Sandin - WLB","#96 William Brown - WLB","#20 James Stokes - CB","#98 Dale Hardin - SLB","#3 John Hampton - K",,,,,,,,,,,,,,,,,,,,
RCR,0:44,"RCR 25",3,1,10,"I Formation 3WR Slot Corner Long","Nickel Normal Man Cover 2",,7,16,"1-10-RCR 25 (0:45) 12-Roger Ahmed pass Pass knocked down by 53-Jesse Brayton. incomplete, intended for 5-Valentine Hembree. Pressure by 91-Dennis Cordova.","#12 Roger Ahmed - QB","#5 Valentine Hembree - RB",,,"#2 Jasper Ives - FB",,,"#1 Nathaniel Harris - WR","#6 James Greer - WR","#19 Dallas Teague - WR",,,"#59 Jeffrey Walker - LT","#76 Kurt Martin - LG","#73 Kevin Shepherd - C","#62 David Lary - RG","#65 Steven Amick - RT",,"#91 Dennis Cordova - LDE",,"#92 Pete Olson - DT","#95 Roland Lakes - DT","#93 Donald Ryder - RDE",,"#53 Jesse Brayton - SLB",,"#50 Thomas Yocum - MLB","#41 Michael Liles - CB","#26 Ervin Wilson - FS",,"#39 Gerald Betts - CB",,"#25 Jose Castle - FS","#31 Jerrold Miley - FS",,,,,,,,,,,,,,,,,,,,,,,,,,,,,,,,,,,,
RCR,0:40,"RCR 25",3,2,10,"I Formation Power HB Strong Outside","Goal Line Attack #2",2,7,16,"2-10-RCR 25 (0:41) 89-Joseph Piggott ran to RCR 27 for 2 yards. Tackle by 55-Jonathan Reader.","#12 Roger Ahmed - QB","#89 Joseph Piggott - RB",,"#87 Jamie Rausch - FB","#2 Jasper Ives - FB","#6 James Greer - WR",,"#19 Dallas Teague - WR",,,,,"#65 Steven Amick - RT","#76 Kurt Martin - LG","#71 William Gustafson - C","#62 David Lary - RG","#59 Jeffrey Walker - LT",,"#91 Dennis Cordova - LDE","#76 Christopher Greco - LDE","#92 Pete Olson - DT","#95 Roland Lakes - DT","#93 Donald Ryder - RDE","#57 Larry Bidwell - SLB","#59 Jimmy Miller - MLB",,"#55 Jonathan Reader - WLB","#44 Dana Johnson - CB","#21 Jose Robins - CB",,,,"#36 Karl Ferguson - SS",,,,,,,,,,,,,,,,,,,,,,,,,,,,,,,,,,,,,
RCR,0:03,"RCR 27",3,3,8,"I Formation 3WR Backfield Flats","Nickel Normal Double WR2",,7,16,"3-8-RCR 27 (0:02) 12-Roger Ahmed pass incomplete, dropped by 89-Joseph Piggott. Excellent coverage on that play.","#12 Roger Ahmed - QB","#89 Joseph Piggott - RB",,,"#2 Jasper Ives - FB",,,"#1 Nathaniel Harris - WR","#6 James Greer - WR","#19 Dallas Teague - WR",,,"#59 Jeffrey Walker - LT","#76 Kurt Martin - LG","#73 Kevin Shepherd - C","#62 David Lary - RG","#65 Steven Amick - RT",,"#91 Dennis Cordova - LDE",,"#92 Pete Olson - DT","#95 Roland Lakes - DT","#93 Donald Ryder - RDE",,"#53 Jesse Brayton - SLB",,"#55 Jonathan Reader - WLB","#39 Gerald Betts - CB","#44 Dana Johnson - CB",,"#21 Jose Robins - CB",,"#36 Karl Ferguson - SS","#41 Michael Liles - CB",,,,,,,,,,,,,,,,,,,,,,,,,,,,,,,,,,,,
,0:00,,3,4,8,,,,7,16,"End of third quarter.",,,,,,,,,,,,,,,,,,,,,,,,,,,,,,,,,,,,,,,,,,,,,,,,,,,,,,,,,,,,,,,,,,,,,,
RCR,15:00,"RCR 27",4,4,8,Punt,"Punt Return",,7,16,"4-8-RCR 27 (15:00) 7-Salvador Jamieson punts 49 yards to WRA 23. Fair Catch by 34-William Donelson.",,,,,,,,,,,,,,,,,,"#7 Salvador Jamieson - P",,,,,,,,,,,,,,,,,,,"#59 Jeffrey Walker - LT",,"#34 William Donelson - RB",,,"#39 Gerald Betts - CB","#36 Karl Ferguson - SS","#55 Jonathan Reader - WLB",,"#52 Charles Martinez - MLB","#93 Donald Ryder - RDE",,"#21 Jose Robins - CB",,,,"#75 Ralph Mitchell - LT","#65 Steven Amick - RT","#57 Donald Reneau - LG","#76 Kurt Martin - LG","#73 Kevin Shepherd - C","#61 Larry Fink - C",,"#95 Roland Lakes - DT","#59 Jimmy Miller - MLB","#91 Dennis Cordova - LDE","#76 Christopher Greco - LDE",,,,,,,
WRA,14:53,"WRA 23",4,1,10,"Singleback Slot Strong HB Counter","3-4 Normal Man Cover 1",-3,7,16,"1-10-WRA 23 (14:54) 29-Mike Robbins ran to WRA 21 for -3 yards. Tackle by 52-Yojimbo Frost.","#9 Melvin Ramos - QB","#29 Mike Robbins - RB",,,,"#85 Tom Boyle - TE",,"#81 Earl Miller - WR","#84 Amado Stockton - WR","#82 William Wade - WR",,,"#60 Theo Adams - LT","#61 Charles Johson - LG","#63 William Eubanks - C","#69 Richard Alcala - RG","#78 Timothy Lawrence - RT",,"#77 Kevin Scott - LDE",,"#97 Michael Dudley - DT",,"#94 William Andrews - RDE","#52 Yojimbo Frost - WLB","#53 Derrick Agee - WLB","#50 Stephen Herndon - MLB","#96 William Brown - WLB","#20 James Stokes - CB","#25 Peter Scott - CB",,,,"#29 Brad Sinclair - CB","#8 Danny Bielecki - CB",,,,,,,,,,,,,,,,,,,,,,,,,,,,,,,,,,,,
WRA,14:19,"WRA 21",4,2,13,"I Formation Power PA Flats","3-4 Normal Man Cover 1",24,7,16,"2-13-WRA 21 (14:18) 9-Melvin Ramos pass complete to 27-Francisco Wilson to WRA 45 for 24 yards. Tackle by 8-Danny Bielecki.","#9 Melvin Ramos - QB","#29 Mike Robbins - RB",,"#27 Francisco Wilson - RB","#34 William Donelson - RB","#85 Tom Boyle - TE",,"#81 Earl Miller - WR",,,,,"#60 Theo Adams - LT","#61 Charles Johson - LG","#63 William Eubanks - C","#69 Richard Alcala - RG","#78 Timothy Lawrence - RT",,"#77 Kevin Scott - LDE",,"#97 Michael Dudley - DT",,"#94 William Andrews - RDE","#92 Randall Sandin - WLB","#53 Derrick Agee - WLB","#50 Stephen Herndon - MLB","#96 William Brown - WLB","#36 Mark Murray - CB","#20 James Stokes - CB",,,,"#28 Edward Dreher - SS","#8 Danny Bielecki - CB",,,,,,,,,,,,,,,,,,,,,,,,,,,,,,,,,,,,
WRA,13:40,"WRA 45",4,1,10,"Weak I Big HB Dive Strong","3-4 Normal Man Cover 1",11,7,16,"1-10-WRA 45 (13:39) 32-Gordon Langley ran to RCR 45 for 11 yards. Tackle by 29-Brad Sinclair.","#9 Melvin Ramos - QB","#32 Gordon Langley - RB",,,"#34 William Donelson - RB","#85 Tom Boyle - TE","#83 Matthew English - TE","#82 William Wade - WR",,,,,"#60 Theo Adams - LT","#61 Charles Johson - LG","#63 William Eubanks - C","#69 Richard Alcala - RG","#78 Timothy Lawrence - RT",,"#90 Paul Wright - LDE",,"#97 Michael Dudley - DT",,"#95 Richard Brown - RDE","#92 Randall Sandin - WLB","#99 Michael Zamora - WLB","#98 Dale Hardin - SLB","#52 Yojimbo Frost - WLB","#25 Peter Scott - CB","#11 Lowell Woodson - CB",,,,"#29 Brad Sinclair - CB","#21 Willie Felder - CB",,,,,,,,,,,,,,,,,,,,,,,,,,,,,,,,,,,,
WRA,13:02,"RCR 45",4,1,10,"Singleback Big Off Tackle Strong","4-3 Under Crash Right",5,7,16,"1-10-RCR 45 (13:01) 29-Mike Robbins ran to RCR 40 for 5 yards. Tackle by 99-Michael Zamora.","#9 Melvin Ramos - QB","#29 Mike Robbins - RB",,,,"#85 Tom Boyle - TE","#83 Matthew English - TE","#81 Earl Miller - WR",,"#82 William Wade - WR",,,"#60 Theo Adams - LT","#61 Charles Johson - LG","#63 William Eubanks - C","#69 Richard Alcala - RG","#78 Timothy Lawrence - RT",,"#77 Kevin Scott - LDE",,"#97 Michael Dudley - DT","#91 William Thompson - DT","#94 William Andrews - RDE","#92 Randall Sandin - WLB","#96 William Brown - WLB",,"#99 Michael Zamora - WLB","#36 Mark Murray - CB","#8 Danny Bielecki - CB",,,,"#29 Brad Sinclair - CB","#21 Willie Felder - CB",,,,,,,,,,,,,,,,,,,,,,,,,,,,,,,,,,,,
WRA,12:27,"RCR 40",4,2,5,"Weak I Normal FB Inside Weak","4-3 Under Double LB Blitz",,7,16,"2-5-RCR 40 (12:26) 32-Gordon Langley ran to RCR 39 for a short gain. Tackle by 96-William Brown.","#9 Melvin Ramos - QB","#34 William Donelson - RB",,,"#32 Gordon Langley - RB","#85 Tom Boyle - TE",,"#82 William Wade - WR",,"#84 Amado Stockton - WR",,,"#60 Theo Adams - LT","#61 Charles Johson - LG","#63 William Eubanks - C","#69 Richard Alcala - RG","#78 Timothy Lawrence - RT",,"#77 Kevin Scott - LDE",,"#97 Michael Dudley - DT","#91 William Thompson - DT","#94 William Andrews - RDE","#92 Randall Sandin - WLB","#53 Derrick Agee - WLB",,"#96 William Brown - WLB","#8 Danny Bielecki - CB","#20 James Stokes - CB",,,,"#28 Edward Dreher - SS","#21 Willie Felder - CB",,,,,,,,,,,,,,,,,,,,,,,,,,,,,,,,,,,,
WRA,11:50,"RCR 39",4,3,5,"Singleback Big Off Tackle Strong","4-3 Under Double LB Blitz",-1,7,16,"3-5-RCR 39 (11:49) 34-William Donelson ran to RCR 40 for -1 yards. Tackle by 53-Derrick Agee. PENALTY - Holding (WRA 63-William Eubanks) (Declined)","#9 Melvin Ramos - QB","#34 William Donelson - RB",,,,"#85 Tom Boyle - TE","#83 Matthew English - TE","#81 Earl Miller - WR",,"#82 William Wade - WR",,,"#60 Theo Adams - LT","#61 Charles Johson - LG","#63 William Eubanks - C","#69 Richard Alcala - RG","#78 Timothy Lawrence - RT",,"#77 Kevin Scott - LDE",,"#97 Michael Dudley - DT","#91 William Thompson - DT","#94 William Andrews - RDE","#92 Randall Sandin - WLB","#53 Derrick Agee - WLB",,"#96 William Brown - WLB","#36 Mark Murray - CB","#8 Danny Bielecki - CB",,,,"#28 Edward Dreher - SS","#21 Willie Felder - CB",,,,,,,,,,,,,,,,,,,,,,,,,,,,,,,,,,,,
WRA,11:46,"RCR 40",4,4,6,Punt,"Punt Return",41,7,16,"4-6-RCR 40 (11:47) 5-Joshua Welsh punts 41 yards to RCR -1.4-6-RCR 40 (11:47) 5-Joshua Welsh punts 41 yards to RCR -1. Touchback.",,,,,,,,,,,,,,,,,,"#5 Joshua Welsh - P",,,,,,,,,,,,,,,,,,,"#82 William Wade - WR",,"#11 Lowell Woodson - CB",,,"#28 Edward Dreher - SS","#98 Dale Hardin - SLB","#36 Mark Murray - CB",,"#92 Randall Sandin - WLB","#96 William Brown - WLB",,"#20 James Stokes - CB",,,,"#65 Dwayne Lane - RT","#73 Ronald Ormiston - LT","#78 Timothy Lawrence - RT","#61 Charles Johson - LG","#60 Theo Adams - LT","#85 Tom Boyle - TE",,"#90 Paul Wright - LDE","#97 Michael Dudley - DT","#94 William Andrews - RDE","#53 Derrick Agee - WLB",,,,,,,
RCR,11:38,"RCR 20",4,1,10,"Shotgun 4 Wide All Curls","Dime Normal Double WR1 WR2",6,7,16,"1-10-RCR 20 (11:39) 12-Roger Ahmed pass complete to 19-Dallas Teague to RCR 26 for 6 yards. Tackle by 52-Charles Martinez. 19-Dallas Teague breaks down the CB.","#12 Roger Ahmed - QB","#89 Joseph Piggott - RB",,,,,,"#1 Nathaniel Harris - WR","#19 Dallas Teague - WR","#6 James Greer - WR","#86 Tony Blanchette - WR",,"#59 Jeffrey Walker - LT","#76 Kurt Martin - LG","#73 Kevin Shepherd - C","#62 David Lary - RG","#65 Steven Amick - RT",,"#91 Dennis Cordova - LDE",,"#92 Pete Olson - DT","#95 Roland Lakes - DT","#93 Donald Ryder - RDE",,"#52 Charles Martinez - MLB",,,"#44 Dana Johnson - CB","#21 Jose Robins - CB","#26 Ervin Wilson - FS","#31 Jerrold Miley - FS",,"#36 Karl Ferguson - SS","#41 Michael Liles - CB",,,,,,,,,,,,,,,,,,,,,,,,,,,,,,,,,,,,
RCR,11:03,"RCR 26",4,2,4,"Split Backs Normal FB Off Tackle","4-3 Under Crash Right",-3,7,16,"2-4-RCR 26 (11:02) 2-Jasper Ives ran to RCR 23 for -3 yards. Tackle by 93-Donald Ryder.","#12 Roger Ahmed - QB","#89 Joseph Piggott - RB",,,"#2 Jasper Ives - FB","#81 Mathew Franzen - TE",,"#1 Nathaniel Harris - WR",,"#6 James Greer - WR",,,"#59 Jeffrey Walker - LT","#76 Kurt Martin - LG","#73 Kevin Shepherd - C","#62 David Lary - RG","#65 Steven Amick - RT",,"#91 Dennis Cordova - LDE",,"#92 Pete Olson - DT","#95 Roland Lakes - DT","#93 Donald Ryder - RDE","#57 Larry Bidwell - SLB","#52 Charles Martinez - MLB",,"#50 Thomas Yocum - MLB","#44 Dana Johnson - CB","#21 Jose Robins - CB",,,,"#36 Karl Ferguson - SS","#41 Michael Liles - CB",,,,,,,,,,,,,,,,,,,,,,,,,,,,,,,,,,,,
RCR,10:25,"RCR 23",4,3,7,"Shotgun 2 RB 3 WR WR Curl","Nickel 3-3-5 Cover 2 Man Under",-6,7,16,"3-7-RCR 23 (10:24) 12-Roger Ahmed sacked at RCR 16 for -6 yards (91-Dennis Cordova). Sack allowed by 89-Joseph Piggott.","#12 Roger Ahmed - QB","#5 Valentine Hembree - RB","#89 Joseph Piggott - RB",,,,,"#80 David Copeland - WR","#6 James Greer - WR","#19 Dallas Teague - WR",,,"#59 Jeffrey Walker - LT","#76 Kurt Martin - LG","#73 Kevin Shepherd - C","#62 David Lary - RG","#65 Steven Amick - RT",,"#91 Dennis Cordova - LDE",,"#92 Pete Olson - DT",,"#93 Donald Ryder - RDE","#55 Jonathan Reader - WLB","#53 Jesse Brayton - SLB",,"#50 Thomas Yocum - MLB","#39 Gerald Betts - CB","#44 Dana Johnson - CB",,"#21 Jose Robins - CB",,"#36 Karl Ferguson - SS","#41 Michael Liles - CB",,,,,,,,,,,,,,,,,,,,,,,,,,,,,,,,,,,,
RCR,9:51,"RCR 16",4,4,14,Punt,"Punt Return",,7,16,"4-14-RCR 16 (9:50) 7-Salvador Jamieson punts 47 yards to WRA 36. Fair Catch by 34-William Donelson.",,,,,,,,,,,,,,,,,,"#7 Salvador Jamieson - P",,,,,,,,,,,,,,,,,,,"#59 Jeffrey Walker - LT",,"#34 William Donelson - RB",,,"#93 Donald Ryder - RDE","#44 Dana Johnson - CB","#52 Charles Martinez - MLB",,"#21 Jose Robins - CB","#36 Karl Ferguson - SS",,"#50 Thomas Yocum - MLB",,,,"#75 Ralph Mitchell - LT","#65 Steven Amick - RT","#57 Donald Reneau - LG","#76 Kurt Martin - LG","#73 Kevin Shepherd - C","#61 Larry Fink - C",,"#95 Roland Lakes - DT","#59 Jimmy Miller - MLB","#91 Dennis Cordova - LDE","#76 Christopher Greco - LDE",,,,,,,
WRA,9:42,"WRA 36",4,1,10,"Singleback Big Ins and Outs","3-4 Normal Double WR2",,7,16,"1-10-WRA 36 (9:43) 9-Melvin Ramos pass Pass knocked down by 20-James Stokes. incomplete, intended for 82-William Wade.","#9 Melvin Ramos - QB","#29 Mike Robbins - RB",,,,"#85 Tom Boyle - TE","#83 Matthew English - TE","#81 Earl Miller - WR",,"#82 William Wade - WR",,,"#60 Theo Adams - LT","#61 Charles Johson - LG","#63 William Eubanks - C","#69 Richard Alcala - RG","#78 Timothy Lawrence - RT",,"#77 Kevin Scott - LDE",,"#97 Michael Dudley - DT",,"#94 William Andrews - RDE","#52 Yojimbo Frost - WLB","#53 Derrick Agee - WLB","#50 Stephen Herndon - MLB","#96 William Brown - WLB","#8 Danny Bielecki - CB","#20 James Stokes - CB",,,,"#29 Brad Sinclair - CB","#21 Willie Felder - CB",,,,,,,,,,,,,,,,,,,,,,,,,,,,,,,,,,,,
WRA,9:40,"WRA 36",4,2,10,"I Formation Normal HB Dive","3-4 Normal Man Cover 1",1,7,16,"2-10-WRA 36 (9:41) 34-William Donelson ran to WRA 37 for 1 yards. Tackle by 97-Michael Dudley.","#9 Melvin Ramos - QB","#34 William Donelson - RB",,,"#27 Francisco Wilson - RB","#85 Tom Boyle - TE",,"#81 Earl Miller - WR",,"#82 William Wade - WR",,,"#60 Theo Adams - LT","#61 Charles Johson - LG","#63 William Eubanks - C","#69 Richard Alcala - RG","#78 Timothy Lawrence - RT",,"#77 Kevin Scott - LDE",,"#97 Michael Dudley - DT",,"#94 William Andrews - RDE","#92 Randall Sandin - WLB","#53 Derrick Agee - WLB","#50 Stephen Herndon - MLB","#96 William Brown - WLB","#36 Mark Murray - CB","#20 James Stokes - CB",,,,"#28 Edward Dreher - SS","#8 Danny Bielecki - CB",,,,,,,,,,,,,,,,,,,,,,,,,,,,,,,,,,,,
WRA,9:00,"WRA 37",4,3,9,"Singleback Big Off Tackle Strong","3-4 Normal Double WR2",2,7,16,"3-9-WRA 37 (8:59) 29-Mike Robbins ran to WRA 40 for 2 yards. Tackle by 36-Mark Murray.","#9 Melvin Ramos - QB","#29 Mike Robbins - RB",,,,"#85 Tom Boyle - TE","#83 Matthew English - TE","#81 Earl Miller - WR",,"#82 William Wade - WR",,,"#60 Theo Adams - LT","#61 Charles Johson - LG","#63 William Eubanks - C","#69 Richard Alcala - RG","#78 Timothy Lawrence - RT",,"#77 Kevin Scott - LDE",,"#97 Michael Dudley - DT",,"#94 William Andrews - RDE","#92 Randall Sandin - WLB","#53 Derrick Agee - WLB","#50 Stephen Herndon - MLB","#96 William Brown - WLB","#36 Mark Murray - CB","#20 James Stokes - CB",,,,"#28 Edward Dreher - SS","#8 Danny Bielecki - CB",,,,,,,,,,,,,,,,,,,,,,,,,,,,,,,,,,,,
WRA,8:25,"WRA 40",4,4,7,Punt,"Punt Return",60,7,16,"4-7-WRA 40 (8:24) 5-Joshua Welsh punts 60 yards to RCR 0.",,,,,,,,,,,,,,,,,,"#5 Joshua Welsh - P",,,,,,,,,,,,,,,,,,,"#60 Theo Adams - LT",,"#11 Lowell Woodson - CB",,,"#28 Edward Dreher - SS","#98 Dale Hardin - SLB","#36 Mark Murray - CB",,"#92 Randall Sandin - WLB","#96 William Brown - WLB",,"#20 James Stokes - CB",,,,"#85 Tom Boyle - TE","#65 Dwayne Lane - RT","#78 Timothy Lawrence - RT","#61 Charles Johson - LG","#73 Ronald Ormiston - LT","#89 Ryan Banister - TE",,"#90 Paul Wright - LDE","#97 Michael Dudley - DT","#94 William Andrews - RDE","#53 Derrick Agee - WLB",,,,,,,
RCR,8:11,"RCR 0",4,1,10,"Singleback Empty 4 Short Posts","Dime Flat 2 Deep Man Under",5,7,16,"1-10-RCR 0 (8:12) 12-Roger Ahmed pass complete to 81-Mathew Franzen to RCR 6 for 5 yards. Tackle by 52-Charles Martinez.","#12 Roger Ahmed - QB",,,,,"#81 Mathew Franzen - TE",,"#1 Nathaniel Harris - WR","#19 Dallas Teague - WR","#6 James Greer - WR","#86 Tony Blanchette - WR",,"#59 Jeffrey Walker - LT","#76 Kurt Martin - LG","#73 Kevin Shepherd - C","#62 David Lary - RG","#65 Steven Amick - RT",,"#91 Dennis Cordova - LDE",,"#92 Pete Olson - DT","#95 Roland Lakes - DT","#53 Jesse Brayton - SLB",,"#52 Charles Martinez - MLB",,,"#44 Dana Johnson - CB","#21 Jose Robins - CB","#26 Ervin Wilson - FS","#31 Jerrold Miley - FS",,"#36 Karl Ferguson - SS","#41 Michael Liles - CB",,,,,,,,,,,,,,,,,,,,,,,,,,,,,,,,,,,,
RCR,7:30,"RCR 6",4,2,5,"Split Backs Normal Posts","4-3 Normal Double WR1",18,7,16,"2-5-RCR 6 (7:29) 12-Roger Ahmed pass complete to 89-Joseph Piggott to RCR 24 for 18 yards. RCR 73-Kevin Shepherd was injured on the play.","#12 Roger Ahmed - QB","#89 Joseph Piggott - RB",,,"#2 Jasper Ives - FB","#81 Mathew Franzen - TE",,"#86 Tony Blanchette - WR",,"#80 David Copeland - WR",,,"#59 Jeffrey Walker - LT","#76 Kurt Martin - LG","#73 Kevin Shepherd - C","#62 David Lary - RG","#65 Steven Amick - RT",,"#91 Dennis Cordova - LDE",,"#92 Pete Olson - DT","#95 Roland Lakes - DT","#93 Donald Ryder - RDE","#57 Larry Bidwell - SLB","#52 Charles Martinez - MLB",,"#50 Thomas Yocum - MLB","#44 Dana Johnson - CB","#21 Jose Robins - CB",,,,"#31 Jerrold Miley - FS","#41 Michael Liles - CB",,,,,,,,,,,,,,,,,,,,,,,,,,,,,,,,,,,,
RCR,6:49,"RCR 24",4,1,10,"Singleback Big PA Curls","4-3 Under Double Safety Blitz",9,7,16,"1-10-RCR 24 (6:48) 12-Roger Ahmed pass complete to 1-Nathaniel Harris to RCR 33 for 9 yards. Tackle by 53-Jesse Brayton.","#12 Roger Ahmed - QB","#5 Valentine Hembree - RB",,,,"#2 Jasper Ives - FB","#87 Jamie Rausch - FB","#1 Nathaniel Harris - WR",,"#6 James Greer - WR",,,"#59 Jeffrey Walker - LT","#76 Kurt Martin - LG","#71 William Gustafson - C","#62 David Lary - RG","#65 Steven Amick - RT",,"#94 James Kibby - LDE",,"#92 Pete Olson - DT","#95 Roland Lakes - DT","#76 Christopher Greco - LDE","#57 Larry Bidwell - SLB","#50 Thomas Yocum - MLB",,"#53 Jesse Brayton - SLB","#36 Karl Ferguson - SS","#39 Gerald Betts - CB",,,,"#25 Jose Castle - FS","#26 Ervin Wilson - FS",,,,,,,,,,,,,,,,,,,,,,,,,,,,,,,,,,,,
RCR,6:11,"RCR 33",4,2,1,"I Formation 3WR Backfield Flats","Nickel Normal Shallow Zone Deep",,7,16,"2-1-RCR 33 (6:10) 12-Roger Ahmed pass incomplete, intended for 15-Carlos Montgomery.","#12 Roger Ahmed - QB","#27 Mark McCants - WR",,,"#87 Jamie Rausch - FB",,,"#19 Dallas Teague - WR","#15 Carlos Montgomery - WR","#80 David Copeland - WR",,,"#59 Jeffrey Walker - LT","#76 Kurt Martin - LG","#71 William Gustafson - C","#62 David Lary - RG","#65 Steven Amick - RT",,"#91 Dennis Cordova - LDE",,"#92 Pete Olson - DT","#95 Roland Lakes - DT","#93 Donald Ryder - RDE",,"#53 Jesse Brayton - SLB",,"#55 Jonathan Reader - WLB","#21 Jose Robins - CB","#26 Ervin Wilson - FS",,"#25 Jose Castle - FS",,"#36 Karl Ferguson - SS","#41 Michael Liles - CB",,,,,,,,,,,,,,,,,,,,,,,,,,,,,,,,,,,,
RCR,6:06,"RCR 33",4,3,1,"I Formation 3WR HB Inside Strong","Nickel Normal Shallow Zone Deep",2,7,16,"3-1-RCR 33 (6:07) 5-Valentine Hembree ran to RCR 35 for 2 yards. Tackle by 44-Dana Johnson.","#12 Roger Ahmed - QB","#5 Valentine Hembree - RB",,,"#2 Jasper Ives - FB",,,"#1 Nathaniel Harris - WR","#6 James Greer - WR","#19 Dallas Teague - WR",,,"#59 Jeffrey Walker - LT","#76 Kurt Martin - LG","#71 William Gustafson - C","#62 David Lary - RG","#65 Steven Amick - RT",,"#91 Dennis Cordova - LDE",,"#92 Pete Olson - DT","#95 Roland Lakes - DT","#93 Donald Ryder - RDE",,"#53 Jesse Brayton - SLB",,"#50 Thomas Yocum - MLB","#44 Dana Johnson - CB","#39 Gerald Betts - CB",,"#41 Michael Liles - CB",,"#21 Jose Robins - CB","#36 Karl Ferguson - SS",,,,,,,,,,,,,,,,,,,,,,,,,,,,,,,,,,,,
RCR,5:25,"RCR 35",4,1,10,"I Formation 3WR FL Post","Nickel Normal CB3 MLB Blitz",,7,16,"1-10-RCR 35 (5:24) 12-Roger Ahmed pass Pass knocked down by 36-Karl Ferguson. incomplete, intended for 6-James Greer.","#12 Roger Ahmed - QB","#89 Joseph Piggott - RB",,,"#2 Jasper Ives - FB",,,"#1 Nathaniel Harris - WR","#6 James Greer - WR","#19 Dallas Teague - WR",,,"#59 Jeffrey Walker - LT","#76 Kurt Martin - LG","#71 William Gustafson - C","#62 David Lary - RG","#65 Steven Amick - RT",,"#91 Dennis Cordova - LDE",,"#92 Pete Olson - DT","#95 Roland Lakes - DT","#93 Donald Ryder - RDE",,"#53 Jesse Brayton - SLB",,"#55 Jonathan Reader - WLB","#44 Dana Johnson - CB","#21 Jose Robins - CB",,"#26 Ervin Wilson - FS",,"#36 Karl Ferguson - SS","#31 Jerrold Miley - FS",,,,,,,,,,,,,,,,,,,,,,,,,,,,,,,,,,,,
RCR,5:18,"RCR 35",4,2,10,"Shotgun Normal HB Flare","Nickel 3-3-5 Cover 2 Man Under",,7,16,"2-10-RCR 35 (5:19) 12-Roger Ahmed pass Pass knocked down by 53-Jesse Brayton. incomplete, intended for 15-Carlos Montgomery.","#12 Roger Ahmed - QB","#5 Valentine Hembree - RB",,,,"#2 Jasper Ives - FB",,"#86 Tony Blanchette - WR","#15 Carlos Montgomery - WR","#80 David Copeland - WR",,,"#59 Jeffrey Walker - LT","#76 Kurt Martin - LG","#73 Kevin Shepherd - C","#62 David Lary - RG","#65 Steven Amick - RT",,"#91 Dennis Cordova - LDE",,"#92 Pete Olson - DT",,"#93 Donald Ryder - RDE","#55 Jonathan Reader - WLB","#53 Jesse Brayton - SLB",,"#50 Thomas Yocum - MLB","#39 Gerald Betts - CB","#25 Jose Castle - FS",,"#44 Dana Johnson - CB",,"#41 Michael Liles - CB","#26 Ervin Wilson - FS",,,,,,,,,,,,,,,,,,,,,,,,,,,,,,,,,,,,
RCR,5:14,"RCR 35",4,3,10,"Split Backs Normal Posts","4-3 Normal Man QB Spy",5,7,16,"3-10-RCR 35 (5:15) 12-Roger Ahmed pass complete to 81-Mathew Franzen to RCR 41 for 5 yards. Tackle by 50-Thomas Yocum.","#12 Roger Ahmed - QB","#89 Joseph Piggott - RB",,,"#87 Jamie Rausch - FB","#81 Mathew Franzen - TE",,"#1 Nathaniel Harris - WR",,"#6 James Greer - WR",,,"#59 Jeffrey Walker - LT","#76 Kurt Martin - LG","#73 Kevin Shepherd - C","#62 David Lary - RG","#65 Steven Amick - RT",,"#91 Dennis Cordova - LDE",,"#92 Pete Olson - DT","#95 Roland Lakes - DT","#93 Donald Ryder - RDE","#57 Larry Bidwell - SLB","#59 Jimmy Miller - MLB",,"#50 Thomas Yocum - MLB","#21 Jose Robins - CB","#39 Gerald Betts - CB",,,,"#36 Karl Ferguson - SS","#41 Michael Liles - CB",,,,,,,,,,,,,,,,,,,,,,,,,,,,,,,,,,,,
RCR,4:56,"RCR 41",4,4,5,"Weak I Big WR Post TE Out","Goal Line Attack #3",47,7,16,"4-5-RCR 41 (4:55) 12-Roger Ahmed pass complete to 81-Mathew Franzen to WRA 12 for 47 yards. 81-Mathew Franzen made a nice adjustment to make that catch. 81-Mathew Franzen made a great move on the CB. Pressure by 59-Jimmy Miller.","#12 Roger Ahmed - QB","#27 Mark McCants - WR",,,"#87 Jamie Rausch - FB","#81 Mathew Franzen - TE","#2 Jasper Ives - FB","#19 Dallas Teague - WR",,,,,"#59 Jeffrey Walker - LT","#76 Kurt Martin - LG","#73 Kevin Shepherd - C","#62 David Lary - RG","#65 Steven Amick - RT",,"#91 Dennis Cordova - LDE","#76 Christopher Greco - LDE","#92 Pete Olson - DT","#95 Roland Lakes - DT","#93 Donald Ryder - RDE","#57 Larry Bidwell - SLB","#59 Jimmy Miller - MLB",,"#55 Jonathan Reader - WLB","#44 Dana Johnson - CB","#25 Jose Castle - FS",,,,"#31 Jerrold Miley - FS",,,,,,,,,,,,,,,,,,,,,,,,,,,,,,,,,,,,,
RCR,4:43,"WRA 12",4,1,10,"Shotgun 2 RB 3 WR WR Curl","Nickel Normal Double WR2",,7,16,"1-10-WRA 12 (4:44) 12-Roger Ahmed pass Pass knocked down by 39-Gerald Betts. incomplete, intended for 89-Joseph Piggott. PENALTY - Holding (RCR 75-Ralph Mitchell)","#12 Roger Ahmed - QB","#89 Joseph Piggott - RB","#5 Valentine Hembree - RB",,,,,"#80 David Copeland - WR","#6 James Greer - WR","#1 Nathaniel Harris - WR",,,"#75 Ralph Mitchell - LT","#57 Donald Reneau - LG","#73 Kevin Shepherd - C","#61 Larry Fink - C","#63 Ronnie Dupuis - RT",,"#94 James Kibby - LDE",,"#90 John Odum - DT","#99 Lester Smith - RDE","#76 Christopher Greco - LDE",,"#53 Jesse Brayton - SLB",,"#50 Thomas Yocum - MLB","#39 Gerald Betts - CB","#41 Michael Liles - CB",,"#26 Ervin Wilson - FS",,"#36 Karl Ferguson - SS","#21 Jose Robins - CB",,,,,,,,,,,,,,,,,,,,,,,,,,,,,,,,,,,,
RCR,4:40,"WRA 22",4,1,20,"Shotgun 5 Wide Parallel Slants","Quarter Normal CB5 Blitz",,7,16,"1-20-WRA 22 (4:41) 12-Roger Ahmed pass Pass knocked down by 52-Charles Martinez. incomplete, intended for 6-James Greer.","#12 Roger Ahmed - QB",,,,,,,"#86 Tony Blanchette - WR","#15 Carlos Montgomery - WR","#80 David Copeland - WR","#1 Nathaniel Harris - WR","#6 James Greer - WR","#75 Ralph Mitchell - LT","#76 Kurt Martin - LG","#73 Kevin Shepherd - C","#61 Larry Fink - C","#63 Ronnie Dupuis - RT",,"#94 James Kibby - LDE",,"#92 Pete Olson - DT",,"#76 Christopher Greco - LDE",,"#52 Charles Martinez - MLB",,,"#39 Gerald Betts - CB","#36 Karl Ferguson - SS","#26 Ervin Wilson - FS","#44 Dana Johnson - CB","#31 Jerrold Miley - FS","#21 Jose Robins - CB","#41 Michael Liles - CB",,,,,,,,,,,,,,,,,,,,,,,,,,,,,,,,,,,,
RCR,4:37,"WRA 22",4,2,20,"Shotgun 2 RB 3 WR WR Curl","Nickel Normal Double WR2",7,7,16,"2-20-WRA 22 (4:38) 12-Roger Ahmed pass complete to 5-Valentine Hembree to WRA 15 for 7 yards. Tackle by 53-Jesse Brayton.","#12 Roger Ahmed - QB","#5 Valentine Hembree - RB","#89 Joseph Piggott - RB",,,,,"#80 David Copeland - WR","#15 Carlos Montgomery - WR","#86 Tony Blanchette - WR",,,"#75 Ralph Mitchell - LT","#76 Kurt Martin - LG","#73 Kevin Shepherd - C","#62 David Lary - RG","#59 Jeffrey Walker - LT",,"#76 Christopher Greco - LDE",,"#92 Pete Olson - DT","#95 Roland Lakes - DT","#93 Donald Ryder - RDE",,"#53 Jesse Brayton - SLB",,"#50 Thomas Yocum - MLB","#39 Gerald Betts - CB","#36 Karl Ferguson - SS",,"#44 Dana Johnson - CB",,"#21 Jose Robins - CB","#41 Michael Liles - CB",,,,,,,,,,,,,,,,,,,,,,,,,,,,,,,,,,,,
RCR,4:18,"WRA 15",4,3,13,"Singleback Big WR Deep","4-3 Under Crash Right",2,7,16,"3-13-WRA 15 (4:17) 12-Roger Ahmed pass complete to 87-Jamie Rausch to WRA 13 for 2 yards. Tackle by 36-Karl Ferguson. Pressure by 55-Jonathan Reader.","#12 Roger Ahmed - QB","#89 Joseph Piggott - RB",,,,"#87 Jamie Rausch - FB","#2 Jasper Ives - FB","#1 Nathaniel Harris - WR",,"#6 James Greer - WR",,,"#59 Jeffrey Walker - LT","#76 Kurt Martin - LG","#73 Kevin Shepherd - C","#62 David Lary - RG","#65 Steven Amick - RT",,"#91 Dennis Cordova - LDE",,"#92 Pete Olson - DT","#95 Roland Lakes - DT","#93 Donald Ryder - RDE","#57 Larry Bidwell - SLB","#52 Charles Martinez - MLB",,"#55 Jonathan Reader - WLB","#21 Jose Robins - CB","#39 Gerald Betts - CB",,,,"#41 Michael Liles - CB","#36 Karl Ferguson - SS",,,,,,,,,,,,,,,,,,,,,,,,,,,,,,,,,,,,
RCR,3:57,"WRA 13",4,4,11,"Field Goal","FG Block",24,10,16,"4-11-WRA 13 (3:56) 14-Robert Rodriguez 32 yard field goal is GOOD. RCR 10 WRA 16",,,,,,,,,,,,,,,,,,,,,,,,,,,,,,,,,,,,"#7 Salvador Jamieson - P","#59 Jeffrey Walker - LT",,,,,,,,,,,,,,"#14 Robert Rodriguez - K","#62 David Lary - RG","#75 Ralph Mitchell - LT","#65 Steven Amick - RT","#57 Donald Reneau - LG","#76 Kurt Martin - LG","#73 Kevin Shepherd - C","#61 Larry Fink - C","#71 William Gustafson - C","#95 Roland Lakes - DT","#91 Dennis Cordova - LDE","#76 Christopher Greco - LDE","#52 Charles Martinez - MLB","#58 Christopher Richardson - MLB","#90 John Odum - DT","#50 Thomas Yocum - MLB","#53 Jesse Brayton - SLB","#94 James Kibby - LDE","#99 Lester Smith - RDE","#92 Pete Olson - DT"
RCR,3:53,"RCR 35",4,6,10,Kickoff,"Kick Return",,10,16,"(3:54) 14-Robert Rodriguez kicks 70 yards from RCR 35 to WRA -5. Touchback.",,,,,,,,,,,,,,,,,,,,,,,,,,,,,,,,,,,,,,"#34 William Donelson - RB",,"#58 Christopher Richardson - MLB","#84 Amado Stockton - WR","#52 Charles Martinez - MLB","#53 Jesse Brayton - SLB","#59 Jimmy Miller - MLB","#92 Pete Olson - DT","#50 Thomas Yocum - MLB","#99 Lester Smith - RDE","#91 Dennis Cordova - LDE","#76 Christopher Greco - LDE","#14 Robert Rodriguez - K",,,,,,,,,,,,,,,,,,,,
WRA,3:53,"WRA 25",4,1,10,"I Formation Normal HB Dive","3-4 Normal Man Cover 1",3,10,16,"1-10-WRA 25 (3:54) 29-Mike Robbins ran to WRA 28 for 3 yards. Tackle by 97-Michael Dudley.","#9 Melvin Ramos - QB","#29 Mike Robbins - RB",,,"#34 William Donelson - RB","#85 Tom Boyle - TE",,"#81 Earl Miller - WR",,"#82 William Wade - WR",,,"#60 Theo Adams - LT","#61 Charles Johson - LG","#63 William Eubanks - C","#69 Richard Alcala - RG","#78 Timothy Lawrence - RT",,"#77 Kevin Scott - LDE",,"#97 Michael Dudley - DT",,"#94 William Andrews - RDE","#52 Yojimbo Frost - WLB","#50 Stephen Herndon - MLB","#53 Derrick Agee - WLB","#96 William Brown - WLB","#11 Lowell Woodson - CB","#20 James Stokes - CB",,,,"#21 Willie Felder - CB","#8 Danny Bielecki - CB",,,,,,,,,,,,,,,,,,,,,,,,,,,,,,,,,,,,
WRA,3:14,"WRA 28",4,2,7,"Singleback Big Off Tackle Strong","3-4 Normal Man Cover 1",2,10,16,"2-7-WRA 28 (3:13) 34-William Donelson ran to WRA 30 for 2 yards. Tackle by 77-Kevin Scott.","#9 Melvin Ramos - QB","#34 William Donelson - RB",,,,"#85 Tom Boyle - TE","#83 Matthew English - TE","#81 Earl Miller - WR",,"#82 William Wade - WR",,,"#60 Theo Adams - LT","#61 Charles Johson - LG","#63 William Eubanks - C","#69 Richard Alcala - RG","#78 Timothy Lawrence - RT",,"#77 Kevin Scott - LDE",,"#97 Michael Dudley - DT",,"#94 William Andrews - RDE","#92 Randall Sandin - WLB","#53 Derrick Agee - WLB","#50 Stephen Herndon - MLB","#99 Michael Zamora - WLB","#36 Mark Murray - CB","#25 Peter Scott - CB",,,,"#28 Edward Dreher - SS","#8 Danny Bielecki - CB",,,,,,,,,,,,,,,,,,,,,,,,,,,,,,,,,,,,
WRA,2:38,"WRA 30",4,3,5,"Strong I Normal HB Dive Strong","3-4 Normal Man Cover 1",,10,16,"3-5-WRA 30 (2:37) PENALTY - False Start (WRA 69-Richard Alcala)","#9 Melvin Ramos - QB","#29 Mike Robbins - RB",,,"#34 William Donelson - RB","#85 Tom Boyle - TE",,"#81 Earl Miller - WR",,"#82 William Wade - WR",,,"#60 Theo Adams - LT","#61 Charles Johson - LG","#63 William Eubanks - C","#69 Richard Alcala - RG","#78 Timothy Lawrence - RT",,"#77 Kevin Scott - LDE",,"#97 Michael Dudley - DT",,"#94 William Andrews - RDE","#92 Randall Sandin - WLB","#53 Derrick Agee - WLB","#50 Stephen Herndon - MLB","#96 William Brown - WLB","#36 Mark Murray - CB","#20 James Stokes - CB",,,,"#28 Edward Dreher - SS","#8 Danny Bielecki - CB",,,,,,,,,,,,,,,,,,,,,,,,,,,,,,,,,,,,
WRA,2:36,"WRA 25",4,3,10,"I Formation Normal HB Dive","3-4 Normal Man Cover 1",1,10,16,"3-10-WRA 25 (2:37) 29-Mike Robbins ran to WRA 26 for 1 yards. Tackle by 97-Michael Dudley. PENALTY - Facemask (RCR 97-Michael Dudley)","#9 Melvin Ramos - QB","#29 Mike Robbins - RB",,,"#34 William Donelson - RB","#85 Tom Boyle - TE",,"#81 Earl Miller - WR",,"#82 William Wade - WR",,,"#60 Theo Adams - LT","#61 Charles Johson - LG","#63 William Eubanks - C","#69 Richard Alcala - RG","#78 Timothy Lawrence - RT",,"#77 Kevin Scott - LDE",,"#97 Michael Dudley - DT",,"#94 William Andrews - RDE","#92 Randall Sandin - WLB","#53 Derrick Agee - WLB","#50 Stephen Herndon - MLB","#96 William Brown - WLB","#36 Mark Murray - CB","#20 James Stokes - CB",,,,"#28 Edward Dreher - SS","#8 Danny Bielecki - CB",,,,,,,,,,,,,,,,,,,,,,,,,,,,,,,,,,,,
WRA,2:34,"WRA 41",4,1,10,"Singleback Slot Strong HB Counter","4-3 Under Crash Right",-2,10,16,"1-10-WRA 41 (2:35) 34-William Donelson ran to WRA 39 for -2 yards. Tackle by 96-William Brown.","#9 Melvin Ramos - QB","#34 William Donelson - RB",,,,"#85 Tom Boyle - TE",,"#81 Earl Miller - WR","#84 Amado Stockton - WR","#82 William Wade - WR",,,"#60 Theo Adams - LT","#61 Charles Johson - LG","#63 William Eubanks - C","#69 Richard Alcala - RG","#78 Timothy Lawrence - RT",,"#77 Kevin Scott - LDE",,"#97 Michael Dudley - DT","#91 William Thompson - DT","#94 William Andrews - RDE","#92 Randall Sandin - WLB","#53 Derrick Agee - WLB",,"#96 William Brown - WLB","#36 Mark Murray - CB","#8 Danny Bielecki - CB",,,,"#28 Edward Dreher - SS","#21 Willie Felder - CB",,,,,,,,,,,,,,,,,,,,,,,,,,,,,,,,,,,,
,2:00,,4,2,12,,,,10,16,"Timeout for two minute warning.",,,,,,,,,,,,,,,,,,,,,,,,,,,,,,,,,,,,,,,,,,,,,,,,,,,,,,,,,,,,,,,,,,,,,,
WRA,2:00,"WRA 39",4,2,12,"Singleback Slot Strong HB Counter","3-4 Normal Man Cover 1",-3,10,16,"2-12-WRA 39 (2:00) 34-William Donelson ran to WRA 36 for -3 yards. Tackle by 92-Randall Sandin.","#9 Melvin Ramos - QB","#34 William Donelson - RB",,,,"#85 Tom Boyle - TE",,"#81 Earl Miller - WR","#84 Amado Stockton - WR","#82 William Wade - WR",,,"#60 Theo Adams - LT","#61 Charles Johson - LG","#63 William Eubanks - C","#69 Richard Alcala - RG","#78 Timothy Lawrence - RT",,"#77 Kevin Scott - LDE",,"#97 Michael Dudley - DT",,"#94 William Andrews - RDE","#92 Randall Sandin - WLB","#53 Derrick Agee - WLB","#50 Stephen Herndon - MLB","#96 William Brown - WLB","#36 Mark Murray - CB","#20 James Stokes - CB",,,,"#28 Edward Dreher - SS","#8 Danny Bielecki - CB",,,,,,,,,,,,,,,,,,,,,,,,,,,,,,,,,,,,
,1:59,,4,3,15,,,,10,16,"Timeout RCR",,,,,,,,,,,,,,,,,,,,,,,,,,,,,,,,,,,,,,,,,,,,,,,,,,,,,,,,,,,,,,,,,,,,,,
WRA,1:55,"WRA 36",4,3,15,"Singleback Slot Strong HB Counter","4-3 Under Crash Right",-1,10,16,"3-15-WRA 36 (1:56) 34-William Donelson ran to WRA 35 for -1 yards. Tackle by 96-William Brown.","#9 Melvin Ramos - QB","#34 William Donelson - RB",,,,"#85 Tom Boyle - TE",,"#81 Earl Miller - WR","#84 Amado Stockton - WR","#82 William Wade - WR",,,"#60 Theo Adams - LT","#61 Charles Johson - LG","#63 William Eubanks - C","#69 Richard Alcala - RG","#78 Timothy Lawrence - RT",,"#77 Kevin Scott - LDE",,"#97 Michael Dudley - DT","#91 William Thompson - DT","#94 William Andrews - RDE","#92 Randall Sandin - WLB","#53 Derrick Agee - WLB",,"#96 William Brown - WLB","#36 Mark Murray - CB","#8 Danny Bielecki - CB",,,,"#28 Edward Dreher - SS","#21 Willie Felder - CB",,,,,,,,,,,,,,,,,,,,,,,,,,,,,,,,,,,,
,1:54,,4,4,16,,,,10,16,"Timeout RCR",,,,,,,,,,,,,,,,,,,,,,,,,,,,,,,,,,,,,,,,,,,,,,,,,,,,,,,,,,,,,,,,,,,,,,
WRA,1:52,"WRA 35",4,4,16,Punt,"Punt Return",,10,16,"4-16-WRA 35 (1:53) 5-Joshua Welsh punts 51 yards to RCR 14. 11-Lowell Woodson to RCR 23 for 10 yards. Tackle by 61-Charles Johson. WRA 61-Charles Johson was injured on the play.",,,,,,,,,,,,,,,,,,"#5 Joshua Welsh - P",,,,,,,,,,,,,,,,,,,"#82 William Wade - WR",,"#11 Lowell Woodson - CB",,,"#28 Edward Dreher - SS","#98 Dale Hardin - SLB","#36 Mark Murray - CB",,"#92 Randall Sandin - WLB","#96 William Brown - WLB",,"#20 James Stokes - CB",,,,"#65 Dwayne Lane - RT","#73 Ronald Ormiston - LT","#78 Timothy Lawrence - RT","#61 Charles Johson - LG","#60 Theo Adams - LT","#85 Tom Boyle - TE",,"#90 Paul Wright - LDE","#97 Michael Dudley - DT","#94 William Andrews - RDE","#53 Derrick Agee - WLB",,,,,,,
RCR,1:42,"RCR 23",4,1,10,"I Formation Power Play Action HB Downfield","Goal Line Attack #3",11,10,16,"1-10-RCR 23 (1:43) 12-Roger Ahmed pass complete to 6-James Greer to RCR 34 for 11 yards. Tackle by 21-Jose Robins. 6-James Greer breaks down the CB. Pressure by 50-Thomas Yocum.","#12 Roger Ahmed - QB","#5 Valentine Hembree - RB",,"#2 Jasper Ives - FB","#89 Joseph Piggott - RB","#6 James Greer - WR",,"#19 Dallas Teague - WR",,,,,"#59 Jeffrey Walker - LT","#76 Kurt Martin - LG","#71 William Gustafson - C","#62 David Lary - RG","#65 Steven Amick - RT",,"#91 Dennis Cordova - LDE","#76 Christopher Greco - LDE","#92 Pete Olson - DT","#95 Roland Lakes - DT","#93 Donald Ryder - RDE","#57 Larry Bidwell - SLB","#52 Charles Martinez - MLB",,"#50 Thomas Yocum - MLB","#44 Dana Johnson - CB","#21 Jose Robins - CB",,,,"#36 Karl Ferguson - SS",,,,,,,,,,,,,,,,,,,,,,,,,,,,,,,,,,,,,
,1:38,,4,1,10,,,,10,16,"Timeout RCR",,,,,,,,,,,,,,,,,,,,,,,,,,,,,,,,,,,,,,,,,,,,,,,,,,,,,,,,,,,,,,,,,,,,,,
RCR,1:35,"RCR 34",4,1,10,"I Formation 3WR FL Post","Nickel Normal CB3 MLB Blitz",,10,16,"1-10-RCR 34 (1:36) 12-Roger Ahmed pass incomplete, dropped by 89-Joseph Piggott. The coverage on that play was extremely tight. Pressure by 91-Dennis Cordova.","#12 Roger Ahmed - QB","#89 Joseph Piggott - RB",,,"#2 Jasper Ives - FB",,,"#1 Nathaniel Harris - WR","#80 David Copeland - WR","#86 Tony Blanchette - WR",,,"#59 Jeffrey Walker - LT","#76 Kurt Martin - LG","#73 Kevin Shepherd - C","#62 David Lary - RG","#65 Steven Amick - RT",,"#91 Dennis Cordova - LDE",,"#92 Pete Olson - DT","#95 Roland Lakes - DT","#93 Donald Ryder - RDE",,"#53 Jesse Brayton - SLB",,"#55 Jonathan Reader - WLB","#39 Gerald Betts - CB","#21 Jose Robins - CB",,"#26 Ervin Wilson - FS",,"#31 Jerrold Miley - FS","#41 Michael Liles - CB",,,,,,,,,,,,,,,,,,,,,,,,,,,,,,,,,,,,
RCR,1:31,"RCR 34",4,2,10,"I Formation 3WR FL Post","Nickel 3-3-5 Cover 2 Man Under",4,10,16,"2-10-RCR 34 (1:32) 12-Roger Ahmed pass complete to 5-Valentine Hembree to RCR 38 for 4 yards. Tackle by 57-Larry Bidwell.","#12 Roger Ahmed - QB","#5 Valentine Hembree - RB",,,"#2 Jasper Ives - FB",,,"#6 James Greer - WR","#86 Tony Blanchette - WR","#19 Dallas Teague - WR",,,"#59 Jeffrey Walker - LT","#76 Kurt Martin - LG","#73 Kevin Shepherd - C","#62 David Lary - RG","#65 Steven Amick - RT",,"#91 Dennis Cordova - LDE",,"#92 Pete Olson - DT",,"#93 Donald Ryder - RDE","#57 Larry Bidwell - SLB","#53 Jesse Brayton - SLB",,"#55 Jonathan Reader - WLB","#44 Dana Johnson - CB","#21 Jose Robins - CB",,"#31 Jerrold Miley - FS",,"#36 Karl Ferguson - SS","#41 Michael Liles - CB",,,,,,,,,,,,,,,,,,,,,,,,,,,,,,,,,,,,
RCR,1:13,"RCR 38",4,3,6,"Shotgun 2 RB 3 WR WR Curl","Nickel 3-3-5 Cover 2 Man Under",,10,16,"3-6-RCR 38 (1:12) 12-Roger Ahmed pass Pass knocked down by 44-Dana Johnson. incomplete, intended for 19-Dallas Teague.","#12 Roger Ahmed - QB","#89 Joseph Piggott - RB","#27 Mark McCants - WR",,,,,"#80 David Copeland - WR","#6 James Greer - WR","#19 Dallas Teague - WR",,,"#59 Jeffrey Walker - LT","#76 Kurt Martin - LG","#73 Kevin Shepherd - C","#62 David Lary - RG","#65 Steven Amick - RT",,"#91 Dennis Cordova - LDE",,"#92 Pete Olson - DT",,"#93 Donald Ryder - RDE","#57 Larry Bidwell - SLB","#53 Jesse Brayton - SLB",,"#50 Thomas Yocum - MLB","#39 Gerald Betts - CB","#44 Dana Johnson - CB",,"#25 Jose Castle - FS",,"#36 Karl Ferguson - SS","#26 Ervin Wilson - FS",,,,,,,,,,,,,,,,,,,,,,,,,,,,,,,,,,,,
RCR,1:08,"RCR 38",4,4,6,"Shotgun 4 Wide All Curls","Dime Normal Man Cover 1",,10,16,"4-6-RCR 38 (1:09) 12-Roger Ahmed pass Pass knocked down by 44-Dana Johnson. incomplete, intended for 86-Tony Blanchette. Turnover on downs.","#12 Roger Ahmed - QB","#2 Jasper Ives - FB",,,,,,"#1 Nathaniel Harris - WR","#27 Mark McCants - WR","#15 Carlos Montgomery - WR","#86 Tony Blanchette - WR",,"#59 Jeffrey Walker - LT","#76 Kurt Martin - LG","#73 Kevin Shepherd - C","#62 David Lary - RG","#65 Steven Amick - RT",,"#91 Dennis Cordova - LDE",,"#92 Pete Olson - DT","#95 Roland Lakes - DT","#93 Donald Ryder - RDE",,"#52 Charles Martinez - MLB",,,"#21 Jose Robins - CB","#25 Jose Castle - FS","#44 Dana Johnson - CB","#39 Gerald Betts - CB",,"#41 Michael Liles - CB","#26 Ervin Wilson - FS",,,,,,,,,,,,,,,,,,,,,,,,,,,,,,,,,,,,
WRA,1:05,"RCR 38",4,1,10,Victory,"Dime Normal Man Cover 1",,10,16,"1-10-RCR 38 (1:06) 9-Melvin Ramos kneeled down to RCR 38 for 0 yards.","#9 Melvin Ramos - QB","#34 William Donelson - RB",,"#32 Gordon Langley - RB","#27 Francisco Wilson - RB","#85 Tom Boyle - TE","#83 Matthew English - TE",,,,,,"#60 Theo Adams - LT","#61 Charles Johson - LG","#63 William Eubanks - C","#69 Richard Alcala - RG","#78 Timothy Lawrence - RT",,"#77 Kevin Scott - LDE",,"#97 Michael Dudley - DT","#91 William Thompson - DT","#94 William Andrews - RDE",,"#53 Derrick Agee - WLB",,,"#36 Mark Murray - CB","#8 Danny Bielecki - CB","#25 Peter Scott - CB","#20 James Stokes - CB",,"#28 Edward Dreher - SS","#21 Willie Felder - CB",,,,,,,,,,,,,,,,,,,,,,,,,,,,,,,,,,,,
WRA,0:32,"RCR 38",4,2,10,Victory,"Dime Normal Man Cover 1",,10,16,"2-10-RCR 38 (0:31) 9-Melvin Ramos kneeled down to RCR 38 for 0 yards.","#9 Melvin Ramos - QB","#34 William Donelson - RB",,"#32 Gordon Langley - RB","#27 Francisco Wilson - RB","#85 Tom Boyle - TE","#83 Matthew English - TE",,,,,,"#60 Theo Adams - LT","#61 Charles Johson - LG","#63 William Eubanks - C","#69 Richard Alcala - RG","#78 Timothy Lawrence - RT",,"#77 Kevin Scott - LDE",,"#97 Michael Dudley - DT","#91 William Thompson - DT","#94 William Andrews - RDE",,"#53 Derrick Agee - WLB",,,"#36 Mark Murray - CB","#8 Danny Bielecki - CB","#25 Peter Scott - CB","#20 James Stokes - CB",,"#28 Edward Dreher - SS","#21 Willie Felder - CB",,,,,,,,,,,,,,,,,,,,,,,,,,,,,,,,,,,,
,0:00,,4,3,10,,,,10,16,"End of fourth quarter.",,,,,,,,,,,,,,,,,,,,,,,,,,,,,,,,,,,,,,,,,,,,,,,,,,,,,,,,,,,,,,,,,,,,,,
