HasBall,"Game Clock","Ball @",Quarter,Down,YTG,OffensivePlay,DefensivePlay,YardsGained,"Home Score","Away Score",Text,QB1,RB1,RB2,FB2,FB1,TE1,TE2,WR1,WR3,WR2,WR4,WR5,LT1,LG1,C1,RG1,RT1,P1,LDE1,LDE2,DT1,DT2,RDE1,SLB1,MLB1,MLB2,WLB1,CB1,CB2,CB4,CB3,CB5,SS1,FS1,FS2,"Kick Holder1","Long Snapper1","Kick Returner1","Punt Returner1",Gunner10,Gunner7,Gunner2,Gunner6,Gunner1,Gunner8,Gunner3,Gunner4,Gunner9,Gunner5,Kickoffs1,"Field Goal Kicker1","ST Blocker8","ST Blocker5","ST Blocker4","ST Blocker1","ST Blocker2","ST Blocker3","ST Blocker6","ST Blocker7","ST Rusher4","ST Rusher1","ST Rusher2","ST Rusher3","ST Rusher11","ST Rusher10","ST Rusher9","ST Rusher6","ST Rusher5","ST Rusher7","ST Rusher8"
,15:00,,1,2,5,,,,0,0,"RCR has won the toss and elected to receive.",,,,,,,,,,,,,,,,,,,,,,,,,,,,,,,,,,,,,,,,,,,,,,,,,,,,,,,,,,,,,,,,,,,,,,
BCB,15:00,"BCB 35",1,6,10,Kickoff,"Kick Return",,0,0,"(15:00) 9-William Leonard kicks 75 yards from BCB 35 to RCR -10. Touchback.",,,,,,,,,,,,,,,,,,,,,,,,,,,,,,,,,,,,,,"#11 Lowell Woodson - CB",,"#25 Peter Scott - CB","#99 Michael Zamora - WLB","#28 Edward Dreher - SS","#53 Derrick Agee - WLB","#36 Mark Murray - CB","#29 Brad Sinclair - CB","#92 Randall Sandin - WLB","#96 William Brown - WLB","#20 James Stokes - CB","#98 Dale Hardin - SLB","#9 William Leonard - K",,,,,,,,,,,,,,,,,,,,
RCR,15:00,"RCR 25",1,1,10,"Singleback Big PA Curls","4-3 Normal Man Under 1",8,0,0,"1-10-RCR 25 (15:00) 12-Roger Ahmed pass complete to 1-Nathaniel Harris to RCR 33 for 8 yards. Tackle by 23-Harold Scott.","#12 Roger Ahmed - QB","#5 Valentine Hembree - RB",,,,"#81 Mathew Franzen - TE","#2 Jasper Ives - FB","#1 Nathaniel Harris - WR",,"#6 James Greer - WR",,,"#59 Jeffrey Walker - LT","#76 Kurt Martin - LG","#73 Kevin Shepherd - C","#62 David Lary - RG","#65 Steven Amick - RT",,"#94 Benny Sayre - LDE",,"#77 Jorge Farkas - DT","#58 Jacob Bennet - DT","#61 Frank Meyer - RDE","#99 Robert Ramos - CB","#96 Brady Cooper - CB",,"#91 Jerry Moore - CB","#23 Harold Scott - CB","#38 Eric Wadsworth - CB",,,,"#44 Michael Griffin - CB","#40 Calvin Garst - CB",,,,,,,,,,,,,,,,,,,,,,,,,,,,,,,,,,,,
RCR,14:16,"RCR 33",1,2,2,"I Formation 3WR Slot Corner Long","4-3 Normal Man Under 1",,0,0,"2-2-RCR 33 (14:15) 12-Roger Ahmed pass Pass knocked down by 99-Robert Ramos. incomplete, intended for 5-Valentine Hembree.","#12 Roger Ahmed - QB","#5 Valentine Hembree - RB",,,"#2 Jasper Ives - FB",,,"#1 Nathaniel Harris - WR","#6 James Greer - WR","#19 Dallas Teague - WR",,,"#59 Jeffrey Walker - LT","#76 Kurt Martin - LG","#73 Kevin Shepherd - C","#62 David Lary - RG","#65 Steven Amick - RT",,"#94 Benny Sayre - LDE",,"#77 Jorge Farkas - DT","#58 Jacob Bennet - DT","#61 Frank Meyer - RDE","#99 Robert Ramos - CB","#96 Brady Cooper - CB",,"#91 Jerry Moore - CB","#23 Harold Scott - CB","#38 Eric Wadsworth - CB",,,,"#35 Gerald Hackett - CB","#40 Calvin Garst - CB",,,,,,,,,,,,,,,,,,,,,,,,,,,,,,,,,,,,
RCR,14:10,"RCR 33",1,3,2,"I Formation 3WR Slot Corner Short","4-3 Normal Man Under 1",7,0,0,"3-2-RCR 33 (14:11) 12-Roger Ahmed pass complete to 1-Nathaniel Harris to RCR 40 for 7 yards. Tackle by 31-Derek Cooper.","#12 Roger Ahmed - QB","#5 Valentine Hembree - RB",,,"#2 Jasper Ives - FB",,,"#1 Nathaniel Harris - WR","#6 James Greer - WR","#19 Dallas Teague - WR",,,"#59 Jeffrey Walker - LT","#76 Kurt Martin - LG","#73 Kevin Shepherd - C","#62 David Lary - RG","#65 Steven Amick - RT",,"#94 Benny Sayre - LDE",,"#77 Jorge Farkas - DT","#58 Jacob Bennet - DT","#61 Frank Meyer - RDE","#36 Justin Archer - CB","#96 Brady Cooper - CB",,"#91 Jerry Moore - CB","#31 Derek Cooper - CB","#90 George Davis - CB",,,,"#44 Michael Griffin - CB","#50 Scott McDonald - CB",,,,,,,,,,,,,,,,,,,,,,,,,,,,,,,,,,,,
RCR,13:37,"RCR 40",1,1,10,"Singleback Big PA Curls","4-3 Normal Man Under 1",4,0,0,"1-10-RCR 40 (13:36) 12-Roger Ahmed pass complete to 19-Dallas Teague to RCR 44 for 4 yards. Tackle by 23-Harold Scott. 38-Eric Wadsworth got away with a hold on that play.","#12 Roger Ahmed - QB","#89 Joseph Piggott - RB",,,,"#81 Mathew Franzen - TE","#2 Jasper Ives - FB","#19 Dallas Teague - WR",,"#86 Tony Blanchette - WR",,,"#59 Jeffrey Walker - LT","#76 Kurt Martin - LG","#73 Kevin Shepherd - C","#62 David Lary - RG","#65 Steven Amick - RT",,"#94 Benny Sayre - LDE",,"#77 Jorge Farkas - DT","#58 Jacob Bennet - DT","#61 Frank Meyer - RDE","#99 Robert Ramos - CB","#96 Brady Cooper - CB",,"#91 Jerry Moore - CB","#23 Harold Scott - CB","#38 Eric Wadsworth - CB",,,,"#44 Michael Griffin - CB","#40 Calvin Garst - CB",,,,,,,,,,,,,,,,,,,,,,,,,,,,,,,,,,,,
RCR,13:03,"RCR 44",1,2,6,"Weak I Normal FB Inside Weak","4-3 Normal Man Under 1",12,0,0,"2-6-RCR 44 (13:02) 87-Jamie Rausch ran to BCB 44 for 12 yards. Tackle by 99-Robert Ramos.","#12 Roger Ahmed - QB","#5 Valentine Hembree - RB",,,"#87 Jamie Rausch - FB","#2 Jasper Ives - FB",,"#6 James Greer - WR",,"#1 Nathaniel Harris - WR",,,"#59 Jeffrey Walker - LT","#76 Kurt Martin - LG","#73 Kevin Shepherd - C","#62 David Lary - RG","#65 Steven Amick - RT",,"#94 Benny Sayre - LDE",,"#77 Jorge Farkas - DT","#58 Jacob Bennet - DT","#61 Frank Meyer - RDE","#99 Robert Ramos - CB","#96 Brady Cooper - CB",,"#91 Jerry Moore - CB","#23 Harold Scott - CB","#38 Eric Wadsworth - CB",,,,"#35 Gerald Hackett - CB","#40 Calvin Garst - CB",,,,,,,,,,,,,,,,,,,,,,,,,,,,,,,,,,,,
RCR,12:19,"BCB 44",1,1,10,"I Formation Power HB Sweep Weak","4-3 Normal OLB Blitz Inside",-3,0,0,"1-10-BCB 44 (12:18) 89-Joseph Piggott ran to BCB 47 for -3 yards. Tackle by 36-Justin Archer.","#12 Roger Ahmed - QB","#89 Joseph Piggott - RB",,"#87 Jamie Rausch - FB","#2 Jasper Ives - FB","#6 James Greer - WR",,"#19 Dallas Teague - WR",,,,,"#65 Steven Amick - RT","#76 Kurt Martin - LG","#71 William Gustafson - C","#62 David Lary - RG","#59 Jeffrey Walker - LT",,"#94 Benny Sayre - LDE",,"#77 Jorge Farkas - DT","#58 Jacob Bennet - DT","#61 Frank Meyer - RDE","#36 Justin Archer - CB","#97 James Siefert - CB",,"#91 Jerry Moore - CB","#23 Harold Scott - CB","#38 Eric Wadsworth - CB",,,,"#44 Michael Griffin - CB","#40 Calvin Garst - CB",,,,,,,,,,,,,,,,,,,,,,,,,,,,,,,,,,,,
RCR,11:45,"BCB 47",1,2,13,"Singleback Empty 4 Short Posts","Dime Normal Man Cover 1",2,0,0,"2-13-BCB 47 (11:44) 12-Roger Ahmed pass complete to 81-Mathew Franzen to BCB 45 for 2 yards. Tackle by 44-Michael Griffin.","#12 Roger Ahmed - QB",,,,,"#81 Mathew Franzen - TE",,"#1 Nathaniel Harris - WR","#19 Dallas Teague - WR","#6 James Greer - WR","#86 Tony Blanchette - WR",,"#59 Jeffrey Walker - LT","#76 Kurt Martin - LG","#73 Kevin Shepherd - C","#62 David Lary - RG","#65 Steven Amick - RT",,"#94 Benny Sayre - LDE",,"#77 Jorge Farkas - DT","#58 Jacob Bennet - DT","#61 Frank Meyer - RDE",,"#96 Brady Cooper - CB",,,"#23 Harold Scott - CB","#38 Eric Wadsworth - CB","#90 George Davis - CB","#31 Derek Cooper - CB",,"#44 Michael Griffin - CB","#40 Calvin Garst - CB",,,,,,,,,,,,,,,,,,,,,,,,,,,,,,,,,,,,
RCR,11:01,"BCB 45",1,3,11,"I Formation 3WR FL Post","4-3 Normal Man Under 1",5,0,0,"3-11-BCB 45 (11:00) 12-Roger Ahmed pass complete to 5-Valentine Hembree to BCB 39 for 5 yards. Tackle by 23-Harold Scott. 5-Valentine Hembree did some fancy footwork there.","#12 Roger Ahmed - QB","#5 Valentine Hembree - RB",,,"#2 Jasper Ives - FB",,,"#1 Nathaniel Harris - WR","#6 James Greer - WR","#19 Dallas Teague - WR",,,"#59 Jeffrey Walker - LT","#76 Kurt Martin - LG","#73 Kevin Shepherd - C","#62 David Lary - RG","#65 Steven Amick - RT",,"#94 Benny Sayre - LDE",,"#77 Jorge Farkas - DT","#58 Jacob Bennet - DT","#61 Frank Meyer - RDE","#99 Robert Ramos - CB","#96 Brady Cooper - CB",,"#91 Jerry Moore - CB","#23 Harold Scott - CB","#38 Eric Wadsworth - CB",,,,"#44 Michael Griffin - CB","#40 Calvin Garst - CB",,,,,,,,,,,,,,,,,,,,,,,,,,,,,,,,,,,,
RCR,10:19,"BCB 39",1,4,5,"Field Goal","FG Block",49,0,0,"4-5-BCB 39 (10:18) 14-Robert Rodriguez 58 yard field goal is NO GOOD. (Short)",,,,,,,,,,,,,,,,,,,,,,,,,,,,,,,,,,,,"#7 Salvador Jamieson - P","#59 Jeffrey Walker - LT",,,,,,,,,,,,,,"#14 Robert Rodriguez - K","#62 David Lary - RG","#75 Ralph Mitchell - LT","#65 Steven Amick - RT","#57 Donald Reneau - LG","#76 Kurt Martin - LG","#73 Kevin Shepherd - C","#61 Larry Fink - C","#71 William Gustafson - C","#58 Jacob Bennet - DT","#96 Brady Cooper - CB","#61 Frank Meyer - RDE","#94 Benny Sayre - LDE","#69 Raymond Thomas - RT","#24 Robert Figueroa - CB","#63 Thomas Gardner - LT","#91 Jerry Moore - CB","#77 Jorge Farkas - DT","#75 Donald Freeland - RDE","#74 Monte Needham - DT"
BCB,10:13,"BCB 46",1,1,10,"Weak I Normal HB Inside Weak","4-3 Under Crash Right",-0,0,0,"1-10-BCB 46 (10:14) 14-Rick Jones ran to BCB 46 for a short loss. Tackle by 96-William Brown.","#10 George Oliver - QB","#14 Rick Jones - WR",,,"#49 Tim Johnson - WR","#30 Michael Martin - WR",,"#89 Jerry Jamison - WR",,"#18 Michael Zimmerman - WR",,,"#63 Thomas Gardner - LT","#78 Gerald Schirmer - LG","#76 Jeremy Meyer - C","#86 Michael Rice - RG","#69 Raymond Thomas - RT",,"#90 Paul Wright - LDE",,"#97 Michael Dudley - DT","#91 William Thompson - DT","#94 William Andrews - RDE","#92 Randall Sandin - WLB","#53 Derrick Agee - WLB",,"#96 William Brown - WLB","#36 Mark Murray - CB","#8 Danny Bielecki - CB",,,,"#29 Brad Sinclair - CB","#21 Willie Felder - CB",,,,,,,,,,,,,,,,,,,,,,,,,,,,,,,,,,,,
BCB,9:39,"BCB 46",1,2,10,"Shotgun 2 RB 3 WR Shotgun Sweep","4-3 Under Crash Right",-3,0,0,"2-10-BCB 46 (9:38) 41-Javier Lee ran to BCB 43 for -3 yards. Tackle by 92-Randall Sandin.","#10 George Oliver - QB","#14 Rick Jones - WR","#41 Javier Lee - WR",,,,,"#89 Jerry Jamison - WR","#17 Ronald Beard - WR","#18 Michael Zimmerman - WR",,,"#63 Thomas Gardner - LT","#78 Gerald Schirmer - LG","#76 Jeremy Meyer - C","#86 Michael Rice - RG","#69 Raymond Thomas - RT",,"#90 Paul Wright - LDE",,"#97 Michael Dudley - DT","#91 William Thompson - DT","#94 William Andrews - RDE","#92 Randall Sandin - WLB","#53 Derrick Agee - WLB",,"#96 William Brown - WLB","#36 Mark Murray - CB","#8 Danny Bielecki - CB",,,,"#29 Brad Sinclair - CB","#21 Willie Felder - CB",,,,,,,,,,,,,,,,,,,,,,,,,,,,,,,,,,,,
BCB,9:03,"BCB 43",1,3,13,"Singleback Normal TE Quick Out","4-3 Under Crash Right",44,0,0,"3-13-BCB 43 (9:02) 10-George Oliver pass complete to 17-Ronald Beard to RCR 13 for 44 yards. Pushed out of bounds by 8-Danny Bielecki.","#10 George Oliver - QB","#14 Rick Jones - WR",,,,"#30 Michael Martin - WR",,"#89 Jerry Jamison - WR","#17 Ronald Beard - WR","#18 Michael Zimmerman - WR",,,"#63 Thomas Gardner - LT","#78 Gerald Schirmer - LG","#76 Jeremy Meyer - C","#86 Michael Rice - RG","#69 Raymond Thomas - RT",,"#90 Paul Wright - LDE",,"#97 Michael Dudley - DT","#91 William Thompson - DT","#94 William Andrews - RDE","#92 Randall Sandin - WLB","#53 Derrick Agee - WLB",,"#96 William Brown - WLB","#36 Mark Murray - CB","#8 Danny Bielecki - CB",,,,"#29 Brad Sinclair - CB","#21 Willie Felder - CB",,,,,,,,,,,,,,,,,,,,,,,,,,,,,,,,,,,,
BCB,8:20,"RCR 13",1,1,10,"Singleback Normal TE Quick Out","3-4 Normal Man Cover 1",6,0,0,"1-10-RCR 13 (8:19) 10-George Oliver pass complete to 30-Michael Martin to RCR 7 for 6 yards. Tackle by 25-Peter Scott. Nice job by 30-Michael Martin on that route to lose his coverage. 99-Michael Zamora got away with a hold on that play. PENALTY - Holding (BCB 41-Javier Lee)","#10 George Oliver - QB","#41 Javier Lee - WR",,,,"#30 Michael Martin - WR",,"#80 Ralph Xiong - WR","#39 Judd Garrett - WR","#85 Joshua Egger - WR",,,"#84 Martin Jackson - LT","#78 Gerald Schirmer - LG","#76 Jeremy Meyer - C","#86 Michael Rice - RG","#69 Raymond Thomas - RT",,"#95 Richard Brown - RDE",,"#97 Michael Dudley - DT",,"#56 Jermaine Huntley - RDE","#52 Yojimbo Frost - WLB","#50 Stephen Herndon - MLB","#98 Dale Hardin - SLB","#99 Michael Zamora - WLB","#25 Peter Scott - CB","#11 Lowell Woodson - CB",,,,"#28 Edward Dreher - SS","#20 James Stokes - CB",,,,,,,,,,,,,,,,,,,,,,,,,,,,,,,,,,,,
BCB,8:15,"RCR 23",1,1,20,"Shotgun 2 RB 3 WR Shotgun Sweep","3-4 Normal Man Cover 1",-1,0,0,"1-20-RCR 23 (8:16) 15-Chester Robinson ran to RCR 24 for -1 yards. Tackle by 50-Stephen Herndon.","#10 George Oliver - QB","#41 Javier Lee - WR","#15 Chester Robinson - RB",,,,,"#18 Michael Zimmerman - WR","#85 Joshua Egger - WR","#80 Ralph Xiong - WR",,,"#63 Thomas Gardner - LT","#78 Gerald Schirmer - LG","#76 Jeremy Meyer - C","#86 Michael Rice - RG","#69 Raymond Thomas - RT",,"#95 Richard Brown - RDE",,"#97 Michael Dudley - DT",,"#56 Jermaine Huntley - RDE","#52 Yojimbo Frost - WLB","#50 Stephen Herndon - MLB","#99 Michael Zamora - WLB","#53 Derrick Agee - WLB","#20 James Stokes - CB","#25 Peter Scott - CB",,,,"#28 Edward Dreher - SS","#21 Willie Felder - CB",,,,,,,,,,,,,,,,,,,,,,,,,,,,,,,,,,,,
BCB,7:37,"RCR 24",1,2,21,"Split Backs 3 Wide Dive Left","3-4 Normal Double WR2",14,0,0,"2-21-RCR 24 (7:36) 49-Tim Johnson ran to RCR 10 for 14 yards. Tackle by 28-Edward Dreher.","#10 George Oliver - QB","#14 Rick Jones - WR",,,"#49 Tim Johnson - WR",,,"#18 Michael Zimmerman - WR","#85 Joshua Egger - WR","#80 Ralph Xiong - WR",,,"#63 Thomas Gardner - LT","#78 Gerald Schirmer - LG","#76 Jeremy Meyer - C","#86 Michael Rice - RG","#69 Raymond Thomas - RT",,"#90 Paul Wright - LDE",,"#97 Michael Dudley - DT",,"#56 Jermaine Huntley - RDE","#92 Randall Sandin - WLB","#50 Stephen Herndon - MLB","#99 Michael Zamora - WLB","#53 Derrick Agee - WLB","#20 James Stokes - CB","#25 Peter Scott - CB",,,,"#28 Edward Dreher - SS","#8 Danny Bielecki - CB",,,,,,,,,,,,,,,,,,,,,,,,,,,,,,,,,,,,
BCB,6:58,"RCR 10",1,3,7,"Singleback Normal HB Counter Weak","3-4 Normal Man Cover 1",-3,0,0,"3-7-RCR 10 (6:57) 41-Javier Lee ran to RCR 13 for -3 yards. Tackle by 92-Randall Sandin.","#10 George Oliver - QB","#41 Javier Lee - WR",,,,"#39 Judd Garrett - WR",,"#89 Jerry Jamison - WR","#14 Rick Jones - WR","#85 Joshua Egger - WR",,,"#63 Thomas Gardner - LT","#78 Gerald Schirmer - LG","#76 Jeremy Meyer - C","#86 Michael Rice - RG","#69 Raymond Thomas - RT",,"#90 Paul Wright - LDE",,"#97 Michael Dudley - DT",,"#94 William Andrews - RDE","#92 Randall Sandin - WLB","#96 William Brown - WLB","#50 Stephen Herndon - MLB","#99 Michael Zamora - WLB","#36 Mark Murray - CB","#20 James Stokes - CB",,,,"#28 Edward Dreher - SS","#21 Willie Felder - CB",,,,,,,,,,,,,,,,,,,,,,,,,,,,,,,,,,,,
BCB,6:15,"RCR 13",1,4,10,"Field Goal","FG Block",23,0,3,"4-10-RCR 13 (6:14) 9-William Leonard 30 yard field goal is GOOD. BCB 86-Michael Rice was injured on the play. He looks like he should be able to return. RCR 0 BCB 3",,,,,,,,,,,,,,,,,,,,,,,,,,,,,,,,,,,,"#15 Chester Robinson - RB","#78 Gerald Schirmer - LG",,,,,,,,,,,,,,"#9 William Leonard - K","#56 Carlos Bryant - RG","#84 Martin Jackson - LT","#60 James Anthony - C","#63 Thomas Gardner - LT","#69 Raymond Thomas - RT","#86 Michael Rice - RG","#68 John Cowley - RT","#64 Francis Lewis - LG","#56 Jermaine Huntley - RDE","#97 Michael Dudley - DT","#94 William Andrews - RDE","#53 Derrick Agee - WLB","#28 Edward Dreher - SS","#29 Brad Sinclair - CB","#98 Dale Hardin - SLB","#91 William Thompson - DT","#90 Paul Wright - LDE","#8 Danny Bielecki - CB","#20 James Stokes - CB"
BCB,6:10,"BCB 35",1,6,10,Kickoff,"Kick Return",,0,3,"(6:11) 9-William Leonard kicks 74 yards from BCB 35 to RCR -9. Touchback.",,,,,,,,,,,,,,,,,,,,,,,,,,,,,,,,,,,,,,"#11 Lowell Woodson - CB",,"#25 Peter Scott - CB","#99 Michael Zamora - WLB","#28 Edward Dreher - SS","#53 Derrick Agee - WLB","#36 Mark Murray - CB","#29 Brad Sinclair - CB","#92 Randall Sandin - WLB","#96 William Brown - WLB","#20 James Stokes - CB","#98 Dale Hardin - SLB","#9 William Leonard - K",,,,,,,,,,,,,,,,,,,,
RCR,6:10,"RCR 25",1,1,10,"Singleback Empty 4 Short Posts","Dime Normal Man Cover 1",2,0,3,"1-10-RCR 25 (6:11) 12-Roger Ahmed pass complete to 81-Mathew Franzen to RCR 27 for 2 yards. Tackle by 38-Eric Wadsworth. 81-Mathew Franzen did some fancy footwork there.","#12 Roger Ahmed - QB",,,,,"#81 Mathew Franzen - TE",,"#1 Nathaniel Harris - WR","#19 Dallas Teague - WR","#6 James Greer - WR","#86 Tony Blanchette - WR",,"#59 Jeffrey Walker - LT","#76 Kurt Martin - LG","#73 Kevin Shepherd - C","#62 David Lary - RG","#65 Steven Amick - RT",,"#94 Benny Sayre - LDE",,"#77 Jorge Farkas - DT","#58 Jacob Bennet - DT","#61 Frank Meyer - RDE",,"#96 Brady Cooper - CB",,,"#23 Harold Scott - CB","#38 Eric Wadsworth - CB","#90 George Davis - CB","#31 Derek Cooper - CB",,"#44 Michael Griffin - CB","#40 Calvin Garst - CB",,,,,,,,,,,,,,,,,,,,,,,,,,,,,,,,,,,,
RCR,5:34,"RCR 27",1,2,8,"I Formation 3WR HB Inside Strong","4-3 Normal Man Under 1",3,0,3,"2-8-RCR 27 (5:33) 5-Valentine Hembree ran to RCR 30 for 3 yards. Tackle by 96-Brady Cooper.","#12 Roger Ahmed - QB","#5 Valentine Hembree - RB",,,"#2 Jasper Ives - FB",,,"#1 Nathaniel Harris - WR","#6 James Greer - WR","#19 Dallas Teague - WR",,,"#59 Jeffrey Walker - LT","#76 Kurt Martin - LG","#73 Kevin Shepherd - C","#62 David Lary - RG","#65 Steven Amick - RT",,"#94 Benny Sayre - LDE",,"#77 Jorge Farkas - DT","#58 Jacob Bennet - DT","#61 Frank Meyer - RDE","#99 Robert Ramos - CB","#96 Brady Cooper - CB",,"#91 Jerry Moore - CB","#90 George Davis - CB","#36 Justin Archer - CB",,,,"#35 Gerald Hackett - CB","#50 Scott McDonald - CB",,,,,,,,,,,,,,,,,,,,,,,,,,,,,,,,,,,,
RCR,4:50,"RCR 30",1,3,5,"Split Backs Normal WR Post","4-3 Normal Man Under 1",1,0,3,"3-5-RCR 30 (4:49) 12-Roger Ahmed pass complete to 89-Joseph Piggott to RCR 31 for 1 yards. Tackle by 38-Eric Wadsworth. Nice job by 89-Joseph Piggott on that route to lose his coverage.","#12 Roger Ahmed - QB","#89 Joseph Piggott - RB",,,"#2 Jasper Ives - FB","#81 Mathew Franzen - TE",,"#1 Nathaniel Harris - WR",,"#6 James Greer - WR",,,"#59 Jeffrey Walker - LT","#76 Kurt Martin - LG","#73 Kevin Shepherd - C","#62 David Lary - RG","#65 Steven Amick - RT",,"#94 Benny Sayre - LDE",,"#77 Jorge Farkas - DT","#58 Jacob Bennet - DT","#61 Frank Meyer - RDE","#99 Robert Ramos - CB","#96 Brady Cooper - CB",,"#91 Jerry Moore - CB","#23 Harold Scott - CB","#38 Eric Wadsworth - CB",,,,"#44 Michael Griffin - CB","#40 Calvin Garst - CB",,,,,,,,,,,,,,,,,,,,,,,,,,,,,,,,,,,,
RCR,4:07,"RCR 31",1,4,4,Punt,"Punt Return",,0,3,"4-4-RCR 31 (4:06) 7-Salvador Jamieson punts 51 yards to BCB 17. Fair Catch by 85-Joshua Egger.",,,,,,,,,,,,,,,,,,"#7 Salvador Jamieson - P",,,,,,,,,,,,,,,,,,,"#59 Jeffrey Walker - LT",,"#85 Joshua Egger - WR",,,"#44 Michael Griffin - CB","#90 George Davis - CB","#31 Derek Cooper - CB",,"#24 Robert Figueroa - CB","#38 Eric Wadsworth - CB",,"#36 Justin Archer - CB",,,,"#75 Ralph Mitchell - LT","#65 Steven Amick - RT","#57 Donald Reneau - LG","#76 Kurt Martin - LG","#73 Kevin Shepherd - C","#61 Larry Fink - C",,"#58 Jacob Bennet - DT","#96 Brady Cooper - CB","#61 Frank Meyer - RDE","#94 Benny Sayre - LDE",,,,,,,
BCB,3:59,"BCB 17",1,1,10,"I Formation Power HB Strong Outside","Dime Normal Man Cover 1",6,0,3,"1-10-BCB 17 (4:00) 14-Rick Jones ran to BCB 23 for 6 yards. Tackle by 25-Peter Scott.","#10 George Oliver - QB","#14 Rick Jones - WR",,"#39 Judd Garrett - WR","#49 Tim Johnson - WR","#30 Michael Martin - WR",,"#89 Jerry Jamison - WR",,,,,"#63 Thomas Gardner - LT","#78 Gerald Schirmer - LG","#76 Jeremy Meyer - C","#86 Michael Rice - RG","#69 Raymond Thomas - RT",,"#90 Paul Wright - LDE",,"#97 Michael Dudley - DT","#91 William Thompson - DT","#94 William Andrews - RDE",,"#53 Derrick Agee - WLB",,,"#8 Danny Bielecki - CB","#20 James Stokes - CB","#11 Lowell Woodson - CB","#25 Peter Scott - CB",,"#29 Brad Sinclair - CB","#21 Willie Felder - CB",,,,,,,,,,,,,,,,,,,,,,,,,,,,,,,,,,,,
BCB,3:24,"BCB 23",1,2,4,"Shotgun 2 RB 3 WR Shotgun Sweep","4-3 Under Double Safety Blitz",-0,0,3,"2-4-BCB 23 (3:23) 41-Javier Lee ran to BCB 23 for a short loss. Tackle by 29-Brad Sinclair. BCB 14-Rick Jones was injured on the play. He looks like he should be able to return.","#10 George Oliver - QB","#14 Rick Jones - WR","#41 Javier Lee - WR",,,,,"#89 Jerry Jamison - WR","#17 Ronald Beard - WR","#18 Michael Zimmerman - WR",,,"#63 Thomas Gardner - LT","#78 Gerald Schirmer - LG","#76 Jeremy Meyer - C","#86 Michael Rice - RG","#69 Raymond Thomas - RT",,"#90 Paul Wright - LDE",,"#97 Michael Dudley - DT","#91 William Thompson - DT","#94 William Andrews - RDE","#92 Randall Sandin - WLB","#53 Derrick Agee - WLB",,"#96 William Brown - WLB","#36 Mark Murray - CB","#8 Danny Bielecki - CB",,,,"#29 Brad Sinclair - CB","#21 Willie Felder - CB",,,,,,,,,,,,,,,,,,,,,,,,,,,,,,,,,,,,
BCB,2:44,"BCB 23",1,3,5,"Singleback Big PA Curls","3-4 Normal Double WR2",5,0,3,"3-5-BCB 23 (2:43) 10-George Oliver pass complete to 89-Jerry Jamison to BCB 28 for 5 yards. Tackle by 36-Mark Murray.","#10 George Oliver - QB","#41 Javier Lee - WR",,,,"#30 Michael Martin - WR","#39 Judd Garrett - WR","#89 Jerry Jamison - WR",,"#18 Michael Zimmerman - WR",,,"#63 Thomas Gardner - LT","#78 Gerald Schirmer - LG","#76 Jeremy Meyer - C","#86 Michael Rice - RG","#69 Raymond Thomas - RT",,"#90 Paul Wright - LDE",,"#97 Michael Dudley - DT",,"#94 William Andrews - RDE","#92 Randall Sandin - WLB","#53 Derrick Agee - WLB","#50 Stephen Herndon - MLB","#96 William Brown - WLB","#36 Mark Murray - CB","#20 James Stokes - CB",,,,"#28 Edward Dreher - SS","#8 Danny Bielecki - CB",,,,,,,,,,,,,,,,,,,,,,,,,,,,,,,,,,,,
BCB,1:59,"BCB 28",1,1,10,"Singleback Normal SE Quick Hit","4-3 Under Crash Right",,0,3,"1-10-BCB 28 (1:58) 10-George Oliver pass incomplete, dropped by 80-Ralph Xiong. That was a dangerous pass.","#10 George Oliver - QB","#15 Chester Robinson - RB",,,,"#30 Michael Martin - WR",,"#17 Ronald Beard - WR","#85 Joshua Egger - WR","#80 Ralph Xiong - WR",,,"#63 Thomas Gardner - LT","#78 Gerald Schirmer - LG","#76 Jeremy Meyer - C","#86 Michael Rice - RG","#69 Raymond Thomas - RT",,"#90 Paul Wright - LDE",,"#97 Michael Dudley - DT","#91 William Thompson - DT","#94 William Andrews - RDE","#92 Randall Sandin - WLB","#53 Derrick Agee - WLB",,"#96 William Brown - WLB","#36 Mark Murray - CB","#8 Danny Bielecki - CB",,,,"#29 Brad Sinclair - CB","#21 Willie Felder - CB",,,,,,,,,,,,,,,,,,,,,,,,,,,,,,,,,,,,
BCB,1:54,"BCB 28",1,2,10,"I Formation Normal HB Draw","3-4 Normal Double WR2",13,0,3,"2-10-BCB 28 (1:55) 41-Javier Lee ran to BCB 40 for 13 yards. Tackle by 28-Edward Dreher.","#10 George Oliver - QB","#41 Javier Lee - WR",,,"#49 Tim Johnson - WR","#30 Michael Martin - WR",,"#89 Jerry Jamison - WR",,"#18 Michael Zimmerman - WR",,,"#63 Thomas Gardner - LT","#78 Gerald Schirmer - LG","#76 Jeremy Meyer - C","#86 Michael Rice - RG","#69 Raymond Thomas - RT",,"#90 Paul Wright - LDE",,"#97 Michael Dudley - DT",,"#94 William Andrews - RDE","#92 Randall Sandin - WLB","#53 Derrick Agee - WLB","#50 Stephen Herndon - MLB","#96 William Brown - WLB","#36 Mark Murray - CB","#20 James Stokes - CB",,,,"#28 Edward Dreher - SS","#8 Danny Bielecki - CB",,,,,,,,,,,,,,,,,,,,,,,,,,,,,,,,,,,,
BCB,1:21,"BCB 40",1,1,10,"Singleback Big HB Inside Strong","4-3 Under Double LB Blitz",-0,0,3,"1-10-BCB 40 (1:20) 85-Joshua Egger ran to BCB 40 for a short loss. Tackle by 53-Derrick Agee.","#10 George Oliver - QB","#85 Joshua Egger - WR",,,,"#30 Michael Martin - WR","#39 Judd Garrett - WR","#89 Jerry Jamison - WR",,"#18 Michael Zimmerman - WR",,,"#63 Thomas Gardner - LT","#78 Gerald Schirmer - LG","#76 Jeremy Meyer - C","#86 Michael Rice - RG","#69 Raymond Thomas - RT",,"#90 Paul Wright - LDE",,"#97 Michael Dudley - DT","#91 William Thompson - DT","#94 William Andrews - RDE","#92 Randall Sandin - WLB","#53 Derrick Agee - WLB",,"#96 William Brown - WLB","#20 James Stokes - CB","#25 Peter Scott - CB",,,,"#29 Brad Sinclair - CB","#21 Willie Felder - CB",,,,,,,,,,,,,,,,,,,,,,,,,,,,,,,,,,,,
BCB,0:40,"BCB 40",1,2,10,"Singleback Normal HB Inside Weak","3-4 Normal Man Cover 1",-0,0,3,"2-10-BCB 40 (0:39) 85-Joshua Egger ran to BCB 40 for a short loss. Tackle by 8-Danny Bielecki.","#10 George Oliver - QB","#85 Joshua Egger - WR",,,,"#30 Michael Martin - WR",,"#89 Jerry Jamison - WR","#17 Ronald Beard - WR","#18 Michael Zimmerman - WR",,,"#63 Thomas Gardner - LT","#78 Gerald Schirmer - LG","#76 Jeremy Meyer - C","#86 Michael Rice - RG","#69 Raymond Thomas - RT",,"#90 Paul Wright - LDE",,"#97 Michael Dudley - DT",,"#94 William Andrews - RDE","#92 Randall Sandin - WLB","#53 Derrick Agee - WLB","#50 Stephen Herndon - MLB","#96 William Brown - WLB","#36 Mark Murray - CB","#20 James Stokes - CB",,,,"#28 Edward Dreher - SS","#8 Danny Bielecki - CB",,,,,,,,,,,,,,,,,,,,,,,,,,,,,,,,,,,,
,0:00,,1,3,11,,,,0,3,"End of first quarter.",,,,,,,,,,,,,,,,,,,,,,,,,,,,,,,,,,,,,,,,,,,,,,,,,,,,,,,,,,,,,,,,,,,,,,
BCB,15:00,"BCB 40",2,3,11,"I Formation Normal HB Blast","4-3 Under Crash Right",-1,0,3,"3-11-BCB 40 (15:00) 14-Rick Jones ran to BCB 38 for -1 yards. Tackle by 96-William Brown. PENALTY - Offsides (RCR 90-Paul Wright)","#10 George Oliver - QB","#14 Rick Jones - WR",,,"#49 Tim Johnson - WR","#30 Michael Martin - WR",,"#89 Jerry Jamison - WR",,"#18 Michael Zimmerman - WR",,,"#63 Thomas Gardner - LT","#78 Gerald Schirmer - LG","#76 Jeremy Meyer - C","#86 Michael Rice - RG","#69 Raymond Thomas - RT",,"#90 Paul Wright - LDE",,"#97 Michael Dudley - DT","#91 William Thompson - DT","#94 William Andrews - RDE","#92 Randall Sandin - WLB","#53 Derrick Agee - WLB",,"#96 William Brown - WLB","#36 Mark Murray - CB","#8 Danny Bielecki - CB",,,,"#29 Brad Sinclair - CB","#21 Willie Felder - CB",,,,,,,,,,,,,,,,,,,,,,,,,,,,,,,,,,,,
BCB,14:58,"BCB 45",2,3,6,"Singleback Big HB Inside Strong","3-4 Normal Man Cover 1",3,0,3,"3-6-BCB 45 (14:59) 14-Rick Jones ran to BCB 48 for 3 yards. Tackle by 53-Derrick Agee.","#10 George Oliver - QB","#14 Rick Jones - WR",,,,"#30 Michael Martin - WR","#39 Judd Garrett - WR","#89 Jerry Jamison - WR",,"#18 Michael Zimmerman - WR",,,"#63 Thomas Gardner - LT","#78 Gerald Schirmer - LG","#76 Jeremy Meyer - C","#86 Michael Rice - RG","#69 Raymond Thomas - RT",,"#90 Paul Wright - LDE",,"#97 Michael Dudley - DT",,"#94 William Andrews - RDE","#92 Randall Sandin - WLB","#53 Derrick Agee - WLB","#50 Stephen Herndon - MLB","#96 William Brown - WLB","#36 Mark Murray - CB","#20 James Stokes - CB",,,,"#28 Edward Dreher - SS","#8 Danny Bielecki - CB",,,,,,,,,,,,,,,,,,,,,,,,,,,,,,,,,,,,
BCB,14:19,"BCB 48",2,4,2,Punt,"Punt Return",,0,3,"4-2-BCB 48 (14:18) 8-Michael Hoskins punts 46 yards to RCR 6. Fair Catch by 11-Lowell Woodson.",,,,,,,,,,,,,,,,,,"#8 Michael Hoskins - P",,,,,,,,,,,,,,,,,,,"#78 Gerald Schirmer - LG",,"#11 Lowell Woodson - CB",,,"#28 Edward Dreher - SS","#98 Dale Hardin - SLB","#36 Mark Murray - CB",,"#92 Randall Sandin - WLB","#96 William Brown - WLB",,"#20 James Stokes - CB",,,,"#84 Martin Jackson - LT","#60 James Anthony - C","#63 Thomas Gardner - LT","#69 Raymond Thomas - RT","#86 Michael Rice - RG","#68 John Cowley - RT",,"#56 Jermaine Huntley - RDE","#97 Michael Dudley - DT","#94 William Andrews - RDE","#53 Derrick Agee - WLB",,,,,,,
RCR,14:11,"RCR 6",2,1,10,"Split Backs Normal WR Post","4-3 Normal OLB Blitz Outside",16,0,3,"1-10-RCR 6 (14:12) 12-Roger Ahmed pass complete to 81-Mathew Franzen to RCR 22 for 16 yards. Tackle by 23-Harold Scott.","#12 Roger Ahmed - QB","#89 Joseph Piggott - RB",,,"#2 Jasper Ives - FB","#81 Mathew Franzen - TE",,"#1 Nathaniel Harris - WR",,"#6 James Greer - WR",,,"#59 Jeffrey Walker - LT","#76 Kurt Martin - LG","#73 Kevin Shepherd - C","#62 David Lary - RG","#65 Steven Amick - RT",,"#94 Benny Sayre - LDE",,"#77 Jorge Farkas - DT","#58 Jacob Bennet - DT","#61 Frank Meyer - RDE","#99 Robert Ramos - CB","#96 Brady Cooper - CB",,"#91 Jerry Moore - CB","#23 Harold Scott - CB","#38 Eric Wadsworth - CB",,,,"#35 Gerald Hackett - CB","#40 Calvin Garst - CB",,,,,,,,,,,,,,,,,,,,,,,,,,,,,,,,,,,,
RCR,13:26,"RCR 22",2,1,10,"I Formation Power HB Strong Outside","4-3 Normal OLB Blitz Outside",4,0,3,"1-10-RCR 22 (13:25) 5-Valentine Hembree ran to RCR 26 for 4 yards. Tackle by 99-Robert Ramos.","#12 Roger Ahmed - QB","#5 Valentine Hembree - RB",,"#2 Jasper Ives - FB","#89 Joseph Piggott - RB","#6 James Greer - WR",,"#19 Dallas Teague - WR",,,,,"#59 Jeffrey Walker - LT","#76 Kurt Martin - LG","#71 William Gustafson - C","#62 David Lary - RG","#65 Steven Amick - RT",,"#94 Benny Sayre - LDE",,"#77 Jorge Farkas - DT","#58 Jacob Bennet - DT","#61 Frank Meyer - RDE","#99 Robert Ramos - CB","#96 Brady Cooper - CB",,"#91 Jerry Moore - CB","#23 Harold Scott - CB","#38 Eric Wadsworth - CB",,,,"#44 Michael Griffin - CB","#40 Calvin Garst - CB",,,,,,,,,,,,,,,,,,,,,,,,,,,,,,,,,,,,
RCR,12:44,"RCR 26",2,2,6,"Strong I Normal HB Off Tackle Strong","4-3 Normal Man Under 1",,0,3,"2-6-RCR 26 (12:43) PENALTY - False Start (RCR 59-Jeffrey Walker)","#12 Roger Ahmed - QB","#89 Joseph Piggott - RB",,,"#2 Jasper Ives - FB","#81 Mathew Franzen - TE",,"#1 Nathaniel Harris - WR",,"#6 James Greer - WR",,,"#59 Jeffrey Walker - LT","#76 Kurt Martin - LG","#73 Kevin Shepherd - C","#62 David Lary - RG","#65 Steven Amick - RT",,"#94 Benny Sayre - LDE",,"#77 Jorge Farkas - DT","#58 Jacob Bennet - DT","#61 Frank Meyer - RDE","#99 Robert Ramos - CB","#96 Brady Cooper - CB",,"#91 Jerry Moore - CB","#23 Harold Scott - CB","#38 Eric Wadsworth - CB",,,,"#44 Michael Griffin - CB","#40 Calvin Garst - CB",,,,,,,,,,,,,,,,,,,,,,,,,,,,,,,,,,,,
RCR,12:42,"RCR 21",2,2,11,"I Formation Power HB Strong Outside","4-3 Normal Man Under 1",9,0,3,"2-11-RCR 21 (12:43) 5-Valentine Hembree ran to RCR 30 for 9 yards. Tackle by 44-Michael Griffin.","#12 Roger Ahmed - QB","#5 Valentine Hembree - RB",,"#2 Jasper Ives - FB","#89 Joseph Piggott - RB","#6 James Greer - WR",,"#19 Dallas Teague - WR",,,,,"#65 Steven Amick - RT","#76 Kurt Martin - LG","#71 William Gustafson - C","#62 David Lary - RG","#59 Jeffrey Walker - LT",,"#94 Benny Sayre - LDE",,"#77 Jorge Farkas - DT","#58 Jacob Bennet - DT","#61 Frank Meyer - RDE","#99 Robert Ramos - CB","#96 Brady Cooper - CB",,"#91 Jerry Moore - CB","#23 Harold Scott - CB","#38 Eric Wadsworth - CB",,,,"#44 Michael Griffin - CB","#40 Calvin Garst - CB",,,,,,,,,,,,,,,,,,,,,,,,,,,,,,,,,,,,
RCR,11:59,"RCR 30",2,3,2,"I Formation 3WR HB Inside Strong","4-3 Normal Man Under 1",2,0,3,"3-2-RCR 30 (11:58) 89-Joseph Piggott ran to RCR 33 for 2 yards. Tackle by 40-Calvin Garst.","#12 Roger Ahmed - QB","#89 Joseph Piggott - RB",,,"#2 Jasper Ives - FB",,,"#1 Nathaniel Harris - WR","#6 James Greer - WR","#19 Dallas Teague - WR",,,"#59 Jeffrey Walker - LT","#76 Kurt Martin - LG","#73 Kevin Shepherd - C","#62 David Lary - RG","#65 Steven Amick - RT",,"#94 Benny Sayre - LDE",,"#77 Jorge Farkas - DT","#58 Jacob Bennet - DT","#61 Frank Meyer - RDE","#99 Robert Ramos - CB","#96 Brady Cooper - CB",,"#91 Jerry Moore - CB","#23 Harold Scott - CB","#38 Eric Wadsworth - CB",,,,"#44 Michael Griffin - CB","#40 Calvin Garst - CB",,,,,,,,,,,,,,,,,,,,,,,,,,,,,,,,,,,,
RCR,11:25,"RCR 33",2,1,10,"Weak I Normal HB Inside Weak","4-3 Normal OLB Blitz Outside",,0,3,"1-10-RCR 33 (11:24) 5-Valentine Hembree ran to RCR 33 for a short gain. Tackle by 91-Jerry Moore.","#12 Roger Ahmed - QB","#5 Valentine Hembree - RB",,,"#87 Jamie Rausch - FB","#2 Jasper Ives - FB",,"#6 James Greer - WR",,"#19 Dallas Teague - WR",,,"#59 Jeffrey Walker - LT","#76 Kurt Martin - LG","#73 Kevin Shepherd - C","#62 David Lary - RG","#65 Steven Amick - RT",,"#94 Benny Sayre - LDE",,"#77 Jorge Farkas - DT","#58 Jacob Bennet - DT","#61 Frank Meyer - RDE","#99 Robert Ramos - CB","#96 Brady Cooper - CB",,"#91 Jerry Moore - CB","#23 Harold Scott - CB","#38 Eric Wadsworth - CB",,,,"#44 Michael Griffin - CB","#40 Calvin Garst - CB",,,,,,,,,,,,,,,,,,,,,,,,,,,,,,,,,,,,
RCR,10:46,"RCR 33",2,2,10,"I Formation Power Play Action HB Downfield","4-3 Normal Man Under 1",11,0,3,"2-10-RCR 33 (10:45) 12-Roger Ahmed pass complete to 6-James Greer to RCR 44 for 11 yards. Tackle by 38-Eric Wadsworth.","#12 Roger Ahmed - QB","#5 Valentine Hembree - RB",,"#2 Jasper Ives - FB","#89 Joseph Piggott - RB","#6 James Greer - WR",,"#19 Dallas Teague - WR",,,,,"#59 Jeffrey Walker - LT","#76 Kurt Martin - LG","#71 William Gustafson - C","#62 David Lary - RG","#65 Steven Amick - RT",,"#94 Benny Sayre - LDE",,"#77 Jorge Farkas - DT","#58 Jacob Bennet - DT","#61 Frank Meyer - RDE","#99 Robert Ramos - CB","#96 Brady Cooper - CB",,"#91 Jerry Moore - CB","#23 Harold Scott - CB","#38 Eric Wadsworth - CB",,,,"#44 Michael Griffin - CB","#40 Calvin Garst - CB",,,,,,,,,,,,,,,,,,,,,,,,,,,,,,,,,,,,
RCR,10:08,"RCR 44",2,1,10,"I Formation 3WR FL Post","4-3 Normal Man Under 1",11,0,3,"1-10-RCR 44 (10:07) 12-Roger Ahmed pass complete to 5-Valentine Hembree to BCB 45 for 11 yards. Pushed out of bounds by 99-Robert Ramos.","#12 Roger Ahmed - QB","#5 Valentine Hembree - RB",,,"#2 Jasper Ives - FB",,,"#1 Nathaniel Harris - WR","#6 James Greer - WR","#19 Dallas Teague - WR",,,"#59 Jeffrey Walker - LT","#76 Kurt Martin - LG","#73 Kevin Shepherd - C","#62 David Lary - RG","#65 Steven Amick - RT",,"#94 Benny Sayre - LDE",,"#77 Jorge Farkas - DT","#58 Jacob Bennet - DT","#61 Frank Meyer - RDE","#99 Robert Ramos - CB","#96 Brady Cooper - CB",,"#91 Jerry Moore - CB","#23 Harold Scott - CB","#38 Eric Wadsworth - CB",,,,"#44 Michael Griffin - CB","#40 Calvin Garst - CB",,,,,,,,,,,,,,,,,,,,,,,,,,,,,,,,,,,,
RCR,9:30,"BCB 45",2,1,10,"I Formation Normal HB Blast","4-3 Normal WLB MLB Blitz",-1,0,3,"1-10-BCB 45 (9:29) 89-Joseph Piggott ran to BCB 46 for -1 yards. Tackle by 91-Jerry Moore.","#12 Roger Ahmed - QB","#89 Joseph Piggott - RB",,,"#87 Jamie Rausch - FB","#2 Jasper Ives - FB",,"#1 Nathaniel Harris - WR",,"#86 Tony Blanchette - WR",,,"#59 Jeffrey Walker - LT","#76 Kurt Martin - LG","#73 Kevin Shepherd - C","#62 David Lary - RG","#65 Steven Amick - RT",,"#94 Benny Sayre - LDE",,"#77 Jorge Farkas - DT","#58 Jacob Bennet - DT","#61 Frank Meyer - RDE","#36 Justin Archer - CB","#97 James Siefert - CB",,"#91 Jerry Moore - CB","#31 Derek Cooper - CB","#90 George Davis - CB",,,,"#35 Gerald Hackett - CB","#40 Calvin Garst - CB",,,,,,,,,,,,,,,,,,,,,,,,,,,,,,,,,,,,
RCR,8:49,"BCB 46",2,2,11,"Weak I Normal HB Inside Weak","4-3 Normal Man Under 1",2,0,3,"2-11-BCB 46 (8:48) 89-Joseph Piggott ran to BCB 44 for 2 yards. Tackle by 96-Brady Cooper.","#12 Roger Ahmed - QB","#89 Joseph Piggott - RB",,,"#87 Jamie Rausch - FB","#2 Jasper Ives - FB",,"#6 James Greer - WR",,"#19 Dallas Teague - WR",,,"#59 Jeffrey Walker - LT","#76 Kurt Martin - LG","#73 Kevin Shepherd - C","#62 David Lary - RG","#65 Steven Amick - RT",,"#94 Benny Sayre - LDE",,"#77 Jorge Farkas - DT","#58 Jacob Bennet - DT","#61 Frank Meyer - RDE","#99 Robert Ramos - CB","#96 Brady Cooper - CB",,"#91 Jerry Moore - CB","#23 Harold Scott - CB","#38 Eric Wadsworth - CB",,,,"#44 Michael Griffin - CB","#40 Calvin Garst - CB",,,,,,,,,,,,,,,,,,,,,,,,,,,,,,,,,,,,
RCR,8:09,"BCB 44",2,3,9,"Singleback Big WR Deep","4-3 Normal Man Under 1",,0,3,"3-9-BCB 44 (8:08) 12-Roger Ahmed pass Pass knocked down by 40-Calvin Garst. incomplete, intended for 81-Mathew Franzen. PENALTY - Offsides (BCB 58-Jacob Bennet)","#12 Roger Ahmed - QB","#5 Valentine Hembree - RB",,,,"#81 Mathew Franzen - TE","#2 Jasper Ives - FB","#1 Nathaniel Harris - WR",,"#6 James Greer - WR",,,"#59 Jeffrey Walker - LT","#76 Kurt Martin - LG","#73 Kevin Shepherd - C","#62 David Lary - RG","#65 Steven Amick - RT",,"#94 Benny Sayre - LDE",,"#77 Jorge Farkas - DT","#58 Jacob Bennet - DT","#61 Frank Meyer - RDE","#99 Robert Ramos - CB","#96 Brady Cooper - CB",,"#91 Jerry Moore - CB","#23 Harold Scott - CB","#38 Eric Wadsworth - CB",,,,"#44 Michael Griffin - CB","#40 Calvin Garst - CB",,,,,,,,,,,,,,,,,,,,,,,,,,,,,,,,,,,,
RCR,8:04,"BCB 39",2,3,4,"I Formation Normal FL Hitch","4-3 Normal Man Under 1",4,0,3,"3-4-BCB 39 (8:05) 12-Roger Ahmed pass complete to 1-Nathaniel Harris to BCB 35 for 4 yards. Tackle by 23-Harold Scott.","#12 Roger Ahmed - QB","#5 Valentine Hembree - RB",,,"#87 Jamie Rausch - FB","#2 Jasper Ives - FB",,"#1 Nathaniel Harris - WR",,"#19 Dallas Teague - WR",,,"#59 Jeffrey Walker - LT","#76 Kurt Martin - LG","#73 Kevin Shepherd - C","#62 David Lary - RG","#65 Steven Amick - RT",,"#94 Benny Sayre - LDE",,"#77 Jorge Farkas - DT","#58 Jacob Bennet - DT","#61 Frank Meyer - RDE","#99 Robert Ramos - CB","#96 Brady Cooper - CB",,"#91 Jerry Moore - CB","#23 Harold Scott - CB","#38 Eric Wadsworth - CB",,,,"#35 Gerald Hackett - CB","#40 Calvin Garst - CB",,,,,,,,,,,,,,,,,,,,,,,,,,,,,,,,,,,,
RCR,7:30,"BCB 35",2,4,,"Weak I Normal HB Inside Weak","4-3 Normal WLB MLB Blitz",-1,0,3,"4-1-BCB 35 (7:29) 89-Joseph Piggott ran to BCB 36 for -1 yards. Tackle by 36-Justin Archer. Turnover on downs.","#12 Roger Ahmed - QB","#89 Joseph Piggott - RB",,,"#87 Jamie Rausch - FB","#2 Jasper Ives - FB",,"#6 James Greer - WR",,"#19 Dallas Teague - WR",,,"#59 Jeffrey Walker - LT","#76 Kurt Martin - LG","#73 Kevin Shepherd - C","#62 David Lary - RG","#65 Steven Amick - RT",,"#94 Benny Sayre - LDE",,"#77 Jorge Farkas - DT","#58 Jacob Bennet - DT","#61 Frank Meyer - RDE","#99 Robert Ramos - CB","#97 James Siefert - CB",,"#36 Justin Archer - CB","#23 Harold Scott - CB","#31 Derek Cooper - CB",,,,"#44 Michael Griffin - CB","#40 Calvin Garst - CB",,,,,,,,,,,,,,,,,,,,,,,,,,,,,,,,,,,,
BCB,7:27,"BCB 36",2,1,10,"Split Backs 3 Wide Dive Left","4-3 Under Double LB Blitz",-1,0,3,"1-10-BCB 36 (7:28) 49-Tim Johnson ran to BCB 35 for -1 yards. Tackle by 96-William Brown.","#10 George Oliver - QB","#14 Rick Jones - WR",,,"#49 Tim Johnson - WR",,,"#89 Jerry Jamison - WR","#17 Ronald Beard - WR","#18 Michael Zimmerman - WR",,,"#63 Thomas Gardner - LT","#78 Gerald Schirmer - LG","#76 Jeremy Meyer - C","#86 Michael Rice - RG","#69 Raymond Thomas - RT",,"#90 Paul Wright - LDE",,"#97 Michael Dudley - DT","#91 William Thompson - DT","#94 William Andrews - RDE","#92 Randall Sandin - WLB","#53 Derrick Agee - WLB",,"#96 William Brown - WLB","#36 Mark Murray - CB","#8 Danny Bielecki - CB",,,,"#29 Brad Sinclair - CB","#21 Willie Felder - CB",,,,,,,,,,,,,,,,,,,,,,,,,,,,,,,,,,,,
BCB,6:48,"BCB 35",2,2,11,"Singleback Normal SE Quick Hit","3-4 Normal Man Cover 1",4,0,3,"2-11-BCB 35 (6:47) 10-George Oliver pass complete to 14-Rick Jones to BCB 39 for 4 yards. Tackle by 50-Stephen Herndon.","#10 George Oliver - QB","#14 Rick Jones - WR",,,,"#30 Michael Martin - WR",,"#89 Jerry Jamison - WR","#17 Ronald Beard - WR","#18 Michael Zimmerman - WR",,,"#63 Thomas Gardner - LT","#78 Gerald Schirmer - LG","#76 Jeremy Meyer - C","#86 Michael Rice - RG","#69 Raymond Thomas - RT",,"#90 Paul Wright - LDE",,"#97 Michael Dudley - DT",,"#94 William Andrews - RDE","#92 Randall Sandin - WLB","#53 Derrick Agee - WLB","#50 Stephen Herndon - MLB","#96 William Brown - WLB","#36 Mark Murray - CB","#20 James Stokes - CB",,,,"#28 Edward Dreher - SS","#8 Danny Bielecki - CB",,,,,,,,,,,,,,,,,,,,,,,,,,,,,,,,,,,,
BCB,6:06,"BCB 39",2,3,7,"Split Backs 3 Wide Dive Left","4-3 Under Crash Right",-1,0,3,"3-7-BCB 39 (6:05) 49-Tim Johnson ran to BCB 38 for -1 yards. Tackle by 96-William Brown.","#10 George Oliver - QB","#41 Javier Lee - WR",,,"#49 Tim Johnson - WR",,,"#89 Jerry Jamison - WR","#17 Ronald Beard - WR","#18 Michael Zimmerman - WR",,,"#63 Thomas Gardner - LT","#78 Gerald Schirmer - LG","#76 Jeremy Meyer - C","#86 Michael Rice - RG","#69 Raymond Thomas - RT",,"#90 Paul Wright - LDE",,"#97 Michael Dudley - DT","#91 William Thompson - DT","#94 William Andrews - RDE","#92 Randall Sandin - WLB","#53 Derrick Agee - WLB",,"#96 William Brown - WLB","#36 Mark Murray - CB","#8 Danny Bielecki - CB",,,,"#29 Brad Sinclair - CB","#21 Willie Felder - CB",,,,,,,,,,,,,,,,,,,,,,,,,,,,,,,,,,,,
BCB,5:24,"BCB 38",2,4,8,Punt,"Punt Return",,0,3,"4-8-BCB 38 (5:23) 8-Michael Hoskins punts 49 yards to RCR 12. Fair Catch by 11-Lowell Woodson.",,,,,,,,,,,,,,,,,,"#8 Michael Hoskins - P",,,,,,,,,,,,,,,,,,,"#78 Gerald Schirmer - LG",,"#11 Lowell Woodson - CB",,,"#28 Edward Dreher - SS","#98 Dale Hardin - SLB","#36 Mark Murray - CB",,"#92 Randall Sandin - WLB","#96 William Brown - WLB",,"#20 James Stokes - CB",,,,"#84 Martin Jackson - LT","#60 James Anthony - C","#63 Thomas Gardner - LT","#69 Raymond Thomas - RT","#86 Michael Rice - RG","#68 John Cowley - RT",,"#56 Jermaine Huntley - RDE","#97 Michael Dudley - DT","#94 William Andrews - RDE","#53 Derrick Agee - WLB",,,,,,,
RCR,5:16,"RCR 12",2,1,10,"I Formation Power HB Dive Weak","4-3 Normal Man Under 1",7,0,3,"1-10-RCR 12 (5:17) 5-Valentine Hembree ran to RCR 20 for 7 yards. Tackle by 38-Eric Wadsworth. BCB 38-Eric Wadsworth was injured on the play. He looks like he should be able to return.","#12 Roger Ahmed - QB","#5 Valentine Hembree - RB",,"#2 Jasper Ives - FB","#89 Joseph Piggott - RB","#6 James Greer - WR",,"#19 Dallas Teague - WR",,,,,"#65 Steven Amick - RT","#76 Kurt Martin - LG","#71 William Gustafson - C","#62 David Lary - RG","#59 Jeffrey Walker - LT",,"#94 Benny Sayre - LDE",,"#77 Jorge Farkas - DT","#58 Jacob Bennet - DT","#61 Frank Meyer - RDE","#99 Robert Ramos - CB","#96 Brady Cooper - CB",,"#91 Jerry Moore - CB","#23 Harold Scott - CB","#38 Eric Wadsworth - CB",,,,"#35 Gerald Hackett - CB","#40 Calvin Garst - CB",,,,,,,,,,,,,,,,,,,,,,,,,,,,,,,,,,,,
RCR,4:39,"RCR 20",2,2,3,"I Formation 3WR FL Post","4-3 Normal Man Under 1",6,0,3,"2-3-RCR 20 (4:38) 12-Roger Ahmed pass complete to 5-Valentine Hembree to RCR 26 for 6 yards. Tackle by 99-Robert Ramos.","#12 Roger Ahmed - QB","#5 Valentine Hembree - RB",,,"#2 Jasper Ives - FB",,,"#1 Nathaniel Harris - WR","#6 James Greer - WR","#19 Dallas Teague - WR",,,"#59 Jeffrey Walker - LT","#76 Kurt Martin - LG","#73 Kevin Shepherd - C","#62 David Lary - RG","#65 Steven Amick - RT",,"#94 Benny Sayre - LDE",,"#77 Jorge Farkas - DT","#58 Jacob Bennet - DT","#61 Frank Meyer - RDE","#99 Robert Ramos - CB","#96 Brady Cooper - CB",,"#91 Jerry Moore - CB","#23 Harold Scott - CB","#31 Derek Cooper - CB",,,,"#44 Michael Griffin - CB","#40 Calvin Garst - CB",,,,,,,,,,,,,,,,,,,,,,,,,,,,,,,,,,,,
RCR,4:03,"RCR 26",2,1,10,"I Formation Power HB Dive Weak","4-3 Normal OLB Blitz Outside",4,0,3,"1-10-RCR 26 (4:02) 89-Joseph Piggott ran to RCR 30 for 4 yards. Tackle by 31-Derek Cooper.","#12 Roger Ahmed - QB","#89 Joseph Piggott - RB",,"#87 Jamie Rausch - FB","#2 Jasper Ives - FB","#6 James Greer - WR",,"#19 Dallas Teague - WR",,,,,"#65 Steven Amick - RT","#76 Kurt Martin - LG","#71 William Gustafson - C","#62 David Lary - RG","#59 Jeffrey Walker - LT",,"#94 Benny Sayre - LDE",,"#77 Jorge Farkas - DT","#58 Jacob Bennet - DT","#61 Frank Meyer - RDE","#99 Robert Ramos - CB","#96 Brady Cooper - CB",,"#91 Jerry Moore - CB","#23 Harold Scott - CB","#31 Derek Cooper - CB",,,,"#44 Michael Griffin - CB","#40 Calvin Garst - CB",,,,,,,,,,,,,,,,,,,,,,,,,,,,,,,,,,,,
RCR,3:19,"RCR 30",2,2,6,"Weak I Big WR Post TE Out","4-3 Normal Man Under 1",10,0,3,"2-6-RCR 30 (3:18) 12-Roger Ahmed pass complete to 89-Joseph Piggott to RCR 39 for 10 yards. Tackle by 31-Derek Cooper.","#12 Roger Ahmed - QB","#89 Joseph Piggott - RB",,,"#2 Jasper Ives - FB","#6 James Greer - WR","#19 Dallas Teague - WR","#1 Nathaniel Harris - WR",,,,,"#59 Jeffrey Walker - LT","#76 Kurt Martin - LG","#73 Kevin Shepherd - C","#62 David Lary - RG","#65 Steven Amick - RT",,"#94 Benny Sayre - LDE",,"#77 Jorge Farkas - DT","#58 Jacob Bennet - DT","#61 Frank Meyer - RDE","#99 Robert Ramos - CB","#96 Brady Cooper - CB",,"#91 Jerry Moore - CB","#23 Harold Scott - CB","#31 Derek Cooper - CB",,,,"#44 Michael Griffin - CB","#40 Calvin Garst - CB",,,,,,,,,,,,,,,,,,,,,,,,,,,,,,,,,,,,
RCR,2:42,"RCR 39",2,1,10,"I Formation 3WR Slot Corner Long","4-3 Normal Man Under 1",,0,3,"1-10-RCR 39 (2:41) 12-Roger Ahmed pass incomplete, intended for 5-Valentine Hembree.","#12 Roger Ahmed - QB","#5 Valentine Hembree - RB",,,"#2 Jasper Ives - FB",,,"#86 Tony Blanchette - WR","#15 Carlos Montgomery - WR","#80 David Copeland - WR",,,"#59 Jeffrey Walker - LT","#76 Kurt Martin - LG","#73 Kevin Shepherd - C","#62 David Lary - RG","#65 Steven Amick - RT",,"#94 Benny Sayre - LDE",,"#77 Jorge Farkas - DT","#58 Jacob Bennet - DT","#61 Frank Meyer - RDE","#36 Justin Archer - CB","#96 Brady Cooper - CB",,"#91 Jerry Moore - CB","#31 Derek Cooper - CB","#90 George Davis - CB",,,,"#35 Gerald Hackett - CB","#40 Calvin Garst - CB",,,,,,,,,,,,,,,,,,,,,,,,,,,,,,,,,,,,
RCR,2:36,"RCR 39",2,2,10,"Split Backs Normal Posts","4-3 Normal Man Under 1",7,0,3,"2-10-RCR 39 (2:37) 12-Roger Ahmed pass complete to 81-Mathew Franzen to RCR 46 for 7 yards. Tackle by 23-Harold Scott.","#12 Roger Ahmed - QB","#27 Mark McCants - WR",,,"#2 Jasper Ives - FB","#81 Mathew Franzen - TE",,"#1 Nathaniel Harris - WR",,"#6 James Greer - WR",,,"#59 Jeffrey Walker - LT","#76 Kurt Martin - LG","#73 Kevin Shepherd - C","#62 David Lary - RG","#65 Steven Amick - RT",,"#94 Benny Sayre - LDE",,"#77 Jorge Farkas - DT","#58 Jacob Bennet - DT","#61 Frank Meyer - RDE","#99 Robert Ramos - CB","#97 James Siefert - CB",,"#36 Justin Archer - CB","#23 Harold Scott - CB","#90 George Davis - CB",,,,"#44 Michael Griffin - CB","#50 Scott McDonald - CB",,,,,,,,,,,,,,,,,,,,,,,,,,,,,,,,,,,,
,2:00,,2,3,3,,,,0,3,"Timeout for two minute warning.",,,,,,,,,,,,,,,,,,,,,,,,,,,,,,,,,,,,,,,,,,,,,,,,,,,,,,,,,,,,,,,,,,,,,,
RCR,2:00,"RCR 46",2,3,3,"Shotgun Normal TE Out","4-3 Normal WLB Outside Blitz",,0,3,"3-3-RCR 46 (2:00) 12-Roger Ahmed pass Pass knocked down by 31-Derek Cooper. incomplete, intended for 86-Tony Blanchette.","#12 Roger Ahmed - QB","#5 Valentine Hembree - RB",,,,"#2 Jasper Ives - FB",,"#6 James Greer - WR","#86 Tony Blanchette - WR","#19 Dallas Teague - WR",,,"#59 Jeffrey Walker - LT","#76 Kurt Martin - LG","#73 Kevin Shepherd - C","#62 David Lary - RG","#65 Steven Amick - RT",,"#94 Benny Sayre - LDE",,"#77 Jorge Farkas - DT","#58 Jacob Bennet - DT","#61 Frank Meyer - RDE","#99 Robert Ramos - CB","#96 Brady Cooper - CB",,"#91 Jerry Moore - CB","#23 Harold Scott - CB","#31 Derek Cooper - CB",,,,"#35 Gerald Hackett - CB","#50 Scott McDonald - CB",,,,,,,,,,,,,,,,,,,,,,,,,,,,,,,,,,,,
RCR,1:57,"RCR 46",2,4,3,Punt,"Punt Return",,0,3,"4-3-RCR 46 (1:58) 7-Salvador Jamieson punts 42 yards to BCB 12. Fair Catch by 85-Joshua Egger.",,,,,,,,,,,,,,,,,,"#7 Salvador Jamieson - P",,,,,,,,,,,,,,,,,,,"#59 Jeffrey Walker - LT",,"#85 Joshua Egger - WR",,,"#44 Michael Griffin - CB","#99 Robert Ramos - CB","#31 Derek Cooper - CB",,"#24 Robert Figueroa - CB","#36 Justin Archer - CB",,"#90 George Davis - CB",,,,"#75 Ralph Mitchell - LT","#65 Steven Amick - RT","#57 Donald Reneau - LG","#76 Kurt Martin - LG","#73 Kevin Shepherd - C","#61 Larry Fink - C",,"#58 Jacob Bennet - DT","#96 Brady Cooper - CB","#61 Frank Meyer - RDE","#94 Benny Sayre - LDE",,,,,,,
BCB,1:50,"BCB 12",2,1,10,"I Formation Power HB Strong Outside","4-3 Under Double LB Blitz",3,0,3,"1-10-BCB 12 (1:51) 14-Rick Jones ran to BCB 14 for 3 yards. Tackle by 8-Danny Bielecki.","#10 George Oliver - QB","#14 Rick Jones - WR",,"#39 Judd Garrett - WR","#49 Tim Johnson - WR","#30 Michael Martin - WR",,"#89 Jerry Jamison - WR",,,,,"#63 Thomas Gardner - LT","#78 Gerald Schirmer - LG","#76 Jeremy Meyer - C","#86 Michael Rice - RG","#69 Raymond Thomas - RT",,"#90 Paul Wright - LDE",,"#97 Michael Dudley - DT","#91 William Thompson - DT","#94 William Andrews - RDE","#52 Yojimbo Frost - WLB","#53 Derrick Agee - WLB",,"#96 William Brown - WLB","#8 Danny Bielecki - CB","#20 James Stokes - CB",,,,"#29 Brad Sinclair - CB","#21 Willie Felder - CB",,,,,,,,,,,,,,,,,,,,,,,,,,,,,,,,,,,,
BCB,1:19,"BCB 14",2,2,7,"Singleback Normal HB Inside Weak","3-4 Normal Double WR2",11,0,3,"2-7-BCB 14 (1:18) 14-Rick Jones ran to BCB 25 for 11 yards. Tackle by 20-James Stokes.","#10 George Oliver - QB","#14 Rick Jones - WR",,,,"#30 Michael Martin - WR",,"#89 Jerry Jamison - WR","#17 Ronald Beard - WR","#18 Michael Zimmerman - WR",,,"#63 Thomas Gardner - LT","#78 Gerald Schirmer - LG","#76 Jeremy Meyer - C","#86 Michael Rice - RG","#69 Raymond Thomas - RT",,"#90 Paul Wright - LDE",,"#97 Michael Dudley - DT",,"#94 William Andrews - RDE","#92 Randall Sandin - WLB","#53 Derrick Agee - WLB","#50 Stephen Herndon - MLB","#96 William Brown - WLB","#36 Mark Murray - CB","#20 James Stokes - CB",,,,"#28 Edward Dreher - SS","#8 Danny Bielecki - CB",,,,,,,,,,,,,,,,,,,,,,,,,,,,,,,,,,,,
BCB,0:35,"BCB 25",2,1,10,"Shotgun 2 RB 3 WR Shotgun Dive","Dime Normal Double WR1",9,0,3,"1-10-BCB 25 (0:34) 41-Javier Lee ran to BCB 34 for 9 yards. Tackle by 20-James Stokes. RCR 90-Paul Wright was injured on the play. He looks like he should be able to return.","#10 George Oliver - QB","#41 Javier Lee - WR","#85 Joshua Egger - WR",,,,,"#89 Jerry Jamison - WR","#17 Ronald Beard - WR","#18 Michael Zimmerman - WR",,,"#63 Thomas Gardner - LT","#78 Gerald Schirmer - LG","#76 Jeremy Meyer - C","#86 Michael Rice - RG","#69 Raymond Thomas - RT",,"#90 Paul Wright - LDE",,"#97 Michael Dudley - DT","#91 William Thompson - DT","#94 William Andrews - RDE",,"#53 Derrick Agee - WLB",,,"#36 Mark Murray - CB","#8 Danny Bielecki - CB","#25 Peter Scott - CB","#20 James Stokes - CB",,"#29 Brad Sinclair - CB","#21 Willie Felder - CB",,,,,,,,,,,,,,,,,,,,,,,,,,,,,,,,,,,,
,0:00,,2,2,1,,,,0,3,"End of half.",,,,,,,,,,,,,,,,,,,,,,,,,,,,,,,,,,,,,,,,,,,,,,,,,,,,,,,,,,,,,,,,,,,,,,
RCR,15:00,"RCR 35",3,6,10,Kickoff,"Kick Return",,0,3,"(15:00) 14-Robert Rodriguez kicks 75 yards from RCR 35 to BCB -10. 85-Joshua Egger to BCB 20 for 30 yards. Tackle by 25-Peter Scott.",,,,,,,,,,,,,,,,,,,,,,,,,,,,,,,,,,,,,,"#85 Joshua Egger - WR",,"#97 James Siefert - CB","#99 Robert Ramos - CB","#44 Michael Griffin - CB","#90 George Davis - CB","#31 Derek Cooper - CB","#40 Calvin Garst - CB","#24 Robert Figueroa - CB","#38 Eric Wadsworth - CB","#23 Harold Scott - CB","#36 Justin Archer - CB","#14 Robert Rodriguez - K",,,,,,,,,,,,,,,,,,,,
BCB,14:55,"BCB 20",3,1,10,"Singleback Normal HB Counter Weak","4-3 Under Crash Right",-0,0,3,"1-10-BCB 20 (14:56) 14-Rick Jones ran to BCB 19 for a short loss. Tackle by 52-Yojimbo Frost.","#10 George Oliver - QB","#14 Rick Jones - WR",,,,"#30 Michael Martin - WR",,"#89 Jerry Jamison - WR","#17 Ronald Beard - WR","#18 Michael Zimmerman - WR",,,"#63 Thomas Gardner - LT","#78 Gerald Schirmer - LG","#76 Jeremy Meyer - C","#86 Michael Rice - RG","#69 Raymond Thomas - RT",,"#90 Paul Wright - LDE",,"#97 Michael Dudley - DT","#91 William Thompson - DT","#94 William Andrews - RDE","#92 Randall Sandin - WLB","#50 Stephen Herndon - MLB",,"#52 Yojimbo Frost - WLB","#8 Danny Bielecki - CB","#36 Mark Murray - CB",,,,"#21 Willie Felder - CB","#11 Lowell Woodson - CB",,,,,,,,,,,,,,,,,,,,,,,,,,,,,,,,,,,,
BCB,14:15,"BCB 19",3,2,10,"Shotgun 2 RB 3 WR Shotgun Dive","4-3 Under Double LB Blitz",-1,0,3,"2-10-BCB 19 (14:14) 41-Javier Lee ran to BCB 18 for -1 yards. Tackle by 91-William Thompson.","#10 George Oliver - QB","#41 Javier Lee - WR","#15 Chester Robinson - RB",,,,,"#89 Jerry Jamison - WR","#17 Ronald Beard - WR","#18 Michael Zimmerman - WR",,,"#63 Thomas Gardner - LT","#78 Gerald Schirmer - LG","#76 Jeremy Meyer - C","#86 Michael Rice - RG","#69 Raymond Thomas - RT",,"#90 Paul Wright - LDE",,"#97 Michael Dudley - DT","#91 William Thompson - DT","#94 William Andrews - RDE","#92 Randall Sandin - WLB","#53 Derrick Agee - WLB",,"#96 William Brown - WLB","#36 Mark Murray - CB","#8 Danny Bielecki - CB",,,,"#29 Brad Sinclair - CB","#21 Willie Felder - CB",,,,,,,,,,,,,,,,,,,,,,,,,,,,,,,,,,,,
BCB,13:41,"BCB 18",3,3,11,"Shotgun Normal HB Flare","3-4 Normal Man Cover 1",11,0,3,"3-11-BCB 18 (13:40) 10-George Oliver pass complete to 17-Ronald Beard to BCB 30 for 11 yards. Tackle by 8-Danny Bielecki. BCB 17-Ronald Beard was injured on the play. He looks like he should be able to return.","#10 George Oliver - QB","#14 Rick Jones - WR",,,,"#30 Michael Martin - WR",,"#89 Jerry Jamison - WR","#17 Ronald Beard - WR","#18 Michael Zimmerman - WR",,,"#63 Thomas Gardner - LT","#78 Gerald Schirmer - LG","#76 Jeremy Meyer - C","#86 Michael Rice - RG","#69 Raymond Thomas - RT",,"#90 Paul Wright - LDE",,"#97 Michael Dudley - DT",,"#94 William Andrews - RDE","#92 Randall Sandin - WLB","#53 Derrick Agee - WLB","#50 Stephen Herndon - MLB","#96 William Brown - WLB","#36 Mark Murray - CB","#20 James Stokes - CB",,,,"#28 Edward Dreher - SS","#8 Danny Bielecki - CB",,,,,,,,,,,,,,,,,,,,,,,,,,,,,,,,,,,,
,13:37,,3,4,,,,,0,3,"Timeout BCB",,,,,,,,,,,,,,,,,,,,,,,,,,,,,,,,,,,,,,,,,,,,,,,,,,,,,,,,,,,,,,,,,,,,,,
BCB,13:02,"BCB 30",3,4,,Punt,"Punt Return",,0,3,"4-1-BCB 30 (13:03) 8-Michael Hoskins punts 50 yards to RCR 21. Fair Catch by 11-Lowell Woodson.",,,,,,,,,,,,,,,,,,"#8 Michael Hoskins - P",,,,,,,,,,,,,,,,,,,"#78 Gerald Schirmer - LG",,"#11 Lowell Woodson - CB",,,"#28 Edward Dreher - SS","#98 Dale Hardin - SLB","#36 Mark Murray - CB",,"#92 Randall Sandin - WLB","#96 William Brown - WLB",,"#20 James Stokes - CB",,,,"#84 Martin Jackson - LT","#60 James Anthony - C","#63 Thomas Gardner - LT","#69 Raymond Thomas - RT","#86 Michael Rice - RG","#68 John Cowley - RT",,"#56 Jermaine Huntley - RDE","#97 Michael Dudley - DT","#94 William Andrews - RDE","#53 Derrick Agee - WLB",,,,,,,
RCR,12:56,"RCR 21",3,1,10,"Goal Line Normal HB Toss Strong","4-3 Normal Double Safety Blitz",1,0,3,"1-10-RCR 21 (12:57) 27-Mark McCants ran to RCR 22 for 1 yards. Tackle by 35-Gerald Hackett. BCB 58-Jacob Bennet was injured on the play. He looks like he should be able to return.","#12 Roger Ahmed - QB","#27 Mark McCants - WR",,"#89 Joseph Piggott - RB","#87 Jamie Rausch - FB","#81 Mathew Franzen - TE","#2 Jasper Ives - FB",,,,,,"#59 Jeffrey Walker - LT","#76 Kurt Martin - LG","#73 Kevin Shepherd - C","#62 David Lary - RG","#65 Steven Amick - RT",,"#94 Benny Sayre - LDE",,"#77 Jorge Farkas - DT","#58 Jacob Bennet - DT","#61 Frank Meyer - RDE","#99 Robert Ramos - CB","#96 Brady Cooper - CB",,"#91 Jerry Moore - CB","#23 Harold Scott - CB","#38 Eric Wadsworth - CB",,,,"#35 Gerald Hackett - CB","#40 Calvin Garst - CB",,,,,,,,,,,,,,,,,,,,,,,,,,,,,,,,,,,,
RCR,12:13,"RCR 22",3,2,9,"I Formation Power HB Strong Outside","4-3 Normal Man Under 1",11,0,3,"2-9-RCR 22 (12:12) 5-Valentine Hembree ran to RCR 33 for 11 yards. Tackle by 44-Michael Griffin. PENALTY - Holding (RCR 71-William Gustafson)","#12 Roger Ahmed - QB","#5 Valentine Hembree - RB",,"#2 Jasper Ives - FB","#89 Joseph Piggott - RB","#6 James Greer - WR",,"#19 Dallas Teague - WR",,,,,"#59 Jeffrey Walker - LT","#76 Kurt Martin - LG","#71 William Gustafson - C","#62 David Lary - RG","#65 Steven Amick - RT",,"#94 Benny Sayre - LDE",,"#77 Jorge Farkas - DT","#74 Monte Needham - DT","#61 Frank Meyer - RDE","#99 Robert Ramos - CB","#96 Brady Cooper - CB",,"#91 Jerry Moore - CB","#23 Harold Scott - CB","#38 Eric Wadsworth - CB",,,,"#44 Michael Griffin - CB","#40 Calvin Garst - CB",,,,,,,,,,,,,,,,,,,,,,,,,,,,,,,,,,,,
RCR,12:08,"RCR 16",3,2,15,"Singleback Slot Strong HB Counter","4-3 Normal Double WR1",-2,0,3,"2-15-RCR 16 (12:09) 89-Joseph Piggott ran to RCR 14 for -2 yards. Tackle by 91-Jerry Moore. BCB 91-Jerry Moore was injured on the play. He looks like he should be able to return.","#12 Roger Ahmed - QB","#89 Joseph Piggott - RB",,,,"#2 Jasper Ives - FB",,"#1 Nathaniel Harris - WR","#6 James Greer - WR","#80 David Copeland - WR",,,"#59 Jeffrey Walker - LT","#76 Kurt Martin - LG","#73 Kevin Shepherd - C","#62 David Lary - RG","#65 Steven Amick - RT",,"#94 Benny Sayre - LDE",,"#77 Jorge Farkas - DT","#74 Monte Needham - DT","#61 Frank Meyer - RDE","#99 Robert Ramos - CB","#96 Brady Cooper - CB",,"#91 Jerry Moore - CB","#23 Harold Scott - CB","#38 Eric Wadsworth - CB",,,,"#44 Michael Griffin - CB","#40 Calvin Garst - CB",,,,,,,,,,,,,,,,,,,,,,,,,,,,,,,,,,,,
RCR,11:35,"RCR 14",3,3,17,"I Formation 3WR Slot Corner Long","4-3 Normal Man Under 1",,0,3,"3-17-RCR 14 (11:34) 12-Roger Ahmed pass Pass knocked down by 99-Robert Ramos. incomplete, intended for 5-Valentine Hembree. Pressure by 77-Jorge Farkas. RCR 59-Jeffrey Walker was injured on the play. He looks like he should be able to return. PENALTY - Pass Interference (BCB 96-Brady Cooper)","#12 Roger Ahmed - QB","#5 Valentine Hembree - RB",,,"#2 Jasper Ives - FB",,,"#1 Nathaniel Harris - WR","#6 James Greer - WR","#19 Dallas Teague - WR",,,"#59 Jeffrey Walker - LT","#76 Kurt Martin - LG","#73 Kevin Shepherd - C","#62 David Lary - RG","#65 Steven Amick - RT",,"#94 Benny Sayre - LDE",,"#77 Jorge Farkas - DT","#74 Monte Needham - DT","#61 Frank Meyer - RDE","#99 Robert Ramos - CB","#96 Brady Cooper - CB",,"#36 Justin Archer - CB","#23 Harold Scott - CB","#38 Eric Wadsworth - CB",,,,"#44 Michael Griffin - CB","#40 Calvin Garst - CB",,,,,,,,,,,,,,,,,,,,,,,,,,,,,,,,,,,,
RCR,11:30,"RCR 21",3,1,10,"I Formation 3WR HB Inside Strong","4-3 Normal OLB Blitz Outside",-2,0,3,"1-10-RCR 21 (11:31) 89-Joseph Piggott ran to RCR 19 for -2 yards. Tackle by 99-Robert Ramos.","#12 Roger Ahmed - QB","#89 Joseph Piggott - RB",,,"#2 Jasper Ives - FB",,,"#1 Nathaniel Harris - WR","#6 James Greer - WR","#19 Dallas Teague - WR",,,"#65 Steven Amick - RT","#76 Kurt Martin - LG","#73 Kevin Shepherd - C","#62 David Lary - RG","#75 Ralph Mitchell - LT",,"#94 Benny Sayre - LDE",,"#77 Jorge Farkas - DT","#74 Monte Needham - DT","#61 Frank Meyer - RDE","#99 Robert Ramos - CB","#96 Brady Cooper - CB",,"#36 Justin Archer - CB","#23 Harold Scott - CB","#38 Eric Wadsworth - CB",,,,"#44 Michael Griffin - CB","#40 Calvin Garst - CB",,,,,,,,,,,,,,,,,,,,,,,,,,,,,,,,,,,,
RCR,10:57,"RCR 19",3,2,12,"I Formation Normal FL Hitch","4-3 Under Double LB Blitz",3,0,3,"2-12-RCR 19 (10:56) 12-Roger Ahmed pass complete to 6-James Greer to RCR 22 for 3 yards. Tackle by 23-Harold Scott.","#12 Roger Ahmed - QB","#5 Valentine Hembree - RB",,,"#87 Jamie Rausch - FB","#2 Jasper Ives - FB",,"#6 James Greer - WR",,"#19 Dallas Teague - WR",,,"#75 Ralph Mitchell - LT","#76 Kurt Martin - LG","#73 Kevin Shepherd - C","#62 David Lary - RG","#65 Steven Amick - RT",,"#94 Benny Sayre - LDE",,"#77 Jorge Farkas - DT","#74 Monte Needham - DT","#61 Frank Meyer - RDE","#99 Robert Ramos - CB","#96 Brady Cooper - CB",,"#36 Justin Archer - CB","#23 Harold Scott - CB","#38 Eric Wadsworth - CB",,,,"#44 Michael Griffin - CB","#40 Calvin Garst - CB",,,,,,,,,,,,,,,,,,,,,,,,,,,,,,,,,,,,
RCR,10:15,"RCR 22",3,3,9,"I Formation Power Play Action HB Downfield","4-3 Normal Man Under 1",5,0,3,"3-9-RCR 22 (10:14) 12-Roger Ahmed pass complete to 81-Mathew Franzen to RCR 28 for 5 yards. Tackle by 38-Eric Wadsworth.","#12 Roger Ahmed - QB","#5 Valentine Hembree - RB",,"#2 Jasper Ives - FB","#89 Joseph Piggott - RB","#81 Mathew Franzen - TE",,"#1 Nathaniel Harris - WR",,,,,"#59 Jeffrey Walker - LT","#76 Kurt Martin - LG","#71 William Gustafson - C","#62 David Lary - RG","#65 Steven Amick - RT",,"#94 Benny Sayre - LDE",,"#77 Jorge Farkas - DT","#74 Monte Needham - DT","#61 Frank Meyer - RDE","#99 Robert Ramos - CB","#96 Brady Cooper - CB",,"#36 Justin Archer - CB","#23 Harold Scott - CB","#38 Eric Wadsworth - CB",,,,"#44 Michael Griffin - CB","#40 Calvin Garst - CB",,,,,,,,,,,,,,,,,,,,,,,,,,,,,,,,,,,,
RCR,9:36,"RCR 28",3,4,3,Punt,"Punt Return",,0,3,"4-3-RCR 28 (9:35) 7-Salvador Jamieson punts 45 yards to BCB 28. Fair Catch by 85-Joshua Egger.",,,,,,,,,,,,,,,,,,"#7 Salvador Jamieson - P",,,,,,,,,,,,,,,,,,,"#59 Jeffrey Walker - LT",,"#85 Joshua Egger - WR",,,"#24 Robert Figueroa - CB","#99 Robert Ramos - CB","#31 Derek Cooper - CB",,"#38 Eric Wadsworth - CB","#36 Justin Archer - CB",,"#90 George Davis - CB",,,,"#75 Ralph Mitchell - LT","#65 Steven Amick - RT","#57 Donald Reneau - LG","#76 Kurt Martin - LG","#73 Kevin Shepherd - C","#61 Larry Fink - C",,"#77 Jorge Farkas - DT","#96 Brady Cooper - CB","#61 Frank Meyer - RDE","#94 Benny Sayre - LDE",,,,,,,
BCB,9:27,"BCB 28",3,1,10,"I Formation Normal Max Protect","4-3 Under Crash Right",9,0,3,"1-10-BCB 28 (9:28) 10-George Oliver pass complete to 14-Rick Jones to BCB 36 for 9 yards. Tackle by 8-Danny Bielecki. 14-Rick Jones made a great move on the CB.","#10 George Oliver - QB","#14 Rick Jones - WR",,,"#49 Tim Johnson - WR","#30 Michael Martin - WR",,"#89 Jerry Jamison - WR",,"#18 Michael Zimmerman - WR",,,"#63 Thomas Gardner - LT","#78 Gerald Schirmer - LG","#76 Jeremy Meyer - C","#86 Michael Rice - RG","#69 Raymond Thomas - RT",,"#90 Paul Wright - LDE",,"#97 Michael Dudley - DT","#91 William Thompson - DT","#94 William Andrews - RDE","#52 Yojimbo Frost - WLB","#53 Derrick Agee - WLB",,"#96 William Brown - WLB","#8 Danny Bielecki - CB","#20 James Stokes - CB",,,,"#29 Brad Sinclair - CB","#21 Willie Felder - CB",,,,,,,,,,,,,,,,,,,,,,,,,,,,,,,,,,,,
BCB,8:49,"BCB 36",3,2,1,"Split Backs 3 Wide Dive Right","4-3 Under Crash Right",-0,0,3,"2-1-BCB 36 (8:48) 41-Javier Lee ran to BCB 36 for a short loss. Tackle by 96-William Brown.","#10 George Oliver - QB","#41 Javier Lee - WR",,,"#49 Tim Johnson - WR",,,"#89 Jerry Jamison - WR","#80 Ralph Xiong - WR","#17 Ronald Beard - WR",,,"#63 Thomas Gardner - LT","#78 Gerald Schirmer - LG","#76 Jeremy Meyer - C","#86 Michael Rice - RG","#69 Raymond Thomas - RT",,"#90 Paul Wright - LDE",,"#97 Michael Dudley - DT","#91 William Thompson - DT","#94 William Andrews - RDE","#92 Randall Sandin - WLB","#53 Derrick Agee - WLB",,"#96 William Brown - WLB","#36 Mark Murray - CB","#8 Danny Bielecki - CB",,,,"#29 Brad Sinclair - CB","#21 Willie Felder - CB",,,,,,,,,,,,,,,,,,,,,,,,,,,,,,,,,,,,
BCB,8:12,"BCB 36",3,3,2,"Split Backs 3 Wide Dive Left","4-3 Under Double LB Blitz",-1,0,3,"3-2-BCB 36 (8:11) 49-Tim Johnson ran to BCB 35 for -1 yards. Tackle by 96-William Brown.","#10 George Oliver - QB","#41 Javier Lee - WR",,,"#49 Tim Johnson - WR",,,"#89 Jerry Jamison - WR","#17 Ronald Beard - WR","#18 Michael Zimmerman - WR",,,"#63 Thomas Gardner - LT","#78 Gerald Schirmer - LG","#76 Jeremy Meyer - C","#86 Michael Rice - RG","#69 Raymond Thomas - RT",,"#90 Paul Wright - LDE",,"#97 Michael Dudley - DT","#91 William Thompson - DT","#94 William Andrews - RDE","#92 Randall Sandin - WLB","#53 Derrick Agee - WLB",,"#96 William Brown - WLB","#36 Mark Murray - CB","#8 Danny Bielecki - CB",,,,"#29 Brad Sinclair - CB","#21 Willie Felder - CB",,,,,,,,,,,,,,,,,,,,,,,,,,,,,,,,,,,,
BCB,7:38,"BCB 35",3,4,2,Punt,"Punt Return",64,0,3,"4-2-BCB 35 (7:37) 8-Michael Hoskins punts 64 yards to RCR 1.",,,,,,,,,,,,,,,,,,"#8 Michael Hoskins - P",,,,,,,,,,,,,,,,,,,"#78 Gerald Schirmer - LG",,"#11 Lowell Woodson - CB",,,"#28 Edward Dreher - SS","#98 Dale Hardin - SLB","#36 Mark Murray - CB",,"#92 Randall Sandin - WLB","#96 William Brown - WLB",,"#20 James Stokes - CB",,,,"#84 Martin Jackson - LT","#60 James Anthony - C","#63 Thomas Gardner - LT","#69 Raymond Thomas - RT","#86 Michael Rice - RG","#68 John Cowley - RT",,"#56 Jermaine Huntley - RDE","#97 Michael Dudley - DT","#94 William Andrews - RDE","#53 Derrick Agee - WLB",,,,,,,
RCR,7:25,"RCR 1",3,1,10,"Split Backs Normal WR Post","4-3 Normal Man Under 1",3,0,3,"1-10-RCR 1 (7:26) 12-Roger Ahmed pass complete to 1-Nathaniel Harris to RCR 5 for 3 yards. Tackle by 23-Harold Scott.","#12 Roger Ahmed - QB","#89 Joseph Piggott - RB",,,"#2 Jasper Ives - FB","#81 Mathew Franzen - TE",,"#1 Nathaniel Harris - WR",,"#6 James Greer - WR",,,"#59 Jeffrey Walker - LT","#76 Kurt Martin - LG","#73 Kevin Shepherd - C","#62 David Lary - RG","#65 Steven Amick - RT",,"#94 Benny Sayre - LDE",,"#77 Jorge Farkas - DT","#58 Jacob Bennet - DT","#61 Frank Meyer - RDE","#99 Robert Ramos - CB","#96 Brady Cooper - CB",,"#36 Justin Archer - CB","#23 Harold Scott - CB","#38 Eric Wadsworth - CB",,,,"#35 Gerald Hackett - CB","#40 Calvin Garst - CB",,,,,,,,,,,,,,,,,,,,,,,,,,,,,,,,,,,,
RCR,6:52,"RCR 5",3,2,7,"Goal Line Normal HB Toss Strong","4-3 Normal Double Safety Blitz",,0,3,"2-7-RCR 5 (6:51) 27-Mark McCants ran to RCR 5 for a short gain. Tackle by 35-Gerald Hackett.","#12 Roger Ahmed - QB","#27 Mark McCants - WR",,"#89 Joseph Piggott - RB","#5 Valentine Hembree - RB","#2 Jasper Ives - FB","#87 Jamie Rausch - FB",,,,,,"#59 Jeffrey Walker - LT","#76 Kurt Martin - LG","#73 Kevin Shepherd - C","#62 David Lary - RG","#65 Steven Amick - RT",,"#94 Benny Sayre - LDE",,"#77 Jorge Farkas - DT","#58 Jacob Bennet - DT","#61 Frank Meyer - RDE","#99 Robert Ramos - CB","#96 Brady Cooper - CB",,"#36 Justin Archer - CB","#23 Harold Scott - CB","#38 Eric Wadsworth - CB",,,,"#35 Gerald Hackett - CB","#40 Calvin Garst - CB",,,,,,,,,,,,,,,,,,,,,,,,,,,,,,,,,,,,
RCR,6:18,"RCR 5",3,3,6,"I Formation 3WR Slot Corner Long","4-3 Normal Man Under 1",,0,3,"3-6-RCR 5 (6:17) 12-Roger Ahmed pass Pass knocked down by 50-Scott McDonald. incomplete, intended for 6-James Greer.","#12 Roger Ahmed - QB","#5 Valentine Hembree - RB",,,"#2 Jasper Ives - FB",,,"#1 Nathaniel Harris - WR","#6 James Greer - WR","#19 Dallas Teague - WR",,,"#59 Jeffrey Walker - LT","#76 Kurt Martin - LG","#73 Kevin Shepherd - C","#62 David Lary - RG","#65 Steven Amick - RT",,"#94 Benny Sayre - LDE",,"#77 Jorge Farkas - DT","#58 Jacob Bennet - DT","#61 Frank Meyer - RDE","#36 Justin Archer - CB","#96 Brady Cooper - CB",,"#24 Robert Figueroa - CB","#23 Harold Scott - CB","#90 George Davis - CB",,,,"#38 Eric Wadsworth - CB","#50 Scott McDonald - CB",,,,,,,,,,,,,,,,,,,,,,,,,,,,,,,,,,,,
RCR,6:12,"RCR 5",3,4,6,Punt,"Punt Return",,0,3,"4-6-RCR 5 (6:13) 7-Salvador Jamieson punts 43 yards to RCR 48. Fair Catch by 85-Joshua Egger.",,,,,,,,,,,,,,,,,,"#7 Salvador Jamieson - P",,,,,,,,,,,,,,,,,,,"#59 Jeffrey Walker - LT",,"#85 Joshua Egger - WR",,,"#99 Robert Ramos - CB","#35 Gerald Hackett - CB","#90 George Davis - CB",,"#40 Calvin Garst - CB","#97 James Siefert - CB",,"#50 Scott McDonald - CB",,,,"#75 Ralph Mitchell - LT","#65 Steven Amick - RT","#57 Donald Reneau - LG","#76 Kurt Martin - LG","#73 Kevin Shepherd - C","#61 Larry Fink - C",,"#77 Jorge Farkas - DT","#61 Frank Meyer - RDE","#94 Benny Sayre - LDE","#58 Jacob Bennet - DT",,,,,,,
BCB,6:06,"RCR 48",3,1,10,"Singleback Normal HB Counter Weak","3-4 Normal Man Cover 1",-2,0,3,"1-10-RCR 48 (6:07) 14-Rick Jones ran to BCB 50 for -2 yards. Tackle by 52-Yojimbo Frost.","#10 George Oliver - QB","#14 Rick Jones - WR",,,,"#30 Michael Martin - WR",,"#89 Jerry Jamison - WR","#17 Ronald Beard - WR","#18 Michael Zimmerman - WR",,,"#63 Thomas Gardner - LT","#78 Gerald Schirmer - LG","#76 Jeremy Meyer - C","#86 Michael Rice - RG","#69 Raymond Thomas - RT",,"#90 Paul Wright - LDE",,"#97 Michael Dudley - DT",,"#94 William Andrews - RDE","#52 Yojimbo Frost - WLB","#53 Derrick Agee - WLB","#50 Stephen Herndon - MLB","#96 William Brown - WLB","#20 James Stokes - CB","#25 Peter Scott - CB",,,,"#29 Brad Sinclair - CB","#8 Danny Bielecki - CB",,,,,,,,,,,,,,,,,,,,,,,,,,,,,,,,,,,,
BCB,5:34,"BCB 50",3,2,12,"Split Backs 3 Wide Slot Post","4-3 Under Double Safety Blitz",,0,3,"2-12-BCB 50 (5:33) 10-George Oliver pass Pass knocked down by 8-Danny Bielecki. incomplete, intended for 18-Michael Zimmerman.","#10 George Oliver - QB","#41 Javier Lee - WR",,,"#49 Tim Johnson - WR",,,"#89 Jerry Jamison - WR","#17 Ronald Beard - WR","#18 Michael Zimmerman - WR",,,"#63 Thomas Gardner - LT","#78 Gerald Schirmer - LG","#76 Jeremy Meyer - C","#86 Michael Rice - RG","#69 Raymond Thomas - RT",,"#90 Paul Wright - LDE",,"#97 Michael Dudley - DT","#91 William Thompson - DT","#94 William Andrews - RDE","#92 Randall Sandin - WLB","#53 Derrick Agee - WLB",,"#96 William Brown - WLB","#36 Mark Murray - CB","#8 Danny Bielecki - CB",,,,"#29 Brad Sinclair - CB","#21 Willie Felder - CB",,,,,,,,,,,,,,,,,,,,,,,,,,,,,,,,,,,,
BCB,5:28,"BCB 50",3,3,12,"Shotgun 2 RB 3 WR Shotgun Dive","3-4 Normal Double WR2",8,0,3,"3-12-BCB 50 (5:29) 41-Javier Lee ran to RCR 42 for 8 yards. Tackle by 96-William Brown.","#10 George Oliver - QB","#41 Javier Lee - WR","#15 Chester Robinson - RB",,,,,"#80 Ralph Xiong - WR","#14 Rick Jones - WR","#85 Joshua Egger - WR",,,"#63 Thomas Gardner - LT","#78 Gerald Schirmer - LG","#76 Jeremy Meyer - C","#86 Michael Rice - RG","#69 Raymond Thomas - RT",,"#90 Paul Wright - LDE",,"#97 Michael Dudley - DT",,"#94 William Andrews - RDE","#92 Randall Sandin - WLB","#53 Derrick Agee - WLB","#50 Stephen Herndon - MLB","#96 William Brown - WLB","#36 Mark Murray - CB","#20 James Stokes - CB",,,,"#28 Edward Dreher - SS","#8 Danny Bielecki - CB",,,,,,,,,,,,,,,,,,,,,,,,,,,,,,,,,,,,
BCB,4:51,"RCR 42",3,4,4,Punt,"Punt Return",42,0,3,"4-4-RCR 42 (4:50) 8-Michael Hoskins punts 42 yards to RCR 0.4-4-RCR 42 (4:50) 8-Michael Hoskins punts 42 yards to RCR 0. Touchback.",,,,,,,,,,,,,,,,,,"#8 Michael Hoskins - P",,,,,,,,,,,,,,,,,,,"#78 Gerald Schirmer - LG",,"#11 Lowell Woodson - CB",,,"#92 Randall Sandin - WLB","#29 Brad Sinclair - CB","#28 Edward Dreher - SS",,"#98 Dale Hardin - SLB","#99 Michael Zamora - WLB",,"#20 James Stokes - CB",,,,"#84 Martin Jackson - LT","#60 James Anthony - C","#63 Thomas Gardner - LT","#69 Raymond Thomas - RT","#86 Michael Rice - RG","#68 John Cowley - RT",,"#56 Jermaine Huntley - RDE","#97 Michael Dudley - DT","#94 William Andrews - RDE","#53 Derrick Agee - WLB",,,,,,,
RCR,4:41,"RCR 20",3,1,10,"Shotgun Normal HB Flare","4-3 Normal WLB Outside Blitz",12,0,3,"1-10-RCR 20 (4:42) 12-Roger Ahmed pass complete to 6-James Greer to RCR 32 for 12 yards. Tackle by 40-Calvin Garst. PENALTY - Holding (RCR 65-Steven Amick)","#12 Roger Ahmed - QB","#5 Valentine Hembree - RB",,,,"#2 Jasper Ives - FB",,"#1 Nathaniel Harris - WR","#6 James Greer - WR","#19 Dallas Teague - WR",,,"#59 Jeffrey Walker - LT","#76 Kurt Martin - LG","#73 Kevin Shepherd - C","#62 David Lary - RG","#65 Steven Amick - RT",,"#94 Benny Sayre - LDE",,"#77 Jorge Farkas - DT","#58 Jacob Bennet - DT","#61 Frank Meyer - RDE","#99 Robert Ramos - CB","#96 Brady Cooper - CB",,"#91 Jerry Moore - CB","#23 Harold Scott - CB","#38 Eric Wadsworth - CB",,,,"#35 Gerald Hackett - CB","#40 Calvin Garst - CB",,,,,,,,,,,,,,,,,,,,,,,,,,,,,,,,,,,,
RCR,4:38,"RCR 10",3,1,20,"Strong I Normal HB Off Tackle Strong","4-3 Normal Man Under 1",4,0,3,"1-20-RCR 10 (4:39) 89-Joseph Piggott ran to RCR 14 for 4 yards. Tackle by 91-Jerry Moore.","#12 Roger Ahmed - QB","#89 Joseph Piggott - RB",,,"#2 Jasper Ives - FB","#81 Mathew Franzen - TE",,"#1 Nathaniel Harris - WR",,"#6 James Greer - WR",,,"#59 Jeffrey Walker - LT","#76 Kurt Martin - LG","#73 Kevin Shepherd - C","#62 David Lary - RG","#65 Steven Amick - RT",,"#94 Benny Sayre - LDE",,"#77 Jorge Farkas - DT","#58 Jacob Bennet - DT","#61 Frank Meyer - RDE","#99 Robert Ramos - CB","#96 Brady Cooper - CB",,"#91 Jerry Moore - CB","#23 Harold Scott - CB","#38 Eric Wadsworth - CB",,,,"#35 Gerald Hackett - CB","#40 Calvin Garst - CB",,,,,,,,,,,,,,,,,,,,,,,,,,,,,,,,,,,,
RCR,4:01,"RCR 14",3,2,16,"Singleback Big PA Curls","4-3 Under Double LB Blitz",4,0,3,"2-16-RCR 14 (4:00) 12-Roger Ahmed pass complete to 1-Nathaniel Harris to RCR 18 for 4 yards. Tackle by 23-Harold Scott. PENALTY - Offsides (BCB 94-Benny Sayre)","#12 Roger Ahmed - QB","#5 Valentine Hembree - RB",,,,"#81 Mathew Franzen - TE","#2 Jasper Ives - FB","#1 Nathaniel Harris - WR",,"#6 James Greer - WR",,,"#59 Jeffrey Walker - LT","#76 Kurt Martin - LG","#73 Kevin Shepherd - C","#62 David Lary - RG","#65 Steven Amick - RT",,"#94 Benny Sayre - LDE",,"#77 Jorge Farkas - DT","#58 Jacob Bennet - DT","#61 Frank Meyer - RDE","#99 Robert Ramos - CB","#96 Brady Cooper - CB",,"#91 Jerry Moore - CB","#23 Harold Scott - CB","#38 Eric Wadsworth - CB",,,,"#44 Michael Griffin - CB","#40 Calvin Garst - CB",,,,,,,,,,,,,,,,,,,,,,,,,,,,,,,,,,,,
RCR,3:56,"RCR 19",3,2,11,"I Formation Power HB Dive Weak","4-3 Normal Man Under 1",8,0,3,"2-11-RCR 19 (3:57) 5-Valentine Hembree ran to RCR 27 for 8 yards. Tackle by 38-Eric Wadsworth.","#12 Roger Ahmed - QB","#5 Valentine Hembree - RB",,"#2 Jasper Ives - FB","#89 Joseph Piggott - RB","#6 James Greer - WR",,"#19 Dallas Teague - WR",,,,,"#65 Steven Amick - RT","#76 Kurt Martin - LG","#71 William Gustafson - C","#62 David Lary - RG","#59 Jeffrey Walker - LT",,"#94 Benny Sayre - LDE",,"#77 Jorge Farkas - DT","#58 Jacob Bennet - DT","#61 Frank Meyer - RDE","#99 Robert Ramos - CB","#96 Brady Cooper - CB",,"#91 Jerry Moore - CB","#23 Harold Scott - CB","#38 Eric Wadsworth - CB",,,,"#44 Michael Griffin - CB","#40 Calvin Garst - CB",,,,,,,,,,,,,,,,,,,,,,,,,,,,,,,,,,,,
RCR,3:13,"RCR 27",3,3,3,"I Formation 3WR Backfield Flats","4-3 Normal Man Under 1",-8,0,3,"3-3-RCR 27 (3:12) 12-Roger Ahmed sacked at RCR 19 for -8 yards (61-Frank Meyer). Sack allowed by 59-Jeffrey Walker.","#12 Roger Ahmed - QB","#89 Joseph Piggott - RB",,,"#2 Jasper Ives - FB",,,"#1 Nathaniel Harris - WR","#6 James Greer - WR","#19 Dallas Teague - WR",,,"#59 Jeffrey Walker - LT","#76 Kurt Martin - LG","#73 Kevin Shepherd - C","#62 David Lary - RG","#65 Steven Amick - RT",,"#94 Benny Sayre - LDE",,"#77 Jorge Farkas - DT","#58 Jacob Bennet - DT","#61 Frank Meyer - RDE","#99 Robert Ramos - CB","#96 Brady Cooper - CB",,"#91 Jerry Moore - CB","#23 Harold Scott - CB","#38 Eric Wadsworth - CB",,,,"#44 Michael Griffin - CB","#40 Calvin Garst - CB",,,,,,,,,,,,,,,,,,,,,,,,,,,,,,,,,,,,
RCR,2:38,"RCR 19",3,4,11,Punt,"Punt Return",,0,3,"4-11-RCR 19 (2:37) 7-Salvador Jamieson punts 48 yards to BCB 33. Fair Catch by 85-Joshua Egger.",,,,,,,,,,,,,,,,,,"#7 Salvador Jamieson - P",,,,,,,,,,,,,,,,,,,"#59 Jeffrey Walker - LT",,"#85 Joshua Egger - WR",,,"#44 Michael Griffin - CB","#90 George Davis - CB","#31 Derek Cooper - CB",,"#24 Robert Figueroa - CB","#38 Eric Wadsworth - CB",,"#36 Justin Archer - CB",,,,"#75 Ralph Mitchell - LT","#65 Steven Amick - RT","#57 Donald Reneau - LG","#76 Kurt Martin - LG","#73 Kevin Shepherd - C","#61 Larry Fink - C",,"#58 Jacob Bennet - DT","#96 Brady Cooper - CB","#61 Frank Meyer - RDE","#94 Benny Sayre - LDE",,,,,,,
BCB,2:29,"BCB 33",3,1,10,"Split Backs 3 Wide Dive Left","Dime Normal Man Cover 1",19,0,3,"1-10-BCB 33 (2:30) 49-Tim Johnson ran to RCR 48 for 19 yards. Tackle by 25-Peter Scott.","#10 George Oliver - QB","#14 Rick Jones - WR",,,"#49 Tim Johnson - WR",,,"#89 Jerry Jamison - WR","#17 Ronald Beard - WR","#18 Michael Zimmerman - WR",,,"#63 Thomas Gardner - LT","#78 Gerald Schirmer - LG","#76 Jeremy Meyer - C","#86 Michael Rice - RG","#69 Raymond Thomas - RT",,"#90 Paul Wright - LDE",,"#97 Michael Dudley - DT","#91 William Thompson - DT","#94 William Andrews - RDE",,"#53 Derrick Agee - WLB",,,"#8 Danny Bielecki - CB","#20 James Stokes - CB","#11 Lowell Woodson - CB","#25 Peter Scott - CB",,"#29 Brad Sinclair - CB","#21 Willie Felder - CB",,,,,,,,,,,,,,,,,,,,,,,,,,,,,,,,,,,,
BCB,1:52,"RCR 48",3,1,10,"Singleback Normal WR Quick In","3-4 Normal Man Cover 1",,0,3,"1-10-RCR 48 (1:51) 10-George Oliver pass Pass knocked down by 29-Brad Sinclair. incomplete, intended for 80-Ralph Xiong.","#10 George Oliver - QB","#41 Javier Lee - WR",,,,"#30 Michael Martin - WR",,"#17 Ronald Beard - WR","#85 Joshua Egger - WR","#80 Ralph Xiong - WR",,,"#63 Thomas Gardner - LT","#78 Gerald Schirmer - LG","#76 Jeremy Meyer - C","#86 Michael Rice - RG","#69 Raymond Thomas - RT",,"#90 Paul Wright - LDE",,"#97 Michael Dudley - DT",,"#94 William Andrews - RDE","#92 Randall Sandin - WLB","#53 Derrick Agee - WLB","#50 Stephen Herndon - MLB","#96 William Brown - WLB","#36 Mark Murray - CB","#29 Brad Sinclair - CB",,,,"#28 Edward Dreher - SS","#8 Danny Bielecki - CB",,,,,,,,,,,,,,,,,,,,,,,,,,,,,,,,,,,,
BCB,1:48,"RCR 48",3,2,10,"I Formation Normal HB Blast","4-3 Under Double Safety Blitz",-0,0,3,"2-10-RCR 48 (1:49) 14-Rick Jones ran to RCR 48 for a short loss. Tackle by 21-Willie Felder.","#10 George Oliver - QB","#14 Rick Jones - WR",,,"#39 Judd Garrett - WR","#30 Michael Martin - WR",,"#89 Jerry Jamison - WR",,"#18 Michael Zimmerman - WR",,,"#63 Thomas Gardner - LT","#78 Gerald Schirmer - LG","#76 Jeremy Meyer - C","#86 Michael Rice - RG","#69 Raymond Thomas - RT",,"#90 Paul Wright - LDE",,"#97 Michael Dudley - DT","#91 William Thompson - DT","#94 William Andrews - RDE","#92 Randall Sandin - WLB","#53 Derrick Agee - WLB",,"#96 William Brown - WLB","#36 Mark Murray - CB","#8 Danny Bielecki - CB",,,,"#29 Brad Sinclair - CB","#21 Willie Felder - CB",,,,,,,,,,,,,,,,,,,,,,,,,,,,,,,,,,,,
BCB,1:05,"RCR 48",3,3,10,"I Formation Power Play Action HB Downfield","3-4 Normal Man Cover 1",,0,3,"3-10-RCR 48 (1:04) 10-George Oliver pass Pass knocked down by 53-Derrick Agee. incomplete, intended for 30-Michael Martin.","#10 George Oliver - QB","#41 Javier Lee - WR",,"#39 Judd Garrett - WR","#49 Tim Johnson - WR","#30 Michael Martin - WR",,"#89 Jerry Jamison - WR",,,,,"#63 Thomas Gardner - LT","#78 Gerald Schirmer - LG","#76 Jeremy Meyer - C","#86 Michael Rice - RG","#69 Raymond Thomas - RT",,"#90 Paul Wright - LDE",,"#97 Michael Dudley - DT",,"#94 William Andrews - RDE","#92 Randall Sandin - WLB","#53 Derrick Agee - WLB","#50 Stephen Herndon - MLB","#96 William Brown - WLB","#36 Mark Murray - CB","#20 James Stokes - CB",,,,"#28 Edward Dreher - SS","#8 Danny Bielecki - CB",,,,,,,,,,,,,,,,,,,,,,,,,,,,,,,,,,,,
BCB,0:59,"RCR 48",3,4,10,Punt,"Punt Return",35,0,3,"4-10-RCR 48 (1:00) 8-Michael Hoskins punts 35 yards to RCR 13.",,,,,,,,,,,,,,,,,,"#8 Michael Hoskins - P",,,,,,,,,,,,,,,,,,,"#78 Gerald Schirmer - LG",,"#11 Lowell Woodson - CB",,,"#28 Edward Dreher - SS","#98 Dale Hardin - SLB","#36 Mark Murray - CB",,"#92 Randall Sandin - WLB","#96 William Brown - WLB",,"#20 James Stokes - CB",,,,"#84 Martin Jackson - LT","#60 James Anthony - C","#63 Thomas Gardner - LT","#69 Raymond Thomas - RT","#86 Michael Rice - RG","#68 John Cowley - RT",,"#56 Jermaine Huntley - RDE","#97 Michael Dudley - DT","#94 William Andrews - RDE","#53 Derrick Agee - WLB",,,,,,,
RCR,0:50,"RCR 13",3,1,10,"Strong I Normal HB Off Tackle Strong","4-3 Normal Man Under 1",,0,3,"1-10-RCR 13 (0:51) 89-Joseph Piggott ran to RCR 14 for a short gain. Tackle by 94-Benny Sayre.","#12 Roger Ahmed - QB","#89 Joseph Piggott - RB",,,"#2 Jasper Ives - FB","#81 Mathew Franzen - TE",,"#1 Nathaniel Harris - WR",,"#6 James Greer - WR",,,"#59 Jeffrey Walker - LT","#76 Kurt Martin - LG","#73 Kevin Shepherd - C","#62 David Lary - RG","#65 Steven Amick - RT",,"#94 Benny Sayre - LDE",,"#77 Jorge Farkas - DT","#58 Jacob Bennet - DT","#61 Frank Meyer - RDE","#99 Robert Ramos - CB","#96 Brady Cooper - CB",,"#91 Jerry Moore - CB","#23 Harold Scott - CB","#38 Eric Wadsworth - CB",,,,"#35 Gerald Hackett - CB","#40 Calvin Garst - CB",,,,,,,,,,,,,,,,,,,,,,,,,,,,,,,,,,,,
RCR,0:20,"RCR 14",3,2,10,"I Formation Power PA Flats","4-3 Normal Man Under 1",,0,3,"2-10-RCR 14 (0:19) 12-Roger Ahmed pass incomplete, dropped by 6-James Greer.","#12 Roger Ahmed - QB","#5 Valentine Hembree - RB",,"#87 Jamie Rausch - FB","#2 Jasper Ives - FB","#6 James Greer - WR",,"#19 Dallas Teague - WR",,,,,"#65 Steven Amick - RT","#76 Kurt Martin - LG","#71 William Gustafson - C","#62 David Lary - RG","#59 Jeffrey Walker - LT",,"#94 Benny Sayre - LDE",,"#77 Jorge Farkas - DT","#58 Jacob Bennet - DT","#61 Frank Meyer - RDE","#99 Robert Ramos - CB","#96 Brady Cooper - CB",,"#91 Jerry Moore - CB","#23 Harold Scott - CB","#38 Eric Wadsworth - CB",,,,"#35 Gerald Hackett - CB","#40 Calvin Garst - CB",,,,,,,,,,,,,,,,,,,,,,,,,,,,,,,,,,,,
RCR,0:14,"RCR 14",3,3,10,"Split Backs Normal WR Post","4-3 Normal OLB Blitz Inside",,0,3,"3-10-RCR 14 (0:15) 12-Roger Ahmed pass Pass knocked down by 23-Harold Scott. incomplete, intended for 1-Nathaniel Harris.","#12 Roger Ahmed - QB","#89 Joseph Piggott - RB",,,"#2 Jasper Ives - FB","#81 Mathew Franzen - TE",,"#1 Nathaniel Harris - WR",,"#6 James Greer - WR",,,"#59 Jeffrey Walker - LT","#76 Kurt Martin - LG","#73 Kevin Shepherd - C","#62 David Lary - RG","#65 Steven Amick - RT",,"#94 Benny Sayre - LDE",,"#77 Jorge Farkas - DT","#58 Jacob Bennet - DT","#61 Frank Meyer - RDE","#99 Robert Ramos - CB","#96 Brady Cooper - CB",,"#91 Jerry Moore - CB","#23 Harold Scott - CB","#38 Eric Wadsworth - CB",,,,"#35 Gerald Hackett - CB","#40 Calvin Garst - CB",,,,,,,,,,,,,,,,,,,,,,,,,,,,,,,,,,,,
RCR,0:10,"RCR 14",3,4,10,Punt,"Punt Return",,0,3,"4-10-RCR 14 (0:11) 7-Salvador Jamieson punts 47 yards to BCB 39. 85-Joshua Egger to BCB 39 for 0 yards. Tackle by 28-Edward Dreher.",,,,,,,,,,,,,,,,,,"#7 Salvador Jamieson - P",,,,,,,,,,,,,,,,,,,"#59 Jeffrey Walker - LT",,"#85 Joshua Egger - WR",,,"#44 Michael Griffin - CB","#99 Robert Ramos - CB","#31 Derek Cooper - CB",,"#24 Robert Figueroa - CB","#36 Justin Archer - CB",,"#90 George Davis - CB",,,,"#75 Ralph Mitchell - LT","#65 Steven Amick - RT","#57 Donald Reneau - LG","#76 Kurt Martin - LG","#73 Kevin Shepherd - C","#61 Larry Fink - C",,"#77 Jorge Farkas - DT","#61 Frank Meyer - RDE","#94 Benny Sayre - LDE","#58 Jacob Bennet - DT",,,,,,,
BCB,0:02,"BCB 39",3,1,10,"Singleback Normal HB Dive Weak","3-4 Normal Double WR2",13,0,3,"1-10-BCB 39 (0:03) 14-Rick Jones ran to RCR 48 for 13 yards. Tackle by 29-Brad Sinclair.","#10 George Oliver - QB","#14 Rick Jones - WR",,,,"#30 Michael Martin - WR",,"#89 Jerry Jamison - WR","#17 Ronald Beard - WR","#18 Michael Zimmerman - WR",,,"#63 Thomas Gardner - LT","#78 Gerald Schirmer - LG","#76 Jeremy Meyer - C","#86 Michael Rice - RG","#69 Raymond Thomas - RT",,"#90 Paul Wright - LDE",,"#97 Michael Dudley - DT",,"#94 William Andrews - RDE","#52 Yojimbo Frost - WLB","#53 Derrick Agee - WLB","#50 Stephen Herndon - MLB","#96 William Brown - WLB","#8 Danny Bielecki - CB","#20 James Stokes - CB",,,,"#29 Brad Sinclair - CB","#21 Willie Felder - CB",,,,,,,,,,,,,,,,,,,,,,,,,,,,,,,,,,,,
,0:00,,3,1,10,,,,0,3,"End of third quarter.",,,,,,,,,,,,,,,,,,,,,,,,,,,,,,,,,,,,,,,,,,,,,,,,,,,,,,,,,,,,,,,,,,,,,,
BCB,15:00,"RCR 48",4,1,10,"Singleback Normal FL Post","3-4 Normal Double WR2",9,0,3,"1-10-RCR 48 (15:00) 10-George Oliver pass complete to 17-Ronald Beard to RCR 40 for 9 yards. Tackle by 96-William Brown.","#10 George Oliver - QB","#41 Javier Lee - WR",,,,"#30 Michael Martin - WR",,"#89 Jerry Jamison - WR","#17 Ronald Beard - WR","#18 Michael Zimmerman - WR",,,"#63 Thomas Gardner - LT","#78 Gerald Schirmer - LG","#76 Jeremy Meyer - C","#86 Michael Rice - RG","#69 Raymond Thomas - RT",,"#90 Paul Wright - LDE",,"#97 Michael Dudley - DT",,"#94 William Andrews - RDE","#92 Randall Sandin - WLB","#53 Derrick Agee - WLB","#50 Stephen Herndon - MLB","#96 William Brown - WLB","#36 Mark Murray - CB","#20 James Stokes - CB",,,,"#28 Edward Dreher - SS","#8 Danny Bielecki - CB",,,,,,,,,,,,,,,,,,,,,,,,,,,,,,,,,,,,
BCB,14:16,"RCR 40",4,2,1,"Shotgun 2 RB 3 WR RB Curls","3-4 Normal Man Cover 1",8,0,3,"2-1-RCR 40 (14:15) 10-George Oliver pass complete to 85-Joshua Egger to RCR 31 for 8 yards. Tackle by 21-Willie Felder.","#10 George Oliver - QB","#14 Rick Jones - WR","#15 Chester Robinson - RB",,,,,"#17 Ronald Beard - WR","#85 Joshua Egger - WR","#80 Ralph Xiong - WR",,,"#63 Thomas Gardner - LT","#78 Gerald Schirmer - LG","#76 Jeremy Meyer - C","#86 Michael Rice - RG","#69 Raymond Thomas - RT",,"#90 Paul Wright - LDE",,"#97 Michael Dudley - DT",,"#94 William Andrews - RDE","#92 Randall Sandin - WLB","#53 Derrick Agee - WLB","#50 Stephen Herndon - MLB","#96 William Brown - WLB","#8 Danny Bielecki - CB","#20 James Stokes - CB",,,,"#29 Brad Sinclair - CB","#21 Willie Felder - CB",,,,,,,,,,,,,,,,,,,,,,,,,,,,,,,,,,,,
BCB,13:39,"RCR 31",4,1,10,"Shotgun 2 RB 3 WR Shotgun Sweep","3-4 Normal Double WR2",2,0,3,"1-10-RCR 31 (13:38) 85-Joshua Egger ran to RCR 29 for 2 yards. Tackle by 92-Randall Sandin.","#10 George Oliver - QB","#41 Javier Lee - WR","#85 Joshua Egger - WR",,,,,"#89 Jerry Jamison - WR","#80 Ralph Xiong - WR","#18 Michael Zimmerman - WR",,,"#63 Thomas Gardner - LT","#78 Gerald Schirmer - LG","#76 Jeremy Meyer - C","#86 Michael Rice - RG","#69 Raymond Thomas - RT",,"#90 Paul Wright - LDE",,"#97 Michael Dudley - DT",,"#94 William Andrews - RDE","#92 Randall Sandin - WLB","#50 Stephen Herndon - MLB","#98 Dale Hardin - SLB","#99 Michael Zamora - WLB","#36 Mark Murray - CB","#20 James Stokes - CB",,,,"#28 Edward Dreher - SS","#8 Danny Bielecki - CB",,,,,,,,,,,,,,,,,,,,,,,,,,,,,,,,,,,,
BCB,12:55,"RCR 29",4,2,8,"Singleback Big PA Curls","4-3 Under Crash Right",9,0,3,"2-8-RCR 29 (12:54) 10-George Oliver pass complete to 89-Jerry Jamison to RCR 20 for 9 yards. Tackle by 36-Mark Murray. 36-Mark Murray got away with a hold on that play.","#10 George Oliver - QB","#15 Chester Robinson - RB",,,,"#30 Michael Martin - WR","#39 Judd Garrett - WR","#89 Jerry Jamison - WR",,"#18 Michael Zimmerman - WR",,,"#63 Thomas Gardner - LT","#78 Gerald Schirmer - LG","#76 Jeremy Meyer - C","#86 Michael Rice - RG","#69 Raymond Thomas - RT",,"#90 Paul Wright - LDE",,"#97 Michael Dudley - DT","#91 William Thompson - DT","#94 William Andrews - RDE","#92 Randall Sandin - WLB","#53 Derrick Agee - WLB",,"#96 William Brown - WLB","#36 Mark Murray - CB","#8 Danny Bielecki - CB",,,,"#29 Brad Sinclair - CB","#21 Willie Felder - CB",,,,,,,,,,,,,,,,,,,,,,,,,,,,,,,,,,,,
BCB,12:14,"RCR 20",4,1,10,"Weak I Normal WR Corner TE Middle","3-4 Normal Man Cover 1",,0,3,"1-10-RCR 20 (12:13) 10-George Oliver pass Pass knocked down by 20-James Stokes. incomplete, intended for 18-Michael Zimmerman.","#10 George Oliver - QB","#14 Rick Jones - WR",,,"#49 Tim Johnson - WR","#30 Michael Martin - WR",,"#89 Jerry Jamison - WR",,"#18 Michael Zimmerman - WR",,,"#63 Thomas Gardner - LT","#78 Gerald Schirmer - LG","#76 Jeremy Meyer - C","#86 Michael Rice - RG","#69 Raymond Thomas - RT",,"#90 Paul Wright - LDE",,"#97 Michael Dudley - DT",,"#94 William Andrews - RDE","#92 Randall Sandin - WLB","#53 Derrick Agee - WLB","#50 Stephen Herndon - MLB","#96 William Brown - WLB","#36 Mark Murray - CB","#20 James Stokes - CB",,,,"#28 Edward Dreher - SS","#8 Danny Bielecki - CB",,,,,,,,,,,,,,,,,,,,,,,,,,,,,,,,,,,,
BCB,12:08,"RCR 20",4,2,10,"I Formation Normal FL Hitch","3-4 Normal Man Cover 1",4,0,3,"2-10-RCR 20 (12:09) 10-George Oliver pass complete to 17-Ronald Beard to RCR 15 for 4 yards. Tackle by 20-James Stokes.","#10 George Oliver - QB","#41 Javier Lee - WR",,,"#49 Tim Johnson - WR","#30 Michael Martin - WR",,"#17 Ronald Beard - WR",,"#80 Ralph Xiong - WR",,,"#63 Thomas Gardner - LT","#78 Gerald Schirmer - LG","#76 Jeremy Meyer - C","#86 Michael Rice - RG","#69 Raymond Thomas - RT",,"#90 Paul Wright - LDE",,"#97 Michael Dudley - DT",,"#94 William Andrews - RDE","#52 Yojimbo Frost - WLB","#50 Stephen Herndon - MLB","#99 Michael Zamora - WLB","#96 William Brown - WLB","#20 James Stokes - CB","#29 Brad Sinclair - CB",,,,"#28 Edward Dreher - SS","#21 Willie Felder - CB",,,,,,,,,,,,,,,,,,,,,,,,,,,,,,,,,,,,
BCB,11:31,"RCR 15",4,3,6,"Shotgun Normal HB Flare","Dime Normal Man Cover 1",-7,0,3,"3-6-RCR 15 (11:30) 10-George Oliver sacked at RCR 22 for -7 yards (94-William Andrews). Sack allowed by 63-Thomas Gardner.","#10 George Oliver - QB","#85 Joshua Egger - WR",,,,"#30 Michael Martin - WR",,"#89 Jerry Jamison - WR","#17 Ronald Beard - WR","#18 Michael Zimmerman - WR",,,"#63 Thomas Gardner - LT","#78 Gerald Schirmer - LG","#76 Jeremy Meyer - C","#86 Michael Rice - RG","#69 Raymond Thomas - RT",,"#90 Paul Wright - LDE",,"#97 Michael Dudley - DT","#91 William Thompson - DT","#94 William Andrews - RDE",,"#53 Derrick Agee - WLB",,,"#36 Mark Murray - CB","#8 Danny Bielecki - CB","#25 Peter Scott - CB","#20 James Stokes - CB",,"#29 Brad Sinclair - CB","#21 Willie Felder - CB",,,,,,,,,,,,,,,,,,,,,,,,,,,,,,,,,,,,
BCB,10:56,"RCR 22",4,4,13,"Field Goal","FG Block",33,0,3,"4-13-RCR 22 (10:55) 9-William Leonard 39 yard field goal is NO GOOD. (Wide Right)",,,,,,,,,,,,,,,,,,,,,,,,,,,,,,,,,,,,"#15 Chester Robinson - RB","#78 Gerald Schirmer - LG",,,,,,,,,,,,,,"#9 William Leonard - K","#56 Carlos Bryant - RG","#84 Martin Jackson - LT","#60 James Anthony - C","#63 Thomas Gardner - LT","#69 Raymond Thomas - RT","#86 Michael Rice - RG","#68 John Cowley - RT","#64 Francis Lewis - LG","#56 Jermaine Huntley - RDE","#97 Michael Dudley - DT","#94 William Andrews - RDE","#53 Derrick Agee - WLB","#25 Peter Scott - CB","#28 Edward Dreher - SS","#29 Brad Sinclair - CB","#91 William Thompson - DT","#90 Paul Wright - LDE","#8 Danny Bielecki - CB","#98 Dale Hardin - SLB"
RCR,10:51,"RCR 29",4,1,10,"Shotgun Normal HB Flare","4-3 Normal Double WR1",1,0,3,"1-10-RCR 29 (10:52) 12-Roger Ahmed pass complete to 5-Valentine Hembree to RCR 30 for 1 yards. Tackle by 96-Brady Cooper.","#12 Roger Ahmed - QB","#5 Valentine Hembree - RB",,,,"#2 Jasper Ives - FB",,"#1 Nathaniel Harris - WR","#6 James Greer - WR","#19 Dallas Teague - WR",,,"#59 Jeffrey Walker - LT","#76 Kurt Martin - LG","#73 Kevin Shepherd - C","#62 David Lary - RG","#65 Steven Amick - RT",,"#94 Benny Sayre - LDE",,"#77 Jorge Farkas - DT","#58 Jacob Bennet - DT","#61 Frank Meyer - RDE","#99 Robert Ramos - CB","#96 Brady Cooper - CB",,"#91 Jerry Moore - CB","#23 Harold Scott - CB","#38 Eric Wadsworth - CB",,,,"#44 Michael Griffin - CB","#40 Calvin Garst - CB",,,,,,,,,,,,,,,,,,,,,,,,,,,,,,,,,,,,
RCR,10:08,"RCR 30",4,2,9,"I Formation 3WR FL Post","4-3 Normal Man Under 1",,0,3,"2-9-RCR 30 (10:07) 12-Roger Ahmed pass Pass knocked down by 99-Robert Ramos. incomplete, intended for 89-Joseph Piggott. Pressure by 77-Jorge Farkas.","#12 Roger Ahmed - QB","#89 Joseph Piggott - RB",,,"#2 Jasper Ives - FB",,,"#1 Nathaniel Harris - WR","#6 James Greer - WR","#19 Dallas Teague - WR",,,"#59 Jeffrey Walker - LT","#76 Kurt Martin - LG","#73 Kevin Shepherd - C","#62 David Lary - RG","#65 Steven Amick - RT",,"#94 Benny Sayre - LDE",,"#77 Jorge Farkas - DT","#58 Jacob Bennet - DT","#61 Frank Meyer - RDE","#99 Robert Ramos - CB","#96 Brady Cooper - CB",,"#91 Jerry Moore - CB","#23 Harold Scott - CB","#38 Eric Wadsworth - CB",,,,"#44 Michael Griffin - CB","#40 Calvin Garst - CB",,,,,,,,,,,,,,,,,,,,,,,,,,,,,,,,,,,,
RCR,10:02,"RCR 30",4,3,9,"I Formation 3WR Backfield Flats","4-3 Normal Man Under 1",,0,3,"3-9-RCR 30 (10:03) 12-Roger Ahmed pass incomplete, dropped by 2-Jasper Ives.","#12 Roger Ahmed - QB","#5 Valentine Hembree - RB",,,"#2 Jasper Ives - FB",,,"#1 Nathaniel Harris - WR","#6 James Greer - WR","#19 Dallas Teague - WR",,,"#59 Jeffrey Walker - LT","#76 Kurt Martin - LG","#73 Kevin Shepherd - C","#62 David Lary - RG","#65 Steven Amick - RT",,"#94 Benny Sayre - LDE",,"#77 Jorge Farkas - DT","#58 Jacob Bennet - DT","#61 Frank Meyer - RDE","#99 Robert Ramos - CB","#96 Brady Cooper - CB",,"#91 Jerry Moore - CB","#23 Harold Scott - CB","#38 Eric Wadsworth - CB",,,,"#44 Michael Griffin - CB","#40 Calvin Garst - CB",,,,,,,,,,,,,,,,,,,,,,,,,,,,,,,,,,,,
RCR,9:59,"RCR 30",4,4,9,Punt,"Punt Return",,0,3,"4-9-RCR 30 (10:00) 7-Salvador Jamieson punts 53 yards to BCB 17. Fair Catch by 85-Joshua Egger.",,,,,,,,,,,,,,,,,,"#7 Salvador Jamieson - P",,,,,,,,,,,,,,,,,,,"#59 Jeffrey Walker - LT",,"#85 Joshua Egger - WR",,,"#44 Michael Griffin - CB","#90 George Davis - CB","#31 Derek Cooper - CB",,"#24 Robert Figueroa - CB","#38 Eric Wadsworth - CB",,"#36 Justin Archer - CB",,,,"#75 Ralph Mitchell - LT","#65 Steven Amick - RT","#57 Donald Reneau - LG","#76 Kurt Martin - LG","#73 Kevin Shepherd - C","#61 Larry Fink - C",,"#58 Jacob Bennet - DT","#96 Brady Cooper - CB","#61 Frank Meyer - RDE","#94 Benny Sayre - LDE",,,,,,,
BCB,9:53,"BCB 17",4,1,10,"Weak I Normal HB Inside Weak","4-3 Under Double LB Blitz",-0,0,3,"1-10-BCB 17 (9:54) 14-Rick Jones ran to BCB 17 for a short loss. Tackle by 96-William Brown. PENALTY - Unnecessary Roughness (RCR 96-William Brown)","#10 George Oliver - QB","#14 Rick Jones - WR",,,"#49 Tim Johnson - WR","#30 Michael Martin - WR",,"#89 Jerry Jamison - WR",,"#18 Michael Zimmerman - WR",,,"#63 Thomas Gardner - LT","#78 Gerald Schirmer - LG","#76 Jeremy Meyer - C","#86 Michael Rice - RG","#69 Raymond Thomas - RT",,"#90 Paul Wright - LDE",,"#97 Michael Dudley - DT","#91 William Thompson - DT","#94 William Andrews - RDE","#52 Yojimbo Frost - WLB","#53 Derrick Agee - WLB",,"#96 William Brown - WLB","#8 Danny Bielecki - CB","#20 James Stokes - CB",,,,"#29 Brad Sinclair - CB","#21 Willie Felder - CB",,,,,,,,,,,,,,,,,,,,,,,,,,,,,,,,,,,,
BCB,9:51,"BCB 32",4,1,10,"Split Backs 3 Wide Dive Left","Dime Normal Double WR1",19,0,3,"1-10-BCB 32 (9:52) 49-Tim Johnson ran to RCR 50 for 19 yards. Tackle by 21-Willie Felder.","#10 George Oliver - QB","#41 Javier Lee - WR",,,"#49 Tim Johnson - WR",,,"#89 Jerry Jamison - WR","#17 Ronald Beard - WR","#18 Michael Zimmerman - WR",,,"#63 Thomas Gardner - LT","#78 Gerald Schirmer - LG","#76 Jeremy Meyer - C","#86 Michael Rice - RG","#69 Raymond Thomas - RT",,"#90 Paul Wright - LDE",,"#97 Michael Dudley - DT","#91 William Thompson - DT","#94 William Andrews - RDE",,"#53 Derrick Agee - WLB",,,"#36 Mark Murray - CB","#8 Danny Bielecki - CB","#25 Peter Scott - CB","#20 James Stokes - CB",,"#29 Brad Sinclair - CB","#21 Willie Felder - CB",,,,,,,,,,,,,,,,,,,,,,,,,,,,,,,,,,,,
BCB,9:14,"RCR 50",4,1,10,"I Formation Normal HB Blast","3-4 Normal Double WR2",11,0,3,"1-10-RCR 50 (9:13) 14-Rick Jones ran to RCR 38 for 11 yards. Tackle by 29-Brad Sinclair. If the defense doesn't start mixing up their plays a bit more we might see more big gains like that one.","#10 George Oliver - QB","#14 Rick Jones - WR",,,"#39 Judd Garrett - WR","#30 Michael Martin - WR",,"#17 Ronald Beard - WR",,"#80 Ralph Xiong - WR",,,"#63 Thomas Gardner - LT","#78 Gerald Schirmer - LG","#76 Jeremy Meyer - C","#86 Michael Rice - RG","#69 Raymond Thomas - RT",,"#90 Paul Wright - LDE",,"#97 Michael Dudley - DT",,"#94 William Andrews - RDE","#92 Randall Sandin - WLB","#53 Derrick Agee - WLB","#50 Stephen Herndon - MLB","#96 William Brown - WLB","#36 Mark Murray - CB","#29 Brad Sinclair - CB",,,,"#28 Edward Dreher - SS","#8 Danny Bielecki - CB",,,,,,,,,,,,,,,,,,,,,,,,,,,,,,,,,,,,
BCB,8:32,"RCR 38",4,1,10,"I Formation Normal FL Hitch","3-4 Normal Man Cover 1",3,0,3,"1-10-RCR 38 (8:31) 10-George Oliver pass complete to 89-Jerry Jamison to RCR 35 for 3 yards. Tackle by 36-Mark Murray.","#10 George Oliver - QB","#41 Javier Lee - WR",,,"#39 Judd Garrett - WR","#30 Michael Martin - WR",,"#89 Jerry Jamison - WR",,"#18 Michael Zimmerman - WR",,,"#63 Thomas Gardner - LT","#78 Gerald Schirmer - LG","#76 Jeremy Meyer - C","#86 Michael Rice - RG","#69 Raymond Thomas - RT",,"#90 Paul Wright - LDE",,"#97 Michael Dudley - DT",,"#94 William Andrews - RDE","#92 Randall Sandin - WLB","#53 Derrick Agee - WLB","#50 Stephen Herndon - MLB","#96 William Brown - WLB","#36 Mark Murray - CB","#20 James Stokes - CB",,,,"#28 Edward Dreher - SS","#8 Danny Bielecki - CB",,,,,,,,,,,,,,,,,,,,,,,,,,,,,,,,,,,,
BCB,7:58,"RCR 35",4,2,7,"Singleback Normal TE Quick Out","3-4 Normal Man Cover 1",,0,3,"2-7-RCR 35 (7:57) 10-George Oliver pass incomplete, intended for 30-Michael Martin.","#10 George Oliver - QB","#85 Joshua Egger - WR",,,,"#30 Michael Martin - WR",,"#89 Jerry Jamison - WR","#17 Ronald Beard - WR","#18 Michael Zimmerman - WR",,,"#63 Thomas Gardner - LT","#78 Gerald Schirmer - LG","#76 Jeremy Meyer - C","#86 Michael Rice - RG","#69 Raymond Thomas - RT",,"#90 Paul Wright - LDE",,"#97 Michael Dudley - DT",,"#94 William Andrews - RDE","#92 Randall Sandin - WLB","#53 Derrick Agee - WLB","#50 Stephen Herndon - MLB","#96 William Brown - WLB","#36 Mark Murray - CB","#20 James Stokes - CB",,,,"#28 Edward Dreher - SS","#8 Danny Bielecki - CB",,,,,,,,,,,,,,,,,,,,,,,,,,,,,,,,,,,,
BCB,7:53,"RCR 35",4,3,7,"I Formation Normal HB Dive","4-3 Under Double LB Blitz",-0,0,3,"3-7-RCR 35 (7:54) 41-Javier Lee ran to RCR 35 for a short loss. Tackle by 53-Derrick Agee.","#10 George Oliver - QB","#41 Javier Lee - WR",,,"#49 Tim Johnson - WR","#30 Michael Martin - WR",,"#18 Michael Zimmerman - WR",,"#17 Ronald Beard - WR",,,"#63 Thomas Gardner - LT","#78 Gerald Schirmer - LG","#76 Jeremy Meyer - C","#86 Michael Rice - RG","#69 Raymond Thomas - RT",,"#90 Paul Wright - LDE",,"#97 Michael Dudley - DT","#91 William Thompson - DT","#94 William Andrews - RDE","#92 Randall Sandin - WLB","#53 Derrick Agee - WLB",,"#96 William Brown - WLB","#36 Mark Murray - CB","#8 Danny Bielecki - CB",,,,"#29 Brad Sinclair - CB","#21 Willie Felder - CB",,,,,,,,,,,,,,,,,,,,,,,,,,,,,,,,,,,,
BCB,7:19,"RCR 35",4,4,7,"Field Goal","FG Block",46,0,6,"4-7-RCR 35 (7:18) 9-William Leonard 53 yard field goal is GOOD. RCR 0 BCB 6",,,,,,,,,,,,,,,,,,,,,,,,,,,,,,,,,,,,"#15 Chester Robinson - RB","#78 Gerald Schirmer - LG",,,,,,,,,,,,,,"#9 William Leonard - K","#56 Carlos Bryant - RG","#84 Martin Jackson - LT","#60 James Anthony - C","#63 Thomas Gardner - LT","#69 Raymond Thomas - RT","#86 Michael Rice - RG","#68 John Cowley - RT","#64 Francis Lewis - LG","#56 Jermaine Huntley - RDE","#97 Michael Dudley - DT","#94 William Andrews - RDE","#53 Derrick Agee - WLB","#28 Edward Dreher - SS","#29 Brad Sinclair - CB","#98 Dale Hardin - SLB","#91 William Thompson - DT","#90 Paul Wright - LDE","#8 Danny Bielecki - CB","#20 James Stokes - CB"
BCB,7:13,"BCB 35",4,6,10,Kickoff,"Kick Return",76,0,6,"(7:14) 9-William Leonard kicks 76 yards from BCB 35 to RCR -11. Touchback.",,,,,,,,,,,,,,,,,,,,,,,,,,,,,,,,,,,,,,"#11 Lowell Woodson - CB",,"#25 Peter Scott - CB","#99 Michael Zamora - WLB","#28 Edward Dreher - SS","#53 Derrick Agee - WLB","#36 Mark Murray - CB","#29 Brad Sinclair - CB","#92 Randall Sandin - WLB","#96 William Brown - WLB","#20 James Stokes - CB","#98 Dale Hardin - SLB","#9 William Leonard - K",,,,,,,,,,,,,,,,,,,,
RCR,7:13,"RCR 25",4,1,10,"Shotgun 2 RB 3 WR WR Curl","4-3 Normal Man Under 1",,0,6,"1-10-RCR 25 (7:14) 12-Roger Ahmed pass Pass knocked down by 97-James Siefert. incomplete, intended for 19-Dallas Teague.","#12 Roger Ahmed - QB","#5 Valentine Hembree - RB","#89 Joseph Piggott - RB",,,,,"#80 David Copeland - WR","#6 James Greer - WR","#19 Dallas Teague - WR",,,"#59 Jeffrey Walker - LT","#76 Kurt Martin - LG","#73 Kevin Shepherd - C","#62 David Lary - RG","#65 Steven Amick - RT",,"#94 Benny Sayre - LDE",,"#77 Jorge Farkas - DT","#58 Jacob Bennet - DT","#61 Frank Meyer - RDE","#36 Justin Archer - CB","#96 Brady Cooper - CB",,"#91 Jerry Moore - CB","#90 George Davis - CB","#97 James Siefert - CB",,,,"#35 Gerald Hackett - CB","#40 Calvin Garst - CB",,,,,,,,,,,,,,,,,,,,,,,,,,,,,,,,,,,,
RCR,7:10,"RCR 25",4,2,10,"I Formation Power HB Sweep Weak","4-3 Normal Man Under 1",7,0,6,"2-10-RCR 25 (7:11) 27-Mark McCants ran to RCR 32 for 7 yards. Tackle by 38-Eric Wadsworth.","#12 Roger Ahmed - QB","#27 Mark McCants - WR",,"#87 Jamie Rausch - FB","#2 Jasper Ives - FB","#6 James Greer - WR",,"#19 Dallas Teague - WR",,,,,"#59 Jeffrey Walker - LT","#76 Kurt Martin - LG","#71 William Gustafson - C","#62 David Lary - RG","#65 Steven Amick - RT",,"#94 Benny Sayre - LDE",,"#77 Jorge Farkas - DT","#58 Jacob Bennet - DT","#61 Frank Meyer - RDE","#99 Robert Ramos - CB","#96 Brady Cooper - CB",,"#91 Jerry Moore - CB","#23 Harold Scott - CB","#38 Eric Wadsworth - CB",,,,"#44 Michael Griffin - CB","#50 Scott McDonald - CB",,,,,,,,,,,,,,,,,,,,,,,,,,,,,,,,,,,,
RCR,6:35,"RCR 32",4,3,3,"Split Backs Normal Skinny Post Corner","4-3 Normal Man Under 1",4,0,6,"3-3-RCR 32 (6:34) 12-Roger Ahmed pass complete to 2-Jasper Ives to RCR 37 for 4 yards. Pushed out of bounds by 91-Jerry Moore.","#12 Roger Ahmed - QB","#89 Joseph Piggott - RB",,,"#2 Jasper Ives - FB","#81 Mathew Franzen - TE",,"#1 Nathaniel Harris - WR",,"#6 James Greer - WR",,,"#59 Jeffrey Walker - LT","#76 Kurt Martin - LG","#73 Kevin Shepherd - C","#62 David Lary - RG","#65 Steven Amick - RT",,"#94 Benny Sayre - LDE",,"#77 Jorge Farkas - DT","#58 Jacob Bennet - DT","#61 Frank Meyer - RDE","#99 Robert Ramos - CB","#96 Brady Cooper - CB",,"#91 Jerry Moore - CB","#23 Harold Scott - CB","#38 Eric Wadsworth - CB",,,,"#44 Michael Griffin - CB","#40 Calvin Garst - CB",,,,,,,,,,,,,,,,,,,,,,,,,,,,,,,,,,,,
RCR,5:48,"RCR 37",4,1,10,"I Formation Power Play Action HB Downfield","4-3 Normal WLB MLB Blitz",13,0,6,"1-10-RCR 37 (5:47) 12-Roger Ahmed pass complete to 81-Mathew Franzen to RCR 49 for 13 yards. Tackle by 40-Calvin Garst. Great move by 81-Mathew Franzen to get free of his coverage.","#12 Roger Ahmed - QB","#5 Valentine Hembree - RB",,"#2 Jasper Ives - FB","#87 Jamie Rausch - FB","#81 Mathew Franzen - TE",,"#19 Dallas Teague - WR",,,,,"#65 Steven Amick - RT","#76 Kurt Martin - LG","#71 William Gustafson - C","#62 David Lary - RG","#59 Jeffrey Walker - LT",,"#94 Benny Sayre - LDE",,"#77 Jorge Farkas - DT","#58 Jacob Bennet - DT","#61 Frank Meyer - RDE","#36 Justin Archer - CB","#96 Brady Cooper - CB",,"#91 Jerry Moore - CB","#23 Harold Scott - CB","#31 Derek Cooper - CB",,,,"#35 Gerald Hackett - CB","#40 Calvin Garst - CB",,,,,,,,,,,,,,,,,,,,,,,,,,,,,,,,,,,,
RCR,5:07,"RCR 49",4,1,10,"I Formation 3WR Slot Corner Long","4-3 Under Double LB Blitz",,0,6,"1-10-RCR 49 (5:06) 12-Roger Ahmed pass incomplete, dropped by 89-Joseph Piggott. The coverage on that play was extremely tight. Pressure by 61-Frank Meyer.","#12 Roger Ahmed - QB","#89 Joseph Piggott - RB",,,"#87 Jamie Rausch - FB",,,"#1 Nathaniel Harris - WR","#6 James Greer - WR","#19 Dallas Teague - WR",,,"#59 Jeffrey Walker - LT","#76 Kurt Martin - LG","#73 Kevin Shepherd - C","#62 David Lary - RG","#65 Steven Amick - RT",,"#94 Benny Sayre - LDE",,"#77 Jorge Farkas - DT","#58 Jacob Bennet - DT","#61 Frank Meyer - RDE","#99 Robert Ramos - CB","#96 Brady Cooper - CB",,"#91 Jerry Moore - CB","#23 Harold Scott - CB","#38 Eric Wadsworth - CB",,,,"#44 Michael Griffin - CB","#50 Scott McDonald - CB",,,,,,,,,,,,,,,,,,,,,,,,,,,,,,,,,,,,
RCR,5:01,"RCR 49",4,2,10,"Shotgun 2 RB 3 WR WR Curl","4-3 Normal Man Under 1",,0,6,"2-10-RCR 49 (5:02) 12-Roger Ahmed pass Pass knocked down by 31-Derek Cooper. incomplete, intended for 86-Tony Blanchette.","#12 Roger Ahmed - QB","#5 Valentine Hembree - RB","#27 Mark McCants - WR",,,,,"#80 David Copeland - WR","#15 Carlos Montgomery - WR","#86 Tony Blanchette - WR",,,"#59 Jeffrey Walker - LT","#76 Kurt Martin - LG","#73 Kevin Shepherd - C","#62 David Lary - RG","#65 Steven Amick - RT",,"#94 Benny Sayre - LDE",,"#77 Jorge Farkas - DT","#58 Jacob Bennet - DT","#75 Donald Freeland - RDE","#99 Robert Ramos - CB","#96 Brady Cooper - CB",,"#91 Jerry Moore - CB","#38 Eric Wadsworth - CB","#31 Derek Cooper - CB",,,,"#35 Gerald Hackett - CB","#40 Calvin Garst - CB",,,,,,,,,,,,,,,,,,,,,,,,,,,,,,,,,,,,
RCR,4:57,"RCR 49",4,3,10,"I Formation 3WR Slot Corner Long","4-3 Normal WLB MLB Blitz",,0,6,"3-10-RCR 49 (4:58) 12-Roger Ahmed pass INTERCEPTED by 23-Harold Scott at BCB 43. 23-Harold Scott to BCB 43 for 0 yards. Tackle by 1-Nathaniel Harris. Pressure by 61-Frank Meyer.","#12 Roger Ahmed - QB","#27 Mark McCants - WR",,,"#2 Jasper Ives - FB",,,"#1 Nathaniel Harris - WR","#6 James Greer - WR","#19 Dallas Teague - WR",,,"#59 Jeffrey Walker - LT","#76 Kurt Martin - LG","#73 Kevin Shepherd - C","#62 David Lary - RG","#65 Steven Amick - RT",,"#94 Benny Sayre - LDE",,"#77 Jorge Farkas - DT","#58 Jacob Bennet - DT","#61 Frank Meyer - RDE","#36 Justin Archer - CB","#96 Brady Cooper - CB",,"#91 Jerry Moore - CB","#23 Harold Scott - CB","#31 Derek Cooper - CB",,,,"#44 Michael Griffin - CB","#40 Calvin Garst - CB",,,,,,,,,,,,,,,,,,,,,,,,,,,,,,,,,,,,
BCB,4:53,"BCB 43",4,1,10,"Shotgun 2 RB 3 WR Shotgun Sweep","Dime Normal Man Cover 1",5,0,6,"1-10-BCB 43 (4:54) 85-Joshua Egger ran to BCB 47 for 5 yards. Tackle by 25-Peter Scott.","#10 George Oliver - QB","#41 Javier Lee - WR","#85 Joshua Egger - WR",,,,,"#89 Jerry Jamison - WR","#17 Ronald Beard - WR","#18 Michael Zimmerman - WR",,,"#63 Thomas Gardner - LT","#78 Gerald Schirmer - LG","#76 Jeremy Meyer - C","#86 Michael Rice - RG","#69 Raymond Thomas - RT",,"#90 Paul Wright - LDE",,"#97 Michael Dudley - DT","#91 William Thompson - DT","#94 William Andrews - RDE",,"#53 Derrick Agee - WLB",,,"#36 Mark Murray - CB","#8 Danny Bielecki - CB","#25 Peter Scott - CB","#20 James Stokes - CB",,"#29 Brad Sinclair - CB","#21 Willie Felder - CB",,,,,,,,,,,,,,,,,,,,,,,,,,,,,,,,,,,,
BCB,4:14,"BCB 47",4,2,5,"Shotgun 2 RB 3 WR RB Curls","4-3 Under Crash Right",6,0,6,"2-5-BCB 47 (4:13) 10-George Oliver pass complete to 18-Michael Zimmerman to RCR 46 for 6 yards. Tackle by 8-Danny Bielecki. Pressure by 91-William Thompson.","#10 George Oliver - QB","#15 Chester Robinson - RB","#14 Rick Jones - WR",,,,,"#89 Jerry Jamison - WR","#17 Ronald Beard - WR","#18 Michael Zimmerman - WR",,,"#63 Thomas Gardner - LT","#78 Gerald Schirmer - LG","#76 Jeremy Meyer - C","#86 Michael Rice - RG","#69 Raymond Thomas - RT",,"#90 Paul Wright - LDE",,"#97 Michael Dudley - DT","#91 William Thompson - DT","#94 William Andrews - RDE","#92 Randall Sandin - WLB","#53 Derrick Agee - WLB",,"#96 William Brown - WLB","#36 Mark Murray - CB","#8 Danny Bielecki - CB",,,,"#29 Brad Sinclair - CB","#21 Willie Felder - CB",,,,,,,,,,,,,,,,,,,,,,,,,,,,,,,,,,,,
BCB,3:38,"RCR 46",4,1,10,"Shotgun 2 RB 3 WR Shotgun Dive","3-4 Normal Man Cover 1",-0,0,6,"1-10-RCR 46 (3:37) 41-Javier Lee ran to RCR 46 for a short loss. Tackle by 94-William Andrews.","#10 George Oliver - QB","#41 Javier Lee - WR","#14 Rick Jones - WR",,,,,"#80 Ralph Xiong - WR","#39 Judd Garrett - WR","#85 Joshua Egger - WR",,,"#63 Thomas Gardner - LT","#78 Gerald Schirmer - LG","#76 Jeremy Meyer - C","#86 Michael Rice - RG","#69 Raymond Thomas - RT",,"#90 Paul Wright - LDE",,"#97 Michael Dudley - DT",,"#94 William Andrews - RDE","#52 Yojimbo Frost - WLB","#50 Stephen Herndon - MLB","#99 Michael Zamora - WLB","#96 William Brown - WLB","#8 Danny Bielecki - CB","#25 Peter Scott - CB",,,,"#28 Edward Dreher - SS","#20 James Stokes - CB",,,,,,,,,,,,,,,,,,,,,,,,,,,,,,,,,,,,
BCB,2:53,"RCR 46",4,2,10,"Split Backs 3 Wide Dive Left","4-3 Under Double LB Blitz",-0,0,6,"2-10-RCR 46 (2:52) 49-Tim Johnson ran to RCR 47 for a short loss. Tackle by 53-Derrick Agee. RCR 97-Michael Dudley was injured on the play. RCR 91-William Thompson was injured on the play.","#10 George Oliver - QB","#41 Javier Lee - WR",,,"#49 Tim Johnson - WR",,,"#18 Michael Zimmerman - WR","#80 Ralph Xiong - WR","#17 Ronald Beard - WR",,,"#63 Thomas Gardner - LT","#78 Gerald Schirmer - LG","#76 Jeremy Meyer - C","#86 Michael Rice - RG","#69 Raymond Thomas - RT",,"#90 Paul Wright - LDE",,"#97 Michael Dudley - DT","#91 William Thompson - DT","#94 William Andrews - RDE","#92 Randall Sandin - WLB","#53 Derrick Agee - WLB",,"#96 William Brown - WLB","#36 Mark Murray - CB","#8 Danny Bielecki - CB",,,,"#29 Brad Sinclair - CB","#21 Willie Felder - CB",,,,,,,,,,,,,,,,,,,,,,,,,,,,,,,,,,,,
BCB,2:21,"RCR 47",4,3,11,"I Formation Normal HB Dive","3-4 Normal Man Cover 1",3,0,6,"3-11-RCR 47 (2:20) 85-Joshua Egger ran to RCR 44 for 3 yards. Tackle by 96-William Brown.","#10 George Oliver - QB","#85 Joshua Egger - WR",,,"#49 Tim Johnson - WR","#30 Michael Martin - WR",,"#89 Jerry Jamison - WR",,"#18 Michael Zimmerman - WR",,,"#63 Thomas Gardner - LT","#78 Gerald Schirmer - LG","#76 Jeremy Meyer - C","#86 Michael Rice - RG","#69 Raymond Thomas - RT",,"#90 Paul Wright - LDE",,"#94 William Andrews - RDE",,"#56 Jermaine Huntley - RDE","#92 Randall Sandin - WLB","#53 Derrick Agee - WLB","#50 Stephen Herndon - MLB","#96 William Brown - WLB","#36 Mark Murray - CB","#20 James Stokes - CB",,,,"#28 Edward Dreher - SS","#8 Danny Bielecki - CB",,,,,,,,,,,,,,,,,,,,,,,,,,,,,,,,,,,,
,2:00,,4,4,8,,,,0,6,"Timeout for two minute warning.",,,,,,,,,,,,,,,,,,,,,,,,,,,,,,,,,,,,,,,,,,,,,,,,,,,,,,,,,,,,,,,,,,,,,,
BCB,2:00,"RCR 44",4,4,8,Punt,"Punt Return",,0,6,"4-8-RCR 44 (2:00) 8-Michael Hoskins punts 37 yards to RCR 7. Fair Catch by 11-Lowell Woodson.",,,,,,,,,,,,,,,,,,"#8 Michael Hoskins - P",,,,,,,,,,,,,,,,,,,"#78 Gerald Schirmer - LG",,"#11 Lowell Woodson - CB",,,"#28 Edward Dreher - SS","#98 Dale Hardin - SLB","#36 Mark Murray - CB",,"#92 Randall Sandin - WLB","#96 William Brown - WLB",,"#20 James Stokes - CB",,,,"#84 Martin Jackson - LT","#60 James Anthony - C","#63 Thomas Gardner - LT","#69 Raymond Thomas - RT","#86 Michael Rice - RG","#68 John Cowley - RT",,"#56 Jermaine Huntley - RDE","#97 Michael Dudley - DT","#94 William Andrews - RDE","#53 Derrick Agee - WLB",,,,,,,
RCR,1:53,"RCR 7",4,1,10,"I Formation 3WR Slot Corner Long","4-3 Normal Man Under 1",-7,0,8,"1-10-RCR 7 (1:54) 12-Roger Ahmed sacked at RCR 0 for -7 yards (77-Jorge Farkas). Sack allowed by 62-David Lary. SAFETY! (77-Jorge Farkas) RCR 0 BCB 8","#12 Roger Ahmed - QB","#5 Valentine Hembree - RB",,,"#2 Jasper Ives - FB",,,"#1 Nathaniel Harris - WR","#6 James Greer - WR","#19 Dallas Teague - WR",,,"#59 Jeffrey Walker - LT","#76 Kurt Martin - LG","#73 Kevin Shepherd - C","#62 David Lary - RG","#65 Steven Amick - RT",,"#94 Benny Sayre - LDE",,"#77 Jorge Farkas - DT","#58 Jacob Bennet - DT","#61 Frank Meyer - RDE","#99 Robert Ramos - CB","#96 Brady Cooper - CB",,"#91 Jerry Moore - CB","#23 Harold Scott - CB","#38 Eric Wadsworth - CB",,,,"#35 Gerald Hackett - CB","#40 Calvin Garst - CB",,,,,,,,,,,,,,,,,,,,,,,,,,,,,,,,,,,,
RCR,1:50,"RCR 20",4,6,10,"Onsides Kick Onside Kick","Onsides Kick Return Onside Kick Return",11,0,8,"(1:51) Onside kick by 14-Robert Rodriguez from RCR 20 recovered by RCR-36-Mark Murray to RCR 31 for 1 yards. Tackle by 89-Jerry Jamison.",,"#41 Javier Lee - WR",,,,,,"#89 Jerry Jamison - WR","#17 Ronald Beard - WR","#18 Michael Zimmerman - WR","#80 Ralph Xiong - WR","#85 Joshua Egger - WR",,,,,,,,,,,,,,,,"#23 Harold Scott - CB","#38 Eric Wadsworth - CB",,"#20 James Stokes - CB",,"#44 Michael Griffin - CB","#21 Willie Felder - CB","#40 Calvin Garst - CB",,,"#39 Judd Garrett - WR",,,,,,,,,,,,"#14 Robert Rodriguez - K",,,,,,,,,,,,,,,,,,,,
RCR,1:50,"RCR 31",4,1,10,"Split Backs Normal Posts","4-3 Normal OLB Blitz Outside",6,0,8,"1-10-RCR 31 (1:51) 12-Roger Ahmed pass complete to 81-Mathew Franzen to RCR 38 for 6 yards. Tackle by 96-Brady Cooper. 81-Mathew Franzen breaks down the CB. 40-Calvin Garst got away with a hold on that play. 96-Brady Cooper got away with a hold on that play.","#12 Roger Ahmed - QB","#27 Mark McCants - WR",,,"#2 Jasper Ives - FB","#81 Mathew Franzen - TE",,"#6 James Greer - WR",,"#86 Tony Blanchette - WR",,,"#59 Jeffrey Walker - LT","#76 Kurt Martin - LG","#73 Kevin Shepherd - C","#62 David Lary - RG","#65 Steven Amick - RT",,"#94 Benny Sayre - LDE",,"#77 Jorge Farkas - DT","#58 Jacob Bennet - DT","#61 Frank Meyer - RDE","#99 Robert Ramos - CB","#96 Brady Cooper - CB",,"#91 Jerry Moore - CB","#23 Harold Scott - CB","#38 Eric Wadsworth - CB",,,,"#44 Michael Griffin - CB","#40 Calvin Garst - CB",,,,,,,,,,,,,,,,,,,,,,,,,,,,,,,,,,,,
,1:47,,4,2,4,,,,0,8,"Timeout RCR",,,,,,,,,,,,,,,,,,,,,,,,,,,,,,,,,,,,,,,,,,,,,,,,,,,,,,,,,,,,,,,,,,,,,,
RCR,1:45,"RCR 38",4,2,4,"I Formation 3WR FL Post","4-3 Normal Man Under 1",-7,0,8,"2-4-RCR 38 (1:46) 12-Roger Ahmed sacked at RCR 31 for -7 yards (94-Benny Sayre). Sack allowed by 65-Steven Amick. 65-Steven Amick totally missed that block.","#12 Roger Ahmed - QB","#5 Valentine Hembree - RB",,,"#2 Jasper Ives - FB",,,"#1 Nathaniel Harris - WR","#86 Tony Blanchette - WR","#19 Dallas Teague - WR",,,"#59 Jeffrey Walker - LT","#76 Kurt Martin - LG","#73 Kevin Shepherd - C","#62 David Lary - RG","#65 Steven Amick - RT",,"#94 Benny Sayre - LDE",,"#77 Jorge Farkas - DT","#58 Jacob Bennet - DT","#61 Frank Meyer - RDE","#99 Robert Ramos - CB","#96 Brady Cooper - CB",,"#91 Jerry Moore - CB","#23 Harold Scott - CB","#31 Derek Cooper - CB",,,,"#44 Michael Griffin - CB","#40 Calvin Garst - CB",,,,,,,,,,,,,,,,,,,,,,,,,,,,,,,,,,,,
RCR,1:23,"RCR 31",4,3,10,"Shotgun 2 RB 3 WR WR Curl","4-3 Normal Man Under 1",3,0,8,"3-10-RCR 31 (1:22) 12-Roger Ahmed pass complete to 19-Dallas Teague to RCR 34 for 3 yards. Tackle by 38-Eric Wadsworth.","#12 Roger Ahmed - QB","#89 Joseph Piggott - RB","#27 Mark McCants - WR",,,,,"#80 David Copeland - WR","#6 James Greer - WR","#19 Dallas Teague - WR",,,"#59 Jeffrey Walker - LT","#76 Kurt Martin - LG","#73 Kevin Shepherd - C","#62 David Lary - RG","#65 Steven Amick - RT",,"#94 Benny Sayre - LDE",,"#77 Jorge Farkas - DT","#58 Jacob Bennet - DT","#61 Frank Meyer - RDE","#99 Robert Ramos - CB","#96 Brady Cooper - CB",,"#91 Jerry Moore - CB","#23 Harold Scott - CB","#38 Eric Wadsworth - CB",,,,"#44 Michael Griffin - CB","#40 Calvin Garst - CB",,,,,,,,,,,,,,,,,,,,,,,,,,,,,,,,,,,,
,1:19,,4,4,7,,,,0,8,"Timeout RCR",,,,,,,,,,,,,,,,,,,,,,,,,,,,,,,,,,,,,,,,,,,,,,,,,,,,,,,,,,,,,,,,,,,,,,
RCR,1:17,"RCR 34",4,4,7,"Shotgun Normal TE Out","4-3 Normal WLB Outside Blitz",,0,8,"4-7-RCR 34 (1:18) 12-Roger Ahmed pass incomplete, intended for 2-Jasper Ives. Turnover on downs.","#12 Roger Ahmed - QB","#27 Mark McCants - WR",,,,"#2 Jasper Ives - FB",,"#1 Nathaniel Harris - WR","#86 Tony Blanchette - WR","#6 James Greer - WR",,,"#59 Jeffrey Walker - LT","#76 Kurt Martin - LG","#73 Kevin Shepherd - C","#62 David Lary - RG","#65 Steven Amick - RT",,"#94 Benny Sayre - LDE",,"#77 Jorge Farkas - DT","#58 Jacob Bennet - DT","#61 Frank Meyer - RDE","#36 Justin Archer - CB","#97 James Siefert - CB",,"#91 Jerry Moore - CB","#23 Harold Scott - CB","#38 Eric Wadsworth - CB",,,,"#35 Gerald Hackett - CB","#50 Scott McDonald - CB",,,,,,,,,,,,,,,,,,,,,,,,,,,,,,,,,,,,
BCB,1:15,"RCR 34",4,1,10,"Shotgun 2 RB 3 WR Shotgun Dive","Dime Normal Double WR1",7,0,8,"1-10-RCR 34 (1:16) 41-Javier Lee ran to RCR 27 for 7 yards. Tackle by 8-Danny Bielecki.","#10 George Oliver - QB","#41 Javier Lee - WR","#85 Joshua Egger - WR",,,,,"#89 Jerry Jamison - WR","#17 Ronald Beard - WR","#18 Michael Zimmerman - WR",,,"#63 Thomas Gardner - LT","#78 Gerald Schirmer - LG","#76 Jeremy Meyer - C","#86 Michael Rice - RG","#69 Raymond Thomas - RT",,"#90 Paul Wright - LDE",,"#97 Michael Dudley - DT","#91 William Thompson - DT","#94 William Andrews - RDE",,"#53 Derrick Agee - WLB",,,"#36 Mark Murray - CB","#8 Danny Bielecki - CB","#25 Peter Scott - CB","#20 James Stokes - CB",,"#29 Brad Sinclair - CB","#21 Willie Felder - CB",,,,,,,,,,,,,,,,,,,,,,,,,,,,,,,,,,,,
,1:13,,4,2,3,,,,0,8,"Timeout RCR",,,,,,,,,,,,,,,,,,,,,,,,,,,,,,,,,,,,,,,,,,,,,,,,,,,,,,,,,,,,,,,,,,,,,,
BCB,1:10,"RCR 27",4,2,3,Victory,"Dime Normal Man Cover 1",,0,8,"2-3-RCR 27 (1:11) 10-George Oliver kneeled down to RCR 27 for 0 yards.","#10 George Oliver - QB","#85 Joshua Egger - WR",,"#15 Chester Robinson - RB","#49 Tim Johnson - WR","#30 Michael Martin - WR","#39 Judd Garrett - WR",,,,,,"#63 Thomas Gardner - LT","#78 Gerald Schirmer - LG","#76 Jeremy Meyer - C","#86 Michael Rice - RG","#69 Raymond Thomas - RT",,"#90 Paul Wright - LDE",,"#97 Michael Dudley - DT","#91 William Thompson - DT","#94 William Andrews - RDE",,"#53 Derrick Agee - WLB",,,"#36 Mark Murray - CB","#8 Danny Bielecki - CB","#25 Peter Scott - CB","#20 James Stokes - CB",,"#29 Brad Sinclair - CB","#21 Willie Felder - CB",,,,,,,,,,,,,,,,,,,,,,,,,,,,,,,,,,,,
BCB,0:40,"RCR 27",4,3,3,"Shotgun 2 RB 3 WR Shotgun Sweep","4-3 Under Double LB Blitz",-3,0,8,"3-3-RCR 27 (0:39) 85-Joshua Egger ran to RCR 30 for -3 yards. Tackle by 53-Derrick Agee.","#10 George Oliver - QB","#41 Javier Lee - WR","#85 Joshua Egger - WR",,,,,"#89 Jerry Jamison - WR","#17 Ronald Beard - WR","#18 Michael Zimmerman - WR",,,"#63 Thomas Gardner - LT","#78 Gerald Schirmer - LG","#76 Jeremy Meyer - C","#86 Michael Rice - RG","#69 Raymond Thomas - RT",,"#90 Paul Wright - LDE",,"#97 Michael Dudley - DT","#91 William Thompson - DT","#94 William Andrews - RDE","#92 Randall Sandin - WLB","#53 Derrick Agee - WLB",,"#96 William Brown - WLB","#36 Mark Murray - CB","#8 Danny Bielecki - CB",,,,"#29 Brad Sinclair - CB","#21 Willie Felder - CB",,,,,,,,,,,,,,,,,,,,,,,,,,,,,,,,,,,,
,0:00,,4,4,6,,,,0,8,"End of fourth quarter.",,,,,,,,,,,,,,,,,,,,,,,,,,,,,,,,,,,,,,,,,,,,,,,,,,,,,,,,,,,,,,,,,,,,,,
