HasBall,"Game Clock","Ball @",Quarter,Down,YTG,OffensivePlay,DefensivePlay,YardsGained,"Home Score","Away Score",Text,QB1,RB1,RB2,FB2,FB1,TE1,TE2,WR1,WR3,WR2,WR4,WR5,LT1,LG1,C1,RG1,RT1,P1,LDE1,LDE2,DT1,DT2,RDE1,SLB1,MLB1,MLB2,WLB1,CB1,CB2,CB4,CB3,CB5,SS1,FS1,FS2,"Kick Holder1","Long Snapper1","Kick Returner1","Punt Returner1",Gunner10,Gunner7,Gunner2,Gunner6,Gunner1,Gunner8,Gunner3,Gunner4,Gunner9,Gunner5,Kickoffs1,"Field Goal Kicker1","ST Blocker8","ST Blocker5","ST Blocker4","ST Blocker1","ST Blocker2","ST Blocker3","ST Blocker6","ST Blocker7","ST Rusher4","ST Rusher1","ST Rusher2","ST Rusher3","ST Rusher11","ST Rusher10","ST Rusher9","ST Rusher6","ST Rusher5","ST Rusher7","ST Rusher8"
,15:00,,1,2,10,,,,0,0,"SEA has won the toss and elected to defer.",,,,,,,,,,,,,,,,,,,,,,,,,,,,,,,,,,,,,,,,,,,,,,,,,,,,,,,,,,,,,,,,,,,,,,
SEA,15:00,"SEA 35",1,6,10,Kickoff,"Kick Return",,0,0,"(15:00) 13-Winford Ferraro kicks 73 yards from SEA 35 to SFO -8. Touchback.",,,,,,,,,,,,,,,,,,,,,,,,,,,,,,,,,,,,,,"#39 William Munoz - RB",,"#92 Charles Choe - MLB","#56 Michael Dahlgren - CB","#50 Don Polanco - RDE","#53 Cole Fried - MLB","#25 Jeffrey Campbell - CB","#84 Maynard Hazelton - WR","#79 Michael Duprey - FS","#96 Alfred Sexton - DT","#58 Juan Yates - WLB","#71 Robert Owens - LDE","#13 Winford Ferraro - K",,,,,,,,,,,,,,,,,,,,
SFO,15:00,"SFO 25",1,1,10,"I Formation Twin WR Quick Outs","46 Normal Inside Blitz",,0,0,"1-10-SFO 25 (15:00) 4-Max Tucker pass Pass knocked down by 33-Willard Fry. incomplete, intended for 87-Matthew Laney. PENALTY - Pass Interference (SEA 33-Willard Fry)","#4 Max Tucker - QB","#39 William Munoz - RB",,,"#86 Oliver Austin - FB","#87 Matthew Laney - TE",,"#1 Jorge Fries - WR",,"#16 Philip Robinson - WR",,,"#67 Ashley Pate - LT","#69 Edward McElroy - C","#68 John Hall - LT","#76 Gary Robbins - RG","#52 Keith Young - RT",,"#95 Richard Green - DT",,"#77 Donny Creshendo - DT","#99 Charles Castello - DT","#96 Jeffery Bonk - RDE","#31 Lawrence Givens - FS","#32 Rudolph Forster - CB",,"#33 Willard Fry - CB","#46 Simon Brendle - CB","#38 Thomas Davis - CB",,,,"#3 Adam Bruce - SLB","#39 Michael Boss - FS",,,,,,,,,,,,,,,,,,,,,,,,,,,,,,,,,,,,
SFO,14:57,"SFO 30",1,1,10,"I Formation Twin WR Hard Slants","4-3 Normal Man QB Spy",,0,0,"1-10-SFO 30 (14:58) 4-Max Tucker pass Pass knocked down by 33-Willard Fry. incomplete, intended for 87-Matthew Laney. SFO 76-Gary Robbins was injured on the play. He looks like he should be able to return.","#4 Max Tucker - QB","#39 William Munoz - RB",,,"#86 Oliver Austin - FB","#87 Matthew Laney - TE",,"#1 Jorge Fries - WR",,"#16 Philip Robinson - WR",,,"#67 Ashley Pate - LT","#69 Edward McElroy - C","#68 John Hall - LT","#76 Gary Robbins - RG","#52 Keith Young - RT",,"#95 Richard Green - DT",,"#77 Donny Creshendo - DT","#99 Charles Castello - DT","#96 Jeffery Bonk - RDE","#31 Lawrence Givens - FS","#32 Rudolph Forster - CB",,"#33 Willard Fry - CB","#46 Simon Brendle - CB","#38 Thomas Davis - CB",,,,"#3 Adam Bruce - SLB","#39 Michael Boss - FS",,,,,,,,,,,,,,,,,,,,,,,,,,,,,,,,,,,,
SFO,14:54,"SFO 30",1,2,10,"Singleback Normal TE Quick Out","4-3 Normal Double WR3",6,0,0,"2-10-SFO 30 (14:55) 4-Max Tucker pass complete to 87-Matthew Laney to SFO 36 for 6 yards. Tackle by 37-Adam Bruce.","#4 Max Tucker - QB","#39 William Munoz - RB",,,,"#87 Matthew Laney - TE",,"#1 Jorge Fries - WR","#88 Terence Davis - WR","#16 Philip Robinson - WR",,,"#67 Ashley Pate - LT","#69 Edward McElroy - C","#68 John Hall - LT","#41 John White - RG","#52 Keith Young - RT",,"#95 Richard Green - DT",,"#77 Donny Creshendo - DT","#99 Charles Castello - DT","#96 Jeffery Bonk - RDE","#31 Lawrence Givens - FS","#32 Rudolph Forster - CB",,"#33 Willard Fry - CB","#46 Simon Brendle - CB","#38 Thomas Davis - CB",,,,"#3 Adam Bruce - SLB","#39 Michael Boss - FS",,,,,,,,,,,,,,,,,,,,,,,,,,,,,,,,,,,,
SFO,14:17,"SFO 36",1,3,4,"Singleback Normal SE Quick Hit","4-3 Normal Double WR3",2,0,0,"3-4-SFO 36 (14:16) 4-Max Tucker pass complete to 16-Philip Robinson to SFO 38 for 2 yards. Tackle by 38-Thomas Davis.","#4 Max Tucker - QB","#39 William Munoz - RB",,,,"#87 Matthew Laney - TE",,"#1 Jorge Fries - WR","#88 Terence Davis - WR","#16 Philip Robinson - WR",,,"#67 Ashley Pate - LT","#69 Edward McElroy - C","#68 John Hall - LT","#41 John White - RG","#52 Keith Young - RT",,"#95 Richard Green - DT",,"#77 Donny Creshendo - DT","#99 Charles Castello - DT","#96 Jeffery Bonk - RDE","#31 Lawrence Givens - FS","#32 Rudolph Forster - CB",,"#33 Willard Fry - CB","#46 Simon Brendle - CB","#38 Thomas Davis - CB",,,,"#3 Adam Bruce - SLB","#39 Michael Boss - FS",,,,,,,,,,,,,,,,,,,,,,,,,,,,,,,,,,,,
SFO,13:38,"SFO 38",1,4,2,"Singleback 4 Wide Quick Outs","Dime Normal Man Cover 1",,0,0,"4-2-SFO 38 (13:37) 4-Max Tucker pass Pass knocked down by 20-Ryan Schuldt. incomplete, intended for 18-Travis Daniel. Turnover on downs.","#4 Max Tucker - QB","#39 William Munoz - RB",,,,,,"#1 Jorge Fries - WR","#88 Terence Davis - WR","#16 Philip Robinson - WR","#18 Travis Daniel - WR",,"#67 Ashley Pate - LT","#69 Edward McElroy - C","#68 John Hall - LT","#41 John White - RG","#52 Keith Young - RT",,"#95 Richard Green - DT",,"#77 Donny Creshendo - DT","#99 Charles Castello - DT","#96 Jeffery Bonk - RDE",,"#32 Rudolph Forster - CB",,,"#46 Simon Brendle - CB","#38 Thomas Davis - CB","#20 Ryan Schuldt - CB","#47 Bill “Butcher” Cutting - CB",,"#3 Adam Bruce - SLB","#39 Michael Boss - FS",,,,,,,,,,,,,,,,,,,,,,,,,,,,,,,,,,,,
SEA,13:33,"SFO 38",1,1,10,"I Formation Power PA Flats","Goal Line Attack #3",-7,0,0,"1-10-SFO 38 (13:34) 16-George Brewster sacked at SFO 45 for -7 yards (93-Adam Allen). Sack allowed by 70-Van Gertz.","#16 George Brewster - QB","#25 Michael Kennedy - WR",,"#83 Tyler Legg - WR","#40 Dale Glover - FB","#2 Scott Greenleaf - WR",,"#82 Nathaniel Poe - WR",,,,,"#74 Wilbur Reed - LT","#61 Ernest Wallace - LG","#54 John Proctor - C","#70 Van Gertz - RG","#75 Joseph Paille - RT",,"#93 Adam Allen - RDE","#71 Robert Owens - LDE","#96 Alfred Sexton - DT","#79 Michael Duprey - FS","#50 Don Polanco - RDE","#53 Cole Fried - MLB","#57 Joseph Langston - MLB",,"#92 Charles Choe - MLB","#26 Harvey Schmucker - CB","#25 Jeffrey Campbell - CB",,,,"#34 Kieth Davis - SS",,,,,,,,,,,,,,,,,,,,,,,,,,,,,,,,,,,,,
SEA,12:51,"SFO 45",1,2,17,"I Formation Normal HB Draw","4-3 Normal OLB Blitz Inside",3,0,0,"2-17-SFO 45 (12:50) 5-Jeffrey Moylan ran to SFO 42 for 3 yards. Tackle by 92-Charles Choe.","#16 George Brewster - QB","#5 Jeffrey Moylan - RB",,,"#83 Tyler Legg - WR","#40 Dale Glover - FB",,"#82 Nathaniel Poe - WR",,"#2 Scott Greenleaf - WR",,,"#74 Wilbur Reed - LT","#61 Ernest Wallace - LG","#54 John Proctor - C","#70 Van Gertz - RG","#75 Joseph Paille - RT",,"#93 Adam Allen - RDE",,"#96 Alfred Sexton - DT","#71 Robert Owens - LDE","#50 Don Polanco - RDE","#25 Jeffrey Campbell - CB","#57 Joseph Langston - MLB",,"#92 Charles Choe - MLB","#26 Harvey Schmucker - CB","#48 Donald Lindquist - CB",,,,"#34 Kieth Davis - SS","#77 David Martel - CB",,,,,,,,,,,,,,,,,,,,,,,,,,,,,,,,,,,,
SEA,12:09,"SFO 42",1,3,14,"Split Backs 3 Wide Dive Left","Nickel Normal Double WR1",15,0,0,"3-14-SFO 42 (12:08) 5-Jeffrey Moylan ran to SFO 27 for 15 yards. Tackle by 77-David Martel.","#16 George Brewster - QB","#25 Michael Kennedy - WR",,,"#5 Jeffrey Moylan - RB",,,"#80 Anthony Niles - WR","#83 Tyler Legg - WR","#84 Danny Flynn - WR",,,"#74 Wilbur Reed - LT","#61 Ernest Wallace - LG","#54 John Proctor - C","#70 Van Gertz - RG","#75 Joseph Paille - RT",,"#93 Adam Allen - RDE",,"#96 Alfred Sexton - DT","#71 Robert Owens - LDE","#50 Don Polanco - RDE",,"#57 Joseph Langston - MLB",,"#92 Charles Choe - MLB","#26 Harvey Schmucker - CB","#25 Jeffrey Campbell - CB",,"#43 Robert Hayes - CB",,"#34 Kieth Davis - SS","#77 David Martel - CB",,,,,,,,,,,,,,,,,,,,,,,,,,,,,,,,,,,,
SEA,11:23,"SFO 27",1,1,10,"Weak I Normal HB Inside Weak","4-3 Under Double Safety Blitz",2,0,0,"1-10-SFO 27 (11:22) 11-Michael Kennedy ran to SFO 25 for 2 yards. Tackle by 77-David Martel.","#16 George Brewster - QB","#25 Michael Kennedy - WR",,,"#83 Tyler Legg - WR","#40 Dale Glover - FB",,"#80 Anthony Niles - WR",,"#15 Andres Nelson - WR",,,"#74 Wilbur Reed - LT","#61 Ernest Wallace - LG","#54 John Proctor - C","#70 Van Gertz - RG","#73 Anthony Johnson - RT",,"#93 Adam Allen - RDE",,"#96 Alfred Sexton - DT","#71 Robert Owens - LDE","#50 Don Polanco - RDE","#53 Cole Fried - MLB","#25 Jeffrey Campbell - CB",,"#92 Charles Choe - MLB","#26 Harvey Schmucker - CB","#48 Donald Lindquist - CB",,,,"#34 Kieth Davis - SS","#77 David Martel - CB",,,,,,,,,,,,,,,,,,,,,,,,,,,,,,,,,,,,
SEA,10:41,"SFO 25",1,2,8,"I Formation Normal FL Hitch","4-3 Normal SLB Middle Blitz",,0,0,"2-8-SFO 25 (10:40) 16-George Brewster pass Pass knocked down by 48-Donald Lindquist. incomplete, intended for 2-Scott Greenleaf.","#16 George Brewster - QB","#5 Jeffrey Moylan - RB",,,"#83 Tyler Legg - WR","#40 Dale Glover - FB",,"#82 Nathaniel Poe - WR",,"#2 Scott Greenleaf - WR",,,"#74 Wilbur Reed - LT","#61 Ernest Wallace - LG","#54 John Proctor - C","#70 Van Gertz - RG","#75 Joseph Paille - RT",,"#93 Adam Allen - RDE",,"#96 Alfred Sexton - DT","#71 Robert Owens - LDE","#50 Don Polanco - RDE","#25 Jeffrey Campbell - CB","#57 Joseph Langston - MLB",,"#92 Charles Choe - MLB","#26 Harvey Schmucker - CB","#48 Donald Lindquist - CB",,,,"#34 Kieth Davis - SS","#77 David Martel - CB",,,,,,,,,,,,,,,,,,,,,,,,,,,,,,,,,,,,
SEA,10:36,"SFO 25",1,3,8,"I Formation 3WR HB Inside Weak","Dime Normal Man Cover 1",25,0,6,"3-8-SFO 25 (10:37) 11-Michael Kennedy ran for 25 yards. TOUCHDOWN! SFO 0 SEA 6","#16 George Brewster - QB","#25 Michael Kennedy - WR",,,"#40 Dale Glover - FB",,,"#84 Danny Flynn - WR","#82 Nathaniel Poe - WR","#2 Scott Greenleaf - WR",,,"#74 Wilbur Reed - LT","#61 Ernest Wallace - LG","#54 John Proctor - C","#70 Van Gertz - RG","#75 Joseph Paille - RT",,"#93 Adam Allen - RDE",,"#96 Alfred Sexton - DT","#71 Robert Owens - LDE","#50 Don Polanco - RDE",,"#57 Joseph Langston - MLB",,,"#26 Harvey Schmucker - CB","#25 Jeffrey Campbell - CB","#95 Carlos Henry - SS","#43 Robert Hayes - CB",,"#34 Kieth Davis - SS","#77 David Martel - CB",,,,,,,,,,,,,,,,,,,,,,,,,,,,,,,,,,,,
SEA,10:31,"SFO 15",1,7,15,"Field Goal","FG Block",26,0,7,"(10:32) Extra point GOOD by 13-Winford Ferraro. SFO 0 SEA 7",,,,,,,,,,,,,,,,,,,,,,,,,,,,,,,,,,,,"#1 Matthew Park - QB","#79 Luther Willis - LT",,,,,,,,,,,,,,"#13 Winford Ferraro - K","#70 Van Gertz - RG","#79 Keith Kissell - LG","#71 Willie Duke - LG","#74 Wilbur Reed - LT","#75 Joseph Paille - RT","#40 Dale Glover - FB","#73 Anthony Johnson - RT","#61 Ernest Wallace - LG","#53 Cole Fried - MLB","#50 Don Polanco - RDE","#96 Alfred Sexton - DT","#71 Robert Owens - LDE","#51 Steven Hutto - SLB","#95 Carlos Henry - SS","#92 Charles Choe - MLB","#93 Adam Allen - RDE","#78 Mark Burns - FS","#57 Joseph Langston - MLB","#43 Robert Hayes - CB"
SEA,10:31,"SEA 35",1,6,10,Kickoff,"Kick Return",75,0,7,"(10:32) 13-Winford Ferraro kicks 75 yards from SEA 35 to SFO -10. Touchback.",,,,,,,,,,,,,,,,,,,,,,,,,,,,,,,,,,,,,,"#39 William Munoz - RB",,"#92 Charles Choe - MLB","#56 Michael Dahlgren - CB","#50 Don Polanco - RDE","#53 Cole Fried - MLB","#25 Jeffrey Campbell - CB","#84 Maynard Hazelton - WR","#79 Michael Duprey - FS","#96 Alfred Sexton - DT","#58 Juan Yates - WLB","#71 Robert Owens - LDE","#13 Winford Ferraro - K",,,,,,,,,,,,,,,,,,,,
SFO,10:31,"SFO 25",1,1,10,"Singleback Normal SE Quick Hit","4-3 Normal WLB Outside Blitz",,0,7,"1-10-SFO 25 (10:32) 4-Max Tucker pass Pass knocked down by 39-Michael Boss. incomplete, intended for 88-Terence Davis. PENALTY - Pass Interference (SEA 39-Michael Boss)","#4 Max Tucker - QB","#39 William Munoz - RB",,,,"#87 Matthew Laney - TE",,"#1 Jorge Fries - WR","#88 Terence Davis - WR","#16 Philip Robinson - WR",,,"#67 Ashley Pate - LT","#69 Edward McElroy - C","#68 John Hall - LT","#41 John White - RG","#52 Keith Young - RT",,"#95 Richard Green - DT",,"#77 Donny Creshendo - DT","#99 Charles Castello - DT","#96 Jeffery Bonk - RDE","#31 Lawrence Givens - FS","#32 Rudolph Forster - CB",,"#33 Willard Fry - CB","#46 Simon Brendle - CB","#38 Thomas Davis - CB",,,,"#3 Adam Bruce - SLB","#39 Michael Boss - FS",,,,,,,,,,,,,,,,,,,,,,,,,,,,,,,,,,,,
SFO,10:28,"SFO 31",1,1,10,"Singleback Normal SE Quick Hit","4-3 Normal Double WR3",1,0,7,"1-10-SFO 31 (10:29) 4-Max Tucker pass complete to 39-William Munoz to SFO 32 for 1 yards. Tackle by 50-Lawrence Givens.","#4 Max Tucker - QB","#39 William Munoz - RB",,,,"#87 Matthew Laney - TE",,"#1 Jorge Fries - WR","#88 Terence Davis - WR","#16 Philip Robinson - WR",,,"#67 Ashley Pate - LT","#69 Edward McElroy - C","#68 John Hall - LT","#41 John White - RG","#52 Keith Young - RT",,"#95 Richard Green - DT",,"#77 Donny Creshendo - DT","#99 Charles Castello - DT","#96 Jeffery Bonk - RDE","#31 Lawrence Givens - FS","#32 Rudolph Forster - CB",,"#33 Willard Fry - CB","#46 Simon Brendle - CB","#38 Thomas Davis - CB",,,,"#3 Adam Bruce - SLB","#39 Michael Boss - FS",,,,,,,,,,,,,,,,,,,,,,,,,,,,,,,,,,,,
SFO,9:55,"SFO 32",1,2,9,"Singleback Normal HB Dive Strong","4-3 Normal Double WR2",8,0,7,"2-9-SFO 32 (9:54) 39-William Munoz ran to SFO 40 for 8 yards. Tackle by 38-Thomas Davis.","#4 Max Tucker - QB","#39 William Munoz - RB",,,,"#87 Matthew Laney - TE",,"#1 Jorge Fries - WR","#88 Terence Davis - WR","#16 Philip Robinson - WR",,,"#67 Ashley Pate - LT","#69 Edward McElroy - C","#68 John Hall - LT","#76 Gary Robbins - RG","#52 Keith Young - RT",,"#95 Richard Green - DT",,"#77 Donny Creshendo - DT","#99 Charles Castello - DT","#96 Jeffery Bonk - RDE","#31 Lawrence Givens - FS","#32 Rudolph Forster - CB",,"#33 Willard Fry - CB","#46 Simon Brendle - CB","#38 Thomas Davis - CB",,,,"#3 Adam Bruce - SLB","#39 Michael Boss - FS",,,,,,,,,,,,,,,,,,,,,,,,,,,,,,,,,,,,
SFO,9:17,"SFO 40",1,3,1,"I Formation 3WR HB Inside Weak","4-3 Under Double LB Blitz",-1,0,7,"3-1-SFO 40 (9:16) 84-Maynard Hazelton ran to SFO 40 for -1 yards. Tackle by 33-Willard Fry.","#4 Max Tucker - QB","#84 Maynard Hazelton - WR",,,"#86 Oliver Austin - FB",,,"#1 Jorge Fries - WR","#88 Terence Davis - WR","#16 Philip Robinson - WR",,,"#67 Ashley Pate - LT","#69 Edward McElroy - C","#68 John Hall - LT","#76 Gary Robbins - RG","#52 Keith Young - RT",,"#95 Richard Green - DT",,"#77 Donny Creshendo - DT","#99 Charles Castello - DT","#96 Jeffery Bonk - RDE","#31 Lawrence Givens - FS","#32 Rudolph Forster - CB",,"#33 Willard Fry - CB","#46 Simon Brendle - CB","#38 Thomas Davis - CB",,,,"#3 Adam Bruce - SLB","#39 Michael Boss - FS",,,,,,,,,,,,,,,,,,,,,,,,,,,,,,,,,,,,
SFO,8:35,"SFO 40",1,4,1,"I Formation 3WR WR Out","4-3 Under Double LB Blitz",,0,7,"4-1-SFO 40 (8:34) 4-Max Tucker pass incomplete, dropped by 88-Terence Davis. Excellent coverage on that play. Turnover on downs.","#4 Max Tucker - QB","#39 William Munoz - RB",,,"#86 Oliver Austin - FB",,,"#1 Jorge Fries - WR","#88 Terence Davis - WR","#16 Philip Robinson - WR",,,"#67 Ashley Pate - LT","#69 Edward McElroy - C","#68 John Hall - LT","#76 Gary Robbins - RG","#52 Keith Young - RT",,"#95 Richard Green - DT",,"#77 Donny Creshendo - DT","#99 Charles Castello - DT","#96 Jeffery Bonk - RDE","#31 Lawrence Givens - FS","#32 Rudolph Forster - CB",,"#33 Willard Fry - CB","#46 Simon Brendle - CB","#38 Thomas Davis - CB",,,,"#3 Adam Bruce - SLB","#39 Michael Boss - FS",,,,,,,,,,,,,,,,,,,,,,,,,,,,,,,,,,,,
SEA,8:30,"SFO 40",1,1,10,"Weak I Normal HB Inside Strong","4-3 Normal WLB Outside Blitz",2,0,7,"1-10-SFO 40 (8:31) 11-Michael Kennedy ran to SFO 37 for 2 yards. Tackle by 92-Charles Choe.","#16 George Brewster - QB","#25 Michael Kennedy - WR",,,"#83 Tyler Legg - WR","#40 Dale Glover - FB",,"#80 Anthony Niles - WR",,"#15 Andres Nelson - WR",,,"#74 Wilbur Reed - LT","#61 Ernest Wallace - LG","#54 John Proctor - C","#70 Van Gertz - RG","#73 Anthony Johnson - RT",,"#93 Adam Allen - RDE",,"#96 Alfred Sexton - DT","#71 Robert Owens - LDE","#50 Don Polanco - RDE","#25 Jeffrey Campbell - CB","#57 Joseph Langston - MLB",,"#92 Charles Choe - MLB","#26 Harvey Schmucker - CB","#48 Donald Lindquist - CB",,,,"#34 Kieth Davis - SS","#77 David Martel - CB",,,,,,,,,,,,,,,,,,,,,,,,,,,,,,,,,,,,
SEA,7:48,"SFO 37",1,2,8,"I Formation Power PA Flats","Goal Line Attack #3",8,0,7,"2-8-SFO 37 (7:47) 16-George Brewster ran to SFO 29 for 8 yards. Tackle by 34-Kieth Davis. SFO 25-Jeffrey Campbell was injured on the play. He looks like he should be able to return.","#16 George Brewster - QB","#25 Michael Kennedy - WR",,"#83 Tyler Legg - WR","#40 Dale Glover - FB","#2 Scott Greenleaf - WR",,"#82 Nathaniel Poe - WR",,,,,"#74 Wilbur Reed - LT","#61 Ernest Wallace - LG","#54 John Proctor - C","#70 Van Gertz - RG","#75 Joseph Paille - RT",,"#93 Adam Allen - RDE","#79 Michael Duprey - FS","#96 Alfred Sexton - DT","#71 Robert Owens - LDE","#50 Don Polanco - RDE","#53 Cole Fried - MLB","#57 Joseph Langston - MLB",,"#92 Charles Choe - MLB","#26 Harvey Schmucker - CB","#25 Jeffrey Campbell - CB",,,,"#34 Kieth Davis - SS",,,,,,,,,,,,,,,,,,,,,,,,,,,,,,,,,,,,,
SEA,7:13,"SFO 29",1,1,10,"Singleback Normal HB Dive Strong","4-3 Normal Man QB Spy",3,0,7,"1-10-SFO 29 (7:12) 11-Michael Kennedy ran to SFO 26 for 3 yards. Tackle by 34-Kieth Davis.","#16 George Brewster - QB","#25 Michael Kennedy - WR",,,,"#2 Scott Greenleaf - WR",,"#80 Anthony Niles - WR","#15 Andres Nelson - WR","#82 Nathaniel Poe - WR",,,"#74 Wilbur Reed - LT","#61 Ernest Wallace - LG","#54 John Proctor - C","#70 Van Gertz - RG","#75 Joseph Paille - RT",,"#93 Adam Allen - RDE",,"#96 Alfred Sexton - DT","#71 Robert Owens - LDE","#50 Don Polanco - RDE","#53 Cole Fried - MLB","#57 Joseph Langston - MLB",,"#92 Charles Choe - MLB","#26 Harvey Schmucker - CB","#48 Donald Lindquist - CB",,,,"#34 Kieth Davis - SS","#77 David Martel - CB",,,,,,,,,,,,,,,,,,,,,,,,,,,,,,,,,,,,
SEA,6:35,"SFO 26",1,2,7,"I Formation Power PA Flats","Goal Line Attack #3",,0,7,"2-7-SFO 26 (6:34) 16-George Brewster pass INTERCEPTED by 26-Harvey Schmucker at SFO 12. 26-Harvey Schmucker to SFO 11 for -0 yards. Tackle by 82-Nathaniel Poe.","#16 George Brewster - QB","#25 Michael Kennedy - WR",,"#83 Tyler Legg - WR","#40 Dale Glover - FB","#2 Scott Greenleaf - WR",,"#82 Nathaniel Poe - WR",,,,,"#74 Wilbur Reed - LT","#61 Ernest Wallace - LG","#54 John Proctor - C","#70 Van Gertz - RG","#75 Joseph Paille - RT",,"#93 Adam Allen - RDE","#71 Robert Owens - LDE","#96 Alfred Sexton - DT","#79 Michael Duprey - FS","#50 Don Polanco - RDE","#53 Cole Fried - MLB","#57 Joseph Langston - MLB",,"#92 Charles Choe - MLB","#26 Harvey Schmucker - CB","#43 Robert Hayes - CB",,,,"#34 Kieth Davis - SS",,,,,,,,,,,,,,,,,,,,,,,,,,,,,,,,,,,,,
SFO,6:29,"SFO 11",1,1,10,"Singleback Normal HB Inside Weak","4-3 Normal Double WR2",10,0,7,"1-10-SFO 11 (6:30) 39-William Munoz ran to SFO 21 for 10 yards. Tackle by 37-Adam Bruce.","#4 Max Tucker - QB","#39 William Munoz - RB",,,,"#87 Matthew Laney - TE",,"#1 Jorge Fries - WR","#88 Terence Davis - WR","#16 Philip Robinson - WR",,,"#67 Ashley Pate - LT","#69 Edward McElroy - C","#68 John Hall - LT","#76 Gary Robbins - RG","#52 Keith Young - RT",,"#95 Richard Green - DT",,"#77 Donny Creshendo - DT","#99 Charles Castello - DT","#96 Jeffery Bonk - RDE","#31 Lawrence Givens - FS","#32 Rudolph Forster - CB",,"#33 Willard Fry - CB","#46 Simon Brendle - CB","#38 Thomas Davis - CB",,,,"#3 Adam Bruce - SLB","#39 Michael Boss - FS",,,,,,,,,,,,,,,,,,,,,,,,,,,,,,,,,,,,
SFO,5:46,"SFO 21",1,2,,"Singleback Normal HB Inside Weak","4-3 Normal Double WR2",3,0,7,"2-1-SFO 21 (5:45) 39-William Munoz ran to SFO 24 for 3 yards. Tackle by 50-Lawrence Givens.","#4 Max Tucker - QB","#39 William Munoz - RB",,,,"#87 Matthew Laney - TE",,"#1 Jorge Fries - WR","#88 Terence Davis - WR","#16 Philip Robinson - WR",,,"#67 Ashley Pate - LT","#69 Edward McElroy - C","#68 John Hall - LT","#76 Gary Robbins - RG","#52 Keith Young - RT",,"#95 Richard Green - DT",,"#77 Donny Creshendo - DT","#99 Charles Castello - DT","#96 Jeffery Bonk - RDE","#31 Lawrence Givens - FS","#32 Rudolph Forster - CB",,"#33 Willard Fry - CB","#46 Simon Brendle - CB","#38 Thomas Davis - CB",,,,"#3 Adam Bruce - SLB","#39 Michael Boss - FS",,,,,,,,,,,,,,,,,,,,,,,,,,,,,,,,,,,,
SFO,5:10,"SFO 24",1,1,10,"Singleback Normal SE Quick Hit","4-3 Normal Double WR3",,0,7,"1-10-SFO 24 (5:09) 4-Max Tucker pass incomplete, intended for 88-Terence Davis.","#4 Max Tucker - QB","#39 William Munoz - RB",,,,"#87 Matthew Laney - TE",,"#1 Jorge Fries - WR","#88 Terence Davis - WR","#16 Philip Robinson - WR",,,"#67 Ashley Pate - LT","#69 Edward McElroy - C","#68 John Hall - LT","#76 Gary Robbins - RG","#52 Keith Young - RT",,"#95 Richard Green - DT",,"#77 Donny Creshendo - DT","#99 Charles Castello - DT","#96 Jeffery Bonk - RDE","#31 Lawrence Givens - FS","#32 Rudolph Forster - CB",,"#33 Willard Fry - CB","#46 Simon Brendle - CB","#38 Thomas Davis - CB",,,,"#3 Adam Bruce - SLB","#39 Michael Boss - FS",,,,,,,,,,,,,,,,,,,,,,,,,,,,,,,,,,,,
SFO,5:05,"SFO 24",1,2,10,"Singleback Normal HB Dive Strong","4-3 Normal WLB Outside Blitz",3,0,7,"2-10-SFO 24 (5:06) 39-William Munoz ran to SFO 27 for 3 yards. Tackle by 33-Willard Fry.","#4 Max Tucker - QB","#39 William Munoz - RB",,,,"#87 Matthew Laney - TE",,"#1 Jorge Fries - WR","#88 Terence Davis - WR","#16 Philip Robinson - WR",,,"#67 Ashley Pate - LT","#69 Edward McElroy - C","#68 John Hall - LT","#76 Gary Robbins - RG","#52 Keith Young - RT",,"#95 Richard Green - DT",,"#77 Donny Creshendo - DT","#99 Charles Castello - DT","#96 Jeffery Bonk - RDE","#31 Lawrence Givens - FS","#32 Rudolph Forster - CB",,"#33 Willard Fry - CB","#46 Simon Brendle - CB","#38 Thomas Davis - CB",,,,"#3 Adam Bruce - SLB","#39 Michael Boss - FS",,,,,,,,,,,,,,,,,,,,,,,,,,,,,,,,,,,,
SFO,4:32,"SFO 27",1,3,7,"Singleback Normal HB Inside Weak","4-3 Normal Double WR3",-2,0,7,"3-7-SFO 27 (4:31) 39-William Munoz ran to SFO 25 for -2 yards. Tackle by 33-Willard Fry.","#4 Max Tucker - QB","#39 William Munoz - RB",,,,"#87 Matthew Laney - TE",,"#1 Jorge Fries - WR","#88 Terence Davis - WR","#16 Philip Robinson - WR",,,"#67 Ashley Pate - LT","#69 Edward McElroy - C","#68 John Hall - LT","#76 Gary Robbins - RG","#52 Keith Young - RT",,"#95 Richard Green - DT",,"#77 Donny Creshendo - DT","#99 Charles Castello - DT","#96 Jeffery Bonk - RDE","#31 Lawrence Givens - FS","#32 Rudolph Forster - CB",,"#33 Willard Fry - CB","#46 Simon Brendle - CB","#38 Thomas Davis - CB",,,,"#3 Adam Bruce - SLB","#39 Michael Boss - FS",,,,,,,,,,,,,,,,,,,,,,,,,,,,,,,,,,,,
SFO,3:53,"SFO 25",1,4,9,Punt,"Punt Return",,0,7,"4-9-SFO 25 (3:52) 8-Ralph Frost punts 52 yards to SEA 23. Fair Catch by 15-Andres Nelson.",,,,,,,,,,,,,,,,,,"#8 Ralph Frost - P",,,,,,,,,,,,,,,,,,,"#86 Oliver Austin - FB",,"#15 Andres Nelson - WR",,,"#39 Michael Boss - FS","#31 Lawrence Givens - FS","#47 Bill “Butcher” Cutting - CB",,"#84 Danny Flynn - WR","#3 Adam Bruce - SLB",,"#38 Thomas Davis - CB",,,,"#67 Ashley Pate - LT","#52 Keith Young - RT","#42 Andrew Piper - LT","#69 Edward McElroy - C","#76 Gary Robbins - RG","#70 Ignacio Graham - C",,"#77 Donny Creshendo - DT","#99 Charles Castello - DT","#95 Richard Green - DT","#96 Jeffery Bonk - RDE",,,,,,,
SEA,3:45,"SEA 23",1,1,10,"Singleback Normal TE Quick Out","4-3 Normal SLB Middle Blitz",1,0,7,"1-10-SEA 23 (3:46) 16-George Brewster pass complete to 2-Scott Greenleaf to SEA 24 for 1 yards. Pushed out of bounds by 34-Kieth Davis.","#16 George Brewster - QB","#25 Michael Kennedy - WR",,,,"#2 Scott Greenleaf - WR",,"#80 Anthony Niles - WR","#15 Andres Nelson - WR","#82 Nathaniel Poe - WR",,,"#74 Wilbur Reed - LT","#61 Ernest Wallace - LG","#54 John Proctor - C","#70 Van Gertz - RG","#75 Joseph Paille - RT",,"#93 Adam Allen - RDE",,"#96 Alfred Sexton - DT","#71 Robert Owens - LDE","#50 Don Polanco - RDE","#25 Jeffrey Campbell - CB","#57 Joseph Langston - MLB",,"#92 Charles Choe - MLB","#26 Harvey Schmucker - CB","#48 Donald Lindquist - CB",,,,"#34 Kieth Davis - SS","#77 David Martel - CB",,,,,,,,,,,,,,,,,,,,,,,,,,,,,,,,,,,,
SEA,3:07,"SEA 24",1,2,9,"I Formation 3WR HB Inside Strong","Dime Normal Double WR1 WR2",4,0,7,"2-9-SEA 24 (3:06) 11-Michael Kennedy ran to SEA 28 for 4 yards. Tackle by 43-Robert Hayes.","#16 George Brewster - QB","#25 Michael Kennedy - WR",,,"#40 Dale Glover - FB",,,"#84 Danny Flynn - WR","#82 Nathaniel Poe - WR","#2 Scott Greenleaf - WR",,,"#74 Wilbur Reed - LT","#61 Ernest Wallace - LG","#54 John Proctor - C","#70 Van Gertz - RG","#75 Joseph Paille - RT",,"#93 Adam Allen - RDE",,"#96 Alfred Sexton - DT","#71 Robert Owens - LDE","#50 Don Polanco - RDE",,"#57 Joseph Langston - MLB",,,"#26 Harvey Schmucker - CB","#25 Jeffrey Campbell - CB","#95 Carlos Henry - SS","#43 Robert Hayes - CB",,"#34 Kieth Davis - SS","#77 David Martel - CB",,,,,,,,,,,,,,,,,,,,,,,,,,,,,,,,,,,,
SEA,2:24,"SEA 28",1,3,4,"I Formation Normal HB Dive","4-3 Normal Man Under 1",3,0,7,"3-4-SEA 28 (2:23) 5-Jeffrey Moylan ran to SEA 32 for 3 yards. Tackle by 92-Charles Choe.","#16 George Brewster - QB","#5 Jeffrey Moylan - RB",,,"#83 Tyler Legg - WR","#40 Dale Glover - FB",,"#82 Nathaniel Poe - WR",,"#2 Scott Greenleaf - WR",,,"#74 Wilbur Reed - LT","#61 Ernest Wallace - LG","#54 John Proctor - C","#70 Van Gertz - RG","#75 Joseph Paille - RT",,"#93 Adam Allen - RDE",,"#96 Alfred Sexton - DT","#71 Robert Owens - LDE","#50 Don Polanco - RDE","#25 Jeffrey Campbell - CB","#57 Joseph Langston - MLB",,"#92 Charles Choe - MLB","#26 Harvey Schmucker - CB","#48 Donald Lindquist - CB",,,,"#34 Kieth Davis - SS","#77 David Martel - CB",,,,,,,,,,,,,,,,,,,,,,,,,,,,,,,,,,,,
SEA,1:40,"SEA 32",1,4,1,Punt,"Punt Return",,0,7,"4-1-SEA 32 (1:39) 9-Steven Benoit punts 49 yards to SFO 20. Fair Catch by 39-William Munoz.",,,,,,,,,,,,,,,,,,"#9 Steven Benoit - P",,,,,,,,,,,,,,,,,,,"#79 Luther Willis - LT",,"#39 William Munoz - RB",,,"#79 Michael Duprey - FS","#58 Juan Yates - WLB","#25 Jeffrey Campbell - CB",,"#53 Cole Fried - MLB","#56 Michael Dahlgren - CB",,"#84 Maynard Hazelton - WR",,,,"#79 Keith Kissell - LG","#71 Willie Duke - LG","#74 Wilbur Reed - LT","#75 Joseph Paille - RT","#40 Dale Glover - FB","#73 Anthony Johnson - RT",,"#78 Mark Burns - FS","#50 Don Polanco - RDE","#96 Alfred Sexton - DT","#71 Robert Owens - LDE",,,,,,,
SFO,1:31,"SFO 20",1,1,10,"Singleback Normal Quick Slant","4-3 Normal WLB Outside Blitz",-1,0,7,"1-10-SFO 20 (1:32) 4-Max Tucker pass complete to 39-William Munoz to SFO 19 for -1 yards. Tackle by 51-Rudolph Forster.","#4 Max Tucker - QB","#39 William Munoz - RB",,,,"#87 Matthew Laney - TE",,"#1 Jorge Fries - WR","#88 Terence Davis - WR","#16 Philip Robinson - WR",,,"#67 Ashley Pate - LT","#69 Edward McElroy - C","#68 John Hall - LT","#76 Gary Robbins - RG","#52 Keith Young - RT",,"#95 Richard Green - DT",,"#77 Donny Creshendo - DT","#99 Charles Castello - DT","#96 Jeffery Bonk - RDE","#31 Lawrence Givens - FS","#32 Rudolph Forster - CB",,"#33 Willard Fry - CB","#46 Simon Brendle - CB","#38 Thomas Davis - CB",,,,"#34 David Duppstadt - SS","#20 Ryan Schuldt - CB",,,,,,,,,,,,,,,,,,,,,,,,,,,,,,,,,,,,
SFO,0:48,"SFO 19",1,2,11,"Shotgun 5 Wide Parallel Slants","Dime Normal Man Cover 1",12,0,7,"2-11-SFO 19 (0:47) 4-Max Tucker pass complete to 16-Philip Robinson to SFO 31 for 12 yards. Tackle by 47-Bill “Butcher” Cutting.","#4 Max Tucker - QB",,,,,,,"#1 Jorge Fries - WR","#88 Terence Davis - WR","#16 Philip Robinson - WR","#18 Travis Daniel - WR","#13 Juan Clark - WR","#67 Ashley Pate - LT","#69 Edward McElroy - C","#68 John Hall - LT","#76 Gary Robbins - RG","#52 Keith Young - RT",,"#95 Richard Green - DT",,"#77 Donny Creshendo - DT","#99 Charles Castello - DT","#96 Jeffery Bonk - RDE",,"#32 Rudolph Forster - CB",,,"#46 Simon Brendle - CB","#38 Thomas Davis - CB","#20 Ryan Schuldt - CB","#47 Bill “Butcher” Cutting - CB",,"#3 Adam Bruce - SLB","#39 Michael Boss - FS",,,,,,,,,,,,,,,,,,,,,,,,,,,,,,,,,,,,
SFO,0:03,"SFO 31",1,1,10,"Singleback Normal Quick Slant","4-3 Normal WLB Outside Blitz",14,0,7,"1-10-SFO 31 (0:02) 4-Max Tucker pass complete to 39-William Munoz to SFO 45 for 14 yards.","#4 Max Tucker - QB","#39 William Munoz - RB",,,,"#87 Matthew Laney - TE",,"#1 Jorge Fries - WR","#88 Terence Davis - WR","#16 Philip Robinson - WR",,,"#67 Ashley Pate - LT","#69 Edward McElroy - C","#68 John Hall - LT","#76 Gary Robbins - RG","#52 Keith Young - RT",,"#95 Richard Green - DT",,"#77 Donny Creshendo - DT","#99 Charles Castello - DT","#96 Jeffery Bonk - RDE","#31 Lawrence Givens - FS","#32 Rudolph Forster - CB",,"#33 Willard Fry - CB","#46 Simon Brendle - CB","#38 Thomas Davis - CB",,,,"#3 Adam Bruce - SLB","#39 Michael Boss - FS",,,,,,,,,,,,,,,,,,,,,,,,,,,,,,,,,,,,
,0:00,,1,1,10,,,,0,7,"End of first quarter.",,,,,,,,,,,,,,,,,,,,,,,,,,,,,,,,,,,,,,,,,,,,,,,,,,,,,,,,,,,,,,,,,,,,,,
SFO,15:00,"SFO 45",2,1,10,"Singleback 4 Wide Quick Outs","Dime Normal Man Cover 1",12,0,7,"1-10-SFO 45 (15:00) 4-Max Tucker pass complete to 88-Terence Davis to SEA 43 for 12 yards. Tackle by 47-Bill “Butcher” Cutting.","#4 Max Tucker - QB","#84 Maynard Hazelton - WR",,,,,,"#1 Jorge Fries - WR","#88 Terence Davis - WR","#16 Philip Robinson - WR","#18 Travis Daniel - WR",,"#67 Ashley Pate - LT","#69 Edward McElroy - C","#68 John Hall - LT","#76 Gary Robbins - RG","#52 Keith Young - RT",,"#95 Richard Green - DT",,"#77 Donny Creshendo - DT","#99 Charles Castello - DT","#96 Jeffery Bonk - RDE",,"#32 Rudolph Forster - CB",,,"#46 Simon Brendle - CB","#38 Thomas Davis - CB","#20 Ryan Schuldt - CB","#47 Bill “Butcher” Cutting - CB",,"#3 Adam Bruce - SLB","#39 Michael Boss - FS",,,,,,,,,,,,,,,,,,,,,,,,,,,,,,,,,,,,
SFO,14:19,"SEA 43",2,1,10,"I Formation Normal HB Dive","4-3 Normal Man QB Spy",10,0,7,"1-10-SEA 43 (14:18) 39-William Munoz ran to SEA 33 for 10 yards. Tackle by 33-Willard Fry.","#4 Max Tucker - QB","#39 William Munoz - RB",,,"#86 Oliver Austin - FB","#87 Matthew Laney - TE",,"#1 Jorge Fries - WR",,"#16 Philip Robinson - WR",,,"#67 Ashley Pate - LT","#69 Edward McElroy - C","#68 John Hall - LT","#76 Gary Robbins - RG","#52 Keith Young - RT",,"#95 Richard Green - DT",,"#77 Donny Creshendo - DT","#99 Charles Castello - DT","#96 Jeffery Bonk - RDE","#31 Lawrence Givens - FS","#32 Rudolph Forster - CB",,"#33 Willard Fry - CB","#46 Simon Brendle - CB","#38 Thomas Davis - CB",,,,"#3 Adam Bruce - SLB","#39 Michael Boss - FS",,,,,,,,,,,,,,,,,,,,,,,,,,,,,,,,,,,,
SFO,13:42,"SEA 33",2,2,,"Singleback 4 Wide Quick Outs","Dime Normal Man Cover 1",6,0,7,"2-1-SEA 33 (13:41) 4-Max Tucker pass complete to 16-Philip Robinson to SEA 27 for 6 yards. Tackle by 38-Thomas Davis. 16-Philip Robinson did some fancy footwork there. Pressure by 77-Donny Creshendo.","#4 Max Tucker - QB","#39 William Munoz - RB",,,,,,"#1 Jorge Fries - WR","#88 Terence Davis - WR","#16 Philip Robinson - WR","#18 Travis Daniel - WR",,"#67 Ashley Pate - LT","#69 Edward McElroy - C","#68 John Hall - LT","#76 Gary Robbins - RG","#52 Keith Young - RT",,"#95 Richard Green - DT",,"#77 Donny Creshendo - DT","#99 Charles Castello - DT","#96 Jeffery Bonk - RDE",,"#32 Rudolph Forster - CB",,,"#46 Simon Brendle - CB","#38 Thomas Davis - CB","#20 Ryan Schuldt - CB","#47 Bill “Butcher” Cutting - CB",,"#3 Adam Bruce - SLB","#39 Michael Boss - FS",,,,,,,,,,,,,,,,,,,,,,,,,,,,,,,,,,,,
SFO,13:01,"SEA 27",2,1,10,"Singleback Normal Quick Slant","4-3 Normal Double WR2",9,0,7,"1-10-SEA 27 (13:00) 4-Max Tucker pass complete to 39-William Munoz to SEA 18 for 9 yards. Tackle by 65-Richard Green. 87-Matthew Laney completely missed his blocking assignment.","#4 Max Tucker - QB","#39 William Munoz - RB",,,,"#87 Matthew Laney - TE",,"#1 Jorge Fries - WR","#88 Terence Davis - WR","#16 Philip Robinson - WR",,,"#67 Ashley Pate - LT","#69 Edward McElroy - C","#68 John Hall - LT","#76 Gary Robbins - RG","#52 Keith Young - RT",,"#95 Richard Green - DT",,"#77 Donny Creshendo - DT","#99 Charles Castello - DT","#96 Jeffery Bonk - RDE","#31 Lawrence Givens - FS","#32 Rudolph Forster - CB",,"#33 Willard Fry - CB","#46 Simon Brendle - CB","#38 Thomas Davis - CB",,,,"#3 Adam Bruce - SLB","#39 Michael Boss - FS",,,,,,,,,,,,,,,,,,,,,,,,,,,,,,,,,,,,
SFO,12:20,"SEA 18",2,2,1,"Singleback Normal TE Quick Out","4-3 Normal Double WR2",,0,7,"2-1-SEA 18 (12:19) 4-Max Tucker pass incomplete, intended for 18-Travis Daniel. Pressure by 50-Lawrence Givens.","#4 Max Tucker - QB","#84 Maynard Hazelton - WR",,,,"#87 Matthew Laney - TE",,"#16 Philip Robinson - WR","#18 Travis Daniel - WR","#88 Terence Davis - WR",,,"#67 Ashley Pate - LT","#69 Edward McElroy - C","#68 John Hall - LT","#76 Gary Robbins - RG","#52 Keith Young - RT",,"#95 Richard Green - DT",,"#77 Donny Creshendo - DT","#99 Charles Castello - DT","#96 Jeffery Bonk - RDE","#31 Lawrence Givens - FS","#32 Rudolph Forster - CB",,"#33 Willard Fry - CB","#38 Thomas Davis - CB","#47 Bill “Butcher” Cutting - CB",,,,"#3 Adam Bruce - SLB","#20 Ryan Schuldt - CB",,,,,,,,,,,,,,,,,,,,,,,,,,,,,,,,,,,,
SFO,12:15,"SEA 18",2,3,1,"Singleback Normal HB Dive Strong","4-3 Normal Double WR3",2,0,7,"3-1-SEA 18 (12:16) 84-Maynard Hazelton ran to SEA 16 for 2 yards. Tackle by 33-Willard Fry.","#4 Max Tucker - QB","#84 Maynard Hazelton - WR",,,,"#87 Matthew Laney - TE",,"#1 Jorge Fries - WR","#88 Terence Davis - WR","#16 Philip Robinson - WR",,,"#67 Ashley Pate - LT","#69 Edward McElroy - C","#68 John Hall - LT","#76 Gary Robbins - RG","#52 Keith Young - RT",,"#95 Richard Green - DT",,"#77 Donny Creshendo - DT","#99 Charles Castello - DT","#96 Jeffery Bonk - RDE","#31 Lawrence Givens - FS","#32 Rudolph Forster - CB",,"#33 Willard Fry - CB","#46 Simon Brendle - CB","#38 Thomas Davis - CB",,,,"#3 Adam Bruce - SLB","#39 Michael Boss - FS",,,,,,,,,,,,,,,,,,,,,,,,,,,,,,,,,,,,
SFO,11:33,"SEA 16",2,1,10,"Strong I Normal HB Dive Strong","4-3 Under Double LB Blitz",1,0,7,"1-10-SEA 16 (11:32) 39-William Munoz ran to SEA 15 for 1 yards. Tackle by 77-Donny Creshendo.","#4 Max Tucker - QB","#39 William Munoz - RB",,,"#86 Oliver Austin - FB","#87 Matthew Laney - TE",,"#1 Jorge Fries - WR",,"#16 Philip Robinson - WR",,,"#67 Ashley Pate - LT","#69 Edward McElroy - C","#68 John Hall - LT","#76 Gary Robbins - RG","#52 Keith Young - RT",,"#95 Richard Green - DT",,"#77 Donny Creshendo - DT","#99 Charles Castello - DT","#96 Jeffery Bonk - RDE","#31 Lawrence Givens - FS","#32 Rudolph Forster - CB",,"#33 Willard Fry - CB","#46 Simon Brendle - CB","#38 Thomas Davis - CB",,,,"#3 Adam Bruce - SLB","#39 Michael Boss - FS",,,,,,,,,,,,,,,,,,,,,,,,,,,,,,,,,,,,
SFO,11:01,"SEA 15",2,2,9,"I Formation Twin WR Hard Slants","4-3 Normal Man Under 1",9,0,7,"2-9-SEA 15 (11:00) 4-Max Tucker pass complete to 87-Matthew Laney to SEA 5 for 9 yards. Tackle by 39-Michael Boss. PENALTY - Holding (SFO 76-Gary Robbins)","#4 Max Tucker - QB","#39 William Munoz - RB",,,"#86 Oliver Austin - FB","#87 Matthew Laney - TE",,"#1 Jorge Fries - WR",,"#16 Philip Robinson - WR",,,"#67 Ashley Pate - LT","#69 Edward McElroy - C","#68 John Hall - LT","#76 Gary Robbins - RG","#52 Keith Young - RT",,"#95 Richard Green - DT",,"#77 Donny Creshendo - DT","#99 Charles Castello - DT","#96 Jeffery Bonk - RDE","#31 Lawrence Givens - FS","#32 Rudolph Forster - CB",,"#33 Willard Fry - CB","#46 Simon Brendle - CB","#38 Thomas Davis - CB",,,,"#3 Adam Bruce - SLB","#39 Michael Boss - FS",,,,,,,,,,,,,,,,,,,,,,,,,,,,,,,,,,,,
SFO,10:56,"SEA 25",2,2,19,"Singleback Normal SE Quick Hit","4-3 Normal WLB Outside Blitz",1,0,7,"2-19-SEA 25 (10:57) 4-Max Tucker pass complete to 39-William Munoz to SEA 24 for 1 yards. Tackle by 51-Rudolph Forster.","#4 Max Tucker - QB","#39 William Munoz - RB",,,,"#87 Matthew Laney - TE",,"#1 Jorge Fries - WR","#88 Terence Davis - WR","#16 Philip Robinson - WR",,,"#67 Ashley Pate - LT","#69 Edward McElroy - C","#68 John Hall - LT","#76 Gary Robbins - RG","#52 Keith Young - RT",,"#95 Richard Green - DT",,"#77 Donny Creshendo - DT","#99 Charles Castello - DT","#96 Jeffery Bonk - RDE","#31 Lawrence Givens - FS","#32 Rudolph Forster - CB",,"#33 Willard Fry - CB","#46 Simon Brendle - CB","#38 Thomas Davis - CB",,,,"#3 Adam Bruce - SLB","#39 Michael Boss - FS",,,,,,,,,,,,,,,,,,,,,,,,,,,,,,,,,,,,
,10:54,,2,3,18,,,,0,7,"Timeout SFO",,,,,,,,,,,,,,,,,,,,,,,,,,,,,,,,,,,,,,,,,,,,,,,,,,,,,,,,,,,,,,,,,,,,,,
SFO,10:14,"SEA 24",2,3,18,"I Formation Normal FL Hitch","4-3 Normal OLB Blitz Inside",24,6,7,"3-18-SEA 24 (10:15) 4-Max Tucker pass complete to 16-Philip Robinson for 24 yards. TOUCHDOWN! Nice job by 16-Philip Robinson on that route to lose his coverage. SFO 6 SEA 7","#4 Max Tucker - QB","#84 Maynard Hazelton - WR",,,"#86 Oliver Austin - FB","#87 Matthew Laney - TE",,"#1 Jorge Fries - WR",,"#16 Philip Robinson - WR",,,"#67 Ashley Pate - LT","#69 Edward McElroy - C","#68 John Hall - LT","#76 Gary Robbins - RG","#52 Keith Young - RT",,"#95 Richard Green - DT",,"#77 Donny Creshendo - DT","#99 Charles Castello - DT","#96 Jeffery Bonk - RDE","#31 Lawrence Givens - FS","#32 Rudolph Forster - CB",,"#33 Willard Fry - CB","#46 Simon Brendle - CB","#38 Thomas Davis - CB",,,,"#3 Adam Bruce - SLB","#39 Michael Boss - FS",,,,,,,,,,,,,,,,,,,,,,,,,,,,,,,,,,,,
SFO,10:10,"SEA 15",2,7,15,"Field Goal","FG Block",26,7,7,"(10:11) Extra point GOOD by 9-Rudy Ashby. SFO 7 SEA 7",,,,,,,,,,,,,,,,,,,,,,,,,,,,,,,,,,,,"#50 Don Polanco - RDE","#86 Oliver Austin - FB",,,,,,,,,,,,,,"#9 Rudy Ashby - K","#39 William Munoz - RB","#67 Ashley Pate - LT","#52 Keith Young - RT","#42 Andrew Piper - LT","#69 Edward McElroy - C","#76 Gary Robbins - RG","#70 Ignacio Graham - C","#32 Adam Demello - FB","#3 Adam Bruce - SLB","#99 Charles Castello - DT","#77 Donny Creshendo - DT","#96 Jeffery Bonk - RDE","#39 Michael Boss - FS","#93 David Pharr - DT","#31 Lawrence Givens - FS","#97 Ronald Morris - LDE","#91 Rodney Henry - WLB","#33 Willard Fry - CB","#95 Richard Green - DT"
SFO,10:10,"SFO 35",2,6,10,Kickoff,"Kick Return",,7,7,"(10:11) 9-Rudy Ashby kicks 75 yards from SFO 35 to SEA -10. Touchback.",,,,,,,,,,,,,,,,,,,,,,,,,,,,,,,,,,,,,,"#82 Nathaniel Poe - WR",,"#32 Rudolph Forster - CB","#49 Daniel Plainview - SS","#47 Bill “Butcher” Cutting - CB","#20 Ryan Schuldt - CB","#39 Michael Boss - FS","#91 Rodney Henry - WLB","#15 Andres Nelson - WR","#5 Jeffrey Moylan - RB","#34 David Duppstadt - SS","#21 David Goldstein - WLB","#9 Rudy Ashby - K",,,,,,,,,,,,,,,,,,,,
SEA,10:10,"SEA 25",2,1,10,"Strong I Normal HB Off Tackle Strong","4-3 Normal Double WR1",1,7,7,"1-10-SEA 25 (10:11) 5-Jeffrey Moylan ran to SEA 26 for 1 yards. Tackle by 93-Adam Allen.","#16 George Brewster - QB","#5 Jeffrey Moylan - RB",,,"#83 Tyler Legg - WR","#40 Dale Glover - FB",,"#82 Nathaniel Poe - WR",,"#80 Anthony Niles - WR",,,"#74 Wilbur Reed - LT","#61 Ernest Wallace - LG","#54 John Proctor - C","#70 Van Gertz - RG","#73 Anthony Johnson - RT",,"#93 Adam Allen - RDE",,"#96 Alfred Sexton - DT","#71 Robert Owens - LDE","#50 Don Polanco - RDE","#25 Jeffrey Campbell - CB","#57 Joseph Langston - MLB",,"#92 Charles Choe - MLB","#26 Harvey Schmucker - CB","#48 Donald Lindquist - CB",,,,"#34 Kieth Davis - SS","#77 David Martel - CB",,,,,,,,,,,,,,,,,,,,,,,,,,,,,,,,,,,,
SEA,9:32,"SEA 26",2,2,9,"I Formation 3WR WR Out","Dime Normal Man Cover 1",4,7,7,"2-9-SEA 26 (9:31) 16-George Brewster pass complete to 84-Danny Flynn to SEA 29 for 4 yards. Tackle by 26-Harvey Schmucker.","#16 George Brewster - QB","#25 Michael Kennedy - WR",,,"#40 Dale Glover - FB",,,"#84 Danny Flynn - WR","#82 Nathaniel Poe - WR","#2 Scott Greenleaf - WR",,,"#74 Wilbur Reed - LT","#61 Ernest Wallace - LG","#54 John Proctor - C","#70 Van Gertz - RG","#75 Joseph Paille - RT",,"#93 Adam Allen - RDE",,"#96 Alfred Sexton - DT","#71 Robert Owens - LDE","#50 Don Polanco - RDE",,"#57 Joseph Langston - MLB",,,"#26 Harvey Schmucker - CB","#25 Jeffrey Campbell - CB","#95 Carlos Henry - SS","#43 Robert Hayes - CB",,"#34 Kieth Davis - SS","#77 David Martel - CB",,,,,,,,,,,,,,,,,,,,,,,,,,,,,,,,,,,,
SEA,8:53,"SEA 29",2,3,6,"I Formation 3WR Slot Short WR Deep","Dime Normal Double WR1 WR2",,7,7,"3-6-SEA 29 (8:52) 16-George Brewster pass incomplete, dropped by 2-Scott Greenleaf. Pressure by 93-Adam Allen. PENALTY - Pass Interference (SFO 25-Jeffrey Campbell) (Declined) PENALTY - Pass Interference (SFO 77-David Martel)","#16 George Brewster - QB","#25 Michael Kennedy - WR",,,"#40 Dale Glover - FB",,,"#84 Danny Flynn - WR","#82 Nathaniel Poe - WR","#2 Scott Greenleaf - WR",,,"#74 Wilbur Reed - LT","#61 Ernest Wallace - LG","#54 John Proctor - C","#70 Van Gertz - RG","#75 Joseph Paille - RT",,"#93 Adam Allen - RDE",,"#96 Alfred Sexton - DT","#71 Robert Owens - LDE","#50 Don Polanco - RDE",,"#57 Joseph Langston - MLB",,,"#26 Harvey Schmucker - CB","#25 Jeffrey Campbell - CB","#95 Carlos Henry - SS","#43 Robert Hayes - CB",,"#34 Kieth Davis - SS","#77 David Martel - CB",,,,,,,,,,,,,,,,,,,,,,,,,,,,,,,,,,,,
SEA,8:46,"SEA 36",2,1,10,"Singleback Normal SE Quick Hit","Nickel Normal Double WR3",,7,7,"1-10-SEA 36 (8:47) 16-George Brewster pass Pass knocked down by 25-Jeffrey Campbell. incomplete, intended for 82-Nathaniel Poe.","#16 George Brewster - QB","#25 Michael Kennedy - WR",,,,"#2 Scott Greenleaf - WR",,"#80 Anthony Niles - WR","#15 Andres Nelson - WR","#82 Nathaniel Poe - WR",,,"#74 Wilbur Reed - LT","#61 Ernest Wallace - LG","#54 John Proctor - C","#70 Van Gertz - RG","#75 Joseph Paille - RT",,"#93 Adam Allen - RDE",,"#96 Alfred Sexton - DT","#71 Robert Owens - LDE","#50 Don Polanco - RDE",,"#57 Joseph Langston - MLB",,"#92 Charles Choe - MLB","#26 Harvey Schmucker - CB","#25 Jeffrey Campbell - CB",,"#43 Robert Hayes - CB",,"#34 Kieth Davis - SS","#77 David Martel - CB",,,,,,,,,,,,,,,,,,,,,,,,,,,,,,,,,,,,
SEA,8:43,"SEA 36",2,2,10,"Singleback Normal TE Quick Out","4-3 Normal Double WR1",,7,7,"2-10-SEA 36 (8:44) 16-George Brewster pass Pass knocked down by 34-Kieth Davis. incomplete, intended for 85-Dale Glover.","#16 George Brewster - QB","#5 Jeffrey Moylan - RB",,,,"#40 Dale Glover - FB",,"#80 Anthony Niles - WR","#84 Danny Flynn - WR","#15 Andres Nelson - WR",,,"#74 Wilbur Reed - LT","#61 Ernest Wallace - LG","#54 John Proctor - C","#70 Van Gertz - RG","#75 Joseph Paille - RT",,"#93 Adam Allen - RDE",,"#96 Alfred Sexton - DT","#71 Robert Owens - LDE","#50 Don Polanco - RDE","#25 Jeffrey Campbell - CB","#57 Joseph Langston - MLB",,"#92 Charles Choe - MLB","#26 Harvey Schmucker - CB","#48 Donald Lindquist - CB",,,,"#34 Kieth Davis - SS","#77 David Martel - CB",,,,,,,,,,,,,,,,,,,,,,,,,,,,,,,,,,,,
SEA,8:40,"SEA 36",2,3,10,"I Formation Normal FL Hitch","4-3 Normal WLB Outside Blitz",13,7,7,"3-10-SEA 36 (8:41) 16-George Brewster pass complete to 2-Scott Greenleaf to SEA 49 for 13 yards. Tackle by 48-Donald Lindquist.","#16 George Brewster - QB","#5 Jeffrey Moylan - RB",,,"#83 Tyler Legg - WR","#40 Dale Glover - FB",,"#82 Nathaniel Poe - WR",,"#2 Scott Greenleaf - WR",,,"#74 Wilbur Reed - LT","#61 Ernest Wallace - LG","#54 John Proctor - C","#70 Van Gertz - RG","#75 Joseph Paille - RT",,"#93 Adam Allen - RDE",,"#96 Alfred Sexton - DT","#71 Robert Owens - LDE","#50 Don Polanco - RDE","#25 Jeffrey Campbell - CB","#57 Joseph Langston - MLB",,"#92 Charles Choe - MLB","#26 Harvey Schmucker - CB","#48 Donald Lindquist - CB",,,,"#34 Kieth Davis - SS","#77 David Martel - CB",,,,,,,,,,,,,,,,,,,,,,,,,,,,,,,,,,,,
SEA,7:57,"SEA 49",2,1,10,"Strong I Normal HB Off Tackle Strong","46 Normal Inside Blitz",-1,7,7,"1-10-SEA 49 (7:56) 5-Jeffrey Moylan ran to SEA 49 for -1 yards. Tackle by 53-Cole Fried.","#16 George Brewster - QB","#5 Jeffrey Moylan - RB",,,"#83 Tyler Legg - WR","#40 Dale Glover - FB",,"#82 Nathaniel Poe - WR",,"#80 Anthony Niles - WR",,,"#74 Wilbur Reed - LT","#61 Ernest Wallace - LG","#54 John Proctor - C","#70 Van Gertz - RG","#73 Anthony Johnson - RT",,"#93 Adam Allen - RDE",,"#96 Alfred Sexton - DT","#71 Robert Owens - LDE","#50 Don Polanco - RDE","#53 Cole Fried - MLB","#57 Joseph Langston - MLB",,"#92 Charles Choe - MLB","#26 Harvey Schmucker - CB","#25 Jeffrey Campbell - CB",,,,"#34 Kieth Davis - SS","#77 David Martel - CB",,,,,,,,,,,,,,,,,,,,,,,,,,,,,,,,,,,,
SEA,7:20,"SEA 49",2,2,11,"Weak I Normal HB Inside Strong","4-3 Under Double Safety Blitz",4,7,7,"2-11-SEA 49 (7:19) 11-Michael Kennedy ran to SFO 47 for 4 yards. Tackle by 77-David Martel.","#16 George Brewster - QB","#25 Michael Kennedy - WR",,,"#83 Tyler Legg - WR","#40 Dale Glover - FB",,"#80 Anthony Niles - WR",,"#15 Andres Nelson - WR",,,"#74 Wilbur Reed - LT","#61 Ernest Wallace - LG","#54 John Proctor - C","#70 Van Gertz - RG","#73 Anthony Johnson - RT",,"#93 Adam Allen - RDE",,"#96 Alfred Sexton - DT","#71 Robert Owens - LDE","#50 Don Polanco - RDE","#53 Cole Fried - MLB","#25 Jeffrey Campbell - CB",,"#92 Charles Choe - MLB","#26 Harvey Schmucker - CB","#48 Donald Lindquist - CB",,,,"#34 Kieth Davis - SS","#77 David Martel - CB",,,,,,,,,,,,,,,,,,,,,,,,,,,,,,,,,,,,
SEA,6:39,"SFO 47",2,3,7,"I Formation Twin WR Hard Slants","4-3 Normal WLB Outside Blitz",12,7,7,"3-7-SFO 47 (6:38) 16-George Brewster pass complete to 82-Nathaniel Poe to SFO 35 for 12 yards. Tackle by 26-Harvey Schmucker.","#16 George Brewster - QB","#83 Tyler Legg - WR",,,"#40 Dale Glover - FB","#2 Scott Greenleaf - WR",,"#82 Nathaniel Poe - WR",,"#15 Andres Nelson - WR",,,"#74 Wilbur Reed - LT","#61 Ernest Wallace - LG","#54 John Proctor - C","#70 Van Gertz - RG","#75 Joseph Paille - RT",,"#93 Adam Allen - RDE",,"#96 Alfred Sexton - DT","#71 Robert Owens - LDE","#50 Don Polanco - RDE","#25 Jeffrey Campbell - CB","#57 Joseph Langston - MLB",,"#92 Charles Choe - MLB","#26 Harvey Schmucker - CB","#48 Donald Lindquist - CB",,,,"#34 Kieth Davis - SS","#77 David Martel - CB",,,,,,,,,,,,,,,,,,,,,,,,,,,,,,,,,,,,
SEA,6:02,"SFO 35",2,1,10,"Singleback Normal SE Quick Hit","4-3 Normal SLB Middle Blitz",,7,7,"1-10-SFO 35 (6:01) 16-George Brewster pass Pass knocked down by 57-Joseph Langston. incomplete, intended for 15-Andres Nelson. SFO 96-Alfred Sexton was injured on the play. He looks like he should be able to return.","#16 George Brewster - QB","#25 Michael Kennedy - WR",,,,"#2 Scott Greenleaf - WR",,"#80 Anthony Niles - WR","#15 Andres Nelson - WR","#82 Nathaniel Poe - WR",,,"#74 Wilbur Reed - LT","#61 Ernest Wallace - LG","#54 John Proctor - C","#70 Van Gertz - RG","#75 Joseph Paille - RT",,"#93 Adam Allen - RDE",,"#96 Alfred Sexton - DT","#71 Robert Owens - LDE","#50 Don Polanco - RDE","#25 Jeffrey Campbell - CB","#57 Joseph Langston - MLB",,"#92 Charles Choe - MLB","#26 Harvey Schmucker - CB","#48 Donald Lindquist - CB",,,,"#34 Kieth Davis - SS","#77 David Martel - CB",,,,,,,,,,,,,,,,,,,,,,,,,,,,,,,,,,,,
SEA,5:57,"SFO 35",2,2,10,"I Formation Normal HB Dive","4-3 Normal Double WR1",-1,7,7,"2-10-SFO 35 (5:58) 5-Jeffrey Moylan ran to SFO 36 for -1 yards. Tackle by 92-Charles Choe.","#16 George Brewster - QB","#5 Jeffrey Moylan - RB",,,"#83 Tyler Legg - WR","#40 Dale Glover - FB",,"#82 Nathaniel Poe - WR",,"#2 Scott Greenleaf - WR",,,"#74 Wilbur Reed - LT","#61 Ernest Wallace - LG","#54 John Proctor - C","#70 Van Gertz - RG","#75 Joseph Paille - RT",,"#93 Adam Allen - RDE",,"#50 Don Polanco - RDE","#71 Robert Owens - LDE","#54 Richard Cox - MLB","#25 Jeffrey Campbell - CB","#57 Joseph Langston - MLB",,"#92 Charles Choe - MLB","#26 Harvey Schmucker - CB","#48 Donald Lindquist - CB",,,,"#34 Kieth Davis - SS","#77 David Martel - CB",,,,,,,,,,,,,,,,,,,,,,,,,,,,,,,,,,,,
SEA,5:21,"SFO 36",2,3,11,"Split Backs 3 Wide Dive Right","Dime Normal Man Cover 1",,7,7,"3-11-SFO 36 (5:20) 11-Michael Kennedy ran to SFO 36 for a short gain. Tackle by 92-Charles Choe.","#16 George Brewster - QB","#25 Michael Kennedy - WR",,,"#5 Jeffrey Moylan - RB",,,"#80 Anthony Niles - WR","#83 Tyler Legg - WR","#84 Danny Flynn - WR",,,"#74 Wilbur Reed - LT","#61 Ernest Wallace - LG","#54 John Proctor - C","#70 Van Gertz - RG","#75 Joseph Paille - RT",,"#93 Adam Allen - RDE",,"#71 Robert Owens - LDE","#92 Charles Choe - MLB","#50 Don Polanco - RDE",,"#57 Joseph Langston - MLB",,,"#26 Harvey Schmucker - CB","#25 Jeffrey Campbell - CB","#95 Carlos Henry - SS","#43 Robert Hayes - CB",,"#34 Kieth Davis - SS","#77 David Martel - CB",,,,,,,,,,,,,,,,,,,,,,,,,,,,,,,,,,,,
SEA,4:40,"SFO 36",2,4,11,"Field Goal","FG Block",47,7,7,"4-11-SFO 36 (4:39) 13-Winford Ferraro 54 yard field goal is NO GOOD. (Wide Right)",,,,,,,,,,,,,,,,,,,,,,,,,,,,,,,,,,,,"#1 Matthew Park - QB","#79 Luther Willis - LT",,,,,,,,,,,,,,"#13 Winford Ferraro - K","#70 Van Gertz - RG","#79 Keith Kissell - LG","#71 Willie Duke - LG","#74 Wilbur Reed - LT","#75 Joseph Paille - RT","#40 Dale Glover - FB","#73 Anthony Johnson - RT","#61 Ernest Wallace - LG","#78 Mark Burns - FS","#50 Don Polanco - RDE","#71 Robert Owens - LDE","#53 Cole Fried - MLB","#52 Brian Frazier - MLB","#51 Steven Hutto - SLB","#95 Carlos Henry - SS","#57 Joseph Langston - MLB","#93 Adam Allen - RDE","#43 Robert Hayes - CB","#92 Charles Choe - MLB"
SFO,4:34,"SFO 43",2,1,10,"Singleback Normal SE Quick Hit","4-3 Normal Double WR3",6,7,7,"1-10-SFO 43 (4:35) 4-Max Tucker pass complete to 88-Terence Davis to SFO 49 for 6 yards. Tackle by 51-Rudolph Forster.","#4 Max Tucker - QB","#39 William Munoz - RB",,,,"#87 Matthew Laney - TE",,"#1 Jorge Fries - WR","#88 Terence Davis - WR","#16 Philip Robinson - WR",,,"#67 Ashley Pate - LT","#69 Edward McElroy - C","#68 John Hall - LT","#76 Gary Robbins - RG","#52 Keith Young - RT",,"#95 Richard Green - DT",,"#77 Donny Creshendo - DT","#99 Charles Castello - DT","#96 Jeffery Bonk - RDE","#31 Lawrence Givens - FS","#32 Rudolph Forster - CB",,"#33 Willard Fry - CB","#46 Simon Brendle - CB","#38 Thomas Davis - CB",,,,"#3 Adam Bruce - SLB","#39 Michael Boss - FS",,,,,,,,,,,,,,,,,,,,,,,,,,,,,,,,,,,,
SFO,4:01,"SFO 49",2,2,4,"I Formation Normal HB Dive","4-3 Normal OLB Blitz Inside",3,7,7,"2-4-SFO 49 (4:00) 39-William Munoz ran to SEA 48 for 3 yards. Tackle by 51-Rudolph Forster.","#4 Max Tucker - QB","#39 William Munoz - RB",,,"#86 Oliver Austin - FB","#87 Matthew Laney - TE",,"#1 Jorge Fries - WR",,"#16 Philip Robinson - WR",,,"#67 Ashley Pate - LT","#69 Edward McElroy - C","#68 John Hall - LT","#76 Gary Robbins - RG","#52 Keith Young - RT",,"#95 Richard Green - DT",,"#77 Donny Creshendo - DT","#99 Charles Castello - DT","#96 Jeffery Bonk - RDE","#31 Lawrence Givens - FS","#32 Rudolph Forster - CB",,"#33 Willard Fry - CB","#46 Simon Brendle - CB","#38 Thomas Davis - CB",,,,"#3 Adam Bruce - SLB","#39 Michael Boss - FS",,,,,,,,,,,,,,,,,,,,,,,,,,,,,,,,,,,,
SFO,3:21,"SEA 48",2,3,1,"Singleback Normal SE Quick Hit","4-3 Normal Double WR3",3,7,7,"3-1-SEA 48 (3:20) 4-Max Tucker pass complete to 16-Philip Robinson to SEA 45 for 3 yards. Pushed out of bounds by 39-Michael Boss. SFO 69-Edward McElroy was injured on the play. He looks like he should be able to return.","#4 Max Tucker - QB","#39 William Munoz - RB",,,,"#87 Matthew Laney - TE",,"#1 Jorge Fries - WR","#88 Terence Davis - WR","#16 Philip Robinson - WR",,,"#67 Ashley Pate - LT","#69 Edward McElroy - C","#68 John Hall - LT","#76 Gary Robbins - RG","#52 Keith Young - RT",,"#95 Richard Green - DT",,"#77 Donny Creshendo - DT","#99 Charles Castello - DT","#96 Jeffery Bonk - RDE","#31 Lawrence Givens - FS","#32 Rudolph Forster - CB",,"#33 Willard Fry - CB","#46 Simon Brendle - CB","#38 Thomas Davis - CB",,,,"#3 Adam Bruce - SLB","#39 Michael Boss - FS",,,,,,,,,,,,,,,,,,,,,,,,,,,,,,,,,,,,
SFO,2:40,"SEA 45",2,1,10,"Singleback Big Ins and Outs","4-3 Normal Man QB Spy",6,7,7,"1-10-SEA 45 (2:39) 4-Max Tucker pass complete to 85-Jorge Fries to SEA 39 for 6 yards. Tackle by 33-Willard Fry.","#4 Max Tucker - QB","#84 Maynard Hazelton - WR",,,,"#87 Matthew Laney - TE","#32 Adam Demello - FB","#1 Jorge Fries - WR",,"#16 Philip Robinson - WR",,,"#67 Ashley Pate - LT","#42 Andrew Piper - LT","#68 John Hall - LT","#76 Gary Robbins - RG","#52 Keith Young - RT",,"#95 Richard Green - DT",,"#77 Donny Creshendo - DT","#99 Charles Castello - DT","#96 Jeffery Bonk - RDE","#31 Lawrence Givens - FS","#32 Rudolph Forster - CB",,"#33 Willard Fry - CB","#46 Simon Brendle - CB","#38 Thomas Davis - CB",,,,"#3 Adam Bruce - SLB","#39 Michael Boss - FS",,,,,,,,,,,,,,,,,,,,,,,,,,,,,,,,,,,,
,2:00,,2,2,4,,,,7,7,"Timeout for two minute warning.",,,,,,,,,,,,,,,,,,,,,,,,,,,,,,,,,,,,,,,,,,,,,,,,,,,,,,,,,,,,,,,,,,,,,,
SFO,2:00,"SEA 39",2,2,4,"Strong I Normal HB Dive Strong","4-3 Normal OLB Blitz Outside",1,7,7,"2-4-SEA 39 (2:00) 39-William Munoz ran to SEA 37 for 1 yards. Tackle by 50-Lawrence Givens.","#4 Max Tucker - QB","#39 William Munoz - RB",,,"#86 Oliver Austin - FB","#87 Matthew Laney - TE",,"#1 Jorge Fries - WR",,"#16 Philip Robinson - WR",,,"#67 Ashley Pate - LT","#42 Andrew Piper - LT","#68 John Hall - LT","#76 Gary Robbins - RG","#52 Keith Young - RT",,"#95 Richard Green - DT",,"#77 Donny Creshendo - DT","#99 Charles Castello - DT","#96 Jeffery Bonk - RDE","#31 Lawrence Givens - FS","#32 Rudolph Forster - CB",,"#33 Willard Fry - CB","#46 Simon Brendle - CB","#38 Thomas Davis - CB",,,,"#3 Adam Bruce - SLB","#39 Michael Boss - FS",,,,,,,,,,,,,,,,,,,,,,,,,,,,,,,,,,,,
,1:59,,2,3,2,,,,7,7,"Timeout SFO",,,,,,,,,,,,,,,,,,,,,,,,,,,,,,,,,,,,,,,,,,,,,,,,,,,,,,,,,,,,,,,,,,,,,,
SFO,1:55,"SEA 37",2,3,2,"Singleback Normal Quick Slant","4-3 Normal Double WR2",,7,7,"3-2-SEA 37 (1:56) 4-Max Tucker pass incomplete, intended for 16-Philip Robinson.","#4 Max Tucker - QB","#39 William Munoz - RB",,,,"#87 Matthew Laney - TE",,"#1 Jorge Fries - WR","#88 Terence Davis - WR","#16 Philip Robinson - WR",,,"#67 Ashley Pate - LT","#42 Andrew Piper - LT","#68 John Hall - LT","#76 Gary Robbins - RG","#52 Keith Young - RT",,"#95 Richard Green - DT",,"#77 Donny Creshendo - DT","#99 Charles Castello - DT","#96 Jeffery Bonk - RDE","#31 Lawrence Givens - FS","#32 Rudolph Forster - CB",,"#33 Willard Fry - CB","#46 Simon Brendle - CB","#38 Thomas Davis - CB",,,,"#3 Adam Bruce - SLB","#39 Michael Boss - FS",,,,,,,,,,,,,,,,,,,,,,,,,,,,,,,,,,,,
SFO,1:53,"SEA 37",2,4,2,"Singleback Normal Quick Slant","4-3 Normal Double WR2",-1,7,7,"4-2-SEA 37 (1:54) 4-Max Tucker pass complete to 39-William Munoz to SEA 38 for -1 yards. Tackle by 51-Rudolph Forster. Turnover on downs.","#4 Max Tucker - QB","#39 William Munoz - RB",,,,"#87 Matthew Laney - TE",,"#1 Jorge Fries - WR","#88 Terence Davis - WR","#16 Philip Robinson - WR",,,"#67 Ashley Pate - LT","#42 Andrew Piper - LT","#68 John Hall - LT","#76 Gary Robbins - RG","#52 Keith Young - RT",,"#95 Richard Green - DT",,"#77 Donny Creshendo - DT","#99 Charles Castello - DT","#96 Jeffery Bonk - RDE","#31 Lawrence Givens - FS","#32 Rudolph Forster - CB",,"#33 Willard Fry - CB","#46 Simon Brendle - CB","#38 Thomas Davis - CB",,,,"#3 Adam Bruce - SLB","#39 Michael Boss - FS",,,,,,,,,,,,,,,,,,,,,,,,,,,,,,,,,,,,
SEA,1:49,"SEA 38",2,1,10,"I Formation 3WR FL Post","Dime Normal Double WR1 WR2",,7,7,"1-10-SEA 38 (1:50) 16-George Brewster pass Pass knocked down by 34-Kieth Davis. incomplete, intended for 11-Michael Kennedy. PENALTY - Defensive Holding (SFO 43-Robert Hayes)","#16 George Brewster - QB","#25 Michael Kennedy - WR",,,"#40 Dale Glover - FB",,,"#84 Danny Flynn - WR","#82 Nathaniel Poe - WR","#2 Scott Greenleaf - WR",,,"#74 Wilbur Reed - LT","#61 Ernest Wallace - LG","#54 John Proctor - C","#70 Van Gertz - RG","#75 Joseph Paille - RT",,"#93 Adam Allen - RDE",,"#96 Alfred Sexton - DT","#71 Robert Owens - LDE","#50 Don Polanco - RDE",,"#57 Joseph Langston - MLB",,,"#26 Harvey Schmucker - CB","#25 Jeffrey Campbell - CB","#95 Carlos Henry - SS","#43 Robert Hayes - CB",,"#34 Kieth Davis - SS","#77 David Martel - CB",,,,,,,,,,,,,,,,,,,,,,,,,,,,,,,,,,,,
SEA,1:45,"SEA 43",2,1,10,"I Formation 3WR Slot Short WR Deep","Dime Normal Double WR1 WR2",,7,7,"1-10-SEA 43 (1:46) 16-George Brewster pass Pass knocked down by 34-Kieth Davis. incomplete, intended for 82-Nathaniel Poe. Pressure by 96-Alfred Sexton. PENALTY - Pass Interference (SFO 43-Robert Hayes)","#16 George Brewster - QB","#5 Jeffrey Moylan - RB",,,"#40 Dale Glover - FB",,,"#84 Danny Flynn - WR","#82 Nathaniel Poe - WR","#2 Scott Greenleaf - WR",,,"#74 Wilbur Reed - LT","#61 Ernest Wallace - LG","#54 John Proctor - C","#70 Van Gertz - RG","#75 Joseph Paille - RT",,"#93 Adam Allen - RDE",,"#96 Alfred Sexton - DT","#71 Robert Owens - LDE","#50 Don Polanco - RDE",,"#57 Joseph Langston - MLB",,,"#26 Harvey Schmucker - CB","#25 Jeffrey Campbell - CB","#95 Carlos Henry - SS","#43 Robert Hayes - CB",,"#34 Kieth Davis - SS","#77 David Martel - CB",,,,,,,,,,,,,,,,,,,,,,,,,,,,,,,,,,,,
SEA,1:41,"SEA 50",2,1,10,"Singleback Normal TE Quick Out","Nickel Normal Shallow Zone Deep",,7,7,"1-10-SEA 50 (1:42) 16-George Brewster pass complete to 25-Tyler Legg to SFO 50 for a short gain. Tackle by 43-Robert Hayes.","#16 George Brewster - QB","#25 Michael Kennedy - WR",,,,"#40 Dale Glover - FB",,"#80 Anthony Niles - WR","#83 Tyler Legg - WR","#15 Andres Nelson - WR",,,"#74 Wilbur Reed - LT","#61 Ernest Wallace - LG","#54 John Proctor - C","#70 Van Gertz - RG","#75 Joseph Paille - RT",,"#93 Adam Allen - RDE",,"#96 Alfred Sexton - DT","#71 Robert Owens - LDE","#50 Don Polanco - RDE",,"#57 Joseph Langston - MLB",,"#92 Charles Choe - MLB","#26 Harvey Schmucker - CB","#25 Jeffrey Campbell - CB",,"#43 Robert Hayes - CB",,"#34 Kieth Davis - SS","#77 David Martel - CB",,,,,,,,,,,,,,,,,,,,,,,,,,,,,,,,,,,,
,1:38,,2,2,10,,,,7,7,"Timeout SEA",,,,,,,,,,,,,,,,,,,,,,,,,,,,,,,,,,,,,,,,,,,,,,,,,,,,,,,,,,,,,,,,,,,,,,
SEA,1:35,"SFO 50",2,2,10,"I Formation Normal FL Hitch","4-3 Normal WLB Outside Blitz",,7,7,"2-10-SFO 50 (1:36) 16-George Brewster pass Pass knocked down by 26-Harvey Schmucker. incomplete, intended for 82-Nathaniel Poe.","#16 George Brewster - QB","#5 Jeffrey Moylan - RB",,,"#83 Tyler Legg - WR","#40 Dale Glover - FB",,"#82 Nathaniel Poe - WR",,"#2 Scott Greenleaf - WR",,,"#74 Wilbur Reed - LT","#61 Ernest Wallace - LG","#54 John Proctor - C","#70 Van Gertz - RG","#75 Joseph Paille - RT",,"#93 Adam Allen - RDE",,"#96 Alfred Sexton - DT","#71 Robert Owens - LDE","#50 Don Polanco - RDE","#25 Jeffrey Campbell - CB","#57 Joseph Langston - MLB",,"#92 Charles Choe - MLB","#26 Harvey Schmucker - CB","#48 Donald Lindquist - CB",,,,"#34 Kieth Davis - SS","#77 David Martel - CB",,,,,,,,,,,,,,,,,,,,,,,,,,,,,,,,,,,,
SEA,1:31,"SFO 50",2,3,10,"I Formation 3WR WR Out","Dime Normal Man Cover 1",6,7,7,"3-10-SFO 50 (1:32) 16-George Brewster pass complete to 2-Scott Greenleaf to SFO 44 for 6 yards. Tackle by 25-Jeffrey Campbell.","#16 George Brewster - QB","#25 Michael Kennedy - WR",,,"#40 Dale Glover - FB",,,"#84 Danny Flynn - WR","#82 Nathaniel Poe - WR","#2 Scott Greenleaf - WR",,,"#74 Wilbur Reed - LT","#61 Ernest Wallace - LG","#54 John Proctor - C","#70 Van Gertz - RG","#75 Joseph Paille - RT",,"#93 Adam Allen - RDE",,"#96 Alfred Sexton - DT","#71 Robert Owens - LDE","#50 Don Polanco - RDE",,"#57 Joseph Langston - MLB",,,"#26 Harvey Schmucker - CB","#25 Jeffrey Campbell - CB","#95 Carlos Henry - SS","#43 Robert Hayes - CB",,"#34 Kieth Davis - SS","#77 David Martel - CB",,,,,,,,,,,,,,,,,,,,,,,,,,,,,,,,,,,,
SEA,0:48,"SFO 44",2,4,3,Punt,"Punt Return",45,7,7,"4-3-SFO 44 (0:47) 9-Steven Benoit punts 45 yards to SFO -1.4-3-SFO 44 (0:47) 9-Steven Benoit punts 45 yards to SFO -1. Touchback.",,,,,,,,,,,,,,,,,,"#9 Steven Benoit - P",,,,,,,,,,,,,,,,,,,"#79 Luther Willis - LT",,"#39 William Munoz - RB",,,"#79 Michael Duprey - FS","#58 Juan Yates - WLB","#25 Jeffrey Campbell - CB",,"#53 Cole Fried - MLB","#56 Michael Dahlgren - CB",,"#84 Maynard Hazelton - WR",,,,"#79 Keith Kissell - LG","#71 Willie Duke - LG","#74 Wilbur Reed - LT","#75 Joseph Paille - RT","#40 Dale Glover - FB","#73 Anthony Johnson - RT",,"#78 Mark Burns - FS","#50 Don Polanco - RDE","#96 Alfred Sexton - DT","#71 Robert Owens - LDE",,,,,,,
SFO,0:38,"SFO 20",2,1,10,"I Formation Twin WR Hard Slants","4-3 Normal Man QB Spy",,7,7,"1-10-SFO 20 (0:39) 4-Max Tucker pass Pass knocked down by 33-Willard Fry. incomplete, intended for 87-Matthew Laney.","#4 Max Tucker - QB","#39 William Munoz - RB",,,"#86 Oliver Austin - FB","#87 Matthew Laney - TE",,"#1 Jorge Fries - WR",,"#16 Philip Robinson - WR",,,"#67 Ashley Pate - LT","#69 Edward McElroy - C","#68 John Hall - LT","#76 Gary Robbins - RG","#52 Keith Young - RT",,"#95 Richard Green - DT",,"#77 Donny Creshendo - DT","#99 Charles Castello - DT","#96 Jeffery Bonk - RDE","#49 Daniel Plainview - SS","#32 Rudolph Forster - CB",,"#33 Willard Fry - CB","#46 Simon Brendle - CB","#38 Thomas Davis - CB",,,,"#34 David Duppstadt - SS","#20 Ryan Schuldt - CB",,,,,,,,,,,,,,,,,,,,,,,,,,,,,,,,,,,,
SFO,0:35,"SFO 20",2,2,10,"I Formation Twin WR Quick Outs","4-3 Normal Man Under 1",6,7,7,"2-10-SFO 20 (0:36) 4-Max Tucker pass complete to 87-Matthew Laney to SFO 26 for 6 yards. Tackle by 20-Ryan Schuldt.","#4 Max Tucker - QB","#39 William Munoz - RB",,,"#86 Oliver Austin - FB","#87 Matthew Laney - TE",,"#1 Jorge Fries - WR",,"#16 Philip Robinson - WR",,,"#67 Ashley Pate - LT","#69 Edward McElroy - C","#68 John Hall - LT","#76 Gary Robbins - RG","#52 Keith Young - RT",,"#95 Richard Green - DT",,"#77 Donny Creshendo - DT","#99 Charles Castello - DT","#96 Jeffery Bonk - RDE","#31 Lawrence Givens - FS","#32 Rudolph Forster - CB",,"#33 Willard Fry - CB","#46 Simon Brendle - CB","#38 Thomas Davis - CB",,,,"#3 Adam Bruce - SLB","#20 Ryan Schuldt - CB",,,,,,,,,,,,,,,,,,,,,,,,,,,,,,,,,,,,
,0:00,,2,3,4,,,,7,7,"End of half.",,,,,,,,,,,,,,,,,,,,,,,,,,,,,,,,,,,,,,,,,,,,,,,,,,,,,,,,,,,,,,,,,,,,,,
SFO,15:00,"SFO 35",3,6,10,Kickoff,"Kick Return",,7,7,"(15:00) 9-Rudy Ashby kicks 75 yards from SFO 35 to SEA -10. Touchback.",,,,,,,,,,,,,,,,,,,,,,,,,,,,,,,,,,,,,,"#82 Nathaniel Poe - WR",,"#32 Rudolph Forster - CB","#49 Daniel Plainview - SS","#47 Bill “Butcher” Cutting - CB","#20 Ryan Schuldt - CB","#39 Michael Boss - FS","#91 Rodney Henry - WLB","#15 Andres Nelson - WR","#5 Jeffrey Moylan - RB","#34 David Duppstadt - SS","#21 David Goldstein - WLB","#9 Rudy Ashby - K",,,,,,,,,,,,,,,,,,,,
SEA,15:00,"SEA 25",3,1,10,"I Formation 3WR Slot Short WR Deep","Nickel Normal Double WR3",11,7,7,"1-10-SEA 25 (15:00) 16-George Brewster pass complete to 82-Nathaniel Poe to SEA 36 for 11 yards. Tackle by 43-Robert Hayes.","#16 George Brewster - QB","#25 Michael Kennedy - WR",,,"#40 Dale Glover - FB",,,"#84 Danny Flynn - WR","#82 Nathaniel Poe - WR","#2 Scott Greenleaf - WR",,,"#74 Wilbur Reed - LT","#61 Ernest Wallace - LG","#54 John Proctor - C","#70 Van Gertz - RG","#75 Joseph Paille - RT",,"#93 Adam Allen - RDE",,"#96 Alfred Sexton - DT","#71 Robert Owens - LDE","#50 Don Polanco - RDE",,"#57 Joseph Langston - MLB",,"#92 Charles Choe - MLB","#26 Harvey Schmucker - CB","#25 Jeffrey Campbell - CB",,"#43 Robert Hayes - CB",,"#34 Kieth Davis - SS","#77 David Martel - CB",,,,,,,,,,,,,,,,,,,,,,,,,,,,,,,,,,,,
SEA,14:14,"SEA 36",3,1,10,"Strong I Normal HB Off Tackle Strong","4-3 Normal Man QB Spy",3,7,7,"1-10-SEA 36 (14:13) 5-Jeffrey Moylan ran to SEA 39 for 3 yards. Tackle by 57-Joseph Langston.","#16 George Brewster - QB","#5 Jeffrey Moylan - RB",,,"#83 Tyler Legg - WR","#40 Dale Glover - FB",,"#82 Nathaniel Poe - WR",,"#80 Anthony Niles - WR",,,"#74 Wilbur Reed - LT","#61 Ernest Wallace - LG","#54 John Proctor - C","#70 Van Gertz - RG","#73 Anthony Johnson - RT",,"#93 Adam Allen - RDE",,"#96 Alfred Sexton - DT","#71 Robert Owens - LDE","#50 Don Polanco - RDE","#25 Jeffrey Campbell - CB","#57 Joseph Langston - MLB",,"#92 Charles Choe - MLB","#26 Harvey Schmucker - CB","#48 Donald Lindquist - CB",,,,"#34 Kieth Davis - SS","#77 David Martel - CB",,,,,,,,,,,,,,,,,,,,,,,,,,,,,,,,,,,,
SEA,13:36,"SEA 39",3,2,7,"Weak I Normal HB Inside Strong","4-3 Normal WLB MLB Blitz",6,7,7,"2-7-SEA 39 (13:35) 11-Michael Kennedy ran to SEA 45 for 6 yards. Tackle by 34-Kieth Davis.","#16 George Brewster - QB","#25 Michael Kennedy - WR",,,"#83 Tyler Legg - WR","#40 Dale Glover - FB",,"#80 Anthony Niles - WR",,"#15 Andres Nelson - WR",,,"#74 Wilbur Reed - LT","#61 Ernest Wallace - LG","#54 John Proctor - C","#70 Van Gertz - RG","#73 Anthony Johnson - RT",,"#93 Adam Allen - RDE",,"#96 Alfred Sexton - DT","#71 Robert Owens - LDE","#50 Don Polanco - RDE","#25 Jeffrey Campbell - CB","#57 Joseph Langston - MLB",,"#92 Charles Choe - MLB","#26 Harvey Schmucker - CB","#48 Donald Lindquist - CB",,,,"#34 Kieth Davis - SS","#77 David Martel - CB",,,,,,,,,,,,,,,,,,,,,,,,,,,,,,,,,,,,
SEA,12:59,"SEA 45",3,3,1,"Singleback Normal TE Quick Out","4-3 Normal SLB Middle Blitz",4,7,7,"3-1-SEA 45 (12:58) 16-George Brewster pass complete to 15-Andres Nelson to SEA 49 for 4 yards. Tackle by 92-Charles Choe.","#16 George Brewster - QB","#25 Michael Kennedy - WR",,,,"#2 Scott Greenleaf - WR",,"#80 Anthony Niles - WR","#15 Andres Nelson - WR","#82 Nathaniel Poe - WR",,,"#74 Wilbur Reed - LT","#61 Ernest Wallace - LG","#54 John Proctor - C","#70 Van Gertz - RG","#75 Joseph Paille - RT",,"#93 Adam Allen - RDE",,"#96 Alfred Sexton - DT","#71 Robert Owens - LDE","#50 Don Polanco - RDE","#25 Jeffrey Campbell - CB","#57 Joseph Langston - MLB",,"#92 Charles Choe - MLB","#26 Harvey Schmucker - CB","#48 Donald Lindquist - CB",,,,"#34 Kieth Davis - SS","#77 David Martel - CB",,,,,,,,,,,,,,,,,,,,,,,,,,,,,,,,,,,,
SEA,12:22,"SEA 49",3,1,10,"I Formation 3WR FL Post","Nickel Normal Double WR3",,7,7,"1-10-SEA 49 (12:21) 16-George Brewster pass Pass knocked down by 57-Joseph Langston. incomplete, intended for 5-Jeffrey Moylan. Pressure by 96-Alfred Sexton.","#16 George Brewster - QB","#5 Jeffrey Moylan - RB",,,"#40 Dale Glover - FB",,,"#84 Danny Flynn - WR","#82 Nathaniel Poe - WR","#2 Scott Greenleaf - WR",,,"#74 Wilbur Reed - LT","#61 Ernest Wallace - LG","#54 John Proctor - C","#70 Van Gertz - RG","#75 Joseph Paille - RT",,"#93 Adam Allen - RDE",,"#96 Alfred Sexton - DT","#71 Robert Owens - LDE","#50 Don Polanco - RDE",,"#57 Joseph Langston - MLB",,"#92 Charles Choe - MLB","#26 Harvey Schmucker - CB","#25 Jeffrey Campbell - CB",,"#43 Robert Hayes - CB",,"#34 Kieth Davis - SS","#77 David Martel - CB",,,,,,,,,,,,,,,,,,,,,,,,,,,,,,,,,,,,
SEA,12:16,"SEA 49",3,2,10,"Weak I Normal HB Inside Strong","3-4 Normal Double Blitz",1,7,7,"2-10-SEA 49 (12:17) 11-Michael Kennedy ran to SFO 50 for 1 yards. Tackle by 92-Charles Choe.","#16 George Brewster - QB","#25 Michael Kennedy - WR",,,"#83 Tyler Legg - WR","#40 Dale Glover - FB",,"#80 Anthony Niles - WR",,"#15 Andres Nelson - WR",,,"#74 Wilbur Reed - LT","#61 Ernest Wallace - LG","#54 John Proctor - C","#70 Van Gertz - RG","#73 Anthony Johnson - RT",,"#93 Adam Allen - RDE",,"#96 Alfred Sexton - DT",,"#50 Don Polanco - RDE","#53 Cole Fried - MLB","#25 Jeffrey Campbell - CB","#57 Joseph Langston - MLB","#92 Charles Choe - MLB","#26 Harvey Schmucker - CB","#48 Donald Lindquist - CB",,,,"#34 Kieth Davis - SS","#77 David Martel - CB",,,,,,,,,,,,,,,,,,,,,,,,,,,,,,,,,,,,
SEA,11:42,"SFO 50",3,3,9,"I Formation Power HB Strong Outside","Goal Line Attack #3",2,7,7,"3-9-SFO 50 (11:41) 11-Michael Kennedy ran to SFO 47 for 2 yards. Tackle by 57-Joseph Langston.","#16 George Brewster - QB","#25 Michael Kennedy - WR",,"#83 Tyler Legg - WR","#40 Dale Glover - FB","#2 Scott Greenleaf - WR",,"#82 Nathaniel Poe - WR",,,,,"#74 Wilbur Reed - LT","#61 Ernest Wallace - LG","#54 John Proctor - C","#70 Van Gertz - RG","#75 Joseph Paille - RT",,"#93 Adam Allen - RDE","#79 Michael Duprey - FS","#96 Alfred Sexton - DT","#71 Robert Owens - LDE","#50 Don Polanco - RDE","#53 Cole Fried - MLB","#57 Joseph Langston - MLB",,"#92 Charles Choe - MLB","#26 Harvey Schmucker - CB","#25 Jeffrey Campbell - CB",,,,"#34 Kieth Davis - SS",,,,,,,,,,,,,,,,,,,,,,,,,,,,,,,,,,,,,
SEA,11:00,"SFO 47",3,4,6,Punt,"Punt Return",45,7,7,"4-6-SFO 47 (10:59) 9-Steven Benoit punts 45 yards to SFO 2.",,,,,,,,,,,,,,,,,,"#9 Steven Benoit - P",,,,,,,,,,,,,,,,,,,"#79 Luther Willis - LT",,"#39 William Munoz - RB",,,"#79 Michael Duprey - FS","#58 Juan Yates - WLB","#25 Jeffrey Campbell - CB",,"#71 Robert Owens - LDE","#56 Michael Dahlgren - CB",,"#84 Maynard Hazelton - WR",,,,"#79 Keith Kissell - LG","#71 Willie Duke - LG","#74 Wilbur Reed - LT","#75 Joseph Paille - RT","#40 Dale Glover - FB","#73 Anthony Johnson - RT",,"#78 Mark Burns - FS","#50 Don Polanco - RDE","#96 Alfred Sexton - DT","#53 Cole Fried - MLB",,,,,,,
SFO,10:50,"SFO 2",3,1,10,"I Formation Normal HB Dive","4-3 Normal Man Under 1",13,7,7,"1-10-SFO 2 (10:51) 39-William Munoz ran to SFO 15 for 13 yards. Tackle by 20-Ryan Schuldt.","#4 Max Tucker - QB","#39 William Munoz - RB",,,"#86 Oliver Austin - FB","#87 Matthew Laney - TE",,"#1 Jorge Fries - WR",,"#16 Philip Robinson - WR",,,"#67 Ashley Pate - LT","#69 Edward McElroy - C","#68 John Hall - LT","#76 Gary Robbins - RG","#52 Keith Young - RT",,"#95 Richard Green - DT",,"#77 Donny Creshendo - DT","#99 Charles Castello - DT","#96 Jeffery Bonk - RDE","#49 Daniel Plainview - SS","#32 Rudolph Forster - CB",,"#33 Willard Fry - CB","#46 Simon Brendle - CB","#38 Thomas Davis - CB",,,,"#34 David Duppstadt - SS","#20 Ryan Schuldt - CB",,,,,,,,,,,,,,,,,,,,,,,,,,,,,,,,,,,,
SFO,10:12,"SFO 15",3,1,10,"Singleback Normal Quick Slant","4-3 Normal WLB Outside Blitz",,7,7,"1-10-SFO 15 (10:11) PENALTY - False Start (SFO 16-Philip Robinson)","#4 Max Tucker - QB","#84 Maynard Hazelton - WR",,,,"#87 Matthew Laney - TE",,"#1 Jorge Fries - WR","#88 Terence Davis - WR","#16 Philip Robinson - WR",,,"#67 Ashley Pate - LT","#69 Edward McElroy - C","#68 John Hall - LT","#76 Gary Robbins - RG","#52 Keith Young - RT",,"#95 Richard Green - DT",,"#77 Donny Creshendo - DT","#99 Charles Castello - DT","#96 Jeffery Bonk - RDE","#31 Lawrence Givens - FS","#32 Rudolph Forster - CB",,"#33 Willard Fry - CB","#46 Simon Brendle - CB","#38 Thomas Davis - CB",,,,"#34 David Duppstadt - SS","#20 Ryan Schuldt - CB",,,,,,,,,,,,,,,,,,,,,,,,,,,,,,,,,,,,
SFO,10:10,"SFO 10",3,1,15,"I Formation Normal HB Dive","4-3 Normal Man QB Spy",8,7,7,"1-15-SFO 10 (10:11) 84-Maynard Hazelton ran to SFO 17 for 8 yards. Tackle by 39-Michael Boss.","#4 Max Tucker - QB","#84 Maynard Hazelton - WR",,,"#86 Oliver Austin - FB","#87 Matthew Laney - TE",,"#1 Jorge Fries - WR",,"#16 Philip Robinson - WR",,,"#67 Ashley Pate - LT","#69 Edward McElroy - C","#68 John Hall - LT","#76 Gary Robbins - RG","#52 Keith Young - RT",,"#95 Richard Green - DT",,"#77 Donny Creshendo - DT","#99 Charles Castello - DT","#96 Jeffery Bonk - RDE","#31 Lawrence Givens - FS","#32 Rudolph Forster - CB",,"#33 Willard Fry - CB","#46 Simon Brendle - CB","#38 Thomas Davis - CB",,,,"#3 Adam Bruce - SLB","#39 Michael Boss - FS",,,,,,,,,,,,,,,,,,,,,,,,,,,,,,,,,,,,
SFO,9:30,"SFO 17",3,2,7,"Strong I Normal HB Dive Strong","4-3 Normal OLB Blitz Outside",2,7,7,"2-7-SFO 17 (9:29) 39-William Munoz ran to SFO 19 for 2 yards. Tackle by 50-Lawrence Givens.","#4 Max Tucker - QB","#39 William Munoz - RB",,,"#86 Oliver Austin - FB","#87 Matthew Laney - TE",,"#1 Jorge Fries - WR",,"#16 Philip Robinson - WR",,,"#67 Ashley Pate - LT","#69 Edward McElroy - C","#68 John Hall - LT","#76 Gary Robbins - RG","#52 Keith Young - RT",,"#95 Richard Green - DT",,"#77 Donny Creshendo - DT","#99 Charles Castello - DT","#96 Jeffery Bonk - RDE","#31 Lawrence Givens - FS","#32 Rudolph Forster - CB",,"#33 Willard Fry - CB","#46 Simon Brendle - CB","#38 Thomas Davis - CB",,,,"#3 Adam Bruce - SLB","#39 Michael Boss - FS",,,,,,,,,,,,,,,,,,,,,,,,,,,,,,,,,,,,
SFO,8:57,"SFO 19",3,3,6,"Strong I Normal HB Dive Strong","4-3 Normal Man Under 1",3,7,7,"3-6-SFO 19 (8:56) 39-William Munoz ran to SFO 22 for 3 yards. Tackle by 33-Willard Fry.","#4 Max Tucker - QB","#39 William Munoz - RB",,,"#86 Oliver Austin - FB","#87 Matthew Laney - TE",,"#1 Jorge Fries - WR",,"#16 Philip Robinson - WR",,,"#67 Ashley Pate - LT","#69 Edward McElroy - C","#68 John Hall - LT","#76 Gary Robbins - RG","#52 Keith Young - RT",,"#95 Richard Green - DT",,"#77 Donny Creshendo - DT","#99 Charles Castello - DT","#96 Jeffery Bonk - RDE","#31 Lawrence Givens - FS","#32 Rudolph Forster - CB",,"#33 Willard Fry - CB","#46 Simon Brendle - CB","#38 Thomas Davis - CB",,,,"#3 Adam Bruce - SLB","#39 Michael Boss - FS",,,,,,,,,,,,,,,,,,,,,,,,,,,,,,,,,,,,
SFO,8:21,"SFO 22",3,4,2,Punt,"Punt Return",,7,7,"4-2-SFO 22 (8:20) 8-Ralph Frost punts 42 yards to SEA 36. Fair Catch by 15-Andres Nelson.",,,,,,,,,,,,,,,,,,"#8 Ralph Frost - P",,,,,,,,,,,,,,,,,,,"#86 Oliver Austin - FB",,"#15 Andres Nelson - WR",,,"#39 Michael Boss - FS","#31 Lawrence Givens - FS","#47 Bill “Butcher” Cutting - CB",,"#84 Danny Flynn - WR","#3 Adam Bruce - SLB",,"#38 Thomas Davis - CB",,,,"#67 Ashley Pate - LT","#52 Keith Young - RT","#42 Andrew Piper - LT","#69 Edward McElroy - C","#76 Gary Robbins - RG","#70 Ignacio Graham - C",,"#77 Donny Creshendo - DT","#99 Charles Castello - DT","#95 Richard Green - DT","#96 Jeffery Bonk - RDE",,,,,,,
SEA,8:12,"SEA 36",3,1,10,"Singleback Big WR Deep","4-3 Under Double Safety Blitz",13,7,7,"1-10-SEA 36 (8:13) 16-George Brewster pass complete to 2-Scott Greenleaf to SEA 49 for 13 yards. Tackle by 92-Charles Choe. SEA 75-Joseph Paille was injured on the play. He looks like he should be able to return.","#16 George Brewster - QB","#40 Dale Glover - FB",,,,"#2 Scott Greenleaf - WR","#82 Nathaniel Poe - WR","#83 Tyler Legg - WR",,"#15 Andres Nelson - WR",,,"#74 Wilbur Reed - LT","#61 Ernest Wallace - LG","#54 John Proctor - C","#70 Van Gertz - RG","#75 Joseph Paille - RT",,"#93 Adam Allen - RDE",,"#96 Alfred Sexton - DT","#71 Robert Owens - LDE","#50 Don Polanco - RDE","#53 Cole Fried - MLB","#25 Jeffrey Campbell - CB",,"#92 Charles Choe - MLB","#26 Harvey Schmucker - CB","#48 Donald Lindquist - CB",,,,"#34 Kieth Davis - SS","#77 David Martel - CB",,,,,,,,,,,,,,,,,,,,,,,,,,,,,,,,,,,,
SEA,7:33,"SEA 49",3,1,10,"I Formation 3WR FL Post","Dime Normal Man Cover 1",-8,7,7,"1-10-SEA 49 (7:32) 16-George Brewster sacked at SEA 41 for -8 yards (50-Don Polanco). Sack allowed by 61-Ernest Wallace. 61-Ernest Wallace was caught flat-footed on this play.","#16 George Brewster - QB","#25 Michael Kennedy - WR",,,"#40 Dale Glover - FB",,,"#84 Danny Flynn - WR","#82 Nathaniel Poe - WR","#2 Scott Greenleaf - WR",,,"#74 Wilbur Reed - LT","#61 Ernest Wallace - LG","#54 John Proctor - C","#70 Van Gertz - RG","#73 Anthony Johnson - RT",,"#93 Adam Allen - RDE",,"#96 Alfred Sexton - DT","#71 Robert Owens - LDE","#50 Don Polanco - RDE",,"#57 Joseph Langston - MLB",,,"#26 Harvey Schmucker - CB","#25 Jeffrey Campbell - CB","#95 Carlos Henry - SS","#43 Robert Hayes - CB",,"#34 Kieth Davis - SS","#77 David Martel - CB",,,,,,,,,,,,,,,,,,,,,,,,,,,,,,,,,,,,
SEA,6:56,"SEA 41",3,2,18,"I Formation Twin WR Hard Slants","4-3 Normal OLB Blitz Inside",13,7,7,"2-18-SEA 41 (6:55) 16-George Brewster pass complete to 15-Andres Nelson to SFO 46 for 13 yards. Tackle by 48-Donald Lindquist.","#16 George Brewster - QB","#83 Tyler Legg - WR",,,"#40 Dale Glover - FB","#2 Scott Greenleaf - WR",,"#82 Nathaniel Poe - WR",,"#15 Andres Nelson - WR",,,"#74 Wilbur Reed - LT","#61 Ernest Wallace - LG","#54 John Proctor - C","#70 Van Gertz - RG","#73 Anthony Johnson - RT",,"#93 Adam Allen - RDE",,"#96 Alfred Sexton - DT","#71 Robert Owens - LDE","#50 Don Polanco - RDE","#25 Jeffrey Campbell - CB","#57 Joseph Langston - MLB",,"#92 Charles Choe - MLB","#26 Harvey Schmucker - CB","#48 Donald Lindquist - CB",,,,"#34 Kieth Davis - SS","#77 David Martel - CB",,,,,,,,,,,,,,,,,,,,,,,,,,,,,,,,,,,,
SEA,6:22,"SFO 46",3,3,5,"I Formation Normal FL Hitch","4-3 Normal WLB Outside Blitz",-5,7,7,"3-5-SFO 46 (6:21) 16-George Brewster sacked at SEA 49 for -5 yards (92-Charles Choe). Sack allowed by 61-Ernest Wallace.","#16 George Brewster - QB","#5 Jeffrey Moylan - RB",,,"#83 Tyler Legg - WR","#40 Dale Glover - FB",,"#80 Anthony Niles - WR",,"#2 Scott Greenleaf - WR",,,"#74 Wilbur Reed - LT","#61 Ernest Wallace - LG","#54 John Proctor - C","#70 Van Gertz - RG","#73 Anthony Johnson - RT",,"#93 Adam Allen - RDE",,"#96 Alfred Sexton - DT","#71 Robert Owens - LDE","#50 Don Polanco - RDE","#25 Jeffrey Campbell - CB","#57 Joseph Langston - MLB",,"#92 Charles Choe - MLB","#26 Harvey Schmucker - CB","#48 Donald Lindquist - CB",,,,"#34 Kieth Davis - SS","#77 David Martel - CB",,,,,,,,,,,,,,,,,,,,,,,,,,,,,,,,,,,,
SEA,5:49,"SEA 49",3,4,10,Punt,"Punt Return",,7,7,"4-10-SEA 49 (5:48) 9-Steven Benoit punts 45 yards to SFO 5. Fair Catch by 39-William Munoz.",,,,,,,,,,,,,,,,,,"#9 Steven Benoit - P",,,,,,,,,,,,,,,,,,,"#79 Luther Willis - LT",,"#39 William Munoz - RB",,,"#79 Michael Duprey - FS","#58 Juan Yates - WLB","#25 Jeffrey Campbell - CB",,"#53 Cole Fried - MLB","#56 Michael Dahlgren - CB",,"#84 Maynard Hazelton - WR",,,,"#73 Anthony Johnson - RT","#79 Keith Kissell - LG","#74 Wilbur Reed - LT","#40 Dale Glover - FB","#71 Willie Duke - LG","#61 Ernest Wallace - LG",,"#78 Mark Burns - FS","#50 Don Polanco - RDE","#96 Alfred Sexton - DT","#71 Robert Owens - LDE",,,,,,,
SFO,5:40,"SFO 5",3,1,10,"I Formation 3WR WR Out","4-3 Normal Man QB Spy",7,7,7,"1-10-SFO 5 (5:41) 4-Max Tucker pass complete to 85-Jorge Fries to SFO 12 for 7 yards. Tackle by 46-Simon Brendle. PENALTY - Pass Interference (SEA 46-Simon Brendle)","#4 Max Tucker - QB","#84 Maynard Hazelton - WR",,,"#86 Oliver Austin - FB",,,"#1 Jorge Fries - WR","#88 Terence Davis - WR","#16 Philip Robinson - WR",,,"#67 Ashley Pate - LT","#69 Edward McElroy - C","#68 John Hall - LT","#76 Gary Robbins - RG","#52 Keith Young - RT",,"#95 Richard Green - DT",,"#77 Donny Creshendo - DT","#99 Charles Castello - DT","#96 Jeffery Bonk - RDE","#49 Daniel Plainview - SS","#32 Rudolph Forster - CB",,"#33 Willard Fry - CB","#46 Simon Brendle - CB","#38 Thomas Davis - CB",,,,"#34 David Duppstadt - SS","#20 Ryan Schuldt - CB",,,,,,,,,,,,,,,,,,,,,,,,,,,,,,,,,,,,
SFO,5:37,"SFO 13",3,1,10,"Singleback Normal HB Inside Weak","4-3 Normal WLB Outside Blitz",-2,7,7,"1-10-SFO 13 (5:38) 39-William Munoz ran to SFO 12 for -2 yards. Tackle by 33-Willard Fry.","#4 Max Tucker - QB","#39 William Munoz - RB",,,,"#87 Matthew Laney - TE",,"#1 Jorge Fries - WR","#88 Terence Davis - WR","#16 Philip Robinson - WR",,,"#67 Ashley Pate - LT","#69 Edward McElroy - C","#68 John Hall - LT","#76 Gary Robbins - RG","#52 Keith Young - RT",,"#95 Richard Green - DT",,"#77 Donny Creshendo - DT","#99 Charles Castello - DT","#96 Jeffery Bonk - RDE","#31 Lawrence Givens - FS","#32 Rudolph Forster - CB",,"#33 Willard Fry - CB","#46 Simon Brendle - CB","#38 Thomas Davis - CB",,,,"#3 Adam Bruce - SLB","#39 Michael Boss - FS",,,,,,,,,,,,,,,,,,,,,,,,,,,,,,,,,,,,
SFO,4:55,"SFO 12",3,2,12,"I Formation Normal HB Dive","46 Normal Inside Blitz",2,7,7,"2-12-SFO 12 (4:54) 84-Maynard Hazelton ran to SFO 14 for 2 yards. Tackle by 50-Lawrence Givens.","#4 Max Tucker - QB","#84 Maynard Hazelton - WR",,,"#86 Oliver Austin - FB","#87 Matthew Laney - TE",,"#1 Jorge Fries - WR",,"#16 Philip Robinson - WR",,,"#67 Ashley Pate - LT","#69 Edward McElroy - C","#68 John Hall - LT","#76 Gary Robbins - RG","#52 Keith Young - RT",,"#95 Richard Green - DT",,"#77 Donny Creshendo - DT","#99 Charles Castello - DT","#96 Jeffery Bonk - RDE","#31 Lawrence Givens - FS","#32 Rudolph Forster - CB",,"#33 Willard Fry - CB","#46 Simon Brendle - CB","#38 Thomas Davis - CB",,,,"#3 Adam Bruce - SLB","#39 Michael Boss - FS",,,,,,,,,,,,,,,,,,,,,,,,,,,,,,,,,,,,
SFO,4:14,"SFO 14",3,3,10,"I Formation Twin WR Quick Outs","4-3 Normal Man Under 1",,7,7,"3-10-SFO 14 (4:13) 4-Max Tucker pass Pass knocked down by 39-Michael Boss. incomplete, intended for 87-Matthew Laney. PENALTY - Pass Interference (SEA 39-Michael Boss)","#4 Max Tucker - QB","#39 William Munoz - RB",,,"#86 Oliver Austin - FB","#87 Matthew Laney - TE",,"#1 Jorge Fries - WR",,"#16 Philip Robinson - WR",,,"#67 Ashley Pate - LT","#69 Edward McElroy - C","#68 John Hall - LT","#76 Gary Robbins - RG","#52 Keith Young - RT",,"#95 Richard Green - DT",,"#77 Donny Creshendo - DT","#99 Charles Castello - DT","#96 Jeffery Bonk - RDE","#31 Lawrence Givens - FS","#32 Rudolph Forster - CB",,"#33 Willard Fry - CB","#46 Simon Brendle - CB","#38 Thomas Davis - CB",,,,"#3 Adam Bruce - SLB","#39 Michael Boss - FS",,,,,,,,,,,,,,,,,,,,,,,,,,,,,,,,,,,,
SFO,4:09,"SFO 19",3,1,10,"I Formation Twin WR Quick Outs","4-3 Under Double LB Blitz",,7,7,"1-10-SFO 19 (4:10) 4-Max Tucker pass Pass knocked down by 37-Adam Bruce. incomplete, intended for 85-Jorge Fries.","#4 Max Tucker - QB","#39 William Munoz - RB",,,"#86 Oliver Austin - FB","#87 Matthew Laney - TE",,"#1 Jorge Fries - WR",,"#16 Philip Robinson - WR",,,"#67 Ashley Pate - LT","#69 Edward McElroy - C","#68 John Hall - LT","#76 Gary Robbins - RG","#52 Keith Young - RT",,"#95 Richard Green - DT",,"#77 Donny Creshendo - DT","#99 Charles Castello - DT","#96 Jeffery Bonk - RDE","#31 Lawrence Givens - FS","#32 Rudolph Forster - CB",,"#33 Willard Fry - CB","#46 Simon Brendle - CB","#38 Thomas Davis - CB",,,,"#3 Adam Bruce - SLB","#39 Michael Boss - FS",,,,,,,,,,,,,,,,,,,,,,,,,,,,,,,,,,,,
SFO,4:06,"SFO 19",3,2,10,"Singleback Normal SE Quick Hit","4-3 Normal Double WR2",,7,7,"2-10-SFO 19 (4:07) 4-Max Tucker pass incomplete, dropped by 87-Matthew Laney.","#4 Max Tucker - QB","#39 William Munoz - RB",,,,"#87 Matthew Laney - TE",,"#1 Jorge Fries - WR","#88 Terence Davis - WR","#16 Philip Robinson - WR",,,"#67 Ashley Pate - LT","#69 Edward McElroy - C","#68 John Hall - LT","#76 Gary Robbins - RG","#52 Keith Young - RT",,"#95 Richard Green - DT",,"#77 Donny Creshendo - DT","#99 Charles Castello - DT","#96 Jeffery Bonk - RDE","#31 Lawrence Givens - FS","#32 Rudolph Forster - CB",,"#33 Willard Fry - CB","#46 Simon Brendle - CB","#38 Thomas Davis - CB",,,,"#3 Adam Bruce - SLB","#39 Michael Boss - FS",,,,,,,,,,,,,,,,,,,,,,,,,,,,,,,,,,,,
SFO,4:03,"SFO 19",3,3,10,"I Formation 3WR Backfield Flats","4-3 Normal WLB MLB Blitz",80,7,7,"3-10-SFO 19 (4:04) 4-Max Tucker pass complete to 88-Terence Davis to SEA 2 for 80 yards. Tackle by 39-Michael Boss. 39-Michael Boss got away with a hold on that play.","#4 Max Tucker - QB","#39 William Munoz - RB",,,"#86 Oliver Austin - FB",,,"#1 Jorge Fries - WR","#88 Terence Davis - WR","#16 Philip Robinson - WR",,,"#67 Ashley Pate - LT","#69 Edward McElroy - C","#68 John Hall - LT","#76 Gary Robbins - RG","#52 Keith Young - RT",,"#95 Richard Green - DT",,"#77 Donny Creshendo - DT","#99 Charles Castello - DT","#96 Jeffery Bonk - RDE","#31 Lawrence Givens - FS","#32 Rudolph Forster - CB",,"#33 Willard Fry - CB","#46 Simon Brendle - CB","#38 Thomas Davis - CB",,,,"#3 Adam Bruce - SLB","#39 Michael Boss - FS",,,,,,,,,,,,,,,,,,,,,,,,,,,,,,,,,,,,
SFO,3:18,"SEA 2",3,1,2,"Singleback 4 Wide Quick Outs","Dime Normal Man Cover 1",,7,7,"1-2-SEA 2 (3:17) 4-Max Tucker pass incomplete, intended for 18-Travis Daniel. Pressure by 77-Donny Creshendo.","#4 Max Tucker - QB","#84 Maynard Hazelton - WR",,,,,,"#1 Jorge Fries - WR","#18 Travis Daniel - WR","#16 Philip Robinson - WR","#13 Juan Clark - WR",,"#67 Ashley Pate - LT","#42 Andrew Piper - LT","#68 John Hall - LT","#76 Gary Robbins - RG","#81 Johnie Annis - LG",,"#95 Richard Green - DT",,"#77 Donny Creshendo - DT","#93 David Pharr - DT","#96 Jeffery Bonk - RDE",,"#49 Daniel Plainview - SS",,,"#46 Simon Brendle - CB","#38 Thomas Davis - CB","#21 David Goldstein - WLB","#47 Bill “Butcher” Cutting - CB",,"#34 David Duppstadt - SS","#20 Ryan Schuldt - CB",,,,,,,,,,,,,,,,,,,,,,,,,,,,,,,,,,,,
SFO,3:13,"SEA 2",3,2,2,"Singleback Normal HB Dive Strong","4-3 Normal WLB Outside Blitz",2,13,7,"2-2-SEA 2 (3:14) 84-Maynard Hazelton ran for 2 yards. TOUCHDOWN! SFO 13 SEA 7","#4 Max Tucker - QB","#84 Maynard Hazelton - WR",,,,"#87 Matthew Laney - TE",,"#16 Philip Robinson - WR","#13 Juan Clark - WR","#18 Travis Daniel - WR",,,"#67 Ashley Pate - LT","#69 Edward McElroy - C","#68 John Hall - LT","#76 Gary Robbins - RG","#52 Keith Young - RT",,"#95 Richard Green - DT",,"#77 Donny Creshendo - DT","#99 Charles Castello - DT","#96 Jeffery Bonk - RDE","#41 Joshua Bean - MLB","#49 Daniel Plainview - SS",,"#91 Rodney Henry - WLB","#46 Simon Brendle - CB","#38 Thomas Davis - CB",,,,"#34 David Duppstadt - SS","#20 Ryan Schuldt - CB",,,,,,,,,,,,,,,,,,,,,,,,,,,,,,,,,,,,
SFO,3:11,"SEA 15",3,7,15,"Field Goal","FG Block",25,14,7,"(3:12) Extra point GOOD by 9-Rudy Ashby. SFO 14 SEA 7",,,,,,,,,,,,,,,,,,,,,,,,,,,,,,,,,,,,"#50 Don Polanco - RDE","#86 Oliver Austin - FB",,,,,,,,,,,,,,"#9 Rudy Ashby - K","#41 John White - RG","#67 Ashley Pate - LT","#52 Keith Young - RT","#42 Andrew Piper - LT","#69 Edward McElroy - C","#76 Gary Robbins - RG","#70 Ignacio Graham - C","#32 Adam Demello - FB","#91 Rodney Henry - WLB","#99 Charles Castello - DT","#77 Donny Creshendo - DT","#96 Jeffery Bonk - RDE","#49 Daniel Plainview - SS","#74 Wilbur Reed - LT","#75 Joseph Paille - RT","#95 Richard Green - DT","#97 Ronald Morris - LDE","#93 David Pharr - DT","#38 Thomas Davis - CB"
SFO,3:11,"SFO 35",3,6,10,Kickoff,"Kick Return",,14,7,"(3:12) 9-Rudy Ashby kicks 74 yards from SFO 35 to SEA -9. 82-Nathaniel Poe to SEA 29 for 39 yards. Tackle by 58-Juan Yates.",,,,,,,,,,,,,,,,,,,,,,,,,,,,,,,,,,,,,,"#82 Nathaniel Poe - WR",,"#32 Rudolph Forster - CB","#49 Daniel Plainview - SS","#47 Bill “Butcher” Cutting - CB","#20 Ryan Schuldt - CB","#31 Lawrence Givens - FS","#91 Rodney Henry - WLB","#15 Andres Nelson - WR","#5 Jeffrey Moylan - RB","#34 David Duppstadt - SS","#21 David Goldstein - WLB","#9 Rudy Ashby - K",,,,,,,,,,,,,,,,,,,,
SEA,3:05,"SEA 29",3,1,10,"Goal Line Normal HB Outside Strong","Goal Line Attack #3",-0,14,7,"1-10-SEA 29 (3:06) 11-Michael Kennedy ran to SEA 29 for a short loss. Tackle by 57-Joseph Langston.","#16 George Brewster - QB","#25 Michael Kennedy - WR",,"#43 Richard Marion - RB","#83 Tyler Legg - WR","#40 Dale Glover - FB","#2 Scott Greenleaf - WR",,,,,,"#74 Wilbur Reed - LT","#61 Ernest Wallace - LG","#54 John Proctor - C","#70 Van Gertz - RG","#75 Joseph Paille - RT",,"#93 Adam Allen - RDE","#50 Don Polanco - RDE","#96 Alfred Sexton - DT","#71 Robert Owens - LDE","#54 Richard Cox - MLB","#53 Cole Fried - MLB","#57 Joseph Langston - MLB",,"#52 Brian Frazier - MLB","#26 Harvey Schmucker - CB","#25 Jeffrey Campbell - CB",,,,"#34 Kieth Davis - SS",,,,,,,,,,,,,,,,,,,,,,,,,,,,,,,,,,,,,
SEA,2:34,"SEA 29",3,2,10,"Singleback Big TE Flat Curl","4-3 Normal SLB Middle Blitz",-8,14,7,"2-10-SEA 29 (2:33) 16-George Brewster sacked at SEA 21 for -8 yards (50-Don Polanco). Sack allowed by 74-Wilbur Reed.","#16 George Brewster - QB","#40 Dale Glover - FB",,,,"#2 Scott Greenleaf - WR","#82 Nathaniel Poe - WR","#83 Tyler Legg - WR",,"#15 Andres Nelson - WR",,,"#74 Wilbur Reed - LT","#61 Ernest Wallace - LG","#54 John Proctor - C","#70 Van Gertz - RG","#75 Joseph Paille - RT",,"#93 Adam Allen - RDE",,"#96 Alfred Sexton - DT","#71 Robert Owens - LDE","#50 Don Polanco - RDE","#25 Jeffrey Campbell - CB","#57 Joseph Langston - MLB",,"#92 Charles Choe - MLB","#26 Harvey Schmucker - CB","#48 Donald Lindquist - CB",,,,"#34 Kieth Davis - SS","#77 David Martel - CB",,,,,,,,,,,,,,,,,,,,,,,,,,,,,,,,,,,,
SEA,1:56,"SEA 21",3,3,18,"I Formation Twin WR Hard Slants","4-3 Under Double Safety Blitz",8,14,7,"3-18-SEA 21 (1:55) 16-George Brewster pass complete to 80-Anthony Niles to SEA 29 for 8 yards. Tackle by 53-Cole Fried.","#16 George Brewster - QB","#83 Tyler Legg - WR",,,"#40 Dale Glover - FB","#2 Scott Greenleaf - WR",,"#80 Anthony Niles - WR",,"#15 Andres Nelson - WR",,,"#74 Wilbur Reed - LT","#61 Ernest Wallace - LG","#54 John Proctor - C","#70 Van Gertz - RG","#75 Joseph Paille - RT",,"#93 Adam Allen - RDE",,"#96 Alfred Sexton - DT","#71 Robert Owens - LDE","#50 Don Polanco - RDE","#53 Cole Fried - MLB","#25 Jeffrey Campbell - CB",,"#92 Charles Choe - MLB","#26 Harvey Schmucker - CB","#48 Donald Lindquist - CB",,,,"#34 Kieth Davis - SS","#77 David Martel - CB",,,,,,,,,,,,,,,,,,,,,,,,,,,,,,,,,,,,
SEA,1:21,"SEA 29",3,4,10,Punt,"Punt Return",,14,7,"4-10-SEA 29 (1:20) 9-Steven Benoit punts 43 yards to SFO 27. 39-William Munoz to SFO 29 for 2 yards. Tackle by 50-Lawrence Givens.",,,,,,,,,,,,,,,,,,"#9 Steven Benoit - P",,,,,,,,,,,,,,,,,,,"#79 Luther Willis - LT",,"#39 William Munoz - RB",,,"#79 Michael Duprey - FS","#58 Juan Yates - WLB","#25 Jeffrey Campbell - CB",,"#71 Robert Owens - LDE","#56 Michael Dahlgren - CB",,"#84 Maynard Hazelton - WR",,,,"#79 Keith Kissell - LG","#71 Willie Duke - LG","#74 Wilbur Reed - LT","#75 Joseph Paille - RT","#40 Dale Glover - FB","#73 Anthony Johnson - RT",,"#78 Mark Burns - FS","#50 Don Polanco - RDE","#96 Alfred Sexton - DT","#53 Cole Fried - MLB",,,,,,,
SFO,1:11,"SFO 29",3,1,10,"I Formation Normal FL Hitch","4-3 Normal OLB Blitz Outside",70,20,7,"1-10-SFO 29 (1:12) 4-Max Tucker pass complete to 16-Philip Robinson to SEA 0 for 70 yards. TOUCHDOWN! SFO 20 SEA 7","#4 Max Tucker - QB","#84 Maynard Hazelton - WR",,,"#86 Oliver Austin - FB","#87 Matthew Laney - TE",,"#1 Jorge Fries - WR",,"#16 Philip Robinson - WR",,,"#67 Ashley Pate - LT","#69 Edward McElroy - C","#68 John Hall - LT","#76 Gary Robbins - RG","#52 Keith Young - RT",,"#95 Richard Green - DT",,"#77 Donny Creshendo - DT","#99 Charles Castello - DT","#96 Jeffery Bonk - RDE","#49 Daniel Plainview - SS","#32 Rudolph Forster - CB",,"#33 Willard Fry - CB","#46 Simon Brendle - CB","#38 Thomas Davis - CB",,,,"#34 David Duppstadt - SS","#20 Ryan Schuldt - CB",,,,,,,,,,,,,,,,,,,,,,,,,,,,,,,,,,,,
SFO,1:01,"SEA 15",3,7,15,"Field Goal","FG Block",25,21,7,"(1:02) Extra point GOOD by 9-Rudy Ashby. SFO 21 SEA 7",,,,,,,,,,,,,,,,,,,,,,,,,,,,,,,,,,,,"#50 Don Polanco - RDE","#41 John White - RG",,,,,,,,,,,,,,"#9 Rudy Ashby - K","#52 Keith Young - RT","#70 Ignacio Graham - C","#67 Ashley Pate - LT","#42 Andrew Piper - LT","#69 Edward McElroy - C","#76 Gary Robbins - RG","#32 Adam Demello - FB","#39 William Munoz - RB","#3 Adam Bruce - SLB","#99 Charles Castello - DT","#77 Donny Creshendo - DT","#96 Jeffery Bonk - RDE","#74 Wilbur Reed - LT","#75 Joseph Paille - RT","#39 Michael Boss - FS","#97 Ronald Morris - LDE","#91 Rodney Henry - WLB","#31 Lawrence Givens - FS","#93 David Pharr - DT"
SFO,1:01,"SFO 35",3,6,10,Kickoff,"Kick Return",75,21,7,"(1:02) 9-Rudy Ashby kicks 75 yards from SFO 35 to SEA -10. Touchback.",,,,,,,,,,,,,,,,,,,,,,,,,,,,,,,,,,,,,,"#82 Nathaniel Poe - WR",,"#84 Danny Flynn - WR","#31 Lawrence Givens - FS","#47 Bill “Butcher” Cutting - CB","#3 Adam Bruce - SLB","#39 Michael Boss - FS","#91 Rodney Henry - WLB","#15 Andres Nelson - WR","#5 Jeffrey Moylan - RB","#33 Willard Fry - CB","#21 David Goldstein - WLB","#9 Rudy Ashby - K",,,,,,,,,,,,,,,,,,,,
SEA,1:01,"SEA 25",3,1,10,"I Formation Twin WR Quick Outs","4-3 Normal Double WR1",6,21,7,"1-10-SEA 25 (1:02) 16-George Brewster pass complete to 82-Nathaniel Poe to SEA 31 for 6 yards. Tackle by 34-Kieth Davis.","#16 George Brewster - QB","#83 Tyler Legg - WR",,,"#40 Dale Glover - FB","#2 Scott Greenleaf - WR",,"#82 Nathaniel Poe - WR",,"#15 Andres Nelson - WR",,,"#74 Wilbur Reed - LT","#61 Ernest Wallace - LG","#54 John Proctor - C","#70 Van Gertz - RG","#75 Joseph Paille - RT",,"#93 Adam Allen - RDE",,"#96 Alfred Sexton - DT","#71 Robert Owens - LDE","#50 Don Polanco - RDE","#25 Jeffrey Campbell - CB","#57 Joseph Langston - MLB",,"#92 Charles Choe - MLB","#26 Harvey Schmucker - CB","#48 Donald Lindquist - CB",,,,"#34 Kieth Davis - SS","#77 David Martel - CB",,,,,,,,,,,,,,,,,,,,,,,,,,,,,,,,,,,,
SEA,0:21,"SEA 31",3,2,4,"I Formation Power HB Strong Outside","Goal Line 3 Deep Zone Under",6,21,7,"2-4-SEA 31 (0:20) 11-Michael Kennedy ran to SEA 36 for 6 yards. Tackle by 57-Joseph Langston.","#16 George Brewster - QB","#25 Michael Kennedy - WR",,"#83 Tyler Legg - WR","#40 Dale Glover - FB","#2 Scott Greenleaf - WR",,"#82 Nathaniel Poe - WR",,,,,"#74 Wilbur Reed - LT","#61 Ernest Wallace - LG","#54 John Proctor - C","#70 Van Gertz - RG","#75 Joseph Paille - RT",,"#93 Adam Allen - RDE","#71 Robert Owens - LDE","#96 Alfred Sexton - DT","#79 Michael Duprey - FS","#50 Don Polanco - RDE","#53 Cole Fried - MLB","#57 Joseph Langston - MLB",,"#92 Charles Choe - MLB","#26 Harvey Schmucker - CB","#25 Jeffrey Campbell - CB",,,,"#34 Kieth Davis - SS",,,,,,,,,,,,,,,,,,,,,,,,,,,,,,,,,,,,,
,0:00,,3,1,10,,,,21,7,"End of third quarter.",,,,,,,,,,,,,,,,,,,,,,,,,,,,,,,,,,,,,,,,,,,,,,,,,,,,,,,,,,,,,,,,,,,,,,
SEA,15:00,"SEA 36",4,1,10,"I Formation 3WR WR Out","Dime Normal Man Cover 1",,21,7,"1-10-SEA 36 (15:00) 16-George Brewster pass incomplete, intended for 2-Scott Greenleaf.","#16 George Brewster - QB","#5 Jeffrey Moylan - RB",,,"#40 Dale Glover - FB",,,"#84 Danny Flynn - WR","#82 Nathaniel Poe - WR","#2 Scott Greenleaf - WR",,,"#74 Wilbur Reed - LT","#61 Ernest Wallace - LG","#54 John Proctor - C","#70 Van Gertz - RG","#75 Joseph Paille - RT",,"#93 Adam Allen - RDE",,"#96 Alfred Sexton - DT","#71 Robert Owens - LDE","#50 Don Polanco - RDE",,"#57 Joseph Langston - MLB",,,"#26 Harvey Schmucker - CB","#25 Jeffrey Campbell - CB","#95 Carlos Henry - SS","#43 Robert Hayes - CB",,"#34 Kieth Davis - SS","#77 David Martel - CB",,,,,,,,,,,,,,,,,,,,,,,,,,,,,,,,,,,,
SEA,14:57,"SEA 36",4,2,10,"I Formation 3WR Slot Short WR Deep","Dime Normal Double WR1 WR2",11,21,7,"2-10-SEA 36 (14:58) 16-George Brewster pass complete to 82-Nathaniel Poe to SEA 48 for 11 yards. Tackle by 57-Joseph Langston. 43-Robert Hayes got away with a hold on that play.","#16 George Brewster - QB","#25 Michael Kennedy - WR",,,"#40 Dale Glover - FB",,,"#84 Danny Flynn - WR","#82 Nathaniel Poe - WR","#2 Scott Greenleaf - WR",,,"#74 Wilbur Reed - LT","#61 Ernest Wallace - LG","#54 John Proctor - C","#70 Van Gertz - RG","#75 Joseph Paille - RT",,"#93 Adam Allen - RDE",,"#96 Alfred Sexton - DT","#71 Robert Owens - LDE","#50 Don Polanco - RDE",,"#57 Joseph Langston - MLB",,,"#26 Harvey Schmucker - CB","#25 Jeffrey Campbell - CB","#95 Carlos Henry - SS","#43 Robert Hayes - CB",,"#34 Kieth Davis - SS","#77 David Martel - CB",,,,,,,,,,,,,,,,,,,,,,,,,,,,,,,,,,,,
SEA,14:10,"SEA 48",4,1,10,"Strong I Normal HB Off Tackle Strong","4-3 Normal WLB MLB Blitz",4,21,7,"1-10-SEA 48 (14:09) 5-Jeffrey Moylan ran to SFO 48 for 4 yards. Tackle by 92-Charles Choe.","#16 George Brewster - QB","#5 Jeffrey Moylan - RB",,,"#83 Tyler Legg - WR","#40 Dale Glover - FB",,"#80 Anthony Niles - WR",,"#15 Andres Nelson - WR",,,"#74 Wilbur Reed - LT","#61 Ernest Wallace - LG","#54 John Proctor - C","#70 Van Gertz - RG","#73 Anthony Johnson - RT",,"#93 Adam Allen - RDE",,"#96 Alfred Sexton - DT","#71 Robert Owens - LDE","#50 Don Polanco - RDE","#25 Jeffrey Campbell - CB","#57 Joseph Langston - MLB",,"#92 Charles Choe - MLB","#26 Harvey Schmucker - CB","#48 Donald Lindquist - CB",,,,"#34 Kieth Davis - SS","#77 David Martel - CB",,,,,,,,,,,,,,,,,,,,,,,,,,,,,,,,,,,,
SEA,13:32,"SFO 48",4,2,6,"Weak I Normal HB Inside Weak","4-3 Normal OLB Blitz Inside",4,21,7,"2-6-SFO 48 (13:31) 5-Jeffrey Moylan ran to SFO 46 for 2 yards. 5-Jeffrey Moylan FUMBLES (25-Jeffrey Campbell) recovered by SEA-73-Anthony Johnson at SFO 45. Tackle by 34-Kieth Davis.","#16 George Brewster - QB","#5 Jeffrey Moylan - RB",,,"#83 Tyler Legg - WR","#40 Dale Glover - FB",,"#80 Anthony Niles - WR",,"#15 Andres Nelson - WR",,,"#74 Wilbur Reed - LT","#61 Ernest Wallace - LG","#54 John Proctor - C","#70 Van Gertz - RG","#73 Anthony Johnson - RT",,"#93 Adam Allen - RDE",,"#96 Alfred Sexton - DT","#71 Robert Owens - LDE","#50 Don Polanco - RDE","#25 Jeffrey Campbell - CB","#57 Joseph Langston - MLB",,"#92 Charles Choe - MLB","#26 Harvey Schmucker - CB","#48 Donald Lindquist - CB",,,,"#34 Kieth Davis - SS","#77 David Martel - CB",,,,,,,,,,,,,,,,,,,,,,,,,,,,,,,,,,,,
SEA,12:56,"SFO 45",4,3,2,"Strong I Normal HB Off Tackle Strong","4-3 Normal WLB Outside Blitz",3,21,7,"3-2-SFO 45 (12:55) 11-Michael Kennedy ran to SFO 41 for 3 yards. Tackle by 25-Jeffrey Campbell.","#16 George Brewster - QB","#25 Michael Kennedy - WR",,,"#83 Tyler Legg - WR","#40 Dale Glover - FB",,"#82 Nathaniel Poe - WR",,"#80 Anthony Niles - WR",,,"#74 Wilbur Reed - LT","#61 Ernest Wallace - LG","#54 John Proctor - C","#70 Van Gertz - RG","#73 Anthony Johnson - RT",,"#93 Adam Allen - RDE",,"#96 Alfred Sexton - DT","#71 Robert Owens - LDE","#50 Don Polanco - RDE","#25 Jeffrey Campbell - CB","#57 Joseph Langston - MLB",,"#92 Charles Choe - MLB","#26 Harvey Schmucker - CB","#48 Donald Lindquist - CB",,,,"#34 Kieth Davis - SS","#77 David Martel - CB",,,,,,,,,,,,,,,,,,,,,,,,,,,,,,,,,,,,
SEA,12:17,"SFO 41",4,1,10,"I Formation Normal FL Hitch","4-3 Normal WLB Outside Blitz",2,21,7,"1-10-SFO 41 (12:16) 16-George Brewster pass complete to 82-Nathaniel Poe to SFO 39 for 2 yards. Tackle by 26-Harvey Schmucker.","#16 George Brewster - QB","#5 Jeffrey Moylan - RB",,,"#83 Tyler Legg - WR","#40 Dale Glover - FB",,"#82 Nathaniel Poe - WR",,"#2 Scott Greenleaf - WR",,,"#74 Wilbur Reed - LT","#61 Ernest Wallace - LG","#54 John Proctor - C","#70 Van Gertz - RG","#75 Joseph Paille - RT",,"#93 Adam Allen - RDE",,"#96 Alfred Sexton - DT","#71 Robert Owens - LDE","#50 Don Polanco - RDE","#25 Jeffrey Campbell - CB","#57 Joseph Langston - MLB",,"#92 Charles Choe - MLB","#26 Harvey Schmucker - CB","#48 Donald Lindquist - CB",,,,"#34 Kieth Davis - SS","#77 David Martel - CB",,,,,,,,,,,,,,,,,,,,,,,,,,,,,,,,,,,,
SEA,11:38,"SFO 39",4,2,8,"Strong I Normal HB Off Tackle Strong","3-4 Normal Double Blitz",4,21,7,"2-8-SFO 39 (11:37) 5-Jeffrey Moylan ran to SFO 35 for 4 yards. Tackle by 57-Joseph Langston.","#16 George Brewster - QB","#5 Jeffrey Moylan - RB",,,"#83 Tyler Legg - WR","#40 Dale Glover - FB",,"#82 Nathaniel Poe - WR",,"#80 Anthony Niles - WR",,,"#74 Wilbur Reed - LT","#61 Ernest Wallace - LG","#54 John Proctor - C","#70 Van Gertz - RG","#73 Anthony Johnson - RT",,"#93 Adam Allen - RDE",,"#96 Alfred Sexton - DT",,"#50 Don Polanco - RDE","#53 Cole Fried - MLB","#25 Jeffrey Campbell - CB","#57 Joseph Langston - MLB","#92 Charles Choe - MLB","#26 Harvey Schmucker - CB","#48 Donald Lindquist - CB",,,,"#34 Kieth Davis - SS","#77 David Martel - CB",,,,,,,,,,,,,,,,,,,,,,,,,,,,,,,,,,,,
SEA,11:04,"SFO 35",4,3,3,"I Formation 3WR HB Inside Strong","Dime Normal Double WR1 WR2",6,21,7,"3-3-SFO 35 (11:03) 11-Michael Kennedy ran to SFO 29 for 6 yards. Tackle by 57-Joseph Langston. SEA 75-Joseph Paille was injured on the play.","#16 George Brewster - QB","#25 Michael Kennedy - WR",,,"#40 Dale Glover - FB",,,"#84 Danny Flynn - WR","#82 Nathaniel Poe - WR","#2 Scott Greenleaf - WR",,,"#74 Wilbur Reed - LT","#61 Ernest Wallace - LG","#54 John Proctor - C","#70 Van Gertz - RG","#75 Joseph Paille - RT",,"#93 Adam Allen - RDE",,"#96 Alfred Sexton - DT","#71 Robert Owens - LDE","#50 Don Polanco - RDE",,"#57 Joseph Langston - MLB",,,"#26 Harvey Schmucker - CB","#25 Jeffrey Campbell - CB","#95 Carlos Henry - SS","#43 Robert Hayes - CB",,"#34 Kieth Davis - SS","#77 David Martel - CB",,,,,,,,,,,,,,,,,,,,,,,,,,,,,,,,,,,,
SEA,10:24,"SFO 29",4,1,10,"I Formation 3WR HB Inside Weak","Dime Normal Double WR1 WR2",5,21,7,"1-10-SFO 29 (10:23) 5-Jeffrey Moylan ran to SFO 24 for 5 yards. Tackle by 57-Joseph Langston.","#16 George Brewster - QB","#5 Jeffrey Moylan - RB",,,"#40 Dale Glover - FB",,,"#84 Danny Flynn - WR","#82 Nathaniel Poe - WR","#2 Scott Greenleaf - WR",,,"#74 Wilbur Reed - LT","#61 Ernest Wallace - LG","#54 John Proctor - C","#70 Van Gertz - RG","#73 Anthony Johnson - RT",,"#93 Adam Allen - RDE",,"#96 Alfred Sexton - DT","#71 Robert Owens - LDE","#50 Don Polanco - RDE",,"#57 Joseph Langston - MLB",,,"#26 Harvey Schmucker - CB","#25 Jeffrey Campbell - CB","#95 Carlos Henry - SS","#43 Robert Hayes - CB",,"#34 Kieth Davis - SS","#77 David Martel - CB",,,,,,,,,,,,,,,,,,,,,,,,,,,,,,,,,,,,
SEA,9:47,"SFO 24",4,2,5,"I Formation Normal HB Dive","4-3 Normal OLB Blitz Inside",2,21,7,"2-5-SFO 24 (9:46) 11-Michael Kennedy ran to SFO 22 for 2 yards. Tackle by 25-Jeffrey Campbell.","#16 George Brewster - QB","#25 Michael Kennedy - WR",,,"#83 Tyler Legg - WR","#40 Dale Glover - FB",,"#82 Nathaniel Poe - WR",,"#2 Scott Greenleaf - WR",,,"#74 Wilbur Reed - LT","#61 Ernest Wallace - LG","#54 John Proctor - C","#70 Van Gertz - RG","#73 Anthony Johnson - RT",,"#93 Adam Allen - RDE",,"#96 Alfred Sexton - DT","#71 Robert Owens - LDE","#50 Don Polanco - RDE","#25 Jeffrey Campbell - CB","#57 Joseph Langston - MLB",,"#92 Charles Choe - MLB","#26 Harvey Schmucker - CB","#48 Donald Lindquist - CB",,,,"#34 Kieth Davis - SS","#77 David Martel - CB",,,,,,,,,,,,,,,,,,,,,,,,,,,,,,,,,,,,
SEA,9:04,"SFO 22",4,3,3,"Weak I Normal HB Inside Strong","3-4 Normal Man Cover 1",2,21,7,"3-3-SFO 22 (9:03) 5-Jeffrey Moylan ran to SFO 20 for 2 yards. Tackle by 92-Charles Choe.","#16 George Brewster - QB","#5 Jeffrey Moylan - RB",,,"#83 Tyler Legg - WR","#40 Dale Glover - FB",,"#80 Anthony Niles - WR",,"#15 Andres Nelson - WR",,,"#74 Wilbur Reed - LT","#61 Ernest Wallace - LG","#54 John Proctor - C","#70 Van Gertz - RG","#73 Anthony Johnson - RT",,"#93 Adam Allen - RDE",,"#96 Alfred Sexton - DT",,"#50 Don Polanco - RDE","#53 Cole Fried - MLB","#25 Jeffrey Campbell - CB","#57 Joseph Langston - MLB","#92 Charles Choe - MLB","#26 Harvey Schmucker - CB","#48 Donald Lindquist - CB",,,,"#34 Kieth Davis - SS","#77 David Martel - CB",,,,,,,,,,,,,,,,,,,,,,,,,,,,,,,,,,,,
SEA,8:26,"SFO 20",4,4,2,"Field Goal","FG Block",31,21,10,"4-2-SFO 20 (8:25) 13-Winford Ferraro 39 yard field goal is GOOD. SFO 21 SEA 10",,,,,,,,,,,,,,,,,,,,,,,,,,,,,,,,,,,,"#1 Matthew Park - QB","#79 Luther Willis - LT",,,,,,,,,,,,,,"#13 Winford Ferraro - K","#2 Scott Greenleaf - WR","#73 Anthony Johnson - RT","#79 Keith Kissell - LG","#74 Wilbur Reed - LT","#40 Dale Glover - FB","#71 Willie Duke - LG","#61 Ernest Wallace - LG","#70 Van Gertz - RG","#53 Cole Fried - MLB","#50 Don Polanco - RDE","#96 Alfred Sexton - DT","#71 Robert Owens - LDE","#51 Steven Hutto - SLB","#95 Carlos Henry - SS","#92 Charles Choe - MLB","#93 Adam Allen - RDE","#78 Mark Burns - FS","#57 Joseph Langston - MLB","#43 Robert Hayes - CB"
SEA,8:21,"SEA 35",4,6,10,Kickoff,"Kick Return",,21,10,"(8:22) 13-Winford Ferraro kicks 74 yards from SEA 35 to SFO -9. Touchback.",,,,,,,,,,,,,,,,,,,,,,,,,,,,,,,,,,,,,,"#39 William Munoz - RB",,"#92 Charles Choe - MLB","#56 Michael Dahlgren - CB","#50 Don Polanco - RDE","#53 Cole Fried - MLB","#25 Jeffrey Campbell - CB","#84 Maynard Hazelton - WR","#79 Michael Duprey - FS","#96 Alfred Sexton - DT","#58 Juan Yates - WLB","#71 Robert Owens - LDE","#13 Winford Ferraro - K",,,,,,,,,,,,,,,,,,,,
SFO,8:21,"SFO 25",4,1,10,"Singleback Normal SE Quick Hit","4-3 Normal Double WR3",,21,10,"1-10-SFO 25 (8:22) 4-Max Tucker pass Pass knocked down by 51-Rudolph Forster. incomplete, intended for 88-Terence Davis. The offense has gone to that play a few too many times.","#4 Max Tucker - QB","#84 Maynard Hazelton - WR",,,,"#87 Matthew Laney - TE",,"#1 Jorge Fries - WR","#88 Terence Davis - WR","#16 Philip Robinson - WR",,,"#67 Ashley Pate - LT","#69 Edward McElroy - C","#68 John Hall - LT","#76 Gary Robbins - RG","#52 Keith Young - RT",,"#95 Richard Green - DT",,"#77 Donny Creshendo - DT","#99 Charles Castello - DT","#96 Jeffery Bonk - RDE","#31 Lawrence Givens - FS","#32 Rudolph Forster - CB",,"#33 Willard Fry - CB","#46 Simon Brendle - CB","#38 Thomas Davis - CB",,,,"#3 Adam Bruce - SLB","#39 Michael Boss - FS",,,,,,,,,,,,,,,,,,,,,,,,,,,,,,,,,,,,
SFO,8:19,"SFO 25",4,2,10,"I Formation 3WR WR Out","4-3 Normal Man QB Spy",11,21,10,"2-10-SFO 25 (8:20) 4-Max Tucker pass complete to 85-Jorge Fries to SFO 36 for 11 yards. Tackle by 46-Simon Brendle.","#4 Max Tucker - QB","#39 William Munoz - RB",,,"#86 Oliver Austin - FB",,,"#1 Jorge Fries - WR","#88 Terence Davis - WR","#16 Philip Robinson - WR",,,"#67 Ashley Pate - LT","#69 Edward McElroy - C","#68 John Hall - LT","#76 Gary Robbins - RG","#52 Keith Young - RT",,"#95 Richard Green - DT",,"#77 Donny Creshendo - DT","#99 Charles Castello - DT","#96 Jeffery Bonk - RDE","#31 Lawrence Givens - FS","#32 Rudolph Forster - CB",,"#33 Willard Fry - CB","#46 Simon Brendle - CB","#38 Thomas Davis - CB",,,,"#3 Adam Bruce - SLB","#39 Michael Boss - FS",,,,,,,,,,,,,,,,,,,,,,,,,,,,,,,,,,,,
SFO,7:44,"SFO 36",4,1,10,"Singleback Normal HB Inside Weak","4-3 Normal WLB Outside Blitz",-1,21,10,"1-10-SFO 36 (7:43) 84-Maynard Hazelton ran to SFO 35 for -1 yards. Tackle by 33-Willard Fry.","#4 Max Tucker - QB","#84 Maynard Hazelton - WR",,,,"#87 Matthew Laney - TE",,"#1 Jorge Fries - WR","#88 Terence Davis - WR","#16 Philip Robinson - WR",,,"#67 Ashley Pate - LT","#69 Edward McElroy - C","#68 John Hall - LT","#76 Gary Robbins - RG","#52 Keith Young - RT",,"#95 Richard Green - DT",,"#77 Donny Creshendo - DT","#99 Charles Castello - DT","#96 Jeffery Bonk - RDE","#31 Lawrence Givens - FS","#32 Rudolph Forster - CB",,"#33 Willard Fry - CB","#46 Simon Brendle - CB","#38 Thomas Davis - CB",,,,"#3 Adam Bruce - SLB","#20 Ryan Schuldt - CB",,,,,,,,,,,,,,,,,,,,,,,,,,,,,,,,,,,,
SFO,7:04,"SFO 35",4,2,11,"Singleback Normal HB Inside Weak","4-3 Normal WLB Outside Blitz",-2,21,10,"2-11-SFO 35 (7:03) 39-William Munoz ran to SFO 33 for -2 yards. Tackle by 33-Willard Fry.","#4 Max Tucker - QB","#39 William Munoz - RB",,,,"#87 Matthew Laney - TE",,"#1 Jorge Fries - WR","#88 Terence Davis - WR","#16 Philip Robinson - WR",,,"#67 Ashley Pate - LT","#69 Edward McElroy - C","#68 John Hall - LT","#76 Gary Robbins - RG","#52 Keith Young - RT",,"#95 Richard Green - DT",,"#77 Donny Creshendo - DT","#99 Charles Castello - DT","#96 Jeffery Bonk - RDE","#31 Lawrence Givens - FS","#32 Rudolph Forster - CB",,"#33 Willard Fry - CB","#46 Simon Brendle - CB","#38 Thomas Davis - CB",,,,"#3 Adam Bruce - SLB","#39 Michael Boss - FS",,,,,,,,,,,,,,,,,,,,,,,,,,,,,,,,,,,,
SFO,6:23,"SFO 33",4,3,13,"I Formation 3WR HB Inside Weak","4-3 Normal Man Under 1",5,21,10,"3-13-SFO 33 (6:22) 39-William Munoz ran to SFO 38 for 5 yards. Tackle by 50-Lawrence Givens.","#4 Max Tucker - QB","#39 William Munoz - RB",,,"#86 Oliver Austin - FB",,,"#1 Jorge Fries - WR","#88 Terence Davis - WR","#16 Philip Robinson - WR",,,"#67 Ashley Pate - LT","#69 Edward McElroy - C","#68 John Hall - LT","#76 Gary Robbins - RG","#52 Keith Young - RT",,"#95 Richard Green - DT",,"#77 Donny Creshendo - DT","#99 Charles Castello - DT","#96 Jeffery Bonk - RDE","#31 Lawrence Givens - FS","#32 Rudolph Forster - CB",,"#33 Willard Fry - CB","#46 Simon Brendle - CB","#38 Thomas Davis - CB",,,,"#3 Adam Bruce - SLB","#39 Michael Boss - FS",,,,,,,,,,,,,,,,,,,,,,,,,,,,,,,,,,,,
SFO,5:48,"SFO 38",4,4,8,Punt,"Punt Return",,21,10,"4-8-SFO 38 (5:47) 8-Ralph Frost punts 54 yards to SEA 8. Fair Catch by 15-Andres Nelson.",,,,,,,,,,,,,,,,,,"#8 Ralph Frost - P",,,,,,,,,,,,,,,,,,,"#86 Oliver Austin - FB",,"#15 Andres Nelson - WR",,,"#39 Michael Boss - FS","#31 Lawrence Givens - FS","#47 Bill “Butcher” Cutting - CB",,"#84 Danny Flynn - WR","#3 Adam Bruce - SLB",,"#38 Thomas Davis - CB",,,,"#67 Ashley Pate - LT","#52 Keith Young - RT","#42 Andrew Piper - LT","#69 Edward McElroy - C","#76 Gary Robbins - RG","#70 Ignacio Graham - C",,"#77 Donny Creshendo - DT","#99 Charles Castello - DT","#95 Richard Green - DT","#96 Jeffery Bonk - RDE",,,,,,,
SEA,5:39,"SEA 8",4,1,10,"I Formation Twin WR Hard Slants","4-3 Normal Man QB Spy",,21,10,"1-10-SEA 8 (5:40) 16-George Brewster pass Pass knocked down by 26-Harvey Schmucker. incomplete, intended for 82-Nathaniel Poe.","#16 George Brewster - QB","#83 Tyler Legg - WR",,,"#40 Dale Glover - FB","#2 Scott Greenleaf - WR",,"#82 Nathaniel Poe - WR",,"#15 Andres Nelson - WR",,,"#74 Wilbur Reed - LT","#61 Ernest Wallace - LG","#54 John Proctor - C","#70 Van Gertz - RG","#73 Anthony Johnson - RT",,"#93 Adam Allen - RDE",,"#96 Alfred Sexton - DT","#71 Robert Owens - LDE","#50 Don Polanco - RDE","#53 Cole Fried - MLB","#57 Joseph Langston - MLB",,"#92 Charles Choe - MLB","#26 Harvey Schmucker - CB","#48 Donald Lindquist - CB",,,,"#34 Kieth Davis - SS","#77 David Martel - CB",,,,,,,,,,,,,,,,,,,,,,,,,,,,,,,,,,,,
SEA,5:35,"SEA 8",4,2,10,"I Formation Normal FL Hitch","4-3 Normal WLB Outside Blitz",7,21,10,"2-10-SEA 8 (5:36) 16-George Brewster pass complete to 82-Nathaniel Poe to SEA 15 for 7 yards. Tackle by 34-Kieth Davis.","#16 George Brewster - QB","#5 Jeffrey Moylan - RB",,,"#83 Tyler Legg - WR","#40 Dale Glover - FB",,"#82 Nathaniel Poe - WR",,"#2 Scott Greenleaf - WR",,,"#74 Wilbur Reed - LT","#61 Ernest Wallace - LG","#54 John Proctor - C","#70 Van Gertz - RG","#73 Anthony Johnson - RT",,"#93 Adam Allen - RDE",,"#96 Alfred Sexton - DT","#71 Robert Owens - LDE","#50 Don Polanco - RDE","#25 Jeffrey Campbell - CB","#57 Joseph Langston - MLB",,"#92 Charles Choe - MLB","#26 Harvey Schmucker - CB","#48 Donald Lindquist - CB",,,,"#34 Kieth Davis - SS","#77 David Martel - CB",,,,,,,,,,,,,,,,,,,,,,,,,,,,,,,,,,,,
SEA,5:10,"SEA 15",4,3,3,"Singleback Normal TE Quick Out","4-3 Normal SLB Middle Blitz",,21,10,"3-3-SEA 15 (5:09) 16-George Brewster pass Pass knocked down by 92-Charles Choe. incomplete, intended for 84-Danny Flynn. Pressure by 50-Don Polanco.","#16 George Brewster - QB","#25 Michael Kennedy - WR",,,,"#2 Scott Greenleaf - WR",,"#80 Anthony Niles - WR","#84 Danny Flynn - WR","#15 Andres Nelson - WR",,,"#74 Wilbur Reed - LT","#61 Ernest Wallace - LG","#54 John Proctor - C","#70 Van Gertz - RG","#75 Joseph Paille - RT",,"#93 Adam Allen - RDE",,"#96 Alfred Sexton - DT","#71 Robert Owens - LDE","#50 Don Polanco - RDE","#25 Jeffrey Campbell - CB","#57 Joseph Langston - MLB",,"#92 Charles Choe - MLB","#26 Harvey Schmucker - CB","#48 Donald Lindquist - CB",,,,"#34 Kieth Davis - SS","#77 David Martel - CB",,,,,,,,,,,,,,,,,,,,,,,,,,,,,,,,,,,,
SEA,5:05,"SEA 15",4,4,3,"I Formation Power Play Action HB Downfield","Goal Line 3 Deep Zone Under",-1,21,10,"4-3-SEA 15 (5:06) 16-George Brewster sacked at SEA 15 for -1 yards (50-Don Polanco). Sack allowed by 43-Richard Marion. Turnover on downs.","#16 George Brewster - QB","#5 Jeffrey Moylan - RB",,"#43 Richard Marion - RB","#83 Tyler Legg - WR","#40 Dale Glover - FB",,"#82 Nathaniel Poe - WR",,,,,"#74 Wilbur Reed - LT","#61 Ernest Wallace - LG","#54 John Proctor - C","#70 Van Gertz - RG","#75 Joseph Paille - RT",,"#93 Adam Allen - RDE","#71 Robert Owens - LDE","#96 Alfred Sexton - DT","#79 Michael Duprey - FS","#50 Don Polanco - RDE","#53 Cole Fried - MLB","#57 Joseph Langston - MLB",,"#92 Charles Choe - MLB","#26 Harvey Schmucker - CB","#25 Jeffrey Campbell - CB",,,,"#34 Kieth Davis - SS",,,,,,,,,,,,,,,,,,,,,,,,,,,,,,,,,,,,,
SFO,4:59,"SEA 15",4,1,10,"Split Backs 3 Wide Slot Post","4-3 Normal Man Under 1",,21,10,"1-10-SEA 15 (5:00) 4-Max Tucker pass Pass knocked down by 46-Simon Brendle. incomplete, intended for 88-Terence Davis. Pressure by 96-Jeffery Bonk. 39-Michael Boss got away with a hold on that play.","#4 Max Tucker - QB","#39 William Munoz - RB",,,"#86 Oliver Austin - FB",,,"#1 Jorge Fries - WR","#88 Terence Davis - WR","#16 Philip Robinson - WR",,,"#67 Ashley Pate - LT","#69 Edward McElroy - C","#68 John Hall - LT","#76 Gary Robbins - RG","#52 Keith Young - RT",,"#95 Richard Green - DT",,"#77 Donny Creshendo - DT","#99 Charles Castello - DT","#96 Jeffery Bonk - RDE","#31 Lawrence Givens - FS","#32 Rudolph Forster - CB",,"#33 Willard Fry - CB","#46 Simon Brendle - CB","#38 Thomas Davis - CB",,,,"#3 Adam Bruce - SLB","#39 Michael Boss - FS",,,,,,,,,,,,,,,,,,,,,,,,,,,,,,,,,,,,
SFO,4:56,"SEA 15",4,2,10,"I Formation Normal HB Dive","4-3 Normal Man QB Spy",8,21,10,"2-10-SEA 15 (4:57) 84-Maynard Hazelton ran to SEA 7 for 8 yards. Tackle by 33-Willard Fry.","#4 Max Tucker - QB","#84 Maynard Hazelton - WR",,,"#86 Oliver Austin - FB","#87 Matthew Laney - TE",,"#1 Jorge Fries - WR",,"#16 Philip Robinson - WR",,,"#67 Ashley Pate - LT","#69 Edward McElroy - C","#68 John Hall - LT","#76 Gary Robbins - RG","#52 Keith Young - RT",,"#95 Richard Green - DT",,"#77 Donny Creshendo - DT","#99 Charles Castello - DT","#96 Jeffery Bonk - RDE","#31 Lawrence Givens - FS","#32 Rudolph Forster - CB",,"#33 Willard Fry - CB","#46 Simon Brendle - CB","#38 Thomas Davis - CB",,,,"#3 Adam Bruce - SLB","#39 Michael Boss - FS",,,,,,,,,,,,,,,,,,,,,,,,,,,,,,,,,,,,
SFO,4:24,"SEA 7",4,3,2,"I Formation Normal HB Dive","4-3 Normal OLB Blitz Inside",3,21,10,"3-2-SEA 7 (4:23) 84-Maynard Hazelton ran to SEA 4 for 3 yards. Tackle by 50-Lawrence Givens. SEA 65-Richard Green was injured on the play.","#4 Max Tucker - QB","#84 Maynard Hazelton - WR",,,"#86 Oliver Austin - FB","#87 Matthew Laney - TE",,"#1 Jorge Fries - WR",,"#16 Philip Robinson - WR",,,"#67 Ashley Pate - LT","#69 Edward McElroy - C","#68 John Hall - LT","#76 Gary Robbins - RG","#52 Keith Young - RT",,"#95 Richard Green - DT",,"#77 Donny Creshendo - DT","#99 Charles Castello - DT","#96 Jeffery Bonk - RDE","#31 Lawrence Givens - FS","#32 Rudolph Forster - CB",,"#33 Willard Fry - CB","#46 Simon Brendle - CB","#38 Thomas Davis - CB",,,,"#3 Adam Bruce - SLB","#39 Michael Boss - FS",,,,,,,,,,,,,,,,,,,,,,,,,,,,,,,,,,,,
SFO,3:52,"SEA 4",4,1,4,"Singleback Normal SE Quick Hit","4-3 Normal Double WR3",1,21,10,"1-4-SEA 4 (3:51) 4-Max Tucker pass complete to 39-William Munoz to SEA 3 for 1 yards. Tackle by 50-Lawrence Givens.","#4 Max Tucker - QB","#39 William Munoz - RB",,,,"#87 Matthew Laney - TE",,"#1 Jorge Fries - WR","#88 Terence Davis - WR","#16 Philip Robinson - WR",,,"#67 Ashley Pate - LT","#69 Edward McElroy - C","#68 John Hall - LT","#76 Gary Robbins - RG","#52 Keith Young - RT",,"#97 Ronald Morris - LDE",,"#77 Donny Creshendo - DT","#99 Charles Castello - DT","#96 Jeffery Bonk - RDE","#31 Lawrence Givens - FS","#32 Rudolph Forster - CB",,"#33 Willard Fry - CB","#46 Simon Brendle - CB","#38 Thomas Davis - CB",,,,"#3 Adam Bruce - SLB","#39 Michael Boss - FS",,,,,,,,,,,,,,,,,,,,,,,,,,,,,,,,,,,,
SFO,3:14,"SEA 3",4,2,3,"I Formation Normal FL Hitch","4-3 Normal OLB Blitz Outside",,21,10,"2-3-SEA 3 (3:13) PENALTY - False Start (SFO 87-Matthew Laney)","#4 Max Tucker - QB","#84 Maynard Hazelton - WR",,,"#86 Oliver Austin - FB","#87 Matthew Laney - TE",,"#1 Jorge Fries - WR",,"#16 Philip Robinson - WR",,,"#67 Ashley Pate - LT","#69 Edward McElroy - C","#68 John Hall - LT","#76 Gary Robbins - RG","#52 Keith Young - RT",,"#97 Ronald Morris - LDE",,"#77 Donny Creshendo - DT","#99 Charles Castello - DT","#96 Jeffery Bonk - RDE","#31 Lawrence Givens - FS","#32 Rudolph Forster - CB",,"#33 Willard Fry - CB","#46 Simon Brendle - CB","#38 Thomas Davis - CB",,,,"#3 Adam Bruce - SLB","#39 Michael Boss - FS",,,,,,,,,,,,,,,,,,,,,,,,,,,,,,,,,,,,
SFO,3:12,"SEA 8",4,2,8,"Shotgun 5 Wide Parallel Slants","Dime Normal Man Cover 1",,21,10,"2-8-SEA 8 (3:13) 4-Max Tucker pass incomplete, intended for 18-Travis Daniel. PENALTY - Pass Interference (SEA 20-Ryan Schuldt)","#4 Max Tucker - QB",,,,,,,"#1 Jorge Fries - WR","#88 Terence Davis - WR","#16 Philip Robinson - WR","#18 Travis Daniel - WR","#13 Juan Clark - WR","#67 Ashley Pate - LT","#69 Edward McElroy - C","#68 John Hall - LT","#76 Gary Robbins - RG","#52 Keith Young - RT",,"#95 Richard Green - DT",,"#77 Donny Creshendo - DT","#99 Charles Castello - DT","#96 Jeffery Bonk - RDE",,"#32 Rudolph Forster - CB",,,"#46 Simon Brendle - CB","#38 Thomas Davis - CB","#20 Ryan Schuldt - CB","#47 Bill “Butcher” Cutting - CB",,"#3 Adam Bruce - SLB","#39 Michael Boss - FS",,,,,,,,,,,,,,,,,,,,,,,,,,,,,,,,,,,,
SFO,3:09,"SEA 1",4,1,1,"I Formation 3WR WR Out","46 Normal Inside Blitz",,21,10,"1-1-SEA 1 (3:10) 4-Max Tucker pass incomplete, intended for 88-Terence Davis.","#4 Max Tucker - QB","#39 William Munoz - RB",,,"#86 Oliver Austin - FB",,,"#1 Jorge Fries - WR","#88 Terence Davis - WR","#16 Philip Robinson - WR",,,"#67 Ashley Pate - LT","#69 Edward McElroy - C","#68 John Hall - LT","#76 Gary Robbins - RG","#52 Keith Young - RT",,"#95 Richard Green - DT",,"#77 Donny Creshendo - DT","#99 Charles Castello - DT","#96 Jeffery Bonk - RDE","#31 Lawrence Givens - FS","#32 Rudolph Forster - CB",,"#33 Willard Fry - CB","#46 Simon Brendle - CB","#38 Thomas Davis - CB",,,,"#3 Adam Bruce - SLB","#39 Michael Boss - FS",,,,,,,,,,,,,,,,,,,,,,,,,,,,,,,,,,,,
SFO,3:06,"SEA 1",4,2,1,"Strong I Normal HB Dive Strong","4-3 Normal OLB Blitz Outside",1,27,10,"2-1-SEA 1 (3:07) 84-Maynard Hazelton ran for 1 yards. TOUCHDOWN! SFO 27 SEA 10","#4 Max Tucker - QB","#84 Maynard Hazelton - WR",,,"#86 Oliver Austin - FB","#87 Matthew Laney - TE",,"#1 Jorge Fries - WR",,"#16 Philip Robinson - WR",,,"#67 Ashley Pate - LT","#69 Edward McElroy - C","#68 John Hall - LT","#76 Gary Robbins - RG","#52 Keith Young - RT",,"#95 Richard Green - DT",,"#77 Donny Creshendo - DT","#99 Charles Castello - DT","#96 Jeffery Bonk - RDE","#31 Lawrence Givens - FS","#32 Rudolph Forster - CB",,"#33 Willard Fry - CB","#46 Simon Brendle - CB","#38 Thomas Davis - CB",,,,"#3 Adam Bruce - SLB","#39 Michael Boss - FS",,,,,,,,,,,,,,,,,,,,,,,,,,,,,,,,,,,,
SFO,3:05,"SEA 15",4,7,15,"Field Goal","FG Block",26,28,10,"(3:06) Extra point GOOD by 9-Rudy Ashby. SFO 28 SEA 10",,,,,,,,,,,,,,,,,,,,,,,,,,,,,,,,,,,,"#50 Don Polanco - RDE","#86 Oliver Austin - FB",,,,,,,,,,,,,,"#9 Rudy Ashby - K","#39 William Munoz - RB","#67 Ashley Pate - LT","#52 Keith Young - RT","#42 Andrew Piper - LT","#69 Edward McElroy - C","#76 Gary Robbins - RG","#70 Ignacio Graham - C","#32 Adam Demello - FB","#3 Adam Bruce - SLB","#99 Charles Castello - DT","#77 Donny Creshendo - DT","#96 Jeffery Bonk - RDE","#39 Michael Boss - FS","#93 David Pharr - DT","#31 Lawrence Givens - FS","#97 Ronald Morris - LDE","#91 Rodney Henry - WLB","#33 Willard Fry - CB","#95 Richard Green - DT"
SFO,3:05,"SFO 35",4,6,10,Kickoff,"Kick Return",,28,10,"(3:06) 9-Rudy Ashby kicks 75 yards from SFO 35 to SEA -10. 82-Nathaniel Poe to SEA 26 for 36 yards. Tackle by 92-Charles Choe.",,,,,,,,,,,,,,,,,,,,,,,,,,,,,,,,,,,,,,"#82 Nathaniel Poe - WR",,"#32 Rudolph Forster - CB","#49 Daniel Plainview - SS","#47 Bill “Butcher” Cutting - CB","#20 Ryan Schuldt - CB","#39 Michael Boss - FS","#91 Rodney Henry - WLB","#15 Andres Nelson - WR","#5 Jeffrey Moylan - RB","#34 David Duppstadt - SS","#21 David Goldstein - WLB","#9 Rudy Ashby - K",,,,,,,,,,,,,,,,,,,,
SEA,2:59,"SEA 26",4,1,10,"I Formation 3WR Slot Short WR Deep","Dime Normal Double WR1 WR2",7,28,10,"1-10-SEA 26 (3:00) 16-George Brewster pass complete to 11-Michael Kennedy to SEA 33 for 7 yards. Tackle by 95-Carlos Henry.","#16 George Brewster - QB","#25 Michael Kennedy - WR",,,"#40 Dale Glover - FB",,,"#84 Danny Flynn - WR","#80 Anthony Niles - WR","#2 Scott Greenleaf - WR",,,"#74 Wilbur Reed - LT","#61 Ernest Wallace - LG","#54 John Proctor - C","#70 Van Gertz - RG","#75 Joseph Paille - RT",,"#93 Adam Allen - RDE",,"#96 Alfred Sexton - DT","#71 Robert Owens - LDE","#54 Richard Cox - MLB",,"#57 Joseph Langston - MLB",,,"#26 Harvey Schmucker - CB","#25 Jeffrey Campbell - CB","#95 Carlos Henry - SS","#43 Robert Hayes - CB",,"#34 Kieth Davis - SS","#77 David Martel - CB",,,,,,,,,,,,,,,,,,,,,,,,,,,,,,,,,,,,
SEA,2:35,"SEA 33",4,2,3,"I Formation 3WR Slot Short WR Deep","Dime Normal Man Cover 1",9,28,10,"2-3-SEA 33 (2:34) 16-George Brewster pass complete to 82-Nathaniel Poe to SEA 41 for 9 yards. Tackle by 57-Joseph Langston.","#16 George Brewster - QB","#5 Jeffrey Moylan - RB",,,"#40 Dale Glover - FB",,,"#84 Danny Flynn - WR","#82 Nathaniel Poe - WR","#2 Scott Greenleaf - WR",,,"#74 Wilbur Reed - LT","#61 Ernest Wallace - LG","#54 John Proctor - C","#70 Van Gertz - RG","#75 Joseph Paille - RT",,"#93 Adam Allen - RDE",,"#96 Alfred Sexton - DT","#71 Robert Owens - LDE","#50 Don Polanco - RDE",,"#57 Joseph Langston - MLB",,,"#26 Harvey Schmucker - CB","#25 Jeffrey Campbell - CB","#95 Carlos Henry - SS","#43 Robert Hayes - CB",,"#34 Kieth Davis - SS","#77 David Martel - CB",,,,,,,,,,,,,,,,,,,,,,,,,,,,,,,,,,,,
SEA,2:08,"SEA 41",4,1,10,"I Formation Normal FL Hitch","Dime Normal Man Cover 1",,28,10,"1-10-SEA 41 (2:07) 16-George Brewster pass complete to 80-Anthony Niles to SFO 22 for 37 yards. 80-Anthony Niles FUMBLES (34-Kieth Davis) recovered by SFO-34-Kieth Davis to SFO 24 for 8 yards. Pushed out of bounds by 25-Tyler Legg.","#16 George Brewster - QB","#43 Richard Marion - RB",,,"#83 Tyler Legg - WR","#40 Dale Glover - FB",,"#80 Anthony Niles - WR",,"#15 Andres Nelson - WR",,,"#74 Wilbur Reed - LT","#61 Ernest Wallace - LG","#54 John Proctor - C","#70 Van Gertz - RG","#75 Joseph Paille - RT",,"#93 Adam Allen - RDE",,"#96 Alfred Sexton - DT","#71 Robert Owens - LDE","#50 Don Polanco - RDE",,"#57 Joseph Langston - MLB",,,"#26 Harvey Schmucker - CB","#43 Robert Hayes - CB","#48 Donald Lindquist - CB","#95 Carlos Henry - SS",,"#34 Kieth Davis - SS","#77 David Martel - CB",,,,,,,,,,,,,,,,,,,,,,,,,,,,,,,,,,,,
,1:57,,4,1,10,,,,28,10,"Timeout for two minute warning.",,,,,,,,,,,,,,,,,,,,,,,,,,,,,,,,,,,,,,,,,,,,,,,,,,,,,,,,,,,,,,,,,,,,,,
SFO,1:56,"SFO 24",4,1,10,"Singleback Normal HB Dive Strong","4-3 Normal Double WR2",3,28,10,"1-10-SFO 24 (1:57) 39-William Munoz ran to SFO 26 for 3 yards. Tackle by 77-Donny Creshendo.","#4 Max Tucker - QB","#39 William Munoz - RB",,,,"#87 Matthew Laney - TE",,"#1 Jorge Fries - WR","#88 Terence Davis - WR","#16 Philip Robinson - WR",,,"#67 Ashley Pate - LT","#69 Edward McElroy - C","#68 John Hall - LT","#76 Gary Robbins - RG","#52 Keith Young - RT",,"#95 Richard Green - DT",,"#77 Donny Creshendo - DT","#99 Charles Castello - DT","#96 Jeffery Bonk - RDE","#31 Lawrence Givens - FS","#32 Rudolph Forster - CB",,"#33 Willard Fry - CB","#46 Simon Brendle - CB","#38 Thomas Davis - CB",,,,"#3 Adam Bruce - SLB","#39 Michael Boss - FS",,,,,,,,,,,,,,,,,,,,,,,,,,,,,,,,,,,,
,1:55,,4,2,7,,,,28,10,"Timeout SEA",,,,,,,,,,,,,,,,,,,,,,,,,,,,,,,,,,,,,,,,,,,,,,,,,,,,,,,,,,,,,,,,,,,,,,
SFO,1:51,"SFO 26",4,2,7,"Strong I Normal HB Dive Strong","4-3 Normal WLB MLB Blitz",5,28,10,"2-7-SFO 26 (1:52) 84-Maynard Hazelton ran to SFO 31 for 5 yards. Tackle by 37-Adam Bruce.","#4 Max Tucker - QB","#84 Maynard Hazelton - WR",,,"#86 Oliver Austin - FB","#87 Matthew Laney - TE",,"#1 Jorge Fries - WR",,"#16 Philip Robinson - WR",,,"#67 Ashley Pate - LT","#69 Edward McElroy - C","#68 John Hall - LT","#76 Gary Robbins - RG","#52 Keith Young - RT",,"#95 Richard Green - DT",,"#77 Donny Creshendo - DT","#99 Charles Castello - DT","#96 Jeffery Bonk - RDE","#31 Lawrence Givens - FS","#32 Rudolph Forster - CB",,"#33 Willard Fry - CB","#46 Simon Brendle - CB","#38 Thomas Davis - CB",,,,"#3 Adam Bruce - SLB","#39 Michael Boss - FS",,,,,,,,,,,,,,,,,,,,,,,,,,,,,,,,,,,,
,1:50,,4,3,3,,,,28,10,"Timeout SEA",,,,,,,,,,,,,,,,,,,,,,,,,,,,,,,,,,,,,,,,,,,,,,,,,,,,,,,,,,,,,,,,,,,,,,
SFO,1:46,"SFO 31",4,3,3,"Singleback Normal SE Quick Hit","4-3 Normal Double WR3",,28,10,"3-3-SFO 31 (1:47) 4-Max Tucker pass Pass knocked down by 38-Thomas Davis. incomplete, intended for 16-Philip Robinson. The offense seems to be calling that play a lot.","#4 Max Tucker - QB","#39 William Munoz - RB",,,,"#87 Matthew Laney - TE",,"#1 Jorge Fries - WR","#88 Terence Davis - WR","#16 Philip Robinson - WR",,,"#67 Ashley Pate - LT","#69 Edward McElroy - C","#68 John Hall - LT","#76 Gary Robbins - RG","#52 Keith Young - RT",,"#95 Richard Green - DT",,"#77 Donny Creshendo - DT","#99 Charles Castello - DT","#96 Jeffery Bonk - RDE","#31 Lawrence Givens - FS","#32 Rudolph Forster - CB",,"#33 Willard Fry - CB","#46 Simon Brendle - CB","#38 Thomas Davis - CB",,,,"#3 Adam Bruce - SLB","#39 Michael Boss - FS",,,,,,,,,,,,,,,,,,,,,,,,,,,,,,,,,,,,
SFO,1:43,"SFO 31",4,4,3,Punt,"Punt Return",,28,10,"4-3-SFO 31 (1:44) 8-Ralph Frost punts 51 yards to SEA 19. Fair Catch by 15-Andres Nelson.",,,,,,,,,,,,,,,,,,"#8 Ralph Frost - P",,,,,,,,,,,,,,,,,,,"#86 Oliver Austin - FB",,"#15 Andres Nelson - WR",,,"#39 Michael Boss - FS","#31 Lawrence Givens - FS","#47 Bill “Butcher” Cutting - CB",,"#84 Danny Flynn - WR","#3 Adam Bruce - SLB",,"#38 Thomas Davis - CB",,,,"#67 Ashley Pate - LT","#52 Keith Young - RT","#42 Andrew Piper - LT","#69 Edward McElroy - C","#76 Gary Robbins - RG","#70 Ignacio Graham - C",,"#77 Donny Creshendo - DT","#99 Charles Castello - DT","#95 Richard Green - DT","#96 Jeffery Bonk - RDE",,,,,,,
SEA,1:36,"SEA 19",4,1,10,"I Formation Power PA Flats","Dime Normal Man Cover 1",1,28,10,"1-10-SEA 19 (1:37) 16-George Brewster pass complete to 11-Michael Kennedy to SEA 19 for 1 yards. Tackle by 48-Donald Lindquist.","#16 George Brewster - QB","#25 Michael Kennedy - WR",,"#83 Tyler Legg - WR","#40 Dale Glover - FB","#2 Scott Greenleaf - WR",,"#82 Nathaniel Poe - WR",,,,,"#74 Wilbur Reed - LT","#61 Ernest Wallace - LG","#54 John Proctor - C","#70 Van Gertz - RG","#75 Joseph Paille - RT",,"#93 Adam Allen - RDE",,"#96 Alfred Sexton - DT","#71 Robert Owens - LDE","#50 Don Polanco - RDE",,"#57 Joseph Langston - MLB",,,"#26 Harvey Schmucker - CB","#43 Robert Hayes - CB","#48 Donald Lindquist - CB","#95 Carlos Henry - SS",,"#34 Kieth Davis - SS","#77 David Martel - CB",,,,,,,,,,,,,,,,,,,,,,,,,,,,,,,,,,,,
SEA,1:15,"SEA 19",4,2,9,"Singleback Normal SE Quick Hit","Dime Normal Man Cover 1",1,28,10,"2-9-SEA 19 (1:14) 16-George Brewster pass complete to 82-Nathaniel Poe to SEA 20 for 1 yards. Tackle by 43-Robert Hayes.","#16 George Brewster - QB","#5 Jeffrey Moylan - RB",,,,"#2 Scott Greenleaf - WR",,"#80 Anthony Niles - WR","#15 Andres Nelson - WR","#82 Nathaniel Poe - WR",,,"#74 Wilbur Reed - LT","#61 Ernest Wallace - LG","#54 John Proctor - C","#70 Van Gertz - RG","#75 Joseph Paille - RT",,"#93 Adam Allen - RDE",,"#96 Alfred Sexton - DT","#71 Robert Owens - LDE","#50 Don Polanco - RDE",,"#57 Joseph Langston - MLB",,,"#26 Harvey Schmucker - CB","#25 Jeffrey Campbell - CB","#95 Carlos Henry - SS","#43 Robert Hayes - CB",,"#34 Kieth Davis - SS","#77 David Martel - CB",,,,,,,,,,,,,,,,,,,,,,,,,,,,,,,,,,,,
SEA,0:50,"SEA 20",4,3,9,"I Formation 3WR Slot Short WR Deep","Dime Normal Man Cover 1",,28,10,"3-9-SEA 20 (0:49) 16-George Brewster pass incomplete, intended for 84-Danny Flynn. Pressure by 93-Adam Allen.","#16 George Brewster - QB","#43 Richard Marion - RB",,,"#40 Dale Glover - FB",,,"#84 Danny Flynn - WR","#15 Andres Nelson - WR","#80 Anthony Niles - WR",,,"#74 Wilbur Reed - LT","#61 Ernest Wallace - LG","#54 John Proctor - C","#70 Van Gertz - RG","#75 Joseph Paille - RT",,"#93 Adam Allen - RDE",,"#96 Alfred Sexton - DT","#71 Robert Owens - LDE","#50 Don Polanco - RDE",,"#57 Joseph Langston - MLB",,,"#26 Harvey Schmucker - CB","#25 Jeffrey Campbell - CB","#95 Carlos Henry - SS","#43 Robert Hayes - CB",,"#34 Kieth Davis - SS","#77 David Martel - CB",,,,,,,,,,,,,,,,,,,,,,,,,,,,,,,,,,,,
SEA,0:44,"SEA 20",4,4,9,Punt,"Punt Return",,28,10,"4-9-SEA 20 (0:45) 9-Steven Benoit punts 45 yards to SFO 35. Fair Catch by 39-William Munoz.",,,,,,,,,,,,,,,,,,"#9 Steven Benoit - P",,,,,,,,,,,,,,,,,,,"#79 Luther Willis - LT",,"#39 William Munoz - RB",,,"#79 Michael Duprey - FS","#58 Juan Yates - WLB","#25 Jeffrey Campbell - CB",,"#53 Cole Fried - MLB","#56 Michael Dahlgren - CB",,"#84 Maynard Hazelton - WR",,,,"#79 Keith Kissell - LG","#71 Willie Duke - LG","#74 Wilbur Reed - LT","#75 Joseph Paille - RT","#40 Dale Glover - FB","#73 Anthony Johnson - RT",,"#78 Mark Burns - FS","#50 Don Polanco - RDE","#96 Alfred Sexton - DT","#71 Robert Owens - LDE",,,,,,,
SFO,0:37,"SFO 35",4,1,10,"Strong I Normal HB Dive Strong","4-3 Normal Man Under 1",1,28,10,"1-10-SFO 35 (0:38) 32-Adam Demello ran to SFO 35 for 1 yards. Tackle by 99-Charles Castello. SEA 99-Charles Castello was injured on the play.","#4 Max Tucker - QB","#32 Adam Demello - FB",,,"#86 Oliver Austin - FB","#87 Matthew Laney - TE",,"#1 Jorge Fries - WR",,"#16 Philip Robinson - WR",,,"#67 Ashley Pate - LT","#69 Edward McElroy - C","#68 John Hall - LT","#76 Gary Robbins - RG","#52 Keith Young - RT",,"#95 Richard Green - DT",,"#77 Donny Creshendo - DT","#99 Charles Castello - DT","#96 Jeffery Bonk - RDE","#49 Daniel Plainview - SS","#32 Rudolph Forster - CB",,"#33 Willard Fry - CB","#46 Simon Brendle - CB","#38 Thomas Davis - CB",,,,"#34 David Duppstadt - SS","#20 Ryan Schuldt - CB",,,,,,,,,,,,,,,,,,,,,,,,,,,,,,,,,,,,
,0:36,,4,2,9,,,,28,10,"Timeout SEA",,,,,,,,,,,,,,,,,,,,,,,,,,,,,,,,,,,,,,,,,,,,,,,,,,,,,,,,,,,,,,,,,,,,,,
SFO,0:33,"SFO 35",4,2,9,Victory,"Dime Normal Man Cover 1",,28,10,"2-9-SFO 35 (0:34) 4-Max Tucker kneeled down to SFO 35 for 0 yards.","#4 Max Tucker - QB","#39 William Munoz - RB",,"#42 Andrew Piper - LT","#86 Oliver Austin - FB","#87 Matthew Laney - TE","#32 Adam Demello - FB",,,,,,"#67 Ashley Pate - LT","#69 Edward McElroy - C","#68 John Hall - LT","#76 Gary Robbins - RG","#52 Keith Young - RT",,"#95 Richard Green - DT",,"#77 Donny Creshendo - DT","#93 David Pharr - DT","#96 Jeffery Bonk - RDE",,"#32 Rudolph Forster - CB",,,"#46 Simon Brendle - CB","#38 Thomas Davis - CB","#20 Ryan Schuldt - CB","#47 Bill “Butcher” Cutting - CB",,"#3 Adam Bruce - SLB","#39 Michael Boss - FS",,,,,,,,,,,,,,,,,,,,,,,,,,,,,,,,,,,,
,0:00,,4,3,9,,,,28,10,"End of fourth quarter.",,,,,,,,,,,,,,,,,,,,,,,,,,,,,,,,,,,,,,,,,,,,,,,,,,,,,,,,,,,,,,,,,,,,,,
