HasBall,"Game Clock","Ball @",Quarter,Down,YTG,OffensivePlay,DefensivePlay,YardsGained,"Home Score","Away Score",Text,QB1,RB1,RB2,FB2,FB1,TE1,TE2,WR1,WR3,WR2,WR4,WR5,LT1,LG1,C1,RG1,RT1,P1,LDE1,LDE2,DT1,DT2,RDE1,SLB1,MLB1,MLB2,WLB1,CB1,CB2,CB4,CB3,CB5,SS1,FS1,FS2,"Kick Holder1","Long Snapper1","Kick Returner1","Punt Returner1",Gunner10,Gunner7,Gunner2,Gunner6,Gunner1,Gunner8,Gunner3,Gunner4,Gunner9,Gunner5,Kickoffs1,"Field Goal Kicker1","ST Blocker8","ST Blocker5","ST Blocker4","ST Blocker1","ST Blocker2","ST Blocker3","ST Blocker6","ST Blocker7","ST Rusher4","ST Rusher1","ST Rusher2","ST Rusher3","ST Rusher11","ST Rusher10","ST Rusher9","ST Rusher6","ST Rusher5","ST Rusher7","ST Rusher8"
,15:00,,1,3,3,,,,0,0,"GFQ has won the toss and elected to defer.",,,,,,,,,,,,,,,,,,,,,,,,,,,,,,,,,,,,,,,,,,,,,,,,,,,,,,,,,,,,,,,,,,,,,,
GFQ,15:00,"GFQ 35",1,6,10,Kickoff,"Kick Return",,0,0,"(15:00) 15-Larry Carlton kicks 69 yards from GFQ 35 to BMT -4. Touchback.",,,,,,,,,,,,,,,,,,,,,,,,,,,,,,,,,,,,,,"#18 Willie Jenning - RB",,"#44 Mark Wellington - RG","#69 Robert Cook - RT","#88 Thomas Johnson - WR","#58 Alfonso Defelice - LT","#15 Kurt Waring - WR","#54 Jay McCoy - LG","#47 Norman Ayala - FB","#31 Robin Salinas - FB","#51 Emmett Wallace - LG","#86 Eric Fitch - RG","#15 Larry Carlton - K",,,,,,,,,,,,,,,,,,,,
BMT,15:00,"BMT 25",1,1,10,"I Formation 3WR FL Post","Nickel Normal Double WR2",,0,0,"1-10-BMT 25 (15:00) 5-Edwin Ackles pass Pass knocked down by 35-Wyatt Earp. incomplete, intended for 82-Larry Shepherd.","#5 Edwin Ackles - QB","#82 Larry Shepherd - RB",,,"#31 Robin Salinas - FB",,,"#88 Thomas Johnson - WR","#85 Stephen Schmidt - WR","#38 Craig Nadeau - WR",,,"#58 Alfonso Defelice - LT","#51 Emmett Wallace - LG","#57 Dustin McCool - C","#44 Mark Wellington - RG","#69 Robert Cook - RT",,"#63 Thomas Jewell - FS",,"#96 Steven Munoz - FS","#97 Bradley Garrett - FS","#52 David Westbrooks - CB",,"#56 Joseph McCormick - FS",,"#31 Alan Brown - FS","#49 Lester Bryson - CB","#98 Leo Duckett - CB",,"#35 Wyatt Earp - CB",,"#17 Randy Hall - FS","#27 Daniel Person - FS",,,,,,,,,,,,,,,,,,,,,,,,,,,,,,,,,,,,
BMT,14:55,"BMT 25",1,2,10,"Singleback Normal HB Release Mid","Nickel Normal Double WR2",11,0,0,"2-10-BMT 25 (14:56) 5-Edwin Ackles pass complete to 85-Stephen Schmidt to BMT 36 for 11 yards. Tackle by 22-Michael Caulkins. 22-Michael Caulkins got away with a hold on that play.","#5 Edwin Ackles - QB","#18 Willie Jenning - RB",,,,"#82 Larry Shepherd - RB",,"#88 Thomas Johnson - WR","#85 Stephen Schmidt - WR","#38 Craig Nadeau - WR",,,"#58 Alfonso Defelice - LT","#51 Emmett Wallace - LG","#57 Dustin McCool - C","#44 Mark Wellington - RG","#69 Robert Cook - RT",,"#63 Thomas Jewell - FS",,"#96 Steven Munoz - FS","#97 Bradley Garrett - FS","#52 David Westbrooks - CB",,"#92 James Seaman - FS",,"#31 Alan Brown - FS","#49 Lester Bryson - CB","#35 Wyatt Earp - CB",,"#22 Michael Caulkins - CB",,"#25 Scott Morrison - CB","#99 Patrick Queen - FS",,,,,,,,,,,,,,,,,,,,,,,,,,,,,,,,,,,,
BMT,14:20,"BMT 36",1,1,10,"Shotgun Normal HB Flare","Nickel Normal Double WR2",1,0,0,"1-10-BMT 36 (14:19) 5-Edwin Ackles pass complete to 82-Larry Shepherd to BMT 38 for 1 yards. Tackle by 49-Lester Bryson.","#5 Edwin Ackles - QB","#82 Larry Shepherd - RB",,,,"#38 Craig Nadeau - WR",,"#88 Thomas Johnson - WR","#85 Stephen Schmidt - WR","#15 Kurt Waring - WR",,,"#58 Alfonso Defelice - LT","#51 Emmett Wallace - LG","#57 Dustin McCool - C","#44 Mark Wellington - RG","#69 Robert Cook - RT",,"#63 Thomas Jewell - FS",,"#96 Steven Munoz - FS","#97 Bradley Garrett - FS","#52 David Westbrooks - CB",,"#56 Joseph McCormick - FS",,"#94 Zakk Wylde - FS","#49 Lester Bryson - CB","#98 Leo Duckett - CB",,"#35 Wyatt Earp - CB",,"#17 Randy Hall - FS","#27 Daniel Person - FS",,,,,,,,,,,,,,,,,,,,,,,,,,,,,,,,,,,,
BMT,13:36,"BMT 38",1,2,9,"I Formation 3WR HB Inside Weak","Nickel Normal Double WR2",14,0,0,"2-9-BMT 38 (13:35) 82-Larry Shepherd ran to GFQ 48 for 14 yards. Tackle by 27-Daniel Person.","#5 Edwin Ackles - QB","#82 Larry Shepherd - RB",,,"#31 Robin Salinas - FB",,,"#88 Thomas Johnson - WR","#85 Stephen Schmidt - WR","#38 Craig Nadeau - WR",,,"#58 Alfonso Defelice - LT","#51 Emmett Wallace - LG","#57 Dustin McCool - C","#44 Mark Wellington - RG","#69 Robert Cook - RT",,"#63 Thomas Jewell - FS",,"#96 Steven Munoz - FS","#97 Bradley Garrett - FS","#52 David Westbrooks - CB",,"#56 Joseph McCormick - FS",,"#31 Alan Brown - FS","#49 Lester Bryson - CB","#98 Leo Duckett - CB",,"#35 Wyatt Earp - CB",,"#17 Randy Hall - FS","#27 Daniel Person - FS",,,,,,,,,,,,,,,,,,,,,,,,,,,,,,,,,,,,
BMT,13:00,"GFQ 48",1,1,10,"Singleback Normal HB Release Mid","Nickel Normal Double WR2",,0,0,"1-10-GFQ 48 (12:59) 5-Edwin Ackles pass incomplete, dropped by 38-Craig Nadeau. 98-Leo Duckett got away with a hold on that play.","#5 Edwin Ackles - QB","#18 Willie Jenning - RB",,,,"#82 Larry Shepherd - RB",,"#88 Thomas Johnson - WR","#85 Stephen Schmidt - WR","#38 Craig Nadeau - WR",,,"#58 Alfonso Defelice - LT","#51 Emmett Wallace - LG","#57 Dustin McCool - C","#44 Mark Wellington - RG","#69 Robert Cook - RT",,"#63 Thomas Jewell - FS",,"#96 Steven Munoz - FS","#97 Bradley Garrett - FS","#52 David Westbrooks - CB",,"#56 Joseph McCormick - FS",,"#31 Alan Brown - FS","#49 Lester Bryson - CB","#98 Leo Duckett - CB",,"#35 Wyatt Earp - CB",,"#17 Randy Hall - FS","#27 Daniel Person - FS",,,,,,,,,,,,,,,,,,,,,,,,,,,,,,,,,,,,
BMT,12:54,"GFQ 48",1,2,10,"Shotgun Normal HB Flare","Nickel Normal Double WR2",5,0,0,"2-10-GFQ 48 (12:55) 5-Edwin Ackles pass complete to 82-Larry Shepherd to GFQ 44 for 5 yards. Tackle by 49-Lester Bryson. 82-Larry Shepherd did some fancy footwork there.","#5 Edwin Ackles - QB","#82 Larry Shepherd - RB",,,,"#38 Craig Nadeau - WR",,"#88 Thomas Johnson - WR","#85 Stephen Schmidt - WR","#15 Kurt Waring - WR",,,"#58 Alfonso Defelice - LT","#51 Emmett Wallace - LG","#57 Dustin McCool - C","#44 Mark Wellington - RG","#69 Robert Cook - RT",,"#63 Thomas Jewell - FS",,"#96 Steven Munoz - FS","#97 Bradley Garrett - FS","#52 David Westbrooks - CB",,"#56 Joseph McCormick - FS",,"#31 Alan Brown - FS","#49 Lester Bryson - CB","#98 Leo Duckett - CB",,"#22 Michael Caulkins - CB",,"#92 James Seaman - FS","#99 Patrick Queen - FS",,,,,,,,,,,,,,,,,,,,,,,,,,,,,,,,,,,,
BMT,12:19,"GFQ 44",1,3,5,"Weak I Normal WR Corner TE Middle","Dime Normal Man Cover 1",33,0,0,"3-5-GFQ 44 (12:18) 5-Edwin Ackles pass complete to 13-John Brockett to GFQ 11 for 33 yards.","#5 Edwin Ackles - QB","#18 Willie Jenning - RB",,,"#31 Robin Salinas - FB","#47 Norman Ayala - FB",,"#15 Kurt Waring - WR",,"#13 John Brockett - WR",,,"#58 Alfonso Defelice - LT","#51 Emmett Wallace - LG","#57 Dustin McCool - C","#44 Mark Wellington - RG","#69 Robert Cook - RT",,"#63 Thomas Jewell - FS",,"#96 Steven Munoz - FS","#97 Bradley Garrett - FS","#52 David Westbrooks - CB",,"#56 Joseph McCormick - FS",,,"#35 Wyatt Earp - CB","#22 Michael Caulkins - CB","#25 Scott Morrison - CB","#26 Henry Fuller - CB",,"#92 James Seaman - FS","#27 Daniel Person - FS",,,,,,,,,,,,,,,,,,,,,,,,,,,,,,,,,,,,
BMT,11:39,"GFQ 11",1,1,10,"Singleback Normal HB Counter Weak","Nickel Normal Double WR2",6,0,0,"1-10-GFQ 11 (11:38) 18-Willie Jenning ran to GFQ 5 for 6 yards. Tackle by 35-Wyatt Earp.","#5 Edwin Ackles - QB","#18 Willie Jenning - RB",,,,"#82 Larry Shepherd - RB",,"#88 Thomas Johnson - WR","#85 Stephen Schmidt - WR","#38 Craig Nadeau - WR",,,"#58 Alfonso Defelice - LT","#51 Emmett Wallace - LG","#57 Dustin McCool - C","#44 Mark Wellington - RG","#69 Robert Cook - RT",,"#90 Robert Isaacs - FS",,"#96 Steven Munoz - FS","#97 Bradley Garrett - FS","#52 David Westbrooks - CB",,"#94 Zakk Wylde - FS",,"#31 Alan Brown - FS","#49 Lester Bryson - CB","#98 Leo Duckett - CB",,"#35 Wyatt Earp - CB",,"#17 Randy Hall - FS","#99 Patrick Queen - FS",,,,,,,,,,,,,,,,,,,,,,,,,,,,,,,,,,,,
BMT,11:04,"GFQ 5",1,2,4,"I Formation 3WR HB Inside Weak","Nickel Normal Double WR2",5,6,0,"2-4-GFQ 5 (11:03) 82-Larry Shepherd ran for 5 yards. TOUCHDOWN! BMT 6 GFQ 0","#5 Edwin Ackles - QB","#82 Larry Shepherd - RB",,,"#31 Robin Salinas - FB",,,"#88 Thomas Johnson - WR","#85 Stephen Schmidt - WR","#38 Craig Nadeau - WR",,,"#58 Alfonso Defelice - LT","#51 Emmett Wallace - LG","#57 Dustin McCool - C","#44 Mark Wellington - RG","#69 Robert Cook - RT",,"#90 Robert Isaacs - FS",,"#96 Steven Munoz - FS","#97 Bradley Garrett - FS","#52 David Westbrooks - CB",,"#94 Zakk Wylde - FS",,"#31 Alan Brown - FS","#49 Lester Bryson - CB","#98 Leo Duckett - CB",,"#35 Wyatt Earp - CB",,"#17 Randy Hall - FS","#99 Patrick Queen - FS",,,,,,,,,,,,,,,,,,,,,,,,,,,,,,,,,,,,
BMT,10:59,"GFQ 15",1,7,15,"Field Goal","FG Block",26,7,0,"(11:00) Extra point GOOD by 10-James Calderon. BMT 7 GFQ 0",,,,,,,,,,,,,,,,,,,,,,,,,,,,,,,,,,,,"#8 Randy McClelland - RB","#69 Robert Cook - RT",,,,,,,,,,,,,,"#10 James Calderon - K","#91 Fernando Freeman - DT","#82 Larry Shepherd - RB","#57 Dustin McCool - C","#51 Emmett Wallace - LG","#44 Mark Wellington - RG","#58 Alfonso Defelice - LT","#47 Norman Ayala - FB","#86 Eric Fitch - RG","#63 Thomas Jewell - FS","#90 Robert Isaacs - FS","#52 David Westbrooks - CB","#71 Clifton Blackmon - FS","#95 Andrew Frisch - FS","#49 Lester Bryson - CB","#92 James Seaman - FS","#97 Bradley Garrett - FS","#96 Steven Munoz - FS","#25 Scott Morrison - CB","#17 Randy Hall - FS"
BMT,10:59,"BMT 35",1,6,10,Kickoff,"Kick Return",,7,0,"(11:00) 10-James Calderon kicks 70 yards from BMT 35 to GFQ -5. 49-Lester Bryson to GFQ 19 for 25 yards. Tackle by 25-Ian Yedinak. 31-Alan Brown totally missed that block.",,,,,,,,,,,,,,,,,,,,,,,,,,,,,,,,,,,,,,"#49 Lester Bryson - CB",,"#31 Alan Brown - FS","#56 Joseph McCormick - FS","#98 Leo Duckett - CB","#92 James Seaman - FS","#17 Randy Hall - FS","#25 Scott Morrison - CB","#94 Zakk Wylde - FS","#99 Patrick Queen - FS","#22 Michael Caulkins - CB","#27 Daniel Person - FS","#10 James Calderon - K",,,,,,,,,,,,,,,,,,,,
GFQ,10:55,"GFQ 19",1,1,10,"Weak I Normal HB Inside Weak","4-3 Normal Double WR3",-1,7,0,"1-10-GFQ 19 (10:56) 80-Derek Girouard ran to GFQ 19 for -1 yards. Tackle by 99-Floyd Farrell.","#3 Michael Craft - QB","#80 Derek Girouard - WR",,,"#21 Lucien Geary - WR","#88 Mark Andrews - WR",,"#84 Michael Vega - WR",,"#10 Arthur McCoy - WR",,,"#73 Roy Castrejon - LT","#70 Christopher Hunter - LG","#55 James Garcia - C","#66 Manuel Gonzales - RG","#50 John Kelley - RT",,"#62 Robert Alston - LDE",,"#91 Fernando Freeman - DT","#93 Ryan Sanders - DT","#75 Mack Jones - RDE","#26 Shawn Dahl - SLB","#95 Douglas Juarez - MLB",,"#99 Floyd Farrell - WLB","#23 Alfred Mitchel - CB","#29 Pablo Santos - CB",,,,"#45 Christopher Chapman - CB","#98 James Scott - SS",,,,,,,,,,,,,,,,,,,,,,,,,,,,,,,,,,,,
GFQ,10:15,"GFQ 19",1,2,11,"Shotgun Normal HB Flare","Dime Flat MLB SS Blitz",10,7,0,"2-11-GFQ 19 (10:14) 3-Michael Craft pass complete to 32-Donald Vann to GFQ 29 for 10 yards. Tackle by 43-Scott Bondurant. 43-Scott Bondurant got away with a hold on that play.","#3 Michael Craft - QB","#80 Derek Girouard - WR",,,,"#88 Mark Andrews - WR",,"#84 Michael Vega - WR","#32 Donald Vann - WR","#10 Arthur McCoy - WR",,,"#73 Roy Castrejon - LT","#70 Christopher Hunter - LG","#55 James Garcia - C","#66 Manuel Gonzales - RG","#50 John Kelley - RT",,"#75 Mack Jones - RDE",,"#62 Robert Alston - LDE","#91 Fernando Freeman - DT","#99 Floyd Farrell - WLB",,"#90 Derek Ness - WLB",,,"#45 Christopher Chapman - CB","#23 Alfred Mitchel - CB","#29 Pablo Santos - CB","#43 Scott Bondurant - CB",,"#25 Ian Yedinak - SS","#98 James Scott - SS",,,,,,,,,,,,,,,,,,,,,,,,,,,,,,,,,,,,
GFQ,9:38,"GFQ 29",1,3,1,"Shotgun Normal HB Flare","4-3 Normal WLB MLB Blitz",23,7,0,"3-1-GFQ 29 (9:37) 3-Michael Craft ran to BMT 49 for 23 yards. 3-Michael Craft slides to avoid being hit.","#3 Michael Craft - QB","#80 Derek Girouard - WR",,,,"#88 Mark Andrews - WR",,"#84 Michael Vega - WR","#32 Donald Vann - WR","#10 Arthur McCoy - WR",,,"#73 Roy Castrejon - LT","#70 Christopher Hunter - LG","#55 James Garcia - C","#66 Manuel Gonzales - RG","#50 John Kelley - RT",,"#62 Robert Alston - LDE",,"#91 Fernando Freeman - DT","#93 Ryan Sanders - DT","#75 Mack Jones - RDE","#26 Shawn Dahl - SLB","#95 Douglas Juarez - MLB",,"#99 Floyd Farrell - WLB","#45 Christopher Chapman - CB","#23 Alfred Mitchel - CB",,,,"#25 Ian Yedinak - SS","#43 Scott Bondurant - CB",,,,,,,,,,,,,,,,,,,,,,,,,,,,,,,,,,,,
GFQ,8:59,"BMT 49",1,1,10,"I Formation 3WR PA Fullback Flat","Dime Flat MLB SS Blitz",,7,0,"1-10-BMT 49 (8:58) 3-Michael Craft pass incomplete, dropped by 21-Lucien Geary.","#3 Michael Craft - QB","#80 Derek Girouard - WR",,,"#21 Lucien Geary - WR",,,"#84 Michael Vega - WR","#87 James Lewis - WR","#32 Donald Vann - WR",,,"#73 Roy Castrejon - LT","#70 Christopher Hunter - LG","#55 James Garcia - C","#66 Manuel Gonzales - RG","#50 John Kelley - RT",,"#75 Mack Jones - RDE",,"#62 Robert Alston - LDE","#91 Fernando Freeman - DT","#99 Floyd Farrell - WLB",,"#90 Derek Ness - WLB",,,"#45 Christopher Chapman - CB","#23 Alfred Mitchel - CB","#29 Pablo Santos - CB","#43 Scott Bondurant - CB",,"#25 Ian Yedinak - SS","#98 James Scott - SS",,,,,,,,,,,,,,,,,,,,,,,,,,,,,,,,,,,,
GFQ,8:55,"BMT 49",1,2,10,"Singleback Normal HB Inside Weak","3-4 Normal Man Cover 1",-2,7,0,"2-10-BMT 49 (8:56) 80-Derek Girouard ran to GFQ 49 for -2 yards. Tackle by 99-Floyd Farrell.","#3 Michael Craft - QB","#80 Derek Girouard - WR",,,,"#88 Mark Andrews - WR",,"#84 Michael Vega - WR","#32 Donald Vann - WR","#10 Arthur McCoy - WR",,,"#73 Roy Castrejon - LT","#70 Christopher Hunter - LG","#55 James Garcia - C","#66 Manuel Gonzales - RG","#50 John Kelley - RT",,"#62 Robert Alston - LDE",,"#91 Fernando Freeman - DT",,"#75 Mack Jones - RDE","#99 Floyd Farrell - WLB","#90 Derek Ness - WLB","#95 Douglas Juarez - MLB","#26 Shawn Dahl - SLB","#45 Christopher Chapman - CB","#23 Alfred Mitchel - CB",,,,"#25 Ian Yedinak - SS","#43 Scott Bondurant - CB",,,,,,,,,,,,,,,,,,,,,,,,,,,,,,,,,,,,
GFQ,8:23,"GFQ 49",1,3,12,"I Formation Power Play Action HB Downfield","Dime Normal Double WR1 WR2",7,7,0,"3-12-GFQ 49 (8:22) 3-Michael Craft pass complete to 88-Mark Andrews to BMT 44 for 7 yards. Tackle by 23-Alfred Mitchel. PENALTY - Facemask (BMT 23-Alfred Mitchel)","#3 Michael Craft - QB","#80 Derek Girouard - WR",,"#32 Donald Vann - WR","#21 Lucien Geary - WR","#88 Mark Andrews - WR",,"#84 Michael Vega - WR",,,,,"#73 Roy Castrejon - LT","#70 Christopher Hunter - LG","#55 James Garcia - C","#66 Manuel Gonzales - RG","#50 John Kelley - RT",,"#62 Robert Alston - LDE",,"#75 Mack Jones - RDE","#91 Fernando Freeman - DT","#99 Floyd Farrell - WLB",,"#95 Douglas Juarez - MLB",,,"#45 Christopher Chapman - CB","#23 Alfred Mitchel - CB","#72 Johnny Wong - CB","#29 Pablo Santos - CB",,"#25 Ian Yedinak - SS","#43 Scott Bondurant - CB",,,,,,,,,,,,,,,,,,,,,,,,,,,,,,,,,,,,
GFQ,8:18,"BMT 29",1,1,10,"I Formation 3WR FL Post","Dime Flat Man Cover 1",24,7,0,"1-10-BMT 29 (8:19) 3-Michael Craft pass complete to 80-Derek Girouard to BMT 5 for 24 yards. Tackle by 29-Pablo Santos.","#3 Michael Craft - QB","#80 Derek Girouard - WR",,,"#21 Lucien Geary - WR",,,"#10 Arthur McCoy - WR","#87 James Lewis - WR","#32 Donald Vann - WR",,,"#73 Roy Castrejon - LT","#70 Christopher Hunter - LG","#55 James Garcia - C","#66 Manuel Gonzales - RG","#50 John Kelley - RT",,"#75 Mack Jones - RDE",,"#62 Robert Alston - LDE","#91 Fernando Freeman - DT","#99 Floyd Farrell - WLB",,"#90 Derek Ness - WLB",,,"#45 Christopher Chapman - CB","#23 Alfred Mitchel - CB","#29 Pablo Santos - CB","#43 Scott Bondurant - CB",,"#25 Ian Yedinak - SS","#98 James Scott - SS",,,,,,,,,,,,,,,,,,,,,,,,,,,,,,,,,,,,
GFQ,7:40,"BMT 5",1,1,5,"Singleback Normal Quick Slant","Dime Flat Man Cover 1",7,7,6,"1-5-BMT 5 (7:39) 3-Michael Craft pass complete to 13-James Pyle for 5 yards. TOUCHDOWN! BMT 7 GFQ 6","#3 Michael Craft - QB","#21 Lucien Geary - WR",,,,"#88 Mark Andrews - WR",,"#84 Michael Vega - WR","#13 James Pyle - WR","#10 Arthur McCoy - WR",,,"#73 Roy Castrejon - LT","#70 Christopher Hunter - LG","#55 James Garcia - C","#66 Manuel Gonzales - RG","#50 John Kelley - RT",,"#66 Kenneth Landaverde - LDE",,"#62 Robert Alston - LDE","#91 Fernando Freeman - DT","#99 Floyd Farrell - WLB",,"#90 Derek Ness - WLB",,,"#45 Christopher Chapman - CB","#29 Pablo Santos - CB","#43 Scott Bondurant - CB","#34 Orlando Morris - CB",,"#72 Johnny Wong - CB","#98 James Scott - SS",,,,,,,,,,,,,,,,,,,,,,,,,,,,,,,,,,,,
GFQ,7:36,"BMT 15",1,7,15,"Field Goal","FG Block",26,7,7,"(7:37) Extra point GOOD by 15-Larry Carlton. BMT 7 GFQ 7",,,,,,,,,,,,,,,,,,,,,,,,,,,,,,,,,,,,"#18 Levi Looper - P","#50 John Kelley - RT",,,,,,,,,,,,,,"#15 Larry Carlton - K","#55 James Garcia - C","#73 Roy Castrejon - LT","#78 Kenneth Grimes - LT","#59 Roger Demott - LG","#66 Manuel Gonzales - RG","#70 Christopher Hunter - LG","#74 Bobbie Randolph - RG","#64 Brent Maule - RT","#51 Emmett Wallace - LG","#44 Mark Wellington - RG","#69 Robert Cook - RT","#58 Alfonso Defelice - LT","#67 Phillip Bolen - DT","#66 Kenneth Landaverde - LDE","#90 Derek Ness - WLB","#99 Floyd Farrell - WLB","#50 Stanley Storer - RT","#91 Fernando Freeman - DT","#75 Mack Jones - RDE"
GFQ,7:36,"GFQ 35",1,6,10,Kickoff,"Kick Return",,7,7,"(7:37) 15-Larry Carlton kicks 72 yards from GFQ 35 to BMT -7. Touchback.",,,,,,,,,,,,,,,,,,,,,,,,,,,,,,,,,,,,,,"#18 Willie Jenning - RB",,"#44 Mark Wellington - RG","#69 Robert Cook - RT","#88 Thomas Johnson - WR","#58 Alfonso Defelice - LT","#15 Kurt Waring - WR","#54 Jay McCoy - LG","#47 Norman Ayala - FB","#31 Robin Salinas - FB","#51 Emmett Wallace - LG","#86 Eric Fitch - RG","#15 Larry Carlton - K",,,,,,,,,,,,,,,,,,,,
BMT,7:36,"BMT 25",1,1,10,"Singleback Normal TE Quick Out","Nickel Normal Double WR2",6,7,7,"1-10-BMT 25 (7:37) 5-Edwin Ackles pass complete to 82-Larry Shepherd to BMT 31 for 6 yards. Tackle by 56-Joseph McCormick.","#5 Edwin Ackles - QB","#18 Willie Jenning - RB",,,,"#82 Larry Shepherd - RB",,"#88 Thomas Johnson - WR","#85 Stephen Schmidt - WR","#38 Craig Nadeau - WR",,,"#58 Alfonso Defelice - LT","#51 Emmett Wallace - LG","#57 Dustin McCool - C","#44 Mark Wellington - RG","#69 Robert Cook - RT",,"#63 Thomas Jewell - FS",,"#96 Steven Munoz - FS","#97 Bradley Garrett - FS","#52 David Westbrooks - CB",,"#56 Joseph McCormick - FS",,"#31 Alan Brown - FS","#49 Lester Bryson - CB","#98 Leo Duckett - CB",,"#35 Wyatt Earp - CB",,"#17 Randy Hall - FS","#27 Daniel Person - FS",,,,,,,,,,,,,,,,,,,,,,,,,,,,,,,,,,,,
BMT,6:55,"BMT 31",1,2,4,"Singleback Normal HB Inside Weak","Nickel Normal Double WR2",3,7,7,"2-4-BMT 31 (6:54) 18-Willie Jenning ran to BMT 34 for 3 yards. Tackle by 96-Steven Munoz. 44-Mark Wellington missed that block completely. 44-Mark Wellington missed that block completely. GFQ 96-Steven Munoz was injured on the play. He looks like he should be able to return.","#5 Edwin Ackles - QB","#18 Willie Jenning - RB",,,,"#82 Larry Shepherd - RB",,"#88 Thomas Johnson - WR","#85 Stephen Schmidt - WR","#38 Craig Nadeau - WR",,,"#58 Alfonso Defelice - LT","#51 Emmett Wallace - LG","#57 Dustin McCool - C","#44 Mark Wellington - RG","#69 Robert Cook - RT",,"#63 Thomas Jewell - FS",,"#96 Steven Munoz - FS","#97 Bradley Garrett - FS","#52 David Westbrooks - CB",,"#56 Joseph McCormick - FS",,"#31 Alan Brown - FS","#49 Lester Bryson - CB","#98 Leo Duckett - CB",,"#35 Wyatt Earp - CB",,"#17 Randy Hall - FS","#27 Daniel Person - FS",,,,,,,,,,,,,,,,,,,,,,,,,,,,,,,,,,,,
BMT,6:11,"BMT 34",1,3,1,"I Formation Normal HB Draw","Dime Flat Man Cover 1",6,7,7,"3-1-BMT 34 (6:10) 18-Willie Jenning ran to BMT 40 for 6 yards. Tackle by 17-Randy Hall.","#5 Edwin Ackles - QB","#18 Willie Jenning - RB",,,"#31 Robin Salinas - FB","#47 Norman Ayala - FB",,"#38 Craig Nadeau - WR",,"#85 Stephen Schmidt - WR",,,"#58 Alfonso Defelice - LT","#51 Emmett Wallace - LG","#57 Dustin McCool - C","#44 Mark Wellington - RG","#69 Robert Cook - RT",,"#63 Thomas Jewell - FS",,"#97 Bradley Garrett - FS","#90 Robert Isaacs - FS","#52 David Westbrooks - CB",,"#56 Joseph McCormick - FS",,,"#49 Lester Bryson - CB","#98 Leo Duckett - CB","#22 Michael Caulkins - CB","#35 Wyatt Earp - CB",,"#17 Randy Hall - FS","#27 Daniel Person - FS",,,,,,,,,,,,,,,,,,,,,,,,,,,,,,,,,,,,
BMT,5:38,"BMT 40",1,1,10,"Singleback Normal HB Dive Weak","Nickel Normal Double WR2",12,7,7,"1-10-BMT 40 (5:37) 18-Willie Jenning ran to GFQ 47 for 12 yards. Tackle by 17-Randy Hall.","#5 Edwin Ackles - QB","#18 Willie Jenning - RB",,,,"#82 Larry Shepherd - RB",,"#88 Thomas Johnson - WR","#85 Stephen Schmidt - WR","#38 Craig Nadeau - WR",,,"#58 Alfonso Defelice - LT","#51 Emmett Wallace - LG","#57 Dustin McCool - C","#44 Mark Wellington - RG","#69 Robert Cook - RT",,"#63 Thomas Jewell - FS",,"#97 Bradley Garrett - FS","#90 Robert Isaacs - FS","#52 David Westbrooks - CB",,"#56 Joseph McCormick - FS",,"#31 Alan Brown - FS","#49 Lester Bryson - CB","#98 Leo Duckett - CB",,"#35 Wyatt Earp - CB",,"#17 Randy Hall - FS","#27 Daniel Person - FS",,,,,,,,,,,,,,,,,,,,,,,,,,,,,,,,,,,,
BMT,5:03,"GFQ 47",1,1,10,"I Formation 3WR WR Out","Nickel Normal Double WR2",,7,7,"1-10-GFQ 47 (5:02) 5-Edwin Ackles pass Pass knocked down by 98-Leo Duckett. incomplete, intended for 38-Craig Nadeau. 27-Daniel Person got away with a hold on that play.","#5 Edwin Ackles - QB","#82 Larry Shepherd - RB",,,"#31 Robin Salinas - FB",,,"#88 Thomas Johnson - WR","#85 Stephen Schmidt - WR","#38 Craig Nadeau - WR",,,"#58 Alfonso Defelice - LT","#51 Emmett Wallace - LG","#57 Dustin McCool - C","#44 Mark Wellington - RG","#69 Robert Cook - RT",,"#63 Thomas Jewell - FS",,"#97 Bradley Garrett - FS","#90 Robert Isaacs - FS","#52 David Westbrooks - CB",,"#56 Joseph McCormick - FS",,"#31 Alan Brown - FS","#49 Lester Bryson - CB","#98 Leo Duckett - CB",,"#35 Wyatt Earp - CB",,"#17 Randy Hall - FS","#27 Daniel Person - FS",,,,,,,,,,,,,,,,,,,,,,,,,,,,,,,,,,,,
BMT,4:58,"GFQ 47",1,2,10,"I Formation Normal Max Protect","4-3 Normal WLB Outside Blitz",,7,7,"2-10-GFQ 47 (4:59) 5-Edwin Ackles pass incomplete, dropped by 18-Willie Jenning. PENALTY - Holding (BMT 69-Robert Cook)","#5 Edwin Ackles - QB","#18 Willie Jenning - RB",,,"#31 Robin Salinas - FB","#47 Norman Ayala - FB",,"#38 Craig Nadeau - WR",,"#85 Stephen Schmidt - WR",,,"#58 Alfonso Defelice - LT","#51 Emmett Wallace - LG","#57 Dustin McCool - C","#44 Mark Wellington - RG","#69 Robert Cook - RT",,"#63 Thomas Jewell - FS",,"#97 Bradley Garrett - FS","#90 Robert Isaacs - FS","#52 David Westbrooks - CB","#95 Andrew Frisch - FS","#56 Joseph McCormick - FS",,"#31 Alan Brown - FS","#49 Lester Bryson - CB","#98 Leo Duckett - CB",,,,"#92 James Seaman - FS","#99 Patrick Queen - FS",,,,,,,,,,,,,,,,,,,,,,,,,,,,,,,,,,,,
BMT,4:55,"BMT 43",1,2,20,"I Formation Power Play Action HB Downfield","Goal Line Attack #3",,7,7,"2-20-BMT 43 (4:56) 5-Edwin Ackles pass Pass knocked down by 98-Leo Duckett. incomplete, intended for 85-Stephen Schmidt.","#5 Edwin Ackles - QB","#8 Randy McClelland - RB",,"#47 Norman Ayala - FB","#31 Robin Salinas - FB","#85 Stephen Schmidt - WR",,"#38 Craig Nadeau - WR",,,,,"#58 Alfonso Defelice - LT","#51 Emmett Wallace - LG","#57 Dustin McCool - C","#69 Robert Cook - RT","#44 Mark Wellington - RG",,"#63 Thomas Jewell - FS","#90 Robert Isaacs - FS","#97 Bradley Garrett - FS","#27 Daniel Person - FS","#52 David Westbrooks - CB","#95 Andrew Frisch - FS","#56 Joseph McCormick - FS",,"#31 Alan Brown - FS","#49 Lester Bryson - CB","#98 Leo Duckett - CB",,,,"#17 Randy Hall - FS",,,,,,,,,,,,,,,,,,,,,,,,,,,,,,,,,,,,,
BMT,4:51,"BMT 43",1,3,20,"Singleback Normal HB Dive Weak","Dime Flat Man Cover 1",7,7,7,"3-20-BMT 43 (4:52) 18-Willie Jenning ran to BMT 49 for 7 yards. Tackle by 17-Randy Hall.","#5 Edwin Ackles - QB","#18 Willie Jenning - RB",,,,"#82 Larry Shepherd - RB",,"#88 Thomas Johnson - WR","#85 Stephen Schmidt - WR","#38 Craig Nadeau - WR",,,"#58 Alfonso Defelice - LT","#51 Emmett Wallace - LG","#57 Dustin McCool - C","#44 Mark Wellington - RG","#69 Robert Cook - RT",,"#63 Thomas Jewell - FS",,"#97 Bradley Garrett - FS","#90 Robert Isaacs - FS","#52 David Westbrooks - CB",,"#56 Joseph McCormick - FS",,,"#49 Lester Bryson - CB","#98 Leo Duckett - CB","#22 Michael Caulkins - CB","#35 Wyatt Earp - CB",,"#17 Randy Hall - FS","#27 Daniel Person - FS",,,,,,,,,,,,,,,,,,,,,,,,,,,,,,,,,,,,
BMT,4:10,"BMT 49",1,4,13,Punt,"Punt Return",,7,7,"4-13-BMT 49 (4:09) 7-Alton Risley punts 46 yards to GFQ 5. Fair Catch by 49-Lester Bryson.",,,,,,,,,,,,,,,,,,"#7 Alton Risley - P",,,,,,,,,,,,,,,,,,,"#69 Robert Cook - RT",,"#49 Lester Bryson - CB",,,"#98 Leo Duckett - CB","#92 James Seaman - FS","#17 Randy Hall - FS",,"#94 Zakk Wylde - FS","#99 Patrick Queen - FS",,"#27 Daniel Person - FS",,,,"#82 Larry Shepherd - RB","#57 Dustin McCool - C","#51 Emmett Wallace - LG","#44 Mark Wellington - RG","#58 Alfonso Defelice - LT","#47 Norman Ayala - FB",,"#63 Thomas Jewell - FS","#90 Robert Isaacs - FS","#52 David Westbrooks - CB","#71 Clifton Blackmon - FS",,,,,,,
GFQ,4:02,"GFQ 5",1,1,10,"Shotgun Normal HB Flare","3-4 Normal Man Cover 1",7,7,7,"1-10-GFQ 5 (4:03) 3-Michael Craft pass complete to 80-Derek Girouard to GFQ 12 for 7 yards. Tackle by 95-Douglas Juarez. 80-Derek Girouard breaks down the CB.","#3 Michael Craft - QB","#80 Derek Girouard - WR",,,,"#88 Mark Andrews - WR",,"#84 Michael Vega - WR","#32 Donald Vann - WR","#10 Arthur McCoy - WR",,,"#73 Roy Castrejon - LT","#70 Christopher Hunter - LG","#55 James Garcia - C","#66 Manuel Gonzales - RG","#50 John Kelley - RT",,"#62 Robert Alston - LDE",,"#91 Fernando Freeman - DT",,"#75 Mack Jones - RDE","#99 Floyd Farrell - WLB","#90 Derek Ness - WLB","#95 Douglas Juarez - MLB","#26 Shawn Dahl - SLB","#45 Christopher Chapman - CB","#23 Alfred Mitchel - CB",,,,"#25 Ian Yedinak - SS","#43 Scott Bondurant - CB",,,,,,,,,,,,,,,,,,,,,,,,,,,,,,,,,,,,
GFQ,3:21,"GFQ 12",1,2,3,"I Formation Normal PA Fullback Flat","Dime Flat MLB SS Blitz",13,7,7,"2-3-GFQ 12 (3:20) 3-Michael Craft pass complete to 21-Lucien Geary to GFQ 25 for 13 yards.","#3 Michael Craft - QB","#80 Derek Girouard - WR",,,"#21 Lucien Geary - WR","#88 Mark Andrews - WR",,"#84 Michael Vega - WR",,"#10 Arthur McCoy - WR",,,"#73 Roy Castrejon - LT","#70 Christopher Hunter - LG","#55 James Garcia - C","#66 Manuel Gonzales - RG","#50 John Kelley - RT",,"#75 Mack Jones - RDE",,"#62 Robert Alston - LDE","#91 Fernando Freeman - DT","#99 Floyd Farrell - WLB",,"#90 Derek Ness - WLB",,,"#45 Christopher Chapman - CB","#23 Alfred Mitchel - CB","#29 Pablo Santos - CB","#43 Scott Bondurant - CB",,"#25 Ian Yedinak - SS","#98 James Scott - SS",,,,,,,,,,,,,,,,,,,,,,,,,,,,,,,,,,,,
GFQ,2:39,"GFQ 25",1,1,10,"Weak I Normal HB Inside Weak","3-4 Normal Man Cover 1",11,7,7,"1-10-GFQ 25 (2:38) 32-Donald Vann ran to GFQ 36 for 11 yards. Tackle by 90-Derek Ness.","#3 Michael Craft - QB","#32 Donald Vann - WR",,,"#21 Lucien Geary - WR","#88 Mark Andrews - WR",,"#84 Michael Vega - WR",,"#10 Arthur McCoy - WR",,,"#73 Roy Castrejon - LT","#70 Christopher Hunter - LG","#55 James Garcia - C","#66 Manuel Gonzales - RG","#50 John Kelley - RT",,"#62 Robert Alston - LDE",,"#91 Fernando Freeman - DT",,"#75 Mack Jones - RDE","#99 Floyd Farrell - WLB","#90 Derek Ness - WLB","#95 Douglas Juarez - MLB","#26 Shawn Dahl - SLB","#45 Christopher Chapman - CB","#23 Alfred Mitchel - CB",,,,"#25 Ian Yedinak - SS","#43 Scott Bondurant - CB",,,,,,,,,,,,,,,,,,,,,,,,,,,,,,,,,,,,
GFQ,2:01,"GFQ 36",1,1,10,"Singleback Normal HB Counter Weak","4-3 Normal Double WR3",-1,7,7,"1-10-GFQ 36 (2:00) 80-Derek Girouard ran to GFQ 34 for -1 yards. Tackle by 99-Floyd Farrell.","#3 Michael Craft - QB","#80 Derek Girouard - WR",,,,"#88 Mark Andrews - WR",,"#84 Michael Vega - WR","#32 Donald Vann - WR","#10 Arthur McCoy - WR",,,"#73 Roy Castrejon - LT","#70 Christopher Hunter - LG","#55 James Garcia - C","#66 Manuel Gonzales - RG","#50 John Kelley - RT",,"#62 Robert Alston - LDE",,"#91 Fernando Freeman - DT","#93 Ryan Sanders - DT","#75 Mack Jones - RDE","#26 Shawn Dahl - SLB","#95 Douglas Juarez - MLB",,"#99 Floyd Farrell - WLB","#45 Christopher Chapman - CB","#23 Alfred Mitchel - CB",,,,"#25 Ian Yedinak - SS","#43 Scott Bondurant - CB",,,,,,,,,,,,,,,,,,,,,,,,,,,,,,,,,,,,
GFQ,1:19,"GFQ 34",1,2,11,"Shotgun Normal HB Flare","3-4 Normal Man Cover 1",12,7,7,"2-11-GFQ 34 (1:18) 3-Michael Craft pass complete to 32-Donald Vann to GFQ 47 for 12 yards. Tackle by 43-Scott Bondurant.","#3 Michael Craft - QB","#80 Derek Girouard - WR",,,,"#88 Mark Andrews - WR",,"#84 Michael Vega - WR","#32 Donald Vann - WR","#10 Arthur McCoy - WR",,,"#73 Roy Castrejon - LT","#70 Christopher Hunter - LG","#55 James Garcia - C","#66 Manuel Gonzales - RG","#50 John Kelley - RT",,"#62 Robert Alston - LDE",,"#91 Fernando Freeman - DT",,"#75 Mack Jones - RDE","#99 Floyd Farrell - WLB","#90 Derek Ness - WLB","#95 Douglas Juarez - MLB","#26 Shawn Dahl - SLB","#45 Christopher Chapman - CB","#23 Alfred Mitchel - CB",,,,"#25 Ian Yedinak - SS","#43 Scott Bondurant - CB",,,,,,,,,,,,,,,,,,,,,,,,,,,,,,,,,,,,
GFQ,0:45,"GFQ 47",1,1,10,"I Formation 3WR HB Inside Weak","4-3 Normal Man Under 1",16,7,7,"1-10-GFQ 47 (0:44) 80-Derek Girouard ran to BMT 37 for 16 yards. Tackle by 95-Douglas Juarez.","#3 Michael Craft - QB","#80 Derek Girouard - WR",,,"#21 Lucien Geary - WR",,,"#84 Michael Vega - WR","#32 Donald Vann - WR","#10 Arthur McCoy - WR",,,"#73 Roy Castrejon - LT","#70 Christopher Hunter - LG","#55 James Garcia - C","#66 Manuel Gonzales - RG","#50 John Kelley - RT",,"#62 Robert Alston - LDE",,"#91 Fernando Freeman - DT","#93 Ryan Sanders - DT","#75 Mack Jones - RDE","#26 Shawn Dahl - SLB","#95 Douglas Juarez - MLB",,"#99 Floyd Farrell - WLB","#45 Christopher Chapman - CB","#23 Alfred Mitchel - CB",,,,"#25 Ian Yedinak - SS","#43 Scott Bondurant - CB",,,,,,,,,,,,,,,,,,,,,,,,,,,,,,,,,,,,
GFQ,0:07,"BMT 37",1,1,10,"Singleback Normal HB Dive Strong","4-3 Normal Man Under 1",4,7,7,"1-10-BMT 37 (0:06) 21-Lucien Geary ran to BMT 33 for 4 yards. Tackle by 95-Douglas Juarez.","#3 Michael Craft - QB","#21 Lucien Geary - WR",,,,"#88 Mark Andrews - WR",,"#84 Michael Vega - WR","#32 Donald Vann - WR","#10 Arthur McCoy - WR",,,"#73 Roy Castrejon - LT","#70 Christopher Hunter - LG","#55 James Garcia - C","#66 Manuel Gonzales - RG","#50 John Kelley - RT",,"#62 Robert Alston - LDE",,"#91 Fernando Freeman - DT","#93 Ryan Sanders - DT","#75 Mack Jones - RDE","#26 Shawn Dahl - SLB","#95 Douglas Juarez - MLB",,"#99 Floyd Farrell - WLB","#45 Christopher Chapman - CB","#23 Alfred Mitchel - CB",,,,"#25 Ian Yedinak - SS","#43 Scott Bondurant - CB",,,,,,,,,,,,,,,,,,,,,,,,,,,,,,,,,,,,
,0:00,,1,2,6,,,,7,7,"End of first quarter.",,,,,,,,,,,,,,,,,,,,,,,,,,,,,,,,,,,,,,,,,,,,,,,,,,,,,,,,,,,,,,,,,,,,,,
GFQ,15:00,"BMT 33",2,2,6,"Singleback Normal HB Dive Strong","3-4 Normal Man Cover 1",7,7,7,"2-6-BMT 33 (15:00) 21-Lucien Geary ran to BMT 26 for 7 yards. Tackle by 99-Floyd Farrell.","#3 Michael Craft - QB","#21 Lucien Geary - WR",,,,"#88 Mark Andrews - WR",,"#84 Michael Vega - WR","#32 Donald Vann - WR","#10 Arthur McCoy - WR",,,"#73 Roy Castrejon - LT","#70 Christopher Hunter - LG","#55 James Garcia - C","#66 Manuel Gonzales - RG","#50 John Kelley - RT",,"#62 Robert Alston - LDE",,"#91 Fernando Freeman - DT",,"#75 Mack Jones - RDE","#99 Floyd Farrell - WLB","#90 Derek Ness - WLB","#95 Douglas Juarez - MLB","#26 Shawn Dahl - SLB","#45 Christopher Chapman - CB","#23 Alfred Mitchel - CB",,,,"#25 Ian Yedinak - SS","#43 Scott Bondurant - CB",,,,,,,,,,,,,,,,,,,,,,,,,,,,,,,,,,,,
GFQ,14:18,"BMT 26",2,1,10,"I Formation Normal HB Dive","Dime Flat MLB SS Blitz",4,7,7,"1-10-BMT 26 (14:17) 80-Derek Girouard ran to BMT 22 for 4 yards. Tackle by 25-Ian Yedinak.","#3 Michael Craft - QB","#80 Derek Girouard - WR",,,"#21 Lucien Geary - WR","#88 Mark Andrews - WR",,"#84 Michael Vega - WR",,"#10 Arthur McCoy - WR",,,"#73 Roy Castrejon - LT","#70 Christopher Hunter - LG","#55 James Garcia - C","#66 Manuel Gonzales - RG","#50 John Kelley - RT",,"#75 Mack Jones - RDE",,"#62 Robert Alston - LDE","#91 Fernando Freeman - DT","#99 Floyd Farrell - WLB",,"#90 Derek Ness - WLB",,,"#45 Christopher Chapman - CB","#23 Alfred Mitchel - CB","#29 Pablo Santos - CB","#43 Scott Bondurant - CB",,"#25 Ian Yedinak - SS","#98 James Scott - SS",,,,,,,,,,,,,,,,,,,,,,,,,,,,,,,,,,,,
GFQ,13:39,"BMT 22",2,2,6,"I Formation Normal PA Fullback Flat","4-3 Normal Man Under 1",,7,7,"2-6-BMT 22 (13:38) 3-Michael Craft pass incomplete, dropped by 21-Lucien Geary.","#3 Michael Craft - QB","#80 Derek Girouard - WR",,,"#21 Lucien Geary - WR","#88 Mark Andrews - WR",,"#84 Michael Vega - WR",,"#10 Arthur McCoy - WR",,,"#73 Roy Castrejon - LT","#70 Christopher Hunter - LG","#55 James Garcia - C","#66 Manuel Gonzales - RG","#50 John Kelley - RT",,"#62 Robert Alston - LDE",,"#91 Fernando Freeman - DT","#93 Ryan Sanders - DT","#75 Mack Jones - RDE","#26 Shawn Dahl - SLB","#95 Douglas Juarez - MLB",,"#99 Floyd Farrell - WLB","#45 Christopher Chapman - CB","#23 Alfred Mitchel - CB",,,,"#25 Ian Yedinak - SS","#43 Scott Bondurant - CB",,,,,,,,,,,,,,,,,,,,,,,,,,,,,,,,,,,,
GFQ,13:35,"BMT 22",2,3,6,"I Formation 3WR HB Inside Strong","3-4 Normal Man Cover 1",5,7,7,"3-6-BMT 22 (13:36) 80-Derek Girouard ran to BMT 17 for 5 yards. Tackle by 90-Derek Ness.","#3 Michael Craft - QB","#80 Derek Girouard - WR",,,"#21 Lucien Geary - WR",,,"#84 Michael Vega - WR","#32 Donald Vann - WR","#10 Arthur McCoy - WR",,,"#73 Roy Castrejon - LT","#70 Christopher Hunter - LG","#55 James Garcia - C","#66 Manuel Gonzales - RG","#50 John Kelley - RT",,"#62 Robert Alston - LDE",,"#91 Fernando Freeman - DT",,"#75 Mack Jones - RDE","#99 Floyd Farrell - WLB","#90 Derek Ness - WLB","#95 Douglas Juarez - MLB","#26 Shawn Dahl - SLB","#45 Christopher Chapman - CB","#23 Alfred Mitchel - CB",,,,"#25 Ian Yedinak - SS","#43 Scott Bondurant - CB",,,,,,,,,,,,,,,,,,,,,,,,,,,,,,,,,,,,
GFQ,13:02,"BMT 17",2,4,1,"Field Goal","FG Block",28,7,10,"4-1-BMT 17 (13:01) 15-Larry Carlton 36 yard field goal is GOOD. BMT 7 GFQ 10",,,,,,,,,,,,,,,,,,,,,,,,,,,,,,,,,,,,"#18 Levi Looper - P","#50 John Kelley - RT",,,,,,,,,,,,,,"#15 Larry Carlton - K","#55 James Garcia - C","#73 Roy Castrejon - LT","#78 Kenneth Grimes - LT","#59 Roger Demott - LG","#66 Manuel Gonzales - RG","#70 Christopher Hunter - LG","#74 Bobbie Randolph - RG","#64 Brent Maule - RT","#51 Emmett Wallace - LG","#44 Mark Wellington - RG","#69 Robert Cook - RT","#58 Alfonso Defelice - LT","#67 Phillip Bolen - DT","#66 Kenneth Landaverde - LDE","#90 Derek Ness - WLB","#99 Floyd Farrell - WLB","#50 Stanley Storer - RT","#91 Fernando Freeman - DT","#75 Mack Jones - RDE"
GFQ,12:57,"GFQ 35",2,6,10,Kickoff,"Kick Return",,7,10,"(12:58) 15-Larry Carlton kicks 75 yards from GFQ 35 to BMT -10. Touchback.",,,,,,,,,,,,,,,,,,,,,,,,,,,,,,,,,,,,,,"#18 Willie Jenning - RB",,"#44 Mark Wellington - RG","#69 Robert Cook - RT","#88 Thomas Johnson - WR","#58 Alfonso Defelice - LT","#15 Kurt Waring - WR","#54 Jay McCoy - LG","#47 Norman Ayala - FB","#31 Robin Salinas - FB","#51 Emmett Wallace - LG","#86 Eric Fitch - RG","#15 Larry Carlton - K",,,,,,,,,,,,,,,,,,,,
BMT,12:57,"BMT 25",2,1,10,"I Formation 3WR HB Inside Strong","Nickel Normal Double WR2",11,7,10,"1-10-BMT 25 (12:58) 82-Larry Shepherd ran to BMT 36 for 11 yards. Tackle by 17-Randy Hall.","#5 Edwin Ackles - QB","#82 Larry Shepherd - RB",,,"#31 Robin Salinas - FB",,,"#88 Thomas Johnson - WR","#85 Stephen Schmidt - WR","#38 Craig Nadeau - WR",,,"#58 Alfonso Defelice - LT","#51 Emmett Wallace - LG","#57 Dustin McCool - C","#44 Mark Wellington - RG","#69 Robert Cook - RT",,"#63 Thomas Jewell - FS",,"#96 Steven Munoz - FS","#97 Bradley Garrett - FS","#52 David Westbrooks - CB",,"#56 Joseph McCormick - FS",,"#31 Alan Brown - FS","#49 Lester Bryson - CB","#98 Leo Duckett - CB",,"#35 Wyatt Earp - CB",,"#17 Randy Hall - FS","#27 Daniel Person - FS",,,,,,,,,,,,,,,,,,,,,,,,,,,,,,,,,,,,
BMT,12:22,"BMT 36",2,1,10,"Shotgun Normal HB Flare","Nickel Normal Double WR2",32,7,10,"1-10-BMT 36 (12:21) 5-Edwin Ackles pass complete to 85-Stephen Schmidt to GFQ 32 for 32 yards. Tackle by 22-Michael Caulkins.","#5 Edwin Ackles - QB","#82 Larry Shepherd - RB",,,,"#38 Craig Nadeau - WR",,"#88 Thomas Johnson - WR","#85 Stephen Schmidt - WR","#15 Kurt Waring - WR",,,"#58 Alfonso Defelice - LT","#51 Emmett Wallace - LG","#57 Dustin McCool - C","#44 Mark Wellington - RG","#69 Robert Cook - RT",,"#63 Thomas Jewell - FS",,"#96 Steven Munoz - FS","#97 Bradley Garrett - FS","#52 David Westbrooks - CB",,"#56 Joseph McCormick - FS",,"#31 Alan Brown - FS","#49 Lester Bryson - CB","#35 Wyatt Earp - CB",,"#22 Michael Caulkins - CB",,"#92 James Seaman - FS","#99 Patrick Queen - FS",,,,,,,,,,,,,,,,,,,,,,,,,,,,,,,,,,,,
BMT,11:45,"GFQ 32",2,1,10,"I Formation 3WR WR Out","Nickel Normal Double WR2",7,7,10,"1-10-GFQ 32 (11:44) 5-Edwin Ackles pass complete to 15-Kurt Waring to GFQ 25 for 7 yards. Tackle by 49-Lester Bryson.","#5 Edwin Ackles - QB","#18 Willie Jenning - RB",,,"#31 Robin Salinas - FB",,,"#15 Kurt Waring - WR","#38 Craig Nadeau - WR","#13 John Brockett - WR",,,"#58 Alfonso Defelice - LT","#51 Emmett Wallace - LG","#57 Dustin McCool - C","#44 Mark Wellington - RG","#69 Robert Cook - RT",,"#63 Thomas Jewell - FS",,"#96 Steven Munoz - FS","#97 Bradley Garrett - FS","#52 David Westbrooks - CB",,"#99 Patrick Queen - FS",,"#94 Zakk Wylde - FS","#49 Lester Bryson - CB","#98 Leo Duckett - CB",,"#26 Henry Fuller - CB",,"#17 Randy Hall - FS","#27 Daniel Person - FS",,,,,,,,,,,,,,,,,,,,,,,,,,,,,,,,,,,,
BMT,11:07,"GFQ 25",2,2,3,"I Formation 3WR WR Out","Nickel Normal Double WR2",6,7,10,"2-3-GFQ 25 (11:06) 5-Edwin Ackles pass complete to 85-Stephen Schmidt to GFQ 18 for 6 yards. Tackle by 98-Leo Duckett.","#5 Edwin Ackles - QB","#18 Willie Jenning - RB",,,"#31 Robin Salinas - FB",,,"#85 Stephen Schmidt - WR","#13 John Brockett - WR","#15 Kurt Waring - WR",,,"#58 Alfonso Defelice - LT","#51 Emmett Wallace - LG","#57 Dustin McCool - C","#44 Mark Wellington - RG","#69 Robert Cook - RT",,"#63 Thomas Jewell - FS",,"#96 Steven Munoz - FS","#97 Bradley Garrett - FS","#52 David Westbrooks - CB",,"#56 Joseph McCormick - FS",,"#94 Zakk Wylde - FS","#98 Leo Duckett - CB","#35 Wyatt Earp - CB",,"#22 Michael Caulkins - CB",,"#17 Randy Hall - FS","#27 Daniel Person - FS",,,,,,,,,,,,,,,,,,,,,,,,,,,,,,,,,,,,
BMT,10:30,"GFQ 18",2,1,10,"Shotgun Normal HB Flare","Nickel Normal Double WR2",,7,10,"1-10-GFQ 18 (10:29) 5-Edwin Ackles pass incomplete, dropped by 38-Craig Nadeau.","#5 Edwin Ackles - QB","#82 Larry Shepherd - RB",,,,"#47 Norman Ayala - FB",,"#88 Thomas Johnson - WR","#38 Craig Nadeau - WR","#15 Kurt Waring - WR",,,"#58 Alfonso Defelice - LT","#51 Emmett Wallace - LG","#57 Dustin McCool - C","#44 Mark Wellington - RG","#69 Robert Cook - RT",,"#63 Thomas Jewell - FS",,"#96 Steven Munoz - FS","#97 Bradley Garrett - FS","#52 David Westbrooks - CB",,"#99 Patrick Queen - FS",,"#31 Alan Brown - FS","#49 Lester Bryson - CB","#35 Wyatt Earp - CB",,"#22 Michael Caulkins - CB",,"#17 Randy Hall - FS","#25 Scott Morrison - CB",,,,,,,,,,,,,,,,,,,,,,,,,,,,,,,,,,,,
BMT,10:26,"GFQ 18",2,2,10,"Singleback Normal HB Release Mid","Nickel Normal Double WR2",18,13,10,"2-10-GFQ 18 (10:27) 5-Edwin Ackles pass complete to 85-Stephen Schmidt for 18 yards. TOUCHDOWN! 98-Leo Duckett got away with a hold on that play. BMT 13 GFQ 10","#5 Edwin Ackles - QB","#18 Willie Jenning - RB",,,,"#82 Larry Shepherd - RB",,"#88 Thomas Johnson - WR","#15 Kurt Waring - WR","#85 Stephen Schmidt - WR",,,"#58 Alfonso Defelice - LT","#51 Emmett Wallace - LG","#57 Dustin McCool - C","#44 Mark Wellington - RG","#69 Robert Cook - RT",,"#63 Thomas Jewell - FS",,"#96 Steven Munoz - FS","#97 Bradley Garrett - FS","#52 David Westbrooks - CB",,"#56 Joseph McCormick - FS",,"#31 Alan Brown - FS","#49 Lester Bryson - CB","#98 Leo Duckett - CB",,"#22 Michael Caulkins - CB",,"#92 James Seaman - FS","#27 Daniel Person - FS",,,,,,,,,,,,,,,,,,,,,,,,,,,,,,,,,,,,
BMT,10:22,"GFQ 15",2,7,15,"Field Goal","FG Block",26,14,10,"(10:23) Extra point GOOD by 10-James Calderon. BMT 14 GFQ 10",,,,,,,,,,,,,,,,,,,,,,,,,,,,,,,,,,,,"#8 Randy McClelland - RB","#69 Robert Cook - RT",,,,,,,,,,,,,,"#10 James Calderon - K","#91 Fernando Freeman - DT","#82 Larry Shepherd - RB","#57 Dustin McCool - C","#51 Emmett Wallace - LG","#44 Mark Wellington - RG","#58 Alfonso Defelice - LT","#47 Norman Ayala - FB","#86 Eric Fitch - RG","#63 Thomas Jewell - FS","#90 Robert Isaacs - FS","#52 David Westbrooks - CB","#71 Clifton Blackmon - FS","#95 Andrew Frisch - FS","#92 James Seaman - FS","#17 Randy Hall - FS","#97 Bradley Garrett - FS","#96 Steven Munoz - FS","#56 Joseph McCormick - FS","#25 Scott Morrison - CB"
BMT,10:22,"BMT 35",2,6,10,Kickoff,"Kick Return",,14,10,"(10:23) 10-James Calderon kicks 75 yards from BMT 35 to GFQ -10. Touchback.",,,,,,,,,,,,,,,,,,,,,,,,,,,,,,,,,,,,,,"#49 Lester Bryson - CB",,"#31 Alan Brown - FS","#56 Joseph McCormick - FS","#98 Leo Duckett - CB","#92 James Seaman - FS","#17 Randy Hall - FS","#25 Scott Morrison - CB","#94 Zakk Wylde - FS","#99 Patrick Queen - FS","#22 Michael Caulkins - CB","#27 Daniel Person - FS","#10 James Calderon - K",,,,,,,,,,,,,,,,,,,,
GFQ,10:22,"GFQ 25",2,1,10,"Weak I Big WR Post TE Out","Dime Flat Man Cover 1",,14,10,"1-10-GFQ 25 (10:23) 3-Michael Craft pass Pass knocked down by 29-Pablo Santos. incomplete, intended for 80-Derek Girouard.","#3 Michael Craft - QB","#80 Derek Girouard - WR",,,"#21 Lucien Geary - WR","#88 Mark Andrews - WR","#81 Michael White - WR","#84 Michael Vega - WR",,,,,"#73 Roy Castrejon - LT","#70 Christopher Hunter - LG","#55 James Garcia - C","#66 Manuel Gonzales - RG","#50 John Kelley - RT",,"#75 Mack Jones - RDE",,"#62 Robert Alston - LDE","#91 Fernando Freeman - DT","#99 Floyd Farrell - WLB",,"#90 Derek Ness - WLB",,,"#45 Christopher Chapman - CB","#23 Alfred Mitchel - CB","#29 Pablo Santos - CB","#43 Scott Bondurant - CB",,"#25 Ian Yedinak - SS","#98 James Scott - SS",,,,,,,,,,,,,,,,,,,,,,,,,,,,,,,,,,,,
GFQ,10:17,"GFQ 25",2,2,10,"I Formation 3WR HB Inside Strong","4-3 Normal Man Under 1",8,14,10,"2-10-GFQ 25 (10:18) 21-Lucien Geary ran to GFQ 33 for 8 yards. Tackle by 99-Floyd Farrell. PENALTY - Holding (GFQ 70-Christopher Hunter)","#3 Michael Craft - QB","#21 Lucien Geary - WR",,,"#88 Mark Andrews - WR",,,"#84 Michael Vega - WR","#32 Donald Vann - WR","#10 Arthur McCoy - WR",,,"#73 Roy Castrejon - LT","#70 Christopher Hunter - LG","#55 James Garcia - C","#66 Manuel Gonzales - RG","#50 John Kelley - RT",,"#62 Robert Alston - LDE",,"#91 Fernando Freeman - DT","#93 Ryan Sanders - DT","#75 Mack Jones - RDE","#26 Shawn Dahl - SLB","#95 Douglas Juarez - MLB",,"#99 Floyd Farrell - WLB","#45 Christopher Chapman - CB","#23 Alfred Mitchel - CB",,,,"#25 Ian Yedinak - SS","#43 Scott Bondurant - CB",,,,,,,,,,,,,,,,,,,,,,,,,,,,,,,,,,,,
GFQ,10:14,"GFQ 23",2,2,12,"Singleback Normal HB Inside Weak","Dime Flat MLB SS Blitz",12,14,10,"2-12-GFQ 23 (10:15) 80-Derek Girouard ran to GFQ 34 for 12 yards. Tackle by 25-Ian Yedinak.","#3 Michael Craft - QB","#80 Derek Girouard - WR",,,,"#88 Mark Andrews - WR",,"#84 Michael Vega - WR","#32 Donald Vann - WR","#10 Arthur McCoy - WR",,,"#73 Roy Castrejon - LT","#70 Christopher Hunter - LG","#55 James Garcia - C","#66 Manuel Gonzales - RG","#50 John Kelley - RT",,"#75 Mack Jones - RDE",,"#62 Robert Alston - LDE","#91 Fernando Freeman - DT","#99 Floyd Farrell - WLB",,"#90 Derek Ness - WLB",,,"#45 Christopher Chapman - CB","#23 Alfred Mitchel - CB","#29 Pablo Santos - CB","#43 Scott Bondurant - CB",,"#25 Ian Yedinak - SS","#98 James Scott - SS",,,,,,,,,,,,,,,,,,,,,,,,,,,,,,,,,,,,
GFQ,9:32,"GFQ 34",2,3,1,"Shotgun Normal HB Flare","4-3 Normal WLB MLB Blitz",-10,14,10,"3-1-GFQ 34 (9:31) 3-Michael Craft sacked at GFQ 25 for -10 yards (91-Fernando Freeman). Sack allowed by 66-Manuel Gonzales.","#3 Michael Craft - QB","#21 Lucien Geary - WR",,,,"#88 Mark Andrews - WR",,"#10 Arthur McCoy - WR","#87 James Lewis - WR","#32 Donald Vann - WR",,,"#73 Roy Castrejon - LT","#70 Christopher Hunter - LG","#55 James Garcia - C","#66 Manuel Gonzales - RG","#50 John Kelley - RT",,"#62 Robert Alston - LDE",,"#91 Fernando Freeman - DT","#93 Ryan Sanders - DT","#75 Mack Jones - RDE","#26 Shawn Dahl - SLB","#95 Douglas Juarez - MLB",,"#99 Floyd Farrell - WLB","#23 Alfred Mitchel - CB","#29 Pablo Santos - CB",,,,"#98 James Scott - SS","#43 Scott Bondurant - CB",,,,,,,,,,,,,,,,,,,,,,,,,,,,,,,,,,,,
GFQ,8:53,"GFQ 25",2,4,10,Punt,"Punt Return",,14,10,"4-10-GFQ 25 (8:52) 18-Levi Looper punts 47 yards to BMT 28. Fair Catch by 15-Kurt Waring.",,,,,,,,,,,,,,,,,,"#18 Levi Looper - P",,,,,,,,,,,,,,,,,,,"#50 John Kelley - RT",,"#15 Kurt Waring - WR",,,"#26 Shawn Dahl - SLB","#98 James Scott - SS","#99 Floyd Farrell - WLB",,"#23 Alfred Mitchel - CB","#29 Pablo Santos - CB",,"#95 Douglas Juarez - MLB",,,,"#73 Roy Castrejon - LT","#78 Kenneth Grimes - LT","#59 Roger Demott - LG","#66 Manuel Gonzales - RG","#70 Christopher Hunter - LG","#74 Bobbie Randolph - RG",,"#51 Emmett Wallace - LG","#44 Mark Wellington - RG","#69 Robert Cook - RT","#58 Alfonso Defelice - LT",,,,,,,
BMT,8:45,"BMT 28",2,1,10,"Shotgun Normal HB Flare","Nickel Normal Double WR2",,14,10,"1-10-BMT 28 (8:46) 5-Edwin Ackles pass incomplete, dropped by 88-Thomas Johnson.","#5 Edwin Ackles - QB","#82 Larry Shepherd - RB",,,,"#38 Craig Nadeau - WR",,"#88 Thomas Johnson - WR","#85 Stephen Schmidt - WR","#15 Kurt Waring - WR",,,"#58 Alfonso Defelice - LT","#51 Emmett Wallace - LG","#57 Dustin McCool - C","#44 Mark Wellington - RG","#69 Robert Cook - RT",,"#63 Thomas Jewell - FS",,"#96 Steven Munoz - FS","#97 Bradley Garrett - FS","#52 David Westbrooks - CB",,"#56 Joseph McCormick - FS",,"#31 Alan Brown - FS","#49 Lester Bryson - CB","#35 Wyatt Earp - CB",,"#22 Michael Caulkins - CB",,"#92 James Seaman - FS","#27 Daniel Person - FS",,,,,,,,,,,,,,,,,,,,,,,,,,,,,,,,,,,,
BMT,8:41,"BMT 28",2,2,10,"I Formation 3WR FL Post","Nickel Normal Double WR2",,14,10,"2-10-BMT 28 (8:42) 5-Edwin Ackles pass incomplete, dropped by 82-Larry Shepherd.","#5 Edwin Ackles - QB","#82 Larry Shepherd - RB",,,"#31 Robin Salinas - FB",,,"#88 Thomas Johnson - WR","#85 Stephen Schmidt - WR","#38 Craig Nadeau - WR",,,"#58 Alfonso Defelice - LT","#51 Emmett Wallace - LG","#57 Dustin McCool - C","#44 Mark Wellington - RG","#69 Robert Cook - RT",,"#63 Thomas Jewell - FS",,"#96 Steven Munoz - FS","#97 Bradley Garrett - FS","#52 David Westbrooks - CB",,"#56 Joseph McCormick - FS",,"#31 Alan Brown - FS","#49 Lester Bryson - CB","#98 Leo Duckett - CB",,"#35 Wyatt Earp - CB",,"#17 Randy Hall - FS","#27 Daniel Person - FS",,,,,,,,,,,,,,,,,,,,,,,,,,,,,,,,,,,,
BMT,8:38,"BMT 28",2,3,10,"Weak I Normal WR Corner TE Middle","Dime Flat Man Cover 1",14,14,10,"3-10-BMT 28 (8:39) 5-Edwin Ackles pass complete to 15-Kurt Waring to BMT 42 for 14 yards. Tackle by 49-Lester Bryson.","#5 Edwin Ackles - QB","#85 Stephen Schmidt - WR",,,"#47 Norman Ayala - FB","#38 Craig Nadeau - WR",,"#15 Kurt Waring - WR",,"#88 Thomas Johnson - WR",,,"#58 Alfonso Defelice - LT","#51 Emmett Wallace - LG","#57 Dustin McCool - C","#44 Mark Wellington - RG","#69 Robert Cook - RT",,"#63 Thomas Jewell - FS",,"#96 Steven Munoz - FS","#97 Bradley Garrett - FS","#52 David Westbrooks - CB",,"#56 Joseph McCormick - FS",,,"#49 Lester Bryson - CB","#98 Leo Duckett - CB","#22 Michael Caulkins - CB","#35 Wyatt Earp - CB",,"#17 Randy Hall - FS","#27 Daniel Person - FS",,,,,,,,,,,,,,,,,,,,,,,,,,,,,,,,,,,,
BMT,8:03,"BMT 42",2,1,10,"Shotgun Normal HB Flare","Nickel Normal Double WR2",,14,10,"1-10-BMT 42 (8:02) 5-Edwin Ackles pass Pass knocked down by 31-Alan Brown. incomplete, intended for 82-Larry Shepherd.","#5 Edwin Ackles - QB","#82 Larry Shepherd - RB",,,,"#38 Craig Nadeau - WR",,"#88 Thomas Johnson - WR","#85 Stephen Schmidt - WR","#15 Kurt Waring - WR",,,"#58 Alfonso Defelice - LT","#51 Emmett Wallace - LG","#57 Dustin McCool - C","#44 Mark Wellington - RG","#69 Robert Cook - RT",,"#63 Thomas Jewell - FS",,"#96 Steven Munoz - FS","#97 Bradley Garrett - FS","#52 David Westbrooks - CB",,"#56 Joseph McCormick - FS",,"#31 Alan Brown - FS","#49 Lester Bryson - CB","#98 Leo Duckett - CB",,"#35 Wyatt Earp - CB",,"#17 Randy Hall - FS","#27 Daniel Person - FS",,,,,,,,,,,,,,,,,,,,,,,,,,,,,,,,,,,,
BMT,7:57,"BMT 42",2,2,10,"I Formation Power PA Flats","Goal Line Attack #3",-8,14,10,"2-10-BMT 42 (7:58) 5-Edwin Ackles sacked at BMT 34 for -8 yards (63-Thomas Jewell). Sack allowed by 69-Robert Cook.","#5 Edwin Ackles - QB","#8 Randy McClelland - RB",,"#82 Larry Shepherd - RB","#31 Robin Salinas - FB","#47 Norman Ayala - FB",,"#15 Kurt Waring - WR",,,,,"#58 Alfonso Defelice - LT","#51 Emmett Wallace - LG","#57 Dustin McCool - C","#69 Robert Cook - RT","#44 Mark Wellington - RG",,"#63 Thomas Jewell - FS","#90 Robert Isaacs - FS","#96 Steven Munoz - FS","#97 Bradley Garrett - FS","#52 David Westbrooks - CB","#95 Andrew Frisch - FS","#99 Patrick Queen - FS",,"#31 Alan Brown - FS","#98 Leo Duckett - CB","#22 Michael Caulkins - CB",,,,"#17 Randy Hall - FS",,,,,,,,,,,,,,,,,,,,,,,,,,,,,,,,,,,,,
BMT,7:16,"BMT 34",2,3,18,"I Formation 3WR WR Out","Dime Flat Man Cover 1",,14,10,"3-18-BMT 34 (7:15) 5-Edwin Ackles pass incomplete, dropped by 38-Craig Nadeau.","#5 Edwin Ackles - QB","#82 Larry Shepherd - RB",,,"#31 Robin Salinas - FB",,,"#88 Thomas Johnson - WR","#85 Stephen Schmidt - WR","#38 Craig Nadeau - WR",,,"#58 Alfonso Defelice - LT","#51 Emmett Wallace - LG","#57 Dustin McCool - C","#44 Mark Wellington - RG","#69 Robert Cook - RT",,"#63 Thomas Jewell - FS",,"#96 Steven Munoz - FS","#97 Bradley Garrett - FS","#52 David Westbrooks - CB",,"#56 Joseph McCormick - FS",,,"#49 Lester Bryson - CB","#98 Leo Duckett - CB","#22 Michael Caulkins - CB","#35 Wyatt Earp - CB",,"#17 Randy Hall - FS","#27 Daniel Person - FS",,,,,,,,,,,,,,,,,,,,,,,,,,,,,,,,,,,,
BMT,7:11,"BMT 34",2,4,18,Punt,"Punt Return",,14,10,"4-18-BMT 34 (7:12) 7-Alton Risley punts 49 yards to GFQ 17. 49-Lester Bryson to GFQ 18 for 1 yards. Tackle by 99-Floyd Farrell.",,,,,,,,,,,,,,,,,,"#7 Alton Risley - P",,,,,,,,,,,,,,,,,,,"#69 Robert Cook - RT",,"#49 Lester Bryson - CB",,,"#94 Zakk Wylde - FS","#56 Joseph McCormick - FS","#17 Randy Hall - FS",,"#99 Patrick Queen - FS","#27 Daniel Person - FS",,"#92 James Seaman - FS",,,,"#82 Larry Shepherd - RB","#57 Dustin McCool - C","#51 Emmett Wallace - LG","#44 Mark Wellington - RG","#58 Alfonso Defelice - LT","#47 Norman Ayala - FB",,"#63 Thomas Jewell - FS","#90 Robert Isaacs - FS","#52 David Westbrooks - CB","#71 Clifton Blackmon - FS",,,,,,,
GFQ,7:03,"GFQ 18",2,1,10,"I Formation Normal FL Hitch","4-3 Normal Double WR3",,14,10,"1-10-GFQ 18 (7:04) 3-Michael Craft pass Pass knocked down by 95-Douglas Juarez. incomplete, intended for 88-Mark Andrews. 95-Douglas Juarez got away with a hold on that play. 43-Scott Bondurant got away with a hold on that play.","#3 Michael Craft - QB","#80 Derek Girouard - WR",,,"#21 Lucien Geary - WR","#88 Mark Andrews - WR",,"#84 Michael Vega - WR",,"#10 Arthur McCoy - WR",,,"#73 Roy Castrejon - LT","#70 Christopher Hunter - LG","#55 James Garcia - C","#66 Manuel Gonzales - RG","#50 John Kelley - RT",,"#62 Robert Alston - LDE",,"#91 Fernando Freeman - DT","#93 Ryan Sanders - DT","#75 Mack Jones - RDE","#26 Shawn Dahl - SLB","#95 Douglas Juarez - MLB",,"#99 Floyd Farrell - WLB","#45 Christopher Chapman - CB","#23 Alfred Mitchel - CB",,,,"#25 Ian Yedinak - SS","#43 Scott Bondurant - CB",,,,,,,,,,,,,,,,,,,,,,,,,,,,,,,,,,,,
GFQ,7:00,"GFQ 18",2,2,10,"Singleback Normal HB Counter Weak","Dime Flat MLB SS Blitz",,14,10,"2-10-GFQ 18 (7:01) 80-Derek Girouard ran to GFQ 18 for a short gain. Tackle by 90-Derek Ness.","#3 Michael Craft - QB","#80 Derek Girouard - WR",,,,"#88 Mark Andrews - WR",,"#84 Michael Vega - WR","#32 Donald Vann - WR","#10 Arthur McCoy - WR",,,"#73 Roy Castrejon - LT","#70 Christopher Hunter - LG","#55 James Garcia - C","#66 Manuel Gonzales - RG","#50 John Kelley - RT",,"#75 Mack Jones - RDE",,"#62 Robert Alston - LDE","#91 Fernando Freeman - DT","#99 Floyd Farrell - WLB",,"#90 Derek Ness - WLB",,,"#45 Christopher Chapman - CB","#23 Alfred Mitchel - CB","#29 Pablo Santos - CB","#43 Scott Bondurant - CB",,"#25 Ian Yedinak - SS","#98 James Scott - SS",,,,,,,,,,,,,,,,,,,,,,,,,,,,,,,,,,,,
GFQ,6:21,"GFQ 18",2,3,10,"I Formation 3WR Slot Short WR Deep","3-4 Normal Man Cover 1",,14,10,"3-10-GFQ 18 (6:20) 3-Michael Craft pass INTERCEPTED by 90-Derek Ness at GFQ 34. 90-Derek Ness to GFQ 34 for -0 yards. Tackle by 84-Michael Vega.","#3 Michael Craft - QB","#80 Derek Girouard - WR",,,"#21 Lucien Geary - WR",,,"#84 Michael Vega - WR","#32 Donald Vann - WR","#10 Arthur McCoy - WR",,,"#73 Roy Castrejon - LT","#70 Christopher Hunter - LG","#55 James Garcia - C","#66 Manuel Gonzales - RG","#50 John Kelley - RT",,"#62 Robert Alston - LDE",,"#91 Fernando Freeman - DT",,"#75 Mack Jones - RDE","#99 Floyd Farrell - WLB","#90 Derek Ness - WLB","#95 Douglas Juarez - MLB","#26 Shawn Dahl - SLB","#45 Christopher Chapman - CB","#23 Alfred Mitchel - CB",,,,"#25 Ian Yedinak - SS","#43 Scott Bondurant - CB",,,,,,,,,,,,,,,,,,,,,,,,,,,,,,,,,,,,
BMT,6:15,"GFQ 34",2,1,10,"Singleback Normal HB Counter Weak","Nickel Normal Double WR2",16,14,10,"1-10-GFQ 34 (6:16) 18-Willie Jenning ran to GFQ 19 for 16 yards. Tackle by 17-Randy Hall.","#5 Edwin Ackles - QB","#18 Willie Jenning - RB",,,,"#82 Larry Shepherd - RB",,"#88 Thomas Johnson - WR","#85 Stephen Schmidt - WR","#38 Craig Nadeau - WR",,,"#58 Alfonso Defelice - LT","#51 Emmett Wallace - LG","#57 Dustin McCool - C","#44 Mark Wellington - RG","#69 Robert Cook - RT",,"#63 Thomas Jewell - FS",,"#96 Steven Munoz - FS","#97 Bradley Garrett - FS","#52 David Westbrooks - CB",,"#56 Joseph McCormick - FS",,"#31 Alan Brown - FS","#49 Lester Bryson - CB","#98 Leo Duckett - CB",,"#35 Wyatt Earp - CB",,"#17 Randy Hall - FS","#27 Daniel Person - FS",,,,,,,,,,,,,,,,,,,,,,,,,,,,,,,,,,,,
BMT,5:30,"GFQ 19",2,1,10,"I Formation 3WR WR Out","Nickel Normal Double WR2",,14,10,"1-10-GFQ 19 (5:29) 5-Edwin Ackles pass incomplete, dropped by 85-Stephen Schmidt.","#5 Edwin Ackles - QB","#82 Larry Shepherd - RB",,,"#31 Robin Salinas - FB",,,"#88 Thomas Johnson - WR","#85 Stephen Schmidt - WR","#38 Craig Nadeau - WR",,,"#58 Alfonso Defelice - LT","#51 Emmett Wallace - LG","#57 Dustin McCool - C","#44 Mark Wellington - RG","#69 Robert Cook - RT",,"#63 Thomas Jewell - FS",,"#96 Steven Munoz - FS","#97 Bradley Garrett - FS","#52 David Westbrooks - CB",,"#56 Joseph McCormick - FS",,"#31 Alan Brown - FS","#49 Lester Bryson - CB","#98 Leo Duckett - CB",,"#35 Wyatt Earp - CB",,"#17 Randy Hall - FS","#27 Daniel Person - FS",,,,,,,,,,,,,,,,,,,,,,,,,,,,,,,,,,,,
BMT,5:25,"GFQ 19",2,2,10,"I Formation 3WR FL Post","Nickel Normal Double WR2",,14,10,"2-10-GFQ 19 (5:26) 5-Edwin Ackles pass Pass knocked down by 27-Daniel Person. incomplete, intended for 38-Craig Nadeau. Pressure by 96-Steven Munoz.","#5 Edwin Ackles - QB","#82 Larry Shepherd - RB",,,"#31 Robin Salinas - FB",,,"#88 Thomas Johnson - WR","#85 Stephen Schmidt - WR","#38 Craig Nadeau - WR",,,"#58 Alfonso Defelice - LT","#51 Emmett Wallace - LG","#57 Dustin McCool - C","#44 Mark Wellington - RG","#69 Robert Cook - RT",,"#63 Thomas Jewell - FS",,"#96 Steven Munoz - FS","#97 Bradley Garrett - FS","#52 David Westbrooks - CB",,"#56 Joseph McCormick - FS",,"#31 Alan Brown - FS","#49 Lester Bryson - CB","#98 Leo Duckett - CB",,"#35 Wyatt Earp - CB",,"#17 Randy Hall - FS","#27 Daniel Person - FS",,,,,,,,,,,,,,,,,,,,,,,,,,,,,,,,,,,,
BMT,5:20,"GFQ 19",2,3,10,"I Formation Power Play Action HB Downfield","Dime Flat Man Cover 1",7,14,10,"3-10-GFQ 19 (5:21) 5-Edwin Ackles pass complete to 85-Stephen Schmidt to GFQ 11 for 7 yards. Tackle by 35-Wyatt Earp.","#5 Edwin Ackles - QB","#8 Randy McClelland - RB",,"#47 Norman Ayala - FB","#31 Robin Salinas - FB","#85 Stephen Schmidt - WR",,"#38 Craig Nadeau - WR",,,,,"#58 Alfonso Defelice - LT","#51 Emmett Wallace - LG","#57 Dustin McCool - C","#69 Robert Cook - RT","#44 Mark Wellington - RG",,"#63 Thomas Jewell - FS",,"#96 Steven Munoz - FS","#97 Bradley Garrett - FS","#52 David Westbrooks - CB",,"#99 Patrick Queen - FS",,,"#98 Leo Duckett - CB","#35 Wyatt Earp - CB","#26 Henry Fuller - CB","#22 Michael Caulkins - CB",,"#92 James Seaman - FS","#27 Daniel Person - FS",,,,,,,,,,,,,,,,,,,,,,,,,,,,,,,,,,,,
BMT,4:36,"GFQ 11",2,4,3,"Field Goal","FG Block",21,17,10,"4-3-GFQ 11 (4:35) 10-James Calderon 28 yard field goal is GOOD. BMT 17 GFQ 10",,,,,,,,,,,,,,,,,,,,,,,,,,,,,,,,,,,,"#8 Randy McClelland - RB","#69 Robert Cook - RT",,,,,,,,,,,,,,"#10 James Calderon - K","#91 Fernando Freeman - DT","#82 Larry Shepherd - RB","#57 Dustin McCool - C","#51 Emmett Wallace - LG","#44 Mark Wellington - RG","#58 Alfonso Defelice - LT","#47 Norman Ayala - FB","#86 Eric Fitch - RG","#63 Thomas Jewell - FS","#90 Robert Isaacs - FS","#52 David Westbrooks - CB","#71 Clifton Blackmon - FS","#31 Alan Brown - FS","#95 Andrew Frisch - FS","#92 James Seaman - FS","#97 Bradley Garrett - FS","#96 Steven Munoz - FS","#56 Joseph McCormick - FS","#25 Scott Morrison - CB"
BMT,4:32,"BMT 35",2,6,10,Kickoff,"Kick Return",,17,10,"(4:33) 10-James Calderon kicks 74 yards from BMT 35 to GFQ -9. Touchback.",,,,,,,,,,,,,,,,,,,,,,,,,,,,,,,,,,,,,,"#49 Lester Bryson - CB",,"#31 Alan Brown - FS","#56 Joseph McCormick - FS","#98 Leo Duckett - CB","#92 James Seaman - FS","#17 Randy Hall - FS","#25 Scott Morrison - CB","#94 Zakk Wylde - FS","#99 Patrick Queen - FS","#22 Michael Caulkins - CB","#27 Daniel Person - FS","#10 James Calderon - K",,,,,,,,,,,,,,,,,,,,
GFQ,4:32,"GFQ 25",2,1,10,"Singleback Normal HB Dive Strong","4-3 Normal WLB Outside Blitz",3,17,10,"1-10-GFQ 25 (4:33) 80-Derek Girouard ran to GFQ 28 for 3 yards. Tackle by 95-Douglas Juarez.","#3 Michael Craft - QB","#80 Derek Girouard - WR",,,,"#88 Mark Andrews - WR",,"#84 Michael Vega - WR","#32 Donald Vann - WR","#10 Arthur McCoy - WR",,,"#73 Roy Castrejon - LT","#70 Christopher Hunter - LG","#55 James Garcia - C","#66 Manuel Gonzales - RG","#50 John Kelley - RT",,"#62 Robert Alston - LDE",,"#91 Fernando Freeman - DT","#93 Ryan Sanders - DT","#75 Mack Jones - RDE","#26 Shawn Dahl - SLB","#95 Douglas Juarez - MLB",,"#99 Floyd Farrell - WLB","#45 Christopher Chapman - CB","#23 Alfred Mitchel - CB",,,,"#25 Ian Yedinak - SS","#43 Scott Bondurant - CB",,,,,,,,,,,,,,,,,,,,,,,,,,,,,,,,,,,,
GFQ,3:50,"GFQ 28",2,2,7,"Weak I Big WR Post TE Out","4-3 Normal Man Under 1",11,17,10,"2-7-GFQ 28 (3:49) 3-Michael Craft pass complete to 88-Mark Andrews to GFQ 39 for 11 yards. Tackle by 23-Alfred Mitchel.","#3 Michael Craft - QB","#80 Derek Girouard - WR",,,"#21 Lucien Geary - WR","#88 Mark Andrews - WR","#81 Michael White - WR","#84 Michael Vega - WR",,,,,"#73 Roy Castrejon - LT","#70 Christopher Hunter - LG","#55 James Garcia - C","#66 Manuel Gonzales - RG","#50 John Kelley - RT",,"#62 Robert Alston - LDE",,"#91 Fernando Freeman - DT","#93 Ryan Sanders - DT","#75 Mack Jones - RDE","#26 Shawn Dahl - SLB","#95 Douglas Juarez - MLB",,"#99 Floyd Farrell - WLB","#45 Christopher Chapman - CB","#23 Alfred Mitchel - CB",,,,"#25 Ian Yedinak - SS","#43 Scott Bondurant - CB",,,,,,,,,,,,,,,,,,,,,,,,,,,,,,,,,,,,
GFQ,3:11,"GFQ 39",2,1,10,"I Formation Normal PA Fullback Flat","3-4 Normal Man Cover 1",4,17,10,"1-10-GFQ 39 (3:10) 3-Michael Craft pass complete to 21-Lucien Geary to GFQ 43 for 4 yards. Tackle by 95-Douglas Juarez. 21-Lucien Geary made a great move on the CB.","#3 Michael Craft - QB","#80 Derek Girouard - WR",,,"#21 Lucien Geary - WR","#88 Mark Andrews - WR",,"#84 Michael Vega - WR",,"#10 Arthur McCoy - WR",,,"#73 Roy Castrejon - LT","#70 Christopher Hunter - LG","#55 James Garcia - C","#66 Manuel Gonzales - RG","#50 John Kelley - RT",,"#62 Robert Alston - LDE",,"#91 Fernando Freeman - DT",,"#75 Mack Jones - RDE","#99 Floyd Farrell - WLB","#90 Derek Ness - WLB","#95 Douglas Juarez - MLB","#26 Shawn Dahl - SLB","#45 Christopher Chapman - CB","#23 Alfred Mitchel - CB",,,,"#25 Ian Yedinak - SS","#43 Scott Bondurant - CB",,,,,,,,,,,,,,,,,,,,,,,,,,,,,,,,,,,,
GFQ,2:29,"GFQ 43",2,2,6,"Weak I Normal WR Corner TE Middle","4-3 Normal WLB Outside Blitz",16,17,10,"2-6-GFQ 43 (2:28) 3-Michael Craft pass complete to 32-Donald Vann to BMT 41 for 16 yards.","#3 Michael Craft - QB","#32 Donald Vann - WR",,,"#21 Lucien Geary - WR","#88 Mark Andrews - WR",,"#84 Michael Vega - WR",,"#10 Arthur McCoy - WR",,,"#73 Roy Castrejon - LT","#70 Christopher Hunter - LG","#55 James Garcia - C","#66 Manuel Gonzales - RG","#50 John Kelley - RT",,"#62 Robert Alston - LDE",,"#91 Fernando Freeman - DT","#93 Ryan Sanders - DT","#75 Mack Jones - RDE","#26 Shawn Dahl - SLB","#95 Douglas Juarez - MLB",,"#99 Floyd Farrell - WLB","#45 Christopher Chapman - CB","#23 Alfred Mitchel - CB",,,,"#25 Ian Yedinak - SS","#43 Scott Bondurant - CB",,,,,,,,,,,,,,,,,,,,,,,,,,,,,,,,,,,,
,2:00,,2,1,10,,,,17,10,"Timeout for two minute warning.",,,,,,,,,,,,,,,,,,,,,,,,,,,,,,,,,,,,,,,,,,,,,,,,,,,,,,,,,,,,,,,,,,,,,,
GFQ,2:00,"BMT 41",2,1,10,"Split Backs Normal Posts","3-4 Normal Man Cover 1",4,17,10,"1-10-BMT 41 (2:00) 3-Michael Craft pass complete to 80-Derek Girouard to BMT 37 for 4 yards. Tackle by 26-Shawn Dahl. PENALTY - Holding (GFQ 73-Roy Castrejon)","#3 Michael Craft - QB","#80 Derek Girouard - WR",,,"#21 Lucien Geary - WR","#88 Mark Andrews - WR",,"#10 Arthur McCoy - WR",,"#87 James Lewis - WR",,,"#73 Roy Castrejon - LT","#70 Christopher Hunter - LG","#55 James Garcia - C","#66 Manuel Gonzales - RG","#50 John Kelley - RT",,"#62 Robert Alston - LDE",,"#91 Fernando Freeman - DT",,"#75 Mack Jones - RDE","#99 Floyd Farrell - WLB","#90 Derek Ness - WLB","#95 Douglas Juarez - MLB","#26 Shawn Dahl - SLB","#45 Christopher Chapman - CB","#23 Alfred Mitchel - CB",,,,"#25 Ian Yedinak - SS","#43 Scott Bondurant - CB",,,,,,,,,,,,,,,,,,,,,,,,,,,,,,,,,,,,
GFQ,1:56,"GFQ 49",2,1,20,"I Formation 3WR Slot Short WR Deep","4-3 Normal Man Under 1",,17,10,"1-20-GFQ 49 (1:57) 3-Michael Craft pass Pass knocked down by 25-Ian Yedinak. incomplete, intended for 84-Michael Vega.","#3 Michael Craft - QB","#21 Lucien Geary - WR",,,"#88 Mark Andrews - WR",,,"#84 Michael Vega - WR","#32 Donald Vann - WR","#10 Arthur McCoy - WR",,,"#73 Roy Castrejon - LT","#70 Christopher Hunter - LG","#55 James Garcia - C","#66 Manuel Gonzales - RG","#50 John Kelley - RT",,"#62 Robert Alston - LDE",,"#91 Fernando Freeman - DT","#93 Ryan Sanders - DT","#75 Mack Jones - RDE","#26 Shawn Dahl - SLB","#95 Douglas Juarez - MLB",,"#99 Floyd Farrell - WLB","#45 Christopher Chapman - CB","#23 Alfred Mitchel - CB",,,,"#25 Ian Yedinak - SS","#43 Scott Bondurant - CB",,,,,,,,,,,,,,,,,,,,,,,,,,,,,,,,,,,,
GFQ,1:52,"GFQ 49",2,2,20,"Split Backs Normal Posts","4-3 Normal Man Under 1",8,17,10,"2-20-GFQ 49 (1:53) 3-Michael Craft pass complete to 88-Mark Andrews to BMT 43 for 8 yards. Tackle by 45-Christopher Chapman. PENALTY - Facemask (BMT 45-Christopher Chapman)","#3 Michael Craft - QB","#80 Derek Girouard - WR",,,"#21 Lucien Geary - WR","#88 Mark Andrews - WR",,"#84 Michael Vega - WR",,"#10 Arthur McCoy - WR",,,"#73 Roy Castrejon - LT","#70 Christopher Hunter - LG","#55 James Garcia - C","#66 Manuel Gonzales - RG","#50 John Kelley - RT",,"#62 Robert Alston - LDE",,"#91 Fernando Freeman - DT","#93 Ryan Sanders - DT","#75 Mack Jones - RDE","#26 Shawn Dahl - SLB","#95 Douglas Juarez - MLB",,"#99 Floyd Farrell - WLB","#45 Christopher Chapman - CB","#23 Alfred Mitchel - CB",,,,"#25 Ian Yedinak - SS","#43 Scott Bondurant - CB",,,,,,,,,,,,,,,,,,,,,,,,,,,,,,,,,,,,
GFQ,1:49,"BMT 28",2,1,10,"Shotgun 5 Wide Slot Drag","Dime Flat Man Cover 1",7,17,10,"1-10-BMT 28 (1:50) 3-Michael Craft pass complete to 87-James Lewis to BMT 21 for 7 yards. Tackle by 25-Ian Yedinak. 87-James Lewis made a great move on the CB.","#3 Michael Craft - QB",,,,,,,"#84 Michael Vega - WR","#87 James Lewis - WR","#32 Donald Vann - WR","#13 James Pyle - WR","#81 Michael White - WR","#73 Roy Castrejon - LT","#70 Christopher Hunter - LG","#55 James Garcia - C","#66 Manuel Gonzales - RG","#50 John Kelley - RT",,"#75 Mack Jones - RDE",,"#62 Robert Alston - LDE","#91 Fernando Freeman - DT","#99 Floyd Farrell - WLB",,"#90 Derek Ness - WLB",,,"#45 Christopher Chapman - CB","#23 Alfred Mitchel - CB","#29 Pablo Santos - CB","#43 Scott Bondurant - CB",,"#25 Ian Yedinak - SS","#98 James Scott - SS",,,,,,,,,,,,,,,,,,,,,,,,,,,,,,,,,,,,
,1:47,,2,2,3,,,,17,10,"Timeout GFQ",,,,,,,,,,,,,,,,,,,,,,,,,,,,,,,,,,,,,,,,,,,,,,,,,,,,,,,,,,,,,,,,,,,,,,
GFQ,1:44,"BMT 21",2,2,3,"I Formation 3WR PA Fullback Flat","Dime Flat Man Cover 1",4,17,10,"2-3-BMT 21 (1:45) 3-Michael Craft pass complete to 21-Lucien Geary to BMT 17 for 4 yards.","#3 Michael Craft - QB","#80 Derek Girouard - WR",,,"#21 Lucien Geary - WR",,,"#84 Michael Vega - WR","#32 Donald Vann - WR","#10 Arthur McCoy - WR",,,"#73 Roy Castrejon - LT","#70 Christopher Hunter - LG","#55 James Garcia - C","#66 Manuel Gonzales - RG","#50 John Kelley - RT",,"#75 Mack Jones - RDE",,"#62 Robert Alston - LDE","#91 Fernando Freeman - DT","#99 Floyd Farrell - WLB",,"#90 Derek Ness - WLB",,,"#45 Christopher Chapman - CB","#23 Alfred Mitchel - CB","#29 Pablo Santos - CB","#43 Scott Bondurant - CB",,"#25 Ian Yedinak - SS","#98 James Scott - SS",,,,,,,,,,,,,,,,,,,,,,,,,,,,,,,,,,,,
GFQ,1:40,"BMT 17",2,1,10,"I Formation Normal FL Hitch","4-3 Normal Man Under 1",17,17,16,"1-10-BMT 17 (1:41) 3-Michael Craft pass complete to 10-Arthur McCoy to BMT 0 for 17 yards. TOUCHDOWN! BMT 17 GFQ 16","#3 Michael Craft - QB","#32 Donald Vann - WR",,,"#21 Lucien Geary - WR","#88 Mark Andrews - WR",,"#84 Michael Vega - WR",,"#10 Arthur McCoy - WR",,,"#73 Roy Castrejon - LT","#70 Christopher Hunter - LG","#55 James Garcia - C","#66 Manuel Gonzales - RG","#50 John Kelley - RT",,"#62 Robert Alston - LDE",,"#91 Fernando Freeman - DT","#93 Ryan Sanders - DT","#75 Mack Jones - RDE","#26 Shawn Dahl - SLB","#95 Douglas Juarez - MLB",,"#99 Floyd Farrell - WLB","#45 Christopher Chapman - CB","#23 Alfred Mitchel - CB",,,,"#25 Ian Yedinak - SS","#43 Scott Bondurant - CB",,,,,,,,,,,,,,,,,,,,,,,,,,,,,,,,,,,,
GFQ,1:37,"BMT 15",2,7,15,"Field Goal","FG Block",25,17,17,"(1:38) Extra point GOOD by 15-Larry Carlton. BMT 17 GFQ 17",,,,,,,,,,,,,,,,,,,,,,,,,,,,,,,,,,,,"#18 Levi Looper - P","#50 John Kelley - RT",,,,,,,,,,,,,,"#15 Larry Carlton - K","#55 James Garcia - C","#73 Roy Castrejon - LT","#78 Kenneth Grimes - LT","#59 Roger Demott - LG","#66 Manuel Gonzales - RG","#70 Christopher Hunter - LG","#74 Bobbie Randolph - RG","#64 Brent Maule - RT","#51 Emmett Wallace - LG","#44 Mark Wellington - RG","#69 Robert Cook - RT","#58 Alfonso Defelice - LT","#67 Phillip Bolen - DT","#66 Kenneth Landaverde - LDE","#90 Derek Ness - WLB","#99 Floyd Farrell - WLB","#50 Stanley Storer - RT","#91 Fernando Freeman - DT","#75 Mack Jones - RDE"
GFQ,1:37,"GFQ 35",2,6,10,Kickoff,"Kick Return",,17,17,"(1:38) 15-Larry Carlton kicks 66 yards from GFQ 35 to BMT -1. 18-Willie Jenning to BMT 20 for 21 yards. Tackle by 27-Daniel Person.",,,,,,,,,,,,,,,,,,,,,,,,,,,,,,,,,,,,,,"#18 Willie Jenning - RB",,"#44 Mark Wellington - RG","#69 Robert Cook - RT","#88 Thomas Johnson - WR","#58 Alfonso Defelice - LT","#15 Kurt Waring - WR","#54 Jay McCoy - LG","#47 Norman Ayala - FB","#31 Robin Salinas - FB","#51 Emmett Wallace - LG","#86 Eric Fitch - RG","#15 Larry Carlton - K",,,,,,,,,,,,,,,,,,,,
BMT,1:33,"BMT 20",2,1,10,"Singleback Normal HB Dive Weak","Nickel Normal Double WR2",14,17,17,"1-10-BMT 20 (1:34) 8-Randy McClelland ran to BMT 33 for 14 yards. Tackle by 35-Wyatt Earp. GFQ 96-Steven Munoz was injured on the play. He looks like he should be able to return.","#5 Edwin Ackles - QB","#8 Randy McClelland - RB",,,,"#82 Larry Shepherd - RB",,"#88 Thomas Johnson - WR","#85 Stephen Schmidt - WR","#38 Craig Nadeau - WR",,,"#58 Alfonso Defelice - LT","#51 Emmett Wallace - LG","#57 Dustin McCool - C","#44 Mark Wellington - RG","#69 Robert Cook - RT",,"#63 Thomas Jewell - FS",,"#96 Steven Munoz - FS","#97 Bradley Garrett - FS","#90 Robert Isaacs - FS",,"#52 David Westbrooks - CB",,"#91 Christopher Childs - FS","#49 Lester Bryson - CB","#26 Henry Fuller - CB",,"#98 Leo Duckett - CB",,"#35 Wyatt Earp - CB","#95 Andrew Frisch - FS",,,,,,,,,,,,,,,,,,,,,,,,,,,,,,,,,,,,
BMT,0:52,"BMT 33",2,1,10,"Singleback Normal HB Counter Weak","Nickel Normal Double WR2",-3,17,17,"1-10-BMT 33 (0:51) 18-Willie Jenning ran to BMT 31 for -3 yards. Tackle by 52-David Westbrooks.","#5 Edwin Ackles - QB","#18 Willie Jenning - RB",,,,"#82 Larry Shepherd - RB",,"#88 Thomas Johnson - WR","#85 Stephen Schmidt - WR","#38 Craig Nadeau - WR",,,"#58 Alfonso Defelice - LT","#51 Emmett Wallace - LG","#57 Dustin McCool - C","#44 Mark Wellington - RG","#69 Robert Cook - RT",,"#63 Thomas Jewell - FS",,"#97 Bradley Garrett - FS","#90 Robert Isaacs - FS","#52 David Westbrooks - CB",,"#56 Joseph McCormick - FS",,"#31 Alan Brown - FS","#49 Lester Bryson - CB","#98 Leo Duckett - CB",,"#35 Wyatt Earp - CB",,"#17 Randy Hall - FS","#27 Daniel Person - FS",,,,,,,,,,,,,,,,,,,,,,,,,,,,,,,,,,,,
BMT,0:12,"BMT 31",2,2,13,"I Formation Power HB Strong Outside","Goal Line Attack #1",-2,17,17,"2-13-BMT 31 (0:11) 8-Randy McClelland ran to BMT 28 for -2 yards. Tackle by 31-Alan Brown.","#5 Edwin Ackles - QB","#8 Randy McClelland - RB",,"#47 Norman Ayala - FB","#31 Robin Salinas - FB","#85 Stephen Schmidt - WR",,"#38 Craig Nadeau - WR",,,,,"#58 Alfonso Defelice - LT","#51 Emmett Wallace - LG","#57 Dustin McCool - C","#69 Robert Cook - RT","#44 Mark Wellington - RG",,"#63 Thomas Jewell - FS","#90 Robert Isaacs - FS","#97 Bradley Garrett - FS","#27 Daniel Person - FS","#52 David Westbrooks - CB","#95 Andrew Frisch - FS","#56 Joseph McCormick - FS",,"#31 Alan Brown - FS","#49 Lester Bryson - CB","#98 Leo Duckett - CB",,,,"#17 Randy Hall - FS",,,,,,,,,,,,,,,,,,,,,,,,,,,,,,,,,,,,,
,0:00,,2,3,15,,,,17,17,"End of half.",,,,,,,,,,,,,,,,,,,,,,,,,,,,,,,,,,,,,,,,,,,,,,,,,,,,,,,,,,,,,,,,,,,,,,
BMT,15:00,"BMT 35",3,6,10,Kickoff,"Kick Return",,17,17,"(15:00) 10-James Calderon kicks 72 yards from BMT 35 to GFQ -7. 49-Lester Bryson to GFQ 26 for 34 yards. Tackle by 92-Don Jennings.",,,,,,,,,,,,,,,,,,,,,,,,,,,,,,,,,,,,,,"#49 Lester Bryson - CB",,"#31 Alan Brown - FS","#56 Joseph McCormick - FS","#98 Leo Duckett - CB","#92 James Seaman - FS","#17 Randy Hall - FS","#25 Scott Morrison - CB","#94 Zakk Wylde - FS","#99 Patrick Queen - FS","#22 Michael Caulkins - CB","#27 Daniel Person - FS","#10 James Calderon - K",,,,,,,,,,,,,,,,,,,,
GFQ,14:53,"GFQ 26",3,1,10,"I Formation 3WR PA Fullback Flat","Dime Flat MLB SS Blitz",41,17,17,"1-10-GFQ 26 (14:54) 3-Michael Craft pass complete to 10-Arthur McCoy to BMT 33 for 41 yards. Tackle by 45-Christopher Chapman.","#3 Michael Craft - QB","#80 Derek Girouard - WR",,,"#21 Lucien Geary - WR",,,"#84 Michael Vega - WR","#32 Donald Vann - WR","#10 Arthur McCoy - WR",,,"#73 Roy Castrejon - LT","#70 Christopher Hunter - LG","#55 James Garcia - C","#66 Manuel Gonzales - RG","#50 John Kelley - RT",,"#75 Mack Jones - RDE",,"#62 Robert Alston - LDE","#91 Fernando Freeman - DT","#99 Floyd Farrell - WLB",,"#95 Douglas Juarez - MLB",,,"#29 Pablo Santos - CB","#72 Johnny Wong - CB","#45 Christopher Chapman - CB","#34 Orlando Morris - CB",,"#98 James Scott - SS","#23 Alfred Mitchel - CB",,,,,,,,,,,,,,,,,,,,,,,,,,,,,,,,,,,,
GFQ,14:09,"BMT 33",3,1,10,"Singleback Normal HB Inside Weak","4-3 Normal Man Under 1",3,17,17,"1-10-BMT 33 (14:08) 32-Donald Vann ran to BMT 30 for 3 yards. Tackle by 95-Douglas Juarez.","#3 Michael Craft - QB","#32 Donald Vann - WR",,,,"#88 Mark Andrews - WR",,"#87 James Lewis - WR","#81 Michael White - WR","#13 James Pyle - WR",,,"#73 Roy Castrejon - LT","#70 Christopher Hunter - LG","#55 James Garcia - C","#66 Manuel Gonzales - RG","#50 John Kelley - RT",,"#62 Robert Alston - LDE",,"#91 Fernando Freeman - DT","#93 Ryan Sanders - DT","#75 Mack Jones - RDE","#26 Shawn Dahl - SLB","#95 Douglas Juarez - MLB",,"#99 Floyd Farrell - WLB","#45 Christopher Chapman - CB","#23 Alfred Mitchel - CB",,,,"#25 Ian Yedinak - SS","#43 Scott Bondurant - CB",,,,,,,,,,,,,,,,,,,,,,,,,,,,,,,,,,,,
GFQ,13:30,"BMT 30",3,2,7,"Singleback Normal Quick Slant","4-3 Normal Man Under 1",1,17,17,"2-7-BMT 30 (13:29) 3-Michael Craft pass complete to 21-Lucien Geary to BMT 29 for 1 yards. Tackle by 23-Alfred Mitchel.","#3 Michael Craft - QB","#21 Lucien Geary - WR",,,,"#88 Mark Andrews - WR",,"#84 Michael Vega - WR","#13 James Pyle - WR","#87 James Lewis - WR",,,"#73 Roy Castrejon - LT","#70 Christopher Hunter - LG","#55 James Garcia - C","#66 Manuel Gonzales - RG","#50 John Kelley - RT",,"#62 Robert Alston - LDE",,"#91 Fernando Freeman - DT","#93 Ryan Sanders - DT","#75 Mack Jones - RDE","#26 Shawn Dahl - SLB","#95 Douglas Juarez - MLB",,"#99 Floyd Farrell - WLB","#45 Christopher Chapman - CB","#23 Alfred Mitchel - CB",,,,"#25 Ian Yedinak - SS","#43 Scott Bondurant - CB",,,,,,,,,,,,,,,,,,,,,,,,,,,,,,,,,,,,
GFQ,12:53,"BMT 29",3,3,6,"Singleback Normal HB Inside Weak","3-4 Normal Man Cover 1",5,17,17,"3-6-BMT 29 (12:52) 80-Derek Girouard ran to BMT 24 for 5 yards. Tackle by 95-Douglas Juarez. PENALTY - Offsides (BMT 26-Shawn Dahl)","#3 Michael Craft - QB","#80 Derek Girouard - WR",,,,"#88 Mark Andrews - WR",,"#84 Michael Vega - WR","#87 James Lewis - WR","#32 Donald Vann - WR",,,"#73 Roy Castrejon - LT","#70 Christopher Hunter - LG","#55 James Garcia - C","#66 Manuel Gonzales - RG","#50 John Kelley - RT",,"#62 Robert Alston - LDE",,"#91 Fernando Freeman - DT",,"#75 Mack Jones - RDE","#99 Floyd Farrell - WLB","#90 Derek Ness - WLB","#95 Douglas Juarez - MLB","#26 Shawn Dahl - SLB","#45 Christopher Chapman - CB","#23 Alfred Mitchel - CB",,,,"#25 Ian Yedinak - SS","#43 Scott Bondurant - CB",,,,,,,,,,,,,,,,,,,,,,,,,,,,,,,,,,,,
GFQ,12:48,"BMT 24",3,3,1,"Shotgun Normal HB Flare","4-3 Normal WLB MLB Blitz",25,17,23,"3-1-BMT 24 (12:49) 3-Michael Craft pass complete to 88-Mark Andrews for 24 yards. TOUCHDOWN! BMT 17 GFQ 23","#3 Michael Craft - QB","#21 Lucien Geary - WR",,,,"#88 Mark Andrews - WR",,"#84 Michael Vega - WR","#32 Donald Vann - WR","#10 Arthur McCoy - WR",,,"#73 Roy Castrejon - LT","#70 Christopher Hunter - LG","#55 James Garcia - C","#66 Manuel Gonzales - RG","#50 John Kelley - RT",,"#62 Robert Alston - LDE",,"#91 Fernando Freeman - DT","#93 Ryan Sanders - DT","#75 Mack Jones - RDE","#26 Shawn Dahl - SLB","#95 Douglas Juarez - MLB",,"#99 Floyd Farrell - WLB","#45 Christopher Chapman - CB","#23 Alfred Mitchel - CB",,,,"#25 Ian Yedinak - SS","#43 Scott Bondurant - CB",,,,,,,,,,,,,,,,,,,,,,,,,,,,,,,,,,,,
GFQ,12:44,"BMT 15",3,7,15,"Field Goal","FG Block",26,17,24,"(12:45) Extra point GOOD by 15-Larry Carlton. BMT 17 GFQ 24",,,,,,,,,,,,,,,,,,,,,,,,,,,,,,,,,,,,"#18 Levi Looper - P","#50 John Kelley - RT",,,,,,,,,,,,,,"#15 Larry Carlton - K","#55 James Garcia - C","#73 Roy Castrejon - LT","#78 Kenneth Grimes - LT","#59 Roger Demott - LG","#66 Manuel Gonzales - RG","#70 Christopher Hunter - LG","#74 Bobbie Randolph - RG","#64 Brent Maule - RT","#51 Emmett Wallace - LG","#44 Mark Wellington - RG","#69 Robert Cook - RT","#58 Alfonso Defelice - LT","#67 Phillip Bolen - DT","#66 Kenneth Landaverde - LDE","#90 Derek Ness - WLB","#99 Floyd Farrell - WLB","#50 Stanley Storer - RT","#91 Fernando Freeman - DT","#75 Mack Jones - RDE"
GFQ,12:44,"GFQ 35",3,6,10,Kickoff,"Kick Return",,17,24,"(12:45) 15-Larry Carlton kicks 72 yards from GFQ 35 to BMT -7. Touchback.",,,,,,,,,,,,,,,,,,,,,,,,,,,,,,,,,,,,,,"#18 Willie Jenning - RB",,"#44 Mark Wellington - RG","#69 Robert Cook - RT","#88 Thomas Johnson - WR","#58 Alfonso Defelice - LT","#15 Kurt Waring - WR","#54 Jay McCoy - LG","#47 Norman Ayala - FB","#31 Robin Salinas - FB","#51 Emmett Wallace - LG","#86 Eric Fitch - RG","#15 Larry Carlton - K",,,,,,,,,,,,,,,,,,,,
BMT,12:44,"BMT 25",3,1,10,"Shotgun Normal HB Flare","Nickel Normal Double WR2",,17,24,"1-10-BMT 25 (12:45) 5-Edwin Ackles pass Pass knocked down by 31-Alan Brown. incomplete, intended for 82-Larry Shepherd.","#5 Edwin Ackles - QB","#82 Larry Shepherd - RB",,,,"#38 Craig Nadeau - WR",,"#88 Thomas Johnson - WR","#85 Stephen Schmidt - WR","#15 Kurt Waring - WR",,,"#58 Alfonso Defelice - LT","#51 Emmett Wallace - LG","#57 Dustin McCool - C","#44 Mark Wellington - RG","#69 Robert Cook - RT",,"#63 Thomas Jewell - FS",,"#96 Steven Munoz - FS","#97 Bradley Garrett - FS","#52 David Westbrooks - CB",,"#56 Joseph McCormick - FS",,"#31 Alan Brown - FS","#49 Lester Bryson - CB","#98 Leo Duckett - CB",,"#35 Wyatt Earp - CB",,"#17 Randy Hall - FS","#27 Daniel Person - FS",,,,,,,,,,,,,,,,,,,,,,,,,,,,,,,,,,,,
BMT,12:41,"BMT 25",3,2,10,"I Formation Normal Max Protect","4-3 Under Crash Left",,17,24,"2-10-BMT 25 (12:42) 5-Edwin Ackles pass Pass knocked down by 98-Leo Duckett. incomplete, intended for 85-Stephen Schmidt. GFQ 96-Steven Munoz was injured on the play. He looks like he should be able to return.","#5 Edwin Ackles - QB","#18 Willie Jenning - RB",,,"#31 Robin Salinas - FB","#47 Norman Ayala - FB",,"#38 Craig Nadeau - WR",,"#85 Stephen Schmidt - WR",,,"#58 Alfonso Defelice - LT","#51 Emmett Wallace - LG","#57 Dustin McCool - C","#44 Mark Wellington - RG","#69 Robert Cook - RT",,"#63 Thomas Jewell - FS",,"#96 Steven Munoz - FS","#97 Bradley Garrett - FS","#52 David Westbrooks - CB","#95 Andrew Frisch - FS","#56 Joseph McCormick - FS",,"#94 Zakk Wylde - FS","#49 Lester Bryson - CB","#98 Leo Duckett - CB",,,,"#92 James Seaman - FS","#99 Patrick Queen - FS",,,,,,,,,,,,,,,,,,,,,,,,,,,,,,,,,,,,
BMT,12:37,"BMT 25",3,3,10,"Singleback Normal HB Release Mid","Dime Normal Man Cover 1",,17,24,"3-10-BMT 25 (12:38) 5-Edwin Ackles pass incomplete, intended for 85-Stephen Schmidt.","#5 Edwin Ackles - QB","#18 Willie Jenning - RB",,,,"#82 Larry Shepherd - RB",,"#88 Thomas Johnson - WR","#85 Stephen Schmidt - WR","#38 Craig Nadeau - WR",,,"#58 Alfonso Defelice - LT","#51 Emmett Wallace - LG","#57 Dustin McCool - C","#44 Mark Wellington - RG","#69 Robert Cook - RT",,"#63 Thomas Jewell - FS",,"#97 Bradley Garrett - FS","#90 Robert Isaacs - FS","#52 David Westbrooks - CB",,"#99 Patrick Queen - FS",,,"#49 Lester Bryson - CB","#35 Wyatt Earp - CB","#26 Henry Fuller - CB","#22 Michael Caulkins - CB",,"#17 Randy Hall - FS","#27 Daniel Person - FS",,,,,,,,,,,,,,,,,,,,,,,,,,,,,,,,,,,,
BMT,12:34,"BMT 25",3,4,10,Punt,"Punt Return",,17,24,"4-10-BMT 25 (12:35) 7-Alton Risley punts 50 yards to GFQ 25. Fair Catch by 49-Lester Bryson.",,,,,,,,,,,,,,,,,,"#7 Alton Risley - P",,,,,,,,,,,,,,,,,,,"#69 Robert Cook - RT",,"#49 Lester Bryson - CB",,,"#98 Leo Duckett - CB","#92 James Seaman - FS","#17 Randy Hall - FS",,"#94 Zakk Wylde - FS","#99 Patrick Queen - FS",,"#27 Daniel Person - FS",,,,"#82 Larry Shepherd - RB","#57 Dustin McCool - C","#51 Emmett Wallace - LG","#44 Mark Wellington - RG","#58 Alfonso Defelice - LT","#47 Norman Ayala - FB",,"#63 Thomas Jewell - FS","#90 Robert Isaacs - FS","#52 David Westbrooks - CB","#71 Clifton Blackmon - FS",,,,,,,
GFQ,12:27,"GFQ 25",3,1,10,"Shotgun 5 Wide Slot Drag","Dime Flat Man Cover 1",7,17,24,"1-10-GFQ 25 (12:28) 3-Michael Craft pass complete to 10-Arthur McCoy to GFQ 31 for 7 yards. Tackle by 23-Alfred Mitchel. 23-Alfred Mitchel got away with a hold on that play.","#3 Michael Craft - QB",,,,,,,"#84 Michael Vega - WR","#32 Donald Vann - WR","#10 Arthur McCoy - WR","#87 James Lewis - WR","#13 James Pyle - WR","#73 Roy Castrejon - LT","#70 Christopher Hunter - LG","#55 James Garcia - C","#66 Manuel Gonzales - RG","#50 John Kelley - RT",,"#75 Mack Jones - RDE",,"#62 Robert Alston - LDE","#91 Fernando Freeman - DT","#99 Floyd Farrell - WLB",,"#90 Derek Ness - WLB",,,"#45 Christopher Chapman - CB","#23 Alfred Mitchel - CB","#29 Pablo Santos - CB","#43 Scott Bondurant - CB",,"#25 Ian Yedinak - SS","#98 James Scott - SS",,,,,,,,,,,,,,,,,,,,,,,,,,,,,,,,,,,,
GFQ,11:51,"GFQ 31",3,2,3,"I Formation Normal HB Dive","4-3 Normal Man Under 1",4,17,24,"2-3-GFQ 31 (11:50) 80-Derek Girouard ran to GFQ 35 for 4 yards. Tackle by 95-Douglas Juarez. BMT 93-Ryan Sanders was injured on the play. He looks like he should be able to return.","#3 Michael Craft - QB","#80 Derek Girouard - WR",,,"#21 Lucien Geary - WR","#88 Mark Andrews - WR",,"#84 Michael Vega - WR",,"#10 Arthur McCoy - WR",,,"#73 Roy Castrejon - LT","#70 Christopher Hunter - LG","#55 James Garcia - C","#66 Manuel Gonzales - RG","#50 John Kelley - RT",,"#62 Robert Alston - LDE",,"#91 Fernando Freeman - DT","#93 Ryan Sanders - DT","#75 Mack Jones - RDE","#26 Shawn Dahl - SLB","#95 Douglas Juarez - MLB",,"#99 Floyd Farrell - WLB","#45 Christopher Chapman - CB","#23 Alfred Mitchel - CB",,,,"#25 Ian Yedinak - SS","#43 Scott Bondurant - CB",,,,,,,,,,,,,,,,,,,,,,,,,,,,,,,,,,,,
GFQ,11:12,"GFQ 35",3,1,10,"I Formation 3WR PA Fullback Flat","Dime Flat MLB SS Blitz",5,17,24,"1-10-GFQ 35 (11:11) 3-Michael Craft pass complete to 32-Donald Vann to GFQ 40 for 5 yards. Tackle by 29-Pablo Santos. 32-Donald Vann did some fancy footwork there. Pressure by 91-Fernando Freeman.","#3 Michael Craft - QB","#80 Derek Girouard - WR",,,"#21 Lucien Geary - WR",,,"#84 Michael Vega - WR","#32 Donald Vann - WR","#10 Arthur McCoy - WR",,,"#73 Roy Castrejon - LT","#70 Christopher Hunter - LG","#55 James Garcia - C","#66 Manuel Gonzales - RG","#50 John Kelley - RT",,"#75 Mack Jones - RDE",,"#62 Robert Alston - LDE","#91 Fernando Freeman - DT","#99 Floyd Farrell - WLB",,"#90 Derek Ness - WLB",,,"#45 Christopher Chapman - CB","#23 Alfred Mitchel - CB","#29 Pablo Santos - CB","#43 Scott Bondurant - CB",,"#25 Ian Yedinak - SS","#98 James Scott - SS",,,,,,,,,,,,,,,,,,,,,,,,,,,,,,,,,,,,
GFQ,10:30,"GFQ 40",3,2,5,"Singleback Normal HB Inside Weak","4-3 Normal WLB Outside Blitz",-1,17,24,"2-5-GFQ 40 (10:29) 21-Lucien Geary ran to GFQ 39 for -1 yards. Tackle by 99-Floyd Farrell.","#3 Michael Craft - QB","#21 Lucien Geary - WR",,,,"#88 Mark Andrews - WR",,"#84 Michael Vega - WR","#32 Donald Vann - WR","#10 Arthur McCoy - WR",,,"#73 Roy Castrejon - LT","#70 Christopher Hunter - LG","#55 James Garcia - C","#66 Manuel Gonzales - RG","#50 John Kelley - RT",,"#62 Robert Alston - LDE",,"#91 Fernando Freeman - DT","#67 Phillip Bolen - DT","#75 Mack Jones - RDE","#26 Shawn Dahl - SLB","#95 Douglas Juarez - MLB",,"#99 Floyd Farrell - WLB","#45 Christopher Chapman - CB","#23 Alfred Mitchel - CB",,,,"#25 Ian Yedinak - SS","#43 Scott Bondurant - CB",,,,,,,,,,,,,,,,,,,,,,,,,,,,,,,,,,,,
GFQ,9:51,"GFQ 39",3,3,6,"Singleback Normal HB Dive Strong","4-3 Normal Man Under 1",3,17,24,"3-6-GFQ 39 (9:50) 80-Derek Girouard ran to GFQ 41 for 2 yards. 80-Derek Girouard FUMBLES (67-Phillip Bolen) recovered by GFQ-70-Christopher Hunter at GFQ 42. Tackle by 99-Floyd Farrell.","#3 Michael Craft - QB","#80 Derek Girouard - WR",,,,"#88 Mark Andrews - WR",,"#84 Michael Vega - WR","#32 Donald Vann - WR","#10 Arthur McCoy - WR",,,"#73 Roy Castrejon - LT","#70 Christopher Hunter - LG","#55 James Garcia - C","#66 Manuel Gonzales - RG","#50 John Kelley - RT",,"#62 Robert Alston - LDE",,"#91 Fernando Freeman - DT","#67 Phillip Bolen - DT","#75 Mack Jones - RDE","#26 Shawn Dahl - SLB","#95 Douglas Juarez - MLB",,"#99 Floyd Farrell - WLB","#45 Christopher Chapman - CB","#23 Alfred Mitchel - CB",,,,"#25 Ian Yedinak - SS","#43 Scott Bondurant - CB",,,,,,,,,,,,,,,,,,,,,,,,,,,,,,,,,,,,
GFQ,9:06,"GFQ 42",3,4,3,Punt,"Punt Return",44,17,24,"4-3-GFQ 42 (9:05) 18-Levi Looper punts 44 yards to BMT 14.",,,,,,,,,,,,,,,,,,"#18 Levi Looper - P",,,,,,,,,,,,,,,,,,,"#50 John Kelley - RT",,"#15 Kurt Waring - WR",,,"#26 Shawn Dahl - SLB","#98 James Scott - SS","#99 Floyd Farrell - WLB",,"#23 Alfred Mitchel - CB","#29 Pablo Santos - CB",,"#95 Douglas Juarez - MLB",,,,"#73 Roy Castrejon - LT","#78 Kenneth Grimes - LT","#59 Roger Demott - LG","#66 Manuel Gonzales - RG","#70 Christopher Hunter - LG","#74 Bobbie Randolph - RG",,"#51 Emmett Wallace - LG","#44 Mark Wellington - RG","#69 Robert Cook - RT","#58 Alfonso Defelice - LT",,,,,,,
BMT,8:57,"BMT 14",3,1,10,"Singleback Normal HB Release Mid","Nickel Normal Double WR2",,17,24,"1-10-BMT 14 (8:58) 5-Edwin Ackles pass Pass knocked down by 22-Michael Caulkins. incomplete, intended for 85-Stephen Schmidt.","#5 Edwin Ackles - QB","#18 Willie Jenning - RB",,,,"#82 Larry Shepherd - RB",,"#88 Thomas Johnson - WR","#85 Stephen Schmidt - WR","#38 Craig Nadeau - WR",,,"#58 Alfonso Defelice - LT","#51 Emmett Wallace - LG","#57 Dustin McCool - C","#44 Mark Wellington - RG","#69 Robert Cook - RT",,"#63 Thomas Jewell - FS",,"#96 Steven Munoz - FS","#97 Bradley Garrett - FS","#52 David Westbrooks - CB",,"#56 Joseph McCormick - FS",,"#31 Alan Brown - FS","#49 Lester Bryson - CB","#35 Wyatt Earp - CB",,"#22 Michael Caulkins - CB",,"#92 James Seaman - FS","#27 Daniel Person - FS",,,,,,,,,,,,,,,,,,,,,,,,,,,,,,,,,,,,
BMT,8:53,"BMT 14",3,2,10,"I Formation Normal Max Protect","4-3 Under Crash Right",6,17,24,"2-10-BMT 14 (8:54) 5-Edwin Ackles pass complete to 18-Willie Jenning to BMT 19 for 6 yards. Tackle by 56-Joseph McCormick. GFQ 96-Steven Munoz was injured on the play. He looks like he should be able to return.","#5 Edwin Ackles - QB","#18 Willie Jenning - RB",,,"#31 Robin Salinas - FB","#47 Norman Ayala - FB",,"#38 Craig Nadeau - WR",,"#85 Stephen Schmidt - WR",,,"#58 Alfonso Defelice - LT","#51 Emmett Wallace - LG","#57 Dustin McCool - C","#44 Mark Wellington - RG","#69 Robert Cook - RT",,"#63 Thomas Jewell - FS",,"#96 Steven Munoz - FS","#97 Bradley Garrett - FS","#52 David Westbrooks - CB","#95 Andrew Frisch - FS","#56 Joseph McCormick - FS",,"#31 Alan Brown - FS","#49 Lester Bryson - CB","#98 Leo Duckett - CB",,,,"#92 James Seaman - FS","#27 Daniel Person - FS",,,,,,,,,,,,,,,,,,,,,,,,,,,,,,,,,,,,
BMT,8:20,"BMT 19",3,3,4,"I Formation 3WR Slot Short WR Deep","Dime Flat Man Cover 1",,17,24,"3-4-BMT 19 (8:19) 5-Edwin Ackles pass incomplete, intended for 85-Stephen Schmidt.","#5 Edwin Ackles - QB","#82 Larry Shepherd - RB",,,"#31 Robin Salinas - FB",,,"#88 Thomas Johnson - WR","#85 Stephen Schmidt - WR","#38 Craig Nadeau - WR",,,"#58 Alfonso Defelice - LT","#51 Emmett Wallace - LG","#57 Dustin McCool - C","#44 Mark Wellington - RG","#69 Robert Cook - RT",,"#63 Thomas Jewell - FS",,"#97 Bradley Garrett - FS","#90 Robert Isaacs - FS","#52 David Westbrooks - CB",,"#56 Joseph McCormick - FS",,,"#49 Lester Bryson - CB","#35 Wyatt Earp - CB","#26 Henry Fuller - CB","#22 Michael Caulkins - CB",,"#17 Randy Hall - FS","#27 Daniel Person - FS",,,,,,,,,,,,,,,,,,,,,,,,,,,,,,,,,,,,
BMT,8:15,"BMT 19",3,4,4,Punt,"Punt Return",,17,24,"4-4-BMT 19 (8:16) 7-Alton Risley punts 52 yards to GFQ 29. 87-James Lewis to GFQ 37 for 8 yards. Tackle by 99-Floyd Farrell.",,,,,,,,,,,,,,,,,,"#7 Alton Risley - P",,,,,,,,,,,,,,,,,,,"#69 Robert Cook - RT",,"#87 James Lewis - WR",,,"#94 Zakk Wylde - FS","#25 Scott Morrison - CB","#17 Randy Hall - FS",,"#99 Patrick Queen - FS","#92 James Seaman - FS",,"#56 Joseph McCormick - FS",,,,"#82 Larry Shepherd - RB","#57 Dustin McCool - C","#51 Emmett Wallace - LG","#44 Mark Wellington - RG","#58 Alfonso Defelice - LT","#47 Norman Ayala - FB",,"#63 Thomas Jewell - FS","#90 Robert Isaacs - FS","#52 David Westbrooks - CB","#71 Clifton Blackmon - FS",,,,,,,
GFQ,8:06,"GFQ 37",3,1,10,"I Formation 3WR HB Inside Strong","Dime Flat Man Cover 1",3,17,24,"1-10-GFQ 37 (8:07) 80-Derek Girouard ran to GFQ 40 for 3 yards. Tackle by 43-Scott Bondurant.","#3 Michael Craft - QB","#80 Derek Girouard - WR",,,"#21 Lucien Geary - WR",,,"#84 Michael Vega - WR","#32 Donald Vann - WR","#10 Arthur McCoy - WR",,,"#73 Roy Castrejon - LT","#70 Christopher Hunter - LG","#55 James Garcia - C","#66 Manuel Gonzales - RG","#50 John Kelley - RT",,"#66 Kenneth Landaverde - LDE",,"#62 Robert Alston - LDE","#91 Fernando Freeman - DT","#75 Mack Jones - RDE",,"#90 Derek Ness - WLB",,,"#45 Christopher Chapman - CB","#23 Alfred Mitchel - CB","#29 Pablo Santos - CB","#43 Scott Bondurant - CB",,"#25 Ian Yedinak - SS","#98 James Scott - SS",,,,,,,,,,,,,,,,,,,,,,,,,,,,,,,,,,,,
GFQ,7:29,"GFQ 40",3,2,7,"I Formation 3WR FL Post","4-3 Normal Man Under 1",,17,24,"2-7-GFQ 40 (7:28) 3-Michael Craft pass Pass knocked down by 26-Shawn Dahl. incomplete, intended for 21-Lucien Geary.","#3 Michael Craft - QB","#21 Lucien Geary - WR",,,"#88 Mark Andrews - WR",,,"#84 Michael Vega - WR","#32 Donald Vann - WR","#10 Arthur McCoy - WR",,,"#73 Roy Castrejon - LT","#70 Christopher Hunter - LG","#55 James Garcia - C","#66 Manuel Gonzales - RG","#50 John Kelley - RT",,"#62 Robert Alston - LDE",,"#91 Fernando Freeman - DT","#93 Ryan Sanders - DT","#75 Mack Jones - RDE","#26 Shawn Dahl - SLB","#95 Douglas Juarez - MLB",,"#99 Floyd Farrell - WLB","#45 Christopher Chapman - CB","#23 Alfred Mitchel - CB",,,,"#25 Ian Yedinak - SS","#43 Scott Bondurant - CB",,,,,,,,,,,,,,,,,,,,,,,,,,,,,,,,,,,,
GFQ,7:23,"GFQ 40",3,3,7,"I Formation Power PA Flats","Dime Normal Double WR1 WR2",47,17,24,"3-7-GFQ 40 (7:24) 3-Michael Craft pass complete to 32-Donald Vann to BMT 13 for 47 yards.","#3 Michael Craft - QB","#80 Derek Girouard - WR",,"#32 Donald Vann - WR","#21 Lucien Geary - WR","#88 Mark Andrews - WR",,"#84 Michael Vega - WR",,,,,"#73 Roy Castrejon - LT","#70 Christopher Hunter - LG","#55 James Garcia - C","#66 Manuel Gonzales - RG","#50 John Kelley - RT",,"#62 Robert Alston - LDE",,"#75 Mack Jones - RDE","#91 Fernando Freeman - DT","#99 Floyd Farrell - WLB",,"#95 Douglas Juarez - MLB",,,"#45 Christopher Chapman - CB","#23 Alfred Mitchel - CB","#72 Johnny Wong - CB","#29 Pablo Santos - CB",,"#25 Ian Yedinak - SS","#43 Scott Bondurant - CB",,,,,,,,,,,,,,,,,,,,,,,,,,,,,,,,,,,,
GFQ,6:42,"BMT 13",3,1,10,"Shotgun 2 RB 3 WR Shotgun Sweep","4-3 Normal Man Under 1",3,17,24,"1-10-BMT 13 (6:41) 21-Lucien Geary ran to BMT 10 for 3 yards. Tackle by 26-Shawn Dahl.","#3 Michael Craft - QB","#13 James Pyle - WR","#21 Lucien Geary - WR",,,,,"#84 Michael Vega - WR","#87 James Lewis - WR","#10 Arthur McCoy - WR",,,"#73 Roy Castrejon - LT","#59 Roger Demott - LG","#55 James Garcia - C","#66 Manuel Gonzales - RG","#50 John Kelley - RT",,"#62 Robert Alston - LDE",,"#91 Fernando Freeman - DT","#93 Ryan Sanders - DT","#75 Mack Jones - RDE","#26 Shawn Dahl - SLB","#90 Derek Ness - WLB",,"#99 Floyd Farrell - WLB","#34 Orlando Morris - CB","#29 Pablo Santos - CB",,,,"#25 Ian Yedinak - SS","#98 James Scott - SS",,,,,,,,,,,,,,,,,,,,,,,,,,,,,,,,,,,,
GFQ,5:59,"BMT 10",3,2,7,"I Formation 3WR Slot Short WR Deep","4-3 Normal Double WR3",,17,24,"2-7-BMT 10 (5:58) 3-Michael Craft pass Pass knocked down by 98-James Scott. incomplete, intended for 87-James Lewis. Pressure by 62-Robert Alston.","#3 Michael Craft - QB","#13 James Pyle - WR",,,"#88 Mark Andrews - WR",,,"#84 Michael Vega - WR","#87 James Lewis - WR","#10 Arthur McCoy - WR",,,"#73 Roy Castrejon - LT","#70 Christopher Hunter - LG","#55 James Garcia - C","#66 Manuel Gonzales - RG","#50 John Kelley - RT",,"#62 Robert Alston - LDE",,"#91 Fernando Freeman - DT","#93 Ryan Sanders - DT","#75 Mack Jones - RDE","#26 Shawn Dahl - SLB","#90 Derek Ness - WLB",,"#99 Floyd Farrell - WLB","#72 Johnny Wong - CB","#34 Orlando Morris - CB",,,,"#25 Ian Yedinak - SS","#98 James Scott - SS",,,,,,,,,,,,,,,,,,,,,,,,,,,,,,,,,,,,
GFQ,5:53,"BMT 10",3,3,7,"I Formation 3WR Slot Short WR Deep","4-3 Normal WLB Outside Blitz",-8,17,24,"3-7-BMT 10 (5:54) 3-Michael Craft sacked at BMT 18 for -8 yards (91-Fernando Freeman). Sack allowed by 66-Manuel Gonzales. 66-Manuel Gonzales totally missed that block.","#3 Michael Craft - QB","#80 Derek Girouard - WR",,,"#88 Mark Andrews - WR",,,"#10 Arthur McCoy - WR","#13 James Pyle - WR","#87 James Lewis - WR",,,"#73 Roy Castrejon - LT","#70 Christopher Hunter - LG","#55 James Garcia - C","#66 Manuel Gonzales - RG","#50 John Kelley - RT",,"#62 Robert Alston - LDE",,"#91 Fernando Freeman - DT","#93 Ryan Sanders - DT","#75 Mack Jones - RDE","#26 Shawn Dahl - SLB","#95 Douglas Juarez - MLB",,"#99 Floyd Farrell - WLB","#45 Christopher Chapman - CB","#23 Alfred Mitchel - CB",,,,"#25 Ian Yedinak - SS","#43 Scott Bondurant - CB",,,,,,,,,,,,,,,,,,,,,,,,,,,,,,,,,,,,
GFQ,5:17,"BMT 18",3,4,15,"Field Goal","FG Block",29,17,27,"4-15-BMT 18 (5:16) 15-Larry Carlton 36 yard field goal is GOOD. BMT 17 GFQ 27",,,,,,,,,,,,,,,,,,,,,,,,,,,,,,,,,,,,"#18 Levi Looper - P","#50 John Kelley - RT",,,,,,,,,,,,,,"#15 Larry Carlton - K","#55 James Garcia - C","#73 Roy Castrejon - LT","#78 Kenneth Grimes - LT","#59 Roger Demott - LG","#66 Manuel Gonzales - RG","#70 Christopher Hunter - LG","#74 Bobbie Randolph - RG","#64 Brent Maule - RT","#51 Emmett Wallace - LG","#44 Mark Wellington - RG","#69 Robert Cook - RT","#58 Alfonso Defelice - LT","#67 Phillip Bolen - DT","#66 Kenneth Landaverde - LDE","#90 Derek Ness - WLB","#99 Floyd Farrell - WLB","#50 Stanley Storer - RT","#91 Fernando Freeman - DT","#75 Mack Jones - RDE"
GFQ,5:12,"GFQ 35",3,6,10,Kickoff,"Kick Return",,17,27,"(5:13) 15-Larry Carlton kicks 68 yards from GFQ 35 to BMT -3. Touchback.",,,,,,,,,,,,,,,,,,,,,,,,,,,,,,,,,,,,,,"#18 Willie Jenning - RB",,"#44 Mark Wellington - RG","#69 Robert Cook - RT","#88 Thomas Johnson - WR","#58 Alfonso Defelice - LT","#15 Kurt Waring - WR","#54 Jay McCoy - LG","#47 Norman Ayala - FB","#31 Robin Salinas - FB","#51 Emmett Wallace - LG","#86 Eric Fitch - RG","#15 Larry Carlton - K",,,,,,,,,,,,,,,,,,,,
BMT,5:12,"BMT 25",3,1,10,"I Formation Power PA Flats","Goal Line Attack #3",18,17,27,"1-10-BMT 25 (5:13) 5-Edwin Ackles pass complete to 38-Craig Nadeau to BMT 43 for 18 yards. Tackle by 49-Lester Bryson. PENALTY - Holding (BMT 8-Randy McClelland)","#5 Edwin Ackles - QB","#8 Randy McClelland - RB",,"#47 Norman Ayala - FB","#31 Robin Salinas - FB","#85 Stephen Schmidt - WR",,"#38 Craig Nadeau - WR",,,,,"#58 Alfonso Defelice - LT","#51 Emmett Wallace - LG","#57 Dustin McCool - C","#69 Robert Cook - RT","#44 Mark Wellington - RG",,"#63 Thomas Jewell - FS","#90 Robert Isaacs - FS","#97 Bradley Garrett - FS","#27 Daniel Person - FS","#52 David Westbrooks - CB","#95 Andrew Frisch - FS","#56 Joseph McCormick - FS",,"#31 Alan Brown - FS","#49 Lester Bryson - CB","#98 Leo Duckett - CB",,,,"#92 James Seaman - FS",,,,,,,,,,,,,,,,,,,,,,,,,,,,,,,,,,,,,
BMT,5:08,"BMT 16",3,1,19,"I Formation 3WR FL Post","Nickel Normal Double WR2",,17,27,"1-19-BMT 16 (5:09) 5-Edwin Ackles pass Pass knocked down by 56-Joseph McCormick. incomplete, intended for 82-Larry Shepherd.","#5 Edwin Ackles - QB","#82 Larry Shepherd - RB",,,"#31 Robin Salinas - FB",,,"#88 Thomas Johnson - WR","#85 Stephen Schmidt - WR","#38 Craig Nadeau - WR",,,"#58 Alfonso Defelice - LT","#51 Emmett Wallace - LG","#57 Dustin McCool - C","#44 Mark Wellington - RG","#69 Robert Cook - RT",,"#63 Thomas Jewell - FS",,"#97 Bradley Garrett - FS","#90 Robert Isaacs - FS","#52 David Westbrooks - CB",,"#56 Joseph McCormick - FS",,"#31 Alan Brown - FS","#49 Lester Bryson - CB","#35 Wyatt Earp - CB",,"#22 Michael Caulkins - CB",,"#17 Randy Hall - FS","#27 Daniel Person - FS",,,,,,,,,,,,,,,,,,,,,,,,,,,,,,,,,,,,
BMT,5:05,"BMT 16",3,2,19,"I Formation Power HB Strong Outside","Goal Line Attack #2",4,17,27,"2-19-BMT 16 (5:06) 8-Randy McClelland ran to BMT 20 for 4 yards. Tackle by 94-Zakk Wylde.","#5 Edwin Ackles - QB","#8 Randy McClelland - RB",,"#47 Norman Ayala - FB","#31 Robin Salinas - FB","#85 Stephen Schmidt - WR",,"#38 Craig Nadeau - WR",,,,,"#58 Alfonso Defelice - LT","#51 Emmett Wallace - LG","#57 Dustin McCool - C","#69 Robert Cook - RT","#44 Mark Wellington - RG",,"#63 Thomas Jewell - FS","#90 Robert Isaacs - FS","#97 Bradley Garrett - FS","#71 Clifton Blackmon - FS","#52 David Westbrooks - CB","#95 Andrew Frisch - FS","#99 Patrick Queen - FS",,"#94 Zakk Wylde - FS","#49 Lester Bryson - CB","#98 Leo Duckett - CB",,,,"#17 Randy Hall - FS",,,,,,,,,,,,,,,,,,,,,,,,,,,,,,,,,,,,,
BMT,4:22,"BMT 20",3,3,15,"I Formation Power Play Action HB Downfield","Dime Normal Man Cover 1",-0,17,27,"3-15-BMT 20 (4:21) 5-Edwin Ackles pass complete to 8-Randy McClelland to BMT 20 for a short loss. Tackle by 17-Randy Hall.","#5 Edwin Ackles - QB","#8 Randy McClelland - RB",,"#47 Norman Ayala - FB","#31 Robin Salinas - FB","#85 Stephen Schmidt - WR",,"#38 Craig Nadeau - WR",,,,,"#58 Alfonso Defelice - LT","#51 Emmett Wallace - LG","#57 Dustin McCool - C","#69 Robert Cook - RT","#44 Mark Wellington - RG",,"#63 Thomas Jewell - FS",,"#97 Bradley Garrett - FS","#90 Robert Isaacs - FS","#52 David Westbrooks - CB",,"#56 Joseph McCormick - FS",,,"#49 Lester Bryson - CB","#98 Leo Duckett - CB","#22 Michael Caulkins - CB","#35 Wyatt Earp - CB",,"#17 Randy Hall - FS","#27 Daniel Person - FS",,,,,,,,,,,,,,,,,,,,,,,,,,,,,,,,,,,,
BMT,3:44,"BMT 20",3,4,15,Punt,"Punt Return",,17,27,"4-15-BMT 20 (3:43) 7-Alton Risley punts 47 yards to GFQ 33. 49-Lester Bryson to BMT 41 for 27 yards.",,,,,,,,,,,,,,,,,,"#7 Alton Risley - P",,,,,,,,,,,,,,,,,,,"#69 Robert Cook - RT",,"#49 Lester Bryson - CB",,,"#94 Zakk Wylde - FS","#56 Joseph McCormick - FS","#17 Randy Hall - FS",,"#99 Patrick Queen - FS","#27 Daniel Person - FS",,"#92 James Seaman - FS",,,,"#82 Larry Shepherd - RB","#57 Dustin McCool - C","#51 Emmett Wallace - LG","#44 Mark Wellington - RG","#58 Alfonso Defelice - LT","#47 Norman Ayala - FB",,"#63 Thomas Jewell - FS","#90 Robert Isaacs - FS","#52 David Westbrooks - CB","#71 Clifton Blackmon - FS",,,,,,,
GFQ,3:31,"BMT 41",3,1,10,"I Formation Normal HB Blast","Dime Flat MLB SS Blitz",9,17,27,"1-10-BMT 41 (3:32) 80-Derek Girouard ran to BMT 32 for 9 yards. Tackle by 25-Ian Yedinak. You can tell that the offense is starting to figure out how to beat that defensive play.","#3 Michael Craft - QB","#80 Derek Girouard - WR",,,"#21 Lucien Geary - WR","#88 Mark Andrews - WR",,"#84 Michael Vega - WR",,"#10 Arthur McCoy - WR",,,"#73 Roy Castrejon - LT","#70 Christopher Hunter - LG","#55 James Garcia - C","#66 Manuel Gonzales - RG","#50 John Kelley - RT",,"#66 Kenneth Landaverde - LDE",,"#62 Robert Alston - LDE","#91 Fernando Freeman - DT","#75 Mack Jones - RDE",,"#90 Derek Ness - WLB",,,"#45 Christopher Chapman - CB","#23 Alfred Mitchel - CB","#29 Pablo Santos - CB","#43 Scott Bondurant - CB",,"#25 Ian Yedinak - SS","#98 James Scott - SS",,,,,,,,,,,,,,,,,,,,,,,,,,,,,,,,,,,,
GFQ,2:51,"BMT 32",3,2,1,"Singleback Normal HB Dive Weak","4-3 Normal Man Under 1",4,17,27,"2-1-BMT 32 (2:50) 21-Lucien Geary ran to BMT 29 for 4 yards. Tackle by 95-Douglas Juarez.","#3 Michael Craft - QB","#21 Lucien Geary - WR",,,,"#88 Mark Andrews - WR",,"#84 Michael Vega - WR","#32 Donald Vann - WR","#10 Arthur McCoy - WR",,,"#73 Roy Castrejon - LT","#70 Christopher Hunter - LG","#55 James Garcia - C","#66 Manuel Gonzales - RG","#50 John Kelley - RT",,"#62 Robert Alston - LDE",,"#91 Fernando Freeman - DT","#93 Ryan Sanders - DT","#75 Mack Jones - RDE","#26 Shawn Dahl - SLB","#95 Douglas Juarez - MLB",,"#99 Floyd Farrell - WLB","#45 Christopher Chapman - CB","#23 Alfred Mitchel - CB",,,,"#25 Ian Yedinak - SS","#43 Scott Bondurant - CB",,,,,,,,,,,,,,,,,,,,,,,,,,,,,,,,,,,,
GFQ,2:18,"BMT 29",3,1,10,"Weak I Big WR Post TE Out","4-3 Under Double Safety Blitz",,17,27,"1-10-BMT 29 (2:17) 3-Michael Craft pass incomplete, dropped by 81-Michael White. 95-Douglas Juarez got away with a hold on that play. PENALTY - Pass Interference (BMT 99-Floyd Farrell)","#3 Michael Craft - QB","#32 Donald Vann - WR",,,"#21 Lucien Geary - WR","#88 Mark Andrews - WR","#81 Michael White - WR","#84 Michael Vega - WR",,,,,"#73 Roy Castrejon - LT","#70 Christopher Hunter - LG","#55 James Garcia - C","#66 Manuel Gonzales - RG","#50 John Kelley - RT",,"#62 Robert Alston - LDE",,"#91 Fernando Freeman - DT","#93 Ryan Sanders - DT","#75 Mack Jones - RDE","#26 Shawn Dahl - SLB","#95 Douglas Juarez - MLB",,"#99 Floyd Farrell - WLB","#45 Christopher Chapman - CB","#23 Alfred Mitchel - CB",,,,"#25 Ian Yedinak - SS","#43 Scott Bondurant - CB",,,,,,,,,,,,,,,,,,,,,,,,,,,,,,,,,,,,
GFQ,2:12,"BMT 20",3,1,10,"I Formation Normal HB Blast","4-3 Normal Man Under 1",3,17,27,"1-10-BMT 20 (2:13) 80-Derek Girouard ran to BMT 17 for 3 yards. Tackle by 99-Floyd Farrell.","#3 Michael Craft - QB","#80 Derek Girouard - WR",,,"#21 Lucien Geary - WR","#88 Mark Andrews - WR",,"#84 Michael Vega - WR",,"#10 Arthur McCoy - WR",,,"#73 Roy Castrejon - LT","#70 Christopher Hunter - LG","#55 James Garcia - C","#66 Manuel Gonzales - RG","#50 John Kelley - RT",,"#62 Robert Alston - LDE",,"#91 Fernando Freeman - DT","#93 Ryan Sanders - DT","#75 Mack Jones - RDE","#26 Shawn Dahl - SLB","#95 Douglas Juarez - MLB",,"#99 Floyd Farrell - WLB","#45 Christopher Chapman - CB","#23 Alfred Mitchel - CB",,,,"#25 Ian Yedinak - SS","#43 Scott Bondurant - CB",,,,,,,,,,,,,,,,,,,,,,,,,,,,,,,,,,,,
GFQ,1:33,"BMT 17",3,2,7,"Singleback Normal HB Dive Strong","3-4 Normal Man Cover 1",4,17,27,"2-7-BMT 17 (1:32) 21-Lucien Geary ran to BMT 13 for 4 yards. Tackle by 95-Douglas Juarez.","#3 Michael Craft - QB","#21 Lucien Geary - WR",,,,"#88 Mark Andrews - WR",,"#84 Michael Vega - WR","#32 Donald Vann - WR","#10 Arthur McCoy - WR",,,"#73 Roy Castrejon - LT","#70 Christopher Hunter - LG","#55 James Garcia - C","#66 Manuel Gonzales - RG","#50 John Kelley - RT",,"#62 Robert Alston - LDE",,"#91 Fernando Freeman - DT",,"#75 Mack Jones - RDE","#99 Floyd Farrell - WLB","#90 Derek Ness - WLB","#95 Douglas Juarez - MLB","#26 Shawn Dahl - SLB","#45 Christopher Chapman - CB","#23 Alfred Mitchel - CB",,,,"#25 Ian Yedinak - SS","#43 Scott Bondurant - CB",,,,,,,,,,,,,,,,,,,,,,,,,,,,,,,,,,,,
GFQ,0:58,"BMT 13",3,3,3,"I Formation Power PA Flats","Dime Normal Double WR1 WR2",,17,27,"3-3-BMT 13 (0:57) 3-Michael Craft pass Pass knocked down by 23-Alfred Mitchel. incomplete, intended for 88-Mark Andrews.","#3 Michael Craft - QB","#80 Derek Girouard - WR",,"#32 Donald Vann - WR","#21 Lucien Geary - WR","#88 Mark Andrews - WR",,"#84 Michael Vega - WR",,,,,"#73 Roy Castrejon - LT","#70 Christopher Hunter - LG","#55 James Garcia - C","#66 Manuel Gonzales - RG","#50 John Kelley - RT",,"#62 Robert Alston - LDE",,"#75 Mack Jones - RDE","#91 Fernando Freeman - DT","#99 Floyd Farrell - WLB",,"#95 Douglas Juarez - MLB",,,"#45 Christopher Chapman - CB","#23 Alfred Mitchel - CB","#72 Johnny Wong - CB","#29 Pablo Santos - CB",,"#25 Ian Yedinak - SS","#43 Scott Bondurant - CB",,,,,,,,,,,,,,,,,,,,,,,,,,,,,,,,,,,,
GFQ,0:52,"BMT 13",3,4,3,"Field Goal","FG Block",24,17,30,"4-3-BMT 13 (0:53) 15-Larry Carlton 31 yard field goal is GOOD. BMT 17 GFQ 30",,,,,,,,,,,,,,,,,,,,,,,,,,,,,,,,,,,,"#18 Levi Looper - P","#50 John Kelley - RT",,,,,,,,,,,,,,"#15 Larry Carlton - K","#55 James Garcia - C","#73 Roy Castrejon - LT","#78 Kenneth Grimes - LT","#59 Roger Demott - LG","#66 Manuel Gonzales - RG","#70 Christopher Hunter - LG","#74 Bobbie Randolph - RG","#64 Brent Maule - RT","#51 Emmett Wallace - LG","#44 Mark Wellington - RG","#69 Robert Cook - RT","#58 Alfonso Defelice - LT","#67 Phillip Bolen - DT","#66 Kenneth Landaverde - LDE","#90 Derek Ness - WLB","#99 Floyd Farrell - WLB","#50 Stanley Storer - RT","#91 Fernando Freeman - DT","#75 Mack Jones - RDE"
GFQ,0:50,"GFQ 35",3,6,10,Kickoff,"Kick Return",,17,30,"(0:51) 15-Larry Carlton kicks 75 yards from GFQ 35 to BMT -10. Touchback.",,,,,,,,,,,,,,,,,,,,,,,,,,,,,,,,,,,,,,"#18 Willie Jenning - RB",,"#44 Mark Wellington - RG","#69 Robert Cook - RT","#88 Thomas Johnson - WR","#58 Alfonso Defelice - LT","#15 Kurt Waring - WR","#54 Jay McCoy - LG","#47 Norman Ayala - FB","#31 Robin Salinas - FB","#51 Emmett Wallace - LG","#86 Eric Fitch - RG","#15 Larry Carlton - K",,,,,,,,,,,,,,,,,,,,
BMT,0:50,"BMT 25",3,1,10,"I Formation Normal FL Hitch","4-3 Normal WLB Outside Blitz",70,17,30,"1-10-BMT 25 (0:51) 5-Edwin Ackles pass complete to 85-Stephen Schmidt to GFQ 5 for 70 yards. Tackle by 35-Wyatt Earp.","#5 Edwin Ackles - QB","#18 Willie Jenning - RB",,,"#31 Robin Salinas - FB","#47 Norman Ayala - FB",,"#38 Craig Nadeau - WR",,"#85 Stephen Schmidt - WR",,,"#58 Alfonso Defelice - LT","#51 Emmett Wallace - LG","#57 Dustin McCool - C","#44 Mark Wellington - RG","#69 Robert Cook - RT",,"#63 Thomas Jewell - FS",,"#96 Steven Munoz - FS","#97 Bradley Garrett - FS","#52 David Westbrooks - CB","#95 Andrew Frisch - FS","#99 Patrick Queen - FS",,"#31 Alan Brown - FS","#49 Lester Bryson - CB","#35 Wyatt Earp - CB",,,,"#92 James Seaman - FS","#25 Scott Morrison - CB",,,,,,,,,,,,,,,,,,,,,,,,,,,,,,,,,,,,
BMT,0:09,"GFQ 5",3,1,5,"I Formation Power HB Strong Outside","Goal Line Attack #3",-1,17,30,"1-5-GFQ 5 (0:08) 8-Randy McClelland ran to GFQ 6 for -1 yards. Tackle by 56-Joseph McCormick.","#5 Edwin Ackles - QB","#8 Randy McClelland - RB",,"#4 Roy Pope - RB","#84 James English - RB","#82 Larry Shepherd - RB",,"#88 Thomas Johnson - WR",,,,,"#58 Alfonso Defelice - LT","#51 Emmett Wallace - LG","#57 Dustin McCool - C","#86 Eric Fitch - RG","#50 Stanley Storer - RT",,"#90 Robert Isaacs - FS","#97 Bradley Garrett - FS","#96 Steven Munoz - FS","#63 Thomas Jewell - FS","#71 Clifton Blackmon - FS","#94 Zakk Wylde - FS","#56 Joseph McCormick - FS",,"#31 Alan Brown - FS","#98 Leo Duckett - CB","#22 Michael Caulkins - CB",,,,"#17 Randy Hall - FS",,,,,,,,,,,,,,,,,,,,,,,,,,,,,,,,,,,,,
,0:00,,3,2,6,,,,17,30,"End of third quarter.",,,,,,,,,,,,,,,,,,,,,,,,,,,,,,,,,,,,,,,,,,,,,,,,,,,,,,,,,,,,,,,,,,,,,,
BMT,15:00,"GFQ 6",4,2,6,"Singleback Normal HB Dive Weak","Nickel Normal Double WR2",6,23,30,"2-6-GFQ 6 (15:00) 8-Randy McClelland ran for 6 yards. TOUCHDOWN! BMT 23 GFQ 30","#5 Edwin Ackles - QB","#8 Randy McClelland - RB",,,,"#82 Larry Shepherd - RB",,"#88 Thomas Johnson - WR","#13 John Brockett - WR","#15 Kurt Waring - WR",,,"#58 Alfonso Defelice - LT","#51 Emmett Wallace - LG","#57 Dustin McCool - C","#86 Eric Fitch - RG","#69 Robert Cook - RT",,"#63 Thomas Jewell - FS",,"#96 Steven Munoz - FS","#97 Bradley Garrett - FS","#90 Robert Isaacs - FS",,"#56 Joseph McCormick - FS",,"#31 Alan Brown - FS","#98 Leo Duckett - CB","#22 Michael Caulkins - CB",,"#26 Henry Fuller - CB",,"#17 Randy Hall - FS","#27 Daniel Person - FS",,,,,,,,,,,,,,,,,,,,,,,,,,,,,,,,,,,,
BMT,14:57,"GFQ 15",4,7,15,"Field Goal","FG Block",26,24,30,"(14:58) Extra point GOOD by 10-James Calderon. BMT 24 GFQ 30",,,,,,,,,,,,,,,,,,,,,,,,,,,,,,,,,,,,"#8 Randy McClelland - RB","#69 Robert Cook - RT",,,,,,,,,,,,,,"#10 James Calderon - K","#91 Fernando Freeman - DT","#82 Larry Shepherd - RB","#57 Dustin McCool - C","#51 Emmett Wallace - LG","#44 Mark Wellington - RG","#58 Alfonso Defelice - LT","#47 Norman Ayala - FB","#86 Eric Fitch - RG","#63 Thomas Jewell - FS","#90 Robert Isaacs - FS","#52 David Westbrooks - CB","#71 Clifton Blackmon - FS","#49 Lester Bryson - CB","#92 James Seaman - FS","#17 Randy Hall - FS","#97 Bradley Garrett - FS","#96 Steven Munoz - FS","#56 Joseph McCormick - FS","#25 Scott Morrison - CB"
BMT,14:57,"BMT 35",4,6,10,Kickoff,"Kick Return",,24,30,"(14:58) 10-James Calderon kicks 74 yards from BMT 35 to GFQ -9. Touchback.",,,,,,,,,,,,,,,,,,,,,,,,,,,,,,,,,,,,,,"#49 Lester Bryson - CB",,"#31 Alan Brown - FS","#56 Joseph McCormick - FS","#98 Leo Duckett - CB","#92 James Seaman - FS","#17 Randy Hall - FS","#25 Scott Morrison - CB","#94 Zakk Wylde - FS","#99 Patrick Queen - FS","#22 Michael Caulkins - CB","#27 Daniel Person - FS","#10 James Calderon - K",,,,,,,,,,,,,,,,,,,,
GFQ,14:57,"GFQ 25",4,1,10,"Singleback Normal Quick Slant","Dime Flat MLB SS Blitz",12,24,30,"1-10-GFQ 25 (14:58) 3-Michael Craft pass complete to 32-Donald Vann to GFQ 37 for 12 yards. Tackle by 99-Floyd Farrell.","#3 Michael Craft - QB","#80 Derek Girouard - WR",,,,"#88 Mark Andrews - WR",,"#84 Michael Vega - WR","#32 Donald Vann - WR","#10 Arthur McCoy - WR",,,"#73 Roy Castrejon - LT","#70 Christopher Hunter - LG","#55 James Garcia - C","#66 Manuel Gonzales - RG","#50 John Kelley - RT",,"#75 Mack Jones - RDE",,"#62 Robert Alston - LDE","#91 Fernando Freeman - DT","#99 Floyd Farrell - WLB",,"#90 Derek Ness - WLB",,,"#45 Christopher Chapman - CB","#23 Alfred Mitchel - CB","#29 Pablo Santos - CB","#43 Scott Bondurant - CB",,"#25 Ian Yedinak - SS","#98 James Scott - SS",,,,,,,,,,,,,,,,,,,,,,,,,,,,,,,,,,,,
GFQ,14:17,"GFQ 37",4,1,10,"I Formation 3WR FL Post","4-3 Normal Man Under 1",21,24,30,"1-10-GFQ 37 (14:16) 3-Michael Craft pass complete to 21-Lucien Geary to BMT 42 for 21 yards.","#3 Michael Craft - QB","#21 Lucien Geary - WR",,,"#88 Mark Andrews - WR",,,"#84 Michael Vega - WR","#32 Donald Vann - WR","#10 Arthur McCoy - WR",,,"#73 Roy Castrejon - LT","#70 Christopher Hunter - LG","#55 James Garcia - C","#66 Manuel Gonzales - RG","#50 John Kelley - RT",,"#62 Robert Alston - LDE",,"#91 Fernando Freeman - DT","#93 Ryan Sanders - DT","#75 Mack Jones - RDE","#26 Shawn Dahl - SLB","#95 Douglas Juarez - MLB",,"#99 Floyd Farrell - WLB","#45 Christopher Chapman - CB","#23 Alfred Mitchel - CB",,,,"#25 Ian Yedinak - SS","#43 Scott Bondurant - CB",,,,,,,,,,,,,,,,,,,,,,,,,,,,,,,,,,,,
GFQ,13:39,"BMT 42",4,1,10,"Singleback Normal HB Counter Weak","Dime Flat Man Cover 1",5,24,30,"1-10-BMT 42 (13:38) 80-Derek Girouard ran to BMT 37 for 5 yards. Tackle by 72-Johnny Wong.","#3 Michael Craft - QB","#80 Derek Girouard - WR",,,,"#88 Mark Andrews - WR",,"#10 Arthur McCoy - WR","#13 James Pyle - WR","#87 James Lewis - WR",,,"#73 Roy Castrejon - LT","#70 Christopher Hunter - LG","#55 James Garcia - C","#66 Manuel Gonzales - RG","#50 John Kelley - RT",,"#66 Kenneth Landaverde - LDE",,"#62 Robert Alston - LDE","#91 Fernando Freeman - DT","#75 Mack Jones - RDE",,"#90 Derek Ness - WLB",,,"#23 Alfred Mitchel - CB","#29 Pablo Santos - CB","#45 Christopher Chapman - CB","#72 Johnny Wong - CB",,"#98 James Scott - SS","#34 Orlando Morris - CB",,,,,,,,,,,,,,,,,,,,,,,,,,,,,,,,,,,,
GFQ,13:01,"BMT 37",4,2,5,"I Formation 3WR HB Inside Weak","4-3 Normal Man Under 1",3,24,30,"2-5-BMT 37 (13:00) 13-James Pyle ran to BMT 34 for 3 yards. Tackle by 99-Floyd Farrell.","#3 Michael Craft - QB","#13 James Pyle - WR",,,"#88 Mark Andrews - WR",,,"#84 Michael Vega - WR","#32 Donald Vann - WR","#10 Arthur McCoy - WR",,,"#73 Roy Castrejon - LT","#70 Christopher Hunter - LG","#55 James Garcia - C","#66 Manuel Gonzales - RG","#50 John Kelley - RT",,"#62 Robert Alston - LDE",,"#91 Fernando Freeman - DT","#93 Ryan Sanders - DT","#75 Mack Jones - RDE","#26 Shawn Dahl - SLB","#95 Douglas Juarez - MLB",,"#99 Floyd Farrell - WLB","#23 Alfred Mitchel - CB","#29 Pablo Santos - CB",,,,"#25 Ian Yedinak - SS","#43 Scott Bondurant - CB",,,,,,,,,,,,,,,,,,,,,,,,,,,,,,,,,,,,
GFQ,12:29,"BMT 34",4,3,2,"Shotgun 2 RB 3 WR Shotgun Sweep","Dime Flat Man Cover 1",3,24,30,"3-2-BMT 34 (12:28) 80-Derek Girouard ran to BMT 32 for 3 yards. Tackle by 90-Derek Ness.","#3 Michael Craft - QB","#13 James Pyle - WR","#80 Derek Girouard - WR",,,,,"#84 Michael Vega - WR","#32 Donald Vann - WR","#10 Arthur McCoy - WR",,,"#73 Roy Castrejon - LT","#70 Christopher Hunter - LG","#55 James Garcia - C","#66 Manuel Gonzales - RG","#50 John Kelley - RT",,"#75 Mack Jones - RDE",,"#62 Robert Alston - LDE","#91 Fernando Freeman - DT","#99 Floyd Farrell - WLB",,"#90 Derek Ness - WLB",,,"#45 Christopher Chapman - CB","#23 Alfred Mitchel - CB","#29 Pablo Santos - CB","#43 Scott Bondurant - CB",,"#25 Ian Yedinak - SS","#98 James Scott - SS",,,,,,,,,,,,,,,,,,,,,,,,,,,,,,,,,,,,
GFQ,11:54,"BMT 32",4,1,10,"I Formation Power PA Flats","Dime Normal Double WR1 WR2",2,24,30,"1-10-BMT 32 (11:53) 3-Michael Craft pass complete to 66-Manuel Gonzales to BMT 29 for 2 yards. Tackle by 95-Douglas Juarez. Great move by 66-Manuel Gonzales to get free of his coverage.","#3 Michael Craft - QB","#32 Donald Vann - WR",,"#66 Manuel Gonzales - RG","#21 Lucien Geary - WR","#88 Mark Andrews - WR",,"#84 Michael Vega - WR",,,,,"#73 Roy Castrejon - LT","#70 Christopher Hunter - LG","#55 James Garcia - C","#74 Bobbie Randolph - RG","#50 John Kelley - RT",,"#62 Robert Alston - LDE",,"#75 Mack Jones - RDE","#91 Fernando Freeman - DT","#99 Floyd Farrell - WLB",,"#95 Douglas Juarez - MLB",,,"#45 Christopher Chapman - CB","#23 Alfred Mitchel - CB","#72 Johnny Wong - CB","#29 Pablo Santos - CB",,"#25 Ian Yedinak - SS","#43 Scott Bondurant - CB",,,,,,,,,,,,,,,,,,,,,,,,,,,,,,,,,,,,
GFQ,11:09,"BMT 29",4,2,8,"Singleback Normal Quick Slant","4-3 Normal Man Under 1",-4,24,30,"2-8-BMT 29 (11:08) 3-Michael Craft sacked at BMT 33 for -4 yards (75-Mack Jones). Sack allowed by 73-Roy Castrejon. 73-Roy Castrejon was caught flat-footed on this play.","#3 Michael Craft - QB","#21 Lucien Geary - WR",,,,"#88 Mark Andrews - WR",,"#84 Michael Vega - WR","#87 James Lewis - WR","#10 Arthur McCoy - WR",,,"#73 Roy Castrejon - LT","#70 Christopher Hunter - LG","#55 James Garcia - C","#66 Manuel Gonzales - RG","#50 John Kelley - RT",,"#62 Robert Alston - LDE",,"#91 Fernando Freeman - DT","#93 Ryan Sanders - DT","#75 Mack Jones - RDE","#26 Shawn Dahl - SLB","#95 Douglas Juarez - MLB",,"#99 Floyd Farrell - WLB","#23 Alfred Mitchel - CB","#29 Pablo Santos - CB",,,,"#25 Ian Yedinak - SS","#98 James Scott - SS",,,,,,,,,,,,,,,,,,,,,,,,,,,,,,,,,,,,
GFQ,10:28,"BMT 33",4,3,12,"Singleback Normal HB Inside Weak","3-4 Normal Man Cover 1",-2,24,30,"3-12-BMT 33 (10:27) 80-Derek Girouard ran to BMT 35 for -2 yards. Tackle by 99-Floyd Farrell.","#3 Michael Craft - QB","#80 Derek Girouard - WR",,,,"#88 Mark Andrews - WR",,"#10 Arthur McCoy - WR","#87 James Lewis - WR","#32 Donald Vann - WR",,,"#73 Roy Castrejon - LT","#70 Christopher Hunter - LG","#55 James Garcia - C","#66 Manuel Gonzales - RG","#50 John Kelley - RT",,"#62 Robert Alston - LDE",,"#91 Fernando Freeman - DT",,"#75 Mack Jones - RDE","#99 Floyd Farrell - WLB","#90 Derek Ness - WLB","#95 Douglas Juarez - MLB","#26 Shawn Dahl - SLB","#45 Christopher Chapman - CB","#23 Alfred Mitchel - CB",,,,"#25 Ian Yedinak - SS","#43 Scott Bondurant - CB",,,,,,,,,,,,,,,,,,,,,,,,,,,,,,,,,,,,
GFQ,9:54,"BMT 35",4,4,13,"Field Goal","FG Block",45,24,30,"4-13-BMT 35 (9:53) 15-Larry Carlton 53 yard field goal is NO GOOD. (Wide Right)",,,,,,,,,,,,,,,,,,,,,,,,,,,,,,,,,,,,"#18 Levi Looper - P","#50 John Kelley - RT",,,,,,,,,,,,,,"#15 Larry Carlton - K","#55 James Garcia - C","#73 Roy Castrejon - LT","#78 Kenneth Grimes - LT","#59 Roger Demott - LG","#66 Manuel Gonzales - RG","#70 Christopher Hunter - LG","#74 Bobbie Randolph - RG","#64 Brent Maule - RT","#51 Emmett Wallace - LG","#44 Mark Wellington - RG","#69 Robert Cook - RT","#58 Alfonso Defelice - LT","#67 Phillip Bolen - DT","#66 Kenneth Landaverde - LDE","#90 Derek Ness - WLB","#99 Floyd Farrell - WLB","#50 Stanley Storer - RT","#91 Fernando Freeman - DT","#75 Mack Jones - RDE"
BMT,9:48,"BMT 42",4,1,10,"I Formation 3WR HB Inside Weak","Nickel Normal Double WR2",7,24,30,"1-10-BMT 42 (9:49) 82-Larry Shepherd ran to BMT 48 for 7 yards. Tackle by 27-Daniel Person.","#5 Edwin Ackles - QB","#82 Larry Shepherd - RB",,,"#31 Robin Salinas - FB",,,"#88 Thomas Johnson - WR","#85 Stephen Schmidt - WR","#38 Craig Nadeau - WR",,,"#58 Alfonso Defelice - LT","#51 Emmett Wallace - LG","#57 Dustin McCool - C","#44 Mark Wellington - RG","#69 Robert Cook - RT",,"#63 Thomas Jewell - FS",,"#96 Steven Munoz - FS","#97 Bradley Garrett - FS","#52 David Westbrooks - CB",,"#56 Joseph McCormick - FS",,"#31 Alan Brown - FS","#49 Lester Bryson - CB","#98 Leo Duckett - CB",,"#35 Wyatt Earp - CB",,"#17 Randy Hall - FS","#27 Daniel Person - FS",,,,,,,,,,,,,,,,,,,,,,,,,,,,,,,,,,,,
BMT,9:06,"BMT 48",4,2,3,"I Formation Normal FL Hitch","4-3 Normal WLB MLB Blitz",3,24,30,"2-3-BMT 48 (9:05) 5-Edwin Ackles pass complete to 38-Craig Nadeau to GFQ 49 for 3 yards. Tackle by 63-Thomas Jewell.","#5 Edwin Ackles - QB","#18 Willie Jenning - RB",,,"#31 Robin Salinas - FB","#47 Norman Ayala - FB",,"#38 Craig Nadeau - WR",,"#85 Stephen Schmidt - WR",,,"#58 Alfonso Defelice - LT","#51 Emmett Wallace - LG","#57 Dustin McCool - C","#44 Mark Wellington - RG","#69 Robert Cook - RT",,"#63 Thomas Jewell - FS",,"#96 Steven Munoz - FS","#97 Bradley Garrett - FS","#52 David Westbrooks - CB","#95 Andrew Frisch - FS","#56 Joseph McCormick - FS",,"#31 Alan Brown - FS","#49 Lester Bryson - CB","#98 Leo Duckett - CB",,,,"#17 Randy Hall - FS","#27 Daniel Person - FS",,,,,,,,,,,,,,,,,,,,,,,,,,,,,,,,,,,,
BMT,8:21,"GFQ 49",4,3,1,"I Formation Normal HB Draw","Dime Flat Man Cover 1",7,24,30,"3-1-GFQ 49 (8:20) 18-Willie Jenning ran to GFQ 42 for 7 yards. Tackle by 98-Leo Duckett.","#5 Edwin Ackles - QB","#18 Willie Jenning - RB",,,"#31 Robin Salinas - FB","#47 Norman Ayala - FB",,"#38 Craig Nadeau - WR",,"#85 Stephen Schmidt - WR",,,"#58 Alfonso Defelice - LT","#51 Emmett Wallace - LG","#57 Dustin McCool - C","#44 Mark Wellington - RG","#69 Robert Cook - RT",,"#63 Thomas Jewell - FS",,"#96 Steven Munoz - FS","#97 Bradley Garrett - FS","#52 David Westbrooks - CB",,"#56 Joseph McCormick - FS",,,"#49 Lester Bryson - CB","#98 Leo Duckett - CB","#22 Michael Caulkins - CB","#35 Wyatt Earp - CB",,"#17 Randy Hall - FS","#27 Daniel Person - FS",,,,,,,,,,,,,,,,,,,,,,,,,,,,,,,,,,,,
BMT,7:43,"GFQ 42",4,1,10,"I Formation Power Play Action HB Downfield","Goal Line Attack #3",23,24,30,"1-10-GFQ 42 (7:42) 5-Edwin Ackles pass complete to 85-Stephen Schmidt to GFQ 19 for 23 yards. Tackle by 35-Wyatt Earp. 35-Wyatt Earp got away with a hold on that play.","#5 Edwin Ackles - QB","#8 Randy McClelland - RB",,"#47 Norman Ayala - FB","#31 Robin Salinas - FB","#85 Stephen Schmidt - WR",,"#38 Craig Nadeau - WR",,,,,"#58 Alfonso Defelice - LT","#51 Emmett Wallace - LG","#57 Dustin McCool - C","#69 Robert Cook - RT","#44 Mark Wellington - RG",,"#63 Thomas Jewell - FS","#90 Robert Isaacs - FS","#96 Steven Munoz - FS","#97 Bradley Garrett - FS","#52 David Westbrooks - CB","#95 Andrew Frisch - FS","#56 Joseph McCormick - FS",,"#31 Alan Brown - FS","#98 Leo Duckett - CB","#35 Wyatt Earp - CB",,,,"#17 Randy Hall - FS",,,,,,,,,,,,,,,,,,,,,,,,,,,,,,,,,,,,,
BMT,7:06,"GFQ 19",4,1,10,"I Formation 3WR WR Out","Nickel Normal Double WR2",,24,30,"1-10-GFQ 19 (7:05) 5-Edwin Ackles pass Pass knocked down by 35-Wyatt Earp. incomplete, intended for 15-Kurt Waring. PENALTY - Pass Interference (GFQ 27-Daniel Person) (Declined) PENALTY - Pass Interference (GFQ 35-Wyatt Earp)","#5 Edwin Ackles - QB","#82 Larry Shepherd - RB",,,"#31 Robin Salinas - FB",,,"#88 Thomas Johnson - WR","#13 John Brockett - WR","#15 Kurt Waring - WR",,,"#58 Alfonso Defelice - LT","#51 Emmett Wallace - LG","#57 Dustin McCool - C","#44 Mark Wellington - RG","#69 Robert Cook - RT",,"#63 Thomas Jewell - FS",,"#96 Steven Munoz - FS","#97 Bradley Garrett - FS","#52 David Westbrooks - CB",,"#56 Joseph McCormick - FS",,"#31 Alan Brown - FS","#49 Lester Bryson - CB","#35 Wyatt Earp - CB",,"#22 Michael Caulkins - CB",,"#92 James Seaman - FS","#27 Daniel Person - FS",,,,,,,,,,,,,,,,,,,,,,,,,,,,,,,,,,,,
BMT,7:01,"GFQ 9",4,1,9,"I Formation 3WR FL Post","Nickel Normal Double WR2",,24,30,"1-9-GFQ 9 (7:02) 5-Edwin Ackles pass INTERCEPTED by 22-Michael Caulkins at GFQ -1. 22-Michael Caulkins to GFQ 26 for 27 yards. Pressure by 96-Steven Munoz. BMT 57-Dustin McCool was injured on the play. PENALTY - Pass Interference (GFQ 22-Michael Caulkins)","#5 Edwin Ackles - QB","#82 Larry Shepherd - RB",,,"#31 Robin Salinas - FB",,,"#88 Thomas Johnson - WR","#15 Kurt Waring - WR","#38 Craig Nadeau - WR",,,"#58 Alfonso Defelice - LT","#51 Emmett Wallace - LG","#57 Dustin McCool - C","#44 Mark Wellington - RG","#69 Robert Cook - RT",,"#63 Thomas Jewell - FS",,"#96 Steven Munoz - FS","#97 Bradley Garrett - FS","#52 David Westbrooks - CB",,"#99 Patrick Queen - FS",,"#31 Alan Brown - FS","#49 Lester Bryson - CB","#35 Wyatt Earp - CB",,"#22 Michael Caulkins - CB",,"#17 Randy Hall - FS","#27 Daniel Person - FS",,,,,,,,,,,,,,,,,,,,,,,,,,,,,,,,,,,,
BMT,6:52,"GFQ 1",4,1,1,"I Formation Normal HB Draw","4-3 Normal WLB Outside Blitz",1,30,30,"1-1-GFQ 1 (6:53) 18-Willie Jenning ran for 1 yards. TOUCHDOWN! GFQ 31-Alan Brown was injured on the play. BMT 30 GFQ 30","#5 Edwin Ackles - QB","#18 Willie Jenning - RB",,,"#31 Robin Salinas - FB","#47 Norman Ayala - FB",,"#85 Stephen Schmidt - WR",,"#88 Thomas Johnson - WR",,,"#58 Alfonso Defelice - LT","#51 Emmett Wallace - LG","#54 Jay McCoy - LG","#44 Mark Wellington - RG","#69 Robert Cook - RT",,"#90 Robert Isaacs - FS",,"#96 Steven Munoz - FS","#97 Bradley Garrett - FS","#52 David Westbrooks - CB","#95 Andrew Frisch - FS","#56 Joseph McCormick - FS",,"#31 Alan Brown - FS","#98 Leo Duckett - CB","#26 Henry Fuller - CB",,,,"#92 James Seaman - FS","#27 Daniel Person - FS",,,,,,,,,,,,,,,,,,,,,,,,,,,,,,,,,,,,
BMT,6:51,"GFQ 15",4,7,15,"Field Goal","FG Block",26,31,30,"(6:52) Extra point GOOD by 10-James Calderon. BMT 31 GFQ 30",,,,,,,,,,,,,,,,,,,,,,,,,,,,,,,,,,,,"#8 Randy McClelland - RB","#69 Robert Cook - RT",,,,,,,,,,,,,,"#10 James Calderon - K","#37 Frank Hilyard - C","#47 Norman Ayala - FB","#82 Larry Shepherd - RB","#51 Emmett Wallace - LG","#44 Mark Wellington - RG","#58 Alfonso Defelice - LT","#86 Eric Fitch - RG","#91 Fernando Freeman - DT","#63 Thomas Jewell - FS","#90 Robert Isaacs - FS","#52 David Westbrooks - CB","#71 Clifton Blackmon - FS","#95 Andrew Frisch - FS","#49 Lester Bryson - CB","#92 James Seaman - FS","#97 Bradley Garrett - FS","#96 Steven Munoz - FS","#56 Joseph McCormick - FS","#25 Scott Morrison - CB"
BMT,6:51,"BMT 35",4,6,10,Kickoff,"Kick Return",,31,30,"(6:52) 10-James Calderon kicks 74 yards from BMT 35 to GFQ -9. Touchback.",,,,,,,,,,,,,,,,,,,,,,,,,,,,,,,,,,,,,,"#49 Lester Bryson - CB",,"#22 Michael Caulkins - CB","#25 Scott Morrison - CB","#94 Zakk Wylde - FS","#56 Joseph McCormick - FS","#98 Leo Duckett - CB","#91 Christopher Childs - FS","#99 Patrick Queen - FS","#27 Daniel Person - FS","#17 Randy Hall - FS","#92 James Seaman - FS","#10 James Calderon - K",,,,,,,,,,,,,,,,,,,,
GFQ,6:51,"GFQ 25",4,1,10,"Singleback Normal HB Dive Weak","Dime Flat Man Cover 1",3,31,30,"1-10-GFQ 25 (6:52) 80-Derek Girouard ran to GFQ 28 for 3 yards. Tackle by 90-Derek Ness.","#3 Michael Craft - QB","#80 Derek Girouard - WR",,,,"#88 Mark Andrews - WR",,"#84 Michael Vega - WR","#32 Donald Vann - WR","#10 Arthur McCoy - WR",,,"#73 Roy Castrejon - LT","#70 Christopher Hunter - LG","#55 James Garcia - C","#66 Manuel Gonzales - RG","#50 John Kelley - RT",,"#75 Mack Jones - RDE",,"#62 Robert Alston - LDE","#91 Fernando Freeman - DT","#99 Floyd Farrell - WLB",,"#90 Derek Ness - WLB",,,"#45 Christopher Chapman - CB","#23 Alfred Mitchel - CB","#29 Pablo Santos - CB","#43 Scott Bondurant - CB",,"#25 Ian Yedinak - SS","#98 James Scott - SS",,,,,,,,,,,,,,,,,,,,,,,,,,,,,,,,,,,,
GFQ,6:07,"GFQ 28",4,2,7,"I Formation Normal HB Dive","Dime Flat Man Cover 1",9,31,30,"2-7-GFQ 28 (6:06) 32-Donald Vann ran to GFQ 37 for 9 yards. Tackle by 25-Ian Yedinak.","#3 Michael Craft - QB","#32 Donald Vann - WR",,,"#21 Lucien Geary - WR","#88 Mark Andrews - WR",,"#84 Michael Vega - WR",,"#10 Arthur McCoy - WR",,,"#73 Roy Castrejon - LT","#70 Christopher Hunter - LG","#55 James Garcia - C","#66 Manuel Gonzales - RG","#50 John Kelley - RT",,"#75 Mack Jones - RDE",,"#62 Robert Alston - LDE","#91 Fernando Freeman - DT","#99 Floyd Farrell - WLB",,"#90 Derek Ness - WLB",,,"#45 Christopher Chapman - CB","#23 Alfred Mitchel - CB","#29 Pablo Santos - CB","#43 Scott Bondurant - CB",,"#25 Ian Yedinak - SS","#98 James Scott - SS",,,,,,,,,,,,,,,,,,,,,,,,,,,,,,,,,,,,
GFQ,5:21,"GFQ 37",4,1,10,"Singleback Normal HB Dive Strong","3-4 Normal Man Cover 1",8,31,30,"1-10-GFQ 37 (5:20) 80-Derek Girouard ran to GFQ 45 for 8 yards. Tackle by 25-Ian Yedinak.","#3 Michael Craft - QB","#80 Derek Girouard - WR",,,,"#88 Mark Andrews - WR",,"#84 Michael Vega - WR","#32 Donald Vann - WR","#10 Arthur McCoy - WR",,,"#73 Roy Castrejon - LT","#70 Christopher Hunter - LG","#55 James Garcia - C","#66 Manuel Gonzales - RG","#50 John Kelley - RT",,"#62 Robert Alston - LDE",,"#91 Fernando Freeman - DT",,"#75 Mack Jones - RDE","#99 Floyd Farrell - WLB","#90 Derek Ness - WLB","#95 Douglas Juarez - MLB","#26 Shawn Dahl - SLB","#45 Christopher Chapman - CB","#23 Alfred Mitchel - CB",,,,"#25 Ian Yedinak - SS","#43 Scott Bondurant - CB",,,,,,,,,,,,,,,,,,,,,,,,,,,,,,,,,,,,
GFQ,4:35,"GFQ 45",4,2,2,"Split Backs Normal Posts","Dime Flat MLB SS Blitz",,31,30,"2-2-GFQ 45 (4:34) 3-Michael Craft pass Pass knocked down by 29-Pablo Santos. incomplete, intended for 32-Donald Vann.","#3 Michael Craft - QB","#32 Donald Vann - WR",,,"#21 Lucien Geary - WR","#88 Mark Andrews - WR",,"#84 Michael Vega - WR",,"#10 Arthur McCoy - WR",,,"#73 Roy Castrejon - LT","#70 Christopher Hunter - LG","#55 James Garcia - C","#66 Manuel Gonzales - RG","#50 John Kelley - RT",,"#75 Mack Jones - RDE",,"#62 Robert Alston - LDE","#91 Fernando Freeman - DT","#99 Floyd Farrell - WLB",,"#90 Derek Ness - WLB",,,"#45 Christopher Chapman - CB","#23 Alfred Mitchel - CB","#29 Pablo Santos - CB","#43 Scott Bondurant - CB",,"#25 Ian Yedinak - SS","#98 James Scott - SS",,,,,,,,,,,,,,,,,,,,,,,,,,,,,,,,,,,,
GFQ,4:30,"GFQ 45",4,3,2,"I Formation Normal HB Dive","4-3 Normal WLB MLB Blitz",,31,30,"3-2-GFQ 45 (4:31) 21-Lucien Geary ran to GFQ 46 for a short gain. Tackle by 99-Floyd Farrell.","#3 Michael Craft - QB","#21 Lucien Geary - WR",,,"#66 Manuel Gonzales - RG","#88 Mark Andrews - WR",,"#84 Michael Vega - WR",,"#10 Arthur McCoy - WR",,,"#73 Roy Castrejon - LT","#70 Christopher Hunter - LG","#55 James Garcia - C","#74 Bobbie Randolph - RG","#50 John Kelley - RT",,"#62 Robert Alston - LDE",,"#91 Fernando Freeman - DT","#93 Ryan Sanders - DT","#75 Mack Jones - RDE","#26 Shawn Dahl - SLB","#95 Douglas Juarez - MLB",,"#99 Floyd Farrell - WLB","#45 Christopher Chapman - CB","#23 Alfred Mitchel - CB",,,,"#25 Ian Yedinak - SS","#43 Scott Bondurant - CB",,,,,,,,,,,,,,,,,,,,,,,,,,,,,,,,,,,,
GFQ,4:07,"GFQ 46",4,4,1,"I Formation 3WR HB Inside Weak","4-3 Normal WLB MLB Blitz",-1,31,30,"4-1-GFQ 46 (4:06) 80-Derek Girouard ran to GFQ 45 for -1 yards. Tackle by 99-Floyd Farrell. Turnover on downs.","#3 Michael Craft - QB","#80 Derek Girouard - WR",,,"#21 Lucien Geary - WR",,,"#84 Michael Vega - WR","#32 Donald Vann - WR","#10 Arthur McCoy - WR",,,"#73 Roy Castrejon - LT","#70 Christopher Hunter - LG","#55 James Garcia - C","#66 Manuel Gonzales - RG","#50 John Kelley - RT",,"#62 Robert Alston - LDE",,"#91 Fernando Freeman - DT","#93 Ryan Sanders - DT","#75 Mack Jones - RDE","#26 Shawn Dahl - SLB","#95 Douglas Juarez - MLB",,"#99 Floyd Farrell - WLB","#45 Christopher Chapman - CB","#23 Alfred Mitchel - CB",,,,"#25 Ian Yedinak - SS","#43 Scott Bondurant - CB",,,,,,,,,,,,,,,,,,,,,,,,,,,,,,,,,,,,
BMT,4:04,"GFQ 45",4,1,10,"Singleback Normal HB Dive Weak","Nickel Normal Double WR2",10,31,30,"1-10-GFQ 45 (4:05) 18-Willie Jenning ran to GFQ 35 for 10 yards. Tackle by 17-Randy Hall.","#5 Edwin Ackles - QB","#18 Willie Jenning - RB",,,,"#82 Larry Shepherd - RB",,"#88 Thomas Johnson - WR","#85 Stephen Schmidt - WR","#38 Craig Nadeau - WR",,,"#58 Alfonso Defelice - LT","#51 Emmett Wallace - LG","#54 Jay McCoy - LG","#44 Mark Wellington - RG","#69 Robert Cook - RT",,"#63 Thomas Jewell - FS",,"#96 Steven Munoz - FS","#97 Bradley Garrett - FS","#52 David Westbrooks - CB",,"#56 Joseph McCormick - FS",,"#94 Zakk Wylde - FS","#49 Lester Bryson - CB","#98 Leo Duckett - CB",,"#35 Wyatt Earp - CB",,"#17 Randy Hall - FS","#27 Daniel Person - FS",,,,,,,,,,,,,,,,,,,,,,,,,,,,,,,,,,,,
BMT,3:27,"GFQ 35",4,2,,"I Formation Normal HB Draw","4-3 Normal OLB Blitz Inside",-2,31,30,"2-1-GFQ 35 (3:26) 18-Willie Jenning ran to GFQ 36 for -2 yards. Tackle by 52-David Westbrooks.","#5 Edwin Ackles - QB","#18 Willie Jenning - RB",,,"#31 Robin Salinas - FB","#47 Norman Ayala - FB",,"#38 Craig Nadeau - WR",,"#85 Stephen Schmidt - WR",,,"#58 Alfonso Defelice - LT","#51 Emmett Wallace - LG","#54 Jay McCoy - LG","#44 Mark Wellington - RG","#69 Robert Cook - RT",,"#63 Thomas Jewell - FS",,"#96 Steven Munoz - FS","#97 Bradley Garrett - FS","#52 David Westbrooks - CB","#95 Andrew Frisch - FS","#56 Joseph McCormick - FS",,"#94 Zakk Wylde - FS","#49 Lester Bryson - CB","#98 Leo Duckett - CB",,,,"#17 Randy Hall - FS","#27 Daniel Person - FS",,,,,,,,,,,,,,,,,,,,,,,,,,,,,,,,,,,,
BMT,2:53,"GFQ 36",4,3,2,"I Formation Normal FL Hitch","Dime Flat Man Cover 1",25,31,30,"3-2-GFQ 36 (2:52) 5-Edwin Ackles pass complete to 85-Stephen Schmidt to GFQ 12 for 25 yards. Tackle by 22-Michael Caulkins.","#5 Edwin Ackles - QB","#8 Randy McClelland - RB",,,"#31 Robin Salinas - FB","#47 Norman Ayala - FB",,"#38 Craig Nadeau - WR",,"#85 Stephen Schmidt - WR",,,"#58 Alfonso Defelice - LT","#51 Emmett Wallace - LG","#54 Jay McCoy - LG","#44 Mark Wellington - RG","#69 Robert Cook - RT",,"#63 Thomas Jewell - FS",,"#96 Steven Munoz - FS","#97 Bradley Garrett - FS","#52 David Westbrooks - CB",,"#56 Joseph McCormick - FS",,,"#49 Lester Bryson - CB","#98 Leo Duckett - CB","#22 Michael Caulkins - CB","#35 Wyatt Earp - CB",,"#17 Randy Hall - FS","#27 Daniel Person - FS",,,,,,,,,,,,,,,,,,,,,,,,,,,,,,,,,,,,
BMT,2:08,"GFQ 12",4,1,10,"Singleback Normal HB Counter Weak","Nickel Normal Double WR2",8,31,30,"1-10-GFQ 12 (2:07) 18-Willie Jenning ran to GFQ 3 for 8 yards. Tackle by 35-Wyatt Earp. PENALTY - Holding (BMT 82-Larry Shepherd)","#5 Edwin Ackles - QB","#18 Willie Jenning - RB",,,,"#82 Larry Shepherd - RB",,"#88 Thomas Johnson - WR","#15 Kurt Waring - WR","#38 Craig Nadeau - WR",,,"#58 Alfonso Defelice - LT","#51 Emmett Wallace - LG","#54 Jay McCoy - LG","#44 Mark Wellington - RG","#69 Robert Cook - RT",,"#63 Thomas Jewell - FS",,"#96 Steven Munoz - FS","#97 Bradley Garrett - FS","#52 David Westbrooks - CB",,"#56 Joseph McCormick - FS",,"#94 Zakk Wylde - FS","#35 Wyatt Earp - CB","#22 Michael Caulkins - CB",,"#26 Henry Fuller - CB",,"#92 James Seaman - FS","#99 Patrick Queen - FS",,,,,,,,,,,,,,,,,,,,,,,,,,,,,,,,,,,,
BMT,2:01,"GFQ 22",4,1,20,"Singleback Normal HB Dive Weak","Nickel Normal Double WR2",10,31,30,"1-20-GFQ 22 (2:02) 8-Randy McClelland ran to GFQ 12 for 10 yards. Tackle by 27-Daniel Person.","#5 Edwin Ackles - QB","#8 Randy McClelland - RB",,,,"#82 Larry Shepherd - RB",,"#88 Thomas Johnson - WR","#15 Kurt Waring - WR","#85 Stephen Schmidt - WR",,,"#58 Alfonso Defelice - LT","#51 Emmett Wallace - LG","#54 Jay McCoy - LG","#44 Mark Wellington - RG","#69 Robert Cook - RT",,"#63 Thomas Jewell - FS",,"#96 Steven Munoz - FS","#97 Bradley Garrett - FS","#52 David Westbrooks - CB",,"#99 Patrick Queen - FS",,"#94 Zakk Wylde - FS","#98 Leo Duckett - CB","#22 Michael Caulkins - CB",,"#26 Henry Fuller - CB",,"#17 Randy Hall - FS","#27 Daniel Person - FS",,,,,,,,,,,,,,,,,,,,,,,,,,,,,,,,,,,,
,1:59,,4,2,10,,,,31,30,"Timeout for two minute warning.",,,,,,,,,,,,,,,,,,,,,,,,,,,,,,,,,,,,,,,,,,,,,,,,,,,,,,,,,,,,,,,,,,,,,,
BMT,1:58,"GFQ 12",4,2,10,"I Formation Power Play Action HB Downfield","Goal Line Attack #2",,31,30,"2-10-GFQ 12 (1:59) 5-Edwin Ackles pass Pass knocked down by 98-Leo Duckett. incomplete, intended for 47-Norman Ayala.","#5 Edwin Ackles - QB","#8 Randy McClelland - RB",,"#82 Larry Shepherd - RB","#31 Robin Salinas - FB","#47 Norman Ayala - FB",,"#38 Craig Nadeau - WR",,,,,"#58 Alfonso Defelice - LT","#51 Emmett Wallace - LG","#57 Dustin McCool - C","#69 Robert Cook - RT","#44 Mark Wellington - RG",,"#63 Thomas Jewell - FS","#90 Robert Isaacs - FS","#96 Steven Munoz - FS","#97 Bradley Garrett - FS","#52 David Westbrooks - CB","#95 Andrew Frisch - FS","#56 Joseph McCormick - FS",,"#94 Zakk Wylde - FS","#49 Lester Bryson - CB","#98 Leo Duckett - CB",,,,"#92 James Seaman - FS",,,,,,,,,,,,,,,,,,,,,,,,,,,,,,,,,,,,,
BMT,1:55,"GFQ 12",4,3,10,"I Formation Power PA Flats","Dime Flat Man Cover 1",1,31,30,"3-10-GFQ 12 (1:56) 5-Edwin Ackles pass complete to 85-Stephen Schmidt to GFQ 10 for 1 yards. Tackle by 98-Leo Duckett.","#5 Edwin Ackles - QB","#8 Randy McClelland - RB",,"#47 Norman Ayala - FB","#31 Robin Salinas - FB","#85 Stephen Schmidt - WR",,"#38 Craig Nadeau - WR",,,,,"#58 Alfonso Defelice - LT","#51 Emmett Wallace - LG","#57 Dustin McCool - C","#69 Robert Cook - RT","#44 Mark Wellington - RG",,"#63 Thomas Jewell - FS",,"#96 Steven Munoz - FS","#97 Bradley Garrett - FS","#52 David Westbrooks - CB",,"#56 Joseph McCormick - FS",,,"#49 Lester Bryson - CB","#98 Leo Duckett - CB","#22 Michael Caulkins - CB","#35 Wyatt Earp - CB",,"#17 Randy Hall - FS","#27 Daniel Person - FS",,,,,,,,,,,,,,,,,,,,,,,,,,,,,,,,,,,,
,1:53,,4,4,9,,,,31,30,"Timeout GFQ",,,,,,,,,,,,,,,,,,,,,,,,,,,,,,,,,,,,,,,,,,,,,,,,,,,,,,,,,,,,,,,,,,,,,,
BMT,1:50,"GFQ 10",4,4,9,"Field Goal","FG Block",20,34,30,"4-9-GFQ 10 (1:51) 10-James Calderon 27 yard field goal is GOOD. BMT 34 GFQ 30",,,,,,,,,,,,,,,,,,,,,,,,,,,,,,,,,,,,"#8 Randy McClelland - RB","#69 Robert Cook - RT",,,,,,,,,,,,,,"#10 James Calderon - K","#91 Fernando Freeman - DT","#82 Larry Shepherd - RB","#57 Dustin McCool - C","#51 Emmett Wallace - LG","#44 Mark Wellington - RG","#58 Alfonso Defelice - LT","#47 Norman Ayala - FB","#86 Eric Fitch - RG","#63 Thomas Jewell - FS","#90 Robert Isaacs - FS","#52 David Westbrooks - CB","#71 Clifton Blackmon - FS","#49 Lester Bryson - CB","#92 James Seaman - FS","#17 Randy Hall - FS","#97 Bradley Garrett - FS","#96 Steven Munoz - FS","#56 Joseph McCormick - FS","#25 Scott Morrison - CB"
BMT,1:47,"BMT 35",4,6,10,Kickoff,"Kick Return",,34,30,"(1:48) 10-James Calderon kicks 74 yards from BMT 35 to GFQ -9. Touchback.",,,,,,,,,,,,,,,,,,,,,,,,,,,,,,,,,,,,,,"#49 Lester Bryson - CB",,"#31 Alan Brown - FS","#56 Joseph McCormick - FS","#98 Leo Duckett - CB","#92 James Seaman - FS","#17 Randy Hall - FS","#25 Scott Morrison - CB","#94 Zakk Wylde - FS","#99 Patrick Queen - FS","#22 Michael Caulkins - CB","#27 Daniel Person - FS","#10 James Calderon - K",,,,,,,,,,,,,,,,,,,,
GFQ,1:47,"GFQ 25",4,1,10,"Shotgun 5 Wide Slot Drag","Dime Flat Man Cover 1",4,34,30,"1-10-GFQ 25 (1:48) 3-Michael Craft pass complete to 32-Donald Vann to GFQ 29 for 4 yards. Tackle by 29-Pablo Santos.","#3 Michael Craft - QB",,,,,,,"#84 Michael Vega - WR","#32 Donald Vann - WR","#10 Arthur McCoy - WR","#87 James Lewis - WR","#13 James Pyle - WR","#73 Roy Castrejon - LT","#70 Christopher Hunter - LG","#55 James Garcia - C","#66 Manuel Gonzales - RG","#50 John Kelley - RT",,"#75 Mack Jones - RDE",,"#62 Robert Alston - LDE","#91 Fernando Freeman - DT","#99 Floyd Farrell - WLB",,"#90 Derek Ness - WLB",,,"#45 Christopher Chapman - CB","#23 Alfred Mitchel - CB","#29 Pablo Santos - CB","#43 Scott Bondurant - CB",,"#25 Ian Yedinak - SS","#98 James Scott - SS",,,,,,,,,,,,,,,,,,,,,,,,,,,,,,,,,,,,
,1:44,,4,2,6,,,,34,30,"Timeout GFQ",,,,,,,,,,,,,,,,,,,,,,,,,,,,,,,,,,,,,,,,,,,,,,,,,,,,,,,,,,,,,,,,,,,,,,
GFQ,1:41,"GFQ 29",4,2,6,"I Formation 3WR PA Fullback Flat","3-4 Normal Man Cover 1",14,34,30,"2-6-GFQ 29 (1:42) 3-Michael Craft pass complete to 21-Lucien Geary to GFQ 43 for 14 yards. Pushed out of bounds by 95-Douglas Juarez. 21-Lucien Geary did some fancy footwork there.","#3 Michael Craft - QB","#80 Derek Girouard - WR",,,"#21 Lucien Geary - WR",,,"#84 Michael Vega - WR","#32 Donald Vann - WR","#10 Arthur McCoy - WR",,,"#73 Roy Castrejon - LT","#70 Christopher Hunter - LG","#55 James Garcia - C","#66 Manuel Gonzales - RG","#50 John Kelley - RT",,"#62 Robert Alston - LDE",,"#91 Fernando Freeman - DT",,"#75 Mack Jones - RDE","#92 Don Jennings - SLB","#90 Derek Ness - WLB","#95 Douglas Juarez - MLB","#26 Shawn Dahl - SLB","#45 Christopher Chapman - CB","#23 Alfred Mitchel - CB",,,,"#25 Ian Yedinak - SS","#43 Scott Bondurant - CB",,,,,,,,,,,,,,,,,,,,,,,,,,,,,,,,,,,,
GFQ,1:37,"GFQ 43",4,1,10,"I Formation Power PA Flats","Dime Normal Double WR1 WR2",,34,30,"1-10-GFQ 43 (1:38) 3-Michael Craft pass Pass knocked down by 95-Douglas Juarez. incomplete, intended for 66-Manuel Gonzales.","#3 Michael Craft - QB","#32 Donald Vann - WR",,"#66 Manuel Gonzales - RG","#21 Lucien Geary - WR","#88 Mark Andrews - WR",,"#84 Michael Vega - WR",,,,,"#73 Roy Castrejon - LT","#70 Christopher Hunter - LG","#55 James Garcia - C","#74 Bobbie Randolph - RG","#50 John Kelley - RT",,"#62 Robert Alston - LDE",,"#75 Mack Jones - RDE","#91 Fernando Freeman - DT","#99 Floyd Farrell - WLB",,"#95 Douglas Juarez - MLB",,,"#45 Christopher Chapman - CB","#23 Alfred Mitchel - CB","#72 Johnny Wong - CB","#29 Pablo Santos - CB",,"#25 Ian Yedinak - SS","#43 Scott Bondurant - CB",,,,,,,,,,,,,,,,,,,,,,,,,,,,,,,,,,,,
GFQ,1:33,"GFQ 43",4,2,10,"Weak I Normal WR Corner TE Middle","4-3 Normal Man Under 1",,34,30,"2-10-GFQ 43 (1:34) 3-Michael Craft pass Pass knocked down by 43-Scott Bondurant. incomplete, intended for 88-Mark Andrews.","#3 Michael Craft - QB","#13 James Pyle - WR",,,"#21 Lucien Geary - WR","#88 Mark Andrews - WR",,"#10 Arthur McCoy - WR",,"#87 James Lewis - WR",,,"#73 Roy Castrejon - LT","#70 Christopher Hunter - LG","#55 James Garcia - C","#66 Manuel Gonzales - RG","#50 John Kelley - RT",,"#62 Robert Alston - LDE",,"#91 Fernando Freeman - DT","#93 Ryan Sanders - DT","#75 Mack Jones - RDE","#26 Shawn Dahl - SLB","#95 Douglas Juarez - MLB",,"#99 Floyd Farrell - WLB","#45 Christopher Chapman - CB","#23 Alfred Mitchel - CB",,,,"#25 Ian Yedinak - SS","#43 Scott Bondurant - CB",,,,,,,,,,,,,,,,,,,,,,,,,,,,,,,,,,,,
GFQ,1:29,"GFQ 43",4,3,10,"I Formation Normal FL Hitch","4-3 Normal Man Under 1",,34,30,"3-10-GFQ 43 (1:30) 3-Michael Craft pass Pass knocked down by 29-Pablo Santos. incomplete, intended for 84-Michael Vega.","#3 Michael Craft - QB","#80 Derek Girouard - WR",,,"#88 Mark Andrews - WR","#81 Michael White - WR",,"#84 Michael Vega - WR",,"#10 Arthur McCoy - WR",,,"#73 Roy Castrejon - LT","#70 Christopher Hunter - LG","#55 James Garcia - C","#66 Manuel Gonzales - RG","#50 John Kelley - RT",,"#62 Robert Alston - LDE",,"#91 Fernando Freeman - DT","#93 Ryan Sanders - DT","#75 Mack Jones - RDE","#26 Shawn Dahl - SLB","#90 Derek Ness - WLB",,"#99 Floyd Farrell - WLB","#29 Pablo Santos - CB","#72 Johnny Wong - CB",,,,"#98 James Scott - SS","#23 Alfred Mitchel - CB",,,,,,,,,,,,,,,,,,,,,,,,,,,,,,,,,,,,
GFQ,1:26,"GFQ 43",4,4,10,"Split Backs Normal Posts","Dime Flat Man Cover 1",,34,30,"4-10-GFQ 43 (1:27) 3-Michael Craft pass complete to 88-Mark Andrews to BMT 43 for 14 yards. 88-Mark Andrews FUMBLES (43-Scott Bondurant) recovered by BMT-98-James Scott to BMT 47 for 7 yards. PENALTY - Pass Interference (BMT 43-Scott Bondurant)","#3 Michael Craft - QB","#13 James Pyle - WR",,,"#21 Lucien Geary - WR","#88 Mark Andrews - WR",,"#84 Michael Vega - WR",,"#32 Donald Vann - WR",,,"#73 Roy Castrejon - LT","#70 Christopher Hunter - LG","#55 James Garcia - C","#66 Manuel Gonzales - RG","#50 John Kelley - RT",,"#75 Mack Jones - RDE",,"#62 Robert Alston - LDE","#91 Fernando Freeman - DT","#99 Floyd Farrell - WLB",,"#90 Derek Ness - WLB",,,"#45 Christopher Chapman - CB","#29 Pablo Santos - CB","#72 Johnny Wong - CB","#43 Scott Bondurant - CB",,"#25 Ian Yedinak - SS","#98 James Scott - SS",,,,,,,,,,,,,,,,,,,,,,,,,,,,,,,,,,,,
GFQ,1:17,"GFQ 49",4,1,10,"Weak I Normal WR Corner TE Middle","4-3 Normal Man Under 1",,34,30,"1-10-GFQ 49 (1:18) 3-Michael Craft pass INTERCEPTED by 95-Douglas Juarez at BMT 40. 95-Douglas Juarez to BMT 40 for 1 yards. Tackle by 81-Michael White.","#3 Michael Craft - QB","#80 Derek Girouard - WR",,,"#88 Mark Andrews - WR","#81 Michael White - WR",,"#10 Arthur McCoy - WR",,"#87 James Lewis - WR",,,"#73 Roy Castrejon - LT","#70 Christopher Hunter - LG","#55 James Garcia - C","#66 Manuel Gonzales - RG","#50 John Kelley - RT",,"#62 Robert Alston - LDE",,"#91 Fernando Freeman - DT","#93 Ryan Sanders - DT","#75 Mack Jones - RDE","#26 Shawn Dahl - SLB","#95 Douglas Juarez - MLB",,"#99 Floyd Farrell - WLB","#23 Alfred Mitchel - CB","#72 Johnny Wong - CB",,,,"#29 Pablo Santos - CB","#34 Orlando Morris - CB",,,,,,,,,,,,,,,,,,,,,,,,,,,,,,,,,,,,
BMT,1:13,"BMT 40",4,1,10,"I Formation 3WR HB Inside Strong","Nickel Normal Double WR2",9,34,30,"1-10-BMT 40 (1:14) 82-Larry Shepherd ran to BMT 50 for 9 yards. Tackle by 27-Daniel Person.","#5 Edwin Ackles - QB","#82 Larry Shepherd - RB",,,"#31 Robin Salinas - FB",,,"#88 Thomas Johnson - WR","#85 Stephen Schmidt - WR","#38 Craig Nadeau - WR",,,"#58 Alfonso Defelice - LT","#51 Emmett Wallace - LG","#57 Dustin McCool - C","#44 Mark Wellington - RG","#69 Robert Cook - RT",,"#63 Thomas Jewell - FS",,"#96 Steven Munoz - FS","#97 Bradley Garrett - FS","#52 David Westbrooks - CB",,"#56 Joseph McCormick - FS",,"#31 Alan Brown - FS","#49 Lester Bryson - CB","#98 Leo Duckett - CB",,"#35 Wyatt Earp - CB",,"#17 Randy Hall - FS","#27 Daniel Person - FS",,,,,,,,,,,,,,,,,,,,,,,,,,,,,,,,,,,,
,1:10,,4,2,1,,,,34,30,"Timeout GFQ",,,,,,,,,,,,,,,,,,,,,,,,,,,,,,,,,,,,,,,,,,,,,,,,,,,,,,,,,,,,,,,,,,,,,,
BMT,1:08,"BMT 50",4,2,1,Victory,"Dime Normal LB Blitz",,34,30,"2-1-BMT 50 (1:09) 5-Edwin Ackles kneeled down to BMT 50 for -0 yards.","#5 Edwin Ackles - QB","#18 Willie Jenning - RB",,"#84 James English - RB","#82 Larry Shepherd - RB","#47 Norman Ayala - FB","#31 Robin Salinas - FB",,,,,,"#58 Alfonso Defelice - LT","#51 Emmett Wallace - LG","#57 Dustin McCool - C","#44 Mark Wellington - RG","#69 Robert Cook - RT",,"#63 Thomas Jewell - FS",,"#96 Steven Munoz - FS","#97 Bradley Garrett - FS","#52 David Westbrooks - CB",,"#56 Joseph McCormick - FS",,,"#49 Lester Bryson - CB","#98 Leo Duckett - CB","#22 Michael Caulkins - CB","#35 Wyatt Earp - CB",,"#17 Randy Hall - FS","#27 Daniel Person - FS",,,,,,,,,,,,,,,,,,,,,,,,,,,,,,,,,,,,
BMT,0:27,"BMT 50",4,3,1,Victory,"Dime Normal Man Cover 1",,34,30,"3-1-BMT 50 (0:26) 5-Edwin Ackles kneeled down to BMT 50 for -0 yards.","#5 Edwin Ackles - QB","#18 Willie Jenning - RB",,"#84 James English - RB","#82 Larry Shepherd - RB","#47 Norman Ayala - FB","#31 Robin Salinas - FB",,,,,,"#58 Alfonso Defelice - LT","#51 Emmett Wallace - LG","#57 Dustin McCool - C","#44 Mark Wellington - RG","#69 Robert Cook - RT",,"#63 Thomas Jewell - FS",,"#96 Steven Munoz - FS","#97 Bradley Garrett - FS","#52 David Westbrooks - CB",,"#56 Joseph McCormick - FS",,,"#49 Lester Bryson - CB","#98 Leo Duckett - CB","#22 Michael Caulkins - CB","#35 Wyatt Earp - CB",,"#17 Randy Hall - FS","#27 Daniel Person - FS",,,,,,,,,,,,,,,,,,,,,,,,,,,,,,,,,,,,
,0:00,,4,4,1,,,,34,30,"End of fourth quarter.",,,,,,,,,,,,,,,,,,,,,,,,,,,,,,,,,,,,,,,,,,,,,,,,,,,,,,,,,,,,,,,,,,,,,,
