HasBall,"Game Clock","Ball @",Quarter,Down,YTG,OffensivePlay,DefensivePlay,YardsGained,"Home Score","Away Score",Text,QB1,RB1,RB2,FB2,FB1,TE1,TE2,WR1,WR3,WR2,WR4,WR5,LT1,LG1,C1,RG1,RT1,P1,LDE1,LDE2,DT1,DT2,RDE1,SLB1,MLB1,MLB2,WLB1,CB1,CB2,CB4,CB3,CB5,SS1,FS1,FS2,"Kick Holder1","Long Snapper1","Kick Returner1","Punt Returner1",Gunner10,Gunner7,Gunner2,Gunner6,Gunner1,Gunner8,Gunner3,Gunner4,Gunner9,Gunner5,Kickoffs1,"Field Goal Kicker1","ST Blocker8","ST Blocker5","ST Blocker4","ST Blocker1","ST Blocker2","ST Blocker3","ST Blocker6","ST Blocker7","ST Rusher4","ST Rusher1","ST Rusher2","ST Rusher3","ST Rusher11","ST Rusher10","ST Rusher9","ST Rusher6","ST Rusher5","ST Rusher7","ST Rusher8"
,15:00,,1,1,10,,,,0,0,"NJG has won the toss and elected to receive.",,,,,,,,,,,,,,,,,,,,,,,,,,,,,,,,,,,,,,,,,,,,,,,,,,,,,,,,,,,,,,,,,,,,,,
NYS,15:00,"NYS 35",1,6,10,Kickoff,"Kick Return",,0,0,"(15:00) 5-Kenneth Williams kicks 75 yards from NYS 35 to NJG -10. Touchback.",,,,,,,,,,,,,,,,,,,,,,,,,,,,,,,,,,,,,,"#14 Apollo Creed  - WR",,"#53 Carl Weathers - MLB","#47 Michael    Westen - SS","#46 Harold Blankenship - SS","#59 Don Knotts - MLB","#25 Jax Teller  - CB","#32 Eric Bohannon - CB","#56 Paul Ford - MLB","#50 Russell Dunbar - WLB","#30 Patrick West - CB","#35 Anthony Meadows - WLB","#5 Kenneth Williams - K",,,,,,,,,,,,,,,,,,,,
NJG,15:00,"NJG 25",1,1,10,"Singleback Empty 4 Short Posts","Dime Flat Man Cover 1",,0,0,"1-10-NJG 25 (15:00) 7-Sam Axe pass Pass knocked down by 27-Hugh Snell. incomplete, intended for 48-Ricky Bobby.","#7 Sam Axe - QB",,,,,"#48 Ricky Bobby - TE",,"#14 Apollo Creed  - WR","#31 Saul Jackson - WR","#83 Lloyd Williams - WR","#27 Alec Hardison - WR",,"#70 Horatio Caine   - LG","#56 Gregory Espinoza - LG","#58 Earl Hickey - C","#63 Barney Stinson - RG","#71 Gene Stevens - RT",,"#76 Alton Gross - LDE",,"#79 Albert Whitten - DT","#68 Jose Cuervo - DT","#75 Jeremy Johnson - LDE",,"#52 Paul Davis - MLB",,,"#29 Peter O'Reilly - CB","#25 Jack Moyer - CB","#33 Pedro Brooks - CB","#58 Christian Newhouse - CB",,"#27 Hugh Snell - CB","#34 Antonio Sockshoey - CB",,,,,,,,,,,,,,,,,,,,,,,,,,,,,,,,,,,,
NJG,14:57,"NJG 25",1,2,10,"I Formation Normal HB Blast","46 Normal Weak Blitz",-2,0,0,"2-10-NJG 25 (14:57) 26-Vic  Mackey ran to NJG 23 for -2 yards. Tackle by 91-Lewis  Shirtpantski.","#7 Sam Axe - QB","#14 Vic  Mackey - WR",,,"#49 Richard Shockey - FB","#48 Ricky Bobby - TE",,"#14 Apollo Creed  - WR",,"#83 Lloyd Williams - WR",,,"#70 Horatio Caine   - LG","#56 Gregory Espinoza - LG","#58 Earl Hickey - C","#63 Barney Stinson - RG","#71 Gene Stevens - RT",,"#76 Alton Gross - LDE",,"#79 Albert Whitten - DT","#68 Jose Cuervo - DT","#92 Bull Winkle - RDE","#58 Christian Newhouse - CB","#52 Paul Davis - MLB",,"#91 Lewis  Shirtpantski - WLB","#29 Peter O'Reilly - CB","#25 Jack Moyer - CB",,,,"#27 Hugh Snell - CB","#34 Antonio Sockshoey - CB",,,,,,,,,,,,,,,,,,,,,,,,,,,,,,,,,,,,
NJG,14:21,"NJG 23",1,3,12,"Singleback Big WR Deep","46 Normal 3 Deep Zone",10,0,0,"3-12-NJG 23 (14:20) 7-Sam Axe pass complete to 48-Ricky Bobby to NJG 34 for 10 yards. Tackle by 27-Hugh Snell.","#7 Sam Axe - QB","#14 Vic  Mackey - WR",,,,"#48 Ricky Bobby - TE","#85 Thomas Pickett - TE","#14 Apollo Creed  - WR",,"#83 Lloyd Williams - WR",,,"#70 Horatio Caine   - LG","#56 Gregory Espinoza - LG","#58 Earl Hickey - C","#63 Barney Stinson - RG","#71 Gene Stevens - RT",,"#76 Alton Gross - LDE",,"#79 Albert Whitten - DT","#68 Jose Cuervo - DT","#92 Bull Winkle - RDE","#58 Christian Newhouse - CB","#52 Paul Davis - MLB",,"#91 Lewis  Shirtpantski - WLB","#29 Peter O'Reilly - CB","#25 Jack Moyer - CB",,,,"#27 Hugh Snell - CB","#34 Antonio Sockshoey - CB",,,,,,,,,,,,,,,,,,,,,,,,,,,,,,,,,,,,
NJG,13:37,"NJG 34",1,4,1,Punt,"Punt Return",,0,0,"4-1-NJG 34 (13:36) 1-John Peeler punts 52 yards to NYS 15. 42-James Luna to NYS 24 for 9 yards. Tackle by 25-Jax Teller .",,,,,,,,,,,,,,,,,,"#1 John Peeler - P",,,,,,,,,,,,,,,,,,,"#56 Gregory Espinoza - LG",,"#42 James Luna - RB",,,"#22 Darrell Stevenson - RB","#93 Andy Hurl - MLB","#83 Jose Bock - WR",,"#29 Peter O'Reilly - CB","#44 Tim Carroll - RB",,"#66 John Harmon - LG",,,,"#70 Horatio Caine   - LG","#54 Donny Broderick - RT","#58 Earl Hickey - C","#63 Barney Stinson - RG","#71 Gene Stevens - RT","#67 Mark Slone - LT",,"#75 Jeremy Johnson - LDE","#96 William Sanchez - DT","#77 Gerald Allen - RT","#74 Johnny Jones - DT",,,,,,,
NYS,13:27,"NYS 24",1,1,10,"I Formation Twin WR Quick Outs","Nickel Normal Double WR2",,0,0,"1-10-NYS 24 (13:28) 4-Jamie Orman pass incomplete, intended for 87-Charles Thompson.","#4 Jamie Orman - QB","#42 James Luna - RB",,,"#24 Shorty Long - RB","#87 Charles Thompson - TE",,"#80 Perry Nelson - WR",,"#88 Dylan Fryer - WR",,,"#67 Gerald Stafford - RG","#67 Earnest Haase - C","#55 Larry Dysart - C","#59 Michael Macias - RG","#71 Rain Smeller - LG",,"#90 Sheldon Cooper - LDE",,"#91 Billy Garcia - DT","#72 Steven Gonzales - DT","#78 Nathan Explosion - RDE",,"#56 Paul Ford - MLB",,"#35 Anthony Meadows - WLB","#32 Eric Bohannon - CB","#40 Howard Wolowitz - CB",,"#29 Roger Rondeau - FS",,"#24 Chubbs Peterson - FS","#47 Michael    Westen - SS",,,,,,,,,,,,,,,,,,,,,,,,,,,,,,,,,,,,
NYS,13:24,"NYS 24",1,2,10,"I Formation 3WR HB Inside Weak","4-3 Normal Double WR1",4,0,0,"2-10-NYS 24 (13:25) 42-James Luna ran to NYS 28 for 4 yards. Tackle by 59-Don Knotts.","#4 Jamie Orman - QB","#42 James Luna - RB",,,"#44 Tim Carroll - RB",,,"#84 Charles Conlon - WR","#88 Dylan Fryer - WR","#80 Perry Nelson - WR",,,"#77 Gerald Allen - RT","#67 Earnest Haase - C","#55 Larry Dysart - C","#59 Michael Macias - RG","#71 Rain Smeller - LG",,"#90 Sheldon Cooper - LDE",,"#91 Billy Garcia - DT","#72 Steven Gonzales - DT","#78 Nathan Explosion - RDE","#59 Don Knotts - MLB","#56 Paul Ford - MLB",,"#35 Anthony Meadows - WLB","#25 Jax Teller  - CB","#32 Eric Bohannon - CB",,,,"#46 Harold Blankenship - SS","#47 Michael    Westen - SS",,,,,,,,,,,,,,,,,,,,,,,,,,,,,,,,,,,,
NYS,12:43,"NYS 28",1,3,6,"Empty 4 Wide Spread Corner Post","Dime Normal 2 Deep Man Under",,0,0,"3-6-NYS 28 (12:42) 4-Jamie Orman pass Pass knocked down by 29-Roger Rondeau. incomplete, intended for 18-Israel Yang.","#4 Jamie Orman - QB",,,,,"#87 Charles Thompson - TE",,"#80 Perry Nelson - WR","#84 Charles Conlon - WR","#88 Dylan Fryer - WR","#18 Israel Yang - WR",,"#77 Gerald Allen - RT","#67 Earnest Haase - C","#55 Larry Dysart - C","#59 Michael Macias - RG","#71 Rain Smeller - LG",,"#90 Sheldon Cooper - LDE",,"#91 Billy Garcia - DT","#72 Steven Gonzales - DT","#78 Nathan Explosion - RDE",,"#56 Paul Ford - MLB",,,"#25 Jax Teller  - CB","#32 Eric Bohannon - CB","#29 Roger Rondeau - FS","#40 Howard Wolowitz - CB",,"#46 Harold Blankenship - SS","#47 Michael    Westen - SS",,,,,,,,,,,,,,,,,,,,,,,,,,,,,,,,,,,,
NYS,12:38,"NYS 28",1,4,6,Punt,"Punt Return",,0,0,"4-6-NYS 28 (12:39) 3-John Volpe punts 45 yards to NJG 27. Fair Catch by 14-Apollo Creed .",,,,,,,,,,,,,,,,,,"#3 John Volpe - P",,,,,,,,,,,,,,,,,,,"#81 Derek Enright - TE",,"#14 Apollo Creed  - WR",,,"#46 Harold Blankenship - SS","#59 Don Knotts - MLB","#25 Jax Teller  - CB",,"#56 Paul Ford - MLB","#50 Russell Dunbar - WLB",,"#35 Anthony Meadows - WLB",,,,"#22 Darrell Stevenson - RB","#93 Andy Hurl - MLB","#55 Larry Dysart - C","#77 Gerald Allen - RT","#66 John Harmon - LG","#67 Earnest Haase - C",,"#97 James Evangelista - RDE","#90 Sheldon Cooper - LDE","#91 Billy Garcia - DT","#72 Steven Gonzales - DT",,,,,,,
NJG,12:31,"NJG 27",1,1,10,"Singleback Empty 4 Short Posts","Dime Flat Man Cover 1",,0,0,"1-10-NJG 27 (12:32) 7-Sam Axe pass Pass knocked down by 58-Christian Newhouse. incomplete, intended for 31-Saul Jackson. PENALTY - Pass Interference (NYS 58-Christian Newhouse)","#7 Sam Axe - QB",,,,,"#48 Ricky Bobby - TE",,"#14 Apollo Creed  - WR","#31 Saul Jackson - WR","#83 Lloyd Williams - WR","#27 Alec Hardison - WR",,"#70 Horatio Caine   - LG","#56 Gregory Espinoza - LG","#58 Earl Hickey - C","#63 Barney Stinson - RG","#71 Gene Stevens - RT",,"#76 Alton Gross - LDE",,"#79 Albert Whitten - DT","#68 Jose Cuervo - DT","#75 Jeremy Johnson - LDE",,"#52 Paul Davis - MLB",,,"#25 Jack Moyer - CB","#33 Pedro Brooks - CB","#46 Gary Koh - CB","#58 Christian Newhouse - CB",,"#27 Hugh Snell - CB","#34 Antonio Sockshoey - CB",,,,,,,,,,,,,,,,,,,,,,,,,,,,,,,,,,,,
NJG,12:26,"NJG 34",1,1,10,"Shotgun 5 Wide Slot Drag","Quarter Normal Man Short Zone",4,0,0,"1-10-NJG 34 (12:27) 7-Sam Axe pass complete to 31-Saul Jackson to NJG 38 for 4 yards. Tackle by 79-Albert Whitten. 29-Peter O'Reilly got away with a hold on that play.","#7 Sam Axe - QB",,,,,,,"#14 Apollo Creed  - WR","#31 Saul Jackson - WR","#83 Lloyd Williams - WR","#27 Alec Hardison - WR","#44 Jesse Pinkman - RB","#70 Horatio Caine   - LG","#56 Gregory Espinoza - LG","#58 Earl Hickey - C","#63 Barney Stinson - RG","#71 Gene Stevens - RT",,"#76 Alton Gross - LDE",,"#79 Albert Whitten - DT",,"#65 James Hall - RDE",,"#52 Paul Davis - MLB",,,"#29 Peter O'Reilly - CB","#25 Jack Moyer - CB","#33 Pedro Brooks - CB","#58 Christian Newhouse - CB","#46 Gary Koh - CB","#27 Hugh Snell - CB","#34 Antonio Sockshoey - CB",,,,,,,,,,,,,,,,,,,,,,,,,,,,,,,,,,,,
NJG,11:49,"NJG 38",1,2,6,"Weak I Normal WR Corner TE Middle","46 Normal Weak Blitz",8,0,0,"2-6-NJG 38 (11:48) 7-Sam Axe pass complete to 83-Lloyd Williams to NJG 47 for 8 yards. Tackle by 25-Jack Moyer. 25-Jack Moyer got away with a hold on that play.","#7 Sam Axe - QB","#14 Vic  Mackey - WR",,,"#49 Richard Shockey - FB","#48 Ricky Bobby - TE",,"#14 Apollo Creed  - WR",,"#83 Lloyd Williams - WR",,,"#70 Horatio Caine   - LG","#56 Gregory Espinoza - LG","#58 Earl Hickey - C","#63 Barney Stinson - RG","#71 Gene Stevens - RT",,"#76 Alton Gross - LDE",,"#79 Albert Whitten - DT","#68 Jose Cuervo - DT","#92 Bull Winkle - RDE","#58 Christian Newhouse - CB","#52 Paul Davis - MLB",,"#91 Lewis  Shirtpantski - WLB","#29 Peter O'Reilly - CB","#25 Jack Moyer - CB",,,,"#27 Hugh Snell - CB","#34 Antonio Sockshoey - CB",,,,,,,,,,,,,,,,,,,,,,,,,,,,,,,,,,,,
NJG,11:11,"NJG 47",1,1,10,"I Formation Normal HB Blast","46 Normal Strong Blitz",9,0,0,"1-10-NJG 47 (11:10) 26-Vic  Mackey ran to NYS 44 for 9 yards. Tackle by 33-Pedro Brooks.","#7 Sam Axe - QB","#14 Vic  Mackey - WR",,,"#49 Richard Shockey - FB","#48 Ricky Bobby - TE",,"#27 Alec Hardison - WR",,"#44 Jesse Pinkman - RB",,,"#70 Horatio Caine   - LG","#56 Gregory Espinoza - LG","#58 Earl Hickey - C","#63 Barney Stinson - RG","#71 Gene Stevens - RT",,"#76 Alton Gross - LDE",,"#79 Albert Whitten - DT","#68 Jose Cuervo - DT","#92 Bull Winkle - RDE","#93 Andy Hurl - MLB","#52 Paul Davis - MLB",,"#91 Lewis  Shirtpantski - WLB","#29 Peter O'Reilly - CB","#46 Gary Koh - CB",,,,"#33 Pedro Brooks - CB","#37 Rocky Rackoon - CB",,,,,,,,,,,,,,,,,,,,,,,,,,,,,,,,,,,,
NJG,10:33,"NYS 44",1,2,1,"Weak I Big Off Tackle Weak","Goal Line 3 Deep Man",1,0,0,"2-1-NYS 44 (10:32) 38-Calvin Rose ran to NYS 43 for 1 yards. Tackle by 91-Lewis  Shirtpantski.","#7 Sam Axe - QB","#38 Calvin Rose - RB",,,"#49 Richard Shockey - FB","#48 Ricky Bobby - TE","#85 Thomas Pickett - TE","#14 Apollo Creed  - WR",,,,,"#70 Horatio Caine   - LG","#56 Gregory Espinoza - LG","#58 Earl Hickey - C","#63 Barney Stinson - RG","#71 Gene Stevens - RT",,"#76 Alton Gross - LDE","#65 James Hall - RDE","#79 Albert Whitten - DT","#68 Jose Cuervo - DT","#92 Bull Winkle - RDE","#58 Christian Newhouse - CB","#52 Paul Davis - MLB",,"#91 Lewis  Shirtpantski - WLB","#29 Peter O'Reilly - CB","#25 Jack Moyer - CB",,,,"#27 Hugh Snell - CB",,,,,,,,,,,,,,,,,,,,,,,,,,,,,,,,,,,,,
NJG,9:48,"NYS 43",1,3,,"Singleback Big HB Inside Strong","46 Normal Inside Blitz",-1,0,0,"3-1-NYS 43 (9:47) 26-Vic  Mackey ran to NYS 44 for -1 yards. Tackle by 58-Christian Newhouse.","#7 Sam Axe - QB","#14 Vic  Mackey - WR",,,,"#48 Ricky Bobby - TE","#85 Thomas Pickett - TE","#14 Apollo Creed  - WR",,"#83 Lloyd Williams - WR",,,"#70 Horatio Caine   - LG","#56 Gregory Espinoza - LG","#58 Earl Hickey - C","#63 Barney Stinson - RG","#71 Gene Stevens - RT",,"#76 Alton Gross - LDE",,"#79 Albert Whitten - DT","#68 Jose Cuervo - DT","#92 Bull Winkle - RDE","#58 Christian Newhouse - CB","#52 Paul Davis - MLB",,"#91 Lewis  Shirtpantski - WLB","#29 Peter O'Reilly - CB","#25 Jack Moyer - CB",,,,"#27 Hugh Snell - CB","#34 Antonio Sockshoey - CB",,,,,,,,,,,,,,,,,,,,,,,,,,,,,,,,,,,,
,9:45,,1,4,1,,,,0,0,"Timeout NJG",,,,,,,,,,,,,,,,,,,,,,,,,,,,,,,,,,,,,,,,,,,,,,,,,,,,,,,,,,,,,,,,,,,,,,
NJG,9:01,"NYS 44",1,4,1,Punt,"Punt Return",50,0,0,"4-1-NYS 44 (9:02) 1-John Peeler punts 50 yards to NYS -5.4-1-NYS 44 (9:02) 1-John Peeler punts 50 yards to NYS -5. Touchback.",,,,,,,,,,,,,,,,,,"#1 John Peeler - P",,,,,,,,,,,,,,,,,,,"#56 Gregory Espinoza - LG",,"#42 James Luna - RB",,,"#22 Darrell Stevenson - RB","#93 Andy Hurl - MLB","#83 Jose Bock - WR",,"#29 Peter O'Reilly - CB","#44 Tim Carroll - RB",,"#66 John Harmon - LG",,,,"#70 Horatio Caine   - LG","#54 Donny Broderick - RT","#58 Earl Hickey - C","#63 Barney Stinson - RG","#71 Gene Stevens - RT","#67 Mark Slone - LT",,"#75 Jeremy Johnson - LDE","#96 William Sanchez - DT","#77 Gerald Allen - RT","#74 Johnny Jones - DT",,,,,,,
NYS,8:53,"NYS 20",1,1,10,"I Formation Power PA Flats","Dime Flat Man Cover 1",,0,0,"1-10-NYS 20 (8:54) 4-Jamie Orman pass incomplete, intended for 80-Perry Nelson.","#4 Jamie Orman - QB","#42 James Luna - RB",,"#44 Tim Carroll - RB","#24 Shorty Long - RB","#80 Perry Nelson - WR",,"#84 Charles Conlon - WR",,,,,"#67 Gerald Stafford - RG","#67 Earnest Haase - C","#55 Larry Dysart - C","#59 Michael Macias - RG","#71 Rain Smeller - LG",,"#90 Sheldon Cooper - LDE",,"#91 Billy Garcia - DT","#72 Steven Gonzales - DT","#78 Nathan Explosion - RDE",,"#56 Paul Ford - MLB",,,"#32 Eric Bohannon - CB","#40 Howard Wolowitz - CB","#30 Patrick West - CB","#29 Roger Rondeau - FS",,"#24 Chubbs Peterson - FS","#47 Michael    Westen - SS",,,,,,,,,,,,,,,,,,,,,,,,,,,,,,,,,,,,
NYS,8:50,"NYS 20",1,2,10,"I Formation Twin WR Hard Slants","4-3 Normal WLB Outside Blitz",,0,0,"2-10-NYS 20 (8:51) 4-Jamie Orman pass INTERCEPTED by 46-Harold Blankenship at NYS 27. 46-Harold Blankenship to NYS 26 for 1 yards. Tackle by 87-Charles Thompson.","#4 Jamie Orman - QB","#42 James Luna - RB",,,"#22 Darrell Stevenson - RB","#87 Charles Thompson - TE",,"#80 Perry Nelson - WR",,"#88 Dylan Fryer - WR",,,"#77 Gerald Allen - RT","#67 Earnest Haase - C","#55 Larry Dysart - C","#59 Michael Macias - RG","#71 Rain Smeller - LG",,"#90 Sheldon Cooper - LDE",,"#91 Billy Garcia - DT","#72 Steven Gonzales - DT","#78 Nathan Explosion - RDE","#59 Don Knotts - MLB","#56 Paul Ford - MLB",,"#35 Anthony Meadows - WLB","#25 Jax Teller  - CB","#32 Eric Bohannon - CB",,,,"#46 Harold Blankenship - SS","#47 Michael    Westen - SS",,,,,,,,,,,,,,,,,,,,,,,,,,,,,,,,,,,,
NJG,8:48,"NYS 26",1,1,10,"I Formation Normal HB Blast","46 Normal Strong Blitz",9,0,0,"1-10-NYS 26 (8:49) 26-Vic  Mackey ran to NYS 17 for 9 yards. Tackle by 34-Antonio Sockshoey.","#7 Sam Axe - QB","#14 Vic  Mackey - WR",,,"#49 Richard Shockey - FB","#48 Ricky Bobby - TE",,"#14 Apollo Creed  - WR",,"#83 Lloyd Williams - WR",,,"#70 Horatio Caine   - LG","#56 Gregory Espinoza - LG","#58 Earl Hickey - C","#63 Barney Stinson - RG","#71 Gene Stevens - RT",,"#76 Alton Gross - LDE",,"#79 Albert Whitten - DT","#68 Jose Cuervo - DT","#92 Bull Winkle - RDE","#58 Christian Newhouse - CB","#52 Paul Davis - MLB",,"#91 Lewis  Shirtpantski - WLB","#29 Peter O'Reilly - CB","#25 Jack Moyer - CB",,,,"#27 Hugh Snell - CB","#34 Antonio Sockshoey - CB",,,,,,,,,,,,,,,,,,,,,,,,,,,,,,,,,,,,
NJG,8:07,"NYS 17",1,2,1,"Weak I Big HB Off Tackle Strong","Goal Line 3 Deep Man",16,0,0,"2-1-NYS 17 (8:06) 26-Vic  Mackey ran to NYS 1 for 16 yards. Tackle by 29-Peter O'Reilly. NYS 76-Alton Gross was injured on the play. He looks like he should be able to return.","#7 Sam Axe - QB","#14 Vic  Mackey - WR",,,"#49 Richard Shockey - FB","#48 Ricky Bobby - TE","#85 Thomas Pickett - TE","#14 Apollo Creed  - WR",,,,,"#70 Horatio Caine   - LG","#56 Gregory Espinoza - LG","#58 Earl Hickey - C","#63 Barney Stinson - RG","#71 Gene Stevens - RT",,"#76 Alton Gross - LDE","#65 James Hall - RDE","#79 Albert Whitten - DT","#68 Jose Cuervo - DT","#92 Bull Winkle - RDE","#58 Christian Newhouse - CB","#52 Paul Davis - MLB",,"#91 Lewis  Shirtpantski - WLB","#29 Peter O'Reilly - CB","#25 Jack Moyer - CB",,,,"#27 Hugh Snell - CB",,,,,,,,,,,,,,,,,,,,,,,,,,,,,,,,,,,,,
NJG,7:29,"NYS 1",1,1,1,"Singleback Slot Strong HB Counter","Nickel Normal Man Zone",1,0,6,"1-1-NYS 1 (7:28) 38-Calvin Rose ran for 1 yards. TOUCHDOWN! NYS 0 NJG 6","#7 Sam Axe - QB","#38 Calvin Rose - RB",,,,"#48 Ricky Bobby - TE",,"#14 Apollo Creed  - WR","#31 Saul Jackson - WR","#83 Lloyd Williams - WR",,,"#70 Horatio Caine   - LG","#56 Gregory Espinoza - LG","#58 Earl Hickey - C","#63 Barney Stinson - RG","#71 Gene Stevens - RT",,"#65 James Hall - RDE",,"#79 Albert Whitten - DT","#68 Jose Cuervo - DT","#92 Bull Winkle - RDE",,"#52 Paul Davis - MLB",,"#91 Lewis  Shirtpantski - WLB","#29 Peter O'Reilly - CB","#25 Jack Moyer - CB",,"#58 Christian Newhouse - CB",,"#27 Hugh Snell - CB","#34 Antonio Sockshoey - CB",,,,,,,,,,,,,,,,,,,,,,,,,,,,,,,,,,,,
NJG,7:25,"NYS 15",1,7,15,"Field Goal","FG Block",25,0,7,"(7:26) Extra point GOOD by 11-Howie ""Stump"" Schwab. NYS 0 NJG 7",,,,,,,,,,,,,,,,,,,,,,,,,,,,,,,,,,,,"#7 Sam Axe - QB","#56 Gregory Espinoza - LG",,,,,,,,,,,,,,"#11 Howie ""Stump"" Schwab - K","#66 Peter Griffin - C","#70 Horatio Caine   - LG","#54 Donny Broderick - RT","#58 Earl Hickey - C","#63 Barney Stinson - RG","#71 Gene Stevens - RT","#67 Mark Slone - LT","#55 Hampton Forbes - LT","#77 Gerald Allen - RT","#96 William Sanchez - DT","#74 Johnny Jones - DT","#75 Jeremy Johnson - LDE","#92 Bull Winkle - RDE","#79 Albert Whitten - DT","#33 Pedro Brooks - CB","#83 Jose Bock - WR","#65 James Hall - RDE","#68 Jose Cuervo - DT","#52 Paul Davis - MLB"
NJG,7:25,"NJG 35",1,6,10,Kickoff,"Kick Return",,0,7,"(7:26) 11-Howie ""Stump"" Schwab kicks 74 yards from NJG 35 to NYS -9. Touchback.",,,,,,,,,,,,,,,,,,,,,,,,,,,,,,,,,,,,,,"#19 Sleepy Sandmann - WR",,"#83 Jose Bock - WR","#74 Johnny Jones - DT","#44 Tim Carroll - RB","#77 Gerald Allen - RT","#29 Peter O'Reilly - CB","#22 Darrell Stevenson - RB","#93 Andy Hurl - MLB","#67 Earnest Haase - C","#21 Richard Moore - CB","#66 John Harmon - LG","#11 Howie ""Stump"" Schwab - K",,,,,,,,,,,,,,,,,,,,
NYS,7:25,"NYS 25",1,1,10,"I Formation Twin WR Strong Flood","46 Normal Inside Blitz",2,0,7,"1-10-NYS 25 (7:26) 4-Jamie Orman pass complete to 42-James Luna to NYS 27 for 2 yards. Tackle by 59-Don Knotts. Great move by 42-James Luna to get free of his coverage.","#4 Jamie Orman - QB","#42 James Luna - RB",,,"#44 Tim Carroll - RB","#87 Charles Thompson - TE",,"#80 Perry Nelson - WR",,"#88 Dylan Fryer - WR",,,"#77 Gerald Allen - RT","#67 Earnest Haase - C","#55 Larry Dysart - C","#59 Michael Macias - RG","#71 Rain Smeller - LG",,"#90 Sheldon Cooper - LDE",,"#91 Billy Garcia - DT","#72 Steven Gonzales - DT","#78 Nathan Explosion - RDE","#59 Don Knotts - MLB","#56 Paul Ford - MLB",,"#35 Anthony Meadows - WLB","#25 Jax Teller  - CB","#32 Eric Bohannon - CB",,,,"#46 Harold Blankenship - SS","#47 Michael    Westen - SS",,,,,,,,,,,,,,,,,,,,,,,,,,,,,,,,,,,,
NYS,6:49,"NYS 27",1,2,8,"I Formation 3WR HB Inside Weak","Nickel Normal Double WR3",17,0,7,"2-8-NYS 27 (6:48) 42-James Luna ran to NYS 44 for 17 yards. Tackle by 46-Harold Blankenship.","#4 Jamie Orman - QB","#42 James Luna - RB",,,"#44 Tim Carroll - RB",,,"#84 Charles Conlon - WR","#88 Dylan Fryer - WR","#80 Perry Nelson - WR",,,"#77 Gerald Allen - RT","#67 Earnest Haase - C","#55 Larry Dysart - C","#59 Michael Macias - RG","#71 Rain Smeller - LG",,"#90 Sheldon Cooper - LDE",,"#91 Billy Garcia - DT","#72 Steven Gonzales - DT","#78 Nathan Explosion - RDE",,"#56 Paul Ford - MLB",,"#35 Anthony Meadows - WLB","#25 Jax Teller  - CB","#32 Eric Bohannon - CB",,"#40 Howard Wolowitz - CB",,"#46 Harold Blankenship - SS","#47 Michael    Westen - SS",,,,,,,,,,,,,,,,,,,,,,,,,,,,,,,,,,,,
NYS,6:10,"NYS 44",1,1,10,"I Formation Normal PA Fullback Flat","Nickel Normal Man Cover 2",2,0,7,"1-10-NYS 44 (6:09) 4-Jamie Orman pass complete to 44-Tim Carroll to NYS 46 for 2 yards. Tackle by 40-Howard Wolowitz.","#4 Jamie Orman - QB","#86 John Gehlert - WR",,,"#44 Tim Carroll - RB","#22 Darrell Stevenson - RB",,"#80 Perry Nelson - WR",,"#88 Dylan Fryer - WR",,,"#77 Gerald Allen - RT","#67 Earnest Haase - C","#55 Larry Dysart - C","#59 Michael Macias - RG","#71 Rain Smeller - LG",,"#90 Sheldon Cooper - LDE",,"#91 Billy Garcia - DT","#72 Steven Gonzales - DT","#78 Nathan Explosion - RDE",,"#56 Paul Ford - MLB",,"#35 Anthony Meadows - WLB","#25 Jax Teller  - CB","#32 Eric Bohannon - CB",,"#40 Howard Wolowitz - CB",,"#46 Harold Blankenship - SS","#47 Michael    Westen - SS",,,,,,,,,,,,,,,,,,,,,,,,,,,,,,,,,,,,
NYS,5:36,"NYS 46",1,2,8,"Empty 4 Wide Spread Corner Post","Dime Normal 2 Deep Man Under",,0,7,"2-8-NYS 46 (5:35) 4-Jamie Orman pass Pass knocked down by 56-Paul Ford. incomplete, intended for 18-Israel Yang. Pressure by 91-Billy Garcia.","#4 Jamie Orman - QB",,,,,"#87 Charles Thompson - TE",,"#80 Perry Nelson - WR","#84 Charles Conlon - WR","#88 Dylan Fryer - WR","#18 Israel Yang - WR",,"#77 Gerald Allen - RT","#67 Earnest Haase - C","#55 Larry Dysart - C","#59 Michael Macias - RG","#71 Rain Smeller - LG",,"#90 Sheldon Cooper - LDE",,"#91 Billy Garcia - DT","#72 Steven Gonzales - DT","#78 Nathan Explosion - RDE",,"#56 Paul Ford - MLB",,,"#25 Jax Teller  - CB","#32 Eric Bohannon - CB","#29 Roger Rondeau - FS","#40 Howard Wolowitz - CB",,"#24 Chubbs Peterson - FS","#47 Michael    Westen - SS",,,,,,,,,,,,,,,,,,,,,,,,,,,,,,,,,,,,
NYS,5:30,"NYS 46",1,3,8,"Strong I Normal HB Off Tackle Strong","4-3 Normal Man Under 1",1,0,7,"3-8-NYS 46 (5:31) 42-James Luna ran to NYS 48 for 1 yards. Tackle by 90-Sheldon Cooper.","#4 Jamie Orman - QB","#42 James Luna - RB",,,"#44 Tim Carroll - RB","#87 Charles Thompson - TE",,"#84 Charles Conlon - WR",,"#18 Israel Yang - WR",,,"#77 Gerald Allen - RT","#67 Earnest Haase - C","#55 Larry Dysart - C","#59 Michael Macias - RG","#71 Rain Smeller - LG",,"#90 Sheldon Cooper - LDE",,"#91 Billy Garcia - DT","#72 Steven Gonzales - DT","#78 Nathan Explosion - RDE","#59 Don Knotts - MLB","#56 Paul Ford - MLB",,"#35 Anthony Meadows - WLB","#25 Jax Teller  - CB","#40 Howard Wolowitz - CB",,,,"#46 Harold Blankenship - SS","#47 Michael    Westen - SS",,,,,,,,,,,,,,,,,,,,,,,,,,,,,,,,,,,,
NYS,4:56,"NYS 48",1,4,6,Punt,"Punt Return",61,0,7,"4-6-NYS 48 (4:55) 3-John Volpe punts 61 yards to NJG -8.4-6-NYS 48 (4:55) 3-John Volpe punts 61 yards to NJG -8. Touchback.",,,,,,,,,,,,,,,,,,"#3 John Volpe - P",,,,,,,,,,,,,,,,,,,"#81 Derek Enright - TE",,"#14 Apollo Creed  - WR",,,"#46 Harold Blankenship - SS","#59 Don Knotts - MLB","#25 Jax Teller  - CB",,"#56 Paul Ford - MLB","#50 Russell Dunbar - WLB",,"#35 Anthony Meadows - WLB",,,,"#22 Darrell Stevenson - RB","#93 Andy Hurl - MLB","#55 Larry Dysart - C","#77 Gerald Allen - RT","#66 John Harmon - LG","#67 Earnest Haase - C",,"#97 James Evangelista - RDE","#90 Sheldon Cooper - LDE","#91 Billy Garcia - DT","#72 Steven Gonzales - DT",,,,,,,
NJG,4:46,"NJG 20",1,1,10,"Weak I Big HB Off Tackle Strong","Goal Line 3 Deep Man",14,0,7,"1-10-NJG 20 (4:47) 26-Vic  Mackey ran to NJG 34 for 14 yards. Tackle by 27-Hugh Snell.","#7 Sam Axe - QB","#14 Vic  Mackey - WR",,,"#49 Richard Shockey - FB","#48 Ricky Bobby - TE","#85 Thomas Pickett - TE","#14 Apollo Creed  - WR",,,,,"#70 Horatio Caine   - LG","#56 Gregory Espinoza - LG","#58 Earl Hickey - C","#63 Barney Stinson - RG","#71 Gene Stevens - RT",,"#65 James Hall - RDE","#75 Jeremy Johnson - LDE","#79 Albert Whitten - DT","#68 Jose Cuervo - DT","#92 Bull Winkle - RDE","#58 Christian Newhouse - CB","#52 Paul Davis - MLB",,"#91 Lewis  Shirtpantski - WLB","#25 Jack Moyer - CB","#33 Pedro Brooks - CB",,,,"#27 Hugh Snell - CB",,,,,,,,,,,,,,,,,,,,,,,,,,,,,,,,,,,,,
NJG,4:07,"NJG 34",1,1,10,"I Formation Normal HB Blast","46 Normal Weak Blitz",-1,0,7,"1-10-NJG 34 (4:06) 38-Calvin Rose ran to NJG 34 for -1 yards. Tackle by 52-Paul Davis.","#7 Sam Axe - QB","#38 Calvin Rose - RB",,,"#49 Richard Shockey - FB","#48 Ricky Bobby - TE",,"#14 Apollo Creed  - WR",,"#83 Lloyd Williams - WR",,,"#70 Horatio Caine   - LG","#56 Gregory Espinoza - LG","#58 Earl Hickey - C","#63 Barney Stinson - RG","#71 Gene Stevens - RT",,"#65 James Hall - RDE",,"#79 Albert Whitten - DT","#68 Jose Cuervo - DT","#92 Bull Winkle - RDE","#58 Christian Newhouse - CB","#52 Paul Davis - MLB",,"#91 Lewis  Shirtpantski - WLB","#25 Jack Moyer - CB","#33 Pedro Brooks - CB",,,,"#27 Hugh Snell - CB","#34 Antonio Sockshoey - CB",,,,,,,,,,,,,,,,,,,,,,,,,,,,,,,,,,,,
NJG,3:23,"NJG 34",1,2,11,"Singleback Big HB Curls TE Deep","46 Normal 3 Deep Zone",4,0,7,"2-11-NJG 34 (3:22) 7-Sam Axe pass complete to 14-Apollo Creed  to NJG 38 for 4 yards. Tackle by 29-Peter O'Reilly.","#7 Sam Axe - QB","#14 Vic  Mackey - WR",,,,"#48 Ricky Bobby - TE","#85 Thomas Pickett - TE","#14 Apollo Creed  - WR",,"#83 Lloyd Williams - WR",,,"#70 Horatio Caine   - LG","#56 Gregory Espinoza - LG","#58 Earl Hickey - C","#63 Barney Stinson - RG","#71 Gene Stevens - RT",,"#65 James Hall - RDE",,"#79 Albert Whitten - DT","#68 Jose Cuervo - DT","#92 Bull Winkle - RDE","#58 Christian Newhouse - CB","#52 Paul Davis - MLB",,"#91 Lewis  Shirtpantski - WLB","#29 Peter O'Reilly - CB","#25 Jack Moyer - CB",,,,"#27 Hugh Snell - CB","#34 Antonio Sockshoey - CB",,,,,,,,,,,,,,,,,,,,,,,,,,,,,,,,,,,,
NJG,2:37,"NJG 38",1,3,7,"Weak I Big HB Off Tackle Strong","Goal Line 3 Deep Man",7,0,7,"3-7-NJG 38 (2:36) 38-Calvin Rose ran to NJG 44 for 7 yards. Tackle by 75-Jeremy Johnson. NYS 27-Hugh Snell was injured on the play. He looks like he should be able to return.","#7 Sam Axe - QB","#38 Calvin Rose - RB",,,"#49 Richard Shockey - FB","#48 Ricky Bobby - TE","#85 Thomas Pickett - TE","#14 Apollo Creed  - WR",,,,,"#70 Horatio Caine   - LG","#56 Gregory Espinoza - LG","#58 Earl Hickey - C","#63 Barney Stinson - RG","#71 Gene Stevens - RT",,"#65 James Hall - RDE","#75 Jeremy Johnson - LDE","#79 Albert Whitten - DT","#68 Jose Cuervo - DT","#92 Bull Winkle - RDE","#58 Christian Newhouse - CB","#52 Paul Davis - MLB",,"#91 Lewis  Shirtpantski - WLB","#29 Peter O'Reilly - CB","#25 Jack Moyer - CB",,,,"#27 Hugh Snell - CB",,,,,,,,,,,,,,,,,,,,,,,,,,,,,,,,,,,,,
NJG,1:54,"NJG 44",1,4,,Punt,"Punt Return",45,0,7,"4-1-NJG 44 (1:53) 1-John Peeler punts 45 yards to NYS 11. NYS 77-Gerald Allen was injured on the play. He looks like he should be able to return.",,,,,,,,,,,,,,,,,,"#1 John Peeler - P",,,,,,,,,,,,,,,,,,,"#56 Gregory Espinoza - LG",,"#42 James Luna - RB",,,"#22 Darrell Stevenson - RB","#93 Andy Hurl - MLB","#83 Jose Bock - WR",,"#29 Peter O'Reilly - CB","#44 Tim Carroll - RB",,"#66 John Harmon - LG",,,,"#70 Horatio Caine   - LG","#54 Donny Broderick - RT","#58 Earl Hickey - C","#63 Barney Stinson - RG","#71 Gene Stevens - RT","#67 Mark Slone - LT",,"#75 Jeremy Johnson - LDE","#96 William Sanchez - DT","#77 Gerald Allen - RT","#74 Johnny Jones - DT",,,,,,,
NYS,1:43,"NYS 11",1,1,10,"I Formation Twin WR Hard Slants","4-3 Normal Double WR2",,0,7,"1-10-NYS 11 (1:44) 4-Jamie Orman pass Pass knocked down by 40-Howard Wolowitz. incomplete, intended for 88-Dylan Fryer.","#4 Jamie Orman - QB","#42 James Luna - RB",,,"#24 Shorty Long - RB","#87 Charles Thompson - TE",,"#80 Perry Nelson - WR",,"#88 Dylan Fryer - WR",,,"#67 Gerald Stafford - RG","#67 Earnest Haase - C","#55 Larry Dysart - C","#59 Michael Macias - RG","#71 Rain Smeller - LG",,"#90 Sheldon Cooper - LDE",,"#91 Billy Garcia - DT","#72 Steven Gonzales - DT","#78 Nathan Explosion - RDE","#59 Don Knotts - MLB","#53 Carl Weathers - MLB",,"#35 Anthony Meadows - WLB","#32 Eric Bohannon - CB","#40 Howard Wolowitz - CB",,,,"#24 Chubbs Peterson - FS","#47 Michael    Westen - SS",,,,,,,,,,,,,,,,,,,,,,,,,,,,,,,,,,,,
NYS,1:40,"NYS 11",1,2,10,"I Formation Twin WR Hook Ins","4-3 Normal OLB Blitz Inside",,0,7,"2-10-NYS 11 (1:41) 4-Jamie Orman pass Pass knocked down by 47-Michael    Westen. incomplete, intended for 87-Charles Thompson.","#4 Jamie Orman - QB","#42 James Luna - RB",,,"#24 Shorty Long - RB","#87 Charles Thompson - TE",,"#80 Perry Nelson - WR",,"#88 Dylan Fryer - WR",,,"#67 Gerald Stafford - RG","#67 Earnest Haase - C","#55 Larry Dysart - C","#59 Michael Macias - RG","#71 Rain Smeller - LG",,"#90 Sheldon Cooper - LDE",,"#91 Billy Garcia - DT","#72 Steven Gonzales - DT","#78 Nathan Explosion - RDE","#59 Don Knotts - MLB","#53 Carl Weathers - MLB",,"#35 Anthony Meadows - WLB","#32 Eric Bohannon - CB","#40 Howard Wolowitz - CB",,,,"#24 Chubbs Peterson - FS","#47 Michael    Westen - SS",,,,,,,,,,,,,,,,,,,,,,,,,,,,,,,,,,,,
NYS,1:37,"NYS 11",1,3,10,"I Formation Normal Max Protect","Nickel Normal Shallow Zone Deep",,0,7,"3-10-NYS 11 (1:38) 4-Jamie Orman pass incomplete, dropped by 42-James Luna.","#4 Jamie Orman - QB","#42 James Luna - RB",,,"#44 Tim Carroll - RB","#22 Darrell Stevenson - RB",,"#80 Perry Nelson - WR",,"#88 Dylan Fryer - WR",,,"#66 John Harmon - LG","#67 Earnest Haase - C","#55 Larry Dysart - C","#59 Michael Macias - RG","#71 Rain Smeller - LG",,"#90 Sheldon Cooper - LDE",,"#91 Billy Garcia - DT","#72 Steven Gonzales - DT","#78 Nathan Explosion - RDE",,"#56 Paul Ford - MLB",,"#35 Anthony Meadows - WLB","#25 Jax Teller  - CB","#32 Eric Bohannon - CB",,"#40 Howard Wolowitz - CB",,"#46 Harold Blankenship - SS","#47 Michael    Westen - SS",,,,,,,,,,,,,,,,,,,,,,,,,,,,,,,,,,,,
NYS,1:33,"NYS 11",1,4,10,Punt,"Punt Return",,0,7,"4-10-NYS 11 (1:34) 3-John Volpe punts 52 yards to NJG 38. Fair Catch by 14-Apollo Creed .",,,,,,,,,,,,,,,,,,"#3 John Volpe - P",,,,,,,,,,,,,,,,,,,"#81 Derek Enright - TE",,"#14 Apollo Creed  - WR",,,"#35 Anthony Meadows - WLB","#30 Patrick West - CB","#50 Russell Dunbar - WLB",,"#59 Don Knotts - MLB","#47 Michael    Westen - SS",,"#32 Eric Bohannon - CB",,,,"#67 Earnest Haase - C","#93 Andy Hurl - MLB","#55 Larry Dysart - C","#66 John Harmon - LG","#22 Darrell Stevenson - RB","#50 Frank Baker - MLB",,"#97 James Evangelista - RDE","#90 Sheldon Cooper - LDE","#91 Billy Garcia - DT","#72 Steven Gonzales - DT",,,,,,,
NJG,1:27,"NJG 38",1,1,10,"I Formation Normal HB Blast","46 Normal Strong Blitz",10,0,7,"1-10-NJG 38 (1:28) 26-Vic  Mackey ran to NJG 47 for 10 yards. Tackle by 34-Antonio Sockshoey.","#7 Sam Axe - QB","#14 Vic  Mackey - WR",,,"#49 Richard Shockey - FB","#48 Ricky Bobby - TE",,"#14 Apollo Creed  - WR",,"#83 Lloyd Williams - WR",,,"#70 Horatio Caine   - LG","#56 Gregory Espinoza - LG","#58 Earl Hickey - C","#63 Barney Stinson - RG","#71 Gene Stevens - RT",,"#76 Alton Gross - LDE",,"#79 Albert Whitten - DT","#68 Jose Cuervo - DT","#92 Bull Winkle - RDE","#58 Christian Newhouse - CB","#52 Paul Davis - MLB",,"#91 Lewis  Shirtpantski - WLB","#25 Jack Moyer - CB","#46 Gary Koh - CB",,,,"#33 Pedro Brooks - CB","#34 Antonio Sockshoey - CB",,,,,,,,,,,,,,,,,,,,,,,,,,,,,,,,,,,,
NJG,0:54,"NJG 47",1,2,,"Singleback Slot Strong HB Counter","Nickel Normal Cover 2",10,0,7,"2-1-NJG 47 (0:53) 38-Calvin Rose ran to NYS 43 for 10 yards. Tackle by 34-Antonio Sockshoey.","#7 Sam Axe - QB","#38 Calvin Rose - RB",,,,"#48 Ricky Bobby - TE",,"#14 Apollo Creed  - WR","#31 Saul Jackson - WR","#83 Lloyd Williams - WR",,,"#70 Horatio Caine   - LG","#56 Gregory Espinoza - LG","#58 Earl Hickey - C","#63 Barney Stinson - RG","#71 Gene Stevens - RT",,"#76 Alton Gross - LDE",,"#79 Albert Whitten - DT","#68 Jose Cuervo - DT","#92 Bull Winkle - RDE",,"#52 Paul Davis - MLB",,"#91 Lewis  Shirtpantski - WLB","#29 Peter O'Reilly - CB","#25 Jack Moyer - CB",,"#58 Christian Newhouse - CB",,"#33 Pedro Brooks - CB","#34 Antonio Sockshoey - CB",,,,,,,,,,,,,,,,,,,,,,,,,,,,,,,,,,,,
NJG,0:20,"NYS 43",1,1,10,"I Formation Normal HB Blast","4-3 Under Crash Right",-1,0,7,"1-10-NYS 43 (0:19) 26-Vic  Mackey ran to NYS 44 for -1 yards. Tackle by 91-Lewis  Shirtpantski.","#7 Sam Axe - QB","#14 Vic  Mackey - WR",,,"#49 Richard Shockey - FB","#48 Ricky Bobby - TE",,"#14 Apollo Creed  - WR",,"#83 Lloyd Williams - WR",,,"#70 Horatio Caine   - LG","#56 Gregory Espinoza - LG","#58 Earl Hickey - C","#63 Barney Stinson - RG","#71 Gene Stevens - RT",,"#76 Alton Gross - LDE",,"#79 Albert Whitten - DT","#68 Jose Cuervo - DT","#92 Bull Winkle - RDE","#58 Christian Newhouse - CB","#52 Paul Davis - MLB",,"#91 Lewis  Shirtpantski - WLB","#29 Peter O'Reilly - CB","#25 Jack Moyer - CB",,,,"#33 Pedro Brooks - CB","#34 Antonio Sockshoey - CB",,,,,,,,,,,,,,,,,,,,,,,,,,,,,,,,,,,,
,0:00,,1,2,11,,,,0,7,"End of first quarter.",,,,,,,,,,,,,,,,,,,,,,,,,,,,,,,,,,,,,,,,,,,,,,,,,,,,,,,,,,,,,,,,,,,,,,
NJG,15:00,"NYS 44",2,2,11,"Singleback Big HB Inside Strong","46 Normal Inside Blitz",-1,0,7,"2-11-NYS 44 (15:00) 26-Vic  Mackey ran to NYS 45 for -1 yards. Tackle by 52-Paul Davis.","#7 Sam Axe - QB","#14 Vic  Mackey - WR",,,,"#48 Ricky Bobby - TE","#85 Thomas Pickett - TE","#14 Apollo Creed  - WR",,"#83 Lloyd Williams - WR",,,"#70 Horatio Caine   - LG","#56 Gregory Espinoza - LG","#58 Earl Hickey - C","#63 Barney Stinson - RG","#71 Gene Stevens - RT",,"#76 Alton Gross - LDE",,"#79 Albert Whitten - DT","#68 Jose Cuervo - DT","#92 Bull Winkle - RDE","#58 Christian Newhouse - CB","#52 Paul Davis - MLB",,"#91 Lewis  Shirtpantski - WLB","#29 Peter O'Reilly - CB","#25 Jack Moyer - CB",,,,"#33 Pedro Brooks - CB","#34 Antonio Sockshoey - CB",,,,,,,,,,,,,,,,,,,,,,,,,,,,,,,,,,,,
NJG,14:27,"NYS 45",2,3,12,"I Formation 3WR FL Post","Nickel Normal SS Blitz",,0,7,"3-12-NYS 45 (14:26) 7-Sam Axe pass incomplete, dropped by 14-Apollo Creed . 29-Peter O'Reilly got away with a hold on that play.","#7 Sam Axe - QB","#14 Vic  Mackey - WR",,,"#49 Richard Shockey - FB",,,"#14 Apollo Creed  - WR","#31 Saul Jackson - WR","#83 Lloyd Williams - WR",,,"#70 Horatio Caine   - LG","#56 Gregory Espinoza - LG","#58 Earl Hickey - C","#63 Barney Stinson - RG","#71 Gene Stevens - RT",,"#76 Alton Gross - LDE",,"#79 Albert Whitten - DT","#68 Jose Cuervo - DT","#92 Bull Winkle - RDE",,"#52 Paul Davis - MLB",,"#91 Lewis  Shirtpantski - WLB","#29 Peter O'Reilly - CB","#25 Jack Moyer - CB",,"#58 Christian Newhouse - CB",,"#33 Pedro Brooks - CB","#34 Antonio Sockshoey - CB",,,,,,,,,,,,,,,,,,,,,,,,,,,,,,,,,,,,
NJG,14:21,"NYS 45",2,4,12,Punt,"Punt Return",,0,7,"4-12-NYS 45 (14:22) 1-John Peeler punts 33 yards to NYS 12. Fair Catch by 42-James Luna.",,,,,,,,,,,,,,,,,,"#1 John Peeler - P",,,,,,,,,,,,,,,,,,,"#56 Gregory Espinoza - LG",,"#42 James Luna - RB",,,"#22 Darrell Stevenson - RB","#93 Andy Hurl - MLB","#83 Jose Bock - WR",,"#29 Peter O'Reilly - CB","#44 Tim Carroll - RB",,"#66 John Harmon - LG",,,,"#70 Horatio Caine   - LG","#54 Donny Broderick - RT","#58 Earl Hickey - C","#63 Barney Stinson - RG","#71 Gene Stevens - RT","#67 Mark Slone - LT",,"#75 Jeremy Johnson - LDE","#96 William Sanchez - DT","#77 Gerald Allen - RT","#74 Johnny Jones - DT",,,,,,,
NYS,14:14,"NYS 12",2,1,10,"I Formation Power HB Dive Weak","Dime Normal Double WR1",18,0,7,"1-10-NYS 12 (14:15) 42-James Luna ran to NYS 31 for 18 yards. Tackle by 47-Michael    Westen.","#4 Jamie Orman - QB","#42 James Luna - RB",,"#44 Tim Carroll - RB","#24 Shorty Long - RB","#80 Perry Nelson - WR",,"#84 Charles Conlon - WR",,,,,"#77 Gerald Allen - RT","#67 Earnest Haase - C","#55 Larry Dysart - C","#59 Michael Macias - RG","#71 Rain Smeller - LG",,"#90 Sheldon Cooper - LDE",,"#91 Billy Garcia - DT","#72 Steven Gonzales - DT","#78 Nathan Explosion - RDE",,"#56 Paul Ford - MLB",,,"#25 Jax Teller  - CB","#32 Eric Bohannon - CB","#29 Roger Rondeau - FS","#40 Howard Wolowitz - CB",,"#24 Chubbs Peterson - FS","#47 Michael    Westen - SS",,,,,,,,,,,,,,,,,,,,,,,,,,,,,,,,,,,,
NYS,13:36,"NYS 31",2,1,10,"Strong I Normal HB Dive Strong","Nickel Normal Double WR1",15,0,7,"1-10-NYS 31 (13:35) 86-John Gehlert ran to NYS 46 for 15 yards. Tackle by 25-Jax Teller .","#4 Jamie Orman - QB","#86 John Gehlert - WR",,,"#44 Tim Carroll - RB","#87 Charles Thompson - TE",,"#84 Charles Conlon - WR",,"#80 Perry Nelson - WR",,,"#77 Gerald Allen - RT","#67 Earnest Haase - C","#55 Larry Dysart - C","#59 Michael Macias - RG","#71 Rain Smeller - LG",,"#90 Sheldon Cooper - LDE",,"#91 Billy Garcia - DT","#72 Steven Gonzales - DT","#78 Nathan Explosion - RDE",,"#56 Paul Ford - MLB",,"#35 Anthony Meadows - WLB","#25 Jax Teller  - CB","#32 Eric Bohannon - CB",,"#40 Howard Wolowitz - CB",,"#46 Harold Blankenship - SS","#47 Michael    Westen - SS",,,,,,,,,,,,,,,,,,,,,,,,,,,,,,,,,,,,
NYS,12:51,"NYS 46",2,1,10,"I Formation Twin WR Strong Flood","Nickel Normal Shallow Zone Deep",9,0,7,"1-10-NYS 46 (12:50) 4-Jamie Orman pass complete to 86-John Gehlert to NJG 45 for 9 yards. Tackle by 56-Paul Ford. Great move by 86-John Gehlert to get free of his coverage.","#4 Jamie Orman - QB","#86 John Gehlert - WR",,,"#44 Tim Carroll - RB","#87 Charles Thompson - TE",,"#80 Perry Nelson - WR",,"#88 Dylan Fryer - WR",,,"#77 Gerald Allen - RT","#67 Earnest Haase - C","#55 Larry Dysart - C","#59 Michael Macias - RG","#71 Rain Smeller - LG",,"#90 Sheldon Cooper - LDE",,"#91 Billy Garcia - DT","#72 Steven Gonzales - DT","#78 Nathan Explosion - RDE",,"#56 Paul Ford - MLB",,"#35 Anthony Meadows - WLB","#25 Jax Teller  - CB","#32 Eric Bohannon - CB",,"#40 Howard Wolowitz - CB",,"#46 Harold Blankenship - SS","#47 Michael    Westen - SS",,,,,,,,,,,,,,,,,,,,,,,,,,,,,,,,,,,,
NYS,12:10,"NJG 45",2,2,1,"Strong I Normal Short Attack","4-3 Normal Man Under 1",3,0,7,"2-1-NJG 45 (12:09) 4-Jamie Orman pass complete to 80-Perry Nelson to NJG 42 for 3 yards. Tackle by 40-Howard Wolowitz. NJG 91-Billy Garcia was injured on the play. He looks like he should be able to return.","#4 Jamie Orman - QB","#42 James Luna - RB",,,"#44 Tim Carroll - RB","#87 Charles Thompson - TE",,"#84 Charles Conlon - WR",,"#80 Perry Nelson - WR",,,"#77 Gerald Allen - RT","#67 Earnest Haase - C","#55 Larry Dysart - C","#59 Michael Macias - RG","#71 Rain Smeller - LG",,"#90 Sheldon Cooper - LDE",,"#91 Billy Garcia - DT","#72 Steven Gonzales - DT","#78 Nathan Explosion - RDE","#59 Don Knotts - MLB","#56 Paul Ford - MLB",,"#35 Anthony Meadows - WLB","#32 Eric Bohannon - CB","#40 Howard Wolowitz - CB",,,,"#46 Harold Blankenship - SS","#24 Chubbs Peterson - FS",,,,,,,,,,,,,,,,,,,,,,,,,,,,,,,,,,,,
NYS,11:27,"NJG 42",2,1,10,"I Formation 3WR FL Post","4-3 Normal WLB Outside Blitz",6,0,7,"1-10-NJG 42 (11:26) 4-Jamie Orman pass complete to 42-James Luna to NJG 36 for 6 yards. Tackle by 25-Jax Teller .","#4 Jamie Orman - QB","#42 James Luna - RB",,,"#44 Tim Carroll - RB",,,"#84 Charles Conlon - WR","#18 Israel Yang - WR","#88 Dylan Fryer - WR",,,"#77 Gerald Allen - RT","#67 Earnest Haase - C","#55 Larry Dysart - C","#59 Michael Macias - RG","#71 Rain Smeller - LG",,"#90 Sheldon Cooper - LDE",,"#72 Steven Gonzales - DT","#79 Mark So - DT","#78 Nathan Explosion - RDE","#59 Don Knotts - MLB","#56 Paul Ford - MLB",,"#35 Anthony Meadows - WLB","#25 Jax Teller  - CB","#32 Eric Bohannon - CB",,,,"#46 Harold Blankenship - SS","#47 Michael    Westen - SS",,,,,,,,,,,,,,,,,,,,,,,,,,,,,,,,,,,,
NYS,10:43,"NJG 36",2,2,4,"I Formation Normal HB Blast","Nickel Normal Double WR3",14,0,7,"2-4-NJG 36 (10:42) 86-John Gehlert ran to NJG 21 for 14 yards. Tackle by 35-Anthony Meadows.","#4 Jamie Orman - QB","#86 John Gehlert - WR",,,"#44 Tim Carroll - RB","#22 Darrell Stevenson - RB",,"#80 Perry Nelson - WR",,"#88 Dylan Fryer - WR",,,"#77 Gerald Allen - RT","#67 Earnest Haase - C","#55 Larry Dysart - C","#59 Michael Macias - RG","#71 Rain Smeller - LG",,"#90 Sheldon Cooper - LDE",,"#72 Steven Gonzales - DT","#79 Mark So - DT","#78 Nathan Explosion - RDE",,"#56 Paul Ford - MLB",,"#35 Anthony Meadows - WLB","#25 Jax Teller  - CB","#32 Eric Bohannon - CB",,"#40 Howard Wolowitz - CB",,"#46 Harold Blankenship - SS","#47 Michael    Westen - SS",,,,,,,,,,,,,,,,,,,,,,,,,,,,,,,,,,,,
NYS,10:04,"NJG 21",2,1,10,"I Formation Twin WR HB Toss Strong","Nickel Normal Shallow Zone Deep",7,0,7,"1-10-NJG 21 (10:03) 42-James Luna ran to NJG 14 for 7 yards. Tackle by 35-Anthony Meadows.","#4 Jamie Orman - QB","#42 James Luna - RB",,,"#44 Tim Carroll - RB","#87 Charles Thompson - TE",,"#80 Perry Nelson - WR",,"#88 Dylan Fryer - WR",,,"#77 Gerald Allen - RT","#67 Earnest Haase - C","#55 Larry Dysart - C","#59 Michael Macias - RG","#71 Rain Smeller - LG",,"#90 Sheldon Cooper - LDE",,"#72 Steven Gonzales - DT","#79 Mark So - DT","#78 Nathan Explosion - RDE",,"#56 Paul Ford - MLB",,"#35 Anthony Meadows - WLB","#25 Jax Teller  - CB","#32 Eric Bohannon - CB",,"#40 Howard Wolowitz - CB",,"#24 Chubbs Peterson - FS","#47 Michael    Westen - SS",,,,,,,,,,,,,,,,,,,,,,,,,,,,,,,,,,,,
NYS,9:28,"NJG 14",2,2,3,"Singleback Slot Strong HB Counter","Nickel Normal Double WR2",14,6,7,"2-3-NJG 14 (9:27) 24-Shorty Long ran for 14 yards. TOUCHDOWN! NYS 6 NJG 7","#4 Jamie Orman - QB","#24 Shorty Long - RB",,,,"#87 Charles Thompson - TE",,"#88 Dylan Fryer - WR","#84 Charles Conlon - WR","#80 Perry Nelson - WR",,,"#77 Gerald Allen - RT","#67 Earnest Haase - C","#55 Larry Dysart - C","#59 Michael Macias - RG","#71 Rain Smeller - LG",,"#90 Sheldon Cooper - LDE",,"#72 Steven Gonzales - DT","#79 Mark So - DT","#78 Nathan Explosion - RDE",,"#56 Paul Ford - MLB",,"#35 Anthony Meadows - WLB","#25 Jax Teller  - CB","#32 Eric Bohannon - CB",,"#40 Howard Wolowitz - CB",,"#46 Harold Blankenship - SS","#47 Michael    Westen - SS",,,,,,,,,,,,,,,,,,,,,,,,,,,,,,,,,,,,
NYS,9:22,"NJG 15",2,7,15,"Field Goal","FG Block",26,7,7,"(9:23) Extra point GOOD by 5-Kenneth Williams. NYS 7 NJG 7",,,,,,,,,,,,,,,,,,,,,,,,,,,,,,,,,,,,"#8 Charles Marshal - QB","#81 Derek Enright - TE",,,,,,,,,,,,,,"#5 Kenneth Williams - K","#50 Frank Baker - MLB","#22 Darrell Stevenson - RB","#77 Gerald Allen - RT","#67 Earnest Haase - C","#66 John Harmon - LG","#55 Larry Dysart - C","#44 Tim Carroll - RB","#93 Andy Hurl - MLB","#94 Aron Vermillion - RDE","#90 Sheldon Cooper - LDE","#72 Steven Gonzales - DT","#97 James Evangelista - RDE","#94 Shannon Chan - SLB","#50 Russell Dunbar - WLB","#59 Don Knotts - MLB","#79 Mark So - DT","#78 Nathan Explosion - RDE","#56 Paul Ford - MLB","#35 Anthony Meadows - WLB"
NYS,9:22,"NYS 35",2,6,10,Kickoff,"Kick Return",,7,7,"(9:23) 5-Kenneth Williams kicks 74 yards from NYS 35 to NJG -9. Touchback.",,,,,,,,,,,,,,,,,,,,,,,,,,,,,,,,,,,,,,"#14 Apollo Creed  - WR",,"#53 Carl Weathers - MLB","#47 Michael    Westen - SS","#46 Harold Blankenship - SS","#59 Don Knotts - MLB","#25 Jax Teller  - CB","#32 Eric Bohannon - CB","#56 Paul Ford - MLB","#50 Russell Dunbar - WLB","#30 Patrick West - CB","#35 Anthony Meadows - WLB","#5 Kenneth Williams - K",,,,,,,,,,,,,,,,,,,,
NJG,9:22,"NJG 25",2,1,10,"Singleback Big HB Inside Strong","46 Normal Strong Blitz",2,7,7,"1-10-NJG 25 (9:23) 26-Vic  Mackey ran to NJG 27 for 2 yards. Tackle by 27-Hugh Snell.","#7 Sam Axe - QB","#14 Vic  Mackey - WR",,,,"#48 Ricky Bobby - TE","#85 Thomas Pickett - TE","#14 Apollo Creed  - WR",,"#83 Lloyd Williams - WR",,,"#70 Horatio Caine   - LG","#56 Gregory Espinoza - LG","#58 Earl Hickey - C","#63 Barney Stinson - RG","#71 Gene Stevens - RT",,"#76 Alton Gross - LDE",,"#79 Albert Whitten - DT","#68 Jose Cuervo - DT","#92 Bull Winkle - RDE","#58 Christian Newhouse - CB","#52 Paul Davis - MLB",,"#91 Lewis  Shirtpantski - WLB","#29 Peter O'Reilly - CB","#25 Jack Moyer - CB",,,,"#27 Hugh Snell - CB","#34 Antonio Sockshoey - CB",,,,,,,,,,,,,,,,,,,,,,,,,,,,,,,,,,,,
NJG,8:49,"NJG 27",2,2,8,"Singleback Slot Strong HB Counter","Nickel Normal Cover 2",73,7,13,"2-8-NJG 27 (8:48) 26-Vic  Mackey ran for 73 yards. TOUCHDOWN! NYS 7 NJG 13","#7 Sam Axe - QB","#14 Vic  Mackey - WR",,,,"#48 Ricky Bobby - TE",,"#14 Apollo Creed  - WR","#31 Saul Jackson - WR","#83 Lloyd Williams - WR",,,"#70 Horatio Caine   - LG","#56 Gregory Espinoza - LG","#58 Earl Hickey - C","#63 Barney Stinson - RG","#71 Gene Stevens - RT",,"#76 Alton Gross - LDE",,"#79 Albert Whitten - DT","#68 Jose Cuervo - DT","#92 Bull Winkle - RDE",,"#52 Paul Davis - MLB",,"#91 Lewis  Shirtpantski - WLB","#29 Peter O'Reilly - CB","#25 Jack Moyer - CB",,"#58 Christian Newhouse - CB",,"#27 Hugh Snell - CB","#34 Antonio Sockshoey - CB",,,,,,,,,,,,,,,,,,,,,,,,,,,,,,,,,,,,
NJG,8:35,"NYS 15",2,7,15,"Field Goal","FG Block",25,7,14,"(8:36) Extra point GOOD by 11-Howie ""Stump"" Schwab. NYS 65-James Hall was injured on the play. He looks like he should be able to return. NYS 7 NJG 14",,,,,,,,,,,,,,,,,,,,,,,,,,,,,,,,,,,,"#7 Sam Axe - QB","#56 Gregory Espinoza - LG",,,,,,,,,,,,,,"#11 Howie ""Stump"" Schwab - K","#66 Peter Griffin - C","#70 Horatio Caine   - LG","#54 Donny Broderick - RT","#58 Earl Hickey - C","#63 Barney Stinson - RG","#71 Gene Stevens - RT","#67 Mark Slone - LT","#55 Hampton Forbes - LT","#77 Gerald Allen - RT","#96 William Sanchez - DT","#74 Johnny Jones - DT","#75 Jeremy Johnson - LDE","#92 Bull Winkle - RDE","#79 Albert Whitten - DT","#33 Pedro Brooks - CB","#76 Alton Gross - LDE","#65 James Hall - RDE","#83 Jose Bock - WR","#68 Jose Cuervo - DT"
NJG,8:35,"NJG 35",2,6,10,Kickoff,"Kick Return",,7,14,"(8:36) 11-Howie ""Stump"" Schwab kicks 74 yards from NJG 35 to NYS -9. Touchback.",,,,,,,,,,,,,,,,,,,,,,,,,,,,,,,,,,,,,,"#19 Sleepy Sandmann - WR",,"#96 William Sanchez - DT","#22 Darrell Stevenson - RB","#44 Tim Carroll - RB","#77 Gerald Allen - RT","#93 Andy Hurl - MLB","#21 Richard Moore - CB","#74 Johnny Jones - DT","#67 Earnest Haase - C","#83 Jose Bock - WR","#66 John Harmon - LG","#11 Howie ""Stump"" Schwab - K",,,,,,,,,,,,,,,,,,,,
NYS,8:35,"NYS 25",2,1,10,"Weak I Normal Skinny Posts","Nickel Normal Double WR3",4,7,14,"1-10-NYS 25 (8:36) 4-Jamie Orman pass complete to 42-James Luna to NYS 29 for 4 yards. Tackle by 25-Jax Teller . 42-James Luna did some fancy footwork there.","#4 Jamie Orman - QB","#42 James Luna - RB",,,"#44 Tim Carroll - RB","#87 Charles Thompson - TE",,"#18 Israel Yang - WR",,"#80 Perry Nelson - WR",,,"#77 Gerald Allen - RT","#67 Earnest Haase - C","#55 Larry Dysart - C","#59 Michael Macias - RG","#71 Rain Smeller - LG",,"#90 Sheldon Cooper - LDE",,"#91 Billy Garcia - DT","#72 Steven Gonzales - DT","#78 Nathan Explosion - RDE",,"#56 Paul Ford - MLB",,"#35 Anthony Meadows - WLB","#25 Jax Teller  - CB","#32 Eric Bohannon - CB",,"#40 Howard Wolowitz - CB",,"#46 Harold Blankenship - SS","#47 Michael    Westen - SS",,,,,,,,,,,,,,,,,,,,,,,,,,,,,,,,,,,,
NYS,7:57,"NYS 29",2,2,6,"Singleback Normal TE Quick Out","4-3 Normal Double WR1",,7,14,"2-6-NYS 29 (7:56) 4-Jamie Orman pass Pass knocked down by 59-Don Knotts. incomplete, intended for 87-Charles Thompson.","#4 Jamie Orman - QB","#86 John Gehlert - WR",,,,"#87 Charles Thompson - TE",,"#80 Perry Nelson - WR","#84 Charles Conlon - WR","#88 Dylan Fryer - WR",,,"#77 Gerald Allen - RT","#67 Earnest Haase - C","#55 Larry Dysart - C","#59 Michael Macias - RG","#71 Rain Smeller - LG",,"#90 Sheldon Cooper - LDE",,"#91 Billy Garcia - DT","#72 Steven Gonzales - DT","#78 Nathan Explosion - RDE","#59 Don Knotts - MLB","#56 Paul Ford - MLB",,"#35 Anthony Meadows - WLB","#25 Jax Teller  - CB","#32 Eric Bohannon - CB",,,,"#46 Harold Blankenship - SS","#47 Michael    Westen - SS",,,,,,,,,,,,,,,,,,,,,,,,,,,,,,,,,,,,
NYS,7:52,"NYS 29",2,3,6,"I Formation Power HB Dive Weak","Nickel Normal Double WR2",1,7,14,"3-6-NYS 29 (7:53) 42-James Luna ran to NYS 30 for 1 yards. Tackle by 72-Steven Gonzales.","#4 Jamie Orman - QB","#42 James Luna - RB",,"#22 Darrell Stevenson - RB","#44 Tim Carroll - RB","#80 Perry Nelson - WR",,"#84 Charles Conlon - WR",,,,,"#77 Gerald Allen - RT","#67 Earnest Haase - C","#55 Larry Dysart - C","#59 Michael Macias - RG","#71 Rain Smeller - LG",,"#90 Sheldon Cooper - LDE",,"#91 Billy Garcia - DT","#72 Steven Gonzales - DT","#78 Nathan Explosion - RDE",,"#59 Don Knotts - MLB",,"#35 Anthony Meadows - WLB","#25 Jax Teller  - CB","#32 Eric Bohannon - CB",,"#40 Howard Wolowitz - CB",,"#41 Cedric Lane - FS","#24 Chubbs Peterson - FS",,,,,,,,,,,,,,,,,,,,,,,,,,,,,,,,,,,,
NYS,7:14,"NYS 30",2,4,5,Punt,"Punt Return",,7,14,"4-5-NYS 30 (7:13) 3-John Volpe punts 52 yards to NJG 18. 14-Apollo Creed  to NJG 21 for 2 yards. Tackle by 21-Richard Moore.",,,,,,,,,,,,,,,,,,"#3 John Volpe - P",,,,,,,,,,,,,,,,,,,"#81 Derek Enright - TE",,"#14 Apollo Creed  - WR",,,"#46 Harold Blankenship - SS","#59 Don Knotts - MLB","#25 Jax Teller  - CB",,"#56 Paul Ford - MLB","#50 Russell Dunbar - WLB",,"#35 Anthony Meadows - WLB",,,,"#22 Darrell Stevenson - RB","#93 Andy Hurl - MLB","#55 Larry Dysart - C","#77 Gerald Allen - RT","#66 John Harmon - LG","#67 Earnest Haase - C",,"#97 James Evangelista - RDE","#90 Sheldon Cooper - LDE","#91 Billy Garcia - DT","#72 Steven Gonzales - DT",,,,,,,
NJG,7:04,"NJG 21",2,1,10,"Singleback Slot Strong HB Strong Inside","Nickel Normal Man Zone",,7,14,"1-10-NJG 21 (7:05) 26-Vic  Mackey ran to NJG 21 for a short gain. Tackle by 76-Alton Gross.","#7 Sam Axe - QB","#14 Vic  Mackey - WR",,,,"#48 Ricky Bobby - TE",,"#14 Apollo Creed  - WR","#31 Saul Jackson - WR","#83 Lloyd Williams - WR",,,"#70 Horatio Caine   - LG","#56 Gregory Espinoza - LG","#58 Earl Hickey - C","#63 Barney Stinson - RG","#71 Gene Stevens - RT",,"#76 Alton Gross - LDE",,"#79 Albert Whitten - DT","#68 Jose Cuervo - DT","#92 Bull Winkle - RDE",,"#52 Paul Davis - MLB",,"#91 Lewis  Shirtpantski - WLB","#25 Jack Moyer - CB","#33 Pedro Brooks - CB",,"#58 Christian Newhouse - CB",,"#27 Hugh Snell - CB","#34 Antonio Sockshoey - CB",,,,,,,,,,,,,,,,,,,,,,,,,,,,,,,,,,,,
NJG,6:29,"NJG 21",2,2,10,"Weak I Big HB Off Tackle Strong","Goal Line 3 Deep Man",-2,7,14,"2-10-NJG 21 (6:28) 26-Vic  Mackey ran to NJG 19 for -2 yards. Tackle by 25-Jack Moyer.","#7 Sam Axe - QB","#14 Vic  Mackey - WR",,,"#49 Richard Shockey - FB","#48 Ricky Bobby - TE","#85 Thomas Pickett - TE","#14 Apollo Creed  - WR",,,,,"#70 Horatio Caine   - LG","#56 Gregory Espinoza - LG","#58 Earl Hickey - C","#63 Barney Stinson - RG","#71 Gene Stevens - RT",,"#76 Alton Gross - LDE","#75 Jeremy Johnson - LDE","#79 Albert Whitten - DT","#68 Jose Cuervo - DT","#92 Bull Winkle - RDE","#58 Christian Newhouse - CB","#52 Paul Davis - MLB",,"#91 Lewis  Shirtpantski - WLB","#29 Peter O'Reilly - CB","#25 Jack Moyer - CB",,,,"#27 Hugh Snell - CB",,,,,,,,,,,,,,,,,,,,,,,,,,,,,,,,,,,,,
NJG,5:48,"NJG 19",2,3,11,"Shotgun Normal Post Flags","Nickel Normal Double WR3",,7,14,"3-11-NJG 19 (5:47) 7-Sam Axe pass Pass knocked down by 52-Paul Davis. incomplete, intended for 48-Ricky Bobby. 52-Paul Davis got away with a hold on that play. NJG 70-Horatio Caine   was injured on the play. He looks like he should be able to return.","#7 Sam Axe - QB","#14 Vic  Mackey - WR",,,,"#48 Ricky Bobby - TE",,"#14 Apollo Creed  - WR","#31 Saul Jackson - WR","#83 Lloyd Williams - WR",,,"#70 Horatio Caine   - LG","#56 Gregory Espinoza - LG","#58 Earl Hickey - C","#63 Barney Stinson - RG","#71 Gene Stevens - RT",,"#76 Alton Gross - LDE",,"#79 Albert Whitten - DT","#68 Jose Cuervo - DT","#92 Bull Winkle - RDE",,"#52 Paul Davis - MLB",,"#91 Lewis  Shirtpantski - WLB","#29 Peter O'Reilly - CB","#25 Jack Moyer - CB",,"#58 Christian Newhouse - CB",,"#27 Hugh Snell - CB","#34 Antonio Sockshoey - CB",,,,,,,,,,,,,,,,,,,,,,,,,,,,,,,,,,,,
NJG,5:42,"NJG 19",2,4,11,Punt,"Punt Return",,7,14,"4-11-NJG 19 (5:43) 1-John Peeler punts 45 yards to NYS 36. 42-James Luna to NYS 38 for 3 yards. Tackle by 46-Harold Blankenship.",,,,,,,,,,,,,,,,,,"#1 John Peeler - P",,,,,,,,,,,,,,,,,,,"#56 Gregory Espinoza - LG",,"#42 James Luna - RB",,,"#22 Darrell Stevenson - RB","#93 Andy Hurl - MLB","#83 Jose Bock - WR",,"#29 Peter O'Reilly - CB","#44 Tim Carroll - RB",,"#66 John Harmon - LG",,,,"#67 Mark Slone - LT","#54 Donny Broderick - RT","#58 Earl Hickey - C","#63 Barney Stinson - RG","#71 Gene Stevens - RT","#55 Hampton Forbes - LT",,"#75 Jeremy Johnson - LDE","#96 William Sanchez - DT","#77 Gerald Allen - RT","#74 Johnny Jones - DT",,,,,,,
NYS,5:34,"NYS 38",2,1,10,"I Formation Power HB Dive Weak","Nickel Normal Double WR1",4,7,14,"1-10-NYS 38 (5:35) 86-John Gehlert ran to NYS 42 for 4 yards. Tackle by 29-Roger Rondeau.","#4 Jamie Orman - QB","#86 John Gehlert - WR",,"#22 Darrell Stevenson - RB","#24 Shorty Long - RB","#80 Perry Nelson - WR",,"#84 Charles Conlon - WR",,,,,"#67 Gerald Stafford - RG","#67 Earnest Haase - C","#55 Larry Dysart - C","#59 Michael Macias - RG","#71 Rain Smeller - LG",,"#90 Sheldon Cooper - LDE",,"#91 Billy Garcia - DT","#72 Steven Gonzales - DT","#78 Nathan Explosion - RDE",,"#59 Don Knotts - MLB",,"#35 Anthony Meadows - WLB","#32 Eric Bohannon - CB","#40 Howard Wolowitz - CB",,"#29 Roger Rondeau - FS",,"#24 Chubbs Peterson - FS","#47 Michael    Westen - SS",,,,,,,,,,,,,,,,,,,,,,,,,,,,,,,,,,,,
NYS,5:03,"NYS 42",2,2,6,"I Formation Normal Max Protect","4-3 Normal Man Under 1",,7,14,"2-6-NYS 42 (5:02) 4-Jamie Orman pass INTERCEPTED by 25-Jax Teller  at NYS 50. 25-Jax Teller  to NYS 48 for 2 yards. Pushed out of bounds by 42-James Luna. PENALTY - Pass Interference (NJG 25-Jax Teller )","#4 Jamie Orman - QB","#42 James Luna - RB",,,"#44 Tim Carroll - RB","#22 Darrell Stevenson - RB",,"#80 Perry Nelson - WR",,"#88 Dylan Fryer - WR",,,"#77 Gerald Allen - RT","#67 Earnest Haase - C","#55 Larry Dysart - C","#59 Michael Macias - RG","#71 Rain Smeller - LG",,"#90 Sheldon Cooper - LDE",,"#91 Billy Garcia - DT","#72 Steven Gonzales - DT","#78 Nathan Explosion - RDE","#59 Don Knotts - MLB","#56 Paul Ford - MLB",,"#35 Anthony Meadows - WLB","#25 Jax Teller  - CB","#32 Eric Bohannon - CB",,,,"#46 Harold Blankenship - SS","#47 Michael    Westen - SS",,,,,,,,,,,,,,,,,,,,,,,,,,,,,,,,,,,,
NYS,4:57,"NYS 47",2,1,10,"I Formation Twin WR Quick Outs","4-3 Normal Double WR1",12,7,14,"1-10-NYS 47 (4:58) 4-Jamie Orman pass complete to 87-Charles Thompson to NJG 42 for 12 yards. Tackle by 59-Don Knotts.","#4 Jamie Orman - QB","#86 John Gehlert - WR",,,"#44 Tim Carroll - RB","#87 Charles Thompson - TE",,"#80 Perry Nelson - WR",,"#88 Dylan Fryer - WR",,,"#77 Gerald Allen - RT","#67 Earnest Haase - C","#55 Larry Dysart - C","#59 Michael Macias - RG","#71 Rain Smeller - LG",,"#90 Sheldon Cooper - LDE",,"#91 Billy Garcia - DT","#72 Steven Gonzales - DT","#78 Nathan Explosion - RDE","#59 Don Knotts - MLB","#56 Paul Ford - MLB",,"#35 Anthony Meadows - WLB","#25 Jax Teller  - CB","#32 Eric Bohannon - CB",,,,"#46 Harold Blankenship - SS","#47 Michael    Westen - SS",,,,,,,,,,,,,,,,,,,,,,,,,,,,,,,,,,,,
NYS,4:20,"NJG 42",2,1,10,"I Formation Twin WR Strong Flood","4-3 Normal Double WR1",2,7,14,"1-10-NJG 42 (4:19) 4-Jamie Orman pass complete to 42-James Luna to NJG 39 for 2 yards. Tackle by 59-Don Knotts.","#4 Jamie Orman - QB","#42 James Luna - RB",,,"#44 Tim Carroll - RB","#87 Charles Thompson - TE",,"#84 Charles Conlon - WR",,"#18 Israel Yang - WR",,,"#77 Gerald Allen - RT","#67 Earnest Haase - C","#55 Larry Dysart - C","#59 Michael Macias - RG","#71 Rain Smeller - LG",,"#90 Sheldon Cooper - LDE",,"#91 Billy Garcia - DT","#72 Steven Gonzales - DT","#78 Nathan Explosion - RDE","#59 Don Knotts - MLB","#56 Paul Ford - MLB",,"#35 Anthony Meadows - WLB","#25 Jax Teller  - CB","#32 Eric Bohannon - CB",,,,"#24 Chubbs Peterson - FS","#47 Michael    Westen - SS",,,,,,,,,,,,,,,,,,,,,,,,,,,,,,,,,,,,
NYS,3:45,"NJG 39",2,2,8,"Singleback Normal TE Quick Out","Nickel Normal Double WR2",-8,7,14,"2-8-NJG 39 (3:44) 4-Jamie Orman sacked at NJG 48 for -8 yards (78-Nathan Explosion). Sack allowed by 77-Gerald Allen. 77-Gerald Allen completely missed his blocking assignment.","#4 Jamie Orman - QB","#86 John Gehlert - WR",,,,"#87 Charles Thompson - TE",,"#80 Perry Nelson - WR","#84 Charles Conlon - WR","#88 Dylan Fryer - WR",,,"#77 Gerald Allen - RT","#67 Earnest Haase - C","#55 Larry Dysart - C","#59 Michael Macias - RG","#71 Rain Smeller - LG",,"#90 Sheldon Cooper - LDE",,"#91 Billy Garcia - DT","#72 Steven Gonzales - DT","#78 Nathan Explosion - RDE",,"#56 Paul Ford - MLB",,"#35 Anthony Meadows - WLB","#25 Jax Teller  - CB","#40 Howard Wolowitz - CB",,"#29 Roger Rondeau - FS",,"#46 Harold Blankenship - SS","#47 Michael    Westen - SS",,,,,,,,,,,,,,,,,,,,,,,,,,,,,,,,,,,,
NYS,3:04,"NJG 48",2,3,16,"Empty 4 Wide Spread Corner Post","Dime Normal 2 Deep Man Under",,7,14,"3-16-NJG 48 (3:03) 4-Jamie Orman pass incomplete, dropped by 83-Jose Bock.","#4 Jamie Orman - QB",,,,,"#87 Charles Thompson - TE",,"#88 Dylan Fryer - WR","#18 Israel Yang - WR","#84 Charles Conlon - WR","#83 Jose Bock - WR",,"#77 Gerald Allen - RT","#67 Earnest Haase - C","#55 Larry Dysart - C","#59 Michael Macias - RG","#71 Rain Smeller - LG",,"#90 Sheldon Cooper - LDE",,"#91 Billy Garcia - DT","#72 Steven Gonzales - DT","#78 Nathan Explosion - RDE",,"#56 Paul Ford - MLB",,,"#25 Jax Teller  - CB","#32 Eric Bohannon - CB","#29 Roger Rondeau - FS","#40 Howard Wolowitz - CB",,"#46 Harold Blankenship - SS","#47 Michael    Westen - SS",,,,,,,,,,,,,,,,,,,,,,,,,,,,,,,,,,,,
NYS,2:59,"NJG 48",2,4,16,Punt,"Punt Return",40,7,14,"4-16-NJG 48 (3:00) 3-John Volpe punts 40 yards to NJG 7.",,,,,,,,,,,,,,,,,,"#3 John Volpe - P",,,,,,,,,,,,,,,,,,,"#81 Derek Enright - TE",,"#14 Apollo Creed  - WR",,,"#46 Harold Blankenship - SS","#59 Don Knotts - MLB","#25 Jax Teller  - CB",,"#56 Paul Ford - MLB","#50 Russell Dunbar - WLB",,"#35 Anthony Meadows - WLB",,,,"#22 Darrell Stevenson - RB","#93 Andy Hurl - MLB","#55 Larry Dysart - C","#77 Gerald Allen - RT","#66 John Harmon - LG","#67 Earnest Haase - C",,"#97 James Evangelista - RDE","#90 Sheldon Cooper - LDE","#91 Billy Garcia - DT","#72 Steven Gonzales - DT",,,,,,,
NJG,2:50,"NJG 7",2,1,10,"Singleback Slot Strong HB Strong Inside","Nickel 3-3-5 Cover 2 Man Under",5,7,14,"1-10-NJG 7 (2:51) 26-Vic  Mackey ran to NJG 12 for 5 yards. Tackle by 34-Antonio Sockshoey.","#7 Sam Axe - QB","#14 Vic  Mackey - WR",,,,"#48 Ricky Bobby - TE",,"#14 Apollo Creed  - WR","#31 Saul Jackson - WR","#83 Lloyd Williams - WR",,,"#70 Horatio Caine   - LG","#56 Gregory Espinoza - LG","#58 Earl Hickey - C","#63 Barney Stinson - RG","#71 Gene Stevens - RT",,"#76 Alton Gross - LDE",,"#79 Albert Whitten - DT",,"#75 Jeremy Johnson - LDE","#58 Christian Newhouse - CB","#52 Paul Davis - MLB",,"#91 Lewis  Shirtpantski - WLB","#25 Jack Moyer - CB","#33 Pedro Brooks - CB",,"#46 Gary Koh - CB",,"#27 Hugh Snell - CB","#34 Antonio Sockshoey - CB",,,,,,,,,,,,,,,,,,,,,,,,,,,,,,,,,,,,
NJG,2:08,"NJG 12",2,2,5,"Shotgun Normal HB Flare","Nickel Normal SS Blitz",34,7,14,"2-5-NJG 12 (2:07) 7-Sam Axe pass complete to 14-Apollo Creed  to NJG 47 for 34 yards. Pushed out of bounds by 34-Antonio Sockshoey. Pressure by 79-Albert Whitten. 25-Jack Moyer got away with a hold on that play.","#7 Sam Axe - QB","#38 Calvin Rose - RB",,,,"#48 Ricky Bobby - TE",,"#14 Apollo Creed  - WR","#31 Saul Jackson - WR","#83 Lloyd Williams - WR",,,"#70 Horatio Caine   - LG","#56 Gregory Espinoza - LG","#58 Earl Hickey - C","#63 Barney Stinson - RG","#71 Gene Stevens - RT",,"#76 Alton Gross - LDE",,"#79 Albert Whitten - DT","#68 Jose Cuervo - DT","#92 Bull Winkle - RDE",,"#52 Paul Davis - MLB",,"#91 Lewis  Shirtpantski - WLB","#25 Jack Moyer - CB","#33 Pedro Brooks - CB",,"#58 Christian Newhouse - CB",,"#27 Hugh Snell - CB","#34 Antonio Sockshoey - CB",,,,,,,,,,,,,,,,,,,,,,,,,,,,,,,,,,,,
,2:00,,2,1,10,,,,7,14,"Timeout for two minute warning.",,,,,,,,,,,,,,,,,,,,,,,,,,,,,,,,,,,,,,,,,,,,,,,,,,,,,,,,,,,,,,,,,,,,,,
NJG,1:59,"NJG 47",2,1,10,"I Formation Normal FL Hitch","4-3 Under Crash Right",18,7,14,"1-10-NJG 47 (2:00) 7-Sam Axe pass complete to 27-Alec Hardison to NYS 35 for 18 yards. Tackle by 58-Christian Newhouse.","#7 Sam Axe - QB","#38 Calvin Rose - RB",,,"#49 Richard Shockey - FB","#48 Ricky Bobby - TE",,"#31 Saul Jackson - WR",,"#27 Alec Hardison - WR",,,"#70 Horatio Caine   - LG","#56 Gregory Espinoza - LG","#58 Earl Hickey - C","#63 Barney Stinson - RG","#71 Gene Stevens - RT",,"#76 Alton Gross - LDE",,"#79 Albert Whitten - DT","#68 Jose Cuervo - DT","#92 Bull Winkle - RDE","#58 Christian Newhouse - CB","#52 Paul Davis - MLB",,"#93 Andy Hurl - MLB","#29 Peter O'Reilly - CB","#46 Gary Koh - CB",,,,"#27 Hugh Snell - CB","#37 Rocky Rackoon - CB",,,,,,,,,,,,,,,,,,,,,,,,,,,,,,,,,,,,
,1:56,,2,1,10,,,,7,14,"Timeout NJG",,,,,,,,,,,,,,,,,,,,,,,,,,,,,,,,,,,,,,,,,,,,,,,,,,,,,,,,,,,,,,,,,,,,,,
NJG,1:52,"NYS 35",2,1,10,"Singleback Big Ins and Outs","46 Normal 3 Deep Zone",,7,14,"1-10-NYS 35 (1:53) 7-Sam Axe pass incomplete, intended for 14-Apollo Creed .","#7 Sam Axe - QB","#14 Vic  Mackey - WR",,,,"#48 Ricky Bobby - TE","#85 Thomas Pickett - TE","#14 Apollo Creed  - WR",,"#83 Lloyd Williams - WR",,,"#70 Horatio Caine   - LG","#56 Gregory Espinoza - LG","#58 Earl Hickey - C","#63 Barney Stinson - RG","#71 Gene Stevens - RT",,"#76 Alton Gross - LDE",,"#79 Albert Whitten - DT","#68 Jose Cuervo - DT","#92 Bull Winkle - RDE","#58 Christian Newhouse - CB","#52 Paul Davis - MLB",,"#91 Lewis  Shirtpantski - WLB","#29 Peter O'Reilly - CB","#25 Jack Moyer - CB",,,,"#27 Hugh Snell - CB","#34 Antonio Sockshoey - CB",,,,,,,,,,,,,,,,,,,,,,,,,,,,,,,,,,,,
NJG,1:50,"NYS 35",2,2,10,"Singleback Big Ins and Outs","4-3 Under Crash Right",18,7,14,"2-10-NYS 35 (1:51) 7-Sam Axe pass complete to 14-Apollo Creed  to NYS 17 for 18 yards. Tackle by 52-Paul Davis.","#7 Sam Axe - QB","#14 Vic  Mackey - WR",,,,"#48 Ricky Bobby - TE","#85 Thomas Pickett - TE","#14 Apollo Creed  - WR",,"#83 Lloyd Williams - WR",,,"#70 Horatio Caine   - LG","#56 Gregory Espinoza - LG","#58 Earl Hickey - C","#63 Barney Stinson - RG","#71 Gene Stevens - RT",,"#76 Alton Gross - LDE",,"#79 Albert Whitten - DT","#68 Jose Cuervo - DT","#92 Bull Winkle - RDE","#58 Christian Newhouse - CB","#52 Paul Davis - MLB",,"#91 Lewis  Shirtpantski - WLB","#29 Peter O'Reilly - CB","#25 Jack Moyer - CB",,,,"#27 Hugh Snell - CB","#34 Antonio Sockshoey - CB",,,,,,,,,,,,,,,,,,,,,,,,,,,,,,,,,,,,
NJG,1:29,"NYS 17",2,1,10,"Weak I Normal WR Corner TE Middle","46 Normal Strong Blitz",10,7,14,"1-10-NYS 17 (1:28) 7-Sam Axe pass complete to 83-Lloyd Williams to NYS 7 for 10 yards. Tackle by 25-Jack Moyer. 25-Jack Moyer got away with a hold on that play.","#7 Sam Axe - QB","#38 Calvin Rose - RB",,,"#49 Richard Shockey - FB","#48 Ricky Bobby - TE",,"#83 Lloyd Williams - WR",,"#31 Saul Jackson - WR",,,"#70 Horatio Caine   - LG","#56 Gregory Espinoza - LG","#58 Earl Hickey - C","#63 Barney Stinson - RG","#71 Gene Stevens - RT",,"#76 Alton Gross - LDE",,"#79 Albert Whitten - DT","#68 Jose Cuervo - DT","#92 Bull Winkle - RDE","#58 Christian Newhouse - CB","#52 Paul Davis - MLB",,"#93 Andy Hurl - MLB","#25 Jack Moyer - CB","#46 Gary Koh - CB",,,,"#33 Pedro Brooks - CB","#34 Antonio Sockshoey - CB",,,,,,,,,,,,,,,,,,,,,,,,,,,,,,,,,,,,
NJG,1:10,"NYS 7",2,1,7,"Singleback Slot Strong HB Checkdown","Nickel Normal Man Zone",4,7,14,"1-7-NYS 7 (1:09) 7-Sam Axe pass complete to 38-Calvin Rose to NYS 3 for 4 yards. Tackle by 29-Peter O'Reilly.","#7 Sam Axe - QB","#38 Calvin Rose - RB",,,,"#48 Ricky Bobby - TE",,"#14 Apollo Creed  - WR","#31 Saul Jackson - WR","#83 Lloyd Williams - WR",,,"#70 Horatio Caine   - LG","#56 Gregory Espinoza - LG","#58 Earl Hickey - C","#63 Barney Stinson - RG","#71 Gene Stevens - RT",,"#76 Alton Gross - LDE",,"#79 Albert Whitten - DT","#68 Jose Cuervo - DT","#92 Bull Winkle - RDE",,"#93 Andy Hurl - MLB",,"#91 Lewis  Shirtpantski - WLB","#29 Peter O'Reilly - CB","#25 Jack Moyer - CB",,"#33 Pedro Brooks - CB",,"#27 Hugh Snell - CB","#34 Antonio Sockshoey - CB",,,,,,,,,,,,,,,,,,,,,,,,,,,,,,,,,,,,
NJG,0:46,"NYS 3",2,2,3,"Singleback Slot Strong TE Corner","Nickel 3-3-5 3 Deep Zone Under",,7,14,"2-3-NYS 3 (0:45) 7-Sam Axe pass incomplete, intended for 44-Jesse Pinkman.","#7 Sam Axe - QB","#49 Richard Shockey - FB",,,,"#48 Ricky Bobby - TE",,"#27 Alec Hardison - WR","#83 Lloyd Williams - WR","#44 Jesse Pinkman - RB",,,"#70 Horatio Caine   - LG","#56 Gregory Espinoza - LG","#58 Earl Hickey - C","#63 Barney Stinson - RG","#71 Gene Stevens - RT",,"#76 Alton Gross - LDE",,"#79 Albert Whitten - DT",,"#75 Jeremy Johnson - LDE","#58 Christian Newhouse - CB","#50 Frank Baker - MLB",,"#91 Lewis  Shirtpantski - WLB","#21 Richard Moore - CB","#29 Peter O'Reilly - CB",,"#25 Jack Moyer - CB",,"#46 Gary Koh - CB","#37 Rocky Rackoon - CB",,,,,,,,,,,,,,,,,,,,,,,,,,,,,,,,,,,,
NJG,0:40,"NYS 3",2,3,3,"Singleback Slot Strong HB Counter","4-3 Normal Double WR3",-2,7,14,"3-3-NYS 3 (0:41) 38-Calvin Rose ran to NYS 5 for -2 yards. Tackle by 93-Andy Hurl.","#7 Sam Axe - QB","#38 Calvin Rose - RB",,,,"#85 Thomas Pickett - TE",,"#27 Alec Hardison - WR","#14 Apollo Creed  - WR","#44 Jesse Pinkman - RB",,,"#70 Horatio Caine   - LG","#56 Gregory Espinoza - LG","#58 Earl Hickey - C","#63 Barney Stinson - RG","#71 Gene Stevens - RT",,"#76 Alton Gross - LDE",,"#79 Albert Whitten - DT","#68 Jose Cuervo - DT","#92 Bull Winkle - RDE","#50 Frank Baker - MLB","#52 Paul Davis - MLB",,"#93 Andy Hurl - MLB","#33 Pedro Brooks - CB","#46 Gary Koh - CB",,,,"#27 Hugh Snell - CB","#37 Rocky Rackoon - CB",,,,,,,,,,,,,,,,,,,,,,,,,,,,,,,,,,,,
,0:39,,2,4,5,,,,7,14,"Timeout NJG",,,,,,,,,,,,,,,,,,,,,,,,,,,,,,,,,,,,,,,,,,,,,,,,,,,,,,,,,,,,,,,,,,,,,,
NJG,0:02,"NYS 5",2,4,5,"Field Goal","FG Block",15,7,17,"4-5-NYS 5 (0:02) 11-Howie ""Stump"" Schwab 22 yard field goal is GOOD. NYS 7 NJG 17",,,,,,,,,,,,,,,,,,,,,,,,,,,,,,,,,,,,"#7 Sam Axe - QB","#56 Gregory Espinoza - LG",,,,,,,,,,,,,,"#11 Howie ""Stump"" Schwab - K","#66 Peter Griffin - C","#70 Horatio Caine   - LG","#54 Donny Broderick - RT","#58 Earl Hickey - C","#63 Barney Stinson - RG","#71 Gene Stevens - RT","#67 Mark Slone - LT","#55 Hampton Forbes - LT","#77 Gerald Allen - RT","#96 William Sanchez - DT","#74 Johnny Jones - DT","#75 Jeremy Johnson - LDE","#79 Albert Whitten - DT","#33 Pedro Brooks - CB","#52 Paul Davis - MLB","#76 Alton Gross - LDE","#65 James Hall - RDE","#83 Jose Bock - WR","#68 Jose Cuervo - DT"
,0:00,,2,6,10,,,,7,17,"End of half.",,,,,,,,,,,,,,,,,,,,,,,,,,,,,,,,,,,,,,,,,,,,,,,,,,,,,,,,,,,,,,,,,,,,,,
NJG,15:00,"NJG 35",3,6,10,Kickoff,"Kick Return",,7,17,"(15:00) 11-Howie ""Stump"" Schwab kicks 74 yards from NJG 35 to NYS -9. Touchback.",,,,,,,,,,,,,,,,,,,,,,,,,,,,,,,,,,,,,,"#19 Sleepy Sandmann - WR",,"#83 Jose Bock - WR","#74 Johnny Jones - DT","#44 Tim Carroll - RB","#77 Gerald Allen - RT","#29 Peter O'Reilly - CB","#22 Darrell Stevenson - RB","#93 Andy Hurl - MLB","#67 Earnest Haase - C","#21 Richard Moore - CB","#66 John Harmon - LG","#11 Howie ""Stump"" Schwab - K",,,,,,,,,,,,,,,,,,,,
NYS,15:00,"NYS 25",3,1,10,"I Formation Normal HB Draw","Nickel Normal Double WR1",14,7,17,"1-10-NYS 25 (15:00) 42-James Luna ran to NYS 39 for 14 yards. Tackle by 47-Michael    Westen.","#4 Jamie Orman - QB","#42 James Luna - RB",,,"#44 Tim Carroll - RB","#22 Darrell Stevenson - RB",,"#80 Perry Nelson - WR",,"#88 Dylan Fryer - WR",,,"#77 Gerald Allen - RT","#67 Earnest Haase - C","#55 Larry Dysart - C","#59 Michael Macias - RG","#71 Rain Smeller - LG",,"#90 Sheldon Cooper - LDE",,"#91 Billy Garcia - DT","#72 Steven Gonzales - DT","#78 Nathan Explosion - RDE",,"#56 Paul Ford - MLB",,"#35 Anthony Meadows - WLB","#25 Jax Teller  - CB","#32 Eric Bohannon - CB",,"#40 Howard Wolowitz - CB",,"#46 Harold Blankenship - SS","#47 Michael    Westen - SS",,,,,,,,,,,,,,,,,,,,,,,,,,,,,,,,,,,,
NYS,14:17,"NYS 39",3,1,10,"I Formation Normal PA Fullback Flat","Nickel Normal Shallow Zone Deep",2,7,17,"1-10-NYS 39 (14:16) 4-Jamie Orman pass complete to 44-Tim Carroll to NYS 41 for 2 yards. Tackle by 35-Anthony Meadows.","#4 Jamie Orman - QB","#86 John Gehlert - WR",,,"#44 Tim Carroll - RB","#22 Darrell Stevenson - RB",,"#80 Perry Nelson - WR",,"#88 Dylan Fryer - WR",,,"#77 Gerald Allen - RT","#67 Earnest Haase - C","#55 Larry Dysart - C","#59 Michael Macias - RG","#71 Rain Smeller - LG",,"#90 Sheldon Cooper - LDE",,"#91 Billy Garcia - DT","#72 Steven Gonzales - DT","#78 Nathan Explosion - RDE",,"#56 Paul Ford - MLB",,"#35 Anthony Meadows - WLB","#25 Jax Teller  - CB","#32 Eric Bohannon - CB",,"#40 Howard Wolowitz - CB",,"#24 Chubbs Peterson - FS","#47 Michael    Westen - SS",,,,,,,,,,,,,,,,,,,,,,,,,,,,,,,,,,,,
NYS,13:33,"NYS 41",3,2,8,"I Formation 3WR Slot Short WR Deep","4-3 Normal WLB Outside Blitz",7,7,17,"2-8-NYS 41 (13:32) 4-Jamie Orman pass complete to 88-Dylan Fryer to NYS 48 for 7 yards. Tackle by 47-Michael    Westen.","#4 Jamie Orman - QB","#42 James Luna - RB",,,"#44 Tim Carroll - RB",,,"#84 Charles Conlon - WR","#88 Dylan Fryer - WR","#80 Perry Nelson - WR",,,"#77 Gerald Allen - RT","#67 Earnest Haase - C","#55 Larry Dysart - C","#59 Michael Macias - RG","#71 Rain Smeller - LG",,"#90 Sheldon Cooper - LDE",,"#91 Billy Garcia - DT","#72 Steven Gonzales - DT","#78 Nathan Explosion - RDE","#59 Don Knotts - MLB","#56 Paul Ford - MLB",,"#35 Anthony Meadows - WLB","#25 Jax Teller  - CB","#32 Eric Bohannon - CB",,,,"#46 Harold Blankenship - SS","#47 Michael    Westen - SS",,,,,,,,,,,,,,,,,,,,,,,,,,,,,,,,,,,,
NYS,12:52,"NYS 48",3,3,1,"Singleback Big WR Deep","Nickel Normal Double WR1",,7,17,"3-1-NYS 48 (12:51) 4-Jamie Orman pass Pass knocked down by 46-Harold Blankenship. incomplete, intended for 87-Charles Thompson.","#4 Jamie Orman - QB","#86 John Gehlert - WR",,,,"#87 Charles Thompson - TE","#22 Darrell Stevenson - RB","#84 Charles Conlon - WR",,"#18 Israel Yang - WR",,,"#77 Gerald Allen - RT","#67 Earnest Haase - C","#55 Larry Dysart - C","#59 Michael Macias - RG","#71 Rain Smeller - LG",,"#90 Sheldon Cooper - LDE",,"#91 Billy Garcia - DT","#72 Steven Gonzales - DT","#78 Nathan Explosion - RDE",,"#56 Paul Ford - MLB",,"#35 Anthony Meadows - WLB","#25 Jax Teller  - CB","#40 Howard Wolowitz - CB",,"#29 Roger Rondeau - FS",,"#46 Harold Blankenship - SS","#24 Chubbs Peterson - FS",,,,,,,,,,,,,,,,,,,,,,,,,,,,,,,,,,,,
NYS,12:46,"NYS 48",3,4,1,Punt,"Punt Return",,7,17,"4-1-NYS 48 (12:47) 3-John Volpe punts 44 yards to NJG 8. Fair Catch by 14-Apollo Creed .",,,,,,,,,,,,,,,,,,"#3 John Volpe - P",,,,,,,,,,,,,,,,,,,"#81 Derek Enright - TE",,"#14 Apollo Creed  - WR",,,"#56 Paul Ford - MLB","#47 Michael    Westen - SS","#46 Harold Blankenship - SS",,"#50 Russell Dunbar - WLB","#35 Anthony Meadows - WLB",,"#59 Don Knotts - MLB",,,,"#22 Darrell Stevenson - RB","#93 Andy Hurl - MLB","#55 Larry Dysart - C","#77 Gerald Allen - RT","#66 John Harmon - LG","#67 Earnest Haase - C",,"#97 James Evangelista - RDE","#90 Sheldon Cooper - LDE","#91 Billy Garcia - DT","#72 Steven Gonzales - DT",,,,,,,
NJG,12:40,"NJG 8",3,1,10,"I Formation Normal FL Hitch","46 Normal Weak Blitz",13,7,17,"1-10-NJG 8 (12:41) 7-Sam Axe pass complete to 83-Lloyd Williams to NJG 21 for 13 yards. Tackle by 33-Pedro Brooks. 83-Lloyd Williams did some fancy footwork there. PENALTY - Offsides (NYS 92-Bull Winkle) (Declined)","#7 Sam Axe - QB","#14 Vic  Mackey - WR",,,"#49 Richard Shockey - FB","#48 Ricky Bobby - TE",,"#14 Apollo Creed  - WR",,"#83 Lloyd Williams - WR",,,"#70 Horatio Caine   - LG","#56 Gregory Espinoza - LG","#58 Earl Hickey - C","#63 Barney Stinson - RG","#71 Gene Stevens - RT",,"#76 Alton Gross - LDE",,"#79 Albert Whitten - DT","#68 Jose Cuervo - DT","#92 Bull Winkle - RDE","#58 Christian Newhouse - CB","#52 Paul Davis - MLB",,"#91 Lewis  Shirtpantski - WLB","#25 Jack Moyer - CB","#33 Pedro Brooks - CB",,,,"#27 Hugh Snell - CB","#34 Antonio Sockshoey - CB",,,,,,,,,,,,,,,,,,,,,,,,,,,,,,,,,,,,
NJG,12:37,"NJG 21",3,1,10,"Singleback Slot Strong HB Counter","Nickel 3-3-5 3 Deep Zone Under",1,7,17,"1-10-NJG 21 (12:38) 38-Calvin Rose ran to NJG 22 for 1 yards. Tackle by 91-Lewis  Shirtpantski.","#7 Sam Axe - QB","#38 Calvin Rose - RB",,,,"#48 Ricky Bobby - TE",,"#14 Apollo Creed  - WR","#31 Saul Jackson - WR","#83 Lloyd Williams - WR",,,"#70 Horatio Caine   - LG","#56 Gregory Espinoza - LG","#58 Earl Hickey - C","#63 Barney Stinson - RG","#71 Gene Stevens - RT",,"#76 Alton Gross - LDE",,"#79 Albert Whitten - DT",,"#75 Jeremy Johnson - LDE","#58 Christian Newhouse - CB","#52 Paul Davis - MLB",,"#91 Lewis  Shirtpantski - WLB","#29 Peter O'Reilly - CB","#25 Jack Moyer - CB",,"#33 Pedro Brooks - CB",,"#27 Hugh Snell - CB","#34 Antonio Sockshoey - CB",,,,,,,,,,,,,,,,,,,,,,,,,,,,,,,,,,,,
NJG,11:55,"NJG 22",3,2,9,"Weak I Normal WR Corner TE Middle","4-3 Under Crash Right",8,7,17,"2-9-NJG 22 (11:54) 7-Sam Axe pass complete to 26-Vic  Mackey to NJG 31 for 8 yards. Tackle by 58-Christian Newhouse.","#7 Sam Axe - QB","#14 Vic  Mackey - WR",,,"#49 Richard Shockey - FB","#48 Ricky Bobby - TE",,"#14 Apollo Creed  - WR",,"#83 Lloyd Williams - WR",,,"#70 Horatio Caine   - LG","#56 Gregory Espinoza - LG","#58 Earl Hickey - C","#63 Barney Stinson - RG","#71 Gene Stevens - RT",,"#76 Alton Gross - LDE",,"#79 Albert Whitten - DT","#68 Jose Cuervo - DT","#92 Bull Winkle - RDE","#58 Christian Newhouse - CB","#52 Paul Davis - MLB",,"#91 Lewis  Shirtpantski - WLB","#29 Peter O'Reilly - CB","#25 Jack Moyer - CB",,,,"#27 Hugh Snell - CB","#34 Antonio Sockshoey - CB",,,,,,,,,,,,,,,,,,,,,,,,,,,,,,,,,,,,
NJG,11:09,"NJG 31",3,3,,"Singleback Slot Strong HB Strong Inside","4-3 Normal Double WR3",3,7,17,"3-1-NJG 31 (11:08) 38-Calvin Rose ran to NJG 33 for 3 yards. Tackle by 91-Lewis  Shirtpantski.","#7 Sam Axe - QB","#38 Calvin Rose - RB",,,,"#48 Ricky Bobby - TE",,"#14 Apollo Creed  - WR","#31 Saul Jackson - WR","#83 Lloyd Williams - WR",,,"#70 Horatio Caine   - LG","#56 Gregory Espinoza - LG","#58 Earl Hickey - C","#63 Barney Stinson - RG","#71 Gene Stevens - RT",,"#76 Alton Gross - LDE",,"#79 Albert Whitten - DT","#68 Jose Cuervo - DT","#92 Bull Winkle - RDE","#58 Christian Newhouse - CB","#52 Paul Davis - MLB",,"#91 Lewis  Shirtpantski - WLB","#29 Peter O'Reilly - CB","#25 Jack Moyer - CB",,,,"#27 Hugh Snell - CB","#34 Antonio Sockshoey - CB",,,,,,,,,,,,,,,,,,,,,,,,,,,,,,,,,,,,
NJG,10:31,"NJG 33",3,1,10,"Weak I Big Off Tackle Weak","Goal Line 3 Deep Man",7,7,17,"1-10-NJG 33 (10:30) 38-Calvin Rose ran to NJG 40 for 7 yards. Tackle by 27-Hugh Snell.","#7 Sam Axe - QB","#38 Calvin Rose - RB",,,"#49 Richard Shockey - FB","#48 Ricky Bobby - TE","#85 Thomas Pickett - TE","#14 Apollo Creed  - WR",,,,,"#70 Horatio Caine   - LG","#56 Gregory Espinoza - LG","#58 Earl Hickey - C","#63 Barney Stinson - RG","#71 Gene Stevens - RT",,"#76 Alton Gross - LDE","#65 James Hall - RDE","#79 Albert Whitten - DT","#68 Jose Cuervo - DT","#92 Bull Winkle - RDE","#58 Christian Newhouse - CB","#52 Paul Davis - MLB",,"#91 Lewis  Shirtpantski - WLB","#29 Peter O'Reilly - CB","#25 Jack Moyer - CB",,,,"#27 Hugh Snell - CB",,,,,,,,,,,,,,,,,,,,,,,,,,,,,,,,,,,,,
NJG,9:58,"NJG 40",3,2,3,"Singleback Big HB Inside Strong","46 Normal Strong Blitz",2,7,17,"2-3-NJG 40 (9:57) 44-Jesse Pinkman ran to NJG 42 for 2 yards. Tackle by 79-Albert Whitten.","#7 Sam Axe - QB","#44 Jesse Pinkman - RB",,,,"#48 Ricky Bobby - TE","#85 Thomas Pickett - TE","#14 Apollo Creed  - WR",,"#83 Lloyd Williams - WR",,,"#70 Horatio Caine   - LG","#56 Gregory Espinoza - LG","#58 Earl Hickey - C","#63 Barney Stinson - RG","#71 Gene Stevens - RT",,"#76 Alton Gross - LDE",,"#79 Albert Whitten - DT","#68 Jose Cuervo - DT","#92 Bull Winkle - RDE","#58 Christian Newhouse - CB","#52 Paul Davis - MLB",,"#91 Lewis  Shirtpantski - WLB","#29 Peter O'Reilly - CB","#25 Jack Moyer - CB",,,,"#27 Hugh Snell - CB","#34 Antonio Sockshoey - CB",,,,,,,,,,,,,,,,,,,,,,,,,,,,,,,,,,,,
NJG,9:17,"NJG 42",3,3,1,"Weak I Normal HB Inside Strong","46 Normal Inside Blitz",-0,7,17,"3-1-NJG 42 (9:16) 26-Vic  Mackey ran to NJG 42 for a short loss. Tackle by 58-Christian Newhouse. PENALTY - Facemask (NYS 58-Christian Newhouse)","#7 Sam Axe - QB","#14 Vic  Mackey - WR",,,"#49 Richard Shockey - FB","#48 Ricky Bobby - TE",,"#14 Apollo Creed  - WR",,"#83 Lloyd Williams - WR",,,"#70 Horatio Caine   - LG","#56 Gregory Espinoza - LG","#58 Earl Hickey - C","#63 Barney Stinson - RG","#71 Gene Stevens - RT",,"#76 Alton Gross - LDE",,"#79 Albert Whitten - DT","#68 Jose Cuervo - DT","#92 Bull Winkle - RDE","#58 Christian Newhouse - CB","#52 Paul Davis - MLB",,"#91 Lewis  Shirtpantski - WLB","#29 Peter O'Reilly - CB","#25 Jack Moyer - CB",,,,"#27 Hugh Snell - CB","#34 Antonio Sockshoey - CB",,,,,,,,,,,,,,,,,,,,,,,,,,,,,,,,,,,,
NJG,9:13,"NYS 43",3,1,10,"I Formation Normal HB Blast","4-3 Normal 3 Deep Zone Flat Right",1,7,17,"1-10-NYS 43 (9:14) 26-Vic  Mackey ran to NYS 42 for 1 yards. Tackle by 92-Bull Winkle.","#7 Sam Axe - QB","#14 Vic  Mackey - WR",,,"#49 Richard Shockey - FB","#48 Ricky Bobby - TE",,"#14 Apollo Creed  - WR",,"#83 Lloyd Williams - WR",,,"#70 Horatio Caine   - LG","#56 Gregory Espinoza - LG","#58 Earl Hickey - C","#63 Barney Stinson - RG","#71 Gene Stevens - RT",,"#76 Alton Gross - LDE",,"#79 Albert Whitten - DT","#68 Jose Cuervo - DT","#92 Bull Winkle - RDE","#58 Christian Newhouse - CB","#52 Paul Davis - MLB",,"#91 Lewis  Shirtpantski - WLB","#29 Peter O'Reilly - CB","#25 Jack Moyer - CB",,,,"#27 Hugh Snell - CB","#34 Antonio Sockshoey - CB",,,,,,,,,,,,,,,,,,,,,,,,,,,,,,,,,,,,
NJG,8:30,"NYS 42",3,2,9,"Singleback Big WR Deep","4-3 Under Crash Right",-8,7,17,"2-9-NYS 42 (8:29) 7-Sam Axe sacked at NJG 50 for -8 yards (91-Lewis  Shirtpantski)","#7 Sam Axe - QB","#38 Calvin Rose - RB",,,,"#48 Ricky Bobby - TE","#85 Thomas Pickett - TE","#14 Apollo Creed  - WR",,"#83 Lloyd Williams - WR",,,"#70 Horatio Caine   - LG","#56 Gregory Espinoza - LG","#58 Earl Hickey - C","#63 Barney Stinson - RG","#71 Gene Stevens - RT",,"#76 Alton Gross - LDE",,"#79 Albert Whitten - DT","#68 Jose Cuervo - DT","#92 Bull Winkle - RDE","#58 Christian Newhouse - CB","#52 Paul Davis - MLB",,"#91 Lewis  Shirtpantski - WLB","#29 Peter O'Reilly - CB","#25 Jack Moyer - CB",,,,"#27 Hugh Snell - CB","#34 Antonio Sockshoey - CB",,,,,,,,,,,,,,,,,,,,,,,,,,,,,,,,,,,,
NJG,7:52,"NJG 50",3,3,17,"Weak I Big HB Off Tackle Strong","Goal Line 3 Deep Man",7,7,17,"3-17-NJG 50 (7:51) 26-Vic  Mackey ran to NYS 44 for 7 yards. Tackle by 65-James Hall.","#7 Sam Axe - QB","#14 Vic  Mackey - WR",,,"#49 Richard Shockey - FB","#48 Ricky Bobby - TE","#85 Thomas Pickett - TE","#14 Apollo Creed  - WR",,,,,"#70 Horatio Caine   - LG","#56 Gregory Espinoza - LG","#58 Earl Hickey - C","#63 Barney Stinson - RG","#71 Gene Stevens - RT",,"#76 Alton Gross - LDE","#65 James Hall - RDE","#79 Albert Whitten - DT","#68 Jose Cuervo - DT","#92 Bull Winkle - RDE","#58 Christian Newhouse - CB","#52 Paul Davis - MLB",,"#91 Lewis  Shirtpantski - WLB","#29 Peter O'Reilly - CB","#25 Jack Moyer - CB",,,,"#27 Hugh Snell - CB",,,,,,,,,,,,,,,,,,,,,,,,,,,,,,,,,,,,,
NJG,7:08,"NYS 44",3,4,10,Punt,"Punt Return",52,7,17,"4-10-NYS 44 (7:07) 1-John Peeler punts 52 yards to NYS -8.4-10-NYS 44 (7:07) 1-John Peeler punts 52 yards to NYS -8. Touchback.",,,,,,,,,,,,,,,,,,"#1 John Peeler - P",,,,,,,,,,,,,,,,,,,"#56 Gregory Espinoza - LG",,"#42 James Luna - RB",,,"#22 Darrell Stevenson - RB","#93 Andy Hurl - MLB","#83 Jose Bock - WR",,"#29 Peter O'Reilly - CB","#44 Tim Carroll - RB",,"#66 John Harmon - LG",,,,"#70 Horatio Caine   - LG","#54 Donny Broderick - RT","#58 Earl Hickey - C","#63 Barney Stinson - RG","#71 Gene Stevens - RT","#67 Mark Slone - LT",,"#75 Jeremy Johnson - LDE","#96 William Sanchez - DT","#77 Gerald Allen - RT","#74 Johnny Jones - DT",,,,,,,
NYS,6:58,"NYS 20",3,1,10,"Weak I Normal FB Inside Weak","Nickel Normal Double WR3",4,7,17,"1-10-NYS 20 (6:59) 24-Shorty Long ran to NYS 24 for 4 yards. Tackle by 35-Anthony Meadows.","#4 Jamie Orman - QB","#42 James Luna - RB",,,"#24 Shorty Long - RB","#87 Charles Thompson - TE",,"#18 Israel Yang - WR",,"#80 Perry Nelson - WR",,,"#67 Gerald Stafford - RG","#67 Earnest Haase - C","#55 Larry Dysart - C","#59 Michael Macias - RG","#71 Rain Smeller - LG",,"#90 Sheldon Cooper - LDE",,"#91 Billy Garcia - DT","#72 Steven Gonzales - DT","#78 Nathan Explosion - RDE",,"#59 Don Knotts - MLB",,"#35 Anthony Meadows - WLB","#32 Eric Bohannon - CB","#40 Howard Wolowitz - CB",,"#29 Roger Rondeau - FS",,"#24 Chubbs Peterson - FS","#47 Michael    Westen - SS",,,,,,,,,,,,,,,,,,,,,,,,,,,,,,,,,,,,
NYS,6:24,"NYS 24",3,2,6,"I Formation Power PA Flats","Nickel Normal Double WR1",2,7,17,"2-6-NYS 24 (6:23) 4-Jamie Orman pass complete to 80-Perry Nelson to NYS 26 for 2 yards. Tackle by 40-Howard Wolowitz. 80-Perry Nelson breaks down the CB.","#4 Jamie Orman - QB","#42 James Luna - RB",,"#22 Darrell Stevenson - RB","#24 Shorty Long - RB","#80 Perry Nelson - WR",,"#84 Charles Conlon - WR",,,,,"#77 Gerald Allen - RT","#67 Earnest Haase - C","#55 Larry Dysart - C","#59 Michael Macias - RG","#71 Rain Smeller - LG",,"#90 Sheldon Cooper - LDE",,"#91 Billy Garcia - DT","#72 Steven Gonzales - DT","#78 Nathan Explosion - RDE",,"#59 Don Knotts - MLB",,"#35 Anthony Meadows - WLB","#32 Eric Bohannon - CB","#40 Howard Wolowitz - CB",,"#29 Roger Rondeau - FS",,"#24 Chubbs Peterson - FS","#47 Michael    Westen - SS",,,,,,,,,,,,,,,,,,,,,,,,,,,,,,,,,,,,
NYS,5:37,"NYS 26",3,3,4,"Strong I Normal HB Dive Strong","Nickel Normal Double WR3",3,7,17,"3-4-NYS 26 (5:36) 86-John Gehlert ran to NYS 30 for 3 yards. Tackle by 91-Billy Garcia.","#4 Jamie Orman - QB","#86 John Gehlert - WR",,,"#44 Tim Carroll - RB","#87 Charles Thompson - TE",,"#84 Charles Conlon - WR",,"#80 Perry Nelson - WR",,,"#66 John Harmon - LG","#67 Earnest Haase - C","#55 Larry Dysart - C","#59 Michael Macias - RG","#71 Rain Smeller - LG",,"#90 Sheldon Cooper - LDE",,"#91 Billy Garcia - DT","#72 Steven Gonzales - DT","#78 Nathan Explosion - RDE",,"#56 Paul Ford - MLB",,"#35 Anthony Meadows - WLB","#25 Jax Teller  - CB","#32 Eric Bohannon - CB",,"#40 Howard Wolowitz - CB",,"#46 Harold Blankenship - SS","#47 Michael    Westen - SS",,,,,,,,,,,,,,,,,,,,,,,,,,,,,,,,,,,,
NYS,4:54,"NYS 30",3,4,,Punt,"Punt Return",43,7,17,"4-1-NYS 30 (4:53) 3-John Volpe punts 43 yards to NJG 27. NYS 51-Earnest Haase was injured on the play. He looks like he should be able to return.",,,,,,,,,,,,,,,,,,"#3 John Volpe - P",,,,,,,,,,,,,,,,,,,"#81 Derek Enright - TE",,"#14 Apollo Creed  - WR",,,"#46 Harold Blankenship - SS","#59 Don Knotts - MLB","#25 Jax Teller  - CB",,"#56 Paul Ford - MLB","#50 Russell Dunbar - WLB",,"#35 Anthony Meadows - WLB",,,,"#67 Earnest Haase - C","#93 Andy Hurl - MLB","#55 Larry Dysart - C","#77 Gerald Allen - RT","#66 John Harmon - LG","#50 Frank Baker - MLB",,"#97 James Evangelista - RDE","#90 Sheldon Cooper - LDE","#91 Billy Garcia - DT","#72 Steven Gonzales - DT",,,,,,,
NJG,4:45,"NJG 27",3,1,10,"Shotgun Normal Post Flags","Nickel 3-3-5 Cover 2 Man Under",,7,17,"1-10-NJG 27 (4:46) 7-Sam Axe pass Pass knocked down by 91-Lewis  Shirtpantski. incomplete, intended for 48-Ricky Bobby.","#7 Sam Axe - QB","#14 Vic  Mackey - WR",,,,"#48 Ricky Bobby - TE",,"#14 Apollo Creed  - WR","#31 Saul Jackson - WR","#83 Lloyd Williams - WR",,,"#70 Horatio Caine   - LG","#56 Gregory Espinoza - LG","#58 Earl Hickey - C","#63 Barney Stinson - RG","#71 Gene Stevens - RT",,"#76 Alton Gross - LDE",,"#79 Albert Whitten - DT",,"#75 Jeremy Johnson - LDE","#58 Christian Newhouse - CB","#52 Paul Davis - MLB",,"#91 Lewis  Shirtpantski - WLB","#25 Jack Moyer - CB","#33 Pedro Brooks - CB",,"#46 Gary Koh - CB",,"#27 Hugh Snell - CB","#34 Antonio Sockshoey - CB",,,,,,,,,,,,,,,,,,,,,,,,,,,,,,,,,,,,
NJG,4:42,"NJG 27",3,2,10,"Shotgun 5 Wide FL Hook","Quarter Normal Man Short Zone",,7,17,"2-10-NJG 27 (4:43) 7-Sam Axe pass Pass knocked down by 37-Rocky Rackoon. incomplete, intended for 44-Jesse Pinkman. PENALTY - Pass Interference (NYS 37-Rocky Rackoon)","#7 Sam Axe - QB",,,,,,,"#14 Apollo Creed  - WR","#31 Saul Jackson - WR","#83 Lloyd Williams - WR","#27 Alec Hardison - WR","#44 Jesse Pinkman - RB","#70 Horatio Caine   - LG","#56 Gregory Espinoza - LG","#58 Earl Hickey - C","#63 Barney Stinson - RG","#71 Gene Stevens - RT",,"#76 Alton Gross - LDE",,"#79 Albert Whitten - DT",,"#65 James Hall - RDE",,"#52 Paul Davis - MLB",,,"#25 Jack Moyer - CB","#33 Pedro Brooks - CB","#46 Gary Koh - CB","#58 Christian Newhouse - CB","#37 Rocky Rackoon - CB","#27 Hugh Snell - CB","#34 Antonio Sockshoey - CB",,,,,,,,,,,,,,,,,,,,,,,,,,,,,,,,,,,,
NJG,4:39,"NJG 32",3,1,10,"Weak I Big HB Off Tackle Strong","Goal Line 3 Deep Man",17,7,17,"1-10-NJG 32 (4:40) 26-Vic  Mackey ran to NJG 50 for 17 yards. Tackle by 27-Hugh Snell.","#7 Sam Axe - QB","#14 Vic  Mackey - WR",,,"#49 Richard Shockey - FB","#48 Ricky Bobby - TE","#85 Thomas Pickett - TE","#14 Apollo Creed  - WR",,,,,"#70 Horatio Caine   - LG","#56 Gregory Espinoza - LG","#58 Earl Hickey - C","#63 Barney Stinson - RG","#71 Gene Stevens - RT",,"#76 Alton Gross - LDE","#65 James Hall - RDE","#79 Albert Whitten - DT","#68 Jose Cuervo - DT","#92 Bull Winkle - RDE","#58 Christian Newhouse - CB","#52 Paul Davis - MLB",,"#91 Lewis  Shirtpantski - WLB","#29 Peter O'Reilly - CB","#25 Jack Moyer - CB",,,,"#27 Hugh Snell - CB",,,,,,,,,,,,,,,,,,,,,,,,,,,,,,,,,,,,,
NJG,3:56,"NJG 50",3,1,10,"Singleback Big TE Flat Curl","46 Normal Inside Blitz",,7,17,"1-10-NJG 50 (3:55) 7-Sam Axe pass Pass knocked down by 91-Lewis  Shirtpantski. incomplete, intended for 48-Ricky Bobby.","#7 Sam Axe - QB","#38 Calvin Rose - RB",,,,"#48 Ricky Bobby - TE","#85 Thomas Pickett - TE","#14 Apollo Creed  - WR",,"#83 Lloyd Williams - WR",,,"#70 Horatio Caine   - LG","#56 Gregory Espinoza - LG","#58 Earl Hickey - C","#63 Barney Stinson - RG","#71 Gene Stevens - RT",,"#76 Alton Gross - LDE",,"#79 Albert Whitten - DT","#68 Jose Cuervo - DT","#92 Bull Winkle - RDE","#58 Christian Newhouse - CB","#93 Andy Hurl - MLB",,"#91 Lewis  Shirtpantski - WLB","#29 Peter O'Reilly - CB","#25 Jack Moyer - CB",,,,"#33 Pedro Brooks - CB","#34 Antonio Sockshoey - CB",,,,,,,,,,,,,,,,,,,,,,,,,,,,,,,,,,,,
NJG,3:50,"NJG 50",3,2,10,"Singleback Slot Strong HB Checkdown","Nickel Normal SS Blitz",,7,17,"2-10-NJG 50 (3:51) 7-Sam Axe pass Pass knocked down by 91-Lewis  Shirtpantski. incomplete, intended for 38-Calvin Rose.","#7 Sam Axe - QB","#38 Calvin Rose - RB",,,,"#48 Ricky Bobby - TE",,"#14 Apollo Creed  - WR","#31 Saul Jackson - WR","#83 Lloyd Williams - WR",,,"#70 Horatio Caine   - LG","#56 Gregory Espinoza - LG","#58 Earl Hickey - C","#63 Barney Stinson - RG","#71 Gene Stevens - RT",,"#76 Alton Gross - LDE",,"#79 Albert Whitten - DT","#68 Jose Cuervo - DT","#92 Bull Winkle - RDE",,"#52 Paul Davis - MLB",,"#91 Lewis  Shirtpantski - WLB","#29 Peter O'Reilly - CB","#25 Jack Moyer - CB",,"#58 Christian Newhouse - CB",,"#27 Hugh Snell - CB","#34 Antonio Sockshoey - CB",,,,,,,,,,,,,,,,,,,,,,,,,,,,,,,,,,,,
NJG,3:46,"NJG 50",3,3,10,"I Formation 3WR FL Post","Nickel Normal SS Blitz",-7,7,17,"3-10-NJG 50 (3:47) 7-Sam Axe sacked at NJG 43 for -7 yards (76-Alton Gross). Sack allowed by 71-Gene Stevens.","#7 Sam Axe - QB","#49 Richard Shockey - FB",,,"#85 Thomas Pickett - TE",,,"#31 Saul Jackson - WR","#44 Jesse Pinkman - RB","#27 Alec Hardison - WR",,,"#70 Horatio Caine   - LG","#56 Gregory Espinoza - LG","#58 Earl Hickey - C","#63 Barney Stinson - RG","#71 Gene Stevens - RT",,"#76 Alton Gross - LDE",,"#79 Albert Whitten - DT","#68 Jose Cuervo - DT","#92 Bull Winkle - RDE",,"#93 Andy Hurl - MLB",,"#50 Frank Baker - MLB","#33 Pedro Brooks - CB","#46 Gary Koh - CB",,"#58 Christian Newhouse - CB",,"#27 Hugh Snell - CB","#37 Rocky Rackoon - CB",,,,,,,,,,,,,,,,,,,,,,,,,,,,,,,,,,,,
NJG,3:14,"NJG 43",3,4,17,Punt,"Punt Return",46,7,17,"4-17-NJG 43 (3:13) 1-John Peeler punts 46 yards to NYS 11.",,,,,,,,,,,,,,,,,,"#1 John Peeler - P",,,,,,,,,,,,,,,,,,,"#56 Gregory Espinoza - LG",,"#42 James Luna - RB",,,"#22 Darrell Stevenson - RB","#93 Andy Hurl - MLB","#83 Jose Bock - WR",,"#29 Peter O'Reilly - CB","#44 Tim Carroll - RB",,"#66 John Harmon - LG",,,,"#70 Horatio Caine   - LG","#54 Donny Broderick - RT","#58 Earl Hickey - C","#63 Barney Stinson - RG","#71 Gene Stevens - RT","#67 Mark Slone - LT",,"#75 Jeremy Johnson - LDE","#96 William Sanchez - DT","#77 Gerald Allen - RT","#74 Johnny Jones - DT",,,,,,,
NYS,3:05,"NYS 11",3,1,10,"I Formation Normal PA Fullback Flat","4-3 Normal WLB Outside Blitz",-3,7,17,"1-10-NYS 11 (3:06) 4-Jamie Orman sacked at NYS 8 for -3 yards (35-Anthony Meadows). Sack allowed by 51-Earnest Haase.","#4 Jamie Orman - QB","#42 James Luna - RB",,,"#24 Shorty Long - RB","#87 Charles Thompson - TE",,"#80 Perry Nelson - WR",,"#88 Dylan Fryer - WR",,,"#67 Gerald Stafford - RG","#67 Earnest Haase - C","#55 Larry Dysart - C","#59 Michael Macias - RG","#71 Rain Smeller - LG",,"#90 Sheldon Cooper - LDE",,"#91 Billy Garcia - DT","#72 Steven Gonzales - DT","#78 Nathan Explosion - RDE","#59 Don Knotts - MLB","#53 Carl Weathers - MLB",,"#35 Anthony Meadows - WLB","#32 Eric Bohannon - CB","#40 Howard Wolowitz - CB",,,,"#24 Chubbs Peterson - FS","#47 Michael    Westen - SS",,,,,,,,,,,,,,,,,,,,,,,,,,,,,,,,,,,,
NYS,2:30,"NYS 8",3,2,13,"Singleback Slot Strong HB Counter","4-3 Normal Man Under 1",1,7,17,"2-13-NYS 8 (2:29) 42-James Luna ran to NYS 9 for 1 yards. Tackle by 56-Paul Ford.","#4 Jamie Orman - QB","#42 James Luna - RB",,,,"#87 Charles Thompson - TE",,"#88 Dylan Fryer - WR","#84 Charles Conlon - WR","#80 Perry Nelson - WR",,,"#77 Gerald Allen - RT","#67 Earnest Haase - C","#55 Larry Dysart - C","#59 Michael Macias - RG","#71 Rain Smeller - LG",,"#90 Sheldon Cooper - LDE",,"#91 Billy Garcia - DT","#72 Steven Gonzales - DT","#78 Nathan Explosion - RDE","#59 Don Knotts - MLB","#56 Paul Ford - MLB",,"#35 Anthony Meadows - WLB","#25 Jax Teller  - CB","#32 Eric Bohannon - CB",,,,"#46 Harold Blankenship - SS","#47 Michael    Westen - SS",,,,,,,,,,,,,,,,,,,,,,,,,,,,,,,,,,,,
NYS,1:57,"NYS 9",3,3,12,"Singleback Normal Quick Slant","Dime Flat Man Cover 1",,7,17,"3-12-NYS 9 (1:56) PENALTY - False Start (NYS 87-Charles Thompson)","#4 Jamie Orman - QB","#86 John Gehlert - WR",,,,"#87 Charles Thompson - TE",,"#80 Perry Nelson - WR","#84 Charles Conlon - WR","#88 Dylan Fryer - WR",,,"#77 Gerald Allen - RT","#67 Earnest Haase - C","#55 Larry Dysart - C","#59 Michael Macias - RG","#71 Rain Smeller - LG",,"#90 Sheldon Cooper - LDE",,"#91 Billy Garcia - DT","#72 Steven Gonzales - DT","#78 Nathan Explosion - RDE",,"#56 Paul Ford - MLB",,,"#25 Jax Teller  - CB","#32 Eric Bohannon - CB","#29 Roger Rondeau - FS","#40 Howard Wolowitz - CB",,"#46 Harold Blankenship - SS","#47 Michael    Westen - SS",,,,,,,,,,,,,,,,,,,,,,,,,,,,,,,,,,,,
NYS,1:55,"NYS 4",3,3,17,"Weak I Normal Skinny Posts","Nickel Normal Double WR2",10,7,17,"3-17-NYS 4 (1:56) 4-Jamie Orman pass complete to 18-Israel Yang to NYS 15 for 10 yards. Tackle by 25-Jax Teller .","#4 Jamie Orman - QB","#42 James Luna - RB",,,"#44 Tim Carroll - RB","#87 Charles Thompson - TE",,"#18 Israel Yang - WR",,"#80 Perry Nelson - WR",,,"#77 Gerald Allen - RT","#67 Earnest Haase - C","#55 Larry Dysart - C","#59 Michael Macias - RG","#71 Rain Smeller - LG",,"#90 Sheldon Cooper - LDE",,"#91 Billy Garcia - DT","#72 Steven Gonzales - DT","#78 Nathan Explosion - RDE",,"#56 Paul Ford - MLB",,"#35 Anthony Meadows - WLB","#25 Jax Teller  - CB","#32 Eric Bohannon - CB",,"#40 Howard Wolowitz - CB",,"#46 Harold Blankenship - SS","#47 Michael    Westen - SS",,,,,,,,,,,,,,,,,,,,,,,,,,,,,,,,,,,,
NYS,1:23,"NYS 15",3,4,6,Punt,"Punt Return",59,7,17,"4-6-NYS 15 (1:22) 3-John Volpe punts 59 yards to NJG 26.",,,,,,,,,,,,,,,,,,"#3 John Volpe - P",,,,,,,,,,,,,,,,,,,"#81 Derek Enright - TE",,"#14 Apollo Creed  - WR",,,"#46 Harold Blankenship - SS","#59 Don Knotts - MLB","#25 Jax Teller  - CB",,"#56 Paul Ford - MLB","#50 Russell Dunbar - WLB",,"#35 Anthony Meadows - WLB",,,,"#22 Darrell Stevenson - RB","#93 Andy Hurl - MLB","#55 Larry Dysart - C","#77 Gerald Allen - RT","#66 John Harmon - LG","#67 Earnest Haase - C",,"#97 James Evangelista - RDE","#90 Sheldon Cooper - LDE","#91 Billy Garcia - DT","#72 Steven Gonzales - DT",,,,,,,
NJG,1:10,"NJG 26",3,1,10,"Weak I Big HB Off Tackle Strong","Goal Line 3 Deep Man",3,7,17,"1-10-NJG 26 (1:11) 26-Vic  Mackey ran to NJG 29 for 3 yards. Tackle by 58-Christian Newhouse. 48-Ricky Bobby totally missed that block.","#7 Sam Axe - QB","#14 Vic  Mackey - WR",,,"#49 Richard Shockey - FB","#48 Ricky Bobby - TE","#85 Thomas Pickett - TE","#14 Apollo Creed  - WR",,,,,"#70 Horatio Caine   - LG","#56 Gregory Espinoza - LG","#58 Earl Hickey - C","#63 Barney Stinson - RG","#71 Gene Stevens - RT",,"#76 Alton Gross - LDE","#65 James Hall - RDE","#79 Albert Whitten - DT","#68 Jose Cuervo - DT","#92 Bull Winkle - RDE","#58 Christian Newhouse - CB","#52 Paul Davis - MLB",,"#91 Lewis  Shirtpantski - WLB","#25 Jack Moyer - CB","#33 Pedro Brooks - CB",,,,"#27 Hugh Snell - CB",,,,,,,,,,,,,,,,,,,,,,,,,,,,,,,,,,,,,
NJG,0:31,"NJG 29",3,2,7,"Weak I Normal HB Inside Strong","46 Normal Weak Blitz",1,7,17,"2-7-NJG 29 (0:30) 38-Calvin Rose ran to NJG 30 for 1 yards. Tackle by 68-Jose Cuervo.","#7 Sam Axe - QB","#38 Calvin Rose - RB",,,"#49 Richard Shockey - FB","#48 Ricky Bobby - TE",,"#14 Apollo Creed  - WR",,"#83 Lloyd Williams - WR",,,"#70 Horatio Caine   - LG","#56 Gregory Espinoza - LG","#58 Earl Hickey - C","#63 Barney Stinson - RG","#71 Gene Stevens - RT",,"#76 Alton Gross - LDE",,"#79 Albert Whitten - DT","#68 Jose Cuervo - DT","#92 Bull Winkle - RDE","#58 Christian Newhouse - CB","#52 Paul Davis - MLB",,"#91 Lewis  Shirtpantski - WLB","#25 Jack Moyer - CB","#33 Pedro Brooks - CB",,,,"#27 Hugh Snell - CB","#34 Antonio Sockshoey - CB",,,,,,,,,,,,,,,,,,,,,,,,,,,,,,,,,,,,
,0:00,,3,3,6,,,,7,17,"End of third quarter.",,,,,,,,,,,,,,,,,,,,,,,,,,,,,,,,,,,,,,,,,,,,,,,,,,,,,,,,,,,,,,,,,,,,,,
NJG,15:00,"NJG 30",4,3,6,"Shotgun 5 Wide FL Hook","Quarter Normal Man Short Zone",2,7,17,"3-6-NJG 30 (15:00) 7-Sam Axe pass complete to 44-Jesse Pinkman to NJG 32 for 2 yards. Tackle by 37-Rocky Rackoon. Nice job by 44-Jesse Pinkman on that route to lose his coverage.","#7 Sam Axe - QB",,,,,,,"#14 Apollo Creed  - WR","#31 Saul Jackson - WR","#83 Lloyd Williams - WR","#27 Alec Hardison - WR","#44 Jesse Pinkman - RB","#70 Horatio Caine   - LG","#56 Gregory Espinoza - LG","#58 Earl Hickey - C","#63 Barney Stinson - RG","#71 Gene Stevens - RT",,"#76 Alton Gross - LDE",,"#79 Albert Whitten - DT",,"#65 James Hall - RDE",,"#52 Paul Davis - MLB",,,"#25 Jack Moyer - CB","#33 Pedro Brooks - CB","#46 Gary Koh - CB","#58 Christian Newhouse - CB","#37 Rocky Rackoon - CB","#27 Hugh Snell - CB","#34 Antonio Sockshoey - CB",,,,,,,,,,,,,,,,,,,,,,,,,,,,,,,,,,,,
NJG,14:16,"NJG 32",4,4,4,Punt,"Punt Return",,7,17,"4-4-NJG 32 (14:15) 1-John Peeler punts 49 yards to NYS 20. Fair Catch by 42-James Luna.",,,,,,,,,,,,,,,,,,"#1 John Peeler - P",,,,,,,,,,,,,,,,,,,"#56 Gregory Espinoza - LG",,"#42 James Luna - RB",,,"#22 Darrell Stevenson - RB","#93 Andy Hurl - MLB","#83 Jose Bock - WR",,"#29 Peter O'Reilly - CB","#44 Tim Carroll - RB",,"#66 John Harmon - LG",,,,"#70 Horatio Caine   - LG","#54 Donny Broderick - RT","#58 Earl Hickey - C","#63 Barney Stinson - RG","#71 Gene Stevens - RT","#67 Mark Slone - LT",,"#75 Jeremy Johnson - LDE","#96 William Sanchez - DT","#77 Gerald Allen - RT","#74 Johnny Jones - DT",,,,,,,
NYS,14:07,"NYS 20",4,1,10,"Empty 4 Wide Spread Corner Post","Dime Normal Man Cover 1",,7,17,"1-10-NYS 20 (14:08) 4-Jamie Orman pass Pass knocked down by 30-Patrick West. incomplete, intended for 18-Israel Yang. Pressure by 91-Billy Garcia.","#4 Jamie Orman - QB",,,,,"#87 Charles Thompson - TE",,"#80 Perry Nelson - WR","#84 Charles Conlon - WR","#88 Dylan Fryer - WR","#18 Israel Yang - WR",,"#67 Gerald Stafford - RG","#67 Earnest Haase - C","#55 Larry Dysart - C","#59 Michael Macias - RG","#71 Rain Smeller - LG",,"#90 Sheldon Cooper - LDE",,"#91 Billy Garcia - DT","#72 Steven Gonzales - DT","#78 Nathan Explosion - RDE",,"#59 Don Knotts - MLB",,,"#32 Eric Bohannon - CB","#40 Howard Wolowitz - CB","#30 Patrick West - CB","#29 Roger Rondeau - FS",,"#24 Chubbs Peterson - FS","#47 Michael    Westen - SS",,,,,,,,,,,,,,,,,,,,,,,,,,,,,,,,,,,,
NYS,14:03,"NYS 20",4,2,10,"I Formation Twin WR Quick Outs","Nickel 3-3-5 Cover 2 Man Under",,7,17,"2-10-NYS 20 (14:04) 4-Jamie Orman pass Pass knocked down by 25-Jax Teller . incomplete, intended for 80-Perry Nelson.","#4 Jamie Orman - QB","#42 James Luna - RB",,,"#44 Tim Carroll - RB","#87 Charles Thompson - TE",,"#80 Perry Nelson - WR",,"#88 Dylan Fryer - WR",,,"#77 Gerald Allen - RT","#67 Earnest Haase - C","#55 Larry Dysart - C","#59 Michael Macias - RG","#71 Rain Smeller - LG",,"#90 Sheldon Cooper - LDE",,"#91 Billy Garcia - DT",,"#78 Nathan Explosion - RDE","#59 Don Knotts - MLB","#56 Paul Ford - MLB",,"#35 Anthony Meadows - WLB","#25 Jax Teller  - CB","#32 Eric Bohannon - CB",,"#40 Howard Wolowitz - CB",,"#46 Harold Blankenship - SS","#47 Michael    Westen - SS",,,,,,,,,,,,,,,,,,,,,,,,,,,,,,,,,,,,
NYS,14:01,"NYS 20",4,3,10,"Singleback Slot Strong Post Curls","Nickel Normal Double WR2",,7,17,"3-10-NYS 20 (14:02) 4-Jamie Orman pass incomplete, dropped by 84-Charles Conlon.","#4 Jamie Orman - QB","#42 James Luna - RB",,,,"#87 Charles Thompson - TE",,"#88 Dylan Fryer - WR","#84 Charles Conlon - WR","#80 Perry Nelson - WR",,,"#77 Gerald Allen - RT","#67 Earnest Haase - C","#55 Larry Dysart - C","#59 Michael Macias - RG","#71 Rain Smeller - LG",,"#90 Sheldon Cooper - LDE",,"#91 Billy Garcia - DT","#72 Steven Gonzales - DT","#78 Nathan Explosion - RDE",,"#56 Paul Ford - MLB",,"#35 Anthony Meadows - WLB","#25 Jax Teller  - CB","#32 Eric Bohannon - CB",,"#40 Howard Wolowitz - CB",,"#46 Harold Blankenship - SS","#47 Michael    Westen - SS",,,,,,,,,,,,,,,,,,,,,,,,,,,,,,,,,,,,
NYS,13:59,"NYS 20",4,4,10,Punt,"Punt Return",,7,17,"4-10-NYS 20 (14:00) 3-John Volpe punts 45 yards to NJG 35. 14-Apollo Creed  to NJG 36 for 0 yards. Tackle by 29-Peter O'Reilly. 25-Jax Teller  was completely beat on that play.",,,,,,,,,,,,,,,,,,"#3 John Volpe - P",,,,,,,,,,,,,,,,,,,"#81 Derek Enright - TE",,"#14 Apollo Creed  - WR",,,"#46 Harold Blankenship - SS","#59 Don Knotts - MLB","#25 Jax Teller  - CB",,"#56 Paul Ford - MLB","#50 Russell Dunbar - WLB",,"#35 Anthony Meadows - WLB",,,,"#22 Darrell Stevenson - RB","#93 Andy Hurl - MLB","#55 Larry Dysart - C","#77 Gerald Allen - RT","#66 John Harmon - LG","#67 Earnest Haase - C",,"#97 James Evangelista - RDE","#90 Sheldon Cooper - LDE","#91 Billy Garcia - DT","#72 Steven Gonzales - DT",,,,,,,
NJG,13:52,"NJG 36",4,1,10,"Weak I Big Off Tackle Weak","Goal Line 3 Deep Man",9,7,17,"1-10-NJG 36 (13:53) 26-Vic  Mackey ran to NJG 45 for 9 yards. Tackle by 92-Bull Winkle.","#7 Sam Axe - QB","#14 Vic  Mackey - WR",,,"#49 Richard Shockey - FB","#48 Ricky Bobby - TE","#85 Thomas Pickett - TE","#14 Apollo Creed  - WR",,,,,"#70 Horatio Caine   - LG","#56 Gregory Espinoza - LG","#58 Earl Hickey - C","#63 Barney Stinson - RG","#71 Gene Stevens - RT",,"#76 Alton Gross - LDE","#65 James Hall - RDE","#79 Albert Whitten - DT","#68 Jose Cuervo - DT","#92 Bull Winkle - RDE","#58 Christian Newhouse - CB","#52 Paul Davis - MLB",,"#91 Lewis  Shirtpantski - WLB","#25 Jack Moyer - CB","#33 Pedro Brooks - CB",,,,"#27 Hugh Snell - CB",,,,,,,,,,,,,,,,,,,,,,,,,,,,,,,,,,,,,
NJG,13:15,"NJG 45",4,2,1,"Split Backs Normal Skinny Post Corner","46 Normal Weak Blitz",,7,17,"2-1-NJG 45 (13:14) 7-Sam Axe pass Pass knocked down by 25-Jack Moyer. incomplete, intended for 83-Lloyd Williams.","#7 Sam Axe - QB","#38 Calvin Rose - RB",,,"#49 Richard Shockey - FB","#48 Ricky Bobby - TE",,"#14 Apollo Creed  - WR",,"#83 Lloyd Williams - WR",,,"#70 Horatio Caine   - LG","#56 Gregory Espinoza - LG","#58 Earl Hickey - C","#63 Barney Stinson - RG","#71 Gene Stevens - RT",,"#76 Alton Gross - LDE",,"#79 Albert Whitten - DT","#68 Jose Cuervo - DT","#92 Bull Winkle - RDE","#58 Christian Newhouse - CB","#52 Paul Davis - MLB",,"#91 Lewis  Shirtpantski - WLB","#29 Peter O'Reilly - CB","#25 Jack Moyer - CB",,,,"#27 Hugh Snell - CB","#34 Antonio Sockshoey - CB",,,,,,,,,,,,,,,,,,,,,,,,,,,,,,,,,,,,
NJG,13:10,"NJG 45",4,3,1,"Shotgun Normal HB Flare","4-3 Normal Double WR3",,7,17,"3-1-NJG 45 (13:11) PENALTY - False Start (NJG 7-Sam Axe)","#7 Sam Axe - QB","#38 Calvin Rose - RB",,,,"#48 Ricky Bobby - TE",,"#14 Apollo Creed  - WR","#31 Saul Jackson - WR","#83 Lloyd Williams - WR",,,"#70 Horatio Caine   - LG","#56 Gregory Espinoza - LG","#58 Earl Hickey - C","#63 Barney Stinson - RG","#71 Gene Stevens - RT",,"#76 Alton Gross - LDE",,"#79 Albert Whitten - DT","#68 Jose Cuervo - DT","#92 Bull Winkle - RDE","#58 Christian Newhouse - CB","#52 Paul Davis - MLB",,"#91 Lewis  Shirtpantski - WLB","#29 Peter O'Reilly - CB","#25 Jack Moyer - CB",,,,"#27 Hugh Snell - CB","#34 Antonio Sockshoey - CB",,,,,,,,,,,,,,,,,,,,,,,,,,,,,,,,,,,,
NJG,13:10,"NJG 40",4,3,6,"Singleback Slot Strong HB Checkdown","Nickel 3-3-5 Cover 2 Man Under",,7,17,"3-6-NJG 40 (13:11) 7-Sam Axe pass Pass knocked down by 29-Peter O'Reilly. incomplete, intended for 38-Calvin Rose.","#7 Sam Axe - QB","#38 Calvin Rose - RB",,,,"#48 Ricky Bobby - TE",,"#14 Apollo Creed  - WR","#31 Saul Jackson - WR","#83 Lloyd Williams - WR",,,"#70 Horatio Caine   - LG","#56 Gregory Espinoza - LG","#58 Earl Hickey - C","#63 Barney Stinson - RG","#71 Gene Stevens - RT",,"#76 Alton Gross - LDE",,"#79 Albert Whitten - DT",,"#75 Jeremy Johnson - LDE","#58 Christian Newhouse - CB","#52 Paul Davis - MLB",,"#91 Lewis  Shirtpantski - WLB","#29 Peter O'Reilly - CB","#25 Jack Moyer - CB",,"#33 Pedro Brooks - CB",,"#27 Hugh Snell - CB","#34 Antonio Sockshoey - CB",,,,,,,,,,,,,,,,,,,,,,,,,,,,,,,,,,,,
NJG,13:06,"NJG 40",4,4,6,Punt,"Punt Return",53,7,17,"4-6-NJG 40 (13:07) 1-John Peeler punts 53 yards to NYS 7.",,,,,,,,,,,,,,,,,,"#1 John Peeler - P",,,,,,,,,,,,,,,,,,,"#56 Gregory Espinoza - LG",,"#42 James Luna - RB",,,"#22 Darrell Stevenson - RB","#21 Richard Moore - CB","#83 Jose Bock - WR",,"#93 Andy Hurl - MLB","#44 Tim Carroll - RB",,"#66 John Harmon - LG",,,,"#70 Horatio Caine   - LG","#54 Donny Broderick - RT","#58 Earl Hickey - C","#63 Barney Stinson - RG","#71 Gene Stevens - RT","#67 Mark Slone - LT",,"#75 Jeremy Johnson - LDE","#96 William Sanchez - DT","#77 Gerald Allen - RT","#74 Johnny Jones - DT",,,,,,,
NYS,12:56,"NYS 7",4,1,10,"I Formation Normal Max Protect","4-3 Normal Double WR2",8,7,17,"1-10-NYS 7 (12:57) 4-Jamie Orman pass complete to 86-John Gehlert to NYS 15 for 8 yards. Tackle by 24-Chubbs Peterson.","#4 Jamie Orman - QB","#86 John Gehlert - WR",,,"#24 Shorty Long - RB","#87 Charles Thompson - TE",,"#80 Perry Nelson - WR",,"#88 Dylan Fryer - WR",,,"#67 Gerald Stafford - RG","#67 Earnest Haase - C","#55 Larry Dysart - C","#59 Michael Macias - RG","#71 Rain Smeller - LG",,"#90 Sheldon Cooper - LDE",,"#91 Billy Garcia - DT","#72 Steven Gonzales - DT","#78 Nathan Explosion - RDE","#59 Don Knotts - MLB","#53 Carl Weathers - MLB",,"#35 Anthony Meadows - WLB","#32 Eric Bohannon - CB","#40 Howard Wolowitz - CB",,,,"#24 Chubbs Peterson - FS","#47 Michael    Westen - SS",,,,,,,,,,,,,,,,,,,,,,,,,,,,,,,,,,,,
NYS,12:17,"NYS 15",4,2,2,"I Formation 3WR WR Out","Nickel Normal Double WR3",5,7,17,"2-2-NYS 15 (12:16) 4-Jamie Orman pass complete to 80-Perry Nelson to NYS 19 for 5 yards. Tackle by 40-Howard Wolowitz.","#4 Jamie Orman - QB","#42 James Luna - RB",,,"#24 Shorty Long - RB",,,"#84 Charles Conlon - WR","#88 Dylan Fryer - WR","#80 Perry Nelson - WR",,,"#67 Gerald Stafford - RG","#67 Earnest Haase - C","#55 Larry Dysart - C","#59 Michael Macias - RG","#71 Rain Smeller - LG",,"#90 Sheldon Cooper - LDE",,"#91 Billy Garcia - DT","#72 Steven Gonzales - DT","#78 Nathan Explosion - RDE",,"#56 Paul Ford - MLB",,"#35 Anthony Meadows - WLB","#32 Eric Bohannon - CB","#40 Howard Wolowitz - CB",,"#29 Roger Rondeau - FS",,"#24 Chubbs Peterson - FS","#47 Michael    Westen - SS",,,,,,,,,,,,,,,,,,,,,,,,,,,,,,,,,,,,
NYS,11:35,"NYS 19",4,1,10,"I Formation Power PA Flats","Nickel Normal Double WR1",,7,17,"1-10-NYS 19 (11:34) 4-Jamie Orman pass incomplete, intended for 80-Perry Nelson. Pressure by 78-Nathan Explosion.","#4 Jamie Orman - QB","#42 James Luna - RB",,"#44 Tim Carroll - RB","#24 Shorty Long - RB","#80 Perry Nelson - WR",,"#84 Charles Conlon - WR",,,,,"#77 Gerald Allen - RT","#67 Earnest Haase - C","#55 Larry Dysart - C","#59 Michael Macias - RG","#71 Rain Smeller - LG",,"#90 Sheldon Cooper - LDE",,"#91 Billy Garcia - DT","#72 Steven Gonzales - DT","#78 Nathan Explosion - RDE",,"#59 Don Knotts - MLB",,"#35 Anthony Meadows - WLB","#32 Eric Bohannon - CB","#40 Howard Wolowitz - CB",,"#29 Roger Rondeau - FS",,"#24 Chubbs Peterson - FS","#47 Michael    Westen - SS",,,,,,,,,,,,,,,,,,,,,,,,,,,,,,,,,,,,
NYS,11:30,"NYS 19",4,2,10,"Singleback Slot Strong Post Curls","Nickel Normal Double WR3",8,7,17,"2-10-NYS 19 (11:31) 4-Jamie Orman pass complete to 18-Israel Yang to NYS 28 for 8 yards. Tackle by 40-Howard Wolowitz. Great move by 18-Israel Yang to get free of his coverage. PENALTY - Facemask (NJG 40-Howard Wolowitz) (Declined) PENALTY - Pass Interference (NJG 56-Paul Ford)","#4 Jamie Orman - QB","#42 James Luna - RB",,,,"#87 Charles Thompson - TE",,"#88 Dylan Fryer - WR","#18 Israel Yang - WR","#84 Charles Conlon - WR",,,"#77 Gerald Allen - RT","#67 Earnest Haase - C","#55 Larry Dysart - C","#59 Michael Macias - RG","#71 Rain Smeller - LG",,"#90 Sheldon Cooper - LDE",,"#91 Billy Garcia - DT","#72 Steven Gonzales - DT","#78 Nathan Explosion - RDE",,"#56 Paul Ford - MLB",,"#35 Anthony Meadows - WLB","#25 Jax Teller  - CB","#32 Eric Bohannon - CB",,"#40 Howard Wolowitz - CB",,"#46 Harold Blankenship - SS","#47 Michael    Westen - SS",,,,,,,,,,,,,,,,,,,,,,,,,,,,,,,,,,,,
NYS,11:27,"NYS 26",4,1,10,"I Formation Twin WR Hard Slants","4-3 Normal Double WR1",49,7,17,"1-10-NYS 26 (11:28) 4-Jamie Orman pass complete to 88-Dylan Fryer to NJG 25 for 49 yards. Tackle by 32-Eric Bohannon.","#4 Jamie Orman - QB","#42 James Luna - RB",,,"#44 Tim Carroll - RB","#87 Charles Thompson - TE",,"#80 Perry Nelson - WR",,"#88 Dylan Fryer - WR",,,"#77 Gerald Allen - RT","#67 Earnest Haase - C","#55 Larry Dysart - C","#59 Michael Macias - RG","#71 Rain Smeller - LG",,"#90 Sheldon Cooper - LDE",,"#91 Billy Garcia - DT","#72 Steven Gonzales - DT","#78 Nathan Explosion - RDE","#59 Don Knotts - MLB","#56 Paul Ford - MLB",,"#35 Anthony Meadows - WLB","#25 Jax Teller  - CB","#32 Eric Bohannon - CB",,,,"#46 Harold Blankenship - SS","#24 Chubbs Peterson - FS",,,,,,,,,,,,,,,,,,,,,,,,,,,,,,,,,,,,
NYS,10:51,"NJG 25",4,1,10,"I Formation Normal PA Fullback Flat","Nickel Normal Double WR1",3,7,17,"1-10-NJG 25 (10:50) 4-Jamie Orman pass complete to 24-Shorty Long to NJG 22 for 3 yards. Tackle by 40-Howard Wolowitz. NYS 55-Larry Dysart was injured on the play.","#4 Jamie Orman - QB","#86 John Gehlert - WR",,,"#24 Shorty Long - RB","#22 Darrell Stevenson - RB",,"#84 Charles Conlon - WR",,"#18 Israel Yang - WR",,,"#66 John Harmon - LG","#67 Earnest Haase - C","#55 Larry Dysart - C","#59 Michael Macias - RG","#77 Gerald Allen - RT",,"#90 Sheldon Cooper - LDE",,"#91 Billy Garcia - DT","#72 Steven Gonzales - DT","#78 Nathan Explosion - RDE",,"#59 Don Knotts - MLB",,"#35 Anthony Meadows - WLB","#40 Howard Wolowitz - CB","#29 Roger Rondeau - FS",,"#30 Patrick West - CB",,"#41 Cedric Lane - FS","#47 Michael    Westen - SS",,,,,,,,,,,,,,,,,,,,,,,,,,,,,,,,,,,,
NYS,10:09,"NJG 22",4,2,7,"I Formation 3WR HB Inside Strong","Nickel Normal Double WR3",7,7,17,"2-7-NJG 22 (10:08) 86-John Gehlert ran to NJG 16 for 7 yards. Tackle by 30-Patrick West. PENALTY - Offsides (NJG 78-Nathan Explosion)","#4 Jamie Orman - QB","#86 John Gehlert - WR",,,"#22 Darrell Stevenson - RB",,,"#84 Charles Conlon - WR","#18 Israel Yang - WR","#80 Perry Nelson - WR",,,"#66 John Harmon - LG","#67 Earnest Haase - C","#71 Rain Smeller - LG","#59 Michael Macias - RG","#77 Gerald Allen - RT",,"#97 James Evangelista - RDE",,"#91 Billy Garcia - DT","#72 Steven Gonzales - DT","#78 Nathan Explosion - RDE",,"#59 Don Knotts - MLB",,"#50 Russell Dunbar - WLB","#40 Howard Wolowitz - CB","#29 Roger Rondeau - FS",,"#30 Patrick West - CB",,"#24 Chubbs Peterson - FS","#47 Michael    Westen - SS",,,,,,,,,,,,,,,,,,,,,,,,,,,,,,,,,,,,
NYS,10:04,"NJG 17",4,2,2,"I Formation Power PA Flats","Dime Normal Double WR3",,7,17,"2-2-NJG 17 (10:05) 4-Jamie Orman pass Pass knocked down by 29-Roger Rondeau. incomplete, intended for 80-Perry Nelson. PENALTY - Holding (NYS 77-Gerald Allen)","#4 Jamie Orman - QB","#42 James Luna - RB",,"#22 Darrell Stevenson - RB","#44 Tim Carroll - RB","#80 Perry Nelson - WR",,"#84 Charles Conlon - WR",,,,,"#77 Gerald Allen - RT","#67 Earnest Haase - C","#66 John Harmon - LG","#59 Michael Macias - RG","#71 Rain Smeller - LG",,"#90 Sheldon Cooper - LDE",,"#91 Billy Garcia - DT","#72 Steven Gonzales - DT","#78 Nathan Explosion - RDE",,"#56 Paul Ford - MLB",,,"#25 Jax Teller  - CB","#32 Eric Bohannon - CB","#29 Roger Rondeau - FS","#40 Howard Wolowitz - CB",,"#24 Chubbs Peterson - FS","#47 Michael    Westen - SS",,,,,,,,,,,,,,,,,,,,,,,,,,,,,,,,,,,,
NYS,10:01,"NJG 27",4,2,12,"Shotgun 5 Wide Parallel Slants","Dime Normal 2 Deep Man Under",3,7,17,"2-12-NJG 27 (10:02) 4-Jamie Orman pass complete to 84-Charles Conlon to NJG 25 for 3 yards. Tackle by 59-Don Knotts.","#4 Jamie Orman - QB",,,,,,,"#18 Israel Yang - WR","#86 John Gehlert - WR","#83 Jose Bock - WR","#19 Sleepy Sandmann - WR","#84 Charles Conlon - WR","#77 Gerald Allen - RT","#67 Earnest Haase - C","#71 Rain Smeller - LG","#59 Michael Macias - RG","#66 John Harmon - LG",,"#90 Sheldon Cooper - LDE",,"#91 Billy Garcia - DT","#72 Steven Gonzales - DT","#78 Nathan Explosion - RDE",,"#59 Don Knotts - MLB",,,"#40 Howard Wolowitz - CB","#29 Roger Rondeau - FS","#24 Chubbs Peterson - FS","#30 Patrick West - CB",,"#46 Harold Blankenship - SS","#47 Michael    Westen - SS",,,,,,,,,,,,,,,,,,,,,,,,,,,,,,,,,,,,
NYS,9:20,"NJG 25",4,3,9,"I Formation 3WR HB Inside Weak","Nickel Normal Double WR3",25,13,17,"3-9-NJG 25 (9:19) 42-James Luna ran for 25 yards. TOUCHDOWN! NYS 13 NJG 17","#4 Jamie Orman - QB","#42 James Luna - RB",,,"#44 Tim Carroll - RB",,,"#80 Perry Nelson - WR","#83 Jose Bock - WR","#18 Israel Yang - WR",,,"#77 Gerald Allen - RT","#67 Earnest Haase - C","#71 Rain Smeller - LG","#59 Michael Macias - RG","#66 John Harmon - LG",,"#90 Sheldon Cooper - LDE",,"#91 Billy Garcia - DT","#72 Steven Gonzales - DT","#78 Nathan Explosion - RDE",,"#56 Paul Ford - MLB",,"#35 Anthony Meadows - WLB","#25 Jax Teller  - CB","#32 Eric Bohannon - CB",,"#40 Howard Wolowitz - CB",,"#46 Harold Blankenship - SS","#41 Cedric Lane - FS",,,,,,,,,,,,,,,,,,,,,,,,,,,,,,,,,,,,
NYS,9:13,"NJG 15",4,7,15,"Field Goal","FG Block",26,14,17,"(9:14) Extra point GOOD by 5-Kenneth Williams. NYS 14 NJG 17",,,,,,,,,,,,,,,,,,,,,,,,,,,,,,,,,,,,"#8 Charles Marshal - QB","#81 Derek Enright - TE",,,,,,,,,,,,,,"#5 Kenneth Williams - K","#50 Frank Baker - MLB","#22 Darrell Stevenson - RB","#77 Gerald Allen - RT","#67 Earnest Haase - C","#66 John Harmon - LG","#55 Larry Dysart - C","#44 Tim Carroll - RB","#93 Andy Hurl - MLB","#97 James Evangelista - RDE","#90 Sheldon Cooper - LDE","#91 Billy Garcia - DT","#72 Steven Gonzales - DT","#50 Russell Dunbar - WLB","#59 Don Knotts - MLB","#35 Anthony Meadows - WLB","#78 Nathan Explosion - RDE","#94 Aron Vermillion - RDE","#79 Mark So - DT","#56 Paul Ford - MLB"
NYS,9:13,"NYS 35",4,6,10,Kickoff,"Kick Return",,14,17,"(9:14) 5-Kenneth Williams kicks 75 yards from NYS 35 to NJG -10. Touchback.",,,,,,,,,,,,,,,,,,,,,,,,,,,,,,,,,,,,,,"#14 Apollo Creed  - WR",,"#41 Cedric Lane - FS","#32 Eric Bohannon - CB","#56 Paul Ford - MLB","#47 Michael    Westen - SS","#25 Jax Teller  - CB","#30 Patrick West - CB","#50 Russell Dunbar - WLB","#35 Anthony Meadows - WLB","#53 Carl Weathers - MLB","#59 Don Knotts - MLB","#5 Kenneth Williams - K",,,,,,,,,,,,,,,,,,,,
NJG,9:13,"NJG 25",4,1,10,"I Formation Normal HB Blast","46 Normal Weak Blitz",-2,14,17,"1-10-NJG 25 (9:14) 26-Vic  Mackey ran to NJG 23 for -2 yards. Tackle by 91-Lewis  Shirtpantski.","#7 Sam Axe - QB","#14 Vic  Mackey - WR",,,"#49 Richard Shockey - FB","#48 Ricky Bobby - TE",,"#14 Apollo Creed  - WR",,"#83 Lloyd Williams - WR",,,"#70 Horatio Caine   - LG","#56 Gregory Espinoza - LG","#58 Earl Hickey - C","#63 Barney Stinson - RG","#71 Gene Stevens - RT",,"#76 Alton Gross - LDE",,"#79 Albert Whitten - DT","#68 Jose Cuervo - DT","#92 Bull Winkle - RDE","#58 Christian Newhouse - CB","#52 Paul Davis - MLB",,"#91 Lewis  Shirtpantski - WLB","#25 Jack Moyer - CB","#33 Pedro Brooks - CB",,,,"#27 Hugh Snell - CB","#34 Antonio Sockshoey - CB",,,,,,,,,,,,,,,,,,,,,,,,,,,,,,,,,,,,
NJG,8:37,"NJG 23",4,2,12,"I Formation 3WR FL Post","Nickel 3-3-5 Cover 2 Man Under",4,14,17,"2-12-NJG 23 (8:36) 7-Sam Axe pass complete to 38-Calvin Rose to NJG 27 for 4 yards. Tackle by 29-Peter O'Reilly.","#7 Sam Axe - QB","#38 Calvin Rose - RB",,,"#49 Richard Shockey - FB",,,"#14 Apollo Creed  - WR","#31 Saul Jackson - WR","#83 Lloyd Williams - WR",,,"#70 Horatio Caine   - LG","#56 Gregory Espinoza - LG","#58 Earl Hickey - C","#63 Barney Stinson - RG","#71 Gene Stevens - RT",,"#76 Alton Gross - LDE",,"#79 Albert Whitten - DT",,"#75 Jeremy Johnson - LDE","#58 Christian Newhouse - CB","#52 Paul Davis - MLB",,"#91 Lewis  Shirtpantski - WLB","#29 Peter O'Reilly - CB","#25 Jack Moyer - CB",,"#33 Pedro Brooks - CB",,"#27 Hugh Snell - CB","#34 Antonio Sockshoey - CB",,,,,,,,,,,,,,,,,,,,,,,,,,,,,,,,,,,,
NJG,7:55,"NJG 27",4,3,8,"Weak I Normal WR Corner TE Middle","4-3 Normal Double WR3",4,14,17,"3-8-NJG 27 (7:54) 7-Sam Axe pass complete to 26-Vic  Mackey to NJG 31 for 4 yards. Tackle by 27-Hugh Snell. 26-Vic  Mackey did some fancy footwork there.","#7 Sam Axe - QB","#14 Vic  Mackey - WR",,,"#49 Richard Shockey - FB","#48 Ricky Bobby - TE",,"#14 Apollo Creed  - WR",,"#83 Lloyd Williams - WR",,,"#70 Horatio Caine   - LG","#56 Gregory Espinoza - LG","#58 Earl Hickey - C","#63 Barney Stinson - RG","#71 Gene Stevens - RT",,"#76 Alton Gross - LDE",,"#79 Albert Whitten - DT","#68 Jose Cuervo - DT","#92 Bull Winkle - RDE","#58 Christian Newhouse - CB","#52 Paul Davis - MLB",,"#91 Lewis  Shirtpantski - WLB","#25 Jack Moyer - CB","#33 Pedro Brooks - CB",,,,"#27 Hugh Snell - CB","#34 Antonio Sockshoey - CB",,,,,,,,,,,,,,,,,,,,,,,,,,,,,,,,,,,,
NJG,7:15,"NJG 31",4,4,4,Punt,"Punt Return",35,14,17,"4-4-NJG 31 (7:14) 1-John Peeler punts 35 yards to NYS 35.",,,,,,,,,,,,,,,,,,"#1 John Peeler - P",,,,,,,,,,,,,,,,,,,"#56 Gregory Espinoza - LG",,"#42 James Luna - RB",,,"#22 Darrell Stevenson - RB","#93 Andy Hurl - MLB","#83 Jose Bock - WR",,"#29 Peter O'Reilly - CB","#44 Tim Carroll - RB",,"#66 John Harmon - LG",,,,"#70 Horatio Caine   - LG","#54 Donny Broderick - RT","#58 Earl Hickey - C","#63 Barney Stinson - RG","#71 Gene Stevens - RT","#67 Mark Slone - LT",,"#75 Jeremy Johnson - LDE","#96 William Sanchez - DT","#77 Gerald Allen - RT","#74 Johnny Jones - DT",,,,,,,
NYS,7:04,"NYS 35",4,1,10,"Strong I Normal HB Off Tackle Strong","Nickel Normal Shallow Zone Deep",15,14,17,"1-10-NYS 35 (7:05) 86-John Gehlert ran to NYS 49 for 15 yards. Tackle by 24-Chubbs Peterson.","#4 Jamie Orman - QB","#86 John Gehlert - WR",,,"#24 Shorty Long - RB","#87 Charles Thompson - TE",,"#84 Charles Conlon - WR",,"#80 Perry Nelson - WR",,,"#67 Gerald Stafford - RG","#67 Earnest Haase - C","#55 Larry Dysart - C","#59 Michael Macias - RG","#71 Rain Smeller - LG",,"#90 Sheldon Cooper - LDE",,"#91 Billy Garcia - DT","#72 Steven Gonzales - DT","#78 Nathan Explosion - RDE",,"#59 Don Knotts - MLB",,"#35 Anthony Meadows - WLB","#32 Eric Bohannon - CB","#40 Howard Wolowitz - CB",,"#29 Roger Rondeau - FS",,"#24 Chubbs Peterson - FS","#47 Michael    Westen - SS",,,,,,,,,,,,,,,,,,,,,,,,,,,,,,,,,,,,
NYS,6:26,"NYS 49",4,1,10,"I Formation Twin WR Quick Outs","4-3 Normal Man Under 1",5,14,17,"1-10-NYS 49 (6:25) 4-Jamie Orman pass complete to 87-Charles Thompson to NJG 46 for 5 yards. Tackle by 47-Michael    Westen.","#4 Jamie Orman - QB","#42 James Luna - RB",,,"#24 Shorty Long - RB","#87 Charles Thompson - TE",,"#80 Perry Nelson - WR",,"#88 Dylan Fryer - WR",,,"#77 Gerald Allen - RT","#67 Earnest Haase - C","#55 Larry Dysart - C","#59 Michael Macias - RG","#71 Rain Smeller - LG",,"#90 Sheldon Cooper - LDE",,"#91 Billy Garcia - DT","#72 Steven Gonzales - DT","#78 Nathan Explosion - RDE","#59 Don Knotts - MLB","#53 Carl Weathers - MLB",,"#35 Anthony Meadows - WLB","#32 Eric Bohannon - CB","#40 Howard Wolowitz - CB",,,,"#24 Chubbs Peterson - FS","#47 Michael    Westen - SS",,,,,,,,,,,,,,,,,,,,,,,,,,,,,,,,,,,,
,6:23,,4,2,5,,,,14,17,"Timeout NYS",,,,,,,,,,,,,,,,,,,,,,,,,,,,,,,,,,,,,,,,,,,,,,,,,,,,,,,,,,,,,,,,,,,,,,
NYS,5:51,"NJG 46",4,2,5,"Weak I Normal WR Corner TE Middle","4-3 Normal Double WR2",,14,17,"2-5-NJG 46 (5:52) 4-Jamie Orman pass Pass knocked down by 35-Anthony Meadows. incomplete, intended for 87-Charles Thompson. NJG 59-Don Knotts was injured on the play. PENALTY - Pass Interference (NJG 46-Harold Blankenship)","#4 Jamie Orman - QB","#42 James Luna - RB",,,"#44 Tim Carroll - RB","#87 Charles Thompson - TE",,"#18 Israel Yang - WR",,"#88 Dylan Fryer - WR",,,"#77 Gerald Allen - RT","#67 Earnest Haase - C","#55 Larry Dysart - C","#59 Michael Macias - RG","#71 Rain Smeller - LG",,"#90 Sheldon Cooper - LDE",,"#91 Billy Garcia - DT","#72 Steven Gonzales - DT","#78 Nathan Explosion - RDE","#59 Don Knotts - MLB","#56 Paul Ford - MLB",,"#35 Anthony Meadows - WLB","#32 Eric Bohannon - CB","#40 Howard Wolowitz - CB",,,,"#46 Harold Blankenship - SS","#47 Michael    Westen - SS",,,,,,,,,,,,,,,,,,,,,,,,,,,,,,,,,,,,
NYS,5:47,"NJG 38",4,1,10,"Strong I Normal HB Off Tackle Strong","4-3 Normal Double WR1",-0,14,17,"1-10-NJG 38 (5:48) 42-James Luna ran to NJG 38 for a short loss. Tackle by 90-Sheldon Cooper.","#4 Jamie Orman - QB","#42 James Luna - RB",,,"#44 Tim Carroll - RB","#87 Charles Thompson - TE",,"#84 Charles Conlon - WR",,"#80 Perry Nelson - WR",,,"#77 Gerald Allen - RT","#67 Earnest Haase - C","#55 Larry Dysart - C","#59 Michael Macias - RG","#71 Rain Smeller - LG",,"#90 Sheldon Cooper - LDE",,"#91 Billy Garcia - DT","#72 Steven Gonzales - DT","#78 Nathan Explosion - RDE","#50 Russell Dunbar - WLB","#56 Paul Ford - MLB",,"#35 Anthony Meadows - WLB","#25 Jax Teller  - CB","#32 Eric Bohannon - CB",,,,"#46 Harold Blankenship - SS","#47 Michael    Westen - SS",,,,,,,,,,,,,,,,,,,,,,,,,,,,,,,,,,,,
NYS,5:13,"NJG 38",4,2,10,"I Formation Power HB Dive Weak","Dime Normal Double WR1",2,14,17,"2-10-NJG 38 (5:12) 42-James Luna ran to NJG 36 for 2 yards. Tackle by 72-Steven Gonzales.","#4 Jamie Orman - QB","#42 James Luna - RB",,"#22 Darrell Stevenson - RB","#44 Tim Carroll - RB","#80 Perry Nelson - WR",,"#84 Charles Conlon - WR",,,,,"#77 Gerald Allen - RT","#67 Earnest Haase - C","#55 Larry Dysart - C","#59 Michael Macias - RG","#71 Rain Smeller - LG",,"#90 Sheldon Cooper - LDE",,"#91 Billy Garcia - DT","#72 Steven Gonzales - DT","#78 Nathan Explosion - RDE",,"#56 Paul Ford - MLB",,,"#25 Jax Teller  - CB","#32 Eric Bohannon - CB","#29 Roger Rondeau - FS","#40 Howard Wolowitz - CB",,"#46 Harold Blankenship - SS","#47 Michael    Westen - SS",,,,,,,,,,,,,,,,,,,,,,,,,,,,,,,,,,,,
NYS,4:30,"NJG 36",4,3,8,"I Formation 3WR FL Post","Nickel Normal Double WR3",-0,14,17,"3-8-NJG 36 (4:29) 4-Jamie Orman pass complete to 42-James Luna to NJG 36 for a short loss. Tackle by 56-Paul Ford.","#4 Jamie Orman - QB","#42 James Luna - RB",,,"#44 Tim Carroll - RB",,,"#84 Charles Conlon - WR","#88 Dylan Fryer - WR","#80 Perry Nelson - WR",,,"#77 Gerald Allen - RT","#67 Earnest Haase - C","#55 Larry Dysart - C","#59 Michael Macias - RG","#71 Rain Smeller - LG",,"#90 Sheldon Cooper - LDE",,"#91 Billy Garcia - DT","#72 Steven Gonzales - DT","#78 Nathan Explosion - RDE",,"#56 Paul Ford - MLB",,"#35 Anthony Meadows - WLB","#25 Jax Teller  - CB","#32 Eric Bohannon - CB",,"#40 Howard Wolowitz - CB",,"#46 Harold Blankenship - SS","#47 Michael    Westen - SS",,,,,,,,,,,,,,,,,,,,,,,,,,,,,,,,,,,,
NYS,3:49,"NJG 36",4,4,8,"Field Goal","FG Block",46,17,17,"4-8-NJG 36 (3:48) 5-Kenneth Williams 53 yard field goal is GOOD. NYS 17 NJG 17",,,,,,,,,,,,,,,,,,,,,,,,,,,,,,,,,,,,"#8 Charles Marshal - QB","#81 Derek Enright - TE",,,,,,,,,,,,,,"#5 Kenneth Williams - K","#50 Frank Baker - MLB","#22 Darrell Stevenson - RB","#77 Gerald Allen - RT","#67 Earnest Haase - C","#66 John Harmon - LG","#55 Larry Dysart - C","#44 Tim Carroll - RB","#93 Andy Hurl - MLB","#97 James Evangelista - RDE","#90 Sheldon Cooper - LDE","#91 Billy Garcia - DT","#72 Steven Gonzales - DT","#94 Shannon Chan - SLB","#50 Russell Dunbar - WLB","#35 Anthony Meadows - WLB","#78 Nathan Explosion - RDE","#94 Aron Vermillion - RDE","#79 Mark So - DT","#56 Paul Ford - MLB"
NYS,3:43,"NYS 35",4,6,10,Kickoff,"Kick Return",,17,17,"(3:44) 5-Kenneth Williams kicks 74 yards from NYS 35 to NJG -9. Touchback.",,,,,,,,,,,,,,,,,,,,,,,,,,,,,,,,,,,,,,"#14 Apollo Creed  - WR",,"#41 Cedric Lane - FS","#32 Eric Bohannon - CB","#46 Harold Blankenship - SS","#47 Michael    Westen - SS","#25 Jax Teller  - CB","#30 Patrick West - CB","#56 Paul Ford - MLB","#50 Russell Dunbar - WLB","#53 Carl Weathers - MLB","#35 Anthony Meadows - WLB","#5 Kenneth Williams - K",,,,,,,,,,,,,,,,,,,,
NJG,3:43,"NJG 25",4,1,10,"Weak I Normal HB Inside Strong","4-3 Normal Double WR3",,17,17,"1-10-NJG 25 (3:44) 26-Vic  Mackey ran to NJG 28 for 3 yards. 26-Vic  Mackey FUMBLES (79-Albert Whitten) recovered by NYS-27-Hugh Snell at NJG 28. Tackle by 63-Barney Stinson.","#7 Sam Axe - QB","#14 Vic  Mackey - WR",,,"#49 Richard Shockey - FB","#48 Ricky Bobby - TE",,"#14 Apollo Creed  - WR",,"#83 Lloyd Williams - WR",,,"#70 Horatio Caine   - LG","#56 Gregory Espinoza - LG","#58 Earl Hickey - C","#63 Barney Stinson - RG","#71 Gene Stevens - RT",,"#76 Alton Gross - LDE",,"#79 Albert Whitten - DT","#68 Jose Cuervo - DT","#92 Bull Winkle - RDE","#58 Christian Newhouse - CB","#52 Paul Davis - MLB",,"#91 Lewis  Shirtpantski - WLB","#25 Jack Moyer - CB","#33 Pedro Brooks - CB",,,,"#27 Hugh Snell - CB","#34 Antonio Sockshoey - CB",,,,,,,,,,,,,,,,,,,,,,,,,,,,,,,,,,,,
NYS,3:40,"NJG 28",4,1,10,"I Formation Normal PA Outside Curls","4-3 Normal Double WR2",,17,17,"1-10-NJG 28 (3:41) 4-Jamie Orman pass Pass knocked down by 25-Jax Teller . incomplete, intended for 80-Perry Nelson.","#4 Jamie Orman - QB","#42 James Luna - RB",,,"#44 Tim Carroll - RB","#22 Darrell Stevenson - RB",,"#80 Perry Nelson - WR",,"#88 Dylan Fryer - WR",,,"#77 Gerald Allen - RT","#67 Earnest Haase - C","#55 Larry Dysart - C","#59 Michael Macias - RG","#71 Rain Smeller - LG",,"#90 Sheldon Cooper - LDE",,"#91 Billy Garcia - DT","#72 Steven Gonzales - DT","#78 Nathan Explosion - RDE","#59 Don Knotts - MLB","#56 Paul Ford - MLB",,"#35 Anthony Meadows - WLB","#25 Jax Teller  - CB","#32 Eric Bohannon - CB",,,,"#46 Harold Blankenship - SS","#47 Michael    Westen - SS",,,,,,,,,,,,,,,,,,,,,,,,,,,,,,,,,,,,
NYS,3:37,"NJG 28",4,2,10,"I Formation Normal PA Fullback Flat","Nickel Normal Double WR2",2,17,17,"2-10-NJG 28 (3:38) 4-Jamie Orman pass complete to 44-Tim Carroll to NJG 26 for 2 yards. Tackle by 35-Anthony Meadows.","#4 Jamie Orman - QB","#86 John Gehlert - WR",,,"#44 Tim Carroll - RB","#22 Darrell Stevenson - RB",,"#80 Perry Nelson - WR",,"#88 Dylan Fryer - WR",,,"#77 Gerald Allen - RT","#67 Earnest Haase - C","#55 Larry Dysart - C","#59 Michael Macias - RG","#71 Rain Smeller - LG",,"#90 Sheldon Cooper - LDE",,"#91 Billy Garcia - DT","#72 Steven Gonzales - DT","#78 Nathan Explosion - RDE",,"#56 Paul Ford - MLB",,"#35 Anthony Meadows - WLB","#25 Jax Teller  - CB","#32 Eric Bohannon - CB",,"#40 Howard Wolowitz - CB",,"#46 Harold Blankenship - SS","#47 Michael    Westen - SS",,,,,,,,,,,,,,,,,,,,,,,,,,,,,,,,,,,,
NYS,2:53,"NJG 26",4,3,8,"Shotgun 5 Wide Parallel Slants","Quarter Normal Man Short Zone",,17,17,"3-8-NJG 26 (2:52) 4-Jamie Orman pass incomplete, intended for 19-Sleepy Sandmann.","#4 Jamie Orman - QB",,,,,,,"#84 Charles Conlon - WR","#83 Jose Bock - WR","#18 Israel Yang - WR","#86 John Gehlert - WR","#19 Sleepy Sandmann - WR","#77 Gerald Allen - RT","#67 Earnest Haase - C","#55 Larry Dysart - C","#59 Michael Macias - RG","#71 Rain Smeller - LG",,"#90 Sheldon Cooper - LDE",,"#91 Billy Garcia - DT",,"#78 Nathan Explosion - RDE",,"#56 Paul Ford - MLB",,,"#25 Jax Teller  - CB","#32 Eric Bohannon - CB","#29 Roger Rondeau - FS","#40 Howard Wolowitz - CB","#30 Patrick West - CB","#46 Harold Blankenship - SS","#47 Michael    Westen - SS",,,,,,,,,,,,,,,,,,,,,,,,,,,,,,,,,,,,
NYS,2:49,"NJG 26",4,4,8,"Field Goal","FG Block",37,20,17,"4-8-NJG 26 (2:50) 5-Kenneth Williams 43 yard field goal is GOOD. NYS 20 NJG 17",,,,,,,,,,,,,,,,,,,,,,,,,,,,,,,,,,,,"#8 Charles Marshal - QB","#81 Derek Enright - TE",,,,,,,,,,,,,,"#5 Kenneth Williams - K","#50 Frank Baker - MLB","#22 Darrell Stevenson - RB","#77 Gerald Allen - RT","#67 Earnest Haase - C","#66 John Harmon - LG","#55 Larry Dysart - C","#44 Tim Carroll - RB","#93 Andy Hurl - MLB","#97 James Evangelista - RDE","#90 Sheldon Cooper - LDE","#91 Billy Garcia - DT","#72 Steven Gonzales - DT","#50 Russell Dunbar - WLB","#59 Don Knotts - MLB","#35 Anthony Meadows - WLB","#78 Nathan Explosion - RDE","#94 Aron Vermillion - RDE","#79 Mark So - DT","#56 Paul Ford - MLB"
NYS,2:45,"NYS 35",4,6,10,Kickoff,"Kick Return",,20,17,"(2:46) 5-Kenneth Williams kicks 73 yards from NYS 35 to NJG -8. Touchback.",,,,,,,,,,,,,,,,,,,,,,,,,,,,,,,,,,,,,,"#14 Apollo Creed  - WR",,"#53 Carl Weathers - MLB","#47 Michael    Westen - SS","#46 Harold Blankenship - SS","#59 Don Knotts - MLB","#25 Jax Teller  - CB","#32 Eric Bohannon - CB","#56 Paul Ford - MLB","#50 Russell Dunbar - WLB","#30 Patrick West - CB","#35 Anthony Meadows - WLB","#5 Kenneth Williams - K",,,,,,,,,,,,,,,,,,,,
NJG,2:45,"NJG 25",4,1,10,"Shotgun Normal Post Flags","Nickel Normal Man Zone",17,20,17,"1-10-NJG 25 (2:46) 7-Sam Axe pass complete to 48-Ricky Bobby to NJG 42 for 17 yards. Tackle by 34-Antonio Sockshoey. NJG 26-Vic  Mackey was injured on the play.","#7 Sam Axe - QB","#14 Vic  Mackey - WR",,,,"#48 Ricky Bobby - TE",,"#14 Apollo Creed  - WR","#31 Saul Jackson - WR","#83 Lloyd Williams - WR",,,"#70 Horatio Caine   - LG","#56 Gregory Espinoza - LG","#58 Earl Hickey - C","#63 Barney Stinson - RG","#71 Gene Stevens - RT",,"#76 Alton Gross - LDE",,"#79 Albert Whitten - DT","#68 Jose Cuervo - DT","#92 Bull Winkle - RDE",,"#52 Paul Davis - MLB",,"#91 Lewis  Shirtpantski - WLB","#25 Jack Moyer - CB","#33 Pedro Brooks - CB",,"#58 Christian Newhouse - CB",,"#27 Hugh Snell - CB","#34 Antonio Sockshoey - CB",,,,,,,,,,,,,,,,,,,,,,,,,,,,,,,,,,,,
NJG,2:10,"NJG 42",4,1,10,"Singleback Big Ins and Outs","4-3 Normal Double WR3",,20,17,"1-10-NJG 42 (2:09) 7-Sam Axe pass Pass knocked down by 27-Hugh Snell. incomplete, intended for 49-Richard Shockey.","#7 Sam Axe - QB","#38 Calvin Rose - RB",,,,"#85 Thomas Pickett - TE","#49 Richard Shockey - FB","#14 Apollo Creed  - WR",,"#83 Lloyd Williams - WR",,,"#70 Horatio Caine   - LG","#56 Gregory Espinoza - LG","#58 Earl Hickey - C","#63 Barney Stinson - RG","#71 Gene Stevens - RT",,"#76 Alton Gross - LDE",,"#79 Albert Whitten - DT","#68 Jose Cuervo - DT","#92 Bull Winkle - RDE","#58 Christian Newhouse - CB","#52 Paul Davis - MLB",,"#93 Andy Hurl - MLB","#29 Peter O'Reilly - CB","#25 Jack Moyer - CB",,,,"#27 Hugh Snell - CB","#34 Antonio Sockshoey - CB",,,,,,,,,,,,,,,,,,,,,,,,,,,,,,,,,,,,
NJG,2:05,"NJG 42",4,2,10,"Singleback Slot Strong HB Checkdown","Nickel Normal SS Blitz",-1,20,17,"2-10-NJG 42 (2:06) 7-Sam Axe pass complete to 38-Calvin Rose to NJG 40 for -1 yards. Tackle by 91-Lewis  Shirtpantski.","#7 Sam Axe - QB","#38 Calvin Rose - RB",,,,"#48 Ricky Bobby - TE",,"#83 Lloyd Williams - WR","#27 Alec Hardison - WR","#31 Saul Jackson - WR",,,"#70 Horatio Caine   - LG","#56 Gregory Espinoza - LG","#58 Earl Hickey - C","#63 Barney Stinson - RG","#71 Gene Stevens - RT",,"#76 Alton Gross - LDE",,"#79 Albert Whitten - DT","#68 Jose Cuervo - DT","#92 Bull Winkle - RDE",,"#52 Paul Davis - MLB",,"#91 Lewis  Shirtpantski - WLB","#33 Pedro Brooks - CB","#21 Richard Moore - CB",,"#58 Christian Newhouse - CB",,"#46 Gary Koh - CB","#37 Rocky Rackoon - CB",,,,,,,,,,,,,,,,,,,,,,,,,,,,,,,,,,,,
,2:00,,4,3,11,,,,20,17,"Timeout for two minute warning.",,,,,,,,,,,,,,,,,,,,,,,,,,,,,,,,,,,,,,,,,,,,,,,,,,,,,,,,,,,,,,,,,,,,,,
NJG,2:00,"NJG 40",4,3,11,"Weak I Normal WR Corner TE Middle","4-3 Under Crash Right",-8,20,17,"3-11-NJG 40 (2:00) 7-Sam Axe sacked at NJG 32 for -8 yards (91-Lewis  Shirtpantski)","#7 Sam Axe - QB","#44 Jesse Pinkman - RB",,,"#49 Richard Shockey - FB","#48 Ricky Bobby - TE",,"#14 Apollo Creed  - WR",,"#27 Alec Hardison - WR",,,"#70 Horatio Caine   - LG","#56 Gregory Espinoza - LG","#58 Earl Hickey - C","#63 Barney Stinson - RG","#71 Gene Stevens - RT",,"#76 Alton Gross - LDE",,"#79 Albert Whitten - DT","#68 Jose Cuervo - DT","#92 Bull Winkle - RDE","#50 Frank Baker - MLB","#93 Andy Hurl - MLB",,"#91 Lewis  Shirtpantski - WLB","#29 Peter O'Reilly - CB","#25 Jack Moyer - CB",,,,"#27 Hugh Snell - CB","#34 Antonio Sockshoey - CB",,,,,,,,,,,,,,,,,,,,,,,,,,,,,,,,,,,,
NJG,1:42,"NJG 32",4,4,20,Punt,"Punt Return",,20,17,"4-20-NJG 32 (1:41) 1-John Peeler punts 47 yards to NYS 21. 42-James Luna to NYS 31 for 11 yards. Tackle by 58-Earl Hickey.",,,,,,,,,,,,,,,,,,"#1 John Peeler - P",,,,,,,,,,,,,,,,,,,"#56 Gregory Espinoza - LG",,"#42 James Luna - RB",,,"#22 Darrell Stevenson - RB","#93 Andy Hurl - MLB","#83 Jose Bock - WR",,"#29 Peter O'Reilly - CB","#44 Tim Carroll - RB",,"#66 John Harmon - LG",,,,"#70 Horatio Caine   - LG","#54 Donny Broderick - RT","#58 Earl Hickey - C","#63 Barney Stinson - RG","#71 Gene Stevens - RT","#67 Mark Slone - LT",,"#75 Jeremy Johnson - LDE","#96 William Sanchez - DT","#77 Gerald Allen - RT","#74 Johnny Jones - DT",,,,,,,
NYS,1:31,"NYS 31",4,1,10,"Strong I Normal Counter Strong","Nickel Normal Man Cover 2",-2,20,17,"1-10-NYS 31 (1:32) 86-John Gehlert ran to NYS 30 for -2 yards. Tackle by 72-Steven Gonzales. 55-Larry Dysart was caught flat-footed on this play.","#4 Jamie Orman - QB","#86 John Gehlert - WR",,,"#24 Shorty Long - RB","#87 Charles Thompson - TE",,"#84 Charles Conlon - WR",,"#80 Perry Nelson - WR",,,"#67 Gerald Stafford - RG","#67 Earnest Haase - C","#55 Larry Dysart - C","#59 Michael Macias - RG","#71 Rain Smeller - LG",,"#90 Sheldon Cooper - LDE",,"#91 Billy Garcia - DT","#72 Steven Gonzales - DT","#78 Nathan Explosion - RDE",,"#59 Don Knotts - MLB",,"#35 Anthony Meadows - WLB","#32 Eric Bohannon - CB","#40 Howard Wolowitz - CB",,"#29 Roger Rondeau - FS",,"#24 Chubbs Peterson - FS","#47 Michael    Westen - SS",,,,,,,,,,,,,,,,,,,,,,,,,,,,,,,,,,,,
,1:30,,4,2,12,,,,20,17,"Timeout NJG",,,,,,,,,,,,,,,,,,,,,,,,,,,,,,,,,,,,,,,,,,,,,,,,,,,,,,,,,,,,,,,,,,,,,,
NYS,1:28,"NYS 30",4,2,12,"Singleback Normal TE Quick Out","4-3 Normal Double WR2",4,20,17,"2-12-NYS 30 (1:29) 4-Jamie Orman pass complete to 87-Charles Thompson to NYS 34 for 4 yards. Tackle by 46-Harold Blankenship.","#4 Jamie Orman - QB","#42 James Luna - RB",,,,"#87 Charles Thompson - TE",,"#80 Perry Nelson - WR","#84 Charles Conlon - WR","#88 Dylan Fryer - WR",,,"#77 Gerald Allen - RT","#67 Earnest Haase - C","#55 Larry Dysart - C","#59 Michael Macias - RG","#71 Rain Smeller - LG",,"#90 Sheldon Cooper - LDE",,"#91 Billy Garcia - DT","#72 Steven Gonzales - DT","#78 Nathan Explosion - RDE","#59 Don Knotts - MLB","#56 Paul Ford - MLB",,"#35 Anthony Meadows - WLB","#25 Jax Teller  - CB","#32 Eric Bohannon - CB",,,,"#46 Harold Blankenship - SS","#47 Michael    Westen - SS",,,,,,,,,,,,,,,,,,,,,,,,,,,,,,,,,,,,
,1:25,,4,3,8,,,,20,17,"Timeout NJG",,,,,,,,,,,,,,,,,,,,,,,,,,,,,,,,,,,,,,,,,,,,,,,,,,,,,,,,,,,,,,,,,,,,,,
NYS,1:22,"NYS 34",4,3,8,"Shotgun 5 Wide Slot Drag","Quarter Normal Man Short Zone",,20,17,"3-8-NYS 34 (1:23) 4-Jamie Orman pass Pass knocked down by 30-Patrick West. incomplete, intended for 83-Jose Bock. NYS 51-Earnest Haase was injured on the play.","#4 Jamie Orman - QB",,,,,,,"#80 Perry Nelson - WR","#84 Charles Conlon - WR","#88 Dylan Fryer - WR","#18 Israel Yang - WR","#83 Jose Bock - WR","#77 Gerald Allen - RT","#67 Earnest Haase - C","#55 Larry Dysart - C","#59 Michael Macias - RG","#71 Rain Smeller - LG",,"#90 Sheldon Cooper - LDE",,"#91 Billy Garcia - DT",,"#78 Nathan Explosion - RDE",,"#56 Paul Ford - MLB",,,"#25 Jax Teller  - CB","#32 Eric Bohannon - CB","#29 Roger Rondeau - FS","#40 Howard Wolowitz - CB","#30 Patrick West - CB","#46 Harold Blankenship - SS","#47 Michael    Westen - SS",,,,,,,,,,,,,,,,,,,,,,,,,,,,,,,,,,,,
NYS,1:19,"NYS 34",4,4,8,Punt,"Punt Return",,20,17,"4-8-NYS 34 (1:20) 3-John Volpe punts 51 yards to NJG 16. Fair Catch by 14-Apollo Creed .",,,,,,,,,,,,,,,,,,"#3 John Volpe - P",,,,,,,,,,,,,,,,,,,"#81 Derek Enright - TE",,"#14 Apollo Creed  - WR",,,"#46 Harold Blankenship - SS","#59 Don Knotts - MLB","#25 Jax Teller  - CB",,"#56 Paul Ford - MLB","#50 Russell Dunbar - WLB",,"#35 Anthony Meadows - WLB",,,,"#22 Darrell Stevenson - RB","#93 Andy Hurl - MLB","#55 Larry Dysart - C","#77 Gerald Allen - RT","#66 John Harmon - LG","#50 Frank Baker - MLB",,"#97 James Evangelista - RDE","#90 Sheldon Cooper - LDE","#91 Billy Garcia - DT","#72 Steven Gonzales - DT",,,,,,,
NJG,1:13,"NJG 16",4,1,10,"I Formation Normal FL Hitch","46 Normal Weak Blitz",7,20,17,"1-10-NJG 16 (1:14) 7-Sam Axe pass complete to 48-Ricky Bobby to NJG 23 for 7 yards. Tackle by 27-Hugh Snell. Great move by 48-Ricky Bobby to get free of his coverage.","#7 Sam Axe - QB","#14 Vic  Mackey - WR",,,"#49 Richard Shockey - FB","#48 Ricky Bobby - TE",,"#14 Apollo Creed  - WR",,"#83 Lloyd Williams - WR",,,"#70 Horatio Caine   - LG","#56 Gregory Espinoza - LG","#58 Earl Hickey - C","#63 Barney Stinson - RG","#71 Gene Stevens - RT",,"#76 Alton Gross - LDE",,"#79 Albert Whitten - DT","#68 Jose Cuervo - DT","#92 Bull Winkle - RDE","#58 Christian Newhouse - CB","#52 Paul Davis - MLB",,"#91 Lewis  Shirtpantski - WLB","#25 Jack Moyer - CB","#33 Pedro Brooks - CB",,,,"#27 Hugh Snell - CB","#34 Antonio Sockshoey - CB",,,,,,,,,,,,,,,,,,,,,,,,,,,,,,,,,,,,
NJG,1:00,"NJG 23",4,2,3,"Split Backs Normal Skinny Post Corner","46 Normal Weak Blitz",4,20,17,"2-3-NJG 23 (0:59) 7-Sam Axe pass complete to 48-Ricky Bobby to NJG 27 for 4 yards. Tackle by 27-Hugh Snell. 49-Richard Shockey totally missed that block.","#7 Sam Axe - QB","#38 Calvin Rose - RB",,,"#49 Richard Shockey - FB","#48 Ricky Bobby - TE",,"#14 Apollo Creed  - WR",,"#83 Lloyd Williams - WR",,,"#70 Horatio Caine   - LG","#56 Gregory Espinoza - LG","#58 Earl Hickey - C","#63 Barney Stinson - RG","#71 Gene Stevens - RT",,"#76 Alton Gross - LDE",,"#79 Albert Whitten - DT","#68 Jose Cuervo - DT","#92 Bull Winkle - RDE","#58 Christian Newhouse - CB","#52 Paul Davis - MLB",,"#91 Lewis  Shirtpantski - WLB","#29 Peter O'Reilly - CB","#25 Jack Moyer - CB",,,,"#27 Hugh Snell - CB","#34 Antonio Sockshoey - CB",,,,,,,,,,,,,,,,,,,,,,,,,,,,,,,,,,,,
NJG,0:44,"NJG 27",4,1,10,"Split Backs Normal Skinny Post Corner","46 Normal Inside Blitz",13,20,17,"1-10-NJG 27 (0:43) 7-Sam Axe pass complete to 14-Apollo Creed  to NJG 40 for 13 yards. Tackle by 29-Peter O'Reilly.","#7 Sam Axe - QB","#14 Vic  Mackey - WR",,,"#49 Richard Shockey - FB","#48 Ricky Bobby - TE",,"#14 Apollo Creed  - WR",,"#83 Lloyd Williams - WR",,,"#70 Horatio Caine   - LG","#56 Gregory Espinoza - LG","#58 Earl Hickey - C","#63 Barney Stinson - RG","#71 Gene Stevens - RT",,"#76 Alton Gross - LDE",,"#79 Albert Whitten - DT","#68 Jose Cuervo - DT","#92 Bull Winkle - RDE","#58 Christian Newhouse - CB","#52 Paul Davis - MLB",,"#91 Lewis  Shirtpantski - WLB","#29 Peter O'Reilly - CB","#25 Jack Moyer - CB",,,,"#27 Hugh Snell - CB","#37 Rocky Rackoon - CB",,,,,,,,,,,,,,,,,,,,,,,,,,,,,,,,,,,,
NJG,0:26,"NJG 40",4,1,10,"Singleback Slot Strong TE Corner","Nickel Normal Man Zone",,20,17,"1-10-NJG 40 (0:25) 7-Sam Axe pass Pass knocked down by 91-Lewis  Shirtpantski. incomplete, intended for 31-Saul Jackson.","#7 Sam Axe - QB","#38 Calvin Rose - RB",,,,"#85 Thomas Pickett - TE",,"#31 Saul Jackson - WR","#44 Jesse Pinkman - RB","#27 Alec Hardison - WR",,,"#70 Horatio Caine   - LG","#56 Gregory Espinoza - LG","#58 Earl Hickey - C","#63 Barney Stinson - RG","#71 Gene Stevens - RT",,"#76 Alton Gross - LDE",,"#79 Albert Whitten - DT","#68 Jose Cuervo - DT","#92 Bull Winkle - RDE",,"#93 Andy Hurl - MLB",,"#91 Lewis  Shirtpantski - WLB","#33 Pedro Brooks - CB","#21 Richard Moore - CB",,"#37 Rocky Rackoon - CB",,"#46 Gary Koh - CB","#34 Antonio Sockshoey - CB",,,,,,,,,,,,,,,,,,,,,,,,,,,,,,,,,,,,
NJG,0:20,"NJG 40",4,2,10,"I Formation Normal FL Hook","46 Normal Inside Blitz",7,20,17,"2-10-NJG 40 (0:21) 7-Sam Axe pass complete to 27-Alec Hardison to NJG 47 for 7 yards. Tackle by 21-Richard Moore. 27-Alec Hardison breaks down the CB. 21-Richard Moore got away with a hold on that play.","#7 Sam Axe - QB","#44 Jesse Pinkman - RB",,,"#49 Richard Shockey - FB","#85 Thomas Pickett - TE",,"#31 Saul Jackson - WR",,"#27 Alec Hardison - WR",,,"#70 Horatio Caine   - LG","#56 Gregory Espinoza - LG","#58 Earl Hickey - C","#63 Barney Stinson - RG","#71 Gene Stevens - RT",,"#76 Alton Gross - LDE",,"#79 Albert Whitten - DT","#68 Jose Cuervo - DT","#92 Bull Winkle - RDE","#50 Frank Baker - MLB","#52 Paul Davis - MLB",,"#93 Andy Hurl - MLB","#33 Pedro Brooks - CB","#21 Richard Moore - CB",,,,"#46 Gary Koh - CB","#37 Rocky Rackoon - CB",,,,,,,,,,,,,,,,,,,,,,,,,,,,,,,,,,,,
,0:18,,4,3,3,,,,20,17,"Timeout NJG",,,,,,,,,,,,,,,,,,,,,,,,,,,,,,,,,,,,,,,,,,,,,,,,,,,,,,,,,,,,,,,,,,,,,,
NJG,0:16,"NJG 47",4,3,3,"Shotgun 5 Wide Slot Drag","Quarter Normal Man Short Zone",,20,17,"3-3-NJG 47 (0:17) 7-Sam Axe pass complete to 27-Alec Hardison to NJG 47 for a short gain. Tackle by 58-Christian Newhouse. 71-Gene Stevens totally missed that block.","#7 Sam Axe - QB",,,,,,,"#14 Apollo Creed  - WR","#27 Alec Hardison - WR","#83 Lloyd Williams - WR","#44 Jesse Pinkman - RB","#31 Saul Jackson - WR","#70 Horatio Caine   - LG","#56 Gregory Espinoza - LG","#58 Earl Hickey - C","#63 Barney Stinson - RG","#71 Gene Stevens - RT",,"#76 Alton Gross - LDE",,"#79 Albert Whitten - DT",,"#65 James Hall - RDE",,"#52 Paul Davis - MLB",,,"#29 Peter O'Reilly - CB","#25 Jack Moyer - CB","#33 Pedro Brooks - CB","#58 Christian Newhouse - CB","#21 Richard Moore - CB","#27 Hugh Snell - CB","#46 Gary Koh - CB",,,,,,,,,,,,,,,,,,,,,,,,,,,,,,,,,,,,
,0:00,,4,4,3,,,,20,17,"End of fourth quarter.",,,,,,,,,,,,,,,,,,,,,,,,,,,,,,,,,,,,,,,,,,,,,,,,,,,,,,,,,,,,,,,,,,,,,,
