HasBall,"Game Clock","Ball @",Quarter,Down,YTG,OffensivePlay,DefensivePlay,YardsGained,"Home Score","Away Score",Text,QB1,RB1,RB2,FB2,FB1,TE1,TE2,WR1,WR3,WR2,WR4,WR5,LT1,LG1,C1,RG1,RT1,P1,LDE1,LDE2,DT1,DT2,RDE1,SLB1,MLB1,MLB2,WLB1,CB1,CB2,CB4,CB3,CB5,SS1,FS1,FS2,"Kick Holder1","Long Snapper1","Kick Returner1","Punt Returner1",Gunner10,Gunner7,Gunner2,Gunner6,Gunner1,Gunner8,Gunner3,Gunner4,Gunner9,Gunner5,Kickoffs1,"Field Goal Kicker1","ST Blocker8","ST Blocker5","ST Blocker4","ST Blocker1","ST Blocker2","ST Blocker3","ST Blocker6","ST Blocker7","ST Rusher4","ST Rusher1","ST Rusher2","ST Rusher3","ST Rusher11","ST Rusher10","ST Rusher9","ST Rusher6","ST Rusher5","ST Rusher7","ST Rusher8"
,15:00,,1,3,10,,,,0,0,"ZeZ has won the toss and elected to defer.",,,,,,,,,,,,,,,,,,,,,,,,,,,,,,,,,,,,,,,,,,,,,,,,,,,,,,,,,,,,,,,,,,,,,,
ZeZ,15:00,"ZeZ 35",1,6,10,Kickoff,"Kick Return",75,0,0,"(15:00) 4-Carl Thompson kicks 75 yards from ZeZ 35 to MTG -10. Touchback.",,,,,,,,,,,,,,,,,,,,,,,,,,,,,,,,,,,,,,"#10 David Burkhart - WR",,"#45 Evan Lehman - FS","#93 Randal Davis - WLB","#56 Edwin Smith - MLB","#49 George Watkins - CB","#28 Eddie Mayo - CB","#94 Samuel Rupert - WLB","#32 Randolph Griffin - CB","#47 Antonio Cargill - CB","#40 Ted Kennedy - SS","#42 Warren Bailey - FS","#4 Carl Thompson - K",,,,,,,,,,,,,,,,,,,,
MTG,15:00,"MTG 25",1,1,10,"I Formation Normal HB Draw","4-3 Normal Double WR3",2,0,0,"1-10-MTG 25 (15:00) 39-Kevin Dunn ran to MTG 27 for 2 yards. Tackle by 54-Elmer Severs.","#8 Larry Scruggs - QB","#39 Kevin Dunn - RB",,,"#85 Arnulfo Rader - TE","#86 James Clayton - TE",,"#10 David Burkhart - WR",,"#87 Eric Castillo - WR",,,"#74 Francesco Fischer - LT","#77 Rodney Davis - LG","#68 Joseph Maio - C","#52 Robert Kepley - RG","#66 Bennie Lown - RT",,"#75 Dennis Smith - LDE",,"#98 Charles Avila - DT","#77 Raymond Taylor - DT","#99 William Sander - RDE","#73 Mark Smith - SLB","#54 Elmer Severs - MLB",,"#92 Robert King - WLB","#47 James Highsmith - CB","#40 Christopher Strickland - CB",,,,"#49 Matthew Dowell - SS","#58 Paul Ness - FS",,,,,,,,,,,,,,,,,,,,,,,,,,,,,,,,,,,,
MTG,14:26,"MTG 27",1,2,8,"Singleback Normal HB Dive Weak","Nickel 3-3-5 3 Deep MLB Blitz",4,0,0,"2-8-MTG 27 (14:25) 39-Kevin Dunn ran to MTG 32 for 4 yards. Tackle by 58-Paul Ness.","#8 Larry Scruggs - QB","#39 Kevin Dunn - RB",,,,"#85 Arnulfo Rader - TE",,"#10 David Burkhart - WR","#84 Donald Bacon - WR","#87 Eric Castillo - WR",,,"#74 Francesco Fischer - LT","#77 Rodney Davis - LG","#68 Joseph Maio - C","#52 Robert Kepley - RG","#66 Bennie Lown - RT",,"#75 Dennis Smith - LDE",,"#98 Charles Avila - DT",,"#99 William Sander - RDE","#73 Mark Smith - SLB","#54 Elmer Severs - MLB",,"#92 Robert King - WLB","#47 James Highsmith - CB","#40 Christopher Strickland - CB",,"#44 Gary Jackson - CB",,"#49 Matthew Dowell - SS","#58 Paul Ness - FS",,,,,,,,,,,,,,,,,,,,,,,,,,,,,,,,,,,,
MTG,13:46,"MTG 32",1,3,3,"Singleback Normal HB Inside Weak","Nickel Normal Cover 2",9,0,0,"3-3-MTG 32 (13:45) 39-Kevin Dunn ran to MTG 41 for 9 yards. Tackle by 49-Matthew Dowell.","#8 Larry Scruggs - QB","#39 Kevin Dunn - RB",,,,"#85 Arnulfo Rader - TE",,"#10 David Burkhart - WR","#84 Donald Bacon - WR","#87 Eric Castillo - WR",,,"#74 Francesco Fischer - LT","#77 Rodney Davis - LG","#68 Joseph Maio - C","#52 Robert Kepley - RG","#66 Bennie Lown - RT",,"#75 Dennis Smith - LDE",,"#98 Charles Avila - DT","#77 Raymond Taylor - DT","#99 William Sander - RDE",,"#54 Elmer Severs - MLB",,"#92 Robert King - WLB","#47 James Highsmith - CB","#40 Christopher Strickland - CB",,"#44 Gary Jackson - CB",,"#49 Matthew Dowell - SS","#58 Paul Ness - FS",,,,,,,,,,,,,,,,,,,,,,,,,,,,,,,,,,,,
,13:41,,1,1,10,,,,0,0,"Timeout MTG",,,,,,,,,,,,,,,,,,,,,,,,,,,,,,,,,,,,,,,,,,,,,,,,,,,,,,,,,,,,,,,,,,,,,,
MTG,13:11,"MTG 41",1,1,10,"Singleback Normal HB Inside Weak","Nickel 3-3-5 Cover 2 Man Under",8,0,0,"1-10-MTG 41 (13:12) 15-Ronald Paez ran to MTG 49 for 8 yards. Tackle by 92-Robert King.","#8 Larry Scruggs - QB","#15 Ronald Paez - RB",,,,"#85 Arnulfo Rader - TE",,"#10 David Burkhart - WR","#84 Donald Bacon - WR","#87 Eric Castillo - WR",,,"#74 Francesco Fischer - LT","#77 Rodney Davis - LG","#68 Joseph Maio - C","#52 Robert Kepley - RG","#66 Bennie Lown - RT",,"#75 Dennis Smith - LDE",,"#98 Charles Avila - DT",,"#99 William Sander - RDE","#73 Mark Smith - SLB","#54 Elmer Severs - MLB",,"#92 Robert King - WLB","#47 James Highsmith - CB","#40 Christopher Strickland - CB",,"#44 Gary Jackson - CB",,"#49 Matthew Dowell - SS","#58 Paul Ness - FS",,,,,,,,,,,,,,,,,,,,,,,,,,,,,,,,,,,,
MTG,12:37,"MTG 49",1,2,2,"Singleback Normal Quick Slant","Nickel Normal 2 Deep",15,0,0,"2-2-MTG 49 (12:36) 8-Larry Scruggs pass complete to 84-Donald Bacon to ZeZ 36 for 15 yards. Tackle by 58-Paul Ness. 84-Donald Bacon breaks down the CB.","#8 Larry Scruggs - QB","#39 Kevin Dunn - RB",,,,"#85 Arnulfo Rader - TE",,"#10 David Burkhart - WR","#84 Donald Bacon - WR","#87 Eric Castillo - WR",,,"#74 Francesco Fischer - LT","#77 Rodney Davis - LG","#68 Joseph Maio - C","#52 Robert Kepley - RG","#66 Bennie Lown - RT",,"#75 Dennis Smith - LDE",,"#98 Charles Avila - DT","#77 Raymond Taylor - DT","#99 William Sander - RDE",,"#54 Elmer Severs - MLB",,"#92 Robert King - WLB","#47 James Highsmith - CB","#40 Christopher Strickland - CB",,"#44 Gary Jackson - CB",,"#49 Matthew Dowell - SS","#58 Paul Ness - FS",,,,,,,,,,,,,,,,,,,,,,,,,,,,,,,,,,,,
MTG,11:56,"ZeZ 36",1,1,10,"Singleback Big TE Flat Curl","4-3 Normal Double Safety Blitz",5,0,0,"1-10-ZeZ 36 (11:55) 8-Larry Scruggs pass complete to 85-Arnulfo Rader to ZeZ 31 for 5 yards. Tackle by 92-Robert King.","#8 Larry Scruggs - QB","#39 Kevin Dunn - RB",,,,"#85 Arnulfo Rader - TE","#86 James Clayton - TE","#10 David Burkhart - WR",,"#87 Eric Castillo - WR",,,"#74 Francesco Fischer - LT","#77 Rodney Davis - LG","#68 Joseph Maio - C","#52 Robert Kepley - RG","#66 Bennie Lown - RT",,"#75 Dennis Smith - LDE",,"#98 Charles Avila - DT","#77 Raymond Taylor - DT","#99 William Sander - RDE","#73 Mark Smith - SLB","#54 Elmer Severs - MLB",,"#92 Robert King - WLB","#47 James Highsmith - CB","#40 Christopher Strickland - CB",,,,"#49 Matthew Dowell - SS","#58 Paul Ness - FS",,,,,,,,,,,,,,,,,,,,,,,,,,,,,,,,,,,,
MTG,11:11,"ZeZ 31",1,2,5,"I Formation Normal Max Protect","4-3 Normal Man Under 1",7,0,0,"2-5-ZeZ 31 (11:10) 8-Larry Scruggs pass complete to 39-Kevin Dunn to ZeZ 24 for 7 yards. Tackle by 73-Mark Smith.","#8 Larry Scruggs - QB","#39 Kevin Dunn - RB",,,"#85 Arnulfo Rader - TE","#86 James Clayton - TE",,"#10 David Burkhart - WR",,"#87 Eric Castillo - WR",,,"#74 Francesco Fischer - LT","#77 Rodney Davis - LG","#68 Joseph Maio - C","#52 Robert Kepley - RG","#66 Bennie Lown - RT",,"#75 Dennis Smith - LDE",,"#98 Charles Avila - DT","#77 Raymond Taylor - DT","#99 William Sander - RDE","#73 Mark Smith - SLB","#54 Elmer Severs - MLB",,"#92 Robert King - WLB","#47 James Highsmith - CB","#40 Christopher Strickland - CB",,,,"#49 Matthew Dowell - SS","#58 Paul Ness - FS",,,,,,,,,,,,,,,,,,,,,,,,,,,,,,,,,,,,
MTG,10:25,"ZeZ 24",1,1,10,"Goal Line Normal HB Off Tackle","Goal Line 3 Deep Man",5,0,0,"1-10-ZeZ 24 (10:24) 15-Ronald Paez ran to ZeZ 18 for 5 yards. Tackle by 53-William Schmeling.","#8 Larry Scruggs - QB","#15 Ronald Paez - RB",,"#87 Eric Castillo - WR","#85 Arnulfo Rader - TE","#86 James Clayton - TE","#10 David Burkhart - WR",,,,,,"#74 Francesco Fischer - LT","#77 Rodney Davis - LG","#68 Joseph Maio - C","#52 Robert Kepley - RG","#66 Bennie Lown - RT",,"#75 Dennis Smith - LDE","#53 William Schmeling - RDE","#98 Charles Avila - DT","#77 Raymond Taylor - DT","#99 William Sander - RDE","#73 Mark Smith - SLB","#54 Elmer Severs - MLB",,"#92 Robert King - WLB","#47 James Highsmith - CB","#40 Christopher Strickland - CB",,,,"#44 Gary Jackson - CB",,,,,,,,,,,,,,,,,,,,,,,,,,,,,,,,,,,,,
MTG,9:40,"ZeZ 18",1,2,5,"Strong I Normal HB Off Tackle Strong","4-3 Normal Double Safety Blitz",4,0,0,"2-5-ZeZ 18 (9:39) 39-Kevin Dunn ran to ZeZ 15 for 4 yards. Tackle by 92-Robert King. PENALTY - Holding (MTG 68-Joseph Maio)","#8 Larry Scruggs - QB","#39 Kevin Dunn - RB",,,"#85 Arnulfo Rader - TE","#86 James Clayton - TE",,"#10 David Burkhart - WR",,"#87 Eric Castillo - WR",,,"#74 Francesco Fischer - LT","#77 Rodney Davis - LG","#68 Joseph Maio - C","#52 Robert Kepley - RG","#66 Bennie Lown - RT",,"#75 Dennis Smith - LDE",,"#98 Charles Avila - DT","#77 Raymond Taylor - DT","#99 William Sander - RDE","#73 Mark Smith - SLB","#54 Elmer Severs - MLB",,"#92 Robert King - WLB","#47 James Highsmith - CB","#40 Christopher Strickland - CB",,,,"#49 Matthew Dowell - SS","#58 Paul Ness - FS",,,,,,,,,,,,,,,,,,,,,,,,,,,,,,,,,,,,
MTG,9:36,"ZeZ 26",1,2,12,"Split Backs 3 Wide Off Tackle Weak","Nickel Normal Zone Rotate Weak",5,0,0,"2-12-ZeZ 26 (9:37) 85-Arnulfo Rader ran to ZeZ 21 for 5 yards. Tackle by 92-Robert King.","#8 Larry Scruggs - QB","#15 Ronald Paez - RB",,,"#85 Arnulfo Rader - TE",,,"#10 David Burkhart - WR","#84 Donald Bacon - WR","#87 Eric Castillo - WR",,,"#74 Francesco Fischer - LT","#77 Rodney Davis - LG","#68 Joseph Maio - C","#52 Robert Kepley - RG","#66 Bennie Lown - RT",,"#75 Dennis Smith - LDE",,"#98 Charles Avila - DT","#77 Raymond Taylor - DT","#99 William Sander - RDE",,"#54 Elmer Severs - MLB",,"#92 Robert King - WLB","#47 James Highsmith - CB","#40 Christopher Strickland - CB",,"#44 Gary Jackson - CB",,"#49 Matthew Dowell - SS","#58 Paul Ness - FS",,,,,,,,,,,,,,,,,,,,,,,,,,,,,,,,,,,,
MTG,9:00,"ZeZ 21",1,3,7,"I Formation Normal HB Draw","4-3 Normal Man QB Spy",10,0,0,"3-7-ZeZ 21 (8:59) 39-Kevin Dunn ran to ZeZ 11 for 10 yards. Tackle by 49-Matthew Dowell.","#8 Larry Scruggs - QB","#39 Kevin Dunn - RB",,,"#85 Arnulfo Rader - TE","#86 James Clayton - TE",,"#10 David Burkhart - WR",,"#87 Eric Castillo - WR",,,"#74 Francesco Fischer - LT","#77 Rodney Davis - LG","#68 Joseph Maio - C","#52 Robert Kepley - RG","#66 Bennie Lown - RT",,"#75 Dennis Smith - LDE",,"#98 Charles Avila - DT","#77 Raymond Taylor - DT","#99 William Sander - RDE","#73 Mark Smith - SLB","#54 Elmer Severs - MLB",,"#92 Robert King - WLB","#47 James Highsmith - CB","#40 Christopher Strickland - CB",,,,"#49 Matthew Dowell - SS","#58 Paul Ness - FS",,,,,,,,,,,,,,,,,,,,,,,,,,,,,,,,,,,,
MTG,8:26,"ZeZ 11",1,1,10,"I Formation Normal HB Draw","4-3 Normal Double WR3",2,0,0,"1-10-ZeZ 11 (8:25) 15-Ronald Paez ran to ZeZ 9 for 2 yards. Tackle by 92-Robert King.","#8 Larry Scruggs - QB","#15 Ronald Paez - RB",,,"#85 Arnulfo Rader - TE","#86 James Clayton - TE",,"#10 David Burkhart - WR",,"#84 Donald Bacon - WR",,,"#74 Francesco Fischer - LT","#77 Rodney Davis - LG","#68 Joseph Maio - C","#52 Robert Kepley - RG","#66 Bennie Lown - RT",,"#75 Dennis Smith - LDE",,"#98 Charles Avila - DT","#77 Raymond Taylor - DT","#99 William Sander - RDE","#73 Mark Smith - SLB","#54 Elmer Severs - MLB",,"#92 Robert King - WLB","#47 James Highsmith - CB","#40 Christopher Strickland - CB",,,,"#49 Matthew Dowell - SS","#58 Paul Ness - FS",,,,,,,,,,,,,,,,,,,,,,,,,,,,,,,,,,,,
MTG,7:48,"ZeZ 9",1,2,8,"Shotgun 2 RB 3 WR FB In","Nickel Normal Double WR3",2,0,0,"2-8-ZeZ 9 (7:47) 8-Larry Scruggs pass complete to 87-Eric Castillo to ZeZ 7 for 2 yards. Tackle by 47-James Highsmith. Nice job by 87-Eric Castillo on that route to lose his coverage.","#8 Larry Scruggs - QB","#39 Kevin Dunn - RB","#15 Ronald Paez - RB",,,,,"#87 Eric Castillo - WR","#83 Ronnie Kappler - WR","#84 Donald Bacon - WR",,,"#74 Francesco Fischer - LT","#77 Rodney Davis - LG","#68 Joseph Maio - C","#52 Robert Kepley - RG","#66 Bennie Lown - RT",,"#75 Dennis Smith - LDE",,"#98 Charles Avila - DT","#77 Raymond Taylor - DT","#99 William Sander - RDE",,"#54 Elmer Severs - MLB",,"#92 Robert King - WLB","#47 James Highsmith - CB","#40 Christopher Strickland - CB",,"#44 Gary Jackson - CB",,"#49 Matthew Dowell - SS","#58 Paul Ness - FS",,,,,,,,,,,,,,,,,,,,,,,,,,,,,,,,,,,,
MTG,7:07,"ZeZ 7",1,3,5,"Weak I Normal HB Inside Weak","4-3 Normal Double WR1",1,0,0,"3-5-ZeZ 7 (7:06) 15-Ronald Paez ran to ZeZ 6 for 1 yards. Tackle by 92-Robert King.","#8 Larry Scruggs - QB","#15 Ronald Paez - RB",,,"#85 Arnulfo Rader - TE","#86 James Clayton - TE",,"#10 David Burkhart - WR",,"#84 Donald Bacon - WR",,,"#74 Francesco Fischer - LT","#77 Rodney Davis - LG","#68 Joseph Maio - C","#52 Robert Kepley - RG","#66 Bennie Lown - RT",,"#75 Dennis Smith - LDE",,"#98 Charles Avila - DT","#77 Raymond Taylor - DT","#99 William Sander - RDE","#73 Mark Smith - SLB","#54 Elmer Severs - MLB",,"#92 Robert King - WLB","#47 James Highsmith - CB","#40 Christopher Strickland - CB",,,,"#49 Matthew Dowell - SS","#58 Paul Ness - FS",,,,,,,,,,,,,,,,,,,,,,,,,,,,,,,,,,,,
MTG,6:23,"ZeZ 6",1,4,5,"Field Goal","FG Block",17,3,0,"4-5-ZeZ 6 (6:22) 18-Dennis Neese 23 yard field goal is GOOD. MTG 3 ZeZ 0",,,,,,,,,,,,,,,,,,,,,,,,,,,,,,,,,,,,"#16 Eugene Simpson - P","#79 James Page - LG",,,,,,,,,,,,,,"#18 Dennis Neese - K","#69 Matthew Barrow - C","#78 John Castillo - C","#66 Bennie Lown - RT","#74 Francesco Fischer - LT","#70 Chad Barajas - LT","#77 Rodney Davis - LG","#52 Robert Kepley - RG","#76 Charles Miles - RT","#99 William Sander - RDE","#58 Paul Ness - FS","#98 Charles Avila - DT","#54 Elmer Severs - MLB","#68 Dwayne Martinez - DT","#77 Raymond Taylor - DT","#38 Gerald Callahan - CB","#75 Dennis Smith - LDE","#92 Robert King - WLB","#53 William Schmeling - RDE","#59 Van Erickson - SLB"
MTG,6:19,"MTG 35",1,6,10,Kickoff,"Kick Return",,3,0,"(6:20) 18-Dennis Neese kicks 75 yards from MTG 35 to ZeZ -10. Touchback.",,,,,,,,,,,,,,,,,,,,,,,,,,,,,,,,,,,,,,"#17 Mike Bunch - WR",,"#38 Gerald Callahan - CB","#59 Van Erickson - SLB","#58 Paul Ness - FS","#99 William Sander - RDE","#40 Christopher Strickland - CB","#92 Robert King - WLB","#49 Matthew Dowell - SS","#98 Charles Avila - DT","#75 Dennis Smith - LDE","#54 Elmer Severs - MLB","#18 Dennis Neese - K",,,,,,,,,,,,,,,,,,,,
ZeZ,6:19,"ZeZ 25",1,1,10,"I Formation 3WR Deep Corner/Post","Nickel Strong 2 Deep Man Under",-11,3,0,"1-10-ZeZ 25 (6:20) 15-Michael Hall sacked at ZeZ 14 for -11 yards (67-John McNeil). Sack allowed by 70-Eric Wilson.","#15 Michael Hall - QB","#31 Frank Jackson - RB",,,"#23 Scott Brown - FB",,,"#34 David Cora - WR","#87 James Ramsey - WR","#10 Ricky Griffin - WR",,,"#75 Kenneth Howell - LT","#66 Samuel Ford - LG","#57 Leon Smith - C","#62 Kent Situ - RG","#70 Eric Wilson - RT",,"#67 John McNeil - LDE",,"#65 Christopher Howland - DT","#72 Steven Coddington - DT","#73 Ronald Lynn - RDE",,"#56 Edwin Smith - MLB",,"#93 Randal Davis - WLB","#49 George Watkins - CB","#47 Antonio Cargill - CB",,"#28 Eddie Mayo - CB",,"#40 Ted Kennedy - SS","#42 Warren Bailey - FS",,,,,,,,,,,,,,,,,,,,,,,,,,,,,,,,,,,,
ZeZ,5:47,"ZeZ 14",1,2,21,"Singleback Big TE Flat Curl","4-3 Under Crowd Middle Deep Man",2,3,0,"2-21-ZeZ 14 (5:46) 15-Michael Hall pass complete to 86-Michael Devries to ZeZ 17 for 2 yards. Tackle by 56-Edwin Smith.","#15 Michael Hall - QB","#31 Frank Jackson - RB",,,,"#86 Michael Devries - TE","#80 Bradley Bruce - TE","#34 David Cora - WR",,"#10 Ricky Griffin - WR",,,"#75 Kenneth Howell - LT","#66 Samuel Ford - LG","#57 Leon Smith - C","#62 Kent Situ - RG","#70 Eric Wilson - RT",,"#67 John McNeil - LDE",,"#65 Christopher Howland - DT","#72 Steven Coddington - DT","#73 Ronald Lynn - RDE","#51 John Parker - SLB","#56 Edwin Smith - MLB",,"#93 Randal Davis - WLB","#49 George Watkins - CB","#47 Antonio Cargill - CB",,,,"#40 Ted Kennedy - SS","#42 Warren Bailey - FS",,,,,,,,,,,,,,,,,,,,,,,,,,,,,,,,,,,,
ZeZ,5:04,"ZeZ 17",1,3,18,"I Formation Normal FL Hook","Quarter Normal CB5 Blitz",2,3,0,"3-18-ZeZ 17 (5:03) 15-Michael Hall pass complete to 31-Frank Jackson to ZeZ 19 for 2 yards. Tackle by 32-Randolph Griffin.","#15 Michael Hall - QB","#31 Frank Jackson - RB",,,"#23 Scott Brown - FB","#86 Michael Devries - TE",,"#34 David Cora - WR",,"#10 Ricky Griffin - WR",,,"#75 Kenneth Howell - LT","#66 Samuel Ford - LG","#57 Leon Smith - C","#62 Kent Situ - RG","#70 Eric Wilson - RT",,"#67 John McNeil - LDE",,"#65 Christopher Howland - DT",,"#73 Ronald Lynn - RDE",,"#56 Edwin Smith - MLB",,,"#49 George Watkins - CB","#47 Antonio Cargill - CB","#32 Randolph Griffin - CB","#28 Eddie Mayo - CB","#94 Samuel Rupert - WLB","#40 Ted Kennedy - SS","#42 Warren Bailey - FS",,,,,,,,,,,,,,,,,,,,,,,,,,,,,,,,,,,,
ZeZ,4:19,"ZeZ 19",1,4,16,Punt,"Punt Return",,3,0,"4-16-ZeZ 19 (4:18) 2-Charles White punts 44 yards to MTG 37. 10-David Burkhart to MTG 41 for 4 yards. Tackle by 40-Christopher Strickland.",,,,,,,,,,,,,,,,,,"#2 Charles White - P",,,,,,,,,,,,,,,,,,,"#74 Charles Maldanado - C",,"#10 David Burkhart - WR",,,"#32 Randolph Griffin - CB","#94 Samuel Rupert - WLB","#28 Eddie Mayo - CB",,"#47 Antonio Cargill - CB","#49 George Watkins - CB",,"#93 Randal Davis - WLB",,,,"#71 Lloyd Cushenberry - RG","#75 Kenneth Howell - LT","#86 Michael Devries - TE","#66 Samuel Ford - LG","#62 Kent Situ - RG","#70 Eric Wilson - RT",,"#67 John McNeil - LDE","#51 John Parker - SLB","#72 Steven Coddington - DT","#73 Ronald Lynn - RDE",,,,,,,
MTG,4:10,"MTG 41",1,1,10,"I Formation Twin WR Hard Slants","4-3 Normal Double WR1",,3,0,"1-10-MTG 41 (4:11) 8-Larry Scruggs pass incomplete, intended for 87-Eric Castillo.","#8 Larry Scruggs - QB","#39 Kevin Dunn - RB",,,"#85 Arnulfo Rader - TE","#86 James Clayton - TE",,"#10 David Burkhart - WR",,"#87 Eric Castillo - WR",,,"#74 Francesco Fischer - LT","#77 Rodney Davis - LG","#68 Joseph Maio - C","#52 Robert Kepley - RG","#66 Bennie Lown - RT",,"#75 Dennis Smith - LDE",,"#98 Charles Avila - DT","#77 Raymond Taylor - DT","#99 William Sander - RDE","#73 Mark Smith - SLB","#54 Elmer Severs - MLB",,"#92 Robert King - WLB","#47 James Highsmith - CB","#40 Christopher Strickland - CB",,,,"#49 Matthew Dowell - SS","#58 Paul Ness - FS",,,,,,,,,,,,,,,,,,,,,,,,,,,,,,,,,,,,
MTG,4:07,"MTG 41",1,2,10,"I Formation Normal Max Protect","4-3 Normal Double Safety Blitz",,3,0,"2-10-MTG 41 (4:08) 8-Larry Scruggs pass Pass knocked down by 73-Mark Smith. incomplete, intended for 39-Kevin Dunn.","#8 Larry Scruggs - QB","#39 Kevin Dunn - RB",,,"#85 Arnulfo Rader - TE","#86 James Clayton - TE",,"#10 David Burkhart - WR",,"#87 Eric Castillo - WR",,,"#74 Francesco Fischer - LT","#77 Rodney Davis - LG","#68 Joseph Maio - C","#52 Robert Kepley - RG","#66 Bennie Lown - RT",,"#75 Dennis Smith - LDE",,"#98 Charles Avila - DT","#77 Raymond Taylor - DT","#99 William Sander - RDE","#73 Mark Smith - SLB","#54 Elmer Severs - MLB",,"#92 Robert King - WLB","#47 James Highsmith - CB","#40 Christopher Strickland - CB",,,,"#49 Matthew Dowell - SS","#58 Paul Ness - FS",,,,,,,,,,,,,,,,,,,,,,,,,,,,,,,,,,,,
MTG,4:04,"MTG 41",1,3,10,"Shotgun Normal HB Flare","Nickel 3-3-5 CB1 CB3 Blitz",26,3,0,"3-10-MTG 41 (4:05) 8-Larry Scruggs pass complete to 39-Kevin Dunn to ZeZ 32 for 26 yards.","#8 Larry Scruggs - QB","#39 Kevin Dunn - RB",,,,"#86 James Clayton - TE",,"#10 David Burkhart - WR","#84 Donald Bacon - WR","#87 Eric Castillo - WR",,,"#74 Francesco Fischer - LT","#77 Rodney Davis - LG","#68 Joseph Maio - C","#52 Robert Kepley - RG","#66 Bennie Lown - RT",,"#75 Dennis Smith - LDE",,"#98 Charles Avila - DT",,"#99 William Sander - RDE","#73 Mark Smith - SLB","#54 Elmer Severs - MLB",,"#92 Robert King - WLB","#47 James Highsmith - CB","#40 Christopher Strickland - CB",,"#44 Gary Jackson - CB",,"#49 Matthew Dowell - SS","#58 Paul Ness - FS",,,,,,,,,,,,,,,,,,,,,,,,,,,,,,,,,,,,
MTG,3:19,"ZeZ 32",1,1,10,"Shotgun 4 Wide All Curls","Dime Normal Double WR1 WR2",4,3,0,"1-10-ZeZ 32 (3:18) 8-Larry Scruggs pass complete to 19-Anthony Miron to ZeZ 28 for 4 yards. Tackle by 54-Elmer Severs.","#8 Larry Scruggs - QB","#15 Ronald Paez - RB",,,,,,"#10 David Burkhart - WR","#83 Ronnie Kappler - WR","#84 Donald Bacon - WR","#19 Anthony Miron - WR",,"#74 Francesco Fischer - LT","#79 James Page - LG","#68 Joseph Maio - C","#52 Robert Kepley - RG","#76 Charles Miles - RT",,"#75 Dennis Smith - LDE",,"#98 Charles Avila - DT","#77 Raymond Taylor - DT","#99 William Sander - RDE",,"#54 Elmer Severs - MLB",,,"#47 James Highsmith - CB","#40 Christopher Strickland - CB","#37 Micheal Stewart - FS","#44 Gary Jackson - CB",,"#49 Matthew Dowell - SS","#58 Paul Ness - FS",,,,,,,,,,,,,,,,,,,,,,,,,,,,,,,,,,,,
MTG,2:45,"ZeZ 28",1,2,6,"Strong I Normal HB Off Tackle Strong","4-3 Normal Double Safety Blitz",1,3,0,"2-6-ZeZ 28 (2:44) 15-Ronald Paez ran to ZeZ 27 for 1 yards. Tackle by 49-Matthew Dowell.","#8 Larry Scruggs - QB","#15 Ronald Paez - RB",,,"#85 Arnulfo Rader - TE","#86 James Clayton - TE",,"#10 David Burkhart - WR",,"#87 Eric Castillo - WR",,,"#74 Francesco Fischer - LT","#77 Rodney Davis - LG","#68 Joseph Maio - C","#52 Robert Kepley - RG","#66 Bennie Lown - RT",,"#75 Dennis Smith - LDE",,"#98 Charles Avila - DT","#77 Raymond Taylor - DT","#99 William Sander - RDE","#73 Mark Smith - SLB","#54 Elmer Severs - MLB",,"#92 Robert King - WLB","#47 James Highsmith - CB","#40 Christopher Strickland - CB",,,,"#49 Matthew Dowell - SS","#58 Paul Ness - FS",,,,,,,,,,,,,,,,,,,,,,,,,,,,,,,,,,,,
MTG,2:06,"ZeZ 27",1,3,5,"Split Backs 3 Wide Off Tackle Weak","Nickel Normal 2 Deep",3,3,0,"3-5-ZeZ 27 (2:05) 85-Arnulfo Rader ran to ZeZ 24 for 3 yards. Tackle by 92-Robert King.","#8 Larry Scruggs - QB","#15 Ronald Paez - RB",,,"#85 Arnulfo Rader - TE",,,"#10 David Burkhart - WR","#84 Donald Bacon - WR","#87 Eric Castillo - WR",,,"#74 Francesco Fischer - LT","#77 Rodney Davis - LG","#68 Joseph Maio - C","#52 Robert Kepley - RG","#66 Bennie Lown - RT",,"#75 Dennis Smith - LDE",,"#98 Charles Avila - DT","#77 Raymond Taylor - DT","#99 William Sander - RDE",,"#54 Elmer Severs - MLB",,"#92 Robert King - WLB","#47 James Highsmith - CB","#40 Christopher Strickland - CB",,"#44 Gary Jackson - CB",,"#49 Matthew Dowell - SS","#58 Paul Ness - FS",,,,,,,,,,,,,,,,,,,,,,,,,,,,,,,,,,,,
MTG,1:24,"ZeZ 24",1,4,2,"Split Backs 3 Wide WR Quick Out","Nickel Normal Double WR3",4,3,0,"4-2-ZeZ 24 (1:23) 8-Larry Scruggs pass complete to 85-Arnulfo Rader to ZeZ 20 for 4 yards. Tackle by 92-Robert King.","#8 Larry Scruggs - QB","#15 Ronald Paez - RB",,,"#85 Arnulfo Rader - TE",,,"#84 Donald Bacon - WR","#19 Anthony Miron - WR","#83 Ronnie Kappler - WR",,,"#74 Francesco Fischer - LT","#77 Rodney Davis - LG","#68 Joseph Maio - C","#52 Robert Kepley - RG","#66 Bennie Lown - RT",,"#75 Dennis Smith - LDE",,"#98 Charles Avila - DT","#77 Raymond Taylor - DT","#99 William Sander - RDE",,"#54 Elmer Severs - MLB",,"#92 Robert King - WLB","#47 James Highsmith - CB","#40 Christopher Strickland - CB",,"#44 Gary Jackson - CB",,"#49 Matthew Dowell - SS","#58 Paul Ness - FS",,,,,,,,,,,,,,,,,,,,,,,,,,,,,,,,,,,,
MTG,0:49,"ZeZ 20",1,1,10,"Strong I Big HB Off Tackle","Goal Line 3 Deep Man",2,3,0,"1-10-ZeZ 20 (0:48) 39-Kevin Dunn ran to ZeZ 17 for 2 yards. Tackle by 73-Mark Smith.","#8 Larry Scruggs - QB","#39 Kevin Dunn - RB",,,"#86 James Clayton - TE","#87 Eric Castillo - WR","#85 Arnulfo Rader - TE","#10 David Burkhart - WR",,,,,"#74 Francesco Fischer - LT","#77 Rodney Davis - LG","#68 Joseph Maio - C","#52 Robert Kepley - RG","#66 Bennie Lown - RT",,"#75 Dennis Smith - LDE","#53 William Schmeling - RDE","#98 Charles Avila - DT","#77 Raymond Taylor - DT","#99 William Sander - RDE","#73 Mark Smith - SLB","#54 Elmer Severs - MLB",,"#92 Robert King - WLB","#47 James Highsmith - CB","#40 Christopher Strickland - CB",,,,"#49 Matthew Dowell - SS",,,,,,,,,,,,,,,,,,,,,,,,,,,,,,,,,,,,,
MTG,0:06,"ZeZ 17",1,2,8,"Split Backs 3 Wide WR Quick Out","Nickel Normal Double WR3",13,3,0,"2-8-ZeZ 17 (0:05) 8-Larry Scruggs pass complete to 15-Ronald Paez to ZeZ 4 for 13 yards.","#8 Larry Scruggs - QB","#15 Ronald Paez - RB",,,"#85 Arnulfo Rader - TE",,,"#10 David Burkhart - WR","#84 Donald Bacon - WR","#87 Eric Castillo - WR",,,"#74 Francesco Fischer - LT","#77 Rodney Davis - LG","#68 Joseph Maio - C","#52 Robert Kepley - RG","#66 Bennie Lown - RT",,"#75 Dennis Smith - LDE",,"#98 Charles Avila - DT","#77 Raymond Taylor - DT","#99 William Sander - RDE",,"#54 Elmer Severs - MLB",,"#92 Robert King - WLB","#47 James Highsmith - CB","#40 Christopher Strickland - CB",,"#44 Gary Jackson - CB",,"#49 Matthew Dowell - SS","#58 Paul Ness - FS",,,,,,,,,,,,,,,,,,,,,,,,,,,,,,,,,,,,
,0:00,,1,1,4,,,,3,0,"End of first quarter.",,,,,,,,,,,,,,,,,,,,,,,,,,,,,,,,,,,,,,,,,,,,,,,,,,,,,,,,,,,,,,,,,,,,,,
MTG,15:00,"ZeZ 4",2,1,4,"Weak I Normal WR Corner TE Middle","4-3 Normal Man QB Spy",,3,0,"1-4-ZeZ 4 (15:00) 8-Larry Scruggs pass Pass knocked down by 92-Robert King. incomplete, intended for 86-James Clayton.","#8 Larry Scruggs - QB","#39 Kevin Dunn - RB",,,"#85 Arnulfo Rader - TE","#86 James Clayton - TE",,"#10 David Burkhart - WR",,"#87 Eric Castillo - WR",,,"#74 Francesco Fischer - LT","#77 Rodney Davis - LG","#68 Joseph Maio - C","#52 Robert Kepley - RG","#66 Bennie Lown - RT",,"#75 Dennis Smith - LDE",,"#98 Charles Avila - DT","#77 Raymond Taylor - DT","#99 William Sander - RDE","#73 Mark Smith - SLB","#54 Elmer Severs - MLB",,"#92 Robert King - WLB","#47 James Highsmith - CB","#40 Christopher Strickland - CB",,,,"#49 Matthew Dowell - SS","#58 Paul Ness - FS",,,,,,,,,,,,,,,,,,,,,,,,,,,,,,,,,,,,
MTG,14:57,"ZeZ 4",2,2,4,"Singleback Normal HB Inside Weak","Nickel Normal Double WR3",5,9,0,"2-4-ZeZ 4 (14:57) 39-Kevin Dunn ran for 4 yards. TOUCHDOWN! MTG 9 ZeZ 0","#8 Larry Scruggs - QB","#39 Kevin Dunn - RB",,,,"#85 Arnulfo Rader - TE",,"#10 David Burkhart - WR","#84 Donald Bacon - WR","#87 Eric Castillo - WR",,,"#74 Francesco Fischer - LT","#77 Rodney Davis - LG","#68 Joseph Maio - C","#52 Robert Kepley - RG","#66 Bennie Lown - RT",,"#75 Dennis Smith - LDE",,"#98 Charles Avila - DT","#77 Raymond Taylor - DT","#99 William Sander - RDE",,"#54 Elmer Severs - MLB",,"#92 Robert King - WLB","#47 James Highsmith - CB","#40 Christopher Strickland - CB",,"#44 Gary Jackson - CB",,"#49 Matthew Dowell - SS","#58 Paul Ness - FS",,,,,,,,,,,,,,,,,,,,,,,,,,,,,,,,,,,,
MTG,14:54,"ZeZ 15",2,7,15,"Field Goal","FG Block",26,10,0,"(14:55) Extra point GOOD by 18-Dennis Neese. MTG 10 ZeZ 0",,,,,,,,,,,,,,,,,,,,,,,,,,,,,,,,,,,,"#16 Eugene Simpson - P","#79 James Page - LG",,,,,,,,,,,,,,"#18 Dennis Neese - K","#69 Matthew Barrow - C","#78 John Castillo - C","#66 Bennie Lown - RT","#74 Francesco Fischer - LT","#70 Chad Barajas - LT","#77 Rodney Davis - LG","#52 Robert Kepley - RG","#76 Charles Miles - RT","#99 William Sander - RDE","#58 Paul Ness - FS","#98 Charles Avila - DT","#54 Elmer Severs - MLB","#68 Dwayne Martinez - DT","#77 Raymond Taylor - DT","#38 Gerald Callahan - CB","#75 Dennis Smith - LDE","#92 Robert King - WLB","#53 William Schmeling - RDE","#59 Van Erickson - SLB"
MTG,14:54,"MTG 35",2,6,10,Kickoff,"Kick Return",,10,0,"(14:55) 18-Dennis Neese kicks 74 yards from MTG 35 to ZeZ -9. Touchback.",,,,,,,,,,,,,,,,,,,,,,,,,,,,,,,,,,,,,,"#17 Mike Bunch - WR",,"#38 Gerald Callahan - CB","#59 Van Erickson - SLB","#58 Paul Ness - FS","#99 William Sander - RDE","#40 Christopher Strickland - CB","#92 Robert King - WLB","#49 Matthew Dowell - SS","#98 Charles Avila - DT","#75 Dennis Smith - LDE","#54 Elmer Severs - MLB","#18 Dennis Neese - K",,,,,,,,,,,,,,,,,,,,
ZeZ,14:54,"ZeZ 25",2,1,10,"Singleback Big Waggle Post","Goal Line Attack #2",-8,10,0,"1-10-ZeZ 25 (14:55) 15-Michael Hall sacked at ZeZ 17 for -8 yards (73-Ronald Lynn). Sack allowed by 79-Kenneth Howell.","#15 Michael Hall - QB","#31 Frank Jackson - RB",,,,"#86 Michael Devries - TE","#80 Bradley Bruce - TE","#34 David Cora - WR",,"#10 Ricky Griffin - WR",,,"#75 Kenneth Howell - LT","#66 Samuel Ford - LG","#57 Leon Smith - C","#62 Kent Situ - RG","#70 Eric Wilson - RT",,"#67 John McNeil - LDE","#90 Michael Chapman - LDE","#65 Christopher Howland - DT","#72 Steven Coddington - DT","#73 Ronald Lynn - RDE","#51 John Parker - SLB","#56 Edwin Smith - MLB",,"#91 James Wilson - RDE","#49 George Watkins - CB","#47 Antonio Cargill - CB",,,,"#93 Randal Davis - WLB",,,,,,,,,,,,,,,,,,,,,,,,,,,,,,,,,,,,,
ZeZ,14:20,"ZeZ 17",2,2,18,"I Formation 3WR Deep Corner/Post","Nickel 3-3-5 Weak Side Blitz",,10,0,"2-18-ZeZ 17 (14:19) 15-Michael Hall pass incomplete, intended for 10-Ricky Griffin.","#15 Michael Hall - QB","#31 Frank Jackson - RB",,,"#23 Scott Brown - FB",,,"#34 David Cora - WR","#87 James Ramsey - WR","#10 Ricky Griffin - WR",,,"#75 Kenneth Howell - LT","#66 Samuel Ford - LG","#57 Leon Smith - C","#62 Kent Situ - RG","#70 Eric Wilson - RT",,"#67 John McNeil - LDE",,"#65 Christopher Howland - DT",,"#73 Ronald Lynn - RDE","#51 John Parker - SLB","#56 Edwin Smith - MLB",,"#93 Randal Davis - WLB","#49 George Watkins - CB","#47 Antonio Cargill - CB",,"#28 Eddie Mayo - CB",,"#40 Ted Kennedy - SS","#42 Warren Bailey - FS",,,,,,,,,,,,,,,,,,,,,,,,,,,,,,,,,,,,
ZeZ,14:12,"ZeZ 17",2,3,18,"Singleback Big HB Curls TE Deep","4-3 Under Crowd Middle Deep Man",,10,0,"3-18-ZeZ 17 (14:13) 15-Michael Hall pass incomplete, dropped by 31-Frank Jackson.","#15 Michael Hall - QB","#31 Frank Jackson - RB",,,,"#86 Michael Devries - TE","#80 Bradley Bruce - TE","#34 David Cora - WR",,"#10 Ricky Griffin - WR",,,"#75 Kenneth Howell - LT","#66 Samuel Ford - LG","#57 Leon Smith - C","#62 Kent Situ - RG","#70 Eric Wilson - RT",,"#67 John McNeil - LDE",,"#65 Christopher Howland - DT","#72 Steven Coddington - DT","#73 Ronald Lynn - RDE","#51 John Parker - SLB","#58 Brian Keim - MLB",,"#93 Randal Davis - WLB","#28 Eddie Mayo - CB","#32 Randolph Griffin - CB",,,,"#40 Ted Kennedy - SS","#42 Warren Bailey - FS",,,,,,,,,,,,,,,,,,,,,,,,,,,,,,,,,,,,
ZeZ,14:09,"ZeZ 17",2,4,18,Punt,"Punt Return",,10,0,"4-18-ZeZ 17 (14:10) 2-Charles White punts 47 yards to MTG 36. Fair Catch by 10-David Burkhart.",,,,,,,,,,,,,,,,,,"#2 Charles White - P",,,,,,,,,,,,,,,,,,,"#74 Charles Maldanado - C",,"#10 David Burkhart - WR",,,"#56 Edwin Smith - MLB","#49 George Watkins - CB","#28 Eddie Mayo - CB",,"#32 Randolph Griffin - CB","#47 Antonio Cargill - CB",,"#42 Warren Bailey - FS",,,,"#71 Lloyd Cushenberry - RG","#75 Kenneth Howell - LT","#86 Michael Devries - TE","#66 Samuel Ford - LG","#62 Kent Situ - RG","#70 Eric Wilson - RT",,"#67 John McNeil - LDE","#51 John Parker - SLB","#72 Steven Coddington - DT","#73 Ronald Lynn - RDE",,,,,,,
MTG,14:03,"MTG 36",2,1,10,"Weak I Normal WR Corner TE Middle","4-3 Normal Double Safety Blitz",,10,0,"1-10-MTG 36 (14:04) 8-Larry Scruggs pass Pass knocked down by 40-Christopher Strickland. incomplete, intended for 87-Eric Castillo.","#8 Larry Scruggs - QB","#39 Kevin Dunn - RB",,,"#85 Arnulfo Rader - TE","#86 James Clayton - TE",,"#10 David Burkhart - WR",,"#87 Eric Castillo - WR",,,"#74 Francesco Fischer - LT","#77 Rodney Davis - LG","#68 Joseph Maio - C","#52 Robert Kepley - RG","#66 Bennie Lown - RT",,"#75 Dennis Smith - LDE",,"#98 Charles Avila - DT","#77 Raymond Taylor - DT","#99 William Sander - RDE","#73 Mark Smith - SLB","#54 Elmer Severs - MLB",,"#92 Robert King - WLB","#47 James Highsmith - CB","#40 Christopher Strickland - CB",,,,"#49 Matthew Dowell - SS","#58 Paul Ness - FS",,,,,,,,,,,,,,,,,,,,,,,,,,,,,,,,,,,,
MTG,13:59,"MTG 36",2,2,10,"I Formation Normal HB Dive","4-3 Normal OLB Blitz Inside",2,10,0,"2-10-MTG 36 (14:00) 39-Kevin Dunn ran to MTG 38 for 2 yards. Tackle by 92-Robert King. 85-Arnulfo Rader missed that block completely.","#8 Larry Scruggs - QB","#39 Kevin Dunn - RB",,,"#85 Arnulfo Rader - TE","#86 James Clayton - TE",,"#10 David Burkhart - WR",,"#87 Eric Castillo - WR",,,"#74 Francesco Fischer - LT","#77 Rodney Davis - LG","#68 Joseph Maio - C","#52 Robert Kepley - RG","#66 Bennie Lown - RT",,"#75 Dennis Smith - LDE",,"#98 Charles Avila - DT","#77 Raymond Taylor - DT","#99 William Sander - RDE","#73 Mark Smith - SLB","#54 Elmer Severs - MLB",,"#92 Robert King - WLB","#47 James Highsmith - CB","#40 Christopher Strickland - CB",,,,"#49 Matthew Dowell - SS","#58 Paul Ness - FS",,,,,,,,,,,,,,,,,,,,,,,,,,,,,,,,,,,,
MTG,13:20,"MTG 38",2,3,8,"Weak I Normal WR Corner TE Middle","4-3 Normal Cover 3 Zone Under",8,10,0,"3-8-MTG 38 (13:19) 8-Larry Scruggs pass complete to 39-Kevin Dunn to MTG 46 for 8 yards. Tackle by 47-James Highsmith.","#8 Larry Scruggs - QB","#39 Kevin Dunn - RB",,,"#85 Arnulfo Rader - TE","#86 James Clayton - TE",,"#10 David Burkhart - WR",,"#87 Eric Castillo - WR",,,"#74 Francesco Fischer - LT","#77 Rodney Davis - LG","#68 Joseph Maio - C","#52 Robert Kepley - RG","#66 Bennie Lown - RT",,"#75 Dennis Smith - LDE",,"#98 Charles Avila - DT","#77 Raymond Taylor - DT","#99 William Sander - RDE","#73 Mark Smith - SLB","#54 Elmer Severs - MLB",,"#92 Robert King - WLB","#47 James Highsmith - CB","#40 Christopher Strickland - CB",,,,"#49 Matthew Dowell - SS","#58 Paul Ness - FS",,,,,,,,,,,,,,,,,,,,,,,,,,,,,,,,,,,,
MTG,12:33,"MTG 46",2,4,1,Punt,"Punt Return",,10,0,"4-1-MTG 46 (12:32) 16-Eugene Simpson punts 46 yards to ZeZ 8. Fair Catch by 17-Mike Bunch.",,,,,,,,,,,,,,,,,,"#16 Eugene Simpson - P",,,,,,,,,,,,,,,,,,,"#79 James Page - LG",,"#17 Mike Bunch - WR",,,"#49 Matthew Dowell - SS","#38 Gerald Callahan - CB","#40 Christopher Strickland - CB",,"#99 William Sander - RDE","#59 Van Erickson - SLB",,"#75 Dennis Smith - LDE",,,,"#78 John Castillo - C","#66 Bennie Lown - RT","#74 Francesco Fischer - LT","#70 Chad Barajas - LT","#77 Rodney Davis - LG","#52 Robert Kepley - RG",,"#92 Robert King - WLB","#58 Paul Ness - FS","#98 Charles Avila - DT","#54 Elmer Severs - MLB",,,,,,,
ZeZ,12:25,"ZeZ 8",2,1,10,"I Formation Normal HB Blast","Quarter Normal CB3 CB5 Blitz",10,10,0,"1-10-ZeZ 8 (12:26) 31-Frank Jackson ran to ZeZ 18 for 10 yards. Tackle by 93-Randal Davis.","#15 Michael Hall - QB","#31 Frank Jackson - RB",,,"#23 Scott Brown - FB","#86 Michael Devries - TE",,"#34 David Cora - WR",,"#10 Ricky Griffin - WR",,,"#75 Kenneth Howell - LT","#66 Samuel Ford - LG","#57 Leon Smith - C","#62 Kent Situ - RG","#70 Eric Wilson - RT",,"#67 John McNeil - LDE",,"#65 Christopher Howland - DT",,"#73 Ronald Lynn - RDE",,"#56 Edwin Smith - MLB",,,"#49 George Watkins - CB","#47 Antonio Cargill - CB","#32 Randolph Griffin - CB","#28 Eddie Mayo - CB","#93 Randal Davis - WLB","#40 Ted Kennedy - SS","#42 Warren Bailey - FS",,,,,,,,,,,,,,,,,,,,,,,,,,,,,,,,,,,,
ZeZ,11:49,"ZeZ 18",2,1,10,"I Formation Normal FL Hitch","Quarter Normal CB3 CB5 Blitz",29,10,0,"1-10-ZeZ 18 (11:48) 15-Michael Hall pass complete to 10-Ricky Griffin to ZeZ 48 for 29 yards. Tackle by 42-Warren Bailey.","#15 Michael Hall - QB","#31 Frank Jackson - RB",,,"#23 Scott Brown - FB","#86 Michael Devries - TE",,"#34 David Cora - WR",,"#10 Ricky Griffin - WR",,,"#75 Kenneth Howell - LT","#66 Samuel Ford - LG","#57 Leon Smith - C","#62 Kent Situ - RG","#70 Eric Wilson - RT",,"#67 John McNeil - LDE",,"#65 Christopher Howland - DT",,"#73 Ronald Lynn - RDE",,"#56 Edwin Smith - MLB",,,"#49 George Watkins - CB","#47 Antonio Cargill - CB","#32 Randolph Griffin - CB","#28 Eddie Mayo - CB","#93 Randal Davis - WLB","#40 Ted Kennedy - SS","#42 Warren Bailey - FS",,,,,,,,,,,,,,,,,,,,,,,,,,,,,,,,,,,,
ZeZ,11:03,"ZeZ 48",2,1,10,"Shotgun Normal TE Out","Quarter Normal CB5 Blitz",6,10,0,"1-10-ZeZ 48 (11:02) 15-Michael Hall pass complete to 86-Michael Devries to MTG 46 for 6 yards. Tackle by 32-Randolph Griffin. 32-Randolph Griffin got away with a hold on that play.","#15 Michael Hall - QB","#83 Paul Pirtle - RB",,,,"#86 Michael Devries - TE",,"#87 James Ramsey - WR","#17 Mike Bunch - WR","#85 Harold Moore - WR",,,"#75 Kenneth Howell - LT","#66 Samuel Ford - LG","#57 Leon Smith - C","#62 Kent Situ - RG","#70 Eric Wilson - RT",,"#67 John McNeil - LDE",,"#65 Christopher Howland - DT",,"#73 Ronald Lynn - RDE",,"#56 Edwin Smith - MLB",,,"#49 George Watkins - CB","#47 Antonio Cargill - CB","#32 Randolph Griffin - CB","#28 Eddie Mayo - CB","#94 Samuel Rupert - WLB","#40 Ted Kennedy - SS","#42 Warren Bailey - FS",,,,,,,,,,,,,,,,,,,,,,,,,,,,,,,,,,,,
ZeZ,10:24,"MTG 46",2,2,4,"Shotgun Normal TE Out","Dime Flat MLB SS Blitz",7,10,0,"2-4-MTG 46 (10:23) 15-Michael Hall pass complete to 86-Michael Devries to MTG 39 for 7 yards. Tackle by 67-John McNeil.","#15 Michael Hall - QB","#31 Frank Jackson - RB",,,,"#86 Michael Devries - TE",,"#34 David Cora - WR","#87 James Ramsey - WR","#10 Ricky Griffin - WR",,,"#75 Kenneth Howell - LT","#66 Samuel Ford - LG","#57 Leon Smith - C","#62 Kent Situ - RG","#70 Eric Wilson - RT",,"#67 John McNeil - LDE",,"#65 Christopher Howland - DT","#72 Steven Coddington - DT","#73 Ronald Lynn - RDE",,"#56 Edwin Smith - MLB",,,"#47 Antonio Cargill - CB","#28 Eddie Mayo - CB","#94 Samuel Rupert - WLB","#32 Randolph Griffin - CB",,"#40 Ted Kennedy - SS","#42 Warren Bailey - FS",,,,,,,,,,,,,,,,,,,,,,,,,,,,,,,,,,,,
ZeZ,9:50,"MTG 39",2,1,10,"I Formation Normal HB Blast","Goal Line Attack #2",-1,10,0,"1-10-MTG 39 (9:49) 31-Frank Jackson ran to MTG 40 for -1 yards. Tackle by 73-Ronald Lynn.","#15 Michael Hall - QB","#31 Frank Jackson - RB",,,"#23 Scott Brown - FB","#86 Michael Devries - TE",,"#34 David Cora - WR",,"#10 Ricky Griffin - WR",,,"#75 Kenneth Howell - LT","#66 Samuel Ford - LG","#57 Leon Smith - C","#62 Kent Situ - RG","#70 Eric Wilson - RT",,"#67 John McNeil - LDE","#90 Michael Chapman - LDE","#65 Christopher Howland - DT","#72 Steven Coddington - DT","#73 Ronald Lynn - RDE","#51 John Parker - SLB","#56 Edwin Smith - MLB",,"#91 James Wilson - RDE","#49 George Watkins - CB","#47 Antonio Cargill - CB",,,,"#93 Randal Davis - WLB",,,,,,,,,,,,,,,,,,,,,,,,,,,,,,,,,,,,,
ZeZ,9:08,"MTG 40",2,2,11,"I Formation Normal FL Hook","Nickel 3-3-5 Weak Side Blitz",26,10,0,"2-11-MTG 40 (9:07) 15-Michael Hall pass complete to 10-Ricky Griffin to MTG 15 for 26 yards.","#15 Michael Hall - QB","#31 Frank Jackson - RB",,,"#23 Scott Brown - FB","#86 Michael Devries - TE",,"#34 David Cora - WR",,"#10 Ricky Griffin - WR",,,"#75 Kenneth Howell - LT","#66 Samuel Ford - LG","#57 Leon Smith - C","#62 Kent Situ - RG","#70 Eric Wilson - RT",,"#67 John McNeil - LDE",,"#65 Christopher Howland - DT",,"#73 Ronald Lynn - RDE","#51 John Parker - SLB","#56 Edwin Smith - MLB",,"#93 Randal Davis - WLB","#49 George Watkins - CB","#47 Antonio Cargill - CB",,"#28 Eddie Mayo - CB",,"#40 Ted Kennedy - SS","#42 Warren Bailey - FS",,,,,,,,,,,,,,,,,,,,,,,,,,,,,,,,,,,,
ZeZ,8:32,"MTG 15",2,1,10,"Shotgun Normal HB Flare","Quarter Normal CB3 CB4 Blitz",15,10,6,"1-10-MTG 15 (8:31) 15-Michael Hall pass complete to 17-Mike Bunch for 15 yards. TOUCHDOWN! MTG 10 ZeZ 6","#15 Michael Hall - QB","#31 Frank Jackson - RB",,,,"#86 Michael Devries - TE",,"#87 James Ramsey - WR","#17 Mike Bunch - WR","#85 Harold Moore - WR",,,"#75 Kenneth Howell - LT","#66 Samuel Ford - LG","#57 Leon Smith - C","#62 Kent Situ - RG","#70 Eric Wilson - RT",,"#67 John McNeil - LDE",,"#65 Christopher Howland - DT",,"#73 Ronald Lynn - RDE",,"#58 Brian Keim - MLB",,,"#47 Antonio Cargill - CB","#28 Eddie Mayo - CB","#94 Samuel Rupert - WLB","#32 Randolph Griffin - CB","#93 Randal Davis - WLB","#23 Jonathan Snyder - SS","#42 Warren Bailey - FS",,,,,,,,,,,,,,,,,,,,,,,,,,,,,,,,,,,,
ZeZ,8:27,"MTG 15",2,7,15,"Field Goal","FG Block",26,10,7,"(8:28) Extra point GOOD by 4-Carl Thompson. MTG 10 ZeZ 7",,,,,,,,,,,,,,,,,,,,,,,,,,,,,,,,,,,,"#5 Anthony Henderson - QB","#74 Charles Maldanado - C",,,,,,,,,,,,,,"#4 Carl Thompson - K","#57 Leon Smith - C","#70 Eric Wilson - RT","#71 Lloyd Cushenberry - RG","#66 Samuel Ford - LG","#62 Kent Situ - RG","#75 Kenneth Howell - LT","#72 Harold Mills - LT","#50 William Steiner - C","#67 John McNeil - LDE","#51 John Parker - SLB","#72 Steven Coddington - DT","#73 Ronald Lynn - RDE","#32 Randolph Griffin - CB","#94 Samuel Rupert - WLB","#49 George Watkins - CB","#65 Christopher Howland - DT","#90 Michael Chapman - LDE","#56 Edwin Smith - MLB","#93 Randal Davis - WLB"
ZeZ,8:27,"ZeZ 35",2,6,10,Kickoff,"Kick Return",,10,7,"(8:28) 4-Carl Thompson kicks 74 yards from ZeZ 35 to MTG -9. Touchback.",,,,,,,,,,,,,,,,,,,,,,,,,,,,,,,,,,,,,,"#10 David Burkhart - WR",,"#45 Evan Lehman - FS","#93 Randal Davis - WLB","#56 Edwin Smith - MLB","#49 George Watkins - CB","#28 Eddie Mayo - CB","#94 Samuel Rupert - WLB","#32 Randolph Griffin - CB","#47 Antonio Cargill - CB","#40 Ted Kennedy - SS","#42 Warren Bailey - FS","#4 Carl Thompson - K",,,,,,,,,,,,,,,,,,,,
MTG,8:27,"MTG 25",2,1,10,"Split Backs 3 Wide Off Tackle Weak","Nickel Normal SS Blitz",3,10,7,"1-10-MTG 25 (8:28) 85-Arnulfo Rader ran to MTG 28 for 3 yards. Tackle by 49-Matthew Dowell.","#8 Larry Scruggs - QB","#39 Kevin Dunn - RB",,,"#85 Arnulfo Rader - TE",,,"#10 David Burkhart - WR","#84 Donald Bacon - WR","#87 Eric Castillo - WR",,,"#74 Francesco Fischer - LT","#77 Rodney Davis - LG","#68 Joseph Maio - C","#52 Robert Kepley - RG","#66 Bennie Lown - RT",,"#75 Dennis Smith - LDE",,"#98 Charles Avila - DT","#77 Raymond Taylor - DT","#99 William Sander - RDE",,"#54 Elmer Severs - MLB",,"#92 Robert King - WLB","#47 James Highsmith - CB","#40 Christopher Strickland - CB",,"#44 Gary Jackson - CB",,"#49 Matthew Dowell - SS","#58 Paul Ness - FS",,,,,,,,,,,,,,,,,,,,,,,,,,,,,,,,,,,,
MTG,7:48,"MTG 28",2,2,7,"I Formation Normal HB Dive","4-3 Normal Man QB Spy",2,10,7,"2-7-MTG 28 (7:47) 39-Kevin Dunn ran to MTG 30 for 2 yards. Tackle by 77-Raymond Taylor. ZeZ 77-Raymond Taylor was injured on the play. He looks like he should be able to return.","#8 Larry Scruggs - QB","#39 Kevin Dunn - RB",,,"#85 Arnulfo Rader - TE","#86 James Clayton - TE",,"#10 David Burkhart - WR",,"#87 Eric Castillo - WR",,,"#74 Francesco Fischer - LT","#77 Rodney Davis - LG","#68 Joseph Maio - C","#52 Robert Kepley - RG","#66 Bennie Lown - RT",,"#75 Dennis Smith - LDE",,"#98 Charles Avila - DT","#77 Raymond Taylor - DT","#99 William Sander - RDE","#73 Mark Smith - SLB","#54 Elmer Severs - MLB",,"#92 Robert King - WLB","#47 James Highsmith - CB","#40 Christopher Strickland - CB",,,,"#49 Matthew Dowell - SS","#58 Paul Ness - FS",,,,,,,,,,,,,,,,,,,,,,,,,,,,,,,,,,,,
MTG,7:06,"MTG 30",2,3,5,"Singleback Normal TE Quick Out","Nickel Normal Double WR3",12,10,7,"3-5-MTG 30 (7:05) 8-Larry Scruggs pass complete to 85-Arnulfo Rader to MTG 42 for 12 yards. Tackle by 49-Matthew Dowell. 54-Elmer Severs got away with a hold on that play.","#8 Larry Scruggs - QB","#39 Kevin Dunn - RB",,,,"#85 Arnulfo Rader - TE",,"#10 David Burkhart - WR","#84 Donald Bacon - WR","#87 Eric Castillo - WR",,,"#74 Francesco Fischer - LT","#77 Rodney Davis - LG","#68 Joseph Maio - C","#52 Robert Kepley - RG","#66 Bennie Lown - RT",,"#75 Dennis Smith - LDE",,"#98 Charles Avila - DT","#68 Dwayne Martinez - DT","#99 William Sander - RDE",,"#54 Elmer Severs - MLB",,"#92 Robert King - WLB","#47 James Highsmith - CB","#40 Christopher Strickland - CB",,"#44 Gary Jackson - CB",,"#49 Matthew Dowell - SS","#58 Paul Ness - FS",,,,,,,,,,,,,,,,,,,,,,,,,,,,,,,,,,,,
MTG,6:23,"MTG 42",2,1,10,"Weak I Normal WR Corner TE Middle","4-3 Normal Double WR1",18,10,7,"1-10-MTG 42 (6:22) 8-Larry Scruggs pass complete to 39-Kevin Dunn to ZeZ 41 for 18 yards. Tackle by 58-Paul Ness.","#8 Larry Scruggs - QB","#39 Kevin Dunn - RB",,,"#85 Arnulfo Rader - TE","#86 James Clayton - TE",,"#10 David Burkhart - WR",,"#87 Eric Castillo - WR",,,"#74 Francesco Fischer - LT","#77 Rodney Davis - LG","#68 Joseph Maio - C","#52 Robert Kepley - RG","#66 Bennie Lown - RT",,"#75 Dennis Smith - LDE",,"#98 Charles Avila - DT","#68 Dwayne Martinez - DT","#99 William Sander - RDE","#73 Mark Smith - SLB","#54 Elmer Severs - MLB",,"#92 Robert King - WLB","#47 James Highsmith - CB","#40 Christopher Strickland - CB",,,,"#49 Matthew Dowell - SS","#58 Paul Ness - FS",,,,,,,,,,,,,,,,,,,,,,,,,,,,,,,,,,,,
MTG,5:43,"ZeZ 41",2,1,10,"I Formation Normal HB Draw","4-3 Normal Double Safety Blitz",1,10,7,"1-10-ZeZ 41 (5:42) 15-Ronald Paez ran to ZeZ 40 for 1 yards. Tackle by 98-Charles Avila.","#8 Larry Scruggs - QB","#15 Ronald Paez - RB",,,"#80 Zachary Smith - TE","#86 James Clayton - TE",,"#10 David Burkhart - WR",,"#84 Donald Bacon - WR",,,"#74 Francesco Fischer - LT","#77 Rodney Davis - LG","#68 Joseph Maio - C","#52 Robert Kepley - RG","#66 Bennie Lown - RT",,"#75 Dennis Smith - LDE",,"#98 Charles Avila - DT","#77 Raymond Taylor - DT","#99 William Sander - RDE","#73 Mark Smith - SLB","#54 Elmer Severs - MLB",,"#92 Robert King - WLB","#47 James Highsmith - CB","#40 Christopher Strickland - CB",,,,"#44 Gary Jackson - CB","#37 Micheal Stewart - FS",,,,,,,,,,,,,,,,,,,,,,,,,,,,,,,,,,,,
MTG,5:11,"ZeZ 40",2,2,9,"Shotgun Normal HB Flare","Nickel 3-3-5 Cover 2 Man Under",8,10,7,"2-9-ZeZ 40 (5:10) 8-Larry Scruggs pass complete to 15-Ronald Paez to ZeZ 31 for 8 yards. Tackle by 92-Robert King. ZeZ 75-Dennis Smith was injured on the play. He looks like he should be able to return.","#8 Larry Scruggs - QB","#15 Ronald Paez - RB",,,,"#86 James Clayton - TE",,"#10 David Burkhart - WR","#84 Donald Bacon - WR","#87 Eric Castillo - WR",,,"#74 Francesco Fischer - LT","#77 Rodney Davis - LG","#68 Joseph Maio - C","#52 Robert Kepley - RG","#66 Bennie Lown - RT",,"#75 Dennis Smith - LDE",,"#98 Charles Avila - DT",,"#99 William Sander - RDE","#73 Mark Smith - SLB","#54 Elmer Severs - MLB",,"#92 Robert King - WLB","#47 James Highsmith - CB","#40 Christopher Strickland - CB",,"#44 Gary Jackson - CB",,"#49 Matthew Dowell - SS","#58 Paul Ness - FS",,,,,,,,,,,,,,,,,,,,,,,,,,,,,,,,,,,,
MTG,4:25,"ZeZ 31",2,3,1,"Strong I Normal HB Off Tackle Strong","4-3 Normal Double WR1",5,10,7,"3-1-ZeZ 31 (4:24) 22-Edward Godines ran to ZeZ 27 for 5 yards. Tackle by 47-James Highsmith.","#8 Larry Scruggs - QB","#22 Edward Godines - RB",,,"#85 Arnulfo Rader - TE","#86 James Clayton - TE",,"#10 David Burkhart - WR",,"#84 Donald Bacon - WR",,,"#74 Francesco Fischer - LT","#77 Rodney Davis - LG","#68 Joseph Maio - C","#52 Robert Kepley - RG","#66 Bennie Lown - RT",,"#53 William Schmeling - RDE",,"#98 Charles Avila - DT","#77 Raymond Taylor - DT","#99 William Sander - RDE","#73 Mark Smith - SLB","#54 Elmer Severs - MLB",,"#92 Robert King - WLB","#47 James Highsmith - CB","#40 Christopher Strickland - CB",,,,"#44 Gary Jackson - CB","#37 Micheal Stewart - FS",,,,,,,,,,,,,,,,,,,,,,,,,,,,,,,,,,,,
MTG,3:43,"ZeZ 27",2,1,10,"I Formation Power Play Action HB Downfield","Goal Line Attack #1",6,10,7,"1-10-ZeZ 27 (3:42) 8-Larry Scruggs pass complete to 86-James Clayton to ZeZ 20 for 6 yards. Tackle by 44-Gary Jackson. 86-James Clayton breaks down the CB.","#8 Larry Scruggs - QB","#15 Ronald Paez - RB",,"#85 Arnulfo Rader - TE","#22 Edward Godines - RB","#86 James Clayton - TE",,"#87 Eric Castillo - WR",,,,,"#74 Francesco Fischer - LT","#77 Rodney Davis - LG","#68 Joseph Maio - C","#52 Robert Kepley - RG","#66 Bennie Lown - RT",,"#53 William Schmeling - RDE","#68 Dwayne Martinez - DT","#98 Charles Avila - DT","#77 Raymond Taylor - DT","#99 William Sander - RDE","#73 Mark Smith - SLB","#54 Elmer Severs - MLB",,"#92 Robert King - WLB","#47 James Highsmith - CB","#44 Gary Jackson - CB",,,,"#49 Matthew Dowell - SS",,,,,,,,,,,,,,,,,,,,,,,,,,,,,,,,,,,,,
MTG,3:00,"ZeZ 20",2,2,4,"Singleback Normal Quick Slant","Nickel Normal Double WR3",,10,7,"2-4-ZeZ 20 (2:59) 8-Larry Scruggs pass Pass knocked down by 44-Gary Jackson. incomplete, intended for 84-Donald Bacon.","#8 Larry Scruggs - QB","#39 Kevin Dunn - RB",,,,"#85 Arnulfo Rader - TE",,"#10 David Burkhart - WR","#83 Ronnie Kappler - WR","#84 Donald Bacon - WR",,,"#74 Francesco Fischer - LT","#77 Rodney Davis - LG","#68 Joseph Maio - C","#52 Robert Kepley - RG","#66 Bennie Lown - RT",,"#53 William Schmeling - RDE",,"#98 Charles Avila - DT","#77 Raymond Taylor - DT","#99 William Sander - RDE",,"#54 Elmer Severs - MLB",,"#92 Robert King - WLB","#47 James Highsmith - CB","#40 Christopher Strickland - CB",,"#44 Gary Jackson - CB",,"#49 Matthew Dowell - SS","#58 Paul Ness - FS",,,,,,,,,,,,,,,,,,,,,,,,,,,,,,,,,,,,
MTG,2:55,"ZeZ 20",2,3,4,"Shotgun Normal HB Flare","Nickel Normal Double WR3",4,10,7,"3-4-ZeZ 20 (2:56) 8-Larry Scruggs pass complete to 15-Ronald Paez to ZeZ 16 for 4 yards. Tackle by 92-Robert King.","#8 Larry Scruggs - QB","#15 Ronald Paez - RB",,,,"#86 James Clayton - TE",,"#10 David Burkhart - WR","#84 Donald Bacon - WR","#87 Eric Castillo - WR",,,"#74 Francesco Fischer - LT","#77 Rodney Davis - LG","#68 Joseph Maio - C","#52 Robert Kepley - RG","#66 Bennie Lown - RT",,"#53 William Schmeling - RDE",,"#98 Charles Avila - DT","#77 Raymond Taylor - DT","#99 William Sander - RDE",,"#54 Elmer Severs - MLB",,"#92 Robert King - WLB","#47 James Highsmith - CB","#40 Christopher Strickland - CB",,"#44 Gary Jackson - CB",,"#49 Matthew Dowell - SS","#58 Paul Ness - FS",,,,,,,,,,,,,,,,,,,,,,,,,,,,,,,,,,,,
MTG,2:12,"ZeZ 16",2,1,10,"Weak I Normal Skinny Posts","4-3 Normal Double WR3",5,10,7,"1-10-ZeZ 16 (2:11) 8-Larry Scruggs pass complete to 39-Kevin Dunn to ZeZ 11 for 5 yards. Tackle by 44-Gary Jackson. 39-Kevin Dunn breaks down the CB.","#8 Larry Scruggs - QB","#39 Kevin Dunn - RB",,,"#85 Arnulfo Rader - TE","#86 James Clayton - TE",,"#84 Donald Bacon - WR",,"#83 Ronnie Kappler - WR",,,"#74 Francesco Fischer - LT","#77 Rodney Davis - LG","#68 Joseph Maio - C","#52 Robert Kepley - RG","#66 Bennie Lown - RT",,"#53 William Schmeling - RDE",,"#98 Charles Avila - DT","#77 Raymond Taylor - DT","#99 William Sander - RDE","#73 Mark Smith - SLB","#54 Elmer Severs - MLB",,"#92 Robert King - WLB","#47 James Highsmith - CB","#40 Christopher Strickland - CB",,,,"#44 Gary Jackson - CB","#58 Paul Ness - FS",,,,,,,,,,,,,,,,,,,,,,,,,,,,,,,,,,,,
,2:00,,2,2,5,,,,10,7,"Timeout for two minute warning.",,,,,,,,,,,,,,,,,,,,,,,,,,,,,,,,,,,,,,,,,,,,,,,,,,,,,,,,,,,,,,,,,,,,,,
MTG,2:00,"ZeZ 11",2,2,5,"Shotgun Normal HB Flare","Nickel Normal Double WR3",11,16,7,"2-5-ZeZ 11 (2:00) 8-Larry Scruggs pass complete to 84-Donald Bacon to ZeZ 0 for 11 yards. TOUCHDOWN! MTG 16 ZeZ 7","#8 Larry Scruggs - QB","#15 Ronald Paez - RB",,,,"#86 James Clayton - TE",,"#10 David Burkhart - WR","#84 Donald Bacon - WR","#87 Eric Castillo - WR",,,"#74 Francesco Fischer - LT","#77 Rodney Davis - LG","#68 Joseph Maio - C","#52 Robert Kepley - RG","#66 Bennie Lown - RT",,"#53 William Schmeling - RDE",,"#98 Charles Avila - DT","#77 Raymond Taylor - DT","#99 William Sander - RDE",,"#94 Irvin Medeiros - MLB",,"#92 Robert King - WLB","#47 James Highsmith - CB","#44 Gary Jackson - CB",,"#37 Micheal Stewart - FS",,"#49 Matthew Dowell - SS","#58 Paul Ness - FS",,,,,,,,,,,,,,,,,,,,,,,,,,,,,,,,,,,,
MTG,1:56,"ZeZ 15",2,7,15,"Field Goal","FG Block",26,17,7,"(1:57) Extra point GOOD by 18-Dennis Neese. MTG 17 ZeZ 7",,,,,,,,,,,,,,,,,,,,,,,,,,,,,,,,,,,,"#16 Eugene Simpson - P","#79 James Page - LG",,,,,,,,,,,,,,"#18 Dennis Neese - K","#69 Matthew Barrow - C","#78 John Castillo - C","#66 Bennie Lown - RT","#74 Francesco Fischer - LT","#70 Chad Barajas - LT","#77 Rodney Davis - LG","#52 Robert Kepley - RG","#76 Charles Miles - RT","#99 William Sander - RDE","#58 Paul Ness - FS","#98 Charles Avila - DT","#54 Elmer Severs - MLB","#85 Harold Moore - WR","#68 Dwayne Martinez - DT","#77 Raymond Taylor - DT","#53 William Schmeling - RDE","#92 Robert King - WLB","#59 Van Erickson - SLB","#38 Gerald Callahan - CB"
MTG,1:56,"MTG 35",2,6,10,Kickoff,"Kick Return",,17,7,"(1:57) 18-Dennis Neese kicks 74 yards from MTG 35 to ZeZ -9. Touchback.",,,,,,,,,,,,,,,,,,,,,,,,,,,,,,,,,,,,,,"#17 Mike Bunch - WR",,"#53 William Schmeling - RDE","#59 Van Erickson - SLB","#58 Paul Ness - FS","#99 William Sander - RDE","#40 Christopher Strickland - CB","#92 Robert King - WLB","#49 Matthew Dowell - SS","#98 Charles Avila - DT","#38 Gerald Callahan - CB","#54 Elmer Severs - MLB","#18 Dennis Neese - K",,,,,,,,,,,,,,,,,,,,
ZeZ,1:56,"ZeZ 25",2,1,10,"Goal Line Normal HB Off Tackle","Dime Normal FS Blitz",7,17,7,"1-10-ZeZ 25 (1:57) 31-Frank Jackson ran to ZeZ 32 for 7 yards. Tackle by 40-Ted Kennedy.","#15 Michael Hall - QB","#31 Frank Jackson - RB",,"#39 Charles White - FB","#23 Scott Brown - FB","#86 Michael Devries - TE","#80 Bradley Bruce - TE",,,,,,"#75 Kenneth Howell - LT","#66 Samuel Ford - LG","#57 Leon Smith - C","#62 Kent Situ - RG","#70 Eric Wilson - RT",,"#67 John McNeil - LDE",,"#65 Christopher Howland - DT","#72 Steven Coddington - DT","#73 Ronald Lynn - RDE",,"#56 Edwin Smith - MLB",,,"#49 George Watkins - CB","#47 Antonio Cargill - CB","#32 Randolph Griffin - CB","#28 Eddie Mayo - CB",,"#40 Ted Kennedy - SS","#42 Warren Bailey - FS",,,,,,,,,,,,,,,,,,,,,,,,,,,,,,,,,,,,
ZeZ,1:16,"ZeZ 32",2,2,3,"Weak I Normal FB Inside Weak","Nickel Normal SS Blitz",2,17,7,"2-3-ZeZ 32 (1:15) 23-Scott Brown ran to ZeZ 34 for 2 yards. Tackle by 56-Edwin Smith.","#15 Michael Hall - QB","#31 Frank Jackson - RB",,,"#23 Scott Brown - FB","#86 Michael Devries - TE",,"#34 David Cora - WR",,"#10 Ricky Griffin - WR",,,"#75 Kenneth Howell - LT","#66 Samuel Ford - LG","#57 Leon Smith - C","#62 Kent Situ - RG","#70 Eric Wilson - RT",,"#67 John McNeil - LDE",,"#65 Christopher Howland - DT","#72 Steven Coddington - DT","#73 Ronald Lynn - RDE",,"#56 Edwin Smith - MLB",,"#93 Randal Davis - WLB","#49 George Watkins - CB","#47 Antonio Cargill - CB",,"#28 Eddie Mayo - CB",,"#40 Ted Kennedy - SS","#42 Warren Bailey - FS",,,,,,,,,,,,,,,,,,,,,,,,,,,,,,,,,,,,
ZeZ,0:36,"ZeZ 34",2,3,1,"Singleback Slot Strong HB Counter","Dime Normal FS Blitz",13,17,7,"3-1-ZeZ 34 (0:35) 31-Frank Jackson ran to ZeZ 47 for 13 yards. Tackle by 40-Ted Kennedy.","#15 Michael Hall - QB","#31 Frank Jackson - RB",,,,"#86 Michael Devries - TE",,"#34 David Cora - WR","#87 James Ramsey - WR","#10 Ricky Griffin - WR",,,"#75 Kenneth Howell - LT","#66 Samuel Ford - LG","#57 Leon Smith - C","#62 Kent Situ - RG","#70 Eric Wilson - RT",,"#67 John McNeil - LDE",,"#65 Christopher Howland - DT","#72 Steven Coddington - DT","#73 Ronald Lynn - RDE",,"#56 Edwin Smith - MLB",,,"#49 George Watkins - CB","#47 Antonio Cargill - CB","#32 Randolph Griffin - CB","#28 Eddie Mayo - CB",,"#40 Ted Kennedy - SS","#42 Warren Bailey - FS",,,,,,,,,,,,,,,,,,,,,,,,,,,,,,,,,,,,
,0:30,,2,1,10,,,,17,7,"Timeout ZeZ",,,,,,,,,,,,,,,,,,,,,,,,,,,,,,,,,,,,,,,,,,,,,,,,,,,,,,,,,,,,,,,,,,,,,,
ZeZ,0:26,"ZeZ 47",2,1,10,"I Formation Big TE Sneak Out","Goal Line Attack #2",11,17,7,"1-10-ZeZ 47 (0:27) 15-Michael Hall pass complete to 80-Bradley Bruce to MTG 42 for 11 yards. Tackle by 91-James Wilson.","#15 Michael Hall - QB","#83 Paul Pirtle - RB",,,"#23 Scott Brown - FB","#86 Michael Devries - TE","#80 Bradley Bruce - TE","#34 David Cora - WR",,,,,"#75 Kenneth Howell - LT","#66 Samuel Ford - LG","#57 Leon Smith - C","#62 Kent Situ - RG","#70 Eric Wilson - RT",,"#67 John McNeil - LDE","#90 Michael Chapman - LDE","#65 Christopher Howland - DT","#72 Steven Coddington - DT","#73 Ronald Lynn - RDE","#51 John Parker - SLB","#56 Edwin Smith - MLB",,"#91 James Wilson - RDE","#49 George Watkins - CB","#47 Antonio Cargill - CB",,,,"#93 Randal Davis - WLB",,,,,,,,,,,,,,,,,,,,,,,,,,,,,,,,,,,,,
,0:24,,2,1,10,,,,17,7,"Timeout ZeZ",,,,,,,,,,,,,,,,,,,,,,,,,,,,,,,,,,,,,,,,,,,,,,,,,,,,,,,,,,,,,,,,,,,,,,
ZeZ,0:21,"MTG 42",2,1,10,"I Formation Power Play Action HB Downfield","Goal Line Attack #2",12,17,7,"1-10-MTG 42 (0:22) 15-Michael Hall pass complete to 86-Michael Devries to MTG 30 for 12 yards. Tackle by 56-Edwin Smith. PENALTY - Holding (ZeZ 57-Leon Smith)","#15 Michael Hall - QB","#31 Frank Jackson - RB",,"#39 Charles White - FB","#23 Scott Brown - FB","#86 Michael Devries - TE",,"#34 David Cora - WR",,,,,"#75 Kenneth Howell - LT","#66 Samuel Ford - LG","#57 Leon Smith - C","#62 Kent Situ - RG","#70 Eric Wilson - RT",,"#67 John McNeil - LDE","#90 Michael Chapman - LDE","#65 Christopher Howland - DT","#72 Steven Coddington - DT","#73 Ronald Lynn - RDE","#51 John Parker - SLB","#56 Edwin Smith - MLB",,"#91 James Wilson - RDE","#49 George Watkins - CB","#47 Antonio Cargill - CB",,,,"#93 Randal Davis - WLB",,,,,,,,,,,,,,,,,,,,,,,,,,,,,,,,,,,,,
ZeZ,0:16,"ZeZ 48",2,1,20,"Shotgun Normal HB Flare","Quarter Normal CB5 MLB Blitz",,17,7,"1-20-ZeZ 48 (0:17) 15-Michael Hall pass Pass knocked down by 42-Warren Bailey. incomplete, intended for 87-James Ramsey.","#15 Michael Hall - QB","#83 Paul Pirtle - RB",,,,"#86 Michael Devries - TE",,"#34 David Cora - WR","#87 James Ramsey - WR","#10 Ricky Griffin - WR",,,"#75 Kenneth Howell - LT","#66 Samuel Ford - LG","#57 Leon Smith - C","#62 Kent Situ - RG","#70 Eric Wilson - RT",,"#67 John McNeil - LDE",,"#65 Christopher Howland - DT",,"#73 Ronald Lynn - RDE",,"#56 Edwin Smith - MLB",,,"#49 George Watkins - CB","#47 Antonio Cargill - CB","#32 Randolph Griffin - CB","#28 Eddie Mayo - CB","#93 Randal Davis - WLB","#40 Ted Kennedy - SS","#42 Warren Bailey - FS",,,,,,,,,,,,,,,,,,,,,,,,,,,,,,,,,,,,
ZeZ,0:14,"ZeZ 48",2,2,20,"I Formation Normal FL Hitch","Dime Normal Double WR1",,17,7,"2-20-ZeZ 48 (0:15) 15-Michael Hall pass Pass knocked down by 28-Eddie Mayo. incomplete, intended for 86-Michael Devries. PENALTY - Pass Interference (MTG 32-Randolph Griffin)","#15 Michael Hall - QB","#31 Frank Jackson - RB",,,"#23 Scott Brown - FB","#86 Michael Devries - TE",,"#34 David Cora - WR",,"#10 Ricky Griffin - WR",,,"#75 Kenneth Howell - LT","#66 Samuel Ford - LG","#57 Leon Smith - C","#62 Kent Situ - RG","#70 Eric Wilson - RT",,"#67 John McNeil - LDE",,"#65 Christopher Howland - DT","#72 Steven Coddington - DT","#73 Ronald Lynn - RDE",,"#56 Edwin Smith - MLB",,,"#49 George Watkins - CB","#47 Antonio Cargill - CB","#32 Randolph Griffin - CB","#28 Eddie Mayo - CB",,"#40 Ted Kennedy - SS","#42 Warren Bailey - FS",,,,,,,,,,,,,,,,,,,,,,,,,,,,,,,,,,,,
ZeZ,0:10,"MTG 47",2,1,10,"I Formation Normal FL Hook","Nickel Normal SS Blitz",,17,7,"1-10-MTG 47 (0:11) 15-Michael Hall pass Pass knocked down by 93-Randal Davis. incomplete, intended for 23-Scott Brown.","#15 Michael Hall - QB","#31 Frank Jackson - RB",,,"#23 Scott Brown - FB","#86 Michael Devries - TE",,"#34 David Cora - WR",,"#10 Ricky Griffin - WR",,,"#75 Kenneth Howell - LT","#66 Samuel Ford - LG","#57 Leon Smith - C","#62 Kent Situ - RG","#70 Eric Wilson - RT",,"#67 John McNeil - LDE",,"#65 Christopher Howland - DT","#72 Steven Coddington - DT","#73 Ronald Lynn - RDE",,"#56 Edwin Smith - MLB",,"#93 Randal Davis - WLB","#49 George Watkins - CB","#47 Antonio Cargill - CB",,"#28 Eddie Mayo - CB",,"#40 Ted Kennedy - SS","#42 Warren Bailey - FS",,,,,,,,,,,,,,,,,,,,,,,,,,,,,,,,,,,,
ZeZ,0:07,"MTG 47",2,2,10,"Field Goal","FG Block",55,17,7,"2-10-MTG 47 (0:08)",,,,,,,,,,,,,,,,,,,,,,,,,,,,,,,,,,,,"#5 Anthony Henderson - QB","#74 Charles Maldanado - C",,,,,,,,,,,,,,"#4 Carl Thompson - K","#50 William Steiner - C","#71 Lloyd Cushenberry - RG","#75 Kenneth Howell - LT","#86 Michael Devries - TE","#66 Samuel Ford - LG","#62 Kent Situ - RG","#70 Eric Wilson - RT","#72 Harold Mills - LT","#67 John McNeil - LDE","#51 John Parker - SLB","#72 Steven Coddington - DT","#73 Ronald Lynn - RDE","#32 Randolph Griffin - CB","#94 Samuel Rupert - WLB","#49 George Watkins - CB","#65 Christopher Howland - DT","#90 Michael Chapman - LDE","#56 Edwin Smith - MLB","#93 Randal Davis - WLB"
MTG,0:03,"ZeZ 46",2,1,10,"I Formation Twin WR Quick Outs","4-3 Normal Man QB Spy",5,17,7,"1-10-ZeZ 46 (0:04) 8-Larry Scruggs pass complete to 86-James Clayton to ZeZ 41 for 5 yards. Tackle by 92-Robert King.","#8 Larry Scruggs - QB","#39 Kevin Dunn - RB",,,"#85 Arnulfo Rader - TE","#86 James Clayton - TE",,"#10 David Burkhart - WR",,"#87 Eric Castillo - WR",,,"#74 Francesco Fischer - LT","#77 Rodney Davis - LG","#68 Joseph Maio - C","#52 Robert Kepley - RG","#66 Bennie Lown - RT",,"#75 Dennis Smith - LDE",,"#98 Charles Avila - DT","#77 Raymond Taylor - DT","#99 William Sander - RDE","#73 Mark Smith - SLB","#54 Elmer Severs - MLB",,"#92 Robert King - WLB","#47 James Highsmith - CB","#40 Christopher Strickland - CB",,,,"#49 Matthew Dowell - SS","#58 Paul Ness - FS",,,,,,,,,,,,,,,,,,,,,,,,,,,,,,,,,,,,
,0:00,,2,2,5,,,,17,7,"End of half.",,,,,,,,,,,,,,,,,,,,,,,,,,,,,,,,,,,,,,,,,,,,,,,,,,,,,,,,,,,,,,,,,,,,,,
MTG,15:00,"MTG 35",3,6,10,Kickoff,"Kick Return",,17,7,"(15:00) 18-Dennis Neese kicks 74 yards from MTG 35 to ZeZ -9. Touchback.",,,,,,,,,,,,,,,,,,,,,,,,,,,,,,,,,,,,,,"#17 Mike Bunch - WR",,"#38 Gerald Callahan - CB","#59 Van Erickson - SLB","#58 Paul Ness - FS","#99 William Sander - RDE","#40 Christopher Strickland - CB","#92 Robert King - WLB","#49 Matthew Dowell - SS","#98 Charles Avila - DT","#75 Dennis Smith - LDE","#54 Elmer Severs - MLB","#18 Dennis Neese - K",,,,,,,,,,,,,,,,,,,,
ZeZ,15:00,"ZeZ 25",3,1,10,"Shotgun Normal TE Out","Quarter Normal CB5 Blitz",2,17,7,"1-10-ZeZ 25 (15:00) 15-Michael Hall pass complete to 87-James Ramsey to ZeZ 27 for 2 yards. Tackle by 28-Eddie Mayo.","#15 Michael Hall - QB","#31 Frank Jackson - RB",,,,"#86 Michael Devries - TE",,"#34 David Cora - WR","#87 James Ramsey - WR","#10 Ricky Griffin - WR",,,"#75 Kenneth Howell - LT","#66 Samuel Ford - LG","#57 Leon Smith - C","#62 Kent Situ - RG","#70 Eric Wilson - RT",,"#67 John McNeil - LDE",,"#65 Christopher Howland - DT",,"#73 Ronald Lynn - RDE",,"#56 Edwin Smith - MLB",,,"#49 George Watkins - CB","#47 Antonio Cargill - CB","#32 Randolph Griffin - CB","#28 Eddie Mayo - CB","#93 Randal Davis - WLB","#40 Ted Kennedy - SS","#42 Warren Bailey - FS",,,,,,,,,,,,,,,,,,,,,,,,,,,,,,,,,,,,
ZeZ,14:24,"ZeZ 27",3,2,8,"Shotgun 5 Wide Slot Cross","Nickel Strong 2 Deep Man Under",6,17,7,"2-8-ZeZ 27 (14:23) 15-Michael Hall pass complete to 10-Ricky Griffin to ZeZ 33 for 6 yards. Tackle by 47-Antonio Cargill.","#15 Michael Hall - QB",,,,,,,"#34 David Cora - WR","#87 James Ramsey - WR","#10 Ricky Griffin - WR","#85 Harold Moore - WR","#17 Mike Bunch - WR","#75 Kenneth Howell - LT","#66 Samuel Ford - LG","#57 Leon Smith - C","#62 Kent Situ - RG","#70 Eric Wilson - RT",,"#67 John McNeil - LDE",,"#65 Christopher Howland - DT","#72 Steven Coddington - DT","#73 Ronald Lynn - RDE",,"#56 Edwin Smith - MLB",,"#93 Randal Davis - WLB","#49 George Watkins - CB","#47 Antonio Cargill - CB",,"#28 Eddie Mayo - CB",,"#40 Ted Kennedy - SS","#42 Warren Bailey - FS",,,,,,,,,,,,,,,,,,,,,,,,,,,,,,,,,,,,
ZeZ,13:43,"ZeZ 33",3,3,2,"Singleback Big TE Flat Curl","4-3 Under Crash Left",5,17,7,"3-2-ZeZ 33 (13:42) 15-Michael Hall pass complete to 86-Michael Devries to ZeZ 38 for 5 yards. Tackle by 40-Ted Kennedy. 86-Michael Devries made a great move on the CB. PENALTY - Holding (ZeZ 79-Kenneth Howell)","#15 Michael Hall - QB","#31 Frank Jackson - RB",,,,"#86 Michael Devries - TE","#80 Bradley Bruce - TE","#34 David Cora - WR",,"#10 Ricky Griffin - WR",,,"#75 Kenneth Howell - LT","#66 Samuel Ford - LG","#57 Leon Smith - C","#62 Kent Situ - RG","#70 Eric Wilson - RT",,"#67 John McNeil - LDE",,"#65 Christopher Howland - DT","#72 Steven Coddington - DT","#73 Ronald Lynn - RDE","#51 John Parker - SLB","#56 Edwin Smith - MLB",,"#93 Randal Davis - WLB","#49 George Watkins - CB","#47 Antonio Cargill - CB",,,,"#40 Ted Kennedy - SS","#42 Warren Bailey - FS",,,,,,,,,,,,,,,,,,,,,,,,,,,,,,,,,,,,
ZeZ,13:37,"ZeZ 23",3,3,12,"Singleback Big Waggle Post","4-3 Under Crowd Middle Deep Man",7,17,7,"3-12-ZeZ 23 (13:38) 15-Michael Hall pass complete to 31-Frank Jackson to ZeZ 29 for 7 yards. Tackle by 28-Eddie Mayo.","#15 Michael Hall - QB","#31 Frank Jackson - RB",,,,"#86 Michael Devries - TE","#80 Bradley Bruce - TE","#87 James Ramsey - WR",,"#85 Harold Moore - WR",,,"#75 Kenneth Howell - LT","#66 Samuel Ford - LG","#57 Leon Smith - C","#62 Kent Situ - RG","#70 Eric Wilson - RT",,"#67 John McNeil - LDE",,"#65 Christopher Howland - DT","#72 Steven Coddington - DT","#73 Ronald Lynn - RDE","#51 John Parker - SLB","#58 Brian Keim - MLB",,"#94 Samuel Rupert - WLB","#28 Eddie Mayo - CB","#32 Randolph Griffin - CB",,,,"#23 Jonathan Snyder - SS","#45 Evan Lehman - FS",,,,,,,,,,,,,,,,,,,,,,,,,,,,,,,,,,,,
ZeZ,12:52,"ZeZ 29",3,4,6,Punt,"Punt Return",,17,7,"4-6-ZeZ 29 (12:51) 2-Charles White punts 46 yards to MTG 25. 10-David Burkhart to MTG 35 for 10 yards. Tackle by 49-Matthew Dowell.",,,,,,,,,,,,,,,,,,"#2 Charles White - P",,,,,,,,,,,,,,,,,,,"#74 Charles Maldanado - C",,"#10 David Burkhart - WR",,,"#56 Edwin Smith - MLB","#49 George Watkins - CB","#28 Eddie Mayo - CB",,"#32 Randolph Griffin - CB","#47 Antonio Cargill - CB",,"#42 Warren Bailey - FS",,,,"#71 Lloyd Cushenberry - RG","#75 Kenneth Howell - LT","#86 Michael Devries - TE","#66 Samuel Ford - LG","#62 Kent Situ - RG","#70 Eric Wilson - RT",,"#67 John McNeil - LDE","#51 John Parker - SLB","#72 Steven Coddington - DT","#73 Ronald Lynn - RDE",,,,,,,
MTG,12:41,"MTG 35",3,1,10,"Shotgun 2 RB 3 WR FB In","Nickel Normal Cover 2",1,17,7,"1-10-MTG 35 (12:42) 8-Larry Scruggs pass complete to 10-David Burkhart to MTG 35 for 1 yards. Tackle by 47-James Highsmith.","#8 Larry Scruggs - QB","#39 Kevin Dunn - RB","#15 Ronald Paez - RB",,,,,"#10 David Burkhart - WR","#84 Donald Bacon - WR","#87 Eric Castillo - WR",,,"#74 Francesco Fischer - LT","#77 Rodney Davis - LG","#68 Joseph Maio - C","#52 Robert Kepley - RG","#66 Bennie Lown - RT",,"#75 Dennis Smith - LDE",,"#98 Charles Avila - DT","#77 Raymond Taylor - DT","#99 William Sander - RDE",,"#54 Elmer Severs - MLB",,"#92 Robert King - WLB","#47 James Highsmith - CB","#37 Micheal Stewart - FS",,"#38 Gerald Callahan - CB",,"#44 Gary Jackson - CB","#58 Paul Ness - FS",,,,,,,,,,,,,,,,,,,,,,,,,,,,,,,,,,,,
MTG,11:58,"MTG 35",3,2,9,"Weak I Normal HB Inside Weak","4-3 Normal Man QB Spy",1,17,7,"2-9-MTG 35 (11:57) 15-Ronald Paez ran to MTG 37 for 1 yards. Tackle by 77-Raymond Taylor.","#8 Larry Scruggs - QB","#15 Ronald Paez - RB",,,"#85 Arnulfo Rader - TE","#86 James Clayton - TE",,"#10 David Burkhart - WR",,"#87 Eric Castillo - WR",,,"#74 Francesco Fischer - LT","#77 Rodney Davis - LG","#68 Joseph Maio - C","#52 Robert Kepley - RG","#66 Bennie Lown - RT",,"#75 Dennis Smith - LDE",,"#98 Charles Avila - DT","#77 Raymond Taylor - DT","#99 William Sander - RDE","#73 Mark Smith - SLB","#54 Elmer Severs - MLB",,"#92 Robert King - WLB","#47 James Highsmith - CB","#40 Christopher Strickland - CB",,,,"#49 Matthew Dowell - SS","#58 Paul Ness - FS",,,,,,,,,,,,,,,,,,,,,,,,,,,,,,,,,,,,
MTG,11:20,"MTG 37",3,3,8,"Shotgun 5 Wide Slot Drag","Dime Normal 2 Deep Man Under",,17,7,"3-8-MTG 37 (11:19) 8-Larry Scruggs pass complete to 84-Donald Bacon to MTG 37 for a short gain. Tackle by 44-Gary Jackson. PENALTY - Holding (MTG 74-Francesco Fischer) (Declined)","#8 Larry Scruggs - QB",,,,,,,"#10 David Burkhart - WR","#84 Donald Bacon - WR","#87 Eric Castillo - WR","#83 Ronnie Kappler - WR","#19 Anthony Miron - WR","#74 Francesco Fischer - LT","#77 Rodney Davis - LG","#68 Joseph Maio - C","#52 Robert Kepley - RG","#66 Bennie Lown - RT",,"#75 Dennis Smith - LDE",,"#98 Charles Avila - DT","#77 Raymond Taylor - DT","#99 William Sander - RDE",,"#54 Elmer Severs - MLB",,,"#47 James Highsmith - CB","#40 Christopher Strickland - CB","#37 Micheal Stewart - FS","#44 Gary Jackson - CB",,"#49 Matthew Dowell - SS","#58 Paul Ness - FS",,,,,,,,,,,,,,,,,,,,,,,,,,,,,,,,,,,,
MTG,11:15,"MTG 37",3,4,8,Punt,"Punt Return",,17,7,"4-8-MTG 37 (11:16) 16-Eugene Simpson punts 51 yards to ZeZ 12. Fair Catch by 17-Mike Bunch.",,,,,,,,,,,,,,,,,,"#16 Eugene Simpson - P",,,,,,,,,,,,,,,,,,,"#79 James Page - LG",,"#17 Mike Bunch - WR",,,"#49 Matthew Dowell - SS","#38 Gerald Callahan - CB","#40 Christopher Strickland - CB",,"#54 Elmer Severs - MLB","#59 Van Erickson - SLB",,"#75 Dennis Smith - LDE",,,,"#78 John Castillo - C","#66 Bennie Lown - RT","#74 Francesco Fischer - LT","#70 Chad Barajas - LT","#77 Rodney Davis - LG","#52 Robert Kepley - RG",,"#92 Robert King - WLB","#58 Paul Ness - FS","#98 Charles Avila - DT","#99 William Sander - RDE",,,,,,,
ZeZ,11:08,"ZeZ 12",3,1,10,"I Formation Normal HB Blast","Dime Normal Double WR1 WR2",21,17,7,"1-10-ZeZ 12 (11:09) 31-Frank Jackson ran to ZeZ 33 for 21 yards. Tackle by 49-George Watkins.","#15 Michael Hall - QB","#31 Frank Jackson - RB",,,"#23 Scott Brown - FB","#86 Michael Devries - TE",,"#34 David Cora - WR",,"#10 Ricky Griffin - WR",,,"#75 Kenneth Howell - LT","#66 Samuel Ford - LG","#57 Leon Smith - C","#62 Kent Situ - RG","#70 Eric Wilson - RT",,"#67 John McNeil - LDE",,"#65 Christopher Howland - DT","#72 Steven Coddington - DT","#73 Ronald Lynn - RDE",,"#58 Brian Keim - MLB",,,"#49 George Watkins - CB","#47 Antonio Cargill - CB","#94 Samuel Rupert - WLB","#32 Randolph Griffin - CB",,"#40 Ted Kennedy - SS","#42 Warren Bailey - FS",,,,,,,,,,,,,,,,,,,,,,,,,,,,,,,,,,,,
ZeZ,10:25,"ZeZ 33",3,1,10,"Singleback Big Waggle Post","4-3 Under Crash Right",,17,7,"1-10-ZeZ 33 (10:24) PENALTY - False Start (ZeZ 15-Michael Hall)","#15 Michael Hall - QB","#83 Paul Pirtle - RB",,,,"#86 Michael Devries - TE","#80 Bradley Bruce - TE","#34 David Cora - WR",,"#10 Ricky Griffin - WR",,,"#75 Kenneth Howell - LT","#66 Samuel Ford - LG","#57 Leon Smith - C","#62 Kent Situ - RG","#70 Eric Wilson - RT",,"#67 John McNeil - LDE",,"#65 Christopher Howland - DT","#72 Steven Coddington - DT","#73 Ronald Lynn - RDE","#51 John Parker - SLB","#56 Edwin Smith - MLB",,"#93 Randal Davis - WLB","#49 George Watkins - CB","#47 Antonio Cargill - CB",,,,"#40 Ted Kennedy - SS","#42 Warren Bailey - FS",,,,,,,,,,,,,,,,,,,,,,,,,,,,,,,,,,,,
ZeZ,10:23,"ZeZ 28",3,1,15,"I Formation Normal FL Hitch","Dime Normal Double WR1 WR2",6,17,7,"1-15-ZeZ 28 (10:24) 15-Michael Hall pass complete to 34-David Cora to ZeZ 34 for 6 yards. Tackle by 49-George Watkins.","#15 Michael Hall - QB","#83 Paul Pirtle - RB",,,"#23 Scott Brown - FB","#86 Michael Devries - TE",,"#34 David Cora - WR",,"#10 Ricky Griffin - WR",,,"#75 Kenneth Howell - LT","#66 Samuel Ford - LG","#57 Leon Smith - C","#62 Kent Situ - RG","#70 Eric Wilson - RT",,"#67 John McNeil - LDE",,"#65 Christopher Howland - DT","#72 Steven Coddington - DT","#73 Ronald Lynn - RDE",,"#56 Edwin Smith - MLB",,,"#49 George Watkins - CB","#47 Antonio Cargill - CB","#32 Randolph Griffin - CB","#28 Eddie Mayo - CB",,"#40 Ted Kennedy - SS","#42 Warren Bailey - FS",,,,,,,,,,,,,,,,,,,,,,,,,,,,,,,,,,,,
ZeZ,9:50,"ZeZ 34",3,2,9,"I Formation Normal FL Hook","Dime Normal FS Blitz",3,17,7,"2-9-ZeZ 34 (9:49) 15-Michael Hall pass complete to 31-Frank Jackson to ZeZ 37 for 3 yards. Tackle by 32-Randolph Griffin.","#15 Michael Hall - QB","#31 Frank Jackson - RB",,,"#23 Scott Brown - FB","#86 Michael Devries - TE",,"#34 David Cora - WR",,"#10 Ricky Griffin - WR",,,"#75 Kenneth Howell - LT","#66 Samuel Ford - LG","#57 Leon Smith - C","#62 Kent Situ - RG","#70 Eric Wilson - RT",,"#67 John McNeil - LDE",,"#65 Christopher Howland - DT","#72 Steven Coddington - DT","#73 Ronald Lynn - RDE",,"#56 Edwin Smith - MLB",,,"#49 George Watkins - CB","#47 Antonio Cargill - CB","#32 Randolph Griffin - CB","#28 Eddie Mayo - CB",,"#40 Ted Kennedy - SS","#42 Warren Bailey - FS",,,,,,,,,,,,,,,,,,,,,,,,,,,,,,,,,,,,
ZeZ,9:12,"ZeZ 37",3,3,6,"I Formation Normal HB Blast","Nickel 3-3-5 Weak Side Blitz",4,17,7,"3-6-ZeZ 37 (9:11) 83-Paul Pirtle ran to ZeZ 41 for 4 yards. Tackle by 56-Edwin Smith. ZeZ 34-David Cora was injured on the play. He looks like he should be able to return.","#15 Michael Hall - QB","#83 Paul Pirtle - RB",,,"#23 Scott Brown - FB","#86 Michael Devries - TE",,"#34 David Cora - WR",,"#10 Ricky Griffin - WR",,,"#75 Kenneth Howell - LT","#66 Samuel Ford - LG","#57 Leon Smith - C","#62 Kent Situ - RG","#70 Eric Wilson - RT",,"#67 John McNeil - LDE",,"#65 Christopher Howland - DT",,"#73 Ronald Lynn - RDE","#51 John Parker - SLB","#56 Edwin Smith - MLB",,"#93 Randal Davis - WLB","#49 George Watkins - CB","#47 Antonio Cargill - CB",,"#28 Eddie Mayo - CB",,"#40 Ted Kennedy - SS","#42 Warren Bailey - FS",,,,,,,,,,,,,,,,,,,,,,,,,,,,,,,,,,,,
ZeZ,8:27,"ZeZ 41",3,4,2,Punt,"Punt Return",,17,7,"4-2-ZeZ 41 (8:26) 2-Charles White punts 53 yards to MTG 6. Fair Catch by 10-David Burkhart.",,,,,,,,,,,,,,,,,,"#2 Charles White - P",,,,,,,,,,,,,,,,,,,"#74 Charles Maldanado - C",,"#10 David Burkhart - WR",,,"#56 Edwin Smith - MLB","#49 George Watkins - CB","#28 Eddie Mayo - CB",,"#32 Randolph Griffin - CB","#47 Antonio Cargill - CB",,"#42 Warren Bailey - FS",,,,"#71 Lloyd Cushenberry - RG","#75 Kenneth Howell - LT","#86 Michael Devries - TE","#66 Samuel Ford - LG","#62 Kent Situ - RG","#70 Eric Wilson - RT",,"#67 John McNeil - LDE","#51 John Parker - SLB","#72 Steven Coddington - DT","#73 Ronald Lynn - RDE",,,,,,,
MTG,8:18,"MTG 6",3,1,10,"Split Backs 3 Wide WR Post","Nickel 3-3-5 Cover 2 Man Under",2,17,7,"1-10-MTG 6 (8:19) 8-Larry Scruggs pass complete to 85-Arnulfo Rader to MTG 8 for 2 yards. Tackle by 92-Robert King.","#8 Larry Scruggs - QB","#39 Kevin Dunn - RB",,,"#85 Arnulfo Rader - TE",,,"#10 David Burkhart - WR","#84 Donald Bacon - WR","#87 Eric Castillo - WR",,,"#74 Francesco Fischer - LT","#77 Rodney Davis - LG","#68 Joseph Maio - C","#52 Robert Kepley - RG","#66 Bennie Lown - RT",,"#75 Dennis Smith - LDE",,"#98 Charles Avila - DT",,"#99 William Sander - RDE","#73 Mark Smith - SLB","#54 Elmer Severs - MLB",,"#92 Robert King - WLB","#47 James Highsmith - CB","#40 Christopher Strickland - CB",,"#44 Gary Jackson - CB",,"#49 Matthew Dowell - SS","#58 Paul Ness - FS",,,,,,,,,,,,,,,,,,,,,,,,,,,,,,,,,,,,
MTG,7:43,"MTG 8",3,2,8,"Shotgun Normal HB Flare","Nickel 3-3-5 Cover 2 Man Under",6,17,7,"2-8-MTG 8 (7:42) 8-Larry Scruggs pass complete to 39-Kevin Dunn to MTG 14 for 6 yards. Tackle by 92-Robert King.","#8 Larry Scruggs - QB","#39 Kevin Dunn - RB",,,,"#86 James Clayton - TE",,"#10 David Burkhart - WR","#84 Donald Bacon - WR","#87 Eric Castillo - WR",,,"#74 Francesco Fischer - LT","#77 Rodney Davis - LG","#68 Joseph Maio - C","#52 Robert Kepley - RG","#66 Bennie Lown - RT",,"#75 Dennis Smith - LDE",,"#98 Charles Avila - DT",,"#99 William Sander - RDE","#73 Mark Smith - SLB","#54 Elmer Severs - MLB",,"#92 Robert King - WLB","#47 James Highsmith - CB","#40 Christopher Strickland - CB",,"#44 Gary Jackson - CB",,"#49 Matthew Dowell - SS","#58 Paul Ness - FS",,,,,,,,,,,,,,,,,,,,,,,,,,,,,,,,,,,,
MTG,7:07,"MTG 14",3,3,2,"I Formation Normal HB Draw","4-3 Normal Double WR1",,17,7,"3-2-MTG 14 (7:06) 15-Ronald Paez ran to MTG 14 for a short gain. Tackle by 77-Raymond Taylor.","#8 Larry Scruggs - QB","#15 Ronald Paez - RB",,,"#85 Arnulfo Rader - TE","#86 James Clayton - TE",,"#10 David Burkhart - WR",,"#87 Eric Castillo - WR",,,"#74 Francesco Fischer - LT","#77 Rodney Davis - LG","#68 Joseph Maio - C","#52 Robert Kepley - RG","#66 Bennie Lown - RT",,"#75 Dennis Smith - LDE",,"#98 Charles Avila - DT","#77 Raymond Taylor - DT","#99 William Sander - RDE","#73 Mark Smith - SLB","#54 Elmer Severs - MLB",,"#92 Robert King - WLB","#47 James Highsmith - CB","#40 Christopher Strickland - CB",,,,"#49 Matthew Dowell - SS","#58 Paul Ness - FS",,,,,,,,,,,,,,,,,,,,,,,,,,,,,,,,,,,,
MTG,6:31,"MTG 14",3,4,2,Punt,"Punt Return",,17,7,"4-2-MTG 14 (6:30) 16-Eugene Simpson punts 47 yards to ZeZ 39. Fair Catch by 17-Mike Bunch.",,,,,,,,,,,,,,,,,,"#16 Eugene Simpson - P",,,,,,,,,,,,,,,,,,,"#79 James Page - LG",,"#17 Mike Bunch - WR",,,"#49 Matthew Dowell - SS","#38 Gerald Callahan - CB","#40 Christopher Strickland - CB",,"#54 Elmer Severs - MLB","#59 Van Erickson - SLB",,"#75 Dennis Smith - LDE",,,,"#78 John Castillo - C","#66 Bennie Lown - RT","#74 Francesco Fischer - LT","#70 Chad Barajas - LT","#77 Rodney Davis - LG","#52 Robert Kepley - RG",,"#92 Robert King - WLB","#58 Paul Ness - FS","#98 Charles Avila - DT","#99 William Sander - RDE",,,,,,,
ZeZ,6:22,"ZeZ 39",3,1,10,"I Formation Normal FL Hitch","Dime Normal Double WR1 WR2",61,17,13,"1-10-ZeZ 39 (6:23) 15-Michael Hall pass complete to 87-James Ramsey for 61 yards. TOUCHDOWN! 47-Antonio Cargill got away with a hold on that play. MTG 17 ZeZ 13","#15 Michael Hall - QB","#31 Frank Jackson - RB",,,"#23 Scott Brown - FB","#86 Michael Devries - TE",,"#10 Ricky Griffin - WR",,"#87 James Ramsey - WR",,,"#75 Kenneth Howell - LT","#66 Samuel Ford - LG","#57 Leon Smith - C","#62 Kent Situ - RG","#70 Eric Wilson - RT",,"#67 John McNeil - LDE",,"#65 Christopher Howland - DT","#72 Steven Coddington - DT","#73 Ronald Lynn - RDE",,"#58 Brian Keim - MLB",,,"#49 George Watkins - CB","#47 Antonio Cargill - CB","#94 Samuel Rupert - WLB","#32 Randolph Griffin - CB",,"#40 Ted Kennedy - SS","#42 Warren Bailey - FS",,,,,,,,,,,,,,,,,,,,,,,,,,,,,,,,,,,,
ZeZ,6:14,"MTG 15",3,7,15,"Field Goal","FG Block",26,17,14,"(6:15) Extra point GOOD by 4-Carl Thompson. MTG 17 ZeZ 14",,,,,,,,,,,,,,,,,,,,,,,,,,,,,,,,,,,,"#5 Anthony Henderson - QB","#74 Charles Maldanado - C",,,,,,,,,,,,,,"#4 Carl Thompson - K","#57 Leon Smith - C","#70 Eric Wilson - RT","#71 Lloyd Cushenberry - RG","#66 Samuel Ford - LG","#62 Kent Situ - RG","#75 Kenneth Howell - LT","#72 Harold Mills - LT","#50 William Steiner - C","#67 John McNeil - LDE","#51 John Parker - SLB","#72 Steven Coddington - DT","#73 Ronald Lynn - RDE","#45 Evan Lehman - FS","#96 Earl Bland - SLB","#91 James Wilson - RDE","#65 Christopher Howland - DT","#90 Michael Chapman - LDE","#56 Edwin Smith - MLB","#93 Randal Davis - WLB"
ZeZ,6:14,"ZeZ 35",3,6,10,Kickoff,"Kick Return",,17,14,"(6:15) 4-Carl Thompson kicks 75 yards from ZeZ 35 to MTG -10. Touchback.",,,,,,,,,,,,,,,,,,,,,,,,,,,,,,,,,,,,,,"#10 David Burkhart - WR",,"#45 Evan Lehman - FS","#93 Randal Davis - WLB","#56 Edwin Smith - MLB","#49 George Watkins - CB","#28 Eddie Mayo - CB","#94 Samuel Rupert - WLB","#32 Randolph Griffin - CB","#47 Antonio Cargill - CB","#40 Ted Kennedy - SS","#42 Warren Bailey - FS","#4 Carl Thompson - K",,,,,,,,,,,,,,,,,,,,
MTG,6:14,"MTG 25",3,1,10,"I Formation Power PA Flats","Goal Line Attack #1",2,17,14,"1-10-MTG 25 (6:15) 8-Larry Scruggs pass complete to 86-James Clayton to MTG 27 for 2 yards. Tackle by 40-Christopher Strickland.","#8 Larry Scruggs - QB","#39 Kevin Dunn - RB",,"#85 Arnulfo Rader - TE","#22 Edward Godines - RB","#86 James Clayton - TE",,"#10 David Burkhart - WR",,,,,"#74 Francesco Fischer - LT","#77 Rodney Davis - LG","#68 Joseph Maio - C","#52 Robert Kepley - RG","#66 Bennie Lown - RT",,"#75 Dennis Smith - LDE","#53 William Schmeling - RDE","#98 Charles Avila - DT","#77 Raymond Taylor - DT","#99 William Sander - RDE","#73 Mark Smith - SLB","#54 Elmer Severs - MLB",,"#92 Robert King - WLB","#47 James Highsmith - CB","#40 Christopher Strickland - CB",,,,"#49 Matthew Dowell - SS",,,,,,,,,,,,,,,,,,,,,,,,,,,,,,,,,,,,,
MTG,5:33,"MTG 27",3,2,8,"Split Backs 3 Wide WR Quick Out","Nickel 3-3-5 Cover 2 Man Under",2,17,14,"2-8-MTG 27 (5:32) 8-Larry Scruggs pass complete to 39-Kevin Dunn to MTG 29 for 2 yards. Tackle by 40-Christopher Strickland.","#8 Larry Scruggs - QB","#39 Kevin Dunn - RB",,,"#85 Arnulfo Rader - TE",,,"#10 David Burkhart - WR","#84 Donald Bacon - WR","#87 Eric Castillo - WR",,,"#74 Francesco Fischer - LT","#77 Rodney Davis - LG","#68 Joseph Maio - C","#52 Robert Kepley - RG","#66 Bennie Lown - RT",,"#75 Dennis Smith - LDE",,"#98 Charles Avila - DT",,"#99 William Sander - RDE","#73 Mark Smith - SLB","#54 Elmer Severs - MLB",,"#92 Robert King - WLB","#47 James Highsmith - CB","#40 Christopher Strickland - CB",,"#44 Gary Jackson - CB",,"#49 Matthew Dowell - SS","#58 Paul Ness - FS",,,,,,,,,,,,,,,,,,,,,,,,,,,,,,,,,,,,
MTG,4:49,"MTG 29",3,3,6,"I Formation Normal HB Draw","4-3 Normal Man QB Spy",1,17,14,"3-6-MTG 29 (4:48) 15-Ronald Paez ran to MTG 30 for 1 yards. Tackle by 98-Charles Avila.","#8 Larry Scruggs - QB","#15 Ronald Paez - RB",,,"#85 Arnulfo Rader - TE","#86 James Clayton - TE",,"#10 David Burkhart - WR",,"#87 Eric Castillo - WR",,,"#74 Francesco Fischer - LT","#77 Rodney Davis - LG","#68 Joseph Maio - C","#52 Robert Kepley - RG","#66 Bennie Lown - RT",,"#75 Dennis Smith - LDE",,"#98 Charles Avila - DT","#77 Raymond Taylor - DT","#99 William Sander - RDE","#73 Mark Smith - SLB","#54 Elmer Severs - MLB",,"#92 Robert King - WLB","#47 James Highsmith - CB","#40 Christopher Strickland - CB",,,,"#49 Matthew Dowell - SS","#58 Paul Ness - FS",,,,,,,,,,,,,,,,,,,,,,,,,,,,,,,,,,,,
MTG,4:17,"MTG 30",3,4,5,Punt,"Punt Return",,17,14,"4-5-MTG 30 (4:16) 16-Eugene Simpson punts 51 yards to ZeZ 19. Fair Catch by 17-Mike Bunch. PENALTY - Holding (MTG 66-Bennie Lown) (Declined)",,,,,,,,,,,,,,,,,,"#16 Eugene Simpson - P",,,,,,,,,,,,,,,,,,,"#79 James Page - LG",,"#17 Mike Bunch - WR",,,"#49 Matthew Dowell - SS","#38 Gerald Callahan - CB","#40 Christopher Strickland - CB",,"#99 William Sander - RDE","#59 Van Erickson - SLB",,"#75 Dennis Smith - LDE",,,,"#78 John Castillo - C","#66 Bennie Lown - RT","#74 Francesco Fischer - LT","#70 Chad Barajas - LT","#77 Rodney Davis - LG","#52 Robert Kepley - RG",,"#92 Robert King - WLB","#58 Paul Ness - FS","#98 Charles Avila - DT","#54 Elmer Severs - MLB",,,,,,,
ZeZ,4:08,"ZeZ 19",3,1,10,"Weak I Normal Fullback Counter Weak","Quarter Normal CB5 MLB Blitz",1,17,14,"1-10-ZeZ 19 (4:09) 23-Scott Brown ran to ZeZ 21 for 1 yards. Tackle by 73-Ronald Lynn.","#15 Michael Hall - QB","#31 Frank Jackson - RB",,,"#23 Scott Brown - FB","#86 Michael Devries - TE",,"#34 David Cora - WR",,"#10 Ricky Griffin - WR",,,"#75 Kenneth Howell - LT","#66 Samuel Ford - LG","#57 Leon Smith - C","#62 Kent Situ - RG","#70 Eric Wilson - RT",,"#67 John McNeil - LDE",,"#65 Christopher Howland - DT",,"#73 Ronald Lynn - RDE",,"#58 Brian Keim - MLB",,,"#49 George Watkins - CB","#47 Antonio Cargill - CB","#94 Samuel Rupert - WLB","#32 Randolph Griffin - CB","#93 Randal Davis - WLB","#40 Ted Kennedy - SS","#42 Warren Bailey - FS",,,,,,,,,,,,,,,,,,,,,,,,,,,,,,,,,,,,
ZeZ,3:27,"ZeZ 21",3,2,9,"I Formation Normal PA Outside Curls","Quarter Normal CB3 CB4 Blitz",,17,14,"2-9-ZeZ 21 (3:26) 15-Michael Hall pass Pass knocked down by 93-Randal Davis. incomplete, intended for 31-Frank Jackson.","#15 Michael Hall - QB","#31 Frank Jackson - RB",,,"#23 Scott Brown - FB","#86 Michael Devries - TE",,"#34 David Cora - WR",,"#10 Ricky Griffin - WR",,,"#75 Kenneth Howell - LT","#66 Samuel Ford - LG","#57 Leon Smith - C","#62 Kent Situ - RG","#70 Eric Wilson - RT",,"#67 John McNeil - LDE",,"#65 Christopher Howland - DT",,"#73 Ronald Lynn - RDE",,"#56 Edwin Smith - MLB",,,"#49 George Watkins - CB","#47 Antonio Cargill - CB","#32 Randolph Griffin - CB","#28 Eddie Mayo - CB","#93 Randal Davis - WLB","#40 Ted Kennedy - SS","#42 Warren Bailey - FS",,,,,,,,,,,,,,,,,,,,,,,,,,,,,,,,,,,,
ZeZ,3:22,"ZeZ 21",3,3,9,"I Formation 3WR WR Out","Quarter Normal CB5 Blitz",5,17,14,"3-9-ZeZ 21 (3:23) 15-Michael Hall pass complete to 10-Ricky Griffin to ZeZ 26 for 5 yards. Tackle by 47-Antonio Cargill.","#15 Michael Hall - QB","#31 Frank Jackson - RB",,,"#23 Scott Brown - FB",,,"#34 David Cora - WR","#87 James Ramsey - WR","#10 Ricky Griffin - WR",,,"#75 Kenneth Howell - LT","#66 Samuel Ford - LG","#57 Leon Smith - C","#62 Kent Situ - RG","#70 Eric Wilson - RT",,"#67 John McNeil - LDE",,"#65 Christopher Howland - DT",,"#73 Ronald Lynn - RDE",,"#56 Edwin Smith - MLB",,,"#49 George Watkins - CB","#47 Antonio Cargill - CB","#32 Randolph Griffin - CB","#28 Eddie Mayo - CB","#93 Randal Davis - WLB","#40 Ted Kennedy - SS","#42 Warren Bailey - FS",,,,,,,,,,,,,,,,,,,,,,,,,,,,,,,,,,,,
ZeZ,2:41,"ZeZ 26",3,4,3,Punt,"Punt Return",,17,14,"4-3-ZeZ 26 (2:40) 2-Charles White punts 53 yards to MTG 21. 10-David Burkhart to MTG 25 for 4 yards. Tackle by 58-Paul Ness.",,,,,,,,,,,,,,,,,,"#2 Charles White - P",,,,,,,,,,,,,,,,,,,"#74 Charles Maldanado - C",,"#10 David Burkhart - WR",,,"#56 Edwin Smith - MLB","#49 George Watkins - CB","#28 Eddie Mayo - CB",,"#32 Randolph Griffin - CB","#47 Antonio Cargill - CB",,"#42 Warren Bailey - FS",,,,"#71 Lloyd Cushenberry - RG","#75 Kenneth Howell - LT","#86 Michael Devries - TE","#66 Samuel Ford - LG","#62 Kent Situ - RG","#70 Eric Wilson - RT",,"#67 John McNeil - LDE","#51 John Parker - SLB","#72 Steven Coddington - DT","#73 Ronald Lynn - RDE",,,,,,,
MTG,2:31,"MTG 25",3,1,10,"I Formation Normal Max Protect","4-3 Normal Man Under 1",,17,14,"1-10-MTG 25 (2:32) 8-Larry Scruggs pass Pass knocked down by 73-Mark Smith. incomplete, intended for 39-Kevin Dunn. PENALTY - Holding (MTG 66-Bennie Lown)","#8 Larry Scruggs - QB","#39 Kevin Dunn - RB",,,"#85 Arnulfo Rader - TE","#86 James Clayton - TE",,"#10 David Burkhart - WR",,"#87 Eric Castillo - WR",,,"#74 Francesco Fischer - LT","#77 Rodney Davis - LG","#68 Joseph Maio - C","#52 Robert Kepley - RG","#66 Bennie Lown - RT",,"#75 Dennis Smith - LDE",,"#98 Charles Avila - DT","#77 Raymond Taylor - DT","#99 William Sander - RDE","#73 Mark Smith - SLB","#54 Elmer Severs - MLB",,"#92 Robert King - WLB","#47 James Highsmith - CB","#44 Gary Jackson - CB",,,,"#49 Matthew Dowell - SS","#37 Micheal Stewart - FS",,,,,,,,,,,,,,,,,,,,,,,,,,,,,,,,,,,,
MTG,2:27,"MTG 15",3,1,20,"Singleback Normal HB Dive Weak","Nickel 3-3-5 Cover 2 Man Under",1,17,14,"1-20-MTG 15 (2:28) 15-Ronald Paez ran to MTG 16 for 1 yards. Tackle by 98-Charles Avila.","#8 Larry Scruggs - QB","#15 Ronald Paez - RB",,,,"#85 Arnulfo Rader - TE",,"#10 David Burkhart - WR","#84 Donald Bacon - WR","#87 Eric Castillo - WR",,,"#74 Francesco Fischer - LT","#77 Rodney Davis - LG","#68 Joseph Maio - C","#52 Robert Kepley - RG","#66 Bennie Lown - RT",,"#75 Dennis Smith - LDE",,"#98 Charles Avila - DT",,"#99 William Sander - RDE","#73 Mark Smith - SLB","#54 Elmer Severs - MLB",,"#92 Robert King - WLB","#47 James Highsmith - CB","#40 Christopher Strickland - CB",,"#44 Gary Jackson - CB",,"#49 Matthew Dowell - SS","#58 Paul Ness - FS",,,,,,,,,,,,,,,,,,,,,,,,,,,,,,,,,,,,
MTG,1:46,"MTG 16",3,2,19,"Singleback Normal Quick Slant","Nickel Normal Cover 2",6,17,14,"2-19-MTG 16 (1:45) 8-Larry Scruggs pass complete to 87-Eric Castillo to MTG 22 for 6 yards. Tackle by 40-Christopher Strickland.","#8 Larry Scruggs - QB","#39 Kevin Dunn - RB",,,,"#85 Arnulfo Rader - TE",,"#10 David Burkhart - WR","#84 Donald Bacon - WR","#87 Eric Castillo - WR",,,"#74 Francesco Fischer - LT","#77 Rodney Davis - LG","#68 Joseph Maio - C","#52 Robert Kepley - RG","#66 Bennie Lown - RT",,"#75 Dennis Smith - LDE",,"#98 Charles Avila - DT","#77 Raymond Taylor - DT","#99 William Sander - RDE",,"#54 Elmer Severs - MLB",,"#92 Robert King - WLB","#47 James Highsmith - CB","#40 Christopher Strickland - CB",,"#44 Gary Jackson - CB",,"#49 Matthew Dowell - SS","#58 Paul Ness - FS",,,,,,,,,,,,,,,,,,,,,,,,,,,,,,,,,,,,
MTG,1:11,"MTG 22",3,3,13,"Split Backs 3 Wide WR Post","Nickel 3-3-5 Cover 2 Man Under",2,17,14,"3-13-MTG 22 (1:10) 8-Larry Scruggs pass complete to 85-Arnulfo Rader to MTG 24 for 2 yards. Tackle by 92-Robert King.","#8 Larry Scruggs - QB","#15 Ronald Paez - RB",,,"#85 Arnulfo Rader - TE",,,"#10 David Burkhart - WR","#84 Donald Bacon - WR","#87 Eric Castillo - WR",,,"#74 Francesco Fischer - LT","#77 Rodney Davis - LG","#68 Joseph Maio - C","#52 Robert Kepley - RG","#66 Bennie Lown - RT",,"#75 Dennis Smith - LDE",,"#98 Charles Avila - DT",,"#99 William Sander - RDE","#73 Mark Smith - SLB","#54 Elmer Severs - MLB",,"#92 Robert King - WLB","#47 James Highsmith - CB","#40 Christopher Strickland - CB",,"#44 Gary Jackson - CB",,"#49 Matthew Dowell - SS","#58 Paul Ness - FS",,,,,,,,,,,,,,,,,,,,,,,,,,,,,,,,,,,,
MTG,0:32,"MTG 24",3,4,11,Punt,"Punt Return",,17,14,"4-11-MTG 24 (0:31) 16-Eugene Simpson punts 49 yards to ZeZ 28. Fair Catch by 17-Mike Bunch.",,,,,,,,,,,,,,,,,,"#16 Eugene Simpson - P",,,,,,,,,,,,,,,,,,,"#79 James Page - LG",,"#17 Mike Bunch - WR",,,"#49 Matthew Dowell - SS","#38 Gerald Callahan - CB","#40 Christopher Strickland - CB",,"#54 Elmer Severs - MLB","#59 Van Erickson - SLB",,"#75 Dennis Smith - LDE",,,,"#78 John Castillo - C","#66 Bennie Lown - RT","#74 Francesco Fischer - LT","#70 Chad Barajas - LT","#77 Rodney Davis - LG","#52 Robert Kepley - RG",,"#92 Robert King - WLB","#58 Paul Ness - FS","#98 Charles Avila - DT","#99 William Sander - RDE",,,,,,,
ZeZ,0:24,"ZeZ 28",3,1,10,"Shotgun 5 Wide 5 WR Corner Post","Nickel Normal 3 Deep Man Under",,17,14,"1-10-ZeZ 28 (0:25) 15-Michael Hall pass incomplete, dropped by 85-Harold Moore.","#15 Michael Hall - QB",,,,,,,"#34 David Cora - WR","#87 James Ramsey - WR","#10 Ricky Griffin - WR","#85 Harold Moore - WR","#17 Mike Bunch - WR","#75 Kenneth Howell - LT","#66 Samuel Ford - LG","#57 Leon Smith - C","#62 Kent Situ - RG","#70 Eric Wilson - RT",,"#67 John McNeil - LDE",,"#65 Christopher Howland - DT","#72 Steven Coddington - DT","#73 Ronald Lynn - RDE",,"#58 Brian Keim - MLB",,"#93 Randal Davis - WLB","#49 George Watkins - CB","#47 Antonio Cargill - CB",,"#32 Randolph Griffin - CB",,"#40 Ted Kennedy - SS","#42 Warren Bailey - FS",,,,,,,,,,,,,,,,,,,,,,,,,,,,,,,,,,,,
ZeZ,0:18,"ZeZ 28",3,2,10,"Goal Line Normal HB Off Tackle","Goal Line Attack #2",1,17,14,"2-10-ZeZ 28 (0:19) 31-Frank Jackson ran to ZeZ 29 for 1 yards. Tackle by 51-John Parker.","#15 Michael Hall - QB","#31 Frank Jackson - RB",,"#39 Charles White - FB","#23 Scott Brown - FB","#86 Michael Devries - TE","#80 Bradley Bruce - TE",,,,,,"#75 Kenneth Howell - LT","#66 Samuel Ford - LG","#57 Leon Smith - C","#62 Kent Situ - RG","#70 Eric Wilson - RT",,"#67 John McNeil - LDE","#90 Michael Chapman - LDE","#65 Christopher Howland - DT","#72 Steven Coddington - DT","#73 Ronald Lynn - RDE","#51 John Parker - SLB","#56 Edwin Smith - MLB",,"#91 James Wilson - RDE","#49 George Watkins - CB","#47 Antonio Cargill - CB",,,,"#93 Randal Davis - WLB",,,,,,,,,,,,,,,,,,,,,,,,,,,,,,,,,,,,,
,0:00,,3,3,9,,,,17,14,"End of third quarter.",,,,,,,,,,,,,,,,,,,,,,,,,,,,,,,,,,,,,,,,,,,,,,,,,,,,,,,,,,,,,,,,,,,,,,
ZeZ,15:00,"ZeZ 29",4,3,9,"Goal Line Normal HB Pitch Weak","Nickel 3-3-5 Weak Side Blitz",1,17,14,"3-9-ZeZ 29 (15:00) 31-Frank Jackson ran to ZeZ 29 for 1 yards. Tackle by 56-Edwin Smith.","#15 Michael Hall - QB","#31 Frank Jackson - RB",,"#39 Charles White - FB","#23 Scott Brown - FB","#86 Michael Devries - TE","#80 Bradley Bruce - TE",,,,,,"#75 Kenneth Howell - LT","#66 Samuel Ford - LG","#57 Leon Smith - C","#62 Kent Situ - RG","#70 Eric Wilson - RT",,"#67 John McNeil - LDE",,"#65 Christopher Howland - DT",,"#73 Ronald Lynn - RDE","#51 John Parker - SLB","#56 Edwin Smith - MLB",,"#93 Randal Davis - WLB","#49 George Watkins - CB","#47 Antonio Cargill - CB",,"#28 Eddie Mayo - CB",,"#40 Ted Kennedy - SS","#42 Warren Bailey - FS",,,,,,,,,,,,,,,,,,,,,,,,,,,,,,,,,,,,
ZeZ,14:26,"ZeZ 29",4,4,8,Punt,"Punt Return",,17,14,"4-8-ZeZ 29 (14:25) 2-Charles White punts 47 yards to MTG 24. Fair Catch by 10-David Burkhart.",,,,,,,,,,,,,,,,,,"#2 Charles White - P",,,,,,,,,,,,,,,,,,,"#74 Charles Maldanado - C",,"#10 David Burkhart - WR",,,"#56 Edwin Smith - MLB","#49 George Watkins - CB","#28 Eddie Mayo - CB",,"#32 Randolph Griffin - CB","#47 Antonio Cargill - CB",,"#42 Warren Bailey - FS",,,,"#71 Lloyd Cushenberry - RG","#75 Kenneth Howell - LT","#86 Michael Devries - TE","#66 Samuel Ford - LG","#62 Kent Situ - RG","#70 Eric Wilson - RT",,"#67 John McNeil - LDE","#51 John Parker - SLB","#72 Steven Coddington - DT","#73 Ronald Lynn - RDE",,,,,,,
MTG,14:17,"MTG 24",4,1,10,"I Formation Normal HB Dive","4-3 Normal Double Safety Blitz",3,17,14,"1-10-MTG 24 (14:18) 39-Kevin Dunn ran to MTG 27 for 3 yards. Tackle by 58-Paul Ness.","#8 Larry Scruggs - QB","#39 Kevin Dunn - RB",,,"#85 Arnulfo Rader - TE","#86 James Clayton - TE",,"#10 David Burkhart - WR",,"#87 Eric Castillo - WR",,,"#74 Francesco Fischer - LT","#77 Rodney Davis - LG","#68 Joseph Maio - C","#52 Robert Kepley - RG","#66 Bennie Lown - RT",,"#75 Dennis Smith - LDE",,"#98 Charles Avila - DT","#77 Raymond Taylor - DT","#99 William Sander - RDE","#73 Mark Smith - SLB","#54 Elmer Severs - MLB",,"#92 Robert King - WLB","#47 James Highsmith - CB","#40 Christopher Strickland - CB",,,,"#49 Matthew Dowell - SS","#58 Paul Ness - FS",,,,,,,,,,,,,,,,,,,,,,,,,,,,,,,,,,,,
MTG,13:38,"MTG 27",4,2,7,"Singleback Normal TE Quick Out","Nickel 3-3-5 Cover 2 Man Under",13,17,14,"2-7-MTG 27 (13:37) 8-Larry Scruggs pass complete to 85-Arnulfo Rader to MTG 41 for 13 yards. Tackle by 47-James Highsmith. 73-Mark Smith got away with a hold on that play.","#8 Larry Scruggs - QB","#39 Kevin Dunn - RB",,,,"#85 Arnulfo Rader - TE",,"#10 David Burkhart - WR","#84 Donald Bacon - WR","#87 Eric Castillo - WR",,,"#74 Francesco Fischer - LT","#77 Rodney Davis - LG","#68 Joseph Maio - C","#52 Robert Kepley - RG","#66 Bennie Lown - RT",,"#75 Dennis Smith - LDE",,"#98 Charles Avila - DT",,"#99 William Sander - RDE","#73 Mark Smith - SLB","#54 Elmer Severs - MLB",,"#92 Robert King - WLB","#47 James Highsmith - CB","#40 Christopher Strickland - CB",,"#44 Gary Jackson - CB",,"#49 Matthew Dowell - SS","#58 Paul Ness - FS",,,,,,,,,,,,,,,,,,,,,,,,,,,,,,,,,,,,
MTG,12:56,"MTG 41",4,1,10,"I Formation Normal HB Draw","4-3 Normal Double Safety Blitz",1,17,14,"1-10-MTG 41 (12:55) 15-Ronald Paez ran to MTG 41 for 1 yards. Tackle by 98-Charles Avila.","#8 Larry Scruggs - QB","#15 Ronald Paez - RB",,,"#85 Arnulfo Rader - TE","#86 James Clayton - TE",,"#10 David Burkhart - WR",,"#87 Eric Castillo - WR",,,"#74 Francesco Fischer - LT","#77 Rodney Davis - LG","#68 Joseph Maio - C","#52 Robert Kepley - RG","#66 Bennie Lown - RT",,"#75 Dennis Smith - LDE",,"#98 Charles Avila - DT","#77 Raymond Taylor - DT","#99 William Sander - RDE","#73 Mark Smith - SLB","#54 Elmer Severs - MLB",,"#92 Robert King - WLB","#47 James Highsmith - CB","#40 Christopher Strickland - CB",,,,"#49 Matthew Dowell - SS","#58 Paul Ness - FS",,,,,,,,,,,,,,,,,,,,,,,,,,,,,,,,,,,,
MTG,12:23,"MTG 41",4,2,9,"I Formation Normal HB Dive","4-3 Normal Double WR1",1,17,14,"2-9-MTG 41 (12:22) 39-Kevin Dunn ran to MTG 42 for 1 yards. Tackle by 92-Robert King.","#8 Larry Scruggs - QB","#39 Kevin Dunn - RB",,,"#85 Arnulfo Rader - TE","#86 James Clayton - TE",,"#10 David Burkhart - WR",,"#87 Eric Castillo - WR",,,"#74 Francesco Fischer - LT","#77 Rodney Davis - LG","#68 Joseph Maio - C","#52 Robert Kepley - RG","#66 Bennie Lown - RT",,"#75 Dennis Smith - LDE",,"#98 Charles Avila - DT","#77 Raymond Taylor - DT","#99 William Sander - RDE","#73 Mark Smith - SLB","#54 Elmer Severs - MLB",,"#92 Robert King - WLB","#47 James Highsmith - CB","#40 Christopher Strickland - CB",,,,"#49 Matthew Dowell - SS","#58 Paul Ness - FS",,,,,,,,,,,,,,,,,,,,,,,,,,,,,,,,,,,,
MTG,11:40,"MTG 42",4,3,9,"Strong I Normal HB Off Tackle Strong","4-3 Normal Double WR1",2,17,14,"3-9-MTG 42 (11:39) 39-Kevin Dunn ran to MTG 44 for 2 yards. Tackle by 75-Dennis Smith.","#8 Larry Scruggs - QB","#39 Kevin Dunn - RB",,,"#85 Arnulfo Rader - TE","#86 James Clayton - TE",,"#10 David Burkhart - WR",,"#87 Eric Castillo - WR",,,"#74 Francesco Fischer - LT","#77 Rodney Davis - LG","#68 Joseph Maio - C","#52 Robert Kepley - RG","#66 Bennie Lown - RT",,"#75 Dennis Smith - LDE",,"#98 Charles Avila - DT","#77 Raymond Taylor - DT","#99 William Sander - RDE","#73 Mark Smith - SLB","#54 Elmer Severs - MLB",,"#92 Robert King - WLB","#47 James Highsmith - CB","#40 Christopher Strickland - CB",,,,"#49 Matthew Dowell - SS","#58 Paul Ness - FS",,,,,,,,,,,,,,,,,,,,,,,,,,,,,,,,,,,,
MTG,11:03,"MTG 44",4,4,7,Punt,"Punt Return",,17,14,"4-7-MTG 44 (11:02) 16-Eugene Simpson punts 48 yards to ZeZ 9. Fair Catch by 17-Mike Bunch.",,,,,,,,,,,,,,,,,,"#16 Eugene Simpson - P",,,,,,,,,,,,,,,,,,,"#79 James Page - LG",,"#17 Mike Bunch - WR",,,"#49 Matthew Dowell - SS","#38 Gerald Callahan - CB","#40 Christopher Strickland - CB",,"#54 Elmer Severs - MLB","#59 Van Erickson - SLB",,"#75 Dennis Smith - LDE",,,,"#78 John Castillo - C","#66 Bennie Lown - RT","#74 Francesco Fischer - LT","#70 Chad Barajas - LT","#77 Rodney Davis - LG","#52 Robert Kepley - RG",,"#92 Robert King - WLB","#58 Paul Ness - FS","#98 Charles Avila - DT","#99 William Sander - RDE",,,,,,,
ZeZ,10:55,"ZeZ 9",4,1,10,"I Formation Big HB Strong","Goal Line Attack #1",3,17,14,"1-10-ZeZ 9 (10:56) 31-Frank Jackson ran to ZeZ 12 for 3 yards. Tackle by 65-Christopher Howland.","#15 Michael Hall - QB","#31 Frank Jackson - RB",,,"#23 Scott Brown - FB","#86 Michael Devries - TE","#80 Bradley Bruce - TE","#34 David Cora - WR",,,,,"#75 Kenneth Howell - LT","#66 Samuel Ford - LG","#57 Leon Smith - C","#62 Kent Situ - RG","#70 Eric Wilson - RT",,"#67 John McNeil - LDE","#90 Michael Chapman - LDE","#65 Christopher Howland - DT","#72 Steven Coddington - DT","#73 Ronald Lynn - RDE","#51 John Parker - SLB","#58 Brian Keim - MLB",,"#91 James Wilson - RDE","#49 George Watkins - CB","#47 Antonio Cargill - CB",,,,"#93 Randal Davis - WLB",,,,,,,,,,,,,,,,,,,,,,,,,,,,,,,,,,,,,
ZeZ,10:19,"ZeZ 12",4,2,7,"I Formation Normal PA Outside Curls","Nickel Strong FS WLB Blitz",10,17,14,"2-7-ZeZ 12 (10:18) 15-Michael Hall pass complete to 34-David Cora to ZeZ 22 for 10 yards. Tackle by 49-George Watkins.","#15 Michael Hall - QB","#31 Frank Jackson - RB",,,"#23 Scott Brown - FB","#86 Michael Devries - TE",,"#34 David Cora - WR",,"#10 Ricky Griffin - WR",,,"#75 Kenneth Howell - LT","#66 Samuel Ford - LG","#57 Leon Smith - C","#62 Kent Situ - RG","#70 Eric Wilson - RT",,"#67 John McNeil - LDE",,"#65 Christopher Howland - DT","#72 Steven Coddington - DT","#73 Ronald Lynn - RDE",,"#56 Edwin Smith - MLB",,"#93 Randal Davis - WLB","#49 George Watkins - CB","#47 Antonio Cargill - CB",,"#28 Eddie Mayo - CB",,"#40 Ted Kennedy - SS","#42 Warren Bailey - FS",,,,,,,,,,,,,,,,,,,,,,,,,,,,,,,,,,,,
ZeZ,9:40,"ZeZ 22",4,1,10,"I Formation Power Play Action HB Downfield","Goal Line Attack #2",,17,14,"1-10-ZeZ 22 (9:39) 15-Michael Hall pass Pass knocked down by 47-Antonio Cargill. incomplete, intended for 86-Michael Devries.","#15 Michael Hall - QB","#31 Frank Jackson - RB",,"#39 Charles White - FB","#23 Scott Brown - FB","#86 Michael Devries - TE",,"#34 David Cora - WR",,,,,"#75 Kenneth Howell - LT","#66 Samuel Ford - LG","#57 Leon Smith - C","#62 Kent Situ - RG","#70 Eric Wilson - RT",,"#67 John McNeil - LDE","#90 Michael Chapman - LDE","#65 Christopher Howland - DT","#72 Steven Coddington - DT","#73 Ronald Lynn - RDE","#51 John Parker - SLB","#56 Edwin Smith - MLB",,"#91 James Wilson - RDE","#49 George Watkins - CB","#47 Antonio Cargill - CB",,,,"#93 Randal Davis - WLB",,,,,,,,,,,,,,,,,,,,,,,,,,,,,,,,,,,,,
ZeZ,9:35,"ZeZ 22",4,2,10,"Strong I Normal WR Post TE Out","4-3 Under Crowd Middle Deep Man",11,17,14,"2-10-ZeZ 22 (9:36) 15-Michael Hall pass complete to 34-David Cora to ZeZ 33 for 11 yards. Tackle by 56-Edwin Smith.","#15 Michael Hall - QB","#31 Frank Jackson - RB",,,"#23 Scott Brown - FB","#86 Michael Devries - TE",,"#34 David Cora - WR",,"#10 Ricky Griffin - WR",,,"#75 Kenneth Howell - LT","#66 Samuel Ford - LG","#57 Leon Smith - C","#62 Kent Situ - RG","#70 Eric Wilson - RT",,"#67 John McNeil - LDE",,"#65 Christopher Howland - DT","#72 Steven Coddington - DT","#73 Ronald Lynn - RDE","#51 John Parker - SLB","#56 Edwin Smith - MLB",,"#93 Randal Davis - WLB","#49 George Watkins - CB","#47 Antonio Cargill - CB",,,,"#40 Ted Kennedy - SS","#42 Warren Bailey - FS",,,,,,,,,,,,,,,,,,,,,,,,,,,,,,,,,,,,
ZeZ,8:51,"ZeZ 33",4,1,10,"I Formation 3WR HB Toss Strong","Nickel 3-3-5 Cover 2 Man Under",-5,17,14,"1-10-ZeZ 33 (8:50) 83-Paul Pirtle ran to ZeZ 28 for -5 yards. Tackle by 67-John McNeil.","#15 Michael Hall - QB","#83 Paul Pirtle - RB",,,"#23 Scott Brown - FB",,,"#10 Ricky Griffin - WR","#85 Harold Moore - WR","#87 James Ramsey - WR",,,"#75 Kenneth Howell - LT","#66 Samuel Ford - LG","#57 Leon Smith - C","#62 Kent Situ - RG","#70 Eric Wilson - RT",,"#67 John McNeil - LDE",,"#65 Christopher Howland - DT",,"#73 Ronald Lynn - RDE","#51 John Parker - SLB","#56 Edwin Smith - MLB",,"#93 Randal Davis - WLB","#49 George Watkins - CB","#47 Antonio Cargill - CB",,"#28 Eddie Mayo - CB",,"#40 Ted Kennedy - SS","#42 Warren Bailey - FS",,,,,,,,,,,,,,,,,,,,,,,,,,,,,,,,,,,,
ZeZ,8:10,"ZeZ 28",4,2,15,"Empty 4 Wide Spread Flats","Dime Normal Double WR1 WR2",12,17,14,"2-15-ZeZ 28 (8:09) 15-Michael Hall pass complete to 87-James Ramsey to ZeZ 40 for 12 yards. Tackle by 28-Eddie Mayo.","#15 Michael Hall - QB",,,,,"#86 Michael Devries - TE",,"#34 David Cora - WR","#87 James Ramsey - WR","#10 Ricky Griffin - WR","#85 Harold Moore - WR",,"#75 Kenneth Howell - LT","#66 Samuel Ford - LG","#57 Leon Smith - C","#62 Kent Situ - RG","#70 Eric Wilson - RT",,"#67 John McNeil - LDE",,"#65 Christopher Howland - DT","#72 Steven Coddington - DT","#73 Ronald Lynn - RDE",,"#56 Edwin Smith - MLB",,,"#49 George Watkins - CB","#47 Antonio Cargill - CB","#32 Randolph Griffin - CB","#28 Eddie Mayo - CB",,"#40 Ted Kennedy - SS","#42 Warren Bailey - FS",,,,,,,,,,,,,,,,,,,,,,,,,,,,,,,,,,,,
ZeZ,7:26,"ZeZ 40",4,3,3,"I Formation 3WR HB Inside Strong","Nickel Strong FS WLB Blitz",11,17,14,"3-3-ZeZ 40 (7:25) 31-Frank Jackson ran to MTG 49 for 11 yards. Tackle by 42-Warren Bailey.","#15 Michael Hall - QB","#31 Frank Jackson - RB",,,"#23 Scott Brown - FB",,,"#34 David Cora - WR","#87 James Ramsey - WR","#10 Ricky Griffin - WR",,,"#75 Kenneth Howell - LT","#66 Samuel Ford - LG","#57 Leon Smith - C","#62 Kent Situ - RG","#70 Eric Wilson - RT",,"#67 John McNeil - LDE",,"#65 Christopher Howland - DT","#72 Steven Coddington - DT","#73 Ronald Lynn - RDE",,"#56 Edwin Smith - MLB",,"#93 Randal Davis - WLB","#49 George Watkins - CB","#47 Antonio Cargill - CB",,"#28 Eddie Mayo - CB",,"#40 Ted Kennedy - SS","#42 Warren Bailey - FS",,,,,,,,,,,,,,,,,,,,,,,,,,,,,,,,,,,,
ZeZ,6:48,"MTG 49",4,1,10,"I Formation 3WR WR Out","Nickel 3-3-5 Cover 2 Man Under",,17,14,"1-10-MTG 49 (6:47) 15-Michael Hall pass Pass knocked down by 28-Eddie Mayo. incomplete, intended for 10-Ricky Griffin. PENALTY - Pass Interference (MTG 28-Eddie Mayo)","#15 Michael Hall - QB","#83 Paul Pirtle - RB",,,"#23 Scott Brown - FB",,,"#34 David Cora - WR","#87 James Ramsey - WR","#10 Ricky Griffin - WR",,,"#75 Kenneth Howell - LT","#66 Samuel Ford - LG","#57 Leon Smith - C","#62 Kent Situ - RG","#70 Eric Wilson - RT",,"#67 John McNeil - LDE",,"#65 Christopher Howland - DT",,"#73 Ronald Lynn - RDE","#51 John Parker - SLB","#56 Edwin Smith - MLB",,"#93 Randal Davis - WLB","#49 George Watkins - CB","#28 Eddie Mayo - CB",,"#32 Randolph Griffin - CB",,"#40 Ted Kennedy - SS","#42 Warren Bailey - FS",,,,,,,,,,,,,,,,,,,,,,,,,,,,,,,,,,,,
ZeZ,6:43,"MTG 44",4,1,10,"I Formation 3WR WR Out","Nickel Strong FS WLB Blitz",14,17,14,"1-10-MTG 44 (6:44) 15-Michael Hall pass complete to 17-Mike Bunch to MTG 30 for 14 yards. Tackle by 56-Edwin Smith.","#15 Michael Hall - QB","#83 Paul Pirtle - RB",,,"#23 Scott Brown - FB",,,"#87 James Ramsey - WR","#17 Mike Bunch - WR","#85 Harold Moore - WR",,,"#75 Kenneth Howell - LT","#66 Samuel Ford - LG","#57 Leon Smith - C","#62 Kent Situ - RG","#70 Eric Wilson - RT",,"#67 John McNeil - LDE",,"#65 Christopher Howland - DT","#72 Steven Coddington - DT","#73 Ronald Lynn - RDE",,"#56 Edwin Smith - MLB",,"#93 Randal Davis - WLB","#49 George Watkins - CB","#47 Antonio Cargill - CB",,"#28 Eddie Mayo - CB",,"#40 Ted Kennedy - SS","#42 Warren Bailey - FS",,,,,,,,,,,,,,,,,,,,,,,,,,,,,,,,,,,,
ZeZ,6:06,"MTG 30",4,1,10,"I Formation 3WR HB Inside Strong","Nickel 3-3-5 Cover 2 Man Under",,17,14,"1-10-MTG 30 (6:05) 31-Frank Jackson ran to MTG 25 for 5 yards. 31-Frank Jackson FUMBLES (47-Antonio Cargill) recovered by MTG-51-John Parker at MTG 23. Tackle by 66-Samuel Ford.","#15 Michael Hall - QB","#31 Frank Jackson - RB",,,"#23 Scott Brown - FB",,,"#34 David Cora - WR","#85 Harold Moore - WR","#10 Ricky Griffin - WR",,,"#75 Kenneth Howell - LT","#66 Samuel Ford - LG","#57 Leon Smith - C","#62 Kent Situ - RG","#70 Eric Wilson - RT",,"#67 John McNeil - LDE",,"#65 Christopher Howland - DT",,"#73 Ronald Lynn - RDE","#51 John Parker - SLB","#56 Edwin Smith - MLB",,"#93 Randal Davis - WLB","#47 Antonio Cargill - CB","#32 Randolph Griffin - CB",,"#94 Samuel Rupert - WLB",,"#40 Ted Kennedy - SS","#45 Evan Lehman - FS",,,,,,,,,,,,,,,,,,,,,,,,,,,,,,,,,,,,
MTG,5:59,"MTG 23",4,1,10,"Strong I Big HB Off Tackle","Goal Line Attack #1",-1,17,14,"1-10-MTG 23 (6:00) 39-Kevin Dunn ran to MTG 22 for -1 yards. Tackle by 54-Elmer Severs. PENALTY - Unnecessary Roughness (ZeZ 54-Elmer Severs)","#8 Larry Scruggs - QB","#39 Kevin Dunn - RB",,,"#86 James Clayton - TE","#87 Eric Castillo - WR","#85 Arnulfo Rader - TE","#10 David Burkhart - WR",,,,,"#74 Francesco Fischer - LT","#77 Rodney Davis - LG","#68 Joseph Maio - C","#52 Robert Kepley - RG","#66 Bennie Lown - RT",,"#75 Dennis Smith - LDE","#53 William Schmeling - RDE","#98 Charles Avila - DT","#77 Raymond Taylor - DT","#99 William Sander - RDE","#73 Mark Smith - SLB","#54 Elmer Severs - MLB",,"#92 Robert King - WLB","#47 James Highsmith - CB","#40 Christopher Strickland - CB",,,,"#49 Matthew Dowell - SS",,,,,,,,,,,,,,,,,,,,,,,,,,,,,,,,,,,,,
MTG,5:57,"MTG 37",4,1,10,"I Formation Normal HB Dive","4-3 Normal Double Safety Blitz",1,17,14,"1-10-MTG 37 (5:58) 15-Ronald Paez ran to MTG 39 for 1 yards. Tackle by 77-Raymond Taylor.","#8 Larry Scruggs - QB","#15 Ronald Paez - RB",,,"#85 Arnulfo Rader - TE","#86 James Clayton - TE",,"#10 David Burkhart - WR",,"#87 Eric Castillo - WR",,,"#74 Francesco Fischer - LT","#77 Rodney Davis - LG","#68 Joseph Maio - C","#52 Robert Kepley - RG","#66 Bennie Lown - RT",,"#75 Dennis Smith - LDE",,"#98 Charles Avila - DT","#77 Raymond Taylor - DT","#99 William Sander - RDE","#73 Mark Smith - SLB","#54 Elmer Severs - MLB",,"#92 Robert King - WLB","#47 James Highsmith - CB","#40 Christopher Strickland - CB",,,,"#49 Matthew Dowell - SS","#58 Paul Ness - FS",,,,,,,,,,,,,,,,,,,,,,,,,,,,,,,,,,,,
MTG,5:20,"MTG 39",4,2,9,"Weak I Normal HB Inside Weak","4-3 Normal Double Safety Blitz",3,17,14,"2-9-MTG 39 (5:19) 39-Kevin Dunn ran to MTG 41 for 3 yards. Tackle by 58-Paul Ness.","#8 Larry Scruggs - QB","#39 Kevin Dunn - RB",,,"#85 Arnulfo Rader - TE","#86 James Clayton - TE",,"#10 David Burkhart - WR",,"#87 Eric Castillo - WR",,,"#74 Francesco Fischer - LT","#77 Rodney Davis - LG","#68 Joseph Maio - C","#52 Robert Kepley - RG","#66 Bennie Lown - RT",,"#75 Dennis Smith - LDE",,"#98 Charles Avila - DT","#77 Raymond Taylor - DT","#99 William Sander - RDE","#73 Mark Smith - SLB","#54 Elmer Severs - MLB",,"#92 Robert King - WLB","#47 James Highsmith - CB","#40 Christopher Strickland - CB",,,,"#49 Matthew Dowell - SS","#58 Paul Ness - FS",,,,,,,,,,,,,,,,,,,,,,,,,,,,,,,,,,,,
MTG,4:48,"MTG 41",4,3,6,"Shotgun Normal HB Flare","Nickel 3-3-5 3 Deep MLB Blitz",9,17,14,"3-6-MTG 41 (4:47) 8-Larry Scruggs pass complete to 15-Ronald Paez to ZeZ 49 for 9 yards. Tackle by 73-Mark Smith.","#8 Larry Scruggs - QB","#15 Ronald Paez - RB",,,,"#86 James Clayton - TE",,"#10 David Burkhart - WR","#84 Donald Bacon - WR","#87 Eric Castillo - WR",,,"#74 Francesco Fischer - LT","#77 Rodney Davis - LG","#68 Joseph Maio - C","#52 Robert Kepley - RG","#66 Bennie Lown - RT",,"#75 Dennis Smith - LDE",,"#98 Charles Avila - DT",,"#99 William Sander - RDE","#73 Mark Smith - SLB","#54 Elmer Severs - MLB",,"#92 Robert King - WLB","#47 James Highsmith - CB","#40 Christopher Strickland - CB",,"#44 Gary Jackson - CB",,"#49 Matthew Dowell - SS","#58 Paul Ness - FS",,,,,,,,,,,,,,,,,,,,,,,,,,,,,,,,,,,,
MTG,4:08,"ZeZ 49",4,1,10,"Split Backs 3 Wide WR Quick Out","Nickel 3-3-5 Cover 2 Man Under",3,17,14,"1-10-ZeZ 49 (4:07) 8-Larry Scruggs pass complete to 85-Arnulfo Rader to ZeZ 47 for 3 yards. Tackle by 92-Robert King.","#8 Larry Scruggs - QB","#39 Kevin Dunn - RB",,,"#85 Arnulfo Rader - TE",,,"#10 David Burkhart - WR","#84 Donald Bacon - WR","#87 Eric Castillo - WR",,,"#74 Francesco Fischer - LT","#77 Rodney Davis - LG","#68 Joseph Maio - C","#52 Robert Kepley - RG","#66 Bennie Lown - RT",,"#75 Dennis Smith - LDE",,"#98 Charles Avila - DT",,"#99 William Sander - RDE","#73 Mark Smith - SLB","#54 Elmer Severs - MLB",,"#92 Robert King - WLB","#47 James Highsmith - CB","#40 Christopher Strickland - CB",,"#44 Gary Jackson - CB",,"#49 Matthew Dowell - SS","#58 Paul Ness - FS",,,,,,,,,,,,,,,,,,,,,,,,,,,,,,,,,,,,
MTG,3:27,"ZeZ 47",4,2,7,"Strong I Normal HB Off Tackle Strong","4-3 Normal Man QB Spy",3,17,14,"2-7-ZeZ 47 (3:26) 22-Edward Godines ran to ZeZ 44 for 3 yards. Tackle by 54-Elmer Severs.","#8 Larry Scruggs - QB","#22 Edward Godines - RB",,,"#85 Arnulfo Rader - TE","#86 James Clayton - TE",,"#10 David Burkhart - WR",,"#87 Eric Castillo - WR",,,"#74 Francesco Fischer - LT","#77 Rodney Davis - LG","#68 Joseph Maio - C","#52 Robert Kepley - RG","#66 Bennie Lown - RT",,"#75 Dennis Smith - LDE",,"#98 Charles Avila - DT","#77 Raymond Taylor - DT","#99 William Sander - RDE","#73 Mark Smith - SLB","#54 Elmer Severs - MLB",,"#92 Robert King - WLB","#47 James Highsmith - CB","#40 Christopher Strickland - CB",,,,"#49 Matthew Dowell - SS","#58 Paul Ness - FS",,,,,,,,,,,,,,,,,,,,,,,,,,,,,,,,,,,,
MTG,2:42,"ZeZ 44",4,3,5,"Weak I Normal WR Corner TE Middle","4-3 Normal Cover 3 Zone Under",6,17,14,"3-5-ZeZ 44 (2:41) 8-Larry Scruggs pass complete to 39-Kevin Dunn to ZeZ 38 for 6 yards. Tackle by 47-James Highsmith.","#8 Larry Scruggs - QB","#39 Kevin Dunn - RB",,,"#85 Arnulfo Rader - TE","#86 James Clayton - TE",,"#10 David Burkhart - WR",,"#87 Eric Castillo - WR",,,"#74 Francesco Fischer - LT","#77 Rodney Davis - LG","#68 Joseph Maio - C","#52 Robert Kepley - RG","#66 Bennie Lown - RT",,"#75 Dennis Smith - LDE",,"#98 Charles Avila - DT","#77 Raymond Taylor - DT","#99 William Sander - RDE","#73 Mark Smith - SLB","#54 Elmer Severs - MLB",,"#92 Robert King - WLB","#47 James Highsmith - CB","#40 Christopher Strickland - CB",,,,"#49 Matthew Dowell - SS","#58 Paul Ness - FS",,,,,,,,,,,,,,,,,,,,,,,,,,,,,,,,,,,,
MTG,2:02,"ZeZ 38",4,1,10,"Split Backs 3 Wide WR Quick Out","Nickel 3-3-5 CB1 CB3 Blitz",,17,14,"1-10-ZeZ 38 (2:01) 8-Larry Scruggs pass Pass knocked down by 92-Robert King. incomplete, intended for 15-Ronald Paez.","#8 Larry Scruggs - QB","#15 Ronald Paez - RB",,,"#85 Arnulfo Rader - TE",,,"#84 Donald Bacon - WR","#19 Anthony Miron - WR","#83 Ronnie Kappler - WR",,,"#74 Francesco Fischer - LT","#77 Rodney Davis - LG","#68 Joseph Maio - C","#52 Robert Kepley - RG","#66 Bennie Lown - RT",,"#75 Dennis Smith - LDE",,"#98 Charles Avila - DT",,"#99 William Sander - RDE","#73 Mark Smith - SLB","#54 Elmer Severs - MLB",,"#92 Robert King - WLB","#47 James Highsmith - CB","#40 Christopher Strickland - CB",,"#44 Gary Jackson - CB",,"#49 Matthew Dowell - SS","#58 Paul Ness - FS",,,,,,,,,,,,,,,,,,,,,,,,,,,,,,,,,,,,
,1:57,,4,2,10,,,,17,14,"Timeout for two minute warning.",,,,,,,,,,,,,,,,,,,,,,,,,,,,,,,,,,,,,,,,,,,,,,,,,,,,,,,,,,,,,,,,,,,,,,
MTG,1:56,"ZeZ 38",4,2,10,"Strong I Big HB Toss Weak","Goal Line 3 Deep Zone Under",-2,17,14,"2-10-ZeZ 38 (1:57) 22-Edward Godines ran to ZeZ 40 for -2 yards. Tackle by 99-William Sander.","#8 Larry Scruggs - QB","#22 Edward Godines - RB",,,"#86 James Clayton - TE","#87 Eric Castillo - WR","#85 Arnulfo Rader - TE","#10 David Burkhart - WR",,,,,"#74 Francesco Fischer - LT","#77 Rodney Davis - LG","#68 Joseph Maio - C","#52 Robert Kepley - RG","#66 Bennie Lown - RT",,"#75 Dennis Smith - LDE","#53 William Schmeling - RDE","#98 Charles Avila - DT","#77 Raymond Taylor - DT","#99 William Sander - RDE","#73 Mark Smith - SLB","#54 Elmer Severs - MLB",,"#92 Robert King - WLB","#47 James Highsmith - CB","#40 Christopher Strickland - CB",,,,"#44 Gary Jackson - CB",,,,,,,,,,,,,,,,,,,,,,,,,,,,,,,,,,,,,
,1:55,,4,3,12,,,,17,14,"Timeout ZeZ",,,,,,,,,,,,,,,,,,,,,,,,,,,,,,,,,,,,,,,,,,,,,,,,,,,,,,,,,,,,,,,,,,,,,,
MTG,1:52,"ZeZ 40",4,3,12,"Weak I Normal WR Corner TE Middle","4-3 Normal Double WR3",,17,14,"3-12-ZeZ 40 (1:53) 8-Larry Scruggs pass Pass knocked down by 49-Matthew Dowell. incomplete, intended for 39-Kevin Dunn. Pressure by 92-Robert King. PENALTY - Pass Interference (ZeZ 49-Matthew Dowell)","#8 Larry Scruggs - QB","#39 Kevin Dunn - RB",,,"#85 Arnulfo Rader - TE","#86 James Clayton - TE",,"#10 David Burkhart - WR",,"#87 Eric Castillo - WR",,,"#74 Francesco Fischer - LT","#77 Rodney Davis - LG","#68 Joseph Maio - C","#52 Robert Kepley - RG","#66 Bennie Lown - RT",,"#75 Dennis Smith - LDE",,"#98 Charles Avila - DT","#77 Raymond Taylor - DT","#99 William Sander - RDE","#73 Mark Smith - SLB","#54 Elmer Severs - MLB",,"#92 Robert King - WLB","#47 James Highsmith - CB","#40 Christopher Strickland - CB",,,,"#49 Matthew Dowell - SS","#58 Paul Ness - FS",,,,,,,,,,,,,,,,,,,,,,,,,,,,,,,,,,,,
MTG,1:48,"ZeZ 34",4,1,10,"Goal Line Normal HB Off Tackle","Goal Line Attack #2",-0,17,14,"1-10-ZeZ 34 (1:49) 15-Ronald Paez ran to ZeZ 34 for a short loss. Tackle by 54-Elmer Severs.","#8 Larry Scruggs - QB","#15 Ronald Paez - RB",,"#87 Eric Castillo - WR","#85 Arnulfo Rader - TE","#86 James Clayton - TE","#10 David Burkhart - WR",,,,,,"#74 Francesco Fischer - LT","#77 Rodney Davis - LG","#68 Joseph Maio - C","#52 Robert Kepley - RG","#66 Bennie Lown - RT",,"#75 Dennis Smith - LDE","#53 William Schmeling - RDE","#98 Charles Avila - DT","#77 Raymond Taylor - DT","#99 William Sander - RDE","#73 Mark Smith - SLB","#54 Elmer Severs - MLB",,"#92 Robert King - WLB","#47 James Highsmith - CB","#40 Christopher Strickland - CB",,,,"#49 Matthew Dowell - SS",,,,,,,,,,,,,,,,,,,,,,,,,,,,,,,,,,,,,
,1:47,,4,2,10,,,,17,14,"Timeout ZeZ",,,,,,,,,,,,,,,,,,,,,,,,,,,,,,,,,,,,,,,,,,,,,,,,,,,,,,,,,,,,,,,,,,,,,,
MTG,1:43,"ZeZ 34",4,2,10,"Goal Line Normal HB Off Tackle","Goal Line 3 Deep Blitz",13,17,14,"2-10-ZeZ 34 (1:44) 22-Edward Godines ran to ZeZ 21 for 13 yards. Tackle by 40-Christopher Strickland.","#8 Larry Scruggs - QB","#22 Edward Godines - RB",,"#87 Eric Castillo - WR","#85 Arnulfo Rader - TE","#86 James Clayton - TE","#10 David Burkhart - WR",,,,,,"#74 Francesco Fischer - LT","#77 Rodney Davis - LG","#68 Joseph Maio - C","#52 Robert Kepley - RG","#66 Bennie Lown - RT",,"#75 Dennis Smith - LDE","#53 William Schmeling - RDE","#98 Charles Avila - DT","#77 Raymond Taylor - DT","#99 William Sander - RDE","#73 Mark Smith - SLB","#54 Elmer Severs - MLB",,"#92 Robert King - WLB","#47 James Highsmith - CB","#40 Christopher Strickland - CB",,,,"#49 Matthew Dowell - SS",,,,,,,,,,,,,,,,,,,,,,,,,,,,,,,,,,,,,
,1:39,,4,1,10,,,,17,14,"Timeout ZeZ",,,,,,,,,,,,,,,,,,,,,,,,,,,,,,,,,,,,,,,,,,,,,,,,,,,,,,,,,,,,,,,,,,,,,,
MTG,1:36,"ZeZ 21",4,1,10,Victory,"Dime Normal 2 Deep Man Under",,17,14,"1-10-ZeZ 21 (1:37) 8-Larry Scruggs kneeled down to ZeZ 21 for 0 yards.","#8 Larry Scruggs - QB","#39 Kevin Dunn - RB",,"#15 Ronald Paez - RB","#80 Zachary Smith - TE","#85 Arnulfo Rader - TE","#86 James Clayton - TE",,,,,,"#74 Francesco Fischer - LT","#77 Rodney Davis - LG","#68 Joseph Maio - C","#52 Robert Kepley - RG","#66 Bennie Lown - RT",,"#75 Dennis Smith - LDE",,"#98 Charles Avila - DT","#77 Raymond Taylor - DT","#99 William Sander - RDE",,"#54 Elmer Severs - MLB",,,"#47 James Highsmith - CB","#40 Christopher Strickland - CB","#37 Micheal Stewart - FS","#44 Gary Jackson - CB",,"#49 Matthew Dowell - SS","#58 Paul Ness - FS",,,,,,,,,,,,,,,,,,,,,,,,,,,,,,,,,,,,
MTG,1:02,"ZeZ 21",4,2,10,Victory,"Dime Normal Double WR1",,17,14,"2-10-ZeZ 21 (1:01) 8-Larry Scruggs kneeled down to ZeZ 21 for 0 yards.","#8 Larry Scruggs - QB","#39 Kevin Dunn - RB",,"#15 Ronald Paez - RB","#80 Zachary Smith - TE","#85 Arnulfo Rader - TE","#86 James Clayton - TE",,,,,,"#74 Francesco Fischer - LT","#77 Rodney Davis - LG","#68 Joseph Maio - C","#52 Robert Kepley - RG","#66 Bennie Lown - RT",,"#75 Dennis Smith - LDE",,"#98 Charles Avila - DT","#77 Raymond Taylor - DT","#99 William Sander - RDE",,"#54 Elmer Severs - MLB",,,"#47 James Highsmith - CB","#40 Christopher Strickland - CB","#37 Micheal Stewart - FS","#44 Gary Jackson - CB",,"#49 Matthew Dowell - SS","#58 Paul Ness - FS",,,,,,,,,,,,,,,,,,,,,,,,,,,,,,,,,,,,
MTG,0:30,"ZeZ 21",4,3,10,Victory,"Dime Normal Double WR1",,17,14,"3-10-ZeZ 21 (0:29) 8-Larry Scruggs kneeled down to ZeZ 21 for 0 yards.","#8 Larry Scruggs - QB","#39 Kevin Dunn - RB",,"#15 Ronald Paez - RB","#80 Zachary Smith - TE","#85 Arnulfo Rader - TE","#86 James Clayton - TE",,,,,,"#74 Francesco Fischer - LT","#77 Rodney Davis - LG","#68 Joseph Maio - C","#52 Robert Kepley - RG","#66 Bennie Lown - RT",,"#75 Dennis Smith - LDE",,"#98 Charles Avila - DT","#77 Raymond Taylor - DT","#99 William Sander - RDE",,"#54 Elmer Severs - MLB",,,"#47 James Highsmith - CB","#40 Christopher Strickland - CB","#37 Micheal Stewart - FS","#44 Gary Jackson - CB",,"#49 Matthew Dowell - SS","#58 Paul Ness - FS",,,,,,,,,,,,,,,,,,,,,,,,,,,,,,,,,,,,
,0:00,,4,4,10,,,,17,14,"End of fourth quarter.",,,,,,,,,,,,,,,,,,,,,,,,,,,,,,,,,,,,,,,,,,,,,,,,,,,,,,,,,,,,,,,,,,,,,,
