HasBall,"Game Clock","Ball @",Quarter,Down,YTG,OffensivePlay,DefensivePlay,YardsGained,"Home Score","Away Score",Text,QB1,RB1,RB2,FB2,FB1,TE1,TE2,WR1,WR3,WR2,WR4,WR5,LT1,LG1,C1,RG1,RT1,P1,LDE1,LDE2,DT1,DT2,RDE1,SLB1,MLB1,MLB2,WLB1,CB1,CB2,CB4,CB3,CB5,SS1,FS1,FS2,"Kick Holder1","Long Snapper1","Kick Returner1","Punt Returner1",Gunner10,Gunner7,Gunner2,Gunner6,Gunner1,Gunner8,Gunner3,Gunner4,Gunner9,Gunner5,Kickoffs1,"Field Goal Kicker1","ST Blocker8","ST Blocker5","ST Blocker4","ST Blocker1","ST Blocker2","ST Blocker3","ST Blocker6","ST Blocker7","ST Rusher4","ST Rusher1","ST Rusher2","ST Rusher3","ST Rusher11","ST Rusher10","ST Rusher9","ST Rusher6","ST Rusher5","ST Rusher7","ST Rusher8"
,15:00,,1,2,5,,,,0,0,"OMS has won the toss and elected to receive.",,,,,,,,,,,,,,,,,,,,,,,,,,,,,,,,,,,,,,,,,,,,,,,,,,,,,,,,,,,,,,,,,,,,,,
SUU,15:00,"SUU 35",1,6,10,Kickoff,"Kick Return",75,0,0,"(15:00) 17-David Furst kicks 75 yards from SUU 35 to OMS -10. Touchback.",,,,,,,,,,,,,,,,,,,,,,,,,,,,,,,,,,,,,,"#84 Anthony Mistretta - WR",,"#54 Walter Dominguez - WLB","#56 Andrew Chmielewski - WLB","#73 Darrell Vose - DT","#97 Paul Red - RDE","#39 Russell Charles - SS","#50 Carl Blackburn - MLB","#72 James Neal - DT","#94 Shawn Santiago - LDE","#28 Jason Orr - FS","#34 Richard Dinardo - CB","#17 David Furst - K",,,,,,,,,,,,,,,,,,,,
OMS,15:00,"OMS 25",1,1,10,"I Formation Normal Curl & Post","46 Normal Inside Blitz",,0,0,"1-10-OMS 25 (15:00) 9-Walton Smith pass Pass knocked down by 38-Gordon Stanford. incomplete, intended for 80-Willie Garcia. Pressure by 94-John Fox.","#9 Walton Smith - QB","#48 Michael Spiller - RB",,,"#31 Kurt Shoemaker - FB","#80 Willie Garcia - TE",,"#84 Anthony Mistretta - WR",,"#87 Richard Medina - WR",,,"#71 Billy Corgan - LT","#68 Andres Nash - RG","#79 Armando McDaniel - C","#53 William Jackson - RG","#58 Brian Marts - LT",,"#90 Lawrence Delrosario - LDE",,"#99 Gerald Taylor - DT","#94 John Fox - RDE","#78 Vernon Mincey - RDE","#56 Peter Vess - SLB","#98 John Trujillo - MLB",,"#93 Phillip Johnson - WLB","#45 Ronald Baggett - CB","#25 Andrew Harry - CB",,,,"#27 Orlando Brown - CB","#38 Gordon Stanford - CB",,,,,,,,,,,,,,,,,,,,,,,,,,,,,,,,,,,,
OMS,14:56,"OMS 25",1,2,10,"I Formation Power Play Action HB Downfield","3-4 Normal Man QB Spy",12,0,0,"2-10-OMS 25 (14:57) 9-Walton Smith pass complete to 15-Thomas Fernandes to OMS 37 for 12 yards. Tackle by 38-Gordon Stanford.","#9 Walton Smith - QB","#46 Aaron Dean - RB",,"#45 Michael Gallimore - RB","#31 Kurt Shoemaker - FB","#81 Paul McCaslin - TE",,"#15 Thomas Fernandes - WR",,,,,"#71 Billy Corgan - LT","#68 Andres Nash - RG","#79 Armando McDaniel - C","#53 William Jackson - RG","#58 Brian Marts - LT",,"#90 Lawrence Delrosario - LDE",,"#99 Gerald Taylor - DT",,"#78 Vernon Mincey - RDE","#56 Peter Vess - SLB","#98 John Trujillo - MLB","#51 Samuel Morrison - FS","#93 Phillip Johnson - WLB","#45 Ronald Baggett - CB","#25 Andrew Harry - CB",,,,"#27 Orlando Brown - CB","#38 Gordon Stanford - CB",,,,,,,,,,,,,,,,,,,,,,,,,,,,,,,,,,,,
OMS,14:22,"OMS 37",1,1,10,"Weak I Normal HB Inside Strong","3-4 Normal 4 Deep QB Spy",3,0,0,"1-10-OMS 37 (14:21) 48-Michael Spiller ran to OMS 39 for 3 yards. Tackle by 99-Gerald Taylor.","#9 Walton Smith - QB","#48 Michael Spiller - RB",,,"#31 Kurt Shoemaker - FB","#80 Willie Garcia - TE",,"#84 Anthony Mistretta - WR",,"#87 Richard Medina - WR",,,"#71 Billy Corgan - LT","#68 Andres Nash - RG","#79 Armando McDaniel - C","#53 William Jackson - RG","#58 Brian Marts - LT",,"#90 Lawrence Delrosario - LDE",,"#99 Gerald Taylor - DT",,"#78 Vernon Mincey - RDE","#56 Peter Vess - SLB","#98 John Trujillo - MLB","#51 Samuel Morrison - FS","#93 Phillip Johnson - WLB","#45 Ronald Baggett - CB","#25 Andrew Harry - CB",,,,"#27 Orlando Brown - CB","#38 Gordon Stanford - CB",,,,,,,,,,,,,,,,,,,,,,,,,,,,,,,,,,,,
OMS,13:42,"OMS 39",1,2,7,"Shotgun Normal HB Flare","3-4 Normal 4 Deep QB Spy",8,0,0,"2-7-OMS 39 (13:41) 9-Walton Smith pass complete to 15-Thomas Fernandes to OMS 47 for 8 yards. Tackle by 56-Peter Vess.","#9 Walton Smith - QB","#48 Michael Spiller - RB",,,,"#80 Willie Garcia - TE",,"#84 Anthony Mistretta - WR","#15 Thomas Fernandes - WR","#87 Richard Medina - WR",,,"#71 Billy Corgan - LT","#68 Andres Nash - RG","#79 Armando McDaniel - C","#53 William Jackson - RG","#58 Brian Marts - LT",,"#90 Lawrence Delrosario - LDE",,"#99 Gerald Taylor - DT",,"#78 Vernon Mincey - RDE","#56 Peter Vess - SLB","#98 John Trujillo - MLB","#51 Samuel Morrison - FS","#93 Phillip Johnson - WLB","#45 Ronald Baggett - CB","#25 Andrew Harry - CB",,,,"#27 Orlando Brown - CB","#38 Gordon Stanford - CB",,,,,,,,,,,,,,,,,,,,,,,,,,,,,,,,,,,,
OMS,13:02,"OMS 47",1,1,10,"Goal Line Normal HB Outside Strong","Goal Line Attack #3",-2,0,0,"1-10-OMS 47 (13:01) 48-Michael Spiller ran to OMS 45 for -2 yards. Tackle by 75-Eddie Duncan.","#9 Walton Smith - QB","#48 Michael Spiller - RB",,"#46 Aaron Dean - RB","#31 Kurt Shoemaker - FB","#80 Willie Garcia - TE","#81 Paul McCaslin - TE",,,,,,"#71 Billy Corgan - LT","#68 Andres Nash - RG","#79 Armando McDaniel - C","#53 William Jackson - RG","#58 Brian Marts - LT",,"#90 Lawrence Delrosario - LDE","#75 Eddie Duncan - RDE","#99 Gerald Taylor - DT","#72 Bobby Green - LDE","#78 Vernon Mincey - RDE","#56 Peter Vess - SLB","#98 John Trujillo - MLB",,"#93 Phillip Johnson - WLB","#45 Ronald Baggett - CB","#25 Andrew Harry - CB",,,,"#27 Orlando Brown - CB",,,,,,,,,,,,,,,,,,,,,,,,,,,,,,,,,,,,,
OMS,12:23,"OMS 45",1,2,12,"Shotgun 2 RB 3 WR WR Hooks","46 Normal Inside Blitz",,0,0,"2-12-OMS 45 (12:22) 9-Walton Smith pass incomplete, intended for 87-Richard Medina.","#9 Walton Smith - QB","#48 Michael Spiller - RB","#46 Aaron Dean - RB",,,,,"#84 Anthony Mistretta - WR","#15 Thomas Fernandes - WR","#87 Richard Medina - WR",,,"#71 Billy Corgan - LT","#68 Andres Nash - RG","#79 Armando McDaniel - C","#53 William Jackson - RG","#58 Brian Marts - LT",,"#90 Lawrence Delrosario - LDE",,"#99 Gerald Taylor - DT","#94 John Fox - RDE","#78 Vernon Mincey - RDE","#56 Peter Vess - SLB","#98 John Trujillo - MLB",,"#93 Phillip Johnson - WLB","#45 Ronald Baggett - CB","#25 Andrew Harry - CB",,,,"#27 Orlando Brown - CB","#38 Gordon Stanford - CB",,,,,,,,,,,,,,,,,,,,,,,,,,,,,,,,,,,,
OMS,12:17,"OMS 45",1,3,12,"Weak I Normal HB Inside Strong","Nickel 3-3-5 Cover 2 Man Under",2,0,0,"3-12-OMS 45 (12:18) 48-Michael Spiller ran to OMS 47 for 2 yards. Tackle by 99-Gerald Taylor.","#9 Walton Smith - QB","#48 Michael Spiller - RB",,,"#31 Kurt Shoemaker - FB","#80 Willie Garcia - TE",,"#83 Paul Parson - WR",,"#19 Alejandro Gomez - WR",,,"#71 Billy Corgan - LT","#68 Andres Nash - RG","#79 Armando McDaniel - C","#53 William Jackson - RG","#58 Brian Marts - LT",,"#90 Lawrence Delrosario - LDE",,"#99 Gerald Taylor - DT",,"#78 Vernon Mincey - RDE","#56 Peter Vess - SLB","#98 John Trujillo - MLB",,"#93 Phillip Johnson - WLB","#45 Ronald Baggett - CB","#25 Andrew Harry - CB",,"#52 Michael Parker - MLB",,"#27 Orlando Brown - CB","#38 Gordon Stanford - CB",,,,,,,,,,,,,,,,,,,,,,,,,,,,,,,,,,,,
OMS,11:38,"OMS 47",1,4,10,Punt,"Punt Return",53,0,0,"4-10-OMS 47 (11:37) 7-Joshua Madden punts 53 yards to SUU 0.4-10-OMS 47 (11:37) 7-Joshua Madden punts 53 yards to SUU 0. Touchback.",,,,,,,,,,,,,,,,,,"#7 Joshua Madden - P",,,,,,,,,,,,,,,,,,,"#59 Michael Brooks - RT",,"#42 David Garcia - TE",,,"#67 Nicholas Wiley - RDE","#99 Gerald Taylor - DT","#45 Ronald Baggett - CB",,"#25 Andrew Harry - CB","#38 Gordon Stanford - CB",,"#78 Vernon Mincey - RDE",,,,"#81 Paul McCaslin - TE","#52 James Funches - LT","#71 Billy Corgan - LT","#80 Willie Garcia - TE","#66 Andrew Turner - RG","#58 Brian Marts - LT",,"#51 Samuel Morrison - FS","#52 Michael Parker - MLB","#48 Leo Bostwick - SS","#57 Joseph Johnson - FS",,,,,,,
SUU,11:30,"SUU 20",1,1,10,"Singleback Empty 4 Slot Crosses","Dime Flat CB3 CB4 Blitz",-8,0,0,"1-10-SUU 20 (11:31) 1-Kenneth Kulas sacked at SUU 12 for -8 yards (70-Robert Jackson). Sack allowed by 71-Eric Hancock.","#1 Kenneth Kulas - QB",,,,,"#80 Jeremy Grover - WR",,"#28 Juan Hilburn - WR","#88 Kenneth Knight - WR","#46 Chris Wilson - RB","#86 Jared Moreno - WR",,"#76 Raymond Alvarado - LT","#73 Dale Geisler - LG","#71 Eric Hancock - C","#54 Robert Stanley - RG","#79 Marcus King - RT",,"#77 Reginald Throckmorton - RDE",,"#63 Ian Burress - DT","#70 Robert Jackson - DT","#97 Paul Red - RDE",,"#50 Carl Blackburn - MLB",,,"#49 Don Fisher - CB","#34 Richard Dinardo - CB","#25 Isaac Burson - SS","#21 James Savarese - SS",,"#32 Rodney Hayne - SS","#28 Jason Orr - FS",,,,,,,,,,,,,,,,,,,,,,,,,,,,,,,,,,,,
SUU,10:46,"SUU 12",1,2,18,"I Formation Power HB Draw","Goal Line 3 Deep Man",6,0,0,"2-18-SUU 12 (10:45) 8-Thomas Miller ran to SUU 17 for 6 yards. Tackle by 34-Richard Dinardo.","#1 Kenneth Kulas - QB","#8 Thomas Miller - WR",,"#42 David Garcia - TE","#47 James Barrier - RB","#80 Jeremy Grover - WR",,"#28 Juan Hilburn - WR",,,,,"#76 Raymond Alvarado - LT","#73 Dale Geisler - LG","#71 Eric Hancock - C","#54 Robert Stanley - RG","#79 Marcus King - RT",,"#77 Reginald Throckmorton - RDE","#94 Shawn Santiago - LDE","#63 Ian Burress - DT","#70 Robert Jackson - DT","#97 Paul Red - RDE","#54 Walter Dominguez - WLB","#50 Carl Blackburn - MLB",,"#56 Andrew Chmielewski - WLB","#49 Don Fisher - CB","#34 Richard Dinardo - CB",,,,"#32 Rodney Hayne - SS",,,,,,,,,,,,,,,,,,,,,,,,,,,,,,,,,,,,,
SUU,10:08,"SUU 17",1,3,13,"I Formation 3WR HB Inside Weak","Nickel Normal Man Cover 2",,0,0,"3-13-SUU 17 (10:07) PENALTY - False Start (SUU 8-Thomas Miller)","#1 Kenneth Kulas - QB","#8 Thomas Miller - WR",,,"#47 James Barrier - RB",,,"#28 Juan Hilburn - WR","#88 Kenneth Knight - WR","#46 Chris Wilson - RB",,,"#76 Raymond Alvarado - LT","#73 Dale Geisler - LG","#71 Eric Hancock - C","#54 Robert Stanley - RG","#79 Marcus King - RT",,"#77 Reginald Throckmorton - RDE",,"#72 James Neal - DT","#63 Ian Burress - DT","#97 Paul Red - RDE",,"#50 Carl Blackburn - MLB",,"#56 Andrew Chmielewski - WLB","#49 Don Fisher - CB","#34 Richard Dinardo - CB",,"#21 James Savarese - SS",,"#39 Russell Charles - SS","#28 Jason Orr - FS",,,,,,,,,,,,,,,,,,,,,,,,,,,,,,,,,,,,
SUU,10:06,"SUU 12",1,3,18,"Weak I Normal WR Corner TE Middle","46 Heavy 2 Deep Man Under",3,0,0,"3-18-SUU 12 (10:07) 1-Kenneth Kulas pass complete to 8-Thomas Miller to SUU 16 for 3 yards. Tackle by 56-Andrew Chmielewski.","#1 Kenneth Kulas - QB","#8 Thomas Miller - WR",,,"#47 James Barrier - RB","#80 Jeremy Grover - WR",,"#28 Juan Hilburn - WR",,"#46 Chris Wilson - RB",,,"#76 Raymond Alvarado - LT","#73 Dale Geisler - LG","#71 Eric Hancock - C","#54 Robert Stanley - RG","#79 Marcus King - RT",,"#77 Reginald Throckmorton - RDE",,"#72 James Neal - DT","#63 Ian Burress - DT","#97 Paul Red - RDE","#54 Walter Dominguez - WLB","#50 Carl Blackburn - MLB",,"#56 Andrew Chmielewski - WLB","#49 Don Fisher - CB","#34 Richard Dinardo - CB",,,,"#39 Russell Charles - SS","#28 Jason Orr - FS",,,,,,,,,,,,,,,,,,,,,,,,,,,,,,,,,,,,
SUU,9:21,"SUU 16",1,4,14,Punt,"Punt Return",,0,0,"4-14-SUU 16 (9:20) 6-Howard Snow punts 49 yards to OMS 35. Fair Catch by 84-Anthony Mistretta.",,,,,,,,,,,,,,,,,,"#6 Howard Snow - P",,,,,,,,,,,,,,,,,,,"#74 Thomas Ferguson - LG",,"#84 Anthony Mistretta - WR",,,"#94 Shawn Santiago - LDE","#56 Andrew Chmielewski - WLB","#73 Darrell Vose - DT",,"#97 Paul Red - RDE","#39 Russell Charles - SS",,"#34 Richard Dinardo - CB",,,,"#73 Dale Geisler - LG","#42 David Garcia - TE","#46 Chris Wilson - RB","#8 Thomas Miller - WR","#76 Raymond Alvarado - LT","#79 Marcus King - RT",,"#77 Reginald Throckmorton - RDE","#72 James Neal - DT","#63 Ian Burress - DT","#51 Leo Morrison - MLB",,,,,,,
OMS,9:13,"OMS 35",1,1,10,"Goal Line Normal HB Weak","Goal Line Attack #3",-1,0,0,"1-10-OMS 35 (9:14) 48-Michael Spiller ran to OMS 34 for -1 yards. Tackle by 72-Bobby Green.","#9 Walton Smith - QB","#48 Michael Spiller - RB",,"#46 Aaron Dean - RB","#31 Kurt Shoemaker - FB","#80 Willie Garcia - TE","#81 Paul McCaslin - TE",,,,,,"#71 Billy Corgan - LT","#68 Andres Nash - RG","#79 Armando McDaniel - C","#53 William Jackson - RG","#58 Brian Marts - LT",,"#90 Lawrence Delrosario - LDE","#75 Eddie Duncan - RDE","#99 Gerald Taylor - DT","#72 Bobby Green - LDE","#78 Vernon Mincey - RDE","#56 Peter Vess - SLB","#98 John Trujillo - MLB",,"#93 Phillip Johnson - WLB","#45 Ronald Baggett - CB","#25 Andrew Harry - CB",,,,"#27 Orlando Brown - CB",,,,,,,,,,,,,,,,,,,,,,,,,,,,,,,,,,,,,
OMS,8:30,"OMS 34",1,2,11,"I Formation Power HB Sweep Weak","46 Normal Inside Blitz",-3,0,0,"2-11-OMS 34 (8:29) 48-Michael Spiller ran to OMS 31 for -3 yards. Tackle by 56-Peter Vess.","#9 Walton Smith - QB","#48 Michael Spiller - RB",,"#46 Aaron Dean - RB","#31 Kurt Shoemaker - FB","#80 Willie Garcia - TE",,"#84 Anthony Mistretta - WR",,,,,"#71 Billy Corgan - LT","#68 Andres Nash - RG","#79 Armando McDaniel - C","#53 William Jackson - RG","#58 Brian Marts - LT",,"#90 Lawrence Delrosario - LDE",,"#99 Gerald Taylor - DT","#94 John Fox - RDE","#78 Vernon Mincey - RDE","#56 Peter Vess - SLB","#98 John Trujillo - MLB",,"#93 Phillip Johnson - WLB","#45 Ronald Baggett - CB","#25 Andrew Harry - CB",,,,"#27 Orlando Brown - CB","#38 Gordon Stanford - CB",,,,,,,,,,,,,,,,,,,,,,,,,,,,,,,,,,,,
OMS,7:50,"OMS 31",1,3,14,"Shotgun Normal Deep Weak In and Out","Nickel Normal Man Cover 2",-10,0,0,"3-14-OMS 31 (7:49) 9-Walton Smith sacked at OMS 21 for -10 yards (78-Vernon Mincey). Sack allowed by 71-Billy Corgan. 71-Billy Corgan was caught flat-footed on this play.","#9 Walton Smith - QB","#46 Aaron Dean - RB",,,,"#80 Willie Garcia - TE",,"#84 Anthony Mistretta - WR","#15 Thomas Fernandes - WR","#87 Richard Medina - WR",,,"#71 Billy Corgan - LT","#68 Andres Nash - RG","#79 Armando McDaniel - C","#53 William Jackson - RG","#58 Brian Marts - LT",,"#90 Lawrence Delrosario - LDE",,"#99 Gerald Taylor - DT","#94 John Fox - RDE","#78 Vernon Mincey - RDE",,"#98 John Trujillo - MLB",,"#93 Phillip Johnson - WLB","#45 Ronald Baggett - CB","#25 Andrew Harry - CB",,"#52 Michael Parker - MLB",,"#27 Orlando Brown - CB","#38 Gordon Stanford - CB",,,,,,,,,,,,,,,,,,,,,,,,,,,,,,,,,,,,
OMS,7:13,"OMS 21",1,4,24,Punt,"Punt Return",,0,0,"4-24-OMS 21 (7:12) 7-Joshua Madden punts 48 yards to SUU 31. 42-David Garcia to SUU 38 for 8 yards. Tackle by 80-Willie Garcia.",,,,,,,,,,,,,,,,,,"#7 Joshua Madden - P",,,,,,,,,,,,,,,,,,,"#59 Michael Brooks - RT",,"#42 David Garcia - TE",,,"#67 Nicholas Wiley - RDE","#99 Gerald Taylor - DT","#45 Ronald Baggett - CB",,"#57 Joseph Johnson - FS","#25 Andrew Harry - CB",,"#78 Vernon Mincey - RDE",,,,"#81 Paul McCaslin - TE","#52 James Funches - LT","#71 Billy Corgan - LT","#80 Willie Garcia - TE","#66 Andrew Turner - RG","#58 Brian Marts - LT",,"#38 Gordon Stanford - CB","#52 Michael Parker - MLB","#48 Leo Bostwick - SS","#51 Samuel Morrison - FS",,,,,,,
SUU,7:02,"SUU 38",1,1,10,"Singleback Empty 4 TE Corner","Dime Normal Double WR3",,0,0,"1-10-SUU 38 (7:03) 1-Kenneth Kulas pass Pass knocked down by 28-Jason Orr. incomplete, intended for 88-Kenneth Knight.","#1 Kenneth Kulas - QB",,,,,"#80 Jeremy Grover - WR",,"#28 Juan Hilburn - WR","#88 Kenneth Knight - WR","#46 Chris Wilson - RB","#86 Jared Moreno - WR",,"#76 Raymond Alvarado - LT","#73 Dale Geisler - LG","#71 Eric Hancock - C","#54 Robert Stanley - RG","#79 Marcus King - RT",,"#77 Reginald Throckmorton - RDE",,"#63 Ian Burress - DT","#70 Robert Jackson - DT","#97 Paul Red - RDE",,"#50 Carl Blackburn - MLB",,,"#49 Don Fisher - CB","#34 Richard Dinardo - CB","#25 Isaac Burson - SS","#21 James Savarese - SS",,"#32 Rodney Hayne - SS","#28 Jason Orr - FS",,,,,,,,,,,,,,,,,,,,,,,,,,,,,,,,,,,,
SUU,6:59,"SUU 38",1,2,10,"I Formation 3WR Backfield Flats","Nickel Normal Man Cover 2",4,0,0,"2-10-SUU 38 (7:00) 1-Kenneth Kulas pass complete to 47-James Barrier to SUU 42 for 4 yards. Tackle by 56-Andrew Chmielewski.","#1 Kenneth Kulas - QB","#8 Thomas Miller - WR",,,"#47 James Barrier - RB",,,"#28 Juan Hilburn - WR","#88 Kenneth Knight - WR","#46 Chris Wilson - RB",,,"#76 Raymond Alvarado - LT","#73 Dale Geisler - LG","#71 Eric Hancock - C","#54 Robert Stanley - RG","#79 Marcus King - RT",,"#77 Reginald Throckmorton - RDE",,"#72 James Neal - DT","#63 Ian Burress - DT","#97 Paul Red - RDE",,"#50 Carl Blackburn - MLB",,"#56 Andrew Chmielewski - WLB","#49 Don Fisher - CB","#34 Richard Dinardo - CB",,"#21 James Savarese - SS",,"#39 Russell Charles - SS","#28 Jason Orr - FS",,,,,,,,,,,,,,,,,,,,,,,,,,,,,,,,,,,,
SUU,6:21,"SUU 42",1,3,6,"I Formation Twin WR Quick Outs","4-3 Normal Double WR2",,0,0,"3-6-SUU 42 (6:20) 1-Kenneth Kulas pass Pass knocked down by 49-Don Fisher. incomplete, intended for 46-Chris Wilson.","#1 Kenneth Kulas - QB","#8 Thomas Miller - WR",,,"#47 James Barrier - RB","#80 Jeremy Grover - WR",,"#28 Juan Hilburn - WR",,"#46 Chris Wilson - RB",,,"#76 Raymond Alvarado - LT","#73 Dale Geisler - LG","#71 Eric Hancock - C","#54 Robert Stanley - RG","#79 Marcus King - RT",,"#77 Reginald Throckmorton - RDE",,"#72 James Neal - DT","#63 Ian Burress - DT","#97 Paul Red - RDE","#54 Walter Dominguez - WLB","#51 Leo Morrison - MLB",,"#55 Jeremy Hannon - WLB","#32 Rodney Hayne - SS","#49 Don Fisher - CB",,,,"#39 Russell Charles - SS","#25 Isaac Burson - SS",,,,,,,,,,,,,,,,,,,,,,,,,,,,,,,,,,,,
SUU,6:16,"SUU 42",1,4,6,Punt,"Punt Return",,0,0,"4-6-SUU 42 (6:17) 6-Howard Snow punts 43 yards to OMS 15. Fair Catch by 84-Anthony Mistretta.",,,,,,,,,,,,,,,,,,"#6 Howard Snow - P",,,,,,,,,,,,,,,,,,,"#74 Thomas Ferguson - LG",,"#84 Anthony Mistretta - WR",,,"#73 Darrell Vose - DT","#28 Jason Orr - FS","#39 Russell Charles - SS",,"#94 Shawn Santiago - LDE","#97 Paul Red - RDE",,"#50 Carl Blackburn - MLB",,,,"#73 Dale Geisler - LG","#42 David Garcia - TE","#46 Chris Wilson - RB","#8 Thomas Miller - WR","#76 Raymond Alvarado - LT","#79 Marcus King - RT",,"#56 Andrew Chmielewski - WLB","#34 Richard Dinardo - CB","#72 James Neal - DT","#63 Ian Burress - DT",,,,,,,
OMS,6:09,"OMS 15",1,1,10,"I Formation Normal PA Fullback Flat","3-4 Normal Double Blitz",1,0,0,"1-10-OMS 15 (6:10) 9-Walton Smith pass complete to 31-Kurt Shoemaker to OMS 16 for 1 yards. Tackle by 45-Ronald Baggett.","#9 Walton Smith - QB","#48 Michael Spiller - RB",,,"#31 Kurt Shoemaker - FB","#80 Willie Garcia - TE",,"#84 Anthony Mistretta - WR",,"#87 Richard Medina - WR",,,"#71 Billy Corgan - LT","#68 Andres Nash - RG","#79 Armando McDaniel - C","#53 William Jackson - RG","#58 Brian Marts - LT",,"#90 Lawrence Delrosario - LDE",,"#99 Gerald Taylor - DT",,"#78 Vernon Mincey - RDE","#56 Peter Vess - SLB","#98 John Trujillo - MLB","#51 Samuel Morrison - FS","#93 Phillip Johnson - WLB","#45 Ronald Baggett - CB","#25 Andrew Harry - CB",,,,"#27 Orlando Brown - CB","#38 Gordon Stanford - CB",,,,,,,,,,,,,,,,,,,,,,,,,,,,,,,,,,,,
OMS,5:28,"OMS 16",1,2,9,"I Formation Normal SE Post","3-4 Normal 4 Deep QB Spy",-1,0,0,"2-9-OMS 16 (5:27) 9-Walton Smith pass complete to 45-Michael Gallimore to OMS 15 for -1 yards. Tackle by 56-Peter Vess.","#9 Walton Smith - QB","#46 Aaron Dean - RB",,,"#45 Michael Gallimore - RB","#81 Paul McCaslin - TE",,"#15 Thomas Fernandes - WR",,"#83 Paul Parson - WR",,,"#71 Billy Corgan - LT","#68 Andres Nash - RG","#79 Armando McDaniel - C","#53 William Jackson - RG","#58 Brian Marts - LT",,"#90 Lawrence Delrosario - LDE",,"#99 Gerald Taylor - DT",,"#78 Vernon Mincey - RDE","#56 Peter Vess - SLB","#98 John Trujillo - MLB","#51 Samuel Morrison - FS","#93 Phillip Johnson - WLB","#45 Ronald Baggett - CB","#25 Andrew Harry - CB",,,,"#27 Orlando Brown - CB","#38 Gordon Stanford - CB",,,,,,,,,,,,,,,,,,,,,,,,,,,,,,,,,,,,
OMS,4:49,"OMS 15",1,3,10,"Shotgun 2 RB 3 WR WR Curl","Nickel Normal Man Cover 2",,0,0,"3-10-OMS 15 (4:48) 9-Walton Smith pass incomplete, dropped by 87-Richard Medina. Excellent coverage on that play. Pressure by 90-Lawrence Delrosario. 25-Andrew Harry got away with a hold on that play.","#9 Walton Smith - QB","#48 Michael Spiller - RB","#46 Aaron Dean - RB",,,,,"#84 Anthony Mistretta - WR","#19 Alejandro Gomez - WR","#87 Richard Medina - WR",,,"#71 Billy Corgan - LT","#68 Andres Nash - RG","#79 Armando McDaniel - C","#53 William Jackson - RG","#58 Brian Marts - LT",,"#90 Lawrence Delrosario - LDE",,"#99 Gerald Taylor - DT","#94 John Fox - RDE","#78 Vernon Mincey - RDE",,"#98 John Trujillo - MLB",,"#93 Phillip Johnson - WLB","#45 Ronald Baggett - CB","#25 Andrew Harry - CB",,"#52 Michael Parker - MLB",,"#27 Orlando Brown - CB","#38 Gordon Stanford - CB",,,,,,,,,,,,,,,,,,,,,,,,,,,,,,,,,,,,
OMS,4:43,"OMS 15",1,4,10,Punt,"Punt Return",,0,0,"4-10-OMS 15 (4:44) 7-Joshua Madden punts 47 yards to SUU 38. Fair Catch by 42-David Garcia.",,,,,,,,,,,,,,,,,,"#7 Joshua Madden - P",,,,,,,,,,,,,,,,,,,"#59 Michael Brooks - RT",,"#42 David Garcia - TE",,,"#67 Nicholas Wiley - RDE","#99 Gerald Taylor - DT","#45 Ronald Baggett - CB",,"#57 Joseph Johnson - FS","#25 Andrew Harry - CB",,"#78 Vernon Mincey - RDE",,,,"#81 Paul McCaslin - TE","#52 James Funches - LT","#71 Billy Corgan - LT","#80 Willie Garcia - TE","#66 Andrew Turner - RG","#58 Brian Marts - LT",,"#38 Gordon Stanford - CB","#52 Michael Parker - MLB","#48 Leo Bostwick - SS","#51 Samuel Morrison - FS",,,,,,,
SUU,4:37,"SUU 38",1,1,10,"Singleback 4 Wide Post and Drag","Dime Flat Cover 2",10,0,0,"1-10-SUU 38 (4:38) 1-Kenneth Kulas pass complete to 28-Juan Hilburn to SUU 47 for 10 yards. Tackle by 50-Carl Blackburn.","#1 Kenneth Kulas - QB","#8 Thomas Miller - WR",,,,,,"#28 Juan Hilburn - WR","#88 Kenneth Knight - WR","#46 Chris Wilson - RB","#86 Jared Moreno - WR",,"#76 Raymond Alvarado - LT","#73 Dale Geisler - LG","#71 Eric Hancock - C","#54 Robert Stanley - RG","#79 Marcus King - RT",,"#77 Reginald Throckmorton - RDE",,"#63 Ian Burress - DT","#70 Robert Jackson - DT","#97 Paul Red - RDE",,"#50 Carl Blackburn - MLB",,,"#49 Don Fisher - CB","#34 Richard Dinardo - CB","#25 Isaac Burson - SS","#21 James Savarese - SS",,"#32 Rodney Hayne - SS","#28 Jason Orr - FS",,,,,,,,,,,,,,,,,,,,,,,,,,,,,,,,,,,,
SUU,3:57,"SUU 47",1,2,,"I Formation 3WR HB Inside Strong","Nickel Normal Man Cover 2",14,0,0,"2-1-SUU 47 (3:56) 8-Thomas Miller ran to OMS 39 for 14 yards. Tackle by 32-Rodney Hayne.","#1 Kenneth Kulas - QB","#8 Thomas Miller - WR",,,"#47 James Barrier - RB",,,"#28 Juan Hilburn - WR","#88 Kenneth Knight - WR","#46 Chris Wilson - RB",,,"#76 Raymond Alvarado - LT","#73 Dale Geisler - LG","#71 Eric Hancock - C","#54 Robert Stanley - RG","#79 Marcus King - RT",,"#77 Reginald Throckmorton - RDE",,"#72 James Neal - DT","#63 Ian Burress - DT","#73 Darrell Vose - DT",,"#51 Leo Morrison - MLB",,"#56 Andrew Chmielewski - WLB","#49 Don Fisher - CB","#34 Richard Dinardo - CB",,"#21 James Savarese - SS",,"#32 Rodney Hayne - SS","#39 Russell Charles - SS",,,,,,,,,,,,,,,,,,,,,,,,,,,,,,,,,,,,
SUU,3:17,"OMS 39",1,1,10,"Singleback Empty 4 TE Corner","Dime Flat Cover 2",13,0,0,"1-10-OMS 39 (3:16) 1-Kenneth Kulas pass complete to 86-Jared Moreno to OMS 26 for 13 yards. Tackle by 34-Richard Dinardo.","#1 Kenneth Kulas - QB",,,,,"#80 Jeremy Grover - WR",,"#28 Juan Hilburn - WR","#88 Kenneth Knight - WR","#46 Chris Wilson - RB","#86 Jared Moreno - WR",,"#76 Raymond Alvarado - LT","#73 Dale Geisler - LG","#71 Eric Hancock - C","#54 Robert Stanley - RG","#79 Marcus King - RT",,"#77 Reginald Throckmorton - RDE",,"#72 James Neal - DT","#63 Ian Burress - DT","#97 Paul Red - RDE",,"#50 Carl Blackburn - MLB",,,"#28 Jason Orr - FS","#21 James Savarese - SS","#34 Richard Dinardo - CB","#49 Don Fisher - CB",,"#25 Isaac Burson - SS","#39 Russell Charles - SS",,,,,,,,,,,,,,,,,,,,,,,,,,,,,,,,,,,,
SUU,2:31,"OMS 26",1,1,10,"Singleback Empty 4 TE Corner","Dime Flat Cover 2",12,0,0,"1-10-OMS 26 (2:30) 1-Kenneth Kulas pass complete to 88-Kenneth Knight to OMS 13 for 12 yards. Tackle by 51-Leo Morrison.","#1 Kenneth Kulas - QB",,,,,"#80 Jeremy Grover - WR",,"#28 Juan Hilburn - WR","#88 Kenneth Knight - WR","#46 Chris Wilson - RB","#86 Jared Moreno - WR",,"#76 Raymond Alvarado - LT","#73 Dale Geisler - LG","#71 Eric Hancock - C","#54 Robert Stanley - RG","#79 Marcus King - RT",,"#77 Reginald Throckmorton - RDE",,"#72 James Neal - DT","#63 Ian Burress - DT","#97 Paul Red - RDE",,"#51 Leo Morrison - MLB",,,"#28 Jason Orr - FS","#21 James Savarese - SS","#49 Don Fisher - CB","#39 Russell Charles - SS",,"#32 Rodney Hayne - SS","#25 Isaac Burson - SS",,,,,,,,,,,,,,,,,,,,,,,,,,,,,,,,,,,,
SUU,1:49,"OMS 13",1,1,10,"Singleback 4 Wide Post and Drag","Dime Flat CB3 CB4 Blitz",9,0,0,"1-10-OMS 13 (1:48) 1-Kenneth Kulas pass complete to 88-Kenneth Knight to OMS 4 for 9 yards. Tackle by 32-Rodney Hayne.","#1 Kenneth Kulas - QB","#8 Thomas Miller - WR",,,,,,"#28 Juan Hilburn - WR","#88 Kenneth Knight - WR","#46 Chris Wilson - RB","#86 Jared Moreno - WR",,"#76 Raymond Alvarado - LT","#73 Dale Geisler - LG","#71 Eric Hancock - C","#54 Robert Stanley - RG","#79 Marcus King - RT",,"#77 Reginald Throckmorton - RDE",,"#72 James Neal - DT","#63 Ian Burress - DT","#73 Darrell Vose - DT",,"#50 Carl Blackburn - MLB",,,"#28 Jason Orr - FS","#21 James Savarese - SS","#39 Russell Charles - SS","#25 Isaac Burson - SS",,"#32 Rodney Hayne - SS","#34 Richard Dinardo - CB",,,,,,,,,,,,,,,,,,,,,,,,,,,,,,,,,,,,
SUU,1:06,"OMS 4",1,2,1,"I Formation 3WR HB Inside Strong","Nickel Normal Shallow Zone Deep",4,6,0,"2-1-OMS 4 (1:05) 33-Norman Smith ran to OMS 0 for 4 yards. TOUCHDOWN! SUU 6 OMS 0","#1 Kenneth Kulas - QB","#33 Norman Smith - RB",,,"#47 James Barrier - RB",,,"#86 Jared Moreno - WR","#8 Thomas Miller - WR","#42 David Garcia - TE",,,"#76 Raymond Alvarado - LT","#73 Dale Geisler - LG","#71 Eric Hancock - C","#54 Robert Stanley - RG","#79 Marcus King - RT",,"#77 Reginald Throckmorton - RDE",,"#72 James Neal - DT","#63 Ian Burress - DT","#97 Paul Red - RDE",,"#51 Leo Morrison - MLB",,"#56 Andrew Chmielewski - WLB","#25 Isaac Burson - SS","#49 Don Fisher - CB",,"#34 Richard Dinardo - CB",,"#32 Rodney Hayne - SS","#28 Jason Orr - FS",,,,,,,,,,,,,,,,,,,,,,,,,,,,,,,,,,,,
SUU,1:01,"OMS 15",1,7,15,"Field Goal","FG Block",26,7,0,"(1:02) Extra point GOOD by 17-David Furst. SUU 7 OMS 0",,,,,,,,,,,,,,,,,,,,,,,,,,,,,,,,,,,,"#2 Casey Chavez - QB","#74 Thomas Ferguson - LG",,,,,,,,,,,,,,"#17 David Furst - K","#71 Eric Hancock - C","#73 Dale Geisler - LG","#42 David Garcia - TE","#46 Chris Wilson - RB","#8 Thomas Miller - WR","#76 Raymond Alvarado - LT","#79 Marcus King - RT","#55 Jacob Smith - C","#94 Shawn Santiago - LDE","#72 James Neal - DT","#63 Ian Burress - DT","#56 Andrew Chmielewski - WLB","#99 Leroy Ryan - WLB","#55 Jeremy Hannon - WLB","#97 Paul Red - RDE","#77 Reginald Throckmorton - RDE","#51 Leo Morrison - MLB","#73 Darrell Vose - DT","#34 Richard Dinardo - CB"
SUU,1:01,"SUU 35",1,6,10,Kickoff,"Kick Return",,7,0,"(1:02) 17-David Furst kicks 74 yards from SUU 35 to OMS -9. Touchback.",,,,,,,,,,,,,,,,,,,,,,,,,,,,,,,,,,,,,,"#84 Anthony Mistretta - WR",,"#54 Walter Dominguez - WLB","#34 Richard Dinardo - CB","#73 Darrell Vose - DT","#56 Andrew Chmielewski - WLB","#39 Russell Charles - SS","#50 Carl Blackburn - MLB","#72 James Neal - DT","#94 Shawn Santiago - LDE","#28 Jason Orr - FS","#97 Paul Red - RDE","#17 David Furst - K",,,,,,,,,,,,,,,,,,,,
OMS,1:01,"OMS 25",1,1,10,"Weak I Normal HB Inside Weak","3-4 Normal Double Blitz",5,7,0,"1-10-OMS 25 (1:02) 48-Michael Spiller ran to OMS 30 for 5 yards. Tackle by 27-Orlando Brown.","#9 Walton Smith - QB","#48 Michael Spiller - RB",,,"#31 Kurt Shoemaker - FB","#80 Willie Garcia - TE",,"#87 Richard Medina - WR",,"#15 Thomas Fernandes - WR",,,"#71 Billy Corgan - LT","#68 Andres Nash - RG","#79 Armando McDaniel - C","#53 William Jackson - RG","#58 Brian Marts - LT",,"#90 Lawrence Delrosario - LDE",,"#99 Gerald Taylor - DT",,"#78 Vernon Mincey - RDE","#56 Peter Vess - SLB","#98 John Trujillo - MLB","#51 Samuel Morrison - FS","#93 Phillip Johnson - WLB","#45 Ronald Baggett - CB","#25 Andrew Harry - CB",,,,"#27 Orlando Brown - CB","#38 Gordon Stanford - CB",,,,,,,,,,,,,,,,,,,,,,,,,,,,,,,,,,,,
OMS,0:20,"OMS 30",1,2,5,"Strong I Normal HB Off Tackle Strong","3-4 Normal Double Blitz",1,7,0,"2-5-OMS 30 (0:19) 46-Aaron Dean ran to OMS 31 for 1 yards. Tackle by 51-Samuel Morrison.","#9 Walton Smith - QB","#46 Aaron Dean - RB",,,"#31 Kurt Shoemaker - FB","#80 Willie Garcia - TE",,"#84 Anthony Mistretta - WR",,"#87 Richard Medina - WR",,,"#71 Billy Corgan - LT","#68 Andres Nash - RG","#79 Armando McDaniel - C","#53 William Jackson - RG","#58 Brian Marts - LT",,"#90 Lawrence Delrosario - LDE",,"#99 Gerald Taylor - DT",,"#78 Vernon Mincey - RDE","#56 Peter Vess - SLB","#98 John Trujillo - MLB","#51 Samuel Morrison - FS","#93 Phillip Johnson - WLB","#45 Ronald Baggett - CB","#25 Andrew Harry - CB",,,,"#27 Orlando Brown - CB","#38 Gordon Stanford - CB",,,,,,,,,,,,,,,,,,,,,,,,,,,,,,,,,,,,
,0:00,,1,3,4,,,,7,0,"End of first quarter.",,,,,,,,,,,,,,,,,,,,,,,,,,,,,,,,,,,,,,,,,,,,,,,,,,,,,,,,,,,,,,,,,,,,,,
OMS,15:00,"OMS 31",2,3,4,"I Formation Power HB Draw","3-4 Normal Double Blitz",2,7,0,"3-4-OMS 31 (15:00) 48-Michael Spiller ran to OMS 33 for 2 yards. Tackle by 99-Gerald Taylor.","#9 Walton Smith - QB","#48 Michael Spiller - RB",,"#46 Aaron Dean - RB","#31 Kurt Shoemaker - FB","#80 Willie Garcia - TE",,"#15 Thomas Fernandes - WR",,,,,"#71 Billy Corgan - LT","#68 Andres Nash - RG","#79 Armando McDaniel - C","#53 William Jackson - RG","#58 Brian Marts - LT",,"#90 Lawrence Delrosario - LDE",,"#99 Gerald Taylor - DT",,"#78 Vernon Mincey - RDE","#56 Peter Vess - SLB","#98 John Trujillo - MLB","#51 Samuel Morrison - FS","#93 Phillip Johnson - WLB","#45 Ronald Baggett - CB","#25 Andrew Harry - CB",,,,"#27 Orlando Brown - CB","#38 Gordon Stanford - CB",,,,,,,,,,,,,,,,,,,,,,,,,,,,,,,,,,,,
OMS,14:25,"OMS 33",2,4,2,Punt,"Punt Return",,7,0,"4-2-OMS 33 (14:24) 7-Joshua Madden punts 40 yards to SUU 27. Fair Catch by 42-David Garcia.",,,,,,,,,,,,,,,,,,"#7 Joshua Madden - P",,,,,,,,,,,,,,,,,,,"#59 Michael Brooks - RT",,"#42 David Garcia - TE",,,"#67 Nicholas Wiley - RDE","#99 Gerald Taylor - DT","#45 Ronald Baggett - CB",,"#57 Joseph Johnson - FS","#25 Andrew Harry - CB",,"#78 Vernon Mincey - RDE",,,,"#81 Paul McCaslin - TE","#52 James Funches - LT","#71 Billy Corgan - LT","#80 Willie Garcia - TE","#66 Andrew Turner - RG","#58 Brian Marts - LT",,"#38 Gordon Stanford - CB","#52 Michael Parker - MLB","#48 Leo Bostwick - SS","#51 Samuel Morrison - FS",,,,,,,
SUU,14:16,"SUU 27",2,1,10,"Singleback 4 Wide Post and Curls","Dime Normal Prevent",5,7,0,"1-10-SUU 27 (14:17) 1-Kenneth Kulas pass complete to 46-Chris Wilson to SUU 32 for 5 yards. Tackle by 97-Paul Red.","#1 Kenneth Kulas - QB","#8 Thomas Miller - WR",,,,,,"#28 Juan Hilburn - WR","#88 Kenneth Knight - WR","#46 Chris Wilson - RB","#86 Jared Moreno - WR",,"#76 Raymond Alvarado - LT","#73 Dale Geisler - LG","#71 Eric Hancock - C","#54 Robert Stanley - RG","#79 Marcus King - RT",,"#77 Reginald Throckmorton - RDE",,"#63 Ian Burress - DT","#70 Robert Jackson - DT","#97 Paul Red - RDE",,"#50 Carl Blackburn - MLB",,,"#49 Don Fisher - CB","#34 Richard Dinardo - CB","#25 Isaac Burson - SS","#21 James Savarese - SS",,"#32 Rodney Hayne - SS","#28 Jason Orr - FS",,,,,,,,,,,,,,,,,,,,,,,,,,,,,,,,,,,,
SUU,13:43,"SUU 32",2,2,5,"I Formation 3WR HB Inside Weak","Nickel Normal 2 Deep",6,7,0,"2-5-SUU 32 (13:42) 8-Thomas Miller ran to SUU 39 for 6 yards. Tackle by 56-Andrew Chmielewski. 47-James Barrier completely missed his blocking assignment.","#1 Kenneth Kulas - QB","#8 Thomas Miller - WR",,,"#47 James Barrier - RB",,,"#28 Juan Hilburn - WR","#88 Kenneth Knight - WR","#46 Chris Wilson - RB",,,"#76 Raymond Alvarado - LT","#73 Dale Geisler - LG","#71 Eric Hancock - C","#54 Robert Stanley - RG","#79 Marcus King - RT",,"#94 Shawn Santiago - LDE",,"#72 James Neal - DT","#63 Ian Burress - DT","#73 Darrell Vose - DT",,"#51 Leo Morrison - MLB",,"#56 Andrew Chmielewski - WLB","#39 Russell Charles - SS","#49 Don Fisher - CB",,"#34 Richard Dinardo - CB",,"#32 Rodney Hayne - SS","#28 Jason Orr - FS",,,,,,,,,,,,,,,,,,,,,,,,,,,,,,,,,,,,
SUU,13:03,"SUU 39",2,1,10,"Singleback Empty 4 Slot Crosses","Dime Normal 4 Deep Zone under",-8,7,0,"1-10-SUU 39 (13:02) 1-Kenneth Kulas sacked at SUU 30 for -8 yards (77-Reginald Throckmorton). Sack allowed by 79-Marcus King. 79-Marcus King completely missed his blocking assignment.","#1 Kenneth Kulas - QB",,,,,"#80 Jeremy Grover - WR",,"#28 Juan Hilburn - WR","#88 Kenneth Knight - WR","#46 Chris Wilson - RB","#86 Jared Moreno - WR",,"#76 Raymond Alvarado - LT","#73 Dale Geisler - LG","#71 Eric Hancock - C","#54 Robert Stanley - RG","#79 Marcus King - RT",,"#77 Reginald Throckmorton - RDE",,"#72 James Neal - DT","#63 Ian Burress - DT","#97 Paul Red - RDE",,"#50 Carl Blackburn - MLB",,,"#21 James Savarese - SS","#49 Don Fisher - CB","#28 Jason Orr - FS","#34 Richard Dinardo - CB",,"#39 Russell Charles - SS","#25 Isaac Burson - SS",,,,,,,,,,,,,,,,,,,,,,,,,,,,,,,,,,,,
SUU,12:26,"SUU 30",2,2,18,"Singleback Normal HB Release Mid","Nickel Normal Shallow Zone Deep",,7,0,"2-18-SUU 30 (12:25) 1-Kenneth Kulas pass Pass knocked down by 25-Isaac Burson. incomplete, intended for 8-Thomas Miller.","#1 Kenneth Kulas - QB","#8 Thomas Miller - WR",,,,"#80 Jeremy Grover - WR",,"#28 Juan Hilburn - WR","#88 Kenneth Knight - WR","#46 Chris Wilson - RB",,,"#76 Raymond Alvarado - LT","#73 Dale Geisler - LG","#71 Eric Hancock - C","#54 Robert Stanley - RG","#79 Marcus King - RT",,"#77 Reginald Throckmorton - RDE",,"#72 James Neal - DT","#63 Ian Burress - DT","#97 Paul Red - RDE",,"#50 Carl Blackburn - MLB",,"#56 Andrew Chmielewski - WLB","#21 James Savarese - SS","#32 Rodney Hayne - SS",,"#49 Don Fisher - CB",,"#39 Russell Charles - SS","#25 Isaac Burson - SS",,,,,,,,,,,,,,,,,,,,,,,,,,,,,,,,,,,,
SUU,12:21,"SUU 30",2,3,18,"I Formation 3WR HB Inside Strong","Nickel 3-3-5 Cover 2 Man Under",12,7,0,"3-18-SUU 30 (12:22) 8-Thomas Miller ran to SUU 42 for 12 yards. Tackle by 32-Rodney Hayne.","#1 Kenneth Kulas - QB","#8 Thomas Miller - WR",,,"#47 James Barrier - RB",,,"#28 Juan Hilburn - WR","#88 Kenneth Knight - WR","#46 Chris Wilson - RB",,,"#76 Raymond Alvarado - LT","#73 Dale Geisler - LG","#71 Eric Hancock - C","#54 Robert Stanley - RG","#79 Marcus King - RT",,"#94 Shawn Santiago - LDE",,"#72 James Neal - DT",,"#97 Paul Red - RDE","#54 Walter Dominguez - WLB","#51 Leo Morrison - MLB",,"#56 Andrew Chmielewski - WLB","#28 Jason Orr - FS","#21 James Savarese - SS",,"#32 Rodney Hayne - SS",,"#34 Richard Dinardo - CB","#25 Isaac Burson - SS",,,,,,,,,,,,,,,,,,,,,,,,,,,,,,,,,,,,
SUU,11:48,"SUU 42",2,4,6,Punt,"Punt Return",,7,0,"4-6-SUU 42 (11:47) 6-Howard Snow punts 47 yards to OMS 11. 84-Anthony Mistretta to OMS 16 for 5 yards. Tackle by 8-Thomas Miller.",,,,,,,,,,,,,,,,,,"#6 Howard Snow - P",,,,,,,,,,,,,,,,,,,"#74 Thomas Ferguson - LG",,"#84 Anthony Mistretta - WR",,,"#73 Darrell Vose - DT","#54 Walter Dominguez - WLB","#39 Russell Charles - SS",,"#94 Shawn Santiago - LDE","#97 Paul Red - RDE",,"#50 Carl Blackburn - MLB",,,,"#73 Dale Geisler - LG","#42 David Garcia - TE","#46 Chris Wilson - RB","#8 Thomas Miller - WR","#76 Raymond Alvarado - LT","#79 Marcus King - RT",,"#56 Andrew Chmielewski - WLB","#34 Richard Dinardo - CB","#72 James Neal - DT","#63 Ian Burress - DT",,,,,,,
OMS,11:39,"OMS 16",2,1,10,"Goal Line Normal HB Off Tackle","Goal Line Attack #3",9,7,0,"1-10-OMS 16 (11:40) 48-Michael Spiller ran to OMS 25 for 9 yards. Tackle by 45-Ronald Baggett. OMS 68-Andres Nash was injured on the play. He looks like he should be able to return.","#9 Walton Smith - QB","#48 Michael Spiller - RB",,"#46 Aaron Dean - RB","#31 Kurt Shoemaker - FB","#80 Willie Garcia - TE","#81 Paul McCaslin - TE",,,,,,"#71 Billy Corgan - LT","#68 Andres Nash - RG","#79 Armando McDaniel - C","#53 William Jackson - RG","#58 Brian Marts - LT",,"#90 Lawrence Delrosario - LDE","#75 Eddie Duncan - RDE","#99 Gerald Taylor - DT","#72 Bobby Green - LDE","#78 Vernon Mincey - RDE","#56 Peter Vess - SLB","#98 John Trujillo - MLB",,"#93 Phillip Johnson - WLB","#45 Ronald Baggett - CB","#25 Andrew Harry - CB",,,,"#27 Orlando Brown - CB",,,,,,,,,,,,,,,,,,,,,,,,,,,,,,,,,,,,,
OMS,11:07,"OMS 25",2,2,1,"Goal Line Normal HB Toss Strong","Goal Line Attack #3",9,7,0,"2-1-OMS 25 (11:06) 46-Aaron Dean ran to OMS 34 for 9 yards. Tackle by 56-Peter Vess.","#9 Walton Smith - QB","#46 Aaron Dean - RB",,"#45 Michael Gallimore - RB","#31 Kurt Shoemaker - FB","#80 Willie Garcia - TE","#81 Paul McCaslin - TE",,,,,,"#71 Billy Corgan - LT","#66 Andrew Turner - RG","#79 Armando McDaniel - C","#53 William Jackson - RG","#58 Brian Marts - LT",,"#90 Lawrence Delrosario - LDE","#72 Bobby Green - LDE","#99 Gerald Taylor - DT","#94 John Fox - RDE","#78 Vernon Mincey - RDE","#56 Peter Vess - SLB","#98 John Trujillo - MLB",,"#93 Phillip Johnson - WLB","#45 Ronald Baggett - CB","#25 Andrew Harry - CB",,,,"#27 Orlando Brown - CB",,,,,,,,,,,,,,,,,,,,,,,,,,,,,,,,,,,,,
OMS,10:28,"OMS 34",2,1,10,"Shotgun 2 RB 3 WR WR Curl","3-4 Normal Double Blitz",1,7,0,"1-10-OMS 34 (10:27) 9-Walton Smith pass complete to 45-Michael Gallimore to OMS 35 for 1 yards. Tackle by 45-Ronald Baggett.","#9 Walton Smith - QB","#45 Michael Gallimore - RB","#31 Kurt Shoemaker - FB",,,,,"#84 Anthony Mistretta - WR","#15 Thomas Fernandes - WR","#87 Richard Medina - WR",,,"#71 Billy Corgan - LT","#66 Andrew Turner - RG","#79 Armando McDaniel - C","#53 William Jackson - RG","#58 Brian Marts - LT",,"#90 Lawrence Delrosario - LDE",,"#99 Gerald Taylor - DT",,"#78 Vernon Mincey - RDE","#56 Peter Vess - SLB","#98 John Trujillo - MLB","#51 Samuel Morrison - FS","#93 Phillip Johnson - WLB","#45 Ronald Baggett - CB","#25 Andrew Harry - CB",,,,"#27 Orlando Brown - CB","#38 Gordon Stanford - CB",,,,,,,,,,,,,,,,,,,,,,,,,,,,,,,,,,,,
OMS,9:44,"OMS 35",2,2,9,"I Formation Power HB Sweep Weak","3-4 Normal Double Blitz",-3,7,0,"2-9-OMS 35 (9:43) 31-Kurt Shoemaker ran to OMS 32 for -3 yards. Tackle by 90-Lawrence Delrosario.","#9 Walton Smith - QB","#31 Kurt Shoemaker - FB",,"#45 Michael Gallimore - RB","#46 Aaron Dean - RB","#80 Willie Garcia - TE",,"#83 Paul Parson - WR",,,,,"#71 Billy Corgan - LT","#66 Andrew Turner - RG","#79 Armando McDaniel - C","#53 William Jackson - RG","#58 Brian Marts - LT",,"#90 Lawrence Delrosario - LDE",,"#99 Gerald Taylor - DT",,"#78 Vernon Mincey - RDE","#56 Peter Vess - SLB","#98 John Trujillo - MLB","#51 Samuel Morrison - FS","#93 Phillip Johnson - WLB","#45 Ronald Baggett - CB","#25 Andrew Harry - CB",,,,"#27 Orlando Brown - CB","#38 Gordon Stanford - CB",,,,,,,,,,,,,,,,,,,,,,,,,,,,,,,,,,,,
OMS,9:08,"OMS 32",2,3,11,"I Formation Normal SE Post","Nickel 3-3-5 Cover 2 Man Under",10,7,0,"3-11-OMS 32 (9:07) 9-Walton Smith pass complete to 31-Kurt Shoemaker to OMS 42 for 10 yards. Tackle by 93-Phillip Johnson. Great move by 31-Kurt Shoemaker to get free of his coverage.","#9 Walton Smith - QB","#46 Aaron Dean - RB",,,"#31 Kurt Shoemaker - FB","#80 Willie Garcia - TE",,"#84 Anthony Mistretta - WR",,"#87 Richard Medina - WR",,,"#71 Billy Corgan - LT","#66 Andrew Turner - RG","#79 Armando McDaniel - C","#53 William Jackson - RG","#58 Brian Marts - LT",,"#90 Lawrence Delrosario - LDE",,"#99 Gerald Taylor - DT",,"#78 Vernon Mincey - RDE","#56 Peter Vess - SLB","#98 John Trujillo - MLB",,"#93 Phillip Johnson - WLB","#45 Ronald Baggett - CB","#25 Andrew Harry - CB",,"#52 Michael Parker - MLB",,"#27 Orlando Brown - CB","#38 Gordon Stanford - CB",,,,,,,,,,,,,,,,,,,,,,,,,,,,,,,,,,,,
OMS,8:24,"OMS 42",2,4,2,Punt,"Punt Return",,7,0,"4-2-OMS 42 (8:23) 7-Joshua Madden punts 52 yards to SUU 6. 42-David Garcia to SUU 13 for 7 yards. Tackle by 15-Thomas Fernandes.",,,,,,,,,,,,,,,,,,"#7 Joshua Madden - P",,,,,,,,,,,,,,,,,,,"#59 Michael Brooks - RT",,"#42 David Garcia - TE",,,"#67 Nicholas Wiley - RDE","#99 Gerald Taylor - DT","#45 Ronald Baggett - CB",,"#57 Joseph Johnson - FS","#25 Andrew Harry - CB",,"#78 Vernon Mincey - RDE",,,,"#45 Michael Gallimore - RB","#81 Paul McCaslin - TE","#71 Billy Corgan - LT","#66 Andrew Turner - RG","#52 James Funches - LT","#15 Thomas Fernandes - WR",,"#38 Gordon Stanford - CB","#52 Michael Parker - MLB","#48 Leo Bostwick - SS","#51 Samuel Morrison - FS",,,,,,,
SUU,8:14,"SUU 13",2,1,10,"Singleback 4 Wide Post and Curls","Dime Flat CB3 CB4 Blitz",,7,0,"1-10-SUU 13 (8:15) 1-Kenneth Kulas pass Pass knocked down by 49-Don Fisher. incomplete, intended for 86-Jared Moreno. PENALTY - Pass Interference (OMS 50-Carl Blackburn)","#1 Kenneth Kulas - QB","#8 Thomas Miller - WR",,,,,,"#28 Juan Hilburn - WR","#88 Kenneth Knight - WR","#46 Chris Wilson - RB","#86 Jared Moreno - WR",,"#76 Raymond Alvarado - LT","#73 Dale Geisler - LG","#71 Eric Hancock - C","#54 Robert Stanley - RG","#79 Marcus King - RT",,"#77 Reginald Throckmorton - RDE",,"#63 Ian Burress - DT","#70 Robert Jackson - DT","#97 Paul Red - RDE",,"#50 Carl Blackburn - MLB",,,"#49 Don Fisher - CB","#34 Richard Dinardo - CB","#25 Isaac Burson - SS","#21 James Savarese - SS",,"#32 Rodney Hayne - SS","#28 Jason Orr - FS",,,,,,,,,,,,,,,,,,,,,,,,,,,,,,,,,,,,
SUU,8:11,"SUU 18",2,1,10,"Shotgun 5 Wide Slot Drag","Quarter Normal Man Cover 2",9,7,0,"1-10-SUU 18 (8:12) 1-Kenneth Kulas pass complete to 42-David Garcia to SUU 27 for 9 yards. Tackle by 28-Jason Orr. Great move by 42-David Garcia to get free of his coverage.","#1 Kenneth Kulas - QB",,,,,,,"#28 Juan Hilburn - WR","#88 Kenneth Knight - WR","#46 Chris Wilson - RB","#86 Jared Moreno - WR","#42 David Garcia - TE","#76 Raymond Alvarado - LT","#73 Dale Geisler - LG","#71 Eric Hancock - C","#54 Robert Stanley - RG","#79 Marcus King - RT",,"#77 Reginald Throckmorton - RDE",,"#72 James Neal - DT",,"#97 Paul Red - RDE",,"#50 Carl Blackburn - MLB",,,"#49 Don Fisher - CB","#34 Richard Dinardo - CB","#32 Rodney Hayne - SS","#21 James Savarese - SS","#28 Jason Orr - FS","#39 Russell Charles - SS","#25 Isaac Burson - SS",,,,,,,,,,,,,,,,,,,,,,,,,,,,,,,,,,,,
SUU,7:33,"SUU 27",2,2,1,"I Formation Power HB Draw","Goal Line 3 Deep Man",19,7,0,"2-1-SUU 27 (7:32) 8-Thomas Miller ran to SUU 45 for 19 yards. Tackle by 94-Shawn Santiago.","#1 Kenneth Kulas - QB","#8 Thomas Miller - WR",,"#42 David Garcia - TE","#47 James Barrier - RB","#80 Jeremy Grover - WR",,"#28 Juan Hilburn - WR",,,,,"#76 Raymond Alvarado - LT","#73 Dale Geisler - LG","#71 Eric Hancock - C","#54 Robert Stanley - RG","#79 Marcus King - RT",,"#77 Reginald Throckmorton - RDE","#94 Shawn Santiago - LDE","#72 James Neal - DT","#63 Ian Burress - DT","#97 Paul Red - RDE","#54 Walter Dominguez - WLB","#50 Carl Blackburn - MLB",,"#56 Andrew Chmielewski - WLB","#21 James Savarese - SS","#49 Don Fisher - CB",,,,"#25 Isaac Burson - SS",,,,,,,,,,,,,,,,,,,,,,,,,,,,,,,,,,,,,
SUU,6:51,"SUU 45",2,1,10,"Singleback Empty 4 TE Drag WR Mix","Dime Flat CB3 CB4 Blitz",11,7,0,"1-10-SUU 45 (6:50) 1-Kenneth Kulas pass complete to 28-Juan Hilburn to OMS 43 for 11 yards. Tackle by 49-Don Fisher. Great move by 28-Juan Hilburn to get free of his coverage. Pressure by 77-Reginald Throckmorton.","#1 Kenneth Kulas - QB",,,,,"#80 Jeremy Grover - WR",,"#28 Juan Hilburn - WR","#88 Kenneth Knight - WR","#46 Chris Wilson - RB","#86 Jared Moreno - WR",,"#76 Raymond Alvarado - LT","#73 Dale Geisler - LG","#71 Eric Hancock - C","#54 Robert Stanley - RG","#79 Marcus King - RT",,"#77 Reginald Throckmorton - RDE",,"#72 James Neal - DT","#63 Ian Burress - DT","#97 Paul Red - RDE",,"#50 Carl Blackburn - MLB",,,"#49 Don Fisher - CB","#34 Richard Dinardo - CB","#32 Rodney Hayne - SS","#21 James Savarese - SS",,"#39 Russell Charles - SS","#28 Jason Orr - FS",,,,,,,,,,,,,,,,,,,,,,,,,,,,,,,,,,,,
SUU,6:08,"OMS 43",2,1,10,"Singleback 4 Wide Post and Curls","Dime Normal 4 Deep Zone under",,7,0,"1-10-OMS 43 (6:07) PENALTY - False Start (SUU 8-Thomas Miller)","#1 Kenneth Kulas - QB","#8 Thomas Miller - WR",,,,,,"#28 Juan Hilburn - WR","#88 Kenneth Knight - WR","#46 Chris Wilson - RB","#86 Jared Moreno - WR",,"#76 Raymond Alvarado - LT","#73 Dale Geisler - LG","#71 Eric Hancock - C","#54 Robert Stanley - RG","#79 Marcus King - RT",,"#94 Shawn Santiago - LDE",,"#72 James Neal - DT","#63 Ian Burress - DT","#97 Paul Red - RDE",,"#51 Leo Morrison - MLB",,,"#49 Don Fisher - CB","#34 Richard Dinardo - CB","#39 Russell Charles - SS","#32 Rodney Hayne - SS",,"#25 Isaac Burson - SS","#21 James Savarese - SS",,,,,,,,,,,,,,,,,,,,,,,,,,,,,,,,,,,,
SUU,6:06,"OMS 48",2,1,15,"Singleback 4 Wide Post and Drag","Dime Normal Double WR3",4,7,0,"1-15-OMS 48 (6:07) 1-Kenneth Kulas pass complete to 28-Juan Hilburn to OMS 45 for 4 yards. Tackle by 50-Carl Blackburn. Pressure by 77-Reginald Throckmorton.","#1 Kenneth Kulas - QB","#8 Thomas Miller - WR",,,,,,"#28 Juan Hilburn - WR","#88 Kenneth Knight - WR","#46 Chris Wilson - RB","#86 Jared Moreno - WR",,"#76 Raymond Alvarado - LT","#73 Dale Geisler - LG","#71 Eric Hancock - C","#54 Robert Stanley - RG","#79 Marcus King - RT",,"#77 Reginald Throckmorton - RDE",,"#72 James Neal - DT","#63 Ian Burress - DT","#97 Paul Red - RDE",,"#50 Carl Blackburn - MLB",,,"#49 Don Fisher - CB","#34 Richard Dinardo - CB","#32 Rodney Hayne - SS","#21 James Savarese - SS",,"#39 Russell Charles - SS","#28 Jason Orr - FS",,,,,,,,,,,,,,,,,,,,,,,,,,,,,,,,,,,,
SUU,5:28,"OMS 45",2,2,11,"Singleback Normal HB Counter Weak","Nickel Normal Man Cover 2",12,7,0,"2-11-OMS 45 (5:27) 8-Thomas Miller ran to OMS 33 for 12 yards. Tackle by 51-Leo Morrison.","#1 Kenneth Kulas - QB","#8 Thomas Miller - WR",,,,"#80 Jeremy Grover - WR",,"#28 Juan Hilburn - WR","#88 Kenneth Knight - WR","#46 Chris Wilson - RB",,,"#76 Raymond Alvarado - LT","#73 Dale Geisler - LG","#71 Eric Hancock - C","#54 Robert Stanley - RG","#79 Marcus King - RT",,"#77 Reginald Throckmorton - RDE",,"#72 James Neal - DT","#63 Ian Burress - DT","#97 Paul Red - RDE",,"#51 Leo Morrison - MLB",,"#56 Andrew Chmielewski - WLB","#25 Isaac Burson - SS","#49 Don Fisher - CB",,"#34 Richard Dinardo - CB",,"#39 Russell Charles - SS","#28 Jason Orr - FS",,,,,,,,,,,,,,,,,,,,,,,,,,,,,,,,,,,,
SUU,4:51,"OMS 33",2,1,10,"Singleback Empty 4 TE Corner","Dime Flat Cover 2",11,7,0,"1-10-OMS 33 (4:50) 1-Kenneth Kulas pass complete to 86-Jared Moreno to OMS 22 for 11 yards. Tackle by 34-Richard Dinardo.","#1 Kenneth Kulas - QB",,,,,"#80 Jeremy Grover - WR",,"#28 Juan Hilburn - WR","#88 Kenneth Knight - WR","#46 Chris Wilson - RB","#86 Jared Moreno - WR",,"#76 Raymond Alvarado - LT","#73 Dale Geisler - LG","#71 Eric Hancock - C","#54 Robert Stanley - RG","#79 Marcus King - RT",,"#77 Reginald Throckmorton - RDE",,"#72 James Neal - DT","#63 Ian Burress - DT","#97 Paul Red - RDE",,"#50 Carl Blackburn - MLB",,,"#34 Richard Dinardo - CB","#21 James Savarese - SS","#39 Russell Charles - SS","#49 Don Fisher - CB",,"#32 Rodney Hayne - SS","#25 Isaac Burson - SS",,,,,,,,,,,,,,,,,,,,,,,,,,,,,,,,,,,,
SUU,4:15,"OMS 22",2,1,10,"Singleback Empty 4 TE Corner","Dime Normal Man Cover 1",7,7,0,"1-10-OMS 22 (4:14) 1-Kenneth Kulas pass complete to 42-David Garcia to OMS 15 for 7 yards. Tackle by 51-Leo Morrison. 42-David Garcia made a great move on the CB. PENALTY - Pass Interference (OMS 49-Don Fisher)","#1 Kenneth Kulas - QB",,,,,"#80 Jeremy Grover - WR",,"#46 Chris Wilson - RB","#86 Jared Moreno - WR","#88 Kenneth Knight - WR","#42 David Garcia - TE",,"#76 Raymond Alvarado - LT","#73 Dale Geisler - LG","#71 Eric Hancock - C","#54 Robert Stanley - RG","#79 Marcus King - RT",,"#77 Reginald Throckmorton - RDE",,"#63 Ian Burress - DT","#70 Robert Jackson - DT","#97 Paul Red - RDE",,"#51 Leo Morrison - MLB",,,"#34 Richard Dinardo - CB","#21 James Savarese - SS","#49 Don Fisher - CB","#32 Rodney Hayne - SS",,"#28 Jason Orr - FS","#25 Isaac Burson - SS",,,,,,,,,,,,,,,,,,,,,,,,,,,,,,,,,,,,
SUU,4:09,"OMS 16",2,1,10,"Singleback 4 Wide Post and Drag","Dime Normal Double WR3",4,7,0,"1-10-OMS 16 (4:10) 1-Kenneth Kulas pass complete to 28-Juan Hilburn to OMS 12 for 4 yards. Tackle by 50-Carl Blackburn. 28-Juan Hilburn breaks down the CB.","#1 Kenneth Kulas - QB","#8 Thomas Miller - WR",,,,,,"#28 Juan Hilburn - WR","#88 Kenneth Knight - WR","#46 Chris Wilson - RB","#86 Jared Moreno - WR",,"#76 Raymond Alvarado - LT","#73 Dale Geisler - LG","#71 Eric Hancock - C","#54 Robert Stanley - RG","#79 Marcus King - RT",,"#77 Reginald Throckmorton - RDE",,"#72 James Neal - DT","#63 Ian Burress - DT","#97 Paul Red - RDE",,"#50 Carl Blackburn - MLB",,,"#28 Jason Orr - FS","#34 Richard Dinardo - CB","#25 Isaac Burson - SS","#21 James Savarese - SS",,"#32 Rodney Hayne - SS","#39 Russell Charles - SS",,,,,,,,,,,,,,,,,,,,,,,,,,,,,,,,,,,,
SUU,3:32,"OMS 12",2,2,6,"Singleback Normal HB Counter Weak","Nickel Normal Shallow Zone Deep",5,7,0,"2-6-OMS 12 (3:31) 8-Thomas Miller ran to OMS 7 for 5 yards. Tackle by 32-Rodney Hayne.","#1 Kenneth Kulas - QB","#8 Thomas Miller - WR",,,,"#80 Jeremy Grover - WR",,"#88 Kenneth Knight - WR","#42 David Garcia - TE","#86 Jared Moreno - WR",,,"#76 Raymond Alvarado - LT","#73 Dale Geisler - LG","#71 Eric Hancock - C","#54 Robert Stanley - RG","#79 Marcus King - RT",,"#77 Reginald Throckmorton - RDE",,"#72 James Neal - DT","#63 Ian Burress - DT","#97 Paul Red - RDE",,"#51 Leo Morrison - MLB",,"#56 Andrew Chmielewski - WLB","#49 Don Fisher - CB","#34 Richard Dinardo - CB",,"#32 Rodney Hayne - SS",,"#39 Russell Charles - SS","#28 Jason Orr - FS",,,,,,,,,,,,,,,,,,,,,,,,,,,,,,,,,,,,
SUU,2:55,"OMS 7",2,3,1,"I Formation 3WR HB Inside Weak","Nickel Normal Shallow Zone Deep",4,7,0,"3-1-OMS 7 (2:54) 8-Thomas Miller ran to OMS 4 for 4 yards. Tackle by 56-Andrew Chmielewski. OMS 50-Carl Blackburn was injured on the play. He looks like he should be able to return.","#1 Kenneth Kulas - QB","#8 Thomas Miller - WR",,,"#47 James Barrier - RB",,,"#28 Juan Hilburn - WR","#88 Kenneth Knight - WR","#46 Chris Wilson - RB",,,"#76 Raymond Alvarado - LT","#73 Dale Geisler - LG","#71 Eric Hancock - C","#54 Robert Stanley - RG","#79 Marcus King - RT",,"#77 Reginald Throckmorton - RDE",,"#72 James Neal - DT","#63 Ian Burress - DT","#97 Paul Red - RDE",,"#50 Carl Blackburn - MLB",,"#56 Andrew Chmielewski - WLB","#49 Don Fisher - CB","#34 Richard Dinardo - CB",,"#21 James Savarese - SS",,"#32 Rodney Hayne - SS","#25 Isaac Burson - SS",,,,,,,,,,,,,,,,,,,,,,,,,,,,,,,,,,,,
SUU,2:14,"OMS 4",2,1,4,"I Formation Power HB Draw","Goal Line 3 Deep Man",2,7,0,"1-4-OMS 4 (2:13) 8-Thomas Miller ran to OMS 1 for 2 yards. Tackle by 51-Leo Morrison.","#1 Kenneth Kulas - QB","#8 Thomas Miller - WR",,"#42 David Garcia - TE","#47 James Barrier - RB","#80 Jeremy Grover - WR",,"#28 Juan Hilburn - WR",,,,,"#76 Raymond Alvarado - LT","#73 Dale Geisler - LG","#71 Eric Hancock - C","#54 Robert Stanley - RG","#79 Marcus King - RT",,"#77 Reginald Throckmorton - RDE","#94 Shawn Santiago - LDE","#72 James Neal - DT","#63 Ian Burress - DT","#97 Paul Red - RDE","#54 Walter Dominguez - WLB","#51 Leo Morrison - MLB",,"#56 Andrew Chmielewski - WLB","#49 Don Fisher - CB","#28 Jason Orr - FS",,,,"#34 Richard Dinardo - CB",,,,,,,,,,,,,,,,,,,,,,,,,,,,,,,,,,,,,
,2:00,,2,2,1,,,,7,0,"Timeout for two minute warning.",,,,,,,,,,,,,,,,,,,,,,,,,,,,,,,,,,,,,,,,,,,,,,,,,,,,,,,,,,,,,,,,,,,,,,
SUU,2:00,"OMS 1",2,2,1,"I Formation 3WR HB Inside Weak","Nickel Normal Shallow Zone Deep",2,13,0,"2-1-OMS 1 (2:00) 8-Thomas Miller ran for 1 yards. TOUCHDOWN! SUU 13 OMS 0","#1 Kenneth Kulas - QB","#8 Thomas Miller - WR",,,"#47 James Barrier - RB",,,"#28 Juan Hilburn - WR","#88 Kenneth Knight - WR","#46 Chris Wilson - RB",,,"#76 Raymond Alvarado - LT","#73 Dale Geisler - LG","#71 Eric Hancock - C","#54 Robert Stanley - RG","#79 Marcus King - RT",,"#77 Reginald Throckmorton - RDE",,"#72 James Neal - DT","#63 Ian Burress - DT","#97 Paul Red - RDE",,"#51 Leo Morrison - MLB",,"#56 Andrew Chmielewski - WLB","#49 Don Fisher - CB","#34 Richard Dinardo - CB",,"#21 James Savarese - SS",,"#39 Russell Charles - SS","#28 Jason Orr - FS",,,,,,,,,,,,,,,,,,,,,,,,,,,,,,,,,,,,
SUU,1:58,"OMS 15",2,7,15,"Field Goal","FG Block",25,14,0,"(1:59) Extra point GOOD by 17-David Furst. SUU 14 OMS 0",,,,,,,,,,,,,,,,,,,,,,,,,,,,,,,,,,,,"#2 Casey Chavez - QB","#74 Thomas Ferguson - LG",,,,,,,,,,,,,,"#17 David Furst - K","#71 Eric Hancock - C","#73 Dale Geisler - LG","#42 David Garcia - TE","#46 Chris Wilson - RB","#8 Thomas Miller - WR","#76 Raymond Alvarado - LT","#79 Marcus King - RT","#55 Jacob Smith - C","#56 Andrew Chmielewski - WLB","#34 Richard Dinardo - CB","#72 James Neal - DT","#63 Ian Burress - DT","#99 Leroy Ryan - WLB","#55 Jeremy Hannon - WLB","#97 Paul Red - RDE","#51 Leo Morrison - MLB","#94 Shawn Santiago - LDE","#77 Reginald Throckmorton - RDE","#73 Darrell Vose - DT"
SUU,1:58,"SUU 35",2,6,10,Kickoff,"Kick Return",,14,0,"(1:59) 17-David Furst kicks 74 yards from SUU 35 to OMS -9. Touchback.",,,,,,,,,,,,,,,,,,,,,,,,,,,,,,,,,,,,,,"#84 Anthony Mistretta - WR",,"#99 Leroy Ryan - WLB","#56 Andrew Chmielewski - WLB","#73 Darrell Vose - DT","#97 Paul Red - RDE","#39 Russell Charles - SS","#28 Jason Orr - FS","#72 James Neal - DT","#94 Shawn Santiago - LDE","#54 Walter Dominguez - WLB","#34 Richard Dinardo - CB","#17 David Furst - K",,,,,,,,,,,,,,,,,,,,
OMS,1:58,"OMS 25",2,1,10,"Goal Line Normal HB Pitch Weak","Goal Line Attack #3",4,14,0,"1-10-OMS 25 (1:59) 46-Aaron Dean ran to OMS 29 for 4 yards. Tackle by 98-John Trujillo.","#9 Walton Smith - QB","#46 Aaron Dean - RB",,"#45 Michael Gallimore - RB","#31 Kurt Shoemaker - FB","#80 Willie Garcia - TE","#81 Paul McCaslin - TE",,,,,,"#71 Billy Corgan - LT","#68 Andres Nash - RG","#79 Armando McDaniel - C","#53 William Jackson - RG","#58 Brian Marts - LT",,"#90 Lawrence Delrosario - LDE","#75 Eddie Duncan - RDE","#99 Gerald Taylor - DT","#72 Bobby Green - LDE","#78 Vernon Mincey - RDE","#56 Peter Vess - SLB","#98 John Trujillo - MLB",,"#93 Phillip Johnson - WLB","#45 Ronald Baggett - CB","#25 Andrew Harry - CB",,,,"#27 Orlando Brown - CB",,,,,,,,,,,,,,,,,,,,,,,,,,,,,,,,,,,,,
OMS,1:26,"OMS 29",2,2,6,"I Formation Normal HB Dive","3-4 Normal Man QB Spy",1,14,0,"2-6-OMS 29 (1:25) 31-Kurt Shoemaker ran to OMS 31 for 1 yards. Tackle by 99-Gerald Taylor.","#9 Walton Smith - QB","#31 Kurt Shoemaker - FB",,,"#45 Michael Gallimore - RB","#80 Willie Garcia - TE",,"#84 Anthony Mistretta - WR",,"#87 Richard Medina - WR",,,"#71 Billy Corgan - LT","#68 Andres Nash - RG","#79 Armando McDaniel - C","#53 William Jackson - RG","#58 Brian Marts - LT",,"#90 Lawrence Delrosario - LDE",,"#99 Gerald Taylor - DT",,"#78 Vernon Mincey - RDE","#56 Peter Vess - SLB","#98 John Trujillo - MLB","#51 Samuel Morrison - FS","#93 Phillip Johnson - WLB","#45 Ronald Baggett - CB","#25 Andrew Harry - CB",,,,"#27 Orlando Brown - CB","#38 Gordon Stanford - CB",,,,,,,,,,,,,,,,,,,,,,,,,,,,,,,,,,,,
OMS,0:52,"OMS 31",2,3,4,"Strong I Normal HB Off Tackle Strong","3-4 Normal Double Blitz",,14,0,"3-4-OMS 31 (0:51) 46-Aaron Dean ran to OMS 31 for a short gain. Tackle by 51-Samuel Morrison.","#9 Walton Smith - QB","#46 Aaron Dean - RB",,,"#45 Michael Gallimore - RB","#80 Willie Garcia - TE",,"#84 Anthony Mistretta - WR",,"#87 Richard Medina - WR",,,"#71 Billy Corgan - LT","#68 Andres Nash - RG","#79 Armando McDaniel - C","#53 William Jackson - RG","#58 Brian Marts - LT",,"#90 Lawrence Delrosario - LDE",,"#99 Gerald Taylor - DT",,"#78 Vernon Mincey - RDE","#56 Peter Vess - SLB","#98 John Trujillo - MLB","#51 Samuel Morrison - FS","#93 Phillip Johnson - WLB","#45 Ronald Baggett - CB","#25 Andrew Harry - CB",,,,"#27 Orlando Brown - CB","#38 Gordon Stanford - CB",,,,,,,,,,,,,,,,,,,,,,,,,,,,,,,,,,,,
OMS,0:14,"OMS 31",2,4,4,Punt,"Punt Return",,14,0,"4-4-OMS 31 (0:13) 7-Joshua Madden punts 44 yards to SUU 25. Fair Catch by 42-David Garcia.",,,,,,,,,,,,,,,,,,"#7 Joshua Madden - P",,,,,,,,,,,,,,,,,,,"#59 Michael Brooks - RT",,"#42 David Garcia - TE",,,"#67 Nicholas Wiley - RDE","#99 Gerald Taylor - DT","#45 Ronald Baggett - CB",,"#25 Andrew Harry - CB","#38 Gordon Stanford - CB",,"#78 Vernon Mincey - RDE",,,,"#81 Paul McCaslin - TE","#52 James Funches - LT","#71 Billy Corgan - LT","#80 Willie Garcia - TE","#66 Andrew Turner - RG","#58 Brian Marts - LT",,"#51 Samuel Morrison - FS","#52 Michael Parker - MLB","#48 Leo Bostwick - SS","#57 Joseph Johnson - FS",,,,,,,
SUU,0:05,"SUU 25",2,1,10,"Empty 4 Wide Spread Corner Post","Dime Normal Double WR3",6,14,0,"1-10-SUU 25 (0:06) 1-Kenneth Kulas pass complete to 86-Jared Moreno to SUU 31 for 6 yards. Tackle by 25-Isaac Burson. 86-Jared Moreno did some fancy footwork there. 25-Isaac Burson got away with a hold on that play.","#1 Kenneth Kulas - QB",,,,,"#80 Jeremy Grover - WR",,"#28 Juan Hilburn - WR","#88 Kenneth Knight - WR","#46 Chris Wilson - RB","#86 Jared Moreno - WR",,"#76 Raymond Alvarado - LT","#73 Dale Geisler - LG","#71 Eric Hancock - C","#54 Robert Stanley - RG","#79 Marcus King - RT",,"#77 Reginald Throckmorton - RDE",,"#63 Ian Burress - DT","#70 Robert Jackson - DT","#97 Paul Red - RDE",,"#50 Carl Blackburn - MLB",,,"#49 Don Fisher - CB","#34 Richard Dinardo - CB","#25 Isaac Burson - SS","#21 James Savarese - SS",,"#32 Rodney Hayne - SS","#28 Jason Orr - FS",,,,,,,,,,,,,,,,,,,,,,,,,,,,,,,,,,,,
,0:00,,2,2,4,,,,14,0,"End of half.",,,,,,,,,,,,,,,,,,,,,,,,,,,,,,,,,,,,,,,,,,,,,,,,,,,,,,,,,,,,,,,,,,,,,,
OMS,15:00,"OMS 35",3,6,10,Kickoff,"Kick Return",,14,0,"(15:00) 5-William Britton kicks 74 yards from OMS 35 to SUU -9. Touchback.",,,,,,,,,,,,,,,,,,,,,,,,,,,,,,,,,,,,,,"#88 Kenneth Knight - WR",,"#99 Gerald Taylor - DT","#38 Gordon Stanford - CB","#67 Nicholas Wiley - RDE","#25 Andrew Harry - CB","#45 Ronald Baggett - CB","#51 Samuel Morrison - FS","#52 Michael Parker - MLB","#48 Leo Bostwick - SS","#78 Vernon Mincey - RDE","#57 Joseph Johnson - FS","#5 William Britton - K",,,,,,,,,,,,,,,,,,,,
SUU,15:00,"SUU 25",3,1,10,"Singleback Empty 4 TE Corner","Dime Flat CB3 CB4 Blitz",11,14,0,"1-10-SUU 25 (15:00) 1-Kenneth Kulas pass complete to 88-Kenneth Knight to SUU 36 for 11 yards. Tackle by 32-Rodney Hayne.","#1 Kenneth Kulas - QB",,,,,"#80 Jeremy Grover - WR",,"#28 Juan Hilburn - WR","#88 Kenneth Knight - WR","#46 Chris Wilson - RB","#86 Jared Moreno - WR",,"#76 Raymond Alvarado - LT","#73 Dale Geisler - LG","#71 Eric Hancock - C","#54 Robert Stanley - RG","#79 Marcus King - RT",,"#70 Robert Jackson - DT",,"#63 Ian Burress - DT","#72 James Neal - DT","#77 Reginald Throckmorton - RDE",,"#51 Leo Morrison - MLB",,,"#49 Don Fisher - CB","#21 James Savarese - SS","#28 Jason Orr - FS","#34 Richard Dinardo - CB",,"#32 Rodney Hayne - SS","#25 Isaac Burson - SS",,,,,,,,,,,,,,,,,,,,,,,,,,,,,,,,,,,,
SUU,14:16,"SUU 36",3,1,10,"Singleback Empty 4 TE Drag WR Mix","Dime Normal Double WR3",4,14,0,"1-10-SUU 36 (14:15) 1-Kenneth Kulas pass complete to 28-Juan Hilburn to SUU 40 for 4 yards. Tackle by 28-Jason Orr. Great move by 28-Juan Hilburn to get free of his coverage.","#1 Kenneth Kulas - QB",,,,,"#80 Jeremy Grover - WR",,"#28 Juan Hilburn - WR","#88 Kenneth Knight - WR","#46 Chris Wilson - RB","#86 Jared Moreno - WR",,"#76 Raymond Alvarado - LT","#73 Dale Geisler - LG","#71 Eric Hancock - C","#54 Robert Stanley - RG","#79 Marcus King - RT",,"#94 Shawn Santiago - LDE",,"#63 Ian Burress - DT","#70 Robert Jackson - DT","#77 Reginald Throckmorton - RDE",,"#51 Leo Morrison - MLB",,,"#49 Don Fisher - CB","#21 James Savarese - SS","#28 Jason Orr - FS","#32 Rodney Hayne - SS",,"#39 Russell Charles - SS","#25 Isaac Burson - SS",,,,,,,,,,,,,,,,,,,,,,,,,,,,,,,,,,,,
SUU,13:42,"SUU 40",3,2,6,"I Formation Power HB Dive Weak","Goal Line Attack #2",-0,14,0,"2-6-SUU 40 (13:41) 8-Thomas Miller ran to SUU 40 for a short loss. Tackle by 50-Carl Blackburn.","#1 Kenneth Kulas - QB","#8 Thomas Miller - WR",,"#42 David Garcia - TE","#47 James Barrier - RB","#80 Jeremy Grover - WR",,"#28 Juan Hilburn - WR",,,,,"#76 Raymond Alvarado - LT","#73 Dale Geisler - LG","#71 Eric Hancock - C","#54 Robert Stanley - RG","#79 Marcus King - RT",,"#94 Shawn Santiago - LDE","#73 Darrell Vose - DT","#72 James Neal - DT","#63 Ian Burress - DT","#97 Paul Red - RDE","#54 Walter Dominguez - WLB","#50 Carl Blackburn - MLB",,"#56 Andrew Chmielewski - WLB","#49 Don Fisher - CB","#21 James Savarese - SS",,,,"#39 Russell Charles - SS",,,,,,,,,,,,,,,,,,,,,,,,,,,,,,,,,,,,,
SUU,13:03,"SUU 40",3,3,6,"Singleback Slot Strong TE Slot Curls","Nickel Normal Shallow Zone Deep",4,14,0,"3-6-SUU 40 (13:02) 1-Kenneth Kulas pass complete to 80-Jeremy Grover to SUU 43 for 4 yards. Tackle by 50-Carl Blackburn. Nice job by 80-Jeremy Grover on that route to lose his coverage. 50-Carl Blackburn got away with a hold on that play. PENALTY - Facemask (OMS 50-Carl Blackburn)","#1 Kenneth Kulas - QB","#8 Thomas Miller - WR",,,,"#80 Jeremy Grover - WR",,"#28 Juan Hilburn - WR","#88 Kenneth Knight - WR","#46 Chris Wilson - RB",,,"#76 Raymond Alvarado - LT","#73 Dale Geisler - LG","#71 Eric Hancock - C","#54 Robert Stanley - RG","#79 Marcus King - RT",,"#77 Reginald Throckmorton - RDE",,"#72 James Neal - DT","#63 Ian Burress - DT","#97 Paul Red - RDE",,"#50 Carl Blackburn - MLB",,"#56 Andrew Chmielewski - WLB","#49 Don Fisher - CB","#32 Rodney Hayne - SS",,"#34 Richard Dinardo - CB",,"#39 Russell Charles - SS","#25 Isaac Burson - SS",,,,,,,,,,,,,,,,,,,,,,,,,,,,,,,,,,,,
SUU,12:58,"OMS 42",3,1,10,"Singleback Empty 4 TE Corner","Dime Normal 4 Deep Zone under",,14,0,"1-10-OMS 42 (12:59) 1-Kenneth Kulas pass incomplete, dropped by 88-Kenneth Knight.","#1 Kenneth Kulas - QB",,,,,"#80 Jeremy Grover - WR",,"#28 Juan Hilburn - WR","#88 Kenneth Knight - WR","#46 Chris Wilson - RB","#86 Jared Moreno - WR",,"#76 Raymond Alvarado - LT","#73 Dale Geisler - LG","#71 Eric Hancock - C","#54 Robert Stanley - RG","#79 Marcus King - RT",,"#77 Reginald Throckmorton - RDE",,"#72 James Neal - DT","#63 Ian Burress - DT","#97 Paul Red - RDE",,"#50 Carl Blackburn - MLB",,,"#49 Don Fisher - CB","#34 Richard Dinardo - CB","#39 Russell Charles - SS","#32 Rodney Hayne - SS",,"#21 James Savarese - SS","#28 Jason Orr - FS",,,,,,,,,,,,,,,,,,,,,,,,,,,,,,,,,,,,
SUU,12:54,"OMS 42",3,2,10,"Singleback Slot Strong HB Counter","Nickel Normal Shallow Zone Deep",12,14,0,"2-10-OMS 42 (12:55) 8-Thomas Miller ran to OMS 30 for 12 yards. Tackle by 21-James Savarese.","#1 Kenneth Kulas - QB","#8 Thomas Miller - WR",,,,"#80 Jeremy Grover - WR",,"#28 Juan Hilburn - WR","#88 Kenneth Knight - WR","#46 Chris Wilson - RB",,,"#76 Raymond Alvarado - LT","#73 Dale Geisler - LG","#71 Eric Hancock - C","#54 Robert Stanley - RG","#79 Marcus King - RT",,"#77 Reginald Throckmorton - RDE",,"#72 James Neal - DT","#63 Ian Burress - DT","#97 Paul Red - RDE",,"#51 Leo Morrison - MLB",,"#56 Andrew Chmielewski - WLB","#28 Jason Orr - FS","#49 Don Fisher - CB",,"#34 Richard Dinardo - CB",,"#21 James Savarese - SS","#25 Isaac Burson - SS",,,,,,,,,,,,,,,,,,,,,,,,,,,,,,,,,,,,
SUU,12:09,"OMS 30",3,1,10,"Singleback Empty 4 Slot Crosses","Dime Flat CB3 CB4 Blitz",,14,0,"1-10-OMS 30 (12:08) 1-Kenneth Kulas pass Pass knocked down by 50-Carl Blackburn. incomplete, intended for 42-David Garcia.","#1 Kenneth Kulas - QB",,,,,"#80 Jeremy Grover - WR",,"#46 Chris Wilson - RB","#86 Jared Moreno - WR","#88 Kenneth Knight - WR","#42 David Garcia - TE",,"#76 Raymond Alvarado - LT","#73 Dale Geisler - LG","#71 Eric Hancock - C","#54 Robert Stanley - RG","#79 Marcus King - RT",,"#77 Reginald Throckmorton - RDE",,"#72 James Neal - DT","#63 Ian Burress - DT","#97 Paul Red - RDE",,"#50 Carl Blackburn - MLB",,,"#32 Rodney Hayne - SS","#34 Richard Dinardo - CB","#21 James Savarese - SS","#49 Don Fisher - CB",,"#39 Russell Charles - SS","#25 Isaac Burson - SS",,,,,,,,,,,,,,,,,,,,,,,,,,,,,,,,,,,,
SUU,12:02,"OMS 30",3,2,10,"Singleback Normal HB Counter Weak","Nickel 3-3-5 Cover 2 Man Under",7,14,0,"2-10-OMS 30 (12:03) 8-Thomas Miller ran to OMS 23 for 7 yards. Tackle by 51-Leo Morrison.","#1 Kenneth Kulas - QB","#8 Thomas Miller - WR",,,,"#80 Jeremy Grover - WR",,"#28 Juan Hilburn - WR","#86 Jared Moreno - WR","#46 Chris Wilson - RB",,,"#76 Raymond Alvarado - LT","#73 Dale Geisler - LG","#71 Eric Hancock - C","#54 Robert Stanley - RG","#79 Marcus King - RT",,"#77 Reginald Throckmorton - RDE",,"#72 James Neal - DT",,"#97 Paul Red - RDE","#54 Walter Dominguez - WLB","#51 Leo Morrison - MLB",,"#56 Andrew Chmielewski - WLB","#32 Rodney Hayne - SS","#49 Don Fisher - CB",,"#34 Richard Dinardo - CB",,"#25 Isaac Burson - SS","#28 Jason Orr - FS",,,,,,,,,,,,,,,,,,,,,,,,,,,,,,,,,,,,
SUU,11:22,"OMS 23",3,3,3,"I Formation Power HB Draw","Goal Line 3 Deep Man",2,14,0,"3-3-OMS 23 (11:21) 33-Norman Smith ran to OMS 21 for 2 yards. Tackle by 72-James Neal.","#1 Kenneth Kulas - QB","#33 Norman Smith - RB",,"#42 David Garcia - TE","#47 James Barrier - RB","#80 Jeremy Grover - WR",,"#46 Chris Wilson - RB",,,,,"#76 Raymond Alvarado - LT","#73 Dale Geisler - LG","#71 Eric Hancock - C","#54 Robert Stanley - RG","#79 Marcus King - RT",,"#77 Reginald Throckmorton - RDE","#94 Shawn Santiago - LDE","#72 James Neal - DT","#63 Ian Burress - DT","#97 Paul Red - RDE","#54 Walter Dominguez - WLB","#51 Leo Morrison - MLB",,"#56 Andrew Chmielewski - WLB","#21 James Savarese - SS","#34 Richard Dinardo - CB",,,,"#39 Russell Charles - SS",,,,,,,,,,,,,,,,,,,,,,,,,,,,,,,,,,,,,
SUU,10:47,"OMS 21",3,4,1,"Field Goal","FG Block",31,17,0,"4-1-OMS 21 (10:46) 17-David Furst 39 yard field goal is GOOD. SUU 17 OMS 0",,,,,,,,,,,,,,,,,,,,,,,,,,,,,,,,,,,,"#2 Casey Chavez - QB","#74 Thomas Ferguson - LG",,,,,,,,,,,,,,"#17 David Furst - K","#71 Eric Hancock - C","#73 Dale Geisler - LG","#42 David Garcia - TE","#46 Chris Wilson - RB","#8 Thomas Miller - WR","#76 Raymond Alvarado - LT","#79 Marcus King - RT","#55 Jacob Smith - C","#94 Shawn Santiago - LDE","#72 James Neal - DT","#63 Ian Burress - DT","#56 Andrew Chmielewski - WLB","#99 Leroy Ryan - WLB","#55 Jeremy Hannon - WLB","#97 Paul Red - RDE","#77 Reginald Throckmorton - RDE","#51 Leo Morrison - MLB","#73 Darrell Vose - DT","#34 Richard Dinardo - CB"
SUU,10:42,"SUU 35",3,6,10,Kickoff,"Kick Return",,17,0,"(10:43) 17-David Furst kicks 66 yards from SUU 35 to OMS -1. 84-Anthony Mistretta to OMS 32 for 34 yards. Tackle by 17-David Furst.",,,,,,,,,,,,,,,,,,,,,,,,,,,,,,,,,,,,,,"#84 Anthony Mistretta - WR",,"#54 Walter Dominguez - WLB","#34 Richard Dinardo - CB","#73 Darrell Vose - DT","#56 Andrew Chmielewski - WLB","#39 Russell Charles - SS","#50 Carl Blackburn - MLB","#72 James Neal - DT","#94 Shawn Santiago - LDE","#28 Jason Orr - FS","#97 Paul Red - RDE","#17 David Furst - K",,,,,,,,,,,,,,,,,,,,
OMS,10:37,"OMS 32",3,1,10,"Shotgun Normal Double Outs","3-4 Normal Man QB Spy",16,17,0,"1-10-OMS 32 (10:38) 9-Walton Smith pass complete to 83-Paul Parson to OMS 49 for 16 yards. Great move by 83-Paul Parson to get free of his coverage.","#9 Walton Smith - QB","#46 Aaron Dean - RB",,,,"#80 Willie Garcia - TE",,"#87 Richard Medina - WR","#83 Paul Parson - WR","#15 Thomas Fernandes - WR",,,"#71 Billy Corgan - LT","#68 Andres Nash - RG","#79 Armando McDaniel - C","#53 William Jackson - RG","#58 Brian Marts - LT",,"#90 Lawrence Delrosario - LDE",,"#94 John Fox - RDE",,"#52 Michael Parker - MLB","#56 Peter Vess - SLB","#98 John Trujillo - MLB","#51 Samuel Morrison - FS","#93 Phillip Johnson - WLB","#45 Ronald Baggett - CB","#25 Andrew Harry - CB",,,,"#27 Orlando Brown - CB","#38 Gordon Stanford - CB",,,,,,,,,,,,,,,,,,,,,,,,,,,,,,,,,,,,
OMS,9:50,"OMS 49",3,1,10,"Shotgun 2 RB 3 WR WR Hooks","46 Normal Outside Blitz",,17,0,"1-10-OMS 49 (9:49) 9-Walton Smith pass incomplete, dropped by 84-Anthony Mistretta.","#9 Walton Smith - QB","#45 Michael Gallimore - RB","#31 Kurt Shoemaker - FB",,,,,"#19 Alejandro Gomez - WR","#15 Thomas Fernandes - WR","#84 Anthony Mistretta - WR",,,"#52 James Funches - LT","#68 Andres Nash - RG","#79 Armando McDaniel - C","#64 Michael McNally - RG","#58 Brian Marts - LT",,"#90 Lawrence Delrosario - LDE",,"#99 Gerald Taylor - DT","#94 John Fox - RDE","#78 Vernon Mincey - RDE","#56 Peter Vess - SLB","#98 John Trujillo - MLB",,"#93 Phillip Johnson - WLB","#45 Ronald Baggett - CB","#25 Andrew Harry - CB",,,,"#27 Orlando Brown - CB","#38 Gordon Stanford - CB",,,,,,,,,,,,,,,,,,,,,,,,,,,,,,,,,,,,
OMS,9:44,"OMS 49",3,2,10,"I Formation Power HB Draw","46 Normal Outside Blitz",9,17,0,"2-10-OMS 49 (9:45) 45-Michael Gallimore ran to SUU 42 for 9 yards. Tackle by 38-Gordon Stanford.","#9 Walton Smith - QB","#45 Michael Gallimore - RB",,"#31 Kurt Shoemaker - FB","#48 Michael Spiller - RB","#81 Paul McCaslin - TE",,"#87 Richard Medina - WR",,,,,"#71 Billy Corgan - LT","#68 Andres Nash - RG","#79 Armando McDaniel - C","#53 William Jackson - RG","#58 Brian Marts - LT",,"#90 Lawrence Delrosario - LDE",,"#99 Gerald Taylor - DT","#94 John Fox - RDE","#78 Vernon Mincey - RDE","#56 Peter Vess - SLB","#98 John Trujillo - MLB",,"#93 Phillip Johnson - WLB","#45 Ronald Baggett - CB","#25 Andrew Harry - CB",,,,"#27 Orlando Brown - CB","#38 Gordon Stanford - CB",,,,,,,,,,,,,,,,,,,,,,,,,,,,,,,,,,,,
OMS,9:10,"SUU 42",3,3,1,"Weak I Normal HB Inside Weak","3-4 Normal Man QB Spy",5,17,0,"3-1-SUU 42 (9:09) 46-Aaron Dean ran to SUU 38 for 5 yards. Tackle by 98-John Trujillo.","#9 Walton Smith - QB","#46 Aaron Dean - RB",,,"#48 Michael Spiller - RB","#80 Willie Garcia - TE",,"#87 Richard Medina - WR",,"#19 Alejandro Gomez - WR",,,"#71 Billy Corgan - LT","#68 Andres Nash - RG","#79 Armando McDaniel - C","#53 William Jackson - RG","#58 Brian Marts - LT",,"#90 Lawrence Delrosario - LDE",,"#99 Gerald Taylor - DT",,"#78 Vernon Mincey - RDE","#56 Peter Vess - SLB","#98 John Trujillo - MLB","#51 Samuel Morrison - FS","#93 Phillip Johnson - WLB","#45 Ronald Baggett - CB","#25 Andrew Harry - CB",,,,"#27 Orlando Brown - CB","#38 Gordon Stanford - CB",,,,,,,,,,,,,,,,,,,,,,,,,,,,,,,,,,,,
OMS,8:37,"SUU 38",3,1,10,"Goal Line Normal HB Dive","Goal Line Attack #3",6,17,0,"1-10-SUU 38 (8:36) 45-Michael Gallimore ran to SUU 31 for 6 yards. Tackle by 45-Ronald Baggett.","#9 Walton Smith - QB","#45 Michael Gallimore - RB",,"#48 Michael Spiller - RB","#31 Kurt Shoemaker - FB","#80 Willie Garcia - TE","#81 Paul McCaslin - TE",,,,,,"#71 Billy Corgan - LT","#68 Andres Nash - RG","#79 Armando McDaniel - C","#53 William Jackson - RG","#58 Brian Marts - LT",,"#90 Lawrence Delrosario - LDE","#75 Eddie Duncan - RDE","#99 Gerald Taylor - DT","#72 Bobby Green - LDE","#78 Vernon Mincey - RDE","#56 Peter Vess - SLB","#98 John Trujillo - MLB",,"#93 Phillip Johnson - WLB","#45 Ronald Baggett - CB","#25 Andrew Harry - CB",,,,"#27 Orlando Brown - CB",,,,,,,,,,,,,,,,,,,,,,,,,,,,,,,,,,,,,
,8:33,,3,2,4,,,,17,0,"Timeout OMS",,,,,,,,,,,,,,,,,,,,,,,,,,,,,,,,,,,,,,,,,,,,,,,,,,,,,,,,,,,,,,,,,,,,,,
OMS,8:02,"SUU 31",3,2,4,"Weak I Normal WR Corner TE Middle","3-4 Normal 4 Deep QB Spy",7,17,0,"2-4-SUU 31 (8:03) 9-Walton Smith pass complete to 46-Aaron Dean to SUU 24 for 7 yards. Tackle by 51-Samuel Morrison.","#9 Walton Smith - QB","#46 Aaron Dean - RB",,,"#31 Kurt Shoemaker - FB","#80 Willie Garcia - TE",,"#84 Anthony Mistretta - WR",,"#87 Richard Medina - WR",,,"#71 Billy Corgan - LT","#68 Andres Nash - RG","#79 Armando McDaniel - C","#53 William Jackson - RG","#58 Brian Marts - LT",,"#90 Lawrence Delrosario - LDE",,"#99 Gerald Taylor - DT",,"#78 Vernon Mincey - RDE","#56 Peter Vess - SLB","#98 John Trujillo - MLB","#51 Samuel Morrison - FS","#93 Phillip Johnson - WLB","#45 Ronald Baggett - CB","#25 Andrew Harry - CB",,,,"#27 Orlando Brown - CB","#38 Gordon Stanford - CB",,,,,,,,,,,,,,,,,,,,,,,,,,,,,,,,,,,,
OMS,7:23,"SUU 24",3,1,10,"I Formation Power HB Sweep Weak","46 Normal Outside Blitz",-3,17,0,"1-10-SUU 24 (7:22) 45-Michael Gallimore ran to SUU 27 for -3 yards. Tackle by 27-Orlando Brown.","#9 Walton Smith - QB","#45 Michael Gallimore - RB",,"#48 Michael Spiller - RB","#31 Kurt Shoemaker - FB","#81 Paul McCaslin - TE",,"#15 Thomas Fernandes - WR",,,,,"#71 Billy Corgan - LT","#68 Andres Nash - RG","#69 Wade Ervin - C","#53 William Jackson - RG","#58 Brian Marts - LT",,"#90 Lawrence Delrosario - LDE",,"#99 Gerald Taylor - DT","#94 John Fox - RDE","#78 Vernon Mincey - RDE","#56 Peter Vess - SLB","#98 John Trujillo - MLB",,"#93 Phillip Johnson - WLB","#45 Ronald Baggett - CB","#25 Andrew Harry - CB",,,,"#27 Orlando Brown - CB","#38 Gordon Stanford - CB",,,,,,,,,,,,,,,,,,,,,,,,,,,,,,,,,,,,
OMS,6:49,"SUU 27",3,2,13,"Shotgun 2 RB 3 WR WR Curl","3-4 Normal Double Blitz",,17,0,"2-13-SUU 27 (6:48) 9-Walton Smith pass Pass knocked down by 27-Orlando Brown. incomplete, intended for 45-Michael Gallimore.","#9 Walton Smith - QB","#45 Michael Gallimore - RB","#31 Kurt Shoemaker - FB",,,,,"#84 Anthony Mistretta - WR","#15 Thomas Fernandes - WR","#87 Richard Medina - WR",,,"#71 Billy Corgan - LT","#66 Andrew Turner - RG","#79 Armando McDaniel - C","#64 Michael McNally - RG","#58 Brian Marts - LT",,"#90 Lawrence Delrosario - LDE",,"#99 Gerald Taylor - DT",,"#78 Vernon Mincey - RDE","#56 Peter Vess - SLB","#98 John Trujillo - MLB","#51 Samuel Morrison - FS","#93 Phillip Johnson - WLB","#45 Ronald Baggett - CB","#25 Andrew Harry - CB",,,,"#27 Orlando Brown - CB","#38 Gordon Stanford - CB",,,,,,,,,,,,,,,,,,,,,,,,,,,,,,,,,,,,
OMS,6:44,"SUU 27",3,3,13,"Shotgun 2 RB 3 WR FL Drag","Nickel Normal Double WR2",-0,17,0,"3-13-SUU 27 (6:45) 9-Walton Smith pass complete to 31-Kurt Shoemaker to SUU 27 for a short loss. Tackle by 45-Ronald Baggett.","#9 Walton Smith - QB","#31 Kurt Shoemaker - FB","#48 Michael Spiller - RB",,,,,"#83 Paul Parson - WR","#84 Anthony Mistretta - WR","#19 Alejandro Gomez - WR",,,"#71 Billy Corgan - LT","#68 Andres Nash - RG","#79 Armando McDaniel - C","#53 William Jackson - RG","#58 Brian Marts - LT",,"#90 Lawrence Delrosario - LDE",,"#99 Gerald Taylor - DT","#94 John Fox - RDE","#78 Vernon Mincey - RDE",,"#98 John Trujillo - MLB",,"#93 Phillip Johnson - WLB","#45 Ronald Baggett - CB","#25 Andrew Harry - CB",,"#52 Michael Parker - MLB",,"#27 Orlando Brown - CB","#38 Gordon Stanford - CB",,,,,,,,,,,,,,,,,,,,,,,,,,,,,,,,,,,,
OMS,6:08,"SUU 27",3,4,13,"Field Goal","FG Block",38,17,0,"4-13-SUU 27 (6:07) 5-William Britton 45 yard field goal is NO GOOD. (Wide Left)",,,,,,,,,,,,,,,,,,,,,,,,,,,,,,,,,,,,"#9 Walton Smith - QB","#59 Michael Brooks - RT",,,,,,,,,,,,,,"#5 William Britton - K","#15 Thomas Fernandes - WR","#81 Paul McCaslin - TE","#52 James Funches - LT","#71 Billy Corgan - LT","#80 Willie Garcia - TE","#66 Andrew Turner - RG","#58 Brian Marts - LT","#45 Michael Gallimore - RB","#51 Samuel Morrison - FS","#52 Michael Parker - MLB","#48 Leo Bostwick - SS","#57 Joseph Johnson - FS","#75 Eddie Duncan - RDE","#99 Gerald Taylor - DT","#78 Vernon Mincey - RDE","#25 Andrew Harry - CB","#38 Gordon Stanford - CB","#27 Orlando Brown - CB","#67 Nicholas Wiley - RDE"
SUU,6:03,"SUU 34",3,1,10,"Shotgun 5 Wide Slot Drag","Quarter Normal Man Short Zone",2,17,0,"1-10-SUU 34 (6:04) 1-Kenneth Kulas pass complete to 88-Kenneth Knight to SUU 36 for 2 yards. Tackle by 32-Rodney Hayne. 88-Kenneth Knight made a great move on the CB.","#1 Kenneth Kulas - QB",,,,,,,"#28 Juan Hilburn - WR","#88 Kenneth Knight - WR","#46 Chris Wilson - RB","#86 Jared Moreno - WR","#42 David Garcia - TE","#76 Raymond Alvarado - LT","#73 Dale Geisler - LG","#71 Eric Hancock - C","#54 Robert Stanley - RG","#79 Marcus King - RT",,"#77 Reginald Throckmorton - RDE",,"#72 James Neal - DT",,"#97 Paul Red - RDE",,"#50 Carl Blackburn - MLB",,,"#49 Don Fisher - CB","#34 Richard Dinardo - CB","#32 Rodney Hayne - SS","#21 James Savarese - SS","#25 Isaac Burson - SS","#39 Russell Charles - SS","#28 Jason Orr - FS",,,,,,,,,,,,,,,,,,,,,,,,,,,,,,,,,,,,
SUU,5:30,"SUU 36",3,2,8,"I Formation Power HB Dive Weak","Goal Line Attack #2",-1,17,0,"2-8-SUU 36 (5:29) 8-Thomas Miller ran to SUU 36 for -1 yards. Tackle by 51-Leo Morrison.","#1 Kenneth Kulas - QB","#8 Thomas Miller - WR",,"#42 David Garcia - TE","#47 James Barrier - RB","#80 Jeremy Grover - WR",,"#28 Juan Hilburn - WR",,,,,"#76 Raymond Alvarado - LT","#73 Dale Geisler - LG","#71 Eric Hancock - C","#54 Robert Stanley - RG","#79 Marcus King - RT",,"#77 Reginald Throckmorton - RDE","#94 Shawn Santiago - LDE","#63 Ian Burress - DT","#70 Robert Jackson - DT","#97 Paul Red - RDE","#54 Walter Dominguez - WLB","#51 Leo Morrison - MLB",,"#56 Andrew Chmielewski - WLB","#49 Don Fisher - CB","#34 Richard Dinardo - CB",,,,"#39 Russell Charles - SS",,,,,,,,,,,,,,,,,,,,,,,,,,,,,,,,,,,,,
SUU,4:54,"SUU 36",3,3,8,"I Formation Power HB Draw","Goal Line 3 Deep Man",1,17,0,"3-8-SUU 36 (4:53) 8-Thomas Miller ran to SUU 37 for 1 yards. Tackle by 72-James Neal.","#1 Kenneth Kulas - QB","#8 Thomas Miller - WR",,"#42 David Garcia - TE","#47 James Barrier - RB","#80 Jeremy Grover - WR",,"#28 Juan Hilburn - WR",,,,,"#76 Raymond Alvarado - LT","#73 Dale Geisler - LG","#71 Eric Hancock - C","#54 Robert Stanley - RG","#79 Marcus King - RT",,"#77 Reginald Throckmorton - RDE","#94 Shawn Santiago - LDE","#72 James Neal - DT","#63 Ian Burress - DT","#97 Paul Red - RDE","#54 Walter Dominguez - WLB","#50 Carl Blackburn - MLB",,"#56 Andrew Chmielewski - WLB","#49 Don Fisher - CB","#21 James Savarese - SS",,,,"#32 Rodney Hayne - SS",,,,,,,,,,,,,,,,,,,,,,,,,,,,,,,,,,,,,
SUU,4:12,"SUU 37",3,4,7,Punt,"Punt Return",,17,0,"4-7-SUU 37 (4:11) 6-Howard Snow punts 51 yards to OMS 12. 84-Anthony Mistretta to OMS 20 for 8 yards. Tackle by 46-Chris Wilson.",,,,,,,,,,,,,,,,,,"#6 Howard Snow - P",,,,,,,,,,,,,,,,,,,"#74 Thomas Ferguson - LG",,"#84 Anthony Mistretta - WR",,,"#73 Darrell Vose - DT","#28 Jason Orr - FS","#39 Russell Charles - SS",,"#94 Shawn Santiago - LDE","#97 Paul Red - RDE",,"#50 Carl Blackburn - MLB",,,,"#73 Dale Geisler - LG","#42 David Garcia - TE","#46 Chris Wilson - RB","#8 Thomas Miller - WR","#76 Raymond Alvarado - LT","#79 Marcus King - RT",,"#56 Andrew Chmielewski - WLB","#34 Richard Dinardo - CB","#72 James Neal - DT","#63 Ian Burress - DT",,,,,,,
OMS,4:02,"OMS 20",3,1,10,"Weak I Normal HB Inside Weak","3-4 Normal 4 Deep QB Spy",,17,0,"1-10-OMS 20 (4:03) 46-Aaron Dean ran to OMS 21 for a short gain. Tackle by 99-Gerald Taylor. 79-Armando McDaniel missed that block completely.","#9 Walton Smith - QB","#46 Aaron Dean - RB",,,"#31 Kurt Shoemaker - FB","#80 Willie Garcia - TE",,"#87 Richard Medina - WR",,"#15 Thomas Fernandes - WR",,,"#71 Billy Corgan - LT","#68 Andres Nash - RG","#79 Armando McDaniel - C","#53 William Jackson - RG","#58 Brian Marts - LT",,"#90 Lawrence Delrosario - LDE",,"#99 Gerald Taylor - DT",,"#78 Vernon Mincey - RDE","#56 Peter Vess - SLB","#98 John Trujillo - MLB","#51 Samuel Morrison - FS","#93 Phillip Johnson - WLB","#25 Andrew Harry - CB","#52 Michael Parker - MLB",,,,"#27 Orlando Brown - CB","#38 Gordon Stanford - CB",,,,,,,,,,,,,,,,,,,,,,,,,,,,,,,,,,,,
OMS,3:20,"OMS 21",3,2,10,"I Formation Power Play Action HB Downfield","46 Normal Inside Blitz",29,17,0,"2-10-OMS 21 (3:19) 9-Walton Smith pass complete to 80-Willie Garcia to OMS 49 for 29 yards. Tackle by 27-Orlando Brown. 80-Willie Garcia breaks down the CB.","#9 Walton Smith - QB","#45 Michael Gallimore - RB",,"#46 Aaron Dean - RB","#31 Kurt Shoemaker - FB","#80 Willie Garcia - TE",,"#84 Anthony Mistretta - WR",,,,,"#71 Billy Corgan - LT","#68 Andres Nash - RG","#79 Armando McDaniel - C","#53 William Jackson - RG","#58 Brian Marts - LT",,"#90 Lawrence Delrosario - LDE",,"#99 Gerald Taylor - DT","#94 John Fox - RDE","#78 Vernon Mincey - RDE","#56 Peter Vess - SLB","#98 John Trujillo - MLB",,"#93 Phillip Johnson - WLB","#45 Ronald Baggett - CB","#25 Andrew Harry - CB",,,,"#27 Orlando Brown - CB","#38 Gordon Stanford - CB",,,,,,,,,,,,,,,,,,,,,,,,,,,,,,,,,,,,
OMS,2:33,"OMS 49",3,1,10,"I Formation Power PA Flats","46 Normal Outside Blitz",5,17,0,"1-10-OMS 49 (2:32) 9-Walton Smith pass complete to 81-Paul McCaslin to SUU 46 for 5 yards. Tackle by 25-Andrew Harry.","#9 Walton Smith - QB","#48 Michael Spiller - RB",,"#46 Aaron Dean - RB","#31 Kurt Shoemaker - FB","#81 Paul McCaslin - TE",,"#87 Richard Medina - WR",,,,,"#52 James Funches - LT","#66 Andrew Turner - RG","#79 Armando McDaniel - C","#64 Michael McNally - RG","#58 Brian Marts - LT",,"#90 Lawrence Delrosario - LDE",,"#99 Gerald Taylor - DT","#94 John Fox - RDE","#78 Vernon Mincey - RDE","#56 Peter Vess - SLB","#98 John Trujillo - MLB",,"#93 Phillip Johnson - WLB","#45 Ronald Baggett - CB","#25 Andrew Harry - CB",,,,"#27 Orlando Brown - CB","#38 Gordon Stanford - CB",,,,,,,,,,,,,,,,,,,,,,,,,,,,,,,,,,,,
OMS,1:55,"SUU 46",3,2,5,"Goal Line Normal HB Off Tackle","Goal Line Attack #3",4,17,0,"2-5-SUU 46 (1:54) 45-Michael Gallimore ran to SUU 42 for 4 yards. Tackle by 27-Orlando Brown.","#9 Walton Smith - QB","#45 Michael Gallimore - RB",,"#48 Michael Spiller - RB","#31 Kurt Shoemaker - FB","#81 Paul McCaslin - TE","#80 Willie Garcia - TE",,,,,,"#71 Billy Corgan - LT","#68 Andres Nash - RG","#79 Armando McDaniel - C","#53 William Jackson - RG","#58 Brian Marts - LT",,"#90 Lawrence Delrosario - LDE","#72 Bobby Green - LDE","#99 Gerald Taylor - DT","#94 John Fox - RDE","#78 Vernon Mincey - RDE","#56 Peter Vess - SLB","#98 John Trujillo - MLB",,"#93 Phillip Johnson - WLB","#45 Ronald Baggett - CB","#25 Andrew Harry - CB",,,,"#27 Orlando Brown - CB",,,,,,,,,,,,,,,,,,,,,,,,,,,,,,,,,,,,,
OMS,1:20,"SUU 42",3,3,1,"I Formation Normal PA Streaks","3-4 Normal 4 Deep QB Spy",4,17,0,"3-1-SUU 42 (1:19) 9-Walton Smith ran to SUU 38 for 4 yards. Tackle by 51-Samuel Morrison.","#9 Walton Smith - QB","#31 Kurt Shoemaker - FB",,,"#45 Michael Gallimore - RB","#81 Paul McCaslin - TE",,"#84 Anthony Mistretta - WR",,"#87 Richard Medina - WR",,,"#71 Billy Corgan - LT","#68 Andres Nash - RG","#79 Armando McDaniel - C","#53 William Jackson - RG","#58 Brian Marts - LT",,"#90 Lawrence Delrosario - LDE",,"#99 Gerald Taylor - DT",,"#78 Vernon Mincey - RDE","#56 Peter Vess - SLB","#98 John Trujillo - MLB","#51 Samuel Morrison - FS","#93 Phillip Johnson - WLB","#45 Ronald Baggett - CB","#25 Andrew Harry - CB",,,,"#27 Orlando Brown - CB","#38 Gordon Stanford - CB",,,,,,,,,,,,,,,,,,,,,,,,,,,,,,,,,,,,
OMS,0:41,"SUU 38",3,1,10,"Weak I Normal WR Corner TE Middle","3-4 Normal Man QB Spy",1,17,0,"1-10-SUU 38 (0:40) 9-Walton Smith pass complete to 48-Michael Spiller to SUU 37 for 1 yards. Tackle by 27-Orlando Brown. Nice job by 48-Michael Spiller on that route to lose his coverage.","#9 Walton Smith - QB","#48 Michael Spiller - RB",,,"#31 Kurt Shoemaker - FB","#80 Willie Garcia - TE",,"#15 Thomas Fernandes - WR",,"#83 Paul Parson - WR",,,"#71 Billy Corgan - LT","#68 Andres Nash - RG","#79 Armando McDaniel - C","#53 William Jackson - RG","#58 Brian Marts - LT",,"#90 Lawrence Delrosario - LDE",,"#99 Gerald Taylor - DT",,"#78 Vernon Mincey - RDE","#56 Peter Vess - SLB","#98 John Trujillo - MLB","#51 Samuel Morrison - FS","#93 Phillip Johnson - WLB","#45 Ronald Baggett - CB","#52 Michael Parker - MLB",,,,"#27 Orlando Brown - CB","#38 Gordon Stanford - CB",,,,,,,,,,,,,,,,,,,,,,,,,,,,,,,,,,,,
,0:00,,3,2,9,,,,17,0,"End of third quarter.",,,,,,,,,,,,,,,,,,,,,,,,,,,,,,,,,,,,,,,,,,,,,,,,,,,,,,,,,,,,,,,,,,,,,,
OMS,15:00,"SUU 37",4,2,9,"Goal Line Normal HB Pitch Weak","Goal Line Attack #2",6,17,0,"2-9-SUU 37 (15:00) 46-Aaron Dean ran to SUU 31 for 6 yards. Tackle by 93-Phillip Johnson.","#9 Walton Smith - QB","#46 Aaron Dean - RB",,"#45 Michael Gallimore - RB","#31 Kurt Shoemaker - FB","#81 Paul McCaslin - TE","#80 Willie Garcia - TE",,,,,,"#71 Billy Corgan - LT","#68 Andres Nash - RG","#79 Armando McDaniel - C","#53 William Jackson - RG","#58 Brian Marts - LT",,"#90 Lawrence Delrosario - LDE","#75 Eddie Duncan - RDE","#99 Gerald Taylor - DT","#72 Bobby Green - LDE","#78 Vernon Mincey - RDE","#56 Peter Vess - SLB","#98 John Trujillo - MLB",,"#93 Phillip Johnson - WLB","#45 Ronald Baggett - CB","#25 Andrew Harry - CB",,,,"#27 Orlando Brown - CB",,,,,,,,,,,,,,,,,,,,,,,,,,,,,,,,,,,,,
OMS,14:20,"SUU 31",4,3,3,"Goal Line Normal HB Toss Strong","Goal Line Attack #3",5,17,0,"3-3-SUU 31 (14:19) 48-Michael Spiller ran to SUU 26 for 5 yards. Tackle by 56-Peter Vess.","#9 Walton Smith - QB","#48 Michael Spiller - RB",,"#45 Michael Gallimore - RB","#31 Kurt Shoemaker - FB","#80 Willie Garcia - TE","#81 Paul McCaslin - TE",,,,,,"#71 Billy Corgan - LT","#68 Andres Nash - RG","#79 Armando McDaniel - C","#53 William Jackson - RG","#58 Brian Marts - LT",,"#90 Lawrence Delrosario - LDE","#75 Eddie Duncan - RDE","#99 Gerald Taylor - DT","#72 Bobby Green - LDE","#78 Vernon Mincey - RDE","#56 Peter Vess - SLB","#98 John Trujillo - MLB",,"#93 Phillip Johnson - WLB","#45 Ronald Baggett - CB","#25 Andrew Harry - CB",,,,"#27 Orlando Brown - CB",,,,,,,,,,,,,,,,,,,,,,,,,,,,,,,,,,,,,
OMS,13:45,"SUU 26",4,1,10,"Shotgun 2 RB 3 WR Strong Deep","3-4 Normal 4 Deep QB Spy",,17,0,"1-10-SUU 26 (13:44) 9-Walton Smith pass incomplete, dropped by 84-Anthony Mistretta. Pressure by 90-Lawrence Delrosario.","#9 Walton Smith - QB","#31 Kurt Shoemaker - FB","#46 Aaron Dean - RB",,,,,"#84 Anthony Mistretta - WR","#15 Thomas Fernandes - WR","#87 Richard Medina - WR",,,"#71 Billy Corgan - LT","#68 Andres Nash - RG","#79 Armando McDaniel - C","#53 William Jackson - RG","#58 Brian Marts - LT",,"#90 Lawrence Delrosario - LDE",,"#99 Gerald Taylor - DT",,"#78 Vernon Mincey - RDE","#56 Peter Vess - SLB","#98 John Trujillo - MLB","#51 Samuel Morrison - FS","#93 Phillip Johnson - WLB","#45 Ronald Baggett - CB","#25 Andrew Harry - CB",,,,"#27 Orlando Brown - CB","#38 Gordon Stanford - CB",,,,,,,,,,,,,,,,,,,,,,,,,,,,,,,,,,,,
OMS,13:39,"SUU 26",4,2,10,"Weak I Normal HB Inside Weak","3-4 Normal Man QB Spy",7,17,0,"2-10-SUU 26 (13:40) 45-Michael Gallimore ran to SUU 19 for 7 yards. Tackle by 38-Gordon Stanford.","#9 Walton Smith - QB","#45 Michael Gallimore - RB",,,"#31 Kurt Shoemaker - FB","#80 Willie Garcia - TE",,"#83 Paul Parson - WR",,"#19 Alejandro Gomez - WR",,,"#71 Billy Corgan - LT","#68 Andres Nash - RG","#79 Armando McDaniel - C","#53 William Jackson - RG","#58 Brian Marts - LT",,"#90 Lawrence Delrosario - LDE",,"#99 Gerald Taylor - DT",,"#78 Vernon Mincey - RDE","#56 Peter Vess - SLB","#98 John Trujillo - MLB","#51 Samuel Morrison - FS","#93 Phillip Johnson - WLB","#45 Ronald Baggett - CB","#25 Andrew Harry - CB",,,,"#27 Orlando Brown - CB","#38 Gordon Stanford - CB",,,,,,,,,,,,,,,,,,,,,,,,,,,,,,,,,,,,
OMS,13:01,"SUU 19",4,3,3,"I Formation Normal Curl & Post","46 Normal Inside Blitz",,17,0,"3-3-SUU 19 (13:00) 9-Walton Smith pass incomplete, intended for 80-Willie Garcia.","#9 Walton Smith - QB","#48 Michael Spiller - RB",,,"#31 Kurt Shoemaker - FB","#80 Willie Garcia - TE",,"#84 Anthony Mistretta - WR",,"#87 Richard Medina - WR",,,"#71 Billy Corgan - LT","#68 Andres Nash - RG","#79 Armando McDaniel - C","#53 William Jackson - RG","#58 Brian Marts - LT",,"#90 Lawrence Delrosario - LDE",,"#99 Gerald Taylor - DT","#94 John Fox - RDE","#78 Vernon Mincey - RDE","#56 Peter Vess - SLB","#98 John Trujillo - MLB",,"#93 Phillip Johnson - WLB","#45 Ronald Baggett - CB","#25 Andrew Harry - CB",,,,"#27 Orlando Brown - CB","#38 Gordon Stanford - CB",,,,,,,,,,,,,,,,,,,,,,,,,,,,,,,,,,,,
OMS,12:56,"SUU 19",4,4,3,"Field Goal","FG Block",29,17,3,"4-3-SUU 19 (12:57) 5-William Britton 37 yard field goal is GOOD. SUU 17 OMS 3",,,,,,,,,,,,,,,,,,,,,,,,,,,,,,,,,,,,"#9 Walton Smith - QB","#59 Michael Brooks - RT",,,,,,,,,,,,,,"#5 William Britton - K","#45 Michael Gallimore - RB","#58 Brian Marts - LT","#81 Paul McCaslin - TE","#71 Billy Corgan - LT","#66 Andrew Turner - RG","#52 James Funches - LT","#15 Thomas Fernandes - WR","#80 Willie Garcia - TE","#51 Samuel Morrison - FS","#52 Michael Parker - MLB","#48 Leo Bostwick - SS","#57 Joseph Johnson - FS","#75 Eddie Duncan - RDE","#99 Gerald Taylor - DT","#78 Vernon Mincey - RDE","#25 Andrew Harry - CB","#38 Gordon Stanford - CB","#27 Orlando Brown - CB","#67 Nicholas Wiley - RDE"
OMS,12:53,"OMS 35",4,6,10,Kickoff,"Kick Return",,17,3,"(12:54) 5-William Britton kicks 72 yards from OMS 35 to SUU -7. Touchback.",,,,,,,,,,,,,,,,,,,,,,,,,,,,,,,,,,,,,,"#88 Kenneth Knight - WR",,"#99 Gerald Taylor - DT","#38 Gordon Stanford - CB","#67 Nicholas Wiley - RDE","#25 Andrew Harry - CB","#45 Ronald Baggett - CB","#51 Samuel Morrison - FS","#52 Michael Parker - MLB","#48 Leo Bostwick - SS","#78 Vernon Mincey - RDE","#57 Joseph Johnson - FS","#5 William Britton - K",,,,,,,,,,,,,,,,,,,,
SUU,12:53,"SUU 25",4,1,10,"Singleback 4 Wide Post and Drag","Dime Flat CB3 CB4 Blitz",10,17,3,"1-10-SUU 25 (12:54) 1-Kenneth Kulas pass complete to 28-Juan Hilburn to SUU 35 for 10 yards. Tackle by 49-Don Fisher. 28-Juan Hilburn did some fancy footwork there.","#1 Kenneth Kulas - QB","#8 Thomas Miller - WR",,,,,,"#28 Juan Hilburn - WR","#88 Kenneth Knight - WR","#46 Chris Wilson - RB","#86 Jared Moreno - WR",,"#76 Raymond Alvarado - LT","#73 Dale Geisler - LG","#71 Eric Hancock - C","#54 Robert Stanley - RG","#79 Marcus King - RT",,"#63 Ian Burress - DT",,"#70 Robert Jackson - DT","#72 James Neal - DT","#77 Reginald Throckmorton - RDE",,"#51 Leo Morrison - MLB",,,"#49 Don Fisher - CB","#21 James Savarese - SS","#34 Richard Dinardo - CB","#28 Jason Orr - FS",,"#32 Rodney Hayne - SS","#25 Isaac Burson - SS",,,,,,,,,,,,,,,,,,,,,,,,,,,,,,,,,,,,
SUU,12:17,"SUU 35",4,2,,"Singleback Slot Strong HB Counter","Nickel 3-3-5 Cover 2 Man Under",-0,17,3,"2-1-SUU 35 (12:16) 8-Thomas Miller ran to SUU 34 for a short loss. Tackle by 70-Robert Jackson.","#1 Kenneth Kulas - QB","#8 Thomas Miller - WR",,,,"#80 Jeremy Grover - WR",,"#28 Juan Hilburn - WR","#88 Kenneth Knight - WR","#46 Chris Wilson - RB",,,"#76 Raymond Alvarado - LT","#73 Dale Geisler - LG","#71 Eric Hancock - C","#54 Robert Stanley - RG","#79 Marcus King - RT",,"#77 Reginald Throckmorton - RDE",,"#63 Ian Burress - DT",,"#70 Robert Jackson - DT","#99 Leroy Ryan - WLB","#91 Charles Moreno - MLB",,"#55 Jeremy Hannon - WLB","#21 James Savarese - SS","#49 Don Fisher - CB",,"#28 Jason Orr - FS",,"#32 Rodney Hayne - SS","#39 Russell Charles - SS",,,,,,,,,,,,,,,,,,,,,,,,,,,,,,,,,,,,
SUU,11:32,"SUU 34",4,3,1,"Singleback Normal HB Counter Weak","Nickel Normal Shallow Zone Deep",10,17,3,"3-1-SUU 34 (11:31) 8-Thomas Miller ran to SUU 45 for 10 yards. Tackle by 50-Carl Blackburn.","#1 Kenneth Kulas - QB","#8 Thomas Miller - WR",,,,"#80 Jeremy Grover - WR",,"#28 Juan Hilburn - WR","#88 Kenneth Knight - WR","#46 Chris Wilson - RB",,,"#76 Raymond Alvarado - LT","#73 Dale Geisler - LG","#71 Eric Hancock - C","#54 Robert Stanley - RG","#79 Marcus King - RT",,"#77 Reginald Throckmorton - RDE",,"#63 Ian Burress - DT","#70 Robert Jackson - DT","#97 Paul Red - RDE",,"#50 Carl Blackburn - MLB",,"#56 Andrew Chmielewski - WLB","#49 Don Fisher - CB","#21 James Savarese - SS",,"#32 Rodney Hayne - SS",,"#39 Russell Charles - SS","#25 Isaac Burson - SS",,,,,,,,,,,,,,,,,,,,,,,,,,,,,,,,,,,,
SUU,10:55,"SUU 45",4,1,10,"Singleback 4 Wide Post and Drag","Dime Normal FS Blitz",5,17,3,"1-10-SUU 45 (10:54) 1-Kenneth Kulas pass complete to 28-Juan Hilburn to SUU 49 for 5 yards. Tackle by 51-Leo Morrison.","#1 Kenneth Kulas - QB","#33 Norman Smith - RB",,,,,,"#28 Juan Hilburn - WR","#88 Kenneth Knight - WR","#46 Chris Wilson - RB","#86 Jared Moreno - WR",,"#76 Raymond Alvarado - LT","#73 Dale Geisler - LG","#71 Eric Hancock - C","#54 Robert Stanley - RG","#79 Marcus King - RT",,"#77 Reginald Throckmorton - RDE",,"#72 James Neal - DT","#63 Ian Burress - DT","#97 Paul Red - RDE",,"#51 Leo Morrison - MLB",,,"#49 Don Fisher - CB","#21 James Savarese - SS","#34 Richard Dinardo - CB","#25 Isaac Burson - SS",,"#32 Rodney Hayne - SS","#28 Jason Orr - FS",,,,,,,,,,,,,,,,,,,,,,,,,,,,,,,,,,,,
SUU,10:20,"SUU 49",4,2,5,"Singleback Slot Strong HB Counter","Nickel Normal Man Zone",13,17,3,"2-5-SUU 49 (10:19) 8-Thomas Miller ran to OMS 38 for 13 yards. Tackle by 28-Jason Orr.","#1 Kenneth Kulas - QB","#8 Thomas Miller - WR",,,,"#80 Jeremy Grover - WR",,"#28 Juan Hilburn - WR","#88 Kenneth Knight - WR","#46 Chris Wilson - RB",,,"#76 Raymond Alvarado - LT","#73 Dale Geisler - LG","#71 Eric Hancock - C","#54 Robert Stanley - RG","#79 Marcus King - RT",,"#77 Reginald Throckmorton - RDE",,"#72 James Neal - DT","#63 Ian Burress - DT","#73 Darrell Vose - DT",,"#50 Carl Blackburn - MLB",,"#56 Andrew Chmielewski - WLB","#39 Russell Charles - SS","#49 Don Fisher - CB",,"#21 James Savarese - SS",,"#32 Rodney Hayne - SS","#28 Jason Orr - FS",,,,,,,,,,,,,,,,,,,,,,,,,,,,,,,,,,,,
SUU,9:34,"OMS 38",4,1,10,"Shotgun 5 Wide Slot Drag","Quarter Normal Cover 4",9,17,3,"1-10-OMS 38 (9:33) 1-Kenneth Kulas pass complete to 88-Kenneth Knight to OMS 30 for 9 yards. Tackle by 49-Don Fisher.","#1 Kenneth Kulas - QB",,,,,,,"#28 Juan Hilburn - WR","#88 Kenneth Knight - WR","#46 Chris Wilson - RB","#86 Jared Moreno - WR","#42 David Garcia - TE","#76 Raymond Alvarado - LT","#73 Dale Geisler - LG","#71 Eric Hancock - C","#54 Robert Stanley - RG","#79 Marcus King - RT",,"#77 Reginald Throckmorton - RDE",,"#72 James Neal - DT",,"#97 Paul Red - RDE",,"#50 Carl Blackburn - MLB",,,"#49 Don Fisher - CB","#34 Richard Dinardo - CB","#28 Jason Orr - FS","#21 James Savarese - SS","#32 Rodney Hayne - SS","#39 Russell Charles - SS","#25 Isaac Burson - SS",,,,,,,,,,,,,,,,,,,,,,,,,,,,,,,,,,,,
SUU,8:55,"OMS 30",4,2,1,"I Formation 3WR HB Inside Weak","Nickel 3-3-5 Cover 2 Man Under",10,17,3,"2-1-OMS 30 (8:54) 33-Norman Smith ran to OMS 19 for 10 yards. Tackle by 25-Isaac Burson.","#1 Kenneth Kulas - QB","#33 Norman Smith - RB",,,"#47 James Barrier - RB",,,"#28 Juan Hilburn - WR","#88 Kenneth Knight - WR","#46 Chris Wilson - RB",,,"#76 Raymond Alvarado - LT","#73 Dale Geisler - LG","#71 Eric Hancock - C","#54 Robert Stanley - RG","#79 Marcus King - RT",,"#77 Reginald Throckmorton - RDE",,"#72 James Neal - DT",,"#97 Paul Red - RDE","#54 Walter Dominguez - WLB","#51 Leo Morrison - MLB",,"#56 Andrew Chmielewski - WLB","#49 Don Fisher - CB","#34 Richard Dinardo - CB",,"#39 Russell Charles - SS",,"#21 James Savarese - SS","#25 Isaac Burson - SS",,,,,,,,,,,,,,,,,,,,,,,,,,,,,,,,,,,,
SUU,8:14,"OMS 19",4,1,10,"Empty 4 Wide Spread Corner Post","Dime Normal Double WR3",,17,3,"1-10-OMS 19 (8:13) 1-Kenneth Kulas pass incomplete, dropped by 86-Jared Moreno.","#1 Kenneth Kulas - QB",,,,,"#80 Jeremy Grover - WR",,"#28 Juan Hilburn - WR","#88 Kenneth Knight - WR","#46 Chris Wilson - RB","#86 Jared Moreno - WR",,"#76 Raymond Alvarado - LT","#73 Dale Geisler - LG","#71 Eric Hancock - C","#54 Robert Stanley - RG","#79 Marcus King - RT",,"#77 Reginald Throckmorton - RDE",,"#72 James Neal - DT","#63 Ian Burress - DT","#97 Paul Red - RDE",,"#50 Carl Blackburn - MLB",,,"#49 Don Fisher - CB","#21 James Savarese - SS","#39 Russell Charles - SS","#32 Rodney Hayne - SS",,"#34 Richard Dinardo - CB","#28 Jason Orr - FS",,,,,,,,,,,,,,,,,,,,,,,,,,,,,,,,,,,,
SUU,8:09,"OMS 19",4,2,10,"I Formation Power HB Draw","Goal Line 3 Deep Man",2,17,3,"2-10-OMS 19 (8:10) 8-Thomas Miller ran to OMS 17 for 2 yards. Tackle by 72-James Neal.","#1 Kenneth Kulas - QB","#8 Thomas Miller - WR",,"#42 David Garcia - TE","#47 James Barrier - RB","#80 Jeremy Grover - WR",,"#28 Juan Hilburn - WR",,,,,"#76 Raymond Alvarado - LT","#73 Dale Geisler - LG","#71 Eric Hancock - C","#54 Robert Stanley - RG","#79 Marcus King - RT",,"#77 Reginald Throckmorton - RDE","#94 Shawn Santiago - LDE","#72 James Neal - DT","#63 Ian Burress - DT","#97 Paul Red - RDE","#54 Walter Dominguez - WLB","#51 Leo Morrison - MLB",,"#56 Andrew Chmielewski - WLB","#25 Isaac Burson - SS","#49 Don Fisher - CB",,,,"#34 Richard Dinardo - CB",,,,,,,,,,,,,,,,,,,,,,,,,,,,,,,,,,,,,
SUU,7:39,"OMS 17",4,3,8,"Singleback Normal HB Counter Weak","Nickel Normal Shallow Zone Deep",16,17,3,"3-8-OMS 17 (7:38) 8-Thomas Miller ran to OMS 1 for 16 yards. Tackle by 39-Russell Charles.","#1 Kenneth Kulas - QB","#8 Thomas Miller - WR",,,,"#80 Jeremy Grover - WR",,"#28 Juan Hilburn - WR","#88 Kenneth Knight - WR","#46 Chris Wilson - RB",,,"#76 Raymond Alvarado - LT","#73 Dale Geisler - LG","#71 Eric Hancock - C","#54 Robert Stanley - RG","#79 Marcus King - RT",,"#77 Reginald Throckmorton - RDE",,"#72 James Neal - DT","#63 Ian Burress - DT","#97 Paul Red - RDE",,"#50 Carl Blackburn - MLB",,"#56 Andrew Chmielewski - WLB","#49 Don Fisher - CB","#34 Richard Dinardo - CB",,"#21 James Savarese - SS",,"#39 Russell Charles - SS","#28 Jason Orr - FS",,,,,,,,,,,,,,,,,,,,,,,,,,,,,,,,,,,,
SUU,6:55,"OMS 1",4,1,1,"I Formation Power HB Dive Weak","Goal Line 3 Deep Man",1,23,3,"1-1-OMS 1 (6:54) 33-Norman Smith ran for 1 yards. TOUCHDOWN! SUU 23 OMS 3","#1 Kenneth Kulas - QB","#33 Norman Smith - RB",,"#42 David Garcia - TE","#47 James Barrier - RB","#80 Jeremy Grover - WR",,"#28 Juan Hilburn - WR",,,,,"#76 Raymond Alvarado - LT","#73 Dale Geisler - LG","#71 Eric Hancock - C","#54 Robert Stanley - RG","#79 Marcus King - RT",,"#77 Reginald Throckmorton - RDE","#94 Shawn Santiago - LDE","#72 James Neal - DT","#63 Ian Burress - DT","#97 Paul Red - RDE","#54 Walter Dominguez - WLB","#51 Leo Morrison - MLB",,"#56 Andrew Chmielewski - WLB","#34 Richard Dinardo - CB","#21 James Savarese - SS",,,,"#32 Rodney Hayne - SS",,,,,,,,,,,,,,,,,,,,,,,,,,,,,,,,,,,,,
SUU,6:51,"OMS 15",4,7,15,"Field Goal","FG Block",26,24,3,"(6:52) Extra point GOOD by 17-David Furst. SUU 24 OMS 3",,,,,,,,,,,,,,,,,,,,,,,,,,,,,,,,,,,,"#2 Casey Chavez - QB","#74 Thomas Ferguson - LG",,,,,,,,,,,,,,"#17 David Furst - K","#63 Mark Carroll - RG","#79 Marcus King - RT","#73 Dale Geisler - LG","#46 Chris Wilson - RB","#76 Raymond Alvarado - LT","#42 David Garcia - TE","#55 Jacob Smith - C","#71 Eric Hancock - C","#56 Andrew Chmielewski - WLB","#34 Richard Dinardo - CB","#72 James Neal - DT","#63 Ian Burress - DT","#99 Leroy Ryan - WLB","#55 Jeremy Hannon - WLB","#97 Paul Red - RDE","#51 Leo Morrison - MLB","#94 Shawn Santiago - LDE","#77 Reginald Throckmorton - RDE","#73 Darrell Vose - DT"
SUU,6:51,"SUU 35",4,6,10,Kickoff,"Kick Return",,24,3,"(6:52) 17-David Furst kicks 75 yards from SUU 35 to OMS -10. Touchback.",,,,,,,,,,,,,,,,,,,,,,,,,,,,,,,,,,,,,,"#84 Anthony Mistretta - WR",,"#54 Walter Dominguez - WLB","#56 Andrew Chmielewski - WLB","#73 Darrell Vose - DT","#97 Paul Red - RDE","#39 Russell Charles - SS","#50 Carl Blackburn - MLB","#72 James Neal - DT","#94 Shawn Santiago - LDE","#28 Jason Orr - FS","#34 Richard Dinardo - CB","#17 David Furst - K",,,,,,,,,,,,,,,,,,,,
OMS,6:51,"OMS 25",4,1,10,"Shotgun 2 RB 3 WR RB Curls","3-4 Normal 4 Deep QB Spy",8,24,3,"1-10-OMS 25 (6:52) 9-Walton Smith pass complete to 45-Michael Gallimore to OMS 33 for 8 yards. Tackle by 98-John Trujillo. SUU 99-Gerald Taylor was injured on the play.","#9 Walton Smith - QB","#46 Aaron Dean - RB","#45 Michael Gallimore - RB",,,,,"#87 Richard Medina - WR","#83 Paul Parson - WR","#15 Thomas Fernandes - WR",,,"#71 Billy Corgan - LT","#68 Andres Nash - RG","#79 Armando McDaniel - C","#53 William Jackson - RG","#58 Brian Marts - LT",,"#90 Lawrence Delrosario - LDE",,"#99 Gerald Taylor - DT",,"#78 Vernon Mincey - RDE","#56 Peter Vess - SLB","#98 John Trujillo - MLB","#51 Samuel Morrison - FS","#93 Phillip Johnson - WLB","#45 Ronald Baggett - CB","#25 Andrew Harry - CB",,,,"#27 Orlando Brown - CB","#38 Gordon Stanford - CB",,,,,,,,,,,,,,,,,,,,,,,,,,,,,,,,,,,,
OMS,6:35,"OMS 33",4,2,2,"Shotgun 2 RB 3 WR FL Drag","46 Normal Inside Blitz",-2,24,3,"2-2-OMS 33 (6:34) 9-Walton Smith pass complete to 31-Kurt Shoemaker to OMS 31 for -2 yards. Tackle by 45-Ronald Baggett. Great move by 31-Kurt Shoemaker to get free of his coverage.","#9 Walton Smith - QB","#31 Kurt Shoemaker - FB","#48 Michael Spiller - RB",,,,,"#84 Anthony Mistretta - WR","#19 Alejandro Gomez - WR","#83 Paul Parson - WR",,,"#71 Billy Corgan - LT","#68 Andres Nash - RG","#79 Armando McDaniel - C","#53 William Jackson - RG","#58 Brian Marts - LT",,"#90 Lawrence Delrosario - LDE",,"#94 John Fox - RDE","#72 Bobby Green - LDE","#78 Vernon Mincey - RDE","#56 Peter Vess - SLB","#98 John Trujillo - MLB",,"#93 Phillip Johnson - WLB","#45 Ronald Baggett - CB","#25 Andrew Harry - CB",,,,"#27 Orlando Brown - CB","#38 Gordon Stanford - CB",,,,,,,,,,,,,,,,,,,,,,,,,,,,,,,,,,,,
OMS,6:15,"OMS 31",4,3,4,"I Formation Power PA Flats","46 Normal Inside Blitz",,24,3,"3-4-OMS 31 (6:14) 9-Walton Smith pass complete to 45-Michael Gallimore to OMS 32 for a short gain. Tackle by 38-Gordon Stanford.","#9 Walton Smith - QB","#46 Aaron Dean - RB",,"#45 Michael Gallimore - RB","#31 Kurt Shoemaker - FB","#80 Willie Garcia - TE",,"#87 Richard Medina - WR",,,,,"#71 Billy Corgan - LT","#68 Andres Nash - RG","#79 Armando McDaniel - C","#53 William Jackson - RG","#58 Brian Marts - LT",,"#90 Lawrence Delrosario - LDE",,"#94 John Fox - RDE","#72 Bobby Green - LDE","#78 Vernon Mincey - RDE","#56 Peter Vess - SLB","#98 John Trujillo - MLB",,"#93 Phillip Johnson - WLB","#45 Ronald Baggett - CB","#25 Andrew Harry - CB",,,,"#27 Orlando Brown - CB","#38 Gordon Stanford - CB",,,,,,,,,,,,,,,,,,,,,,,,,,,,,,,,,,,,
OMS,5:55,"OMS 32",4,4,3,Punt,"Punt Return",,24,3,"4-3-OMS 32 (5:54) 7-Joshua Madden punts 49 yards to SUU 19. Fair Catch by 42-David Garcia.",,,,,,,,,,,,,,,,,,"#7 Joshua Madden - P",,,,,,,,,,,,,,,,,,,"#59 Michael Brooks - RT",,"#42 David Garcia - TE",,,"#57 Joseph Johnson - FS","#78 Vernon Mincey - RDE","#67 Nicholas Wiley - RDE",,"#51 Samuel Morrison - FS","#45 Ronald Baggett - CB",,"#25 Andrew Harry - CB",,,,"#58 Brian Marts - LT","#81 Paul McCaslin - TE","#71 Billy Corgan - LT","#66 Andrew Turner - RG","#52 James Funches - LT","#15 Thomas Fernandes - WR",,"#38 Gordon Stanford - CB","#52 Michael Parker - MLB","#48 Leo Bostwick - SS","#27 Orlando Brown - CB",,,,,,,
SUU,5:47,"SUU 19",4,1,10,"Singleback 4 Wide Post and Drag","Dime Normal FS Blitz",,24,3,"1-10-SUU 19 (5:48) 1-Kenneth Kulas pass incomplete, dropped by 28-Juan Hilburn. Pressure by 70-Robert Jackson.","#1 Kenneth Kulas - QB","#8 Thomas Miller - WR",,,,,,"#28 Juan Hilburn - WR","#88 Kenneth Knight - WR","#46 Chris Wilson - RB","#86 Jared Moreno - WR",,"#76 Raymond Alvarado - LT","#73 Dale Geisler - LG","#71 Eric Hancock - C","#54 Robert Stanley - RG","#79 Marcus King - RT",,"#77 Reginald Throckmorton - RDE",,"#63 Ian Burress - DT","#70 Robert Jackson - DT","#97 Paul Red - RDE",,"#50 Carl Blackburn - MLB",,,"#49 Don Fisher - CB","#34 Richard Dinardo - CB","#25 Isaac Burson - SS","#21 James Savarese - SS",,"#32 Rodney Hayne - SS","#28 Jason Orr - FS",,,,,,,,,,,,,,,,,,,,,,,,,,,,,,,,,,,,
SUU,5:43,"SUU 19",4,2,10,"I Formation 3WR HB Inside Strong","Nickel 3-3-5 Cover 2 Man Under",10,24,3,"2-10-SUU 19 (5:44) 8-Thomas Miller ran to SUU 30 for 10 yards. Tackle by 32-Rodney Hayne.","#1 Kenneth Kulas - QB","#8 Thomas Miller - WR",,,"#47 James Barrier - RB",,,"#28 Juan Hilburn - WR","#88 Kenneth Knight - WR","#46 Chris Wilson - RB",,,"#76 Raymond Alvarado - LT","#73 Dale Geisler - LG","#71 Eric Hancock - C","#54 Robert Stanley - RG","#79 Marcus King - RT",,"#77 Reginald Throckmorton - RDE",,"#72 James Neal - DT",,"#97 Paul Red - RDE","#54 Walter Dominguez - WLB","#51 Leo Morrison - MLB",,"#56 Andrew Chmielewski - WLB","#49 Don Fisher - CB","#34 Richard Dinardo - CB",,"#21 James Savarese - SS",,"#32 Rodney Hayne - SS","#39 Russell Charles - SS",,,,,,,,,,,,,,,,,,,,,,,,,,,,,,,,,,,,
SUU,5:02,"SUU 30",4,1,10,"Singleback 4 Wide Post and Curls","Dime Normal Double WR3",,24,3,"1-10-SUU 30 (5:01) 1-Kenneth Kulas pass incomplete, intended for 46-Chris Wilson. PENALTY - Pass Interference (OMS 49-Don Fisher)","#1 Kenneth Kulas - QB","#33 Norman Smith - RB",,,,,,"#28 Juan Hilburn - WR","#88 Kenneth Knight - WR","#46 Chris Wilson - RB","#86 Jared Moreno - WR",,"#76 Raymond Alvarado - LT","#73 Dale Geisler - LG","#71 Eric Hancock - C","#54 Robert Stanley - RG","#79 Marcus King - RT",,"#77 Reginald Throckmorton - RDE",,"#72 James Neal - DT","#63 Ian Burress - DT","#97 Paul Red - RDE",,"#50 Carl Blackburn - MLB",,,"#28 Jason Orr - FS","#49 Don Fisher - CB","#21 James Savarese - SS","#34 Richard Dinardo - CB",,"#25 Isaac Burson - SS","#39 Russell Charles - SS",,,,,,,,,,,,,,,,,,,,,,,,,,,,,,,,,,,,
SUU,4:56,"SUU 37",4,1,10,"Singleback Empty 4 Slot Crosses","Dime Normal Double WR3",-8,24,3,"1-10-SUU 37 (4:57) 1-Kenneth Kulas sacked at SUU 29 for -8 yards (72-James Neal). Sack allowed by 54-Robert Stanley.","#1 Kenneth Kulas - QB",,,,,"#80 Jeremy Grover - WR",,"#28 Juan Hilburn - WR","#88 Kenneth Knight - WR","#46 Chris Wilson - RB","#86 Jared Moreno - WR",,"#76 Raymond Alvarado - LT","#73 Dale Geisler - LG","#71 Eric Hancock - C","#54 Robert Stanley - RG","#79 Marcus King - RT",,"#77 Reginald Throckmorton - RDE",,"#72 James Neal - DT","#63 Ian Burress - DT","#97 Paul Red - RDE",,"#51 Leo Morrison - MLB",,,"#25 Isaac Burson - SS","#49 Don Fisher - CB","#21 James Savarese - SS","#34 Richard Dinardo - CB",,"#32 Rodney Hayne - SS","#28 Jason Orr - FS",,,,,,,,,,,,,,,,,,,,,,,,,,,,,,,,,,,,
SUU,4:14,"SUU 29",4,2,18,"I Formation Power HB Dive Weak","Goal Line Attack #2",3,24,3,"2-18-SUU 29 (4:13) 8-Thomas Miller ran to SUU 32 for 3 yards. Tackle by 72-James Neal.","#1 Kenneth Kulas - QB","#8 Thomas Miller - WR",,"#42 David Garcia - TE","#47 James Barrier - RB","#80 Jeremy Grover - WR",,"#28 Juan Hilburn - WR",,,,,"#76 Raymond Alvarado - LT","#73 Dale Geisler - LG","#71 Eric Hancock - C","#54 Robert Stanley - RG","#79 Marcus King - RT",,"#77 Reginald Throckmorton - RDE","#94 Shawn Santiago - LDE","#72 James Neal - DT","#63 Ian Burress - DT","#97 Paul Red - RDE","#54 Walter Dominguez - WLB","#50 Carl Blackburn - MLB",,"#56 Andrew Chmielewski - WLB","#32 Rodney Hayne - SS","#25 Isaac Burson - SS",,,,"#39 Russell Charles - SS",,,,,,,,,,,,,,,,,,,,,,,,,,,,,,,,,,,,,
SUU,3:40,"SUU 32",4,3,15,"I Formation Power HB Strong Outside","Goal Line 3 Deep Man",5,24,3,"3-15-SUU 32 (3:39) 8-Thomas Miller ran to SUU 37 for 5 yards. Tackle by 94-Shawn Santiago. 42-David Garcia missed that block completely.","#1 Kenneth Kulas - QB","#8 Thomas Miller - WR",,"#42 David Garcia - TE","#47 James Barrier - RB","#80 Jeremy Grover - WR",,"#28 Juan Hilburn - WR",,,,,"#76 Raymond Alvarado - LT","#73 Dale Geisler - LG","#71 Eric Hancock - C","#54 Robert Stanley - RG","#79 Marcus King - RT",,"#77 Reginald Throckmorton - RDE","#94 Shawn Santiago - LDE","#72 James Neal - DT","#63 Ian Burress - DT","#97 Paul Red - RDE","#54 Walter Dominguez - WLB","#50 Carl Blackburn - MLB",,"#56 Andrew Chmielewski - WLB","#32 Rodney Hayne - SS","#28 Jason Orr - FS",,,,"#39 Russell Charles - SS",,,,,,,,,,,,,,,,,,,,,,,,,,,,,,,,,,,,,
SUU,3:04,"SUU 37",4,4,10,Punt,"Punt Return",,24,3,"4-10-SUU 37 (3:03) 6-Howard Snow punts 40 yards to OMS 23. Fair Catch by 84-Anthony Mistretta.",,,,,,,,,,,,,,,,,,"#6 Howard Snow - P",,,,,,,,,,,,,,,,,,,"#74 Thomas Ferguson - LG",,"#84 Anthony Mistretta - WR",,,"#72 James Neal - DT","#50 Carl Blackburn - MLB","#73 Darrell Vose - DT",,"#94 Shawn Santiago - LDE","#97 Paul Red - RDE",,"#39 Russell Charles - SS",,,,"#79 Marcus King - RT","#73 Dale Geisler - LG","#46 Chris Wilson - RB","#76 Raymond Alvarado - LT","#42 David Garcia - TE","#55 Jacob Smith - C",,"#51 Leo Morrison - MLB","#34 Richard Dinardo - CB","#63 Ian Burress - DT","#56 Andrew Chmielewski - WLB",,,,,,,
OMS,2:55,"OMS 23",4,1,10,"Shotgun 2 RB 3 WR RB Curls","3-4 Normal Double Blitz",1,24,3,"1-10-OMS 23 (2:56) 9-Walton Smith pass complete to 15-Thomas Fernandes to OMS 24 for 1 yards. Tackle by 25-Andrew Harry. 15-Thomas Fernandes did some fancy footwork there. 25-Andrew Harry got away with a hold on that play.","#9 Walton Smith - QB","#46 Aaron Dean - RB","#45 Michael Gallimore - RB",,,,,"#87 Richard Medina - WR","#83 Paul Parson - WR","#15 Thomas Fernandes - WR",,,"#71 Billy Corgan - LT","#68 Andres Nash - RG","#79 Armando McDaniel - C","#53 William Jackson - RG","#58 Brian Marts - LT",,"#90 Lawrence Delrosario - LDE",,"#99 Gerald Taylor - DT",,"#78 Vernon Mincey - RDE","#56 Peter Vess - SLB","#98 John Trujillo - MLB","#51 Samuel Morrison - FS","#93 Phillip Johnson - WLB","#45 Ronald Baggett - CB","#25 Andrew Harry - CB",,,,"#27 Orlando Brown - CB","#38 Gordon Stanford - CB",,,,,,,,,,,,,,,,,,,,,,,,,,,,,,,,,,,,
OMS,2:36,"OMS 24",4,2,9,"I Formation Normal SE Post","46 Normal Outside Blitz",30,24,3,"2-9-OMS 24 (2:35) 9-Walton Smith pass complete to 48-Michael Spiller to SUU 46 for 30 yards.","#9 Walton Smith - QB","#31 Kurt Shoemaker - FB",,,"#48 Michael Spiller - RB","#80 Willie Garcia - TE",,"#84 Anthony Mistretta - WR",,"#19 Alejandro Gomez - WR",,,"#71 Billy Corgan - LT","#68 Andres Nash - RG","#79 Armando McDaniel - C","#64 Michael McNally - RG","#58 Brian Marts - LT",,"#90 Lawrence Delrosario - LDE",,"#99 Gerald Taylor - DT","#94 John Fox - RDE","#78 Vernon Mincey - RDE","#56 Peter Vess - SLB","#98 John Trujillo - MLB",,"#93 Phillip Johnson - WLB","#45 Ronald Baggett - CB","#25 Andrew Harry - CB",,,,"#27 Orlando Brown - CB","#38 Gordon Stanford - CB",,,,,,,,,,,,,,,,,,,,,,,,,,,,,,,,,,,,
OMS,2:27,"SUU 46",4,1,10,"Shotgun Normal Double Outs","3-4 Normal Double Blitz",3,24,3,"1-10-SUU 46 (2:28) 9-Walton Smith pass complete to 87-Richard Medina to SUU 44 for 3 yards. Tackle by 56-Peter Vess. 56-Peter Vess got away with a hold on that play.","#9 Walton Smith - QB","#31 Kurt Shoemaker - FB",,,,"#81 Paul McCaslin - TE",,"#15 Thomas Fernandes - WR","#87 Richard Medina - WR","#83 Paul Parson - WR",,,"#71 Billy Corgan - LT","#66 Andrew Turner - RG","#79 Armando McDaniel - C","#53 William Jackson - RG","#59 Michael Brooks - RT",,"#90 Lawrence Delrosario - LDE",,"#99 Gerald Taylor - DT",,"#78 Vernon Mincey - RDE","#56 Peter Vess - SLB","#98 John Trujillo - MLB","#51 Samuel Morrison - FS","#93 Phillip Johnson - WLB","#25 Andrew Harry - CB","#52 Michael Parker - MLB",,,,"#27 Orlando Brown - CB","#57 Joseph Johnson - FS",,,,,,,,,,,,,,,,,,,,,,,,,,,,,,,,,,,,
OMS,2:03,"SUU 44",4,2,7,"Shotgun 2 RB 3 WR RB Curls","3-4 Normal 4 Deep QB Spy",8,24,3,"2-7-SUU 44 (2:02) 9-Walton Smith pass complete to 45-Michael Gallimore to SUU 36 for 8 yards. Tackle by 98-John Trujillo.","#9 Walton Smith - QB","#46 Aaron Dean - RB","#45 Michael Gallimore - RB",,,,,"#83 Paul Parson - WR","#87 Richard Medina - WR","#19 Alejandro Gomez - WR",,,"#71 Billy Corgan - LT","#68 Andres Nash - RG","#79 Armando McDaniel - C","#64 Michael McNally - RG","#59 Michael Brooks - RT",,"#90 Lawrence Delrosario - LDE",,"#99 Gerald Taylor - DT",,"#78 Vernon Mincey - RDE","#56 Peter Vess - SLB","#98 John Trujillo - MLB","#51 Samuel Morrison - FS","#93 Phillip Johnson - WLB","#45 Ronald Baggett - CB","#52 Michael Parker - MLB",,,,"#27 Orlando Brown - CB","#38 Gordon Stanford - CB",,,,,,,,,,,,,,,,,,,,,,,,,,,,,,,,,,,,
,2:00,,4,1,10,,,,24,3,"Timeout for two minute warning.",,,,,,,,,,,,,,,,,,,,,,,,,,,,,,,,,,,,,,,,,,,,,,,,,,,,,,,,,,,,,,,,,,,,,,
OMS,1:59,"SUU 36",4,1,10,"I Formation Power PA Flats","46 Normal Outside Blitz",15,24,3,"1-10-SUU 36 (2:00) 9-Walton Smith pass complete to 80-Willie Garcia to SUU 21 for 15 yards. Tackle by 27-Orlando Brown. Nice job by 80-Willie Garcia on that route to lose his coverage.","#9 Walton Smith - QB","#31 Kurt Shoemaker - FB",,"#45 Michael Gallimore - RB","#46 Aaron Dean - RB","#80 Willie Garcia - TE",,"#15 Thomas Fernandes - WR",,,,,"#71 Billy Corgan - LT","#68 Andres Nash - RG","#79 Armando McDaniel - C","#53 William Jackson - RG","#58 Brian Marts - LT",,"#90 Lawrence Delrosario - LDE",,"#99 Gerald Taylor - DT","#94 John Fox - RDE","#78 Vernon Mincey - RDE","#49 Willard Cork - SS","#98 John Trujillo - MLB",,"#93 Phillip Johnson - WLB","#25 Andrew Harry - CB","#52 Michael Parker - MLB",,,,"#27 Orlando Brown - CB","#57 Joseph Johnson - FS",,,,,,,,,,,,,,,,,,,,,,,,,,,,,,,,,,,,
OMS,1:36,"SUU 21",4,1,10,"Shotgun 2 RB 3 WR WR Curl","3-4 Normal Double Blitz",3,24,3,"1-10-SUU 21 (1:35) 9-Walton Smith pass complete to 48-Michael Spiller to SUU 18 for 3 yards. Tackle by 27-Orlando Brown. 48-Michael Spiller made a great move on the CB.","#9 Walton Smith - QB","#48 Michael Spiller - RB","#46 Aaron Dean - RB",,,,,"#84 Anthony Mistretta - WR","#83 Paul Parson - WR","#87 Richard Medina - WR",,,"#71 Billy Corgan - LT","#68 Andres Nash - RG","#79 Armando McDaniel - C","#64 Michael McNally - RG","#59 Michael Brooks - RT",,"#90 Lawrence Delrosario - LDE",,"#99 Gerald Taylor - DT",,"#78 Vernon Mincey - RDE","#56 Peter Vess - SLB","#98 John Trujillo - MLB","#51 Samuel Morrison - FS","#93 Phillip Johnson - WLB","#45 Ronald Baggett - CB","#25 Andrew Harry - CB",,,,"#27 Orlando Brown - CB","#38 Gordon Stanford - CB",,,,,,,,,,,,,,,,,,,,,,,,,,,,,,,,,,,,
OMS,1:11,"SUU 18",4,2,7,"I Formation Normal PA Fullback Flat","46 Normal Inside Blitz",4,24,3,"2-7-SUU 18 (1:10) 9-Walton Smith pass complete to 81-Paul McCaslin to SUU 14 for 4 yards. Tackle by 38-Gordon Stanford. 81-Paul McCaslin made a great move on the CB.","#9 Walton Smith - QB","#48 Michael Spiller - RB",,,"#31 Kurt Shoemaker - FB","#81 Paul McCaslin - TE",,"#19 Alejandro Gomez - WR",,"#84 Anthony Mistretta - WR",,,"#71 Billy Corgan - LT","#68 Andres Nash - RG","#69 Wade Ervin - C","#53 William Jackson - RG","#59 Michael Brooks - RT",,"#90 Lawrence Delrosario - LDE",,"#99 Gerald Taylor - DT","#94 John Fox - RDE","#78 Vernon Mincey - RDE","#56 Peter Vess - SLB","#98 John Trujillo - MLB",,"#93 Phillip Johnson - WLB","#45 Ronald Baggett - CB","#52 Michael Parker - MLB",,,,"#51 Samuel Morrison - FS","#38 Gordon Stanford - CB",,,,,,,,,,,,,,,,,,,,,,,,,,,,,,,,,,,,
OMS,0:49,"SUU 14",4,3,3,"Goal Line Normal PA TE Drag","Goal Line Attack #3",-3,24,3,"3-3-SUU 14 (0:48) (Hot Read) 9-Walton Smith pass complete to 46-Aaron Dean to SUU 17 for -3 yards. Tackle by 90-Lawrence Delrosario. Pressure by 93-Phillip Johnson.","#9 Walton Smith - QB","#46 Aaron Dean - RB",,"#45 Michael Gallimore - RB","#31 Kurt Shoemaker - FB","#81 Paul McCaslin - TE","#80 Willie Garcia - TE",,,,,,"#71 Billy Corgan - LT","#68 Andres Nash - RG","#79 Armando McDaniel - C","#53 William Jackson - RG","#59 Michael Brooks - RT",,"#90 Lawrence Delrosario - LDE","#72 Bobby Green - LDE","#99 Gerald Taylor - DT","#94 John Fox - RDE","#78 Vernon Mincey - RDE","#56 Peter Vess - SLB","#98 John Trujillo - MLB",,"#93 Phillip Johnson - WLB","#45 Ronald Baggett - CB","#52 Michael Parker - MLB",,,,"#27 Orlando Brown - CB",,,,,,,,,,,,,,,,,,,,,,,,,,,,,,,,,,,,,
OMS,0:25,"SUU 17",4,4,6,"Field Goal","FG Block",27,24,3,"4-6-SUU 17 (0:24) 5-William Britton 35 yard field goal is NO GOOD. (Wide Right)",,,,,,,,,,,,,,,,,,,,,,,,,,,,,,,,,,,,"#9 Walton Smith - QB","#59 Michael Brooks - RT",,,,,,,,,,,,,,"#5 William Britton - K","#45 Michael Gallimore - RB","#15 Thomas Fernandes - WR","#58 Brian Marts - LT","#71 Billy Corgan - LT","#66 Andrew Turner - RG","#52 James Funches - LT","#81 Paul McCaslin - TE","#80 Willie Garcia - TE","#51 Samuel Morrison - FS","#52 Michael Parker - MLB","#48 Leo Bostwick - SS","#57 Joseph Johnson - FS","#75 Eddie Duncan - RDE","#99 Gerald Taylor - DT","#78 Vernon Mincey - RDE","#25 Andrew Harry - CB","#38 Gordon Stanford - CB","#27 Orlando Brown - CB","#67 Nicholas Wiley - RDE"
SUU,0:21,"SUU 24",4,1,10,"Singleback 4 Wide Post and Drag","Dime Normal Double WR3",,24,3,"1-10-SUU 24 (0:22) 2-Casey Chavez pass Pass knocked down by 34-Richard Dinardo. incomplete, intended for 86-Jared Moreno. Pressure by 63-Ian Burress. PENALTY - Holding (SUU 54-Robert Stanley)","#2 Casey Chavez - QB","#33 Norman Smith - RB",,,,,,"#88 Kenneth Knight - WR","#42 David Garcia - TE","#86 Jared Moreno - WR","#47 James Barrier - RB",,"#76 Raymond Alvarado - LT","#73 Dale Geisler - LG","#71 Eric Hancock - C","#54 Robert Stanley - RG","#79 Marcus King - RT",,"#77 Reginald Throckmorton - RDE",,"#72 James Neal - DT","#63 Ian Burress - DT","#97 Paul Red - RDE",,"#50 Carl Blackburn - MLB",,,"#49 Don Fisher - CB","#34 Richard Dinardo - CB","#32 Rodney Hayne - SS","#21 James Savarese - SS",,"#39 Russell Charles - SS","#28 Jason Orr - FS",,,,,,,,,,,,,,,,,,,,,,,,,,,,,,,,,,,,
SUU,0:17,"SUU 14",4,1,20,"Singleback Empty 4 TE Drag WR Mix","Dime Normal Double WR3",,24,3,"1-20-SUU 14 (0:18) 2-Casey Chavez pass incomplete, dropped by 86-Jared Moreno. The coverage on that play was extremely tight. Pressure by 70-Robert Jackson.","#2 Casey Chavez - QB",,,,,"#87 Larry Turner - TE",,"#88 Kenneth Knight - WR","#42 David Garcia - TE","#86 Jared Moreno - WR","#47 James Barrier - RB",,"#76 Raymond Alvarado - LT","#73 Dale Geisler - LG","#71 Eric Hancock - C","#54 Robert Stanley - RG","#79 Marcus King - RT",,"#94 Shawn Santiago - LDE",,"#72 James Neal - DT","#70 Robert Jackson - DT","#73 Darrell Vose - DT",,"#51 Leo Morrison - MLB",,,"#21 James Savarese - SS","#49 Don Fisher - CB","#32 Rodney Hayne - SS","#34 Richard Dinardo - CB",,"#39 Russell Charles - SS","#25 Isaac Burson - SS",,,,,,,,,,,,,,,,,,,,,,,,,,,,,,,,,,,,
SUU,0:13,"SUU 14",4,2,20,"I Formation 3WR HB Inside Strong","Nickel 3-3-5 Cover 2 Man Under",6,24,3,"2-20-SUU 14 (0:14) 33-Norman Smith ran to SUU 20 for 6 yards. Tackle by 56-Andrew Chmielewski.","#2 Casey Chavez - QB","#33 Norman Smith - RB",,,"#47 James Barrier - RB",,,"#88 Kenneth Knight - WR","#42 David Garcia - TE","#86 Jared Moreno - WR",,,"#76 Raymond Alvarado - LT","#73 Dale Geisler - LG","#71 Eric Hancock - C","#54 Robert Stanley - RG","#79 Marcus King - RT",,"#77 Reginald Throckmorton - RDE",,"#72 James Neal - DT",,"#97 Paul Red - RDE","#54 Walter Dominguez - WLB","#50 Carl Blackburn - MLB",,"#56 Andrew Chmielewski - WLB","#28 Jason Orr - FS","#32 Rodney Hayne - SS",,"#49 Don Fisher - CB",,"#39 Russell Charles - SS","#25 Isaac Burson - SS",,,,,,,,,,,,,,,,,,,,,,,,,,,,,,,,,,,,
,0:11,,4,3,14,,,,24,3,"Timeout OMS",,,,,,,,,,,,,,,,,,,,,,,,,,,,,,,,,,,,,,,,,,,,,,,,,,,,,,,,,,,,,,,,,,,,,,
SUU,0:09,"SUU 20",4,3,14,"I Formation Power HB Draw","Goal Line 3 Deep Man",2,24,3,"3-14-SUU 20 (0:10) 33-Norman Smith ran to SUU 21 for 2 yards. Tackle by 77-Reginald Throckmorton.","#2 Casey Chavez - QB","#33 Norman Smith - RB",,"#42 David Garcia - TE","#47 James Barrier - RB","#87 Larry Turner - TE",,"#88 Kenneth Knight - WR",,,,,"#76 Raymond Alvarado - LT","#73 Dale Geisler - LG","#71 Eric Hancock - C","#54 Robert Stanley - RG","#79 Marcus King - RT",,"#77 Reginald Throckmorton - RDE","#94 Shawn Santiago - LDE","#72 James Neal - DT","#63 Ian Burress - DT","#97 Paul Red - RDE","#54 Walter Dominguez - WLB","#50 Carl Blackburn - MLB",,"#56 Andrew Chmielewski - WLB","#34 Richard Dinardo - CB","#28 Jason Orr - FS",,,,"#21 James Savarese - SS",,,,,,,,,,,,,,,,,,,,,,,,,,,,,,,,,,,,,
,0:08,,4,4,13,,,,24,3,"Timeout OMS",,,,,,,,,,,,,,,,,,,,,,,,,,,,,,,,,,,,,,,,,,,,,,,,,,,,,,,,,,,,,,,,,,,,,,
SUU,0:04,"SUU 21",4,4,13,Punt,"Punt Return",,24,3,"4-13-SUU 21 (0:05) 6-Howard Snow punts 43 yards to OMS 36. Fair Catch by 84-Anthony Mistretta.",,,,,,,,,,,,,,,,,,"#6 Howard Snow - P",,,,,,,,,,,,,,,,,,,"#74 Thomas Ferguson - LG",,"#84 Anthony Mistretta - WR",,,"#73 Darrell Vose - DT","#28 Jason Orr - FS","#39 Russell Charles - SS",,"#94 Shawn Santiago - LDE","#97 Paul Red - RDE",,"#50 Carl Blackburn - MLB",,,,"#55 Jacob Smith - C","#79 Marcus King - RT","#76 Raymond Alvarado - LT","#42 David Garcia - TE","#73 Dale Geisler - LG","#71 Eric Hancock - C",,"#56 Andrew Chmielewski - WLB","#34 Richard Dinardo - CB","#72 James Neal - DT","#63 Ian Burress - DT",,,,,,,
,0:00,,4,1,10,,,,24,3,"End of fourth quarter.",,,,,,,,,,,,,,,,,,,,,,,,,,,,,,,,,,,,,,,,,,,,,,,,,,,,,,,,,,,,,,,,,,,,,,
