HasBall,"Game Clock","Ball @",Quarter,Down,YTG,OffensivePlay,DefensivePlay,YardsGained,"Home Score","Away Score",Text,QB1,RB1,RB2,FB2,FB1,TE1,TE2,WR1,WR3,WR2,WR4,WR5,LT1,LG1,C1,RG1,RT1,P1,LDE1,LDE2,DT1,DT2,RDE1,SLB1,MLB1,MLB2,WLB1,CB1,CB2,CB4,CB3,CB5,SS1,FS1,FS2,"Kick Holder1","Long Snapper1","Kick Returner1","Punt Returner1",Gunner10,Gunner7,Gunner2,Gunner6,Gunner1,Gunner8,Gunner3,Gunner4,Gunner9,Gunner5,Kickoffs1,"Field Goal Kicker1","ST Blocker8","ST Blocker5","ST Blocker4","ST Blocker1","ST Blocker2","ST Blocker3","ST Blocker6","ST Blocker7","ST Rusher4","ST Rusher1","ST Rusher2","ST Rusher3","ST Rusher11","ST Rusher10","ST Rusher9","ST Rusher6","ST Rusher5","ST Rusher7","ST Rusher8"
,15:00,,1,4,4,,,,0,0,"OMS has won the toss and elected to receive.",,,,,,,,,,,,,,,,,,,,,,,,,,,,,,,,,,,,,,,,,,,,,,,,,,,,,,,,,,,,,,,,,,,,,,
OIT,15:00,"OIT 35",1,6,10,Kickoff,"Kick Return",,0,0,"(15:00) 14-Richard Byrd kicks 68 yards from OIT 35 to OMS -3. 22-Christopher Stewart to OMS 20 for 24 yards. Tackle by 42-Ronald Rooney.",,,,,,,,,,,,,,,,,,,,,,,,,,,,,,,,,,,,,,"#22 Christopher Stewart - CB",,"#56 Andrew Chmielewski - WLB","#39 Russell Charles - SS","#27 Victor Anderson - SS","#97 Paul Red - RDE","#98 Gregory King - WLB","#94 Shawn Santiago - LDE","#73 Darrell Vose - DT","#99 Vincent Sosa - SLB","#62 Spare Tire Dixon - RDE","#34 Richard Dinardo - CB","#14 Richard Byrd - K",,,,,,,,,,,,,,,,,,,,
OMS,14:56,"OMS 20",1,1,10,"Goal Line Normal HB Off Tackle","4-3 Normal OLB Blitz Inside",2,0,0,"1-10-OMS 20 (14:57) 26-Edgardo Bradshaw ran to OMS 23 for 2 yards. Tackle by 64-Julian Work.","#9 Walton Smith - QB","#26 Edgardo Bradshaw - RB",,"#46 Aaron Dean - RB","#31 Kurt Shoemaker - FB","#80 Willie Garcia - TE","#81 Paul McCaslin - TE",,,,,,"#71 Billy Corgan - LT","#68 Andres Nash - RG","#57 Tommy Johnson - C","#53 William Jackson - RG","#59 Edward Dunn - RT",,"#64 Julian Work - LDE",,"#96 Terry Numbers - DT","#62 Shawn Olson - DT","#73 Willie Larmon - RDE","#90 Jonathan Brown - SLB","#51 James Minter - MLB",,"#91 Harold Cohen - WLB","#30 Jose Albarran - CB","#41 Jason Bush - CB",,,,"#28 Evan Williams - SS","#32 Eric Roberts - FS",,,,,,,,,,,,,,,,,,,,,,,,,,,,,,,,,,,,
OMS,14:25,"OMS 23",1,2,8,"I Formation Normal HB Draw","4-3 Normal OLB Blitz Inside",7,0,0,"2-8-OMS 23 (14:24) 26-Edgardo Bradshaw ran to OMS 30 for 7 yards. Tackle by 28-Evan Williams.","#9 Walton Smith - QB","#26 Edgardo Bradshaw - RB",,,"#31 Kurt Shoemaker - FB","#80 Willie Garcia - TE",,"#15 Thomas Fernandes - WR",,"#83 Paul Parson - WR",,,"#71 Billy Corgan - LT","#68 Andres Nash - RG","#57 Tommy Johnson - C","#53 William Jackson - RG","#59 Edward Dunn - RT",,"#64 Julian Work - LDE",,"#96 Terry Numbers - DT","#62 Shawn Olson - DT","#73 Willie Larmon - RDE","#90 Jonathan Brown - SLB","#51 James Minter - MLB",,"#91 Harold Cohen - WLB","#42 Ronald Rooney - CB","#27 Christopher McQueen - CB",,,,"#28 Evan Williams - SS","#32 Eric Roberts - FS",,,,,,,,,,,,,,,,,,,,,,,,,,,,,,,,,,,,
OMS,13:47,"OMS 30",1,3,1,"Goal Line Normal HB Off Tackle","Nickel Normal Double WR3",2,0,0,"3-1-OMS 30 (13:46) 48-Michael Spiller ran to OMS 32 for 2 yards. Tackle by 64-Julian Work. 80-Willie Garcia completely missed his blocking assignment.","#9 Walton Smith - QB","#48 Michael Spiller - RB",,"#46 Aaron Dean - RB","#31 Kurt Shoemaker - FB","#80 Willie Garcia - TE","#81 Paul McCaslin - TE",,,,,,"#71 Billy Corgan - LT","#68 Andres Nash - RG","#57 Tommy Johnson - C","#53 William Jackson - RG","#59 Edward Dunn - RT",,"#64 Julian Work - LDE",,"#96 Terry Numbers - DT","#62 Shawn Olson - DT","#73 Willie Larmon - RDE",,"#90 Jonathan Brown - SLB",,"#91 Harold Cohen - WLB","#42 Ronald Rooney - CB","#27 Christopher McQueen - CB",,"#30 Jose Albarran - CB",,"#28 Evan Williams - SS","#32 Eric Roberts - FS",,,,,,,,,,,,,,,,,,,,,,,,,,,,,,,,,,,,
OMS,13:03,"OMS 32",1,1,10,"I Formation Normal HB Blast","4-3 Normal Man QB Spy",4,0,0,"1-10-OMS 32 (13:02) 26-Edgardo Bradshaw ran to OMS 36 for 4 yards. Tackle by 28-Evan Williams.","#9 Walton Smith - QB","#26 Edgardo Bradshaw - RB",,,"#31 Kurt Shoemaker - FB","#80 Willie Garcia - TE",,"#15 Thomas Fernandes - WR",,"#83 Paul Parson - WR",,,"#71 Billy Corgan - LT","#68 Andres Nash - RG","#57 Tommy Johnson - C","#53 William Jackson - RG","#59 Edward Dunn - RT",,"#64 Julian Work - LDE",,"#96 Terry Numbers - DT","#62 Shawn Olson - DT","#73 Willie Larmon - RDE","#90 Jonathan Brown - SLB","#51 James Minter - MLB",,"#91 Harold Cohen - WLB","#42 Ronald Rooney - CB","#27 Christopher McQueen - CB",,,,"#28 Evan Williams - SS","#32 Eric Roberts - FS",,,,,,,,,,,,,,,,,,,,,,,,,,,,,,,,,,,,
OMS,12:27,"OMS 36",1,2,6,"I Formation Power HB Draw","46 Heavy 2 Deep Man Under",2,0,0,"2-6-OMS 36 (12:26) 48-Michael Spiller ran to OMS 38 for 2 yards. Tackle by 96-Terry Numbers.","#9 Walton Smith - QB","#48 Michael Spiller - RB",,"#46 Aaron Dean - RB","#31 Kurt Shoemaker - FB","#80 Willie Garcia - TE",,"#15 Thomas Fernandes - WR",,,,,"#71 Billy Corgan - LT","#68 Andres Nash - RG","#57 Tommy Johnson - C","#53 William Jackson - RG","#59 Edward Dunn - RT",,"#64 Julian Work - LDE",,"#96 Terry Numbers - DT","#62 Shawn Olson - DT","#73 Willie Larmon - RDE","#90 Jonathan Brown - SLB","#51 James Minter - MLB",,"#91 Harold Cohen - WLB","#42 Ronald Rooney - CB","#27 Christopher McQueen - CB",,,,"#28 Evan Williams - SS","#32 Eric Roberts - FS",,,,,,,,,,,,,,,,,,,,,,,,,,,,,,,,,,,,
OMS,11:50,"OMS 38",1,3,4,"Shotgun 2 RB 3 WR WR Curl","Nickel Normal Double WR2",,0,0,"3-4-OMS 38 (11:49) PENALTY - False Start (OMS 71-Billy Corgan)","#9 Walton Smith - QB","#26 Edgardo Bradshaw - RB","#48 Michael Spiller - RB",,,,,"#15 Thomas Fernandes - WR","#87 Richard Medina - WR","#83 Paul Parson - WR",,,"#71 Billy Corgan - LT","#68 Andres Nash - RG","#57 Tommy Johnson - C","#53 William Jackson - RG","#59 Edward Dunn - RT",,"#64 Julian Work - LDE",,"#96 Terry Numbers - DT","#62 Shawn Olson - DT","#73 Willie Larmon - RDE",,"#90 Jonathan Brown - SLB",,"#91 Harold Cohen - WLB","#42 Ronald Rooney - CB","#27 Christopher McQueen - CB",,"#30 Jose Albarran - CB",,"#28 Evan Williams - SS","#32 Eric Roberts - FS",,,,,,,,,,,,,,,,,,,,,,,,,,,,,,,,,,,,
OMS,11:48,"OMS 33",1,3,9,"Shotgun 2 RB 3 WR FL Drag","Nickel Normal Double WR2",,0,0,"3-9-OMS 33 (11:49) PENALTY - False Start (OMS 71-Billy Corgan)","#9 Walton Smith - QB","#26 Edgardo Bradshaw - RB","#48 Michael Spiller - RB",,,,,"#15 Thomas Fernandes - WR","#87 Richard Medina - WR","#83 Paul Parson - WR",,,"#71 Billy Corgan - LT","#68 Andres Nash - RG","#57 Tommy Johnson - C","#53 William Jackson - RG","#59 Edward Dunn - RT",,"#64 Julian Work - LDE",,"#96 Terry Numbers - DT","#62 Shawn Olson - DT","#73 Willie Larmon - RDE",,"#90 Jonathan Brown - SLB",,"#91 Harold Cohen - WLB","#42 Ronald Rooney - CB","#27 Christopher McQueen - CB",,"#30 Jose Albarran - CB",,"#28 Evan Williams - SS","#32 Eric Roberts - FS",,,,,,,,,,,,,,,,,,,,,,,,,,,,,,,,,,,,
OMS,11:48,"OMS 28",1,3,14,"Shotgun 2 RB 3 WR FB In","Dime Normal Man Cover 1",-10,0,0,"3-14-OMS 28 (11:49) 9-Walton Smith sacked at OMS 19 for -10 yards (96-Terry Numbers). Sack allowed by 53-William Jackson. 53-William Jackson was caught flat-footed on this play.","#9 Walton Smith - QB","#26 Edgardo Bradshaw - RB","#48 Michael Spiller - RB",,,,,"#15 Thomas Fernandes - WR","#87 Richard Medina - WR","#83 Paul Parson - WR",,,"#71 Billy Corgan - LT","#68 Andres Nash - RG","#57 Tommy Johnson - C","#53 William Jackson - RG","#59 Edward Dunn - RT",,"#64 Julian Work - LDE",,"#96 Terry Numbers - DT","#62 Shawn Olson - DT","#73 Willie Larmon - RDE",,"#51 James Minter - MLB",,,"#42 Ronald Rooney - CB","#27 Christopher McQueen - CB","#41 Jason Bush - CB","#30 Jose Albarran - CB",,"#28 Evan Williams - SS","#32 Eric Roberts - FS",,,,,,,,,,,,,,,,,,,,,,,,,,,,,,,,,,,,
OMS,11:06,"OMS 19",1,4,24,Punt,"Punt Return",,0,0,"4-24-OMS 19 (11:05) 11-Rene Johnson punts 53 yards to OIT 29. Fair Catch by 13-Scott Nair.",,,,,,,,,,,,,,,,,,"#11 Rene Johnson - P",,,,,,,,,,,,,,,,,,,"#57 Tommy Johnson - C",,"#13 Scott Nair - WR",,,"#27 Christopher McQueen - CB","#96 Terry Numbers - DT","#91 Harold Cohen - WLB",,"#28 Evan Williams - SS","#90 Jonathan Brown - SLB",,"#30 Jose Albarran - CB",,,,"#80 Willie Garcia - TE","#66 Andrew Turner - RG","#59 Edward Dunn - RT","#71 Billy Corgan - LT","#52 James Funches - LT","#81 Paul McCaslin - TE",,"#95 Richard Lusk - RDE","#51 James Minter - MLB","#64 Julian Work - LDE","#73 Willie Larmon - RDE",,,,,,,
OIT,10:58,"OIT 29",1,1,10,"Shotgun Normal HB Flare","Nickel Normal Prevent",,0,0,"1-10-OIT 29 (10:59) 7-Basil Fisher pass Pass knocked down by 43-Milton Earley. incomplete, intended for 13-Scott Nair.","#7 Basil Fisher - QB","#25 Thomas Freed - RB",,,,"#84 William Alderson - TE",,"#10 Perry Stickler - WR","#88 Melvin Alexander - WR","#13 Scott Nair - WR",,,"#75 Robert England - LT","#60 Michael Shipp - LG","#74 Charles Ross - C","#66 Charles Shattuck - RG","#56 Micheal Torres - RT",,"#94 Shawn Santiago - LDE",,"#70 Robert Jackson - DT","#73 Darrell Vose - DT","#62 Spare Tire Dixon - RDE",,"#50 Carl Blackburn - MLB",,"#56 Andrew Chmielewski - WLB","#41 Elliott Lopez - CB","#34 Richard Dinardo - CB",,"#43 Milton Earley - CB",,"#39 Russell Charles - SS","#37 Tom Morello - FS",,,,,,,,,,,,,,,,,,,,,,,,,,,,,,,,,,,,
OIT,10:54,"OIT 29",1,2,10,"Shotgun Normal Double Outs","Nickel Normal Prevent",,0,0,"2-10-OIT 29 (10:55) 7-Basil Fisher pass complete to 88-Melvin Alexander to OIT 35 for 6 yards. 88-Melvin Alexander FUMBLES (34-Richard Dinardo) recovered by OMS-41-Elliott Lopez to OIT 13 for 22 yards.","#7 Basil Fisher - QB","#25 Thomas Freed - RB",,,,"#84 William Alderson - TE",,"#10 Perry Stickler - WR","#88 Melvin Alexander - WR","#13 Scott Nair - WR",,,"#75 Robert England - LT","#60 Michael Shipp - LG","#74 Charles Ross - C","#66 Charles Shattuck - RG","#56 Micheal Torres - RT",,"#94 Shawn Santiago - LDE",,"#70 Robert Jackson - DT","#73 Darrell Vose - DT","#62 Spare Tire Dixon - RDE",,"#51 Leo Morrison - MLB",,"#55 Jeremy Hannon - WLB","#22 Christopher Stewart - CB","#41 Elliott Lopez - CB",,"#34 Richard Dinardo - CB",,"#21 James Savarese - SS","#27 Victor Anderson - SS",,,,,,,,,,,,,,,,,,,,,,,,,,,,,,,,,,,,
OMS,10:46,"OIT 13",1,1,10,"I Formation Power HB Strong Outside","4-3 Normal WLB MLB Blitz",3,0,0,"1-10-OIT 13 (10:47) 26-Edgardo Bradshaw ran to OIT 10 for 3 yards. Tackle by 32-Eric Roberts.","#9 Walton Smith - QB","#26 Edgardo Bradshaw - RB",,"#46 Aaron Dean - RB","#31 Kurt Shoemaker - FB","#80 Willie Garcia - TE",,"#15 Thomas Fernandes - WR",,,,,"#71 Billy Corgan - LT","#68 Andres Nash - RG","#57 Tommy Johnson - C","#53 William Jackson - RG","#59 Edward Dunn - RT",,"#64 Julian Work - LDE",,"#96 Terry Numbers - DT","#62 Shawn Olson - DT","#73 Willie Larmon - RDE","#90 Jonathan Brown - SLB","#51 James Minter - MLB",,"#91 Harold Cohen - WLB","#42 Ronald Rooney - CB","#27 Christopher McQueen - CB",,,,"#28 Evan Williams - SS","#32 Eric Roberts - FS",,,,,,,,,,,,,,,,,,,,,,,,,,,,,,,,,,,,
OMS,10:13,"OIT 10",1,2,7,"Shotgun 2 RB 3 WR RB Curls","Nickel 3-3-5 Cover 2 Man Under",8,0,0,"2-7-OIT 10 (10:12) 9-Walton Smith pass complete to 83-Paul Parson to OIT 2 for 8 yards. Tackle by 27-Christopher McQueen. PENALTY - Pass Interference (OIT 27-Christopher McQueen) (Declined)","#9 Walton Smith - QB","#48 Michael Spiller - RB","#42 Arthur Cassady - RB",,,,,"#15 Thomas Fernandes - WR","#87 Richard Medina - WR","#83 Paul Parson - WR",,,"#71 Billy Corgan - LT","#68 Andres Nash - RG","#57 Tommy Johnson - C","#53 William Jackson - RG","#59 Edward Dunn - RT",,"#64 Julian Work - LDE",,"#96 Terry Numbers - DT",,"#73 Willie Larmon - RDE","#90 Jonathan Brown - SLB","#51 James Minter - MLB",,"#91 Harold Cohen - WLB","#42 Ronald Rooney - CB","#27 Christopher McQueen - CB",,"#30 Jose Albarran - CB",,"#28 Evan Williams - SS","#32 Eric Roberts - FS",,,,,,,,,,,,,,,,,,,,,,,,,,,,,,,,,,,,
OMS,10:07,"OIT 2",1,1,2,"I Formation Normal FL Hook","4-3 Under Crash Right",-2,0,0,"1-2-OIT 2 (10:08) 9-Walton Smith pass complete to 26-Edgardo Bradshaw to OIT 4 for -2 yards. Tackle by 27-Christopher McQueen.","#9 Walton Smith - QB","#26 Edgardo Bradshaw - RB",,,"#31 Kurt Shoemaker - FB","#80 Willie Garcia - TE",,"#10 Michael Hecker - WR",,"#84 Anthony Mistretta - WR",,,"#71 Billy Corgan - LT","#68 Andres Nash - RG","#57 Tommy Johnson - C","#53 William Jackson - RG","#59 Edward Dunn - RT",,"#64 Julian Work - LDE",,"#96 Terry Numbers - DT","#62 Shawn Olson - DT","#73 Willie Larmon - RDE","#90 Jonathan Brown - SLB","#51 James Minter - MLB",,"#91 Harold Cohen - WLB","#42 Ronald Rooney - CB","#27 Christopher McQueen - CB",,,,"#28 Evan Williams - SS","#32 Eric Roberts - FS",,,,,,,,,,,,,,,,,,,,,,,,,,,,,,,,,,,,
OMS,9:34,"OIT 4",1,2,4,"Shotgun 2 RB 3 WR FL Drag","Nickel 3-3-5 Cover 2 Man Under",1,0,0,"2-4-OIT 4 (9:33) 9-Walton Smith pass complete to 42-Arthur Cassady to OIT 3 for 1 yards. Tackle by 30-Jose Albarran.","#9 Walton Smith - QB","#42 Arthur Cassady - RB","#46 Aaron Dean - RB",,,,,"#83 Paul Parson - WR","#15 Thomas Fernandes - WR","#87 Richard Medina - WR",,,"#71 Billy Corgan - LT","#68 Andres Nash - RG","#57 Tommy Johnson - C","#53 William Jackson - RG","#59 Edward Dunn - RT",,"#64 Julian Work - LDE",,"#96 Terry Numbers - DT",,"#73 Willie Larmon - RDE","#90 Jonathan Brown - SLB","#51 James Minter - MLB",,"#91 Harold Cohen - WLB","#42 Ronald Rooney - CB","#27 Christopher McQueen - CB",,"#30 Jose Albarran - CB",,"#28 Evan Williams - SS","#32 Eric Roberts - FS",,,,,,,,,,,,,,,,,,,,,,,,,,,,,,,,,,,,
OMS,8:50,"OIT 3",1,3,3,"Goal Line Normal HB Weak","4-3 Normal Double WR3",4,6,0,"3-3-OIT 3 (8:49) 48-Michael Spiller ran for 3 yards. TOUCHDOWN! OMS 6 OIT 0","#9 Walton Smith - QB","#48 Michael Spiller - RB",,"#46 Aaron Dean - RB","#31 Kurt Shoemaker - FB","#80 Willie Garcia - TE","#81 Paul McCaslin - TE",,,,,,"#71 Billy Corgan - LT","#68 Andres Nash - RG","#57 Tommy Johnson - C","#53 William Jackson - RG","#59 Edward Dunn - RT",,"#64 Julian Work - LDE",,"#96 Terry Numbers - DT","#62 Shawn Olson - DT","#73 Willie Larmon - RDE","#90 Jonathan Brown - SLB","#51 James Minter - MLB",,"#91 Harold Cohen - WLB","#42 Ronald Rooney - CB","#30 Jose Albarran - CB",,,,"#28 Evan Williams - SS","#32 Eric Roberts - FS",,,,,,,,,,,,,,,,,,,,,,,,,,,,,,,,,,,,
OMS,8:46,"OIT 15",1,7,15,"Field Goal","FG Block",25,7,0,"(8:47) Extra point GOOD by 7-Charles Parkman. OMS 7 OIT 0",,,,,,,,,,,,,,,,,,,,,,,,,,,,,,,,,,,,"#9 Walton Smith - QB","#59 Edward Dunn - RT",,,,,,,,,,,,,,"#7 Charles Parkman - K","#68 Andres Nash - RG","#80 Willie Garcia - TE","#66 Andrew Turner - RG","#57 Tommy Johnson - C","#71 Billy Corgan - LT","#52 James Funches - LT","#81 Paul McCaslin - TE","#46 Aaron Dean - RB","#95 Richard Lusk - RDE","#51 James Minter - MLB","#64 Julian Work - LDE","#73 Willie Larmon - RDE","#92 Jordan White - RDE","#62 Shawn Olson - DT","#28 Evan Williams - SS","#96 Terry Numbers - DT","#54 Michael Duncan - SLB","#90 Jonathan Brown - SLB","#30 Jose Albarran - CB"
OMS,8:46,"OMS 35",1,6,10,Kickoff,"Kick Return",,7,0,"(8:47) 7-Charles Parkman kicks 75 yards from OMS 35 to OIT -10. Touchback.",,,,,,,,,,,,,,,,,,,,,,,,,,,,,,,,,,,,,,"#25 Thomas Freed - RB",,"#27 Christopher McQueen - CB","#51 James Minter - MLB","#28 Evan Williams - SS","#42 Ronald Rooney - CB","#91 Harold Cohen - WLB","#64 Julian Work - LDE","#30 Jose Albarran - CB","#96 Terry Numbers - DT","#54 Michael Duncan - SLB","#73 Willie Larmon - RDE","#7 Charles Parkman - K",,,,,,,,,,,,,,,,,,,,
OIT,8:46,"OIT 25",1,1,10,"Shotgun Normal Double Outs","Nickel Normal SS Blitz",1,7,0,"1-10-OIT 25 (8:47) 7-Basil Fisher pass complete to 10-Perry Stickler to OIT 26 for 1 yards. Tackle by 41-Elliott Lopez.","#7 Basil Fisher - QB","#25 Thomas Freed - RB",,,,"#84 William Alderson - TE",,"#10 Perry Stickler - WR","#88 Melvin Alexander - WR","#13 Scott Nair - WR",,,"#75 Robert England - LT","#60 Michael Shipp - LG","#74 Charles Ross - C","#66 Charles Shattuck - RG","#56 Micheal Torres - RT",,"#94 Shawn Santiago - LDE",,"#70 Robert Jackson - DT","#73 Darrell Vose - DT","#62 Spare Tire Dixon - RDE",,"#50 Carl Blackburn - MLB",,"#56 Andrew Chmielewski - WLB","#41 Elliott Lopez - CB","#43 Milton Earley - CB",,"#22 Christopher Stewart - CB",,"#21 James Savarese - SS","#37 Tom Morello - FS",,,,,,,,,,,,,,,,,,,,,,,,,,,,,,,,,,,,
OIT,8:13,"OIT 26",1,2,9,"Weak I Normal Fullback Counter Weak","4-3 Normal WLB Outside Blitz",-1,7,0,"2-9-OIT 26 (8:12) 37-Michael Land ran to OIT 25 for -1 yards. Tackle by 73-Darrell Vose. OMS 73-Darrell Vose was injured on the play. He looks like he should be able to return.","#7 Basil Fisher - QB","#25 Thomas Freed - RB",,,"#37 Michael Land - FB","#84 William Alderson - TE",,"#10 Perry Stickler - WR",,"#88 Melvin Alexander - WR",,,"#75 Robert England - LT","#60 Michael Shipp - LG","#74 Charles Ross - C","#66 Charles Shattuck - RG","#56 Micheal Torres - RT",,"#98 Gregory King - WLB",,"#70 Robert Jackson - DT","#62 Spare Tire Dixon - RDE","#73 Darrell Vose - DT","#99 Vincent Sosa - SLB","#50 Carl Blackburn - MLB",,"#56 Andrew Chmielewski - WLB","#41 Elliott Lopez - CB","#43 Milton Earley - CB",,,,"#21 James Savarese - SS","#37 Tom Morello - FS",,,,,,,,,,,,,,,,,,,,,,,,,,,,,,,,,,,,
OIT,7:31,"OIT 25",1,3,10,"I Formation 3WR HB Inside Strong","Nickel Normal Prevent",12,7,0,"3-10-OIT 25 (7:30) 25-Thomas Freed ran to OIT 37 for 12 yards. Tackle by 27-Victor Anderson. OMS 27-Victor Anderson was injured on the play. He looks like he should be able to return.","#7 Basil Fisher - QB","#25 Thomas Freed - RB",,,"#37 Michael Land - FB",,,"#10 Perry Stickler - WR","#13 Scott Nair - WR","#88 Melvin Alexander - WR",,,"#75 Robert England - LT","#60 Michael Shipp - LG","#74 Charles Ross - C","#66 Charles Shattuck - RG","#56 Micheal Torres - RT",,"#94 Shawn Santiago - LDE",,"#70 Robert Jackson - DT","#97 Paul Red - RDE","#62 Spare Tire Dixon - RDE",,"#50 Carl Blackburn - MLB",,"#56 Andrew Chmielewski - WLB","#22 Christopher Stewart - CB","#41 Elliott Lopez - CB",,"#34 Richard Dinardo - CB",,"#39 Russell Charles - SS","#27 Victor Anderson - SS",,,,,,,,,,,,,,,,,,,,,,,,,,,,,,,,,,,,
OIT,6:55,"OIT 37",1,1,10,"I Formation Normal Strong Flood","4-3 Under Double LB Blitz",,7,0,"1-10-OIT 37 (6:54) 7-Basil Fisher pass Pass knocked down by 22-Christopher Stewart. incomplete, intended for 84-William Alderson. OMS 56-Andrew Chmielewski was injured on the play. He looks like he should be able to return.","#7 Basil Fisher - QB","#25 Thomas Freed - RB",,,"#37 Michael Land - FB","#84 William Alderson - TE",,"#10 Perry Stickler - WR",,"#88 Melvin Alexander - WR",,,"#75 Robert England - LT","#60 Michael Shipp - LG","#74 Charles Ross - C","#66 Charles Shattuck - RG","#56 Micheal Torres - RT",,"#94 Shawn Santiago - LDE",,"#70 Robert Jackson - DT","#97 Paul Red - RDE","#62 Spare Tire Dixon - RDE","#99 Vincent Sosa - SLB","#50 Carl Blackburn - MLB",,"#56 Andrew Chmielewski - WLB","#22 Christopher Stewart - CB","#43 Milton Earley - CB",,,,"#39 Russell Charles - SS","#37 Tom Morello - FS",,,,,,,,,,,,,,,,,,,,,,,,,,,,,,,,,,,,
OIT,6:50,"OIT 37",1,2,10,"Singleback Slot Strong TE Corner","Nickel 3-3-5 Cover 2 Man Under",13,7,0,"2-10-OIT 37 (6:51) 7-Basil Fisher pass complete to 13-Scott Nair to OMS 49 for 13 yards. Tackle by 21-James Savarese. 13-Scott Nair breaks down the CB.","#7 Basil Fisher - QB","#29 Richard Honaker - RB",,,,"#84 William Alderson - TE",,"#13 Scott Nair - WR","#88 Melvin Alexander - WR","#10 Perry Stickler - WR",,,"#75 Robert England - LT","#60 Michael Shipp - LG","#74 Charles Ross - C","#66 Charles Shattuck - RG","#56 Micheal Torres - RT",,"#94 Shawn Santiago - LDE",,"#70 Robert Jackson - DT",,"#62 Spare Tire Dixon - RDE","#99 Vincent Sosa - SLB","#50 Carl Blackburn - MLB",,"#55 Jeremy Hannon - WLB","#41 Elliott Lopez - CB","#34 Richard Dinardo - CB",,"#22 Christopher Stewart - CB",,"#21 James Savarese - SS","#37 Tom Morello - FS",,,,,,,,,,,,,,,,,,,,,,,,,,,,,,,,,,,,
OIT,6:11,"OMS 49",1,1,10,"I Formation Normal TE Flag","4-3 Normal Man QB Spy",,7,0,"1-10-OMS 49 (6:10) 7-Basil Fisher pass Pass knocked down by 39-Russell Charles. incomplete, intended for 25-Thomas Freed.","#7 Basil Fisher - QB","#25 Thomas Freed - RB",,,"#37 Michael Land - FB","#84 William Alderson - TE",,"#88 Melvin Alexander - WR",,"#13 Scott Nair - WR",,,"#75 Robert England - LT","#60 Michael Shipp - LG","#74 Charles Ross - C","#66 Charles Shattuck - RG","#56 Micheal Torres - RT",,"#94 Shawn Santiago - LDE",,"#70 Robert Jackson - DT","#97 Paul Red - RDE","#62 Spare Tire Dixon - RDE","#95 Anthony Salter - SLB","#51 Leo Morrison - MLB",,"#98 Gregory King - WLB","#41 Elliott Lopez - CB","#34 Richard Dinardo - CB",,,,"#39 Russell Charles - SS","#43 Milton Earley - CB",,,,,,,,,,,,,,,,,,,,,,,,,,,,,,,,,,,,
OIT,6:05,"OMS 49",1,2,10,"Shotgun Normal Post Flags","Nickel Normal SS Blitz",,7,0,"2-10-OMS 49 (6:06) 7-Basil Fisher pass Pass knocked down by 50-Carl Blackburn. incomplete, intended for 84-William Alderson. PENALTY - Pass Interference (OMS 50-Carl Blackburn)","#7 Basil Fisher - QB","#29 Richard Honaker - RB",,,,"#84 William Alderson - TE",,"#10 Perry Stickler - WR","#15 Kenneth Carr - WR","#13 Scott Nair - WR",,,"#75 Robert England - LT","#60 Michael Shipp - LG","#74 Charles Ross - C","#66 Charles Shattuck - RG","#56 Micheal Torres - RT",,"#94 Shawn Santiago - LDE",,"#70 Robert Jackson - DT","#97 Paul Red - RDE","#62 Spare Tire Dixon - RDE",,"#50 Carl Blackburn - MLB",,"#55 Jeremy Hannon - WLB","#22 Christopher Stewart - CB","#21 James Savarese - SS",,"#43 Milton Earley - CB",,"#39 Russell Charles - SS","#37 Tom Morello - FS",,,,,,,,,,,,,,,,,,,,,,,,,,,,,,,,,,,,
OIT,6:02,"OMS 43",1,1,10,"I Formation 3WR WR Out","Nickel Normal SS Blitz",5,7,0,"1-10-OMS 43 (6:03) 7-Basil Fisher pass complete to 88-Melvin Alexander to OMS 39 for 5 yards. Tackle by 22-Christopher Stewart.","#7 Basil Fisher - QB","#25 Thomas Freed - RB",,,"#37 Michael Land - FB",,,"#10 Perry Stickler - WR","#15 Kenneth Carr - WR","#88 Melvin Alexander - WR",,,"#75 Robert England - LT","#60 Michael Shipp - LG","#74 Charles Ross - C","#66 Charles Shattuck - RG","#56 Micheal Torres - RT",,"#94 Shawn Santiago - LDE",,"#70 Robert Jackson - DT","#73 Darrell Vose - DT","#62 Spare Tire Dixon - RDE",,"#50 Carl Blackburn - MLB",,"#55 Jeremy Hannon - WLB","#27 Victor Anderson - SS","#22 Christopher Stewart - CB",,"#41 Elliott Lopez - CB",,"#21 James Savarese - SS","#39 Russell Charles - SS",,,,,,,,,,,,,,,,,,,,,,,,,,,,,,,,,,,,
OIT,5:24,"OMS 39",1,2,5,"Strong I Normal HB Off Tackle Strong","4-3 Normal Man Under 1",1,7,0,"2-5-OMS 39 (5:23) 25-Thomas Freed ran to OMS 38 for 1 yards. Tackle by 94-Shawn Santiago. PENALTY - Holding (OIT 74-Charles Ross)","#7 Basil Fisher - QB","#25 Thomas Freed - RB",,,"#37 Michael Land - FB","#84 William Alderson - TE",,"#10 Perry Stickler - WR",,"#13 Scott Nair - WR",,,"#75 Robert England - LT","#60 Michael Shipp - LG","#74 Charles Ross - C","#66 Charles Shattuck - RG","#56 Micheal Torres - RT",,"#94 Shawn Santiago - LDE",,"#70 Robert Jackson - DT","#73 Darrell Vose - DT","#62 Spare Tire Dixon - RDE","#99 Vincent Sosa - SLB","#51 Leo Morrison - MLB",,"#98 Gregory King - WLB","#34 Richard Dinardo - CB","#43 Milton Earley - CB",,,,"#27 Victor Anderson - SS","#37 Tom Morello - FS",,,,,,,,,,,,,,,,,,,,,,,,,,,,,,,,,,,,
OIT,5:20,"OMS 49",1,2,15,"Shotgun Normal HB Dive","Nickel Normal Prevent",3,7,0,"2-15-OMS 49 (5:21) 25-Thomas Freed ran to OMS 46 for 3 yards. Tackle by 41-Elliott Lopez.","#7 Basil Fisher - QB","#25 Thomas Freed - RB",,,,"#84 William Alderson - TE",,"#10 Perry Stickler - WR","#15 Kenneth Carr - WR","#13 Scott Nair - WR",,,"#75 Robert England - LT","#60 Michael Shipp - LG","#74 Charles Ross - C","#66 Charles Shattuck - RG","#56 Micheal Torres - RT",,"#94 Shawn Santiago - LDE",,"#70 Robert Jackson - DT","#73 Darrell Vose - DT","#62 Spare Tire Dixon - RDE",,"#50 Carl Blackburn - MLB",,"#55 Jeremy Hannon - WLB","#22 Christopher Stewart - CB","#41 Elliott Lopez - CB",,"#34 Richard Dinardo - CB",,"#27 Victor Anderson - SS","#37 Tom Morello - FS",,,,,,,,,,,,,,,,,,,,,,,,,,,,,,,,,,,,
OIT,4:38,"OMS 46",1,3,13,"Shotgun Normal HB Delay","Nickel Normal Prevent",-2,7,0,"3-13-OMS 46 (4:37) 37-Michael Land ran to OMS 48 for -2 yards. Tackle by 62-Spare Tire Dixon.","#7 Basil Fisher - QB","#37 Michael Land - FB",,,,"#84 William Alderson - TE",,"#88 Melvin Alexander - WR","#29 Richard Honaker - RB","#15 Kenneth Carr - WR",,,"#75 Robert England - LT","#60 Michael Shipp - LG","#74 Charles Ross - C","#66 Charles Shattuck - RG","#56 Micheal Torres - RT",,"#94 Shawn Santiago - LDE",,"#70 Robert Jackson - DT","#73 Darrell Vose - DT","#62 Spare Tire Dixon - RDE",,"#50 Carl Blackburn - MLB",,"#55 Jeremy Hannon - WLB","#34 Richard Dinardo - CB","#43 Milton Earley - CB",,"#21 James Savarese - SS",,"#39 Russell Charles - SS","#37 Tom Morello - FS",,,,,,,,,,,,,,,,,,,,,,,,,,,,,,,,,,,,
OIT,4:06,"OMS 48",1,4,14,Punt,"Punt Return",53,7,0,"4-14-OMS 48 (4:05) 17-William Eller punts 53 yards to OMS -5.4-14-OMS 48 (4:05) 17-William Eller punts 53 yards to OMS -5. Touchback.",,,,,,,,,,,,,,,,,,"#17 William Eller - P",,,,,,,,,,,,,,,,,,,"#56 Micheal Torres - RT",,"#22 Christopher Stewart - CB",,,"#27 Victor Anderson - SS","#39 Russell Charles - SS","#98 Gregory King - WLB",,"#73 Darrell Vose - DT","#34 Richard Dinardo - CB",,"#97 Paul Red - RDE",,,,"#71 Michael Meeks - LT","#81 Roy Willis - TE","#66 Charles Shattuck - RG","#37 Michael Land - FB","#75 Robert England - LT","#74 Charles Ross - C",,"#94 Shawn Santiago - LDE","#62 Spare Tire Dixon - RDE","#99 Vincent Sosa - SLB","#41 Elliott Lopez - CB",,,,,,,
OMS,3:55,"OMS 20",1,1,10,"Strong I Normal HB Off Tackle Strong","4-3 Normal OLB Blitz Inside",1,7,0,"1-10-OMS 20 (3:56) 26-Edgardo Bradshaw ran to OMS 21 for 1 yards. Tackle by 64-Julian Work.","#9 Walton Smith - QB","#26 Edgardo Bradshaw - RB",,,"#31 Kurt Shoemaker - FB","#80 Willie Garcia - TE",,"#15 Thomas Fernandes - WR",,"#83 Paul Parson - WR",,,"#71 Billy Corgan - LT","#68 Andres Nash - RG","#57 Tommy Johnson - C","#53 William Jackson - RG","#59 Edward Dunn - RT",,"#64 Julian Work - LDE",,"#96 Terry Numbers - DT","#62 Shawn Olson - DT","#73 Willie Larmon - RDE","#90 Jonathan Brown - SLB","#51 James Minter - MLB",,"#58 Jonathan Higgins - WLB","#30 Jose Albarran - CB","#41 Jason Bush - CB",,,,"#28 Evan Williams - SS","#32 Eric Roberts - FS",,,,,,,,,,,,,,,,,,,,,,,,,,,,,,,,,,,,
OMS,3:22,"OMS 21",1,2,9,"I Formation Normal Curl & Post","4-3 Normal Double WR3",,7,0,"2-9-OMS 21 (3:21) PENALTY - False Start (OMS 83-Paul Parson)","#9 Walton Smith - QB","#48 Michael Spiller - RB",,,"#31 Kurt Shoemaker - FB","#80 Willie Garcia - TE",,"#15 Thomas Fernandes - WR",,"#83 Paul Parson - WR",,,"#71 Billy Corgan - LT","#68 Andres Nash - RG","#57 Tommy Johnson - C","#53 William Jackson - RG","#59 Edward Dunn - RT",,"#64 Julian Work - LDE",,"#96 Terry Numbers - DT","#62 Shawn Olson - DT","#73 Willie Larmon - RDE","#90 Jonathan Brown - SLB","#51 James Minter - MLB",,"#91 Harold Cohen - WLB","#42 Ronald Rooney - CB","#27 Christopher McQueen - CB",,,,"#28 Evan Williams - SS","#32 Eric Roberts - FS",,,,,,,,,,,,,,,,,,,,,,,,,,,,,,,,,,,,
OMS,3:20,"OMS 16",1,2,14,"Shotgun 2 RB 3 WR FB In","Nickel 3-3-5 Cover 2 Man Under",,7,0,"2-14-OMS 16 (3:21) 9-Walton Smith pass incomplete, dropped by 48-Michael Spiller.","#9 Walton Smith - QB","#26 Edgardo Bradshaw - RB","#48 Michael Spiller - RB",,,,,"#15 Thomas Fernandes - WR","#87 Richard Medina - WR","#83 Paul Parson - WR",,,"#71 Billy Corgan - LT","#68 Andres Nash - RG","#57 Tommy Johnson - C","#53 William Jackson - RG","#59 Edward Dunn - RT",,"#64 Julian Work - LDE",,"#96 Terry Numbers - DT",,"#73 Willie Larmon - RDE","#90 Jonathan Brown - SLB","#51 James Minter - MLB",,"#91 Harold Cohen - WLB","#42 Ronald Rooney - CB","#27 Christopher McQueen - CB",,"#30 Jose Albarran - CB",,"#28 Evan Williams - SS","#32 Eric Roberts - FS",,,,,,,,,,,,,,,,,,,,,,,,,,,,,,,,,,,,
OMS,3:16,"OMS 16",1,3,14,"I Formation Power PA Flats","Nickel Normal Double WR1",3,7,0,"3-14-OMS 16 (3:17) 9-Walton Smith pass complete to 80-Willie Garcia to OMS 19 for 3 yards. Tackle by 27-Christopher McQueen. Pressure by 73-Willie Larmon.","#9 Walton Smith - QB","#42 Arthur Cassady - RB",,"#46 Aaron Dean - RB","#31 Kurt Shoemaker - FB","#80 Willie Garcia - TE",,"#10 Michael Hecker - WR",,,,,"#71 Billy Corgan - LT","#68 Andres Nash - RG","#57 Tommy Johnson - C","#53 William Jackson - RG","#59 Edward Dunn - RT",,"#64 Julian Work - LDE",,"#96 Terry Numbers - DT","#62 Shawn Olson - DT","#73 Willie Larmon - RDE",,"#90 Jonathan Brown - SLB",,"#91 Harold Cohen - WLB","#42 Ronald Rooney - CB","#27 Christopher McQueen - CB",,"#30 Jose Albarran - CB",,"#28 Evan Williams - SS","#32 Eric Roberts - FS",,,,,,,,,,,,,,,,,,,,,,,,,,,,,,,,,,,,
OMS,2:32,"OMS 19",1,4,11,Punt,"Punt Return",,7,0,"4-11-OMS 19 (2:31) 11-Rene Johnson punts 50 yards to OIT 30. Fair Catch by 13-Scott Nair.",,,,,,,,,,,,,,,,,,"#11 Rene Johnson - P",,,,,,,,,,,,,,,,,,,"#59 Edward Dunn - RT",,"#13 Scott Nair - WR",,,"#30 Jose Albarran - CB","#54 Michael Duncan - SLB","#28 Evan Williams - SS",,"#96 Terry Numbers - DT","#90 Jonathan Brown - SLB",,"#42 Ronald Rooney - CB",,,,"#80 Willie Garcia - TE","#66 Andrew Turner - RG","#57 Tommy Johnson - C","#71 Billy Corgan - LT","#52 James Funches - LT","#81 Paul McCaslin - TE",,"#95 Richard Lusk - RDE","#51 James Minter - MLB","#64 Julian Work - LDE","#73 Willie Larmon - RDE",,,,,,,
OIT,2:24,"OIT 30",1,1,10,"Strong I Normal Short Attack","4-3 Under Double LB Blitz",-0,7,0,"1-10-OIT 30 (2:25) 7-Basil Fisher pass complete to 25-Thomas Freed to OIT 30 for a short loss. Tackle by 39-Russell Charles.","#7 Basil Fisher - QB","#25 Thomas Freed - RB",,,"#37 Michael Land - FB","#84 William Alderson - TE",,"#10 Perry Stickler - WR",,"#88 Melvin Alexander - WR",,,"#75 Robert England - LT","#60 Michael Shipp - LG","#74 Charles Ross - C","#66 Charles Shattuck - RG","#56 Micheal Torres - RT",,"#94 Shawn Santiago - LDE",,"#70 Robert Jackson - DT","#73 Darrell Vose - DT","#62 Spare Tire Dixon - RDE","#99 Vincent Sosa - SLB","#50 Carl Blackburn - MLB",,"#55 Jeremy Hannon - WLB","#41 Elliott Lopez - CB","#34 Richard Dinardo - CB",,,,"#39 Russell Charles - SS","#37 Tom Morello - FS",,,,,,,,,,,,,,,,,,,,,,,,,,,,,,,,,,,,
OIT,1:52,"OIT 30",1,2,10,"Singleback Slot Strong HB Strong Inside","Nickel Normal Man Cover 2",5,7,0,"2-10-OIT 30 (1:51) 25-Thomas Freed ran to OIT 35 for 5 yards. Tackle by 34-Richard Dinardo.","#7 Basil Fisher - QB","#25 Thomas Freed - RB",,,,"#84 William Alderson - TE",,"#13 Scott Nair - WR","#88 Melvin Alexander - WR","#10 Perry Stickler - WR",,,"#75 Robert England - LT","#60 Michael Shipp - LG","#74 Charles Ross - C","#66 Charles Shattuck - RG","#56 Micheal Torres - RT",,"#94 Shawn Santiago - LDE",,"#70 Robert Jackson - DT","#73 Darrell Vose - DT","#62 Spare Tire Dixon - RDE",,"#50 Carl Blackburn - MLB",,"#55 Jeremy Hannon - WLB","#22 Christopher Stewart - CB","#41 Elliott Lopez - CB",,"#34 Richard Dinardo - CB",,"#39 Russell Charles - SS","#27 Victor Anderson - SS",,,,,,,,,,,,,,,,,,,,,,,,,,,,,,,,,,,,
OIT,1:18,"OIT 35",1,3,5,"Singleback Slot Strong Overload Strong","Nickel Normal Shallow Zone Deep",,7,0,"3-5-OIT 35 (1:17) 7-Basil Fisher pass INTERCEPTED by 55-Jeremy Hannon at OIT 40. 55-Jeremy Hannon to OIT 40 for 0 yards. Tackle by 25-Thomas Freed. 22-Christopher Stewart was caught flat-footed on this play.","#7 Basil Fisher - QB","#25 Thomas Freed - RB",,,,"#84 William Alderson - TE",,"#13 Scott Nair - WR","#88 Melvin Alexander - WR","#10 Perry Stickler - WR",,,"#75 Robert England - LT","#60 Michael Shipp - LG","#74 Charles Ross - C","#66 Charles Shattuck - RG","#56 Micheal Torres - RT",,"#94 Shawn Santiago - LDE",,"#70 Robert Jackson - DT","#73 Darrell Vose - DT","#62 Spare Tire Dixon - RDE",,"#50 Carl Blackburn - MLB",,"#55 Jeremy Hannon - WLB","#22 Christopher Stewart - CB","#41 Elliott Lopez - CB",,"#34 Richard Dinardo - CB",,"#21 James Savarese - SS","#27 Victor Anderson - SS",,,,,,,,,,,,,,,,,,,,,,,,,,,,,,,,,,,,
OMS,1:11,"OIT 40",1,1,10,"I Formation Normal Curl & Post","4-3 Normal WLB MLB Blitz",-8,7,0,"1-10-OIT 40 (1:12) 9-Walton Smith sacked at OIT 48 for -8 yards (73-Willie Larmon). Sack allowed by 71-Billy Corgan.","#9 Walton Smith - QB","#26 Edgardo Bradshaw - RB",,,"#31 Kurt Shoemaker - FB","#80 Willie Garcia - TE",,"#15 Thomas Fernandes - WR",,"#83 Paul Parson - WR",,,"#71 Billy Corgan - LT","#68 Andres Nash - RG","#57 Tommy Johnson - C","#53 William Jackson - RG","#59 Edward Dunn - RT",,"#64 Julian Work - LDE",,"#96 Terry Numbers - DT","#62 Shawn Olson - DT","#73 Willie Larmon - RDE","#90 Jonathan Brown - SLB","#51 James Minter - MLB",,"#91 Harold Cohen - WLB","#42 Ronald Rooney - CB","#27 Christopher McQueen - CB",,,,"#28 Evan Williams - SS","#32 Eric Roberts - FS",,,,,,,,,,,,,,,,,,,,,,,,,,,,,,,,,,,,
OMS,0:37,"OIT 48",1,2,18,"Goal Line Normal HB Toss Strong","Dime Flat CB3 CB4 Blitz",-5,7,0,"2-18-OIT 48 (0:36) 48-Michael Spiller ran to OMS 46 for -5 yards. Tackle by 41-Jason Bush.","#9 Walton Smith - QB","#48 Michael Spiller - RB",,"#46 Aaron Dean - RB","#31 Kurt Shoemaker - FB","#81 Paul McCaslin - TE","#80 Willie Garcia - TE",,,,,,"#71 Billy Corgan - LT","#68 Andres Nash - RG","#57 Tommy Johnson - C","#53 William Jackson - RG","#59 Edward Dunn - RT",,"#64 Julian Work - LDE",,"#96 Terry Numbers - DT","#62 Shawn Olson - DT","#73 Willie Larmon - RDE",,"#51 James Minter - MLB",,,"#42 Ronald Rooney - CB","#27 Christopher McQueen - CB","#41 Jason Bush - CB","#30 Jose Albarran - CB",,"#28 Evan Williams - SS","#32 Eric Roberts - FS",,,,,,,,,,,,,,,,,,,,,,,,,,,,,,,,,,,,
OMS,0:03,"OMS 46",1,3,24,"I Formation Normal PA Streaks","Nickel Normal Shallow Zone Deep",-7,7,0,"3-24-OMS 46 (0:02) 9-Walton Smith sacked at OMS 39 for -7 yards (96-Terry Numbers). Sack allowed by 53-William Jackson.","#9 Walton Smith - QB","#26 Edgardo Bradshaw - RB",,,"#31 Kurt Shoemaker - FB","#80 Willie Garcia - TE",,"#15 Thomas Fernandes - WR",,"#83 Paul Parson - WR",,,"#71 Billy Corgan - LT","#68 Andres Nash - RG","#57 Tommy Johnson - C","#53 William Jackson - RG","#59 Edward Dunn - RT",,"#64 Julian Work - LDE",,"#96 Terry Numbers - DT","#62 Shawn Olson - DT","#73 Willie Larmon - RDE",,"#90 Jonathan Brown - SLB",,"#91 Harold Cohen - WLB","#42 Ronald Rooney - CB","#27 Christopher McQueen - CB",,"#30 Jose Albarran - CB",,"#28 Evan Williams - SS","#32 Eric Roberts - FS",,,,,,,,,,,,,,,,,,,,,,,,,,,,,,,,,,,,
,0:00,,1,4,31,,,,7,0,"End of first quarter.",,,,,,,,,,,,,,,,,,,,,,,,,,,,,,,,,,,,,,,,,,,,,,,,,,,,,,,,,,,,,,,,,,,,,,
OMS,15:00,"OMS 39",2,4,31,Punt,"Punt Return",52,7,0,"4-31-OMS 39 (15:00) 11-Rene Johnson punts 52 yards to OIT 9.",,,,,,,,,,,,,,,,,,"#11 Rene Johnson - P",,,,,,,,,,,,,,,,,,,"#57 Tommy Johnson - C",,"#13 Scott Nair - WR",,,"#27 Christopher McQueen - CB","#96 Terry Numbers - DT","#91 Harold Cohen - WLB",,"#28 Evan Williams - SS","#90 Jonathan Brown - SLB",,"#30 Jose Albarran - CB",,,,"#80 Willie Garcia - TE","#66 Andrew Turner - RG","#59 Edward Dunn - RT","#71 Billy Corgan - LT","#52 James Funches - LT","#81 Paul McCaslin - TE",,"#95 Richard Lusk - RDE","#51 James Minter - MLB","#64 Julian Work - LDE","#73 Willie Larmon - RDE",,,,,,,
OIT,14:51,"OIT 9",2,1,10,"Singleback Slot Strong Off Tackle Strong","Nickel 3-3-5 Cover 2 Man Under",,7,0,"1-10-OIT 9 (14:51) PENALTY - False Start (OIT 13-Scott Nair)","#7 Basil Fisher - QB","#25 Thomas Freed - RB",,,,"#84 William Alderson - TE",,"#13 Scott Nair - WR","#88 Melvin Alexander - WR","#10 Perry Stickler - WR",,,"#75 Robert England - LT","#60 Michael Shipp - LG","#74 Charles Ross - C","#66 Charles Shattuck - RG","#56 Micheal Torres - RT",,"#94 Shawn Santiago - LDE",,"#70 Robert Jackson - DT",,"#62 Spare Tire Dixon - RDE","#99 Vincent Sosa - SLB","#50 Carl Blackburn - MLB",,"#55 Jeremy Hannon - WLB","#41 Elliott Lopez - CB","#34 Richard Dinardo - CB",,"#43 Milton Earley - CB",,"#39 Russell Charles - SS","#37 Tom Morello - FS",,,,,,,,,,,,,,,,,,,,,,,,,,,,,,,,,,,,
OIT,14:51,"OIT 5",2,1,15,"Weak I Normal HB Inside Weak","46 Heavy 2 Deep Man Under",8,7,0,"1-15-OIT 5 (14:51) 25-Thomas Freed ran to OIT 12 for 8 yards. Tackle by 39-Russell Charles.","#7 Basil Fisher - QB","#25 Thomas Freed - RB",,,"#37 Michael Land - FB","#84 William Alderson - TE",,"#10 Perry Stickler - WR",,"#88 Melvin Alexander - WR",,,"#75 Robert England - LT","#60 Michael Shipp - LG","#74 Charles Ross - C","#66 Charles Shattuck - RG","#56 Micheal Torres - RT",,"#94 Shawn Santiago - LDE",,"#70 Robert Jackson - DT","#73 Darrell Vose - DT","#62 Spare Tire Dixon - RDE","#99 Vincent Sosa - SLB","#50 Carl Blackburn - MLB",,"#55 Jeremy Hannon - WLB","#41 Elliott Lopez - CB","#34 Richard Dinardo - CB",,,,"#39 Russell Charles - SS","#27 Victor Anderson - SS",,,,,,,,,,,,,,,,,,,,,,,,,,,,,,,,,,,,
,14:49,,2,2,7,,,,7,0,"Timeout OIT",,,,,,,,,,,,,,,,,,,,,,,,,,,,,,,,,,,,,,,,,,,,,,,,,,,,,,,,,,,,,,,,,,,,,,
OIT,14:16,"OIT 12",2,2,7,"Shotgun Normal Double Outs","Nickel 3-3-5 Cover 2 Man Under",9,7,0,"2-7-OIT 12 (14:17) 7-Basil Fisher pass complete to 10-Perry Stickler to OIT 21 for 9 yards. Tackle by 99-Vincent Sosa.","#7 Basil Fisher - QB","#25 Thomas Freed - RB",,,,"#84 William Alderson - TE",,"#10 Perry Stickler - WR","#88 Melvin Alexander - WR","#13 Scott Nair - WR",,,"#75 Robert England - LT","#60 Michael Shipp - LG","#74 Charles Ross - C","#66 Charles Shattuck - RG","#56 Micheal Torres - RT",,"#94 Shawn Santiago - LDE",,"#70 Robert Jackson - DT",,"#62 Spare Tire Dixon - RDE","#99 Vincent Sosa - SLB","#50 Carl Blackburn - MLB",,"#56 Andrew Chmielewski - WLB","#41 Elliott Lopez - CB","#34 Richard Dinardo - CB",,"#43 Milton Earley - CB",,"#39 Russell Charles - SS","#27 Victor Anderson - SS",,,,,,,,,,,,,,,,,,,,,,,,,,,,,,,,,,,,
OIT,13:33,"OIT 21",2,1,10,"Shotgun Normal Post Flags","Nickel Normal Man Cover 2",3,7,0,"1-10-OIT 21 (13:32) 7-Basil Fisher pass complete to 84-William Alderson to OIT 24 for 3 yards. Tackle by 51-Leo Morrison.","#7 Basil Fisher - QB","#25 Thomas Freed - RB",,,,"#84 William Alderson - TE",,"#10 Perry Stickler - WR","#88 Melvin Alexander - WR","#13 Scott Nair - WR",,,"#75 Robert England - LT","#60 Michael Shipp - LG","#74 Charles Ross - C","#66 Charles Shattuck - RG","#56 Micheal Torres - RT",,"#94 Shawn Santiago - LDE",,"#70 Robert Jackson - DT","#73 Darrell Vose - DT","#97 Paul Red - RDE",,"#51 Leo Morrison - MLB",,"#55 Jeremy Hannon - WLB","#22 Christopher Stewart - CB","#41 Elliott Lopez - CB",,"#43 Milton Earley - CB",,"#21 James Savarese - SS","#37 Tom Morello - FS",,,,,,,,,,,,,,,,,,,,,,,,,,,,,,,,,,,,
OIT,12:52,"OIT 24",2,2,7,"I Formation 3WR WR Out","Nickel 3-3-5 Cover 2 Man Under",3,7,0,"2-7-OIT 24 (12:51) 7-Basil Fisher pass complete to 13-Scott Nair to OIT 27 for 3 yards. Tackle by 41-Elliott Lopez.","#7 Basil Fisher - QB","#25 Thomas Freed - RB",,,"#37 Michael Land - FB",,,"#10 Perry Stickler - WR","#13 Scott Nair - WR","#88 Melvin Alexander - WR",,,"#75 Robert England - LT","#60 Michael Shipp - LG","#74 Charles Ross - C","#66 Charles Shattuck - RG","#56 Micheal Torres - RT",,"#94 Shawn Santiago - LDE",,"#70 Robert Jackson - DT",,"#62 Spare Tire Dixon - RDE","#99 Vincent Sosa - SLB","#50 Carl Blackburn - MLB",,"#56 Andrew Chmielewski - WLB","#34 Richard Dinardo - CB","#22 Christopher Stewart - CB",,"#41 Elliott Lopez - CB",,"#39 Russell Charles - SS","#27 Victor Anderson - SS",,,,,,,,,,,,,,,,,,,,,,,,,,,,,,,,,,,,
OIT,12:14,"OIT 27",2,3,4,"I Formation Normal Strong Flood","46 Heavy 2 Deep Man Under",16,7,0,"3-4-OIT 27 (12:13) 7-Basil Fisher pass complete to 25-Thomas Freed to OIT 43 for 16 yards. Pushed out of bounds by 27-Victor Anderson.","#7 Basil Fisher - QB","#25 Thomas Freed - RB",,,"#37 Michael Land - FB","#84 William Alderson - TE",,"#10 Perry Stickler - WR",,"#88 Melvin Alexander - WR",,,"#75 Robert England - LT","#60 Michael Shipp - LG","#74 Charles Ross - C","#66 Charles Shattuck - RG","#56 Micheal Torres - RT",,"#94 Shawn Santiago - LDE",,"#70 Robert Jackson - DT","#73 Darrell Vose - DT","#62 Spare Tire Dixon - RDE","#99 Vincent Sosa - SLB","#50 Carl Blackburn - MLB",,"#56 Andrew Chmielewski - WLB","#34 Richard Dinardo - CB","#43 Milton Earley - CB",,,,"#39 Russell Charles - SS","#27 Victor Anderson - SS",,,,,,,,,,,,,,,,,,,,,,,,,,,,,,,,,,,,
OIT,11:31,"OIT 43",2,1,10,"Weak I Normal WR Corner TE Middle","46 Heavy 1 Deep SS MLB Blitz",11,7,0,"1-10-OIT 43 (11:30) 7-Basil Fisher pass complete to 88-Melvin Alexander to OMS 46 for 11 yards. Tackle by 41-Elliott Lopez. Pressure by 95-Anthony Salter.","#7 Basil Fisher - QB","#29 Richard Honaker - RB",,,"#37 Michael Land - FB","#84 William Alderson - TE",,"#10 Perry Stickler - WR",,"#88 Melvin Alexander - WR",,,"#75 Robert England - LT","#60 Michael Shipp - LG","#74 Charles Ross - C","#66 Charles Shattuck - RG","#56 Micheal Torres - RT",,"#94 Shawn Santiago - LDE",,"#70 Robert Jackson - DT","#62 Spare Tire Dixon - RDE","#97 Paul Red - RDE","#95 Anthony Salter - SLB","#51 Leo Morrison - MLB",,"#55 Jeremy Hannon - WLB","#22 Christopher Stewart - CB","#41 Elliott Lopez - CB",,,,"#21 James Savarese - SS","#37 Tom Morello - FS",,,,,,,,,,,,,,,,,,,,,,,,,,,,,,,,,,,,
OIT,10:54,"OMS 46",2,1,10,"Singleback Slot Strong Skinny Posts","Nickel Normal 2 Deep Zone Under",4,7,0,"1-10-OMS 46 (10:53) 7-Basil Fisher pass complete to 37-Michael Land to OMS 42 for 4 yards. Tackle by 56-Andrew Chmielewski.","#7 Basil Fisher - QB","#37 Michael Land - FB",,,,"#84 William Alderson - TE",,"#13 Scott Nair - WR","#29 Richard Honaker - RB","#15 Kenneth Carr - WR",,,"#75 Robert England - LT","#60 Michael Shipp - LG","#74 Charles Ross - C","#66 Charles Shattuck - RG","#56 Micheal Torres - RT",,"#94 Shawn Santiago - LDE",,"#70 Robert Jackson - DT","#73 Darrell Vose - DT","#97 Paul Red - RDE",,"#50 Carl Blackburn - MLB",,"#56 Andrew Chmielewski - WLB","#41 Elliott Lopez - CB","#34 Richard Dinardo - CB",,"#27 Victor Anderson - SS",,"#21 James Savarese - SS","#43 Milton Earley - CB",,,,,,,,,,,,,,,,,,,,,,,,,,,,,,,,,,,,
OIT,10:18,"OMS 42",2,2,6,"Strong I Normal Short Attack","4-3 Normal WLB Outside Blitz",13,7,0,"2-6-OMS 42 (10:17) 7-Basil Fisher pass complete to 10-Perry Stickler to OMS 29 for 13 yards. Tackle by 39-Russell Charles.","#7 Basil Fisher - QB","#29 Richard Honaker - RB",,,"#37 Michael Land - FB","#85 Samuel Fisher - TE",,"#10 Perry Stickler - WR",,"#13 Scott Nair - WR",,,"#75 Robert England - LT","#60 Michael Shipp - LG","#74 Charles Ross - C","#66 Charles Shattuck - RG","#56 Micheal Torres - RT",,"#94 Shawn Santiago - LDE",,"#70 Robert Jackson - DT","#73 Darrell Vose - DT","#62 Spare Tire Dixon - RDE","#99 Vincent Sosa - SLB","#50 Carl Blackburn - MLB",,"#55 Jeremy Hannon - WLB","#22 Christopher Stewart - CB","#34 Richard Dinardo - CB",,,,"#39 Russell Charles - SS","#37 Tom Morello - FS",,,,,,,,,,,,,,,,,,,,,,,,,,,,,,,,,,,,
OIT,9:37,"OMS 29",2,1,10,"Shotgun Normal HB Flare","Nickel Normal 2 Deep Zone Under",,7,0,"1-10-OMS 29 (9:36) 7-Basil Fisher pass incomplete, intended for 13-Scott Nair.","#7 Basil Fisher - QB","#25 Thomas Freed - RB",,,,"#84 William Alderson - TE",,"#88 Melvin Alexander - WR","#15 Kenneth Carr - WR","#13 Scott Nair - WR",,,"#75 Robert England - LT","#60 Michael Shipp - LG","#74 Charles Ross - C","#66 Charles Shattuck - RG","#56 Micheal Torres - RT",,"#94 Shawn Santiago - LDE",,"#70 Robert Jackson - DT","#73 Darrell Vose - DT","#62 Spare Tire Dixon - RDE",,"#51 Leo Morrison - MLB",,"#56 Andrew Chmielewski - WLB","#43 Milton Earley - CB","#22 Christopher Stewart - CB",,"#41 Elliott Lopez - CB",,"#39 Russell Charles - SS","#21 James Savarese - SS",,,,,,,,,,,,,,,,,,,,,,,,,,,,,,,,,,,,
OIT,9:31,"OMS 29",2,2,10,"Shotgun Normal HB Dive","Nickel Normal Prevent",9,7,0,"2-10-OMS 29 (9:32) 25-Thomas Freed ran to OMS 20 for 9 yards. Tackle by 27-Victor Anderson.","#7 Basil Fisher - QB","#25 Thomas Freed - RB",,,,"#85 Samuel Fisher - TE",,"#10 Perry Stickler - WR","#88 Melvin Alexander - WR","#13 Scott Nair - WR",,,"#75 Robert England - LT","#60 Michael Shipp - LG","#74 Charles Ross - C","#66 Charles Shattuck - RG","#56 Micheal Torres - RT",,"#94 Shawn Santiago - LDE",,"#70 Robert Jackson - DT","#73 Darrell Vose - DT","#97 Paul Red - RDE",,"#50 Carl Blackburn - MLB",,"#55 Jeremy Hannon - WLB","#34 Richard Dinardo - CB","#43 Milton Earley - CB",,"#39 Russell Charles - SS",,"#27 Victor Anderson - SS","#37 Tom Morello - FS",,,,,,,,,,,,,,,,,,,,,,,,,,,,,,,,,,,,
OIT,8:55,"OMS 20",2,3,1,"Shotgun Normal Post Flags","Nickel Normal Shallow Zone Deep",,7,0,"3-1-OMS 20 (8:54) 7-Basil Fisher pass incomplete, dropped by 84-William Alderson. Excellent coverage on that play. Pressure by 62-Spare Tire Dixon.","#7 Basil Fisher - QB","#37 Michael Land - FB",,,,"#84 William Alderson - TE",,"#88 Melvin Alexander - WR","#29 Richard Honaker - RB","#15 Kenneth Carr - WR",,,"#75 Robert England - LT","#60 Michael Shipp - LG","#74 Charles Ross - C","#66 Charles Shattuck - RG","#56 Micheal Torres - RT",,"#94 Shawn Santiago - LDE",,"#70 Robert Jackson - DT","#73 Darrell Vose - DT","#62 Spare Tire Dixon - RDE",,"#50 Carl Blackburn - MLB",,"#56 Andrew Chmielewski - WLB","#22 Christopher Stewart - CB","#41 Elliott Lopez - CB",,"#34 Richard Dinardo - CB",,"#21 James Savarese - SS","#37 Tom Morello - FS",,,,,,,,,,,,,,,,,,,,,,,,,,,,,,,,,,,,
OIT,8:49,"OMS 20",2,4,1,"Field Goal","FG Block",30,7,3,"4-1-OMS 20 (8:50) 14-Richard Byrd 37 yard field goal is GOOD. OMS 7 OIT 3",,,,,,,,,,,,,,,,,,,,,,,,,,,,,,,,,,,,"#66 Charles Shattuck - RG","#56 Micheal Torres - RT",,,,,,,,,,,,,,"#14 Richard Byrd - K","#67 John Richmond - LG","#74 Charles Ross - C","#71 Michael Meeks - LT","#37 Michael Land - FB","#75 Robert England - LT","#81 Roy Willis - TE","#70 Joseph Simpson - RG","#60 Michael Shipp - LG","#94 Shawn Santiago - LDE","#62 Spare Tire Dixon - RDE","#99 Vincent Sosa - SLB","#98 Gregory King - WLB","#55 Jeremy Hannon - WLB","#97 Paul Red - RDE","#51 Leo Morrison - MLB","#56 Andrew Chmielewski - WLB","#41 Elliott Lopez - CB","#34 Richard Dinardo - CB","#73 Darrell Vose - DT"
OIT,8:46,"OIT 35",2,6,10,Kickoff,"Kick Return",,7,3,"(8:47) 14-Richard Byrd kicks 74 yards from OIT 35 to OMS -9. Touchback.",,,,,,,,,,,,,,,,,,,,,,,,,,,,,,,,,,,,,,"#22 Christopher Stewart - CB",,"#50 Carl Blackburn - MLB","#34 Richard Dinardo - CB","#27 Victor Anderson - SS","#97 Paul Red - RDE","#98 Gregory King - WLB","#94 Shawn Santiago - LDE","#73 Darrell Vose - DT","#99 Vincent Sosa - SLB","#62 Spare Tire Dixon - RDE","#39 Russell Charles - SS","#14 Richard Byrd - K",,,,,,,,,,,,,,,,,,,,
OMS,8:46,"OMS 25",2,1,10,"Weak I Normal WR Corner TE Middle","4-3 Normal Man QB Spy",,7,3,"1-10-OMS 25 (8:47) 9-Walton Smith pass Pass knocked down by 42-Ronald Rooney. incomplete, intended for 26-Edgardo Bradshaw.","#9 Walton Smith - QB","#26 Edgardo Bradshaw - RB",,,"#31 Kurt Shoemaker - FB","#80 Willie Garcia - TE",,"#15 Thomas Fernandes - WR",,"#83 Paul Parson - WR",,,"#71 Billy Corgan - LT","#68 Andres Nash - RG","#57 Tommy Johnson - C","#53 William Jackson - RG","#59 Edward Dunn - RT",,"#64 Julian Work - LDE",,"#96 Terry Numbers - DT","#62 Shawn Olson - DT","#73 Willie Larmon - RDE","#90 Jonathan Brown - SLB","#51 James Minter - MLB",,"#91 Harold Cohen - WLB","#42 Ronald Rooney - CB","#27 Christopher McQueen - CB",,,,"#28 Evan Williams - SS","#32 Eric Roberts - FS",,,,,,,,,,,,,,,,,,,,,,,,,,,,,,,,,,,,
OMS,8:42,"OMS 25",2,2,10,"Shotgun 2 RB 3 WR WR Hooks","Nickel 3-3-5 Cover 2 Man Under",,7,3,"2-10-OMS 25 (8:43) 9-Walton Smith pass Pass knocked down by 27-Christopher McQueen. incomplete, intended for 10-Michael Hecker.","#9 Walton Smith - QB","#48 Michael Spiller - RB","#42 Arthur Cassady - RB",,,,,"#87 Richard Medina - WR","#84 Anthony Mistretta - WR","#10 Michael Hecker - WR",,,"#71 Billy Corgan - LT","#68 Andres Nash - RG","#57 Tommy Johnson - C","#53 William Jackson - RG","#59 Edward Dunn - RT",,"#64 Julian Work - LDE",,"#96 Terry Numbers - DT",,"#73 Willie Larmon - RDE","#90 Jonathan Brown - SLB","#51 James Minter - MLB",,"#91 Harold Cohen - WLB","#42 Ronald Rooney - CB","#27 Christopher McQueen - CB",,"#30 Jose Albarran - CB",,"#28 Evan Williams - SS","#32 Eric Roberts - FS",,,,,,,,,,,,,,,,,,,,,,,,,,,,,,,,,,,,
OMS,8:38,"OMS 25",2,3,10,"Shotgun 2 RB 3 WR FB In","Dime Normal Double WR2",3,7,3,"3-10-OMS 25 (8:39) 9-Walton Smith pass complete to 31-Kurt Shoemaker to OMS 28 for 3 yards. Tackle by 51-James Minter.","#9 Walton Smith - QB","#46 Aaron Dean - RB","#31 Kurt Shoemaker - FB",,,,,"#15 Thomas Fernandes - WR","#87 Richard Medina - WR","#83 Paul Parson - WR",,,"#71 Billy Corgan - LT","#68 Andres Nash - RG","#57 Tommy Johnson - C","#53 William Jackson - RG","#59 Edward Dunn - RT",,"#64 Julian Work - LDE",,"#96 Terry Numbers - DT","#62 Shawn Olson - DT","#73 Willie Larmon - RDE",,"#51 James Minter - MLB",,,"#42 Ronald Rooney - CB","#30 Jose Albarran - CB","#46 James Hanger - CB","#41 Jason Bush - CB",,"#33 Thomas Hutchinson - SS","#32 Eric Roberts - FS",,,,,,,,,,,,,,,,,,,,,,,,,,,,,,,,,,,,
OMS,8:04,"OMS 28",2,4,7,Punt,"Punt Return",,7,3,"4-7-OMS 28 (8:03) 11-Rene Johnson punts 51 yards to OIT 21. 13-Scott Nair FUMBLES recovered by OIT-13-Scott Nair at OIT 22. Tackle by 22-Christopher Stewart.",,,,,,,,,,,,,,,,,,"#11 Rene Johnson - P",,,,,,,,,,,,,,,,,,,"#57 Tommy Johnson - C",,"#13 Scott Nair - WR",,,"#27 Christopher McQueen - CB","#96 Terry Numbers - DT","#91 Harold Cohen - WLB",,"#28 Evan Williams - SS","#90 Jonathan Brown - SLB",,"#30 Jose Albarran - CB",,,,"#80 Willie Garcia - TE","#66 Andrew Turner - RG","#59 Edward Dunn - RT","#71 Billy Corgan - LT","#52 James Funches - LT","#81 Paul McCaslin - TE",,"#54 Michael Duncan - SLB","#64 Julian Work - LDE","#73 Willie Larmon - RDE","#95 Richard Lusk - RDE",,,,,,,
OIT,7:54,"OIT 22",2,1,10,"I Formation Normal Strong Flood","46 Heavy 2 Deep Man Under",1,7,3,"1-10-OIT 22 (7:55) 7-Basil Fisher pass complete to 25-Thomas Freed to OIT 23 for 1 yards. Tackle by 50-Carl Blackburn.","#7 Basil Fisher - QB","#25 Thomas Freed - RB",,,"#37 Michael Land - FB","#84 William Alderson - TE",,"#10 Perry Stickler - WR",,"#88 Melvin Alexander - WR",,,"#75 Robert England - LT","#60 Michael Shipp - LG","#74 Charles Ross - C","#66 Charles Shattuck - RG","#56 Micheal Torres - RT",,"#94 Shawn Santiago - LDE",,"#70 Robert Jackson - DT","#73 Darrell Vose - DT","#62 Spare Tire Dixon - RDE","#99 Vincent Sosa - SLB","#50 Carl Blackburn - MLB",,"#56 Andrew Chmielewski - WLB","#41 Elliott Lopez - CB","#34 Richard Dinardo - CB",,,,"#39 Russell Charles - SS","#37 Tom Morello - FS",,,,,,,,,,,,,,,,,,,,,,,,,,,,,,,,,,,,
OIT,7:22,"OIT 23",2,2,9,"Shotgun Normal TE Out","Nickel 3-3-5 Cover 2 Man Under",,7,3,"2-9-OIT 23 (7:21) 7-Basil Fisher pass Pass knocked down by 99-Vincent Sosa. incomplete, intended for 84-William Alderson.","#7 Basil Fisher - QB","#25 Thomas Freed - RB",,,,"#84 William Alderson - TE",,"#10 Perry Stickler - WR","#88 Melvin Alexander - WR","#13 Scott Nair - WR",,,"#75 Robert England - LT","#60 Michael Shipp - LG","#74 Charles Ross - C","#66 Charles Shattuck - RG","#56 Micheal Torres - RT",,"#94 Shawn Santiago - LDE",,"#70 Robert Jackson - DT",,"#62 Spare Tire Dixon - RDE","#99 Vincent Sosa - SLB","#50 Carl Blackburn - MLB",,"#55 Jeremy Hannon - WLB","#22 Christopher Stewart - CB","#41 Elliott Lopez - CB",,"#34 Richard Dinardo - CB",,"#21 James Savarese - SS","#27 Victor Anderson - SS",,,,,,,,,,,,,,,,,,,,,,,,,,,,,,,,,,,,
OIT,7:15,"OIT 23",2,3,9,"Shotgun Normal HB Dive","Nickel 3-3-5 Cover 2 Man Under",,7,3,"3-9-OIT 23 (7:16) 25-Thomas Freed ran to OIT 23 for a short gain. Tackle by 70-Robert Jackson. 74-Charles Ross completely missed his blocking assignment.","#7 Basil Fisher - QB","#25 Thomas Freed - RB",,,,"#84 William Alderson - TE",,"#10 Perry Stickler - WR","#88 Melvin Alexander - WR","#13 Scott Nair - WR",,,"#75 Robert England - LT","#60 Michael Shipp - LG","#74 Charles Ross - C","#66 Charles Shattuck - RG","#56 Micheal Torres - RT",,"#94 Shawn Santiago - LDE",,"#70 Robert Jackson - DT",,"#62 Spare Tire Dixon - RDE","#95 Anthony Salter - SLB","#51 Leo Morrison - MLB",,"#56 Andrew Chmielewski - WLB","#43 Milton Earley - CB","#22 Christopher Stewart - CB",,"#41 Elliott Lopez - CB",,"#39 Russell Charles - SS","#37 Tom Morello - FS",,,,,,,,,,,,,,,,,,,,,,,,,,,,,,,,,,,,
OIT,6:41,"OIT 23",2,4,9,Punt,"Punt Return",,7,3,"4-9-OIT 23 (6:40) 17-William Eller punts 51 yards to OMS 26. 84-Anthony Mistretta FUMBLES recovered by OMS-84-Anthony Mistretta to OMS 24 for -2 yards. Tackle by 42-Ronald Rooney.",,,,,,,,,,,,,,,,,,"#17 William Eller - P",,,,,,,,,,,,,,,,,,,"#56 Micheal Torres - RT",,"#84 Anthony Mistretta - WR",,,"#73 Darrell Vose - DT","#34 Richard Dinardo - CB","#98 Gregory King - WLB",,"#97 Paul Red - RDE","#39 Russell Charles - SS",,"#27 Victor Anderson - SS",,,,"#71 Michael Meeks - LT","#81 Roy Willis - TE","#66 Charles Shattuck - RG","#37 Michael Land - FB","#75 Robert England - LT","#74 Charles Ross - C",,"#99 Vincent Sosa - SLB","#62 Spare Tire Dixon - RDE","#56 Andrew Chmielewski - WLB","#94 Shawn Santiago - LDE",,,,,,,
OMS,6:30,"OMS 24",2,1,10,"I Formation Normal HB Dive","46 Heavy 2 Deep Man Under",6,7,3,"1-10-OMS 24 (6:31) 26-Edgardo Bradshaw ran to OMS 30 for 6 yards. Tackle by 28-Evan Williams. PENALTY - Holding (OMS 57-Tommy Johnson)","#9 Walton Smith - QB","#26 Edgardo Bradshaw - RB",,,"#31 Kurt Shoemaker - FB","#80 Willie Garcia - TE",,"#15 Thomas Fernandes - WR",,"#83 Paul Parson - WR",,,"#71 Billy Corgan - LT","#68 Andres Nash - RG","#57 Tommy Johnson - C","#53 William Jackson - RG","#59 Edward Dunn - RT",,"#64 Julian Work - LDE",,"#96 Terry Numbers - DT","#62 Shawn Olson - DT","#73 Willie Larmon - RDE","#90 Jonathan Brown - SLB","#51 James Minter - MLB",,"#91 Harold Cohen - WLB","#30 Jose Albarran - CB","#41 Jason Bush - CB",,,,"#28 Evan Williams - SS","#32 Eric Roberts - FS",,,,,,,,,,,,,,,,,,,,,,,,,,,,,,,,,,,,
OMS,6:27,"OMS 14",2,1,20,"Shotgun 2 RB 3 WR Strong Deep","Nickel 3-3-5 Cover 2 Man Under",10,7,3,"1-20-OMS 14 (6:28) 9-Walton Smith pass complete to 42-Arthur Cassady to OMS 24 for 10 yards. Tackle by 91-Harold Cohen.","#9 Walton Smith - QB","#48 Michael Spiller - RB","#42 Arthur Cassady - RB",,,,,"#83 Paul Parson - WR","#10 Michael Hecker - WR","#87 Richard Medina - WR",,,"#71 Billy Corgan - LT","#68 Andres Nash - RG","#57 Tommy Johnson - C","#53 William Jackson - RG","#59 Edward Dunn - RT",,"#64 Julian Work - LDE",,"#96 Terry Numbers - DT",,"#73 Willie Larmon - RDE","#90 Jonathan Brown - SLB","#51 James Minter - MLB",,"#91 Harold Cohen - WLB","#42 Ronald Rooney - CB","#27 Christopher McQueen - CB",,"#30 Jose Albarran - CB",,"#28 Evan Williams - SS","#32 Eric Roberts - FS",,,,,,,,,,,,,,,,,,,,,,,,,,,,,,,,,,,,
OMS,5:48,"OMS 24",2,2,10,"Shotgun 2 RB 3 WR Strong Deep","Nickel Normal Double WR3",-9,7,3,"2-10-OMS 24 (5:47) 9-Walton Smith sacked at OMS 15 for -9 yards (64-Julian Work). Sack allowed by 59-Edward Dunn.","#9 Walton Smith - QB","#26 Edgardo Bradshaw - RB","#46 Aaron Dean - RB",,,,,"#15 Thomas Fernandes - WR","#83 Paul Parson - WR","#84 Anthony Mistretta - WR",,,"#71 Billy Corgan - LT","#68 Andres Nash - RG","#57 Tommy Johnson - C","#53 William Jackson - RG","#59 Edward Dunn - RT",,"#64 Julian Work - LDE",,"#96 Terry Numbers - DT","#62 Shawn Olson - DT","#73 Willie Larmon - RDE",,"#90 Jonathan Brown - SLB",,"#91 Harold Cohen - WLB","#42 Ronald Rooney - CB","#27 Christopher McQueen - CB",,"#30 Jose Albarran - CB",,"#28 Evan Williams - SS","#32 Eric Roberts - FS",,,,,,,,,,,,,,,,,,,,,,,,,,,,,,,,,,,,
OMS,5:05,"OMS 15",2,3,19,"Shotgun 2 RB 3 WR FB In","Dime Normal Double WR1",,7,3,"3-19-OMS 15 (5:04) 9-Walton Smith pass Pass knocked down by 28-Evan Williams. incomplete, intended for 87-Richard Medina.","#9 Walton Smith - QB","#42 Arthur Cassady - RB","#31 Kurt Shoemaker - FB",,,,,"#87 Richard Medina - WR","#15 Thomas Fernandes - WR","#10 Michael Hecker - WR",,,"#71 Billy Corgan - LT","#68 Andres Nash - RG","#57 Tommy Johnson - C","#53 William Jackson - RG","#59 Edward Dunn - RT",,"#64 Julian Work - LDE",,"#96 Terry Numbers - DT","#62 Shawn Olson - DT","#73 Willie Larmon - RDE",,"#51 James Minter - MLB",,,"#42 Ronald Rooney - CB","#27 Christopher McQueen - CB","#41 Jason Bush - CB","#30 Jose Albarran - CB",,"#28 Evan Williams - SS","#32 Eric Roberts - FS",,,,,,,,,,,,,,,,,,,,,,,,,,,,,,,,,,,,
OMS,5:00,"OMS 15",2,4,19,Punt,"Punt Return",,7,3,"4-19-OMS 15 (5:01) 11-Rene Johnson punts 45 yards to OIT 40. Fair Catch by 13-Scott Nair. OIT 95-Richard Lusk was injured on the play. He looks like he should be able to return.",,,,,,,,,,,,,,,,,,"#11 Rene Johnson - P",,,,,,,,,,,,,,,,,,,"#59 Edward Dunn - RT",,"#13 Scott Nair - WR",,,"#27 Christopher McQueen - CB","#96 Terry Numbers - DT","#91 Harold Cohen - WLB",,"#28 Evan Williams - SS","#90 Jonathan Brown - SLB",,"#30 Jose Albarran - CB",,,,"#80 Willie Garcia - TE","#66 Andrew Turner - RG","#57 Tommy Johnson - C","#71 Billy Corgan - LT","#52 James Funches - LT","#81 Paul McCaslin - TE",,"#95 Richard Lusk - RDE","#51 James Minter - MLB","#64 Julian Work - LDE","#73 Willie Larmon - RDE",,,,,,,
OIT,4:54,"OIT 40",2,1,10,"I Formation 3WR Slot Corner Long","Nickel Normal Prevent",,7,3,"1-10-OIT 40 (4:55) 7-Basil Fisher pass Pass knocked down by 56-Andrew Chmielewski. incomplete, intended for 25-Thomas Freed. Pressure by 94-Shawn Santiago.","#7 Basil Fisher - QB","#25 Thomas Freed - RB",,,"#37 Michael Land - FB",,,"#10 Perry Stickler - WR","#13 Scott Nair - WR","#88 Melvin Alexander - WR",,,"#75 Robert England - LT","#60 Michael Shipp - LG","#74 Charles Ross - C","#66 Charles Shattuck - RG","#56 Micheal Torres - RT",,"#94 Shawn Santiago - LDE",,"#70 Robert Jackson - DT","#73 Darrell Vose - DT","#62 Spare Tire Dixon - RDE",,"#50 Carl Blackburn - MLB",,"#56 Andrew Chmielewski - WLB","#41 Elliott Lopez - CB","#34 Richard Dinardo - CB",,"#43 Milton Earley - CB",,"#39 Russell Charles - SS","#37 Tom Morello - FS",,,,,,,,,,,,,,,,,,,,,,,,,,,,,,,,,,,,
OIT,4:50,"OIT 40",2,2,10,"I Formation 3WR Slot Short WR Deep","Nickel Normal Man Cover 2",-8,7,3,"2-10-OIT 40 (4:51) 7-Basil Fisher sacked at OIT 33 for -8 yards (62-Spare Tire Dixon). Sack allowed by 75-Robert England.","#7 Basil Fisher - QB","#25 Thomas Freed - RB",,,"#37 Michael Land - FB",,,"#10 Perry Stickler - WR","#13 Scott Nair - WR","#88 Melvin Alexander - WR",,,"#75 Robert England - LT","#60 Michael Shipp - LG","#74 Charles Ross - C","#66 Charles Shattuck - RG","#56 Micheal Torres - RT",,"#98 Gregory King - WLB",,"#70 Robert Jackson - DT","#73 Darrell Vose - DT","#62 Spare Tire Dixon - RDE",,"#51 Leo Morrison - MLB",,"#55 Jeremy Hannon - WLB","#22 Christopher Stewart - CB","#43 Milton Earley - CB",,"#39 Russell Charles - SS",,"#21 James Savarese - SS","#27 Victor Anderson - SS",,,,,,,,,,,,,,,,,,,,,,,,,,,,,,,,,,,,
OIT,4:12,"OIT 33",2,3,18,"Shotgun Normal HB Flare","Nickel Normal 2 Deep Zone Under",5,7,3,"3-18-OIT 33 (4:11) 7-Basil Fisher pass complete to 29-Richard Honaker to OIT 38 for 5 yards. Tackle by 41-Elliott Lopez.","#7 Basil Fisher - QB","#29 Richard Honaker - RB",,,,"#84 William Alderson - TE",,"#10 Perry Stickler - WR","#88 Melvin Alexander - WR","#13 Scott Nair - WR",,,"#75 Robert England - LT","#60 Michael Shipp - LG","#74 Charles Ross - C","#66 Charles Shattuck - RG","#56 Micheal Torres - RT",,"#94 Shawn Santiago - LDE",,"#70 Robert Jackson - DT","#73 Darrell Vose - DT","#62 Spare Tire Dixon - RDE",,"#50 Carl Blackburn - MLB",,"#55 Jeremy Hannon - WLB","#41 Elliott Lopez - CB","#34 Richard Dinardo - CB",,"#22 Christopher Stewart - CB",,"#21 James Savarese - SS","#37 Tom Morello - FS",,,,,,,,,,,,,,,,,,,,,,,,,,,,,,,,,,,,
OIT,3:28,"OIT 38",2,4,13,Punt,"Punt Return",,7,3,"4-13-OIT 38 (3:27) 17-William Eller punts 48 yards to OMS 14. Fair Catch by 84-Anthony Mistretta.",,,,,,,,,,,,,,,,,,"#17 William Eller - P",,,,,,,,,,,,,,,,,,,"#56 Micheal Torres - RT",,"#84 Anthony Mistretta - WR",,,"#27 Victor Anderson - SS","#22 Christopher Stewart - CB","#98 Gregory King - WLB",,"#73 Darrell Vose - DT","#97 Paul Red - RDE",,"#39 Russell Charles - SS",,,,"#71 Michael Meeks - LT","#81 Roy Willis - TE","#66 Charles Shattuck - RG","#37 Michael Land - FB","#75 Robert England - LT","#74 Charles Ross - C",,"#94 Shawn Santiago - LDE","#62 Spare Tire Dixon - RDE","#99 Vincent Sosa - SLB","#56 Andrew Chmielewski - WLB",,,,,,,
OMS,3:20,"OMS 14",2,1,10,"I Formation Normal PA Outside Curls","4-3 Normal WLB MLB Blitz",,7,3,"1-10-OMS 14 (3:21) 9-Walton Smith pass Pass knocked down by 42-Ronald Rooney. incomplete, intended for 15-Thomas Fernandes.","#9 Walton Smith - QB","#26 Edgardo Bradshaw - RB",,,"#31 Kurt Shoemaker - FB","#80 Willie Garcia - TE",,"#15 Thomas Fernandes - WR",,"#83 Paul Parson - WR",,,"#71 Billy Corgan - LT","#68 Andres Nash - RG","#57 Tommy Johnson - C","#53 William Jackson - RG","#59 Edward Dunn - RT",,"#64 Julian Work - LDE",,"#96 Terry Numbers - DT","#62 Shawn Olson - DT","#73 Willie Larmon - RDE","#90 Jonathan Brown - SLB","#51 James Minter - MLB",,"#91 Harold Cohen - WLB","#42 Ronald Rooney - CB","#27 Christopher McQueen - CB",,,,"#28 Evan Williams - SS","#32 Eric Roberts - FS",,,,,,,,,,,,,,,,,,,,,,,,,,,,,,,,,,,,
OMS,3:15,"OMS 14",2,2,10,"Shotgun Normal Double Outs","Nickel Normal Man Cover 2",,7,3,"2-10-OMS 14 (3:16) 9-Walton Smith pass Pass knocked down by 30-Jose Albarran. incomplete, intended for 84-Anthony Mistretta.","#9 Walton Smith - QB","#48 Michael Spiller - RB",,,,"#80 Willie Garcia - TE",,"#87 Richard Medina - WR","#84 Anthony Mistretta - WR","#10 Michael Hecker - WR",,,"#71 Billy Corgan - LT","#68 Andres Nash - RG","#57 Tommy Johnson - C","#53 William Jackson - RG","#59 Edward Dunn - RT",,"#64 Julian Work - LDE",,"#96 Terry Numbers - DT","#62 Shawn Olson - DT","#73 Willie Larmon - RDE",,"#90 Jonathan Brown - SLB",,"#91 Harold Cohen - WLB","#42 Ronald Rooney - CB","#27 Christopher McQueen - CB",,"#30 Jose Albarran - CB",,"#28 Evan Williams - SS","#32 Eric Roberts - FS",,,,,,,,,,,,,,,,,,,,,,,,,,,,,,,,,,,,
OMS,3:12,"OMS 14",2,3,10,"Weak I Normal HB Inside Strong","Dime Normal Man Cover 1",4,7,3,"3-10-OMS 14 (3:13) 42-Arthur Cassady ran to OMS 18 for 4 yards. Tackle by 30-Jose Albarran.","#9 Walton Smith - QB","#42 Arthur Cassady - RB",,,"#31 Kurt Shoemaker - FB","#81 Paul McCaslin - TE",,"#83 Paul Parson - WR",,"#15 Thomas Fernandes - WR",,,"#71 Billy Corgan - LT","#68 Andres Nash - RG","#57 Tommy Johnson - C","#53 William Jackson - RG","#59 Edward Dunn - RT",,"#64 Julian Work - LDE",,"#96 Terry Numbers - DT","#62 Shawn Olson - DT","#73 Willie Larmon - RDE",,"#51 James Minter - MLB",,,"#42 Ronald Rooney - CB","#27 Christopher McQueen - CB","#41 Jason Bush - CB","#30 Jose Albarran - CB",,"#28 Evan Williams - SS","#32 Eric Roberts - FS",,,,,,,,,,,,,,,,,,,,,,,,,,,,,,,,,,,,
OMS,2:30,"OMS 18",2,4,6,Punt,"Punt Return",39,7,3,"4-6-OMS 18 (2:29) 11-Rene Johnson punts 39 yards to OIT 43.",,,,,,,,,,,,,,,,,,"#11 Rene Johnson - P",,,,,,,,,,,,,,,,,,,"#59 Edward Dunn - RT",,"#13 Scott Nair - WR",,,"#27 Christopher McQueen - CB","#96 Terry Numbers - DT","#91 Harold Cohen - WLB",,"#28 Evan Williams - SS","#90 Jonathan Brown - SLB",,"#30 Jose Albarran - CB",,,,"#80 Willie Garcia - TE","#66 Andrew Turner - RG","#57 Tommy Johnson - C","#71 Billy Corgan - LT","#52 James Funches - LT","#81 Paul McCaslin - TE",,"#95 Richard Lusk - RDE","#51 James Minter - MLB","#64 Julian Work - LDE","#73 Willie Larmon - RDE",,,,,,,
OIT,2:18,"OIT 43",2,1,10,"Strong I Normal WR Post TE Out","4-3 Normal WLB Outside Blitz",,7,3,"1-10-OIT 43 (2:19) 7-Basil Fisher pass incomplete, dropped by 25-Thomas Freed. Pressure by 62-Spare Tire Dixon.","#7 Basil Fisher - QB","#25 Thomas Freed - RB",,,"#37 Michael Land - FB","#84 William Alderson - TE",,"#10 Perry Stickler - WR",,"#88 Melvin Alexander - WR",,,"#75 Robert England - LT","#60 Michael Shipp - LG","#74 Charles Ross - C","#66 Charles Shattuck - RG","#56 Micheal Torres - RT",,"#94 Shawn Santiago - LDE",,"#70 Robert Jackson - DT","#73 Darrell Vose - DT","#62 Spare Tire Dixon - RDE","#99 Vincent Sosa - SLB","#50 Carl Blackburn - MLB",,"#56 Andrew Chmielewski - WLB","#41 Elliott Lopez - CB","#34 Richard Dinardo - CB",,,,"#39 Russell Charles - SS","#37 Tom Morello - FS",,,,,,,,,,,,,,,,,,,,,,,,,,,,,,,,,,,,
OIT,2:15,"OIT 43",2,2,10,"Split Backs 3 Wide WR Quick Out","Nickel Normal Prevent",,7,3,"2-10-OIT 43 (2:16) 7-Basil Fisher pass incomplete, dropped by 25-Thomas Freed.","#7 Basil Fisher - QB","#25 Thomas Freed - RB",,,"#37 Michael Land - FB",,,"#10 Perry Stickler - WR","#13 Scott Nair - WR","#88 Melvin Alexander - WR",,,"#75 Robert England - LT","#60 Michael Shipp - LG","#74 Charles Ross - C","#66 Charles Shattuck - RG","#56 Micheal Torres - RT",,"#73 Darrell Vose - DT",,"#70 Robert Jackson - DT","#62 Spare Tire Dixon - RDE","#97 Paul Red - RDE",,"#50 Carl Blackburn - MLB",,"#56 Andrew Chmielewski - WLB","#43 Milton Earley - CB","#21 James Savarese - SS",,"#41 Elliott Lopez - CB",,"#39 Russell Charles - SS","#37 Tom Morello - FS",,,,,,,,,,,,,,,,,,,,,,,,,,,,,,,,,,,,
OIT,2:11,"OIT 43",2,3,10,"I Formation 3WR Slot Short WR Deep","Nickel Normal 2 Deep Zone Under",,7,3,"3-10-OIT 43 (2:12) 7-Basil Fisher pass Pass knocked down by 43-Milton Earley. incomplete, intended for 10-Perry Stickler.","#7 Basil Fisher - QB","#29 Richard Honaker - RB",,,"#37 Michael Land - FB",,,"#10 Perry Stickler - WR","#13 Scott Nair - WR","#88 Melvin Alexander - WR",,,"#75 Robert England - LT","#60 Michael Shipp - LG","#74 Charles Ross - C","#66 Charles Shattuck - RG","#56 Micheal Torres - RT",,"#94 Shawn Santiago - LDE",,"#97 Paul Red - RDE","#70 Robert Jackson - DT","#62 Spare Tire Dixon - RDE",,"#51 Leo Morrison - MLB",,"#55 Jeremy Hannon - WLB","#43 Milton Earley - CB","#21 James Savarese - SS",,"#41 Elliott Lopez - CB",,"#34 Richard Dinardo - CB","#39 Russell Charles - SS",,,,,,,,,,,,,,,,,,,,,,,,,,,,,,,,,,,,
OIT,2:08,"OIT 43",2,4,10,Punt,"Punt Return",,7,3,"4-10-OIT 43 (2:09) 17-William Eller punts 47 yards to OMS 10. Fair Catch by 84-Anthony Mistretta.",,,,,,,,,,,,,,,,,,"#17 William Eller - P",,,,,,,,,,,,,,,,,,,"#56 Micheal Torres - RT",,"#84 Anthony Mistretta - WR",,,"#99 Vincent Sosa - SLB","#97 Paul Red - RDE","#73 Darrell Vose - DT",,"#22 Christopher Stewart - CB","#98 Gregory King - WLB",,"#27 Victor Anderson - SS",,,,"#71 Michael Meeks - LT","#81 Roy Willis - TE","#66 Charles Shattuck - RG","#37 Michael Land - FB","#75 Robert England - LT","#74 Charles Ross - C",,"#34 Richard Dinardo - CB","#62 Spare Tire Dixon - RDE","#56 Andrew Chmielewski - WLB","#94 Shawn Santiago - LDE",,,,,,,
OMS,2:01,"OMS 10",2,1,10,"I Formation Power HB Strong Outside","4-3 Normal WLB MLB Blitz",1,7,3,"1-10-OMS 10 (2:02) 26-Edgardo Bradshaw ran to OMS 11 for 1 yards. 26-Edgardo Bradshaw FUMBLES (51-James Minter) recovered by OMS-59-Edward Dunn at OMS 11. Tackle by 32-Eric Roberts.","#9 Walton Smith - QB","#26 Edgardo Bradshaw - RB",,"#46 Aaron Dean - RB","#31 Kurt Shoemaker - FB","#80 Willie Garcia - TE",,"#15 Thomas Fernandes - WR",,,,,"#71 Billy Corgan - LT","#68 Andres Nash - RG","#57 Tommy Johnson - C","#53 William Jackson - RG","#59 Edward Dunn - RT",,"#64 Julian Work - LDE",,"#96 Terry Numbers - DT","#62 Shawn Olson - DT","#73 Willie Larmon - RDE","#90 Jonathan Brown - SLB","#51 James Minter - MLB",,"#58 Jonathan Higgins - WLB","#30 Jose Albarran - CB","#41 Jason Bush - CB",,,,"#28 Evan Williams - SS","#32 Eric Roberts - FS",,,,,,,,,,,,,,,,,,,,,,,,,,,,,,,,,,,,
,1:58,,2,2,9,,,,7,3,"Timeout for two minute warning.",,,,,,,,,,,,,,,,,,,,,,,,,,,,,,,,,,,,,,,,,,,,,,,,,,,,,,,,,,,,,,,,,,,,,,
OMS,1:57,"OMS 11",2,2,9,"Shotgun 2 RB 3 WR Shotgun Sweep","Nickel Normal SS Blitz",35,7,3,"2-9-OMS 11 (1:58) 42-Arthur Cassady ran to OMS 9 for -2 yards. 42-Arthur Cassady FUMBLES (90-Jonathan Brown) Tackle by 64-Julian Work.","#9 Walton Smith - QB","#48 Michael Spiller - RB","#42 Arthur Cassady - RB",,,,,"#15 Thomas Fernandes - WR","#87 Richard Medina - WR","#83 Paul Parson - WR",,,"#71 Billy Corgan - LT","#68 Andres Nash - RG","#57 Tommy Johnson - C","#53 William Jackson - RG","#66 Andrew Turner - RG",,"#64 Julian Work - LDE",,"#96 Terry Numbers - DT","#62 Shawn Olson - DT","#73 Willie Larmon - RDE",,"#90 Jonathan Brown - SLB",,"#91 Harold Cohen - WLB","#42 Ronald Rooney - CB","#27 Christopher McQueen - CB",,"#30 Jose Albarran - CB",,"#28 Evan Williams - SS","#32 Eric Roberts - FS",,,,,,,,,,,,,,,,,,,,,,,,,,,,,,,,,,,,
,1:50,,2,1,10,,,,7,3,"Timeout OMS",,,,,,,,,,,,,,,,,,,,,,,,,,,,,,,,,,,,,,,,,,,,,,,,,,,,,,,,,,,,,,,,,,,,,,
OMS,1:47,"OMS 46",2,1,10,"Weak I Normal WR Corner TE Middle","4-3 Normal OLB Blitz Inside",,7,3,"1-10-OMS 46 (1:48) 9-Walton Smith pass Pass knocked down by 43-Herschel Toth. incomplete, intended for 80-Willie Garcia. PENALTY - Pass Interference (OIT 43-Herschel Toth)","#9 Walton Smith - QB","#26 Edgardo Bradshaw - RB",,,"#31 Kurt Shoemaker - FB","#80 Willie Garcia - TE",,"#15 Thomas Fernandes - WR",,"#83 Paul Parson - WR",,,"#71 Billy Corgan - LT","#74 Scott Braun - RG","#57 Tommy Johnson - C","#53 William Jackson - RG","#59 Edward Dunn - RT",,"#64 Julian Work - LDE",,"#96 Terry Numbers - DT","#62 Shawn Olson - DT","#73 Willie Larmon - RDE","#90 Jonathan Brown - SLB","#51 James Minter - MLB",,"#91 Harold Cohen - WLB","#42 Ronald Rooney - CB","#27 Christopher McQueen - CB",,,,"#33 Thomas Hutchinson - SS","#43 Herschel Toth - FS",,,,,,,,,,,,,,,,,,,,,,,,,,,,,,,,,,,,
OMS,1:43,"OIT 44",2,1,10,"Shotgun Normal Double Outs","Dime Normal Double WR2",,7,3,"1-10-OIT 44 (1:44) 9-Walton Smith pass INTERCEPTED by 42-Ronald Rooney at OIT 44. 42-Ronald Rooney to OIT 44 for 0 yards. Tackle by 87-Richard Medina.","#9 Walton Smith - QB","#48 Michael Spiller - RB",,,,"#81 Paul McCaslin - TE",,"#87 Richard Medina - WR","#84 Anthony Mistretta - WR","#10 Michael Hecker - WR",,,"#71 Billy Corgan - LT","#68 Andres Nash - RG","#57 Tommy Johnson - C","#53 William Jackson - RG","#59 Edward Dunn - RT",,"#64 Julian Work - LDE",,"#96 Terry Numbers - DT","#62 Shawn Olson - DT","#73 Willie Larmon - RDE",,"#51 James Minter - MLB",,,"#42 Ronald Rooney - CB","#27 Christopher McQueen - CB","#41 Jason Bush - CB","#30 Jose Albarran - CB",,"#28 Evan Williams - SS","#32 Eric Roberts - FS",,,,,,,,,,,,,,,,,,,,,,,,,,,,,,,,,,,,
OIT,1:41,"OIT 44",2,1,10,"Shotgun Normal Post Flags","Nickel 3-3-5 Cover 2 Man Under",,7,3,"1-10-OIT 44 (1:42) 7-Basil Fisher pass Pass knocked down by 99-Vincent Sosa. incomplete, intended for 84-William Alderson. 56-Andrew Chmielewski got away with a hold on that play. PENALTY - Pass Interference (OMS 99-Vincent Sosa)","#7 Basil Fisher - QB","#25 Thomas Freed - RB",,,,"#84 William Alderson - TE",,"#10 Perry Stickler - WR","#88 Melvin Alexander - WR","#13 Scott Nair - WR",,,"#75 Robert England - LT","#60 Michael Shipp - LG","#74 Charles Ross - C","#66 Charles Shattuck - RG","#56 Micheal Torres - RT",,"#94 Shawn Santiago - LDE",,"#70 Robert Jackson - DT",,"#62 Spare Tire Dixon - RDE","#99 Vincent Sosa - SLB","#50 Carl Blackburn - MLB",,"#56 Andrew Chmielewski - WLB","#22 Christopher Stewart - CB","#41 Elliott Lopez - CB",,"#34 Richard Dinardo - CB",,"#39 Russell Charles - SS","#27 Victor Anderson - SS",,,,,,,,,,,,,,,,,,,,,,,,,,,,,,,,,,,,
OIT,1:38,"OIT 49",2,1,10,"Singleback Slot Strong Skinny Posts","Nickel Normal Man Cover 2",3,7,3,"1-10-OIT 49 (1:39) 7-Basil Fisher pass complete to 84-William Alderson to OMS 48 for 3 yards. Tackle by 51-Leo Morrison. Great move by 84-William Alderson to get free of his coverage.","#7 Basil Fisher - QB","#25 Thomas Freed - RB",,,,"#84 William Alderson - TE",,"#13 Scott Nair - WR","#88 Melvin Alexander - WR","#10 Perry Stickler - WR",,,"#75 Robert England - LT","#60 Michael Shipp - LG","#74 Charles Ross - C","#66 Charles Shattuck - RG","#56 Micheal Torres - RT",,"#94 Shawn Santiago - LDE",,"#70 Robert Jackson - DT","#73 Darrell Vose - DT","#62 Spare Tire Dixon - RDE",,"#51 Leo Morrison - MLB",,"#56 Andrew Chmielewski - WLB","#43 Milton Earley - CB","#22 Christopher Stewart - CB",,"#41 Elliott Lopez - CB",,"#21 James Savarese - SS","#37 Tom Morello - FS",,,,,,,,,,,,,,,,,,,,,,,,,,,,,,,,,,,,
,1:36,,2,2,7,,,,7,3,"Timeout OIT",,,,,,,,,,,,,,,,,,,,,,,,,,,,,,,,,,,,,,,,,,,,,,,,,,,,,,,,,,,,,,,,,,,,,,
OIT,1:33,"OMS 48",2,2,7,"Split Backs 3 Wide Slot Post","Nickel Normal Prevent",13,7,3,"2-7-OMS 48 (1:34) 7-Basil Fisher pass complete to 10-Perry Stickler to OMS 35 for 13 yards. Tackle by 50-Carl Blackburn.","#7 Basil Fisher - QB","#25 Thomas Freed - RB",,,"#37 Michael Land - FB",,,"#10 Perry Stickler - WR","#13 Scott Nair - WR","#88 Melvin Alexander - WR",,,"#75 Robert England - LT","#60 Michael Shipp - LG","#74 Charles Ross - C","#66 Charles Shattuck - RG","#56 Micheal Torres - RT",,"#94 Shawn Santiago - LDE",,"#70 Robert Jackson - DT","#73 Darrell Vose - DT","#97 Paul Red - RDE",,"#50 Carl Blackburn - MLB",,"#55 Jeremy Hannon - WLB","#34 Richard Dinardo - CB","#43 Milton Earley - CB",,"#22 Christopher Stewart - CB",,"#39 Russell Charles - SS","#27 Victor Anderson - SS",,,,,,,,,,,,,,,,,,,,,,,,,,,,,,,,,,,,
,1:30,,2,1,10,,,,7,3,"Timeout OIT",,,,,,,,,,,,,,,,,,,,,,,,,,,,,,,,,,,,,,,,,,,,,,,,,,,,,,,,,,,,,,,,,,,,,,
OIT,1:26,"OMS 35",2,1,10,"Weak I Normal WR Corner TE Middle","4-3 Normal Double Safety Blitz",,7,3,"1-10-OMS 35 (1:27) 7-Basil Fisher pass Pass knocked down by 99-Vincent Sosa. incomplete, intended for 84-William Alderson. Pressure by 94-Shawn Santiago.","#7 Basil Fisher - QB","#25 Thomas Freed - RB",,,"#37 Michael Land - FB","#84 William Alderson - TE",,"#10 Perry Stickler - WR",,"#88 Melvin Alexander - WR",,,"#75 Robert England - LT","#60 Michael Shipp - LG","#74 Charles Ross - C","#66 Charles Shattuck - RG","#56 Micheal Torres - RT",,"#94 Shawn Santiago - LDE",,"#70 Robert Jackson - DT","#73 Darrell Vose - DT","#62 Spare Tire Dixon - RDE","#99 Vincent Sosa - SLB","#51 Leo Morrison - MLB",,"#56 Andrew Chmielewski - WLB","#41 Elliott Lopez - CB","#43 Milton Earley - CB",,,,"#21 James Savarese - SS","#37 Tom Morello - FS",,,,,,,,,,,,,,,,,,,,,,,,,,,,,,,,,,,,
OIT,1:22,"OMS 35",2,2,10,"Split Backs 3 Wide Slot Post","Nickel Normal 2 Deep Zone Under",12,7,3,"2-10-OMS 35 (1:23) 7-Basil Fisher pass complete to 25-Thomas Freed to OMS 23 for 12 yards.","#7 Basil Fisher - QB","#25 Thomas Freed - RB",,,"#37 Michael Land - FB",,,"#10 Perry Stickler - WR","#13 Scott Nair - WR","#88 Melvin Alexander - WR",,,"#75 Robert England - LT","#60 Michael Shipp - LG","#74 Charles Ross - C","#66 Charles Shattuck - RG","#56 Micheal Torres - RT",,"#98 Gregory King - WLB",,"#70 Robert Jackson - DT","#73 Darrell Vose - DT","#62 Spare Tire Dixon - RDE",,"#50 Carl Blackburn - MLB",,"#55 Jeremy Hannon - WLB","#22 Christopher Stewart - CB","#34 Richard Dinardo - CB",,"#41 Elliott Lopez - CB",,"#39 Russell Charles - SS","#27 Victor Anderson - SS",,,,,,,,,,,,,,,,,,,,,,,,,,,,,,,,,,,,
OIT,1:17,"OMS 23",2,1,10,"Shotgun Normal Post Flags","Nickel Normal Shallow Zone Deep",4,7,3,"1-10-OMS 23 (1:18) 7-Basil Fisher pass complete to 84-William Alderson to OMS 19 for 4 yards. Tackle by 51-Leo Morrison.","#7 Basil Fisher - QB","#37 Michael Land - FB",,,,"#84 William Alderson - TE",,"#13 Scott Nair - WR","#29 Richard Honaker - RB","#15 Kenneth Carr - WR",,,"#75 Robert England - LT","#60 Michael Shipp - LG","#74 Charles Ross - C","#66 Charles Shattuck - RG","#56 Micheal Torres - RT",,"#94 Shawn Santiago - LDE",,"#70 Robert Jackson - DT","#73 Darrell Vose - DT","#62 Spare Tire Dixon - RDE",,"#51 Leo Morrison - MLB",,"#98 Gregory King - WLB","#43 Milton Earley - CB","#34 Richard Dinardo - CB",,"#39 Russell Charles - SS",,"#21 James Savarese - SS","#37 Tom Morello - FS",,,,,,,,,,,,,,,,,,,,,,,,,,,,,,,,,,,,
OIT,0:54,"OMS 19",2,2,6,"Split Backs 3 Wide Slot Post","Nickel Normal Shallow Zone Deep",-8,7,3,"2-6-OMS 19 (0:53) 7-Basil Fisher sacked at OMS 27 for -8 yards (62-Spare Tire Dixon). Sack allowed by 75-Robert England.","#7 Basil Fisher - QB","#29 Richard Honaker - RB",,,"#37 Michael Land - FB",,,"#10 Perry Stickler - WR","#13 Scott Nair - WR","#88 Melvin Alexander - WR",,,"#75 Robert England - LT","#60 Michael Shipp - LG","#74 Charles Ross - C","#66 Charles Shattuck - RG","#56 Micheal Torres - RT",,"#94 Shawn Santiago - LDE",,"#70 Robert Jackson - DT","#73 Darrell Vose - DT","#62 Spare Tire Dixon - RDE",,"#50 Carl Blackburn - MLB",,"#56 Andrew Chmielewski - WLB","#43 Milton Earley - CB","#22 Christopher Stewart - CB",,"#34 Richard Dinardo - CB",,"#21 James Savarese - SS","#37 Tom Morello - FS",,,,,,,,,,,,,,,,,,,,,,,,,,,,,,,,,,,,
OIT,0:32,"OMS 27",2,3,14,"Shotgun Normal Post Flags","Nickel Normal Prevent",2,7,3,"3-14-OMS 27 (0:31) 7-Basil Fisher pass complete to 84-William Alderson to OMS 25 for 2 yards. Tackle by 55-Jeremy Hannon.","#7 Basil Fisher - QB","#25 Thomas Freed - RB",,,,"#84 William Alderson - TE",,"#13 Scott Nair - WR","#29 Richard Honaker - RB","#15 Kenneth Carr - WR",,,"#75 Robert England - LT","#60 Michael Shipp - LG","#74 Charles Ross - C","#66 Charles Shattuck - RG","#56 Micheal Torres - RT",,"#94 Shawn Santiago - LDE",,"#70 Robert Jackson - DT","#73 Darrell Vose - DT","#62 Spare Tire Dixon - RDE",,"#51 Leo Morrison - MLB",,"#55 Jeremy Hannon - WLB","#27 Victor Anderson - SS","#41 Elliott Lopez - CB",,"#43 Milton Earley - CB",,"#21 James Savarese - SS","#39 Russell Charles - SS",,,,,,,,,,,,,,,,,,,,,,,,,,,,,,,,,,,,
OIT,0:05,"OMS 25",2,4,12,"Field Goal","FG Block",36,7,6,"4-12-OMS 25 (0:04) 14-Richard Byrd 42 yard field goal is GOOD. OMS 7 OIT 6",,,,,,,,,,,,,,,,,,,,,,,,,,,,,,,,,,,,"#66 Charles Shattuck - RG","#56 Micheal Torres - RT",,,,,,,,,,,,,,"#14 Richard Byrd - K","#67 John Richmond - LG","#74 Charles Ross - C","#71 Michael Meeks - LT","#37 Michael Land - FB","#75 Robert England - LT","#81 Roy Willis - TE","#70 Joseph Simpson - RG","#60 Michael Shipp - LG","#94 Shawn Santiago - LDE","#99 Vincent Sosa - SLB","#98 Gregory King - WLB","#56 Andrew Chmielewski - WLB","#55 Jeremy Hannon - WLB","#97 Paul Red - RDE","#51 Leo Morrison - MLB","#41 Elliott Lopez - CB","#62 Spare Tire Dixon - RDE","#34 Richard Dinardo - CB","#73 Darrell Vose - DT"
,0:01,,2,6,10,,,,7,6,"End of half.",,,,,,,,,,,,,,,,,,,,,,,,,,,,,,,,,,,,,,,,,,,,,,,,,,,,,,,,,,,,,,,,,,,,,,
OMS,15:00,"OMS 35",3,6,10,Kickoff,"Kick Return",,7,6,"(15:00) 7-Charles Parkman kicks 70 yards from OMS 35 to OIT -5. 25-Thomas Freed to OIT 29 for 34 yards. Tackle by 98-Gregory King.",,,,,,,,,,,,,,,,,,,,,,,,,,,,,,,,,,,,,,"#25 Thomas Freed - RB",,"#27 Christopher McQueen - CB","#51 James Minter - MLB","#28 Evan Williams - SS","#42 Ronald Rooney - CB","#91 Harold Cohen - WLB","#64 Julian Work - LDE","#30 Jose Albarran - CB","#96 Terry Numbers - DT","#54 Michael Duncan - SLB","#73 Willie Larmon - RDE","#7 Charles Parkman - K",,,,,,,,,,,,,,,,,,,,
OIT,14:53,"OIT 29",3,1,10,"Split Backs 3 Wide WR Quick Out","Nickel Normal Man Cover 2",5,7,6,"1-10-OIT 29 (14:54) 7-Basil Fisher pass complete to 37-Michael Land to OIT 34 for 5 yards. Tackle by 55-Jeremy Hannon.","#7 Basil Fisher - QB","#29 Richard Honaker - RB",,,"#37 Michael Land - FB",,,"#10 Perry Stickler - WR","#13 Scott Nair - WR","#88 Melvin Alexander - WR",,,"#75 Robert England - LT","#60 Michael Shipp - LG","#74 Charles Ross - C","#66 Charles Shattuck - RG","#56 Micheal Torres - RT",,"#73 Darrell Vose - DT",,"#70 Robert Jackson - DT","#97 Paul Red - RDE","#62 Spare Tire Dixon - RDE",,"#50 Carl Blackburn - MLB",,"#55 Jeremy Hannon - WLB","#41 Elliott Lopez - CB","#43 Milton Earley - CB",,"#39 Russell Charles - SS",,"#21 James Savarese - SS","#37 Tom Morello - FS",,,,,,,,,,,,,,,,,,,,,,,,,,,,,,,,,,,,
OIT,14:22,"OIT 34",3,2,5,"I Formation Normal HB Blast","4-3 Normal Man Under 1",1,7,6,"2-5-OIT 34 (14:21) 25-Thomas Freed ran to OIT 35 for 1 yards. Tackle by 50-Carl Blackburn.","#7 Basil Fisher - QB","#25 Thomas Freed - RB",,,"#37 Michael Land - FB","#84 William Alderson - TE",,"#10 Perry Stickler - WR",,"#88 Melvin Alexander - WR",,,"#75 Robert England - LT","#60 Michael Shipp - LG","#74 Charles Ross - C","#66 Charles Shattuck - RG","#56 Micheal Torres - RT",,"#98 Gregory King - WLB",,"#70 Robert Jackson - DT","#73 Darrell Vose - DT","#62 Spare Tire Dixon - RDE","#99 Vincent Sosa - SLB","#50 Carl Blackburn - MLB",,"#56 Andrew Chmielewski - WLB","#22 Christopher Stewart - CB","#41 Elliott Lopez - CB",,,,"#39 Russell Charles - SS","#27 Victor Anderson - SS",,,,,,,,,,,,,,,,,,,,,,,,,,,,,,,,,,,,
OIT,13:39,"OIT 35",3,3,4,"I Formation 3WR WR Out","Nickel 3-3-5 Cover 2 Man Under",8,7,6,"3-4-OIT 35 (13:38) 7-Basil Fisher pass complete to 13-Scott Nair to OIT 43 for 8 yards. Tackle by 34-Richard Dinardo.","#7 Basil Fisher - QB","#25 Thomas Freed - RB",,,"#37 Michael Land - FB",,,"#10 Perry Stickler - WR","#13 Scott Nair - WR","#88 Melvin Alexander - WR",,,"#75 Robert England - LT","#60 Michael Shipp - LG","#74 Charles Ross - C","#66 Charles Shattuck - RG","#56 Micheal Torres - RT",,"#94 Shawn Santiago - LDE",,"#70 Robert Jackson - DT",,"#62 Spare Tire Dixon - RDE","#99 Vincent Sosa - SLB","#50 Carl Blackburn - MLB",,"#55 Jeremy Hannon - WLB","#22 Christopher Stewart - CB","#41 Elliott Lopez - CB",,"#34 Richard Dinardo - CB",,"#39 Russell Charles - SS","#27 Victor Anderson - SS",,,,,,,,,,,,,,,,,,,,,,,,,,,,,,,,,,,,
OIT,13:01,"OIT 43",3,1,10,"I Formation 3WR FL Post","Nickel Normal Prevent",15,7,6,"1-10-OIT 43 (13:00) 7-Basil Fisher pass complete to 25-Thomas Freed to OMS 43 for 15 yards.","#7 Basil Fisher - QB","#25 Thomas Freed - RB",,,"#37 Michael Land - FB",,,"#10 Perry Stickler - WR","#13 Scott Nair - WR","#88 Melvin Alexander - WR",,,"#75 Robert England - LT","#60 Michael Shipp - LG","#74 Charles Ross - C","#66 Charles Shattuck - RG","#56 Micheal Torres - RT",,"#94 Shawn Santiago - LDE",,"#70 Robert Jackson - DT","#73 Darrell Vose - DT","#62 Spare Tire Dixon - RDE",,"#51 Leo Morrison - MLB",,"#56 Andrew Chmielewski - WLB","#43 Milton Earley - CB","#22 Christopher Stewart - CB",,"#41 Elliott Lopez - CB",,"#21 James Savarese - SS","#37 Tom Morello - FS",,,,,,,,,,,,,,,,,,,,,,,,,,,,,,,,,,,,
OIT,12:20,"OMS 43",3,1,10,"I Formation 3WR HB Inside Weak","Nickel 3-3-5 Cover 2 Man Under",11,7,6,"1-10-OMS 43 (12:19) 29-Richard Honaker ran to OMS 31 for 11 yards. Tackle by 39-Russell Charles.","#7 Basil Fisher - QB","#29 Richard Honaker - RB",,,"#37 Michael Land - FB",,,"#10 Perry Stickler - WR","#15 Kenneth Carr - WR","#13 Scott Nair - WR",,,"#75 Robert England - LT","#60 Michael Shipp - LG","#74 Charles Ross - C","#66 Charles Shattuck - RG","#56 Micheal Torres - RT",,"#98 Gregory King - WLB",,"#73 Darrell Vose - DT",,"#70 Robert Jackson - DT","#99 Vincent Sosa - SLB","#50 Carl Blackburn - MLB",,"#55 Jeremy Hannon - WLB","#34 Richard Dinardo - CB","#43 Milton Earley - CB",,"#21 James Savarese - SS",,"#39 Russell Charles - SS","#27 Victor Anderson - SS",,,,,,,,,,,,,,,,,,,,,,,,,,,,,,,,,,,,
OIT,11:34,"OMS 31",3,1,10,"Weak I Normal Skinny Posts","4-3 Normal OLB Blitz Outside",,7,6,"1-10-OMS 31 (11:33) 7-Basil Fisher pass incomplete, intended for 84-William Alderson.","#7 Basil Fisher - QB","#29 Richard Honaker - RB",,,"#37 Michael Land - FB","#84 William Alderson - TE",,"#10 Perry Stickler - WR",,"#88 Melvin Alexander - WR",,,"#75 Robert England - LT","#60 Michael Shipp - LG","#74 Charles Ross - C","#66 Charles Shattuck - RG","#56 Micheal Torres - RT",,"#94 Shawn Santiago - LDE",,"#70 Robert Jackson - DT","#73 Darrell Vose - DT","#62 Spare Tire Dixon - RDE","#99 Vincent Sosa - SLB","#50 Carl Blackburn - MLB",,"#55 Jeremy Hannon - WLB","#34 Richard Dinardo - CB","#41 Elliott Lopez - CB",,,,"#43 Milton Earley - CB","#37 Tom Morello - FS",,,,,,,,,,,,,,,,,,,,,,,,,,,,,,,,,,,,
OIT,11:30,"OMS 31",3,2,10,"Strong I Normal HB Off Tackle Strong","46 Heavy 2 Deep Man Under",,7,6,"2-10-OMS 31 (11:31) 29-Richard Honaker ran to OMS 23 for 8 yards. 29-Richard Honaker FUMBLES (27-Victor Anderson) recovered by OMS-27-Victor Anderson at OMS 24. Tackle by 37-Michael Land.","#7 Basil Fisher - QB","#29 Richard Honaker - RB",,,"#37 Michael Land - FB","#84 William Alderson - TE",,"#10 Perry Stickler - WR",,"#88 Melvin Alexander - WR",,,"#75 Robert England - LT","#60 Michael Shipp - LG","#74 Charles Ross - C","#66 Charles Shattuck - RG","#56 Micheal Torres - RT",,"#94 Shawn Santiago - LDE",,"#70 Robert Jackson - DT","#73 Darrell Vose - DT","#62 Spare Tire Dixon - RDE","#99 Vincent Sosa - SLB","#50 Carl Blackburn - MLB",,"#55 Jeremy Hannon - WLB","#22 Christopher Stewart - CB","#34 Richard Dinardo - CB",,,,"#39 Russell Charles - SS","#27 Victor Anderson - SS",,,,,,,,,,,,,,,,,,,,,,,,,,,,,,,,,,,,
OMS,11:24,"OMS 24",3,1,10,"I Formation Normal FL Hook","4-3 Normal WLB MLB Blitz",,7,6,"1-10-OMS 24 (11:25) 9-Walton Smith pass Pass knocked down by 32-Eric Roberts. incomplete, intended for 80-Willie Garcia.","#9 Walton Smith - QB","#26 Edgardo Bradshaw - RB",,,"#31 Kurt Shoemaker - FB","#80 Willie Garcia - TE",,"#15 Thomas Fernandes - WR",,"#83 Paul Parson - WR",,,"#71 Billy Corgan - LT","#68 Andres Nash - RG","#57 Tommy Johnson - C","#53 William Jackson - RG","#59 Edward Dunn - RT",,"#64 Julian Work - LDE",,"#96 Terry Numbers - DT","#62 Shawn Olson - DT","#73 Willie Larmon - RDE","#90 Jonathan Brown - SLB","#51 James Minter - MLB",,"#91 Harold Cohen - WLB","#42 Ronald Rooney - CB","#27 Christopher McQueen - CB",,,,"#28 Evan Williams - SS","#32 Eric Roberts - FS",,,,,,,,,,,,,,,,,,,,,,,,,,,,,,,,,,,,
OMS,11:22,"OMS 24",3,2,10,"Weak I Normal HB Inside Strong","4-3 Normal Man Under 1",1,7,6,"2-10-OMS 24 (11:23) 48-Michael Spiller ran to OMS 24 for 1 yards. Tackle by 62-Shawn Olson.","#9 Walton Smith - QB","#48 Michael Spiller - RB",,,"#31 Kurt Shoemaker - FB","#81 Paul McCaslin - TE",,"#87 Richard Medina - WR",,"#10 Michael Hecker - WR",,,"#71 Billy Corgan - LT","#68 Andres Nash - RG","#57 Tommy Johnson - C","#53 William Jackson - RG","#59 Edward Dunn - RT",,"#64 Julian Work - LDE",,"#96 Terry Numbers - DT","#62 Shawn Olson - DT","#73 Willie Larmon - RDE","#90 Jonathan Brown - SLB","#51 James Minter - MLB",,"#91 Harold Cohen - WLB","#42 Ronald Rooney - CB","#27 Christopher McQueen - CB",,,,"#28 Evan Williams - SS","#32 Eric Roberts - FS",,,,,,,,,,,,,,,,,,,,,,,,,,,,,,,,,,,,
OMS,10:39,"OMS 24",3,3,9,"Goal Line Normal PA TE Drag","Dime Normal Double WR2",,7,6,"3-9-OMS 24 (10:38) 9-Walton Smith pass incomplete, intended for 80-Willie Garcia.","#9 Walton Smith - QB","#26 Edgardo Bradshaw - RB",,"#46 Aaron Dean - RB","#31 Kurt Shoemaker - FB","#80 Willie Garcia - TE","#81 Paul McCaslin - TE",,,,,,"#71 Billy Corgan - LT","#68 Andres Nash - RG","#57 Tommy Johnson - C","#53 William Jackson - RG","#59 Edward Dunn - RT",,"#64 Julian Work - LDE",,"#96 Terry Numbers - DT","#62 Shawn Olson - DT","#73 Willie Larmon - RDE",,"#51 James Minter - MLB",,,"#42 Ronald Rooney - CB","#27 Christopher McQueen - CB","#41 Jason Bush - CB","#30 Jose Albarran - CB",,"#28 Evan Williams - SS","#32 Eric Roberts - FS",,,,,,,,,,,,,,,,,,,,,,,,,,,,,,,,,,,,
OMS,10:35,"OMS 24",3,4,9,Punt,"Punt Return",,7,6,"4-9-OMS 24 (10:36) 11-Rene Johnson punts 49 yards to OIT 26. Fair Catch by 13-Scott Nair.",,,,,,,,,,,,,,,,,,"#11 Rene Johnson - P",,,,,,,,,,,,,,,,,,,"#57 Tommy Johnson - C",,"#13 Scott Nair - WR",,,"#27 Christopher McQueen - CB","#96 Terry Numbers - DT","#91 Harold Cohen - WLB",,"#28 Evan Williams - SS","#90 Jonathan Brown - SLB",,"#30 Jose Albarran - CB",,,,"#80 Willie Garcia - TE","#66 Andrew Turner - RG","#59 Edward Dunn - RT","#71 Billy Corgan - LT","#52 James Funches - LT","#81 Paul McCaslin - TE",,"#95 Richard Lusk - RDE","#51 James Minter - MLB","#64 Julian Work - LDE","#73 Willie Larmon - RDE",,,,,,,
OIT,10:29,"OIT 26",3,1,10,"I Formation 3WR Slot Corner Long","Nickel Normal Shallow Zone Deep",6,7,6,"1-10-OIT 26 (10:30) 7-Basil Fisher pass complete to 10-Perry Stickler to OIT 33 for 6 yards. Tackle by 37-Tom Morello.","#7 Basil Fisher - QB","#25 Thomas Freed - RB",,,"#37 Michael Land - FB",,,"#10 Perry Stickler - WR","#13 Scott Nair - WR","#88 Melvin Alexander - WR",,,"#75 Robert England - LT","#60 Michael Shipp - LG","#74 Charles Ross - C","#66 Charles Shattuck - RG","#56 Micheal Torres - RT",,"#94 Shawn Santiago - LDE",,"#70 Robert Jackson - DT","#73 Darrell Vose - DT","#62 Spare Tire Dixon - RDE",,"#50 Carl Blackburn - MLB",,"#56 Andrew Chmielewski - WLB","#41 Elliott Lopez - CB","#34 Richard Dinardo - CB",,"#43 Milton Earley - CB",,"#39 Russell Charles - SS","#37 Tom Morello - FS",,,,,,,,,,,,,,,,,,,,,,,,,,,,,,,,,,,,
OIT,9:48,"OIT 33",3,2,4,"Strong I Normal Short Attack","4-3 Normal WLB Outside Blitz",,7,6,"2-4-OIT 33 (9:47) 7-Basil Fisher pass Pass knocked down by 22-Christopher Stewart. incomplete, intended for 84-William Alderson.","#7 Basil Fisher - QB","#25 Thomas Freed - RB",,,"#37 Michael Land - FB","#84 William Alderson - TE",,"#10 Perry Stickler - WR",,"#88 Melvin Alexander - WR",,,"#75 Robert England - LT","#60 Michael Shipp - LG","#74 Charles Ross - C","#66 Charles Shattuck - RG","#56 Micheal Torres - RT",,"#94 Shawn Santiago - LDE",,"#70 Robert Jackson - DT","#73 Darrell Vose - DT","#62 Spare Tire Dixon - RDE","#99 Vincent Sosa - SLB","#51 Leo Morrison - MLB",,"#55 Jeremy Hannon - WLB","#22 Christopher Stewart - CB","#43 Milton Earley - CB",,,,"#21 James Savarese - SS","#27 Victor Anderson - SS",,,,,,,,,,,,,,,,,,,,,,,,,,,,,,,,,,,,
OIT,9:44,"OIT 33",3,3,4,"Shotgun Normal TE Out","Nickel Normal Man Cover 2",,13,6,"3-4-OIT 33 (9:45) 7-Basil Fisher sacked at OIT 23 for -9 yards (62-Spare Tire Dixon). Sack allowed by 75-Robert England. 7-Basil Fisher FUMBLES (62-Spare Tire Dixon) recovered by OMS-62-Spare Tire Dixon for 21 yards. TOUCHDOWN! PENALTY - Holding (OIT 74-Charles Ross) (Declined) OMS 13 OIT 6","#7 Basil Fisher - QB","#25 Thomas Freed - RB",,,,"#84 William Alderson - TE",,"#10 Perry Stickler - WR","#88 Melvin Alexander - WR","#13 Scott Nair - WR",,,"#75 Robert England - LT","#60 Michael Shipp - LG","#74 Charles Ross - C","#66 Charles Shattuck - RG","#56 Micheal Torres - RT",,"#94 Shawn Santiago - LDE",,"#70 Robert Jackson - DT","#73 Darrell Vose - DT","#62 Spare Tire Dixon - RDE",,"#50 Carl Blackburn - MLB",,"#56 Andrew Chmielewski - WLB","#41 Elliott Lopez - CB","#34 Richard Dinardo - CB",,"#21 James Savarese - SS",,"#39 Russell Charles - SS","#37 Tom Morello - FS",,,,,,,,,,,,,,,,,,,,,,,,,,,,,,,,,,,,
OMS,9:36,"OIT 15",3,7,15,"Field Goal","FG Block",25,13,6,"(9:37) Extra point by 7-Charles Parkman is NO GOOD. (Wide Left)",,,,,,,,,,,,,,,,,,,,,,,,,,,,,,,,,,,,"#9 Walton Smith - QB","#57 Tommy Johnson - C",,,,,,,,,,,,,,"#7 Charles Parkman - K","#42 Arthur Cassady - RB","#80 Willie Garcia - TE","#66 Andrew Turner - RG","#59 Edward Dunn - RT","#71 Billy Corgan - LT","#52 James Funches - LT","#81 Paul McCaslin - TE","#15 Thomas Fernandes - WR","#95 Richard Lusk - RDE","#51 James Minter - MLB","#64 Julian Work - LDE","#73 Willie Larmon - RDE","#92 Jordan White - RDE","#62 Shawn Olson - DT","#28 Evan Williams - SS","#96 Terry Numbers - DT","#54 Michael Duncan - SLB","#90 Jonathan Brown - SLB","#30 Jose Albarran - CB"
OMS,9:36,"OMS 35",3,6,10,Kickoff,"Kick Return",,13,6,"(9:37) 7-Charles Parkman kicks 74 yards from OMS 35 to OIT -9. Touchback.",,,,,,,,,,,,,,,,,,,,,,,,,,,,,,,,,,,,,,"#25 Thomas Freed - RB",,"#27 Christopher McQueen - CB","#51 James Minter - MLB","#28 Evan Williams - SS","#42 Ronald Rooney - CB","#91 Harold Cohen - WLB","#64 Julian Work - LDE","#30 Jose Albarran - CB","#96 Terry Numbers - DT","#54 Michael Duncan - SLB","#73 Willie Larmon - RDE","#7 Charles Parkman - K",,,,,,,,,,,,,,,,,,,,
OIT,9:36,"OIT 25",3,1,10,"Shotgun Normal HB Delay","Nickel Normal Man Cover 2",,13,6,"1-10-OIT 25 (9:37) 25-Thomas Freed ran to OIT 25 for a short gain. Tackle by 55-Jeremy Hannon.","#7 Basil Fisher - QB","#25 Thomas Freed - RB",,,,"#84 William Alderson - TE",,"#10 Perry Stickler - WR","#88 Melvin Alexander - WR","#13 Scott Nair - WR",,,"#75 Robert England - LT","#60 Michael Shipp - LG","#74 Charles Ross - C","#66 Charles Shattuck - RG","#56 Micheal Torres - RT",,"#94 Shawn Santiago - LDE",,"#70 Robert Jackson - DT","#73 Darrell Vose - DT","#62 Spare Tire Dixon - RDE",,"#50 Carl Blackburn - MLB",,"#55 Jeremy Hannon - WLB","#43 Milton Earley - CB","#41 Elliott Lopez - CB",,"#22 Christopher Stewart - CB",,"#21 James Savarese - SS","#37 Tom Morello - FS",,,,,,,,,,,,,,,,,,,,,,,,,,,,,,,,,,,,
OIT,9:04,"OIT 25",3,2,10,"Weak I Normal HB Inside Weak","4-3 Normal Cover 3 Zone Under",12,13,6,"2-10-OIT 25 (9:03) 25-Thomas Freed ran to OIT 37 for 12 yards. Tackle by 43-Milton Earley. OMS 70-Robert Jackson was injured on the play. He looks like he should be able to return.","#7 Basil Fisher - QB","#25 Thomas Freed - RB",,,"#37 Michael Land - FB","#84 William Alderson - TE",,"#10 Perry Stickler - WR",,"#88 Melvin Alexander - WR",,,"#75 Robert England - LT","#60 Michael Shipp - LG","#74 Charles Ross - C","#66 Charles Shattuck - RG","#56 Micheal Torres - RT",,"#70 Robert Jackson - DT",,"#73 Darrell Vose - DT","#94 Shawn Santiago - LDE","#62 Spare Tire Dixon - RDE","#95 Anthony Salter - SLB","#50 Carl Blackburn - MLB",,"#56 Andrew Chmielewski - WLB","#41 Elliott Lopez - CB","#37 Tom Morello - FS",,,,"#43 Milton Earley - CB","#21 James Savarese - SS",,,,,,,,,,,,,,,,,,,,,,,,,,,,,,,,,,,,
OIT,8:24,"OIT 37",3,1,10,"I Formation Normal HB Blast","4-3 Normal Double Safety Blitz",2,13,6,"1-10-OIT 37 (8:23) 29-Richard Honaker ran to OIT 39 for 2 yards. Tackle by 27-Victor Anderson.","#7 Basil Fisher - QB","#29 Richard Honaker - RB",,,"#37 Michael Land - FB","#84 William Alderson - TE",,"#88 Melvin Alexander - WR",,"#13 Scott Nair - WR",,,"#75 Robert England - LT","#60 Michael Shipp - LG","#74 Charles Ross - C","#66 Charles Shattuck - RG","#56 Micheal Torres - RT",,"#94 Shawn Santiago - LDE",,"#73 Darrell Vose - DT","#97 Paul Red - RDE","#62 Spare Tire Dixon - RDE","#99 Vincent Sosa - SLB","#50 Carl Blackburn - MLB",,"#56 Andrew Chmielewski - WLB","#43 Milton Earley - CB","#21 James Savarese - SS",,,,"#37 Tom Morello - FS","#27 Victor Anderson - SS",,,,,,,,,,,,,,,,,,,,,,,,,,,,,,,,,,,,
OIT,7:51,"OIT 39",3,2,8,"Split Backs 3 Wide Dive Right","Nickel 3-3-5 Cover 2 Man Under",2,13,6,"2-8-OIT 39 (7:50) 29-Richard Honaker ran to OIT 41 for 2 yards. Tackle by 73-Darrell Vose.","#7 Basil Fisher - QB","#29 Richard Honaker - RB",,,"#37 Michael Land - FB",,,"#10 Perry Stickler - WR","#13 Scott Nair - WR","#88 Melvin Alexander - WR",,,"#75 Robert England - LT","#60 Michael Shipp - LG","#74 Charles Ross - C","#66 Charles Shattuck - RG","#56 Micheal Torres - RT",,"#94 Shawn Santiago - LDE",,"#73 Darrell Vose - DT",,"#62 Spare Tire Dixon - RDE","#99 Vincent Sosa - SLB","#50 Carl Blackburn - MLB",,"#56 Andrew Chmielewski - WLB","#22 Christopher Stewart - CB","#41 Elliott Lopez - CB",,"#34 Richard Dinardo - CB",,"#39 Russell Charles - SS","#37 Tom Morello - FS",,,,,,,,,,,,,,,,,,,,,,,,,,,,,,,,,,,,
OIT,7:18,"OIT 41",3,3,6,"Singleback Slot Strong TE Corner","Nickel Normal Prevent",10,13,6,"3-6-OIT 41 (7:17) 7-Basil Fisher pass complete to 13-Scott Nair to OMS 49 for 10 yards. Tackle by 56-Andrew Chmielewski.","#7 Basil Fisher - QB","#25 Thomas Freed - RB",,,,"#84 William Alderson - TE",,"#13 Scott Nair - WR","#88 Melvin Alexander - WR","#10 Perry Stickler - WR",,,"#75 Robert England - LT","#60 Michael Shipp - LG","#74 Charles Ross - C","#66 Charles Shattuck - RG","#56 Micheal Torres - RT",,"#94 Shawn Santiago - LDE",,"#73 Darrell Vose - DT","#97 Paul Red - RDE","#62 Spare Tire Dixon - RDE",,"#50 Carl Blackburn - MLB",,"#56 Andrew Chmielewski - WLB","#43 Milton Earley - CB","#37 Tom Morello - FS",,"#22 Christopher Stewart - CB",,"#21 James Savarese - SS","#27 Victor Anderson - SS",,,,,,,,,,,,,,,,,,,,,,,,,,,,,,,,,,,,
OIT,6:33,"OMS 49",3,1,10,"Shotgun Normal HB Flare","Nickel 3-3-5 Cover 2 Man Under",,13,6,"1-10-OMS 49 (6:32) 7-Basil Fisher pass Pass knocked down by 39-Russell Charles. incomplete, intended for 25-Thomas Freed. 55-Jeremy Hannon got away with a hold on that play.","#7 Basil Fisher - QB","#25 Thomas Freed - RB",,,,"#84 William Alderson - TE",,"#88 Melvin Alexander - WR","#15 Kenneth Carr - WR","#13 Scott Nair - WR",,,"#75 Robert England - LT","#60 Michael Shipp - LG","#74 Charles Ross - C","#66 Charles Shattuck - RG","#56 Micheal Torres - RT",,"#94 Shawn Santiago - LDE",,"#73 Darrell Vose - DT",,"#62 Spare Tire Dixon - RDE","#99 Vincent Sosa - SLB","#51 Leo Morrison - MLB",,"#55 Jeremy Hannon - WLB","#41 Elliott Lopez - CB","#43 Milton Earley - CB",,"#21 James Savarese - SS",,"#39 Russell Charles - SS","#34 Richard Dinardo - CB",,,,,,,,,,,,,,,,,,,,,,,,,,,,,,,,,,,,
OIT,6:24,"OMS 49",3,2,10,"Weak I Normal Fullback Counter Weak","4-3 Normal Man QB Spy",7,13,6,"2-10-OMS 49 (6:25) 25-Thomas Freed ran to OMS 42 for 7 yards. Tackle by 27-Victor Anderson. OMS 97-Paul Red was injured on the play. He looks like he should be able to return.","#7 Basil Fisher - QB","#37 Michael Land - FB",,,"#25 Thomas Freed - RB","#85 Samuel Fisher - TE",,"#10 Perry Stickler - WR",,"#29 Richard Honaker - RB",,,"#75 Robert England - LT","#60 Michael Shipp - LG","#74 Charles Ross - C","#66 Charles Shattuck - RG","#56 Micheal Torres - RT",,"#94 Shawn Santiago - LDE",,"#73 Darrell Vose - DT","#97 Paul Red - RDE","#62 Spare Tire Dixon - RDE","#95 Anthony Salter - SLB","#50 Carl Blackburn - MLB",,"#56 Andrew Chmielewski - WLB","#22 Christopher Stewart - CB","#41 Elliott Lopez - CB",,,,"#27 Victor Anderson - SS","#37 Tom Morello - FS",,,,,,,,,,,,,,,,,,,,,,,,,,,,,,,,,,,,
OIT,5:48,"OMS 42",3,3,3,"Weak I Normal HB Inside Weak","46 Heavy 2 Deep Man Under",4,13,6,"3-3-OMS 42 (5:47) 29-Richard Honaker ran to OMS 38 for 4 yards. Tackle by 56-Andrew Chmielewski.","#7 Basil Fisher - QB","#29 Richard Honaker - RB",,,"#37 Michael Land - FB","#84 William Alderson - TE",,"#10 Perry Stickler - WR",,"#15 Kenneth Carr - WR",,,"#75 Robert England - LT","#60 Michael Shipp - LG","#74 Charles Ross - C","#66 Charles Shattuck - RG","#56 Micheal Torres - RT",,"#94 Shawn Santiago - LDE",,"#73 Darrell Vose - DT","#98 Gregory King - WLB","#62 Spare Tire Dixon - RDE","#95 Anthony Salter - SLB","#91 Charles Moreno - MLB",,"#56 Andrew Chmielewski - WLB","#22 Christopher Stewart - CB","#34 Richard Dinardo - CB",,,,"#27 Victor Anderson - SS","#37 Tom Morello - FS",,,,,,,,,,,,,,,,,,,,,,,,,,,,,,,,,,,,
OIT,5:13,"OMS 38",3,1,10,"Singleback Slot Strong Overload Strong","Nickel Normal SS Blitz",7,13,6,"1-10-OMS 38 (5:12) 7-Basil Fisher pass complete to 13-Scott Nair to OMS 31 for 7 yards. Tackle by 50-Carl Blackburn.","#7 Basil Fisher - QB","#29 Richard Honaker - RB",,,,"#84 William Alderson - TE",,"#13 Scott Nair - WR","#15 Kenneth Carr - WR","#10 Perry Stickler - WR",,,"#75 Robert England - LT","#60 Michael Shipp - LG","#74 Charles Ross - C","#66 Charles Shattuck - RG","#56 Micheal Torres - RT",,"#94 Shawn Santiago - LDE",,"#73 Darrell Vose - DT","#98 Gregory King - WLB","#62 Spare Tire Dixon - RDE",,"#50 Carl Blackburn - MLB",,"#56 Andrew Chmielewski - WLB","#22 Christopher Stewart - CB","#34 Richard Dinardo - CB",,"#43 Milton Earley - CB",,"#37 Tom Morello - FS","#27 Victor Anderson - SS",,,,,,,,,,,,,,,,,,,,,,,,,,,,,,,,,,,,
OIT,4:34,"OMS 31",3,2,3,"I Formation 3WR Slot Corner Short","Nickel Normal Man Cover 2",9,13,6,"2-3-OMS 31 (4:33) 7-Basil Fisher pass complete to 10-Perry Stickler to OMS 23 for 9 yards. Tackle by 51-Leo Morrison. 10-Perry Stickler did some fancy footwork there.","#7 Basil Fisher - QB","#29 Richard Honaker - RB",,,"#37 Michael Land - FB",,,"#10 Perry Stickler - WR","#15 Kenneth Carr - WR","#88 Melvin Alexander - WR",,,"#75 Robert England - LT","#60 Michael Shipp - LG","#74 Charles Ross - C","#66 Charles Shattuck - RG","#56 Micheal Torres - RT",,"#94 Shawn Santiago - LDE",,"#73 Darrell Vose - DT","#99 Vincent Sosa - SLB","#62 Spare Tire Dixon - RDE",,"#51 Leo Morrison - MLB",,"#55 Jeremy Hannon - WLB","#41 Elliott Lopez - CB","#21 James Savarese - SS",,"#34 Richard Dinardo - CB",,"#39 Russell Charles - SS","#37 Tom Morello - FS",,,,,,,,,,,,,,,,,,,,,,,,,,,,,,,,,,,,
OIT,3:53,"OMS 23",3,1,10,"Shotgun Normal TE Out","Nickel Normal Shallow Zone Deep",7,13,6,"1-10-OMS 23 (3:52) 7-Basil Fisher pass complete to 84-William Alderson to OMS 15 for 7 yards. Tackle by 22-Christopher Stewart.","#7 Basil Fisher - QB","#25 Thomas Freed - RB",,,,"#84 William Alderson - TE",,"#88 Melvin Alexander - WR","#15 Kenneth Carr - WR","#13 Scott Nair - WR",,,"#75 Robert England - LT","#60 Michael Shipp - LG","#74 Charles Ross - C","#66 Charles Shattuck - RG","#56 Micheal Torres - RT",,"#94 Shawn Santiago - LDE",,"#73 Darrell Vose - DT","#98 Gregory King - WLB","#62 Spare Tire Dixon - RDE",,"#50 Carl Blackburn - MLB",,"#56 Andrew Chmielewski - WLB","#22 Christopher Stewart - CB","#21 James Savarese - SS",,"#37 Tom Morello - FS",,"#43 Milton Earley - CB","#27 Victor Anderson - SS",,,,,,,,,,,,,,,,,,,,,,,,,,,,,,,,,,,,
OIT,3:08,"OMS 15",3,2,3,"I Formation Normal Strong Flood","4-3 Normal WLB Outside Blitz",11,13,6,"2-3-OMS 15 (3:07) 7-Basil Fisher pass complete to 25-Thomas Freed to OMS 5 for 11 yards.","#7 Basil Fisher - QB","#25 Thomas Freed - RB",,,"#37 Michael Land - FB","#84 William Alderson - TE",,"#10 Perry Stickler - WR",,"#13 Scott Nair - WR",,,"#75 Robert England - LT","#60 Michael Shipp - LG","#74 Charles Ross - C","#66 Charles Shattuck - RG","#56 Micheal Torres - RT",,"#94 Shawn Santiago - LDE",,"#73 Darrell Vose - DT","#98 Gregory King - WLB","#62 Spare Tire Dixon - RDE","#99 Vincent Sosa - SLB","#51 Leo Morrison - MLB",,"#55 Jeremy Hannon - WLB","#41 Elliott Lopez - CB","#22 Christopher Stewart - CB",,,,"#39 Russell Charles - SS","#27 Victor Anderson - SS",,,,,,,,,,,,,,,,,,,,,,,,,,,,,,,,,,,,
OIT,2:27,"OMS 5",3,1,5,"Singleback Slot Strong Skinny Posts","Nickel Normal Shallow Zone Deep",,13,6,"1-5-OMS 5 (2:26) 7-Basil Fisher pass INTERCEPTED by 50-Carl Blackburn at OMS 1. 50-Carl Blackburn to OMS 2 for 1 yards. Tackle by 84-William Alderson. Pressure by 97-Paul Red. 50-Carl Blackburn got away with a hold on that play. 97-Paul Red totally missed that block.","#7 Basil Fisher - QB","#29 Richard Honaker - RB",,,,"#84 William Alderson - TE",,"#13 Scott Nair - WR","#88 Melvin Alexander - WR","#10 Perry Stickler - WR",,,"#75 Robert England - LT","#60 Michael Shipp - LG","#74 Charles Ross - C","#66 Charles Shattuck - RG","#56 Micheal Torres - RT",,"#98 Gregory King - WLB",,"#73 Darrell Vose - DT","#94 Shawn Santiago - LDE","#97 Paul Red - RDE",,"#50 Carl Blackburn - MLB",,"#56 Andrew Chmielewski - WLB","#34 Richard Dinardo - CB","#43 Milton Earley - CB",,"#41 Elliott Lopez - CB",,"#21 James Savarese - SS","#37 Tom Morello - FS",,,,,,,,,,,,,,,,,,,,,,,,,,,,,,,,,,,,
OMS,2:21,"OMS 2",3,1,10,"I Formation Normal Max Protect","4-3 Normal OLB Blitz Inside",,13,6,"1-10-OMS 2 (2:22) 9-Walton Smith pass incomplete, intended for 26-Edgardo Bradshaw.","#9 Walton Smith - QB","#26 Edgardo Bradshaw - RB",,,"#31 Kurt Shoemaker - FB","#80 Willie Garcia - TE",,"#15 Thomas Fernandes - WR",,"#83 Paul Parson - WR",,,"#71 Billy Corgan - LT","#68 Andres Nash - RG","#57 Tommy Johnson - C","#53 William Jackson - RG","#59 Edward Dunn - RT",,"#64 Julian Work - LDE",,"#96 Terry Numbers - DT","#62 Shawn Olson - DT","#73 Willie Larmon - RDE","#90 Jonathan Brown - SLB","#51 James Minter - MLB",,"#91 Harold Cohen - WLB","#42 Ronald Rooney - CB","#27 Christopher McQueen - CB",,,,"#28 Evan Williams - SS","#32 Eric Roberts - FS",,,,,,,,,,,,,,,,,,,,,,,,,,,,,,,,,,,,
OMS,2:18,"OMS 2",3,2,10,"Shotgun 2 RB 3 WR Strong Deep","Nickel Normal SS Blitz",-10,13,8,"2-10-OMS 2 (2:19) 9-Walton Smith sacked at OMS -7 for -10 yards (64-Julian Work). Sack allowed by 59-Edward Dunn. SAFETY! (64-Julian Work) OMS 13 OIT 8","#9 Walton Smith - QB","#48 Michael Spiller - RB","#42 Arthur Cassady - RB",,,,,"#87 Richard Medina - WR","#84 Anthony Mistretta - WR","#10 Michael Hecker - WR",,,"#71 Billy Corgan - LT","#68 Andres Nash - RG","#57 Tommy Johnson - C","#53 William Jackson - RG","#59 Edward Dunn - RT",,"#64 Julian Work - LDE",,"#96 Terry Numbers - DT","#62 Shawn Olson - DT","#73 Willie Larmon - RDE",,"#90 Jonathan Brown - SLB",,"#91 Harold Cohen - WLB","#42 Ronald Rooney - CB","#27 Christopher McQueen - CB",,"#30 Jose Albarran - CB",,"#28 Evan Williams - SS","#32 Eric Roberts - FS",,,,,,,,,,,,,,,,,,,,,,,,,,,,,,,,,,,,
OMS,2:15,"OMS 20",3,6,10,Kickoff,"Kick Return",,13,8,"(2:16) 7-Charles Parkman kicks 70 yards from OMS 20 to OIT 10. 25-Thomas Freed to OIT 44 for 35 yards. Tackle by 7-Charles Parkman.",,,,,,,,,,,,,,,,,,,,,,,,,,,,,,,,,,,,,,"#25 Thomas Freed - RB",,"#27 Christopher McQueen - CB","#51 James Minter - MLB","#28 Evan Williams - SS","#42 Ronald Rooney - CB","#91 Harold Cohen - WLB","#64 Julian Work - LDE","#30 Jose Albarran - CB","#96 Terry Numbers - DT","#54 Michael Duncan - SLB","#73 Willie Larmon - RDE","#7 Charles Parkman - K",,,,,,,,,,,,,,,,,,,,
OIT,2:09,"OIT 44",3,1,10,"Singleback Slot Strong Overload Strong","Nickel Normal 2 Deep Zone Under",,13,8,"1-10-OIT 44 (2:10) 7-Basil Fisher pass Pass knocked down by 43-Milton Earley. incomplete, intended for 10-Perry Stickler.","#7 Basil Fisher - QB","#29 Richard Honaker - RB",,,,"#84 William Alderson - TE",,"#13 Scott Nair - WR","#88 Melvin Alexander - WR","#10 Perry Stickler - WR",,,"#75 Robert England - LT","#60 Michael Shipp - LG","#74 Charles Ross - C","#66 Charles Shattuck - RG","#56 Micheal Torres - RT",,"#98 Gregory King - WLB",,"#62 Spare Tire Dixon - RDE","#94 Shawn Santiago - LDE","#73 Darrell Vose - DT",,"#50 Carl Blackburn - MLB",,"#56 Andrew Chmielewski - WLB","#41 Elliott Lopez - CB","#43 Milton Earley - CB",,"#22 Christopher Stewart - CB",,"#21 James Savarese - SS","#37 Tom Morello - FS",,,,,,,,,,,,,,,,,,,,,,,,,,,,,,,,,,,,
OIT,2:05,"OIT 44",3,2,10,"Strong I Normal WR Post TE Out","4-3 Normal WLB Outside Blitz",1,13,8,"2-10-OIT 44 (2:06) 7-Basil Fisher pass complete to 10-Perry Stickler to OIT 45 for 1 yards. Tackle by 34-Richard Dinardo.","#7 Basil Fisher - QB","#25 Thomas Freed - RB",,,"#37 Michael Land - FB","#84 William Alderson - TE",,"#10 Perry Stickler - WR",,"#88 Melvin Alexander - WR",,,"#75 Robert England - LT","#60 Michael Shipp - LG","#74 Charles Ross - C","#66 Charles Shattuck - RG","#56 Micheal Torres - RT",,"#94 Shawn Santiago - LDE",,"#73 Darrell Vose - DT","#97 Paul Red - RDE","#62 Spare Tire Dixon - RDE","#99 Vincent Sosa - SLB","#51 Leo Morrison - MLB",,"#55 Jeremy Hannon - WLB","#34 Richard Dinardo - CB","#22 Christopher Stewart - CB",,,,"#39 Russell Charles - SS","#27 Victor Anderson - SS",,,,,,,,,,,,,,,,,,,,,,,,,,,,,,,,,,,,
OIT,1:33,"OIT 45",3,3,9,"Shotgun Normal Double Outs","Nickel Normal Prevent",10,13,8,"3-9-OIT 45 (1:32) 7-Basil Fisher pass complete to 88-Melvin Alexander to OMS 45 for 10 yards. Tackle by 41-Elliott Lopez.","#7 Basil Fisher - QB","#29 Richard Honaker - RB",,,,"#84 William Alderson - TE",,"#10 Perry Stickler - WR","#88 Melvin Alexander - WR","#13 Scott Nair - WR",,,"#75 Robert England - LT","#60 Michael Shipp - LG","#74 Charles Ross - C","#66 Charles Shattuck - RG","#56 Micheal Torres - RT",,"#94 Shawn Santiago - LDE",,"#73 Darrell Vose - DT","#97 Paul Red - RDE","#62 Spare Tire Dixon - RDE",,"#50 Carl Blackburn - MLB",,"#55 Jeremy Hannon - WLB","#43 Milton Earley - CB","#41 Elliott Lopez - CB",,"#27 Victor Anderson - SS",,"#21 James Savarese - SS","#37 Tom Morello - FS",,,,,,,,,,,,,,,,,,,,,,,,,,,,,,,,,,,,
OIT,0:49,"OMS 45",3,1,10,"Split Backs 3 Wide Slot Post","Nickel Normal Man Cover 2",-8,13,8,"1-10-OMS 45 (0:48) 7-Basil Fisher sacked at OIT 47 for -8 yards (94-Shawn Santiago). Sack allowed by 75-Robert England.","#7 Basil Fisher - QB","#25 Thomas Freed - RB",,,"#37 Michael Land - FB",,,"#13 Scott Nair - WR","#29 Richard Honaker - RB","#15 Kenneth Carr - WR",,,"#75 Robert England - LT","#60 Michael Shipp - LG","#74 Charles Ross - C","#66 Charles Shattuck - RG","#56 Micheal Torres - RT",,"#98 Gregory King - WLB",,"#73 Darrell Vose - DT","#62 Spare Tire Dixon - RDE","#94 Shawn Santiago - LDE",,"#51 Leo Morrison - MLB",,"#56 Andrew Chmielewski - WLB","#22 Christopher Stewart - CB","#43 Milton Earley - CB",,"#21 James Savarese - SS",,"#39 Russell Charles - SS","#34 Richard Dinardo - CB",,,,,,,,,,,,,,,,,,,,,,,,,,,,,,,,,,,,
OIT,0:04,"OIT 47",3,2,18,"Strong I Normal HB Off Tackle Strong","4-3 Under Double LB Blitz",5,13,8,"2-18-OIT 47 (0:03) 25-Thomas Freed ran to OMS 48 for 5 yards. Tackle by 55-Jeremy Hannon.","#7 Basil Fisher - QB","#25 Thomas Freed - RB",,,"#37 Michael Land - FB","#84 William Alderson - TE",,"#10 Perry Stickler - WR",,"#88 Melvin Alexander - WR",,,"#75 Robert England - LT","#60 Michael Shipp - LG","#74 Charles Ross - C","#66 Charles Shattuck - RG","#56 Micheal Torres - RT",,"#98 Gregory King - WLB",,"#73 Darrell Vose - DT","#94 Shawn Santiago - LDE","#62 Spare Tire Dixon - RDE","#99 Vincent Sosa - SLB","#50 Carl Blackburn - MLB",,"#55 Jeremy Hannon - WLB","#41 Elliott Lopez - CB","#22 Christopher Stewart - CB",,,,"#37 Tom Morello - FS","#27 Victor Anderson - SS",,,,,,,,,,,,,,,,,,,,,,,,,,,,,,,,,,,,
,0:00,,3,3,13,,,,13,8,"End of third quarter.",,,,,,,,,,,,,,,,,,,,,,,,,,,,,,,,,,,,,,,,,,,,,,,,,,,,,,,,,,,,,,,,,,,,,,
OIT,15:00,"OMS 48",4,3,13,"I Formation Normal HB Draw","4-3 Normal Man QB Spy",6,13,8,"3-13-OMS 48 (15:00) 29-Richard Honaker ran to OMS 42 for 6 yards. Tackle by 39-Russell Charles.","#7 Basil Fisher - QB","#29 Richard Honaker - RB",,,"#37 Michael Land - FB","#84 William Alderson - TE",,"#10 Perry Stickler - WR",,"#13 Scott Nair - WR",,,"#75 Robert England - LT","#60 Michael Shipp - LG","#74 Charles Ross - C","#66 Charles Shattuck - RG","#56 Micheal Torres - RT",,"#94 Shawn Santiago - LDE",,"#73 Darrell Vose - DT","#97 Paul Red - RDE","#62 Spare Tire Dixon - RDE","#95 Anthony Salter - SLB","#50 Carl Blackburn - MLB",,"#56 Andrew Chmielewski - WLB","#34 Richard Dinardo - CB","#43 Milton Earley - CB",,,,"#39 Russell Charles - SS","#37 Tom Morello - FS",,,,,,,,,,,,,,,,,,,,,,,,,,,,,,,,,,,,
OIT,14:18,"OMS 42",4,4,7,Punt,"Punt Return",40,13,8,"4-7-OMS 42 (14:17) 17-William Eller punts 40 yards to OMS 2.",,,,,,,,,,,,,,,,,,"#17 William Eller - P",,,,,,,,,,,,,,,,,,,"#56 Micheal Torres - RT",,"#22 Christopher Stewart - CB",,,"#27 Victor Anderson - SS","#39 Russell Charles - SS","#98 Gregory King - WLB",,"#73 Darrell Vose - DT","#97 Paul Red - RDE",,"#34 Richard Dinardo - CB",,,,"#71 Michael Meeks - LT","#81 Roy Willis - TE","#66 Charles Shattuck - RG","#37 Michael Land - FB","#75 Robert England - LT","#74 Charles Ross - C",,"#56 Andrew Chmielewski - WLB","#62 Spare Tire Dixon - RDE","#99 Vincent Sosa - SLB","#41 Elliott Lopez - CB",,,,,,,
OMS,14:07,"OMS 2",4,1,10,"Goal Line Normal PA TE Drag","Dime Flat CB3 CB4 Blitz",4,13,8,"1-10-OMS 2 (14:08) 9-Walton Smith pass complete to 80-Willie Garcia to OMS 6 for 4 yards. Tackle by 30-Jose Albarran.","#9 Walton Smith - QB","#26 Edgardo Bradshaw - RB",,"#46 Aaron Dean - RB","#31 Kurt Shoemaker - FB","#80 Willie Garcia - TE","#81 Paul McCaslin - TE",,,,,,"#71 Billy Corgan - LT","#68 Andres Nash - RG","#57 Tommy Johnson - C","#53 William Jackson - RG","#59 Edward Dunn - RT",,"#64 Julian Work - LDE",,"#96 Terry Numbers - DT","#62 Shawn Olson - DT","#73 Willie Larmon - RDE",,"#51 James Minter - MLB",,,"#30 Jose Albarran - CB","#41 Jason Bush - CB","#43 Herschel Toth - FS","#46 James Hanger - CB",,"#28 Evan Williams - SS","#32 Eric Roberts - FS",,,,,,,,,,,,,,,,,,,,,,,,,,,,,,,,,,,,
OMS,13:30,"OMS 6",4,2,6,"Shotgun 2 RB 3 WR FB In","Nickel Blitz Stunt Blitz",,13,8,"2-6-OMS 6 (13:29) 9-Walton Smith pass INTERCEPTED by 28-Evan Williams at OMS 16. 28-Evan Williams to OMS 16 for 0 yards. Tackle by 48-Michael Spiller.","#9 Walton Smith - QB","#48 Michael Spiller - RB","#42 Arthur Cassady - RB",,,,,"#15 Thomas Fernandes - WR","#87 Richard Medina - WR","#83 Paul Parson - WR",,,"#71 Billy Corgan - LT","#68 Andres Nash - RG","#57 Tommy Johnson - C","#53 William Jackson - RG","#59 Edward Dunn - RT",,"#64 Julian Work - LDE",,"#96 Terry Numbers - DT","#62 Shawn Olson - DT","#73 Willie Larmon - RDE",,"#51 James Minter - MLB",,"#58 Jonathan Higgins - WLB","#30 Jose Albarran - CB","#41 Jason Bush - CB",,"#46 James Hanger - CB",,"#28 Evan Williams - SS","#32 Eric Roberts - FS",,,,,,,,,,,,,,,,,,,,,,,,,,,,,,,,,,,,
OIT,13:24,"OMS 16",4,1,10,"Split Backs 3 Wide Slot Drag","Nickel Normal Shallow Zone Deep",7,13,8,"1-10-OMS 16 (13:25) 7-Basil Fisher pass complete to 25-Thomas Freed to OMS 10 for 7 yards. Tackle by 50-Carl Blackburn. Great move by 25-Thomas Freed to get free of his coverage.","#7 Basil Fisher - QB","#25 Thomas Freed - RB",,,"#37 Michael Land - FB",,,"#10 Perry Stickler - WR","#13 Scott Nair - WR","#88 Melvin Alexander - WR",,,"#75 Robert England - LT","#60 Michael Shipp - LG","#74 Charles Ross - C","#66 Charles Shattuck - RG","#56 Micheal Torres - RT",,"#94 Shawn Santiago - LDE",,"#70 Robert Jackson - DT","#73 Darrell Vose - DT","#62 Spare Tire Dixon - RDE",,"#50 Carl Blackburn - MLB",,"#55 Jeremy Hannon - WLB","#22 Christopher Stewart - CB","#43 Milton Earley - CB",,"#41 Elliott Lopez - CB",,"#21 James Savarese - SS","#37 Tom Morello - FS",,,,,,,,,,,,,,,,,,,,,,,,,,,,,,,,,,,,
OIT,12:49,"OMS 10",4,2,3,"I Formation 3WR FL Post","Nickel Normal Shallow Zone Deep",-8,13,8,"2-3-OMS 10 (12:48) 7-Basil Fisher sacked at OMS 18 for -8 yards (62-Spare Tire Dixon). Sack allowed by 75-Robert England.","#7 Basil Fisher - QB","#29 Richard Honaker - RB",,,"#37 Michael Land - FB",,,"#10 Perry Stickler - WR","#13 Scott Nair - WR","#88 Melvin Alexander - WR",,,"#75 Robert England - LT","#60 Michael Shipp - LG","#74 Charles Ross - C","#66 Charles Shattuck - RG","#56 Micheal Torres - RT",,"#94 Shawn Santiago - LDE",,"#70 Robert Jackson - DT","#73 Darrell Vose - DT","#62 Spare Tire Dixon - RDE",,"#51 Leo Morrison - MLB",,"#56 Andrew Chmielewski - WLB","#34 Richard Dinardo - CB","#43 Milton Earley - CB",,"#22 Christopher Stewart - CB",,"#39 Russell Charles - SS","#27 Victor Anderson - SS",,,,,,,,,,,,,,,,,,,,,,,,,,,,,,,,,,,,
OIT,12:06,"OMS 18",4,3,11,"Singleback Slot Strong HB Counter","Nickel Normal Shallow Zone Deep",14,13,8,"3-11-OMS 18 (12:05) 29-Richard Honaker ran to OMS 3 for 14 yards. Tackle by 34-Richard Dinardo.","#7 Basil Fisher - QB","#29 Richard Honaker - RB",,,,"#84 William Alderson - TE",,"#13 Scott Nair - WR","#88 Melvin Alexander - WR","#10 Perry Stickler - WR",,,"#75 Robert England - LT","#60 Michael Shipp - LG","#74 Charles Ross - C","#66 Charles Shattuck - RG","#56 Micheal Torres - RT",,"#98 Gregory King - WLB",,"#70 Robert Jackson - DT","#73 Darrell Vose - DT","#94 Shawn Santiago - LDE",,"#50 Carl Blackburn - MLB",,"#55 Jeremy Hannon - WLB","#41 Elliott Lopez - CB","#34 Richard Dinardo - CB",,"#43 Milton Earley - CB",,"#21 James Savarese - SS","#37 Tom Morello - FS",,,,,,,,,,,,,,,,,,,,,,,,,,,,,,,,,,,,
,12:01,,4,1,3,,,,13,8,"Timeout OIT",,,,,,,,,,,,,,,,,,,,,,,,,,,,,,,,,,,,,,,,,,,,,,,,,,,,,,,,,,,,,,,,,,,,,,
OIT,11:19,"OMS 3",4,1,3,"Split Backs 3 Wide Slot Post","Nickel Normal SS Blitz",,13,8,"1-3-OMS 3 (11:20) 7-Basil Fisher pass INTERCEPTED by 56-Andrew Chmielewski at OMS -5. 56-Andrew Chmielewski for 1 yards. Tackle by 10-Perry Stickler. Touchback. Pressure by 94-Shawn Santiago.","#7 Basil Fisher - QB","#25 Thomas Freed - RB",,,"#37 Michael Land - FB",,,"#10 Perry Stickler - WR","#13 Scott Nair - WR","#88 Melvin Alexander - WR",,,"#75 Robert England - LT","#60 Michael Shipp - LG","#74 Charles Ross - C","#66 Charles Shattuck - RG","#56 Micheal Torres - RT",,"#94 Shawn Santiago - LDE",,"#70 Robert Jackson - DT","#73 Darrell Vose - DT","#62 Spare Tire Dixon - RDE",,"#51 Leo Morrison - MLB",,"#56 Andrew Chmielewski - WLB","#43 Milton Earley - CB","#22 Christopher Stewart - CB",,"#41 Elliott Lopez - CB",,"#39 Russell Charles - SS","#27 Victor Anderson - SS",,,,,,,,,,,,,,,,,,,,,,,,,,,,,,,,,,,,
OMS,11:14,"OMS 20",4,1,10,"I Formation Normal FL Hook","4-3 Normal Man Under 1",2,13,8,"1-10-OMS 20 (11:15) 9-Walton Smith pass complete to 26-Edgardo Bradshaw to OMS 22 for 2 yards. Tackle by 90-Jonathan Brown.","#9 Walton Smith - QB","#26 Edgardo Bradshaw - RB",,,"#31 Kurt Shoemaker - FB","#80 Willie Garcia - TE",,"#15 Thomas Fernandes - WR",,"#83 Paul Parson - WR",,,"#71 Billy Corgan - LT","#68 Andres Nash - RG","#57 Tommy Johnson - C","#53 William Jackson - RG","#59 Edward Dunn - RT",,"#64 Julian Work - LDE",,"#96 Terry Numbers - DT","#62 Shawn Olson - DT","#73 Willie Larmon - RDE","#90 Jonathan Brown - SLB","#51 James Minter - MLB",,"#91 Harold Cohen - WLB","#42 Ronald Rooney - CB","#27 Christopher McQueen - CB",,,,"#28 Evan Williams - SS","#32 Eric Roberts - FS",,,,,,,,,,,,,,,,,,,,,,,,,,,,,,,,,,,,
OMS,10:40,"OMS 22",4,2,8,"I Formation Normal FL Hook","4-3 Normal WLB MLB Blitz",4,13,8,"2-8-OMS 22 (10:39) 9-Walton Smith pass complete to 87-Richard Medina to OMS 26 for 4 yards. Tackle by 32-Eric Roberts.","#9 Walton Smith - QB","#48 Michael Spiller - RB",,,"#46 Aaron Dean - RB","#81 Paul McCaslin - TE",,"#87 Richard Medina - WR",,"#10 Michael Hecker - WR",,,"#71 Billy Corgan - LT","#68 Andres Nash - RG","#57 Tommy Johnson - C","#53 William Jackson - RG","#59 Edward Dunn - RT",,"#64 Julian Work - LDE",,"#96 Terry Numbers - DT","#62 Shawn Olson - DT","#73 Willie Larmon - RDE","#90 Jonathan Brown - SLB","#51 James Minter - MLB",,"#91 Harold Cohen - WLB","#42 Ronald Rooney - CB","#27 Christopher McQueen - CB",,,,"#28 Evan Williams - SS","#32 Eric Roberts - FS",,,,,,,,,,,,,,,,,,,,,,,,,,,,,,,,,,,,
OMS,9:54,"OMS 26",4,3,4,"I Formation Normal Max Protect","4-3 Normal OLB Blitz Inside",13,13,8,"3-4-OMS 26 (9:53) 9-Walton Smith pass complete to 15-Thomas Fernandes to OMS 39 for 13 yards. Tackle by 42-Ronald Rooney. 42-Ronald Rooney got away with a hold on that play.","#9 Walton Smith - QB","#42 Arthur Cassady - RB",,,"#31 Kurt Shoemaker - FB","#80 Willie Garcia - TE",,"#15 Thomas Fernandes - WR",,"#83 Paul Parson - WR",,,"#71 Billy Corgan - LT","#68 Andres Nash - RG","#57 Tommy Johnson - C","#53 William Jackson - RG","#59 Edward Dunn - RT",,"#64 Julian Work - LDE",,"#96 Terry Numbers - DT","#62 Shawn Olson - DT","#73 Willie Larmon - RDE","#90 Jonathan Brown - SLB","#51 James Minter - MLB",,"#91 Harold Cohen - WLB","#42 Ronald Rooney - CB","#27 Christopher McQueen - CB",,,,"#28 Evan Williams - SS","#32 Eric Roberts - FS",,,,,,,,,,,,,,,,,,,,,,,,,,,,,,,,,,,,
OMS,9:09,"OMS 39",4,1,10,"I Formation Power Play Action HB Downfield","4-3 Under Crash Right",5,13,8,"1-10-OMS 39 (9:08) 9-Walton Smith pass complete to 80-Willie Garcia to OMS 44 for 5 yards. Tackle by 30-Jose Albarran.","#9 Walton Smith - QB","#26 Edgardo Bradshaw - RB",,"#46 Aaron Dean - RB","#31 Kurt Shoemaker - FB","#80 Willie Garcia - TE",,"#87 Richard Medina - WR",,,,,"#71 Billy Corgan - LT","#68 Andres Nash - RG","#57 Tommy Johnson - C","#53 William Jackson - RG","#66 Andrew Turner - RG",,"#64 Julian Work - LDE",,"#96 Terry Numbers - DT","#62 Shawn Olson - DT","#73 Willie Larmon - RDE","#90 Jonathan Brown - SLB","#51 James Minter - MLB",,"#91 Harold Cohen - WLB","#42 Ronald Rooney - CB","#30 Jose Albarran - CB",,,,"#28 Evan Williams - SS","#32 Eric Roberts - FS",,,,,,,,,,,,,,,,,,,,,,,,,,,,,,,,,,,,
OMS,8:28,"OMS 44",4,2,5,"Weak I Normal HB Inside Strong","4-3 Under Crash Right",1,13,8,"2-5-OMS 44 (8:27) 48-Michael Spiller ran to OMS 45 for 1 yards. Tackle by 96-Terry Numbers.","#9 Walton Smith - QB","#48 Michael Spiller - RB",,,"#31 Kurt Shoemaker - FB","#81 Paul McCaslin - TE",,"#15 Thomas Fernandes - WR",,"#10 Michael Hecker - WR",,,"#52 James Funches - LT","#68 Andres Nash - RG","#57 Tommy Johnson - C","#53 William Jackson - RG","#59 Edward Dunn - RT",,"#64 Julian Work - LDE",,"#96 Terry Numbers - DT","#62 Shawn Olson - DT","#73 Willie Larmon - RDE","#90 Jonathan Brown - SLB","#51 James Minter - MLB",,"#91 Harold Cohen - WLB","#27 Christopher McQueen - CB","#30 Jose Albarran - CB",,,,"#33 Thomas Hutchinson - SS","#32 Eric Roberts - FS",,,,,,,,,,,,,,,,,,,,,,,,,,,,,,,,,,,,
OMS,7:54,"OMS 45",4,3,4,"Shotgun Normal HB Flare","Dime Normal Double WR1 WR2",12,13,8,"3-4-OMS 45 (7:53) 9-Walton Smith pass complete to 87-Richard Medina to OIT 43 for 12 yards. Tackle by 30-Jose Albarran.","#9 Walton Smith - QB","#42 Arthur Cassady - RB",,,,"#80 Willie Garcia - TE",,"#15 Thomas Fernandes - WR","#87 Richard Medina - WR","#83 Paul Parson - WR",,,"#71 Billy Corgan - LT","#68 Andres Nash - RG","#57 Tommy Johnson - C","#53 William Jackson - RG","#59 Edward Dunn - RT",,"#64 Julian Work - LDE",,"#96 Terry Numbers - DT","#62 Shawn Olson - DT","#73 Willie Larmon - RDE",,"#51 James Minter - MLB",,,"#42 Ronald Rooney - CB","#27 Christopher McQueen - CB","#41 Jason Bush - CB","#30 Jose Albarran - CB",,"#28 Evan Williams - SS","#32 Eric Roberts - FS",,,,,,,,,,,,,,,,,,,,,,,,,,,,,,,,,,,,
OMS,7:08,"OIT 43",4,1,10,"I Formation Normal FL Hook","4-3 Under Crash Right",2,13,8,"1-10-OIT 43 (7:07) 9-Walton Smith pass complete to 31-Kurt Shoemaker to OIT 41 for 2 yards. Tackle by 51-James Minter. OIT 91-Harold Cohen was injured on the play.","#9 Walton Smith - QB","#26 Edgardo Bradshaw - RB",,,"#31 Kurt Shoemaker - FB","#81 Paul McCaslin - TE",,"#10 Michael Hecker - WR",,"#84 Anthony Mistretta - WR",,,"#71 Billy Corgan - LT","#68 Andres Nash - RG","#57 Tommy Johnson - C","#53 William Jackson - RG","#59 Edward Dunn - RT",,"#64 Julian Work - LDE",,"#96 Terry Numbers - DT","#62 Shawn Olson - DT","#73 Willie Larmon - RDE","#90 Jonathan Brown - SLB","#51 James Minter - MLB",,"#91 Harold Cohen - WLB","#42 Ronald Rooney - CB","#27 Christopher McQueen - CB",,,,"#28 Evan Williams - SS","#32 Eric Roberts - FS",,,,,,,,,,,,,,,,,,,,,,,,,,,,,,,,,,,,
OMS,6:30,"OIT 41",4,2,8,"I Formation Normal PA Fullback Flat","4-3 Normal OLB Blitz Inside",37,13,8,"2-8-OIT 41 (6:29) 9-Walton Smith pass complete to 15-Thomas Fernandes to OIT 4 for 37 yards. Tackle by 28-Evan Williams.","#9 Walton Smith - QB","#48 Michael Spiller - RB",,,"#46 Aaron Dean - RB","#80 Willie Garcia - TE",,"#15 Thomas Fernandes - WR",,"#83 Paul Parson - WR",,,"#71 Billy Corgan - LT","#68 Andres Nash - RG","#57 Tommy Johnson - C","#53 William Jackson - RG","#59 Edward Dunn - RT",,"#64 Julian Work - LDE",,"#96 Terry Numbers - DT","#62 Shawn Olson - DT","#73 Willie Larmon - RDE","#90 Jonathan Brown - SLB","#31 Edward Velasquez - MLB",,"#58 Jonathan Higgins - WLB","#42 Ronald Rooney - CB","#27 Christopher McQueen - CB",,,,"#28 Evan Williams - SS","#32 Eric Roberts - FS",,,,,,,,,,,,,,,,,,,,,,,,,,,,,,,,,,,,
OMS,5:44,"OIT 4",4,1,4,"Goal Line Normal HB Pitch Weak","Nickel Normal CB3 MLB Blitz",-6,13,8,"1-4-OIT 4 (5:43) 26-Edgardo Bradshaw ran to OIT 10 for -6 yards. Tackle by 46-James Hanger.","#9 Walton Smith - QB","#26 Edgardo Bradshaw - RB",,"#42 Arthur Cassady - RB","#31 Kurt Shoemaker - FB","#81 Paul McCaslin - TE","#80 Willie Garcia - TE",,,,,,"#52 James Funches - LT","#79 Armando McDaniel - C","#57 Tommy Johnson - C","#74 Scott Braun - RG","#66 Andrew Turner - RG",,"#64 Julian Work - LDE",,"#96 Terry Numbers - DT","#62 Shawn Olson - DT","#73 Willie Larmon - RDE",,"#51 James Minter - MLB",,"#58 Jonathan Higgins - WLB","#30 Jose Albarran - CB","#41 Jason Bush - CB",,"#46 James Hanger - CB",,"#33 Thomas Hutchinson - SS","#43 Herschel Toth - FS",,,,,,,,,,,,,,,,,,,,,,,,,,,,,,,,,,,,
OMS,5:00,"OIT 10",4,2,10,"I Formation Normal HB Dive","4-3 Normal WLB Outside Blitz",-0,13,8,"2-10-OIT 10 (4:59) 42-Arthur Cassady ran to OIT 10 for a short loss. Tackle by 58-Jonathan Higgins.","#9 Walton Smith - QB","#42 Arthur Cassady - RB",,,"#31 Kurt Shoemaker - FB","#81 Paul McCaslin - TE",,"#87 Richard Medina - WR",,"#10 Michael Hecker - WR",,,"#71 Billy Corgan - LT","#68 Andres Nash - RG","#57 Tommy Johnson - C","#53 William Jackson - RG","#59 Edward Dunn - RT",,"#64 Julian Work - LDE",,"#96 Terry Numbers - DT","#62 Shawn Olson - DT","#73 Willie Larmon - RDE","#90 Jonathan Brown - SLB","#51 James Minter - MLB",,"#58 Jonathan Higgins - WLB","#30 Jose Albarran - CB","#41 Jason Bush - CB",,,,"#33 Thomas Hutchinson - SS","#43 Herschel Toth - FS",,,,,,,,,,,,,,,,,,,,,,,,,,,,,,,,,,,,
OMS,4:27,"OIT 10",4,3,10,"Shotgun 2 RB 3 WR WR Curl","Nickel Normal SS Blitz",-10,13,8,"3-10-OIT 10 (4:26) 9-Walton Smith sacked at OIT 20 for -10 yards (73-Willie Larmon). Sack allowed by 46-Aaron Dean. 46-Aaron Dean completely missed his blocking assignment.","#9 Walton Smith - QB","#42 Arthur Cassady - RB","#46 Aaron Dean - RB",,,,,"#87 Richard Medina - WR","#84 Anthony Mistretta - WR","#10 Michael Hecker - WR",,,"#71 Billy Corgan - LT","#68 Andres Nash - RG","#57 Tommy Johnson - C","#53 William Jackson - RG","#59 Edward Dunn - RT",,"#64 Julian Work - LDE",,"#96 Terry Numbers - DT","#62 Shawn Olson - DT","#73 Willie Larmon - RDE",,"#90 Jonathan Brown - SLB",,"#58 Jonathan Higgins - WLB","#42 Ronald Rooney - CB","#27 Christopher McQueen - CB",,"#30 Jose Albarran - CB",,"#28 Evan Williams - SS","#32 Eric Roberts - FS",,,,,,,,,,,,,,,,,,,,,,,,,,,,,,,,,,,,
OMS,3:49,"OIT 20",4,4,20,"Field Goal","FG Block",31,16,8,"4-20-OIT 20 (3:48) 7-Charles Parkman 38 yard field goal is GOOD. OMS 16 OIT 8",,,,,,,,,,,,,,,,,,,,,,,,,,,,,,,,,,,,"#9 Walton Smith - QB","#59 Edward Dunn - RT",,,,,,,,,,,,,,"#7 Charles Parkman - K","#46 Aaron Dean - RB","#80 Willie Garcia - TE","#66 Andrew Turner - RG","#57 Tommy Johnson - C","#71 Billy Corgan - LT","#52 James Funches - LT","#81 Paul McCaslin - TE","#42 Arthur Cassady - RB","#95 Richard Lusk - RDE","#51 James Minter - MLB","#64 Julian Work - LDE","#73 Willie Larmon - RDE","#92 Jordan White - RDE","#62 Shawn Olson - DT","#28 Evan Williams - SS","#96 Terry Numbers - DT","#54 Michael Duncan - SLB","#90 Jonathan Brown - SLB","#30 Jose Albarran - CB"
OMS,3:44,"OMS 35",4,6,10,Kickoff,"Kick Return",,16,8,"(3:45) 7-Charles Parkman kicks 74 yards from OMS 35 to OIT -9. Touchback.",,,,,,,,,,,,,,,,,,,,,,,,,,,,,,,,,,,,,,"#25 Thomas Freed - RB",,"#58 Jonathan Higgins - WLB","#64 Julian Work - LDE","#30 Jose Albarran - CB","#51 James Minter - MLB","#28 Evan Williams - SS","#54 Michael Duncan - SLB","#96 Terry Numbers - DT","#73 Willie Larmon - RDE","#27 Christopher McQueen - CB","#42 Ronald Rooney - CB","#7 Charles Parkman - K",,,,,,,,,,,,,,,,,,,,
OIT,3:44,"OIT 25",4,1,10,"Split Backs 3 Wide Slot Post","Nickel Normal Man Cover 2",,16,8,"1-10-OIT 25 (3:45) 7-Basil Fisher pass incomplete, intended for 13-Scott Nair.","#7 Basil Fisher - QB","#29 Richard Honaker - RB",,,"#37 Michael Land - FB",,,"#10 Perry Stickler - WR","#13 Scott Nair - WR","#88 Melvin Alexander - WR",,,"#75 Robert England - LT","#60 Michael Shipp - LG","#74 Charles Ross - C","#66 Charles Shattuck - RG","#56 Micheal Torres - RT",,"#94 Shawn Santiago - LDE",,"#70 Robert Jackson - DT","#73 Darrell Vose - DT","#62 Spare Tire Dixon - RDE",,"#50 Carl Blackburn - MLB",,"#56 Andrew Chmielewski - WLB","#41 Elliott Lopez - CB","#43 Milton Earley - CB",,"#22 Christopher Stewart - CB",,"#21 James Savarese - SS","#37 Tom Morello - FS",,,,,,,,,,,,,,,,,,,,,,,,,,,,,,,,,,,,
OIT,3:41,"OIT 25",4,2,10,"I Formation 3WR Slot Short WR Deep","Nickel 3-3-5 Cover 2 Man Under",8,16,8,"2-10-OIT 25 (3:42) 7-Basil Fisher pass complete to 13-Scott Nair to OIT 33 for 8 yards. Tackle by 34-Richard Dinardo.","#7 Basil Fisher - QB","#25 Thomas Freed - RB",,,"#37 Michael Land - FB",,,"#10 Perry Stickler - WR","#13 Scott Nair - WR","#88 Melvin Alexander - WR",,,"#75 Robert England - LT","#60 Michael Shipp - LG","#74 Charles Ross - C","#66 Charles Shattuck - RG","#56 Micheal Torres - RT",,"#94 Shawn Santiago - LDE",,"#70 Robert Jackson - DT",,"#73 Darrell Vose - DT","#95 Anthony Salter - SLB","#51 Leo Morrison - MLB",,"#55 Jeremy Hannon - WLB","#43 Milton Earley - CB","#41 Elliott Lopez - CB",,"#34 Richard Dinardo - CB",,"#21 James Savarese - SS","#37 Tom Morello - FS",,,,,,,,,,,,,,,,,,,,,,,,,,,,,,,,,,,,
OIT,2:56,"OIT 33",4,3,2,"I Formation 3WR SE Post","Nickel 3-3-5 Cover 2 Man Under",,16,8,"3-2-OIT 33 (2:55) 7-Basil Fisher pass Pass knocked down by 22-Christopher Stewart. incomplete, intended for 10-Perry Stickler.","#7 Basil Fisher - QB","#29 Richard Honaker - RB",,,"#37 Michael Land - FB",,,"#10 Perry Stickler - WR","#15 Kenneth Carr - WR","#13 Scott Nair - WR",,,"#75 Robert England - LT","#60 Michael Shipp - LG","#74 Charles Ross - C","#66 Charles Shattuck - RG","#56 Micheal Torres - RT",,"#98 Gregory King - WLB",,"#70 Robert Jackson - DT",,"#94 Shawn Santiago - LDE","#99 Vincent Sosa - SLB","#50 Carl Blackburn - MLB",,"#56 Andrew Chmielewski - WLB","#22 Christopher Stewart - CB","#43 Milton Earley - CB",,"#41 Elliott Lopez - CB",,"#39 Russell Charles - SS","#27 Victor Anderson - SS",,,,,,,,,,,,,,,,,,,,,,,,,,,,,,,,,,,,
OIT,2:49,"OIT 33",4,4,2,"Singleback Slot Strong Skinny Posts","Nickel Normal Man Cover 2",1,16,8,"4-2-OIT 33 (2:50) 7-Basil Fisher pass complete to 37-Michael Land to OIT 35 for 1 yards. Tackle by 55-Jeremy Hannon. Turnover on downs.","#7 Basil Fisher - QB","#37 Michael Land - FB",,,,"#84 William Alderson - TE",,"#88 Melvin Alexander - WR","#25 Thomas Freed - RB","#15 Kenneth Carr - WR",,,"#75 Robert England - LT","#60 Michael Shipp - LG","#74 Charles Ross - C","#66 Charles Shattuck - RG","#56 Micheal Torres - RT",,"#94 Shawn Santiago - LDE",,"#70 Robert Jackson - DT","#73 Darrell Vose - DT","#62 Spare Tire Dixon - RDE",,"#51 Leo Morrison - MLB",,"#55 Jeremy Hannon - WLB","#34 Richard Dinardo - CB","#22 Christopher Stewart - CB",,"#27 Victor Anderson - SS",,"#21 James Savarese - SS","#37 Tom Morello - FS",,,,,,,,,,,,,,,,,,,,,,,,,,,,,,,,,,,,
OMS,2:45,"OIT 35",4,1,10,"Goal Line Normal HB Outside Strong","Dime Normal Double WR1 WR2",1,16,8,"1-10-OIT 35 (2:46) 48-Michael Spiller ran to OIT 33 for 1 yards. Tackle by 64-Julian Work. 80-Willie Garcia was caught flat-footed on this play.","#9 Walton Smith - QB","#48 Michael Spiller - RB",,"#46 Aaron Dean - RB","#31 Kurt Shoemaker - FB","#80 Willie Garcia - TE","#81 Paul McCaslin - TE",,,,,,"#71 Billy Corgan - LT","#68 Andres Nash - RG","#57 Tommy Johnson - C","#53 William Jackson - RG","#59 Edward Dunn - RT",,"#64 Julian Work - LDE",,"#96 Terry Numbers - DT","#62 Shawn Olson - DT","#73 Willie Larmon - RDE",,"#51 James Minter - MLB",,,"#42 Ronald Rooney - CB","#27 Christopher McQueen - CB","#41 Jason Bush - CB","#30 Jose Albarran - CB",,"#28 Evan Williams - SS","#32 Eric Roberts - FS",,,,,,,,,,,,,,,,,,,,,,,,,,,,,,,,,,,,
OMS,2:09,"OIT 33",4,2,9,"Goal Line Normal HB Pitch Weak","4-3 Normal Double WR1",-3,16,8,"2-9-OIT 33 (2:08) 42-Arthur Cassady ran to OIT 36 for -3 yards. Tackle by 58-Jonathan Higgins.","#9 Walton Smith - QB","#42 Arthur Cassady - RB",,"#46 Aaron Dean - RB","#31 Kurt Shoemaker - FB","#80 Willie Garcia - TE","#81 Paul McCaslin - TE",,,,,,"#71 Billy Corgan - LT","#68 Andres Nash - RG","#57 Tommy Johnson - C","#53 William Jackson - RG","#59 Edward Dunn - RT",,"#64 Julian Work - LDE",,"#96 Terry Numbers - DT","#62 Shawn Olson - DT","#73 Willie Larmon - RDE","#90 Jonathan Brown - SLB","#51 James Minter - MLB",,"#58 Jonathan Higgins - WLB","#42 Ronald Rooney - CB","#27 Christopher McQueen - CB",,,,"#28 Evan Williams - SS","#32 Eric Roberts - FS",,,,,,,,,,,,,,,,,,,,,,,,,,,,,,,,,,,,
,2:00,,4,3,12,,,,16,8,"Timeout for two minute warning.",,,,,,,,,,,,,,,,,,,,,,,,,,,,,,,,,,,,,,,,,,,,,,,,,,,,,,,,,,,,,,,,,,,,,,
OMS,2:00,"OIT 36",4,3,12,"Shotgun 2 RB 3 WR Shotgun Sweep","Quarter Normal CB3 CB5 Blitz",4,16,8,"3-12-OIT 36 (2:00) 46-Aaron Dean ran to OIT 32 for 4 yards. Tackle by 30-Jose Albarran.","#9 Walton Smith - QB","#48 Michael Spiller - RB","#46 Aaron Dean - RB",,,,,"#15 Thomas Fernandes - WR","#87 Richard Medina - WR","#83 Paul Parson - WR",,,"#52 James Funches - LT","#68 Andres Nash - RG","#57 Tommy Johnson - C","#53 William Jackson - RG","#59 Edward Dunn - RT",,"#64 Julian Work - LDE",,"#96 Terry Numbers - DT",,"#73 Willie Larmon - RDE",,"#54 Michael Duncan - SLB",,,"#42 Ronald Rooney - CB","#27 Christopher McQueen - CB","#41 Jason Bush - CB","#30 Jose Albarran - CB","#90 Jonathan Brown - SLB","#28 Evan Williams - SS","#32 Eric Roberts - FS",,,,,,,,,,,,,,,,,,,,,,,,,,,,,,,,,,,,
,1:57,,4,4,8,,,,16,8,"Timeout OIT",,,,,,,,,,,,,,,,,,,,,,,,,,,,,,,,,,,,,,,,,,,,,,,,,,,,,,,,,,,,,,,,,,,,,,
OMS,1:54,"OIT 32",4,4,8,"Field Goal","FG Block",43,19,8,"4-8-OIT 32 (1:55) 7-Charles Parkman 51 yard field goal is GOOD. OMS 19 OIT 8",,,,,,,,,,,,,,,,,,,,,,,,,,,,,,,,,,,,"#9 Walton Smith - QB","#59 Edward Dunn - RT",,,,,,,,,,,,,,"#7 Charles Parkman - K","#42 Arthur Cassady - RB","#80 Willie Garcia - TE","#66 Andrew Turner - RG","#57 Tommy Johnson - C","#71 Billy Corgan - LT","#52 James Funches - LT","#81 Paul McCaslin - TE","#15 Thomas Fernandes - WR","#95 Richard Lusk - RDE","#51 James Minter - MLB","#64 Julian Work - LDE","#73 Willie Larmon - RDE","#92 Jordan White - RDE","#62 Shawn Olson - DT","#28 Evan Williams - SS","#96 Terry Numbers - DT","#54 Michael Duncan - SLB","#90 Jonathan Brown - SLB","#30 Jose Albarran - CB"
OMS,1:50,"OMS 35",4,6,10,Kickoff,"Kick Return",,19,8,"(1:51) 7-Charles Parkman kicks 71 yards from OMS 35 to OIT -6. Touchback.",,,,,,,,,,,,,,,,,,,,,,,,,,,,,,,,,,,,,,"#25 Thomas Freed - RB",,"#27 Christopher McQueen - CB","#51 James Minter - MLB","#28 Evan Williams - SS","#42 Ronald Rooney - CB","#91 Harold Cohen - WLB","#64 Julian Work - LDE","#30 Jose Albarran - CB","#96 Terry Numbers - DT","#54 Michael Duncan - SLB","#73 Willie Larmon - RDE","#7 Charles Parkman - K",,,,,,,,,,,,,,,,,,,,
OIT,1:50,"OIT 25",4,1,10,"Weak I Normal WR Corner TE Middle","4-3 Normal WLB Outside Blitz",22,19,8,"1-10-OIT 25 (1:51) 7-Basil Fisher pass complete to 25-Thomas Freed to OIT 47 for 22 yards. Tackle by 95-Anthony Salter.","#7 Basil Fisher - QB","#25 Thomas Freed - RB",,,"#37 Michael Land - FB","#84 William Alderson - TE",,"#10 Perry Stickler - WR",,"#88 Melvin Alexander - WR",,,"#75 Robert England - LT","#60 Michael Shipp - LG","#74 Charles Ross - C","#66 Charles Shattuck - RG","#56 Micheal Torres - RT",,"#70 Robert Jackson - DT",,"#73 Darrell Vose - DT","#94 Shawn Santiago - LDE","#62 Spare Tire Dixon - RDE","#95 Anthony Salter - SLB","#50 Carl Blackburn - MLB",,"#56 Andrew Chmielewski - WLB","#41 Elliott Lopez - CB","#43 Milton Earley - CB",,,,"#21 James Savarese - SS","#37 Tom Morello - FS",,,,,,,,,,,,,,,,,,,,,,,,,,,,,,,,,,,,
,1:45,,4,1,10,,,,19,8,"Timeout OIT",,,,,,,,,,,,,,,,,,,,,,,,,,,,,,,,,,,,,,,,,,,,,,,,,,,,,,,,,,,,,,,,,,,,,,
OIT,1:42,"OIT 47",4,1,10,"I Formation 3WR WR Out","Nickel Normal Shallow Zone Deep",,19,8,"1-10-OIT 47 (1:43) PENALTY - False Start (OIT 15-Kenneth Carr)","#7 Basil Fisher - QB","#29 Richard Honaker - RB",,,"#37 Michael Land - FB",,,"#10 Perry Stickler - WR","#15 Kenneth Carr - WR","#13 Scott Nair - WR",,,"#75 Robert England - LT","#60 Michael Shipp - LG","#74 Charles Ross - C","#66 Charles Shattuck - RG","#56 Micheal Torres - RT",,"#98 Gregory King - WLB",,"#70 Robert Jackson - DT","#97 Paul Red - RDE","#73 Darrell Vose - DT",,"#51 Leo Morrison - MLB",,"#56 Andrew Chmielewski - WLB","#34 Richard Dinardo - CB","#22 Christopher Stewart - CB",,"#41 Elliott Lopez - CB",,"#27 Victor Anderson - SS","#39 Russell Charles - SS",,,,,,,,,,,,,,,,,,,,,,,,,,,,,,,,,,,,
OIT,1:42,"OIT 42",4,1,15,"Strong I Normal WR Post TE Out","4-3 Normal WLB Outside Blitz",10,19,8,"1-15-OIT 42 (1:43) 7-Basil Fisher pass complete to 10-Perry Stickler to OMS 48 for 10 yards. Tackle by 39-Russell Charles. 10-Perry Stickler did some fancy footwork there.","#7 Basil Fisher - QB","#25 Thomas Freed - RB",,,"#37 Michael Land - FB","#84 William Alderson - TE",,"#10 Perry Stickler - WR",,"#88 Melvin Alexander - WR",,,"#75 Robert England - LT","#60 Michael Shipp - LG","#74 Charles Ross - C","#66 Charles Shattuck - RG","#56 Micheal Torres - RT",,"#94 Shawn Santiago - LDE",,"#70 Robert Jackson - DT","#73 Darrell Vose - DT","#62 Spare Tire Dixon - RDE","#99 Vincent Sosa - SLB","#50 Carl Blackburn - MLB",,"#56 Andrew Chmielewski - WLB","#22 Christopher Stewart - CB","#41 Elliott Lopez - CB",,,,"#39 Russell Charles - SS","#27 Victor Anderson - SS",,,,,,,,,,,,,,,,,,,,,,,,,,,,,,,,,,,,
OIT,1:24,"OMS 48",4,2,5,"Shotgun Normal TE Out","Nickel Normal Man Cover 2",,19,8,"2-5-OMS 48 (1:23) 7-Basil Fisher pass Pass knocked down by 43-Milton Earley. incomplete, intended for 88-Melvin Alexander. 39-Russell Charles got away with a hold on that play.","#7 Basil Fisher - QB","#29 Richard Honaker - RB",,,,"#84 William Alderson - TE",,"#10 Perry Stickler - WR","#88 Melvin Alexander - WR","#13 Scott Nair - WR",,,"#75 Robert England - LT","#60 Michael Shipp - LG","#74 Charles Ross - C","#66 Charles Shattuck - RG","#56 Micheal Torres - RT",,"#94 Shawn Santiago - LDE",,"#70 Robert Jackson - DT","#73 Darrell Vose - DT","#62 Spare Tire Dixon - RDE",,"#51 Leo Morrison - MLB",,"#56 Andrew Chmielewski - WLB","#34 Richard Dinardo - CB","#43 Milton Earley - CB",,"#39 Russell Charles - SS",,"#21 James Savarese - SS","#37 Tom Morello - FS",,,,,,,,,,,,,,,,,,,,,,,,,,,,,,,,,,,,
OIT,1:18,"OMS 48",4,3,5,"I Formation 3WR SE Post","Nickel Normal Prevent",,19,8,"3-5-OMS 48 (1:19) 7-Basil Fisher pass incomplete, dropped by 29-Richard Honaker.","#7 Basil Fisher - QB","#37 Michael Land - FB",,,"#25 Thomas Freed - RB",,,"#13 Scott Nair - WR","#29 Richard Honaker - RB","#15 Kenneth Carr - WR",,,"#75 Robert England - LT","#60 Michael Shipp - LG","#74 Charles Ross - C","#66 Charles Shattuck - RG","#56 Micheal Torres - RT",,"#98 Gregory King - WLB",,"#70 Robert Jackson - DT","#73 Darrell Vose - DT","#97 Paul Red - RDE",,"#50 Carl Blackburn - MLB",,"#55 Jeremy Hannon - WLB","#41 Elliott Lopez - CB","#22 Christopher Stewart - CB",,"#34 Richard Dinardo - CB",,"#43 Milton Earley - CB","#27 Victor Anderson - SS",,,,,,,,,,,,,,,,,,,,,,,,,,,,,,,,,,,,
OIT,1:15,"OMS 48",4,4,5,"I Formation 3WR Slot Corner Long","Nickel Normal Prevent",,19,8,"4-5-OMS 48 (1:16) 7-Basil Fisher pass incomplete, dropped by 10-Perry Stickler. Pressure by 62-Spare Tire Dixon. OIT 60-Michael Shipp was injured on the play. Turnover on downs.","#7 Basil Fisher - QB","#25 Thomas Freed - RB",,,"#37 Michael Land - FB",,,"#10 Perry Stickler - WR","#13 Scott Nair - WR","#88 Melvin Alexander - WR",,,"#75 Robert England - LT","#60 Michael Shipp - LG","#74 Charles Ross - C","#66 Charles Shattuck - RG","#56 Micheal Torres - RT",,"#94 Shawn Santiago - LDE",,"#70 Robert Jackson - DT","#73 Darrell Vose - DT","#62 Spare Tire Dixon - RDE",,"#51 Leo Morrison - MLB",,"#98 Gregory King - WLB","#21 James Savarese - SS","#22 Christopher Stewart - CB",,"#41 Elliott Lopez - CB",,"#37 Tom Morello - FS","#39 Russell Charles - SS",,,,,,,,,,,,,,,,,,,,,,,,,,,,,,,,,,,,
OMS,1:11,"OMS 48",4,1,10,Victory,"Quarter Normal CB5 Blitz",,19,8,"1-10-OMS 48 (1:12) 9-Walton Smith kneeled down to OMS 48 for -0 yards.","#9 Walton Smith - QB","#48 Michael Spiller - RB",,"#46 Aaron Dean - RB","#31 Kurt Shoemaker - FB","#80 Willie Garcia - TE","#81 Paul McCaslin - TE",,,,,,"#71 Billy Corgan - LT","#68 Andres Nash - RG","#57 Tommy Johnson - C","#53 William Jackson - RG","#59 Edward Dunn - RT",,"#64 Julian Work - LDE",,"#96 Terry Numbers - DT",,"#73 Willie Larmon - RDE",,"#54 Michael Duncan - SLB",,,"#42 Ronald Rooney - CB","#27 Christopher McQueen - CB","#41 Jason Bush - CB","#30 Jose Albarran - CB","#90 Jonathan Brown - SLB","#28 Evan Williams - SS","#32 Eric Roberts - FS",,,,,,,,,,,,,,,,,,,,,,,,,,,,,,,,,,,,
OMS,0:31,"OMS 48",4,2,10,Victory,"Quarter Normal Man Cover 2",,19,8,"2-10-OMS 48 (0:30) 9-Walton Smith kneeled down to OMS 48 for -0 yards.","#9 Walton Smith - QB","#48 Michael Spiller - RB",,"#46 Aaron Dean - RB","#31 Kurt Shoemaker - FB","#80 Willie Garcia - TE","#81 Paul McCaslin - TE",,,,,,"#71 Billy Corgan - LT","#68 Andres Nash - RG","#57 Tommy Johnson - C","#53 William Jackson - RG","#59 Edward Dunn - RT",,"#64 Julian Work - LDE",,"#96 Terry Numbers - DT",,"#73 Willie Larmon - RDE",,"#54 Michael Duncan - SLB",,,"#42 Ronald Rooney - CB","#27 Christopher McQueen - CB","#41 Jason Bush - CB","#30 Jose Albarran - CB","#90 Jonathan Brown - SLB","#28 Evan Williams - SS","#32 Eric Roberts - FS",,,,,,,,,,,,,,,,,,,,,,,,,,,,,,,,,,,,
,0:00,,4,3,10,,,,19,8,"End of fourth quarter.",,,,,,,,,,,,,,,,,,,,,,,,,,,,,,,,,,,,,,,,,,,,,,,,,,,,,,,,,,,,,,,,,,,,,,
