HasBall,"Game Clock","Ball @",Quarter,Down,YTG,OffensivePlay,DefensivePlay,YardsGained,"Home Score","Away Score",Text,QB1,RB1,RB2,FB2,FB1,TE1,TE2,WR1,WR3,WR2,WR4,WR5,LT1,LG1,C1,RG1,RT1,P1,LDE1,LDE2,DT1,DT2,RDE1,SLB1,MLB1,MLB2,WLB1,CB1,CB2,CB4,CB3,CB5,SS1,FS1,FS2,"Kick Holder1","Long Snapper1","Kick Returner1","Punt Returner1",Gunner10,Gunner7,Gunner2,Gunner6,Gunner1,Gunner8,Gunner3,Gunner4,Gunner9,Gunner5,Kickoffs1,"Field Goal Kicker1","ST Blocker8","ST Blocker5","ST Blocker4","ST Blocker1","ST Blocker2","ST Blocker3","ST Blocker6","ST Blocker7","ST Rusher4","ST Rusher1","ST Rusher2","ST Rusher3","ST Rusher11","ST Rusher10","ST Rusher9","ST Rusher6","ST Rusher5","ST Rusher7","ST Rusher8"
,15:00,,1,3,4,,,,0,0,"OMS has won the toss and elected to receive.",,,,,,,,,,,,,,,,,,,,,,,,,,,,,,,,,,,,,,,,,,,,,,,,,,,,,,,,,,,,,,,,,,,,,,
LAN,15:00,"LAN 35",1,6,10,Kickoff,"Kick Return",,0,0,"(15:00) 16-Jeffrey Roland kicks 65 yards from LAN 35 to OMS 0. 22-Christopher Stewart to OMS 20 for 20 yards. Tackle by 24-Corey Frye.",,,,,,,,,,,,,,,,,,,,,,,,,,,,,,,,,,,,,,"#22 Christopher Stewart - CB",,"#62 Spare Tire Dixon - RDE","#34 Richard Dinardo - CB","#98 Gregory King - WLB","#99 Vincent Sosa - SLB","#78 William Gonzalez - RDE","#39 Russell Charles - SS","#27 Victor Anderson - SS","#73 Darrell Vose - DT","#94 Shawn Santiago - LDE","#72 James Neal - DT","#16 Jeffrey Roland - K",,,,,,,,,,,,,,,,,,,,
OMS,14:56,"OMS 20",1,1,10,"Goal Line Normal PA TE Drag","4-3 Under Double Safety Blitz",,0,0,"1-10-OMS 20 (14:57) 9-Walton Smith pass Pass knocked down by 29-Alphonse Belcher. incomplete, intended for 80-Willie Garcia.","#9 Walton Smith - QB","#26 Edgardo Bradshaw - RB",,"#46 Aaron Dean - RB","#31 Kurt Shoemaker - FB","#80 Willie Garcia - TE","#81 Paul McCaslin - TE",,,,,,"#71 Billy Corgan - LT","#68 Andres Nash - RG","#57 Tommy Johnson - C","#53 William Jackson - RG","#59 Edward Dunn - RT",,"#98 Alvaro Ferguson - LDE",,"#74 Mark Miller - DT","#64 James Mandell - DT","#93 Burton Riddick - RDE","#51 Don Soto - SLB","#59 Byron Carr - MLB",,"#57 Jordan Davis - MLB","#29 Alphonse Belcher - CB","#33 Larry Stewart - CB",,,,"#42 Paul Charron - CB","#25 Eugene Brooks - CB",,,,,,,,,,,,,,,,,,,,,,,,,,,,,,,,,,,,
OMS,14:52,"OMS 20",1,2,10,"I Formation Normal SE Post","4-3 Normal OLB Blitz Inside",,0,0,"2-10-OMS 20 (14:53) 9-Walton Smith pass incomplete, intended for 15-Thomas Fernandes. Pressure by 93-Burton Riddick.","#9 Walton Smith - QB","#48 Michael Spiller - RB",,,"#31 Kurt Shoemaker - FB","#80 Willie Garcia - TE",,"#15 Thomas Fernandes - WR",,"#83 Paul Parson - WR",,,"#71 Billy Corgan - LT","#68 Andres Nash - RG","#57 Tommy Johnson - C","#53 William Jackson - RG","#59 Edward Dunn - RT",,"#98 Alvaro Ferguson - LDE",,"#74 Mark Miller - DT","#64 James Mandell - DT","#93 Burton Riddick - RDE","#51 Don Soto - SLB","#32 Thomas Gamboa - CB",,"#59 Byron Carr - MLB","#42 Paul Charron - CB","#33 Larry Stewart - CB",,,,"#29 Alphonse Belcher - CB","#25 Eugene Brooks - CB",,,,,,,,,,,,,,,,,,,,,,,,,,,,,,,,,,,,
OMS,14:47,"OMS 20",1,3,10,"Shotgun 2 RB 3 WR Strong Deep","Dime Normal Man Cover 1",-10,0,0,"3-10-OMS 20 (14:48) 9-Walton Smith sacked at OMS 11 for -10 yards (93-Burton Riddick). Sack allowed by 71-Billy Corgan.","#9 Walton Smith - QB","#26 Edgardo Bradshaw - RB","#48 Michael Spiller - RB",,,,,"#87 Richard Medina - WR","#84 Anthony Mistretta - WR","#10 Michael Hecker - WR",,,"#71 Billy Corgan - LT","#68 Andres Nash - RG","#57 Tommy Johnson - C","#53 William Jackson - RG","#59 Edward Dunn - RT",,"#98 Alvaro Ferguson - LDE",,"#74 Mark Miller - DT","#64 James Mandell - DT","#93 Burton Riddick - RDE",,"#59 Byron Carr - MLB",,,"#29 Alphonse Belcher - CB","#25 Eugene Brooks - CB","#24 Corey Frye - CB","#42 Paul Charron - CB",,"#32 Thomas Gamboa - CB","#33 Larry Stewart - CB",,,,,,,,,,,,,,,,,,,,,,,,,,,,,,,,,,,,
OMS,14:06,"OMS 11",1,4,20,Punt,"Punt Return",,0,0,"4-20-OMS 11 (14:05) 11-Rene Johnson punts 47 yards to LAN 43. 12-Matthew Alston to OMS 49 for 9 yards. Tackle by 22-Christopher Stewart.",,,,,,,,,,,,,,,,,,"#11 Rene Johnson - P",,,,,,,,,,,,,,,,,,,"#59 Edward Dunn - RT",,"#12 Matthew Alston - WR",,,"#33 Larry Stewart - CB","#32 Thomas Gamboa - CB","#25 Eugene Brooks - CB",,"#24 Corey Frye - CB","#42 Paul Charron - CB",,"#56 Nicholas Casper - WLB",,,,"#80 Willie Garcia - TE","#66 Andrew Turner - RG","#57 Tommy Johnson - C","#71 Billy Corgan - LT","#52 James Funches - LT","#81 Paul McCaslin - TE",,"#93 Burton Riddick - RDE","#59 Byron Carr - MLB","#98 Alvaro Ferguson - LDE","#74 Mark Miller - DT",,,,,,,
LAN,13:56,"OMS 49",1,1,10,"Weak I Normal HB Inside Weak","4-3 Normal SLB Middle Blitz",4,0,0,"1-10-OMS 49 (13:57) 85-Timothy Leighton ran to OMS 45 for 4 yards. Tackle by 99-Vincent Sosa.","#5 Johnny Boyd - QB","#85 Timothy Leighton - WR",,,"#81 Sam Torres - WR","#86 Micheal Best - WR",,"#88 Hunter Rice - WR",,"#12 Matthew Alston - WR",,,"#73 Eddie G. Robinson - LT","#63 Anthony Nunez - LG","#61 Larry Simon - C","#62 David Calhoun - LG","#79 Carlos Lynch - RT",,"#62 Spare Tire Dixon - RDE",,"#73 Darrell Vose - DT","#72 James Neal - DT","#77 Reginald Throckmorton - RDE","#99 Vincent Sosa - SLB","#50 Carl Blackburn - MLB",,"#55 Jeremy Hannon - WLB","#41 Elliott Lopez - CB","#34 Richard Dinardo - CB",,,,"#39 Russell Charles - SS","#27 Victor Anderson - SS",,,,,,,,,,,,,,,,,,,,,,,,,,,,,,,,,,,,
LAN,13:20,"OMS 45",1,2,6,"Strong I Big Backfield Drag","Goal Line 3 Deep Zone Under",3,0,0,"2-6-OMS 45 (13:19) 5-Johnny Boyd pass complete to 85-Timothy Leighton to OMS 42 for 3 yards. Tackle by 99-Vincent Sosa.","#5 Johnny Boyd - QB","#12 Matthew Alston - WR",,,"#85 Timothy Leighton - WR","#81 Sam Torres - WR","#86 Micheal Best - WR","#88 Hunter Rice - WR",,,,,"#73 Eddie G. Robinson - LT","#63 Anthony Nunez - LG","#61 Larry Simon - C","#62 David Calhoun - LG","#79 Carlos Lynch - RT",,"#62 Spare Tire Dixon - RDE","#94 Shawn Santiago - LDE","#73 Darrell Vose - DT","#72 James Neal - DT","#78 William Gonzalez - RDE","#99 Vincent Sosa - SLB","#50 Carl Blackburn - MLB",,"#55 Jeremy Hannon - WLB","#22 Christopher Stewart - CB","#41 Elliott Lopez - CB",,,,"#39 Russell Charles - SS",,,,,,,,,,,,,,,,,,,,,,,,,,,,,,,,,,,,,
LAN,12:36,"OMS 42",1,3,3,"Singleback Normal SE Quick Hit","Nickel Normal Man Zone",15,0,0,"3-3-OMS 42 (12:35) 5-Johnny Boyd pass complete to 85-Timothy Leighton to OMS 27 for 15 yards. Tackle by 21-James Savarese.","#5 Johnny Boyd - QB","#85 Timothy Leighton - WR",,,,"#81 Sam Torres - WR",,"#88 Hunter Rice - WR","#86 Micheal Best - WR","#12 Matthew Alston - WR",,,"#73 Eddie G. Robinson - LT","#63 Anthony Nunez - LG","#61 Larry Simon - C","#62 David Calhoun - LG","#79 Carlos Lynch - RT",,"#62 Spare Tire Dixon - RDE",,"#73 Darrell Vose - DT","#72 James Neal - DT","#78 William Gonzalez - RDE",,"#51 Leo Morrison - MLB",,"#98 Gregory King - WLB","#41 Elliott Lopez - CB","#34 Richard Dinardo - CB",,"#37 Tom Morello - FS",,"#21 James Savarese - SS","#27 Victor Anderson - SS",,,,,,,,,,,,,,,,,,,,,,,,,,,,,,,,,,,,
LAN,11:55,"OMS 27",1,1,10,"Shotgun Normal HB Flare","Nickel Normal SS Blitz",27,0,6,"1-10-OMS 27 (11:54) 5-Johnny Boyd pass complete to 88-Hunter Rice for 27 yards. TOUCHDOWN! PENALTY - Pass Interference (OMS 22-Christopher Stewart) (Declined) OMS 0 LAN 6","#5 Johnny Boyd - QB","#23 Gerald Garcia - WR",,,,"#81 Sam Torres - WR",,"#88 Hunter Rice - WR","#86 Micheal Best - WR","#12 Matthew Alston - WR",,,"#73 Eddie G. Robinson - LT","#63 Anthony Nunez - LG","#61 Larry Simon - C","#62 David Calhoun - LG","#79 Carlos Lynch - RT",,"#62 Spare Tire Dixon - RDE",,"#72 James Neal - DT","#63 Ian Burress - DT","#78 William Gonzalez - RDE",,"#50 Carl Blackburn - MLB",,"#55 Jeremy Hannon - WLB","#22 Christopher Stewart - CB","#41 Elliott Lopez - CB",,"#21 James Savarese - SS",,"#39 Russell Charles - SS","#27 Victor Anderson - SS",,,,,,,,,,,,,,,,,,,,,,,,,,,,,,,,,,,,
LAN,11:47,"OMS 2",1,7,2,"Shotgun Normal HB Flare","4-3 Normal SLB Middle Blitz",-2,0,6,"(11:48) 5-Johnny Boyd pass complete to 23-Gerald Garcia to OMS 4 for -2 yards. Tackle by 34-Richard Dinardo.","#5 Johnny Boyd - QB","#23 Gerald Garcia - WR",,,,"#81 Sam Torres - WR",,"#12 Matthew Alston - WR","#45 Kenneth Hamblen - WR","#86 Micheal Best - WR",,,"#73 Eddie G. Robinson - LT","#63 Anthony Nunez - LG","#61 Larry Simon - C","#62 David Calhoun - LG","#79 Carlos Lynch - RT",,"#62 Spare Tire Dixon - RDE",,"#73 Darrell Vose - DT","#72 James Neal - DT","#78 William Gonzalez - RDE","#99 Vincent Sosa - SLB","#51 Leo Morrison - MLB",,"#98 Gregory King - WLB","#34 Richard Dinardo - CB","#22 Christopher Stewart - CB",,,,"#39 Russell Charles - SS","#37 Tom Morello - FS",,,,,,,,,,,,,,,,,,,,,,,,,,,,,,,,,,,,
LAN,11:47,"LAN 35",1,6,10,Kickoff,"Kick Return",,0,6,"(11:48) 16-Jeffrey Roland kicks 74 yards from LAN 35 to OMS -9. Touchback.",,,,,,,,,,,,,,,,,,,,,,,,,,,,,,,,,,,,,,"#84 Anthony Mistretta - WR",,"#94 Shawn Santiago - LDE","#22 Christopher Stewart - CB","#98 Gregory King - WLB","#34 Richard Dinardo - CB","#78 William Gonzalez - RDE","#27 Victor Anderson - SS","#73 Darrell Vose - DT","#72 James Neal - DT","#39 Russell Charles - SS","#99 Vincent Sosa - SLB","#16 Jeffrey Roland - K",,,,,,,,,,,,,,,,,,,,
OMS,11:47,"OMS 25",1,1,10,"Shotgun 2 RB 3 WR Shotgun Sweep","4-3 Under Crash Right",4,0,6,"1-10-OMS 25 (11:48) 48-Michael Spiller ran to OMS 29 for 4 yards. Tackle by 59-Byron Carr.","#9 Walton Smith - QB","#26 Edgardo Bradshaw - RB","#48 Michael Spiller - RB",,,,,"#15 Thomas Fernandes - WR","#87 Richard Medina - WR","#83 Paul Parson - WR",,,"#71 Billy Corgan - LT","#68 Andres Nash - RG","#57 Tommy Johnson - C","#53 William Jackson - RG","#59 Edward Dunn - RT",,"#98 Alvaro Ferguson - LDE",,"#74 Mark Miller - DT","#64 James Mandell - DT","#93 Burton Riddick - RDE","#51 Don Soto - SLB","#32 Thomas Gamboa - CB",,"#59 Byron Carr - MLB","#29 Alphonse Belcher - CB","#33 Larry Stewart - CB",,,,"#42 Paul Charron - CB","#25 Eugene Brooks - CB",,,,,,,,,,,,,,,,,,,,,,,,,,,,,,,,,,,,
OMS,11:07,"OMS 29",1,2,6,"Shotgun 2 RB 3 WR RB Curls","4-3 Under Double LB Blitz",36,0,6,"2-6-OMS 29 (11:06) (Hot Read) 9-Walton Smith pass complete to 83-Paul Parson to LAN 35 for 36 yards. Tackle by 51-Don Soto.","#9 Walton Smith - QB","#26 Edgardo Bradshaw - RB","#42 Arthur Cassady - RB",,,,,"#15 Thomas Fernandes - WR","#87 Richard Medina - WR","#83 Paul Parson - WR",,,"#71 Billy Corgan - LT","#68 Andres Nash - RG","#57 Tommy Johnson - C","#53 William Jackson - RG","#59 Edward Dunn - RT",,"#98 Alvaro Ferguson - LDE",,"#74 Mark Miller - DT","#64 James Mandell - DT","#93 Burton Riddick - RDE","#51 Don Soto - SLB","#32 Thomas Gamboa - CB",,"#59 Byron Carr - MLB","#29 Alphonse Belcher - CB","#33 Larry Stewart - CB",,,,"#42 Paul Charron - CB","#25 Eugene Brooks - CB",,,,,,,,,,,,,,,,,,,,,,,,,,,,,,,,,,,,
OMS,10:17,"LAN 35",1,1,10,"Goal Line Normal HB Dive","4-3 Under Double Safety Blitz",1,0,6,"1-10-LAN 35 (10:16) 48-Michael Spiller ran to LAN 33 for 1 yards. Tackle by 74-Mark Miller.","#9 Walton Smith - QB","#48 Michael Spiller - RB",,"#46 Aaron Dean - RB","#31 Kurt Shoemaker - FB","#80 Willie Garcia - TE","#81 Paul McCaslin - TE",,,,,,"#52 James Funches - LT","#74 Scott Braun - RG","#57 Tommy Johnson - C","#79 Armando McDaniel - C","#66 Andrew Turner - RG",,"#98 Alvaro Ferguson - LDE",,"#74 Mark Miller - DT","#64 James Mandell - DT","#93 Burton Riddick - RDE","#56 Nicholas Casper - WLB","#37 Randy Hall - CB",,"#57 Jordan Davis - MLB","#29 Alphonse Belcher - CB","#33 Larry Stewart - CB",,,,"#32 Thomas Gamboa - CB","#25 Eugene Brooks - CB",,,,,,,,,,,,,,,,,,,,,,,,,,,,,,,,,,,,
OMS,9:41,"LAN 33",1,2,9,"Goal Line Normal PA TE Drag","4-3 Under Double Safety Blitz",,0,6,"2-9-LAN 33 (9:40) 9-Walton Smith pass incomplete, intended for 81-Paul McCaslin.","#9 Walton Smith - QB","#48 Michael Spiller - RB",,"#46 Aaron Dean - RB","#31 Kurt Shoemaker - FB","#80 Willie Garcia - TE","#81 Paul McCaslin - TE",,,,,,"#52 James Funches - LT","#74 Scott Braun - RG","#57 Tommy Johnson - C","#53 William Jackson - RG","#66 Andrew Turner - RG",,"#98 Alvaro Ferguson - LDE",,"#74 Mark Miller - DT","#64 James Mandell - DT","#93 Burton Riddick - RDE","#51 Don Soto - SLB","#56 Nicholas Casper - WLB",,"#59 Byron Carr - MLB","#29 Alphonse Belcher - CB","#33 Larry Stewart - CB",,,,"#32 Thomas Gamboa - CB","#25 Eugene Brooks - CB",,,,,,,,,,,,,,,,,,,,,,,,,,,,,,,,,,,,
OMS,9:37,"LAN 33",1,3,9,"I Formation Normal HB Blast","4-3 Normal Double WR2",6,0,6,"3-9-LAN 33 (9:38) 48-Michael Spiller ran to LAN 27 for 6 yards. Tackle by 59-Byron Carr. OMS 68-Andres Nash was injured on the play. He looks like he should be able to return.","#9 Walton Smith - QB","#48 Michael Spiller - RB",,,"#31 Kurt Shoemaker - FB","#80 Willie Garcia - TE",,"#87 Richard Medina - WR",,"#10 Michael Hecker - WR",,,"#71 Billy Corgan - LT","#68 Andres Nash - RG","#57 Tommy Johnson - C","#53 William Jackson - RG","#59 Edward Dunn - RT",,"#98 Alvaro Ferguson - LDE",,"#74 Mark Miller - DT","#64 James Mandell - DT","#93 Burton Riddick - RDE","#51 Don Soto - SLB","#32 Thomas Gamboa - CB",,"#59 Byron Carr - MLB","#42 Paul Charron - CB","#33 Larry Stewart - CB",,,,"#29 Alphonse Belcher - CB","#25 Eugene Brooks - CB",,,,,,,,,,,,,,,,,,,,,,,,,,,,,,,,,,,,
OMS,8:59,"LAN 27",1,4,3,"Field Goal","FG Block",37,3,6,"4-3-LAN 27 (8:58) 7-Charles Parkman 45 yard field goal is GOOD. OMS 3 LAN 6",,,,,,,,,,,,,,,,,,,,,,,,,,,,,,,,,,,,"#9 Walton Smith - QB","#59 Edward Dunn - RT",,,,,,,,,,,,,,"#7 Charles Parkman - K","#15 Thomas Fernandes - WR","#66 Andrew Turner - RG","#78 William Gonzalez - RDE","#57 Tommy Johnson - C","#71 Billy Corgan - LT","#52 James Funches - LT","#80 Willie Garcia - TE","#81 Paul McCaslin - TE","#93 Burton Riddick - RDE","#59 Byron Carr - MLB","#98 Alvaro Ferguson - LDE","#74 Mark Miller - DT","#57 Jordan Davis - MLB","#37 Randy Hall - CB","#94 Jeffrey Rodriguez - LDE","#96 Stanley Hall - RDE","#97 Juan Hoppe - RDE","#99 Reginald Barajas - DT","#64 James Mandell - DT"
OMS,8:54,"OMS 35",1,6,10,Kickoff,"Kick Return",,3,6,"(8:55) 7-Charles Parkman kicks 74 yards from OMS 35 to LAN -9. Touchback.",,,,,,,,,,,,,,,,,,,,,,,,,,,,,,,,,,,,,,"#12 Matthew Alston - WR",,"#30 Timothy Hauser - CB","#37 Randy Hall - CB","#33 Larry Stewart - CB","#32 Thomas Gamboa - CB","#25 Eugene Brooks - CB","#29 Alphonse Belcher - CB","#24 Corey Frye - CB","#42 Paul Charron - CB","#51 Don Soto - SLB","#56 Nicholas Casper - WLB","#7 Charles Parkman - K",,,,,,,,,,,,,,,,,,,,
LAN,8:54,"LAN 25",1,1,10,"Shotgun Normal HB Flare","Nickel Normal Man Cover 2",-0,3,6,"1-10-LAN 25 (8:55) 5-Johnny Boyd pass complete to 85-Timothy Leighton to LAN 25 for a short loss. Tackle by 41-Elliott Lopez.","#5 Johnny Boyd - QB","#85 Timothy Leighton - WR",,,,"#81 Sam Torres - WR",,"#88 Hunter Rice - WR","#86 Micheal Best - WR","#12 Matthew Alston - WR",,,"#73 Eddie G. Robinson - LT","#63 Anthony Nunez - LG","#61 Larry Simon - C","#62 David Calhoun - LG","#79 Carlos Lynch - RT",,"#62 Spare Tire Dixon - RDE",,"#63 Ian Burress - DT","#73 Darrell Vose - DT","#77 Reginald Throckmorton - RDE",,"#50 Carl Blackburn - MLB",,"#55 Jeremy Hannon - WLB","#41 Elliott Lopez - CB","#22 Christopher Stewart - CB",,"#34 Richard Dinardo - CB",,"#21 James Savarese - SS","#37 Tom Morello - FS",,,,,,,,,,,,,,,,,,,,,,,,,,,,,,,,,,,,
LAN,8:11,"LAN 25",1,2,10,"Singleback Big Ins and Outs","4-3 Normal WLB Outside Blitz",,3,6,"2-10-LAN 25 (8:10) 5-Johnny Boyd pass Pass knocked down by 99-Vincent Sosa. incomplete, intended for 86-Micheal Best. LAN 79-Carlos Lynch was injured on the play. He looks like he should be able to return.","#5 Johnny Boyd - QB","#23 Gerald Garcia - WR",,,,"#85 Timothy Leighton - WR","#86 Micheal Best - WR","#12 Matthew Alston - WR",,"#88 Hunter Rice - WR",,,"#73 Eddie G. Robinson - LT","#63 Anthony Nunez - LG","#61 Larry Simon - C","#62 David Calhoun - LG","#79 Carlos Lynch - RT",,"#62 Spare Tire Dixon - RDE",,"#72 James Neal - DT","#63 Ian Burress - DT","#78 William Gonzalez - RDE","#99 Vincent Sosa - SLB","#50 Carl Blackburn - MLB",,"#55 Jeremy Hannon - WLB","#41 Elliott Lopez - CB","#21 James Savarese - SS",,,,"#39 Russell Charles - SS","#27 Victor Anderson - SS",,,,,,,,,,,,,,,,,,,,,,,,,,,,,,,,,,,,
LAN,8:07,"LAN 25",1,3,10,"I Formation Power HB Dive Weak","Goal Line 3 Deep Man",3,3,6,"3-10-LAN 25 (8:08) 86-Micheal Best ran to LAN 28 for 3 yards. Tackle by 41-Elliott Lopez.","#5 Johnny Boyd - QB","#86 Micheal Best - WR",,"#85 Timothy Leighton - WR","#81 Sam Torres - WR","#12 Matthew Alston - WR",,"#88 Hunter Rice - WR",,,,,"#73 Eddie G. Robinson - LT","#63 Anthony Nunez - LG","#61 Larry Simon - C","#62 David Calhoun - LG","#76 Michael Christenson - RT",,"#62 Spare Tire Dixon - RDE","#94 Shawn Santiago - LDE","#73 Darrell Vose - DT","#72 James Neal - DT","#78 William Gonzalez - RDE","#99 Vincent Sosa - SLB","#50 Carl Blackburn - MLB",,"#55 Jeremy Hannon - WLB","#22 Christopher Stewart - CB","#41 Elliott Lopez - CB",,,,"#39 Russell Charles - SS",,,,,,,,,,,,,,,,,,,,,,,,,,,,,,,,,,,,,
LAN,7:34,"LAN 28",1,4,7,Punt,"Punt Return",,3,6,"4-7-LAN 28 (7:33) 17-Gregory Juneau punts 43 yards to OMS 29. 84-Anthony Mistretta to OMS 28 for -0 yards. Tackle by 25-Eugene Brooks.",,,,,,,,,,,,,,,,,,"#17 Gregory Juneau - P",,,,,,,,,,,,,,,,,,,"#61 Larry Simon - C",,"#84 Anthony Mistretta - WR",,,"#98 Gregory King - WLB","#39 Russell Charles - SS","#22 Christopher Stewart - CB",,"#27 Victor Anderson - SS","#73 Darrell Vose - DT",,"#34 Richard Dinardo - CB",,,,"#62 David Calhoun - LG","#78 Jeff Moeller - LG","#73 Eddie G. Robinson - LT","#60 Ronald Barnes - LG","#63 Anthony Nunez - LG","#28 Arthur Jones - WR",,"#72 James Neal - DT","#78 William Gonzalez - RDE","#62 Spare Tire Dixon - RDE","#99 Vincent Sosa - SLB",,,,,,,
OMS,7:24,"OMS 28",1,1,10,"Shotgun Normal Double Outs","Nickel Normal Double WR3",,3,6,"1-10-OMS 28 (7:25) 9-Walton Smith pass Pass knocked down by 37-Randy Hall. incomplete, intended for 83-Paul Parson.","#9 Walton Smith - QB","#26 Edgardo Bradshaw - RB",,,,"#80 Willie Garcia - TE",,"#15 Thomas Fernandes - WR","#87 Richard Medina - WR","#83 Paul Parson - WR",,,"#71 Billy Corgan - LT","#68 Andres Nash - RG","#57 Tommy Johnson - C","#53 William Jackson - RG","#59 Edward Dunn - RT",,"#98 Alvaro Ferguson - LDE",,"#74 Mark Miller - DT","#64 James Mandell - DT","#93 Burton Riddick - RDE",,"#32 Thomas Gamboa - CB",,"#59 Byron Carr - MLB","#29 Alphonse Belcher - CB","#24 Corey Frye - CB",,"#37 Randy Hall - CB",,"#42 Paul Charron - CB","#33 Larry Stewart - CB",,,,,,,,,,,,,,,,,,,,,,,,,,,,,,,,,,,,
OMS,7:22,"OMS 28",1,2,10,"I Formation Power HB Draw","4-3 Normal Double WR2",8,3,6,"2-10-OMS 28 (7:23) 26-Edgardo Bradshaw ran to OMS 37 for 8 yards. Tackle by 25-Eugene Brooks.","#9 Walton Smith - QB","#26 Edgardo Bradshaw - RB",,"#46 Aaron Dean - RB","#31 Kurt Shoemaker - FB","#80 Willie Garcia - TE",,"#15 Thomas Fernandes - WR",,,,,"#71 Billy Corgan - LT","#68 Andres Nash - RG","#57 Tommy Johnson - C","#53 William Jackson - RG","#59 Edward Dunn - RT",,"#98 Alvaro Ferguson - LDE",,"#74 Mark Miller - DT","#64 James Mandell - DT","#93 Burton Riddick - RDE","#51 Don Soto - SLB","#32 Thomas Gamboa - CB",,"#59 Byron Carr - MLB","#42 Paul Charron - CB","#33 Larry Stewart - CB",,,,"#29 Alphonse Belcher - CB","#25 Eugene Brooks - CB",,,,,,,,,,,,,,,,,,,,,,,,,,,,,,,,,,,,
OMS,6:42,"OMS 37",1,3,2,"I Formation Normal HB Blast","4-3 Normal Double WR2",6,3,6,"3-2-OMS 37 (6:41) 48-Michael Spiller ran to OMS 43 for 6 yards. Tackle by 51-Don Soto.","#9 Walton Smith - QB","#48 Michael Spiller - RB",,,"#31 Kurt Shoemaker - FB","#80 Willie Garcia - TE",,"#15 Thomas Fernandes - WR",,"#83 Paul Parson - WR",,,"#71 Billy Corgan - LT","#68 Andres Nash - RG","#57 Tommy Johnson - C","#53 William Jackson - RG","#59 Edward Dunn - RT",,"#98 Alvaro Ferguson - LDE",,"#74 Mark Miller - DT","#64 James Mandell - DT","#93 Burton Riddick - RDE","#51 Don Soto - SLB","#32 Thomas Gamboa - CB",,"#59 Byron Carr - MLB","#42 Paul Charron - CB","#33 Larry Stewart - CB",,,,"#29 Alphonse Belcher - CB","#25 Eugene Brooks - CB",,,,,,,,,,,,,,,,,,,,,,,,,,,,,,,,,,,,
OMS,6:09,"OMS 43",1,1,10,"Shotgun Normal Double Outs","Nickel Normal Double WR3",,3,6,"1-10-OMS 43 (6:08) 9-Walton Smith pass Pass knocked down by 25-Eugene Brooks. incomplete, intended for 15-Thomas Fernandes.","#9 Walton Smith - QB","#26 Edgardo Bradshaw - RB",,,,"#80 Willie Garcia - TE",,"#15 Thomas Fernandes - WR","#87 Richard Medina - WR","#83 Paul Parson - WR",,,"#71 Billy Corgan - LT","#68 Andres Nash - RG","#57 Tommy Johnson - C","#53 William Jackson - RG","#59 Edward Dunn - RT",,"#98 Alvaro Ferguson - LDE",,"#74 Mark Miller - DT","#64 James Mandell - DT","#93 Burton Riddick - RDE",,"#32 Thomas Gamboa - CB",,"#59 Byron Carr - MLB","#25 Eugene Brooks - CB","#33 Larry Stewart - CB",,"#29 Alphonse Belcher - CB",,"#24 Corey Frye - CB","#42 Paul Charron - CB",,,,,,,,,,,,,,,,,,,,,,,,,,,,,,,,,,,,
OMS,6:05,"OMS 43",1,2,10,"I Formation Normal PA Outside Curls","4-3 Normal Double WR2",2,3,6,"2-10-OMS 43 (6:06) 9-Walton Smith pass complete to 83-Paul Parson to OMS 45 for 2 yards. Tackle by 42-Paul Charron.","#9 Walton Smith - QB","#48 Michael Spiller - RB",,,"#31 Kurt Shoemaker - FB","#80 Willie Garcia - TE",,"#83 Paul Parson - WR",,"#87 Richard Medina - WR",,,"#71 Billy Corgan - LT","#68 Andres Nash - RG","#57 Tommy Johnson - C","#53 William Jackson - RG","#59 Edward Dunn - RT",,"#98 Alvaro Ferguson - LDE",,"#74 Mark Miller - DT","#64 James Mandell - DT","#93 Burton Riddick - RDE","#51 Don Soto - SLB","#32 Thomas Gamboa - CB",,"#59 Byron Carr - MLB","#42 Paul Charron - CB","#33 Larry Stewart - CB",,,,"#29 Alphonse Belcher - CB","#25 Eugene Brooks - CB",,,,,,,,,,,,,,,,,,,,,,,,,,,,,,,,,,,,
OMS,5:25,"OMS 45",1,3,8,"Shotgun 2 RB 3 WR Strong Deep","4-3 Under Double LB Blitz",-11,3,6,"3-8-OMS 45 (5:24) 9-Walton Smith sacked at OMS 34 for -11 yards (59-Byron Carr). Sack allowed by 42-Arthur Cassady.","#9 Walton Smith - QB","#26 Edgardo Bradshaw - RB","#42 Arthur Cassady - RB",,,,,"#15 Thomas Fernandes - WR","#84 Anthony Mistretta - WR","#10 Michael Hecker - WR",,,"#71 Billy Corgan - LT","#68 Andres Nash - RG","#57 Tommy Johnson - C","#53 William Jackson - RG","#59 Edward Dunn - RT",,"#98 Alvaro Ferguson - LDE",,"#74 Mark Miller - DT","#64 James Mandell - DT","#93 Burton Riddick - RDE","#51 Don Soto - SLB","#32 Thomas Gamboa - CB",,"#59 Byron Carr - MLB","#29 Alphonse Belcher - CB","#33 Larry Stewart - CB",,,,"#42 Paul Charron - CB","#25 Eugene Brooks - CB",,,,,,,,,,,,,,,,,,,,,,,,,,,,,,,,,,,,
OMS,4:38,"OMS 34",1,4,19,Punt,"Punt Return",,3,6,"4-19-OMS 34 (4:37) 11-Rene Johnson punts 45 yards to LAN 22. Fair Catch by 12-Matthew Alston. PENALTY - Holding (OMS 98-Gregory King) (Declined)",,,,,,,,,,,,,,,,,,"#11 Rene Johnson - P",,,,,,,,,,,,,,,,,,,"#59 Edward Dunn - RT",,"#12 Matthew Alston - WR",,,"#33 Larry Stewart - CB","#32 Thomas Gamboa - CB","#25 Eugene Brooks - CB",,"#24 Corey Frye - CB","#42 Paul Charron - CB",,"#56 Nicholas Casper - WLB",,,,"#80 Willie Garcia - TE","#66 Andrew Turner - RG","#57 Tommy Johnson - C","#71 Billy Corgan - LT","#52 James Funches - LT","#81 Paul McCaslin - TE",,"#93 Burton Riddick - RDE","#59 Byron Carr - MLB","#98 Alvaro Ferguson - LDE","#74 Mark Miller - DT",,,,,,,
LAN,4:30,"LAN 22",1,1,10,"I Formation Normal PA Fullback Flat","4-3 Normal WLB Outside Blitz",60,3,6,"1-10-LAN 22 (4:31) 5-Johnny Boyd pass complete to 86-Micheal Best to OMS 18 for 60 yards. Tackle by 27-Victor Anderson.","#5 Johnny Boyd - QB","#85 Timothy Leighton - WR",,,"#81 Sam Torres - WR","#86 Micheal Best - WR",,"#12 Matthew Alston - WR",,"#88 Hunter Rice - WR",,,"#73 Eddie G. Robinson - LT","#63 Anthony Nunez - LG","#61 Larry Simon - C","#62 David Calhoun - LG","#79 Carlos Lynch - RT",,"#62 Spare Tire Dixon - RDE",,"#73 Darrell Vose - DT","#72 James Neal - DT","#77 Reginald Throckmorton - RDE","#99 Vincent Sosa - SLB","#50 Carl Blackburn - MLB",,"#55 Jeremy Hannon - WLB","#41 Elliott Lopez - CB","#34 Richard Dinardo - CB",,,,"#39 Russell Charles - SS","#27 Victor Anderson - SS",,,,,,,,,,,,,,,,,,,,,,,,,,,,,,,,,,,,
LAN,3:46,"OMS 18",1,1,10,"Singleback Normal HB Release Mid","Nickel Normal Shallow Zone Deep",18,3,6,"1-10-OMS 18 (3:45) 5-Johnny Boyd pass complete to 85-Timothy Leighton to OMS 0 for 18 yards. Tackle by 21-James Savarese. LAN 85-Timothy Leighton was injured on the play. He looks like he should be able to return.","#5 Johnny Boyd - QB","#85 Timothy Leighton - WR",,,,"#80 Ryan Oliphant - WR",,"#88 Hunter Rice - WR","#23 Gerald Garcia - WR","#45 Kenneth Hamblen - WR",,,"#73 Eddie G. Robinson - LT","#63 Anthony Nunez - LG","#61 Larry Simon - C","#78 Jeff Moeller - LG","#76 Michael Christenson - RT",,"#62 Spare Tire Dixon - RDE",,"#63 Ian Burress - DT","#94 Shawn Santiago - LDE","#78 William Gonzalez - RDE",,"#51 Leo Morrison - MLB",,"#98 Gregory King - WLB","#22 Christopher Stewart - CB","#34 Richard Dinardo - CB",,"#39 Russell Charles - SS",,"#21 James Savarese - SS","#37 Tom Morello - FS",,,,,,,,,,,,,,,,,,,,,,,,,,,,,,,,,,,,
LAN,3:01,"OMS 0",1,1,,"Strong I Big HB Toss Strong","Goal Line Attack #3",,3,12,"1-1-OMS 0 (3:00) 23-Gerald Garcia ran for 0 yards. TOUCHDOWN! OMS 3 LAN 12","#5 Johnny Boyd - QB","#23 Gerald Garcia - WR",,,"#28 Arthur Jones - WR","#81 Sam Torres - WR","#12 Matthew Alston - WR","#88 Hunter Rice - WR",,,,,"#73 Eddie G. Robinson - LT","#63 Anthony Nunez - LG","#61 Larry Simon - C","#62 David Calhoun - LG","#79 Carlos Lynch - RT",,"#94 Shawn Santiago - LDE","#78 William Gonzalez - RDE","#63 Ian Burress - DT","#72 James Neal - DT","#62 Spare Tire Dixon - RDE","#95 Anthony Salter - SLB","#91 Charles Moreno - MLB",,"#55 Jeremy Hannon - WLB","#22 Christopher Stewart - CB","#34 Richard Dinardo - CB",,,,"#37 Tom Morello - FS",,,,,,,,,,,,,,,,,,,,,,,,,,,,,,,,,,,,,
LAN,2:57,"OMS 2",1,7,2,"Strong I Big HB Toss Strong","Nickel 3-3-5 Cover 2 Man Under",2,3,14,"(2:58) 23-Gerald Garcia ran for 2 yards. CONVERSION GOOD! OMS 3 LAN 14","#5 Johnny Boyd - QB","#23 Gerald Garcia - WR",,,"#28 Arthur Jones - WR","#81 Sam Torres - WR","#12 Matthew Alston - WR","#88 Hunter Rice - WR",,,,,"#73 Eddie G. Robinson - LT","#63 Anthony Nunez - LG","#61 Larry Simon - C","#62 David Calhoun - LG","#79 Carlos Lynch - RT",,"#62 Spare Tire Dixon - RDE",,"#72 James Neal - DT",,"#78 William Gonzalez - RDE","#95 Anthony Salter - SLB","#51 Leo Morrison - MLB",,"#55 Jeremy Hannon - WLB","#41 Elliott Lopez - CB","#34 Richard Dinardo - CB",,"#37 Tom Morello - FS",,"#21 James Savarese - SS","#22 Christopher Stewart - CB",,,,,,,,,,,,,,,,,,,,,,,,,,,,,,,,,,,,
LAN,2:57,"LAN 35",1,6,10,Kickoff,"Kick Return",,3,14,"(2:58) 16-Jeffrey Roland kicks 74 yards from LAN 35 to OMS -9. Touchback.",,,,,,,,,,,,,,,,,,,,,,,,,,,,,,,,,,,,,,"#22 Christopher Stewart - CB",,"#62 Spare Tire Dixon - RDE","#34 Richard Dinardo - CB","#98 Gregory King - WLB","#99 Vincent Sosa - SLB","#78 William Gonzalez - RDE","#39 Russell Charles - SS","#27 Victor Anderson - SS","#73 Darrell Vose - DT","#94 Shawn Santiago - LDE","#72 James Neal - DT","#16 Jeffrey Roland - K",,,,,,,,,,,,,,,,,,,,
OMS,2:57,"OMS 25",1,1,10,"I Formation Power Play Action Bomb","4-3 Normal Man Under 1",,3,14,"1-10-OMS 25 (2:58) 9-Walton Smith pass incomplete, intended for 26-Edgardo Bradshaw. Pressure by 93-Burton Riddick.","#9 Walton Smith - QB","#26 Edgardo Bradshaw - RB",,"#46 Aaron Dean - RB","#31 Kurt Shoemaker - FB","#80 Willie Garcia - TE",,"#15 Thomas Fernandes - WR",,,,,"#71 Billy Corgan - LT","#68 Andres Nash - RG","#57 Tommy Johnson - C","#53 William Jackson - RG","#59 Edward Dunn - RT",,"#98 Alvaro Ferguson - LDE",,"#74 Mark Miller - DT","#64 James Mandell - DT","#93 Burton Riddick - RDE","#51 Don Soto - SLB","#32 Thomas Gamboa - CB",,"#59 Byron Carr - MLB","#42 Paul Charron - CB","#33 Larry Stewart - CB",,,,"#29 Alphonse Belcher - CB","#25 Eugene Brooks - CB",,,,,,,,,,,,,,,,,,,,,,,,,,,,,,,,,,,,
OMS,2:52,"OMS 25",1,2,10,"Weak I Normal WR Corner TE Middle","4-3 Normal WLB MLB Blitz",7,3,14,"2-10-OMS 25 (2:53) 9-Walton Smith pass complete to 48-Michael Spiller to OMS 32 for 7 yards. Tackle by 29-Alphonse Belcher.","#9 Walton Smith - QB","#48 Michael Spiller - RB",,,"#31 Kurt Shoemaker - FB","#80 Willie Garcia - TE",,"#83 Paul Parson - WR",,"#87 Richard Medina - WR",,,"#71 Billy Corgan - LT","#68 Andres Nash - RG","#57 Tommy Johnson - C","#53 William Jackson - RG","#59 Edward Dunn - RT",,"#98 Alvaro Ferguson - LDE",,"#74 Mark Miller - DT","#64 James Mandell - DT","#93 Burton Riddick - RDE","#51 Don Soto - SLB","#59 Byron Carr - MLB",,"#57 Jordan Davis - MLB","#42 Paul Charron - CB","#33 Larry Stewart - CB",,,,"#29 Alphonse Belcher - CB","#25 Eugene Brooks - CB",,,,,,,,,,,,,,,,,,,,,,,,,,,,,,,,,,,,
OMS,2:17,"OMS 32",1,3,3,"I Formation Normal HB Blast","4-3 Under Crash Right",-1,3,14,"3-3-OMS 32 (2:16) 42-Arthur Cassady ran to OMS 31 for -1 yards. Tackle by 59-Byron Carr.","#9 Walton Smith - QB","#42 Arthur Cassady - RB",,,"#31 Kurt Shoemaker - FB","#81 Paul McCaslin - TE",,"#10 Michael Hecker - WR",,"#84 Anthony Mistretta - WR",,,"#71 Billy Corgan - LT","#68 Andres Nash - RG","#57 Tommy Johnson - C","#53 William Jackson - RG","#59 Edward Dunn - RT",,"#98 Alvaro Ferguson - LDE",,"#74 Mark Miller - DT","#64 James Mandell - DT","#93 Burton Riddick - RDE","#56 Nicholas Casper - WLB","#30 Timothy Hauser - CB",,"#59 Byron Carr - MLB","#24 Corey Frye - CB","#29 Alphonse Belcher - CB",,,,"#32 Thomas Gamboa - CB","#37 Randy Hall - CB",,,,,,,,,,,,,,,,,,,,,,,,,,,,,,,,,,,,
OMS,1:37,"OMS 31",1,4,4,Punt,"Punt Return",,3,14,"4-4-OMS 31 (1:36) 11-Rene Johnson punts 50 yards to LAN 19. Fair Catch by 12-Matthew Alston.",,,,,,,,,,,,,,,,,,"#11 Rene Johnson - P",,,,,,,,,,,,,,,,,,,"#59 Edward Dunn - RT",,"#12 Matthew Alston - WR",,,"#33 Larry Stewart - CB","#32 Thomas Gamboa - CB","#25 Eugene Brooks - CB",,"#24 Corey Frye - CB","#42 Paul Charron - CB",,"#56 Nicholas Casper - WLB",,,,"#80 Willie Garcia - TE","#66 Andrew Turner - RG","#57 Tommy Johnson - C","#71 Billy Corgan - LT","#52 James Funches - LT","#81 Paul McCaslin - TE",,"#93 Burton Riddick - RDE","#59 Byron Carr - MLB","#98 Alvaro Ferguson - LDE","#74 Mark Miller - DT",,,,,,,
LAN,1:28,"LAN 19",1,1,10,"I Formation Power Play Action HB Downfield","Goal Line Attack #2",-7,3,14,"1-10-LAN 19 (1:29) 5-Johnny Boyd sacked at LAN 12 for -7 yards (50-Carl Blackburn). Sack allowed by 86-Micheal Best.","#5 Johnny Boyd - QB","#86 Micheal Best - WR",,"#85 Timothy Leighton - WR","#81 Sam Torres - WR","#12 Matthew Alston - WR",,"#88 Hunter Rice - WR",,,,,"#73 Eddie G. Robinson - LT","#63 Anthony Nunez - LG","#61 Larry Simon - C","#62 David Calhoun - LG","#79 Carlos Lynch - RT",,"#62 Spare Tire Dixon - RDE","#94 Shawn Santiago - LDE","#73 Darrell Vose - DT","#72 James Neal - DT","#77 Reginald Throckmorton - RDE","#99 Vincent Sosa - SLB","#50 Carl Blackburn - MLB",,"#55 Jeremy Hannon - WLB","#41 Elliott Lopez - CB","#34 Richard Dinardo - CB",,,,"#39 Russell Charles - SS",,,,,,,,,,,,,,,,,,,,,,,,,,,,,,,,,,,,,
LAN,0:54,"LAN 12",1,2,17,"Split Backs 3 Wide Slot Post","Nickel 3-3-5 Cover 2 Man Under",13,3,14,"2-17-LAN 12 (0:53) 5-Johnny Boyd pass complete to 86-Micheal Best to LAN 25 for 13 yards. Tackle by 41-Elliott Lopez. Great move by 86-Micheal Best to get free of his coverage.","#5 Johnny Boyd - QB","#85 Timothy Leighton - WR",,,"#81 Sam Torres - WR",,,"#88 Hunter Rice - WR","#86 Micheal Best - WR","#12 Matthew Alston - WR",,,"#73 Eddie G. Robinson - LT","#63 Anthony Nunez - LG","#61 Larry Simon - C","#62 David Calhoun - LG","#79 Carlos Lynch - RT",,"#62 Spare Tire Dixon - RDE",,"#73 Darrell Vose - DT",,"#78 William Gonzalez - RDE","#99 Vincent Sosa - SLB","#50 Carl Blackburn - MLB",,"#55 Jeremy Hannon - WLB","#22 Christopher Stewart - CB","#37 Tom Morello - FS",,"#41 Elliott Lopez - CB",,"#21 James Savarese - SS","#27 Victor Anderson - SS",,,,,,,,,,,,,,,,,,,,,,,,,,,,,,,,,,,,
LAN,0:11,"LAN 25",1,3,4,"Shotgun Normal HB Flare","Nickel Normal Man Cover 2",,3,14,"3-4-LAN 25 (0:10) 5-Johnny Boyd pass Pass knocked down by 34-Richard Dinardo. incomplete, intended for 85-Timothy Leighton.","#5 Johnny Boyd - QB","#85 Timothy Leighton - WR",,,,"#81 Sam Torres - WR",,"#88 Hunter Rice - WR","#86 Micheal Best - WR","#12 Matthew Alston - WR",,,"#73 Eddie G. Robinson - LT","#63 Anthony Nunez - LG","#61 Larry Simon - C","#62 David Calhoun - LG","#79 Carlos Lynch - RT",,"#62 Spare Tire Dixon - RDE",,"#73 Darrell Vose - DT","#72 James Neal - DT","#78 William Gonzalez - RDE",,"#51 Leo Morrison - MLB",,"#98 Gregory King - WLB","#34 Richard Dinardo - CB","#22 Christopher Stewart - CB",,"#41 Elliott Lopez - CB",,"#39 Russell Charles - SS","#37 Tom Morello - FS",,,,,,,,,,,,,,,,,,,,,,,,,,,,,,,,,,,,
LAN,0:06,"LAN 25",1,4,4,Punt,"Punt Return",,3,14,"4-4-LAN 25 (0:07) 17-Gregory Juneau punts 54 yards to OMS 21. Fair Catch by 84-Anthony Mistretta.",,,,,,,,,,,,,,,,,,"#17 Gregory Juneau - P",,,,,,,,,,,,,,,,,,,"#61 Larry Simon - C",,"#84 Anthony Mistretta - WR",,,"#27 Victor Anderson - SS","#34 Richard Dinardo - CB","#78 William Gonzalez - RDE",,"#73 Darrell Vose - DT","#22 Christopher Stewart - CB",,"#98 Gregory King - WLB",,,,"#78 Jeff Moeller - LG","#63 Anthony Nunez - LG","#73 Eddie G. Robinson - LT","#60 Ronald Barnes - LG","#79 Carlos Lynch - RT","#62 David Calhoun - LG",,"#63 Ian Burress - DT","#62 Spare Tire Dixon - RDE","#99 Vincent Sosa - SLB","#72 James Neal - DT",,,,,,,
,0:00,,1,1,10,,,,3,14,"End of first quarter.",,,,,,,,,,,,,,,,,,,,,,,,,,,,,,,,,,,,,,,,,,,,,,,,,,,,,,,,,,,,,,,,,,,,,,
OMS,15:00,"OMS 21",2,1,10,"I Formation Normal FL Hitch","4-3 Normal Man Under 1",30,3,14,"1-10-OMS 21 (15:00) 9-Walton Smith pass complete to 83-Paul Parson to LAN 49 for 30 yards. Tackle by 24-Corey Frye. PENALTY - Pass Interference (LAN 24-Corey Frye) (Declined)","#9 Walton Smith - QB","#26 Edgardo Bradshaw - RB",,,"#31 Kurt Shoemaker - FB","#80 Willie Garcia - TE",,"#15 Thomas Fernandes - WR",,"#83 Paul Parson - WR",,,"#71 Billy Corgan - LT","#68 Andres Nash - RG","#57 Tommy Johnson - C","#53 William Jackson - RG","#59 Edward Dunn - RT",,"#98 Alvaro Ferguson - LDE",,"#74 Mark Miller - DT","#64 James Mandell - DT","#93 Burton Riddick - RDE","#51 Don Soto - SLB","#32 Thomas Gamboa - CB",,"#59 Byron Carr - MLB","#42 Paul Charron - CB","#24 Corey Frye - CB",,,,"#29 Alphonse Belcher - CB","#37 Randy Hall - CB",,,,,,,,,,,,,,,,,,,,,,,,,,,,,,,,,,,,
OMS,14:54,"LAN 49",2,1,10,"Shotgun Normal Double Outs","4-3 Normal Man Under 1",,3,14,"1-10-LAN 49 (14:55) 9-Walton Smith pass incomplete, intended for 84-Anthony Mistretta.","#9 Walton Smith - QB","#48 Michael Spiller - RB",,,,"#81 Paul McCaslin - TE",,"#87 Richard Medina - WR","#84 Anthony Mistretta - WR","#10 Michael Hecker - WR",,,"#71 Billy Corgan - LT","#74 Scott Braun - RG","#57 Tommy Johnson - C","#66 Andrew Turner - RG","#59 Edward Dunn - RT",,"#98 Alvaro Ferguson - LDE",,"#74 Mark Miller - DT","#64 James Mandell - DT","#93 Burton Riddick - RDE","#51 Don Soto - SLB","#32 Thomas Gamboa - CB",,"#59 Byron Carr - MLB","#42 Paul Charron - CB","#33 Larry Stewart - CB",,,,"#29 Alphonse Belcher - CB","#25 Eugene Brooks - CB",,,,,,,,,,,,,,,,,,,,,,,,,,,,,,,,,,,,
OMS,14:52,"LAN 49",2,2,10,"I Formation Normal PA Fullback Flat","4-3 Normal Man Under 1",3,3,14,"2-10-LAN 49 (14:53) 9-Walton Smith pass complete to 31-Kurt Shoemaker to LAN 45 for 3 yards. Tackle by 42-Paul Charron.","#9 Walton Smith - QB","#42 Arthur Cassady - RB",,,"#31 Kurt Shoemaker - FB","#81 Paul McCaslin - TE",,"#87 Richard Medina - WR",,"#10 Michael Hecker - WR",,,"#71 Billy Corgan - LT","#68 Andres Nash - RG","#57 Tommy Johnson - C","#53 William Jackson - RG","#59 Edward Dunn - RT",,"#98 Alvaro Ferguson - LDE",,"#74 Mark Miller - DT","#64 James Mandell - DT","#93 Burton Riddick - RDE","#51 Don Soto - SLB","#32 Thomas Gamboa - CB",,"#59 Byron Carr - MLB","#42 Paul Charron - CB","#33 Larry Stewart - CB",,,,"#29 Alphonse Belcher - CB","#25 Eugene Brooks - CB",,,,,,,,,,,,,,,,,,,,,,,,,,,,,,,,,,,,
OMS,14:13,"LAN 45",2,3,7,"I Formation Power HB Draw","4-3 Normal WLB MLB Blitz",-0,3,14,"3-7-LAN 45 (14:12) 26-Edgardo Bradshaw ran to LAN 46 for a short loss. Tackle by 32-Thomas Gamboa.","#9 Walton Smith - QB","#26 Edgardo Bradshaw - RB",,"#48 Michael Spiller - RB","#46 Aaron Dean - RB","#80 Willie Garcia - TE",,"#15 Thomas Fernandes - WR",,,,,"#71 Billy Corgan - LT","#68 Andres Nash - RG","#57 Tommy Johnson - C","#53 William Jackson - RG","#59 Edward Dunn - RT",,"#98 Alvaro Ferguson - LDE",,"#74 Mark Miller - DT","#64 James Mandell - DT","#93 Burton Riddick - RDE","#51 Don Soto - SLB","#32 Thomas Gamboa - CB",,"#59 Byron Carr - MLB","#42 Paul Charron - CB","#33 Larry Stewart - CB",,,,"#29 Alphonse Belcher - CB","#25 Eugene Brooks - CB",,,,,,,,,,,,,,,,,,,,,,,,,,,,,,,,,,,,
OMS,13:33,"LAN 46",2,4,7,Punt,"Punt Return",,3,14,"4-7-LAN 46 (13:32) 11-Rene Johnson punts 37 yards to LAN 9. 12-Matthew Alston to LAN 11 for 2 yards. Tackle by 98-Gregory King.",,,,,,,,,,,,,,,,,,"#11 Rene Johnson - P",,,,,,,,,,,,,,,,,,,"#57 Tommy Johnson - C",,"#12 Matthew Alston - WR",,,"#33 Larry Stewart - CB","#32 Thomas Gamboa - CB","#25 Eugene Brooks - CB",,"#24 Corey Frye - CB","#42 Paul Charron - CB",,"#56 Nicholas Casper - WLB",,,,"#80 Willie Garcia - TE","#66 Andrew Turner - RG","#59 Edward Dunn - RT","#71 Billy Corgan - LT","#52 James Funches - LT","#81 Paul McCaslin - TE",,"#93 Burton Riddick - RDE","#59 Byron Carr - MLB","#98 Alvaro Ferguson - LDE","#74 Mark Miller - DT",,,,,,,
LAN,13:23,"LAN 11",2,1,10,"Singleback Normal HB Dive Strong","Nickel Normal SS Blitz",4,3,14,"1-10-LAN 11 (13:24) 85-Timothy Leighton ran to LAN 15 for 4 yards. Tackle by 39-Russell Charles.","#5 Johnny Boyd - QB","#85 Timothy Leighton - WR",,,,"#81 Sam Torres - WR",,"#88 Hunter Rice - WR","#86 Micheal Best - WR","#12 Matthew Alston - WR",,,"#73 Eddie G. Robinson - LT","#63 Anthony Nunez - LG","#61 Larry Simon - C","#62 David Calhoun - LG","#79 Carlos Lynch - RT",,"#62 Spare Tire Dixon - RDE",,"#73 Darrell Vose - DT","#72 James Neal - DT","#77 Reginald Throckmorton - RDE",,"#50 Carl Blackburn - MLB",,"#55 Jeremy Hannon - WLB","#41 Elliott Lopez - CB","#34 Richard Dinardo - CB",,"#21 James Savarese - SS",,"#39 Russell Charles - SS","#27 Victor Anderson - SS",,,,,,,,,,,,,,,,,,,,,,,,,,,,,,,,,,,,
LAN,12:52,"LAN 15",2,2,6,"Singleback Normal SE Quick Hit","Nickel Blitz Stunt Blitz",20,3,14,"2-6-LAN 15 (12:51) 5-Johnny Boyd pass complete to 88-Hunter Rice to LAN 34 for 20 yards. Tackle by 39-Russell Charles.","#5 Johnny Boyd - QB","#85 Timothy Leighton - WR",,,,"#81 Sam Torres - WR",,"#88 Hunter Rice - WR","#86 Micheal Best - WR","#12 Matthew Alston - WR",,,"#73 Eddie G. Robinson - LT","#63 Anthony Nunez - LG","#61 Larry Simon - C","#62 David Calhoun - LG","#79 Carlos Lynch - RT",,"#62 Spare Tire Dixon - RDE",,"#73 Darrell Vose - DT","#72 James Neal - DT","#78 William Gonzalez - RDE",,"#50 Carl Blackburn - MLB",,"#55 Jeremy Hannon - WLB","#22 Christopher Stewart - CB","#41 Elliott Lopez - CB",,"#34 Richard Dinardo - CB",,"#39 Russell Charles - SS","#27 Victor Anderson - SS",,,,,,,,,,,,,,,,,,,,,,,,,,,,,,,,,,,,
LAN,12:09,"LAN 34",2,1,10,"Split Backs 3 Wide Dive Left","Nickel Normal Man Cover 2",12,3,14,"1-10-LAN 34 (12:08) 81-Sam Torres ran to LAN 47 for 12 yards. Tackle by 21-James Savarese.","#5 Johnny Boyd - QB","#85 Timothy Leighton - WR",,,"#81 Sam Torres - WR",,,"#88 Hunter Rice - WR","#86 Micheal Best - WR","#12 Matthew Alston - WR",,,"#73 Eddie G. Robinson - LT","#63 Anthony Nunez - LG","#61 Larry Simon - C","#62 David Calhoun - LG","#79 Carlos Lynch - RT",,"#62 Spare Tire Dixon - RDE",,"#73 Darrell Vose - DT","#72 James Neal - DT","#78 William Gonzalez - RDE",,"#51 Leo Morrison - MLB",,"#98 Gregory King - WLB","#27 Victor Anderson - SS","#22 Christopher Stewart - CB",,"#41 Elliott Lopez - CB",,"#21 James Savarese - SS","#37 Tom Morello - FS",,,,,,,,,,,,,,,,,,,,,,,,,,,,,,,,,,,,
LAN,11:29,"LAN 47",2,1,10,"Strong I Big HB Off Tackle","Goal Line 3 Deep Zone Under",1,3,14,"1-10-LAN 47 (11:28) 85-Timothy Leighton ran to LAN 48 for 1 yards. Tackle by 99-Vincent Sosa.","#5 Johnny Boyd - QB","#85 Timothy Leighton - WR",,,"#28 Arthur Jones - WR","#86 Micheal Best - WR","#80 Ryan Oliphant - WR","#12 Matthew Alston - WR",,,,,"#73 Eddie G. Robinson - LT","#63 Anthony Nunez - LG","#61 Larry Simon - C","#62 David Calhoun - LG","#79 Carlos Lynch - RT",,"#62 Spare Tire Dixon - RDE","#94 Shawn Santiago - LDE","#73 Darrell Vose - DT","#72 James Neal - DT","#78 William Gonzalez - RDE","#99 Vincent Sosa - SLB","#50 Carl Blackburn - MLB",,"#55 Jeremy Hannon - WLB","#34 Richard Dinardo - CB","#27 Victor Anderson - SS",,,,"#39 Russell Charles - SS",,,,,,,,,,,,,,,,,,,,,,,,,,,,,,,,,,,,,
LAN,10:48,"LAN 48",2,2,9,"Singleback Normal HB Release Mid","Nickel 3-3-5 Cover 2 Man Under",,3,14,"2-9-LAN 48 (10:47) 5-Johnny Boyd pass incomplete, dropped by 85-Timothy Leighton.","#5 Johnny Boyd - QB","#85 Timothy Leighton - WR",,,,"#81 Sam Torres - WR",,"#88 Hunter Rice - WR","#86 Micheal Best - WR","#12 Matthew Alston - WR",,,"#73 Eddie G. Robinson - LT","#63 Anthony Nunez - LG","#61 Larry Simon - C","#62 David Calhoun - LG","#79 Carlos Lynch - RT",,"#62 Spare Tire Dixon - RDE",,"#73 Darrell Vose - DT",,"#78 William Gonzalez - RDE","#99 Vincent Sosa - SLB","#50 Carl Blackburn - MLB",,"#55 Jeremy Hannon - WLB","#34 Richard Dinardo - CB","#21 James Savarese - SS",,"#22 Christopher Stewart - CB",,"#39 Russell Charles - SS","#37 Tom Morello - FS",,,,,,,,,,,,,,,,,,,,,,,,,,,,,,,,,,,,
LAN,10:43,"LAN 48",2,3,9,"I Formation Power Play Action HB Downfield","Goal Line 3 Deep Man",2,3,14,"3-9-LAN 48 (10:44) 5-Johnny Boyd pass complete to 12-Matthew Alston to LAN 50 for 2 yards. Tackle by 27-Victor Anderson.","#5 Johnny Boyd - QB","#86 Micheal Best - WR",,"#85 Timothy Leighton - WR","#81 Sam Torres - WR","#12 Matthew Alston - WR",,"#88 Hunter Rice - WR",,,,,"#73 Eddie G. Robinson - LT","#63 Anthony Nunez - LG","#61 Larry Simon - C","#62 David Calhoun - LG","#79 Carlos Lynch - RT",,"#62 Spare Tire Dixon - RDE","#94 Shawn Santiago - LDE","#73 Darrell Vose - DT","#72 James Neal - DT","#78 William Gonzalez - RDE","#99 Vincent Sosa - SLB","#51 Leo Morrison - MLB",,"#55 Jeremy Hannon - WLB","#41 Elliott Lopez - CB","#27 Victor Anderson - SS",,,,"#21 James Savarese - SS",,,,,,,,,,,,,,,,,,,,,,,,,,,,,,,,,,,,,
LAN,10:00,"LAN 50",2,4,7,Punt,"Punt Return",57,3,14,"4-7-LAN 50 (9:59) 17-Gregory Juneau punts 57 yards to OMS -7.4-7-LAN 50 (9:59) 17-Gregory Juneau punts 57 yards to OMS -7. Touchback.",,,,,,,,,,,,,,,,,,"#17 Gregory Juneau - P",,,,,,,,,,,,,,,,,,,"#61 Larry Simon - C",,"#84 Anthony Mistretta - WR",,,"#98 Gregory King - WLB","#27 Victor Anderson - SS","#22 Christopher Stewart - CB",,"#73 Darrell Vose - DT","#39 Russell Charles - SS",,"#78 William Gonzalez - RDE",,,,"#78 Jeff Moeller - LG","#63 Anthony Nunez - LG","#73 Eddie G. Robinson - LT","#60 Ronald Barnes - LG","#79 Carlos Lynch - RT","#62 David Calhoun - LG",,"#63 Ian Burress - DT","#62 Spare Tire Dixon - RDE","#72 James Neal - DT","#34 Richard Dinardo - CB",,,,,,,
OMS,9:49,"OMS 20",2,1,10,"Goal Line Normal HB Off Tackle","4-3 Under Double Safety Blitz",2,3,14,"1-10-OMS 20 (9:50) 26-Edgardo Bradshaw ran to OMS 22 for 2 yards. Tackle by 42-Paul Charron.","#9 Walton Smith - QB","#26 Edgardo Bradshaw - RB",,"#46 Aaron Dean - RB","#31 Kurt Shoemaker - FB","#80 Willie Garcia - TE","#81 Paul McCaslin - TE",,,,,,"#71 Billy Corgan - LT","#68 Andres Nash - RG","#57 Tommy Johnson - C","#53 William Jackson - RG","#59 Edward Dunn - RT",,"#98 Alvaro Ferguson - LDE",,"#74 Mark Miller - DT","#64 James Mandell - DT","#93 Burton Riddick - RDE","#51 Don Soto - SLB","#32 Thomas Gamboa - CB",,"#59 Byron Carr - MLB","#29 Alphonse Belcher - CB","#30 Timothy Hauser - CB",,,,"#42 Paul Charron - CB","#37 Randy Hall - CB",,,,,,,,,,,,,,,,,,,,,,,,,,,,,,,,,,,,
OMS,9:06,"OMS 22",2,2,8,"I Formation Normal HB Blast","4-3 Normal Double WR3",5,3,14,"2-8-OMS 22 (9:05) 26-Edgardo Bradshaw ran to OMS 27 for 5 yards. Tackle by 51-Don Soto.","#9 Walton Smith - QB","#26 Edgardo Bradshaw - RB",,,"#31 Kurt Shoemaker - FB","#80 Willie Garcia - TE",,"#15 Thomas Fernandes - WR",,"#83 Paul Parson - WR",,,"#71 Billy Corgan - LT","#68 Andres Nash - RG","#57 Tommy Johnson - C","#53 William Jackson - RG","#59 Edward Dunn - RT",,"#98 Alvaro Ferguson - LDE",,"#74 Mark Miller - DT","#64 James Mandell - DT","#93 Burton Riddick - RDE","#51 Don Soto - SLB","#32 Thomas Gamboa - CB",,"#59 Byron Carr - MLB","#42 Paul Charron - CB","#24 Corey Frye - CB",,,,"#29 Alphonse Belcher - CB","#25 Eugene Brooks - CB",,,,,,,,,,,,,,,,,,,,,,,,,,,,,,,,,,,,
OMS,8:21,"OMS 27",2,3,3,"Shotgun 2 RB 3 WR FL Drag","4-3 Normal Man Under 1",-2,3,14,"3-3-OMS 27 (8:20) 9-Walton Smith pass complete to 48-Michael Spiller to OMS 25 for -2 yards. Tackle by 42-Paul Charron.","#9 Walton Smith - QB","#48 Michael Spiller - RB","#42 Arthur Cassady - RB",,,,,"#15 Thomas Fernandes - WR","#87 Richard Medina - WR","#83 Paul Parson - WR",,,"#71 Billy Corgan - LT","#68 Andres Nash - RG","#57 Tommy Johnson - C","#53 William Jackson - RG","#59 Edward Dunn - RT",,"#98 Alvaro Ferguson - LDE",,"#74 Mark Miller - DT","#64 James Mandell - DT","#93 Burton Riddick - RDE","#51 Don Soto - SLB","#32 Thomas Gamboa - CB",,"#59 Byron Carr - MLB","#42 Paul Charron - CB","#33 Larry Stewart - CB",,,,"#29 Alphonse Belcher - CB","#25 Eugene Brooks - CB",,,,,,,,,,,,,,,,,,,,,,,,,,,,,,,,,,,,
OMS,7:40,"OMS 25",2,4,5,Punt,"Punt Return",,3,14,"4-5-OMS 25 (7:39) 11-Rene Johnson punts 42 yards to LAN 33. Fair Catch by 12-Matthew Alston.",,,,,,,,,,,,,,,,,,"#11 Rene Johnson - P",,,,,,,,,,,,,,,,,,,"#57 Tommy Johnson - C",,"#12 Matthew Alston - WR",,,"#33 Larry Stewart - CB","#32 Thomas Gamboa - CB","#25 Eugene Brooks - CB",,"#24 Corey Frye - CB","#42 Paul Charron - CB",,"#56 Nicholas Casper - WLB",,,,"#80 Willie Garcia - TE","#66 Andrew Turner - RG","#59 Edward Dunn - RT","#71 Billy Corgan - LT","#52 James Funches - LT","#81 Paul McCaslin - TE",,"#93 Burton Riddick - RDE","#59 Byron Carr - MLB","#98 Alvaro Ferguson - LDE","#74 Mark Miller - DT",,,,,,,
LAN,7:31,"LAN 33",2,1,10,"Strong I Big HB Toss Strong","Goal Line Attack #3",5,3,14,"1-10-LAN 33 (7:32) 12-Matthew Alston ran to LAN 38 for 5 yards. Tackle by 50-Carl Blackburn.","#5 Johnny Boyd - QB","#12 Matthew Alston - WR",,,"#85 Timothy Leighton - WR","#81 Sam Torres - WR","#86 Micheal Best - WR","#88 Hunter Rice - WR",,,,,"#73 Eddie G. Robinson - LT","#63 Anthony Nunez - LG","#61 Larry Simon - C","#62 David Calhoun - LG","#79 Carlos Lynch - RT",,"#62 Spare Tire Dixon - RDE","#94 Shawn Santiago - LDE","#73 Darrell Vose - DT","#72 James Neal - DT","#77 Reginald Throckmorton - RDE","#99 Vincent Sosa - SLB","#50 Carl Blackburn - MLB",,"#55 Jeremy Hannon - WLB","#41 Elliott Lopez - CB","#34 Richard Dinardo - CB",,,,"#39 Russell Charles - SS",,,,,,,,,,,,,,,,,,,,,,,,,,,,,,,,,,,,,
LAN,6:58,"LAN 38",2,2,5,"Shotgun Normal HB Flare","Nickel Normal SS Blitz",,3,14,"2-5-LAN 38 (6:57) 5-Johnny Boyd pass Pass knocked down by 34-Richard Dinardo. incomplete, intended for 88-Hunter Rice. Pressure by 78-William Gonzalez.","#5 Johnny Boyd - QB","#85 Timothy Leighton - WR",,,,"#81 Sam Torres - WR",,"#88 Hunter Rice - WR","#86 Micheal Best - WR","#12 Matthew Alston - WR",,,"#73 Eddie G. Robinson - LT","#63 Anthony Nunez - LG","#61 Larry Simon - C","#62 David Calhoun - LG","#79 Carlos Lynch - RT",,"#62 Spare Tire Dixon - RDE",,"#73 Darrell Vose - DT","#72 James Neal - DT","#78 William Gonzalez - RDE",,"#51 Leo Morrison - MLB",,"#55 Jeremy Hannon - WLB","#22 Christopher Stewart - CB","#41 Elliott Lopez - CB",,"#34 Richard Dinardo - CB",,"#21 James Savarese - SS","#27 Victor Anderson - SS",,,,,,,,,,,,,,,,,,,,,,,,,,,,,,,,,,,,
LAN,6:49,"LAN 38",2,3,5,"Strong I Big Backfield Drag","Goal Line 3 Deep Man",,3,14,"3-5-LAN 38 (6:50) 5-Johnny Boyd pass Pass knocked down by 78-William Gonzalez. incomplete, intended for 85-Timothy Leighton.","#5 Johnny Boyd - QB","#85 Timothy Leighton - WR",,,"#28 Arthur Jones - WR","#81 Sam Torres - WR","#80 Ryan Oliphant - WR","#45 Kenneth Hamblen - WR",,,,,"#73 Eddie G. Robinson - LT","#63 Anthony Nunez - LG","#61 Larry Simon - C","#62 David Calhoun - LG","#79 Carlos Lynch - RT",,"#62 Spare Tire Dixon - RDE","#94 Shawn Santiago - LDE","#73 Darrell Vose - DT","#72 James Neal - DT","#78 William Gonzalez - RDE","#99 Vincent Sosa - SLB","#50 Carl Blackburn - MLB",,"#98 Gregory King - WLB","#21 James Savarese - SS","#37 Tom Morello - FS",,,,"#39 Russell Charles - SS",,,,,,,,,,,,,,,,,,,,,,,,,,,,,,,,,,,,,
LAN,6:44,"LAN 38",2,4,5,Punt,"Punt Return",,3,14,"4-5-LAN 38 (6:45) 17-Gregory Juneau punts 48 yards to OMS 13. Fair Catch by 84-Anthony Mistretta.",,,,,,,,,,,,,,,,,,"#17 Gregory Juneau - P",,,,,,,,,,,,,,,,,,,"#61 Larry Simon - C",,"#84 Anthony Mistretta - WR",,,"#72 James Neal - DT","#27 Victor Anderson - SS","#73 Darrell Vose - DT",,"#78 William Gonzalez - RDE","#22 Christopher Stewart - CB",,"#98 Gregory King - WLB",,,,"#78 Jeff Moeller - LG","#63 Anthony Nunez - LG","#73 Eddie G. Robinson - LT","#60 Ronald Barnes - LG","#79 Carlos Lynch - RT","#62 David Calhoun - LG",,"#99 Vincent Sosa - SLB","#62 Spare Tire Dixon - RDE","#63 Ian Burress - DT","#94 Shawn Santiago - LDE",,,,,,,
OMS,6:38,"OMS 13",2,1,10,"Weak I Normal HB Inside Weak","4-3 Under Crash Right",-1,3,14,"1-10-OMS 13 (6:39) 26-Edgardo Bradshaw ran to OMS 13 for a short gain. 26-Edgardo Bradshaw FUMBLES (74-Mark Miller) recovered by OMS-68-Andres Nash at OMS 12. Tackle by 64-James Mandell.","#9 Walton Smith - QB","#26 Edgardo Bradshaw - RB",,,"#31 Kurt Shoemaker - FB","#80 Willie Garcia - TE",,"#15 Thomas Fernandes - WR",,"#83 Paul Parson - WR",,,"#71 Billy Corgan - LT","#68 Andres Nash - RG","#57 Tommy Johnson - C","#53 William Jackson - RG","#59 Edward Dunn - RT",,"#98 Alvaro Ferguson - LDE",,"#74 Mark Miller - DT","#64 James Mandell - DT","#93 Burton Riddick - RDE","#51 Don Soto - SLB","#32 Thomas Gamboa - CB",,"#59 Byron Carr - MLB","#29 Alphonse Belcher - CB","#24 Corey Frye - CB",,,,"#42 Paul Charron - CB","#37 Randy Hall - CB",,,,,,,,,,,,,,,,,,,,,,,,,,,,,,,,,,,,
OMS,5:54,"OMS 12",2,2,11,"Shotgun 2 RB 3 WR RB Curls","4-3 Under Double LB Blitz",,3,14,"2-11-OMS 12 (5:53) 9-Walton Smith pass Pass knocked down by 29-Alphonse Belcher. incomplete, intended for 15-Thomas Fernandes.","#9 Walton Smith - QB","#48 Michael Spiller - RB","#42 Arthur Cassady - RB",,,,,"#15 Thomas Fernandes - WR","#87 Richard Medina - WR","#83 Paul Parson - WR",,,"#71 Billy Corgan - LT","#68 Andres Nash - RG","#57 Tommy Johnson - C","#66 Andrew Turner - RG","#59 Edward Dunn - RT",,"#98 Alvaro Ferguson - LDE",,"#74 Mark Miller - DT","#64 James Mandell - DT","#93 Burton Riddick - RDE","#51 Don Soto - SLB","#56 Nicholas Casper - WLB",,"#59 Byron Carr - MLB","#29 Alphonse Belcher - CB","#33 Larry Stewart - CB",,,,"#32 Thomas Gamboa - CB","#25 Eugene Brooks - CB",,,,,,,,,,,,,,,,,,,,,,,,,,,,,,,,,,,,
OMS,5:48,"OMS 12",2,3,11,"Shotgun 2 RB 3 WR WR Curl","Dime Normal Man Cover 1",,3,14,"3-11-OMS 12 (5:49) 9-Walton Smith pass Pass knocked down by 24-Corey Frye. incomplete, intended for 26-Edgardo Bradshaw.","#9 Walton Smith - QB","#26 Edgardo Bradshaw - RB","#42 Arthur Cassady - RB",,,,,"#10 Michael Hecker - WR","#15 Thomas Fernandes - WR","#84 Anthony Mistretta - WR",,,"#71 Billy Corgan - LT","#68 Andres Nash - RG","#57 Tommy Johnson - C","#53 William Jackson - RG","#59 Edward Dunn - RT",,"#98 Alvaro Ferguson - LDE",,"#74 Mark Miller - DT","#64 James Mandell - DT","#93 Burton Riddick - RDE",,"#59 Byron Carr - MLB",,,"#29 Alphonse Belcher - CB","#25 Eugene Brooks - CB","#24 Corey Frye - CB","#42 Paul Charron - CB",,"#32 Thomas Gamboa - CB","#33 Larry Stewart - CB",,,,,,,,,,,,,,,,,,,,,,,,,,,,,,,,,,,,
OMS,5:45,"OMS 12",2,4,11,Punt,"Punt Return",,3,14,"4-11-OMS 12 (5:46) 11-Rene Johnson punts 47 yards to LAN 41. 12-Matthew Alston to LAN 42 for 1 yards. Tackle by 22-Christopher Stewart.",,,,,,,,,,,,,,,,,,"#11 Rene Johnson - P",,,,,,,,,,,,,,,,,,,"#57 Tommy Johnson - C",,"#12 Matthew Alston - WR",,,"#33 Larry Stewart - CB","#32 Thomas Gamboa - CB","#25 Eugene Brooks - CB",,"#24 Corey Frye - CB","#42 Paul Charron - CB",,"#56 Nicholas Casper - WLB",,,,"#80 Willie Garcia - TE","#66 Andrew Turner - RG","#59 Edward Dunn - RT","#71 Billy Corgan - LT","#52 James Funches - LT","#81 Paul McCaslin - TE",,"#93 Burton Riddick - RDE","#59 Byron Carr - MLB","#98 Alvaro Ferguson - LDE","#74 Mark Miller - DT",,,,,,,
LAN,5:37,"LAN 42",2,1,10,"Singleback Normal HB Counter Weak","Nickel 3-3-5 Cover 2 Man Under",11,3,14,"1-10-LAN 42 (5:38) 85-Timothy Leighton ran to OMS 47 for 11 yards. Tackle by 41-Elliott Lopez.","#5 Johnny Boyd - QB","#85 Timothy Leighton - WR",,,,"#81 Sam Torres - WR",,"#88 Hunter Rice - WR","#86 Micheal Best - WR","#12 Matthew Alston - WR",,,"#73 Eddie G. Robinson - LT","#63 Anthony Nunez - LG","#61 Larry Simon - C","#62 David Calhoun - LG","#79 Carlos Lynch - RT",,"#62 Spare Tire Dixon - RDE",,"#73 Darrell Vose - DT",,"#77 Reginald Throckmorton - RDE","#99 Vincent Sosa - SLB","#50 Carl Blackburn - MLB",,"#55 Jeremy Hannon - WLB","#41 Elliott Lopez - CB","#34 Richard Dinardo - CB",,"#21 James Savarese - SS",,"#39 Russell Charles - SS","#27 Victor Anderson - SS",,,,,,,,,,,,,,,,,,,,,,,,,,,,,,,,,,,,
LAN,4:58,"OMS 47",2,1,10,"Shotgun Normal HB Flare","Nickel Normal Shallow Zone Deep",2,3,14,"1-10-OMS 47 (4:57) 5-Johnny Boyd pass complete to 88-Hunter Rice to OMS 45 for 2 yards. Tackle by 22-Christopher Stewart.","#5 Johnny Boyd - QB","#85 Timothy Leighton - WR",,,,"#81 Sam Torres - WR",,"#88 Hunter Rice - WR","#86 Micheal Best - WR","#12 Matthew Alston - WR",,,"#73 Eddie G. Robinson - LT","#63 Anthony Nunez - LG","#61 Larry Simon - C","#62 David Calhoun - LG","#79 Carlos Lynch - RT",,"#62 Spare Tire Dixon - RDE",,"#73 Darrell Vose - DT","#72 James Neal - DT","#78 William Gonzalez - RDE",,"#50 Carl Blackburn - MLB",,"#55 Jeremy Hannon - WLB","#22 Christopher Stewart - CB","#41 Elliott Lopez - CB",,"#27 Victor Anderson - SS",,"#34 Richard Dinardo - CB","#37 Tom Morello - FS",,,,,,,,,,,,,,,,,,,,,,,,,,,,,,,,,,,,
LAN,4:15,"OMS 45",2,2,8,"Singleback Normal HB Dive Weak","Nickel 3-3-5 Cover 2 Man Under",10,3,14,"2-8-OMS 45 (4:14) 85-Timothy Leighton ran to OMS 35 for 10 yards. Tackle by 39-Russell Charles.","#5 Johnny Boyd - QB","#85 Timothy Leighton - WR",,,,"#81 Sam Torres - WR",,"#88 Hunter Rice - WR","#86 Micheal Best - WR","#12 Matthew Alston - WR",,,"#73 Eddie G. Robinson - LT","#63 Anthony Nunez - LG","#61 Larry Simon - C","#62 David Calhoun - LG","#79 Carlos Lynch - RT",,"#62 Spare Tire Dixon - RDE",,"#73 Darrell Vose - DT",,"#78 William Gonzalez - RDE","#99 Vincent Sosa - SLB","#50 Carl Blackburn - MLB",,"#55 Jeremy Hannon - WLB","#22 Christopher Stewart - CB","#34 Richard Dinardo - CB",,"#21 James Savarese - SS",,"#39 Russell Charles - SS","#37 Tom Morello - FS",,,,,,,,,,,,,,,,,,,,,,,,,,,,,,,,,,,,
LAN,3:36,"OMS 35",2,1,10,"Split Backs 3 Wide WR Quick Out","Nickel 3-3-5 Cover 2 Man Under",5,3,14,"1-10-OMS 35 (3:35) 5-Johnny Boyd pass complete to 81-Sam Torres to OMS 30 for 5 yards. Tackle by 55-Jeremy Hannon. LAN 61-Larry Simon was injured on the play. He looks like he should be able to return.","#5 Johnny Boyd - QB","#23 Gerald Garcia - WR",,,"#81 Sam Torres - WR",,,"#88 Hunter Rice - WR","#86 Micheal Best - WR","#12 Matthew Alston - WR",,,"#73 Eddie G. Robinson - LT","#63 Anthony Nunez - LG","#61 Larry Simon - C","#62 David Calhoun - LG","#79 Carlos Lynch - RT",,"#62 Spare Tire Dixon - RDE",,"#73 Darrell Vose - DT",,"#78 William Gonzalez - RDE","#99 Vincent Sosa - SLB","#50 Carl Blackburn - MLB",,"#55 Jeremy Hannon - WLB","#41 Elliott Lopez - CB","#37 Tom Morello - FS",,"#22 Christopher Stewart - CB",,"#21 James Savarese - SS","#27 Victor Anderson - SS",,,,,,,,,,,,,,,,,,,,,,,,,,,,,,,,,,,,
LAN,3:02,"OMS 30",2,2,5,"Singleback Normal SE Quick Hit","Nickel 3-3-5 Cover 2 Man Under",6,3,14,"2-5-OMS 30 (3:01) 5-Johnny Boyd pass complete to 12-Matthew Alston to OMS 24 for 6 yards. Tackle by 34-Richard Dinardo. LAN 58-Matthew Weinstock was injured on the play. He looks like he should be able to return.","#5 Johnny Boyd - QB","#85 Timothy Leighton - WR",,,,"#81 Sam Torres - WR",,"#88 Hunter Rice - WR","#86 Micheal Best - WR","#12 Matthew Alston - WR",,,"#73 Eddie G. Robinson - LT","#63 Anthony Nunez - LG","#58 Matthew Weinstock - LT","#62 David Calhoun - LG","#79 Carlos Lynch - RT",,"#62 Spare Tire Dixon - RDE",,"#73 Darrell Vose - DT",,"#78 William Gonzalez - RDE","#99 Vincent Sosa - SLB","#50 Carl Blackburn - MLB",,"#55 Jeremy Hannon - WLB","#41 Elliott Lopez - CB","#34 Richard Dinardo - CB",,"#21 James Savarese - SS",,"#39 Russell Charles - SS","#27 Victor Anderson - SS",,,,,,,,,,,,,,,,,,,,,,,,,,,,,,,,,,,,
LAN,2:17,"OMS 24",2,1,10,"Singleback Normal HB Counter Weak","Nickel Normal CB3 LB Blitz",7,3,14,"1-10-OMS 24 (2:16) 23-Gerald Garcia ran to OMS 17 for 7 yards. Tackle by 51-Leo Morrison.","#5 Johnny Boyd - QB","#23 Gerald Garcia - WR",,,,"#81 Sam Torres - WR",,"#88 Hunter Rice - WR","#86 Micheal Best - WR","#12 Matthew Alston - WR",,,"#73 Eddie G. Robinson - LT","#63 Anthony Nunez - LG","#78 Jeff Moeller - LG","#62 David Calhoun - LG","#79 Carlos Lynch - RT",,"#94 Shawn Santiago - LDE",,"#73 Darrell Vose - DT","#72 James Neal - DT","#78 William Gonzalez - RDE",,"#51 Leo Morrison - MLB",,"#98 Gregory King - WLB","#22 Christopher Stewart - CB","#41 Elliott Lopez - CB",,"#34 Richard Dinardo - CB",,"#39 Russell Charles - SS","#37 Tom Morello - FS",,,,,,,,,,,,,,,,,,,,,,,,,,,,,,,,,,,,
,2:00,,2,2,3,,,,3,14,"Timeout for two minute warning.",,,,,,,,,,,,,,,,,,,,,,,,,,,,,,,,,,,,,,,,,,,,,,,,,,,,,,,,,,,,,,,,,,,,,,
LAN,2:00,"OMS 17",2,2,3,"I Formation Normal PA Fullback Flat","4-3 Normal Man QB Spy",2,3,14,"2-3-OMS 17 (2:00) 5-Johnny Boyd pass complete to 28-Arthur Jones to OMS 15 for 2 yards. Tackle by 99-Vincent Sosa.","#5 Johnny Boyd - QB","#85 Timothy Leighton - WR",,,"#28 Arthur Jones - WR","#81 Sam Torres - WR",,"#12 Matthew Alston - WR",,"#86 Micheal Best - WR",,,"#73 Eddie G. Robinson - LT","#63 Anthony Nunez - LG","#78 Jeff Moeller - LG","#62 David Calhoun - LG","#79 Carlos Lynch - RT",,"#62 Spare Tire Dixon - RDE",,"#73 Darrell Vose - DT","#72 James Neal - DT","#78 William Gonzalez - RDE","#99 Vincent Sosa - SLB","#50 Carl Blackburn - MLB",,"#55 Jeremy Hannon - WLB","#34 Richard Dinardo - CB","#37 Tom Morello - FS",,,,"#21 James Savarese - SS","#27 Victor Anderson - SS",,,,,,,,,,,,,,,,,,,,,,,,,,,,,,,,,,,,
LAN,1:27,"OMS 15",2,3,1,"I Formation Power HB Dive Weak","Goal Line Attack #3",-1,3,14,"3-1-OMS 15 (1:26) 86-Micheal Best ran to OMS 16 for -1 yards. Tackle by 73-Darrell Vose. 78-Jeff Moeller was completely beat on that play.","#5 Johnny Boyd - QB","#86 Micheal Best - WR",,"#85 Timothy Leighton - WR","#81 Sam Torres - WR","#12 Matthew Alston - WR",,"#88 Hunter Rice - WR",,,,,"#73 Eddie G. Robinson - LT","#63 Anthony Nunez - LG","#78 Jeff Moeller - LG","#62 David Calhoun - LG","#79 Carlos Lynch - RT",,"#62 Spare Tire Dixon - RDE","#94 Shawn Santiago - LDE","#73 Darrell Vose - DT","#72 James Neal - DT","#77 Reginald Throckmorton - RDE","#99 Vincent Sosa - SLB","#50 Carl Blackburn - MLB",,"#55 Jeremy Hannon - WLB","#22 Christopher Stewart - CB","#41 Elliott Lopez - CB",,,,"#39 Russell Charles - SS",,,,,,,,,,,,,,,,,,,,,,,,,,,,,,,,,,,,,
LAN,0:50,"OMS 16",2,4,2,"Field Goal","FG Block",27,3,14,"4-2-OMS 16 (0:49) 16-Jeffrey Roland 33 yard field goal is NO GOOD. (Wide Right)",,,,,,,,,,,,,,,,,,,,,,,,,,,,,,,,,,,,"#18 Jose Hara - P","#81 Sam Torres - WR",,,,,,,,,,,,,,"#16 Jeffrey Roland - K","#76 Michael Christenson - RT","#78 Jeff Moeller - LG","#63 Anthony Nunez - LG","#73 Eddie G. Robinson - LT","#60 Ronald Barnes - LG","#79 Carlos Lynch - RT","#62 David Calhoun - LG","#28 Arthur Jones - WR","#72 James Neal - DT","#78 William Gonzalez - RDE","#62 Spare Tire Dixon - RDE","#99 Vincent Sosa - SLB","#51 Leo Morrison - MLB","#73 Darrell Vose - DT","#94 Shawn Santiago - LDE","#41 Elliott Lopez - CB","#98 Gregory King - WLB","#34 Richard Dinardo - CB","#63 Ian Burress - DT"
OMS,0:45,"OMS 23",2,1,10,"Weak I Normal HB Inside Strong","4-3 Normal Man Under 1",8,3,14,"1-10-OMS 23 (0:46) 26-Edgardo Bradshaw ran to OMS 32 for 8 yards. Tackle by 29-Alphonse Belcher.","#9 Walton Smith - QB","#26 Edgardo Bradshaw - RB",,,"#31 Kurt Shoemaker - FB","#80 Willie Garcia - TE",,"#15 Thomas Fernandes - WR",,"#83 Paul Parson - WR",,,"#71 Billy Corgan - LT","#68 Andres Nash - RG","#57 Tommy Johnson - C","#53 William Jackson - RG","#59 Edward Dunn - RT",,"#98 Alvaro Ferguson - LDE",,"#74 Mark Miller - DT","#64 James Mandell - DT","#93 Burton Riddick - RDE","#51 Don Soto - SLB","#32 Thomas Gamboa - CB",,"#59 Byron Carr - MLB","#42 Paul Charron - CB","#33 Larry Stewart - CB",,,,"#29 Alphonse Belcher - CB","#25 Eugene Brooks - CB",,,,,,,,,,,,,,,,,,,,,,,,,,,,,,,,,,,,
OMS,0:04,"OMS 32",2,2,2,"Goal Line Normal HB Weak","4-3 Under Double Safety Blitz",4,3,14,"2-2-OMS 32 (0:03) 48-Michael Spiller ran to OMS 36 for 4 yards. Tackle by 51-Don Soto.","#9 Walton Smith - QB","#48 Michael Spiller - RB",,"#46 Aaron Dean - RB","#31 Kurt Shoemaker - FB","#80 Willie Garcia - TE","#81 Paul McCaslin - TE",,,,,,"#71 Billy Corgan - LT","#68 Andres Nash - RG","#57 Tommy Johnson - C","#53 William Jackson - RG","#59 Edward Dunn - RT",,"#98 Alvaro Ferguson - LDE",,"#74 Mark Miller - DT","#64 James Mandell - DT","#93 Burton Riddick - RDE","#51 Don Soto - SLB","#56 Nicholas Casper - WLB",,"#59 Byron Carr - MLB","#29 Alphonse Belcher - CB","#33 Larry Stewart - CB",,,,"#32 Thomas Gamboa - CB","#25 Eugene Brooks - CB",,,,,,,,,,,,,,,,,,,,,,,,,,,,,,,,,,,,
,0:00,,2,1,10,,,,3,14,"End of half.",,,,,,,,,,,,,,,,,,,,,,,,,,,,,,,,,,,,,,,,,,,,,,,,,,,,,,,,,,,,,,,,,,,,,,
OMS,15:00,"OMS 35",3,6,10,Kickoff,"Kick Return",75,3,14,"(15:00) 7-Charles Parkman kicks 75 yards from OMS 35 to LAN -10. Touchback.",,,,,,,,,,,,,,,,,,,,,,,,,,,,,,,,,,,,,,"#12 Matthew Alston - WR",,"#30 Timothy Hauser - CB","#37 Randy Hall - CB","#33 Larry Stewart - CB","#32 Thomas Gamboa - CB","#25 Eugene Brooks - CB","#29 Alphonse Belcher - CB","#24 Corey Frye - CB","#42 Paul Charron - CB","#51 Don Soto - SLB","#56 Nicholas Casper - WLB","#7 Charles Parkman - K",,,,,,,,,,,,,,,,,,,,
LAN,15:00,"LAN 25",3,1,10,"Shotgun 2 RB 3 WR Shotgun Sweep","Nickel Blitz Stunt Blitz",5,3,14,"1-10-LAN 25 (15:00) 23-Gerald Garcia ran to LAN 30 for 5 yards. Tackle by 55-Jeremy Hannon.","#5 Johnny Boyd - QB","#85 Timothy Leighton - WR","#23 Gerald Garcia - WR",,,,,"#88 Hunter Rice - WR","#86 Micheal Best - WR","#12 Matthew Alston - WR",,,"#73 Eddie G. Robinson - LT","#63 Anthony Nunez - LG","#61 Larry Simon - C","#62 David Calhoun - LG","#79 Carlos Lynch - RT",,"#62 Spare Tire Dixon - RDE",,"#63 Ian Burress - DT","#73 Darrell Vose - DT","#77 Reginald Throckmorton - RDE",,"#50 Carl Blackburn - MLB",,"#55 Jeremy Hannon - WLB","#41 Elliott Lopez - CB","#22 Christopher Stewart - CB",,"#34 Richard Dinardo - CB",,"#21 James Savarese - SS","#37 Tom Morello - FS",,,,,,,,,,,,,,,,,,,,,,,,,,,,,,,,,,,,
LAN,14:16,"LAN 30",3,2,5,"Singleback Normal SE Quick Hit","Nickel 3-3-5 Cover 2 Man Under",11,3,14,"2-5-LAN 30 (14:15) 5-Johnny Boyd pass complete to 88-Hunter Rice to LAN 41 for 11 yards. Tackle by 39-Russell Charles. 88-Hunter Rice made a great move on the CB.","#5 Johnny Boyd - QB","#85 Timothy Leighton - WR",,,,"#81 Sam Torres - WR",,"#88 Hunter Rice - WR","#86 Micheal Best - WR","#12 Matthew Alston - WR",,,"#73 Eddie G. Robinson - LT","#63 Anthony Nunez - LG","#61 Larry Simon - C","#62 David Calhoun - LG","#79 Carlos Lynch - RT",,"#62 Spare Tire Dixon - RDE",,"#73 Darrell Vose - DT",,"#78 William Gonzalez - RDE","#99 Vincent Sosa - SLB","#50 Carl Blackburn - MLB",,"#98 Gregory King - WLB","#41 Elliott Lopez - CB","#21 James Savarese - SS",,"#37 Tom Morello - FS",,"#39 Russell Charles - SS","#27 Victor Anderson - SS",,,,,,,,,,,,,,,,,,,,,,,,,,,,,,,,,,,,
LAN,13:29,"LAN 41",3,1,10,"Singleback Normal SE Quick Hit","Nickel Normal Man Cover 2",13,3,14,"1-10-LAN 41 (13:28) 5-Johnny Boyd pass complete to 86-Micheal Best to OMS 45 for 13 yards. Tackle by 27-Victor Anderson. PENALTY - Facemask (OMS 27-Victor Anderson)","#5 Johnny Boyd - QB","#85 Timothy Leighton - WR",,,,"#81 Sam Torres - WR",,"#88 Hunter Rice - WR","#86 Micheal Best - WR","#12 Matthew Alston - WR",,,"#73 Eddie G. Robinson - LT","#63 Anthony Nunez - LG","#61 Larry Simon - C","#62 David Calhoun - LG","#79 Carlos Lynch - RT",,"#94 Shawn Santiago - LDE",,"#73 Darrell Vose - DT","#72 James Neal - DT","#78 William Gonzalez - RDE",,"#51 Leo Morrison - MLB",,"#55 Jeremy Hannon - WLB","#22 Christopher Stewart - CB","#41 Elliott Lopez - CB",,"#27 Victor Anderson - SS",,"#21 James Savarese - SS","#34 Richard Dinardo - CB",,,,,,,,,,,,,,,,,,,,,,,,,,,,,,,,,,,,
LAN,13:23,"OMS 30",3,1,10,"Singleback Big Ins and Outs","4-3 Normal Man QB Spy",8,3,14,"1-10-OMS 30 (13:24) 5-Johnny Boyd pass complete to 85-Timothy Leighton to OMS 23 for 8 yards. Tackle by 98-Gregory King.","#5 Johnny Boyd - QB","#23 Gerald Garcia - WR",,,,"#85 Timothy Leighton - WR","#86 Micheal Best - WR","#12 Matthew Alston - WR",,"#88 Hunter Rice - WR",,,"#73 Eddie G. Robinson - LT","#63 Anthony Nunez - LG","#61 Larry Simon - C","#62 David Calhoun - LG","#79 Carlos Lynch - RT",,"#62 Spare Tire Dixon - RDE",,"#73 Darrell Vose - DT","#72 James Neal - DT","#78 William Gonzalez - RDE","#99 Vincent Sosa - SLB","#50 Carl Blackburn - MLB",,"#98 Gregory King - WLB","#22 Christopher Stewart - CB","#41 Elliott Lopez - CB",,,,"#39 Russell Charles - SS","#37 Tom Morello - FS",,,,,,,,,,,,,,,,,,,,,,,,,,,,,,,,,,,,
LAN,12:51,"OMS 23",3,2,2,"Shotgun Normal HB Flare","Nickel Normal Shallow Zone Deep",-1,3,14,"2-2-OMS 23 (12:50) 5-Johnny Boyd pass complete to 49-David White to OMS 23 for -1 yards. Tackle by 27-Victor Anderson.","#5 Johnny Boyd - QB","#49 David White - WR",,,,"#81 Sam Torres - WR",,"#88 Hunter Rice - WR","#23 Gerald Garcia - WR","#45 Kenneth Hamblen - WR",,,"#73 Eddie G. Robinson - LT","#63 Anthony Nunez - LG","#61 Larry Simon - C","#62 David Calhoun - LG","#79 Carlos Lynch - RT",,"#62 Spare Tire Dixon - RDE",,"#73 Darrell Vose - DT","#72 James Neal - DT","#78 William Gonzalez - RDE",,"#51 Leo Morrison - MLB",,"#55 Jeremy Hannon - WLB","#27 Victor Anderson - SS","#21 James Savarese - SS",,"#37 Tom Morello - FS",,"#39 Russell Charles - SS","#34 Richard Dinardo - CB",,,,,,,,,,,,,,,,,,,,,,,,,,,,,,,,,,,,
LAN,12:18,"OMS 23",3,3,3,"Singleback Normal SE Quick Hit","Nickel Normal Shallow Zone Deep",23,3,14,"3-3-OMS 23 (12:17) 5-Johnny Boyd pass complete to 23-Gerald Garcia to OMS 0 for 23 yards. Pressure by 78-William Gonzalez.","#5 Johnny Boyd - QB","#23 Gerald Garcia - WR",,,,"#81 Sam Torres - WR",,"#12 Matthew Alston - WR","#45 Kenneth Hamblen - WR","#86 Micheal Best - WR",,,"#73 Eddie G. Robinson - LT","#63 Anthony Nunez - LG","#61 Larry Simon - C","#62 David Calhoun - LG","#79 Carlos Lynch - RT",,"#62 Spare Tire Dixon - RDE",,"#73 Darrell Vose - DT","#72 James Neal - DT","#78 William Gonzalez - RDE",,"#50 Carl Blackburn - MLB",,"#55 Jeremy Hannon - WLB","#22 Christopher Stewart - CB","#41 Elliott Lopez - CB",,"#34 Richard Dinardo - CB",,"#21 James Savarese - SS","#27 Victor Anderson - SS",,,,,,,,,,,,,,,,,,,,,,,,,,,,,,,,,,,,
LAN,11:31,"OMS 0",3,1,,"I Formation Power HB Dive Weak","Goal Line 3 Deep Man",,3,20,"1-1-OMS 0 (11:30) 86-Micheal Best ran for 0 yards. TOUCHDOWN! OMS 3 LAN 20","#5 Johnny Boyd - QB","#86 Micheal Best - WR",,"#85 Timothy Leighton - WR","#28 Arthur Jones - WR","#12 Matthew Alston - WR",,"#88 Hunter Rice - WR",,,,,"#73 Eddie G. Robinson - LT","#63 Anthony Nunez - LG","#61 Larry Simon - C","#62 David Calhoun - LG","#79 Carlos Lynch - RT",,"#94 Shawn Santiago - LDE","#62 Spare Tire Dixon - RDE","#73 Darrell Vose - DT","#63 Ian Burress - DT","#77 Reginald Throckmorton - RDE","#99 Vincent Sosa - SLB","#51 Leo Morrison - MLB",,"#98 Gregory King - WLB","#37 Tom Morello - FS","#22 Christopher Stewart - CB",,,,"#39 Russell Charles - SS",,,,,,,,,,,,,,,,,,,,,,,,,,,,,,,,,,,,,
LAN,11:27,"OMS 2",3,7,2,"I Formation Power Play Action HB Downfield","4-3 Under Double Safety Blitz",-7,3,20,"(11:28) 5-Johnny Boyd sacked at OMS 9 for -7 yards (72-James Neal). Sack allowed by 63-Anthony Nunez.","#5 Johnny Boyd - QB","#85 Timothy Leighton - WR",,"#28 Arthur Jones - WR","#81 Sam Torres - WR","#86 Micheal Best - WR",,"#88 Hunter Rice - WR",,,,,"#73 Eddie G. Robinson - LT","#63 Anthony Nunez - LG","#61 Larry Simon - C","#62 David Calhoun - LG","#79 Carlos Lynch - RT",,"#94 Shawn Santiago - LDE",,"#73 Darrell Vose - DT","#72 James Neal - DT","#77 Reginald Throckmorton - RDE","#99 Vincent Sosa - SLB","#50 Carl Blackburn - MLB",,"#98 Gregory King - WLB","#41 Elliott Lopez - CB","#22 Christopher Stewart - CB",,,,"#39 Russell Charles - SS","#37 Tom Morello - FS",,,,,,,,,,,,,,,,,,,,,,,,,,,,,,,,,,,,
LAN,11:27,"LAN 35",3,6,10,Kickoff,"Kick Return",,3,20,"(11:28) 16-Jeffrey Roland kicks 74 yards from LAN 35 to OMS -9. Touchback.",,,,,,,,,,,,,,,,,,,,,,,,,,,,,,,,,,,,,,"#84 Anthony Mistretta - WR",,"#94 Shawn Santiago - LDE","#39 Russell Charles - SS","#98 Gregory King - WLB","#99 Vincent Sosa - SLB","#78 William Gonzalez - RDE","#22 Christopher Stewart - CB","#27 Victor Anderson - SS","#73 Darrell Vose - DT","#34 Richard Dinardo - CB","#72 James Neal - DT","#16 Jeffrey Roland - K",,,,,,,,,,,,,,,,,,,,
OMS,11:27,"OMS 25",3,1,10,"Shotgun 2 RB 3 WR RB Curls","4-3 Under Crash Right",,3,20,"1-10-OMS 25 (11:28) 9-Walton Smith pass Pass knocked down by 32-Thomas Gamboa. incomplete, intended for 26-Edgardo Bradshaw.","#9 Walton Smith - QB","#26 Edgardo Bradshaw - RB","#48 Michael Spiller - RB",,,,,"#15 Thomas Fernandes - WR","#87 Richard Medina - WR","#83 Paul Parson - WR",,,"#71 Billy Corgan - LT","#68 Andres Nash - RG","#57 Tommy Johnson - C","#53 William Jackson - RG","#59 Edward Dunn - RT",,"#98 Alvaro Ferguson - LDE",,"#74 Mark Miller - DT","#64 James Mandell - DT","#93 Burton Riddick - RDE","#51 Don Soto - SLB","#32 Thomas Gamboa - CB",,"#59 Byron Carr - MLB","#29 Alphonse Belcher - CB","#33 Larry Stewart - CB",,,,"#42 Paul Charron - CB","#25 Eugene Brooks - CB",,,,,,,,,,,,,,,,,,,,,,,,,,,,,,,,,,,,
OMS,11:24,"OMS 25",3,2,10,"Goal Line Normal HB Dive","4-3 Under Double Safety Blitz",1,3,20,"2-10-OMS 25 (11:25) 42-Arthur Cassady ran to OMS 26 for 1 yards. Tackle by 74-Mark Miller. 57-Tommy Johnson was caught flat-footed on this play.","#9 Walton Smith - QB","#42 Arthur Cassady - RB",,"#46 Aaron Dean - RB","#31 Kurt Shoemaker - FB","#80 Willie Garcia - TE","#81 Paul McCaslin - TE",,,,,,"#71 Billy Corgan - LT","#68 Andres Nash - RG","#57 Tommy Johnson - C","#53 William Jackson - RG","#59 Edward Dunn - RT",,"#98 Alvaro Ferguson - LDE",,"#74 Mark Miller - DT","#64 James Mandell - DT","#93 Burton Riddick - RDE","#51 Don Soto - SLB","#56 Nicholas Casper - WLB",,"#59 Byron Carr - MLB","#29 Alphonse Belcher - CB","#33 Larry Stewart - CB",,,,"#32 Thomas Gamboa - CB","#25 Eugene Brooks - CB",,,,,,,,,,,,,,,,,,,,,,,,,,,,,,,,,,,,
OMS,10:53,"OMS 26",3,3,9,"Shotgun 2 RB 3 WR FB In","4-3 Normal Man Under 1",24,3,20,"3-9-OMS 26 (10:52) 9-Walton Smith pass complete to 42-Arthur Cassady to OMS 50 for 24 yards.","#9 Walton Smith - QB","#48 Michael Spiller - RB","#42 Arthur Cassady - RB",,,,,"#15 Thomas Fernandes - WR","#87 Richard Medina - WR","#83 Paul Parson - WR",,,"#71 Billy Corgan - LT","#68 Andres Nash - RG","#57 Tommy Johnson - C","#53 William Jackson - RG","#59 Edward Dunn - RT",,"#98 Alvaro Ferguson - LDE",,"#74 Mark Miller - DT","#64 James Mandell - DT","#93 Burton Riddick - RDE","#51 Don Soto - SLB","#32 Thomas Gamboa - CB",,"#59 Byron Carr - MLB","#42 Paul Charron - CB","#33 Larry Stewart - CB",,,,"#29 Alphonse Belcher - CB","#25 Eugene Brooks - CB",,,,,,,,,,,,,,,,,,,,,,,,,,,,,,,,,,,,
OMS,10:05,"OMS 50",3,1,10,"Weak I Normal HB Inside Weak","4-3 Under Crash Right",-0,3,20,"1-10-OMS 50 (10:04) 26-Edgardo Bradshaw ran to OMS 49 for a short loss. Tackle by 57-Jordan Davis.","#9 Walton Smith - QB","#26 Edgardo Bradshaw - RB",,,"#31 Kurt Shoemaker - FB","#80 Willie Garcia - TE",,"#10 Michael Hecker - WR",,"#84 Anthony Mistretta - WR",,,"#71 Billy Corgan - LT","#74 Scott Braun - RG","#79 Armando McDaniel - C","#66 Andrew Turner - RG","#52 James Funches - LT",,"#98 Alvaro Ferguson - LDE",,"#74 Mark Miller - DT","#64 James Mandell - DT","#93 Burton Riddick - RDE","#56 Nicholas Casper - WLB","#59 Byron Carr - MLB",,"#57 Jordan Davis - MLB","#32 Thomas Gamboa - CB","#30 Timothy Hauser - CB",,,,"#24 Corey Frye - CB","#37 Randy Hall - CB",,,,,,,,,,,,,,,,,,,,,,,,,,,,,,,,,,,,
OMS,9:30,"OMS 49",3,2,10,"Goal Line Normal HB Weak","4-3 Under Double Safety Blitz",,3,20,"2-10-OMS 49 (9:29) 46-Aaron Dean ran to OMS 50 for a short gain. Tackle by 24-Corey Frye.","#9 Walton Smith - QB","#46 Aaron Dean - RB",,"#26 Edgardo Bradshaw - RB","#31 Kurt Shoemaker - FB","#80 Willie Garcia - TE","#81 Paul McCaslin - TE",,,,,,"#71 Billy Corgan - LT","#74 Scott Braun - RG","#57 Tommy Johnson - C","#53 William Jackson - RG","#66 Andrew Turner - RG",,"#98 Alvaro Ferguson - LDE",,"#74 Mark Miller - DT","#64 James Mandell - DT","#93 Burton Riddick - RDE","#51 Don Soto - SLB","#56 Nicholas Casper - WLB",,"#59 Byron Carr - MLB","#32 Thomas Gamboa - CB","#30 Timothy Hauser - CB",,,,"#24 Corey Frye - CB","#37 Randy Hall - CB",,,,,,,,,,,,,,,,,,,,,,,,,,,,,,,,,,,,
OMS,8:48,"OMS 50",3,3,10,"Shotgun 2 RB 3 WR WR Hooks","4-3 Normal Double WR2",8,3,20,"3-10-OMS 50 (8:47) 9-Walton Smith pass complete to 83-Paul Parson to LAN 42 for 8 yards. Tackle by 42-Paul Charron.","#9 Walton Smith - QB","#48 Michael Spiller - RB","#31 Kurt Shoemaker - FB",,,,,"#83 Paul Parson - WR","#84 Anthony Mistretta - WR","#10 Michael Hecker - WR",,,"#52 James Funches - LT","#68 Andres Nash - RG","#57 Tommy Johnson - C","#66 Andrew Turner - RG","#59 Edward Dunn - RT",,"#98 Alvaro Ferguson - LDE",,"#74 Mark Miller - DT","#64 James Mandell - DT","#93 Burton Riddick - RDE","#56 Nicholas Casper - WLB","#32 Thomas Gamboa - CB",,"#59 Byron Carr - MLB","#42 Paul Charron - CB","#33 Larry Stewart - CB",,,,"#29 Alphonse Belcher - CB","#25 Eugene Brooks - CB",,,,,,,,,,,,,,,,,,,,,,,,,,,,,,,,,,,,
OMS,8:02,"LAN 42",3,4,2,"Field Goal","FG Block",52,3,20,"4-2-LAN 42 (8:01) 7-Charles Parkman 60 yard field goal is NO GOOD. (Wide Right)",,,,,,,,,,,,,,,,,,,,,,,,,,,,,,,,,,,,"#9 Walton Smith - QB","#57 Tommy Johnson - C",,,,,,,,,,,,,,"#7 Charles Parkman - K","#15 Thomas Fernandes - WR","#66 Andrew Turner - RG","#78 William Gonzalez - RDE","#59 Edward Dunn - RT","#71 Billy Corgan - LT","#52 James Funches - LT","#80 Willie Garcia - TE","#81 Paul McCaslin - TE","#93 Burton Riddick - RDE","#59 Byron Carr - MLB","#98 Alvaro Ferguson - LDE","#74 Mark Miller - DT","#57 Jordan Davis - MLB","#37 Randy Hall - CB","#94 Jeffrey Rodriguez - LDE","#96 Stanley Hall - RDE","#97 Juan Hoppe - RDE","#99 Reginald Barajas - DT","#64 James Mandell - DT"
LAN,7:56,"LAN 49",3,1,10,"I Formation Normal PA Fullback Flat","4-3 Normal WLB Outside Blitz",,3,20,"1-10-LAN 49 (7:57) 5-Johnny Boyd pass incomplete, dropped by 81-Sam Torres. The coverage on that play was extremely tight.","#5 Johnny Boyd - QB","#85 Timothy Leighton - WR",,,"#81 Sam Torres - WR","#86 Micheal Best - WR",,"#12 Matthew Alston - WR",,"#88 Hunter Rice - WR",,,"#73 Eddie G. Robinson - LT","#63 Anthony Nunez - LG","#61 Larry Simon - C","#62 David Calhoun - LG","#79 Carlos Lynch - RT",,"#62 Spare Tire Dixon - RDE",,"#73 Darrell Vose - DT","#72 James Neal - DT","#78 William Gonzalez - RDE","#99 Vincent Sosa - SLB","#50 Carl Blackburn - MLB",,"#55 Jeremy Hannon - WLB","#22 Christopher Stewart - CB","#41 Elliott Lopez - CB",,,,"#39 Russell Charles - SS","#27 Victor Anderson - SS",,,,,,,,,,,,,,,,,,,,,,,,,,,,,,,,,,,,
LAN,7:53,"LAN 49",3,2,10,"I Formation Normal Max Protect","4-3 Normal WLB Outside Blitz",8,3,20,"2-10-LAN 49 (7:54) 5-Johnny Boyd pass complete to 85-Timothy Leighton to OMS 43 for 8 yards. Tackle by 21-James Savarese.","#5 Johnny Boyd - QB","#85 Timothy Leighton - WR",,,"#81 Sam Torres - WR","#86 Micheal Best - WR",,"#12 Matthew Alston - WR",,"#88 Hunter Rice - WR",,,"#73 Eddie G. Robinson - LT","#63 Anthony Nunez - LG","#61 Larry Simon - C","#62 David Calhoun - LG","#79 Carlos Lynch - RT",,"#62 Spare Tire Dixon - RDE",,"#73 Darrell Vose - DT","#72 James Neal - DT","#78 William Gonzalez - RDE","#95 Anthony Salter - SLB","#51 Leo Morrison - MLB",,"#55 Jeremy Hannon - WLB","#34 Richard Dinardo - CB","#41 Elliott Lopez - CB",,,,"#21 James Savarese - SS","#37 Tom Morello - FS",,,,,,,,,,,,,,,,,,,,,,,,,,,,,,,,,,,,
LAN,7:16,"OMS 43",3,3,2,"Singleback Normal SE Quick Hit","Nickel Normal Shallow Zone Deep",9,3,20,"3-2-OMS 43 (7:15) 5-Johnny Boyd pass complete to 23-Gerald Garcia to OMS 34 for 9 yards.","#5 Johnny Boyd - QB","#23 Gerald Garcia - WR",,,,"#81 Sam Torres - WR",,"#88 Hunter Rice - WR","#86 Micheal Best - WR","#12 Matthew Alston - WR",,,"#73 Eddie G. Robinson - LT","#63 Anthony Nunez - LG","#61 Larry Simon - C","#62 David Calhoun - LG","#79 Carlos Lynch - RT",,"#94 Shawn Santiago - LDE",,"#73 Darrell Vose - DT","#72 James Neal - DT","#77 Reginald Throckmorton - RDE",,"#50 Carl Blackburn - MLB",,"#98 Gregory King - WLB","#22 Christopher Stewart - CB","#34 Richard Dinardo - CB",,"#41 Elliott Lopez - CB",,"#39 Russell Charles - SS","#27 Victor Anderson - SS",,,,,,,,,,,,,,,,,,,,,,,,,,,,,,,,,,,,
LAN,6:29,"OMS 34",3,1,10,"I Formation Normal Max Protect","4-3 Normal Man Under 1",6,3,20,"1-10-OMS 34 (6:28) 5-Johnny Boyd pass complete to 85-Timothy Leighton to OMS 28 for 6 yards. Tackle by 99-Vincent Sosa.","#5 Johnny Boyd - QB","#85 Timothy Leighton - WR",,,"#28 Arthur Jones - WR","#80 Ryan Oliphant - WR",,"#88 Hunter Rice - WR",,"#45 Kenneth Hamblen - WR",,,"#73 Eddie G. Robinson - LT","#63 Anthony Nunez - LG","#61 Larry Simon - C","#62 David Calhoun - LG","#79 Carlos Lynch - RT",,"#62 Spare Tire Dixon - RDE",,"#73 Darrell Vose - DT","#72 James Neal - DT","#78 William Gonzalez - RDE","#99 Vincent Sosa - SLB","#51 Leo Morrison - MLB",,"#55 Jeremy Hannon - WLB","#22 Christopher Stewart - CB","#34 Richard Dinardo - CB",,,,"#21 James Savarese - SS","#37 Tom Morello - FS",,,,,,,,,,,,,,,,,,,,,,,,,,,,,,,,,,,,
LAN,5:53,"OMS 28",3,2,4,"Singleback Normal SE Quick Hit","Nickel Normal SS Blitz",,3,20,"2-4-OMS 28 (5:52) 5-Johnny Boyd pass Pass knocked down by 22-Christopher Stewart. incomplete, intended for 45-Kenneth Hamblen.","#5 Johnny Boyd - QB","#23 Gerald Garcia - WR",,,,"#81 Sam Torres - WR",,"#12 Matthew Alston - WR","#45 Kenneth Hamblen - WR","#86 Micheal Best - WR",,,"#73 Eddie G. Robinson - LT","#63 Anthony Nunez - LG","#61 Larry Simon - C","#62 David Calhoun - LG","#79 Carlos Lynch - RT",,"#94 Shawn Santiago - LDE",,"#73 Darrell Vose - DT","#72 James Neal - DT","#78 William Gonzalez - RDE",,"#50 Carl Blackburn - MLB",,"#98 Gregory King - WLB","#21 James Savarese - SS","#37 Tom Morello - FS",,"#22 Christopher Stewart - CB",,"#39 Russell Charles - SS","#27 Victor Anderson - SS",,,,,,,,,,,,,,,,,,,,,,,,,,,,,,,,,,,,
LAN,5:47,"OMS 28",3,3,4,"Shotgun Normal HB Flare","Nickel Normal Shallow Zone Deep",8,3,20,"3-4-OMS 28 (5:48) 5-Johnny Boyd pass complete to 88-Hunter Rice to OMS 20 for 8 yards. Tackle by 41-Elliott Lopez.","#5 Johnny Boyd - QB","#85 Timothy Leighton - WR",,,,"#81 Sam Torres - WR",,"#88 Hunter Rice - WR","#86 Micheal Best - WR","#12 Matthew Alston - WR",,,"#73 Eddie G. Robinson - LT","#63 Anthony Nunez - LG","#61 Larry Simon - C","#62 David Calhoun - LG","#79 Carlos Lynch - RT",,"#62 Spare Tire Dixon - RDE",,"#73 Darrell Vose - DT","#72 James Neal - DT","#78 William Gonzalez - RDE",,"#51 Leo Morrison - MLB",,"#55 Jeremy Hannon - WLB","#41 Elliott Lopez - CB","#22 Christopher Stewart - CB",,"#34 Richard Dinardo - CB",,"#39 Russell Charles - SS","#27 Victor Anderson - SS",,,,,,,,,,,,,,,,,,,,,,,,,,,,,,,,,,,,
LAN,5:06,"OMS 20",3,1,10,"Singleback Big Ins and Outs","4-3 Normal SLB Middle Blitz",6,3,20,"1-10-OMS 20 (5:05) 5-Johnny Boyd pass complete to 44-Jason Hemphill to OMS 14 for 6 yards. Tackle by 39-Russell Charles.","#5 Johnny Boyd - QB","#49 David White - WR",,,,"#80 Ryan Oliphant - WR","#44 Jason Hemphill - WR","#45 Kenneth Hamblen - WR",,"#23 Gerald Garcia - WR",,,"#73 Eddie G. Robinson - LT","#63 Anthony Nunez - LG","#61 Larry Simon - C","#62 David Calhoun - LG","#79 Carlos Lynch - RT",,"#62 Spare Tire Dixon - RDE",,"#73 Darrell Vose - DT","#72 James Neal - DT","#78 William Gonzalez - RDE","#99 Vincent Sosa - SLB","#50 Carl Blackburn - MLB",,"#98 Gregory King - WLB","#41 Elliott Lopez - CB","#39 Russell Charles - SS",,,,"#21 James Savarese - SS","#37 Tom Morello - FS",,,,,,,,,,,,,,,,,,,,,,,,,,,,,,,,,,,,
LAN,4:22,"OMS 14",3,2,4,"Singleback Normal SE Quick Hit","Nickel Normal Shallow Zone Deep",,3,20,"2-4-OMS 14 (4:21) 5-Johnny Boyd pass incomplete, dropped by 85-Timothy Leighton. The offense has gone to that play a few too many times.","#5 Johnny Boyd - QB","#85 Timothy Leighton - WR",,,,"#81 Sam Torres - WR",,"#88 Hunter Rice - WR","#86 Micheal Best - WR","#12 Matthew Alston - WR",,,"#73 Eddie G. Robinson - LT","#63 Anthony Nunez - LG","#61 Larry Simon - C","#62 David Calhoun - LG","#79 Carlos Lynch - RT",,"#62 Spare Tire Dixon - RDE",,"#73 Darrell Vose - DT","#72 James Neal - DT","#77 Reginald Throckmorton - RDE",,"#50 Carl Blackburn - MLB",,"#55 Jeremy Hannon - WLB","#41 Elliott Lopez - CB","#34 Richard Dinardo - CB",,"#37 Tom Morello - FS",,"#21 James Savarese - SS","#27 Victor Anderson - SS",,,,,,,,,,,,,,,,,,,,,,,,,,,,,,,,,,,,
LAN,4:17,"OMS 14",3,3,4,"Singleback Normal SE Quick Hit","Nickel Normal SS Blitz",2,3,20,"3-4-OMS 14 (4:18) 5-Johnny Boyd pass complete to 85-Timothy Leighton to OMS 12 for 2 yards. Tackle by 98-Gregory King.","#5 Johnny Boyd - QB","#85 Timothy Leighton - WR",,,,"#81 Sam Torres - WR",,"#88 Hunter Rice - WR","#86 Micheal Best - WR","#12 Matthew Alston - WR",,,"#73 Eddie G. Robinson - LT","#63 Anthony Nunez - LG","#61 Larry Simon - C","#62 David Calhoun - LG","#79 Carlos Lynch - RT",,"#62 Spare Tire Dixon - RDE",,"#73 Darrell Vose - DT","#72 James Neal - DT","#78 William Gonzalez - RDE",,"#50 Carl Blackburn - MLB",,"#98 Gregory King - WLB","#41 Elliott Lopez - CB","#34 Richard Dinardo - CB",,"#27 Victor Anderson - SS",,"#39 Russell Charles - SS","#22 Christopher Stewart - CB",,,,,,,,,,,,,,,,,,,,,,,,,,,,,,,,,,,,
LAN,3:37,"OMS 12",3,4,2,"Field Goal","FG Block",22,3,20,"4-2-OMS 12 (3:36) 16-Jeffrey Roland 29 yard field goal is NO GOOD. (Wide Left)",,,,,,,,,,,,,,,,,,,,,,,,,,,,,,,,,,,,"#18 Jose Hara - P","#61 Larry Simon - C",,,,,,,,,,,,,,"#16 Jeffrey Roland - K","#76 Michael Christenson - RT","#78 Jeff Moeller - LG","#63 Anthony Nunez - LG","#73 Eddie G. Robinson - LT","#60 Ronald Barnes - LG","#79 Carlos Lynch - RT","#62 David Calhoun - LG","#28 Arthur Jones - WR","#94 Shawn Santiago - LDE","#99 Vincent Sosa - SLB","#72 James Neal - DT","#63 Ian Burress - DT","#51 Leo Morrison - MLB","#73 Darrell Vose - DT","#34 Richard Dinardo - CB","#62 Spare Tire Dixon - RDE","#78 William Gonzalez - RDE","#41 Elliott Lopez - CB","#98 Gregory King - WLB"
OMS,3:32,"OMS 20",3,1,10,"I Formation Power PA Flats","4-3 Normal Man Under 1",2,3,20,"1-10-OMS 20 (3:33) 9-Walton Smith pass complete to 80-Willie Garcia to OMS 22 for 2 yards. Tackle by 33-Larry Stewart.","#9 Walton Smith - QB","#26 Edgardo Bradshaw - RB",,"#46 Aaron Dean - RB","#31 Kurt Shoemaker - FB","#80 Willie Garcia - TE",,"#15 Thomas Fernandes - WR",,,,,"#71 Billy Corgan - LT","#68 Andres Nash - RG","#57 Tommy Johnson - C","#53 William Jackson - RG","#59 Edward Dunn - RT",,"#98 Alvaro Ferguson - LDE",,"#74 Mark Miller - DT","#64 James Mandell - DT","#93 Burton Riddick - RDE","#51 Don Soto - SLB","#32 Thomas Gamboa - CB",,"#59 Byron Carr - MLB","#42 Paul Charron - CB","#33 Larry Stewart - CB",,,,"#29 Alphonse Belcher - CB","#25 Eugene Brooks - CB",,,,,,,,,,,,,,,,,,,,,,,,,,,,,,,,,,,,
OMS,2:52,"OMS 22",3,2,8,"I Formation Normal PA Streaks","4-3 Normal Double WR3",-8,3,20,"2-8-OMS 22 (2:51) 9-Walton Smith sacked at OMS 14 for -8 yards (59-Byron Carr). Sack allowed by 68-Andres Nash.","#9 Walton Smith - QB","#48 Michael Spiller - RB",,,"#31 Kurt Shoemaker - FB","#81 Paul McCaslin - TE",,"#83 Paul Parson - WR",,"#87 Richard Medina - WR",,,"#71 Billy Corgan - LT","#68 Andres Nash - RG","#57 Tommy Johnson - C","#53 William Jackson - RG","#59 Edward Dunn - RT",,"#98 Alvaro Ferguson - LDE",,"#74 Mark Miller - DT","#64 James Mandell - DT","#93 Burton Riddick - RDE","#51 Don Soto - SLB","#32 Thomas Gamboa - CB",,"#59 Byron Carr - MLB","#42 Paul Charron - CB","#33 Larry Stewart - CB",,,,"#29 Alphonse Belcher - CB","#25 Eugene Brooks - CB",,,,,,,,,,,,,,,,,,,,,,,,,,,,,,,,,,,,
OMS,2:07,"OMS 14",3,3,16,"Shotgun Normal Deep Weak In and Out","4-3 Normal Double WR3",-9,3,20,"3-16-OMS 14 (2:06) 9-Walton Smith sacked at OMS 5 for -9 yards (64-James Mandell). Sack allowed by 57-Tommy Johnson.","#9 Walton Smith - QB","#26 Edgardo Bradshaw - RB",,,,"#80 Willie Garcia - TE",,"#15 Thomas Fernandes - WR","#84 Anthony Mistretta - WR","#10 Michael Hecker - WR",,,"#71 Billy Corgan - LT","#68 Andres Nash - RG","#57 Tommy Johnson - C","#53 William Jackson - RG","#59 Edward Dunn - RT",,"#98 Alvaro Ferguson - LDE",,"#74 Mark Miller - DT","#64 James Mandell - DT","#93 Burton Riddick - RDE","#51 Don Soto - SLB","#32 Thomas Gamboa - CB",,"#59 Byron Carr - MLB","#42 Paul Charron - CB","#33 Larry Stewart - CB",,,,"#29 Alphonse Belcher - CB","#25 Eugene Brooks - CB",,,,,,,,,,,,,,,,,,,,,,,,,,,,,,,,,,,,
OMS,1:21,"OMS 5",3,4,25,Punt,"Punt Return",,3,20,"4-25-OMS 5 (1:20) 11-Rene Johnson punts 54 yards to LAN 42. 12-Matthew Alston to LAN 49 for 8 yards. 12-Matthew Alston FUMBLES (22-Christopher Stewart) recovered by LAN-24-Corey Frye at LAN 48. Tackle by 80-Willie Garcia.",,,,,,,,,,,,,,,,,,"#11 Rene Johnson - P",,,,,,,,,,,,,,,,,,,"#57 Tommy Johnson - C",,"#12 Matthew Alston - WR",,,"#33 Larry Stewart - CB","#32 Thomas Gamboa - CB","#25 Eugene Brooks - CB",,"#24 Corey Frye - CB","#42 Paul Charron - CB",,"#56 Nicholas Casper - WLB",,,,"#80 Willie Garcia - TE","#66 Andrew Turner - RG","#59 Edward Dunn - RT","#71 Billy Corgan - LT","#52 James Funches - LT","#81 Paul McCaslin - TE",,"#93 Burton Riddick - RDE","#59 Byron Carr - MLB","#98 Alvaro Ferguson - LDE","#74 Mark Miller - DT",,,,,,,
LAN,1:09,"LAN 48",3,1,10,"Singleback Normal HB Release Mid","Nickel Normal SS Blitz",,3,20,"1-10-LAN 48 (1:10) 5-Johnny Boyd pass INTERCEPTED by 21-James Savarese at OMS 41. 21-James Savarese to LAN 45 for 15 yards. Tackle by 5-Johnny Boyd.","#5 Johnny Boyd - QB","#85 Timothy Leighton - WR",,,,"#81 Sam Torres - WR",,"#88 Hunter Rice - WR","#45 Kenneth Hamblen - WR","#86 Micheal Best - WR",,,"#73 Eddie G. Robinson - LT","#63 Anthony Nunez - LG","#61 Larry Simon - C","#62 David Calhoun - LG","#79 Carlos Lynch - RT",,"#62 Spare Tire Dixon - RDE",,"#73 Darrell Vose - DT","#72 James Neal - DT","#77 Reginald Throckmorton - RDE",,"#50 Carl Blackburn - MLB",,"#55 Jeremy Hannon - WLB","#41 Elliott Lopez - CB","#34 Richard Dinardo - CB",,"#21 James Savarese - SS",,"#39 Russell Charles - SS","#27 Victor Anderson - SS",,,,,,,,,,,,,,,,,,,,,,,,,,,,,,,,,,,,
OMS,1:03,"LAN 45",3,1,10,"I Formation Normal Curl & Post","4-3 Under Crash Right",4,3,20,"1-10-LAN 45 (1:04) 9-Walton Smith pass complete to 26-Edgardo Bradshaw to LAN 41 for 4 yards. Tackle by 51-Don Soto.","#9 Walton Smith - QB","#26 Edgardo Bradshaw - RB",,,"#31 Kurt Shoemaker - FB","#80 Willie Garcia - TE",,"#15 Thomas Fernandes - WR",,"#83 Paul Parson - WR",,,"#71 Billy Corgan - LT","#68 Andres Nash - RG","#57 Tommy Johnson - C","#53 William Jackson - RG","#59 Edward Dunn - RT",,"#98 Alvaro Ferguson - LDE",,"#74 Mark Miller - DT","#64 James Mandell - DT","#93 Burton Riddick - RDE","#51 Don Soto - SLB","#32 Thomas Gamboa - CB",,"#59 Byron Carr - MLB","#29 Alphonse Belcher - CB","#33 Larry Stewart - CB",,,,"#42 Paul Charron - CB","#25 Eugene Brooks - CB",,,,,,,,,,,,,,,,,,,,,,,,,,,,,,,,,,,,
OMS,0:19,"LAN 41",3,2,6,"Goal Line Normal HB Toss Strong","4-3 Under Double Safety Blitz",1,3,20,"2-6-LAN 41 (0:18) 48-Michael Spiller ran to LAN 40 for 1 yards. Tackle by 42-Paul Charron.","#9 Walton Smith - QB","#48 Michael Spiller - RB",,"#46 Aaron Dean - RB","#31 Kurt Shoemaker - FB","#81 Paul McCaslin - TE","#80 Willie Garcia - TE",,,,,,"#71 Billy Corgan - LT","#68 Andres Nash - RG","#57 Tommy Johnson - C","#53 William Jackson - RG","#59 Edward Dunn - RT",,"#98 Alvaro Ferguson - LDE",,"#74 Mark Miller - DT","#64 James Mandell - DT","#93 Burton Riddick - RDE","#51 Don Soto - SLB","#32 Thomas Gamboa - CB",,"#59 Byron Carr - MLB","#29 Alphonse Belcher - CB","#33 Larry Stewart - CB",,,,"#42 Paul Charron - CB","#25 Eugene Brooks - CB",,,,,,,,,,,,,,,,,,,,,,,,,,,,,,,,,,,,
,0:00,,3,3,6,,,,3,20,"End of third quarter.",,,,,,,,,,,,,,,,,,,,,,,,,,,,,,,,,,,,,,,,,,,,,,,,,,,,,,,,,,,,,,,,,,,,,,
OMS,15:00,"LAN 40",4,3,6,"Weak I Normal HB Inside Weak","4-3 Under Double LB Blitz",-0,3,20,"3-6-LAN 40 (15:00) 42-Arthur Cassady ran to LAN 40 for a short loss. Tackle by 59-Byron Carr.","#9 Walton Smith - QB","#42 Arthur Cassady - RB",,,"#46 Aaron Dean - RB","#80 Willie Garcia - TE",,"#15 Thomas Fernandes - WR",,"#83 Paul Parson - WR",,,"#71 Billy Corgan - LT","#68 Andres Nash - RG","#57 Tommy Johnson - C","#53 William Jackson - RG","#59 Edward Dunn - RT",,"#98 Alvaro Ferguson - LDE",,"#74 Mark Miller - DT","#64 James Mandell - DT","#93 Burton Riddick - RDE","#51 Don Soto - SLB","#32 Thomas Gamboa - CB",,"#59 Byron Carr - MLB","#29 Alphonse Belcher - CB","#33 Larry Stewart - CB",,,,"#42 Paul Charron - CB","#25 Eugene Brooks - CB",,,,,,,,,,,,,,,,,,,,,,,,,,,,,,,,,,,,
OMS,14:29,"LAN 40",4,4,6,"Field Goal","FG Block",51,6,20,"4-6-LAN 40 (14:28) 7-Charles Parkman 59 yard field goal is GOOD. OMS 6 LAN 20",,,,,,,,,,,,,,,,,,,,,,,,,,,,,,,,,,,,"#9 Walton Smith - QB","#59 Edward Dunn - RT",,,,,,,,,,,,,,"#7 Charles Parkman - K","#15 Thomas Fernandes - WR","#66 Andrew Turner - RG","#78 William Gonzalez - RDE","#57 Tommy Johnson - C","#71 Billy Corgan - LT","#52 James Funches - LT","#80 Willie Garcia - TE","#81 Paul McCaslin - TE","#93 Burton Riddick - RDE","#59 Byron Carr - MLB","#98 Alvaro Ferguson - LDE","#74 Mark Miller - DT","#57 Jordan Davis - MLB","#37 Randy Hall - CB","#94 Jeffrey Rodriguez - LDE","#96 Stanley Hall - RDE","#97 Juan Hoppe - RDE","#99 Reginald Barajas - DT","#64 James Mandell - DT"
OMS,14:23,"OMS 35",4,6,10,Kickoff,"Kick Return",,6,20,"(14:24) 7-Charles Parkman kicks 74 yards from OMS 35 to LAN -9. Touchback.",,,,,,,,,,,,,,,,,,,,,,,,,,,,,,,,,,,,,,"#12 Matthew Alston - WR",,"#30 Timothy Hauser - CB","#37 Randy Hall - CB","#33 Larry Stewart - CB","#32 Thomas Gamboa - CB","#25 Eugene Brooks - CB","#29 Alphonse Belcher - CB","#24 Corey Frye - CB","#42 Paul Charron - CB","#51 Don Soto - SLB","#56 Nicholas Casper - WLB","#7 Charles Parkman - K",,,,,,,,,,,,,,,,,,,,
LAN,14:23,"LAN 25",4,1,10,"I Formation Normal Max Protect","4-3 Normal SS Blitz",13,6,20,"1-10-LAN 25 (14:24) 5-Johnny Boyd pass complete to 88-Hunter Rice to LAN 38 for 13 yards. Tackle by 22-Christopher Stewart.","#5 Johnny Boyd - QB","#85 Timothy Leighton - WR",,,"#81 Sam Torres - WR","#86 Micheal Best - WR",,"#12 Matthew Alston - WR",,"#88 Hunter Rice - WR",,,"#73 Eddie G. Robinson - LT","#63 Anthony Nunez - LG","#61 Larry Simon - C","#62 David Calhoun - LG","#79 Carlos Lynch - RT",,"#62 Spare Tire Dixon - RDE",,"#63 Ian Burress - DT","#73 Darrell Vose - DT","#77 Reginald Throckmorton - RDE","#95 Anthony Salter - SLB","#50 Carl Blackburn - MLB",,"#55 Jeremy Hannon - WLB","#41 Elliott Lopez - CB","#22 Christopher Stewart - CB",,,,"#21 James Savarese - SS","#37 Tom Morello - FS",,,,,,,,,,,,,,,,,,,,,,,,,,,,,,,,,,,,
LAN,13:45,"LAN 38",4,1,10,"Strong I Big Backfield Drag","Goal Line Attack #2",7,6,20,"1-10-LAN 38 (13:44) 5-Johnny Boyd pass complete to 85-Timothy Leighton to LAN 45 for 7 yards. Tackle by 27-Victor Anderson.","#5 Johnny Boyd - QB","#12 Matthew Alston - WR",,,"#85 Timothy Leighton - WR","#81 Sam Torres - WR","#86 Micheal Best - WR","#88 Hunter Rice - WR",,,,,"#73 Eddie G. Robinson - LT","#63 Anthony Nunez - LG","#61 Larry Simon - C","#62 David Calhoun - LG","#79 Carlos Lynch - RT",,"#94 Shawn Santiago - LDE","#62 Spare Tire Dixon - RDE","#63 Ian Burress - DT","#73 Darrell Vose - DT","#77 Reginald Throckmorton - RDE","#51 Leo Morrison - MLB","#99 Vincent Sosa - SLB",,"#91 Charles Moreno - MLB","#34 Richard Dinardo - CB","#27 Victor Anderson - SS",,,,"#21 James Savarese - SS",,,,,,,,,,,,,,,,,,,,,,,,,,,,,,,,,,,,,
LAN,13:00,"LAN 45",4,2,3,"Singleback Normal SE Quick Hit","Nickel Normal Shallow Zone Deep",,6,20,"2-3-LAN 45 (12:59) 5-Johnny Boyd pass incomplete, intended for 23-Gerald Garcia. I think the offense is starting to overuse that play.","#5 Johnny Boyd - QB","#49 David White - WR",,,,"#81 Sam Torres - WR",,"#86 Micheal Best - WR","#23 Gerald Garcia - WR","#45 Kenneth Hamblen - WR",,,"#73 Eddie G. Robinson - LT","#63 Anthony Nunez - LG","#61 Larry Simon - C","#62 David Calhoun - LG","#79 Carlos Lynch - RT",,"#77 Reginald Throckmorton - RDE",,"#72 James Neal - DT","#62 Spare Tire Dixon - RDE","#78 William Gonzalez - RDE",,"#50 Carl Blackburn - MLB",,"#55 Jeremy Hannon - WLB","#41 Elliott Lopez - CB","#34 Richard Dinardo - CB",,"#27 Victor Anderson - SS",,"#39 Russell Charles - SS","#37 Tom Morello - FS",,,,,,,,,,,,,,,,,,,,,,,,,,,,,,,,,,,,
LAN,12:56,"LAN 45",4,3,3,"Shotgun Normal HB Flare","Nickel Normal Shallow Zone Deep",-9,6,20,"3-3-LAN 45 (12:57) 5-Johnny Boyd sacked at LAN 36 for -9 yards (78-William Gonzalez). Sack allowed by 73-Eddie G. Robinson. This is what happens when you keep calling the same offensive play.","#5 Johnny Boyd - QB","#85 Timothy Leighton - WR",,,,"#81 Sam Torres - WR",,"#88 Hunter Rice - WR","#86 Micheal Best - WR","#12 Matthew Alston - WR",,,"#73 Eddie G. Robinson - LT","#63 Anthony Nunez - LG","#61 Larry Simon - C","#62 David Calhoun - LG","#79 Carlos Lynch - RT",,"#62 Spare Tire Dixon - RDE",,"#73 Darrell Vose - DT","#72 James Neal - DT","#78 William Gonzalez - RDE",,"#50 Carl Blackburn - MLB",,"#55 Jeremy Hannon - WLB","#41 Elliott Lopez - CB","#22 Christopher Stewart - CB",,"#39 Russell Charles - SS",,"#21 James Savarese - SS","#37 Tom Morello - FS",,,,,,,,,,,,,,,,,,,,,,,,,,,,,,,,,,,,
LAN,12:11,"LAN 36",4,4,12,Punt,"Punt Return",,6,20,"4-12-LAN 36 (12:10) 17-Gregory Juneau punts 48 yards to OMS 16. Fair Catch by 84-Anthony Mistretta.",,,,,,,,,,,,,,,,,,"#17 Gregory Juneau - P",,,,,,,,,,,,,,,,,,,"#61 Larry Simon - C",,"#84 Anthony Mistretta - WR",,,"#27 Victor Anderson - SS","#39 Russell Charles - SS","#98 Gregory King - WLB",,"#73 Darrell Vose - DT","#34 Richard Dinardo - CB",,"#78 William Gonzalez - RDE",,,,"#78 Jeff Moeller - LG","#63 Anthony Nunez - LG","#73 Eddie G. Robinson - LT","#60 Ronald Barnes - LG","#79 Carlos Lynch - RT","#62 David Calhoun - LG",,"#63 Ian Burress - DT","#62 Spare Tire Dixon - RDE","#99 Vincent Sosa - SLB","#72 James Neal - DT",,,,,,,
OMS,12:02,"OMS 16",4,1,10,"Goal Line Normal HB Toss Strong","4-3 Under Double Safety Blitz",1,6,20,"1-10-OMS 16 (12:03) 26-Edgardo Bradshaw ran to OMS 17 for 1 yards. Tackle by 42-Paul Charron.","#9 Walton Smith - QB","#26 Edgardo Bradshaw - RB",,"#46 Aaron Dean - RB","#31 Kurt Shoemaker - FB","#80 Willie Garcia - TE","#81 Paul McCaslin - TE",,,,,,"#71 Billy Corgan - LT","#68 Andres Nash - RG","#57 Tommy Johnson - C","#53 William Jackson - RG","#59 Edward Dunn - RT",,"#98 Alvaro Ferguson - LDE",,"#74 Mark Miller - DT","#64 James Mandell - DT","#93 Burton Riddick - RDE","#51 Don Soto - SLB","#32 Thomas Gamboa - CB",,"#59 Byron Carr - MLB","#29 Alphonse Belcher - CB","#24 Corey Frye - CB",,,,"#42 Paul Charron - CB","#37 Randy Hall - CB",,,,,,,,,,,,,,,,,,,,,,,,,,,,,,,,,,,,
OMS,11:29,"OMS 17",4,2,9,"I Formation Power HB Draw","4-3 Under Double LB Blitz",4,6,20,"2-9-OMS 17 (11:28) 48-Michael Spiller ran to OMS 21 for 4 yards. Tackle by 33-Larry Stewart.","#9 Walton Smith - QB","#48 Michael Spiller - RB",,"#46 Aaron Dean - RB","#31 Kurt Shoemaker - FB","#80 Willie Garcia - TE",,"#15 Thomas Fernandes - WR",,,,,"#52 James Funches - LT","#68 Andres Nash - RG","#57 Tommy Johnson - C","#53 William Jackson - RG","#59 Edward Dunn - RT",,"#98 Alvaro Ferguson - LDE",,"#74 Mark Miller - DT","#64 James Mandell - DT","#93 Burton Riddick - RDE","#51 Don Soto - SLB","#56 Nicholas Casper - WLB",,"#59 Byron Carr - MLB","#29 Alphonse Belcher - CB","#33 Larry Stewart - CB",,,,"#32 Thomas Gamboa - CB","#25 Eugene Brooks - CB",,,,,,,,,,,,,,,,,,,,,,,,,,,,,,,,,,,,
OMS,10:47,"OMS 21",4,3,5,"Shotgun Normal HB Flare","4-3 Normal Double WR3",10,6,20,"3-5-OMS 21 (10:46) 9-Walton Smith pass complete to 81-Paul McCaslin to OMS 31 for 10 yards. Tackle by 29-Alphonse Belcher.","#9 Walton Smith - QB","#42 Arthur Cassady - RB",,,,"#81 Paul McCaslin - TE",,"#15 Thomas Fernandes - WR","#87 Richard Medina - WR","#83 Paul Parson - WR",,,"#71 Billy Corgan - LT","#68 Andres Nash - RG","#57 Tommy Johnson - C","#53 William Jackson - RG","#59 Edward Dunn - RT",,"#98 Alvaro Ferguson - LDE",,"#74 Mark Miller - DT","#64 James Mandell - DT","#93 Burton Riddick - RDE","#51 Don Soto - SLB","#32 Thomas Gamboa - CB",,"#59 Byron Carr - MLB","#42 Paul Charron - CB","#33 Larry Stewart - CB",,,,"#29 Alphonse Belcher - CB","#25 Eugene Brooks - CB",,,,,,,,,,,,,,,,,,,,,,,,,,,,,,,,,,,,
OMS,10:08,"OMS 31",4,1,10,"I Formation Normal HB Blast","4-3 Normal Man Under 1",2,6,20,"1-10-OMS 31 (10:07) 48-Michael Spiller ran to OMS 33 for 2 yards. Tackle by 32-Thomas Gamboa.","#9 Walton Smith - QB","#48 Michael Spiller - RB",,,"#31 Kurt Shoemaker - FB","#80 Willie Garcia - TE",,"#10 Michael Hecker - WR",,"#84 Anthony Mistretta - WR",,,"#71 Billy Corgan - LT","#68 Andres Nash - RG","#57 Tommy Johnson - C","#53 William Jackson - RG","#59 Edward Dunn - RT",,"#98 Alvaro Ferguson - LDE",,"#74 Mark Miller - DT","#64 James Mandell - DT","#93 Burton Riddick - RDE","#51 Don Soto - SLB","#32 Thomas Gamboa - CB",,"#59 Byron Carr - MLB","#42 Paul Charron - CB","#33 Larry Stewart - CB",,,,"#29 Alphonse Belcher - CB","#25 Eugene Brooks - CB",,,,,,,,,,,,,,,,,,,,,,,,,,,,,,,,,,,,
OMS,9:23,"OMS 33",4,2,8,"Weak I Normal HB Inside Strong","4-3 Normal OLB Blitz Inside",4,6,20,"2-8-OMS 33 (9:22) 42-Arthur Cassady ran to OMS 37 for 4 yards. Tackle by 25-Eugene Brooks.","#9 Walton Smith - QB","#42 Arthur Cassady - RB",,,"#31 Kurt Shoemaker - FB","#80 Willie Garcia - TE",,"#15 Thomas Fernandes - WR",,"#83 Paul Parson - WR",,,"#71 Billy Corgan - LT","#68 Andres Nash - RG","#57 Tommy Johnson - C","#53 William Jackson - RG","#59 Edward Dunn - RT",,"#98 Alvaro Ferguson - LDE",,"#74 Mark Miller - DT","#64 James Mandell - DT","#93 Burton Riddick - RDE","#51 Don Soto - SLB","#32 Thomas Gamboa - CB",,"#59 Byron Carr - MLB","#42 Paul Charron - CB","#33 Larry Stewart - CB",,,,"#29 Alphonse Belcher - CB","#25 Eugene Brooks - CB",,,,,,,,,,,,,,,,,,,,,,,,,,,,,,,,,,,,
OMS,8:42,"OMS 37",4,3,4,"Shotgun 2 RB 3 WR Shotgun Sweep","4-3 Under Double LB Blitz",-4,6,20,"3-4-OMS 37 (8:41) 31-Kurt Shoemaker ran to OMS 33 for -4 yards. Tackle by 32-Thomas Gamboa.","#9 Walton Smith - QB","#46 Aaron Dean - RB","#31 Kurt Shoemaker - FB",,,,,"#15 Thomas Fernandes - WR","#87 Richard Medina - WR","#83 Paul Parson - WR",,,"#71 Billy Corgan - LT","#68 Andres Nash - RG","#57 Tommy Johnson - C","#53 William Jackson - RG","#59 Edward Dunn - RT",,"#98 Alvaro Ferguson - LDE",,"#74 Mark Miller - DT","#64 James Mandell - DT","#93 Burton Riddick - RDE","#51 Don Soto - SLB","#32 Thomas Gamboa - CB",,"#59 Byron Carr - MLB","#29 Alphonse Belcher - CB","#33 Larry Stewart - CB",,,,"#42 Paul Charron - CB","#25 Eugene Brooks - CB",,,,,,,,,,,,,,,,,,,,,,,,,,,,,,,,,,,,
OMS,7:57,"OMS 33",4,4,8,Punt,"Punt Return",,6,20,"4-8-OMS 33 (7:56) 11-Rene Johnson punts 42 yards to LAN 24. Fair Catch by 12-Matthew Alston.",,,,,,,,,,,,,,,,,,"#11 Rene Johnson - P",,,,,,,,,,,,,,,,,,,"#59 Edward Dunn - RT",,"#12 Matthew Alston - WR",,,"#33 Larry Stewart - CB","#32 Thomas Gamboa - CB","#25 Eugene Brooks - CB",,"#24 Corey Frye - CB","#42 Paul Charron - CB",,"#56 Nicholas Casper - WLB",,,,"#80 Willie Garcia - TE","#66 Andrew Turner - RG","#57 Tommy Johnson - C","#71 Billy Corgan - LT","#52 James Funches - LT","#81 Paul McCaslin - TE",,"#93 Burton Riddick - RDE","#59 Byron Carr - MLB","#98 Alvaro Ferguson - LDE","#74 Mark Miller - DT",,,,,,,
LAN,7:49,"LAN 24",4,1,10,"I Formation Twin WR Hard Slants","4-3 Under Double LB Blitz",,6,20,"1-10-LAN 24 (7:50) 5-Johnny Boyd pass Pass knocked down by 41-Elliott Lopez. incomplete, intended for 85-Timothy Leighton.","#5 Johnny Boyd - QB","#28 Arthur Jones - WR",,,"#81 Sam Torres - WR","#86 Micheal Best - WR",,"#12 Matthew Alston - WR",,"#85 Timothy Leighton - WR",,,"#73 Eddie G. Robinson - LT","#63 Anthony Nunez - LG","#61 Larry Simon - C","#62 David Calhoun - LG","#79 Carlos Lynch - RT",,"#62 Spare Tire Dixon - RDE",,"#73 Darrell Vose - DT","#72 James Neal - DT","#77 Reginald Throckmorton - RDE","#99 Vincent Sosa - SLB","#50 Carl Blackburn - MLB",,"#55 Jeremy Hannon - WLB","#41 Elliott Lopez - CB","#34 Richard Dinardo - CB",,,,"#39 Russell Charles - SS","#27 Victor Anderson - SS",,,,,,,,,,,,,,,,,,,,,,,,,,,,,,,,,,,,
LAN,7:45,"LAN 24",4,2,10,"I Formation Normal Max Protect","46 Heavy SS MLB Blitz",,6,20,"2-10-LAN 24 (7:46) 5-Johnny Boyd pass incomplete, dropped by 85-Timothy Leighton.","#5 Johnny Boyd - QB","#85 Timothy Leighton - WR",,,"#81 Sam Torres - WR","#86 Micheal Best - WR",,"#12 Matthew Alston - WR",,"#88 Hunter Rice - WR",,,"#73 Eddie G. Robinson - LT","#63 Anthony Nunez - LG","#61 Larry Simon - C","#62 David Calhoun - LG","#79 Carlos Lynch - RT",,"#62 Spare Tire Dixon - RDE",,"#73 Darrell Vose - DT","#63 Ian Burress - DT","#78 William Gonzalez - RDE","#95 Anthony Salter - SLB","#50 Carl Blackburn - MLB",,"#55 Jeremy Hannon - WLB","#22 Christopher Stewart - CB","#41 Elliott Lopez - CB",,,,"#21 James Savarese - SS","#37 Tom Morello - FS",,,,,,,,,,,,,,,,,,,,,,,,,,,,,,,,,,,,
LAN,7:41,"LAN 24",4,3,10,"I Formation Power Play Action HB Downfield","Goal Line Attack #2",12,6,20,"3-10-LAN 24 (7:42) 5-Johnny Boyd pass complete to 88-Hunter Rice to LAN 36 for 12 yards. Tackle by 39-Russell Charles. Pressure by 73-Darrell Vose.","#5 Johnny Boyd - QB","#86 Micheal Best - WR",,"#85 Timothy Leighton - WR","#81 Sam Torres - WR","#12 Matthew Alston - WR",,"#88 Hunter Rice - WR",,,,,"#73 Eddie G. Robinson - LT","#63 Anthony Nunez - LG","#61 Larry Simon - C","#62 David Calhoun - LG","#79 Carlos Lynch - RT",,"#62 Spare Tire Dixon - RDE","#94 Shawn Santiago - LDE","#73 Darrell Vose - DT","#72 James Neal - DT","#77 Reginald Throckmorton - RDE","#99 Vincent Sosa - SLB","#51 Leo Morrison - MLB",,"#98 Gregory King - WLB","#34 Richard Dinardo - CB","#27 Victor Anderson - SS",,,,"#39 Russell Charles - SS",,,,,,,,,,,,,,,,,,,,,,,,,,,,,,,,,,,,,
LAN,7:06,"LAN 36",4,1,10,"I Formation Power PA Flats","Goal Line 3 Deep Zone Under",12,6,20,"1-10-LAN 36 (7:05) 5-Johnny Boyd pass complete to 86-Micheal Best to LAN 48 for 12 yards. Tackle by 50-Carl Blackburn.","#5 Johnny Boyd - QB","#85 Timothy Leighton - WR",,"#28 Arthur Jones - WR","#81 Sam Torres - WR","#86 Micheal Best - WR",,"#88 Hunter Rice - WR",,,,,"#73 Eddie G. Robinson - LT","#63 Anthony Nunez - LG","#61 Larry Simon - C","#62 David Calhoun - LG","#79 Carlos Lynch - RT",,"#62 Spare Tire Dixon - RDE","#94 Shawn Santiago - LDE","#72 James Neal - DT","#63 Ian Burress - DT","#78 William Gonzalez - RDE","#95 Anthony Salter - SLB","#50 Carl Blackburn - MLB",,"#55 Jeremy Hannon - WLB","#22 Christopher Stewart - CB","#41 Elliott Lopez - CB",,,,"#21 James Savarese - SS",,,,,,,,,,,,,,,,,,,,,,,,,,,,,,,,,,,,,
LAN,6:31,"LAN 48",4,1,10,"Split Backs 3 Wide Dive Left","Nickel 3-3-5 Cover 2 Man Under",1,6,20,"1-10-LAN 48 (6:30) 81-Sam Torres ran to LAN 49 for 1 yards. Tackle by 62-Spare Tire Dixon. 61-Larry Simon totally missed that block.","#5 Johnny Boyd - QB","#23 Gerald Garcia - WR",,,"#81 Sam Torres - WR",,,"#12 Matthew Alston - WR","#45 Kenneth Hamblen - WR","#86 Micheal Best - WR",,,"#73 Eddie G. Robinson - LT","#63 Anthony Nunez - LG","#61 Larry Simon - C","#62 David Calhoun - LG","#79 Carlos Lynch - RT",,"#77 Reginald Throckmorton - RDE",,"#62 Spare Tire Dixon - RDE",,"#73 Darrell Vose - DT","#99 Vincent Sosa - SLB","#51 Leo Morrison - MLB",,"#98 Gregory King - WLB","#34 Richard Dinardo - CB","#27 Victor Anderson - SS",,"#41 Elliott Lopez - CB",,"#39 Russell Charles - SS","#37 Tom Morello - FS",,,,,,,,,,,,,,,,,,,,,,,,,,,,,,,,,,,,
LAN,5:48,"LAN 49",4,2,9,"Strong I Big HB Toss Strong","Goal Line 3 Deep Man",13,6,20,"2-9-LAN 49 (5:47) 85-Timothy Leighton ran to OMS 38 for 13 yards. Tackle by 39-Russell Charles.","#5 Johnny Boyd - QB","#85 Timothy Leighton - WR",,,"#28 Arthur Jones - WR","#81 Sam Torres - WR","#12 Matthew Alston - WR","#88 Hunter Rice - WR",,,,,"#73 Eddie G. Robinson - LT","#63 Anthony Nunez - LG","#61 Larry Simon - C","#62 David Calhoun - LG","#79 Carlos Lynch - RT",,"#62 Spare Tire Dixon - RDE","#94 Shawn Santiago - LDE","#73 Darrell Vose - DT","#77 Reginald Throckmorton - RDE","#78 William Gonzalez - RDE","#95 Anthony Salter - SLB","#51 Leo Morrison - MLB",,"#99 Vincent Sosa - SLB","#37 Tom Morello - FS","#34 Richard Dinardo - CB",,,,"#39 Russell Charles - SS",,,,,,,,,,,,,,,,,,,,,,,,,,,,,,,,,,,,,
LAN,5:10,"OMS 38",4,1,10,"I Formation Normal Max Protect","46 Heavy SS MLB Blitz",9,6,20,"1-10-OMS 38 (5:09) 5-Johnny Boyd pass complete to 23-Gerald Garcia to OMS 29 for 9 yards. Tackle by 55-Jeremy Hannon.","#5 Johnny Boyd - QB","#23 Gerald Garcia - WR",,,"#28 Arthur Jones - WR","#81 Sam Torres - WR",,"#12 Matthew Alston - WR",,"#86 Micheal Best - WR",,,"#73 Eddie G. Robinson - LT","#63 Anthony Nunez - LG","#61 Larry Simon - C","#62 David Calhoun - LG","#79 Carlos Lynch - RT",,"#62 Spare Tire Dixon - RDE",,"#73 Darrell Vose - DT","#72 James Neal - DT","#77 Reginald Throckmorton - RDE","#99 Vincent Sosa - SLB","#50 Carl Blackburn - MLB",,"#55 Jeremy Hannon - WLB","#41 Elliott Lopez - CB","#22 Christopher Stewart - CB",,,,"#21 James Savarese - SS","#27 Victor Anderson - SS",,,,,,,,,,,,,,,,,,,,,,,,,,,,,,,,,,,,
LAN,4:29,"OMS 29",4,2,1,"Shotgun Normal HB Flare","Nickel Normal Man Cover 2",,6,20,"2-1-OMS 29 (4:28) 5-Johnny Boyd pass incomplete, dropped by 12-Matthew Alston. The offense seems to be calling that play a lot.","#5 Johnny Boyd - QB","#23 Gerald Garcia - WR",,,,"#81 Sam Torres - WR",,"#88 Hunter Rice - WR","#86 Micheal Best - WR","#12 Matthew Alston - WR",,,"#73 Eddie G. Robinson - LT","#63 Anthony Nunez - LG","#61 Larry Simon - C","#62 David Calhoun - LG","#79 Carlos Lynch - RT",,"#62 Spare Tire Dixon - RDE",,"#63 Ian Burress - DT","#94 Shawn Santiago - LDE","#77 Reginald Throckmorton - RDE",,"#51 Leo Morrison - MLB",,"#98 Gregory King - WLB","#37 Tom Morello - FS","#41 Elliott Lopez - CB",,"#21 James Savarese - SS",,"#34 Richard Dinardo - CB","#39 Russell Charles - SS",,,,,,,,,,,,,,,,,,,,,,,,,,,,,,,,,,,,
LAN,4:25,"OMS 29",4,3,1,"Singleback Normal SE Quick Hit","Nickel Normal Man Cover 2",5,6,20,"3-1-OMS 29 (4:26) 5-Johnny Boyd pass complete to 85-Timothy Leighton to OMS 24 for 5 yards. Tackle by 55-Jeremy Hannon.","#5 Johnny Boyd - QB","#85 Timothy Leighton - WR",,,,"#81 Sam Torres - WR",,"#88 Hunter Rice - WR","#45 Kenneth Hamblen - WR","#12 Matthew Alston - WR",,,"#73 Eddie G. Robinson - LT","#63 Anthony Nunez - LG","#61 Larry Simon - C","#62 David Calhoun - LG","#79 Carlos Lynch - RT",,"#62 Spare Tire Dixon - RDE",,"#73 Darrell Vose - DT","#72 James Neal - DT","#78 William Gonzalez - RDE",,"#50 Carl Blackburn - MLB",,"#55 Jeremy Hannon - WLB","#27 Victor Anderson - SS","#22 Christopher Stewart - CB",,"#41 Elliott Lopez - CB",,"#37 Tom Morello - FS","#34 Richard Dinardo - CB",,,,,,,,,,,,,,,,,,,,,,,,,,,,,,,,,,,,
LAN,3:47,"OMS 24",4,1,10,"Split Backs 3 Wide Slot Post","Nickel Normal Shallow Zone Deep",,6,20,"1-10-OMS 24 (3:46) 5-Johnny Boyd pass Pass knocked down by 41-Elliott Lopez. incomplete, intended for 88-Hunter Rice. Pressure by 94-Shawn Santiago.","#5 Johnny Boyd - QB","#23 Gerald Garcia - WR",,,"#81 Sam Torres - WR",,,"#88 Hunter Rice - WR","#86 Micheal Best - WR","#12 Matthew Alston - WR",,,"#73 Eddie G. Robinson - LT","#63 Anthony Nunez - LG","#61 Larry Simon - C","#62 David Calhoun - LG","#79 Carlos Lynch - RT",,"#94 Shawn Santiago - LDE",,"#73 Darrell Vose - DT","#72 James Neal - DT","#77 Reginald Throckmorton - RDE",,"#50 Carl Blackburn - MLB",,"#98 Gregory King - WLB","#39 Russell Charles - SS","#22 Christopher Stewart - CB",,"#41 Elliott Lopez - CB",,"#27 Victor Anderson - SS","#21 James Savarese - SS",,,,,,,,,,,,,,,,,,,,,,,,,,,,,,,,,,,,
LAN,3:41,"OMS 24",4,2,10,"Singleback Normal SE Quick Hit","Nickel Normal SS Blitz",,6,20,"2-10-OMS 24 (3:42) 5-Johnny Boyd pass Pass knocked down by 55-Jeremy Hannon. incomplete, intended for 49-David White. This is what happens when you keep calling the same offensive play.","#5 Johnny Boyd - QB","#49 David White - WR",,,,"#81 Sam Torres - WR",,"#45 Kenneth Hamblen - WR","#20 Robert Clark - WR","#23 Gerald Garcia - WR",,,"#73 Eddie G. Robinson - LT","#63 Anthony Nunez - LG","#61 Larry Simon - C","#62 David Calhoun - LG","#79 Carlos Lynch - RT",,"#62 Spare Tire Dixon - RDE",,"#73 Darrell Vose - DT","#72 James Neal - DT","#78 William Gonzalez - RDE",,"#51 Leo Morrison - MLB",,"#55 Jeremy Hannon - WLB","#37 Tom Morello - FS","#39 Russell Charles - SS",,"#21 James Savarese - SS",,"#34 Richard Dinardo - CB","#27 Victor Anderson - SS",,,,,,,,,,,,,,,,,,,,,,,,,,,,,,,,,,,,
LAN,3:37,"OMS 24",4,3,10,"I Formation Normal PA Fullback Flat","4-3 Normal Man QB Spy",,6,20,"3-10-OMS 24 (3:38) 5-Johnny Boyd pass Pass knocked down by 34-Richard Dinardo. incomplete, intended for 86-Micheal Best.","#5 Johnny Boyd - QB","#85 Timothy Leighton - WR",,,"#81 Sam Torres - WR","#86 Micheal Best - WR",,"#12 Matthew Alston - WR",,"#88 Hunter Rice - WR",,,"#73 Eddie G. Robinson - LT","#63 Anthony Nunez - LG","#61 Larry Simon - C","#62 David Calhoun - LG","#79 Carlos Lynch - RT",,"#62 Spare Tire Dixon - RDE",,"#73 Darrell Vose - DT","#72 James Neal - DT","#77 Reginald Throckmorton - RDE","#95 Anthony Salter - SLB","#91 Charles Moreno - MLB",,"#99 Vincent Sosa - SLB","#37 Tom Morello - FS","#41 Elliott Lopez - CB",,,,"#34 Richard Dinardo - CB","#22 Christopher Stewart - CB",,,,,,,,,,,,,,,,,,,,,,,,,,,,,,,,,,,,
LAN,3:35,"OMS 24",4,4,10,"Field Goal","FG Block",34,6,23,"4-10-OMS 24 (3:36) 16-Jeffrey Roland 41 yard field goal is GOOD. OMS 6 LAN 23",,,,,,,,,,,,,,,,,,,,,,,,,,,,,,,,,,,,"#18 Jose Hara - P","#61 Larry Simon - C",,,,,,,,,,,,,,"#16 Jeffrey Roland - K","#76 Michael Christenson - RT","#78 Jeff Moeller - LG","#63 Anthony Nunez - LG","#73 Eddie G. Robinson - LT","#60 Ronald Barnes - LG","#79 Carlos Lynch - RT","#62 David Calhoun - LG","#28 Arthur Jones - WR","#98 Gregory King - WLB","#78 William Gonzalez - RDE","#62 Spare Tire Dixon - RDE","#72 James Neal - DT","#51 Leo Morrison - MLB","#73 Darrell Vose - DT","#41 Elliott Lopez - CB","#94 Shawn Santiago - LDE","#63 Ian Burress - DT","#99 Vincent Sosa - SLB","#34 Richard Dinardo - CB"
LAN,3:32,"LAN 35",4,6,10,Kickoff,"Kick Return",75,6,23,"(3:33) 16-Jeffrey Roland kicks 75 yards from LAN 35 to OMS -10. Touchback.",,,,,,,,,,,,,,,,,,,,,,,,,,,,,,,,,,,,,,"#22 Christopher Stewart - CB",,"#62 Spare Tire Dixon - RDE","#73 Darrell Vose - DT","#98 Gregory King - WLB","#27 Victor Anderson - SS","#78 William Gonzalez - RDE","#34 Richard Dinardo - CB","#72 James Neal - DT","#99 Vincent Sosa - SLB","#94 Shawn Santiago - LDE","#39 Russell Charles - SS","#16 Jeffrey Roland - K",,,,,,,,,,,,,,,,,,,,
OMS,3:32,"OMS 25",4,1,10,"Shotgun 2 RB 3 WR WR Hooks","Dime Flat 2 Deep Man Under",29,6,23,"1-10-OMS 25 (3:33) 9-Walton Smith pass complete to 87-Richard Medina to LAN 46 for 29 yards. Tackle by 32-Thomas Gamboa.","#9 Walton Smith - QB","#42 Arthur Cassady - RB","#46 Aaron Dean - RB",,,,,"#15 Thomas Fernandes - WR","#87 Richard Medina - WR","#83 Paul Parson - WR",,,"#71 Billy Corgan - LT","#68 Andres Nash - RG","#57 Tommy Johnson - C","#53 William Jackson - RG","#59 Edward Dunn - RT",,"#98 Alvaro Ferguson - LDE",,"#74 Mark Miller - DT","#64 James Mandell - DT","#93 Burton Riddick - RDE",,"#59 Byron Carr - MLB",,,"#25 Eugene Brooks - CB","#42 Paul Charron - CB","#24 Corey Frye - CB","#29 Alphonse Belcher - CB",,"#32 Thomas Gamboa - CB","#33 Larry Stewart - CB",,,,,,,,,,,,,,,,,,,,,,,,,,,,,,,,,,,,
OMS,3:11,"LAN 46",4,1,10,"I Formation Normal PA Outside Curls","Dime Flat 2 Deep Man Under",4,6,23,"1-10-LAN 46 (3:10) 9-Walton Smith pass complete to 10-Michael Hecker to LAN 42 for 4 yards. Tackle by 24-Corey Frye.","#9 Walton Smith - QB","#46 Aaron Dean - RB",,,"#31 Kurt Shoemaker - FB","#80 Willie Garcia - TE",,"#10 Michael Hecker - WR",,"#84 Anthony Mistretta - WR",,,"#52 James Funches - LT","#74 Scott Braun - RG","#57 Tommy Johnson - C","#68 Andres Nash - RG","#66 Andrew Turner - RG",,"#98 Alvaro Ferguson - LDE",,"#74 Mark Miller - DT","#64 James Mandell - DT","#93 Burton Riddick - RDE",,"#59 Byron Carr - MLB",,,"#37 Randy Hall - CB","#56 Nicholas Casper - WLB","#29 Alphonse Belcher - CB","#24 Corey Frye - CB",,"#42 Paul Charron - CB","#30 Timothy Hauser - CB",,,,,,,,,,,,,,,,,,,,,,,,,,,,,,,,,,,,
OMS,2:52,"LAN 42",4,2,6,"I Formation Normal FL Hook","Dime Flat 2 Deep Man Under",,6,23,"2-6-LAN 42 (2:51) 9-Walton Smith pass Pass knocked down by 59-Byron Carr. incomplete, intended for 31-Kurt Shoemaker.","#9 Walton Smith - QB","#26 Edgardo Bradshaw - RB",,,"#31 Kurt Shoemaker - FB","#80 Willie Garcia - TE",,"#83 Paul Parson - WR",,"#15 Thomas Fernandes - WR",,,"#52 James Funches - LT","#68 Andres Nash - RG","#57 Tommy Johnson - C","#53 William Jackson - RG","#66 Andrew Turner - RG",,"#98 Alvaro Ferguson - LDE",,"#74 Mark Miller - DT","#64 James Mandell - DT","#93 Burton Riddick - RDE",,"#59 Byron Carr - MLB",,,"#56 Nicholas Casper - WLB","#25 Eugene Brooks - CB","#33 Larry Stewart - CB","#32 Thomas Gamboa - CB",,"#37 Randy Hall - CB","#30 Timothy Hauser - CB",,,,,,,,,,,,,,,,,,,,,,,,,,,,,,,,,,,,
OMS,2:46,"LAN 42",4,3,6,"I Formation Power Play Action HB Downfield","Dime Flat 2 Deep Man Under",15,6,23,"3-6-LAN 42 (2:47) 9-Walton Smith pass complete to 81-Paul McCaslin to LAN 27 for 15 yards. Tackle by 42-Paul Charron.","#9 Walton Smith - QB","#48 Michael Spiller - RB",,"#42 Arthur Cassady - RB","#46 Aaron Dean - RB","#81 Paul McCaslin - TE",,"#10 Michael Hecker - WR",,,,,"#71 Billy Corgan - LT","#68 Andres Nash - RG","#57 Tommy Johnson - C","#53 William Jackson - RG","#66 Andrew Turner - RG",,"#98 Alvaro Ferguson - LDE",,"#74 Mark Miller - DT","#64 James Mandell - DT","#93 Burton Riddick - RDE",,"#59 Byron Carr - MLB",,,"#56 Nicholas Casper - WLB","#42 Paul Charron - CB","#24 Corey Frye - CB","#29 Alphonse Belcher - CB",,"#37 Randy Hall - CB","#30 Timothy Hauser - CB",,,,,,,,,,,,,,,,,,,,,,,,,,,,,,,,,,,,
OMS,2:29,"LAN 27",4,1,10,"I Formation Normal Curl & Post","Dime Flat 2 Deep Man Under",,6,23,"1-10-LAN 27 (2:28) 9-Walton Smith pass Pass knocked down by 57-Jordan Davis. incomplete, intended for 80-Willie Garcia. 30-Timothy Hauser got away with a hold on that play.","#9 Walton Smith - QB","#26 Edgardo Bradshaw - RB",,,"#31 Kurt Shoemaker - FB","#80 Willie Garcia - TE",,"#83 Paul Parson - WR",,"#84 Anthony Mistretta - WR",,,"#52 James Funches - LT","#68 Andres Nash - RG","#57 Tommy Johnson - C","#53 William Jackson - RG","#59 Edward Dunn - RT",,"#98 Alvaro Ferguson - LDE",,"#74 Mark Miller - DT","#64 James Mandell - DT","#93 Burton Riddick - RDE",,"#57 Jordan Davis - MLB",,,"#25 Eugene Brooks - CB","#37 Randy Hall - CB","#56 Nicholas Casper - WLB","#30 Timothy Hauser - CB",,"#32 Thomas Gamboa - CB","#33 Larry Stewart - CB",,,,,,,,,,,,,,,,,,,,,,,,,,,,,,,,,,,,
OMS,2:23,"LAN 27",4,2,10,"Shotgun 2 RB 3 WR WR Curl","Dime Normal Man Cover 1",,6,23,"2-10-LAN 27 (2:24) 9-Walton Smith pass Pass knocked down by 30-Timothy Hauser. incomplete, intended for 42-Arthur Cassady.","#9 Walton Smith - QB","#42 Arthur Cassady - RB","#46 Aaron Dean - RB",,,,,"#87 Richard Medina - WR","#83 Paul Parson - WR","#15 Thomas Fernandes - WR",,,"#71 Billy Corgan - LT","#68 Andres Nash - RG","#57 Tommy Johnson - C","#53 William Jackson - RG","#59 Edward Dunn - RT",,"#98 Alvaro Ferguson - LDE",,"#74 Mark Miller - DT","#64 James Mandell - DT","#93 Burton Riddick - RDE",,"#57 Jordan Davis - MLB",,,"#29 Alphonse Belcher - CB","#25 Eugene Brooks - CB","#30 Timothy Hauser - CB","#24 Corey Frye - CB",,"#32 Thomas Gamboa - CB","#42 Paul Charron - CB",,,,,,,,,,,,,,,,,,,,,,,,,,,,,,,,,,,,
OMS,2:19,"LAN 27",4,3,10,"I Formation Normal PA Outside Curls","Dime Flat 2 Deep Man Under",,6,23,"3-10-LAN 27 (2:20) 9-Walton Smith pass Pass knocked down by 37-Randy Hall. incomplete, intended for 10-Michael Hecker.","#9 Walton Smith - QB","#46 Aaron Dean - RB",,,"#31 Kurt Shoemaker - FB","#80 Willie Garcia - TE",,"#10 Michael Hecker - WR",,"#84 Anthony Mistretta - WR",,,"#71 Billy Corgan - LT","#68 Andres Nash - RG","#57 Tommy Johnson - C","#53 William Jackson - RG","#59 Edward Dunn - RT",,"#98 Alvaro Ferguson - LDE",,"#74 Mark Miller - DT","#64 James Mandell - DT","#93 Burton Riddick - RDE",,"#59 Byron Carr - MLB",,,"#37 Randy Hall - CB","#56 Nicholas Casper - WLB","#25 Eugene Brooks - CB","#29 Alphonse Belcher - CB",,"#42 Paul Charron - CB","#33 Larry Stewart - CB",,,,,,,,,,,,,,,,,,,,,,,,,,,,,,,,,,,,
OMS,2:16,"LAN 27",4,4,10,"Field Goal","FG Block",37,9,23,"4-10-LAN 27 (2:17) 7-Charles Parkman 45 yard field goal is GOOD. LAN 97-Juan Hoppe was injured on the play. OMS 9 LAN 23",,,,,,,,,,,,,,,,,,,,,,,,,,,,,,,,,,,,"#9 Walton Smith - QB","#59 Edward Dunn - RT",,,,,,,,,,,,,,"#7 Charles Parkman - K","#42 Arthur Cassady - RB","#66 Andrew Turner - RG","#78 William Gonzalez - RDE","#57 Tommy Johnson - C","#71 Billy Corgan - LT","#52 James Funches - LT","#80 Willie Garcia - TE","#81 Paul McCaslin - TE","#93 Burton Riddick - RDE","#59 Byron Carr - MLB","#98 Alvaro Ferguson - LDE","#74 Mark Miller - DT","#23 Gerald Garcia - WR","#57 Jordan Davis - MLB","#94 Jeffrey Rodriguez - LDE","#96 Stanley Hall - RDE","#97 Juan Hoppe - RDE","#99 Reginald Barajas - DT","#64 James Mandell - DT"
OMS,2:13,"OMS 35",4,6,10,"Onsides Kick Onside Kick","Onsides Kick Return Onside Kick Return",6,9,23,"(2:14) Onside kick by 7-Charles Parkman from OMS 35 Kick went out of bounds, re-kick.",,"#85 Timothy Leighton - WR",,,,,,"#88 Hunter Rice - WR","#86 Micheal Best - WR","#12 Matthew Alston - WR","#45 Kenneth Hamblen - WR","#23 Gerald Garcia - WR",,,,,,,,,,,,,,,,"#32 Thomas Gamboa - CB","#37 Randy Hall - CB",,"#34 Richard Dinardo - CB",,"#24 Corey Frye - CB","#27 Victor Anderson - SS","#33 Larry Stewart - CB",,,"#20 Robert Clark - WR",,,,,,,,,,,,"#7 Charles Parkman - K",,,,,,,,,,,,,,,,,,,,
OMS,2:13,"OMS 30",4,6,10,"Onsides Kick Onside Kick","Onsides Kick Return Onside Kick Return",11,9,23,"(2:14) Onside kick by 7-Charles Parkman from OMS 30 recovered by OMS-42-Arthur Cassady at OMS 41. Tackle by 29-Alphonse Belcher.",,"#85 Timothy Leighton - WR",,,,,,"#88 Hunter Rice - WR","#86 Micheal Best - WR","#12 Matthew Alston - WR","#45 Kenneth Hamblen - WR","#23 Gerald Garcia - WR",,,,,,,,,,,,,,,,"#29 Alphonse Belcher - CB","#25 Eugene Brooks - CB",,"#34 Richard Dinardo - CB",,"#24 Corey Frye - CB","#37 Tom Morello - FS","#33 Larry Stewart - CB",,,"#42 Paul Charron - CB",,,,,,,,,,,,"#7 Charles Parkman - K",,,,,,,,,,,,,,,,,,,,
OMS,2:13,"OMS 41",4,1,10,"I Formation Normal FL Hitch","4-3 Normal Man Under 1",,9,23,"1-10-OMS 41 (2:14) 9-Walton Smith pass Pass knocked down by 33-Larry Stewart. incomplete, intended for 15-Thomas Fernandes.","#9 Walton Smith - QB","#46 Aaron Dean - RB",,,"#31 Kurt Shoemaker - FB","#80 Willie Garcia - TE",,"#10 Michael Hecker - WR",,"#15 Thomas Fernandes - WR",,,"#71 Billy Corgan - LT","#68 Andres Nash - RG","#57 Tommy Johnson - C","#53 William Jackson - RG","#59 Edward Dunn - RT",,"#98 Alvaro Ferguson - LDE",,"#74 Mark Miller - DT","#64 James Mandell - DT","#93 Burton Riddick - RDE","#51 Don Soto - SLB","#32 Thomas Gamboa - CB",,"#59 Byron Carr - MLB","#42 Paul Charron - CB","#33 Larry Stewart - CB",,,,"#29 Alphonse Belcher - CB","#25 Eugene Brooks - CB",,,,,,,,,,,,,,,,,,,,,,,,,,,,,,,,,,,,
OMS,2:10,"OMS 41",4,2,10,"Shotgun Normal HB Flare","4-3 Under Crash Right",9,9,23,"2-10-OMS 41 (2:11) 9-Walton Smith pass complete to 84-Anthony Mistretta to LAN 49 for 9 yards. Tackle by 25-Eugene Brooks.","#9 Walton Smith - QB","#42 Arthur Cassady - RB",,,,"#81 Paul McCaslin - TE",,"#83 Paul Parson - WR","#84 Anthony Mistretta - WR","#87 Richard Medina - WR",,,"#71 Billy Corgan - LT","#68 Andres Nash - RG","#57 Tommy Johnson - C","#53 William Jackson - RG","#59 Edward Dunn - RT",,"#98 Alvaro Ferguson - LDE",,"#74 Mark Miller - DT","#64 James Mandell - DT","#93 Burton Riddick - RDE","#51 Don Soto - SLB","#59 Byron Carr - MLB",,"#57 Jordan Davis - MLB","#29 Alphonse Belcher - CB","#33 Larry Stewart - CB",,,,"#32 Thomas Gamboa - CB","#25 Eugene Brooks - CB",,,,,,,,,,,,,,,,,,,,,,,,,,,,,,,,,,,,
,2:00,,4,3,1,,,,9,23,"Timeout for two minute warning.",,,,,,,,,,,,,,,,,,,,,,,,,,,,,,,,,,,,,,,,,,,,,,,,,,,,,,,,,,,,,,,,,,,,,,
OMS,2:00,"LAN 49",4,3,1,"Shotgun 2 RB 3 WR FL Drag","4-3 Normal Man Under 1",-2,9,23,"3-1-LAN 49 (2:00) 9-Walton Smith pass complete to 46-Aaron Dean to OMS 49 for -2 yards. Tackle by 42-Paul Charron.","#9 Walton Smith - QB","#46 Aaron Dean - RB","#31 Kurt Shoemaker - FB",,,,,"#15 Thomas Fernandes - WR","#83 Paul Parson - WR","#10 Michael Hecker - WR",,,"#71 Billy Corgan - LT","#68 Andres Nash - RG","#57 Tommy Johnson - C","#53 William Jackson - RG","#59 Edward Dunn - RT",,"#98 Alvaro Ferguson - LDE",,"#74 Mark Miller - DT","#64 James Mandell - DT","#93 Burton Riddick - RDE","#51 Don Soto - SLB","#32 Thomas Gamboa - CB",,"#59 Byron Carr - MLB","#42 Paul Charron - CB","#33 Larry Stewart - CB",,,,"#29 Alphonse Belcher - CB","#25 Eugene Brooks - CB",,,,,,,,,,,,,,,,,,,,,,,,,,,,,,,,,,,,
,1:58,,4,4,3,,,,9,23,"Timeout OMS",,,,,,,,,,,,,,,,,,,,,,,,,,,,,,,,,,,,,,,,,,,,,,,,,,,,,,,,,,,,,,,,,,,,,,
OMS,1:55,"OMS 49",4,4,3,"Shotgun Normal Deep Weak In and Out","4-3 Normal Man Under 1",4,9,23,"4-3-OMS 49 (1:56) 9-Walton Smith pass complete to 80-Willie Garcia to LAN 47 for 4 yards. Tackle by 32-Thomas Gamboa.","#9 Walton Smith - QB","#42 Arthur Cassady - RB",,,,"#80 Willie Garcia - TE",,"#87 Richard Medina - WR","#15 Thomas Fernandes - WR","#84 Anthony Mistretta - WR",,,"#71 Billy Corgan - LT","#68 Andres Nash - RG","#57 Tommy Johnson - C","#53 William Jackson - RG","#59 Edward Dunn - RT",,"#98 Alvaro Ferguson - LDE",,"#74 Mark Miller - DT","#64 James Mandell - DT","#93 Burton Riddick - RDE","#51 Don Soto - SLB","#32 Thomas Gamboa - CB",,"#59 Byron Carr - MLB","#42 Paul Charron - CB","#33 Larry Stewart - CB",,,,"#29 Alphonse Belcher - CB","#25 Eugene Brooks - CB",,,,,,,,,,,,,,,,,,,,,,,,,,,,,,,,,,,,
,1:52,,4,1,10,,,,9,23,"Timeout OMS",,,,,,,,,,,,,,,,,,,,,,,,,,,,,,,,,,,,,,,,,,,,,,,,,,,,,,,,,,,,,,,,,,,,,,
OMS,1:48,"LAN 47",4,1,10,"Goal Line Normal PA TE Drag","4-3 Under Double Safety Blitz",4,9,23,"1-10-LAN 47 (1:49) 9-Walton Smith pass complete to 81-Paul McCaslin to LAN 44 for 4 yards. Tackle by 29-Alphonse Belcher.","#9 Walton Smith - QB","#46 Aaron Dean - RB",,"#26 Edgardo Bradshaw - RB","#31 Kurt Shoemaker - FB","#81 Paul McCaslin - TE","#80 Willie Garcia - TE",,,,,,"#71 Billy Corgan - LT","#68 Andres Nash - RG","#57 Tommy Johnson - C","#53 William Jackson - RG","#59 Edward Dunn - RT",,"#98 Alvaro Ferguson - LDE",,"#74 Mark Miller - DT","#64 James Mandell - DT","#93 Burton Riddick - RDE","#51 Don Soto - SLB","#32 Thomas Gamboa - CB",,"#59 Byron Carr - MLB","#29 Alphonse Belcher - CB","#33 Larry Stewart - CB",,,,"#42 Paul Charron - CB","#25 Eugene Brooks - CB",,,,,,,,,,,,,,,,,,,,,,,,,,,,,,,,,,,,
,1:46,,4,2,6,,,,9,23,"Timeout OMS",,,,,,,,,,,,,,,,,,,,,,,,,,,,,,,,,,,,,,,,,,,,,,,,,,,,,,,,,,,,,,,,,,,,,,
OMS,1:42,"LAN 44",4,2,6,"I Formation Normal Curl & Post","4-3 Normal Double WR3",8,9,23,"2-6-LAN 44 (1:43) 9-Walton Smith pass complete to 80-Willie Garcia to LAN 36 for 8 yards. Tackle by 51-Don Soto. PENALTY - Pass Interference (LAN 51-Don Soto) (Declined)","#9 Walton Smith - QB","#42 Arthur Cassady - RB",,,"#31 Kurt Shoemaker - FB","#80 Willie Garcia - TE",,"#15 Thomas Fernandes - WR",,"#83 Paul Parson - WR",,,"#71 Billy Corgan - LT","#68 Andres Nash - RG","#57 Tommy Johnson - C","#53 William Jackson - RG","#59 Edward Dunn - RT",,"#98 Alvaro Ferguson - LDE",,"#74 Mark Miller - DT","#64 James Mandell - DT","#93 Burton Riddick - RDE","#51 Don Soto - SLB","#32 Thomas Gamboa - CB",,"#59 Byron Carr - MLB","#42 Paul Charron - CB","#33 Larry Stewart - CB",,,,"#29 Alphonse Belcher - CB","#25 Eugene Brooks - CB",,,,,,,,,,,,,,,,,,,,,,,,,,,,,,,,,,,,
OMS,1:39,"LAN 36",4,1,10,"Goal Line Normal HB Toss Strong","4-3 Under Double Safety Blitz",,9,23,"1-10-LAN 36 (1:40) 46-Aaron Dean ran to LAN 36 for a short gain. Tackle by 32-Thomas Gamboa.","#9 Walton Smith - QB","#46 Aaron Dean - RB",,"#26 Edgardo Bradshaw - RB","#31 Kurt Shoemaker - FB","#81 Paul McCaslin - TE","#80 Willie Garcia - TE",,,,,,"#71 Billy Corgan - LT","#68 Andres Nash - RG","#57 Tommy Johnson - C","#53 William Jackson - RG","#59 Edward Dunn - RT",,"#98 Alvaro Ferguson - LDE",,"#74 Mark Miller - DT","#64 James Mandell - DT","#93 Burton Riddick - RDE","#51 Don Soto - SLB","#56 Nicholas Casper - WLB",,"#59 Byron Carr - MLB","#29 Alphonse Belcher - CB","#33 Larry Stewart - CB",,,,"#32 Thomas Gamboa - CB","#25 Eugene Brooks - CB",,,,,,,,,,,,,,,,,,,,,,,,,,,,,,,,,,,,
OMS,1:17,"LAN 36",4,2,10,"Goal Line Normal PA TE Drag","4-3 Under Double Safety Blitz",7,9,23,"2-10-LAN 36 (1:16) 9-Walton Smith pass complete to 80-Willie Garcia to LAN 29 for 7 yards. Tackle by 29-Alphonse Belcher.","#9 Walton Smith - QB","#42 Arthur Cassady - RB",,"#46 Aaron Dean - RB","#31 Kurt Shoemaker - FB","#80 Willie Garcia - TE","#81 Paul McCaslin - TE",,,,,,"#71 Billy Corgan - LT","#68 Andres Nash - RG","#57 Tommy Johnson - C","#53 William Jackson - RG","#59 Edward Dunn - RT",,"#98 Alvaro Ferguson - LDE",,"#74 Mark Miller - DT","#64 James Mandell - DT","#93 Burton Riddick - RDE","#51 Don Soto - SLB","#32 Thomas Gamboa - CB",,"#59 Byron Carr - MLB","#29 Alphonse Belcher - CB","#33 Larry Stewart - CB",,,,"#42 Paul Charron - CB","#25 Eugene Brooks - CB",,,,,,,,,,,,,,,,,,,,,,,,,,,,,,,,,,,,
OMS,0:59,"LAN 29",4,3,3,"Weak I Normal WR Corner TE Middle","4-3 Under Crash Right",,9,23,"3-3-LAN 29 (0:58) 9-Walton Smith pass Pass knocked down by 25-Eugene Brooks. incomplete, intended for 81-Paul McCaslin. Pressure by 98-Alvaro Ferguson.","#9 Walton Smith - QB","#26 Edgardo Bradshaw - RB",,,"#31 Kurt Shoemaker - FB","#81 Paul McCaslin - TE",,"#15 Thomas Fernandes - WR",,"#83 Paul Parson - WR",,,"#71 Billy Corgan - LT","#68 Andres Nash - RG","#57 Tommy Johnson - C","#53 William Jackson - RG","#59 Edward Dunn - RT",,"#98 Alvaro Ferguson - LDE",,"#74 Mark Miller - DT","#64 James Mandell - DT","#93 Burton Riddick - RDE","#51 Don Soto - SLB","#32 Thomas Gamboa - CB",,"#59 Byron Carr - MLB","#29 Alphonse Belcher - CB","#33 Larry Stewart - CB",,,,"#42 Paul Charron - CB","#25 Eugene Brooks - CB",,,,,,,,,,,,,,,,,,,,,,,,,,,,,,,,,,,,
OMS,0:52,"LAN 29",4,4,3,"I Formation Normal FL Hitch","4-3 Normal Man Under 1",1,9,23,"4-3-LAN 29 (0:53) 9-Walton Smith pass complete to 87-Richard Medina to LAN 28 for 1 yards. Tackle by 51-Don Soto. Turnover on downs.","#9 Walton Smith - QB","#42 Arthur Cassady - RB",,,"#46 Aaron Dean - RB","#80 Willie Garcia - TE",,"#87 Richard Medina - WR",,"#10 Michael Hecker - WR",,,"#71 Billy Corgan - LT","#68 Andres Nash - RG","#57 Tommy Johnson - C","#53 William Jackson - RG","#66 Andrew Turner - RG",,"#98 Alvaro Ferguson - LDE",,"#74 Mark Miller - DT","#64 James Mandell - DT","#93 Burton Riddick - RDE","#51 Don Soto - SLB","#56 Nicholas Casper - WLB",,"#59 Byron Carr - MLB","#24 Corey Frye - CB","#37 Randy Hall - CB",,,,"#42 Paul Charron - CB","#33 Larry Stewart - CB",,,,,,,,,,,,,,,,,,,,,,,,,,,,,,,,,,,,
LAN,0:48,"LAN 28",4,1,10,Victory,"Quarter Normal Cover 4",,9,23,"1-10-LAN 28 (0:49) 5-Johnny Boyd kneeled down to LAN 28 for -0 yards.","#5 Johnny Boyd - QB","#85 Timothy Leighton - WR",,"#44 Jason Hemphill - WR","#28 Arthur Jones - WR","#86 Micheal Best - WR","#81 Sam Torres - WR",,,,,,"#73 Eddie G. Robinson - LT","#63 Anthony Nunez - LG","#61 Larry Simon - C","#62 David Calhoun - LG","#79 Carlos Lynch - RT",,"#62 Spare Tire Dixon - RDE",,"#73 Darrell Vose - DT",,"#78 William Gonzalez - RDE",,"#50 Carl Blackburn - MLB",,,"#22 Christopher Stewart - CB","#41 Elliott Lopez - CB","#21 James Savarese - SS","#34 Richard Dinardo - CB","#37 Tom Morello - FS","#39 Russell Charles - SS","#27 Victor Anderson - SS",,,,,,,,,,,,,,,,,,,,,,,,,,,,,,,,,,,,
LAN,0:14,"LAN 28",4,2,10,Victory,"Quarter Normal Cover 4",,9,23,"2-10-LAN 28 (0:13) 5-Johnny Boyd kneeled down to LAN 28 for -0 yards.","#5 Johnny Boyd - QB","#85 Timothy Leighton - WR",,"#44 Jason Hemphill - WR","#28 Arthur Jones - WR","#86 Micheal Best - WR","#81 Sam Torres - WR",,,,,,"#73 Eddie G. Robinson - LT","#63 Anthony Nunez - LG","#61 Larry Simon - C","#62 David Calhoun - LG","#79 Carlos Lynch - RT",,"#62 Spare Tire Dixon - RDE",,"#73 Darrell Vose - DT",,"#78 William Gonzalez - RDE",,"#50 Carl Blackburn - MLB",,,"#22 Christopher Stewart - CB","#41 Elliott Lopez - CB","#21 James Savarese - SS","#34 Richard Dinardo - CB","#37 Tom Morello - FS","#39 Russell Charles - SS","#27 Victor Anderson - SS",,,,,,,,,,,,,,,,,,,,,,,,,,,,,,,,,,,,
,0:00,,4,3,10,,,,9,23,"End of fourth quarter.",,,,,,,,,,,,,,,,,,,,,,,,,,,,,,,,,,,,,,,,,,,,,,,,,,,,,,,,,,,,,,,,,,,,,,
