HasBall,"Game Clock","Ball @",Quarter,Down,YTG,OffensivePlay,DefensivePlay,YardsGained,"Home Score","Away Score",Text,QB1,RB1,RB2,FB2,FB1,TE1,TE2,WR1,WR3,WR2,WR4,WR5,LT1,LG1,C1,RG1,RT1,P1,LDE1,LDE2,DT1,DT2,RDE1,SLB1,MLB1,MLB2,WLB1,CB1,CB2,CB4,CB3,CB5,SS1,FS1,FS2,"Kick Holder1","Long Snapper1","Kick Returner1","Punt Returner1",Gunner10,Gunner7,Gunner2,Gunner6,Gunner1,Gunner8,Gunner3,Gunner4,Gunner9,Gunner5,Kickoffs1,"Field Goal Kicker1","ST Blocker8","ST Blocker5","ST Blocker4","ST Blocker1","ST Blocker2","ST Blocker3","ST Blocker6","ST Blocker7","ST Rusher4","ST Rusher1","ST Rusher2","ST Rusher3","ST Rusher11","ST Rusher10","ST Rusher9","ST Rusher6","ST Rusher5","ST Rusher7","ST Rusher8"
,15:00,,1,2,10,,,,0,0,"HOU has won the toss and elected to receive.",,,,,,,,,,,,,,,,,,,,,,,,,,,,,,,,,,,,,,,,,,,,,,,,,,,,,,,,,,,,,,,,,,,,,,
CIN,15:00,"CIN 35",1,6,10,Kickoff,"Kick Return",,0,0,"(15:00) 3-Son Thurman kicks 75 yards from CIN 35 to HOU -10. Touchback.",,,,,,,,,,,,,,,,,,,,,,,,,,,,,,,,,,,,,,"#80 Edgardo Murray - WR",,"#64 Charles Harris - RDE","#63 Wallace King - LDE","#56 Stanley Shade - WLB","#50 Samual Brown - WLB","#44 Delbert Bealer - CB","#90 James Spencer - RDE","#51 Robert Mann - WLB","#20 Matthew Scott - CB","#89 John Lewis - WR","#57 William Snow - WLB","#8 Son Thurman - K",,,,,,,,,,,,,,,,,,,,
HOU,15:00,"HOU 25",1,1,10,"I Formation Normal FL Hitch","3-4 Normal Man Cover 1",5,0,0,"1-10-HOU 25 (15:00) 6-Joseph Eady pass complete to 81-Kelvin McMillan to HOU 30 for 5 yards. Tackle by 40-Keith Mason. 81-Kelvin McMillan made a great move on the CB.","#6 Joseph Eady - QB","#23 Tracy Lopez - WR",,,"#83 Clinton Anderson - RB","#84 Joseph McCasland - RB",,"#81 Kelvin McMillan - WR",,"#80 Edgardo Murray - WR",,,"#79 Charles Linder - LT","#70 Daniel Paige - LG","#69 Jose Brooks - C","#73 Emmanuel Wallace - RG","#66 James Velasquez - RT",,"#97 Robert Anders - RDE",,"#73 Charles Donnelly - DT",,"#95 Francisco Martinez - RDE","#53 Albert Pierrepoint - WLB","#98 Harold Messick - WLB","#91 Carlos Smith - SLB","#58 Tim ""Ripper"" Owens - MLB","#26 Angelo Seiler - CB","#21 Carlos Morrison - FS",,,,"#23 Clarence Isaacs - SS","#40 Keith Mason - CB",,,,,,,,,,,,,,,,,,,,,,,,,,,,,,,,,,,,
HOU,14:18,"HOU 30",1,2,5,"Shotgun Normal TE Out","4-3 Normal WLB MLB Blitz",70,6,0,"2-5-HOU 30 (14:17) 6-Joseph Eady pass complete to 11-John Gomez for 70 yards. TOUCHDOWN! HOU 6 CIN 0","#6 Joseph Eady - QB","#23 Tracy Lopez - WR",,,,"#84 Joseph McCasland - RB",,"#81 Kelvin McMillan - WR","#11 John Gomez - WR","#80 Edgardo Murray - WR",,,"#79 Charles Linder - LT","#70 Daniel Paige - LG","#69 Jose Brooks - C","#73 Emmanuel Wallace - RG","#66 James Velasquez - RT",,"#97 Robert Anders - RDE",,"#73 Charles Donnelly - DT","#63 Philip Zuniga - LDE","#95 Francisco Martinez - RDE","#58 Tim ""Ripper"" Owens - MLB","#98 Harold Messick - WLB",,"#91 Carlos Smith - SLB","#21 Carlos Morrison - FS","#49 Mark Vargas - FS",,,,"#23 Clarence Isaacs - SS","#40 Keith Mason - CB",,,,,,,,,,,,,,,,,,,,,,,,,,,,,,,,,,,,
HOU,14:05,"CIN 15",1,7,15,"Field Goal","FG Block",26,7,0,"(14:06) Extra point GOOD by 18-William Pope. HOU 7 CIN 0",,,,,,,,,,,,,,,,,,,,,,,,,,,,,,,,,,,,"#17 Bruce Shadrick - QB","#76 Dwayne Burton - RT",,,,,,,,,,,,,,"#18 William Pope - K","#84 Joseph McCasland - RB","#79 Charles Linder - LT","#77 Eric Mitchell - LT","#73 Emmanuel Wallace - RG","#72 Lawrence Downing - C","#60 Matthew Bell - RG","#70 Daniel Paige - LG","#83 Clinton Anderson - RB","#51 Harry Crain - RDE","#97 Robert Anders - RDE","#53 Albert Pierrepoint - WLB","#92 John Mansell - RDE","#58 Tim ""Ripper"" Owens - MLB","#63 Philip Zuniga - LDE","#95 Francisco Martinez - RDE","#98 Harold Messick - WLB","#90 Charles Bowman - WLB","#73 Charles Donnelly - DT","#91 Carlos Smith - SLB"
HOU,14:05,"HOU 35",1,6,10,Kickoff,"Kick Return",,7,0,"(14:06) 18-William Pope kicks 72 yards from HOU 35 to CIN -7. 11-Mike Bunch to CIN 31 for 38 yards. Tackle by 18-William Pope.",,,,,,,,,,,,,,,,,,,,,,,,,,,,,,,,,,,,,,"#11 Mike Bunch - WR",,"#53 Albert Pierrepoint - WLB","#21 Carlos Morrison - FS","#49 Mark Vargas - FS","#23 Clarence Isaacs - SS","#24 Alan Drake - CB","#40 Keith Mason - CB","#26 Angelo Seiler - CB","#47 Francis Thornton - CB","#97 Robert Anders - RDE","#91 Carlos Smith - SLB","#18 William Pope - K",,,,,,,,,,,,,,,,,,,,
CIN,13:59,"CIN 31",1,1,10,"Strong I Big TE Post","4-3 Normal Double WR1",5,7,0,"1-10-CIN 31 (14:00) 18-Remy Beauchamp  pass complete to 29-James Gonzalas to CIN 36 for 5 yards. Tackle by 59-Andre Wade.","#18 Remy Beauchamp  - QB","#29 James Gonzalas - RB",,,"#36 Fredrick Green - FB","#22 Jameson Kelly - WR","#44 John Pine - RB","#85 Joseph Moore - WR",,,,,"#71 Thomas Morneau - LT","#60 Ricky Hicks - LG","#55 Anthony Struck - C","#74 Gerard White - RG","#67 Craig Teel - RT",,"#92 Odell Paschke - LDE",,"#64 Bret Walton - DT","#95 Cary Short - DT","#96 Peter Grant - RDE","#59 Andre Wade - WLB","#50 Samual Brown - WLB",,"#56 Stanley Shade - WLB","#33 Roger Trimmer - CB","#20 Matthew Scott - CB",,,,"#44 Delbert Bealer - CB","#27 Kyle Locklin - CB",,,,,,,,,,,,,,,,,,,,,,,,,,,,,,,,,,,,
CIN,13:25,"CIN 36",1,2,5,"I Formation Power Play Action HB Downfield","4-3 Normal Man Under 1",14,7,0,"2-5-CIN 36 (13:24) 18-Remy Beauchamp  pass complete to 85-Joseph Moore to CIN 50 for 14 yards. Tackle by 20-Matthew Scott. 20-Matthew Scott got away with a hold on that play.","#18 Remy Beauchamp  - QB","#29 James Gonzalas - RB",,"#22 Jameson Kelly - WR","#44 John Pine - RB","#85 Joseph Moore - WR",,"#11 Mike Bunch - WR",,,,,"#71 Thomas Morneau - LT","#60 Ricky Hicks - LG","#55 Anthony Struck - C","#74 Gerard White - RG","#67 Craig Teel - RT",,"#92 Odell Paschke - LDE",,"#64 Charles Harris - RDE","#64 Bret Walton - DT","#96 Peter Grant - RDE","#59 Andre Wade - WLB","#51 Robert Mann - WLB",,"#56 Stanley Shade - WLB","#33 Roger Trimmer - CB","#20 Matthew Scott - CB",,,,"#44 Delbert Bealer - CB","#27 Kyle Locklin - CB",,,,,,,,,,,,,,,,,,,,,,,,,,,,,,,,,,,,
CIN,12:41,"CIN 50",1,1,10,"Strong I Big TE Post","4-3 Normal Double WR3",-8,7,0,"1-10-CIN 50 (12:40) 18-Remy Beauchamp  sacked at CIN 42 for -8 yards (96-Peter Grant). Sack allowed by 71-Thomas Morneau.","#18 Remy Beauchamp  - QB","#29 James Gonzalas - RB",,,"#36 Fredrick Green - FB","#22 Jameson Kelly - WR","#44 John Pine - RB","#85 Joseph Moore - WR",,,,,"#71 Thomas Morneau - LT","#60 Ricky Hicks - LG","#55 Anthony Struck - C","#74 Gerard White - RG","#67 Craig Teel - RT",,"#92 Odell Paschke - LDE",,"#64 Charles Harris - RDE","#64 Bret Walton - DT","#96 Peter Grant - RDE","#59 Andre Wade - WLB","#51 Robert Mann - WLB",,"#56 Stanley Shade - WLB","#33 Roger Trimmer - CB","#20 Matthew Scott - CB",,,,"#44 Delbert Bealer - CB","#27 Kyle Locklin - CB",,,,,,,,,,,,,,,,,,,,,,,,,,,,,,,,,,,,
CIN,12:05,"CIN 42",1,2,18,"I Formation Power PA Flats","4-3 Normal Man Under 1",10,7,0,"2-18-CIN 42 (12:04) 18-Remy Beauchamp  pass complete to 85-Joseph Moore to HOU 48 for 10 yards. Tackle by 20-Matthew Scott.","#18 Remy Beauchamp  - QB","#29 James Gonzalas - RB",,"#22 Jameson Kelly - WR","#44 John Pine - RB","#85 Joseph Moore - WR",,"#11 Mike Bunch - WR",,,,,"#71 Thomas Morneau - LT","#60 Ricky Hicks - LG","#55 Anthony Struck - C","#74 Gerard White - RG","#67 Craig Teel - RT",,"#92 Odell Paschke - LDE",,"#64 Charles Harris - RDE","#64 Bret Walton - DT","#96 Peter Grant - RDE","#59 Andre Wade - WLB","#51 Robert Mann - WLB",,"#56 Stanley Shade - WLB","#33 Roger Trimmer - CB","#20 Matthew Scott - CB",,,,"#44 Delbert Bealer - CB","#27 Kyle Locklin - CB",,,,,,,,,,,,,,,,,,,,,,,,,,,,,,,,,,,,
CIN,11:28,"HOU 48",1,3,7,"Goal Line Normal PA TE Drag","4-3 Normal Double WR1",4,7,0,"3-7-HOU 48 (11:27) 18-Remy Beauchamp  pass complete to 22-Jameson Kelly to HOU 44 for 4 yards. Tackle by 59-Andre Wade.","#18 Remy Beauchamp  - QB","#29 James Gonzalas - RB",,"#36 Fredrick Green - FB","#22 Jameson Kelly - WR","#74 Gerard White - RG","#46 David Santos - WR",,,,,,"#71 Thomas Morneau - LT","#60 Ricky Hicks - LG","#55 Anthony Struck - C","#77 Mark Tipler - RG","#61 John Balfour - RT",,"#92 Odell Paschke - LDE",,"#64 Charles Harris - RDE","#64 Bret Walton - DT","#96 Peter Grant - RDE","#59 Andre Wade - WLB","#51 Robert Mann - WLB",,"#56 Stanley Shade - WLB","#33 Roger Trimmer - CB","#20 Matthew Scott - CB",,,,"#41 Wayne Kearns - CB","#27 Kyle Locklin - CB",,,,,,,,,,,,,,,,,,,,,,,,,,,,,,,,,,,,
CIN,10:54,"HOU 44",1,4,3,Punt,"Punt Return",39,7,0,"4-3-HOU 44 (10:53) 7-Leonard Hyde punts 39 yards to HOU 4.",,,,,,,,,,,,,,,,,,"#7 Leonard Hyde - P",,,,,,,,,,,,,,,,,,,"#68 Roderick Price - RG",,"#42 Robert Cady - WR",,,"#51 Robert Mann - WLB","#90 James Spencer - RDE","#44 Delbert Bealer - CB",,"#57 William Snow - WLB","#50 Samual Brown - WLB",,"#63 Wallace King - LDE",,,,"#61 John Balfour - RT","#67 Craig Teel - RT","#71 Thomas Morneau - LT","#55 Anthony Struck - C","#60 Ricky Hicks - LG","#77 Mark Tipler - RG",,"#64 Bret Walton - DT","#92 Odell Paschke - LDE","#56 Stanley Shade - WLB","#96 Peter Grant - RDE",,,,,,,
HOU,10:45,"HOU 4",1,1,10,"Goal Line Normal HB Dive","4-3 Under Double Safety Blitz",3,7,0,"1-10-HOU 4 (10:46) 23-Tracy Lopez ran to HOU 7 for 3 yards. Tackle by 21-Carlos Morrison.","#6 Joseph Eady - QB","#23 Tracy Lopez - WR",,"#42 Robert Cady - WR","#72 Lawrence Downing - C","#84 Joseph McCasland - RB","#83 Clinton Anderson - RB",,,,,,"#79 Charles Linder - LT","#70 Daniel Paige - LG","#69 Jose Brooks - C","#73 Emmanuel Wallace - RG","#66 James Velasquez - RT",,"#97 Robert Anders - RDE",,"#73 Charles Donnelly - DT","#63 Philip Zuniga - LDE","#95 Francisco Martinez - RDE","#58 Tim ""Ripper"" Owens - MLB","#91 Carlos Smith - SLB",,"#53 Albert Pierrepoint - WLB","#26 Angelo Seiler - CB","#49 Mark Vargas - FS",,,,"#23 Clarence Isaacs - SS","#21 Carlos Morrison - FS",,,,,,,,,,,,,,,,,,,,,,,,,,,,,,,,,,,,
HOU,10:04,"HOU 7",1,2,7,"I Formation 3WR Slot Short WR Deep","4-3 Normal Double WR3",,7,0,"2-7-HOU 7 (10:03) 6-Joseph Eady pass Pass knocked down by 40-Keith Mason. incomplete, intended for 11-John Gomez.","#6 Joseph Eady - QB","#23 Tracy Lopez - WR",,,"#84 Joseph McCasland - RB",,,"#81 Kelvin McMillan - WR","#11 John Gomez - WR","#80 Edgardo Murray - WR",,,"#79 Charles Linder - LT","#70 Daniel Paige - LG","#69 Jose Brooks - C","#73 Emmanuel Wallace - RG","#66 James Velasquez - RT",,"#97 Robert Anders - RDE",,"#73 Charles Donnelly - DT","#63 Philip Zuniga - LDE","#95 Francisco Martinez - RDE","#58 Tim ""Ripper"" Owens - MLB","#98 Harold Messick - WLB",,"#91 Carlos Smith - SLB","#21 Carlos Morrison - FS","#49 Mark Vargas - FS",,,,"#23 Clarence Isaacs - SS","#40 Keith Mason - CB",,,,,,,,,,,,,,,,,,,,,,,,,,,,,,,,,,,,
HOU,9:59,"HOU 7",1,3,7,"Shotgun Normal HB Flare","4-3 Normal Double WR3",9,7,0,"3-7-HOU 7 (10:00) 6-Joseph Eady pass complete to 23-Tracy Lopez to HOU 16 for 9 yards. Tackle by 21-Carlos Morrison.","#6 Joseph Eady - QB","#23 Tracy Lopez - WR",,,,"#84 Joseph McCasland - RB",,"#81 Kelvin McMillan - WR","#11 John Gomez - WR","#80 Edgardo Murray - WR",,,"#79 Charles Linder - LT","#70 Daniel Paige - LG","#69 Jose Brooks - C","#73 Emmanuel Wallace - RG","#66 James Velasquez - RT",,"#97 Robert Anders - RDE",,"#73 Charles Donnelly - DT","#63 Philip Zuniga - LDE","#95 Francisco Martinez - RDE","#58 Tim ""Ripper"" Owens - MLB","#98 Harold Messick - WLB",,"#91 Carlos Smith - SLB","#21 Carlos Morrison - FS","#49 Mark Vargas - FS",,,,"#23 Clarence Isaacs - SS","#40 Keith Mason - CB",,,,,,,,,,,,,,,,,,,,,,,,,,,,,,,,,,,,
HOU,9:21,"HOU 16",1,1,10,"Weak I Normal HB Inside Strong","4-3 Normal OLB Blitz Outside",5,7,0,"1-10-HOU 16 (9:20) 23-Tracy Lopez ran to HOU 21 for 5 yards. Tackle by 23-Clarence Isaacs.","#6 Joseph Eady - QB","#23 Tracy Lopez - WR",,,"#83 Clinton Anderson - RB","#84 Joseph McCasland - RB",,"#81 Kelvin McMillan - WR",,"#80 Edgardo Murray - WR",,,"#79 Charles Linder - LT","#70 Daniel Paige - LG","#69 Jose Brooks - C","#73 Emmanuel Wallace - RG","#66 James Velasquez - RT",,"#97 Robert Anders - RDE",,"#73 Charles Donnelly - DT","#63 Philip Zuniga - LDE","#95 Francisco Martinez - RDE","#58 Tim ""Ripper"" Owens - MLB","#98 Harold Messick - WLB",,"#91 Carlos Smith - SLB","#21 Carlos Morrison - FS","#49 Mark Vargas - FS",,,,"#23 Clarence Isaacs - SS","#47 Francis Thornton - CB",,,,,,,,,,,,,,,,,,,,,,,,,,,,,,,,,,,,
HOU,8:44,"HOU 21",1,2,5,"Shotgun Normal HB Dive","Nickel Normal Double WR2",8,7,0,"2-5-HOU 21 (8:43) 23-Tracy Lopez ran to HOU 29 for 8 yards. Tackle by 63-Philip Zuniga.","#6 Joseph Eady - QB","#23 Tracy Lopez - WR",,,,"#84 Joseph McCasland - RB",,"#81 Kelvin McMillan - WR","#11 John Gomez - WR","#80 Edgardo Murray - WR",,,"#79 Charles Linder - LT","#70 Daniel Paige - LG","#69 Jose Brooks - C","#73 Emmanuel Wallace - RG","#66 James Velasquez - RT",,"#97 Robert Anders - RDE",,"#73 Charles Donnelly - DT","#63 Philip Zuniga - LDE","#95 Francisco Martinez - RDE",,"#58 Tim ""Ripper"" Owens - MLB",,"#91 Carlos Smith - SLB","#49 Mark Vargas - FS","#24 Alan Drake - CB",,"#40 Keith Mason - CB",,"#23 Clarence Isaacs - SS","#21 Carlos Morrison - FS",,,,,,,,,,,,,,,,,,,,,,,,,,,,,,,,,,,,
HOU,8:05,"HOU 29",1,1,10,"Goal Line Normal HB Dive","4-3 Under Double Safety Blitz",4,7,0,"1-10-HOU 29 (8:04) 82-Brian Ramirez ran to HOU 33 for 4 yards. Tackle by 23-Clarence Isaacs.","#6 Joseph Eady - QB","#82 Brian Ramirez - WR",,"#42 Robert Cady - WR","#72 Lawrence Downing - C","#84 Joseph McCasland - RB","#83 Clinton Anderson - RB",,,,,,"#79 Charles Linder - LT","#70 Daniel Paige - LG","#69 Jose Brooks - C","#73 Emmanuel Wallace - RG","#66 James Velasquez - RT",,"#97 Robert Anders - RDE",,"#73 Charles Donnelly - DT","#63 Philip Zuniga - LDE","#95 Francisco Martinez - RDE","#58 Tim ""Ripper"" Owens - MLB","#91 Carlos Smith - SLB",,"#53 Albert Pierrepoint - WLB","#21 Carlos Morrison - FS","#49 Mark Vargas - FS",,,,"#23 Clarence Isaacs - SS","#40 Keith Mason - CB",,,,,,,,,,,,,,,,,,,,,,,,,,,,,,,,,,,,
HOU,7:25,"HOU 33",1,2,6,"Goal Line Normal HB Dive","4-3 Under Double Safety Blitz",2,7,0,"2-6-HOU 33 (7:24) 23-Tracy Lopez ran to HOU 35 for 2 yards. Tackle by 23-Clarence Isaacs.","#6 Joseph Eady - QB","#23 Tracy Lopez - WR",,"#42 Robert Cady - WR","#72 Lawrence Downing - C","#84 Joseph McCasland - RB","#83 Clinton Anderson - RB",,,,,,"#79 Charles Linder - LT","#70 Daniel Paige - LG","#69 Jose Brooks - C","#73 Emmanuel Wallace - RG","#66 James Velasquez - RT",,"#97 Robert Anders - RDE",,"#73 Charles Donnelly - DT","#63 Philip Zuniga - LDE","#95 Francisco Martinez - RDE","#58 Tim ""Ripper"" Owens - MLB","#91 Carlos Smith - SLB",,"#53 Albert Pierrepoint - WLB","#21 Carlos Morrison - FS","#49 Mark Vargas - FS",,,,"#23 Clarence Isaacs - SS","#40 Keith Mason - CB",,,,,,,,,,,,,,,,,,,,,,,,,,,,,,,,,,,,
HOU,6:47,"HOU 35",1,3,4,"I Formation Power Play Action HB Downfield","Dime Normal Man Cover 1",,7,0,"3-4-HOU 35 (6:46) 6-Joseph Eady pass INTERCEPTED by 24-Alan Drake at HOU 41. 24-Alan Drake to HOU 41 for 0 yards. Tackle by 84-Joseph McCasland. 58-Tim ""Ripper"" Owens was caught flat-footed on this play.","#6 Joseph Eady - QB","#23 Tracy Lopez - WR",,"#72 Lawrence Downing - C","#83 Clinton Anderson - RB","#84 Joseph McCasland - RB",,"#81 Kelvin McMillan - WR",,,,,"#79 Charles Linder - LT","#70 Daniel Paige - LG","#69 Jose Brooks - C","#73 Emmanuel Wallace - RG","#66 James Velasquez - RT",,"#97 Robert Anders - RDE",,"#73 Charles Donnelly - DT","#63 Philip Zuniga - LDE","#95 Francisco Martinez - RDE",,"#58 Tim ""Ripper"" Owens - MLB",,,"#49 Mark Vargas - FS","#24 Alan Drake - CB","#40 Keith Mason - CB","#91 Carlos Smith - SLB",,"#23 Clarence Isaacs - SS","#21 Carlos Morrison - FS",,,,,,,,,,,,,,,,,,,,,,,,,,,,,,,,,,,,
CIN,6:41,"HOU 41",1,1,10,"Shotgun 2 RB 3 WR RB Curls","4-3 Normal Double WR2",,7,0,"1-10-HOU 41 (6:42) 18-Remy Beauchamp  pass Pass knocked down by 51-Robert Mann. incomplete, intended for 29-James Gonzalas.","#18 Remy Beauchamp  - QB","#22 Jameson Kelly - WR","#29 James Gonzalas - RB",,,,,"#44 John Pine - RB","#11 Mike Bunch - WR","#85 Joseph Moore - WR",,,"#71 Thomas Morneau - LT","#60 Ricky Hicks - LG","#55 Anthony Struck - C","#74 Gerard White - RG","#67 Craig Teel - RT",,"#92 Odell Paschke - LDE",,"#64 Charles Harris - RDE","#64 Bret Walton - DT","#96 Peter Grant - RDE","#59 Andre Wade - WLB","#51 Robert Mann - WLB",,"#56 Stanley Shade - WLB","#33 Roger Trimmer - CB","#20 Matthew Scott - CB",,,,"#44 Delbert Bealer - CB","#27 Kyle Locklin - CB",,,,,,,,,,,,,,,,,,,,,,,,,,,,,,,,,,,,
CIN,6:38,"HOU 41",1,2,10,"I Formation Twin WR Quick Outs","4-3 Normal Man Under 1",5,7,0,"2-10-HOU 41 (6:39) 18-Remy Beauchamp  pass complete to 11-Mike Bunch to HOU 37 for 5 yards. Tackle by 51-Robert Mann.","#18 Remy Beauchamp  - QB","#44 John Pine - RB",,,"#22 Jameson Kelly - WR","#85 Joseph Moore - WR",,"#11 Mike Bunch - WR",,"#29 James Gonzalas - RB",,,"#71 Thomas Morneau - LT","#60 Ricky Hicks - LG","#55 Anthony Struck - C","#74 Gerard White - RG","#67 Craig Teel - RT",,"#92 Odell Paschke - LDE",,"#64 Charles Harris - RDE","#64 Bret Walton - DT","#96 Peter Grant - RDE","#59 Andre Wade - WLB","#51 Robert Mann - WLB",,"#56 Stanley Shade - WLB","#33 Roger Trimmer - CB","#20 Matthew Scott - CB",,,,"#44 Delbert Bealer - CB","#27 Kyle Locklin - CB",,,,,,,,,,,,,,,,,,,,,,,,,,,,,,,,,,,,
CIN,6:05,"HOU 37",1,3,5,"Split Backs 3 Wide Slot Post","4-3 Normal Double WR3",-9,7,0,"3-5-HOU 37 (6:04) 18-Remy Beauchamp  sacked at HOU 45 for -9 yards (92-Odell Paschke). Sack allowed by 67-Craig Teel.","#18 Remy Beauchamp  - QB","#85 Joseph Moore - WR",,,"#22 Jameson Kelly - WR",,,"#29 James Gonzalas - RB","#11 Mike Bunch - WR","#14 Kristopher Dobbins - WR",,,"#71 Thomas Morneau - LT","#60 Ricky Hicks - LG","#55 Anthony Struck - C","#74 Gerard White - RG","#67 Craig Teel - RT",,"#92 Odell Paschke - LDE",,"#64 Charles Harris - RDE","#64 Bret Walton - DT","#96 Peter Grant - RDE","#59 Andre Wade - WLB","#51 Robert Mann - WLB",,"#56 Stanley Shade - WLB","#33 Roger Trimmer - CB","#20 Matthew Scott - CB",,,,"#44 Delbert Bealer - CB","#27 Kyle Locklin - CB",,,,,,,,,,,,,,,,,,,,,,,,,,,,,,,,,,,,
CIN,5:21,"HOU 45",1,4,14,Punt,"Punt Return",38,7,0,"4-14-HOU 45 (5:20) 7-Leonard Hyde punts 38 yards to HOU 7.",,,,,,,,,,,,,,,,,,"#7 Leonard Hyde - P",,,,,,,,,,,,,,,,,,,"#68 Roderick Price - RG",,"#42 Robert Cady - WR",,,"#56 Stanley Shade - WLB","#63 Wallace King - LDE","#44 Delbert Bealer - CB",,"#20 Matthew Scott - CB","#57 William Snow - WLB",,"#50 Samual Brown - WLB",,,,"#67 Craig Teel - RT","#60 Ricky Hicks - LG","#22 Jameson Kelly - WR","#71 Thomas Morneau - LT","#55 Anthony Struck - C","#61 John Balfour - RT",,"#64 Bret Walton - DT","#92 Odell Paschke - LDE","#51 Robert Mann - WLB","#96 Peter Grant - RDE",,,,,,,
HOU,5:10,"HOU 7",1,1,10,"Shotgun 2 RB 3 WR Shotgun Dive","Dime Normal Man Cover 1",10,7,0,"1-10-HOU 7 (5:11) 23-Tracy Lopez ran to HOU 17 for 10 yards. Tackle by 47-Francis Thornton.","#6 Joseph Eady - QB","#23 Tracy Lopez - WR","#82 Brian Ramirez - WR",,,,,"#81 Kelvin McMillan - WR","#11 John Gomez - WR","#80 Edgardo Murray - WR",,,"#79 Charles Linder - LT","#70 Daniel Paige - LG","#69 Jose Brooks - C","#73 Emmanuel Wallace - RG","#66 James Velasquez - RT",,"#97 Robert Anders - RDE",,"#73 Charles Donnelly - DT","#63 Philip Zuniga - LDE","#95 Francisco Martinez - RDE",,"#58 Tim ""Ripper"" Owens - MLB",,,"#49 Mark Vargas - FS","#24 Alan Drake - CB","#47 Francis Thornton - CB","#26 Angelo Seiler - CB",,"#23 Clarence Isaacs - SS","#21 Carlos Morrison - FS",,,,,,,,,,,,,,,,,,,,,,,,,,,,,,,,,,,,
HOU,4:36,"HOU 17",1,2,,"Goal Line Normal HB Pitch Weak","4-3 Under Double Safety Blitz",1,7,0,"2-1-HOU 17 (4:35) 23-Tracy Lopez ran to HOU 18 for 1 yards. Tackle by 40-Keith Mason.","#6 Joseph Eady - QB","#23 Tracy Lopez - WR",,"#42 Robert Cady - WR","#72 Lawrence Downing - C","#84 Joseph McCasland - RB","#83 Clinton Anderson - RB",,,,,,"#79 Charles Linder - LT","#70 Daniel Paige - LG","#69 Jose Brooks - C","#73 Emmanuel Wallace - RG","#66 James Velasquez - RT",,"#97 Robert Anders - RDE",,"#73 Charles Donnelly - DT","#63 Philip Zuniga - LDE","#95 Francisco Martinez - RDE","#58 Tim ""Ripper"" Owens - MLB","#91 Carlos Smith - SLB",,"#53 Albert Pierrepoint - WLB","#21 Carlos Morrison - FS","#49 Mark Vargas - FS",,,,"#23 Clarence Isaacs - SS","#40 Keith Mason - CB",,,,,,,,,,,,,,,,,,,,,,,,,,,,,,,,,,,,
HOU,4:03,"HOU 18",1,1,10,"Goal Line Normal HB Dive","4-3 Under Double Safety Blitz",2,7,0,"1-10-HOU 18 (4:02) 23-Tracy Lopez ran to HOU 20 for 2 yards. Tackle by 23-Clarence Isaacs.","#6 Joseph Eady - QB","#23 Tracy Lopez - WR",,"#42 Robert Cady - WR","#72 Lawrence Downing - C","#84 Joseph McCasland - RB","#83 Clinton Anderson - RB",,,,,,"#79 Charles Linder - LT","#70 Daniel Paige - LG","#69 Jose Brooks - C","#73 Emmanuel Wallace - RG","#66 James Velasquez - RT",,"#97 Robert Anders - RDE",,"#73 Charles Donnelly - DT","#63 Philip Zuniga - LDE","#95 Francisco Martinez - RDE","#58 Tim ""Ripper"" Owens - MLB","#91 Carlos Smith - SLB",,"#53 Albert Pierrepoint - WLB","#21 Carlos Morrison - FS","#49 Mark Vargas - FS",,,,"#23 Clarence Isaacs - SS","#47 Francis Thornton - CB",,,,,,,,,,,,,,,,,,,,,,,,,,,,,,,,,,,,
HOU,3:23,"HOU 20",1,2,8,"Goal Line Normal HB Dive","4-3 Under Double Safety Blitz",3,7,0,"2-8-HOU 20 (3:22) 23-Tracy Lopez ran to HOU 23 for 3 yards. Tackle by 40-Keith Mason.","#6 Joseph Eady - QB","#23 Tracy Lopez - WR",,"#42 Robert Cady - WR","#72 Lawrence Downing - C","#84 Joseph McCasland - RB","#83 Clinton Anderson - RB",,,,,,"#79 Charles Linder - LT","#70 Daniel Paige - LG","#69 Jose Brooks - C","#73 Emmanuel Wallace - RG","#66 James Velasquez - RT",,"#97 Robert Anders - RDE",,"#73 Charles Donnelly - DT","#63 Philip Zuniga - LDE","#95 Francisco Martinez - RDE","#58 Tim ""Ripper"" Owens - MLB","#91 Carlos Smith - SLB",,"#53 Albert Pierrepoint - WLB","#21 Carlos Morrison - FS","#49 Mark Vargas - FS",,,,"#23 Clarence Isaacs - SS","#40 Keith Mason - CB",,,,,,,,,,,,,,,,,,,,,,,,,,,,,,,,,,,,
HOU,2:45,"HOU 23",1,3,5,"Strong I Normal HB Off Tackle Strong","3-4 Normal Man Cover 1",3,7,0,"3-5-HOU 23 (2:44) 23-Tracy Lopez ran to HOU 25 for 3 yards. Tackle by 98-Harold Messick.","#6 Joseph Eady - QB","#23 Tracy Lopez - WR",,,"#83 Clinton Anderson - RB","#84 Joseph McCasland - RB",,"#81 Kelvin McMillan - WR",,"#80 Edgardo Murray - WR",,,"#79 Charles Linder - LT","#70 Daniel Paige - LG","#69 Jose Brooks - C","#73 Emmanuel Wallace - RG","#66 James Velasquez - RT",,"#97 Robert Anders - RDE",,"#73 Charles Donnelly - DT",,"#95 Francisco Martinez - RDE","#53 Albert Pierrepoint - WLB","#98 Harold Messick - WLB","#91 Carlos Smith - SLB","#58 Tim ""Ripper"" Owens - MLB","#40 Keith Mason - CB","#26 Angelo Seiler - CB",,,,"#23 Clarence Isaacs - SS","#21 Carlos Morrison - FS",,,,,,,,,,,,,,,,,,,,,,,,,,,,,,,,,,,,
HOU,2:00,"HOU 25",1,4,2,Punt,"Punt Return",,7,0,"4-2-HOU 25 (1:59) 9-Billy Hansen punts 46 yards to CIN 28. Fair Catch by 11-Mike Bunch.",,,,,,,,,,,,,,,,,,"#9 Billy Hansen - P",,,,,,,,,,,,,,,,,,,"#69 Jose Brooks - C",,"#11 Mike Bunch - WR",,,"#40 Keith Mason - CB","#21 Carlos Morrison - FS","#91 Carlos Smith - SLB",,"#24 Alan Drake - CB","#23 Clarence Isaacs - SS",,"#49 Mark Vargas - FS",,,,"#66 James Velasquez - RT","#60 Matthew Bell - RG","#84 Joseph McCasland - RB","#73 Emmanuel Wallace - RG","#72 Lawrence Downing - C","#77 Eric Mitchell - LT",,"#92 John Mansell - RDE","#97 Robert Anders - RDE","#53 Albert Pierrepoint - WLB","#95 Francisco Martinez - RDE",,,,,,,
CIN,1:51,"CIN 28",1,1,10,"I Formation Twin WR Hard Slants","4-3 Normal Man Under 1",,7,0,"1-10-CIN 28 (1:52) 18-Remy Beauchamp  pass Pass knocked down by 27-Kyle Locklin. incomplete, intended for 85-Joseph Moore.","#18 Remy Beauchamp  - QB","#44 John Pine - RB",,,"#22 Jameson Kelly - WR","#85 Joseph Moore - WR",,"#11 Mike Bunch - WR",,"#29 James Gonzalas - RB",,,"#71 Thomas Morneau - LT","#60 Ricky Hicks - LG","#55 Anthony Struck - C","#74 Gerard White - RG","#67 Craig Teel - RT",,"#92 Odell Paschke - LDE",,"#64 Charles Harris - RDE","#64 Bret Walton - DT","#96 Peter Grant - RDE","#59 Andre Wade - WLB","#51 Robert Mann - WLB",,"#56 Stanley Shade - WLB","#33 Roger Trimmer - CB","#20 Matthew Scott - CB",,,,"#44 Delbert Bealer - CB","#27 Kyle Locklin - CB",,,,,,,,,,,,,,,,,,,,,,,,,,,,,,,,,,,,
CIN,1:49,"CIN 28",1,2,10,"I Formation Twin WR Hard Slants","4-3 Normal Double WR3",,7,0,"2-10-CIN 28 (1:50) 18-Remy Beauchamp  pass Pass knocked down by 27-Kyle Locklin. incomplete, intended for 85-Joseph Moore.","#18 Remy Beauchamp  - QB","#44 John Pine - RB",,,"#22 Jameson Kelly - WR","#85 Joseph Moore - WR",,"#11 Mike Bunch - WR",,"#29 James Gonzalas - RB",,,"#71 Thomas Morneau - LT","#60 Ricky Hicks - LG","#55 Anthony Struck - C","#74 Gerard White - RG","#67 Craig Teel - RT",,"#92 Odell Paschke - LDE",,"#64 Charles Harris - RDE","#64 Bret Walton - DT","#96 Peter Grant - RDE","#59 Andre Wade - WLB","#51 Robert Mann - WLB",,"#56 Stanley Shade - WLB","#33 Roger Trimmer - CB","#20 Matthew Scott - CB",,,,"#44 Delbert Bealer - CB","#27 Kyle Locklin - CB",,,,,,,,,,,,,,,,,,,,,,,,,,,,,,,,,,,,
CIN,1:46,"CIN 28",1,3,10,"I Formation Twin WR Quick Outs","4-3 Normal Double WR2",,7,0,"3-10-CIN 28 (1:47) 18-Remy Beauchamp  pass Pass knocked down by 20-Matthew Scott. incomplete, intended for 29-James Gonzalas.","#18 Remy Beauchamp  - QB","#44 John Pine - RB",,,"#22 Jameson Kelly - WR","#85 Joseph Moore - WR",,"#11 Mike Bunch - WR",,"#29 James Gonzalas - RB",,,"#71 Thomas Morneau - LT","#60 Ricky Hicks - LG","#55 Anthony Struck - C","#74 Gerard White - RG","#67 Craig Teel - RT",,"#92 Odell Paschke - LDE",,"#64 Charles Harris - RDE","#64 Bret Walton - DT","#96 Peter Grant - RDE","#59 Andre Wade - WLB","#51 Robert Mann - WLB",,"#56 Stanley Shade - WLB","#33 Roger Trimmer - CB","#20 Matthew Scott - CB",,,,"#44 Delbert Bealer - CB","#27 Kyle Locklin - CB",,,,,,,,,,,,,,,,,,,,,,,,,,,,,,,,,,,,
CIN,1:43,"CIN 28",1,4,10,Punt,"Punt Return",,7,0,"4-10-CIN 28 (1:44) 7-Leonard Hyde punts 54 yards to HOU 18. 42-Robert Cady to HOU 23 for 5 yards. Tackle by 40-Keith Mason.",,,,,,,,,,,,,,,,,,"#7 Leonard Hyde - P",,,,,,,,,,,,,,,,,,,"#68 Roderick Price - RG",,"#42 Robert Cady - WR",,,"#56 Stanley Shade - WLB","#63 Wallace King - LDE","#44 Delbert Bealer - CB",,"#20 Matthew Scott - CB","#57 William Snow - WLB",,"#50 Samual Brown - WLB",,,,"#67 Craig Teel - RT","#60 Ricky Hicks - LG","#22 Jameson Kelly - WR","#71 Thomas Morneau - LT","#55 Anthony Struck - C","#61 John Balfour - RT",,"#64 Bret Walton - DT","#92 Odell Paschke - LDE","#51 Robert Mann - WLB","#96 Peter Grant - RDE",,,,,,,
HOU,1:35,"HOU 23",1,1,10,"Singleback Slot Strong HB Counter","4-3 Normal OLB Blitz Outside",-1,7,0,"1-10-HOU 23 (1:36) 23-Tracy Lopez ran to HOU 22 for -1 yards. Tackle by 91-Carlos Smith.","#6 Joseph Eady - QB","#23 Tracy Lopez - WR",,,,"#84 Joseph McCasland - RB",,"#81 Kelvin McMillan - WR","#11 John Gomez - WR","#80 Edgardo Murray - WR",,,"#79 Charles Linder - LT","#70 Daniel Paige - LG","#69 Jose Brooks - C","#73 Emmanuel Wallace - RG","#66 James Velasquez - RT",,"#97 Robert Anders - RDE",,"#73 Charles Donnelly - DT","#63 Philip Zuniga - LDE","#95 Francisco Martinez - RDE","#58 Tim ""Ripper"" Owens - MLB","#98 Harold Messick - WLB",,"#91 Carlos Smith - SLB","#26 Angelo Seiler - CB","#49 Mark Vargas - FS",,,,"#23 Clarence Isaacs - SS","#21 Carlos Morrison - FS",,,,,,,,,,,,,,,,,,,,,,,,,,,,,,,,,,,,
HOU,1:03,"HOU 22",1,2,11,"Goal Line Normal HB Pitch Weak","4-3 Under Double Safety Blitz",-0,7,0,"2-11-HOU 22 (1:02) 23-Tracy Lopez ran to HOU 21 for a short loss. Tackle by 40-Keith Mason.","#6 Joseph Eady - QB","#23 Tracy Lopez - WR",,"#42 Robert Cady - WR","#72 Lawrence Downing - C","#84 Joseph McCasland - RB","#83 Clinton Anderson - RB",,,,,,"#79 Charles Linder - LT","#70 Daniel Paige - LG","#69 Jose Brooks - C","#73 Emmanuel Wallace - RG","#66 James Velasquez - RT",,"#97 Robert Anders - RDE",,"#73 Charles Donnelly - DT","#63 Philip Zuniga - LDE","#95 Francisco Martinez - RDE","#58 Tim ""Ripper"" Owens - MLB","#91 Carlos Smith - SLB",,"#53 Albert Pierrepoint - WLB","#21 Carlos Morrison - FS","#49 Mark Vargas - FS",,,,"#23 Clarence Isaacs - SS","#40 Keith Mason - CB",,,,,,,,,,,,,,,,,,,,,,,,,,,,,,,,,,,,
HOU,0:26,"HOU 21",1,3,11,"Shotgun Normal HB Flare","4-3 Under Crash Right",,7,0,"3-11-HOU 21 (0:25) 6-Joseph Eady pass Pass knocked down by 58-Tim ""Ripper"" Owens. incomplete, intended for 84-Joseph McCasland.","#6 Joseph Eady - QB","#23 Tracy Lopez - WR",,,,"#84 Joseph McCasland - RB",,"#81 Kelvin McMillan - WR","#11 John Gomez - WR","#80 Edgardo Murray - WR",,,"#79 Charles Linder - LT","#70 Daniel Paige - LG","#69 Jose Brooks - C","#73 Emmanuel Wallace - RG","#66 James Velasquez - RT",,"#97 Robert Anders - RDE",,"#73 Charles Donnelly - DT","#63 Philip Zuniga - LDE","#95 Francisco Martinez - RDE","#58 Tim ""Ripper"" Owens - MLB","#91 Carlos Smith - SLB",,"#53 Albert Pierrepoint - WLB","#21 Carlos Morrison - FS","#49 Mark Vargas - FS",,,,"#23 Clarence Isaacs - SS","#40 Keith Mason - CB",,,,,,,,,,,,,,,,,,,,,,,,,,,,,,,,,,,,
HOU,0:21,"HOU 21",1,4,11,Punt,"Punt Return",,7,0,"4-11-HOU 21 (0:22) 9-Billy Hansen punts 47 yards to CIN 32. Fair Catch by 11-Mike Bunch.",,,,,,,,,,,,,,,,,,"#9 Billy Hansen - P",,,,,,,,,,,,,,,,,,,"#69 Jose Brooks - C",,"#11 Mike Bunch - WR",,,"#40 Keith Mason - CB","#21 Carlos Morrison - FS","#91 Carlos Smith - SLB",,"#24 Alan Drake - CB","#23 Clarence Isaacs - SS",,"#49 Mark Vargas - FS",,,,"#66 James Velasquez - RT","#60 Matthew Bell - RG","#84 Joseph McCasland - RB","#73 Emmanuel Wallace - RG","#72 Lawrence Downing - C","#77 Eric Mitchell - LT",,"#92 John Mansell - RDE","#97 Robert Anders - RDE","#53 Albert Pierrepoint - WLB","#95 Francisco Martinez - RDE",,,,,,,
CIN,0:15,"CIN 32",1,1,10,"Shotgun 2 RB 3 WR RB Curls","4-3 Normal Double WR1",,7,0,"1-10-CIN 32 (0:16) 18-Remy Beauchamp  pass Pass knocked down by 51-Robert Mann. incomplete, intended for 22-Jameson Kelly.","#18 Remy Beauchamp  - QB","#22 Jameson Kelly - WR","#29 James Gonzalas - RB",,,,,"#44 John Pine - RB","#11 Mike Bunch - WR","#85 Joseph Moore - WR",,,"#71 Thomas Morneau - LT","#60 Ricky Hicks - LG","#55 Anthony Struck - C","#74 Gerard White - RG","#67 Craig Teel - RT",,"#92 Odell Paschke - LDE",,"#64 Charles Harris - RDE","#64 Bret Walton - DT","#96 Peter Grant - RDE","#59 Andre Wade - WLB","#51 Robert Mann - WLB",,"#56 Stanley Shade - WLB","#33 Roger Trimmer - CB","#20 Matthew Scott - CB",,,,"#44 Delbert Bealer - CB","#27 Kyle Locklin - CB",,,,,,,,,,,,,,,,,,,,,,,,,,,,,,,,,,,,
CIN,0:11,"CIN 32",1,2,10,"I Formation Twin WR Hard Slants","4-3 Normal Double WR1",,7,0,"2-10-CIN 32 (0:12) 18-Remy Beauchamp  pass Pass knocked down by 20-Matthew Scott. incomplete, intended for 29-James Gonzalas.","#18 Remy Beauchamp  - QB","#44 John Pine - RB",,,"#22 Jameson Kelly - WR","#85 Joseph Moore - WR",,"#11 Mike Bunch - WR",,"#29 James Gonzalas - RB",,,"#71 Thomas Morneau - LT","#60 Ricky Hicks - LG","#55 Anthony Struck - C","#74 Gerard White - RG","#67 Craig Teel - RT",,"#92 Odell Paschke - LDE",,"#64 Charles Harris - RDE","#64 Bret Walton - DT","#96 Peter Grant - RDE","#59 Andre Wade - WLB","#51 Robert Mann - WLB",,"#56 Stanley Shade - WLB","#33 Roger Trimmer - CB","#20 Matthew Scott - CB",,,,"#44 Delbert Bealer - CB","#27 Kyle Locklin - CB",,,,,,,,,,,,,,,,,,,,,,,,,,,,,,,,,,,,
CIN,0:09,"CIN 32",1,3,10,"I Formation Twin WR Quick Outs","4-3 Normal Double WR1",,7,0,"3-10-CIN 32 (0:10) 18-Remy Beauchamp  pass Pass knocked down by 33-Roger Trimmer. incomplete, intended for 11-Mike Bunch.","#18 Remy Beauchamp  - QB","#44 John Pine - RB",,,"#22 Jameson Kelly - WR","#85 Joseph Moore - WR",,"#11 Mike Bunch - WR",,"#29 James Gonzalas - RB",,,"#71 Thomas Morneau - LT","#60 Ricky Hicks - LG","#55 Anthony Struck - C","#74 Gerard White - RG","#67 Craig Teel - RT",,"#92 Odell Paschke - LDE",,"#64 Charles Harris - RDE","#64 Bret Walton - DT","#96 Peter Grant - RDE","#59 Andre Wade - WLB","#51 Robert Mann - WLB",,"#56 Stanley Shade - WLB","#33 Roger Trimmer - CB","#20 Matthew Scott - CB",,,,"#44 Delbert Bealer - CB","#27 Kyle Locklin - CB",,,,,,,,,,,,,,,,,,,,,,,,,,,,,,,,,,,,
CIN,0:06,"CIN 32",1,4,10,Punt,"Punt Return",,7,0,"4-10-CIN 32 (0:07) 7-Leonard Hyde punts 45 yards to HOU 23. Fair Catch by 42-Robert Cady.",,,,,,,,,,,,,,,,,,"#7 Leonard Hyde - P",,,,,,,,,,,,,,,,,,,"#68 Roderick Price - RG",,"#42 Robert Cady - WR",,,"#56 Stanley Shade - WLB","#63 Wallace King - LDE","#44 Delbert Bealer - CB",,"#20 Matthew Scott - CB","#57 William Snow - WLB",,"#50 Samual Brown - WLB",,,,"#67 Craig Teel - RT","#60 Ricky Hicks - LG","#22 Jameson Kelly - WR","#71 Thomas Morneau - LT","#55 Anthony Struck - C","#61 John Balfour - RT",,"#64 Bret Walton - DT","#92 Odell Paschke - LDE","#51 Robert Mann - WLB","#96 Peter Grant - RDE",,,,,,,
,0:01,,1,1,10,,,,7,0,"End of first quarter.",,,,,,,,,,,,,,,,,,,,,,,,,,,,,,,,,,,,,,,,,,,,,,,,,,,,,,,,,,,,,,,,,,,,,,
HOU,15:00,"HOU 23",2,1,10,"I Formation Normal HB Dive","4-3 Normal OLB Blitz Outside",,7,0,"1-10-HOU 23 (15:00) 23-Tracy Lopez ran to HOU 23 for a short gain. Tackle by 91-Carlos Smith.","#6 Joseph Eady - QB","#23 Tracy Lopez - WR",,,"#83 Clinton Anderson - RB","#84 Joseph McCasland - RB",,"#81 Kelvin McMillan - WR",,"#80 Edgardo Murray - WR",,,"#79 Charles Linder - LT","#70 Daniel Paige - LG","#69 Jose Brooks - C","#73 Emmanuel Wallace - RG","#66 James Velasquez - RT",,"#97 Robert Anders - RDE",,"#73 Charles Donnelly - DT","#63 Philip Zuniga - LDE","#95 Francisco Martinez - RDE","#58 Tim ""Ripper"" Owens - MLB","#98 Harold Messick - WLB",,"#91 Carlos Smith - SLB","#26 Angelo Seiler - CB","#49 Mark Vargas - FS",,,,"#23 Clarence Isaacs - SS","#21 Carlos Morrison - FS",,,,,,,,,,,,,,,,,,,,,,,,,,,,,,,,,,,,
HOU,14:21,"HOU 23",2,2,10,"Singleback Slot Strong HB Counter","3-4 Normal Man Cover 1",-4,7,0,"2-10-HOU 23 (14:20) 23-Tracy Lopez ran to HOU 20 for -4 yards. Tackle by 53-Albert Pierrepoint.","#6 Joseph Eady - QB","#23 Tracy Lopez - WR",,,,"#84 Joseph McCasland - RB",,"#81 Kelvin McMillan - WR","#11 John Gomez - WR","#80 Edgardo Murray - WR",,,"#79 Charles Linder - LT","#70 Daniel Paige - LG","#69 Jose Brooks - C","#73 Emmanuel Wallace - RG","#66 James Velasquez - RT",,"#97 Robert Anders - RDE",,"#73 Charles Donnelly - DT",,"#95 Francisco Martinez - RDE","#53 Albert Pierrepoint - WLB","#98 Harold Messick - WLB","#91 Carlos Smith - SLB","#58 Tim ""Ripper"" Owens - MLB","#40 Keith Mason - CB","#26 Angelo Seiler - CB",,,,"#23 Clarence Isaacs - SS","#21 Carlos Morrison - FS",,,,,,,,,,,,,,,,,,,,,,,,,,,,,,,,,,,,
HOU,13:43,"HOU 20",2,3,13,"Shotgun 2 RB 3 WR Shotgun Dive","4-3 Normal Double WR1",1,7,0,"3-13-HOU 20 (13:42) 23-Tracy Lopez ran to HOU 21 for 1 yards. Tackle by 58-Tim ""Ripper"" Owens.","#6 Joseph Eady - QB","#23 Tracy Lopez - WR","#82 Brian Ramirez - WR",,,,,"#81 Kelvin McMillan - WR","#11 John Gomez - WR","#80 Edgardo Murray - WR",,,"#79 Charles Linder - LT","#70 Daniel Paige - LG","#69 Jose Brooks - C","#73 Emmanuel Wallace - RG","#66 James Velasquez - RT",,"#97 Robert Anders - RDE",,"#73 Charles Donnelly - DT","#63 Philip Zuniga - LDE","#95 Francisco Martinez - RDE","#58 Tim ""Ripper"" Owens - MLB","#98 Harold Messick - WLB",,"#91 Carlos Smith - SLB","#21 Carlos Morrison - FS","#49 Mark Vargas - FS",,,,"#23 Clarence Isaacs - SS","#40 Keith Mason - CB",,,,,,,,,,,,,,,,,,,,,,,,,,,,,,,,,,,,
HOU,13:05,"HOU 21",2,4,12,Punt,"Punt Return",,7,0,"4-12-HOU 21 (13:04) 9-Billy Hansen punts 45 yards to CIN 34. Fair Catch by 11-Mike Bunch.",,,,,,,,,,,,,,,,,,"#9 Billy Hansen - P",,,,,,,,,,,,,,,,,,,"#69 Jose Brooks - C",,"#11 Mike Bunch - WR",,,"#40 Keith Mason - CB","#21 Carlos Morrison - FS","#91 Carlos Smith - SLB",,"#24 Alan Drake - CB","#23 Clarence Isaacs - SS",,"#49 Mark Vargas - FS",,,,"#66 James Velasquez - RT","#60 Matthew Bell - RG","#84 Joseph McCasland - RB","#73 Emmanuel Wallace - RG","#72 Lawrence Downing - C","#77 Eric Mitchell - LT",,"#92 John Mansell - RDE","#97 Robert Anders - RDE","#53 Albert Pierrepoint - WLB","#95 Francisco Martinez - RDE",,,,,,,
CIN,12:56,"CIN 34",2,1,10,"I Formation Power Play Action HB Downfield","4-3 Normal OLB Blitz Inside",,7,0,"1-10-CIN 34 (12:57) 18-Remy Beauchamp  pass Pass knocked down by 92-Odell Paschke. incomplete, intended for 29-James Gonzalas.","#18 Remy Beauchamp  - QB","#29 James Gonzalas - RB",,"#22 Jameson Kelly - WR","#44 John Pine - RB","#85 Joseph Moore - WR",,"#11 Mike Bunch - WR",,,,,"#71 Thomas Morneau - LT","#60 Ricky Hicks - LG","#55 Anthony Struck - C","#74 Gerard White - RG","#67 Craig Teel - RT",,"#92 Odell Paschke - LDE",,"#64 Charles Harris - RDE","#64 Bret Walton - DT","#96 Peter Grant - RDE","#59 Andre Wade - WLB","#51 Robert Mann - WLB",,"#56 Stanley Shade - WLB","#33 Roger Trimmer - CB","#20 Matthew Scott - CB",,,,"#41 Wayne Kearns - CB","#27 Kyle Locklin - CB",,,,,,,,,,,,,,,,,,,,,,,,,,,,,,,,,,,,
CIN,12:53,"CIN 34",2,2,10,"Goal Line Normal PA TE Drag","4-3 Normal Double WR3",3,7,0,"2-10-CIN 34 (12:54) 18-Remy Beauchamp  pass complete to 22-Jameson Kelly to CIN 37 for 3 yards. Tackle by 44-Delbert Bealer. Nice job by 22-Jameson Kelly on that route to lose his coverage.","#18 Remy Beauchamp  - QB","#85 Joseph Moore - WR",,"#36 Fredrick Green - FB","#22 Jameson Kelly - WR","#74 Gerard White - RG","#46 David Santos - WR",,,,,,"#71 Thomas Morneau - LT","#60 Ricky Hicks - LG","#55 Anthony Struck - C","#77 Mark Tipler - RG","#61 John Balfour - RT",,"#92 Odell Paschke - LDE",,"#64 Charles Harris - RDE","#64 Bret Walton - DT","#96 Peter Grant - RDE","#59 Andre Wade - WLB","#51 Robert Mann - WLB",,"#56 Stanley Shade - WLB","#33 Roger Trimmer - CB","#20 Matthew Scott - CB",,,,"#44 Delbert Bealer - CB","#27 Kyle Locklin - CB",,,,,,,,,,,,,,,,,,,,,,,,,,,,,,,,,,,,
CIN,12:15,"CIN 37",2,3,7,"I Formation Power Play Action HB Downfield","4-3 Normal Double WR3",10,7,0,"3-7-CIN 37 (12:14) 18-Remy Beauchamp  pass complete to 85-Joseph Moore to CIN 46 for 10 yards. Tackle by 20-Matthew Scott.","#18 Remy Beauchamp  - QB","#29 James Gonzalas - RB",,"#22 Jameson Kelly - WR","#44 John Pine - RB","#85 Joseph Moore - WR",,"#11 Mike Bunch - WR",,,,,"#71 Thomas Morneau - LT","#60 Ricky Hicks - LG","#55 Anthony Struck - C","#74 Gerard White - RG","#67 Craig Teel - RT",,"#92 Odell Paschke - LDE",,"#64 Charles Harris - RDE","#64 Bret Walton - DT","#96 Peter Grant - RDE","#59 Andre Wade - WLB","#51 Robert Mann - WLB",,"#56 Stanley Shade - WLB","#33 Roger Trimmer - CB","#20 Matthew Scott - CB",,,,"#44 Delbert Bealer - CB","#27 Kyle Locklin - CB",,,,,,,,,,,,,,,,,,,,,,,,,,,,,,,,,,,,
CIN,11:33,"CIN 46",2,1,10,"Goal Line Normal PA TE Drag","4-3 Normal OLB Blitz Inside",,7,0,"1-10-CIN 46 (11:32) 18-Remy Beauchamp  pass Pass knocked down by 44-Delbert Bealer. incomplete, intended for 74-Gerard White.","#18 Remy Beauchamp  - QB","#85 Joseph Moore - WR",,"#36 Fredrick Green - FB","#22 Jameson Kelly - WR","#74 Gerard White - RG","#46 David Santos - WR",,,,,,"#71 Thomas Morneau - LT","#60 Ricky Hicks - LG","#55 Anthony Struck - C","#77 Mark Tipler - RG","#61 John Balfour - RT",,"#92 Odell Paschke - LDE",,"#64 Charles Harris - RDE","#64 Bret Walton - DT","#96 Peter Grant - RDE","#59 Andre Wade - WLB","#51 Robert Mann - WLB",,"#56 Stanley Shade - WLB","#33 Roger Trimmer - CB","#20 Matthew Scott - CB",,,,"#44 Delbert Bealer - CB","#27 Kyle Locklin - CB",,,,,,,,,,,,,,,,,,,,,,,,,,,,,,,,,,,,
CIN,11:29,"CIN 46",2,2,10,"I Formation Power Play Action HB Downfield","4-3 Normal Man QB Spy",7,7,0,"2-10-CIN 46 (11:30) 18-Remy Beauchamp  pass complete to 85-Joseph Moore to HOU 46 for 7 yards. Tackle by 20-Matthew Scott.","#18 Remy Beauchamp  - QB","#29 James Gonzalas - RB",,"#22 Jameson Kelly - WR","#44 John Pine - RB","#85 Joseph Moore - WR",,"#11 Mike Bunch - WR",,,,,"#71 Thomas Morneau - LT","#60 Ricky Hicks - LG","#55 Anthony Struck - C","#74 Gerard White - RG","#67 Craig Teel - RT",,"#92 Odell Paschke - LDE",,"#64 Charles Harris - RDE","#64 Bret Walton - DT","#96 Peter Grant - RDE","#59 Andre Wade - WLB","#51 Robert Mann - WLB",,"#56 Stanley Shade - WLB","#33 Roger Trimmer - CB","#20 Matthew Scott - CB",,,,"#44 Delbert Bealer - CB","#27 Kyle Locklin - CB",,,,,,,,,,,,,,,,,,,,,,,,,,,,,,,,,,,,
CIN,10:50,"HOU 46",2,3,3,"Singleback Big WR Deep","4-3 Normal Man Under 1",-8,7,0,"3-3-HOU 46 (10:49) 18-Remy Beauchamp  sacked at CIN 46 for -8 yards (96-Peter Grant). Sack allowed by 71-Thomas Morneau.","#18 Remy Beauchamp  - QB","#29 James Gonzalas - RB",,,,"#22 Jameson Kelly - WR","#85 Joseph Moore - WR","#11 Mike Bunch - WR",,"#14 Kristopher Dobbins - WR",,,"#71 Thomas Morneau - LT","#60 Ricky Hicks - LG","#55 Anthony Struck - C","#74 Gerard White - RG","#67 Craig Teel - RT",,"#92 Odell Paschke - LDE",,"#64 Charles Harris - RDE","#64 Bret Walton - DT","#96 Peter Grant - RDE","#59 Andre Wade - WLB","#51 Robert Mann - WLB",,"#56 Stanley Shade - WLB","#33 Roger Trimmer - CB","#20 Matthew Scott - CB",,,,"#44 Delbert Bealer - CB","#27 Kyle Locklin - CB",,,,,,,,,,,,,,,,,,,,,,,,,,,,,,,,,,,,
CIN,10:16,"CIN 46",2,4,11,Punt,"Punt Return",55,7,0,"4-11-CIN 46 (10:15) 7-Leonard Hyde punts 55 yards to HOU -1.4-11-CIN 46 (10:15) 7-Leonard Hyde punts 55 yards to HOU -1. Touchback.",,,,,,,,,,,,,,,,,,"#7 Leonard Hyde - P",,,,,,,,,,,,,,,,,,,"#68 Roderick Price - RG",,"#42 Robert Cady - WR",,,"#51 Robert Mann - WLB","#63 Wallace King - LDE","#44 Delbert Bealer - CB",,"#20 Matthew Scott - CB","#57 William Snow - WLB",,"#50 Samual Brown - WLB",,,,"#67 Craig Teel - RT","#60 Ricky Hicks - LG","#22 Jameson Kelly - WR","#71 Thomas Morneau - LT","#55 Anthony Struck - C","#61 John Balfour - RT",,"#64 Bret Walton - DT","#92 Odell Paschke - LDE","#56 Stanley Shade - WLB","#96 Peter Grant - RDE",,,,,,,
HOU,10:06,"HOU 20",2,1,10,"I Formation Normal FL Hitch","3-4 Normal Man Cover 1",,7,0,"1-10-HOU 20 (10:07) 6-Joseph Eady pass Pass knocked down by 21-Carlos Morrison. incomplete, intended for 84-Joseph McCasland.","#6 Joseph Eady - QB","#23 Tracy Lopez - WR",,,"#83 Clinton Anderson - RB","#84 Joseph McCasland - RB",,"#81 Kelvin McMillan - WR",,"#80 Edgardo Murray - WR",,,"#79 Charles Linder - LT","#70 Daniel Paige - LG","#69 Jose Brooks - C","#73 Emmanuel Wallace - RG","#66 James Velasquez - RT",,"#97 Robert Anders - RDE",,"#73 Charles Donnelly - DT",,"#95 Francisco Martinez - RDE","#53 Albert Pierrepoint - WLB","#98 Harold Messick - WLB","#48 Anthony Hutchinson - SLB","#58 Tim ""Ripper"" Owens - MLB","#26 Angelo Seiler - CB","#47 Francis Thornton - CB",,,,"#23 Clarence Isaacs - SS","#21 Carlos Morrison - FS",,,,,,,,,,,,,,,,,,,,,,,,,,,,,,,,,,,,
HOU,10:02,"HOU 20",2,2,10,"Shotgun Normal HB Dive","4-3 Normal OLB Blitz Outside",4,7,0,"2-10-HOU 20 (10:03) 23-Tracy Lopez ran to HOU 24 for 4 yards. Tackle by 40-Keith Mason.","#6 Joseph Eady - QB","#23 Tracy Lopez - WR",,,,"#84 Joseph McCasland - RB",,"#81 Kelvin McMillan - WR","#11 John Gomez - WR","#80 Edgardo Murray - WR",,,"#79 Charles Linder - LT","#70 Daniel Paige - LG","#69 Jose Brooks - C","#73 Emmanuel Wallace - RG","#66 James Velasquez - RT",,"#97 Robert Anders - RDE",,"#73 Charles Donnelly - DT","#63 Philip Zuniga - LDE","#95 Francisco Martinez - RDE","#58 Tim ""Ripper"" Owens - MLB","#98 Harold Messick - WLB",,"#91 Carlos Smith - SLB","#21 Carlos Morrison - FS","#49 Mark Vargas - FS",,,,"#23 Clarence Isaacs - SS","#40 Keith Mason - CB",,,,,,,,,,,,,,,,,,,,,,,,,,,,,,,,,,,,
HOU,9:30,"HOU 24",2,3,6,"Weak I Big WR Post TE Out","4-3 Normal WLB MLB Blitz",16,7,0,"3-6-HOU 24 (9:29) 6-Joseph Eady pass complete to 23-Tracy Lopez to HOU 39 for 16 yards. Tackle by 23-Clarence Isaacs.","#6 Joseph Eady - QB","#23 Tracy Lopez - WR",,,"#72 Lawrence Downing - C","#84 Joseph McCasland - RB","#83 Clinton Anderson - RB","#81 Kelvin McMillan - WR",,,,,"#79 Charles Linder - LT","#70 Daniel Paige - LG","#69 Jose Brooks - C","#73 Emmanuel Wallace - RG","#66 James Velasquez - RT",,"#97 Robert Anders - RDE",,"#73 Charles Donnelly - DT","#63 Philip Zuniga - LDE","#95 Francisco Martinez - RDE","#58 Tim ""Ripper"" Owens - MLB","#98 Harold Messick - WLB",,"#91 Carlos Smith - SLB","#21 Carlos Morrison - FS","#49 Mark Vargas - FS",,,,"#23 Clarence Isaacs - SS","#40 Keith Mason - CB",,,,,,,,,,,,,,,,,,,,,,,,,,,,,,,,,,,,
HOU,8:46,"HOU 39",2,1,10,"I Formation Power Play Action HB Downfield","Dime Normal Man Cover 1",,7,0,"1-10-HOU 39 (8:45) 6-Joseph Eady pass Pass knocked down by 24-Alan Drake. incomplete, intended for 84-Joseph McCasland.","#6 Joseph Eady - QB","#82 Brian Ramirez - WR",,"#72 Lawrence Downing - C","#83 Clinton Anderson - RB","#84 Joseph McCasland - RB",,"#81 Kelvin McMillan - WR",,,,,"#79 Charles Linder - LT","#70 Daniel Paige - LG","#69 Jose Brooks - C","#73 Emmanuel Wallace - RG","#66 James Velasquez - RT",,"#97 Robert Anders - RDE",,"#73 Charles Donnelly - DT","#63 Philip Zuniga - LDE","#95 Francisco Martinez - RDE",,"#58 Tim ""Ripper"" Owens - MLB",,,"#49 Mark Vargas - FS","#24 Alan Drake - CB","#26 Angelo Seiler - CB","#91 Carlos Smith - SLB",,"#23 Clarence Isaacs - SS","#21 Carlos Morrison - FS",,,,,,,,,,,,,,,,,,,,,,,,,,,,,,,,,,,,
HOU,8:41,"HOU 39",2,2,10,"Singleback Slot Strong HB Counter","4-3 Normal Double WR3",61,13,0,"2-10-HOU 39 (8:42) 82-Brian Ramirez ran for 61 yards. TOUCHDOWN! HOU 13 CIN 0","#6 Joseph Eady - QB","#82 Brian Ramirez - WR",,,,"#84 Joseph McCasland - RB",,"#80 Edgardo Murray - WR","#89 John Lewis - WR","#11 John Gomez - WR",,,"#79 Charles Linder - LT","#70 Daniel Paige - LG","#69 Jose Brooks - C","#73 Emmanuel Wallace - RG","#66 James Velasquez - RT",,"#97 Robert Anders - RDE",,"#73 Charles Donnelly - DT","#63 Philip Zuniga - LDE","#95 Francisco Martinez - RDE","#58 Tim ""Ripper"" Owens - MLB","#98 Harold Messick - WLB",,"#91 Carlos Smith - SLB","#26 Angelo Seiler - CB","#49 Mark Vargas - FS",,,,"#23 Clarence Isaacs - SS","#21 Carlos Morrison - FS",,,,,,,,,,,,,,,,,,,,,,,,,,,,,,,,,,,,
HOU,8:32,"CIN 15",2,7,15,"Field Goal","FG Block",26,14,0,"(8:33) Extra point GOOD by 18-William Pope. HOU 14 CIN 0",,,,,,,,,,,,,,,,,,,,,,,,,,,,,,,,,,,,"#17 Bruce Shadrick - QB","#69 Jose Brooks - C",,,,,,,,,,,,,,"#18 William Pope - K","#83 Clinton Anderson - RB","#77 Eric Mitchell - LT","#66 James Velasquez - RT","#84 Joseph McCasland - RB","#72 Lawrence Downing - C","#60 Matthew Bell - RG","#79 Charles Linder - LT","#70 Daniel Paige - LG","#95 Francisco Martinez - RDE","#97 Robert Anders - RDE","#53 Albert Pierrepoint - WLB","#91 Carlos Smith - SLB","#58 Tim ""Ripper"" Owens - MLB","#73 Charles Donnelly - DT","#63 Philip Zuniga - LDE","#51 Harry Crain - RDE","#92 John Mansell - RDE","#90 Charles Bowman - WLB","#98 Harold Messick - WLB"
HOU,8:32,"HOU 35",2,6,10,Kickoff,"Kick Return",,14,0,"(8:33) 18-William Pope kicks 75 yards from HOU 35 to CIN -10. Touchback.",,,,,,,,,,,,,,,,,,,,,,,,,,,,,,,,,,,,,,"#11 Mike Bunch - WR",,"#53 Albert Pierrepoint - WLB","#26 Angelo Seiler - CB","#40 Keith Mason - CB","#47 Francis Thornton - CB","#91 Carlos Smith - SLB","#23 Clarence Isaacs - SS","#24 Alan Drake - CB","#49 Mark Vargas - FS","#97 Robert Anders - RDE","#21 Carlos Morrison - FS","#18 William Pope - K",,,,,,,,,,,,,,,,,,,,
CIN,8:32,"CIN 25",2,1,10,"I Formation Power Play Action HB Downfield","4-3 Normal Double WR1",,14,0,"1-10-CIN 25 (8:33) 18-Remy Beauchamp  pass incomplete, intended for 11-Mike Bunch. Pressure by 92-Odell Paschke.","#18 Remy Beauchamp  - QB","#29 James Gonzalas - RB",,"#22 Jameson Kelly - WR","#44 John Pine - RB","#85 Joseph Moore - WR",,"#11 Mike Bunch - WR",,,,,"#71 Thomas Morneau - LT","#60 Ricky Hicks - LG","#55 Anthony Struck - C","#74 Gerard White - RG","#67 Craig Teel - RT",,"#92 Odell Paschke - LDE",,"#64 Charles Harris - RDE","#64 Bret Walton - DT","#96 Peter Grant - RDE","#59 Andre Wade - WLB","#51 Robert Mann - WLB",,"#56 Stanley Shade - WLB","#33 Roger Trimmer - CB","#20 Matthew Scott - CB",,,,"#44 Delbert Bealer - CB","#27 Kyle Locklin - CB",,,,,,,,,,,,,,,,,,,,,,,,,,,,,,,,,,,,
CIN,8:29,"CIN 25",2,2,10,"I Formation Power Play Action HB Downfield","4-3 Normal Man QB Spy",,14,0,"2-10-CIN 25 (8:30) 18-Remy Beauchamp  pass Pass knocked down by 20-Matthew Scott. incomplete, intended for 85-Joseph Moore.","#18 Remy Beauchamp  - QB","#29 James Gonzalas - RB",,"#22 Jameson Kelly - WR","#44 John Pine - RB","#85 Joseph Moore - WR",,"#11 Mike Bunch - WR",,,,,"#71 Thomas Morneau - LT","#60 Ricky Hicks - LG","#55 Anthony Struck - C","#74 Gerard White - RG","#67 Craig Teel - RT",,"#92 Odell Paschke - LDE",,"#64 Charles Harris - RDE","#64 Bret Walton - DT","#96 Peter Grant - RDE","#59 Andre Wade - WLB","#51 Robert Mann - WLB",,"#56 Stanley Shade - WLB","#33 Roger Trimmer - CB","#20 Matthew Scott - CB",,,,"#44 Delbert Bealer - CB","#27 Kyle Locklin - CB",,,,,,,,,,,,,,,,,,,,,,,,,,,,,,,,,,,,
CIN,8:26,"CIN 25",2,3,10,"I Formation Power Play Action HB Downfield","4-3 Normal OLB Blitz Inside",,14,0,"3-10-CIN 25 (8:27) 18-Remy Beauchamp  pass Pass knocked down by 33-Roger Trimmer. incomplete, intended for 11-Mike Bunch. 33-Roger Trimmer got away with a hold on that play.","#18 Remy Beauchamp  - QB","#29 James Gonzalas - RB",,"#22 Jameson Kelly - WR","#44 John Pine - RB","#85 Joseph Moore - WR",,"#11 Mike Bunch - WR",,,,,"#71 Thomas Morneau - LT","#60 Ricky Hicks - LG","#55 Anthony Struck - C","#74 Gerard White - RG","#67 Craig Teel - RT",,"#92 Odell Paschke - LDE",,"#64 Charles Harris - RDE","#64 Bret Walton - DT","#96 Peter Grant - RDE","#59 Andre Wade - WLB","#51 Robert Mann - WLB",,"#56 Stanley Shade - WLB","#33 Roger Trimmer - CB","#20 Matthew Scott - CB",,,,"#44 Delbert Bealer - CB","#27 Kyle Locklin - CB",,,,,,,,,,,,,,,,,,,,,,,,,,,,,,,,,,,,
CIN,8:22,"CIN 25",2,4,10,Punt,"Punt Return",,14,0,"4-10-CIN 25 (8:23) 7-Leonard Hyde punts 49 yards to HOU 26. 42-Robert Cady to HOU 32 for 6 yards. Tackle by 40-Keith Mason.",,,,,,,,,,,,,,,,,,"#7 Leonard Hyde - P",,,,,,,,,,,,,,,,,,,"#68 Roderick Price - RG",,"#42 Robert Cady - WR",,,"#51 Robert Mann - WLB","#63 Wallace King - LDE","#44 Delbert Bealer - CB",,"#20 Matthew Scott - CB","#57 William Snow - WLB",,"#50 Samual Brown - WLB",,,,"#67 Craig Teel - RT","#60 Ricky Hicks - LG","#22 Jameson Kelly - WR","#71 Thomas Morneau - LT","#55 Anthony Struck - C","#61 John Balfour - RT",,"#64 Bret Walton - DT","#92 Odell Paschke - LDE","#56 Stanley Shade - WLB","#96 Peter Grant - RDE",,,,,,,
HOU,8:14,"HOU 32",2,1,10,"I Formation 3WR FL Post","Dime Normal Man Cover 1",,14,0,"1-10-HOU 32 (8:15) 6-Joseph Eady pass Pass knocked down by 58-Tim ""Ripper"" Owens. incomplete, intended for 11-John Gomez.","#6 Joseph Eady - QB","#23 Tracy Lopez - WR",,,"#84 Joseph McCasland - RB",,,"#81 Kelvin McMillan - WR","#11 John Gomez - WR","#80 Edgardo Murray - WR",,,"#79 Charles Linder - LT","#70 Daniel Paige - LG","#69 Jose Brooks - C","#73 Emmanuel Wallace - RG","#66 James Velasquez - RT",,"#97 Robert Anders - RDE",,"#73 Charles Donnelly - DT","#63 Philip Zuniga - LDE","#95 Francisco Martinez - RDE",,"#58 Tim ""Ripper"" Owens - MLB",,,"#49 Mark Vargas - FS","#24 Alan Drake - CB","#26 Angelo Seiler - CB","#91 Carlos Smith - SLB",,"#23 Clarence Isaacs - SS","#21 Carlos Morrison - FS",,,,,,,,,,,,,,,,,,,,,,,,,,,,,,,,,,,,
HOU,8:10,"HOU 32",2,2,10,"Strong I Normal HB Off Tackle Strong","3-4 Normal Man Cover 1",1,14,0,"2-10-HOU 32 (8:11) 82-Brian Ramirez ran to HOU 32 for 1 yards. Tackle by 97-Robert Anders.","#6 Joseph Eady - QB","#82 Brian Ramirez - WR",,,"#83 Clinton Anderson - RB","#84 Joseph McCasland - RB",,"#81 Kelvin McMillan - WR",,"#80 Edgardo Murray - WR",,,"#79 Charles Linder - LT","#70 Daniel Paige - LG","#69 Jose Brooks - C","#73 Emmanuel Wallace - RG","#66 James Velasquez - RT",,"#97 Robert Anders - RDE",,"#73 Charles Donnelly - DT",,"#95 Francisco Martinez - RDE","#53 Albert Pierrepoint - WLB","#98 Harold Messick - WLB","#91 Carlos Smith - SLB","#58 Tim ""Ripper"" Owens - MLB","#40 Keith Mason - CB","#26 Angelo Seiler - CB",,,,"#23 Clarence Isaacs - SS","#21 Carlos Morrison - FS",,,,,,,,,,,,,,,,,,,,,,,,,,,,,,,,,,,,
HOU,7:34,"HOU 32",2,3,9,"Shotgun Normal HB Flare","3-4 Normal Man Cover 1",31,14,0,"3-9-HOU 32 (7:33) 6-Joseph Eady pass complete to 23-Tracy Lopez to CIN 36 for 31 yards. Tackle by 91-Carlos Smith.","#6 Joseph Eady - QB","#23 Tracy Lopez - WR",,,,"#84 Joseph McCasland - RB",,"#81 Kelvin McMillan - WR","#11 John Gomez - WR","#80 Edgardo Murray - WR",,,"#79 Charles Linder - LT","#70 Daniel Paige - LG","#69 Jose Brooks - C","#73 Emmanuel Wallace - RG","#66 James Velasquez - RT",,"#97 Robert Anders - RDE",,"#73 Charles Donnelly - DT",,"#95 Francisco Martinez - RDE","#53 Albert Pierrepoint - WLB","#98 Harold Messick - WLB","#91 Carlos Smith - SLB","#58 Tim ""Ripper"" Owens - MLB","#40 Keith Mason - CB","#26 Angelo Seiler - CB",,,,"#23 Clarence Isaacs - SS","#21 Carlos Morrison - FS",,,,,,,,,,,,,,,,,,,,,,,,,,,,,,,,,,,,
HOU,6:52,"CIN 36",2,1,10,"Weak I Normal HB Inside Weak","3-4 Normal Man Cover 1",13,14,0,"1-10-CIN 36 (6:51) 82-Brian Ramirez ran to CIN 24 for 13 yards. Tackle by 98-Harold Messick.","#6 Joseph Eady - QB","#82 Brian Ramirez - WR",,,"#83 Clinton Anderson - RB","#84 Joseph McCasland - RB",,"#81 Kelvin McMillan - WR",,"#11 John Gomez - WR",,,"#79 Charles Linder - LT","#70 Daniel Paige - LG","#69 Jose Brooks - C","#73 Emmanuel Wallace - RG","#66 James Velasquez - RT",,"#97 Robert Anders - RDE",,"#73 Charles Donnelly - DT",,"#95 Francisco Martinez - RDE","#53 Albert Pierrepoint - WLB","#98 Harold Messick - WLB","#48 Anthony Hutchinson - SLB","#58 Tim ""Ripper"" Owens - MLB","#40 Keith Mason - CB","#47 Francis Thornton - CB",,,,"#23 Clarence Isaacs - SS","#21 Carlos Morrison - FS",,,,,,,,,,,,,,,,,,,,,,,,,,,,,,,,,,,,
HOU,6:07,"CIN 24",2,1,10,"Shotgun Normal TE Out","4-3 Normal Double WR3",7,14,0,"1-10-CIN 24 (6:06) 6-Joseph Eady pass complete to 84-Joseph McCasland to CIN 16 for 7 yards. Tackle by 21-Carlos Morrison.","#6 Joseph Eady - QB","#82 Brian Ramirez - WR",,,,"#84 Joseph McCasland - RB",,"#81 Kelvin McMillan - WR","#11 John Gomez - WR","#80 Edgardo Murray - WR",,,"#79 Charles Linder - LT","#70 Daniel Paige - LG","#69 Jose Brooks - C","#73 Emmanuel Wallace - RG","#66 James Velasquez - RT",,"#97 Robert Anders - RDE",,"#73 Charles Donnelly - DT","#63 Philip Zuniga - LDE","#95 Francisco Martinez - RDE","#58 Tim ""Ripper"" Owens - MLB","#98 Harold Messick - WLB",,"#91 Carlos Smith - SLB","#21 Carlos Morrison - FS","#49 Mark Vargas - FS",,,,"#23 Clarence Isaacs - SS","#40 Keith Mason - CB",,,,,,,,,,,,,,,,,,,,,,,,,,,,,,,,,,,,
HOU,5:22,"CIN 16",2,2,3,"Weak I Big WR Post TE Out","4-3 Normal WLB MLB Blitz",3,14,0,"2-3-CIN 16 (5:21) 6-Joseph Eady pass complete to 82-Brian Ramirez to CIN 13 for 3 yards. Pushed out of bounds by 99-Mark Vargas.","#6 Joseph Eady - QB","#82 Brian Ramirez - WR",,,"#72 Lawrence Downing - C","#84 Joseph McCasland - RB","#83 Clinton Anderson - RB","#81 Kelvin McMillan - WR",,,,,"#79 Charles Linder - LT","#70 Daniel Paige - LG","#69 Jose Brooks - C","#73 Emmanuel Wallace - RG","#66 James Velasquez - RT",,"#97 Robert Anders - RDE",,"#73 Charles Donnelly - DT","#63 Philip Zuniga - LDE","#95 Francisco Martinez - RDE","#58 Tim ""Ripper"" Owens - MLB","#98 Harold Messick - WLB",,"#91 Carlos Smith - SLB","#21 Carlos Morrison - FS","#49 Mark Vargas - FS",,,,"#23 Clarence Isaacs - SS","#40 Keith Mason - CB",,,,,,,,,,,,,,,,,,,,,,,,,,,,,,,,,,,,
HOU,4:36,"CIN 13",2,1,10,"I Formation 3WR FL Post","Dime Normal Man Cover 1",,14,0,"1-10-CIN 13 (4:35) 6-Joseph Eady pass Pass knocked down by 40-Keith Mason. incomplete, intended for 23-Tracy Lopez.","#6 Joseph Eady - QB","#23 Tracy Lopez - WR",,,"#84 Joseph McCasland - RB",,,"#81 Kelvin McMillan - WR","#11 John Gomez - WR","#80 Edgardo Murray - WR",,,"#79 Charles Linder - LT","#70 Daniel Paige - LG","#69 Jose Brooks - C","#73 Emmanuel Wallace - RG","#66 James Velasquez - RT",,"#97 Robert Anders - RDE",,"#73 Charles Donnelly - DT","#63 Philip Zuniga - LDE","#95 Francisco Martinez - RDE",,"#58 Tim ""Ripper"" Owens - MLB",,,"#49 Mark Vargas - FS","#24 Alan Drake - CB","#40 Keith Mason - CB","#91 Carlos Smith - SLB",,"#23 Clarence Isaacs - SS","#21 Carlos Morrison - FS",,,,,,,,,,,,,,,,,,,,,,,,,,,,,,,,,,,,
HOU,4:30,"CIN 13",2,2,10,"Shotgun Normal HB Flare","3-4 Normal Man Cover 1",,14,0,"2-10-CIN 13 (4:31) 6-Joseph Eady pass INTERCEPTED by 40-Keith Mason at CIN 2. 40-Keith Mason to CIN 2 for -0 yards. Tackle by 89-John Lewis. 40-Keith Mason got away with a hold on that play.","#6 Joseph Eady - QB","#82 Brian Ramirez - WR",,,,"#84 Joseph McCasland - RB",,"#80 Edgardo Murray - WR","#89 John Lewis - WR","#11 John Gomez - WR",,,"#79 Charles Linder - LT","#70 Daniel Paige - LG","#69 Jose Brooks - C","#73 Emmanuel Wallace - RG","#66 James Velasquez - RT",,"#97 Robert Anders - RDE",,"#73 Charles Donnelly - DT",,"#95 Francisco Martinez - RDE","#53 Albert Pierrepoint - WLB","#91 Carlos Smith - SLB","#48 Anthony Hutchinson - SLB","#98 Harold Messick - WLB","#26 Angelo Seiler - CB","#21 Carlos Morrison - FS",,,,"#23 Clarence Isaacs - SS","#40 Keith Mason - CB",,,,,,,,,,,,,,,,,,,,,,,,,,,,,,,,,,,,
CIN,4:27,"CIN 2",2,1,10,"I Formation Twin WR Hard Slants","4-3 Normal WLB Outside Blitz",,14,0,"1-10-CIN 2 (4:28) 18-Remy Beauchamp  pass Pass knocked down by 33-Roger Trimmer. incomplete, intended for 11-Mike Bunch.","#18 Remy Beauchamp  - QB","#44 John Pine - RB",,,"#22 Jameson Kelly - WR","#85 Joseph Moore - WR",,"#11 Mike Bunch - WR",,"#29 James Gonzalas - RB",,,"#71 Thomas Morneau - LT","#60 Ricky Hicks - LG","#55 Anthony Struck - C","#74 Gerard White - RG","#67 Craig Teel - RT",,"#92 Odell Paschke - LDE",,"#64 Charles Harris - RDE","#64 Bret Walton - DT","#96 Peter Grant - RDE","#59 Andre Wade - WLB","#51 Robert Mann - WLB",,"#56 Stanley Shade - WLB","#33 Roger Trimmer - CB","#20 Matthew Scott - CB",,,,"#44 Delbert Bealer - CB","#27 Kyle Locklin - CB",,,,,,,,,,,,,,,,,,,,,,,,,,,,,,,,,,,,
CIN,4:24,"CIN 2",2,2,10,"I Formation Twin WR Quick Outs","4-3 Normal WLB Outside Blitz",5,14,0,"2-10-CIN 2 (4:25) 18-Remy Beauchamp  pass complete to 85-Joseph Moore to CIN 7 for 5 yards. Tackle by 44-Delbert Bealer. 27-Kyle Locklin got away with a hold on that play.","#18 Remy Beauchamp  - QB","#44 John Pine - RB",,,"#22 Jameson Kelly - WR","#85 Joseph Moore - WR",,"#11 Mike Bunch - WR",,"#29 James Gonzalas - RB",,,"#71 Thomas Morneau - LT","#60 Ricky Hicks - LG","#55 Anthony Struck - C","#74 Gerard White - RG","#67 Craig Teel - RT",,"#92 Odell Paschke - LDE",,"#64 Charles Harris - RDE","#64 Bret Walton - DT","#96 Peter Grant - RDE","#59 Andre Wade - WLB","#51 Robert Mann - WLB",,"#56 Stanley Shade - WLB","#33 Roger Trimmer - CB","#20 Matthew Scott - CB",,,,"#44 Delbert Bealer - CB","#27 Kyle Locklin - CB",,,,,,,,,,,,,,,,,,,,,,,,,,,,,,,,,,,,
CIN,3:50,"CIN 7",2,3,5,"Split Backs 3 Wide WR Quick Out","4-3 Normal Man Under 1",,14,0,"3-5-CIN 7 (3:49) 18-Remy Beauchamp  pass incomplete, dropped by 85-Joseph Moore.","#18 Remy Beauchamp  - QB","#85 Joseph Moore - WR",,,"#22 Jameson Kelly - WR",,,"#29 James Gonzalas - RB","#11 Mike Bunch - WR","#14 Kristopher Dobbins - WR",,,"#71 Thomas Morneau - LT","#60 Ricky Hicks - LG","#55 Anthony Struck - C","#74 Gerard White - RG","#67 Craig Teel - RT",,"#92 Odell Paschke - LDE",,"#64 Charles Harris - RDE","#64 Bret Walton - DT","#96 Peter Grant - RDE","#59 Andre Wade - WLB","#51 Robert Mann - WLB",,"#56 Stanley Shade - WLB","#33 Roger Trimmer - CB","#20 Matthew Scott - CB",,,,"#44 Delbert Bealer - CB","#27 Kyle Locklin - CB",,,,,,,,,,,,,,,,,,,,,,,,,,,,,,,,,,,,
CIN,3:44,"CIN 7",2,4,5,Punt,"Punt Return",,14,0,"4-5-CIN 7 (3:45) 7-Leonard Hyde punts 47 yards to HOU 46. Fair Catch by 42-Robert Cady.",,,,,,,,,,,,,,,,,,"#7 Leonard Hyde - P",,,,,,,,,,,,,,,,,,,"#68 Roderick Price - RG",,"#42 Robert Cady - WR",,,"#56 Stanley Shade - WLB","#63 Wallace King - LDE","#44 Delbert Bealer - CB",,"#20 Matthew Scott - CB","#57 William Snow - WLB",,"#50 Samual Brown - WLB",,,,"#67 Craig Teel - RT","#60 Ricky Hicks - LG","#22 Jameson Kelly - WR","#71 Thomas Morneau - LT","#55 Anthony Struck - C","#61 John Balfour - RT",,"#64 Bret Walton - DT","#92 Odell Paschke - LDE","#51 Robert Mann - WLB","#96 Peter Grant - RDE",,,,,,,
HOU,3:38,"HOU 46",2,1,10,"Weak I Normal HB Inside Weak","3-4 Normal Man Cover 1",17,14,0,"1-10-HOU 46 (3:39) 23-Tracy Lopez ran to CIN 37 for 17 yards. Tackle by 98-Harold Messick.","#6 Joseph Eady - QB","#23 Tracy Lopez - WR",,,"#83 Clinton Anderson - RB","#84 Joseph McCasland - RB",,"#81 Kelvin McMillan - WR",,"#80 Edgardo Murray - WR",,,"#79 Charles Linder - LT","#70 Daniel Paige - LG","#69 Jose Brooks - C","#73 Emmanuel Wallace - RG","#66 James Velasquez - RT",,"#97 Robert Anders - RDE",,"#73 Charles Donnelly - DT",,"#95 Francisco Martinez - RDE","#53 Albert Pierrepoint - WLB","#98 Harold Messick - WLB","#91 Carlos Smith - SLB","#58 Tim ""Ripper"" Owens - MLB","#26 Angelo Seiler - CB","#47 Francis Thornton - CB",,,,"#23 Clarence Isaacs - SS","#21 Carlos Morrison - FS",,,,,,,,,,,,,,,,,,,,,,,,,,,,,,,,,,,,
HOU,2:59,"CIN 37",2,1,10,"Shotgun Normal HB Flare","4-3 Under Crash Right",,14,0,"1-10-CIN 37 (2:58) 6-Joseph Eady pass Pass knocked down by 58-Tim ""Ripper"" Owens. incomplete, intended for 84-Joseph McCasland.","#6 Joseph Eady - QB","#82 Brian Ramirez - WR",,,,"#84 Joseph McCasland - RB",,"#81 Kelvin McMillan - WR","#11 John Gomez - WR","#80 Edgardo Murray - WR",,,"#79 Charles Linder - LT","#70 Daniel Paige - LG","#69 Jose Brooks - C","#73 Emmanuel Wallace - RG","#66 James Velasquez - RT",,"#97 Robert Anders - RDE",,"#73 Charles Donnelly - DT","#63 Philip Zuniga - LDE","#95 Francisco Martinez - RDE","#58 Tim ""Ripper"" Owens - MLB","#91 Carlos Smith - SLB",,"#53 Albert Pierrepoint - WLB","#21 Carlos Morrison - FS","#49 Mark Vargas - FS",,,,"#23 Clarence Isaacs - SS","#40 Keith Mason - CB",,,,,,,,,,,,,,,,,,,,,,,,,,,,,,,,,,,,
HOU,2:54,"CIN 37",2,2,10,"Weak I Big WR Post TE Out","4-3 Normal WLB MLB Blitz",1,14,0,"2-10-CIN 37 (2:55) 6-Joseph Eady pass complete to 82-Brian Ramirez to CIN 36 for 1 yards. Tackle by 23-Clarence Isaacs.","#6 Joseph Eady - QB","#82 Brian Ramirez - WR",,,"#72 Lawrence Downing - C","#84 Joseph McCasland - RB","#83 Clinton Anderson - RB","#81 Kelvin McMillan - WR",,,,,"#79 Charles Linder - LT","#70 Daniel Paige - LG","#69 Jose Brooks - C","#73 Emmanuel Wallace - RG","#66 James Velasquez - RT",,"#97 Robert Anders - RDE",,"#73 Charles Donnelly - DT","#63 Philip Zuniga - LDE","#95 Francisco Martinez - RDE","#58 Tim ""Ripper"" Owens - MLB","#98 Harold Messick - WLB",,"#91 Carlos Smith - SLB","#21 Carlos Morrison - FS","#49 Mark Vargas - FS",,,,"#23 Clarence Isaacs - SS","#40 Keith Mason - CB",,,,,,,,,,,,,,,,,,,,,,,,,,,,,,,,,,,,
HOU,2:13,"CIN 36",2,3,9,"Shotgun Normal HB Flare","4-3 Under Crash Right",16,14,0,"3-9-CIN 36 (2:12) 6-Joseph Eady pass complete to 11-John Gomez to CIN 19 for 16 yards. Tackle by 23-Clarence Isaacs.","#6 Joseph Eady - QB","#23 Tracy Lopez - WR",,,,"#84 Joseph McCasland - RB",,"#81 Kelvin McMillan - WR","#11 John Gomez - WR","#80 Edgardo Murray - WR",,,"#79 Charles Linder - LT","#70 Daniel Paige - LG","#69 Jose Brooks - C","#73 Emmanuel Wallace - RG","#66 James Velasquez - RT",,"#97 Robert Anders - RDE",,"#73 Charles Donnelly - DT","#63 Philip Zuniga - LDE","#95 Francisco Martinez - RDE","#58 Tim ""Ripper"" Owens - MLB","#91 Carlos Smith - SLB",,"#53 Albert Pierrepoint - WLB","#21 Carlos Morrison - FS","#49 Mark Vargas - FS",,,,"#23 Clarence Isaacs - SS","#40 Keith Mason - CB",,,,,,,,,,,,,,,,,,,,,,,,,,,,,,,,,,,,
,2:00,,2,1,10,,,,14,0,"Timeout for two minute warning.",,,,,,,,,,,,,,,,,,,,,,,,,,,,,,,,,,,,,,,,,,,,,,,,,,,,,,,,,,,,,,,,,,,,,,
HOU,2:00,"CIN 19",2,1,10,"Shotgun 2 RB 3 WR Shotgun Dive","Dime Normal Man Cover 1",,14,0,"1-10-CIN 19 (2:00) 82-Brian Ramirez ran to CIN 19 for a short gain. Tackle by 63-Philip Zuniga.","#6 Joseph Eady - QB","#82 Brian Ramirez - WR","#16 Lee McCourt - WR",,,,,"#81 Kelvin McMillan - WR","#11 John Gomez - WR","#80 Edgardo Murray - WR",,,"#79 Charles Linder - LT","#70 Daniel Paige - LG","#69 Jose Brooks - C","#73 Emmanuel Wallace - RG","#66 James Velasquez - RT",,"#97 Robert Anders - RDE",,"#73 Charles Donnelly - DT","#63 Philip Zuniga - LDE","#95 Francisco Martinez - RDE",,"#58 Tim ""Ripper"" Owens - MLB",,,"#49 Mark Vargas - FS","#24 Alan Drake - CB","#40 Keith Mason - CB","#91 Carlos Smith - SLB",,"#47 Francis Thornton - CB","#21 Carlos Morrison - FS",,,,,,,,,,,,,,,,,,,,,,,,,,,,,,,,,,,,
HOU,1:30,"CIN 19",2,2,10,"I Formation Normal FL Hitch","4-3 Normal OLB Blitz Outside",,14,0,"2-10-CIN 19 (1:29) 6-Joseph Eady pass Pass knocked down by 98-Harold Messick. incomplete, intended for 84-Joseph McCasland.","#6 Joseph Eady - QB","#23 Tracy Lopez - WR",,,"#83 Clinton Anderson - RB","#84 Joseph McCasland - RB",,"#81 Kelvin McMillan - WR",,"#80 Edgardo Murray - WR",,,"#79 Charles Linder - LT","#70 Daniel Paige - LG","#69 Jose Brooks - C","#73 Emmanuel Wallace - RG","#66 James Velasquez - RT",,"#97 Robert Anders - RDE",,"#73 Charles Donnelly - DT","#63 Philip Zuniga - LDE","#95 Francisco Martinez - RDE","#58 Tim ""Ripper"" Owens - MLB","#98 Harold Messick - WLB",,"#91 Carlos Smith - SLB","#21 Carlos Morrison - FS","#49 Mark Vargas - FS",,,,"#23 Clarence Isaacs - SS","#40 Keith Mason - CB",,,,,,,,,,,,,,,,,,,,,,,,,,,,,,,,,,,,
HOU,1:25,"CIN 19",2,3,10,"Shotgun Normal TE Out","Nickel Normal Double WR2",-10,14,0,"3-10-CIN 19 (1:26) 6-Joseph Eady sacked at CIN 29 for -10 yards (95-Francisco Martinez). Sack allowed by 79-Charles Linder.","#6 Joseph Eady - QB","#23 Tracy Lopez - WR",,,,"#84 Joseph McCasland - RB",,"#81 Kelvin McMillan - WR","#11 John Gomez - WR","#80 Edgardo Murray - WR",,,"#79 Charles Linder - LT","#70 Daniel Paige - LG","#69 Jose Brooks - C","#73 Emmanuel Wallace - RG","#66 James Velasquez - RT",,"#97 Robert Anders - RDE",,"#73 Charles Donnelly - DT","#63 Philip Zuniga - LDE","#95 Francisco Martinez - RDE",,"#58 Tim ""Ripper"" Owens - MLB",,"#91 Carlos Smith - SLB","#49 Mark Vargas - FS","#24 Alan Drake - CB",,"#40 Keith Mason - CB",,"#23 Clarence Isaacs - SS","#21 Carlos Morrison - FS",,,,,,,,,,,,,,,,,,,,,,,,,,,,,,,,,,,,
HOU,0:43,"CIN 29",2,4,19,"Field Goal","FG Block",39,17,0,"4-19-CIN 29 (0:42) 18-William Pope 46 yard field goal is GOOD. HOU 17 CIN 0",,,,,,,,,,,,,,,,,,,,,,,,,,,,,,,,,,,,"#17 Bruce Shadrick - QB","#69 Jose Brooks - C",,,,,,,,,,,,,,"#18 William Pope - K","#70 Daniel Paige - LG","#66 James Velasquez - RT","#60 Matthew Bell - RG","#84 Joseph McCasland - RB","#73 Emmanuel Wallace - RG","#72 Lawrence Downing - C","#77 Eric Mitchell - LT","#79 Charles Linder - LT","#95 Francisco Martinez - RDE","#97 Robert Anders - RDE","#53 Albert Pierrepoint - WLB","#91 Carlos Smith - SLB","#73 Charles Donnelly - DT","#58 Tim ""Ripper"" Owens - MLB","#63 Philip Zuniga - LDE","#51 Harry Crain - RDE","#92 John Mansell - RDE","#90 Charles Bowman - WLB","#98 Harold Messick - WLB"
HOU,0:38,"HOU 35",2,6,10,Kickoff,"Kick Return",,17,0,"(0:39) 18-William Pope kicks 75 yards from HOU 35 to CIN -10. Touchback.",,,,,,,,,,,,,,,,,,,,,,,,,,,,,,,,,,,,,,"#11 Mike Bunch - WR",,"#53 Albert Pierrepoint - WLB","#26 Angelo Seiler - CB","#40 Keith Mason - CB","#21 Carlos Morrison - FS","#91 Carlos Smith - SLB","#47 Francis Thornton - CB","#24 Alan Drake - CB","#23 Clarence Isaacs - SS","#97 Robert Anders - RDE","#49 Mark Vargas - FS","#18 William Pope - K",,,,,,,,,,,,,,,,,,,,
CIN,0:38,"CIN 25",2,1,10,"Shotgun 2 RB 3 WR RB Curls","4-3 Normal Double WR3",5,17,0,"1-10-CIN 25 (0:39) 18-Remy Beauchamp  pass complete to 85-Joseph Moore to CIN 30 for 5 yards. Tackle by 56-Stanley Shade. 85-Joseph Moore did some fancy footwork there.","#18 Remy Beauchamp  - QB","#22 Jameson Kelly - WR","#29 James Gonzalas - RB",,,,,"#44 John Pine - RB","#11 Mike Bunch - WR","#85 Joseph Moore - WR",,,"#71 Thomas Morneau - LT","#60 Ricky Hicks - LG","#55 Anthony Struck - C","#74 Gerard White - RG","#67 Craig Teel - RT",,"#92 Odell Paschke - LDE",,"#64 Charles Harris - RDE","#64 Bret Walton - DT","#96 Peter Grant - RDE","#59 Andre Wade - WLB","#51 Robert Mann - WLB",,"#56 Stanley Shade - WLB","#33 Roger Trimmer - CB","#20 Matthew Scott - CB",,,,"#44 Delbert Bealer - CB","#27 Kyle Locklin - CB",,,,,,,,,,,,,,,,,,,,,,,,,,,,,,,,,,,,
,0:00,,2,2,5,,,,17,0,"End of half.",,,,,,,,,,,,,,,,,,,,,,,,,,,,,,,,,,,,,,,,,,,,,,,,,,,,,,,,,,,,,,,,,,,,,,
HOU,15:00,"HOU 35",3,6,10,Kickoff,"Kick Return",,17,0,"(15:00) 18-William Pope kicks 73 yards from HOU 35 to CIN -8. Touchback.",,,,,,,,,,,,,,,,,,,,,,,,,,,,,,,,,,,,,,"#11 Mike Bunch - WR",,"#53 Albert Pierrepoint - WLB","#26 Angelo Seiler - CB","#40 Keith Mason - CB","#21 Carlos Morrison - FS","#91 Carlos Smith - SLB","#47 Francis Thornton - CB","#24 Alan Drake - CB","#23 Clarence Isaacs - SS","#97 Robert Anders - RDE","#49 Mark Vargas - FS","#18 William Pope - K",,,,,,,,,,,,,,,,,,,,
CIN,15:00,"CIN 25",3,1,10,"Shotgun 5 Wide Parallel Slants","Dime Normal Double WR1 WR2",,17,0,"1-10-CIN 25 (15:00) 18-Remy Beauchamp  pass Pass knocked down by 20-Matthew Scott. incomplete, intended for 22-Jameson Kelly.","#18 Remy Beauchamp  - QB",,,,,,,"#29 James Gonzalas - RB","#22 Jameson Kelly - WR","#14 Kristopher Dobbins - WR","#11 Mike Bunch - WR","#85 Joseph Moore - WR","#71 Thomas Morneau - LT","#60 Ricky Hicks - LG","#55 Anthony Struck - C","#74 Gerard White - RG","#67 Craig Teel - RT",,"#92 Odell Paschke - LDE",,"#64 Charles Harris - RDE","#64 Bret Walton - DT","#96 Peter Grant - RDE",,"#51 Robert Mann - WLB",,,"#33 Roger Trimmer - CB","#20 Matthew Scott - CB","#25 Michael Avila - CB","#43 Paul Powers - CB",,"#44 Delbert Bealer - CB","#27 Kyle Locklin - CB",,,,,,,,,,,,,,,,,,,,,,,,,,,,,,,,,,,,
CIN,14:56,"CIN 25",3,2,10,"Singleback Normal SE Quick Hit","4-3 Normal Double WR3",,17,0,"2-10-CIN 25 (14:57) 18-Remy Beauchamp  pass Pass knocked down by 27-Kyle Locklin. incomplete, intended for 85-Joseph Moore.","#18 Remy Beauchamp  - QB","#29 James Gonzalas - RB",,,,"#22 Jameson Kelly - WR",,"#14 Kristopher Dobbins - WR","#85 Joseph Moore - WR","#11 Mike Bunch - WR",,,"#71 Thomas Morneau - LT","#60 Ricky Hicks - LG","#55 Anthony Struck - C","#74 Gerard White - RG","#67 Craig Teel - RT",,"#92 Odell Paschke - LDE",,"#64 Charles Harris - RDE","#64 Bret Walton - DT","#96 Peter Grant - RDE","#59 Andre Wade - WLB","#51 Robert Mann - WLB",,"#56 Stanley Shade - WLB","#33 Roger Trimmer - CB","#20 Matthew Scott - CB",,,,"#44 Delbert Bealer - CB","#27 Kyle Locklin - CB",,,,,,,,,,,,,,,,,,,,,,,,,,,,,,,,,,,,
CIN,14:54,"CIN 25",3,3,10,"Singleback Normal SE Quick Hit","4-3 Normal Double WR3",2,17,0,"3-10-CIN 25 (14:55) 18-Remy Beauchamp  pass complete to 29-James Gonzalas to CIN 27 for 2 yards. Tackle by 59-Andre Wade.","#18 Remy Beauchamp  - QB","#29 James Gonzalas - RB",,,,"#22 Jameson Kelly - WR",,"#14 Kristopher Dobbins - WR","#85 Joseph Moore - WR","#11 Mike Bunch - WR",,,"#71 Thomas Morneau - LT","#60 Ricky Hicks - LG","#55 Anthony Struck - C","#74 Gerard White - RG","#67 Craig Teel - RT",,"#92 Odell Paschke - LDE",,"#64 Charles Harris - RDE","#64 Bret Walton - DT","#96 Peter Grant - RDE","#59 Andre Wade - WLB","#51 Robert Mann - WLB",,"#56 Stanley Shade - WLB","#33 Roger Trimmer - CB","#20 Matthew Scott - CB",,,,"#44 Delbert Bealer - CB","#27 Kyle Locklin - CB",,,,,,,,,,,,,,,,,,,,,,,,,,,,,,,,,,,,
CIN,14:15,"CIN 27",3,4,8,Punt,"Punt Return",,17,0,"4-8-CIN 27 (14:14) 7-Leonard Hyde punts 45 yards to HOU 28. Fair Catch by 42-Robert Cady.",,,,,,,,,,,,,,,,,,"#7 Leonard Hyde - P",,,,,,,,,,,,,,,,,,,"#68 Roderick Price - RG",,"#42 Robert Cady - WR",,,"#56 Stanley Shade - WLB","#63 Wallace King - LDE","#44 Delbert Bealer - CB",,"#20 Matthew Scott - CB","#57 William Snow - WLB",,"#50 Samual Brown - WLB",,,,"#67 Craig Teel - RT","#60 Ricky Hicks - LG","#22 Jameson Kelly - WR","#71 Thomas Morneau - LT","#55 Anthony Struck - C","#61 John Balfour - RT",,"#50 Brian Jones - LDE","#92 Odell Paschke - LDE","#96 Peter Grant - RDE","#64 Bret Walton - DT",,,,,,,
HOU,14:06,"HOU 28",3,1,10,"Shotgun Normal HB Flare","4-3 Normal WLB MLB Blitz",12,17,0,"1-10-HOU 28 (14:07) 6-Joseph Eady pass complete to 11-John Gomez to HOU 40 for 12 yards. Tackle by 21-Carlos Morrison.","#6 Joseph Eady - QB","#23 Tracy Lopez - WR",,,,"#84 Joseph McCasland - RB",,"#81 Kelvin McMillan - WR","#11 John Gomez - WR","#80 Edgardo Murray - WR",,,"#79 Charles Linder - LT","#70 Daniel Paige - LG","#69 Jose Brooks - C","#73 Emmanuel Wallace - RG","#66 James Velasquez - RT",,"#97 Robert Anders - RDE",,"#73 Charles Donnelly - DT","#63 Philip Zuniga - LDE","#95 Francisco Martinez - RDE","#58 Tim ""Ripper"" Owens - MLB","#98 Harold Messick - WLB",,"#91 Carlos Smith - SLB","#26 Angelo Seiler - CB","#49 Mark Vargas - FS",,,,"#23 Clarence Isaacs - SS","#21 Carlos Morrison - FS",,,,,,,,,,,,,,,,,,,,,,,,,,,,,,,,,,,,
HOU,13:27,"HOU 40",3,1,10,"I Formation Power Play Action HB Downfield","4-3 Normal OLB Blitz Outside",61,23,0,"1-10-HOU 40 (13:26) 6-Joseph Eady pass complete to 84-Joseph McCasland for 60 yards. TOUCHDOWN! Great move by 84-Joseph McCasland to get free of his coverage. HOU 23 CIN 0","#6 Joseph Eady - QB","#23 Tracy Lopez - WR",,"#72 Lawrence Downing - C","#83 Clinton Anderson - RB","#84 Joseph McCasland - RB",,"#81 Kelvin McMillan - WR",,,,,"#79 Charles Linder - LT","#70 Daniel Paige - LG","#69 Jose Brooks - C","#73 Emmanuel Wallace - RG","#66 James Velasquez - RT",,"#97 Robert Anders - RDE",,"#73 Charles Donnelly - DT","#63 Philip Zuniga - LDE","#95 Francisco Martinez - RDE","#58 Tim ""Ripper"" Owens - MLB","#98 Harold Messick - WLB",,"#91 Carlos Smith - SLB","#21 Carlos Morrison - FS","#49 Mark Vargas - FS",,,,"#23 Clarence Isaacs - SS","#40 Keith Mason - CB",,,,,,,,,,,,,,,,,,,,,,,,,,,,,,,,,,,,
HOU,13:16,"CIN 15",3,7,15,"Field Goal","FG Block",26,24,0,"(13:17) Extra point GOOD by 18-William Pope. HOU 24 CIN 0",,,,,,,,,,,,,,,,,,,,,,,,,,,,,,,,,,,,"#17 Bruce Shadrick - QB","#69 Jose Brooks - C",,,,,,,,,,,,,,"#18 William Pope - K","#83 Clinton Anderson - RB","#77 Eric Mitchell - LT","#66 James Velasquez - RT","#73 Emmanuel Wallace - RG","#72 Lawrence Downing - C","#60 Matthew Bell - RG","#79 Charles Linder - LT","#70 Daniel Paige - LG","#92 John Mansell - RDE","#97 Robert Anders - RDE","#53 Albert Pierrepoint - WLB","#91 Carlos Smith - SLB","#58 Tim ""Ripper"" Owens - MLB","#98 Harold Messick - WLB","#95 Francisco Martinez - RDE","#90 Charles Bowman - WLB","#51 Harry Crain - RDE","#63 Philip Zuniga - LDE","#73 Charles Donnelly - DT"
HOU,13:16,"HOU 35",3,6,10,Kickoff,"Kick Return",,24,0,"(13:17) 18-William Pope kicks 74 yards from HOU 35 to CIN -9. Touchback.",,,,,,,,,,,,,,,,,,,,,,,,,,,,,,,,,,,,,,"#11 Mike Bunch - WR",,"#53 Albert Pierrepoint - WLB","#23 Clarence Isaacs - SS","#24 Alan Drake - CB","#40 Keith Mason - CB","#91 Carlos Smith - SLB","#49 Mark Vargas - FS","#21 Carlos Morrison - FS","#26 Angelo Seiler - CB","#97 Robert Anders - RDE","#47 Francis Thornton - CB","#18 William Pope - K",,,,,,,,,,,,,,,,,,,,
CIN,13:16,"CIN 25",3,1,10,"Singleback Normal SE Quick Hit","4-3 Normal WLB Outside Blitz",1,24,0,"1-10-CIN 25 (13:17) 18-Remy Beauchamp  pass complete to 29-James Gonzalas to CIN 26 for 1 yards. Tackle by 44-Delbert Bealer. Great move by 29-James Gonzalas to get free of his coverage.","#18 Remy Beauchamp  - QB","#29 James Gonzalas - RB",,,,"#22 Jameson Kelly - WR",,"#14 Kristopher Dobbins - WR","#85 Joseph Moore - WR","#11 Mike Bunch - WR",,,"#71 Thomas Morneau - LT","#60 Ricky Hicks - LG","#55 Anthony Struck - C","#74 Gerard White - RG","#67 Craig Teel - RT",,"#92 Odell Paschke - LDE",,"#64 Charles Harris - RDE","#64 Bret Walton - DT","#96 Peter Grant - RDE","#59 Andre Wade - WLB","#51 Robert Mann - WLB",,"#56 Stanley Shade - WLB","#33 Roger Trimmer - CB","#20 Matthew Scott - CB",,,,"#44 Delbert Bealer - CB","#27 Kyle Locklin - CB",,,,,,,,,,,,,,,,,,,,,,,,,,,,,,,,,,,,
CIN,12:44,"CIN 26",3,2,9,"Singleback Empty 4 Short Posts","Dime Normal Double WR1 WR2",,24,0,"2-9-CIN 26 (12:43) 18-Remy Beauchamp  pass Pass knocked down by 51-Robert Mann. incomplete, intended for 22-Jameson Kelly.","#18 Remy Beauchamp  - QB",,,,,"#22 Jameson Kelly - WR",,"#83 Juan Hardy - WR","#85 Joseph Moore - WR","#11 Mike Bunch - WR","#14 Kristopher Dobbins - WR",,"#71 Thomas Morneau - LT","#60 Ricky Hicks - LG","#55 Anthony Struck - C","#74 Gerard White - RG","#67 Craig Teel - RT",,"#92 Odell Paschke - LDE",,"#64 Charles Harris - RDE","#64 Bret Walton - DT","#96 Peter Grant - RDE",,"#51 Robert Mann - WLB",,,"#33 Roger Trimmer - CB","#20 Matthew Scott - CB","#25 Michael Avila - CB","#43 Paul Powers - CB",,"#44 Delbert Bealer - CB","#27 Kyle Locklin - CB",,,,,,,,,,,,,,,,,,,,,,,,,,,,,,,,,,,,
CIN,12:39,"CIN 26",3,3,9,"Shotgun 5 Wide Parallel Slants","Dime Normal Double WR1 WR2",,24,0,"3-9-CIN 26 (12:40) 18-Remy Beauchamp  pass Pass knocked down by 50-Samual Brown. incomplete, intended for 85-Joseph Moore.","#18 Remy Beauchamp  - QB",,,,,,,"#29 James Gonzalas - RB","#22 Jameson Kelly - WR","#14 Kristopher Dobbins - WR","#11 Mike Bunch - WR","#85 Joseph Moore - WR","#71 Thomas Morneau - LT","#60 Ricky Hicks - LG","#55 Anthony Struck - C","#74 Gerard White - RG","#67 Craig Teel - RT",,"#92 Odell Paschke - LDE",,"#64 Charles Harris - RDE","#64 Bret Walton - DT","#96 Peter Grant - RDE",,"#50 Samual Brown - WLB",,,"#33 Roger Trimmer - CB","#43 Paul Powers - CB","#56 Stanley Shade - WLB","#25 Michael Avila - CB",,"#44 Delbert Bealer - CB","#27 Kyle Locklin - CB",,,,,,,,,,,,,,,,,,,,,,,,,,,,,,,,,,,,
CIN,12:37,"CIN 26",3,4,9,Punt,"Punt Return",,24,0,"4-9-CIN 26 (12:38) 7-Leonard Hyde punts 48 yards to HOU 26. 42-Robert Cady to HOU 28 for 3 yards. Tackle by 40-Keith Mason. 20-Matthew Scott totally missed that block.",,,,,,,,,,,,,,,,,,"#7 Leonard Hyde - P",,,,,,,,,,,,,,,,,,,"#68 Roderick Price - RG",,"#42 Robert Cady - WR",,,"#51 Robert Mann - WLB","#63 Wallace King - LDE","#44 Delbert Bealer - CB",,"#20 Matthew Scott - CB","#57 William Snow - WLB",,"#50 Samual Brown - WLB",,,,"#67 Craig Teel - RT","#60 Ricky Hicks - LG","#22 Jameson Kelly - WR","#71 Thomas Morneau - LT","#55 Anthony Struck - C","#61 John Balfour - RT",,"#64 Bret Walton - DT","#92 Odell Paschke - LDE","#56 Stanley Shade - WLB","#96 Peter Grant - RDE",,,,,,,
HOU,12:29,"HOU 28",3,1,10,"I Formation Normal FL Hitch","4-3 Normal OLB Blitz Outside",8,24,0,"1-10-HOU 28 (12:30) 6-Joseph Eady pass complete to 81-Kelvin McMillan to HOU 36 for 8 yards. Tackle by 47-Francis Thornton.","#6 Joseph Eady - QB","#23 Tracy Lopez - WR",,,"#83 Clinton Anderson - RB","#84 Joseph McCasland - RB",,"#81 Kelvin McMillan - WR",,"#80 Edgardo Murray - WR",,,"#79 Charles Linder - LT","#70 Daniel Paige - LG","#69 Jose Brooks - C","#73 Emmanuel Wallace - RG","#66 James Velasquez - RT",,"#97 Robert Anders - RDE",,"#73 Charles Donnelly - DT","#63 Philip Zuniga - LDE","#95 Francisco Martinez - RDE","#58 Tim ""Ripper"" Owens - MLB","#98 Harold Messick - WLB",,"#90 Charles Bowman - WLB","#21 Carlos Morrison - FS","#49 Mark Vargas - FS",,,,"#23 Clarence Isaacs - SS","#47 Francis Thornton - CB",,,,,,,,,,,,,,,,,,,,,,,,,,,,,,,,,,,,
HOU,11:48,"HOU 36",3,2,2,"Strong I Normal HB Off Tackle Strong","4-3 Normal OLB Blitz Outside",3,24,0,"2-2-HOU 36 (11:47) 82-Brian Ramirez ran to HOU 39 for 3 yards. Tackle by 97-Robert Anders. 84-Joseph McCasland was completely beat on that play.","#6 Joseph Eady - QB","#82 Brian Ramirez - WR",,,"#83 Clinton Anderson - RB","#84 Joseph McCasland - RB",,"#81 Kelvin McMillan - WR",,"#80 Edgardo Murray - WR",,,"#79 Charles Linder - LT","#70 Daniel Paige - LG","#69 Jose Brooks - C","#73 Emmanuel Wallace - RG","#66 James Velasquez - RT",,"#97 Robert Anders - RDE",,"#73 Charles Donnelly - DT","#63 Philip Zuniga - LDE","#95 Francisco Martinez - RDE","#58 Tim ""Ripper"" Owens - MLB","#98 Harold Messick - WLB",,"#91 Carlos Smith - SLB","#21 Carlos Morrison - FS","#49 Mark Vargas - FS",,,,"#23 Clarence Isaacs - SS","#40 Keith Mason - CB",,,,,,,,,,,,,,,,,,,,,,,,,,,,,,,,,,,,
HOU,11:06,"HOU 39",3,1,10,"Weak I Normal HB Inside Weak","4-3 Normal WLB MLB Blitz",1,24,0,"1-10-HOU 39 (11:05) 23-Tracy Lopez ran to HOU 40 for 1 yards. Tackle by 98-Harold Messick.","#6 Joseph Eady - QB","#23 Tracy Lopez - WR",,,"#83 Clinton Anderson - RB","#84 Joseph McCasland - RB",,"#81 Kelvin McMillan - WR",,"#80 Edgardo Murray - WR",,,"#79 Charles Linder - LT","#70 Daniel Paige - LG","#69 Jose Brooks - C","#73 Emmanuel Wallace - RG","#66 James Velasquez - RT",,"#97 Robert Anders - RDE",,"#73 Charles Donnelly - DT","#63 Philip Zuniga - LDE","#95 Francisco Martinez - RDE","#58 Tim ""Ripper"" Owens - MLB","#98 Harold Messick - WLB",,"#91 Carlos Smith - SLB","#21 Carlos Morrison - FS","#49 Mark Vargas - FS",,,,"#23 Clarence Isaacs - SS","#40 Keith Mason - CB",,,,,,,,,,,,,,,,,,,,,,,,,,,,,,,,,,,,
HOU,10:26,"HOU 40",3,2,9,"I Formation 3WR FL Post","4-3 Normal WLB MLB Blitz",20,24,0,"2-9-HOU 40 (10:25) 6-Joseph Eady pass complete to 23-Tracy Lopez to CIN 40 for 20 yards. Tackle by 23-Clarence Isaacs.","#6 Joseph Eady - QB","#23 Tracy Lopez - WR",,,"#84 Joseph McCasland - RB",,,"#81 Kelvin McMillan - WR","#11 John Gomez - WR","#80 Edgardo Murray - WR",,,"#79 Charles Linder - LT","#70 Daniel Paige - LG","#69 Jose Brooks - C","#73 Emmanuel Wallace - RG","#66 James Velasquez - RT",,"#97 Robert Anders - RDE",,"#73 Charles Donnelly - DT","#63 Philip Zuniga - LDE","#95 Francisco Martinez - RDE","#58 Tim ""Ripper"" Owens - MLB","#98 Harold Messick - WLB",,"#91 Carlos Smith - SLB","#21 Carlos Morrison - FS","#49 Mark Vargas - FS",,,,"#23 Clarence Isaacs - SS","#40 Keith Mason - CB",,,,,,,,,,,,,,,,,,,,,,,,,,,,,,,,,,,,
HOU,9:39,"CIN 40",3,1,10,"Strong I Normal HB Off Tackle Strong","3-4 Normal Man Cover 1",-1,24,0,"1-10-CIN 40 (9:38) 82-Brian Ramirez ran to CIN 41 for -1 yards. Tackle by 97-Robert Anders.","#6 Joseph Eady - QB","#82 Brian Ramirez - WR",,,"#83 Clinton Anderson - RB","#84 Joseph McCasland - RB",,"#81 Kelvin McMillan - WR",,"#80 Edgardo Murray - WR",,,"#79 Charles Linder - LT","#70 Daniel Paige - LG","#69 Jose Brooks - C","#73 Emmanuel Wallace - RG","#66 James Velasquez - RT",,"#97 Robert Anders - RDE",,"#73 Charles Donnelly - DT",,"#95 Francisco Martinez - RDE","#53 Albert Pierrepoint - WLB","#98 Harold Messick - WLB","#91 Carlos Smith - SLB","#58 Tim ""Ripper"" Owens - MLB","#26 Angelo Seiler - CB","#21 Carlos Morrison - FS",,,,"#23 Clarence Isaacs - SS","#40 Keith Mason - CB",,,,,,,,,,,,,,,,,,,,,,,,,,,,,,,,,,,,
HOU,9:03,"CIN 41",3,2,11,"I Formation 3WR Slot Short WR Deep","4-3 Under Crash Right",11,24,0,"2-11-CIN 41 (9:02) 6-Joseph Eady pass complete to 11-John Gomez to CIN 30 for 11 yards. Tackle by 40-Keith Mason.","#6 Joseph Eady - QB","#82 Brian Ramirez - WR",,,"#84 Joseph McCasland - RB",,,"#81 Kelvin McMillan - WR","#11 John Gomez - WR","#80 Edgardo Murray - WR",,,"#79 Charles Linder - LT","#70 Daniel Paige - LG","#69 Jose Brooks - C","#73 Emmanuel Wallace - RG","#66 James Velasquez - RT",,"#97 Robert Anders - RDE",,"#73 Charles Donnelly - DT","#63 Philip Zuniga - LDE","#95 Francisco Martinez - RDE","#58 Tim ""Ripper"" Owens - MLB","#91 Carlos Smith - SLB",,"#53 Albert Pierrepoint - WLB","#21 Carlos Morrison - FS","#49 Mark Vargas - FS",,,,"#23 Clarence Isaacs - SS","#40 Keith Mason - CB",,,,,,,,,,,,,,,,,,,,,,,,,,,,,,,,,,,,
HOU,8:19,"CIN 30",3,3,,"Singleback Slot Strong HB Counter","4-3 Normal OLB Blitz Outside",4,24,0,"3-1-CIN 30 (8:18) 82-Brian Ramirez ran to CIN 26 for 4 yards. Tackle by 58-Tim ""Ripper"" Owens.","#6 Joseph Eady - QB","#82 Brian Ramirez - WR",,,,"#84 Joseph McCasland - RB",,"#80 Edgardo Murray - WR","#89 John Lewis - WR","#11 John Gomez - WR",,,"#79 Charles Linder - LT","#70 Daniel Paige - LG","#69 Jose Brooks - C","#73 Emmanuel Wallace - RG","#66 James Velasquez - RT",,"#97 Robert Anders - RDE",,"#73 Charles Donnelly - DT","#63 Philip Zuniga - LDE","#95 Francisco Martinez - RDE","#58 Tim ""Ripper"" Owens - MLB","#98 Harold Messick - WLB",,"#91 Carlos Smith - SLB","#21 Carlos Morrison - FS","#26 Angelo Seiler - CB",,,,"#47 Francis Thornton - CB","#49 Mark Vargas - FS",,,,,,,,,,,,,,,,,,,,,,,,,,,,,,,,,,,,
HOU,7:38,"CIN 26",3,1,10,"I Formation 3WR FL Post","Dime Normal Man Cover 1",7,24,0,"1-10-CIN 26 (7:37) 6-Joseph Eady pass complete to 23-Tracy Lopez to CIN 19 for 7 yards. Tackle by 99-Mark Vargas.","#6 Joseph Eady - QB","#23 Tracy Lopez - WR",,,"#84 Joseph McCasland - RB",,,"#81 Kelvin McMillan - WR","#11 John Gomez - WR","#80 Edgardo Murray - WR",,,"#79 Charles Linder - LT","#70 Daniel Paige - LG","#69 Jose Brooks - C","#73 Emmanuel Wallace - RG","#66 James Velasquez - RT",,"#97 Robert Anders - RDE",,"#73 Charles Donnelly - DT","#63 Philip Zuniga - LDE","#95 Francisco Martinez - RDE",,"#91 Carlos Smith - SLB",,,"#49 Mark Vargas - FS","#24 Alan Drake - CB","#26 Angelo Seiler - CB","#40 Keith Mason - CB",,"#23 Clarence Isaacs - SS","#21 Carlos Morrison - FS",,,,,,,,,,,,,,,,,,,,,,,,,,,,,,,,,,,,
HOU,6:52,"CIN 19",3,2,3,"I Formation Normal HB Dive","4-3 Normal OLB Blitz Outside",-0,24,0,"2-3-CIN 19 (6:51) 82-Brian Ramirez ran to CIN 19 for a short loss. Tackle by 91-Carlos Smith.","#6 Joseph Eady - QB","#82 Brian Ramirez - WR",,,"#83 Clinton Anderson - RB","#84 Joseph McCasland - RB",,"#81 Kelvin McMillan - WR",,"#80 Edgardo Murray - WR",,,"#79 Charles Linder - LT","#70 Daniel Paige - LG","#69 Jose Brooks - C","#73 Emmanuel Wallace - RG","#66 James Velasquez - RT",,"#97 Robert Anders - RDE",,"#73 Charles Donnelly - DT","#63 Philip Zuniga - LDE","#95 Francisco Martinez - RDE","#58 Tim ""Ripper"" Owens - MLB","#98 Harold Messick - WLB",,"#91 Carlos Smith - SLB","#21 Carlos Morrison - FS","#49 Mark Vargas - FS",,,,"#23 Clarence Isaacs - SS","#40 Keith Mason - CB",,,,,,,,,,,,,,,,,,,,,,,,,,,,,,,,,,,,
HOU,6:20,"CIN 19",3,3,3,"I Formation 3WR Slot Short WR Deep","4-3 Normal OLB Blitz Outside",19,30,0,"3-3-CIN 19 (6:19) 6-Joseph Eady pass complete to 81-Kelvin McMillan to CIN 0 for 19 yards. TOUCHDOWN! Nice job by 81-Kelvin McMillan on that route to lose his coverage. If the defense doesn't start mixing up their plays a bit more we might see more big gains like that one. HOU 30 CIN 0","#6 Joseph Eady - QB","#82 Brian Ramirez - WR",,,"#84 Joseph McCasland - RB",,,"#81 Kelvin McMillan - WR","#11 John Gomez - WR","#80 Edgardo Murray - WR",,,"#79 Charles Linder - LT","#70 Daniel Paige - LG","#69 Jose Brooks - C","#73 Emmanuel Wallace - RG","#66 James Velasquez - RT",,"#97 Robert Anders - RDE",,"#73 Charles Donnelly - DT","#63 Philip Zuniga - LDE","#95 Francisco Martinez - RDE","#58 Tim ""Ripper"" Owens - MLB","#98 Harold Messick - WLB",,"#91 Carlos Smith - SLB","#21 Carlos Morrison - FS","#49 Mark Vargas - FS",,,,"#23 Clarence Isaacs - SS","#40 Keith Mason - CB",,,,,,,,,,,,,,,,,,,,,,,,,,,,,,,,,,,,
HOU,6:14,"CIN 15",3,7,15,"Field Goal","FG Block",26,31,0,"(6:15) Extra point GOOD by 18-William Pope. HOU 31 CIN 0",,,,,,,,,,,,,,,,,,,,,,,,,,,,,,,,,,,,"#17 Bruce Shadrick - QB","#69 Jose Brooks - C",,,,,,,,,,,,,,"#18 William Pope - K","#70 Daniel Paige - LG","#66 James Velasquez - RT","#60 Matthew Bell - RG","#84 Joseph McCasland - RB","#73 Emmanuel Wallace - RG","#72 Lawrence Downing - C","#77 Eric Mitchell - LT","#79 Charles Linder - LT","#95 Francisco Martinez - RDE","#97 Robert Anders - RDE","#53 Albert Pierrepoint - WLB","#91 Carlos Smith - SLB","#73 Charles Donnelly - DT","#58 Tim ""Ripper"" Owens - MLB","#63 Philip Zuniga - LDE","#51 Harry Crain - RDE","#92 John Mansell - RDE","#90 Charles Bowman - WLB","#98 Harold Messick - WLB"
HOU,6:14,"HOU 35",3,6,10,Kickoff,"Kick Return",,31,0,"(6:15) 18-William Pope kicks 74 yards from HOU 35 to CIN -9. Touchback.",,,,,,,,,,,,,,,,,,,,,,,,,,,,,,,,,,,,,,"#11 Mike Bunch - WR",,"#53 Albert Pierrepoint - WLB","#26 Angelo Seiler - CB","#40 Keith Mason - CB","#21 Carlos Morrison - FS","#91 Carlos Smith - SLB","#47 Francis Thornton - CB","#24 Alan Drake - CB","#23 Clarence Isaacs - SS","#97 Robert Anders - RDE","#49 Mark Vargas - FS","#18 William Pope - K",,,,,,,,,,,,,,,,,,,,
CIN,6:14,"CIN 25",3,1,10,"Shotgun 2 RB 3 WR RB Curls","4-3 Normal Man QB Spy",,31,0,"1-10-CIN 25 (6:15) 18-Remy Beauchamp  pass Pass knocked down by 20-Matthew Scott. incomplete, intended for 85-Joseph Moore. Pressure by 96-Peter Grant.","#18 Remy Beauchamp  - QB","#22 Jameson Kelly - WR","#29 James Gonzalas - RB",,,,,"#44 John Pine - RB","#11 Mike Bunch - WR","#85 Joseph Moore - WR",,,"#71 Thomas Morneau - LT","#60 Ricky Hicks - LG","#55 Anthony Struck - C","#74 Gerard White - RG","#67 Craig Teel - RT",,"#92 Odell Paschke - LDE",,"#64 Charles Harris - RDE","#64 Bret Walton - DT","#96 Peter Grant - RDE","#59 Andre Wade - WLB","#51 Robert Mann - WLB",,"#56 Stanley Shade - WLB","#33 Roger Trimmer - CB","#20 Matthew Scott - CB",,,,"#44 Delbert Bealer - CB","#27 Kyle Locklin - CB",,,,,,,,,,,,,,,,,,,,,,,,,,,,,,,,,,,,
CIN,6:10,"CIN 25",3,2,10,"I Formation Normal HB Blast","4-3 Normal Man Under 1",5,31,0,"2-10-CIN 25 (6:11) 85-Joseph Moore ran to CIN 30 for 5 yards. Tackle by 51-Robert Mann.","#18 Remy Beauchamp  - QB","#85 Joseph Moore - WR",,,"#22 Jameson Kelly - WR","#44 John Pine - RB",,"#29 James Gonzalas - RB",,"#11 Mike Bunch - WR",,,"#71 Thomas Morneau - LT","#60 Ricky Hicks - LG","#55 Anthony Struck - C","#74 Gerard White - RG","#67 Craig Teel - RT",,"#92 Odell Paschke - LDE",,"#64 Charles Harris - RDE","#64 Bret Walton - DT","#96 Peter Grant - RDE","#59 Andre Wade - WLB","#51 Robert Mann - WLB",,"#56 Stanley Shade - WLB","#33 Roger Trimmer - CB","#20 Matthew Scott - CB",,,,"#44 Delbert Bealer - CB","#27 Kyle Locklin - CB",,,,,,,,,,,,,,,,,,,,,,,,,,,,,,,,,,,,
CIN,5:28,"CIN 30",3,3,5,"I Formation Normal HB Draw","4-3 Normal Double WR1",3,31,0,"3-5-CIN 30 (5:27) 85-Joseph Moore ran to CIN 33 for 3 yards. Tackle by 56-Stanley Shade.","#18 Remy Beauchamp  - QB","#85 Joseph Moore - WR",,,"#22 Jameson Kelly - WR","#44 John Pine - RB",,"#29 James Gonzalas - RB",,"#11 Mike Bunch - WR",,,"#71 Thomas Morneau - LT","#60 Ricky Hicks - LG","#55 Anthony Struck - C","#74 Gerard White - RG","#67 Craig Teel - RT",,"#92 Odell Paschke - LDE",,"#64 Charles Harris - RDE","#64 Bret Walton - DT","#96 Peter Grant - RDE","#59 Andre Wade - WLB","#51 Robert Mann - WLB",,"#56 Stanley Shade - WLB","#33 Roger Trimmer - CB","#20 Matthew Scott - CB",,,,"#41 Wayne Kearns - CB","#27 Kyle Locklin - CB",,,,,,,,,,,,,,,,,,,,,,,,,,,,,,,,,,,,
CIN,4:50,"CIN 33",3,4,2,Punt,"Punt Return",,31,0,"4-2-CIN 33 (4:49) 7-Leonard Hyde punts 49 yards to HOU 18. 42-Robert Cady to HOU 28 for 10 yards. Tackle by 22-Jameson Kelly.",,,,,,,,,,,,,,,,,,"#7 Leonard Hyde - P",,,,,,,,,,,,,,,,,,,"#68 Roderick Price - RG",,"#42 Robert Cady - WR",,,"#51 Robert Mann - WLB","#63 Wallace King - LDE","#44 Delbert Bealer - CB",,"#20 Matthew Scott - CB","#57 William Snow - WLB",,"#50 Samual Brown - WLB",,,,"#67 Craig Teel - RT","#60 Ricky Hicks - LG","#22 Jameson Kelly - WR","#71 Thomas Morneau - LT","#55 Anthony Struck - C","#61 John Balfour - RT",,"#64 Bret Walton - DT","#92 Odell Paschke - LDE","#56 Stanley Shade - WLB","#96 Peter Grant - RDE",,,,,,,
HOU,4:40,"HOU 28",3,1,10,"I Formation 3WR Slot Short WR Deep","Dime Normal Man Cover 1",6,31,0,"1-10-HOU 28 (4:41) 6-Joseph Eady pass complete to 23-Tracy Lopez to HOU 34 for 6 yards. Tackle by 26-Angelo Seiler.","#6 Joseph Eady - QB","#23 Tracy Lopez - WR",,,"#84 Joseph McCasland - RB",,,"#81 Kelvin McMillan - WR","#11 John Gomez - WR","#80 Edgardo Murray - WR",,,"#79 Charles Linder - LT","#70 Daniel Paige - LG","#69 Jose Brooks - C","#73 Emmanuel Wallace - RG","#66 James Velasquez - RT",,"#97 Robert Anders - RDE",,"#73 Charles Donnelly - DT","#63 Philip Zuniga - LDE","#95 Francisco Martinez - RDE",,"#58 Tim ""Ripper"" Owens - MLB",,,"#49 Mark Vargas - FS","#24 Alan Drake - CB","#26 Angelo Seiler - CB","#91 Carlos Smith - SLB",,"#23 Clarence Isaacs - SS","#21 Carlos Morrison - FS",,,,,,,,,,,,,,,,,,,,,,,,,,,,,,,,,,,,
HOU,4:04,"HOU 34",3,2,4,"Weak I Big WR Post TE Out","Dime Normal Man Cover 1",8,31,0,"2-4-HOU 34 (4:03) 6-Joseph Eady pass complete to 82-Brian Ramirez to HOU 42 for 8 yards. Tackle by 40-Keith Mason.","#6 Joseph Eady - QB","#82 Brian Ramirez - WR",,,"#72 Lawrence Downing - C","#84 Joseph McCasland - RB","#83 Clinton Anderson - RB","#81 Kelvin McMillan - WR",,,,,"#79 Charles Linder - LT","#70 Daniel Paige - LG","#69 Jose Brooks - C","#73 Emmanuel Wallace - RG","#66 James Velasquez - RT",,"#97 Robert Anders - RDE",,"#73 Charles Donnelly - DT","#63 Philip Zuniga - LDE","#95 Francisco Martinez - RDE",,"#58 Tim ""Ripper"" Owens - MLB",,,"#49 Mark Vargas - FS","#24 Alan Drake - CB","#40 Keith Mason - CB","#91 Carlos Smith - SLB",,"#23 Clarence Isaacs - SS","#21 Carlos Morrison - FS",,,,,,,,,,,,,,,,,,,,,,,,,,,,,,,,,,,,
HOU,3:21,"HOU 42",3,1,10,"Goal Line Normal HB Pitch Weak","4-3 Under Double Safety Blitz",,31,0,"1-10-HOU 42 (3:20) 16-Lee McCourt ran to HOU 42 for a short gain. Tackle by 40-Keith Mason.","#6 Joseph Eady - QB","#16 Lee McCourt - WR",,"#42 Robert Cady - WR","#72 Lawrence Downing - C","#84 Joseph McCasland - RB","#83 Clinton Anderson - RB",,,,,,"#79 Charles Linder - LT","#70 Daniel Paige - LG","#69 Jose Brooks - C","#73 Emmanuel Wallace - RG","#66 James Velasquez - RT",,"#97 Robert Anders - RDE",,"#73 Charles Donnelly - DT","#63 Philip Zuniga - LDE","#95 Francisco Martinez - RDE","#90 Charles Bowman - WLB","#48 Anthony Hutchinson - SLB",,"#53 Albert Pierrepoint - WLB","#26 Angelo Seiler - CB","#47 Francis Thornton - CB",,,,"#23 Clarence Isaacs - SS","#40 Keith Mason - CB",,,,,,,,,,,,,,,,,,,,,,,,,,,,,,,,,,,,
HOU,2:38,"HOU 42",3,2,10,"Shotgun Normal HB Flare","Nickel Normal Double WR2",,31,0,"2-10-HOU 42 (2:37) 6-Joseph Eady pass incomplete, intended for 23-Tracy Lopez. That pass kind of wobbled as it was released.","#6 Joseph Eady - QB","#23 Tracy Lopez - WR",,,,"#84 Joseph McCasland - RB",,"#81 Kelvin McMillan - WR","#11 John Gomez - WR","#80 Edgardo Murray - WR",,,"#79 Charles Linder - LT","#70 Daniel Paige - LG","#69 Jose Brooks - C","#73 Emmanuel Wallace - RG","#66 James Velasquez - RT",,"#97 Robert Anders - RDE",,"#73 Charles Donnelly - DT","#63 Philip Zuniga - LDE","#95 Francisco Martinez - RDE",,"#58 Tim ""Ripper"" Owens - MLB",,"#91 Carlos Smith - SLB","#49 Mark Vargas - FS","#24 Alan Drake - CB",,"#40 Keith Mason - CB",,"#23 Clarence Isaacs - SS","#21 Carlos Morrison - FS",,,,,,,,,,,,,,,,,,,,,,,,,,,,,,,,,,,,
HOU,2:33,"HOU 42",3,3,10,"I Formation Power Play Action HB Downfield","4-3 Normal OLB Blitz Outside",58,31,0,"3-10-HOU 42 (2:34) 6-Joseph Eady pass complete to 84-Joseph McCasland to CIN 0 for 58 yards. Tackle by 47-Francis Thornton. Great move by 84-Joseph McCasland to get free of his coverage. You can tell that the offense is starting to figure out how to beat that defensive play. PENALTY - Facemask (CIN 99-Mark Vargas)","#6 Joseph Eady - QB","#82 Brian Ramirez - WR",,"#72 Lawrence Downing - C","#83 Clinton Anderson - RB","#84 Joseph McCasland - RB",,"#81 Kelvin McMillan - WR",,,,,"#79 Charles Linder - LT","#70 Daniel Paige - LG","#69 Jose Brooks - C","#73 Emmanuel Wallace - RG","#66 James Velasquez - RT",,"#97 Robert Anders - RDE",,"#73 Charles Donnelly - DT","#63 Philip Zuniga - LDE","#95 Francisco Martinez - RDE","#58 Tim ""Ripper"" Owens - MLB","#98 Harold Messick - WLB",,"#91 Carlos Smith - SLB","#21 Carlos Morrison - FS","#49 Mark Vargas - FS",,,,"#47 Francis Thornton - CB","#40 Keith Mason - CB",,,,,,,,,,,,,,,,,,,,,,,,,,,,,,,,,,,,
HOU,2:23,"CIN 0",3,1,,"Goal Line Normal HB Dive","4-3 Under Double Safety Blitz",,37,0,"1-1-CIN 0 (2:24) 23-Tracy Lopez ran for 0 yards. TOUCHDOWN! HOU 37 CIN 0","#6 Joseph Eady - QB","#23 Tracy Lopez - WR",,"#72 Lawrence Downing - C","#84 Joseph McCasland - RB","#83 Clinton Anderson - RB","#42 Robert Cady - WR",,,,,,"#77 Eric Mitchell - LT","#71 Gus Goodman - LG","#60 Matthew Bell - RG","#73 Emmanuel Wallace - RG","#76 Dwayne Burton - RT",,"#51 Harry Crain - RDE",,"#73 Charles Donnelly - DT","#95 Francisco Martinez - RDE","#92 John Mansell - RDE","#48 Anthony Hutchinson - SLB","#90 Charles Bowman - WLB",,"#53 Albert Pierrepoint - WLB","#26 Angelo Seiler - CB","#47 Francis Thornton - CB",,,,"#23 Clarence Isaacs - SS","#24 Alan Drake - CB",,,,,,,,,,,,,,,,,,,,,,,,,,,,,,,,,,,,
HOU,2:22,"CIN 15",3,7,15,"Field Goal","FG Block",26,38,0,"(2:23) Extra point GOOD by 18-William Pope. HOU 38 CIN 0",,,,,,,,,,,,,,,,,,,,,,,,,,,,,,,,,,,,"#17 Bruce Shadrick - QB","#69 Jose Brooks - C",,,,,,,,,,,,,,"#18 William Pope - K","#83 Clinton Anderson - RB","#77 Eric Mitchell - LT","#66 James Velasquez - RT","#73 Emmanuel Wallace - RG","#72 Lawrence Downing - C","#60 Matthew Bell - RG","#79 Charles Linder - LT","#70 Daniel Paige - LG","#92 John Mansell - RDE","#53 Albert Pierrepoint - WLB","#91 Carlos Smith - SLB","#95 Francisco Martinez - RDE","#58 Tim ""Ripper"" Owens - MLB","#97 Robert Anders - RDE","#73 Charles Donnelly - DT","#90 Charles Bowman - WLB","#51 Harry Crain - RDE","#98 Harold Messick - WLB","#63 Philip Zuniga - LDE"
HOU,2:22,"HOU 35",3,6,10,Kickoff,"Kick Return",,38,0,"(2:23) 18-William Pope kicks 74 yards from HOU 35 to CIN -9. Touchback.",,,,,,,,,,,,,,,,,,,,,,,,,,,,,,,,,,,,,,"#11 Mike Bunch - WR",,"#48 Anthony Hutchinson - SLB","#40 Keith Mason - CB","#24 Alan Drake - CB","#21 Carlos Morrison - FS","#91 Carlos Smith - SLB","#49 Mark Vargas - FS","#23 Clarence Isaacs - SS","#26 Angelo Seiler - CB","#53 Albert Pierrepoint - WLB","#47 Francis Thornton - CB","#18 William Pope - K",,,,,,,,,,,,,,,,,,,,
CIN,2:22,"CIN 25",3,1,10,"Split Backs 3 Wide Dive Left","4-3 Normal Double WR3",11,38,0,"1-10-CIN 25 (2:23) 22-Jameson Kelly ran to CIN 36 for 11 yards. Tackle by 27-Kyle Locklin. If the defense doesn't start mixing up their plays a bit more we might see more big gains like that one.","#18 Remy Beauchamp  - QB","#85 Joseph Moore - WR",,,"#22 Jameson Kelly - WR",,,"#29 James Gonzalas - RB","#11 Mike Bunch - WR","#14 Kristopher Dobbins - WR",,,"#71 Thomas Morneau - LT","#60 Ricky Hicks - LG","#55 Anthony Struck - C","#74 Gerard White - RG","#67 Craig Teel - RT",,"#92 Odell Paschke - LDE",,"#64 Charles Harris - RDE","#64 Bret Walton - DT","#96 Peter Grant - RDE","#59 Andre Wade - WLB","#51 Robert Mann - WLB",,"#56 Stanley Shade - WLB","#33 Roger Trimmer - CB","#20 Matthew Scott - CB",,,,"#44 Delbert Bealer - CB","#27 Kyle Locklin - CB",,,,,,,,,,,,,,,,,,,,,,,,,,,,,,,,,,,,
CIN,1:57,"CIN 36",3,1,10,"Shotgun 2 RB 3 WR Shotgun Dive","4-3 Normal Man Under 1",1,38,0,"1-10-CIN 36 (1:56) 22-Jameson Kelly ran to CIN 37 for 1 yards. Tackle by 51-Robert Mann.","#18 Remy Beauchamp  - QB","#22 Jameson Kelly - WR","#29 James Gonzalas - RB",,,,,"#44 John Pine - RB","#11 Mike Bunch - WR","#85 Joseph Moore - WR",,,"#71 Thomas Morneau - LT","#60 Ricky Hicks - LG","#55 Anthony Struck - C","#74 Gerard White - RG","#67 Craig Teel - RT",,"#92 Odell Paschke - LDE",,"#64 Charles Harris - RDE","#64 Bret Walton - DT","#96 Peter Grant - RDE","#59 Andre Wade - WLB","#51 Robert Mann - WLB",,"#56 Stanley Shade - WLB","#33 Roger Trimmer - CB","#43 Paul Powers - CB",,,,"#44 Delbert Bealer - CB","#27 Kyle Locklin - CB",,,,,,,,,,,,,,,,,,,,,,,,,,,,,,,,,,,,
CIN,1:33,"CIN 37",3,2,9,"Shotgun 2 RB 3 WR Shotgun Dive","4-3 Normal OLB Blitz Inside",-1,38,0,"2-9-CIN 37 (1:32) 22-Jameson Kelly ran to CIN 36 for -1 yards. Tackle by 59-Andre Wade.","#18 Remy Beauchamp  - QB","#22 Jameson Kelly - WR","#29 James Gonzalas - RB",,,,,"#44 John Pine - RB","#11 Mike Bunch - WR","#85 Joseph Moore - WR",,,"#71 Thomas Morneau - LT","#60 Ricky Hicks - LG","#55 Anthony Struck - C","#74 Gerard White - RG","#67 Craig Teel - RT",,"#92 Odell Paschke - LDE",,"#64 Charles Harris - RDE","#64 Bret Walton - DT","#96 Peter Grant - RDE","#59 Andre Wade - WLB","#50 Samual Brown - WLB",,"#56 Stanley Shade - WLB","#33 Roger Trimmer - CB","#20 Matthew Scott - CB",,,,"#41 Wayne Kearns - CB","#27 Kyle Locklin - CB",,,,,,,,,,,,,,,,,,,,,,,,,,,,,,,,,,,,
CIN,1:09,"CIN 36",3,3,10,"I Formation Normal HB Draw","4-3 Normal Double WR2",1,38,0,"3-10-CIN 36 (1:08) 85-Joseph Moore ran to CIN 37 for 1 yards. Tackle by 59-Andre Wade.","#18 Remy Beauchamp  - QB","#85 Joseph Moore - WR",,,"#22 Jameson Kelly - WR","#44 John Pine - RB",,"#29 James Gonzalas - RB",,"#11 Mike Bunch - WR",,,"#71 Thomas Morneau - LT","#60 Ricky Hicks - LG","#55 Anthony Struck - C","#74 Gerard White - RG","#67 Craig Teel - RT",,"#92 Odell Paschke - LDE",,"#64 Charles Harris - RDE","#64 Bret Walton - DT","#96 Peter Grant - RDE","#59 Andre Wade - WLB","#51 Robert Mann - WLB",,"#56 Stanley Shade - WLB","#33 Roger Trimmer - CB","#20 Matthew Scott - CB",,,,"#44 Delbert Bealer - CB","#27 Kyle Locklin - CB",,,,,,,,,,,,,,,,,,,,,,,,,,,,,,,,,,,,
CIN,0:51,"CIN 37",3,4,9,Punt,"Punt Return",,38,0,"4-9-CIN 37 (0:50) 7-Leonard Hyde punts 45 yards to HOU 18. Fair Catch by 42-Robert Cady.",,,,,,,,,,,,,,,,,,"#7 Leonard Hyde - P",,,,,,,,,,,,,,,,,,,"#68 Roderick Price - RG",,"#42 Robert Cady - WR",,,"#56 Stanley Shade - WLB","#63 Wallace King - LDE","#44 Delbert Bealer - CB",,"#20 Matthew Scott - CB","#57 William Snow - WLB",,"#50 Samual Brown - WLB",,,,"#61 John Balfour - RT","#67 Craig Teel - RT","#71 Thomas Morneau - LT","#55 Anthony Struck - C","#60 Ricky Hicks - LG","#77 Mark Tipler - RG",,"#64 Bret Walton - DT","#92 Odell Paschke - LDE","#51 Robert Mann - WLB","#96 Peter Grant - RDE",,,,,,,
HOU,0:43,"HOU 18",3,1,10,"Singleback Slot Strong HB Counter","4-3 Normal WLB MLB Blitz",-0,38,0,"1-10-HOU 18 (0:44) 23-Tracy Lopez ran to HOU 17 for a short loss. Tackle by 98-Harold Messick.","#6 Joseph Eady - QB","#23 Tracy Lopez - WR",,,,"#84 Joseph McCasland - RB",,"#81 Kelvin McMillan - WR","#11 John Gomez - WR","#80 Edgardo Murray - WR",,,"#79 Charles Linder - LT","#70 Daniel Paige - LG","#69 Jose Brooks - C","#73 Emmanuel Wallace - RG","#66 James Velasquez - RT",,"#97 Robert Anders - RDE",,"#73 Charles Donnelly - DT","#63 Philip Zuniga - LDE","#95 Francisco Martinez - RDE","#58 Tim ""Ripper"" Owens - MLB","#48 Anthony Hutchinson - SLB",,"#98 Harold Messick - WLB","#21 Carlos Morrison - FS","#49 Mark Vargas - FS",,,,"#23 Clarence Isaacs - SS","#47 Francis Thornton - CB",,,,,,,,,,,,,,,,,,,,,,,,,,,,,,,,,,,,
,0:00,,3,2,10,,,,38,0,"End of third quarter.",,,,,,,,,,,,,,,,,,,,,,,,,,,,,,,,,,,,,,,,,,,,,,,,,,,,,,,,,,,,,,,,,,,,,,
HOU,15:00,"HOU 17",4,2,10,"Strong I Normal HB Off Tackle Strong","3-4 Normal Man Cover 1",10,38,0,"2-10-HOU 17 (15:00) 82-Brian Ramirez ran to HOU 27 for 10 yards. Tackle by 23-Clarence Isaacs.","#6 Joseph Eady - QB","#82 Brian Ramirez - WR",,,"#83 Clinton Anderson - RB","#84 Joseph McCasland - RB",,"#81 Kelvin McMillan - WR",,"#80 Edgardo Murray - WR",,,"#79 Charles Linder - LT","#70 Daniel Paige - LG","#69 Jose Brooks - C","#73 Emmanuel Wallace - RG","#66 James Velasquez - RT",,"#97 Robert Anders - RDE",,"#73 Charles Donnelly - DT",,"#95 Francisco Martinez - RDE","#53 Albert Pierrepoint - WLB","#98 Harold Messick - WLB","#91 Carlos Smith - SLB","#58 Tim ""Ripper"" Owens - MLB","#26 Angelo Seiler - CB","#21 Carlos Morrison - FS",,,,"#23 Clarence Isaacs - SS","#40 Keith Mason - CB",,,,,,,,,,,,,,,,,,,,,,,,,,,,,,,,,,,,
HOU,14:21,"HOU 27",4,3,1,"Goal Line Normal HB Pitch Weak","4-3 Under Double Safety Blitz",-1,38,0,"3-1-HOU 27 (14:20) 23-Tracy Lopez ran to HOU 26 for -1 yards. Tackle by 40-Keith Mason.","#6 Joseph Eady - QB","#23 Tracy Lopez - WR",,"#42 Robert Cady - WR","#72 Lawrence Downing - C","#84 Joseph McCasland - RB","#83 Clinton Anderson - RB",,,,,,"#79 Charles Linder - LT","#70 Daniel Paige - LG","#69 Jose Brooks - C","#73 Emmanuel Wallace - RG","#66 James Velasquez - RT",,"#97 Robert Anders - RDE",,"#73 Charles Donnelly - DT","#63 Philip Zuniga - LDE","#95 Francisco Martinez - RDE","#58 Tim ""Ripper"" Owens - MLB","#91 Carlos Smith - SLB",,"#53 Albert Pierrepoint - WLB","#21 Carlos Morrison - FS","#49 Mark Vargas - FS",,,,"#23 Clarence Isaacs - SS","#40 Keith Mason - CB",,,,,,,,,,,,,,,,,,,,,,,,,,,,,,,,,,,,
HOU,13:44,"HOU 26",4,4,2,Punt,"Punt Return",,38,0,"4-2-HOU 26 (13:43) 9-Billy Hansen punts 48 yards to CIN 26. Fair Catch by 11-Mike Bunch.",,,,,,,,,,,,,,,,,,"#9 Billy Hansen - P",,,,,,,,,,,,,,,,,,,"#69 Jose Brooks - C",,"#11 Mike Bunch - WR",,,"#40 Keith Mason - CB","#21 Carlos Morrison - FS","#91 Carlos Smith - SLB",,"#24 Alan Drake - CB","#23 Clarence Isaacs - SS",,"#49 Mark Vargas - FS",,,,"#66 James Velasquez - RT","#60 Matthew Bell - RG","#84 Joseph McCasland - RB","#73 Emmanuel Wallace - RG","#72 Lawrence Downing - C","#77 Eric Mitchell - LT",,"#92 John Mansell - RDE","#97 Robert Anders - RDE","#53 Albert Pierrepoint - WLB","#95 Francisco Martinez - RDE",,,,,,,
CIN,13:35,"CIN 26",4,1,10,"Singleback Normal SE Quick Hit","4-3 Normal Double WR3",7,38,0,"1-10-CIN 26 (13:36) 18-Remy Beauchamp  pass complete to 85-Joseph Moore to CIN 33 for 7 yards. Tackle by 27-Kyle Locklin. 85-Joseph Moore made a great move on the CB. PENALTY - Offsides (HOU 92-Odell Paschke)","#18 Remy Beauchamp  - QB","#29 James Gonzalas - RB",,,,"#22 Jameson Kelly - WR",,"#14 Kristopher Dobbins - WR","#85 Joseph Moore - WR","#11 Mike Bunch - WR",,,"#71 Thomas Morneau - LT","#60 Ricky Hicks - LG","#55 Anthony Struck - C","#74 Gerard White - RG","#67 Craig Teel - RT",,"#92 Odell Paschke - LDE",,"#64 Charles Harris - RDE","#64 Bret Walton - DT","#96 Peter Grant - RDE","#59 Andre Wade - WLB","#50 Samual Brown - WLB",,"#54 Joel Dodson - WLB","#33 Roger Trimmer - CB","#20 Matthew Scott - CB",,,,"#41 Wayne Kearns - CB","#27 Kyle Locklin - CB",,,,,,,,,,,,,,,,,,,,,,,,,,,,,,,,,,,,
CIN,13:33,"CIN 31",4,1,5,"I Formation Twin WR Quick Outs","4-3 Normal OLB Blitz Inside",6,38,0,"1-5-CIN 31 (13:34) 18-Remy Beauchamp  pass complete to 29-James Gonzalas to CIN 37 for 6 yards. Tackle by 20-Matthew Scott. 29-James Gonzalas breaks down the CB.","#18 Remy Beauchamp  - QB","#44 John Pine - RB",,,"#22 Jameson Kelly - WR","#85 Joseph Moore - WR",,"#11 Mike Bunch - WR",,"#29 James Gonzalas - RB",,,"#71 Thomas Morneau - LT","#60 Ricky Hicks - LG","#55 Anthony Struck - C","#74 Gerard White - RG","#67 Craig Teel - RT",,"#92 Odell Paschke - LDE",,"#64 Charles Harris - RDE","#64 Bret Walton - DT","#96 Peter Grant - RDE","#59 Andre Wade - WLB","#51 Robert Mann - WLB",,"#56 Stanley Shade - WLB","#33 Roger Trimmer - CB","#20 Matthew Scott - CB",,,,"#44 Delbert Bealer - CB","#27 Kyle Locklin - CB",,,,,,,,,,,,,,,,,,,,,,,,,,,,,,,,,,,,
CIN,13:10,"CIN 37",4,1,10,"I Formation Normal Max Protect","4-3 Normal Double WR1",,38,0,"1-10-CIN 37 (13:09) 18-Remy Beauchamp  pass Pass knocked down by 59-Andre Wade. incomplete, intended for 85-Joseph Moore.","#18 Remy Beauchamp  - QB","#85 Joseph Moore - WR",,,"#22 Jameson Kelly - WR","#44 John Pine - RB",,"#29 James Gonzalas - RB",,"#11 Mike Bunch - WR",,,"#71 Thomas Morneau - LT","#60 Ricky Hicks - LG","#55 Anthony Struck - C","#74 Gerard White - RG","#67 Craig Teel - RT",,"#92 Odell Paschke - LDE",,"#64 Charles Harris - RDE","#64 Bret Walton - DT","#96 Peter Grant - RDE","#59 Andre Wade - WLB","#51 Robert Mann - WLB",,"#56 Stanley Shade - WLB","#33 Roger Trimmer - CB","#20 Matthew Scott - CB",,,,"#44 Delbert Bealer - CB","#27 Kyle Locklin - CB",,,,,,,,,,,,,,,,,,,,,,,,,,,,,,,,,,,,
CIN,13:04,"CIN 37",4,2,10,"I Formation Power Play Action HB Downfield","4-3 Normal OLB Blitz Inside",,38,0,"2-10-CIN 37 (13:05) 18-Remy Beauchamp  pass INTERCEPTED by 20-Matthew Scott at CIN 41. 20-Matthew Scott to CIN 41 for 0 yards. Tackle by 22-Jameson Kelly.","#18 Remy Beauchamp  - QB","#20 Malik Risley - WR",,"#36 Fredrick Green - FB","#44 John Pine - RB","#22 Jameson Kelly - WR",,"#14 Kristopher Dobbins - WR",,,,,"#71 Thomas Morneau - LT","#60 Ricky Hicks - LG","#55 Anthony Struck - C","#74 Gerard White - RG","#67 Craig Teel - RT",,"#92 Odell Paschke - LDE",,"#64 Charles Harris - RDE","#64 Bret Walton - DT","#96 Peter Grant - RDE","#59 Andre Wade - WLB","#51 Robert Mann - WLB",,"#56 Stanley Shade - WLB","#33 Roger Trimmer - CB","#20 Matthew Scott - CB",,,,"#41 Wayne Kearns - CB","#27 Kyle Locklin - CB",,,,,,,,,,,,,,,,,,,,,,,,,,,,,,,,,,,,
HOU,13:01,"CIN 41",4,1,10,"Goal Line Normal HB Pitch Weak","4-3 Under Double Safety Blitz",-1,38,0,"1-10-CIN 41 (13:02) 23-Tracy Lopez ran to CIN 43 for -1 yards. Tackle by 40-Keith Mason. PENALTY - Offsides (CIN 95-Francisco Martinez)","#6 Joseph Eady - QB","#23 Tracy Lopez - WR",,"#42 Robert Cady - WR","#72 Lawrence Downing - C","#84 Joseph McCasland - RB","#83 Clinton Anderson - RB",,,,,,"#79 Charles Linder - LT","#70 Daniel Paige - LG","#69 Jose Brooks - C","#73 Emmanuel Wallace - RG","#66 James Velasquez - RT",,"#97 Robert Anders - RDE",,"#73 Charles Donnelly - DT","#63 Philip Zuniga - LDE","#95 Francisco Martinez - RDE","#58 Tim ""Ripper"" Owens - MLB","#91 Carlos Smith - SLB",,"#53 Albert Pierrepoint - WLB","#21 Carlos Morrison - FS","#49 Mark Vargas - FS",,,,"#23 Clarence Isaacs - SS","#40 Keith Mason - CB",,,,,,,,,,,,,,,,,,,,,,,,,,,,,,,,,,,,
HOU,12:58,"CIN 36",4,1,5,"Goal Line Normal HB Pitch Weak","4-3 Under Double Safety Blitz",-7,38,0,"1-5-CIN 36 (12:59) 82-Brian Ramirez ran to CIN 43 for -7 yards. Tackle by 40-Keith Mason.","#6 Joseph Eady - QB","#82 Brian Ramirez - WR",,"#42 Robert Cady - WR","#72 Lawrence Downing - C","#84 Joseph McCasland - RB","#83 Clinton Anderson - RB",,,,,,"#79 Charles Linder - LT","#70 Daniel Paige - LG","#69 Jose Brooks - C","#73 Emmanuel Wallace - RG","#66 James Velasquez - RT",,"#97 Robert Anders - RDE",,"#73 Charles Donnelly - DT","#63 Philip Zuniga - LDE","#95 Francisco Martinez - RDE","#58 Tim ""Ripper"" Owens - MLB","#91 Carlos Smith - SLB",,"#53 Albert Pierrepoint - WLB","#21 Carlos Morrison - FS","#49 Mark Vargas - FS",,,,"#23 Clarence Isaacs - SS","#40 Keith Mason - CB",,,,,,,,,,,,,,,,,,,,,,,,,,,,,,,,,,,,
HOU,12:25,"CIN 43",4,2,12,"Goal Line Normal HB Dive","4-3 Under Double Safety Blitz",2,38,0,"2-12-CIN 43 (12:24) 23-Tracy Lopez ran to CIN 41 for 2 yards. Tackle by 73-Charles Donnelly.","#6 Joseph Eady - QB","#23 Tracy Lopez - WR",,"#42 Robert Cady - WR","#72 Lawrence Downing - C","#84 Joseph McCasland - RB","#83 Clinton Anderson - RB",,,,,,"#79 Charles Linder - LT","#70 Daniel Paige - LG","#69 Jose Brooks - C","#73 Emmanuel Wallace - RG","#66 James Velasquez - RT",,"#97 Robert Anders - RDE",,"#73 Charles Donnelly - DT","#63 Philip Zuniga - LDE","#95 Francisco Martinez - RDE","#58 Tim ""Ripper"" Owens - MLB","#91 Carlos Smith - SLB",,"#53 Albert Pierrepoint - WLB","#21 Carlos Morrison - FS","#49 Mark Vargas - FS",,,,"#23 Clarence Isaacs - SS","#40 Keith Mason - CB",,,,,,,,,,,,,,,,,,,,,,,,,,,,,,,,,,,,
HOU,11:50,"CIN 41",4,3,9,"Strong I Normal HB Off Tackle Strong","4-3 Normal OLB Blitz Outside",3,38,0,"3-9-CIN 41 (11:49) 82-Brian Ramirez ran to CIN 38 for 3 yards. Tackle by 97-Robert Anders. 84-Joseph McCasland completely missed his blocking assignment. PENALTY - Holding (HOU 73-Emmanuel Wallace)","#6 Joseph Eady - QB","#82 Brian Ramirez - WR",,,"#83 Clinton Anderson - RB","#84 Joseph McCasland - RB",,"#81 Kelvin McMillan - WR",,"#80 Edgardo Murray - WR",,,"#79 Charles Linder - LT","#70 Daniel Paige - LG","#69 Jose Brooks - C","#73 Emmanuel Wallace - RG","#66 James Velasquez - RT",,"#97 Robert Anders - RDE",,"#73 Charles Donnelly - DT","#63 Philip Zuniga - LDE","#95 Francisco Martinez - RDE","#58 Tim ""Ripper"" Owens - MLB","#98 Harold Messick - WLB",,"#91 Carlos Smith - SLB","#21 Carlos Morrison - FS","#49 Mark Vargas - FS",,,,"#23 Clarence Isaacs - SS","#40 Keith Mason - CB",,,,,,,,,,,,,,,,,,,,,,,,,,,,,,,,,,,,
HOU,11:46,"HOU 49",4,3,19,"Weak I Normal HB Inside Weak","4-3 Normal WLB MLB Blitz",1,38,0,"3-19-HOU 49 (11:47) 23-Tracy Lopez ran to CIN 49 for 1 yards. Tackle by 98-Harold Messick.","#6 Joseph Eady - QB","#23 Tracy Lopez - WR",,,"#83 Clinton Anderson - RB","#84 Joseph McCasland - RB",,"#81 Kelvin McMillan - WR",,"#80 Edgardo Murray - WR",,,"#79 Charles Linder - LT","#70 Daniel Paige - LG","#69 Jose Brooks - C","#73 Emmanuel Wallace - RG","#66 James Velasquez - RT",,"#97 Robert Anders - RDE",,"#73 Charles Donnelly - DT","#63 Philip Zuniga - LDE","#95 Francisco Martinez - RDE","#58 Tim ""Ripper"" Owens - MLB","#98 Harold Messick - WLB",,"#91 Carlos Smith - SLB","#21 Carlos Morrison - FS","#49 Mark Vargas - FS",,,,"#23 Clarence Isaacs - SS","#40 Keith Mason - CB",,,,,,,,,,,,,,,,,,,,,,,,,,,,,,,,,,,,
HOU,11:10,"CIN 49",4,4,18,Punt,"Punt Return",41,38,0,"4-18-CIN 49 (11:09) 9-Billy Hansen punts 41 yards to CIN 8.",,,,,,,,,,,,,,,,,,"#9 Billy Hansen - P",,,,,,,,,,,,,,,,,,,"#69 Jose Brooks - C",,"#11 Mike Bunch - WR",,,"#40 Keith Mason - CB","#21 Carlos Morrison - FS","#91 Carlos Smith - SLB",,"#24 Alan Drake - CB","#23 Clarence Isaacs - SS",,"#49 Mark Vargas - FS",,,,"#66 James Velasquez - RT","#60 Matthew Bell - RG","#84 Joseph McCasland - RB","#73 Emmanuel Wallace - RG","#72 Lawrence Downing - C","#77 Eric Mitchell - LT",,"#92 John Mansell - RDE","#97 Robert Anders - RDE","#53 Albert Pierrepoint - WLB","#95 Francisco Martinez - RDE",,,,,,,
CIN,11:00,"CIN 8",4,1,10,"Split Backs 3 Wide WR Quick Out","4-3 Normal Double WR2",4,38,0,"1-10-CIN 8 (11:01) 18-Remy Beauchamp  pass complete to 85-Joseph Moore to CIN 12 for 4 yards. Tackle by 20-Matthew Scott.","#18 Remy Beauchamp  - QB","#85 Joseph Moore - WR",,,"#22 Jameson Kelly - WR",,,"#29 James Gonzalas - RB","#11 Mike Bunch - WR","#14 Kristopher Dobbins - WR",,,"#71 Thomas Morneau - LT","#60 Ricky Hicks - LG","#55 Anthony Struck - C","#74 Gerard White - RG","#67 Craig Teel - RT",,"#92 Odell Paschke - LDE",,"#64 Charles Harris - RDE","#64 Bret Walton - DT","#96 Peter Grant - RDE","#59 Andre Wade - WLB","#51 Robert Mann - WLB",,"#54 Joel Dodson - WLB","#33 Roger Trimmer - CB","#20 Matthew Scott - CB",,,,"#41 Wayne Kearns - CB","#27 Kyle Locklin - CB",,,,,,,,,,,,,,,,,,,,,,,,,,,,,,,,,,,,
CIN,10:40,"CIN 12",4,2,6,"Split Backs 3 Wide WR Quick Out","4-3 Normal Man Under 1",13,38,0,"2-6-CIN 12 (10:39) 18-Remy Beauchamp  pass complete to 85-Joseph Moore to CIN 25 for 13 yards.","#18 Remy Beauchamp  - QB","#85 Joseph Moore - WR",,,"#22 Jameson Kelly - WR",,,"#29 James Gonzalas - RB","#11 Mike Bunch - WR","#14 Kristopher Dobbins - WR",,,"#71 Thomas Morneau - LT","#60 Ricky Hicks - LG","#55 Anthony Struck - C","#74 Gerard White - RG","#67 Craig Teel - RT",,"#92 Odell Paschke - LDE",,"#64 Charles Harris - RDE","#64 Bret Walton - DT","#96 Peter Grant - RDE","#59 Andre Wade - WLB","#51 Robert Mann - WLB",,"#56 Stanley Shade - WLB","#33 Roger Trimmer - CB","#20 Matthew Scott - CB",,,,"#41 Wayne Kearns - CB","#27 Kyle Locklin - CB",,,,,,,,,,,,,,,,,,,,,,,,,,,,,,,,,,,,
CIN,10:15,"CIN 25",4,1,10,"I Formation Normal Max Protect","4-3 Normal Double WR1",,38,0,"1-10-CIN 25 (10:14) 18-Remy Beauchamp  pass Pass knocked down by 20-Matthew Scott. incomplete, intended for 17-Kristopher Dobbins. 20-Matthew Scott got away with a hold on that play.","#18 Remy Beauchamp  - QB","#20 Malik Risley - WR",,,"#22 Jameson Kelly - WR","#44 John Pine - RB",,"#29 James Gonzalas - RB",,"#14 Kristopher Dobbins - WR",,,"#71 Thomas Morneau - LT","#60 Ricky Hicks - LG","#55 Anthony Struck - C","#74 Gerard White - RG","#67 Craig Teel - RT",,"#92 Odell Paschke - LDE",,"#64 Charles Harris - RDE","#64 Bret Walton - DT","#96 Peter Grant - RDE","#59 Andre Wade - WLB","#50 Samual Brown - WLB",,"#54 Joel Dodson - WLB","#33 Roger Trimmer - CB","#20 Matthew Scott - CB",,,,"#44 Delbert Bealer - CB","#27 Kyle Locklin - CB",,,,,,,,,,,,,,,,,,,,,,,,,,,,,,,,,,,,
CIN,10:10,"CIN 25",4,2,10,"I Formation Power PA Flats","4-3 Normal Man QB Spy",14,38,0,"2-10-CIN 25 (10:11) 18-Remy Beauchamp  pass complete to 11-Mike Bunch to CIN 39 for 14 yards. Tackle by 21-Jeremy Seltzer. 11-Mike Bunch did some fancy footwork there. 20-Matthew Scott got away with a hold on that play.","#18 Remy Beauchamp  - QB","#20 Malik Risley - WR",,"#36 Fredrick Green - FB","#44 John Pine - RB","#22 Jameson Kelly - WR",,"#11 Mike Bunch - WR",,,,,"#71 Thomas Morneau - LT","#60 Ricky Hicks - LG","#55 Anthony Struck - C","#74 Gerard White - RG","#67 Craig Teel - RT",,"#92 Odell Paschke - LDE",,"#64 Charles Harris - RDE","#64 Bret Walton - DT","#96 Peter Grant - RDE","#59 Andre Wade - WLB","#51 Robert Mann - WLB",,"#54 Joel Dodson - WLB","#20 Matthew Scott - CB","#43 Paul Powers - CB",,,,"#41 Wayne Kearns - CB","#21 Jeremy Seltzer - CB",,,,,,,,,,,,,,,,,,,,,,,,,,,,,,,,,,,,
CIN,9:52,"CIN 39",4,1,10,"Weak I Normal Fullback Counter Weak","4-3 Normal Double WR1",-1,38,0,"1-10-CIN 39 (9:51) 41-Fredrick Green ran to CIN 38 for -1 yards. Tackle by 56-Stanley Shade.","#18 Remy Beauchamp  - QB","#20 Malik Risley - WR",,,"#36 Fredrick Green - FB","#44 John Pine - RB",,"#29 James Gonzalas - RB",,"#85 Joseph Moore - WR",,,"#71 Thomas Morneau - LT","#60 Ricky Hicks - LG","#55 Anthony Struck - C","#74 Gerard White - RG","#67 Craig Teel - RT",,"#92 Odell Paschke - LDE",,"#64 Charles Harris - RDE","#64 Bret Walton - DT","#96 Peter Grant - RDE","#57 William Snow - WLB","#50 Samual Brown - WLB",,"#56 Stanley Shade - WLB","#33 Roger Trimmer - CB","#43 Paul Powers - CB",,,,"#44 Delbert Bealer - CB","#27 Kyle Locklin - CB",,,,,,,,,,,,,,,,,,,,,,,,,,,,,,,,,,,,
CIN,9:35,"CIN 38",4,2,11,"I Formation Twin WR Quick Outs","4-3 Normal WLB Outside Blitz",12,38,0,"2-11-CIN 38 (9:34) 18-Remy Beauchamp  pass complete to 85-Joseph Moore to CIN 50 for 12 yards. Tackle by 44-Delbert Bealer.","#18 Remy Beauchamp  - QB","#44 John Pine - RB",,,"#36 Fredrick Green - FB","#22 Jameson Kelly - WR",,"#85 Joseph Moore - WR",,"#14 Kristopher Dobbins - WR",,,"#71 Thomas Morneau - LT","#60 Ricky Hicks - LG","#55 Anthony Struck - C","#74 Gerard White - RG","#67 Craig Teel - RT",,"#92 Odell Paschke - LDE",,"#64 Charles Harris - RDE","#64 Bret Walton - DT","#96 Peter Grant - RDE","#57 William Snow - WLB","#51 Robert Mann - WLB",,"#54 Joel Dodson - WLB","#33 Roger Trimmer - CB","#43 Paul Powers - CB",,,,"#44 Delbert Bealer - CB","#27 Kyle Locklin - CB",,,,,,,,,,,,,,,,,,,,,,,,,,,,,,,,,,,,
CIN,9:14,"CIN 50",4,1,10,"Split Backs 3 Wide WR Quick Out","4-3 Normal Man QB Spy",2,38,0,"1-10-CIN 50 (9:13) 18-Remy Beauchamp  pass complete to 20-Malik Risley to HOU 48 for 2 yards. Tackle by 41-Wayne Kearns.","#18 Remy Beauchamp  - QB","#20 Malik Risley - WR",,,"#36 Fredrick Green - FB",,,"#29 James Gonzalas - RB","#11 Mike Bunch - WR","#14 Kristopher Dobbins - WR",,,"#71 Thomas Morneau - LT","#60 Ricky Hicks - LG","#55 Anthony Struck - C","#74 Gerard White - RG","#67 Craig Teel - RT",,"#92 Odell Paschke - LDE",,"#64 Charles Harris - RDE","#64 Bret Walton - DT","#96 Peter Grant - RDE","#57 William Snow - WLB","#50 Samual Brown - WLB",,"#56 Stanley Shade - WLB","#20 Matthew Scott - CB","#43 Paul Powers - CB",,,,"#41 Wayne Kearns - CB","#27 Kyle Locklin - CB",,,,,,,,,,,,,,,,,,,,,,,,,,,,,,,,,,,,
CIN,8:48,"HOU 48",4,2,8,"I Formation Normal Max Protect","4-3 Normal Man Under 1",14,38,0,"2-8-HOU 48 (8:47) 18-Remy Beauchamp  pass complete to 34-Kenneth Weiner to HOU 34 for 14 yards. Tackle by 44-Delbert Bealer.","#18 Remy Beauchamp  - QB","#34 Kenneth Weiner - WR",,,"#46 David Santos - WR","#44 John Pine - RB",,"#14 Kristopher Dobbins - WR",,"#83 Juan Hardy - WR",,,"#71 Thomas Morneau - LT","#60 Ricky Hicks - LG","#55 Anthony Struck - C","#74 Gerard White - RG","#67 Craig Teel - RT",,"#92 Odell Paschke - LDE",,"#64 Charles Harris - RDE","#64 Bret Walton - DT","#96 Peter Grant - RDE","#59 Andre Wade - WLB","#51 Robert Mann - WLB",,"#54 Joel Dodson - WLB","#33 Roger Trimmer - CB","#43 Paul Powers - CB",,,,"#44 Delbert Bealer - CB","#21 Jeremy Seltzer - CB",,,,,,,,,,,,,,,,,,,,,,,,,,,,,,,,,,,,
CIN,8:23,"HOU 34",4,1,10,"Shotgun 2 RB 3 WR RB Curls","4-3 Normal Double WR3",,38,0,"1-10-HOU 34 (8:22) 18-Remy Beauchamp  sacked at HOU 44 for -10 yards (53-Charles Harris). Sack allowed by 74-Gerard White. 18-Remy Beauchamp  FUMBLES (53-Charles Harris) recovered by HOU-92-Odell Paschke to HOU 49 for 3 yards.","#18 Remy Beauchamp  - QB","#22 Jameson Kelly - WR","#29 James Gonzalas - RB",,,,,"#44 John Pine - RB","#11 Mike Bunch - WR","#85 Joseph Moore - WR",,,"#71 Thomas Morneau - LT","#60 Ricky Hicks - LG","#55 Anthony Struck - C","#74 Gerard White - RG","#67 Craig Teel - RT",,"#92 Odell Paschke - LDE",,"#64 Charles Harris - RDE","#64 Bret Walton - DT","#96 Peter Grant - RDE","#57 William Snow - WLB","#50 Samual Brown - WLB",,"#56 Stanley Shade - WLB","#20 Matthew Scott - CB","#25 Michael Avila - CB",,,,"#41 Wayne Kearns - CB","#27 Kyle Locklin - CB",,,,,,,,,,,,,,,,,,,,,,,,,,,,,,,,,,,,
HOU,8:15,"HOU 49",4,1,10,"Shotgun 2 RB 3 WR Shotgun Dive","4-3 Under Crash Right",3,38,0,"1-10-HOU 49 (8:16) 23-Tracy Lopez ran to CIN 48 for 3 yards. Tackle by 58-Tim ""Ripper"" Owens.","#6 Joseph Eady - QB","#23 Tracy Lopez - WR","#82 Brian Ramirez - WR",,,,,"#81 Kelvin McMillan - WR","#11 John Gomez - WR","#80 Edgardo Murray - WR",,,"#79 Charles Linder - LT","#70 Daniel Paige - LG","#69 Jose Brooks - C","#73 Emmanuel Wallace - RG","#66 James Velasquez - RT",,"#97 Robert Anders - RDE",,"#73 Charles Donnelly - DT","#63 Philip Zuniga - LDE","#95 Francisco Martinez - RDE","#58 Tim ""Ripper"" Owens - MLB","#91 Carlos Smith - SLB",,"#53 Albert Pierrepoint - WLB","#21 Carlos Morrison - FS","#49 Mark Vargas - FS",,,,"#23 Clarence Isaacs - SS","#40 Keith Mason - CB",,,,,,,,,,,,,,,,,,,,,,,,,,,,,,,,,,,,
HOU,7:33,"CIN 48",4,2,7,"Strong I Normal HB Off Tackle Strong","4-3 Normal OLB Blitz Outside",1,38,0,"2-7-CIN 48 (7:32) 82-Brian Ramirez ran to CIN 47 for 1 yards. Tackle by 98-Harold Messick.","#6 Joseph Eady - QB","#82 Brian Ramirez - WR",,,"#83 Clinton Anderson - RB","#84 Joseph McCasland - RB",,"#81 Kelvin McMillan - WR",,"#80 Edgardo Murray - WR",,,"#79 Charles Linder - LT","#70 Daniel Paige - LG","#69 Jose Brooks - C","#73 Emmanuel Wallace - RG","#66 James Velasquez - RT",,"#97 Robert Anders - RDE",,"#73 Charles Donnelly - DT","#63 Philip Zuniga - LDE","#95 Francisco Martinez - RDE","#58 Tim ""Ripper"" Owens - MLB","#98 Harold Messick - WLB",,"#91 Carlos Smith - SLB","#21 Carlos Morrison - FS","#49 Mark Vargas - FS",,,,"#23 Clarence Isaacs - SS","#40 Keith Mason - CB",,,,,,,,,,,,,,,,,,,,,,,,,,,,,,,,,,,,
HOU,6:56,"CIN 47",4,3,6,"Strong I Normal HB Off Tackle Strong","4-3 Normal WLB MLB Blitz",5,38,0,"3-6-CIN 47 (6:55) 23-Tracy Lopez ran to CIN 42 for 5 yards. Tackle by 58-Tim ""Ripper"" Owens.","#6 Joseph Eady - QB","#23 Tracy Lopez - WR",,,"#83 Clinton Anderson - RB","#84 Joseph McCasland - RB",,"#81 Kelvin McMillan - WR",,"#80 Edgardo Murray - WR",,,"#79 Charles Linder - LT","#70 Daniel Paige - LG","#69 Jose Brooks - C","#73 Emmanuel Wallace - RG","#66 James Velasquez - RT",,"#97 Robert Anders - RDE",,"#73 Charles Donnelly - DT","#63 Philip Zuniga - LDE","#95 Francisco Martinez - RDE","#58 Tim ""Ripper"" Owens - MLB","#98 Harold Messick - WLB",,"#91 Carlos Smith - SLB","#21 Carlos Morrison - FS","#49 Mark Vargas - FS",,,,"#23 Clarence Isaacs - SS","#40 Keith Mason - CB",,,,,,,,,,,,,,,,,,,,,,,,,,,,,,,,,,,,
HOU,6:17,"CIN 42",4,4,1,Punt,"Punt Return",49,38,0,"4-1-CIN 42 (6:16) 9-Billy Hansen punts 49 yards to CIN -7.4-1-CIN 42 (6:16) 9-Billy Hansen punts 49 yards to CIN -7. Touchback.",,,,,,,,,,,,,,,,,,"#9 Billy Hansen - P",,,,,,,,,,,,,,,,,,,"#69 Jose Brooks - C",,"#11 Mike Bunch - WR",,,"#40 Keith Mason - CB","#21 Carlos Morrison - FS","#91 Carlos Smith - SLB",,"#24 Alan Drake - CB","#23 Clarence Isaacs - SS",,"#49 Mark Vargas - FS",,,,"#66 James Velasquez - RT","#60 Matthew Bell - RG","#84 Joseph McCasland - RB","#73 Emmanuel Wallace - RG","#72 Lawrence Downing - C","#77 Eric Mitchell - LT",,"#92 John Mansell - RDE","#97 Robert Anders - RDE","#53 Albert Pierrepoint - WLB","#95 Francisco Martinez - RDE",,,,,,,
CIN,6:07,"CIN 20",4,1,10,"I Formation Twin WR Quick Outs","4-3 Normal WLB Outside Blitz",5,38,0,"1-10-CIN 20 (6:08) 18-Remy Beauchamp  pass complete to 11-Mike Bunch to CIN 25 for 5 yards. Tackle by 33-Roger Trimmer.","#18 Remy Beauchamp  - QB","#44 John Pine - RB",,,"#22 Jameson Kelly - WR","#85 Joseph Moore - WR",,"#11 Mike Bunch - WR",,"#29 James Gonzalas - RB",,,"#71 Thomas Morneau - LT","#60 Ricky Hicks - LG","#55 Anthony Struck - C","#74 Gerard White - RG","#67 Craig Teel - RT",,"#92 Odell Paschke - LDE",,"#64 Charles Harris - RDE","#64 Bret Walton - DT","#96 Peter Grant - RDE","#59 Andre Wade - WLB","#51 Robert Mann - WLB",,"#54 Joel Dodson - WLB","#33 Roger Trimmer - CB","#20 Matthew Scott - CB",,,,"#41 Wayne Kearns - CB","#27 Kyle Locklin - CB",,,,,,,,,,,,,,,,,,,,,,,,,,,,,,,,,,,,
CIN,5:45,"CIN 25",4,2,5,"Split Backs 3 Wide Slot Post","4-3 Normal Double WR3",-8,38,0,"2-5-CIN 25 (5:44) 18-Remy Beauchamp  sacked at CIN 18 for -8 yards (96-Peter Grant). Sack allowed by 71-Thomas Morneau. 71-Thomas Morneau was caught flat-footed on this play.","#18 Remy Beauchamp  - QB","#85 Joseph Moore - WR",,,"#22 Jameson Kelly - WR",,,"#29 James Gonzalas - RB","#11 Mike Bunch - WR","#14 Kristopher Dobbins - WR",,,"#71 Thomas Morneau - LT","#60 Ricky Hicks - LG","#55 Anthony Struck - C","#74 Gerard White - RG","#67 Craig Teel - RT",,"#92 Odell Paschke - LDE",,"#64 Charles Harris - RDE","#64 Bret Walton - DT","#96 Peter Grant - RDE","#59 Andre Wade - WLB","#51 Robert Mann - WLB",,"#54 Joel Dodson - WLB","#33 Roger Trimmer - CB","#20 Matthew Scott - CB",,,,"#41 Wayne Kearns - CB","#27 Kyle Locklin - CB",,,,,,,,,,,,,,,,,,,,,,,,,,,,,,,,,,,,
CIN,5:22,"CIN 18",4,3,12,"Strong I Big TE Post","4-3 Normal OLB Blitz Inside",4,38,0,"3-12-CIN 18 (5:21) 18-Remy Beauchamp  pass complete to 29-James Gonzalas to CIN 22 for 4 yards. Tackle by 44-Delbert Bealer.","#18 Remy Beauchamp  - QB","#29 James Gonzalas - RB",,,"#36 Fredrick Green - FB","#22 Jameson Kelly - WR","#85 Joseph Moore - WR","#11 Mike Bunch - WR",,,,,"#71 Thomas Morneau - LT","#60 Ricky Hicks - LG","#55 Anthony Struck - C","#74 Gerard White - RG","#67 Craig Teel - RT",,"#92 Odell Paschke - LDE",,"#64 Charles Harris - RDE","#64 Bret Walton - DT","#96 Peter Grant - RDE","#59 Andre Wade - WLB","#50 Samual Brown - WLB",,"#56 Stanley Shade - WLB","#33 Roger Trimmer - CB","#20 Matthew Scott - CB",,,,"#44 Delbert Bealer - CB","#27 Kyle Locklin - CB",,,,,,,,,,,,,,,,,,,,,,,,,,,,,,,,,,,,
CIN,4:58,"CIN 22",4,4,8,Punt,"Punt Return",,38,0,"4-8-CIN 22 (4:57) 7-Leonard Hyde punts 44 yards to HOU 34. Fair Catch by 42-Robert Cady.",,,,,,,,,,,,,,,,,,"#7 Leonard Hyde - P",,,,,,,,,,,,,,,,,,,"#68 Roderick Price - RG",,"#42 Robert Cady - WR",,,"#20 Matthew Scott - CB","#90 James Spencer - RDE","#56 Stanley Shade - WLB",,"#57 William Snow - WLB","#50 Samual Brown - WLB",,"#63 Wallace King - LDE",,,,"#67 Craig Teel - RT","#60 Ricky Hicks - LG","#22 Jameson Kelly - WR","#71 Thomas Morneau - LT","#55 Anthony Struck - C","#61 John Balfour - RT",,"#64 Bret Walton - DT","#92 Odell Paschke - LDE","#51 Robert Mann - WLB","#96 Peter Grant - RDE",,,,,,,
HOU,4:49,"HOU 34",4,1,10,"I Formation Normal HB Dive","4-3 Normal OLB Blitz Outside",1,38,0,"1-10-HOU 34 (4:50) 23-Tracy Lopez ran to HOU 34 for 1 yards. Tackle by 98-Harold Messick.","#6 Joseph Eady - QB","#23 Tracy Lopez - WR",,,"#83 Clinton Anderson - RB","#84 Joseph McCasland - RB",,"#81 Kelvin McMillan - WR",,"#80 Edgardo Murray - WR",,,"#79 Charles Linder - LT","#70 Daniel Paige - LG","#69 Jose Brooks - C","#73 Emmanuel Wallace - RG","#66 James Velasquez - RT",,"#97 Robert Anders - RDE",,"#73 Charles Donnelly - DT","#63 Philip Zuniga - LDE","#95 Francisco Martinez - RDE","#58 Tim ""Ripper"" Owens - MLB","#48 Anthony Hutchinson - SLB",,"#98 Harold Messick - WLB","#26 Angelo Seiler - CB","#49 Mark Vargas - FS",,,,"#23 Clarence Isaacs - SS","#21 Carlos Morrison - FS",,,,,,,,,,,,,,,,,,,,,,,,,,,,,,,,,,,,
HOU,4:15,"HOU 34",4,2,9,"Weak I Normal HB Inside Strong","3-4 Normal Man Cover 1",2,38,0,"2-9-HOU 34 (4:14) 23-Tracy Lopez ran to HOU 37 for 2 yards. Tackle by 73-Charles Donnelly.","#6 Joseph Eady - QB","#23 Tracy Lopez - WR",,,"#83 Clinton Anderson - RB","#84 Joseph McCasland - RB",,"#81 Kelvin McMillan - WR",,"#80 Edgardo Murray - WR",,,"#79 Charles Linder - LT","#70 Daniel Paige - LG","#69 Jose Brooks - C","#73 Emmanuel Wallace - RG","#66 James Velasquez - RT",,"#97 Robert Anders - RDE",,"#73 Charles Donnelly - DT",,"#95 Francisco Martinez - RDE","#53 Albert Pierrepoint - WLB","#98 Harold Messick - WLB","#91 Carlos Smith - SLB","#58 Tim ""Ripper"" Owens - MLB","#26 Angelo Seiler - CB","#21 Carlos Morrison - FS",,,,"#23 Clarence Isaacs - SS","#40 Keith Mason - CB",,,,,,,,,,,,,,,,,,,,,,,,,,,,,,,,,,,,
HOU,3:40,"HOU 37",4,3,7,"Weak I Normal HB Inside Strong","4-3 Normal OLB Blitz Outside",3,38,0,"3-7-HOU 37 (3:39) 82-Brian Ramirez ran to HOU 40 for 3 yards. Tackle by 91-Carlos Smith.","#6 Joseph Eady - QB","#82 Brian Ramirez - WR",,,"#83 Clinton Anderson - RB","#84 Joseph McCasland - RB",,"#81 Kelvin McMillan - WR",,"#80 Edgardo Murray - WR",,,"#79 Charles Linder - LT","#70 Daniel Paige - LG","#69 Jose Brooks - C","#73 Emmanuel Wallace - RG","#66 James Velasquez - RT",,"#97 Robert Anders - RDE",,"#73 Charles Donnelly - DT","#63 Philip Zuniga - LDE","#95 Francisco Martinez - RDE","#58 Tim ""Ripper"" Owens - MLB","#98 Harold Messick - WLB",,"#91 Carlos Smith - SLB","#21 Carlos Morrison - FS","#49 Mark Vargas - FS",,,,"#23 Clarence Isaacs - SS","#40 Keith Mason - CB",,,,,,,,,,,,,,,,,,,,,,,,,,,,,,,,,,,,
HOU,2:55,"HOU 40",4,4,3,Punt,"Punt Return",51,38,0,"4-3-HOU 40 (2:54) 9-Billy Hansen punts 51 yards to CIN 9.",,,,,,,,,,,,,,,,,,"#9 Billy Hansen - P",,,,,,,,,,,,,,,,,,,"#69 Jose Brooks - C",,"#11 Mike Bunch - WR",,,"#40 Keith Mason - CB","#21 Carlos Morrison - FS","#91 Carlos Smith - SLB",,"#24 Alan Drake - CB","#23 Clarence Isaacs - SS",,"#49 Mark Vargas - FS",,,,"#66 James Velasquez - RT","#60 Matthew Bell - RG","#84 Joseph McCasland - RB","#73 Emmanuel Wallace - RG","#72 Lawrence Downing - C","#77 Eric Mitchell - LT",,"#92 John Mansell - RDE","#97 Robert Anders - RDE","#53 Albert Pierrepoint - WLB","#95 Francisco Martinez - RDE",,,,,,,
CIN,2:43,"CIN 9",4,1,10,"I Formation Twin WR Quick Outs","4-3 Normal WLB Outside Blitz",19,38,0,"1-10-CIN 9 (2:44) 18-Remy Beauchamp  pass complete to 11-Mike Bunch to CIN 28 for 19 yards. Tackle by 59-Andre Wade.","#18 Remy Beauchamp  - QB","#44 John Pine - RB",,,"#22 Jameson Kelly - WR","#85 Joseph Moore - WR",,"#11 Mike Bunch - WR",,"#29 James Gonzalas - RB",,,"#71 Thomas Morneau - LT","#60 Ricky Hicks - LG","#55 Anthony Struck - C","#74 Gerard White - RG","#67 Craig Teel - RT",,"#92 Odell Paschke - LDE",,"#64 Charles Harris - RDE","#64 Bret Walton - DT","#96 Peter Grant - RDE","#59 Andre Wade - WLB","#50 Samual Brown - WLB",,"#54 Joel Dodson - WLB","#33 Roger Trimmer - CB","#20 Matthew Scott - CB",,,,"#41 Wayne Kearns - CB","#27 Kyle Locklin - CB",,,,,,,,,,,,,,,,,,,,,,,,,,,,,,,,,,,,
CIN,2:23,"CIN 28",4,1,10,"I Formation Power HB Strong Outside","4-3 Normal OLB Blitz Inside",-2,38,0,"1-10-CIN 28 (2:22) 29-James Gonzalas ran to CIN 26 for -2 yards. Tackle by 54-Joel Dodson.","#18 Remy Beauchamp  - QB","#29 James Gonzalas - RB",,"#22 Jameson Kelly - WR","#44 John Pine - RB","#85 Joseph Moore - WR",,"#11 Mike Bunch - WR",,,,,"#71 Thomas Morneau - LT","#60 Ricky Hicks - LG","#55 Anthony Struck - C","#74 Gerard White - RG","#67 Craig Teel - RT",,"#92 Odell Paschke - LDE",,"#64 Charles Harris - RDE","#64 Bret Walton - DT","#96 Peter Grant - RDE","#59 Andre Wade - WLB","#50 Samual Brown - WLB",,"#54 Joel Dodson - WLB","#33 Roger Trimmer - CB","#20 Matthew Scott - CB",,,,"#41 Wayne Kearns - CB","#27 Kyle Locklin - CB",,,,,,,,,,,,,,,,,,,,,,,,,,,,,,,,,,,,
CIN,2:02,"CIN 26",4,2,12,"I Formation Normal Max Protect","4-3 Normal Man QB Spy",,38,0,"2-12-CIN 26 (2:01) 18-Remy Beauchamp  pass incomplete, intended for 29-James Gonzalas.","#18 Remy Beauchamp  - QB","#85 Joseph Moore - WR",,,"#22 Jameson Kelly - WR","#44 John Pine - RB",,"#29 James Gonzalas - RB",,"#11 Mike Bunch - WR",,,"#71 Thomas Morneau - LT","#60 Ricky Hicks - LG","#55 Anthony Struck - C","#74 Gerard White - RG","#67 Craig Teel - RT",,"#92 Odell Paschke - LDE",,"#64 Charles Harris - RDE","#64 Bret Walton - DT","#96 Peter Grant - RDE","#59 Andre Wade - WLB","#50 Samual Brown - WLB",,"#54 Joel Dodson - WLB","#33 Roger Trimmer - CB","#20 Matthew Scott - CB",,,,"#41 Wayne Kearns - CB","#27 Kyle Locklin - CB",,,,,,,,,,,,,,,,,,,,,,,,,,,,,,,,,,,,
,1:58,,4,3,12,,,,38,0,"Timeout for two minute warning.",,,,,,,,,,,,,,,,,,,,,,,,,,,,,,,,,,,,,,,,,,,,,,,,,,,,,,,,,,,,,,,,,,,,,,
CIN,1:57,"CIN 26",4,3,12,"Strong I Big TE Post","4-3 Normal OLB Blitz Inside",,38,0,"3-12-CIN 26 (1:58) 18-Remy Beauchamp  pass incomplete, intended for 20-Malik Risley.","#18 Remy Beauchamp  - QB","#20 Malik Risley - WR",,,"#36 Fredrick Green - FB","#22 Jameson Kelly - WR","#44 John Pine - RB","#85 Joseph Moore - WR",,,,,"#71 Thomas Morneau - LT","#60 Ricky Hicks - LG","#55 Anthony Struck - C","#74 Gerard White - RG","#67 Craig Teel - RT",,"#92 Odell Paschke - LDE",,"#64 Charles Harris - RDE","#64 Bret Walton - DT","#96 Peter Grant - RDE","#59 Andre Wade - WLB","#51 Robert Mann - WLB",,"#56 Stanley Shade - WLB","#33 Roger Trimmer - CB","#43 Paul Powers - CB",,,,"#41 Wayne Kearns - CB","#27 Kyle Locklin - CB",,,,,,,,,,,,,,,,,,,,,,,,,,,,,,,,,,,,
CIN,1:54,"CIN 26",4,4,12,Punt,"Punt Return",,38,0,"4-12-CIN 26 (1:55) 7-Leonard Hyde punts 48 yards to HOU 26. Fair Catch by 42-Robert Cady.",,,,,,,,,,,,,,,,,,"#7 Leonard Hyde - P",,,,,,,,,,,,,,,,,,,"#68 Roderick Price - RG",,"#42 Robert Cady - WR",,,"#51 Robert Mann - WLB","#63 Wallace King - LDE","#44 Delbert Bealer - CB",,"#20 Matthew Scott - CB","#57 William Snow - WLB",,"#50 Samual Brown - WLB",,,,"#67 Craig Teel - RT","#60 Ricky Hicks - LG","#22 Jameson Kelly - WR","#71 Thomas Morneau - LT","#55 Anthony Struck - C","#61 John Balfour - RT",,"#64 Bret Walton - DT","#92 Odell Paschke - LDE","#56 Stanley Shade - WLB","#96 Peter Grant - RDE",,,,,,,
HOU,1:47,"HOU 26",4,1,10,"Singleback Slot Strong HB Counter","Nickel Normal Double WR2",4,38,0,"1-10-HOU 26 (1:48) 82-Brian Ramirez ran to HOU 30 for 4 yards. Tackle by 98-Harold Messick. HOU 70-Daniel Paige was injured on the play.","#17 Bruce Shadrick - QB","#82 Brian Ramirez - WR",,,,"#84 Joseph McCasland - RB",,"#81 Kelvin McMillan - WR","#11 John Gomez - WR","#80 Edgardo Murray - WR",,,"#79 Charles Linder - LT","#70 Daniel Paige - LG","#69 Jose Brooks - C","#73 Emmanuel Wallace - RG","#66 James Velasquez - RT",,"#97 Robert Anders - RDE",,"#73 Charles Donnelly - DT","#63 Philip Zuniga - LDE","#95 Francisco Martinez - RDE",,"#58 Tim ""Ripper"" Owens - MLB",,"#98 Harold Messick - WLB","#49 Mark Vargas - FS","#24 Alan Drake - CB",,"#26 Angelo Seiler - CB",,"#23 Clarence Isaacs - SS","#21 Carlos Morrison - FS",,,,,,,,,,,,,,,,,,,,,,,,,,,,,,,,,,,,
HOU,1:07,"HOU 30",4,2,6,"Goal Line Normal HB Dive","4-3 Under Double Safety Blitz",3,38,0,"2-6-HOU 30 (1:06) 16-Lee McCourt ran to HOU 33 for 3 yards. Tackle by 23-Clarence Isaacs.","#17 Bruce Shadrick - QB","#16 Lee McCourt - WR",,"#42 Robert Cady - WR","#72 Lawrence Downing - C","#84 Joseph McCasland - RB","#83 Clinton Anderson - RB",,,,,,"#79 Charles Linder - LT","#71 Gus Goodman - LG","#69 Jose Brooks - C","#73 Emmanuel Wallace - RG","#66 James Velasquez - RT",,"#97 Robert Anders - RDE",,"#73 Charles Donnelly - DT","#63 Philip Zuniga - LDE","#95 Francisco Martinez - RDE","#58 Tim ""Ripper"" Owens - MLB","#91 Carlos Smith - SLB",,"#53 Albert Pierrepoint - WLB","#21 Carlos Morrison - FS","#49 Mark Vargas - FS",,,,"#23 Clarence Isaacs - SS","#40 Keith Mason - CB",,,,,,,,,,,,,,,,,,,,,,,,,,,,,,,,,,,,
HOU,0:23,"HOU 33",4,3,3,"Goal Line Normal HB Pitch Weak","4-3 Under Double Safety Blitz",-0,38,0,"3-3-HOU 33 (0:22) 82-Brian Ramirez ran to HOU 33 for a short loss. Tackle by 40-Keith Mason.","#17 Bruce Shadrick - QB","#82 Brian Ramirez - WR",,"#42 Robert Cady - WR","#72 Lawrence Downing - C","#84 Joseph McCasland - RB","#83 Clinton Anderson - RB",,,,,,"#79 Charles Linder - LT","#71 Gus Goodman - LG","#69 Jose Brooks - C","#73 Emmanuel Wallace - RG","#66 James Velasquez - RT",,"#97 Robert Anders - RDE",,"#73 Charles Donnelly - DT","#63 Philip Zuniga - LDE","#95 Francisco Martinez - RDE","#58 Tim ""Ripper"" Owens - MLB","#91 Carlos Smith - SLB",,"#53 Albert Pierrepoint - WLB","#21 Carlos Morrison - FS","#49 Mark Vargas - FS",,,,"#23 Clarence Isaacs - SS","#40 Keith Mason - CB",,,,,,,,,,,,,,,,,,,,,,,,,,,,,,,,,,,,
,0:00,,4,4,3,,,,38,0,"End of fourth quarter.",,,,,,,,,,,,,,,,,,,,,,,,,,,,,,,,,,,,,,,,,,,,,,,,,,,,,,,,,,,,,,,,,,,,,,
