HasBall,"Game Clock","Ball @",Quarter,Down,YTG,OffensivePlay,DefensivePlay,YardsGained,"Home Score","Away Score",Text,QB1,RB1,RB2,FB2,FB1,TE1,TE2,WR1,WR3,WR2,WR4,WR5,LT1,LG1,C1,RG1,RT1,P1,LDE1,LDE2,DT1,DT2,RDE1,SLB1,MLB1,MLB2,WLB1,CB1,CB2,CB4,CB3,CB5,SS1,FS1,FS2,"Kick Holder1","Long Snapper1","Kick Returner1","Punt Returner1",Gunner10,Gunner7,Gunner2,Gunner6,Gunner1,Gunner8,Gunner3,Gunner4,Gunner9,Gunner5,Kickoffs1,"Field Goal Kicker1","ST Blocker8","ST Blocker5","ST Blocker4","ST Blocker1","ST Blocker2","ST Blocker3","ST Blocker6","ST Blocker7","ST Rusher4","ST Rusher1","ST Rusher2","ST Rusher3","ST Rusher11","ST Rusher10","ST Rusher9","ST Rusher6","ST Rusher5","ST Rusher7","ST Rusher8"
,15:00,,1,,,,,,0,0,"DET has won the toss and elected to defer.",,,,,,,,,,,,,,,,,,,,,,,,,,,,,,,,,,,,,,,,,,,,,,,,,,,,,,,,,,,,,,,,,,,,,,
DET,15:00,"DET 35",1,6,10,Kickoff,"Kick Return",,0,0,"(15:00) 6-James Hawes kicks 75 yards from DET 35 to MIN -10. Touchback.",,,,,,,,,,,,,,,,,,,,,,,,,,,,,,,,,,,,,,"#82 Robert Henry - WR",,"#46 Kevin Willis - FS","#32 James Dunn - CB","#41 Alan Tucker - CB","#29 Joseph Hudson - CB","#33 William Dorsch - SLB","#97 Anthony Reid - DT","#55 Warren Waite - WLB","#42 George Yun - FS","#93 Joseph Baltz - MLB","#92 Charles Espinoza - RDE","#6 James Hawes - K",,,,,,,,,,,,,,,,,,,,
MIN,15:00,"MIN 25",1,1,10,"I Formation 3WR FL Post","Nickel Normal Shallow Zone Deep",,0,0,"1-10-MIN 25 (15:00) 8-Robert Betances pass incomplete, intended for 84-McKinley Maxfield. Pressure by 94-Mark Simmons.","#8 Robert Betances - QB","#25 Albert Stutes - RB",,,"#47 David Numbers - FB",,,"#10 Randy Smith - WR","#84 McKinley Maxfield - WR","#17 Lee Pritchett - WR",,,"#83 Marc Brown - LT","#53 Jessie Snider - LG","#52 William Lopez - C","#61 Bryan Sindelar - RG","#68 Michael Scott - RT",,"#94 Mark Simmons - LDE",,"#71 Milton Sloan - DT","#92 Leon Varney - RDE","#91 Peter Clark - RDE",,"#55 Matthew Schmitz - MLB",,"#52 Markus Drake - WLB","#49 Clifford Pigg - CB","#21 John Bennett - CB",,"#32 Carlos Johnson - SS",,"#40 Curtis Garcia - SS","#45 John Dennis - FS",,,,,,,,,,,,,,,,,,,,,,,,,,,,,,,,,,,,
MIN,14:56,"MIN 25",1,2,10,"Shotgun 2 RB 3 WR Shotgun Sweep","Nickel Normal Shallow Zone Deep",2,0,0,"2-10-MIN 25 (14:57) 22-Steven Shock ran to MIN 27 for 2 yards. Tackle by 52-Markus Drake.","#8 Robert Betances - QB","#25 Albert Stutes - RB","#22 Steven Shock - RB",,,,,"#10 Randy Smith - WR","#84 McKinley Maxfield - WR","#17 Lee Pritchett - WR",,,"#83 Marc Brown - LT","#53 Jessie Snider - LG","#52 William Lopez - C","#61 Bryan Sindelar - RG","#68 Michael Scott - RT",,"#94 Mark Simmons - LDE",,"#71 Milton Sloan - DT","#92 Leon Varney - RDE","#91 Peter Clark - RDE",,"#54 Timothy Lewis - SLB",,"#52 Markus Drake - WLB","#21 John Bennett - CB","#49 Clifford Pigg - CB",,"#32 Carlos Johnson - SS",,"#40 Curtis Garcia - SS","#45 John Dennis - FS",,,,,,,,,,,,,,,,,,,,,,,,,,,,,,,,,,,,
MIN,14:12,"MIN 27",1,3,8,"Shotgun 2 RB 3 WR Shotgun Sweep","Nickel Normal Shallow Zone Deep",6,0,0,"3-8-MIN 27 (14:11) 22-Steven Shock ran to MIN 33 for 6 yards. Tackle by 40-Curtis Garcia.","#8 Robert Betances - QB","#25 Albert Stutes - RB","#22 Steven Shock - RB",,,,,"#10 Randy Smith - WR","#84 McKinley Maxfield - WR","#17 Lee Pritchett - WR",,,"#83 Marc Brown - LT","#53 Jessie Snider - LG","#52 William Lopez - C","#61 Bryan Sindelar - RG","#68 Michael Scott - RT",,"#94 Mark Simmons - LDE",,"#71 Milton Sloan - DT","#92 Leon Varney - RDE","#91 Peter Clark - RDE",,"#55 Matthew Schmitz - MLB",,"#95 Joshua Campbell - WLB","#49 Clifford Pigg - CB","#21 John Bennett - CB",,"#40 Curtis Garcia - SS",,"#32 Carlos Johnson - SS","#45 John Dennis - FS",,,,,,,,,,,,,,,,,,,,,,,,,,,,,,,,,,,,
MIN,13:27,"MIN 33",1,4,2,Punt,"Punt Return",,0,0,"4-2-MIN 33 (13:26) 4-Willard Calvo punts 50 yards to DET 16. Fair Catch by 43-Paul Hannah. MIN 77-Courtney Abril was injured on the play. He looks like he should be able to return.",,,,,,,,,,,,,,,,,,"#4 Willard Calvo - P",,,,,,,,,,,,,,,,,,,"#59 David Torres - RT",,"#43 Paul Hannah - RB",,,"#91 Peter Clark - RDE","#40 Curtis Garcia - SS","#49 Clifford Pigg - CB",,"#92 Leon Varney - RDE","#52 Markus Drake - WLB",,"#55 Matthew Schmitz - MLB",,,,"#53 Jessie Snider - LG","#67 Anthony Klein - LT","#75 Daniel Lin - LG","#77 Courtney Abril - RG","#83 Marc Brown - LT","#68 Michael Scott - RT",,"#95 Joshua Campbell - WLB","#71 Milton Sloan - DT","#94 Mark Simmons - LDE","#78 Sammy McDaniel - RDE",,,,,,,
DET,13:18,"DET 16",1,1,10,"Shotgun Normal Double Outs","Nickel Normal Man Cover 2",9,0,0,"1-10-DET 16 (13:19) 5-Billy Lindsey pass complete to 87-Scott Sotelo to DET 25 for 9 yards. Tackle by 29-Joseph Hudson.","#5 Billy Lindsey - QB","#43 Paul Hannah - RB",,,,"#83 Mark Hebert - TE",,"#10 John Hawkins - WR","#87 Scott Sotelo - WR","#18 Ken Simpson - WR",,,"#70 David Samaniego - LT","#66 Hugh Sexton - LG","#79 Gary Herbert - C","#61 Christopher Little - RG","#75 Antonio Trull - LT",,"#95 Fred Lozano - LDE",,"#97 Anthony Reid - DT","#79 Coy McMurtry - DT","#99 Jared Westmoreland - RDE",,"#93 Joseph Baltz - MLB",,"#55 Warren Waite - WLB","#41 Alan Tucker - CB","#29 Joseph Hudson - CB",,"#21 David Anderson - CB",,"#32 James Dunn - CB","#46 Kevin Willis - FS",,,,,,,,,,,,,,,,,,,,,,,,,,,,,,,,,,,,
,13:15,,1,2,1,,,,0,0,"Timeout DET",,,,,,,,,,,,,,,,,,,,,,,,,,,,,,,,,,,,,,,,,,,,,,,,,,,,,,,,,,,,,,,,,,,,,,
DET,12:42,"DET 25",1,2,1,"Weak I Normal HB Inside Strong","4-3 Normal WLB Outside Blitz",2,0,0,"2-1-DET 25 (12:43) 43-Paul Hannah ran to DET 27 for 2 yards. Tackle by 55-Warren Waite.","#5 Billy Lindsey - QB","#43 Paul Hannah - RB",,,"#39 Oliver Lynn - FB","#83 Mark Hebert - TE",,"#10 John Hawkins - WR",,"#18 Ken Simpson - WR",,,"#70 David Samaniego - LT","#66 Hugh Sexton - LG","#79 Gary Herbert - C","#61 Christopher Little - RG","#75 Antonio Trull - LT",,"#95 Fred Lozano - LDE",,"#97 Anthony Reid - DT","#79 Coy McMurtry - DT","#99 Jared Westmoreland - RDE","#33 William Dorsch - SLB","#93 Joseph Baltz - MLB",,"#55 Warren Waite - WLB","#41 Alan Tucker - CB","#29 Joseph Hudson - CB",,,,"#32 James Dunn - CB","#46 Kevin Willis - FS",,,,,,,,,,,,,,,,,,,,,,,,,,,,,,,,,,,,
DET,12:04,"DET 27",1,1,10,"Singleback Slot Strong HB Counter","Nickel Normal Man Cover 2",12,0,0,"1-10-DET 27 (12:03) 43-Paul Hannah ran to DET 39 for 12 yards. Tackle by 32-James Dunn.","#5 Billy Lindsey - QB","#43 Paul Hannah - RB",,,,"#83 Mark Hebert - TE",,"#10 John Hawkins - WR","#87 Scott Sotelo - WR","#18 Ken Simpson - WR",,,"#70 David Samaniego - LT","#66 Hugh Sexton - LG","#79 Gary Herbert - C","#61 Christopher Little - RG","#75 Antonio Trull - LT",,"#95 Fred Lozano - LDE",,"#97 Anthony Reid - DT","#79 Coy McMurtry - DT","#99 Jared Westmoreland - RDE",,"#93 Joseph Baltz - MLB",,"#55 Warren Waite - WLB","#41 Alan Tucker - CB","#29 Joseph Hudson - CB",,"#21 David Anderson - CB",,"#32 James Dunn - CB","#46 Kevin Willis - FS",,,,,,,,,,,,,,,,,,,,,,,,,,,,,,,,,,,,
DET,11:23,"DET 39",1,1,10,"Strong I Normal Counter Strong","4-3 Normal SLB Outside Blitz",-1,0,0,"1-10-DET 39 (11:22) 43-Paul Hannah ran to DET 39 for -1 yards. Tackle by 33-William Dorsch.","#5 Billy Lindsey - QB","#43 Paul Hannah - RB",,,"#39 Oliver Lynn - FB","#83 Mark Hebert - TE",,"#10 John Hawkins - WR",,"#18 Ken Simpson - WR",,,"#70 David Samaniego - LT","#66 Hugh Sexton - LG","#79 Gary Herbert - C","#61 Christopher Little - RG","#75 Antonio Trull - LT",,"#95 Fred Lozano - LDE",,"#97 Anthony Reid - DT","#79 Coy McMurtry - DT","#99 Jared Westmoreland - RDE","#33 William Dorsch - SLB","#93 Joseph Baltz - MLB",,"#55 Warren Waite - WLB","#41 Alan Tucker - CB","#29 Joseph Hudson - CB",,,,"#32 James Dunn - CB","#46 Kevin Willis - FS",,,,,,,,,,,,,,,,,,,,,,,,,,,,,,,,,,,,
DET,10:43,"DET 39",1,2,11,"Weak I Normal HB Inside Strong","4-3 Normal Man QB Spy",4,0,0,"2-11-DET 39 (10:42) 43-Paul Hannah ran to DET 43 for 4 yards. Tackle by 55-Warren Waite. DET 75-Antonio Trull was injured on the play. He looks like he should be able to return.","#5 Billy Lindsey - QB","#43 Paul Hannah - RB",,,"#39 Oliver Lynn - FB","#83 Mark Hebert - TE",,"#10 John Hawkins - WR",,"#18 Ken Simpson - WR",,,"#70 David Samaniego - LT","#66 Hugh Sexton - LG","#79 Gary Herbert - C","#61 Christopher Little - RG","#75 Antonio Trull - LT",,"#95 Fred Lozano - LDE",,"#97 Anthony Reid - DT","#79 Coy McMurtry - DT","#99 Jared Westmoreland - RDE","#33 William Dorsch - SLB","#93 Joseph Baltz - MLB",,"#55 Warren Waite - WLB","#41 Alan Tucker - CB","#29 Joseph Hudson - CB",,,,"#32 James Dunn - CB","#46 Kevin Willis - FS",,,,,,,,,,,,,,,,,,,,,,,,,,,,,,,,,,,,
DET,10:05,"DET 43",1,3,6,"Shotgun Normal Post Flags","Nickel Normal Man Cover 2",,0,0,"3-6-DET 43 (10:04) 5-Billy Lindsey pass Pass knocked down by 93-Joseph Baltz. incomplete, intended for 83-Mark Hebert.","#5 Billy Lindsey - QB","#43 Paul Hannah - RB",,,,"#83 Mark Hebert - TE",,"#10 John Hawkins - WR","#87 Scott Sotelo - WR","#18 Ken Simpson - WR",,,"#70 David Samaniego - LT","#66 Hugh Sexton - LG","#79 Gary Herbert - C","#61 Christopher Little - RG","#60 Thomas Bridges - RT",,"#95 Fred Lozano - LDE",,"#97 Anthony Reid - DT","#79 Coy McMurtry - DT","#99 Jared Westmoreland - RDE",,"#93 Joseph Baltz - MLB",,"#55 Warren Waite - WLB","#41 Alan Tucker - CB","#29 Joseph Hudson - CB",,"#21 David Anderson - CB",,"#32 James Dunn - CB","#46 Kevin Willis - FS",,,,,,,,,,,,,,,,,,,,,,,,,,,,,,,,,,,,
DET,10:00,"DET 43",1,4,6,Punt,"Punt Return",,0,0,"4-6-DET 43 (10:01) 11-Christopher Washington punts 49 yards to MIN 8. Fair Catch by 82-Robert Henry.",,,,,,,,,,,,,,,,,,"#11 Christopher Washington - P",,,,,,,,,,,,,,,,,,,"#67 Ruben Nesbitt - C",,"#82 Robert Henry - WR",,,"#41 Alan Tucker - CB","#32 James Dunn - CB","#33 William Dorsch - SLB",,"#42 George Yun - FS","#92 Charles Espinoza - RDE",,"#29 Joseph Hudson - CB",,,,"#76 Joseph Kirtley - LG","#66 Hugh Sexton - LG","#39 Oliver Lynn - FB","#60 Thomas Bridges - RT","#70 David Samaniego - LT","#35 Jackie Hastings - FB",,"#79 Coy McMurtry - DT","#55 Warren Waite - WLB","#94 Kirk Shepard - LDE","#96 Steven Stevens - DT",,,,,,,
MIN,9:53,"MIN 8",1,1,10,"I Formation 3WR FL Post","Nickel Normal Shallow Zone Deep",12,0,0,"1-10-MIN 8 (9:54) 8-Robert Betances pass complete to 25-Albert Stutes to MIN 20 for 12 yards. Tackle by 32-Carlos Johnson.","#8 Robert Betances - QB","#25 Albert Stutes - RB",,,"#47 David Numbers - FB",,,"#10 Randy Smith - WR","#84 McKinley Maxfield - WR","#17 Lee Pritchett - WR",,,"#83 Marc Brown - LT","#53 Jessie Snider - LG","#52 William Lopez - C","#61 Bryan Sindelar - RG","#68 Michael Scott - RT",,"#94 Mark Simmons - LDE",,"#71 Milton Sloan - DT","#78 Sammy McDaniel - RDE","#92 Leon Varney - RDE",,"#55 Matthew Schmitz - MLB",,"#52 Markus Drake - WLB","#21 John Bennett - CB","#40 Curtis Garcia - SS",,"#49 Clifford Pigg - CB",,"#32 Carlos Johnson - SS","#45 John Dennis - FS",,,,,,,,,,,,,,,,,,,,,,,,,,,,,,,,,,,,
MIN,9:19,"MIN 20",1,1,10,"Weak I Big WR Post TE Out","Goal Line Attack #1",-8,0,0,"1-10-MIN 20 (9:18) 8-Robert Betances sacked at MIN 12 for -8 yards (91-Peter Clark). Sack allowed by 83-Marc Brown.","#8 Robert Betances - QB","#25 Albert Stutes - RB",,,"#47 David Numbers - FB","#81 Kevin White - TE","#49 Nathaniel Smith - TE","#10 Randy Smith - WR",,,,,"#83 Marc Brown - LT","#53 Jessie Snider - LG","#52 William Lopez - C","#61 Bryan Sindelar - RG","#68 Michael Scott - RT",,"#94 Mark Simmons - LDE","#78 Sammy McDaniel - RDE","#71 Milton Sloan - DT","#92 Leon Varney - RDE","#91 Peter Clark - RDE","#58 Lavern Daniels - SLB","#55 Matthew Schmitz - MLB",,"#52 Markus Drake - WLB","#49 Clifford Pigg - CB","#21 John Bennett - CB",,,,"#40 Curtis Garcia - SS",,,,,,,,,,,,,,,,,,,,,,,,,,,,,,,,,,,,,
MIN,8:46,"MIN 12",1,2,18,"Weak I Big HB Off Tackle Strong","Goal Line Attack #1",3,0,0,"2-18-MIN 12 (8:45) 25-Albert Stutes ran to MIN 14 for 3 yards. Tackle by 58-Lavern Daniels.","#8 Robert Betances - QB","#25 Albert Stutes - RB",,,"#47 David Numbers - FB","#81 Kevin White - TE","#49 Nathaniel Smith - TE","#10 Randy Smith - WR",,,,,"#83 Marc Brown - LT","#53 Jessie Snider - LG","#52 William Lopez - C","#61 Bryan Sindelar - RG","#68 Michael Scott - RT",,"#94 Mark Simmons - LDE","#78 Sammy McDaniel - RDE","#71 Milton Sloan - DT","#92 Leon Varney - RDE","#91 Peter Clark - RDE","#58 Lavern Daniels - SLB","#55 Matthew Schmitz - MLB",,"#52 Markus Drake - WLB","#49 Clifford Pigg - CB","#21 John Bennett - CB",,,,"#40 Curtis Garcia - SS",,,,,,,,,,,,,,,,,,,,,,,,,,,,,,,,,,,,,
MIN,8:11,"MIN 14",1,3,15,"I Formation 3WR Slot Short WR Deep","Nickel Normal Shallow Zone Deep",13,0,0,"3-15-MIN 14 (8:10) 8-Robert Betances pass complete to 17-Lee Pritchett to MIN 28 for 13 yards. Tackle by 21-John Bennett.","#8 Robert Betances - QB","#25 Albert Stutes - RB",,,"#47 David Numbers - FB",,,"#10 Randy Smith - WR","#84 McKinley Maxfield - WR","#17 Lee Pritchett - WR",,,"#83 Marc Brown - LT","#53 Jessie Snider - LG","#52 William Lopez - C","#61 Bryan Sindelar - RG","#68 Michael Scott - RT",,"#94 Mark Simmons - LDE",,"#71 Milton Sloan - DT","#92 Leon Varney - RDE","#91 Peter Clark - RDE",,"#55 Matthew Schmitz - MLB",,"#52 Markus Drake - WLB","#49 Clifford Pigg - CB","#21 John Bennett - CB",,"#32 Carlos Johnson - SS",,"#40 Curtis Garcia - SS","#45 John Dennis - FS",,,,,,,,,,,,,,,,,,,,,,,,,,,,,,,,,,,,
MIN,7:28,"MIN 28",1,4,2,Punt,"Punt Return",,0,0,"4-2-MIN 28 (7:27) 4-Willard Calvo punts 51 yards to DET 21. 43-Paul Hannah to DET 24 for 3 yards. Tackle by 33-William Dorsch. DET 94-Mark Simmons was injured on the play. He looks like he should be able to return.",,,,,,,,,,,,,,,,,,"#4 Willard Calvo - P",,,,,,,,,,,,,,,,,,,"#59 David Torres - RT",,"#43 Paul Hannah - RB",,,"#92 Leon Varney - RDE","#49 Clifford Pigg - CB","#91 Peter Clark - RDE",,"#32 Carlos Johnson - SS","#52 Markus Drake - WLB",,"#55 Matthew Schmitz - MLB",,,,"#53 Jessie Snider - LG","#67 Anthony Klein - LT","#75 Daniel Lin - LG","#77 Courtney Abril - RG","#83 Marc Brown - LT","#68 Michael Scott - RT",,"#95 Joshua Campbell - WLB","#71 Milton Sloan - DT","#94 Mark Simmons - LDE","#78 Sammy McDaniel - RDE",,,,,,,
DET,7:18,"DET 24",1,1,10,"Shotgun 2 RB 3 WR Shotgun Sweep","Nickel Normal Man Cover 2",11,0,0,"1-10-DET 24 (7:19) 29-Joseph Haas ran to DET 34 for 11 yards. Tackle by 32-James Dunn. DET 18-Ken Simpson was injured on the play. He looks like he should be able to return.","#5 Billy Lindsey - QB","#43 Paul Hannah - RB","#29 Joseph Haas - RB",,,,,"#10 John Hawkins - WR","#87 Scott Sotelo - WR","#18 Ken Simpson - WR",,,"#70 David Samaniego - LT","#66 Hugh Sexton - LG","#79 Gary Herbert - C","#61 Christopher Little - RG","#75 Antonio Trull - LT",,"#95 Fred Lozano - LDE",,"#97 Anthony Reid - DT","#79 Coy McMurtry - DT","#99 Jared Westmoreland - RDE",,"#93 Joseph Baltz - MLB",,"#55 Warren Waite - WLB","#41 Alan Tucker - CB","#29 Joseph Hudson - CB",,"#21 David Anderson - CB",,"#32 James Dunn - CB","#46 Kevin Willis - FS",,,,,,,,,,,,,,,,,,,,,,,,,,,,,,,,,,,,
DET,6:45,"DET 34",1,1,10,"Singleback Slot Strong HB Counter","Nickel Normal Man Cover 2",4,0,0,"1-10-DET 34 (6:44) 43-Paul Hannah ran to DET 39 for 4 yards. Tackle by 55-Warren Waite.","#5 Billy Lindsey - QB","#43 Paul Hannah - RB",,,,"#83 Mark Hebert - TE",,"#10 John Hawkins - WR","#14 James Wilson - WR","#87 Scott Sotelo - WR",,,"#70 David Samaniego - LT","#66 Hugh Sexton - LG","#79 Gary Herbert - C","#61 Christopher Little - RG","#75 Antonio Trull - LT",,"#95 Fred Lozano - LDE",,"#97 Anthony Reid - DT","#79 Coy McMurtry - DT","#99 Jared Westmoreland - RDE",,"#93 Joseph Baltz - MLB",,"#55 Warren Waite - WLB","#41 Alan Tucker - CB","#29 Joseph Hudson - CB",,"#21 David Anderson - CB",,"#32 James Dunn - CB","#46 Kevin Willis - FS",,,,,,,,,,,,,,,,,,,,,,,,,,,,,,,,,,,,
DET,6:03,"DET 39",1,2,6,"I Formation Normal PA Fullback Flat","4-3 Normal Double WR2",5,0,0,"2-6-DET 39 (6:02) 5-Billy Lindsey pass complete to 39-Oliver Lynn to DET 43 for 5 yards. Tackle by 93-Joseph Baltz. DET 70-David Samaniego was injured on the play. He looks like he should be able to return.","#5 Billy Lindsey - QB","#43 Paul Hannah - RB",,,"#39 Oliver Lynn - FB","#83 Mark Hebert - TE",,"#10 John Hawkins - WR",,"#87 Scott Sotelo - WR",,,"#70 David Samaniego - LT","#66 Hugh Sexton - LG","#79 Gary Herbert - C","#61 Christopher Little - RG","#75 Antonio Trull - LT",,"#95 Fred Lozano - LDE",,"#97 Anthony Reid - DT","#79 Coy McMurtry - DT","#99 Jared Westmoreland - RDE","#33 William Dorsch - SLB","#93 Joseph Baltz - MLB",,"#55 Warren Waite - WLB","#41 Alan Tucker - CB","#29 Joseph Hudson - CB",,,,"#32 James Dunn - CB","#46 Kevin Willis - FS",,,,,,,,,,,,,,,,,,,,,,,,,,,,,,,,,,,,
DET,5:18,"DET 43",1,3,1,"Singleback Slot Strong HB Counter","Nickel Normal Man Cover 2",6,0,0,"3-1-DET 43 (5:17) 43-Paul Hannah ran to DET 49 for 6 yards. Tackle by 55-Warren Waite.","#5 Billy Lindsey - QB","#43 Paul Hannah - RB",,,,"#83 Mark Hebert - TE",,"#10 John Hawkins - WR","#14 James Wilson - WR","#87 Scott Sotelo - WR",,,"#51 Christopher Shipp - LT","#66 Hugh Sexton - LG","#79 Gary Herbert - C","#61 Christopher Little - RG","#75 Antonio Trull - LT",,"#95 Fred Lozano - LDE",,"#97 Anthony Reid - DT","#79 Coy McMurtry - DT","#99 Jared Westmoreland - RDE",,"#93 Joseph Baltz - MLB",,"#55 Warren Waite - WLB","#41 Alan Tucker - CB","#29 Joseph Hudson - CB",,"#21 David Anderson - CB",,"#32 James Dunn - CB","#46 Kevin Willis - FS",,,,,,,,,,,,,,,,,,,,,,,,,,,,,,,,,,,,
DET,4:37,"DET 49",1,1,10,"Singleback Slot Strong HB Strong Inside","Nickel Normal Man Cover 2",3,0,0,"1-10-DET 49 (4:36) 43-Paul Hannah ran to MIN 48 for 3 yards. Tackle by 55-Warren Waite.","#5 Billy Lindsey - QB","#43 Paul Hannah - RB",,,,"#83 Mark Hebert - TE",,"#10 John Hawkins - WR","#14 James Wilson - WR","#87 Scott Sotelo - WR",,,"#51 Christopher Shipp - LT","#66 Hugh Sexton - LG","#79 Gary Herbert - C","#61 Christopher Little - RG","#75 Antonio Trull - LT",,"#95 Fred Lozano - LDE",,"#97 Anthony Reid - DT","#79 Coy McMurtry - DT","#99 Jared Westmoreland - RDE",,"#93 Joseph Baltz - MLB",,"#55 Warren Waite - WLB","#41 Alan Tucker - CB","#29 Joseph Hudson - CB",,"#21 David Anderson - CB",,"#32 James Dunn - CB","#46 Kevin Willis - FS",,,,,,,,,,,,,,,,,,,,,,,,,,,,,,,,,,,,
DET,4:02,"MIN 48",1,2,7,"I Formation 3WR HB Inside Weak","Nickel Normal Man Cover 2",8,0,0,"2-7-MIN 48 (4:01) 29-Joseph Haas ran to MIN 40 for 8 yards. Tackle by 55-Warren Waite. MIN 99-Jared Westmoreland was injured on the play. He looks like he should be able to return.","#5 Billy Lindsey - QB","#29 Joseph Haas - RB",,,"#39 Oliver Lynn - FB",,,"#10 John Hawkins - WR","#14 James Wilson - WR","#87 Scott Sotelo - WR",,,"#51 Christopher Shipp - LT","#66 Hugh Sexton - LG","#79 Gary Herbert - C","#61 Christopher Little - RG","#75 Antonio Trull - LT",,"#95 Fred Lozano - LDE",,"#97 Anthony Reid - DT","#79 Coy McMurtry - DT","#99 Jared Westmoreland - RDE",,"#93 Joseph Baltz - MLB",,"#55 Warren Waite - WLB","#41 Alan Tucker - CB","#29 Joseph Hudson - CB",,"#21 David Anderson - CB",,"#32 James Dunn - CB","#46 Kevin Willis - FS",,,,,,,,,,,,,,,,,,,,,,,,,,,,,,,,,,,,
DET,3:27,"MIN 40",1,1,10,"Singleback Slot Strong HB Strong Inside","Nickel Normal Man Cover 2",2,0,0,"1-10-MIN 40 (3:26) 43-Paul Hannah ran to MIN 38 for 2 yards. Tackle by 95-Fred Lozano. 83-Mark Hebert completely missed his blocking assignment.","#5 Billy Lindsey - QB","#43 Paul Hannah - RB",,,,"#83 Mark Hebert - TE",,"#10 John Hawkins - WR","#14 James Wilson - WR","#87 Scott Sotelo - WR",,,"#70 David Samaniego - LT","#66 Hugh Sexton - LG","#79 Gary Herbert - C","#61 Christopher Little - RG","#75 Antonio Trull - LT",,"#95 Fred Lozano - LDE",,"#97 Anthony Reid - DT","#79 Coy McMurtry - DT","#92 Charles Espinoza - RDE",,"#93 Joseph Baltz - MLB",,"#55 Warren Waite - WLB","#41 Alan Tucker - CB","#29 Joseph Hudson - CB",,"#21 David Anderson - CB",,"#32 James Dunn - CB","#46 Kevin Willis - FS",,,,,,,,,,,,,,,,,,,,,,,,,,,,,,,,,,,,
DET,2:50,"MIN 38",1,2,8,"Weak I Normal HB Inside Strong","4-3 Normal SLB Outside Blitz",5,0,0,"2-8-MIN 38 (2:49) 43-Paul Hannah ran to MIN 33 for 5 yards. Tackle by 55-Warren Waite. MIN 33-William Dorsch was injured on the play. He looks like he should be able to return.","#5 Billy Lindsey - QB","#43 Paul Hannah - RB",,,"#39 Oliver Lynn - FB","#83 Mark Hebert - TE",,"#10 John Hawkins - WR",,"#87 Scott Sotelo - WR",,,"#70 David Samaniego - LT","#66 Hugh Sexton - LG","#79 Gary Herbert - C","#61 Christopher Little - RG","#75 Antonio Trull - LT",,"#95 Fred Lozano - LDE",,"#97 Anthony Reid - DT","#79 Coy McMurtry - DT","#92 Charles Espinoza - RDE","#33 William Dorsch - SLB","#93 Joseph Baltz - MLB",,"#55 Warren Waite - WLB","#41 Alan Tucker - CB","#29 Joseph Hudson - CB",,,,"#32 James Dunn - CB","#46 Kevin Willis - FS",,,,,,,,,,,,,,,,,,,,,,,,,,,,,,,,,,,,
DET,2:08,"MIN 33",1,3,3,"Strong I Normal HB Off Tackle Strong","4-3 Normal Double WR2",5,0,0,"3-3-MIN 33 (2:07) 43-Paul Hannah ran to MIN 28 for 5 yards. Tackle by 55-Warren Waite.","#5 Billy Lindsey - QB","#43 Paul Hannah - RB",,,"#39 Oliver Lynn - FB","#83 Mark Hebert - TE",,"#10 John Hawkins - WR",,"#87 Scott Sotelo - WR",,,"#70 David Samaniego - LT","#66 Hugh Sexton - LG","#79 Gary Herbert - C","#61 Christopher Little - RG","#75 Antonio Trull - LT",,"#95 Fred Lozano - LDE",,"#97 Anthony Reid - DT","#79 Coy McMurtry - DT","#92 Charles Espinoza - RDE","#57 Troy Patten - SLB","#93 Joseph Baltz - MLB",,"#55 Warren Waite - WLB","#41 Alan Tucker - CB","#29 Joseph Hudson - CB",,,,"#32 James Dunn - CB","#46 Kevin Willis - FS",,,,,,,,,,,,,,,,,,,,,,,,,,,,,,,,,,,,
DET,1:25,"MIN 28",1,1,10,"Weak I Normal HB Inside Strong","4-3 Normal Man QB Spy",4,0,0,"1-10-MIN 28 (1:24) 29-Joseph Haas ran to MIN 24 for 4 yards. Tackle by 97-Anthony Reid.","#5 Billy Lindsey - QB","#29 Joseph Haas - RB",,,"#39 Oliver Lynn - FB","#83 Mark Hebert - TE",,"#10 John Hawkins - WR",,"#87 Scott Sotelo - WR",,,"#70 David Samaniego - LT","#66 Hugh Sexton - LG","#79 Gary Herbert - C","#61 Christopher Little - RG","#75 Antonio Trull - LT",,"#95 Fred Lozano - LDE",,"#97 Anthony Reid - DT","#79 Coy McMurtry - DT","#92 Charles Espinoza - RDE","#57 Troy Patten - SLB","#93 Joseph Baltz - MLB",,"#55 Warren Waite - WLB","#41 Alan Tucker - CB","#29 Joseph Hudson - CB",,,,"#32 James Dunn - CB","#46 Kevin Willis - FS",,,,,,,,,,,,,,,,,,,,,,,,,,,,,,,,,,,,
DET,0:44,"MIN 24",1,2,6,"I Formation Normal HB Counter","4-3 Normal SLB Outside Blitz",1,0,0,"2-6-MIN 24 (0:43) 43-Paul Hannah ran to MIN 23 for 1 yards. Tackle by 95-Fred Lozano.","#5 Billy Lindsey - QB","#43 Paul Hannah - RB",,,"#39 Oliver Lynn - FB","#83 Mark Hebert - TE",,"#10 John Hawkins - WR",,"#18 Ken Simpson - WR",,,"#70 David Samaniego - LT","#66 Hugh Sexton - LG","#79 Gary Herbert - C","#61 Christopher Little - RG","#75 Antonio Trull - LT",,"#95 Fred Lozano - LDE",,"#97 Anthony Reid - DT","#79 Coy McMurtry - DT","#92 Charles Espinoza - RDE","#57 Troy Patten - SLB","#93 Joseph Baltz - MLB",,"#55 Warren Waite - WLB","#41 Alan Tucker - CB","#29 Joseph Hudson - CB",,,,"#32 James Dunn - CB","#46 Kevin Willis - FS",,,,,,,,,,,,,,,,,,,,,,,,,,,,,,,,,,,,
DET,0:09,"MIN 23",1,3,5,"Shotgun Normal HB Flare","Nickel Normal Man Cover 2",10,0,0,"3-5-MIN 23 (0:08) 5-Billy Lindsey pass complete to 87-Scott Sotelo to MIN 13 for 10 yards. Tackle by 21-David Anderson.","#5 Billy Lindsey - QB","#43 Paul Hannah - RB",,,,"#83 Mark Hebert - TE",,"#10 John Hawkins - WR","#87 Scott Sotelo - WR","#18 Ken Simpson - WR",,,"#70 David Samaniego - LT","#66 Hugh Sexton - LG","#79 Gary Herbert - C","#61 Christopher Little - RG","#75 Antonio Trull - LT",,"#95 Fred Lozano - LDE",,"#97 Anthony Reid - DT","#79 Coy McMurtry - DT","#92 Charles Espinoza - RDE",,"#93 Joseph Baltz - MLB",,"#55 Warren Waite - WLB","#41 Alan Tucker - CB","#29 Joseph Hudson - CB",,"#21 David Anderson - CB",,"#32 James Dunn - CB","#46 Kevin Willis - FS",,,,,,,,,,,,,,,,,,,,,,,,,,,,,,,,,,,,
,0:00,,1,1,10,,,,0,0,"End of first quarter.",,,,,,,,,,,,,,,,,,,,,,,,,,,,,,,,,,,,,,,,,,,,,,,,,,,,,,,,,,,,,,,,,,,,,,
DET,15:00,"MIN 13",2,1,10,"Singleback Slot Strong HB Counter","Nickel Normal Man Cover 2",5,0,0,"1-10-MIN 13 (15:00) 29-Joseph Haas ran to MIN 8 for 5 yards. Tackle by 55-Warren Waite.","#5 Billy Lindsey - QB","#29 Joseph Haas - RB",,,,"#83 Mark Hebert - TE",,"#10 John Hawkins - WR","#87 Scott Sotelo - WR","#18 Ken Simpson - WR",,,"#70 David Samaniego - LT","#66 Hugh Sexton - LG","#79 Gary Herbert - C","#61 Christopher Little - RG","#75 Antonio Trull - LT",,"#95 Fred Lozano - LDE",,"#97 Anthony Reid - DT","#79 Coy McMurtry - DT","#92 Charles Espinoza - RDE",,"#93 Joseph Baltz - MLB",,"#55 Warren Waite - WLB","#41 Alan Tucker - CB","#29 Joseph Hudson - CB",,"#21 David Anderson - CB",,"#32 James Dunn - CB","#46 Kevin Willis - FS",,,,,,,,,,,,,,,,,,,,,,,,,,,,,,,,,,,,
DET,14:16,"MIN 8",2,2,5,"I Formation 3WR WR Out","Nickel Normal Man Cover 2",,0,0,"2-5-MIN 8 (14:15) 5-Billy Lindsey pass incomplete, intended for 18-Ken Simpson.","#5 Billy Lindsey - QB","#43 Paul Hannah - RB",,,"#39 Oliver Lynn - FB",,,"#10 John Hawkins - WR","#87 Scott Sotelo - WR","#18 Ken Simpson - WR",,,"#70 David Samaniego - LT","#66 Hugh Sexton - LG","#79 Gary Herbert - C","#61 Christopher Little - RG","#75 Antonio Trull - LT",,"#95 Fred Lozano - LDE",,"#97 Anthony Reid - DT","#79 Coy McMurtry - DT","#92 Charles Espinoza - RDE",,"#93 Joseph Baltz - MLB",,"#55 Warren Waite - WLB","#41 Alan Tucker - CB","#29 Joseph Hudson - CB",,"#21 David Anderson - CB",,"#32 James Dunn - CB","#46 Kevin Willis - FS",,,,,,,,,,,,,,,,,,,,,,,,,,,,,,,,,,,,
DET,14:11,"MIN 8",2,3,5,"Shotgun Normal HB Flare","Nickel Normal Man Cover 2",,0,0,"3-5-MIN 8 (14:12) PENALTY - False Start (DET 70-David Samaniego)","#5 Billy Lindsey - QB","#43 Paul Hannah - RB",,,,"#83 Mark Hebert - TE",,"#10 John Hawkins - WR","#87 Scott Sotelo - WR","#18 Ken Simpson - WR",,,"#70 David Samaniego - LT","#66 Hugh Sexton - LG","#79 Gary Herbert - C","#61 Christopher Little - RG","#75 Antonio Trull - LT",,"#95 Fred Lozano - LDE",,"#97 Anthony Reid - DT","#79 Coy McMurtry - DT","#92 Charles Espinoza - RDE",,"#93 Joseph Baltz - MLB",,"#55 Warren Waite - WLB","#41 Alan Tucker - CB","#29 Joseph Hudson - CB",,"#21 David Anderson - CB",,"#32 James Dunn - CB","#46 Kevin Willis - FS",,,,,,,,,,,,,,,,,,,,,,,,,,,,,,,,,,,,
DET,14:11,"MIN 13",2,3,10,"I Formation 3WR Deep Corner/Post","Nickel Normal Man Cover 2",,0,0,"3-10-MIN 13 (14:12) 5-Billy Lindsey pass incomplete, the ball was thrown away. Pressure by 97-Anthony Reid.","#5 Billy Lindsey - QB","#43 Paul Hannah - RB",,,"#39 Oliver Lynn - FB",,,"#10 John Hawkins - WR","#87 Scott Sotelo - WR","#18 Ken Simpson - WR",,,"#70 David Samaniego - LT","#66 Hugh Sexton - LG","#79 Gary Herbert - C","#61 Christopher Little - RG","#75 Antonio Trull - LT",,"#95 Fred Lozano - LDE",,"#97 Anthony Reid - DT","#79 Coy McMurtry - DT","#92 Charles Espinoza - RDE",,"#93 Joseph Baltz - MLB",,"#55 Warren Waite - WLB","#41 Alan Tucker - CB","#29 Joseph Hudson - CB",,"#21 David Anderson - CB",,"#32 James Dunn - CB","#46 Kevin Willis - FS",,,,,,,,,,,,,,,,,,,,,,,,,,,,,,,,,,,,
DET,14:05,"MIN 13",2,4,10,"Field Goal","FG Block",23,3,0,"4-10-MIN 13 (14:06) 6-James Hawes 31 yard field goal is GOOD. DET 3 MIN 0",,,,,,,,,,,,,,,,,,,,,,,,,,,,,,,,,,,,"#3 Herbert Martin - QB","#67 Ruben Nesbitt - C",,,,,,,,,,,,,,"#6 James Hawes - K","#50 Patrick Burleson - RG","#76 Joseph Kirtley - LG","#66 Hugh Sexton - LG","#75 Antonio Trull - LT","#60 Thomas Bridges - RT","#70 David Samaniego - LT","#35 Jackie Hastings - FB","#39 Oliver Lynn - FB","#92 Charles Espinoza - RDE","#55 Warren Waite - WLB","#94 Kirk Shepard - LDE","#96 Steven Stevens - DT","#57 Troy Patten - SLB","#29 Joseph Hudson - CB","#93 Joseph Baltz - MLB","#95 Fred Lozano - LDE","#79 Coy McMurtry - DT","#68 Michael Scott - RT","#97 Anthony Reid - DT"
DET,14:03,"DET 35",2,6,10,Kickoff,"Kick Return",,3,0,"(14:04) 6-James Hawes kicks 70 yards from DET 35 to MIN -5. Touchback.",,,,,,,,,,,,,,,,,,,,,,,,,,,,,,,,,,,,,,"#82 Robert Henry - WR",,"#79 Coy McMurtry - DT","#97 Anthony Reid - DT","#55 Warren Waite - WLB","#32 James Dunn - CB","#41 Alan Tucker - CB","#93 Joseph Baltz - MLB","#42 George Yun - FS","#92 Charles Espinoza - RDE","#46 Kevin Willis - FS","#29 Joseph Hudson - CB","#6 James Hawes - K",,,,,,,,,,,,,,,,,,,,
MIN,14:03,"MIN 25",2,1,10,"Shotgun Normal HB Dive","Nickel Normal Shallow Zone Deep",-1,3,0,"1-10-MIN 25 (14:04) 25-Albert Stutes ran to MIN 24 for -1 yards. Tackle by 52-Markus Drake.","#8 Robert Betances - QB","#25 Albert Stutes - RB",,,,"#81 Kevin White - TE",,"#10 Randy Smith - WR","#84 McKinley Maxfield - WR","#17 Lee Pritchett - WR",,,"#83 Marc Brown - LT","#53 Jessie Snider - LG","#52 William Lopez - C","#61 Bryan Sindelar - RG","#68 Michael Scott - RT",,"#94 Mark Simmons - LDE",,"#71 Milton Sloan - DT","#92 Leon Varney - RDE","#91 Peter Clark - RDE",,"#55 Matthew Schmitz - MLB",,"#52 Markus Drake - WLB","#49 Clifford Pigg - CB","#21 John Bennett - CB",,"#32 Carlos Johnson - SS",,"#40 Curtis Garcia - SS","#45 John Dennis - FS",,,,,,,,,,,,,,,,,,,,,,,,,,,,,,,,,,,,
MIN,13:23,"MIN 24",2,2,11,"Weak I Normal Skinny Posts","4-3 Normal Man QB Spy",56,3,0,"2-11-MIN 24 (13:22) 8-Robert Betances pass complete to 10-Randy Smith to DET 20 for 56 yards. Pushed out of bounds by 45-John Dennis.","#8 Robert Betances - QB","#25 Albert Stutes - RB",,,"#47 David Numbers - FB","#81 Kevin White - TE",,"#10 Randy Smith - WR",,"#17 Lee Pritchett - WR",,,"#83 Marc Brown - LT","#53 Jessie Snider - LG","#52 William Lopez - C","#61 Bryan Sindelar - RG","#68 Michael Scott - RT",,"#94 Mark Simmons - LDE",,"#71 Milton Sloan - DT","#92 Leon Varney - RDE","#91 Peter Clark - RDE","#58 Lavern Daniels - SLB","#55 Matthew Schmitz - MLB",,"#52 Markus Drake - WLB","#49 Clifford Pigg - CB","#21 John Bennett - CB",,,,"#40 Curtis Garcia - SS","#45 John Dennis - FS",,,,,,,,,,,,,,,,,,,,,,,,,,,,,,,,,,,,
MIN,12:38,"DET 20",2,1,10,"Shotgun Normal HB Flare","Nickel Normal Shallow Zone Deep",20,3,6,"1-10-DET 20 (12:37) 8-Robert Betances pass complete to 15-Willie Soler for 20 yards. TOUCHDOWN! DET 3 MIN 6","#8 Robert Betances - QB","#22 Steven Shock - RB",,,,"#81 Kevin White - TE",,"#17 Lee Pritchett - WR","#15 Willie Soler - WR","#84 McKinley Maxfield - WR",,,"#83 Marc Brown - LT","#53 Jessie Snider - LG","#52 William Lopez - C","#61 Bryan Sindelar - RG","#68 Michael Scott - RT",,"#78 Sammy McDaniel - RDE",,"#92 Leon Varney - RDE","#71 Milton Sloan - DT","#91 Peter Clark - RDE",,"#54 Timothy Lewis - SLB",,"#95 Joshua Campbell - WLB","#21 John Bennett - CB","#49 Clifford Pigg - CB",,"#40 Curtis Garcia - SS",,"#32 Carlos Johnson - SS","#45 John Dennis - FS",,,,,,,,,,,,,,,,,,,,,,,,,,,,,,,,,,,,
MIN,12:32,"DET 15",2,7,15,"Field Goal","FG Block",25,3,7,"(12:33) Extra point GOOD by 9-Brian Barker. DET 3 MIN 7",,,,,,,,,,,,,,,,,,,,,,,,,,,,,,,,,,,,"#18 Richard Rivers - QB","#59 David Torres - RT",,,,,,,,,,,,,,"#9 Brian Barker - K","#52 William Lopez - C","#53 Jessie Snider - LG","#67 Anthony Klein - LT","#75 Daniel Lin - LG","#77 Courtney Abril - RG","#83 Marc Brown - LT","#68 Michael Scott - RT","#96 Steven Stevens - DT","#92 Leon Varney - RDE","#71 Milton Sloan - DT","#91 Peter Clark - RDE","#94 Mark Simmons - LDE","#14 James Wilson - WR","#10 John Hawkins - WR","#54 Timothy Lewis - SLB","#32 Carlos Johnson - SS","#78 Sammy McDaniel - RDE","#95 Joshua Campbell - WLB","#49 Clifford Pigg - CB"
MIN,12:32,"MIN 35",2,6,10,Kickoff,"Kick Return",,3,7,"(12:33) 9-Brian Barker kicks 75 yards from MIN 35 to DET -10. Touchback.",,,,,,,,,,,,,,,,,,,,,,,,,,,,,,,,,,,,,,"#36 Randy Smith - RB",,"#58 Lavern Daniels - SLB","#52 Markus Drake - WLB","#92 Leon Varney - RDE","#55 Matthew Schmitz - MLB","#91 Peter Clark - RDE","#40 Curtis Garcia - SS","#32 Carlos Johnson - SS","#94 Mark Simmons - LDE","#49 Clifford Pigg - CB","#71 Milton Sloan - DT","#9 Brian Barker - K",,,,,,,,,,,,,,,,,,,,
DET,12:32,"DET 25",2,1,10,"Shotgun 2 RB 3 WR Shotgun Sweep","Nickel Normal Man Cover 2",9,3,7,"1-10-DET 25 (12:33) 29-Joseph Haas ran to DET 34 for 9 yards. Tackle by 32-James Dunn.","#5 Billy Lindsey - QB","#43 Paul Hannah - RB","#29 Joseph Haas - RB",,,,,"#10 John Hawkins - WR","#87 Scott Sotelo - WR","#18 Ken Simpson - WR",,,"#70 David Samaniego - LT","#66 Hugh Sexton - LG","#79 Gary Herbert - C","#61 Christopher Little - RG","#75 Antonio Trull - LT",,"#95 Fred Lozano - LDE",,"#97 Anthony Reid - DT","#79 Coy McMurtry - DT","#99 Jared Westmoreland - RDE",,"#93 Joseph Baltz - MLB",,"#55 Warren Waite - WLB","#41 Alan Tucker - CB","#29 Joseph Hudson - CB",,"#21 David Anderson - CB",,"#32 James Dunn - CB","#46 Kevin Willis - FS",,,,,,,,,,,,,,,,,,,,,,,,,,,,,,,,,,,,
DET,11:57,"DET 34",2,2,1,"Singleback Slot Strong HB Strong Inside","Nickel Normal Man Cover 2",1,3,7,"2-1-DET 34 (11:56) 43-Paul Hannah ran to DET 34 for 1 yards. Tackle by 95-Fred Lozano.","#5 Billy Lindsey - QB","#43 Paul Hannah - RB",,,,"#83 Mark Hebert - TE",,"#10 John Hawkins - WR","#87 Scott Sotelo - WR","#18 Ken Simpson - WR",,,"#70 David Samaniego - LT","#66 Hugh Sexton - LG","#79 Gary Herbert - C","#61 Christopher Little - RG","#75 Antonio Trull - LT",,"#95 Fred Lozano - LDE",,"#97 Anthony Reid - DT","#79 Coy McMurtry - DT","#99 Jared Westmoreland - RDE",,"#93 Joseph Baltz - MLB",,"#55 Warren Waite - WLB","#41 Alan Tucker - CB","#29 Joseph Hudson - CB",,"#21 David Anderson - CB",,"#32 James Dunn - CB","#46 Kevin Willis - FS",,,,,,,,,,,,,,,,,,,,,,,,,,,,,,,,,,,,
DET,11:20,"DET 34",2,3,1,"I Formation Normal HB Counter","4-3 Normal Man QB Spy",3,3,7,"3-1-DET 34 (11:19) 29-Joseph Haas ran to DET 37 for 3 yards. Tackle by 93-Joseph Baltz.","#5 Billy Lindsey - QB","#29 Joseph Haas - RB",,,"#39 Oliver Lynn - FB","#83 Mark Hebert - TE",,"#10 John Hawkins - WR",,"#18 Ken Simpson - WR",,,"#70 David Samaniego - LT","#66 Hugh Sexton - LG","#79 Gary Herbert - C","#61 Christopher Little - RG","#75 Antonio Trull - LT",,"#95 Fred Lozano - LDE",,"#97 Anthony Reid - DT","#79 Coy McMurtry - DT","#99 Jared Westmoreland - RDE","#33 William Dorsch - SLB","#93 Joseph Baltz - MLB",,"#55 Warren Waite - WLB","#41 Alan Tucker - CB","#29 Joseph Hudson - CB",,,,"#32 James Dunn - CB","#46 Kevin Willis - FS",,,,,,,,,,,,,,,,,,,,,,,,,,,,,,,,,,,,
DET,10:43,"DET 37",2,1,10,"I Formation Normal HB Counter","4-3 Normal WLB Outside Blitz",4,3,7,"1-10-DET 37 (10:42) 43-Paul Hannah ran to DET 42 for 4 yards. Tackle by 95-Fred Lozano. DET 70-David Samaniego was injured on the play. He looks like he should be able to return.","#5 Billy Lindsey - QB","#43 Paul Hannah - RB",,,"#39 Oliver Lynn - FB","#83 Mark Hebert - TE",,"#10 John Hawkins - WR",,"#18 Ken Simpson - WR",,,"#70 David Samaniego - LT","#66 Hugh Sexton - LG","#79 Gary Herbert - C","#61 Christopher Little - RG","#75 Antonio Trull - LT",,"#95 Fred Lozano - LDE",,"#97 Anthony Reid - DT","#79 Coy McMurtry - DT","#99 Jared Westmoreland - RDE","#33 William Dorsch - SLB","#93 Joseph Baltz - MLB",,"#55 Warren Waite - WLB","#41 Alan Tucker - CB","#29 Joseph Hudson - CB",,,,"#32 James Dunn - CB","#46 Kevin Willis - FS",,,,,,,,,,,,,,,,,,,,,,,,,,,,,,,,,,,,
DET,10:08,"DET 42",2,2,6,"I Formation Normal PA Fullback Flat","4-3 Under Double LB Blitz",,3,7,"2-6-DET 42 (10:07) 5-Billy Lindsey pass Pass knocked down by 46-Kevin Willis. incomplete, intended for 83-Mark Hebert.","#5 Billy Lindsey - QB","#29 Joseph Haas - RB",,,"#39 Oliver Lynn - FB","#83 Mark Hebert - TE",,"#10 John Hawkins - WR",,"#18 Ken Simpson - WR",,,"#51 Christopher Shipp - LT","#66 Hugh Sexton - LG","#79 Gary Herbert - C","#61 Christopher Little - RG","#75 Antonio Trull - LT",,"#95 Fred Lozano - LDE",,"#97 Anthony Reid - DT","#79 Coy McMurtry - DT","#99 Jared Westmoreland - RDE","#33 William Dorsch - SLB","#93 Joseph Baltz - MLB",,"#55 Warren Waite - WLB","#41 Alan Tucker - CB","#29 Joseph Hudson - CB",,,,"#32 James Dunn - CB","#46 Kevin Willis - FS",,,,,,,,,,,,,,,,,,,,,,,,,,,,,,,,,,,,
DET,10:03,"DET 42",2,3,6,"Shotgun Normal Short Attack","Nickel Normal Man Cover 2",24,3,7,"3-6-DET 42 (10:04) 5-Billy Lindsey pass complete to 10-John Hawkins to MIN 35 for 24 yards. Pushed out of bounds by 32-James Dunn.","#5 Billy Lindsey - QB","#43 Paul Hannah - RB",,,,"#83 Mark Hebert - TE",,"#10 John Hawkins - WR","#87 Scott Sotelo - WR","#18 Ken Simpson - WR",,,"#51 Christopher Shipp - LT","#66 Hugh Sexton - LG","#79 Gary Herbert - C","#61 Christopher Little - RG","#75 Antonio Trull - LT",,"#95 Fred Lozano - LDE",,"#97 Anthony Reid - DT","#79 Coy McMurtry - DT","#99 Jared Westmoreland - RDE",,"#93 Joseph Baltz - MLB",,"#55 Warren Waite - WLB","#41 Alan Tucker - CB","#29 Joseph Hudson - CB",,"#21 David Anderson - CB",,"#32 James Dunn - CB","#46 Kevin Willis - FS",,,,,,,,,,,,,,,,,,,,,,,,,,,,,,,,,,,,
DET,9:22,"MIN 35",2,1,10,"I Formation Normal HB Counter","4-3 Normal Man QB Spy",2,3,7,"1-10-MIN 35 (9:21) 29-Joseph Haas ran to MIN 33 for 2 yards. Tackle by 95-Fred Lozano. 83-Mark Hebert missed that block completely.","#5 Billy Lindsey - QB","#29 Joseph Haas - RB",,,"#39 Oliver Lynn - FB","#83 Mark Hebert - TE",,"#87 Scott Sotelo - WR",,"#14 James Wilson - WR",,,"#51 Christopher Shipp - LT","#66 Hugh Sexton - LG","#79 Gary Herbert - C","#61 Christopher Little - RG","#75 Antonio Trull - LT",,"#95 Fred Lozano - LDE",,"#97 Anthony Reid - DT","#79 Coy McMurtry - DT","#99 Jared Westmoreland - RDE","#33 William Dorsch - SLB","#93 Joseph Baltz - MLB",,"#55 Warren Waite - WLB","#41 Alan Tucker - CB","#21 David Anderson - CB",,,,"#32 James Dunn - CB","#46 Kevin Willis - FS",,,,,,,,,,,,,,,,,,,,,,,,,,,,,,,,,,,,
DET,8:44,"MIN 33",2,2,8,"I Formation 3WR Backfield Flats","Nickel Normal Man Cover 2",1,3,7,"2-8-MIN 33 (8:43) 5-Billy Lindsey pass complete to 43-Paul Hannah to MIN 31 for 1 yards. Tackle by 29-Joseph Hudson.","#5 Billy Lindsey - QB","#43 Paul Hannah - RB",,,"#39 Oliver Lynn - FB",,,"#18 Ken Simpson - WR","#14 James Wilson - WR","#87 Scott Sotelo - WR",,,"#51 Christopher Shipp - LT","#66 Hugh Sexton - LG","#79 Gary Herbert - C","#61 Christopher Little - RG","#75 Antonio Trull - LT",,"#95 Fred Lozano - LDE",,"#97 Anthony Reid - DT","#79 Coy McMurtry - DT","#99 Jared Westmoreland - RDE",,"#93 Joseph Baltz - MLB",,"#55 Warren Waite - WLB","#41 Alan Tucker - CB","#29 Joseph Hudson - CB",,"#21 David Anderson - CB",,"#32 James Dunn - CB","#46 Kevin Willis - FS",,,,,,,,,,,,,,,,,,,,,,,,,,,,,,,,,,,,
DET,8:02,"MIN 31",2,3,7,"I Formation Normal SE Post","4-3 Normal Double WR3",8,3,7,"3-7-MIN 31 (8:01) 5-Billy Lindsey pass complete to 39-Oliver Lynn to MIN 23 for 8 yards. Tackle by 33-William Dorsch.","#5 Billy Lindsey - QB","#29 Joseph Haas - RB",,,"#39 Oliver Lynn - FB","#83 Mark Hebert - TE",,"#10 John Hawkins - WR",,"#14 James Wilson - WR",,,"#51 Christopher Shipp - LT","#66 Hugh Sexton - LG","#79 Gary Herbert - C","#61 Christopher Little - RG","#75 Antonio Trull - LT",,"#95 Fred Lozano - LDE",,"#97 Anthony Reid - DT","#79 Coy McMurtry - DT","#99 Jared Westmoreland - RDE","#33 William Dorsch - SLB","#93 Joseph Baltz - MLB",,"#55 Warren Waite - WLB","#41 Alan Tucker - CB","#29 Joseph Hudson - CB",,,,"#21 David Anderson - CB","#42 George Yun - FS",,,,,,,,,,,,,,,,,,,,,,,,,,,,,,,,,,,,
DET,7:15,"MIN 23",2,1,10,"Strong I Normal HB Off Tackle Strong","4-3 Normal WLB Outside Blitz",12,3,7,"1-10-MIN 23 (7:14) 29-Joseph Haas ran to MIN 11 for 12 yards. Tackle by 46-Kevin Willis.","#5 Billy Lindsey - QB","#29 Joseph Haas - RB",,,"#35 Jackie Hastings - FB","#83 Mark Hebert - TE",,"#18 Ken Simpson - WR",,"#87 Scott Sotelo - WR",,,"#51 Christopher Shipp - LT","#66 Hugh Sexton - LG","#79 Gary Herbert - C","#61 Christopher Little - RG","#75 Antonio Trull - LT",,"#95 Fred Lozano - LDE",,"#97 Anthony Reid - DT","#79 Coy McMurtry - DT","#99 Jared Westmoreland - RDE","#33 William Dorsch - SLB","#93 Joseph Baltz - MLB",,"#55 Warren Waite - WLB","#32 James Dunn - CB","#21 David Anderson - CB",,,,"#42 George Yun - FS","#46 Kevin Willis - FS",,,,,,,,,,,,,,,,,,,,,,,,,,,,,,,,,,,,
DET,6:32,"MIN 11",2,1,10,"Singleback Slot Strong HB Counter","Nickel Normal Man Cover 2",11,9,7,"1-10-MIN 11 (6:31) 43-Paul Hannah ran to MIN 0 for 11 yards. TOUCHDOWN! DET 61-Christopher Little was injured on the play. DET 9 MIN 7","#5 Billy Lindsey - QB","#43 Paul Hannah - RB",,,,"#83 Mark Hebert - TE",,"#10 John Hawkins - WR","#86 Joe Sanchez - WR","#14 James Wilson - WR",,,"#51 Christopher Shipp - LT","#66 Hugh Sexton - LG","#79 Gary Herbert - C","#61 Christopher Little - RG","#75 Antonio Trull - LT",,"#95 Fred Lozano - LDE",,"#97 Anthony Reid - DT","#79 Coy McMurtry - DT","#99 Jared Westmoreland - RDE",,"#93 Joseph Baltz - MLB",,"#55 Warren Waite - WLB","#41 Alan Tucker - CB","#29 Joseph Hudson - CB",,"#42 George Yun - FS",,"#32 James Dunn - CB","#46 Kevin Willis - FS",,,,,,,,,,,,,,,,,,,,,,,,,,,,,,,,,,,,
DET,6:26,"MIN 15",2,7,15,"Field Goal","FG Block",26,10,7,"(6:27) Extra point GOOD by 6-James Hawes. DET 10 MIN 7",,,,,,,,,,,,,,,,,,,,,,,,,,,,,,,,,,,,"#3 Herbert Martin - QB","#67 Ruben Nesbitt - C",,,,,,,,,,,,,,"#6 James Hawes - K","#83 Mark Hebert - TE","#76 Joseph Kirtley - LG","#66 Hugh Sexton - LG","#39 Oliver Lynn - FB","#75 Antonio Trull - LT","#60 Thomas Bridges - RT","#35 Jackie Hastings - FB","#50 Patrick Burleson - RG","#92 Charles Espinoza - RDE","#55 Warren Waite - WLB","#94 Kirk Shepard - LDE","#96 Steven Stevens - DT","#93 Joseph Baltz - MLB","#97 Anthony Reid - DT","#33 William Dorsch - SLB","#95 Fred Lozano - LDE","#79 Coy McMurtry - DT","#99 Jared Westmoreland - RDE","#68 Michael Scott - RT"
DET,6:26,"DET 35",2,6,10,Kickoff,"Kick Return",,10,7,"(6:27) 6-James Hawes kicks 60 yards from DET 35 to MIN 5. 82-Robert Henry to MIN 30 for 25 yards. Tackle by 55-Matthew Schmitz.",,,,,,,,,,,,,,,,,,,,,,,,,,,,,,,,,,,,,,"#82 Robert Henry - WR",,"#46 Kevin Willis - FS","#32 James Dunn - CB","#41 Alan Tucker - CB","#29 Joseph Hudson - CB","#33 William Dorsch - SLB","#97 Anthony Reid - DT","#55 Warren Waite - WLB","#42 George Yun - FS","#93 Joseph Baltz - MLB","#92 Charles Espinoza - RDE","#6 James Hawes - K",,,,,,,,,,,,,,,,,,,,
MIN,6:22,"MIN 30",2,1,10,"I Formation 3WR HB Inside Weak","Nickel Normal Shallow Zone Deep",5,10,7,"1-10-MIN 30 (6:23) 25-Albert Stutes ran to MIN 35 for 5 yards. Tackle by 95-Joshua Campbell.","#8 Robert Betances - QB","#25 Albert Stutes - RB",,,"#47 David Numbers - FB",,,"#10 Randy Smith - WR","#84 McKinley Maxfield - WR","#17 Lee Pritchett - WR",,,"#83 Marc Brown - LT","#53 Jessie Snider - LG","#52 William Lopez - C","#61 Bryan Sindelar - RG","#68 Michael Scott - RT",,"#91 Peter Clark - RDE",,"#92 Leon Varney - RDE","#71 Milton Sloan - DT","#78 Sammy McDaniel - RDE",,"#54 Timothy Lewis - SLB",,"#95 Joshua Campbell - WLB","#21 John Bennett - CB","#49 Clifford Pigg - CB",,"#32 Carlos Johnson - SS",,"#40 Curtis Garcia - SS","#45 John Dennis - FS",,,,,,,,,,,,,,,,,,,,,,,,,,,,,,,,,,,,
MIN,5:50,"MIN 35",2,2,5,"Shotgun Normal HB Dive","Nickel Normal Shallow Zone Deep",-1,10,7,"2-5-MIN 35 (5:49) 25-Albert Stutes ran to MIN 34 for -1 yards. Tackle by 52-Markus Drake.","#8 Robert Betances - QB","#25 Albert Stutes - RB",,,,"#81 Kevin White - TE",,"#10 Randy Smith - WR","#84 McKinley Maxfield - WR","#17 Lee Pritchett - WR",,,"#83 Marc Brown - LT","#53 Jessie Snider - LG","#52 William Lopez - C","#61 Bryan Sindelar - RG","#68 Michael Scott - RT",,"#94 Mark Simmons - LDE",,"#71 Milton Sloan - DT","#92 Leon Varney - RDE","#91 Peter Clark - RDE",,"#55 Matthew Schmitz - MLB",,"#52 Markus Drake - WLB","#49 Clifford Pigg - CB","#21 John Bennett - CB",,"#32 Carlos Johnson - SS",,"#40 Curtis Garcia - SS","#45 John Dennis - FS",,,,,,,,,,,,,,,,,,,,,,,,,,,,,,,,,,,,
MIN,5:15,"MIN 34",2,3,6,"I Formation 3WR HB Inside Weak","Nickel Normal Shallow Zone Deep",7,10,7,"3-6-MIN 34 (5:14) 25-Albert Stutes ran to MIN 40 for 7 yards. Tackle by 40-Curtis Garcia.","#8 Robert Betances - QB","#25 Albert Stutes - RB",,,"#47 David Numbers - FB",,,"#10 Randy Smith - WR","#84 McKinley Maxfield - WR","#17 Lee Pritchett - WR",,,"#83 Marc Brown - LT","#53 Jessie Snider - LG","#52 William Lopez - C","#61 Bryan Sindelar - RG","#68 Michael Scott - RT",,"#94 Mark Simmons - LDE",,"#71 Milton Sloan - DT","#92 Leon Varney - RDE","#91 Peter Clark - RDE",,"#55 Matthew Schmitz - MLB",,"#52 Markus Drake - WLB","#49 Clifford Pigg - CB","#21 John Bennett - CB",,"#32 Carlos Johnson - SS",,"#40 Curtis Garcia - SS","#45 John Dennis - FS",,,,,,,,,,,,,,,,,,,,,,,,,,,,,,,,,,,,
MIN,4:38,"MIN 40",2,1,10,"I Formation Normal FL Hitch","4-3 Normal Double WR1",60,10,13,"1-10-MIN 40 (4:37) 8-Robert Betances pass complete to 17-Lee Pritchett for 60 yards. TOUCHDOWN! 17-Lee Pritchett made a great move on the CB. DET 10 MIN 13","#8 Robert Betances - QB","#25 Albert Stutes - RB",,,"#47 David Numbers - FB","#81 Kevin White - TE",,"#10 Randy Smith - WR",,"#17 Lee Pritchett - WR",,,"#83 Marc Brown - LT","#53 Jessie Snider - LG","#52 William Lopez - C","#61 Bryan Sindelar - RG","#68 Michael Scott - RT",,"#94 Mark Simmons - LDE",,"#71 Milton Sloan - DT","#92 Leon Varney - RDE","#91 Peter Clark - RDE","#58 Lavern Daniels - SLB","#55 Matthew Schmitz - MLB",,"#52 Markus Drake - WLB","#49 Clifford Pigg - CB","#21 John Bennett - CB",,,,"#40 Curtis Garcia - SS","#45 John Dennis - FS",,,,,,,,,,,,,,,,,,,,,,,,,,,,,,,,,,,,
MIN,4:26,"DET 15",2,7,15,"Field Goal","FG Block",26,10,14,"(4:27) Extra point GOOD by 9-Brian Barker. DET 10 MIN 14",,,,,,,,,,,,,,,,,,,,,,,,,,,,,,,,,,,,"#18 Richard Rivers - QB","#59 David Torres - RT",,,,,,,,,,,,,,"#9 Brian Barker - K","#52 William Lopez - C","#53 Jessie Snider - LG","#67 Anthony Klein - LT","#75 Daniel Lin - LG","#77 Courtney Abril - RG","#83 Marc Brown - LT","#68 Michael Scott - RT","#96 Steven Stevens - DT","#95 Joshua Campbell - WLB","#92 Leon Varney - RDE","#78 Sammy McDaniel - RDE","#32 Carlos Johnson - SS","#14 James Wilson - WR","#10 John Hawkins - WR","#54 Timothy Lewis - SLB","#71 Milton Sloan - DT","#91 Peter Clark - RDE","#94 Mark Simmons - LDE","#49 Clifford Pigg - CB"
MIN,4:26,"MIN 35",2,6,10,Kickoff,"Kick Return",,10,14,"(4:27) 9-Brian Barker kicks 74 yards from MIN 35 to DET -9. Touchback.",,,,,,,,,,,,,,,,,,,,,,,,,,,,,,,,,,,,,,"#36 Randy Smith - RB",,"#76 Joseph Kirtley - LG","#49 Clifford Pigg - CB","#32 Carlos Johnson - SS","#71 Milton Sloan - DT","#92 Leon Varney - RDE","#40 Curtis Garcia - SS","#91 Peter Clark - RDE","#52 Markus Drake - WLB","#94 Mark Simmons - LDE","#55 Matthew Schmitz - MLB","#9 Brian Barker - K",,,,,,,,,,,,,,,,,,,,
DET,4:26,"DET 25",2,1,10,"Shotgun Normal Double Outs","Nickel Normal Man Cover 2",3,10,14,"1-10-DET 25 (4:27) 5-Billy Lindsey pass complete to 87-Scott Sotelo to DET 28 for 3 yards. Tackle by 29-Joseph Hudson. PENALTY - Offsides (MIN 95-Fred Lozano)","#5 Billy Lindsey - QB","#43 Paul Hannah - RB",,,,"#83 Mark Hebert - TE",,"#10 John Hawkins - WR","#87 Scott Sotelo - WR","#18 Ken Simpson - WR",,,"#51 Christopher Shipp - LT","#66 Hugh Sexton - LG","#79 Gary Herbert - C","#50 Patrick Burleson - RG","#75 Antonio Trull - LT",,"#95 Fred Lozano - LDE",,"#97 Anthony Reid - DT","#79 Coy McMurtry - DT","#99 Jared Westmoreland - RDE",,"#93 Joseph Baltz - MLB",,"#55 Warren Waite - WLB","#41 Alan Tucker - CB","#29 Joseph Hudson - CB",,"#21 David Anderson - CB",,"#32 James Dunn - CB","#46 Kevin Willis - FS",,,,,,,,,,,,,,,,,,,,,,,,,,,,,,,,,,,,
DET,4:24,"DET 30",2,1,5,"I Formation 3WR WR Out","Nickel Normal Man Cover 2",5,10,14,"1-5-DET 30 (4:25) 5-Billy Lindsey pass complete to 18-Ken Simpson to DET 35 for 5 yards. Tackle by 29-Joseph Hudson.","#5 Billy Lindsey - QB","#29 Joseph Haas - RB",,,"#39 Oliver Lynn - FB",,,"#10 John Hawkins - WR","#87 Scott Sotelo - WR","#18 Ken Simpson - WR",,,"#51 Christopher Shipp - LT","#66 Hugh Sexton - LG","#79 Gary Herbert - C","#50 Patrick Burleson - RG","#75 Antonio Trull - LT",,"#95 Fred Lozano - LDE",,"#97 Anthony Reid - DT","#79 Coy McMurtry - DT","#99 Jared Westmoreland - RDE",,"#93 Joseph Baltz - MLB",,"#55 Warren Waite - WLB","#41 Alan Tucker - CB","#29 Joseph Hudson - CB",,"#21 David Anderson - CB",,"#32 James Dunn - CB","#46 Kevin Willis - FS",,,,,,,,,,,,,,,,,,,,,,,,,,,,,,,,,,,,
DET,3:52,"DET 35",2,1,10,"Shotgun 2 RB 3 WR Shotgun Sweep","Nickel Normal Man Cover 2",9,10,14,"1-10-DET 35 (3:51) 29-Joseph Haas ran to DET 44 for 9 yards. Tackle by 46-Kevin Willis.","#5 Billy Lindsey - QB","#43 Paul Hannah - RB","#29 Joseph Haas - RB",,,,,"#10 John Hawkins - WR","#87 Scott Sotelo - WR","#18 Ken Simpson - WR",,,"#51 Christopher Shipp - LT","#66 Hugh Sexton - LG","#79 Gary Herbert - C","#50 Patrick Burleson - RG","#75 Antonio Trull - LT",,"#95 Fred Lozano - LDE",,"#97 Anthony Reid - DT","#79 Coy McMurtry - DT","#99 Jared Westmoreland - RDE",,"#93 Joseph Baltz - MLB",,"#55 Warren Waite - WLB","#41 Alan Tucker - CB","#29 Joseph Hudson - CB",,"#21 David Anderson - CB",,"#32 James Dunn - CB","#46 Kevin Willis - FS",,,,,,,,,,,,,,,,,,,,,,,,,,,,,,,,,,,,
DET,3:07,"DET 44",2,2,1,"Strong I Normal Counter Strong","4-3 Normal Man QB Spy",4,10,14,"2-1-DET 44 (3:06) 36-Randy Smith ran to DET 48 for 4 yards. Tackle by 33-William Dorsch.","#5 Billy Lindsey - QB","#36 Randy Smith - RB",,,"#39 Oliver Lynn - FB","#83 Mark Hebert - TE",,"#10 John Hawkins - WR",,"#18 Ken Simpson - WR",,,"#51 Christopher Shipp - LT","#66 Hugh Sexton - LG","#79 Gary Herbert - C","#50 Patrick Burleson - RG","#75 Antonio Trull - LT",,"#95 Fred Lozano - LDE",,"#97 Anthony Reid - DT","#79 Coy McMurtry - DT","#99 Jared Westmoreland - RDE","#33 William Dorsch - SLB","#93 Joseph Baltz - MLB",,"#55 Warren Waite - WLB","#41 Alan Tucker - CB","#29 Joseph Hudson - CB",,,,"#32 James Dunn - CB","#46 Kevin Willis - FS",,,,,,,,,,,,,,,,,,,,,,,,,,,,,,,,,,,,
DET,2:24,"DET 48",2,1,10,"Shotgun 2 RB 3 WR Shotgun Sweep","Nickel Normal Man Cover 2",9,10,14,"1-10-DET 48 (2:23) 29-Joseph Haas ran to MIN 43 for 9 yards. Tackle by 32-James Dunn.","#5 Billy Lindsey - QB","#43 Paul Hannah - RB","#29 Joseph Haas - RB",,,,,"#10 John Hawkins - WR","#87 Scott Sotelo - WR","#18 Ken Simpson - WR",,,"#51 Christopher Shipp - LT","#66 Hugh Sexton - LG","#79 Gary Herbert - C","#50 Patrick Burleson - RG","#75 Antonio Trull - LT",,"#95 Fred Lozano - LDE",,"#97 Anthony Reid - DT","#79 Coy McMurtry - DT","#99 Jared Westmoreland - RDE",,"#93 Joseph Baltz - MLB",,"#55 Warren Waite - WLB","#41 Alan Tucker - CB","#29 Joseph Hudson - CB",,"#21 David Anderson - CB",,"#32 James Dunn - CB","#46 Kevin Willis - FS",,,,,,,,,,,,,,,,,,,,,,,,,,,,,,,,,,,,
,2:00,,2,2,1,,,,10,14,"Timeout for two minute warning.",,,,,,,,,,,,,,,,,,,,,,,,,,,,,,,,,,,,,,,,,,,,,,,,,,,,,,,,,,,,,,,,,,,,,,
DET,2:00,"MIN 43",2,2,1,"I Formation Normal Cross In","4-3 Normal SLB Outside Blitz",7,10,14,"2-1-MIN 43 (2:00) 5-Billy Lindsey pass complete to 83-Mark Hebert to MIN 36 for 7 yards. Tackle by 93-Joseph Baltz. 83-Mark Hebert did some fancy footwork there.","#5 Billy Lindsey - QB","#43 Paul Hannah - RB",,,"#39 Oliver Lynn - FB","#83 Mark Hebert - TE",,"#10 John Hawkins - WR",,"#18 Ken Simpson - WR",,,"#51 Christopher Shipp - LT","#66 Hugh Sexton - LG","#79 Gary Herbert - C","#50 Patrick Burleson - RG","#75 Antonio Trull - LT",,"#95 Fred Lozano - LDE",,"#97 Anthony Reid - DT","#79 Coy McMurtry - DT","#99 Jared Westmoreland - RDE","#33 William Dorsch - SLB","#93 Joseph Baltz - MLB",,"#55 Warren Waite - WLB","#41 Alan Tucker - CB","#29 Joseph Hudson - CB",,,,"#32 James Dunn - CB","#42 George Yun - FS",,,,,,,,,,,,,,,,,,,,,,,,,,,,,,,,,,,,
,1:57,,2,1,10,,,,10,14,"Timeout DET",,,,,,,,,,,,,,,,,,,,,,,,,,,,,,,,,,,,,,,,,,,,,,,,,,,,,,,,,,,,,,,,,,,,,,
DET,1:54,"MIN 36",2,1,10,"I Formation 3WR Slot Corner Short","Nickel Normal Man Cover 2",22,10,14,"1-10-MIN 36 (1:55) 5-Billy Lindsey pass complete to 10-John Hawkins to MIN 14 for 22 yards. Tackle by 41-Alan Tucker.","#5 Billy Lindsey - QB","#29 Joseph Haas - RB",,,"#39 Oliver Lynn - FB",,,"#10 John Hawkins - WR","#87 Scott Sotelo - WR","#18 Ken Simpson - WR",,,"#51 Christopher Shipp - LT","#66 Hugh Sexton - LG","#79 Gary Herbert - C","#50 Patrick Burleson - RG","#75 Antonio Trull - LT",,"#95 Fred Lozano - LDE",,"#97 Anthony Reid - DT","#79 Coy McMurtry - DT","#99 Jared Westmoreland - RDE",,"#93 Joseph Baltz - MLB",,"#55 Warren Waite - WLB","#41 Alan Tucker - CB","#29 Joseph Hudson - CB",,"#21 David Anderson - CB",,"#32 James Dunn - CB","#46 Kevin Willis - FS",,,,,,,,,,,,,,,,,,,,,,,,,,,,,,,,,,,,
DET,1:25,"MIN 14",2,1,10,"I Formation 3WR WR Out","Nickel Normal Man Cover 2",,10,14,"1-10-MIN 14 (1:24) 5-Billy Lindsey pass Pass knocked down by 29-Joseph Hudson. incomplete, intended for 87-Scott Sotelo.","#5 Billy Lindsey - QB","#43 Paul Hannah - RB",,,"#39 Oliver Lynn - FB",,,"#18 Ken Simpson - WR","#14 James Wilson - WR","#87 Scott Sotelo - WR",,,"#51 Christopher Shipp - LT","#66 Hugh Sexton - LG","#79 Gary Herbert - C","#50 Patrick Burleson - RG","#75 Antonio Trull - LT",,"#95 Fred Lozano - LDE",,"#97 Anthony Reid - DT","#79 Coy McMurtry - DT","#99 Jared Westmoreland - RDE",,"#93 Joseph Baltz - MLB",,"#55 Warren Waite - WLB","#41 Alan Tucker - CB","#29 Joseph Hudson - CB",,"#21 David Anderson - CB",,"#32 James Dunn - CB","#46 Kevin Willis - FS",,,,,,,,,,,,,,,,,,,,,,,,,,,,,,,,,,,,
DET,1:20,"MIN 14",2,2,10,"Shotgun Normal Post Flags","Nickel Normal Man Cover 2",,10,14,"2-10-MIN 14 (1:21) 5-Billy Lindsey pass INTERCEPTED by 93-Joseph Baltz at MIN 11. 93-Joseph Baltz to MIN 14 for 3 yards. Tackle by 75-Antonio Trull.","#5 Billy Lindsey - QB","#29 Joseph Haas - RB",,,,"#83 Mark Hebert - TE",,"#14 James Wilson - WR","#85 William Holte - WR","#86 Joe Sanchez - WR",,,"#51 Christopher Shipp - LT","#66 Hugh Sexton - LG","#79 Gary Herbert - C","#50 Patrick Burleson - RG","#75 Antonio Trull - LT",,"#95 Fred Lozano - LDE",,"#97 Anthony Reid - DT","#79 Coy McMurtry - DT","#99 Jared Westmoreland - RDE",,"#93 Joseph Baltz - MLB",,"#55 Warren Waite - WLB","#41 Alan Tucker - CB","#29 Joseph Hudson - CB",,"#21 David Anderson - CB",,"#32 James Dunn - CB","#46 Kevin Willis - FS",,,,,,,,,,,,,,,,,,,,,,,,,,,,,,,,,,,,
MIN,1:16,"MIN 14",2,1,10,"Shotgun 2 RB 3 WR Shotgun Sweep","Nickel Normal Shallow Zone Deep",7,10,14,"1-10-MIN 14 (1:17) 22-Steven Shock ran to MIN 21 for 7 yards. Tackle by 45-John Dennis.","#8 Robert Betances - QB","#25 Albert Stutes - RB","#22 Steven Shock - RB",,,,,"#10 Randy Smith - WR","#84 McKinley Maxfield - WR","#17 Lee Pritchett - WR",,,"#83 Marc Brown - LT","#53 Jessie Snider - LG","#52 William Lopez - C","#61 Bryan Sindelar - RG","#68 Michael Scott - RT",,"#94 Mark Simmons - LDE",,"#71 Milton Sloan - DT","#92 Leon Varney - RDE","#91 Peter Clark - RDE",,"#55 Matthew Schmitz - MLB",,"#52 Markus Drake - WLB","#49 Clifford Pigg - CB","#21 John Bennett - CB",,"#32 Carlos Johnson - SS",,"#40 Curtis Garcia - SS","#45 John Dennis - FS",,,,,,,,,,,,,,,,,,,,,,,,,,,,,,,,,,,,
MIN,0:44,"MIN 21",2,2,3,"Shotgun 2 RB 3 WR Shotgun Sweep","Nickel Normal Shallow Zone Deep",-3,10,14,"2-3-MIN 21 (0:43) 22-Steven Shock ran to MIN 18 for -3 yards. Tackle by 55-Matthew Schmitz. MIN 52-William Lopez was injured on the play. He looks like he should be able to return.","#8 Robert Betances - QB","#25 Albert Stutes - RB","#22 Steven Shock - RB",,,,,"#10 Randy Smith - WR","#84 McKinley Maxfield - WR","#17 Lee Pritchett - WR",,,"#83 Marc Brown - LT","#53 Jessie Snider - LG","#52 William Lopez - C","#61 Bryan Sindelar - RG","#68 Michael Scott - RT",,"#94 Mark Simmons - LDE",,"#71 Milton Sloan - DT","#92 Leon Varney - RDE","#91 Peter Clark - RDE",,"#55 Matthew Schmitz - MLB",,"#52 Markus Drake - WLB","#49 Clifford Pigg - CB","#21 John Bennett - CB",,"#32 Carlos Johnson - SS",,"#40 Curtis Garcia - SS","#45 John Dennis - FS",,,,,,,,,,,,,,,,,,,,,,,,,,,,,,,,,,,,
,0:00,,2,3,6,,,,10,14,"End of half.",,,,,,,,,,,,,,,,,,,,,,,,,,,,,,,,,,,,,,,,,,,,,,,,,,,,,,,,,,,,,,,,,,,,,,
MIN,15:00,"MIN 35",3,6,10,Kickoff,"Kick Return",,10,14,"(15:00) 9-Brian Barker kicks 74 yards from MIN 35 to DET -9. Touchback.",,,,,,,,,,,,,,,,,,,,,,,,,,,,,,,,,,,,,,"#36 Randy Smith - RB",,"#58 Lavern Daniels - SLB","#71 Milton Sloan - DT","#91 Peter Clark - RDE","#94 Mark Simmons - LDE","#49 Clifford Pigg - CB","#52 Markus Drake - WLB","#40 Curtis Garcia - SS","#92 Leon Varney - RDE","#55 Matthew Schmitz - MLB","#32 Carlos Johnson - SS","#9 Brian Barker - K",,,,,,,,,,,,,,,,,,,,
DET,15:00,"DET 25",3,1,10,"Shotgun Normal HB Flare","Nickel Normal Man Cover 2",13,10,14,"1-10-DET 25 (15:00) 5-Billy Lindsey pass complete to 87-Scott Sotelo to DET 38 for 13 yards. Tackle by 46-Kevin Willis.","#5 Billy Lindsey - QB","#43 Paul Hannah - RB",,,,"#83 Mark Hebert - TE",,"#10 John Hawkins - WR","#87 Scott Sotelo - WR","#18 Ken Simpson - WR",,,"#70 David Samaniego - LT","#66 Hugh Sexton - LG","#79 Gary Herbert - C","#50 Patrick Burleson - RG","#75 Antonio Trull - LT",,"#95 Fred Lozano - LDE",,"#97 Anthony Reid - DT","#79 Coy McMurtry - DT","#99 Jared Westmoreland - RDE",,"#93 Joseph Baltz - MLB",,"#55 Warren Waite - WLB","#41 Alan Tucker - CB","#29 Joseph Hudson - CB",,"#21 David Anderson - CB",,"#32 James Dunn - CB","#46 Kevin Willis - FS",,,,,,,,,,,,,,,,,,,,,,,,,,,,,,,,,,,,
DET,14:18,"DET 38",3,1,10,"Singleback Slot Strong HB Strong Inside","Nickel Normal Man Cover 2",8,10,14,"1-10-DET 38 (14:17) 29-Joseph Haas ran to DET 46 for 8 yards. Tackle by 46-Kevin Willis.","#5 Billy Lindsey - QB","#29 Joseph Haas - RB",,,,"#83 Mark Hebert - TE",,"#10 John Hawkins - WR","#87 Scott Sotelo - WR","#18 Ken Simpson - WR",,,"#70 David Samaniego - LT","#66 Hugh Sexton - LG","#79 Gary Herbert - C","#50 Patrick Burleson - RG","#75 Antonio Trull - LT",,"#95 Fred Lozano - LDE",,"#97 Anthony Reid - DT","#79 Coy McMurtry - DT","#99 Jared Westmoreland - RDE",,"#93 Joseph Baltz - MLB",,"#55 Warren Waite - WLB","#41 Alan Tucker - CB","#29 Joseph Hudson - CB",,"#21 David Anderson - CB",,"#32 James Dunn - CB","#46 Kevin Willis - FS",,,,,,,,,,,,,,,,,,,,,,,,,,,,,,,,,,,,
DET,13:45,"DET 46",3,2,2,"Shotgun 2 RB 3 WR Shotgun Sweep","Nickel Normal Man Cover 2",10,10,14,"2-2-DET 46 (13:44) 36-Randy Smith ran to MIN 44 for 10 yards. Tackle by 32-James Dunn.","#5 Billy Lindsey - QB","#43 Paul Hannah - RB","#36 Randy Smith - RB",,,,,"#10 John Hawkins - WR","#87 Scott Sotelo - WR","#18 Ken Simpson - WR",,,"#70 David Samaniego - LT","#66 Hugh Sexton - LG","#79 Gary Herbert - C","#50 Patrick Burleson - RG","#75 Antonio Trull - LT",,"#95 Fred Lozano - LDE",,"#97 Anthony Reid - DT","#79 Coy McMurtry - DT","#99 Jared Westmoreland - RDE",,"#93 Joseph Baltz - MLB",,"#55 Warren Waite - WLB","#41 Alan Tucker - CB","#29 Joseph Hudson - CB",,"#21 David Anderson - CB",,"#32 James Dunn - CB","#46 Kevin Willis - FS",,,,,,,,,,,,,,,,,,,,,,,,,,,,,,,,,,,,
DET,13:10,"MIN 44",3,1,10,"Weak I Normal HB Inside Strong","4-3 Under Double LB Blitz",1,10,14,"1-10-MIN 44 (13:09) 36-Randy Smith ran to MIN 43 for 1 yards. Tackle by 33-William Dorsch.","#5 Billy Lindsey - QB","#36 Randy Smith - RB",,,"#39 Oliver Lynn - FB","#83 Mark Hebert - TE",,"#10 John Hawkins - WR",,"#18 Ken Simpson - WR",,,"#70 David Samaniego - LT","#66 Hugh Sexton - LG","#79 Gary Herbert - C","#50 Patrick Burleson - RG","#75 Antonio Trull - LT",,"#95 Fred Lozano - LDE",,"#97 Anthony Reid - DT","#79 Coy McMurtry - DT","#99 Jared Westmoreland - RDE","#33 William Dorsch - SLB","#93 Joseph Baltz - MLB",,"#55 Warren Waite - WLB","#41 Alan Tucker - CB","#29 Joseph Hudson - CB",,,,"#32 James Dunn - CB","#42 George Yun - FS",,,,,,,,,,,,,,,,,,,,,,,,,,,,,,,,,,,,
DET,12:28,"MIN 43",3,2,9,"I Formation Normal HB Counter","4-3 Normal Man QB Spy",10,10,14,"2-9-MIN 43 (12:27) 43-Paul Hannah ran to MIN 33 for 10 yards. Tackle by 46-Kevin Willis.","#5 Billy Lindsey - QB","#43 Paul Hannah - RB",,,"#39 Oliver Lynn - FB","#83 Mark Hebert - TE",,"#10 John Hawkins - WR",,"#18 Ken Simpson - WR",,,"#70 David Samaniego - LT","#66 Hugh Sexton - LG","#79 Gary Herbert - C","#50 Patrick Burleson - RG","#75 Antonio Trull - LT",,"#95 Fred Lozano - LDE",,"#97 Anthony Reid - DT","#79 Coy McMurtry - DT","#99 Jared Westmoreland - RDE","#33 William Dorsch - SLB","#93 Joseph Baltz - MLB",,"#55 Warren Waite - WLB","#41 Alan Tucker - CB","#29 Joseph Hudson - CB",,,,"#32 James Dunn - CB","#46 Kevin Willis - FS",,,,,,,,,,,,,,,,,,,,,,,,,,,,,,,,,,,,
DET,11:45,"MIN 33",3,1,10,"I Formation Normal PA Fullback Flat","4-3 Normal Man QB Spy",16,10,14,"1-10-MIN 33 (11:44) 5-Billy Lindsey pass complete to 18-Ken Simpson to MIN 17 for 16 yards. Tackle by 29-Joseph Hudson.","#5 Billy Lindsey - QB","#29 Joseph Haas - RB",,,"#39 Oliver Lynn - FB","#83 Mark Hebert - TE",,"#10 John Hawkins - WR",,"#18 Ken Simpson - WR",,,"#70 David Samaniego - LT","#66 Hugh Sexton - LG","#79 Gary Herbert - C","#50 Patrick Burleson - RG","#75 Antonio Trull - LT",,"#95 Fred Lozano - LDE",,"#97 Anthony Reid - DT","#79 Coy McMurtry - DT","#99 Jared Westmoreland - RDE","#33 William Dorsch - SLB","#93 Joseph Baltz - MLB",,"#55 Warren Waite - WLB","#41 Alan Tucker - CB","#29 Joseph Hudson - CB",,,,"#32 James Dunn - CB","#46 Kevin Willis - FS",,,,,,,,,,,,,,,,,,,,,,,,,,,,,,,,,,,,
DET,11:04,"MIN 17",3,1,10,"Singleback Slot Strong HB Counter","Nickel Normal Man Cover 2",17,16,14,"1-10-MIN 17 (11:03) 29-Joseph Haas ran to MIN 0 for 17 yards. TOUCHDOWN! DET 16 MIN 14","#5 Billy Lindsey - QB","#29 Joseph Haas - RB",,,,"#83 Mark Hebert - TE",,"#10 John Hawkins - WR","#87 Scott Sotelo - WR","#18 Ken Simpson - WR",,,"#70 David Samaniego - LT","#66 Hugh Sexton - LG","#79 Gary Herbert - C","#50 Patrick Burleson - RG","#75 Antonio Trull - LT",,"#95 Fred Lozano - LDE",,"#97 Anthony Reid - DT","#79 Coy McMurtry - DT","#99 Jared Westmoreland - RDE",,"#93 Joseph Baltz - MLB",,"#55 Warren Waite - WLB","#29 Joseph Hudson - CB","#21 David Anderson - CB",,"#42 George Yun - FS",,"#41 Alan Tucker - CB","#46 Kevin Willis - FS",,,,,,,,,,,,,,,,,,,,,,,,,,,,,,,,,,,,
DET,10:57,"MIN 15",3,7,15,"Field Goal","FG Block",26,17,14,"(10:58) Extra point GOOD by 6-James Hawes. DET 17 MIN 14",,,,,,,,,,,,,,,,,,,,,,,,,,,,,,,,,,,,"#3 Herbert Martin - QB","#67 Ruben Nesbitt - C",,,,,,,,,,,,,,"#6 James Hawes - K","#50 Patrick Burleson - RG","#66 Hugh Sexton - LG","#70 David Samaniego - LT","#39 Oliver Lynn - FB","#75 Antonio Trull - LT","#60 Thomas Bridges - RT","#76 Joseph Kirtley - LG","#35 Jackie Hastings - FB","#92 Charles Espinoza - RDE","#55 Warren Waite - WLB","#94 Kirk Shepard - LDE","#96 Steven Stevens - DT","#93 Joseph Baltz - MLB","#97 Anthony Reid - DT","#33 William Dorsch - SLB","#95 Fred Lozano - LDE","#79 Coy McMurtry - DT","#99 Jared Westmoreland - RDE","#68 Michael Scott - RT"
DET,10:57,"DET 35",3,6,10,Kickoff,"Kick Return",,17,14,"(10:58) 6-James Hawes kicks 64 yards from DET 35 to MIN 1. 82-Robert Henry to MIN 46 for 47 yards. DET 91-Peter Clark was injured on the play. He looks like he should be able to return.",,,,,,,,,,,,,,,,,,,,,,,,,,,,,,,,,,,,,,"#82 Robert Henry - WR",,"#46 Kevin Willis - FS","#32 James Dunn - CB","#41 Alan Tucker - CB","#29 Joseph Hudson - CB","#33 William Dorsch - SLB","#97 Anthony Reid - DT","#55 Warren Waite - WLB","#42 George Yun - FS","#93 Joseph Baltz - MLB","#92 Charles Espinoza - RDE","#6 James Hawes - K",,,,,,,,,,,,,,,,,,,,
MIN,10:49,"MIN 46",3,1,10,"Weak I Big HB Off Tackle Strong","Goal Line Attack #1",-1,17,14,"1-10-MIN 46 (10:50) 25-Albert Stutes ran to MIN 45 for -1 yards. Tackle by 71-Milton Sloan. MIN 61-Bryan Sindelar was injured on the play. He looks like he should be able to return.","#8 Robert Betances - QB","#25 Albert Stutes - RB",,,"#47 David Numbers - FB","#81 Kevin White - TE","#49 Nathaniel Smith - TE","#10 Randy Smith - WR",,,,,"#83 Marc Brown - LT","#53 Jessie Snider - LG","#52 William Lopez - C","#61 Bryan Sindelar - RG","#68 Michael Scott - RT",,"#94 Mark Simmons - LDE","#71 Milton Sloan - DT","#92 Leon Varney - RDE","#52 Markus Drake - WLB","#78 Sammy McDaniel - RDE","#58 Lavern Daniels - SLB","#54 Timothy Lewis - SLB",,"#95 Joshua Campbell - WLB","#45 John Dennis - FS","#49 Clifford Pigg - CB",,,,"#21 John Bennett - CB",,,,,,,,,,,,,,,,,,,,,,,,,,,,,,,,,,,,,
MIN,10:15,"MIN 45",3,2,11,"Shotgun 2 RB 3 WR Shotgun Sweep","Nickel Normal Shallow Zone Deep",3,17,14,"2-11-MIN 45 (10:14) 22-Steven Shock ran to MIN 49 for 3 yards. Tackle by 49-Clifford Pigg. MIN 83-Marc Brown was injured on the play. He looks like he should be able to return.","#8 Robert Betances - QB","#25 Albert Stutes - RB","#22 Steven Shock - RB",,,,,"#10 Randy Smith - WR","#84 McKinley Maxfield - WR","#17 Lee Pritchett - WR",,,"#83 Marc Brown - LT","#53 Jessie Snider - LG","#52 William Lopez - C","#77 Courtney Abril - RG","#68 Michael Scott - RT",,"#94 Mark Simmons - LDE",,"#71 Milton Sloan - DT","#92 Leon Varney - RDE","#91 Peter Clark - RDE",,"#55 Matthew Schmitz - MLB",,"#52 Markus Drake - WLB","#49 Clifford Pigg - CB","#21 John Bennett - CB",,"#32 Carlos Johnson - SS",,"#40 Curtis Garcia - SS","#45 John Dennis - FS",,,,,,,,,,,,,,,,,,,,,,,,,,,,,,,,,,,,
MIN,9:38,"MIN 49",3,3,8,"Weak I Normal WR Corner TE Middle","4-3 Normal Double WR1",8,17,14,"3-8-MIN 49 (9:37) 8-Robert Betances pass complete to 25-Albert Stutes to DET 43 for 8 yards. Tackle by 58-Lavern Daniels. Nice job by 25-Albert Stutes on that route to lose his coverage. Pressure by 94-Mark Simmons.","#8 Robert Betances - QB","#25 Albert Stutes - RB",,,"#47 David Numbers - FB","#81 Kevin White - TE",,"#10 Randy Smith - WR",,"#17 Lee Pritchett - WR",,,"#67 Anthony Klein - LT","#53 Jessie Snider - LG","#52 William Lopez - C","#77 Courtney Abril - RG","#68 Michael Scott - RT",,"#94 Mark Simmons - LDE",,"#71 Milton Sloan - DT","#92 Leon Varney - RDE","#91 Peter Clark - RDE","#58 Lavern Daniels - SLB","#55 Matthew Schmitz - MLB",,"#52 Markus Drake - WLB","#49 Clifford Pigg - CB","#21 John Bennett - CB",,,,"#40 Curtis Garcia - SS","#45 John Dennis - FS",,,,,,,,,,,,,,,,,,,,,,,,,,,,,,,,,,,,
MIN,9:00,"DET 43",3,1,10,"Shotgun 2 RB 3 WR RB Curls","Nickel Normal Shallow Zone Deep",29,17,14,"1-10-DET 43 (8:59) 8-Robert Betances pass complete to 17-Lee Pritchett to DET 15 for 29 yards. MIN 84-McKinley Maxfield was injured on the play. He looks like he should be able to return.","#8 Robert Betances - QB","#25 Albert Stutes - RB","#22 Steven Shock - RB",,,,,"#10 Randy Smith - WR","#84 McKinley Maxfield - WR","#17 Lee Pritchett - WR",,,"#67 Anthony Klein - LT","#53 Jessie Snider - LG","#52 William Lopez - C","#77 Courtney Abril - RG","#68 Michael Scott - RT",,"#94 Mark Simmons - LDE",,"#71 Milton Sloan - DT","#92 Leon Varney - RDE","#91 Peter Clark - RDE",,"#54 Timothy Lewis - SLB",,"#52 Markus Drake - WLB","#49 Clifford Pigg - CB","#21 John Bennett - CB",,"#32 Carlos Johnson - SS",,"#40 Curtis Garcia - SS","#45 John Dennis - FS",,,,,,,,,,,,,,,,,,,,,,,,,,,,,,,,,,,,
MIN,8:10,"DET 15",3,1,10,"I Formation 3WR Slot Short WR Deep","Nickel Normal Shallow Zone Deep",17,17,20,"1-10-DET 15 (8:09) 8-Robert Betances pass complete to 10-Randy Smith for 15 yards. TOUCHDOWN! DET 17 MIN 20","#8 Robert Betances - QB","#22 Steven Shock - RB",,,"#47 David Numbers - FB",,,"#10 Randy Smith - WR","#82 Robert Henry - WR","#15 Willie Soler - WR",,,"#67 Anthony Klein - LT","#53 Jessie Snider - LG","#52 William Lopez - C","#61 Bryan Sindelar - RG","#68 Michael Scott - RT",,"#78 Sammy McDaniel - RDE",,"#71 Milton Sloan - DT","#94 Mark Simmons - LDE","#92 Leon Varney - RDE",,"#55 Matthew Schmitz - MLB",,"#95 Joshua Campbell - WLB","#21 John Bennett - CB","#40 Curtis Garcia - SS",,"#45 John Dennis - FS",,"#49 Clifford Pigg - CB","#32 Carlos Johnson - SS",,,,,,,,,,,,,,,,,,,,,,,,,,,,,,,,,,,,
MIN,8:05,"DET 15",3,7,15,"Field Goal","FG Block",26,17,21,"(8:06) Extra point GOOD by 9-Brian Barker. DET 17 MIN 21",,,,,,,,,,,,,,,,,,,,,,,,,,,,,,,,,,,,"#18 Richard Rivers - QB","#59 David Torres - RT",,,,,,,,,,,,,,"#9 Brian Barker - K","#81 Kevin White - TE","#68 Michael Scott - RT","#53 Jessie Snider - LG","#75 Daniel Lin - LG","#77 Courtney Abril - RG","#67 Anthony Klein - LT","#96 Steven Stevens - DT","#52 William Lopez - C","#78 Sammy McDaniel - RDE","#71 Milton Sloan - DT","#91 Peter Clark - RDE","#92 Leon Varney - RDE","#55 Matthew Schmitz - MLB","#52 Markus Drake - WLB","#54 Timothy Lewis - SLB","#95 Joshua Campbell - WLB","#32 Carlos Johnson - SS","#94 Mark Simmons - LDE","#49 Clifford Pigg - CB"
MIN,8:05,"MIN 35",3,6,10,Kickoff,"Kick Return",,17,21,"(8:06) 9-Brian Barker kicks 70 yards from MIN 35 to DET -5. 36-Randy Smith to DET 32 for 37 yards. Tackle by 9-Brian Barker.",,,,,,,,,,,,,,,,,,,,,,,,,,,,,,,,,,,,,,"#36 Randy Smith - RB",,"#58 Lavern Daniels - SLB","#55 Matthew Schmitz - MLB","#92 Leon Varney - RDE","#52 Markus Drake - WLB","#91 Peter Clark - RDE","#49 Clifford Pigg - CB","#32 Carlos Johnson - SS","#94 Mark Simmons - LDE","#40 Curtis Garcia - SS","#71 Milton Sloan - DT","#9 Brian Barker - K",,,,,,,,,,,,,,,,,,,,
DET,7:59,"DET 32",3,1,10,"I Formation 3WR HB Inside Weak","Nickel Normal Man Cover 2",6,17,21,"1-10-DET 32 (8:00) 43-Paul Hannah ran to DET 37 for 6 yards. Tackle by 93-Joseph Baltz. DET 43-Paul Hannah was injured on the play. He looks like he should be able to return.","#5 Billy Lindsey - QB","#43 Paul Hannah - RB",,,"#39 Oliver Lynn - FB",,,"#10 John Hawkins - WR","#87 Scott Sotelo - WR","#18 Ken Simpson - WR",,,"#70 David Samaniego - LT","#66 Hugh Sexton - LG","#79 Gary Herbert - C","#50 Patrick Burleson - RG","#75 Antonio Trull - LT",,"#95 Fred Lozano - LDE",,"#97 Anthony Reid - DT","#79 Coy McMurtry - DT","#99 Jared Westmoreland - RDE",,"#93 Joseph Baltz - MLB",,"#55 Warren Waite - WLB","#41 Alan Tucker - CB","#29 Joseph Hudson - CB",,"#21 David Anderson - CB",,"#32 James Dunn - CB","#42 George Yun - FS",,,,,,,,,,,,,,,,,,,,,,,,,,,,,,,,,,,,
DET,7:23,"DET 37",3,2,4,"Shotgun Normal HB Flare","Nickel Normal Man Cover 2",-3,17,21,"2-4-DET 37 (7:22) 5-Billy Lindsey pass complete to 29-Joseph Haas to DET 35 for -3 yards. Tackle by 41-Alan Tucker.","#5 Billy Lindsey - QB","#29 Joseph Haas - RB",,,,"#83 Mark Hebert - TE",,"#10 John Hawkins - WR","#87 Scott Sotelo - WR","#18 Ken Simpson - WR",,,"#70 David Samaniego - LT","#66 Hugh Sexton - LG","#79 Gary Herbert - C","#50 Patrick Burleson - RG","#75 Antonio Trull - LT",,"#95 Fred Lozano - LDE",,"#97 Anthony Reid - DT","#79 Coy McMurtry - DT","#99 Jared Westmoreland - RDE",,"#93 Joseph Baltz - MLB",,"#55 Warren Waite - WLB","#41 Alan Tucker - CB","#29 Joseph Hudson - CB",,"#21 David Anderson - CB",,"#32 James Dunn - CB","#46 Kevin Willis - FS",,,,,,,,,,,,,,,,,,,,,,,,,,,,,,,,,,,,
DET,6:44,"DET 35",3,3,7,"I Formation Normal SE Post","4-3 Normal Double WR3",,17,21,"3-7-DET 35 (6:43) 5-Billy Lindsey pass INTERCEPTED by 93-Joseph Baltz at MIN 49. 93-Joseph Baltz to MIN 50 for 1 yards. Tackle by 10-John Hawkins.","#5 Billy Lindsey - QB","#36 Randy Smith - RB",,,"#39 Oliver Lynn - FB","#83 Mark Hebert - TE",,"#10 John Hawkins - WR",,"#18 Ken Simpson - WR",,,"#70 David Samaniego - LT","#66 Hugh Sexton - LG","#79 Gary Herbert - C","#50 Patrick Burleson - RG","#75 Antonio Trull - LT",,"#95 Fred Lozano - LDE",,"#97 Anthony Reid - DT","#79 Coy McMurtry - DT","#99 Jared Westmoreland - RDE","#33 William Dorsch - SLB","#93 Joseph Baltz - MLB",,"#55 Warren Waite - WLB","#41 Alan Tucker - CB","#29 Joseph Hudson - CB",,,,"#32 James Dunn - CB","#46 Kevin Willis - FS",,,,,,,,,,,,,,,,,,,,,,,,,,,,,,,,,,,,
MIN,6:34,"MIN 50",3,1,10,"I Formation 3WR WR Out","Nickel Normal Shallow Zone Deep",10,17,21,"1-10-MIN 50 (6:35) 8-Robert Betances pass complete to 84-McKinley Maxfield to DET 40 for 10 yards. Tackle by 32-Carlos Johnson. Nice job by 84-McKinley Maxfield on that route to lose his coverage.","#8 Robert Betances - QB","#25 Albert Stutes - RB",,,"#47 David Numbers - FB",,,"#10 Randy Smith - WR","#84 McKinley Maxfield - WR","#17 Lee Pritchett - WR",,,"#83 Marc Brown - LT","#53 Jessie Snider - LG","#52 William Lopez - C","#61 Bryan Sindelar - RG","#68 Michael Scott - RT",,"#94 Mark Simmons - LDE",,"#71 Milton Sloan - DT","#92 Leon Varney - RDE","#91 Peter Clark - RDE",,"#55 Matthew Schmitz - MLB",,"#52 Markus Drake - WLB","#49 Clifford Pigg - CB","#21 John Bennett - CB",,"#32 Carlos Johnson - SS",,"#40 Curtis Garcia - SS","#45 John Dennis - FS",,,,,,,,,,,,,,,,,,,,,,,,,,,,,,,,,,,,
MIN,6:01,"DET 40",3,1,10,"Shotgun Normal HB Dive","Nickel Normal Shallow Zone Deep",1,17,21,"1-10-DET 40 (6:00) 25-Albert Stutes ran to DET 39 for 1 yards. Tackle by 32-Carlos Johnson.","#8 Robert Betances - QB","#25 Albert Stutes - RB",,,,"#81 Kevin White - TE",,"#10 Randy Smith - WR","#84 McKinley Maxfield - WR","#17 Lee Pritchett - WR",,,"#83 Marc Brown - LT","#53 Jessie Snider - LG","#52 William Lopez - C","#61 Bryan Sindelar - RG","#68 Michael Scott - RT",,"#94 Mark Simmons - LDE",,"#71 Milton Sloan - DT","#92 Leon Varney - RDE","#91 Peter Clark - RDE",,"#55 Matthew Schmitz - MLB",,"#52 Markus Drake - WLB","#49 Clifford Pigg - CB","#21 John Bennett - CB",,"#32 Carlos Johnson - SS",,"#40 Curtis Garcia - SS","#45 John Dennis - FS",,,,,,,,,,,,,,,,,,,,,,,,,,,,,,,,,,,,
MIN,5:27,"DET 39",3,2,9,"Strong I Normal Short Attack","4-3 Normal Double WR1",,17,21,"2-9-DET 39 (5:26) 8-Robert Betances pass Pass knocked down by 58-Lavern Daniels. incomplete, intended for 25-Albert Stutes.","#8 Robert Betances - QB","#25 Albert Stutes - RB",,,"#47 David Numbers - FB","#81 Kevin White - TE",,"#10 Randy Smith - WR",,"#17 Lee Pritchett - WR",,,"#83 Marc Brown - LT","#53 Jessie Snider - LG","#52 William Lopez - C","#61 Bryan Sindelar - RG","#68 Michael Scott - RT",,"#94 Mark Simmons - LDE",,"#71 Milton Sloan - DT","#92 Leon Varney - RDE","#91 Peter Clark - RDE","#58 Lavern Daniels - SLB","#55 Matthew Schmitz - MLB",,"#52 Markus Drake - WLB","#49 Clifford Pigg - CB","#21 John Bennett - CB",,,,"#40 Curtis Garcia - SS","#45 John Dennis - FS",,,,,,,,,,,,,,,,,,,,,,,,,,,,,,,,,,,,
MIN,5:22,"DET 39",3,3,9,"Shotgun 4 Wide Slot Drag","Dime Normal Double WR1 WR2",2,17,21,"3-9-DET 39 (5:23) 8-Robert Betances pass complete to 84-McKinley Maxfield to DET 37 for 2 yards. Tackle by 55-Matthew Schmitz. 84-McKinley Maxfield made a great move on the CB.","#8 Robert Betances - QB","#25 Albert Stutes - RB",,,,,,"#10 Randy Smith - WR","#84 McKinley Maxfield - WR","#17 Lee Pritchett - WR","#15 Willie Soler - WR",,"#83 Marc Brown - LT","#53 Jessie Snider - LG","#52 William Lopez - C","#61 Bryan Sindelar - RG","#68 Michael Scott - RT",,"#94 Mark Simmons - LDE",,"#71 Milton Sloan - DT","#92 Leon Varney - RDE","#91 Peter Clark - RDE",,"#55 Matthew Schmitz - MLB",,,"#49 Clifford Pigg - CB","#21 John Bennett - CB","#52 Markus Drake - WLB","#32 Carlos Johnson - SS",,"#40 Curtis Garcia - SS","#45 John Dennis - FS",,,,,,,,,,,,,,,,,,,,,,,,,,,,,,,,,,,,
MIN,4:41,"DET 37",3,4,7,"Field Goal","FG Block",48,17,24,"4-7-DET 37 (4:40) 9-Brian Barker 54 yard field goal is GOOD. DET 17 MIN 24",,,,,,,,,,,,,,,,,,,,,,,,,,,,,,,,,,,,"#18 Richard Rivers - QB","#59 David Torres - RT",,,,,,,,,,,,,,"#9 Brian Barker - K","#52 William Lopez - C","#53 Jessie Snider - LG","#67 Anthony Klein - LT","#75 Daniel Lin - LG","#77 Courtney Abril - RG","#83 Marc Brown - LT","#68 Michael Scott - RT","#96 Steven Stevens - DT","#92 Leon Varney - RDE","#71 Milton Sloan - DT","#91 Peter Clark - RDE","#94 Mark Simmons - LDE","#55 Matthew Schmitz - MLB","#52 Markus Drake - WLB","#54 Timothy Lewis - SLB","#78 Sammy McDaniel - RDE","#49 Clifford Pigg - CB","#32 Carlos Johnson - SS","#95 Joshua Campbell - WLB"
MIN,4:35,"MIN 35",3,6,10,Kickoff,"Kick Return",,17,24,"(4:36) 9-Brian Barker kicks 71 yards from MIN 35 to DET -6. Touchback.",,,,,,,,,,,,,,,,,,,,,,,,,,,,,,,,,,,,,,"#36 Randy Smith - RB",,"#58 Lavern Daniels - SLB","#71 Milton Sloan - DT","#91 Peter Clark - RDE","#94 Mark Simmons - LDE","#49 Clifford Pigg - CB","#52 Markus Drake - WLB","#40 Curtis Garcia - SS","#92 Leon Varney - RDE","#55 Matthew Schmitz - MLB","#32 Carlos Johnson - SS","#9 Brian Barker - K",,,,,,,,,,,,,,,,,,,,
DET,4:35,"DET 25",3,1,10,"Strong I Normal Counter Strong","4-3 Normal WLB Outside Blitz",4,17,24,"1-10-DET 25 (4:36) 29-Joseph Haas ran to DET 30 for 5 yards. 29-Joseph Haas FUMBLES (32-James Dunn) recovered by DET-75-Antonio Trull at DET 29. Tackle by 97-Anthony Reid.","#5 Billy Lindsey - QB","#29 Joseph Haas - RB",,,"#39 Oliver Lynn - FB","#83 Mark Hebert - TE",,"#10 John Hawkins - WR",,"#18 Ken Simpson - WR",,,"#70 David Samaniego - LT","#66 Hugh Sexton - LG","#79 Gary Herbert - C","#50 Patrick Burleson - RG","#75 Antonio Trull - LT",,"#95 Fred Lozano - LDE",,"#97 Anthony Reid - DT","#79 Coy McMurtry - DT","#99 Jared Westmoreland - RDE","#33 William Dorsch - SLB","#93 Joseph Baltz - MLB",,"#55 Warren Waite - WLB","#41 Alan Tucker - CB","#29 Joseph Hudson - CB",,,,"#32 James Dunn - CB","#46 Kevin Willis - FS",,,,,,,,,,,,,,,,,,,,,,,,,,,,,,,,,,,,
DET,3:52,"DET 29",3,2,6,"I Formation Normal PA Fullback Flat","4-3 Normal Man QB Spy",3,17,24,"2-6-DET 29 (3:51) 5-Billy Lindsey pass complete to 39-Oliver Lynn to DET 32 for 3 yards. Tackle by 33-William Dorsch.","#5 Billy Lindsey - QB","#43 Paul Hannah - RB",,,"#39 Oliver Lynn - FB","#83 Mark Hebert - TE",,"#10 John Hawkins - WR",,"#18 Ken Simpson - WR",,,"#70 David Samaniego - LT","#66 Hugh Sexton - LG","#79 Gary Herbert - C","#50 Patrick Burleson - RG","#75 Antonio Trull - LT",,"#95 Fred Lozano - LDE",,"#97 Anthony Reid - DT","#79 Coy McMurtry - DT","#99 Jared Westmoreland - RDE","#33 William Dorsch - SLB","#93 Joseph Baltz - MLB",,"#55 Warren Waite - WLB","#41 Alan Tucker - CB","#29 Joseph Hudson - CB",,,,"#32 James Dunn - CB","#46 Kevin Willis - FS",,,,,,,,,,,,,,,,,,,,,,,,,,,,,,,,,,,,
DET,3:16,"DET 32",3,3,3,"I Formation 3WR Backfield Flats","Nickel Normal Man Cover 2",,17,24,"3-3-DET 32 (3:15) 5-Billy Lindsey pass complete to 39-Oliver Lynn to DET 32 for a short gain. Tackle by 55-Warren Waite.","#5 Billy Lindsey - QB","#29 Joseph Haas - RB",,,"#39 Oliver Lynn - FB",,,"#10 John Hawkins - WR","#87 Scott Sotelo - WR","#18 Ken Simpson - WR",,,"#70 David Samaniego - LT","#66 Hugh Sexton - LG","#79 Gary Herbert - C","#50 Patrick Burleson - RG","#75 Antonio Trull - LT",,"#95 Fred Lozano - LDE",,"#97 Anthony Reid - DT","#79 Coy McMurtry - DT","#99 Jared Westmoreland - RDE",,"#93 Joseph Baltz - MLB",,"#55 Warren Waite - WLB","#41 Alan Tucker - CB","#29 Joseph Hudson - CB",,"#21 David Anderson - CB",,"#32 James Dunn - CB","#46 Kevin Willis - FS",,,,,,,,,,,,,,,,,,,,,,,,,,,,,,,,,,,,
DET,2:40,"DET 32",3,4,3,Punt,"Punt Return",67,17,24,"4-3-DET 32 (2:39) 11-Christopher Washington punts 67 yards to MIN 1.",,,,,,,,,,,,,,,,,,"#11 Christopher Washington - P",,,,,,,,,,,,,,,,,,,"#67 Ruben Nesbitt - C",,"#82 Robert Henry - WR",,,"#42 George Yun - FS","#97 Anthony Reid - DT","#33 William Dorsch - SLB",,"#92 Charles Espinoza - RDE","#41 Alan Tucker - CB",,"#32 James Dunn - CB",,,,"#66 Hugh Sexton - LG","#70 David Samaniego - LT","#39 Oliver Lynn - FB","#75 Antonio Trull - LT","#60 Thomas Bridges - RT","#76 Joseph Kirtley - LG",,"#79 Coy McMurtry - DT","#55 Warren Waite - WLB","#94 Kirk Shepard - LDE","#96 Steven Stevens - DT",,,,,,,
MIN,2:27,"MIN 1",3,1,10,"Weak I Normal Skinny Posts","4-3 Normal WLB Outside Blitz",,17,24,"1-10-MIN 1 (2:28) 8-Robert Betances pass Pass knocked down by 45-John Dennis. incomplete, intended for 81-Kevin White.","#8 Robert Betances - QB","#25 Albert Stutes - RB",,,"#47 David Numbers - FB","#81 Kevin White - TE",,"#10 Randy Smith - WR",,"#17 Lee Pritchett - WR",,,"#83 Marc Brown - LT","#53 Jessie Snider - LG","#52 William Lopez - C","#61 Bryan Sindelar - RG","#68 Michael Scott - RT",,"#94 Mark Simmons - LDE",,"#71 Milton Sloan - DT","#78 Sammy McDaniel - RDE","#92 Leon Varney - RDE","#58 Lavern Daniels - SLB","#55 Matthew Schmitz - MLB",,"#52 Markus Drake - WLB","#21 John Bennett - CB","#49 Clifford Pigg - CB",,,,"#32 Carlos Johnson - SS","#45 John Dennis - FS",,,,,,,,,,,,,,,,,,,,,,,,,,,,,,,,,,,,
MIN,2:25,"MIN 1",3,2,10,"Shotgun Normal HB Flare","Nickel Normal Shallow Zone Deep",,17,24,"2-10-MIN 1 (2:26) 8-Robert Betances pass Pass knocked down by 40-Curtis Garcia. incomplete, intended for 17-Lee Pritchett. Pressure by 92-Leon Varney.","#8 Robert Betances - QB","#25 Albert Stutes - RB",,,,"#81 Kevin White - TE",,"#10 Randy Smith - WR","#84 McKinley Maxfield - WR","#17 Lee Pritchett - WR",,,"#83 Marc Brown - LT","#53 Jessie Snider - LG","#52 William Lopez - C","#61 Bryan Sindelar - RG","#68 Michael Scott - RT",,"#94 Mark Simmons - LDE",,"#71 Milton Sloan - DT","#78 Sammy McDaniel - RDE","#92 Leon Varney - RDE",,"#55 Matthew Schmitz - MLB",,"#52 Markus Drake - WLB","#21 John Bennett - CB","#40 Curtis Garcia - SS",,"#49 Clifford Pigg - CB",,"#32 Carlos Johnson - SS","#45 John Dennis - FS",,,,,,,,,,,,,,,,,,,,,,,,,,,,,,,,,,,,
MIN,2:20,"MIN 1",3,3,10,"I Formation 3WR FL Post","Nickel Normal Shallow Zone Deep",-8,19,24,"3-10-MIN 1 (2:21) 8-Robert Betances sacked at MIN -7 for -8 yards (71-Milton Sloan). Sack allowed by 61-Bryan Sindelar. SAFETY! (71-Milton Sloan) DET 19 MIN 24","#8 Robert Betances - QB","#25 Albert Stutes - RB",,,"#47 David Numbers - FB",,,"#10 Randy Smith - WR","#84 McKinley Maxfield - WR","#17 Lee Pritchett - WR",,,"#83 Marc Brown - LT","#53 Jessie Snider - LG","#52 William Lopez - C","#61 Bryan Sindelar - RG","#68 Michael Scott - RT",,"#94 Mark Simmons - LDE",,"#71 Milton Sloan - DT","#78 Sammy McDaniel - RDE","#92 Leon Varney - RDE",,"#55 Matthew Schmitz - MLB",,"#52 Markus Drake - WLB","#21 John Bennett - CB","#40 Curtis Garcia - SS",,"#49 Clifford Pigg - CB",,"#32 Carlos Johnson - SS","#45 John Dennis - FS",,,,,,,,,,,,,,,,,,,,,,,,,,,,,,,,,,,,
MIN,2:18,"MIN 20",3,6,10,Kickoff,"Kick Return",,19,24,"(2:19) 9-Brian Barker kicks 77 yards from MIN 20 to DET 3. 36-Randy Smith to DET 31 for 28 yards. Tackle by 42-George Yun.",,,,,,,,,,,,,,,,,,,,,,,,,,,,,,,,,,,,,,"#36 Randy Smith - RB",,"#58 Lavern Daniels - SLB","#55 Matthew Schmitz - MLB","#92 Leon Varney - RDE","#52 Markus Drake - WLB","#91 Peter Clark - RDE","#40 Curtis Garcia - SS","#32 Carlos Johnson - SS","#94 Mark Simmons - LDE","#49 Clifford Pigg - CB","#71 Milton Sloan - DT","#9 Brian Barker - K",,,,,,,,,,,,,,,,,,,,
DET,2:14,"DET 31",3,1,10,"Weak I Normal HB Inside Strong","4-3 Normal SLB Outside Blitz",5,19,24,"1-10-DET 31 (2:15) 43-Paul Hannah ran to DET 36 for 5 yards. Tackle by 57-Troy Patten.","#5 Billy Lindsey - QB","#43 Paul Hannah - RB",,,"#39 Oliver Lynn - FB","#83 Mark Hebert - TE",,"#10 John Hawkins - WR",,"#18 Ken Simpson - WR",,,"#70 David Samaniego - LT","#66 Hugh Sexton - LG","#79 Gary Herbert - C","#50 Patrick Burleson - RG","#75 Antonio Trull - LT",,"#95 Fred Lozano - LDE",,"#97 Anthony Reid - DT","#79 Coy McMurtry - DT","#99 Jared Westmoreland - RDE","#33 William Dorsch - SLB","#58 Larry Middleton - MLB",,"#57 Troy Patten - SLB","#29 Joseph Hudson - CB","#46 Kevin Willis - FS",,,,"#21 David Anderson - CB","#42 George Yun - FS",,,,,,,,,,,,,,,,,,,,,,,,,,,,,,,,,,,,
DET,1:38,"DET 36",3,2,5,"Shotgun Normal Double Outs","Nickel Normal Man Cover 2",8,19,24,"2-5-DET 36 (1:37) 5-Billy Lindsey pass complete to 10-John Hawkins to DET 44 for 8 yards. Tackle by 41-Alan Tucker.","#5 Billy Lindsey - QB","#29 Joseph Haas - RB",,,,"#83 Mark Hebert - TE",,"#10 John Hawkins - WR","#87 Scott Sotelo - WR","#18 Ken Simpson - WR",,,"#70 David Samaniego - LT","#66 Hugh Sexton - LG","#79 Gary Herbert - C","#50 Patrick Burleson - RG","#75 Antonio Trull - LT",,"#95 Fred Lozano - LDE",,"#97 Anthony Reid - DT","#79 Coy McMurtry - DT","#99 Jared Westmoreland - RDE",,"#93 Joseph Baltz - MLB",,"#55 Warren Waite - WLB","#41 Alan Tucker - CB","#29 Joseph Hudson - CB",,"#21 David Anderson - CB",,"#32 James Dunn - CB","#46 Kevin Willis - FS",,,,,,,,,,,,,,,,,,,,,,,,,,,,,,,,,,,,
DET,0:53,"DET 44",3,1,10,"I Formation Normal PA Fullback Flat","4-3 Under Double LB Blitz",33,19,24,"1-10-DET 44 (0:52) 5-Billy Lindsey pass complete to 83-Mark Hebert to MIN 23 for 33 yards. Tackle by 46-Kevin Willis.","#5 Billy Lindsey - QB","#36 Randy Smith - RB",,,"#39 Oliver Lynn - FB","#83 Mark Hebert - TE",,"#10 John Hawkins - WR",,"#18 Ken Simpson - WR",,,"#70 David Samaniego - LT","#66 Hugh Sexton - LG","#79 Gary Herbert - C","#50 Patrick Burleson - RG","#75 Antonio Trull - LT",,"#95 Fred Lozano - LDE",,"#97 Anthony Reid - DT","#79 Coy McMurtry - DT","#99 Jared Westmoreland - RDE","#33 William Dorsch - SLB","#93 Joseph Baltz - MLB",,"#55 Warren Waite - WLB","#41 Alan Tucker - CB","#29 Joseph Hudson - CB",,,,"#32 James Dunn - CB","#46 Kevin Willis - FS",,,,,,,,,,,,,,,,,,,,,,,,,,,,,,,,,,,,
DET,0:11,"MIN 23",3,1,10,"Singleback Slot Strong HB Strong Inside","Nickel Normal Man Cover 2",3,19,24,"1-10-MIN 23 (0:10) 43-Paul Hannah ran to MIN 20 for 3 yards. Tackle by 55-Warren Waite.","#5 Billy Lindsey - QB","#43 Paul Hannah - RB",,,,"#80 Brian McGuire - TE",,"#18 Ken Simpson - WR","#14 James Wilson - WR","#87 Scott Sotelo - WR",,,"#70 David Samaniego - LT","#66 Hugh Sexton - LG","#79 Gary Herbert - C","#53 George Pisani - RT","#75 Antonio Trull - LT",,"#95 Fred Lozano - LDE",,"#97 Anthony Reid - DT","#79 Coy McMurtry - DT","#99 Jared Westmoreland - RDE",,"#93 Joseph Baltz - MLB",,"#55 Warren Waite - WLB","#29 Joseph Hudson - CB","#21 David Anderson - CB",,"#41 Alan Tucker - CB",,"#42 George Yun - FS","#46 Kevin Willis - FS",,,,,,,,,,,,,,,,,,,,,,,,,,,,,,,,,,,,
,0:00,,3,2,7,,,,19,24,"End of third quarter.",,,,,,,,,,,,,,,,,,,,,,,,,,,,,,,,,,,,,,,,,,,,,,,,,,,,,,,,,,,,,,,,,,,,,,
DET,15:00,"MIN 20",4,2,7,"Strong I Normal Quick Hooks","4-3 Normal Double WR2",4,19,24,"2-7-MIN 20 (15:00) 5-Billy Lindsey pass complete to 18-Ken Simpson to MIN 16 for 4 yards. Tackle by 41-Alan Tucker.","#5 Billy Lindsey - QB","#29 Joseph Haas - RB",,,"#39 Oliver Lynn - FB","#80 Brian McGuire - TE",,"#18 Ken Simpson - WR",,"#87 Scott Sotelo - WR",,,"#70 David Samaniego - LT","#66 Hugh Sexton - LG","#79 Gary Herbert - C","#50 Patrick Burleson - RG","#75 Antonio Trull - LT",,"#95 Fred Lozano - LDE",,"#97 Anthony Reid - DT","#79 Coy McMurtry - DT","#99 Jared Westmoreland - RDE","#33 William Dorsch - SLB","#93 Joseph Baltz - MLB",,"#55 Warren Waite - WLB","#41 Alan Tucker - CB","#29 Joseph Hudson - CB",,,,"#32 James Dunn - CB","#46 Kevin Willis - FS",,,,,,,,,,,,,,,,,,,,,,,,,,,,,,,,,,,,
DET,14:28,"MIN 16",4,3,3,"Shotgun Normal HB Flare","Nickel Normal Man Cover 2",2,19,24,"3-3-MIN 16 (14:27) 5-Billy Lindsey pass complete to 43-Paul Hannah to MIN 13 for 2 yards. Tackle by 55-Warren Waite.","#5 Billy Lindsey - QB","#43 Paul Hannah - RB",,,,"#83 Mark Hebert - TE",,"#10 John Hawkins - WR","#87 Scott Sotelo - WR","#18 Ken Simpson - WR",,,"#70 David Samaniego - LT","#66 Hugh Sexton - LG","#79 Gary Herbert - C","#50 Patrick Burleson - RG","#75 Antonio Trull - LT",,"#95 Fred Lozano - LDE",,"#97 Anthony Reid - DT","#79 Coy McMurtry - DT","#99 Jared Westmoreland - RDE",,"#93 Joseph Baltz - MLB",,"#55 Warren Waite - WLB","#41 Alan Tucker - CB","#29 Joseph Hudson - CB",,"#21 David Anderson - CB",,"#32 James Dunn - CB","#46 Kevin Willis - FS",,,,,,,,,,,,,,,,,,,,,,,,,,,,,,,,,,,,
DET,13:45,"MIN 13",4,4,1,"Field Goal","FG Block",24,22,24,"4-1-MIN 13 (13:44) 6-James Hawes 32 yard field goal is GOOD. DET 22 MIN 24",,,,,,,,,,,,,,,,,,,,,,,,,,,,,,,,,,,,"#3 Herbert Martin - QB","#67 Ruben Nesbitt - C",,,,,,,,,,,,,,"#6 James Hawes - K","#50 Patrick Burleson - RG","#66 Hugh Sexton - LG","#70 David Samaniego - LT","#39 Oliver Lynn - FB","#75 Antonio Trull - LT","#60 Thomas Bridges - RT","#76 Joseph Kirtley - LG","#35 Jackie Hastings - FB","#92 Charles Espinoza - RDE","#55 Warren Waite - WLB","#94 Kirk Shepard - LDE","#96 Steven Stevens - DT","#93 Joseph Baltz - MLB","#97 Anthony Reid - DT","#33 William Dorsch - SLB","#95 Fred Lozano - LDE","#79 Coy McMurtry - DT","#99 Jared Westmoreland - RDE","#68 Michael Scott - RT"
DET,13:41,"DET 35",4,6,10,Kickoff,"Kick Return",,22,24,"(13:42) 6-James Hawes kicks 72 yards from DET 35 to MIN -7. Touchback.",,,,,,,,,,,,,,,,,,,,,,,,,,,,,,,,,,,,,,"#82 Robert Henry - WR",,"#46 Kevin Willis - FS","#32 James Dunn - CB","#41 Alan Tucker - CB","#29 Joseph Hudson - CB","#33 William Dorsch - SLB","#97 Anthony Reid - DT","#55 Warren Waite - WLB","#42 George Yun - FS","#93 Joseph Baltz - MLB","#92 Charles Espinoza - RDE","#6 James Hawes - K",,,,,,,,,,,,,,,,,,,,
MIN,13:41,"MIN 25",4,1,10,"Shotgun 2 RB 3 WR Shotgun Sweep","Nickel Normal Shallow Zone Deep",,22,24,"1-10-MIN 25 (13:42) PENALTY - False Start (MIN 22-Steven Shock)","#8 Robert Betances - QB","#25 Albert Stutes - RB","#22 Steven Shock - RB",,,,,"#10 Randy Smith - WR","#84 McKinley Maxfield - WR","#17 Lee Pritchett - WR",,,"#83 Marc Brown - LT","#53 Jessie Snider - LG","#52 William Lopez - C","#61 Bryan Sindelar - RG","#68 Michael Scott - RT",,"#94 Mark Simmons - LDE",,"#71 Milton Sloan - DT","#92 Leon Varney - RDE","#91 Peter Clark - RDE",,"#55 Matthew Schmitz - MLB",,"#52 Markus Drake - WLB","#21 John Bennett - CB","#49 Clifford Pigg - CB",,"#40 Curtis Garcia - SS",,"#32 Carlos Johnson - SS","#45 John Dennis - FS",,,,,,,,,,,,,,,,,,,,,,,,,,,,,,,,,,,,
MIN,13:41,"MIN 20",4,1,15,"Shotgun Normal Short Attack","Nickel Normal Shallow Zone Deep",,22,24,"1-15-MIN 20 (13:42) PENALTY - False Start (MIN 81-Kevin White)","#8 Robert Betances - QB","#25 Albert Stutes - RB",,,,"#81 Kevin White - TE",,"#10 Randy Smith - WR","#84 McKinley Maxfield - WR","#17 Lee Pritchett - WR",,,"#83 Marc Brown - LT","#53 Jessie Snider - LG","#52 William Lopez - C","#61 Bryan Sindelar - RG","#68 Michael Scott - RT",,"#94 Mark Simmons - LDE",,"#71 Milton Sloan - DT","#92 Leon Varney - RDE","#91 Peter Clark - RDE",,"#55 Matthew Schmitz - MLB",,"#52 Markus Drake - WLB","#49 Clifford Pigg - CB","#21 John Bennett - CB",,"#32 Carlos Johnson - SS",,"#40 Curtis Garcia - SS","#45 John Dennis - FS",,,,,,,,,,,,,,,,,,,,,,,,,,,,,,,,,,,,
MIN,13:41,"MIN 15",4,1,20,"Shotgun Normal HB Flare","Nickel Normal Shallow Zone Deep",-10,22,24,"1-20-MIN 15 (13:42) 8-Robert Betances sacked at MIN 5 for -10 yards (91-Peter Clark). Sack allowed by 83-Marc Brown.","#8 Robert Betances - QB","#25 Albert Stutes - RB",,,,"#81 Kevin White - TE",,"#10 Randy Smith - WR","#84 McKinley Maxfield - WR","#17 Lee Pritchett - WR",,,"#83 Marc Brown - LT","#53 Jessie Snider - LG","#52 William Lopez - C","#61 Bryan Sindelar - RG","#68 Michael Scott - RT",,"#94 Mark Simmons - LDE",,"#71 Milton Sloan - DT","#92 Leon Varney - RDE","#91 Peter Clark - RDE",,"#55 Matthew Schmitz - MLB",,"#52 Markus Drake - WLB","#49 Clifford Pigg - CB","#21 John Bennett - CB",,"#32 Carlos Johnson - SS",,"#40 Curtis Garcia - SS","#45 John Dennis - FS",,,,,,,,,,,,,,,,,,,,,,,,,,,,,,,,,,,,
MIN,13:02,"MIN 5",4,2,30,"I Formation 3WR WR Out","Nickel Normal Shallow Zone Deep",-7,24,24,"2-30-MIN 5 (13:01) 8-Robert Betances sacked at MIN -1 for -7 yards (91-Peter Clark). Sack allowed by 83-Marc Brown. SAFETY! (91-Peter Clark) 83-Marc Brown missed that block completely. DET 24 MIN 24","#8 Robert Betances - QB","#25 Albert Stutes - RB",,,"#47 David Numbers - FB",,,"#10 Randy Smith - WR","#84 McKinley Maxfield - WR","#17 Lee Pritchett - WR",,,"#83 Marc Brown - LT","#53 Jessie Snider - LG","#52 William Lopez - C","#61 Bryan Sindelar - RG","#68 Michael Scott - RT",,"#94 Mark Simmons - LDE",,"#71 Milton Sloan - DT","#92 Leon Varney - RDE","#91 Peter Clark - RDE",,"#55 Matthew Schmitz - MLB",,"#52 Markus Drake - WLB","#49 Clifford Pigg - CB","#21 John Bennett - CB",,"#32 Carlos Johnson - SS",,"#40 Curtis Garcia - SS","#45 John Dennis - FS",,,,,,,,,,,,,,,,,,,,,,,,,,,,,,,,,,,,
MIN,12:57,"MIN 20",4,6,10,Kickoff,"Kick Return",,24,24,"(12:58) 9-Brian Barker kicks 74 yards from MIN 20 to DET 6. 36-Randy Smith to DET 34 for 28 yards. Tackle by 41-Alan Tucker.",,,,,,,,,,,,,,,,,,,,,,,,,,,,,,,,,,,,,,"#36 Randy Smith - RB",,"#58 Lavern Daniels - SLB","#71 Milton Sloan - DT","#91 Peter Clark - RDE","#94 Mark Simmons - LDE","#49 Clifford Pigg - CB","#52 Markus Drake - WLB","#40 Curtis Garcia - SS","#92 Leon Varney - RDE","#55 Matthew Schmitz - MLB","#32 Carlos Johnson - SS","#9 Brian Barker - K",,,,,,,,,,,,,,,,,,,,
DET,12:53,"DET 34",4,1,10,"Shotgun Normal Double Outs","Nickel Normal Man Cover 2",,24,24,"1-10-DET 34 (12:54) 5-Billy Lindsey pass Pass knocked down by 41-Alan Tucker. incomplete, intended for 87-Scott Sotelo.","#5 Billy Lindsey - QB","#43 Paul Hannah - RB",,,,"#83 Mark Hebert - TE",,"#10 John Hawkins - WR","#87 Scott Sotelo - WR","#18 Ken Simpson - WR",,,"#70 David Samaniego - LT","#66 Hugh Sexton - LG","#79 Gary Herbert - C","#50 Patrick Burleson - RG","#75 Antonio Trull - LT",,"#95 Fred Lozano - LDE",,"#79 Coy McMurtry - DT","#96 Steven Stevens - DT","#99 Jared Westmoreland - RDE",,"#58 Larry Middleton - MLB",,"#55 Warren Waite - WLB","#29 Joseph Hudson - CB","#21 David Anderson - CB",,"#41 Alan Tucker - CB",,"#32 James Dunn - CB","#42 George Yun - FS",,,,,,,,,,,,,,,,,,,,,,,,,,,,,,,,,,,,
DET,12:50,"DET 34",4,2,10,"Singleback Slot Strong HB Strong Inside","Nickel Normal Man Cover 2",2,24,24,"2-10-DET 34 (12:51) 29-Joseph Haas ran to DET 36 for 2 yards. Tackle by 95-Fred Lozano. 83-Mark Hebert was completely beat on that play. PENALTY - Unnecessary Roughness (MIN 95-Fred Lozano)","#5 Billy Lindsey - QB","#29 Joseph Haas - RB",,,,"#83 Mark Hebert - TE",,"#10 John Hawkins - WR","#87 Scott Sotelo - WR","#18 Ken Simpson - WR",,,"#70 David Samaniego - LT","#66 Hugh Sexton - LG","#79 Gary Herbert - C","#50 Patrick Burleson - RG","#75 Antonio Trull - LT",,"#95 Fred Lozano - LDE",,"#97 Anthony Reid - DT","#79 Coy McMurtry - DT","#99 Jared Westmoreland - RDE",,"#93 Joseph Baltz - MLB",,"#55 Warren Waite - WLB","#41 Alan Tucker - CB","#29 Joseph Hudson - CB",,"#21 David Anderson - CB",,"#32 James Dunn - CB","#46 Kevin Willis - FS",,,,,,,,,,,,,,,,,,,,,,,,,,,,,,,,,,,,
DET,12:48,"MIN 49",4,1,10,"Shotgun Normal HB Flare","Nickel Normal Man Cover 2",,24,24,"1-10-MIN 49 (12:49) 5-Billy Lindsey pass Pass knocked down by 55-Warren Waite. incomplete, intended for 36-Randy Smith.","#5 Billy Lindsey - QB","#36 Randy Smith - RB",,,,"#83 Mark Hebert - TE",,"#10 John Hawkins - WR","#87 Scott Sotelo - WR","#18 Ken Simpson - WR",,,"#70 David Samaniego - LT","#66 Hugh Sexton - LG","#79 Gary Herbert - C","#50 Patrick Burleson - RG","#75 Antonio Trull - LT",,"#95 Fred Lozano - LDE",,"#97 Anthony Reid - DT","#79 Coy McMurtry - DT","#99 Jared Westmoreland - RDE",,"#93 Joseph Baltz - MLB",,"#55 Warren Waite - WLB","#41 Alan Tucker - CB","#29 Joseph Hudson - CB",,"#21 David Anderson - CB",,"#32 James Dunn - CB","#46 Kevin Willis - FS",,,,,,,,,,,,,,,,,,,,,,,,,,,,,,,,,,,,
DET,12:44,"MIN 49",4,2,10,"I Formation 3WR Backfield Flats","Nickel Normal Man Cover 2",5,24,24,"2-10-MIN 49 (12:45) 5-Billy Lindsey pass complete to 39-Oliver Lynn to MIN 44 for 5 yards. Tackle by 55-Warren Waite.","#5 Billy Lindsey - QB","#43 Paul Hannah - RB",,,"#39 Oliver Lynn - FB",,,"#10 John Hawkins - WR","#87 Scott Sotelo - WR","#18 Ken Simpson - WR",,,"#70 David Samaniego - LT","#66 Hugh Sexton - LG","#79 Gary Herbert - C","#50 Patrick Burleson - RG","#75 Antonio Trull - LT",,"#95 Fred Lozano - LDE",,"#97 Anthony Reid - DT","#79 Coy McMurtry - DT","#99 Jared Westmoreland - RDE",,"#93 Joseph Baltz - MLB",,"#55 Warren Waite - WLB","#41 Alan Tucker - CB","#29 Joseph Hudson - CB",,"#21 David Anderson - CB",,"#32 James Dunn - CB","#46 Kevin Willis - FS",,,,,,,,,,,,,,,,,,,,,,,,,,,,,,,,,,,,
DET,12:10,"MIN 44",4,3,5,"Singleback Slot Strong TE Corner","Nickel Normal Man Cover 2",,24,24,"3-5-MIN 44 (12:09) 5-Billy Lindsey pass incomplete, dropped by 14-James Wilson.","#5 Billy Lindsey - QB","#29 Joseph Haas - RB",,,,"#83 Mark Hebert - TE",,"#14 James Wilson - WR","#85 William Holte - WR","#86 Joe Sanchez - WR",,,"#70 David Samaniego - LT","#66 Hugh Sexton - LG","#79 Gary Herbert - C","#50 Patrick Burleson - RG","#75 Antonio Trull - LT",,"#95 Fred Lozano - LDE",,"#97 Anthony Reid - DT","#79 Coy McMurtry - DT","#99 Jared Westmoreland - RDE",,"#93 Joseph Baltz - MLB",,"#55 Warren Waite - WLB","#41 Alan Tucker - CB","#29 Joseph Hudson - CB",,"#21 David Anderson - CB",,"#32 James Dunn - CB","#46 Kevin Willis - FS",,,,,,,,,,,,,,,,,,,,,,,,,,,,,,,,,,,,
DET,12:04,"MIN 44",4,4,5,Punt,"Punt Return",34,24,24,"4-5-MIN 44 (12:05) 11-Christopher Washington punts 34 yards to MIN 10. MIN 97-Anthony Reid was injured on the play.",,,,,,,,,,,,,,,,,,"#11 Christopher Washington - P",,,,,,,,,,,,,,,,,,,"#67 Ruben Nesbitt - C",,"#82 Robert Henry - WR",,,"#41 Alan Tucker - CB","#97 Anthony Reid - DT","#33 William Dorsch - SLB",,"#42 George Yun - FS","#29 Joseph Hudson - CB",,"#32 James Dunn - CB",,,,"#66 Hugh Sexton - LG","#70 David Samaniego - LT","#39 Oliver Lynn - FB","#75 Antonio Trull - LT","#60 Thomas Bridges - RT","#76 Joseph Kirtley - LG",,"#92 Charles Espinoza - RDE","#55 Warren Waite - WLB","#94 Kirk Shepard - LDE","#96 Steven Stevens - DT",,,,,,,
MIN,11:55,"MIN 10",4,1,10,"Weak I Normal WR Corner TE Middle","4-3 Normal Double WR1",-6,24,24,"1-10-MIN 10 (11:56) 8-Robert Betances sacked at MIN 3 for -6 yards (71-Milton Sloan). Sack allowed by 61-Bryan Sindelar.","#8 Robert Betances - QB","#25 Albert Stutes - RB",,,"#47 David Numbers - FB","#81 Kevin White - TE",,"#10 Randy Smith - WR",,"#17 Lee Pritchett - WR",,,"#83 Marc Brown - LT","#53 Jessie Snider - LG","#52 William Lopez - C","#61 Bryan Sindelar - RG","#68 Michael Scott - RT",,"#94 Mark Simmons - LDE",,"#71 Milton Sloan - DT","#78 Sammy McDaniel - RDE","#92 Leon Varney - RDE","#58 Lavern Daniels - SLB","#55 Matthew Schmitz - MLB",,"#52 Markus Drake - WLB","#21 John Bennett - CB","#40 Curtis Garcia - SS",,,,"#32 Carlos Johnson - SS","#45 John Dennis - FS",,,,,,,,,,,,,,,,,,,,,,,,,,,,,,,,,,,,
MIN,11:22,"MIN 3",4,2,16,"Shotgun Normal HB Flare","Nickel Normal Shallow Zone Deep",15,24,24,"2-16-MIN 3 (11:21) 8-Robert Betances pass complete to 25-Albert Stutes to MIN 18 for 15 yards. Tackle by 52-Markus Drake.","#8 Robert Betances - QB","#25 Albert Stutes - RB",,,,"#81 Kevin White - TE",,"#10 Randy Smith - WR","#84 McKinley Maxfield - WR","#17 Lee Pritchett - WR",,,"#83 Marc Brown - LT","#53 Jessie Snider - LG","#52 William Lopez - C","#61 Bryan Sindelar - RG","#68 Michael Scott - RT",,"#94 Mark Simmons - LDE",,"#71 Milton Sloan - DT","#78 Sammy McDaniel - RDE","#92 Leon Varney - RDE",,"#55 Matthew Schmitz - MLB",,"#52 Markus Drake - WLB","#21 John Bennett - CB","#40 Curtis Garcia - SS",,"#49 Clifford Pigg - CB",,"#32 Carlos Johnson - SS","#45 John Dennis - FS",,,,,,,,,,,,,,,,,,,,,,,,,,,,,,,,,,,,
MIN,10:46,"MIN 18",4,3,1,"Shotgun 2 RB 3 WR Shotgun Sweep","Nickel Normal Shallow Zone Deep",-3,24,24,"3-1-MIN 18 (10:45) 48-Phillip Petrie ran to MIN 15 for -3 yards. Tackle by 55-Matthew Schmitz.","#8 Robert Betances - QB","#22 Steven Shock - RB","#48 Phillip Petrie - RB",,,,,"#10 Randy Smith - WR","#84 McKinley Maxfield - WR","#17 Lee Pritchett - WR",,,"#83 Marc Brown - LT","#53 Jessie Snider - LG","#52 William Lopez - C","#61 Bryan Sindelar - RG","#68 Michael Scott - RT",,"#78 Sammy McDaniel - RDE",,"#92 Leon Varney - RDE","#71 Milton Sloan - DT","#94 Mark Simmons - LDE",,"#55 Matthew Schmitz - MLB",,"#52 Markus Drake - WLB","#32 Carlos Johnson - SS","#40 Curtis Garcia - SS",,"#49 Clifford Pigg - CB",,"#21 John Bennett - CB","#45 John Dennis - FS",,,,,,,,,,,,,,,,,,,,,,,,,,,,,,,,,,,,
MIN,10:05,"MIN 15",4,4,4,Punt,"Punt Return",,24,24,"4-4-MIN 15 (10:04) 4-Willard Calvo punts 53 yards to DET 32. 43-Paul Hannah to DET 42 for 11 yards. Tackle by 68-Michael Scott.",,,,,,,,,,,,,,,,,,"#4 Willard Calvo - P",,,,,,,,,,,,,,,,,,,"#59 David Torres - RT",,"#43 Paul Hannah - RB",,,"#92 Leon Varney - RDE","#55 Matthew Schmitz - MLB","#91 Peter Clark - RDE",,"#32 Carlos Johnson - SS","#52 Markus Drake - WLB",,"#40 Curtis Garcia - SS",,,,"#53 Jessie Snider - LG","#67 Anthony Klein - LT","#75 Daniel Lin - LG","#77 Courtney Abril - RG","#83 Marc Brown - LT","#68 Michael Scott - RT",,"#95 Joshua Campbell - WLB","#71 Milton Sloan - DT","#94 Mark Simmons - LDE","#78 Sammy McDaniel - RDE",,,,,,,
DET,9:53,"DET 42",4,1,10,"I Formation Normal HB Counter","4-3 Normal Double WR3",2,24,24,"1-10-DET 42 (9:54) 29-Joseph Haas ran to DET 44 for 2 yards. Tackle by 95-Fred Lozano. 83-Mark Hebert totally missed that block. MIN 96-Steven Stevens was injured on the play.","#5 Billy Lindsey - QB","#29 Joseph Haas - RB",,,"#39 Oliver Lynn - FB","#83 Mark Hebert - TE",,"#10 John Hawkins - WR",,"#18 Ken Simpson - WR",,,"#70 David Samaniego - LT","#66 Hugh Sexton - LG","#79 Gary Herbert - C","#50 Patrick Burleson - RG","#75 Antonio Trull - LT",,"#95 Fred Lozano - LDE",,"#79 Coy McMurtry - DT","#96 Steven Stevens - DT","#99 Jared Westmoreland - RDE","#57 Troy Patten - SLB","#93 Joseph Baltz - MLB",,"#56 Brian Scarborough - MLB","#29 Joseph Hudson - CB","#21 David Anderson - CB",,,,"#32 James Dunn - CB","#46 Kevin Willis - FS",,,,,,,,,,,,,,,,,,,,,,,,,,,,,,,,,,,,
DET,9:12,"DET 44",4,2,8,"Shotgun Normal HB Flare","Nickel Normal Man Cover 2",,24,24,"2-8-DET 44 (9:11) PENALTY - False Start (DET 43-Paul Hannah)","#5 Billy Lindsey - QB","#43 Paul Hannah - RB",,,,"#83 Mark Hebert - TE",,"#10 John Hawkins - WR","#87 Scott Sotelo - WR","#18 Ken Simpson - WR",,,"#70 David Samaniego - LT","#66 Hugh Sexton - LG","#79 Gary Herbert - C","#50 Patrick Burleson - RG","#75 Antonio Trull - LT",,"#95 Fred Lozano - LDE",,"#79 Coy McMurtry - DT","#94 Kirk Shepard - LDE","#99 Jared Westmoreland - RDE",,"#93 Joseph Baltz - MLB",,"#55 Warren Waite - WLB","#41 Alan Tucker - CB","#29 Joseph Hudson - CB",,"#21 David Anderson - CB",,"#32 James Dunn - CB","#46 Kevin Willis - FS",,,,,,,,,,,,,,,,,,,,,,,,,,,,,,,,,,,,
DET,9:10,"DET 39",4,2,13,"I Formation Normal PA Fullback Flat","4-3 Under Double LB Blitz",7,24,24,"2-13-DET 39 (9:11) 5-Billy Lindsey pass complete to 83-Mark Hebert to DET 45 for 7 yards. Tackle by 46-Kevin Willis.","#5 Billy Lindsey - QB","#43 Paul Hannah - RB",,,"#39 Oliver Lynn - FB","#83 Mark Hebert - TE",,"#10 John Hawkins - WR",,"#18 Ken Simpson - WR",,,"#70 David Samaniego - LT","#66 Hugh Sexton - LG","#79 Gary Herbert - C","#50 Patrick Burleson - RG","#75 Antonio Trull - LT",,"#95 Fred Lozano - LDE",,"#79 Coy McMurtry - DT","#94 Kirk Shepard - LDE","#99 Jared Westmoreland - RDE","#33 William Dorsch - SLB","#93 Joseph Baltz - MLB",,"#55 Warren Waite - WLB","#41 Alan Tucker - CB","#29 Joseph Hudson - CB",,,,"#32 James Dunn - CB","#46 Kevin Willis - FS",,,,,,,,,,,,,,,,,,,,,,,,,,,,,,,,,,,,
DET,8:32,"DET 45",4,3,7,"I Formation 3WR Deep Corner/Post","Nickel Normal Man Cover 2",18,24,24,"3-7-DET 45 (8:31) 5-Billy Lindsey ran to MIN 37 for 18 yards. 5-Billy Lindsey slides to avoid being hit. DET 29-Joseph Haas was injured on the play.","#5 Billy Lindsey - QB","#29 Joseph Haas - RB",,,"#39 Oliver Lynn - FB",,,"#10 John Hawkins - WR","#87 Scott Sotelo - WR","#18 Ken Simpson - WR",,,"#70 David Samaniego - LT","#66 Hugh Sexton - LG","#79 Gary Herbert - C","#50 Patrick Burleson - RG","#75 Antonio Trull - LT",,"#95 Fred Lozano - LDE",,"#79 Coy McMurtry - DT","#94 Kirk Shepard - LDE","#99 Jared Westmoreland - RDE",,"#93 Joseph Baltz - MLB",,"#55 Warren Waite - WLB","#41 Alan Tucker - CB","#29 Joseph Hudson - CB",,"#21 David Anderson - CB",,"#32 James Dunn - CB","#46 Kevin Willis - FS",,,,,,,,,,,,,,,,,,,,,,,,,,,,,,,,,,,,
DET,7:51,"MIN 37",4,1,10,"Shotgun 2 RB 3 WR Shotgun Sweep","Nickel Normal Man Cover 2",9,24,24,"1-10-MIN 37 (7:50) 36-Randy Smith ran to MIN 28 for 9 yards. Tackle by 29-Joseph Hudson.","#5 Billy Lindsey - QB","#43 Paul Hannah - RB","#36 Randy Smith - RB",,,,,"#14 James Wilson - WR","#85 William Holte - WR","#86 Joe Sanchez - WR",,,"#70 David Samaniego - LT","#76 Joseph Kirtley - LG","#79 Gary Herbert - C","#50 Patrick Burleson - RG","#75 Antonio Trull - LT",,"#95 Fred Lozano - LDE",,"#79 Coy McMurtry - DT","#94 Kirk Shepard - LDE","#99 Jared Westmoreland - RDE",,"#93 Joseph Baltz - MLB",,"#55 Warren Waite - WLB","#41 Alan Tucker - CB","#21 David Anderson - CB",,"#32 James Dunn - CB",,"#29 Joseph Hudson - CB","#42 George Yun - FS",,,,,,,,,,,,,,,,,,,,,,,,,,,,,,,,,,,,
DET,7:07,"MIN 28",4,2,1,"Shotgun 2 RB 3 WR Shotgun Sweep","Nickel Normal Man Cover 2",8,24,24,"2-1-MIN 28 (7:06) 35-Jackie Hastings ran to MIN 20 for 8 yards. Tackle by 46-Kevin Willis.","#5 Billy Lindsey - QB","#39 Oliver Lynn - FB","#35 Jackie Hastings - FB",,,,,"#14 James Wilson - WR","#85 William Holte - WR","#86 Joe Sanchez - WR",,,"#70 David Samaniego - LT","#66 Hugh Sexton - LG","#79 Gary Herbert - C","#50 Patrick Burleson - RG","#75 Antonio Trull - LT",,"#95 Fred Lozano - LDE",,"#97 Anthony Reid - DT","#79 Coy McMurtry - DT","#99 Jared Westmoreland - RDE",,"#93 Joseph Baltz - MLB",,"#55 Warren Waite - WLB","#42 George Yun - FS","#29 Joseph Hudson - CB",,"#32 James Dunn - CB",,"#41 Alan Tucker - CB","#46 Kevin Willis - FS",,,,,,,,,,,,,,,,,,,,,,,,,,,,,,,,,,,,
DET,6:21,"MIN 20",4,1,10,"Shotgun Normal HB Flare","Nickel Normal Man Cover 2",13,24,24,"1-10-MIN 20 (6:20) 5-Billy Lindsey pass complete to 43-Paul Hannah to MIN 7 for 13 yards. DET 83-Mark Hebert was injured on the play.","#5 Billy Lindsey - QB","#43 Paul Hannah - RB",,,,"#83 Mark Hebert - TE",,"#10 John Hawkins - WR","#87 Scott Sotelo - WR","#18 Ken Simpson - WR",,,"#70 David Samaniego - LT","#66 Hugh Sexton - LG","#79 Gary Herbert - C","#50 Patrick Burleson - RG","#75 Antonio Trull - LT",,"#95 Fred Lozano - LDE",,"#97 Anthony Reid - DT","#79 Coy McMurtry - DT","#99 Jared Westmoreland - RDE",,"#93 Joseph Baltz - MLB",,"#55 Warren Waite - WLB","#41 Alan Tucker - CB","#21 David Anderson - CB",,"#32 James Dunn - CB",,"#29 Joseph Hudson - CB","#42 George Yun - FS",,,,,,,,,,,,,,,,,,,,,,,,,,,,,,,,,,,,
DET,5:35,"MIN 7",4,1,7,"I Formation Normal HB Counter","4-3 Normal SLB Outside Blitz",3,24,24,"1-7-MIN 7 (5:34) 36-Randy Smith ran to MIN 4 for 3 yards. Tackle by 55-Warren Waite.","#5 Billy Lindsey - QB","#36 Randy Smith - RB",,,"#39 Oliver Lynn - FB","#80 Brian McGuire - TE",,"#10 John Hawkins - WR",,"#87 Scott Sotelo - WR",,,"#70 David Samaniego - LT","#66 Hugh Sexton - LG","#79 Gary Herbert - C","#53 George Pisani - RT","#75 Antonio Trull - LT",,"#95 Fred Lozano - LDE",,"#97 Anthony Reid - DT","#79 Coy McMurtry - DT","#99 Jared Westmoreland - RDE","#33 William Dorsch - SLB","#93 Joseph Baltz - MLB",,"#55 Warren Waite - WLB","#41 Alan Tucker - CB","#42 George Yun - FS",,,,"#32 James Dunn - CB","#46 Kevin Willis - FS",,,,,,,,,,,,,,,,,,,,,,,,,,,,,,,,,,,,
DET,4:58,"MIN 4",4,2,4,"Weak I Normal HB Inside Strong","4-3 Under Double LB Blitz",1,24,24,"2-4-MIN 4 (4:57) 36-Randy Smith ran to MIN 3 for 1 yards. Tackle by 55-Warren Waite.","#5 Billy Lindsey - QB","#36 Randy Smith - RB",,,"#39 Oliver Lynn - FB","#80 Brian McGuire - TE",,"#10 John Hawkins - WR",,"#18 Ken Simpson - WR",,,"#70 David Samaniego - LT","#66 Hugh Sexton - LG","#79 Gary Herbert - C","#53 George Pisani - RT","#75 Antonio Trull - LT",,"#95 Fred Lozano - LDE",,"#97 Anthony Reid - DT","#79 Coy McMurtry - DT","#99 Jared Westmoreland - RDE","#33 William Dorsch - SLB","#93 Joseph Baltz - MLB",,"#55 Warren Waite - WLB","#41 Alan Tucker - CB","#29 Joseph Hudson - CB",,,,"#32 James Dunn - CB","#46 Kevin Willis - FS",,,,,,,,,,,,,,,,,,,,,,,,,,,,,,,,,,,,
DET,4:20,"MIN 3",4,3,3,"Singleback Slot Strong HB Strong Inside","Nickel Normal Man Cover 2",3,30,24,"3-3-MIN 3 (4:19) 36-Randy Smith ran for 3 yards. TOUCHDOWN! DET 30 MIN 24","#5 Billy Lindsey - QB","#36 Randy Smith - RB",,,,"#80 Brian McGuire - TE",,"#10 John Hawkins - WR","#87 Scott Sotelo - WR","#18 Ken Simpson - WR",,,"#70 David Samaniego - LT","#66 Hugh Sexton - LG","#79 Gary Herbert - C","#53 George Pisani - RT","#75 Antonio Trull - LT",,"#95 Fred Lozano - LDE",,"#97 Anthony Reid - DT","#79 Coy McMurtry - DT","#99 Jared Westmoreland - RDE",,"#93 Joseph Baltz - MLB",,"#55 Warren Waite - WLB","#41 Alan Tucker - CB","#29 Joseph Hudson - CB",,"#21 David Anderson - CB",,"#32 James Dunn - CB","#46 Kevin Willis - FS",,,,,,,,,,,,,,,,,,,,,,,,,,,,,,,,,,,,
DET,4:16,"MIN 15",4,7,15,"Field Goal","FG Block",26,31,24,"(4:17) Extra point GOOD by 6-James Hawes. DET 31 MIN 24",,,,,,,,,,,,,,,,,,,,,,,,,,,,,,,,,,,,"#3 Herbert Martin - QB","#67 Ruben Nesbitt - C",,,,,,,,,,,,,,"#6 James Hawes - K","#50 Patrick Burleson - RG","#66 Hugh Sexton - LG","#70 David Samaniego - LT","#39 Oliver Lynn - FB","#75 Antonio Trull - LT","#60 Thomas Bridges - RT","#76 Joseph Kirtley - LG","#35 Jackie Hastings - FB","#79 Coy McMurtry - DT","#55 Warren Waite - WLB","#94 Kirk Shepard - LDE","#92 Charles Espinoza - RDE","#29 Joseph Hudson - CB","#93 Joseph Baltz - MLB","#97 Anthony Reid - DT","#99 Jared Westmoreland - RDE","#95 Fred Lozano - LDE","#68 Michael Scott - RT","#33 William Dorsch - SLB"
DET,4:16,"DET 35",4,6,10,Kickoff,"Kick Return",,31,24,"(4:17) 6-James Hawes kicks 67 yards from DET 35 to MIN -2. Touchback.",,,,,,,,,,,,,,,,,,,,,,,,,,,,,,,,,,,,,,"#82 Robert Henry - WR",,"#46 Kevin Willis - FS","#32 James Dunn - CB","#41 Alan Tucker - CB","#29 Joseph Hudson - CB","#33 William Dorsch - SLB","#97 Anthony Reid - DT","#55 Warren Waite - WLB","#42 George Yun - FS","#93 Joseph Baltz - MLB","#92 Charles Espinoza - RDE","#6 James Hawes - K",,,,,,,,,,,,,,,,,,,,
MIN,4:16,"MIN 25",4,1,10,"Shotgun Normal HB Dive","Nickel Normal Shallow Zone Deep",1,31,24,"1-10-MIN 25 (4:17) 25-Albert Stutes ran to MIN 26 for 1 yards. Tackle by 40-Curtis Garcia. DET 40-Curtis Garcia was injured on the play.","#8 Robert Betances - QB","#25 Albert Stutes - RB",,,,"#81 Kevin White - TE",,"#10 Randy Smith - WR","#84 McKinley Maxfield - WR","#17 Lee Pritchett - WR",,,"#83 Marc Brown - LT","#53 Jessie Snider - LG","#52 William Lopez - C","#61 Bryan Sindelar - RG","#68 Michael Scott - RT",,"#78 Sammy McDaniel - RDE",,"#71 Milton Sloan - DT","#91 Peter Clark - RDE","#92 Leon Varney - RDE",,"#55 Matthew Schmitz - MLB",,"#52 Markus Drake - WLB","#21 John Bennett - CB","#49 Clifford Pigg - CB",,"#40 Curtis Garcia - SS",,"#45 John Dennis - FS","#32 Carlos Johnson - SS",,,,,,,,,,,,,,,,,,,,,,,,,,,,,,,,,,,,
MIN,3:33,"MIN 26",4,2,9,"Split Backs Normal Posts","4-3 Normal Double WR1",7,31,24,"2-9-MIN 26 (3:32) 8-Robert Betances pass complete to 25-Albert Stutes to MIN 34 for 7 yards. Tackle by 32-Carlos Johnson. Great move by 25-Albert Stutes to get free of his coverage.","#8 Robert Betances - QB","#25 Albert Stutes - RB",,,"#47 David Numbers - FB","#81 Kevin White - TE",,"#10 Randy Smith - WR",,"#17 Lee Pritchett - WR",,,"#83 Marc Brown - LT","#53 Jessie Snider - LG","#52 William Lopez - C","#61 Bryan Sindelar - RG","#68 Michael Scott - RT",,"#94 Mark Simmons - LDE",,"#71 Milton Sloan - DT","#92 Leon Varney - RDE","#91 Peter Clark - RDE","#58 Lavern Daniels - SLB","#55 Matthew Schmitz - MLB",,"#52 Markus Drake - WLB","#49 Clifford Pigg - CB","#32 Carlos Johnson - SS",,,,"#21 John Bennett - CB","#45 John Dennis - FS",,,,,,,,,,,,,,,,,,,,,,,,,,,,,,,,,,,,
MIN,2:46,"MIN 34",4,3,1,"I Formation Normal Max Protect","4-3 Normal Double WR1",3,31,24,"3-1-MIN 34 (2:45) 8-Robert Betances pass complete to 25-Albert Stutes to MIN 36 for 3 yards. Tackle by 58-Lavern Daniels. 25-Albert Stutes breaks down the CB.","#8 Robert Betances - QB","#25 Albert Stutes - RB",,,"#47 David Numbers - FB","#81 Kevin White - TE",,"#10 Randy Smith - WR",,"#17 Lee Pritchett - WR",,,"#83 Marc Brown - LT","#53 Jessie Snider - LG","#52 William Lopez - C","#61 Bryan Sindelar - RG","#68 Michael Scott - RT",,"#94 Mark Simmons - LDE",,"#71 Milton Sloan - DT","#92 Leon Varney - RDE","#91 Peter Clark - RDE","#58 Lavern Daniels - SLB","#55 Matthew Schmitz - MLB",,"#95 Joshua Campbell - WLB","#32 Carlos Johnson - SS","#49 Clifford Pigg - CB",,,,"#21 John Bennett - CB","#45 John Dennis - FS",,,,,,,,,,,,,,,,,,,,,,,,,,,,,,,,,,,,
MIN,2:15,"MIN 36",4,1,10,"Shotgun 4 Wide Slot Drag","Dime Normal FS Blitz",13,31,24,"1-10-MIN 36 (2:14) 8-Robert Betances pass complete to 17-Lee Pritchett to MIN 50 for 13 yards. Tackle by 49-Clifford Pigg.","#8 Robert Betances - QB","#22 Steven Shock - RB",,,,,,"#10 Randy Smith - WR","#84 McKinley Maxfield - WR","#17 Lee Pritchett - WR","#15 Willie Soler - WR",,"#83 Marc Brown - LT","#53 Jessie Snider - LG","#52 William Lopez - C","#61 Bryan Sindelar - RG","#68 Michael Scott - RT",,"#94 Mark Simmons - LDE",,"#71 Milton Sloan - DT","#92 Leon Varney - RDE","#91 Peter Clark - RDE",,"#54 Timothy Lewis - SLB",,,"#21 John Bennett - CB","#49 Clifford Pigg - CB","#95 Joshua Campbell - WLB","#52 Markus Drake - WLB",,"#45 John Dennis - FS","#32 Carlos Johnson - SS",,,,,,,,,,,,,,,,,,,,,,,,,,,,,,,,,,,,
,2:00,,4,1,10,,,,31,24,"Timeout for two minute warning.",,,,,,,,,,,,,,,,,,,,,,,,,,,,,,,,,,,,,,,,,,,,,,,,,,,,,,,,,,,,,,,,,,,,,,
MIN,2:00,"MIN 50",4,1,10,"Shotgun Normal HB Flare","Nickel Normal Shallow Zone Deep",,31,24,"1-10-MIN 50 (2:00) 8-Robert Betances pass Pass knocked down by 45-John Dennis. incomplete, intended for 84-McKinley Maxfield.","#8 Robert Betances - QB","#25 Albert Stutes - RB",,,,"#81 Kevin White - TE",,"#17 Lee Pritchett - WR","#15 Willie Soler - WR","#84 McKinley Maxfield - WR",,,"#83 Marc Brown - LT","#53 Jessie Snider - LG","#52 William Lopez - C","#61 Bryan Sindelar - RG","#68 Michael Scott - RT",,"#78 Sammy McDaniel - RDE",,"#71 Milton Sloan - DT","#92 Leon Varney - RDE","#91 Peter Clark - RDE",,"#55 Matthew Schmitz - MLB",,"#52 Markus Drake - WLB","#21 John Bennett - CB","#49 Clifford Pigg - CB",,"#54 Timothy Lewis - SLB",,"#32 Carlos Johnson - SS","#45 John Dennis - FS",,,,,,,,,,,,,,,,,,,,,,,,,,,,,,,,,,,,
MIN,1:57,"MIN 50",4,2,10,"Shotgun Normal HB Flare","Nickel Normal Shallow Zone Deep",17,31,24,"2-10-MIN 50 (1:58) 8-Robert Betances pass complete to 25-Albert Stutes to DET 33 for 17 yards.","#8 Robert Betances - QB","#25 Albert Stutes - RB",,,,"#81 Kevin White - TE",,"#10 Randy Smith - WR","#84 McKinley Maxfield - WR","#17 Lee Pritchett - WR",,,"#83 Marc Brown - LT","#53 Jessie Snider - LG","#52 William Lopez - C","#61 Bryan Sindelar - RG","#68 Michael Scott - RT",,"#94 Mark Simmons - LDE",,"#71 Milton Sloan - DT","#92 Leon Varney - RDE","#91 Peter Clark - RDE",,"#55 Matthew Schmitz - MLB",,"#52 Markus Drake - WLB","#21 John Bennett - CB","#49 Clifford Pigg - CB",,"#54 Timothy Lewis - SLB",,"#32 Carlos Johnson - SS","#45 John Dennis - FS",,,,,,,,,,,,,,,,,,,,,,,,,,,,,,,,,,,,
MIN,1:52,"DET 33",4,1,10,"I Formation Normal Max Protect","4-3 Normal WLB Outside Blitz",,31,24,"1-10-DET 33 (1:53) 8-Robert Betances pass Pass knocked down by 49-Clifford Pigg. incomplete, intended for 17-Lee Pritchett.","#8 Robert Betances - QB","#22 Steven Shock - RB",,,"#47 David Numbers - FB","#81 Kevin White - TE",,"#10 Randy Smith - WR",,"#17 Lee Pritchett - WR",,,"#83 Marc Brown - LT","#53 Jessie Snider - LG","#52 William Lopez - C","#61 Bryan Sindelar - RG","#68 Michael Scott - RT",,"#78 Sammy McDaniel - RDE",,"#92 Leon Varney - RDE","#71 Milton Sloan - DT","#94 Mark Simmons - LDE","#58 Lavern Daniels - SLB","#54 Timothy Lewis - SLB",,"#95 Joshua Campbell - WLB","#21 John Bennett - CB","#49 Clifford Pigg - CB",,,,"#32 Carlos Johnson - SS","#45 John Dennis - FS",,,,,,,,,,,,,,,,,,,,,,,,,,,,,,,,,,,,
MIN,1:48,"DET 33",4,2,10,"Shotgun 2 RB 3 WR RB Curls","Nickel Normal Shallow Zone Deep",,31,24,"2-10-DET 33 (1:49) 8-Robert Betances pass Pass knocked down by 52-Markus Drake. incomplete, intended for 48-Phillip Petrie. PENALTY - Pass Interference (DET 52-Markus Drake)","#8 Robert Betances - QB","#22 Steven Shock - RB","#48 Phillip Petrie - RB",,,,,"#10 Randy Smith - WR","#84 McKinley Maxfield - WR","#17 Lee Pritchett - WR",,,"#83 Marc Brown - LT","#53 Jessie Snider - LG","#52 William Lopez - C","#61 Bryan Sindelar - RG","#68 Michael Scott - RT",,"#94 Mark Simmons - LDE",,"#92 Leon Varney - RDE","#78 Sammy McDaniel - RDE","#91 Peter Clark - RDE",,"#55 Matthew Schmitz - MLB",,"#52 Markus Drake - WLB","#45 John Dennis - FS","#49 Clifford Pigg - CB",,"#54 Timothy Lewis - SLB",,"#32 Carlos Johnson - SS","#21 John Bennett - CB",,,,,,,,,,,,,,,,,,,,,,,,,,,,,,,,,,,,
MIN,1:45,"DET 27",4,1,10,"I Formation 3WR Slot Short WR Deep","Nickel Normal Shallow Zone Deep",9,31,24,"1-10-DET 27 (1:46) 8-Robert Betances pass complete to 84-McKinley Maxfield to DET 17 for 9 yards. Tackle by 54-Timothy Lewis. Pressure by 91-Peter Clark.","#8 Robert Betances - QB","#25 Albert Stutes - RB",,,"#47 David Numbers - FB",,,"#10 Randy Smith - WR","#84 McKinley Maxfield - WR","#17 Lee Pritchett - WR",,,"#83 Marc Brown - LT","#53 Jessie Snider - LG","#52 William Lopez - C","#61 Bryan Sindelar - RG","#68 Michael Scott - RT",,"#94 Mark Simmons - LDE",,"#71 Milton Sloan - DT","#92 Leon Varney - RDE","#91 Peter Clark - RDE",,"#55 Matthew Schmitz - MLB",,"#52 Markus Drake - WLB","#21 John Bennett - CB","#49 Clifford Pigg - CB",,"#54 Timothy Lewis - SLB",,"#32 Carlos Johnson - SS","#45 John Dennis - FS",,,,,,,,,,,,,,,,,,,,,,,,,,,,,,,,,,,,
,1:42,,4,2,1,,,,31,24,"Timeout MIN",,,,,,,,,,,,,,,,,,,,,,,,,,,,,,,,,,,,,,,,,,,,,,,,,,,,,,,,,,,,,,,,,,,,,,
MIN,1:38,"DET 17",4,2,1,"Shotgun 2 RB 3 WR Shotgun Sweep","Nickel Normal Shallow Zone Deep",3,31,24,"2-1-DET 17 (1:39) 22-Steven Shock ran to DET 14 for 3 yards. Tackle by 49-Clifford Pigg. 82-Robert Henry was caught flat-footed on this play.","#8 Robert Betances - QB","#25 Albert Stutes - RB","#22 Steven Shock - RB",,,,,"#84 McKinley Maxfield - WR","#82 Robert Henry - WR","#15 Willie Soler - WR",,,"#83 Marc Brown - LT","#53 Jessie Snider - LG","#52 William Lopez - C","#61 Bryan Sindelar - RG","#68 Michael Scott - RT",,"#94 Mark Simmons - LDE",,"#71 Milton Sloan - DT","#92 Leon Varney - RDE","#91 Peter Clark - RDE",,"#58 Lavern Daniels - SLB",,"#95 Joshua Campbell - WLB","#21 John Bennett - CB","#32 Carlos Johnson - SS",,"#49 Clifford Pigg - CB",,"#40 Curtis Garcia - SS","#45 John Dennis - FS",,,,,,,,,,,,,,,,,,,,,,,,,,,,,,,,,,,,
,1:36,,4,1,10,,,,31,24,"Timeout MIN",,,,,,,,,,,,,,,,,,,,,,,,,,,,,,,,,,,,,,,,,,,,,,,,,,,,,,,,,,,,,,,,,,,,,,
MIN,1:33,"DET 14",4,1,10,"Weak I Big WR Post TE Out","Goal Line Attack #1",,31,24,"1-10-DET 14 (1:34) PENALTY - False Start (MIN 83-Marc Brown)","#8 Robert Betances - QB","#25 Albert Stutes - RB",,,"#47 David Numbers - FB","#81 Kevin White - TE","#49 Nathaniel Smith - TE","#10 Randy Smith - WR",,,,,"#83 Marc Brown - LT","#53 Jessie Snider - LG","#52 William Lopez - C","#61 Bryan Sindelar - RG","#68 Michael Scott - RT",,"#94 Mark Simmons - LDE","#78 Sammy McDaniel - RDE","#71 Milton Sloan - DT","#92 Leon Varney - RDE","#91 Peter Clark - RDE","#58 Lavern Daniels - SLB","#55 Matthew Schmitz - MLB",,"#52 Markus Drake - WLB","#49 Clifford Pigg - CB","#21 John Bennett - CB",,,,"#40 Curtis Garcia - SS",,,,,,,,,,,,,,,,,,,,,,,,,,,,,,,,,,,,,
MIN,1:33,"DET 19",4,1,15,"I Formation 3WR WR Out","Nickel Normal Shallow Zone Deep",7,31,24,"1-15-DET 19 (1:34) 8-Robert Betances pass complete to 10-Randy Smith to DET 13 for 7 yards. Tackle by 49-Clifford Pigg.","#8 Robert Betances - QB","#25 Albert Stutes - RB",,,"#47 David Numbers - FB",,,"#10 Randy Smith - WR","#84 McKinley Maxfield - WR","#17 Lee Pritchett - WR",,,"#83 Marc Brown - LT","#53 Jessie Snider - LG","#52 William Lopez - C","#61 Bryan Sindelar - RG","#68 Michael Scott - RT",,"#94 Mark Simmons - LDE",,"#71 Milton Sloan - DT","#92 Leon Varney - RDE","#91 Peter Clark - RDE",,"#55 Matthew Schmitz - MLB",,"#52 Markus Drake - WLB","#49 Clifford Pigg - CB","#21 John Bennett - CB",,"#32 Carlos Johnson - SS",,"#40 Curtis Garcia - SS","#45 John Dennis - FS",,,,,,,,,,,,,,,,,,,,,,,,,,,,,,,,,,,,
,1:30,,4,2,8,,,,31,24,"Timeout MIN",,,,,,,,,,,,,,,,,,,,,,,,,,,,,,,,,,,,,,,,,,,,,,,,,,,,,,,,,,,,,,,,,,,,,,
MIN,1:28,"DET 13",4,2,8,"Singleback Empty 4 TE Corner","Dime Flat Man Cover 1",,31,24,"2-8-DET 13 (1:29) 8-Robert Betances pass incomplete, dropped by 84-McKinley Maxfield. Pressure by 71-Milton Sloan.","#8 Robert Betances - QB",,,,,"#81 Kevin White - TE",,"#10 Randy Smith - WR","#84 McKinley Maxfield - WR","#17 Lee Pritchett - WR","#15 Willie Soler - WR",,"#83 Marc Brown - LT","#53 Jessie Snider - LG","#52 William Lopez - C","#61 Bryan Sindelar - RG","#68 Michael Scott - RT",,"#94 Mark Simmons - LDE",,"#71 Milton Sloan - DT","#92 Leon Varney - RDE","#91 Peter Clark - RDE",,"#55 Matthew Schmitz - MLB",,,"#49 Clifford Pigg - CB","#21 John Bennett - CB","#52 Markus Drake - WLB","#32 Carlos Johnson - SS",,"#40 Curtis Garcia - SS","#45 John Dennis - FS",,,,,,,,,,,,,,,,,,,,,,,,,,,,,,,,,,,,
MIN,1:25,"DET 13",4,3,8,"I Formation 3WR WR Out","Nickel Normal Shallow Zone Deep",9,31,24,"3-8-DET 13 (1:26) 8-Robert Betances pass complete to 10-Randy Smith to DET 4 for 9 yards. Tackle by 32-Carlos Johnson.","#8 Robert Betances - QB","#25 Albert Stutes - RB",,,"#47 David Numbers - FB",,,"#10 Randy Smith - WR","#84 McKinley Maxfield - WR","#17 Lee Pritchett - WR",,,"#83 Marc Brown - LT","#53 Jessie Snider - LG","#52 William Lopez - C","#61 Bryan Sindelar - RG","#68 Michael Scott - RT",,"#94 Mark Simmons - LDE",,"#71 Milton Sloan - DT","#92 Leon Varney - RDE","#91 Peter Clark - RDE",,"#55 Matthew Schmitz - MLB",,"#52 Markus Drake - WLB","#49 Clifford Pigg - CB","#21 John Bennett - CB",,"#32 Carlos Johnson - SS",,"#40 Curtis Garcia - SS","#45 John Dennis - FS",,,,,,,,,,,,,,,,,,,,,,,,,,,,,,,,,,,,
MIN,1:02,"DET 4",4,1,4,"Shotgun Normal HB Flare","Nickel Normal Shallow Zone Deep",-9,31,24,"1-4-DET 4 (1:01) 8-Robert Betances sacked at DET 13 for -9 yards (91-Peter Clark). Sack allowed by 83-Marc Brown.","#8 Robert Betances - QB","#25 Albert Stutes - RB",,,,"#81 Kevin White - TE",,"#10 Randy Smith - WR","#84 McKinley Maxfield - WR","#17 Lee Pritchett - WR",,,"#83 Marc Brown - LT","#53 Jessie Snider - LG","#52 William Lopez - C","#61 Bryan Sindelar - RG","#68 Michael Scott - RT",,"#94 Mark Simmons - LDE",,"#71 Milton Sloan - DT","#92 Leon Varney - RDE","#91 Peter Clark - RDE",,"#55 Matthew Schmitz - MLB",,"#52 Markus Drake - WLB","#21 John Bennett - CB","#49 Clifford Pigg - CB",,"#45 John Dennis - FS",,"#40 Curtis Garcia - SS","#32 Carlos Johnson - SS",,,,,,,,,,,,,,,,,,,,,,,,,,,,,,,,,,,,
MIN,0:42,"DET 13",4,2,13,"I Formation Power Play Action HB Downfield","Goal Line Attack #1",6,31,24,"2-13-DET 13 (0:41) 8-Robert Betances pass complete to 81-Kevin White to DET 7 for 6 yards. Tackle by 49-Clifford Pigg. MIN 52-William Lopez was injured on the play.","#8 Robert Betances - QB","#25 Albert Stutes - RB",,"#48 Phillip Petrie - RB","#47 David Numbers - FB","#81 Kevin White - TE",,"#10 Randy Smith - WR",,,,,"#83 Marc Brown - LT","#53 Jessie Snider - LG","#52 William Lopez - C","#61 Bryan Sindelar - RG","#68 Michael Scott - RT",,"#94 Mark Simmons - LDE","#78 Sammy McDaniel - RDE","#71 Milton Sloan - DT","#92 Leon Varney - RDE","#91 Peter Clark - RDE","#58 Lavern Daniels - SLB","#54 Timothy Lewis - SLB",,"#95 Joshua Campbell - WLB","#21 John Bennett - CB","#49 Clifford Pigg - CB",,,,"#32 Carlos Johnson - SS",,,,,,,,,,,,,,,,,,,,,,,,,,,,,,,,,,,,,
MIN,0:23,"DET 7",4,3,7,"Shotgun Normal HB Flare","Nickel Normal Shallow Zone Deep",,31,24,"3-7-DET 7 (0:22) 8-Robert Betances pass incomplete, intended for 81-Kevin White. PENALTY - Pass Interference (DET 55-Matthew Schmitz)","#8 Robert Betances - QB","#25 Albert Stutes - RB",,,,"#81 Kevin White - TE",,"#17 Lee Pritchett - WR","#15 Willie Soler - WR","#84 McKinley Maxfield - WR",,,"#83 Marc Brown - LT","#53 Jessie Snider - LG","#78 Daniel Kitson - C","#61 Bryan Sindelar - RG","#68 Michael Scott - RT",,"#94 Mark Simmons - LDE",,"#71 Milton Sloan - DT","#92 Leon Varney - RDE","#91 Peter Clark - RDE",,"#55 Matthew Schmitz - MLB",,"#95 Joshua Campbell - WLB","#40 Curtis Garcia - SS","#49 Clifford Pigg - CB",,"#32 Carlos Johnson - SS",,"#45 John Dennis - FS","#21 John Bennett - CB",,,,,,,,,,,,,,,,,,,,,,,,,,,,,,,,,,,,
MIN,0:18,"DET 1",4,1,1,"Strong I Normal Short Attack","4-3 Normal Double WR1",,31,24,"1-1-DET 1 (0:19) 8-Robert Betances pass incomplete, dropped by 22-Steven Shock.","#8 Robert Betances - QB","#22 Steven Shock - RB",,,"#47 David Numbers - FB","#81 Kevin White - TE",,"#10 Randy Smith - WR",,"#17 Lee Pritchett - WR",,,"#83 Marc Brown - LT","#53 Jessie Snider - LG","#78 Daniel Kitson - C","#61 Bryan Sindelar - RG","#68 Michael Scott - RT",,"#94 Mark Simmons - LDE",,"#71 Milton Sloan - DT","#78 Sammy McDaniel - RDE","#92 Leon Varney - RDE","#58 Lavern Daniels - SLB","#54 Timothy Lewis - SLB",,"#52 Markus Drake - WLB","#49 Clifford Pigg - CB","#21 John Bennett - CB",,,,"#40 Curtis Garcia - SS","#45 John Dennis - FS",,,,,,,,,,,,,,,,,,,,,,,,,,,,,,,,,,,,
MIN,0:15,"DET 1",4,2,1,"Shotgun 2 RB 3 WR RB Curls","Nickel Normal Shallow Zone Deep",2,31,30,"2-1-DET 1 (0:16) 8-Robert Betances pass complete to 84-McKinley Maxfield for 1 yards. TOUCHDOWN! DET 31 MIN 30","#8 Robert Betances - QB","#25 Albert Stutes - RB","#22 Steven Shock - RB",,,,,"#10 Randy Smith - WR","#15 Willie Soler - WR","#84 McKinley Maxfield - WR",,,"#83 Marc Brown - LT","#53 Jessie Snider - LG","#52 William Lopez - C","#61 Bryan Sindelar - RG","#68 Michael Scott - RT",,"#94 Mark Simmons - LDE",,"#71 Milton Sloan - DT","#92 Leon Varney - RDE","#91 Peter Clark - RDE",,"#55 Matthew Schmitz - MLB",,"#52 Markus Drake - WLB","#40 Curtis Garcia - SS","#49 Clifford Pigg - CB",,"#21 John Bennett - CB",,"#32 Carlos Johnson - SS","#45 John Dennis - FS",,,,,,,,,,,,,,,,,,,,,,,,,,,,,,,,,,,,
MIN,0:11,"DET 15",4,7,15,"Field Goal","FG Block",26,31,31,"(0:12) Extra point GOOD by 9-Brian Barker. DET 31 MIN 31",,,,,,,,,,,,,,,,,,,,,,,,,,,,,,,,,,,,"#18 Richard Rivers - QB","#59 David Torres - RT",,,,,,,,,,,,,,"#9 Brian Barker - K","#52 William Lopez - C","#53 Jessie Snider - LG","#67 Anthony Klein - LT","#75 Daniel Lin - LG","#77 Courtney Abril - RG","#83 Marc Brown - LT","#68 Michael Scott - RT","#96 Steven Stevens - DT","#92 Leon Varney - RDE","#71 Milton Sloan - DT","#91 Peter Clark - RDE","#94 Mark Simmons - LDE","#55 Matthew Schmitz - MLB","#52 Markus Drake - WLB","#54 Timothy Lewis - SLB","#95 Joshua Campbell - WLB","#78 Sammy McDaniel - RDE","#32 Carlos Johnson - SS","#49 Clifford Pigg - CB"
MIN,0:11,"MIN 35",4,6,10,Kickoff,"Kick Return",,31,31,"(0:12) 9-Brian Barker kicks 75 yards from MIN 35 to DET -10. Touchback.",,,,,,,,,,,,,,,,,,,,,,,,,,,,,,,,,,,,,,"#36 Randy Smith - RB",,"#58 Lavern Daniels - SLB","#40 Curtis Garcia - SS","#92 Leon Varney - RDE","#55 Matthew Schmitz - MLB","#91 Peter Clark - RDE","#32 Carlos Johnson - SS","#94 Mark Simmons - LDE","#71 Milton Sloan - DT","#49 Clifford Pigg - CB","#52 Markus Drake - WLB","#9 Brian Barker - K",,,,,,,,,,,,,,,,,,,,
DET,0:11,"DET 25",4,1,10,"I Formation Normal PA Fullback Flat","4-3 Normal Double WR3",3,31,31,"1-10-DET 25 (0:12) 5-Billy Lindsey pass complete to 39-Oliver Lynn to DET 28 for 3 yards. Tackle by 33-William Dorsch.","#5 Billy Lindsey - QB","#43 Paul Hannah - RB",,,"#39 Oliver Lynn - FB","#83 Mark Hebert - TE",,"#10 John Hawkins - WR",,"#18 Ken Simpson - WR",,,"#70 David Samaniego - LT","#66 Hugh Sexton - LG","#79 Gary Herbert - C","#50 Patrick Burleson - RG","#75 Antonio Trull - LT",,"#95 Fred Lozano - LDE",,"#97 Anthony Reid - DT","#79 Coy McMurtry - DT","#99 Jared Westmoreland - RDE","#33 William Dorsch - SLB","#93 Joseph Baltz - MLB",,"#55 Warren Waite - WLB","#41 Alan Tucker - CB","#29 Joseph Hudson - CB",,,,"#32 James Dunn - CB","#46 Kevin Willis - FS",,,,,,,,,,,,,,,,,,,,,,,,,,,,,,,,,,,,
,0:09,,4,2,7,,,,31,31,"Timeout DET",,,,,,,,,,,,,,,,,,,,,,,,,,,,,,,,,,,,,,,,,,,,,,,,,,,,,,,,,,,,,,,,,,,,,,
DET,0:06,"DET 28",4,2,7,"Shotgun Normal Double Outs","Nickel Normal Man Cover 2",,31,31,"2-7-DET 28 (0:07) 5-Billy Lindsey pass Pass knocked down by 41-Alan Tucker. incomplete, intended for 10-John Hawkins.","#5 Billy Lindsey - QB","#29 Joseph Haas - RB",,,,"#83 Mark Hebert - TE",,"#10 John Hawkins - WR","#87 Scott Sotelo - WR","#18 Ken Simpson - WR",,,"#70 David Samaniego - LT","#66 Hugh Sexton - LG","#79 Gary Herbert - C","#50 Patrick Burleson - RG","#75 Antonio Trull - LT",,"#95 Fred Lozano - LDE",,"#97 Anthony Reid - DT","#79 Coy McMurtry - DT","#99 Jared Westmoreland - RDE",,"#93 Joseph Baltz - MLB",,"#55 Warren Waite - WLB","#41 Alan Tucker - CB","#29 Joseph Hudson - CB",,"#21 David Anderson - CB",,"#32 James Dunn - CB","#46 Kevin Willis - FS",,,,,,,,,,,,,,,,,,,,,,,,,,,,,,,,,,,,
DET,0:04,"DET 28",4,3,7,"I Formation 3WR Deep Corner/Post","Nickel Normal Man Cover 2",-10,31,31,"3-7-DET 28 (0:05) 5-Billy Lindsey sacked at DET 18 for -10 yards (95-Fred Lozano). Sack allowed by 75-Antonio Trull.","#5 Billy Lindsey - QB","#43 Paul Hannah - RB",,,"#39 Oliver Lynn - FB",,,"#10 John Hawkins - WR","#87 Scott Sotelo - WR","#18 Ken Simpson - WR",,,"#70 David Samaniego - LT","#66 Hugh Sexton - LG","#79 Gary Herbert - C","#50 Patrick Burleson - RG","#75 Antonio Trull - LT",,"#95 Fred Lozano - LDE",,"#97 Anthony Reid - DT","#79 Coy McMurtry - DT","#99 Jared Westmoreland - RDE",,"#93 Joseph Baltz - MLB",,"#55 Warren Waite - WLB","#41 Alan Tucker - CB","#29 Joseph Hudson - CB",,"#21 David Anderson - CB",,"#32 James Dunn - CB","#46 Kevin Willis - FS",,,,,,,,,,,,,,,,,,,,,,,,,,,,,,,,,,,,
,0:00,,4,4,17,,,,31,31,"End of fourth quarter.",,,,,,,,,,,,,,,,,,,,,,,,,,,,,,,,,,,,,,,,,,,,,,,,,,,,,,,,,,,,,,,,,,,,,,
,0:00,,4,4,17,,,,31,31,"DET has won the overtime coin toss and elected to receive.",,,,,,,,,,,,,,,,,,,,,,,,,,,,,,,,,,,,,,,,,,,,,,,,,,,,,,,,,,,,,,,,,,,,,,
MIN,10:00,"MIN 35",5,6,10,Kickoff,"Kick Return",,31,31,"(10:00) 9-Brian Barker kicks 73 yards from MIN 35 to DET -8. Touchback.",,,,,,,,,,,,,,,,,,,,,,,,,,,,,,,,,,,,,,"#36 Randy Smith - RB",,"#58 Lavern Daniels - SLB","#71 Milton Sloan - DT","#91 Peter Clark - RDE","#94 Mark Simmons - LDE","#49 Clifford Pigg - CB","#52 Markus Drake - WLB","#40 Curtis Garcia - SS","#92 Leon Varney - RDE","#55 Matthew Schmitz - MLB","#32 Carlos Johnson - SS","#9 Brian Barker - K",,,,,,,,,,,,,,,,,,,,
DET,10:00,"DET 25",5,1,10,"Strong I Normal Quick Hooks","4-3 Normal Double WR2",9,31,31,"1-10-DET 25 (10:00) 5-Billy Lindsey pass complete to 83-Mark Hebert to DET 34 for 9 yards. Tackle by 55-Warren Waite.","#5 Billy Lindsey - QB","#43 Paul Hannah - RB",,,"#39 Oliver Lynn - FB","#83 Mark Hebert - TE",,"#10 John Hawkins - WR",,"#18 Ken Simpson - WR",,,"#70 David Samaniego - LT","#66 Hugh Sexton - LG","#79 Gary Herbert - C","#50 Patrick Burleson - RG","#75 Antonio Trull - LT",,"#95 Fred Lozano - LDE",,"#97 Anthony Reid - DT","#79 Coy McMurtry - DT","#99 Jared Westmoreland - RDE","#33 William Dorsch - SLB","#93 Joseph Baltz - MLB",,"#55 Warren Waite - WLB","#41 Alan Tucker - CB","#29 Joseph Hudson - CB",,,,"#32 James Dunn - CB","#46 Kevin Willis - FS",,,,,,,,,,,,,,,,,,,,,,,,,,,,,,,,,,,,
DET,9:23,"DET 34",5,2,1,"I Formation Normal Cross In","4-3 Under Double LB Blitz",2,31,31,"2-1-DET 34 (9:22) 5-Billy Lindsey pass complete to 83-Mark Hebert to DET 36 for 2 yards. Tackle by 29-Joseph Hudson. 83-Mark Hebert did some fancy footwork there.","#5 Billy Lindsey - QB","#29 Joseph Haas - RB",,,"#39 Oliver Lynn - FB","#83 Mark Hebert - TE",,"#10 John Hawkins - WR",,"#18 Ken Simpson - WR",,,"#70 David Samaniego - LT","#66 Hugh Sexton - LG","#79 Gary Herbert - C","#50 Patrick Burleson - RG","#75 Antonio Trull - LT",,"#95 Fred Lozano - LDE",,"#97 Anthony Reid - DT","#79 Coy McMurtry - DT","#99 Jared Westmoreland - RDE","#33 William Dorsch - SLB","#93 Joseph Baltz - MLB",,"#55 Warren Waite - WLB","#41 Alan Tucker - CB","#29 Joseph Hudson - CB",,,,"#32 James Dunn - CB","#46 Kevin Willis - FS",,,,,,,,,,,,,,,,,,,,,,,,,,,,,,,,,,,,
DET,8:46,"DET 36",5,1,10,"I Formation 3WR HB Inside Weak","Nickel Normal Man Cover 2",2,31,31,"1-10-DET 36 (8:45) 36-Randy Smith ran to DET 38 for 2 yards. Tackle by 99-Jared Westmoreland.","#5 Billy Lindsey - QB","#36 Randy Smith - RB",,,"#39 Oliver Lynn - FB",,,"#10 John Hawkins - WR","#87 Scott Sotelo - WR","#18 Ken Simpson - WR",,,"#70 David Samaniego - LT","#66 Hugh Sexton - LG","#79 Gary Herbert - C","#50 Patrick Burleson - RG","#75 Antonio Trull - LT",,"#95 Fred Lozano - LDE",,"#97 Anthony Reid - DT","#79 Coy McMurtry - DT","#99 Jared Westmoreland - RDE",,"#93 Joseph Baltz - MLB",,"#55 Warren Waite - WLB","#29 Joseph Hudson - CB","#21 David Anderson - CB",,"#42 George Yun - FS",,"#41 Alan Tucker - CB","#46 Kevin Willis - FS",,,,,,,,,,,,,,,,,,,,,,,,,,,,,,,,,,,,
DET,8:13,"DET 38",5,2,8,"Singleback Slot Strong HB Strong Inside","Nickel Normal Man Cover 2",1,31,31,"2-8-DET 38 (8:12) 43-Paul Hannah ran to DET 38 for 1 yards. Tackle by 95-Fred Lozano.","#5 Billy Lindsey - QB","#43 Paul Hannah - RB",,,,"#83 Mark Hebert - TE",,"#10 John Hawkins - WR","#87 Scott Sotelo - WR","#18 Ken Simpson - WR",,,"#70 David Samaniego - LT","#66 Hugh Sexton - LG","#79 Gary Herbert - C","#50 Patrick Burleson - RG","#75 Antonio Trull - LT",,"#95 Fred Lozano - LDE",,"#97 Anthony Reid - DT","#79 Coy McMurtry - DT","#99 Jared Westmoreland - RDE",,"#93 Joseph Baltz - MLB",,"#55 Warren Waite - WLB","#41 Alan Tucker - CB","#21 David Anderson - CB",,"#42 George Yun - FS",,"#32 James Dunn - CB","#46 Kevin Willis - FS",,,,,,,,,,,,,,,,,,,,,,,,,,,,,,,,,,,,
DET,7:38,"DET 38",5,3,8,"I Formation 3WR Slot Short WR Deep","Nickel Normal Man Cover 2",4,31,31,"3-8-DET 38 (7:37) 5-Billy Lindsey pass complete to 29-Joseph Haas to DET 42 for 4 yards. Tackle by 93-Joseph Baltz. MIN 93-Joseph Baltz was injured on the play.","#5 Billy Lindsey - QB","#29 Joseph Haas - RB",,,"#39 Oliver Lynn - FB",,,"#10 John Hawkins - WR","#87 Scott Sotelo - WR","#18 Ken Simpson - WR",,,"#70 David Samaniego - LT","#66 Hugh Sexton - LG","#79 Gary Herbert - C","#50 Patrick Burleson - RG","#75 Antonio Trull - LT",,"#95 Fred Lozano - LDE",,"#97 Anthony Reid - DT","#79 Coy McMurtry - DT","#99 Jared Westmoreland - RDE",,"#93 Joseph Baltz - MLB",,"#55 Warren Waite - WLB","#41 Alan Tucker - CB","#29 Joseph Hudson - CB",,"#21 David Anderson - CB",,"#32 James Dunn - CB","#46 Kevin Willis - FS",,,,,,,,,,,,,,,,,,,,,,,,,,,,,,,,,,,,
DET,6:54,"DET 42",5,4,4,Punt,"Punt Return",46,31,31,"4-4-DET 42 (6:53) 11-Christopher Washington punts 46 yards to MIN 11. DET 75-Antonio Trull was injured on the play.",,,,,,,,,,,,,,,,,,"#11 Christopher Washington - P",,,,,,,,,,,,,,,,,,,"#67 Ruben Nesbitt - C",,"#82 Robert Henry - WR",,,"#42 George Yun - FS","#57 Troy Patten - SLB","#33 William Dorsch - SLB",,"#92 Charles Espinoza - RDE","#41 Alan Tucker - CB",,"#97 Anthony Reid - DT",,,,"#66 Hugh Sexton - LG","#70 David Samaniego - LT","#39 Oliver Lynn - FB","#75 Antonio Trull - LT","#60 Thomas Bridges - RT","#76 Joseph Kirtley - LG",,"#79 Coy McMurtry - DT","#55 Warren Waite - WLB","#94 Kirk Shepard - LDE","#96 Steven Stevens - DT",,,,,,,
MIN,6:43,"MIN 11",5,1,10,"Shotgun Normal HB Dive","Nickel Normal Shallow Zone Deep",7,31,31,"1-10-MIN 11 (6:44) 25-Albert Stutes ran to MIN 19 for 7 yards. Tackle by 32-Carlos Johnson.","#8 Robert Betances - QB","#25 Albert Stutes - RB",,,,"#81 Kevin White - TE",,"#10 Randy Smith - WR","#84 McKinley Maxfield - WR","#17 Lee Pritchett - WR",,,"#83 Marc Brown - LT","#53 Jessie Snider - LG","#52 William Lopez - C","#61 Bryan Sindelar - RG","#68 Michael Scott - RT",,"#94 Mark Simmons - LDE",,"#71 Milton Sloan - DT","#78 Sammy McDaniel - RDE","#92 Leon Varney - RDE",,"#55 Matthew Schmitz - MLB",,"#52 Markus Drake - WLB","#21 John Bennett - CB","#40 Curtis Garcia - SS",,"#49 Clifford Pigg - CB",,"#32 Carlos Johnson - SS","#45 John Dennis - FS",,,,,,,,,,,,,,,,,,,,,,,,,,,,,,,,,,,,
MIN,6:10,"MIN 19",5,2,3,"Shotgun 2 RB 3 WR Shotgun Sweep","Nickel Normal Shallow Zone Deep",6,31,31,"2-3-MIN 19 (6:09) 22-Steven Shock ran to MIN 25 for 6 yards. Tackle by 45-John Dennis.","#8 Robert Betances - QB","#25 Albert Stutes - RB","#22 Steven Shock - RB",,,,,"#10 Randy Smith - WR","#84 McKinley Maxfield - WR","#17 Lee Pritchett - WR",,,"#83 Marc Brown - LT","#53 Jessie Snider - LG","#52 William Lopez - C","#61 Bryan Sindelar - RG","#68 Michael Scott - RT",,"#94 Mark Simmons - LDE",,"#71 Milton Sloan - DT","#78 Sammy McDaniel - RDE","#92 Leon Varney - RDE",,"#55 Matthew Schmitz - MLB",,"#52 Markus Drake - WLB","#21 John Bennett - CB","#49 Clifford Pigg - CB",,"#40 Curtis Garcia - SS",,"#32 Carlos Johnson - SS","#45 John Dennis - FS",,,,,,,,,,,,,,,,,,,,,,,,,,,,,,,,,,,,
MIN,5:30,"MIN 25",5,1,10,"I Formation 3WR FL Post","Nickel Normal Shallow Zone Deep",,31,31,"1-10-MIN 25 (5:29) 8-Robert Betances pass Pass knocked down by 55-Matthew Schmitz. incomplete, intended for 25-Albert Stutes.","#8 Robert Betances - QB","#25 Albert Stutes - RB",,,"#47 David Numbers - FB",,,"#10 Randy Smith - WR","#84 McKinley Maxfield - WR","#17 Lee Pritchett - WR",,,"#83 Marc Brown - LT","#53 Jessie Snider - LG","#52 William Lopez - C","#61 Bryan Sindelar - RG","#68 Michael Scott - RT",,"#94 Mark Simmons - LDE",,"#71 Milton Sloan - DT","#78 Sammy McDaniel - RDE","#92 Leon Varney - RDE",,"#55 Matthew Schmitz - MLB",,"#52 Markus Drake - WLB","#32 Carlos Johnson - SS","#49 Clifford Pigg - CB",,"#40 Curtis Garcia - SS",,"#21 John Bennett - CB","#45 John Dennis - FS",,,,,,,,,,,,,,,,,,,,,,,,,,,,,,,,,,,,
MIN,5:25,"MIN 25",5,2,10,"I Formation 3WR HB Inside Weak","Nickel Normal Shallow Zone Deep",11,31,31,"2-10-MIN 25 (5:26) 25-Albert Stutes ran to MIN 37 for 11 yards. Tackle by 32-Carlos Johnson.","#8 Robert Betances - QB","#25 Albert Stutes - RB",,,"#47 David Numbers - FB",,,"#10 Randy Smith - WR","#84 McKinley Maxfield - WR","#17 Lee Pritchett - WR",,,"#83 Marc Brown - LT","#53 Jessie Snider - LG","#52 William Lopez - C","#61 Bryan Sindelar - RG","#68 Michael Scott - RT",,"#94 Mark Simmons - LDE",,"#71 Milton Sloan - DT","#92 Leon Varney - RDE","#91 Peter Clark - RDE",,"#55 Matthew Schmitz - MLB",,"#52 Markus Drake - WLB","#21 John Bennett - CB","#49 Clifford Pigg - CB",,"#40 Curtis Garcia - SS",,"#32 Carlos Johnson - SS","#45 John Dennis - FS",,,,,,,,,,,,,,,,,,,,,,,,,,,,,,,,,,,,
MIN,4:45,"MIN 37",5,1,10,"I Formation 3WR WR Out","Nickel Normal Shallow Zone Deep",15,31,31,"1-10-MIN 37 (4:44) 8-Robert Betances pass complete to 84-McKinley Maxfield to DET 48 for 15 yards. Tackle by 45-John Dennis.","#8 Robert Betances - QB","#22 Steven Shock - RB",,,"#47 David Numbers - FB",,,"#10 Randy Smith - WR","#84 McKinley Maxfield - WR","#17 Lee Pritchett - WR",,,"#83 Marc Brown - LT","#53 Jessie Snider - LG","#52 William Lopez - C","#61 Bryan Sindelar - RG","#68 Michael Scott - RT",,"#94 Mark Simmons - LDE",,"#71 Milton Sloan - DT","#92 Leon Varney - RDE","#91 Peter Clark - RDE",,"#55 Matthew Schmitz - MLB",,"#52 Markus Drake - WLB","#32 Carlos Johnson - SS","#40 Curtis Garcia - SS",,"#49 Clifford Pigg - CB",,"#21 John Bennett - CB","#45 John Dennis - FS",,,,,,,,,,,,,,,,,,,,,,,,,,,,,,,,,,,,
MIN,4:04,"DET 48",5,1,10,"I Formation 3WR HB Inside Weak","Nickel Normal Shallow Zone Deep",-2,31,31,"1-10-DET 48 (4:03) 22-Steven Shock ran to DET 50 for -2 yards. Tackle by 91-Peter Clark. 83-Marc Brown was completely beat on that play.","#8 Robert Betances - QB","#22 Steven Shock - RB",,,"#47 David Numbers - FB",,,"#10 Randy Smith - WR","#84 McKinley Maxfield - WR","#17 Lee Pritchett - WR",,,"#83 Marc Brown - LT","#53 Jessie Snider - LG","#52 William Lopez - C","#61 Bryan Sindelar - RG","#68 Michael Scott - RT",,"#94 Mark Simmons - LDE",,"#71 Milton Sloan - DT","#92 Leon Varney - RDE","#91 Peter Clark - RDE",,"#55 Matthew Schmitz - MLB",,"#52 Markus Drake - WLB","#32 Carlos Johnson - SS","#49 Clifford Pigg - CB",,"#40 Curtis Garcia - SS",,"#45 John Dennis - FS","#21 John Bennett - CB",,,,,,,,,,,,,,,,,,,,,,,,,,,,,,,,,,,,
MIN,3:27,"DET 50",5,2,12,"Shotgun 4 Wide In and Out","Dime Normal Double WR1 WR2",15,31,31,"2-12-DET 50 (3:26) 8-Robert Betances pass complete to 17-Lee Pritchett to DET 34 for 15 yards. Tackle by 40-Curtis Garcia. 84-McKinley Maxfield missed that block completely. PENALTY - Pass Interference (DET 45-John Dennis) (Declined)","#8 Robert Betances - QB","#25 Albert Stutes - RB",,,,,,"#10 Randy Smith - WR","#84 McKinley Maxfield - WR","#17 Lee Pritchett - WR","#15 Willie Soler - WR",,"#83 Marc Brown - LT","#53 Jessie Snider - LG","#52 William Lopez - C","#61 Bryan Sindelar - RG","#68 Michael Scott - RT",,"#94 Mark Simmons - LDE",,"#71 Milton Sloan - DT","#92 Leon Varney - RDE","#91 Peter Clark - RDE",,"#55 Matthew Schmitz - MLB",,,"#32 Carlos Johnson - SS","#49 Clifford Pigg - CB","#52 Markus Drake - WLB","#40 Curtis Garcia - SS",,"#21 John Bennett - CB","#45 John Dennis - FS",,,,,,,,,,,,,,,,,,,,,,,,,,,,,,,,,,,,
MIN,3:21,"DET 34",5,1,10,"Shotgun 2 RB 3 WR Shotgun Sweep","Nickel Normal Shallow Zone Deep",8,31,31,"1-10-DET 34 (3:22) 48-Phillip Petrie ran to DET 27 for 8 yards. Tackle by 21-John Bennett. MIN 17-Lee Pritchett was injured on the play.","#8 Robert Betances - QB","#22 Steven Shock - RB","#48 Phillip Petrie - RB",,,,,"#10 Randy Smith - WR","#84 McKinley Maxfield - WR","#17 Lee Pritchett - WR",,,"#83 Marc Brown - LT","#53 Jessie Snider - LG","#52 William Lopez - C","#61 Bryan Sindelar - RG","#68 Michael Scott - RT",,"#94 Mark Simmons - LDE",,"#71 Milton Sloan - DT","#92 Leon Varney - RDE","#91 Peter Clark - RDE",,"#55 Matthew Schmitz - MLB",,"#52 Markus Drake - WLB","#32 Carlos Johnson - SS","#49 Clifford Pigg - CB",,"#40 Curtis Garcia - SS",,"#21 John Bennett - CB","#45 John Dennis - FS",,,,,,,,,,,,,,,,,,,,,,,,,,,,,,,,,,,,
MIN,3:00,"DET 27",5,2,2,"Shotgun 2 RB 3 WR Shotgun Sweep","Nickel Normal Shallow Zone Deep",-3,31,31,"2-2-DET 27 (2:59) 22-Steven Shock ran to DET 29 for -3 yards. Tackle by 55-Matthew Schmitz. The offense seems to be calling that play a lot.","#8 Robert Betances - QB","#25 Albert Stutes - RB","#22 Steven Shock - RB",,,,,"#10 Randy Smith - WR","#15 Willie Soler - WR","#84 McKinley Maxfield - WR",,,"#83 Marc Brown - LT","#53 Jessie Snider - LG","#52 William Lopez - C","#61 Bryan Sindelar - RG","#68 Michael Scott - RT",,"#94 Mark Simmons - LDE",,"#71 Milton Sloan - DT","#78 Sammy McDaniel - RDE","#92 Leon Varney - RDE",,"#55 Matthew Schmitz - MLB",,"#52 Markus Drake - WLB","#21 John Bennett - CB","#40 Curtis Garcia - SS",,"#45 John Dennis - FS",,"#49 Clifford Pigg - CB","#32 Carlos Johnson - SS",,,,,,,,,,,,,,,,,,,,,,,,,,,,,,,,,,,,
MIN,2:40,"DET 29",5,3,5,"Shotgun 2 RB 3 WR Shotgun Sweep","Nickel Normal Shallow Zone Deep",2,31,31,"3-5-DET 29 (2:39) 48-Phillip Petrie ran to DET 28 for 2 yards. Tackle by 21-John Bennett.","#8 Robert Betances - QB","#22 Steven Shock - RB","#48 Phillip Petrie - RB",,,,,"#10 Randy Smith - WR","#15 Willie Soler - WR","#84 McKinley Maxfield - WR",,,"#83 Marc Brown - LT","#53 Jessie Snider - LG","#52 William Lopez - C","#61 Bryan Sindelar - RG","#68 Michael Scott - RT",,"#94 Mark Simmons - LDE",,"#71 Milton Sloan - DT","#92 Leon Varney - RDE","#91 Peter Clark - RDE",,"#54 Timothy Lewis - SLB",,"#52 Markus Drake - WLB","#21 John Bennett - CB","#49 Clifford Pigg - CB",,"#45 John Dennis - FS",,"#40 Curtis Garcia - SS","#32 Carlos Johnson - SS",,,,,,,,,,,,,,,,,,,,,,,,,,,,,,,,,,,,
MIN,2:04,"DET 28",5,4,3,"Field Goal","FG Block",39,31,31,"4-3-DET 28 (2:03) 9-Brian Barker 45 yard field goal is GOOD. PENALTY - Offsides (DET 95-Joshua Campbell)",,,,,,,,,,,,,,,,,,,,,,,,,,,,,,,,,,,,"#18 Richard Rivers - QB","#59 David Torres - RT",,,,,,,,,,,,,,"#9 Brian Barker - K","#52 William Lopez - C","#53 Jessie Snider - LG","#67 Anthony Klein - LT","#75 Daniel Lin - LG","#77 Courtney Abril - RG","#83 Marc Brown - LT","#68 Michael Scott - RT","#96 Steven Stevens - DT","#92 Leon Varney - RDE","#71 Milton Sloan - DT","#91 Peter Clark - RDE","#94 Mark Simmons - LDE","#55 Matthew Schmitz - MLB","#52 Markus Drake - WLB","#54 Timothy Lewis - SLB","#95 Joshua Campbell - WLB","#78 Sammy McDaniel - RDE","#49 Clifford Pigg - CB","#32 Carlos Johnson - SS"
MIN,1:59,"DET 23",5,1,10,"Shotgun 2 RB 3 WR Shotgun Sweep","Nickel Normal Shallow Zone Deep",-3,31,31,"1-10-DET 23 (2:00) 22-Steven Shock ran to DET 26 for -3 yards. Tackle by 55-Matthew Schmitz. The defense seems to be getting familiar with that play.","#8 Robert Betances - QB","#25 Albert Stutes - RB","#22 Steven Shock - RB",,,,,"#10 Randy Smith - WR","#15 Willie Soler - WR","#84 McKinley Maxfield - WR",,,"#83 Marc Brown - LT","#53 Jessie Snider - LG","#52 William Lopez - C","#61 Bryan Sindelar - RG","#68 Michael Scott - RT",,"#94 Mark Simmons - LDE",,"#71 Milton Sloan - DT","#92 Leon Varney - RDE","#91 Peter Clark - RDE",,"#55 Matthew Schmitz - MLB",,"#52 Markus Drake - WLB","#45 John Dennis - FS","#49 Clifford Pigg - CB",,"#32 Carlos Johnson - SS",,"#40 Curtis Garcia - SS","#21 John Bennett - CB",,,,,,,,,,,,,,,,,,,,,,,,,,,,,,,,,,,,
,1:57,,5,2,13,,,,31,31,"Timeout MIN",,,,,,,,,,,,,,,,,,,,,,,,,,,,,,,,,,,,,,,,,,,,,,,,,,,,,,,,,,,,,,,,,,,,,,
MIN,1:54,"DET 26",5,2,13,"Shotgun 2 RB 3 WR Shotgun Sweep","Nickel Normal Shallow Zone Deep",-3,31,31,"2-13-DET 26 (1:55) 22-Steven Shock ran to DET 29 for -3 yards. Tackle by 55-Matthew Schmitz. I think the offense is starting to overuse that play. DET 32-Carlos Johnson was injured on the play.","#8 Robert Betances - QB","#25 Albert Stutes - RB","#22 Steven Shock - RB",,,,,"#10 Randy Smith - WR","#84 McKinley Maxfield - WR","#17 Lee Pritchett - WR",,,"#83 Marc Brown - LT","#53 Jessie Snider - LG","#52 William Lopez - C","#61 Bryan Sindelar - RG","#68 Michael Scott - RT",,"#94 Mark Simmons - LDE",,"#71 Milton Sloan - DT","#92 Leon Varney - RDE","#91 Peter Clark - RDE",,"#55 Matthew Schmitz - MLB",,"#52 Markus Drake - WLB","#45 John Dennis - FS","#40 Curtis Garcia - SS",,"#32 Carlos Johnson - SS",,"#21 John Bennett - CB","#49 Clifford Pigg - CB",,,,,,,,,,,,,,,,,,,,,,,,,,,,,,,,,,,,
MIN,1:31,"DET 29",5,3,16,"Shotgun 2 RB 3 WR Shotgun Sweep","Nickel Normal Shallow Zone Deep",-2,31,31,"3-16-DET 29 (1:30) 22-Steven Shock ran to DET 31 for -2 yards. Tackle by 55-Matthew Schmitz. The offense seems to be calling that play a lot.","#8 Robert Betances - QB","#25 Albert Stutes - RB","#22 Steven Shock - RB",,,,,"#10 Randy Smith - WR","#84 McKinley Maxfield - WR","#17 Lee Pritchett - WR",,,"#83 Marc Brown - LT","#53 Jessie Snider - LG","#52 William Lopez - C","#61 Bryan Sindelar - RG","#68 Michael Scott - RT",,"#94 Mark Simmons - LDE",,"#71 Milton Sloan - DT","#92 Leon Varney - RDE","#91 Peter Clark - RDE",,"#55 Matthew Schmitz - MLB",,"#52 Markus Drake - WLB","#21 John Bennett - CB","#49 Clifford Pigg - CB",,"#54 Timothy Lewis - SLB",,"#40 Curtis Garcia - SS","#45 John Dennis - FS",,,,,,,,,,,,,,,,,,,,,,,,,,,,,,,,,,,,
MIN,0:54,"DET 31",5,4,19,"Field Goal","FG Block",42,31,34,"4-19-DET 31 (0:53) 9-Brian Barker 48 yard field goal is GOOD. DET 31 MIN 34",,,,,,,,,,,,,,,,,,,,,,,,,,,,,,,,,,,,"#18 Richard Rivers - QB","#59 David Torres - RT",,,,,,,,,,,,,,"#9 Brian Barker - K","#52 William Lopez - C","#53 Jessie Snider - LG","#67 Anthony Klein - LT","#75 Daniel Lin - LG","#77 Courtney Abril - RG","#83 Marc Brown - LT","#68 Michael Scott - RT","#96 Steven Stevens - DT","#92 Leon Varney - RDE","#71 Milton Sloan - DT","#91 Peter Clark - RDE","#94 Mark Simmons - LDE","#45 John Dennis - FS","#55 Matthew Schmitz - MLB","#52 Markus Drake - WLB","#95 Joshua Campbell - WLB","#78 Sammy McDaniel - RDE","#49 Clifford Pigg - CB","#54 Timothy Lewis - SLB"
