HasBall,"Game Clock","Ball @",Quarter,Down,YTG,OffensivePlay,DefensivePlay,YardsGained,"Home Score","Away Score",Text,QB1,RB1,RB2,FB2,FB1,TE1,TE2,WR1,WR3,WR2,WR4,WR5,LT1,LG1,C1,RG1,RT1,P1,LDE1,LDE2,DT1,DT2,RDE1,SLB1,MLB1,MLB2,WLB1,CB1,CB2,CB4,CB3,CB5,SS1,FS1,FS2,"Kick Holder1","Long Snapper1","Kick Returner1","Punt Returner1",Gunner10,Gunner7,Gunner2,Gunner6,Gunner1,Gunner8,Gunner3,Gunner4,Gunner9,Gunner5,Kickoffs1,"Field Goal Kicker1","ST Blocker8","ST Blocker5","ST Blocker4","ST Blocker1","ST Blocker2","ST Blocker3","ST Blocker6","ST Blocker7","ST Rusher4","ST Rusher1","ST Rusher2","ST Rusher3","ST Rusher11","ST Rusher10","ST Rusher9","ST Rusher6","ST Rusher5","ST Rusher7","ST Rusher8"
,15:00,,1,3,8,,,,0,0,"LAX has won the toss and elected to receive.",,,,,,,,,,,,,,,,,,,,,,,,,,,,,,,,,,,,,,,,,,,,,,,,,,,,,,,,,,,,,,,,,,,,,,
TAM,15:00,"TAM 35",1,6,10,Kickoff,"Kick Return",,0,0,"(15:00) 7-Samuel Oakes kicks 69 yards from TAM 35 to LAX -4. 26-Bernard Christofferse to LAX 25 for 30 yards. Tackle by 24-Marvin Guillen.",,,,,,,,,,,,,,,,,,,,,,,,,,,,,,,,,,,,,,"#26 Bernard Christofferse - RB",,"#22 Ernie Lindsay - RB","#44 James Blackburn - CB","#42 Nathan Villanueva - CB","#30 Juan Titus - CB","#41 Paul Shelly - CB","#40 Brian Tatum - SS","#48 Charles Jackson - CB","#43 Juan Rollins - CB","#17 Cody Williamson - WR","#18 John Miller - WR","#7 Samuel Oakes - K",,,,,,,,,,,,,,,,,,,,
LAX,14:55,"LAX 25",1,1,10,"I Formation Normal HB Blast","4-3 Normal Man Under 1",4,0,0,"1-10-LAX 25 (14:56) 22-Ernie Lindsay ran to LAX 28 for 4 yards. Tackle by 51-Charles Harper.","#8 Myron Dustin - QB","#22 Ernie Lindsay - RB",,,"#30 Brian Peterson - FB","#80 Justin Busch - TE",,"#11 James Andersen - WR",,"#12 Richard Neufeld - WR",,,"#65 Lamont Weller - LT","#69 Warren Whittaker - LG","#66 Eduardo Kappel - C","#68 Eddie Flannagan - RG","#70 Andrew Pinder - RT",,"#66 Michael Kyle - RDE",,"#95 William Ferry - DT","#96 Earl McKean - DT","#50 Mitchell Flannery - RDE","#52 Robert Szeto - MLB","#51 Charles Harper - MLB",,"#54 David Stanford - MLB","#45 Travis Massa - CB","#49 Richard Retherford - CB",,,,"#22 Scott Camara - SS","#21 Paul Owens - FS",,,,,,,,,,,,,,,,,,,,,,,,,,,,,,,,,,,,
LAX,14:12,"LAX 28",1,2,6,"Singleback Slot Strong Off Tackle Strong","4-3 Normal Double WR3",,0,0,"2-6-LAX 28 (14:11) 26-Bernard Christofferse ran to LAX 28 for a short gain. Tackle by 51-Charles Harper.","#8 Myron Dustin - QB","#26 Bernard Christofferse - RB",,,,"#80 Justin Busch - TE",,"#15 Dwayne Redden - WR","#17 Cody Williamson - WR","#11 James Andersen - WR",,,"#73 Alex Fuller - LT","#69 Warren Whittaker - LG","#66 Eduardo Kappel - C","#68 Eddie Flannagan - RG","#65 Lamont Weller - LT",,"#66 Michael Kyle - RDE",,"#95 William Ferry - DT","#96 Earl McKean - DT","#50 Mitchell Flannery - RDE","#52 Robert Szeto - MLB","#51 Charles Harper - MLB",,"#54 David Stanford - MLB","#45 Travis Massa - CB","#49 Richard Retherford - CB",,,,"#22 Scott Camara - SS","#21 Paul Owens - FS",,,,,,,,,,,,,,,,,,,,,,,,,,,,,,,,,,,,
LAX,13:36,"LAX 28",1,3,6,"Weak I Normal WR Corner TE Middle","4-3 Normal Man QB Spy",8,0,0,"3-6-LAX 28 (13:35) 8-Myron Dustin pass complete to 26-Bernard Christofferse to LAX 37 for 8 yards. Tackle by 22-Scott Camara.","#8 Myron Dustin - QB","#26 Bernard Christofferse - RB",,,"#30 Brian Peterson - FB","#80 Justin Busch - TE",,"#11 James Andersen - WR",,"#18 John Miller - WR",,,"#65 Lamont Weller - LT","#69 Warren Whittaker - LG","#66 Eduardo Kappel - C","#68 Eddie Flannagan - RG","#70 Andrew Pinder - RT",,"#66 Michael Kyle - RDE",,"#95 William Ferry - DT","#96 Earl McKean - DT","#50 Mitchell Flannery - RDE","#52 Robert Szeto - MLB","#51 Charles Harper - MLB",,"#54 David Stanford - MLB","#45 Travis Massa - CB","#49 Richard Retherford - CB",,,,"#22 Scott Camara - SS","#21 Paul Owens - FS",,,,,,,,,,,,,,,,,,,,,,,,,,,,,,,,,,,,
LAX,12:51,"LAX 37",1,1,10,"Singleback Slot Strong Off Tackle Strong","4-3 Normal Double WR1",,0,0,"1-10-LAX 37 (12:50) 26-Bernard Christofferse ran to LAX 37 for a short gain. Tackle by 21-Paul Owens.","#8 Myron Dustin - QB","#26 Bernard Christofferse - RB",,,,"#80 Justin Busch - TE",,"#15 Dwayne Redden - WR","#17 Cody Williamson - WR","#11 James Andersen - WR",,,"#65 Lamont Weller - LT","#69 Warren Whittaker - LG","#66 Eduardo Kappel - C","#68 Eddie Flannagan - RG","#70 Andrew Pinder - RT",,"#66 Michael Kyle - RDE",,"#95 William Ferry - DT","#96 Earl McKean - DT","#50 Mitchell Flannery - RDE","#52 Robert Szeto - MLB","#51 Charles Harper - MLB",,"#54 David Stanford - MLB","#45 Travis Massa - CB","#49 Richard Retherford - CB",,,,"#22 Scott Camara - SS","#21 Paul Owens - FS",,,,,,,,,,,,,,,,,,,,,,,,,,,,,,,,,,,,
LAX,12:10,"LAX 37",1,2,10,"Split Backs 3 Wide WR Quick Out","4-3 Normal Man QB Spy",,0,0,"2-10-LAX 37 (12:09) 8-Myron Dustin pass INTERCEPTED by 52-Robert Szeto at LAX 38. 52-Robert Szeto to LAX 37 for 1 yards. Tackle by 30-Brian Peterson.","#8 Myron Dustin - QB","#26 Bernard Christofferse - RB",,,"#30 Brian Peterson - FB",,,"#11 James Andersen - WR","#12 Richard Neufeld - WR","#18 John Miller - WR",,,"#65 Lamont Weller - LT","#69 Warren Whittaker - LG","#66 Eduardo Kappel - C","#68 Eddie Flannagan - RG","#70 Andrew Pinder - RT",,"#66 Michael Kyle - RDE",,"#95 William Ferry - DT","#96 Earl McKean - DT","#50 Mitchell Flannery - RDE","#52 Robert Szeto - MLB","#51 Charles Harper - MLB",,"#54 David Stanford - MLB","#45 Travis Massa - CB","#49 Richard Retherford - CB",,,,"#22 Scott Camara - SS","#21 Paul Owens - FS",,,,,,,,,,,,,,,,,,,,,,,,,,,,,,,,,,,,
TAM,12:06,"LAX 37",1,1,10,"Shotgun Normal HB Flare","Nickel Normal Double WR3",8,0,0,"1-10-LAX 37 (12:07) 3-Curtis Torres pass complete to 26-Donald Sykes to LAX 29 for 8 yards. Tackle by 52-Jefferey Vallejo.","#3 Curtis Torres - QB","#3 Donald Sykes - WR",,,,"#87 James Morse - TE",,"#18 Philip J. Fry - WR","#11 Jean Shoemaker - WR","#83 Lloyd Williams - WR",,,"#61 Alex Vasquez - RG","#72 Richard Loring - LG","#75 Samuel Bourque - C","#71 Jimmy Borchert - RG","#65 Chad Delong - RT",,"#93 Kenneth Rasco - LDE",,"#90 Jess Walton - DT","#99 Rey Toler - DT","#95 Shane Cox - RDE",,"#91 Donald Brooks - MLB",,"#52 Jefferey Vallejo - WLB","#41 Paul Shelly - CB","#43 Juan Rollins - CB",,"#48 Charles Jackson - CB",,"#40 Brian Tatum - SS","#45 John Brown - FS",,,,,,,,,,,,,,,,,,,,,,,,,,,,,,,,,,,,
TAM,11:28,"LAX 29",1,2,2,"Goal Line Normal PA TE Drag","Goal Line Attack #2",1,0,0,"2-2-LAX 29 (11:27) 3-Curtis Torres pass complete to 87-James Morse to LAX 28 for 1 yards. Tackle by 41-Paul Shelly.","#3 Curtis Torres - QB","#3 Donald Sykes - WR",,"#48 Richard Sisson - RB","#37 Jessie Sharp - FB","#87 James Morse - TE","#82 Dallas Bradshaw - TE",,,,,,"#61 Alex Vasquez - RG","#72 Richard Loring - LG","#75 Samuel Bourque - C","#71 Jimmy Borchert - RG","#65 Chad Delong - RT",,"#93 Kenneth Rasco - LDE","#91 Thomas Herndon - LDE","#90 Jess Walton - DT","#99 Rey Toler - DT","#95 Shane Cox - RDE","#59 Henry Roach - SLB","#91 Donald Brooks - MLB",,"#52 Jefferey Vallejo - WLB","#41 Paul Shelly - CB","#43 Juan Rollins - CB",,,,"#40 Brian Tatum - SS",,,,,,,,,,,,,,,,,,,,,,,,,,,,,,,,,,,,,
TAM,10:52,"LAX 28",1,3,1,"Goal Line Normal HB Pitch Weak","Goal Line Attack #2",4,0,0,"3-1-LAX 28 (10:51) 26-Donald Sykes ran to LAX 24 for 4 yards. Tackle by 40-Brian Tatum.","#3 Curtis Torres - QB","#3 Donald Sykes - WR",,"#48 Richard Sisson - RB","#37 Jessie Sharp - FB","#87 James Morse - TE","#82 Dallas Bradshaw - TE",,,,,,"#61 Alex Vasquez - RG","#72 Richard Loring - LG","#75 Samuel Bourque - C","#71 Jimmy Borchert - RG","#65 Chad Delong - RT",,"#93 Kenneth Rasco - LDE","#91 Thomas Herndon - LDE","#90 Jess Walton - DT","#99 Rey Toler - DT","#95 Shane Cox - RDE","#59 Henry Roach - SLB","#91 Donald Brooks - MLB",,"#52 Jefferey Vallejo - WLB","#41 Paul Shelly - CB","#43 Juan Rollins - CB",,,,"#40 Brian Tatum - SS",,,,,,,,,,,,,,,,,,,,,,,,,,,,,,,,,,,,,
TAM,10:18,"LAX 24",1,1,10,"Goal Line Normal HB Off Tackle","Goal Line Attack #2",,0,0,"1-10-LAX 24 (10:17) 26-Donald Sykes ran to LAX 24 for a short gain. Tackle by 59-Henry Roach.","#3 Curtis Torres - QB","#3 Donald Sykes - WR",,"#48 Richard Sisson - RB","#37 Jessie Sharp - FB","#87 James Morse - TE","#82 Dallas Bradshaw - TE",,,,,,"#61 Alex Vasquez - RG","#72 Richard Loring - LG","#75 Samuel Bourque - C","#71 Jimmy Borchert - RG","#65 Chad Delong - RT",,"#93 Kenneth Rasco - LDE","#91 Thomas Herndon - LDE","#90 Jess Walton - DT","#99 Rey Toler - DT","#95 Shane Cox - RDE","#59 Henry Roach - SLB","#91 Donald Brooks - MLB",,"#52 Jefferey Vallejo - WLB","#41 Paul Shelly - CB","#43 Juan Rollins - CB",,,,"#40 Brian Tatum - SS",,,,,,,,,,,,,,,,,,,,,,,,,,,,,,,,,,,,,
TAM,9:36,"LAX 24",1,2,10,"Singleback Normal HB Inside Weak","Nickel Normal Double WR3",1,0,0,"2-10-LAX 24 (9:35) 26-Donald Sykes ran to LAX 22 for 1 yards. Tackle by 95-Shane Cox.","#3 Curtis Torres - QB","#3 Donald Sykes - WR",,,,"#87 James Morse - TE",,"#18 Philip J. Fry - WR","#11 Jean Shoemaker - WR","#83 Lloyd Williams - WR",,,"#61 Alex Vasquez - RG","#72 Richard Loring - LG","#75 Samuel Bourque - C","#71 Jimmy Borchert - RG","#65 Chad Delong - RT",,"#93 Kenneth Rasco - LDE",,"#90 Jess Walton - DT","#99 Rey Toler - DT","#95 Shane Cox - RDE",,"#91 Donald Brooks - MLB",,"#52 Jefferey Vallejo - WLB","#41 Paul Shelly - CB","#43 Juan Rollins - CB",,"#48 Charles Jackson - CB",,"#40 Brian Tatum - SS","#45 John Brown - FS",,,,,,,,,,,,,,,,,,,,,,,,,,,,,,,,,,,,
TAM,8:56,"LAX 22",1,3,8,"Strong I Normal WR Post TE Out","46 Normal 3 Deep Zone",4,0,0,"3-8-LAX 22 (8:55) 3-Curtis Torres pass complete to 18-Philip J. Fry to LAX 18 for 4 yards. Tackle by 41-Paul Shelly.","#3 Curtis Torres - QB","#3 Donald Sykes - WR",,,"#37 Jessie Sharp - FB","#87 James Morse - TE",,"#18 Philip J. Fry - WR",,"#83 Lloyd Williams - WR",,,"#61 Alex Vasquez - RG","#72 Richard Loring - LG","#75 Samuel Bourque - C","#71 Jimmy Borchert - RG","#65 Chad Delong - RT",,"#93 Kenneth Rasco - LDE",,"#90 Jess Walton - DT","#99 Rey Toler - DT","#95 Shane Cox - RDE","#59 Henry Roach - SLB","#91 Donald Brooks - MLB",,"#52 Jefferey Vallejo - WLB","#41 Paul Shelly - CB","#43 Juan Rollins - CB",,,,"#40 Brian Tatum - SS","#45 John Brown - FS",,,,,,,,,,,,,,,,,,,,,,,,,,,,,,,,,,,,
TAM,8:20,"LAX 18",1,4,4,"Field Goal","FG Block",29,0,3,"4-4-LAX 18 (8:19) 7-Samuel Oakes 36 yard field goal is GOOD. LAX 0 TAM 3",,,,,,,,,,,,,,,,,,,,,,,,,,,,,,,,,,,,"#3 Curtis Torres - QB","#87 James Morse - TE",,,,,,,,,,,,,,"#7 Samuel Oakes - K","#72 Richard Loring - LG","#69 Foster Dray - LG","#61 Alex Vasquez - RG","#2 George Alexander - C","#65 Chad Delong - RT","#71 Jimmy Borchert - RG","#37 Jessie Sharp - FB","#60 Benjamin Orr - RT","#91 Thomas Herndon - LDE","#91 Donald Brooks - MLB","#92 Darius David - RDE","#59 Henry Roach - SLB","#93 Kenneth Rasco - LDE","#97 Michael Kennedy - RDE","#57 Eugene Goodson - MLB","#53 Rex Christian - WLB","#90 Jess Walton - DT","#76 Wesley Carr - DT","#50 Joel Reed - SLB"
TAM,8:15,"TAM 35",1,6,10,Kickoff,"Kick Return",,0,3,"(8:16) 7-Samuel Oakes kicks 75 yards from TAM 35 to LAX -10. Touchback.",,,,,,,,,,,,,,,,,,,,,,,,,,,,,,,,,,,,,,"#26 Bernard Christofferse - RB",,"#22 Ernie Lindsay - RB","#44 James Blackburn - CB","#42 Nathan Villanueva - CB","#30 Juan Titus - CB","#41 Paul Shelly - CB","#40 Brian Tatum - SS","#48 Charles Jackson - CB","#43 Juan Rollins - CB","#17 Cody Williamson - WR","#18 John Miller - WR","#7 Samuel Oakes - K",,,,,,,,,,,,,,,,,,,,
LAX,8:15,"LAX 25",1,1,10,"I Formation Power HB Strong Outside","4-3 Normal Man Under 1",10,0,3,"1-10-LAX 25 (8:16) 26-Bernard Christofferse ran to LAX 35 for 10 yards. Tackle by 49-Richard Retherford.","#8 Myron Dustin - QB","#26 Bernard Christofferse - RB",,"#31 Everett Oreilly - FB","#30 Brian Peterson - FB","#80 Justin Busch - TE",,"#11 James Andersen - WR",,,,,"#65 Lamont Weller - LT","#69 Warren Whittaker - LG","#66 Eduardo Kappel - C","#68 Eddie Flannagan - RG","#70 Andrew Pinder - RT",,"#66 Michael Kyle - RDE",,"#95 William Ferry - DT","#96 Earl McKean - DT","#50 Mitchell Flannery - RDE","#52 Robert Szeto - MLB","#51 Charles Harper - MLB",,"#54 David Stanford - MLB","#45 Travis Massa - CB","#49 Richard Retherford - CB",,,,"#22 Scott Camara - SS","#21 Paul Owens - FS",,,,,,,,,,,,,,,,,,,,,,,,,,,,,,,,,,,,
LAX,7:36,"LAX 35",1,1,10,"Singleback Slot Strong Off Tackle Strong","4-3 Normal Double WR3",1,0,3,"1-10-LAX 35 (7:35) 22-Ernie Lindsay ran to LAX 37 for 1 yards. Tackle by 51-Charles Harper.","#8 Myron Dustin - QB","#22 Ernie Lindsay - RB",,,,"#80 Justin Busch - TE",,"#15 Dwayne Redden - WR","#17 Cody Williamson - WR","#11 James Andersen - WR",,,"#73 Alex Fuller - LT","#69 Warren Whittaker - LG","#66 Eduardo Kappel - C","#68 Eddie Flannagan - RG","#65 Lamont Weller - LT",,"#66 Michael Kyle - RDE",,"#95 William Ferry - DT","#96 Earl McKean - DT","#50 Mitchell Flannery - RDE","#52 Robert Szeto - MLB","#51 Charles Harper - MLB",,"#54 David Stanford - MLB","#45 Travis Massa - CB","#49 Richard Retherford - CB",,,,"#22 Scott Camara - SS","#21 Paul Owens - FS",,,,,,,,,,,,,,,,,,,,,,,,,,,,,,,,,,,,
LAX,6:51,"LAX 37",1,2,9,"Goal Line Normal HB Outside Strong","4-3 Normal Man Under 1",3,0,3,"2-9-LAX 37 (6:50) 26-Bernard Christofferse ran to LAX 40 for 3 yards. Tackle by 51-Charles Harper. TAM 96-Earl McKean was injured on the play. He looks like he should be able to return.","#8 Myron Dustin - QB","#26 Bernard Christofferse - RB",,"#17 Cody Williamson - WR","#30 Brian Peterson - FB","#80 Justin Busch - TE","#31 Everett Oreilly - FB",,,,,,"#65 Lamont Weller - LT","#69 Warren Whittaker - LG","#66 Eduardo Kappel - C","#68 Eddie Flannagan - RG","#70 Andrew Pinder - RT",,"#66 Michael Kyle - RDE",,"#95 William Ferry - DT","#96 Earl McKean - DT","#50 Mitchell Flannery - RDE","#52 Robert Szeto - MLB","#51 Charles Harper - MLB",,"#54 David Stanford - MLB","#45 Travis Massa - CB","#49 Richard Retherford - CB",,,,"#22 Scott Camara - SS","#21 Paul Owens - FS",,,,,,,,,,,,,,,,,,,,,,,,,,,,,,,,,,,,
LAX,6:13,"LAX 40",1,3,6,"I Formation 3WR Slot Short WR Deep","4-3 Normal WLB MLB Blitz",8,0,3,"3-6-LAX 40 (6:12) 8-Myron Dustin pass complete to 12-Richard Neufeld to LAX 48 for 8 yards. Tackle by 21-Paul Owens.","#8 Myron Dustin - QB","#26 Bernard Christofferse - RB",,,"#30 Brian Peterson - FB",,,"#11 James Andersen - WR","#12 Richard Neufeld - WR","#18 John Miller - WR",,,"#65 Lamont Weller - LT","#69 Warren Whittaker - LG","#66 Eduardo Kappel - C","#68 Eddie Flannagan - RG","#70 Andrew Pinder - RT",,"#66 Michael Kyle - RDE",,"#95 William Ferry - DT","#53 Allan Sweeney - RDE","#50 Mitchell Flannery - RDE","#52 Robert Szeto - MLB","#51 Charles Harper - MLB",,"#54 David Stanford - MLB","#45 Travis Massa - CB","#49 Richard Retherford - CB",,,,"#22 Scott Camara - SS","#21 Paul Owens - FS",,,,,,,,,,,,,,,,,,,,,,,,,,,,,,,,,,,,
LAX,5:34,"LAX 48",1,1,10,"Goal Line Normal HB Pitch Weak","4-3 Normal Double Safety Blitz",1,0,3,"1-10-LAX 48 (5:33) 22-Ernie Lindsay ran to LAX 48 for 1 yards. Tackle by 21-Paul Owens.","#8 Myron Dustin - QB","#22 Ernie Lindsay - RB",,"#17 Cody Williamson - WR","#30 Brian Peterson - FB","#80 Justin Busch - TE","#31 Everett Oreilly - FB",,,,,,"#65 Lamont Weller - LT","#69 Warren Whittaker - LG","#66 Eduardo Kappel - C","#68 Eddie Flannagan - RG","#70 Andrew Pinder - RT",,"#66 Michael Kyle - RDE",,"#95 William Ferry - DT","#53 Allan Sweeney - RDE","#50 Mitchell Flannery - RDE","#52 Robert Szeto - MLB","#51 Charles Harper - MLB",,"#54 David Stanford - MLB","#45 Travis Massa - CB","#49 Richard Retherford - CB",,,,"#22 Scott Camara - SS","#21 Paul Owens - FS",,,,,,,,,,,,,,,,,,,,,,,,,,,,,,,,,,,,
LAX,4:57,"LAX 48",1,2,9,"Singleback Normal FL Post","4-3 Normal Double WR2",5,0,3,"2-9-LAX 48 (4:56) 8-Myron Dustin pass complete to 17-Cody Williamson to TAM 46 for 5 yards. Tackle by 54-David Stanford.","#8 Myron Dustin - QB","#26 Bernard Christofferse - RB",,,,"#80 Justin Busch - TE",,"#18 John Miller - WR","#17 Cody Williamson - WR","#11 James Andersen - WR",,,"#65 Lamont Weller - LT","#68 Eddie Flannagan - RG","#66 Eduardo Kappel - C","#77 Jack Singh - LG","#70 Andrew Pinder - RT",,"#66 Michael Kyle - RDE",,"#95 William Ferry - DT","#53 Allan Sweeney - RDE","#50 Mitchell Flannery - RDE","#52 Robert Szeto - MLB","#51 Charles Harper - MLB",,"#54 David Stanford - MLB","#45 Travis Massa - CB","#49 Richard Retherford - CB",,,,"#22 Scott Camara - SS","#21 Paul Owens - FS",,,,,,,,,,,,,,,,,,,,,,,,,,,,,,,,,,,,
LAX,4:17,"TAM 46",1,3,4,"Singleback Slot Strong HB Checkdown","4-3 Normal Double WR2",-5,0,3,"3-4-TAM 46 (4:16) 8-Myron Dustin sacked at LAX 49 for -5 yards (50-Mitchell Flannery). Sack allowed by 73-Alex Fuller.","#8 Myron Dustin - QB","#22 Ernie Lindsay - RB",,,,"#80 Justin Busch - TE",,"#15 Dwayne Redden - WR","#17 Cody Williamson - WR","#11 James Andersen - WR",,,"#73 Alex Fuller - LT","#69 Warren Whittaker - LG","#66 Eduardo Kappel - C","#68 Eddie Flannagan - RG","#65 Lamont Weller - LT",,"#66 Michael Kyle - RDE",,"#95 William Ferry - DT","#53 Allan Sweeney - RDE","#50 Mitchell Flannery - RDE","#52 Robert Szeto - MLB","#51 Charles Harper - MLB",,"#54 David Stanford - MLB","#45 Travis Massa - CB","#49 Richard Retherford - CB",,,,"#22 Scott Camara - SS","#21 Paul Owens - FS",,,,,,,,,,,,,,,,,,,,,,,,,,,,,,,,,,,,
LAX,3:34,"LAX 49",1,4,9,Punt,"Punt Return",51,0,3,"4-9-LAX 49 (3:33) 2-Christopher Hill punts 51 yards to TAM 0.4-9-LAX 49 (3:33) 2-Christopher Hill punts 51 yards to TAM 0. Touchback.",,,,,,,,,,,,,,,,,,"#2 Christopher Hill - P",,,,,,,,,,,,,,,,,,,"#64 Frank Flores - LG",,"#3 Donald Sykes - WR",,,"#21 Paul Owens - FS","#45 Travis Massa - CB","#22 Scott Camara - SS",,"#24 Marvin Guillen - CB","#51 Charles Harper - MLB",,"#1 Jim Catt - CB",,,,"#66 Eduardo Kappel - C","#70 Andrew Pinder - RT","#65 Lamont Weller - LT","#69 Warren Whittaker - LG","#62 Richard Fuentes - C","#68 Eddie Flannagan - RG",,"#95 William Ferry - DT","#66 Michael Kyle - RDE","#52 Robert Szeto - MLB","#58 Chester Janik - WLB",,,,,,,
TAM,3:24,"TAM 20",1,1,10,"I Formation Normal PA Outside Curls","4-3 Under Crash Left",3,0,3,"1-10-TAM 20 (3:25) 3-Curtis Torres pass complete to 18-Philip J. Fry to TAM 23 for 3 yards. Tackle by 43-Juan Rollins.","#3 Curtis Torres - QB","#3 Donald Sykes - WR",,,"#37 Jessie Sharp - FB","#87 James Morse - TE",,"#18 Philip J. Fry - WR",,"#83 Lloyd Williams - WR",,,"#61 Alex Vasquez - RG","#72 Richard Loring - LG","#75 Samuel Bourque - C","#71 Jimmy Borchert - RG","#65 Chad Delong - RT",,"#93 Kenneth Rasco - LDE",,"#90 Jess Walton - DT","#99 Rey Toler - DT","#95 Shane Cox - RDE","#59 Henry Roach - SLB","#91 Donald Brooks - MLB",,"#52 Jefferey Vallejo - WLB","#43 Juan Rollins - CB","#48 Charles Jackson - CB",,,,"#40 Brian Tatum - SS","#45 John Brown - FS",,,,,,,,,,,,,,,,,,,,,,,,,,,,,,,,,,,,
TAM,2:45,"TAM 23",1,2,7,"I Formation Normal Curl & Post","4-3 Normal Man QB Spy",8,0,3,"2-7-TAM 23 (2:44) 3-Curtis Torres pass complete to 87-James Morse to TAM 31 for 8 yards. Tackle by 52-Jefferey Vallejo. LAX 52-Jefferey Vallejo was injured on the play. He looks like he should be able to return.","#3 Curtis Torres - QB","#3 Donald Sykes - WR",,,"#37 Jessie Sharp - FB","#87 James Morse - TE",,"#18 Philip J. Fry - WR",,"#83 Lloyd Williams - WR",,,"#61 Alex Vasquez - RG","#72 Richard Loring - LG","#75 Samuel Bourque - C","#71 Jimmy Borchert - RG","#65 Chad Delong - RT",,"#93 Kenneth Rasco - LDE",,"#90 Jess Walton - DT","#99 Rey Toler - DT","#95 Shane Cox - RDE","#59 Henry Roach - SLB","#91 Donald Brooks - MLB",,"#52 Jefferey Vallejo - WLB","#41 Paul Shelly - CB","#43 Juan Rollins - CB",,,,"#44 James Blackburn - CB","#45 John Brown - FS",,,,,,,,,,,,,,,,,,,,,,,,,,,,,,,,,,,,
TAM,2:00,"TAM 31",1,1,10,"I Formation Normal PA Outside Curls","4-3 Under Double Safety Blitz",,0,3,"1-10-TAM 31 (1:59) 3-Curtis Torres pass incomplete, intended for 18-Philip J. Fry.","#3 Curtis Torres - QB","#3 Donald Sykes - WR",,,"#37 Jessie Sharp - FB","#87 James Morse - TE",,"#18 Philip J. Fry - WR",,"#83 Lloyd Williams - WR",,,"#61 Alex Vasquez - RG","#72 Richard Loring - LG","#75 Samuel Bourque - C","#71 Jimmy Borchert - RG","#65 Chad Delong - RT",,"#93 Kenneth Rasco - LDE",,"#90 Jess Walton - DT","#99 Rey Toler - DT","#95 Shane Cox - RDE","#59 Henry Roach - SLB","#91 Donald Brooks - MLB",,"#57 Eugene Goodson - MLB","#43 Juan Rollins - CB","#48 Charles Jackson - CB",,,,"#40 Brian Tatum - SS","#45 John Brown - FS",,,,,,,,,,,,,,,,,,,,,,,,,,,,,,,,,,,,
TAM,1:55,"TAM 31",1,2,10,"Shotgun Normal HB Flare","Nickel Normal 2 Deep",,0,3,"2-10-TAM 31 (1:56) 3-Curtis Torres pass INTERCEPTED by 57-Eugene Goodson at TAM 33. 57-Eugene Goodson to TAM 33 for -0 yards. Tackle by 26-Donald Sykes.","#3 Curtis Torres - QB","#3 Donald Sykes - WR",,,,"#87 James Morse - TE",,"#18 Philip J. Fry - WR","#11 Jean Shoemaker - WR","#83 Lloyd Williams - WR",,,"#61 Alex Vasquez - RG","#72 Richard Loring - LG","#75 Samuel Bourque - C","#71 Jimmy Borchert - RG","#65 Chad Delong - RT",,"#93 Kenneth Rasco - LDE",,"#90 Jess Walton - DT","#99 Rey Toler - DT","#95 Shane Cox - RDE",,"#91 Donald Brooks - MLB",,"#57 Eugene Goodson - MLB","#41 Paul Shelly - CB","#43 Juan Rollins - CB",,"#48 Charles Jackson - CB",,"#40 Brian Tatum - SS","#45 John Brown - FS",,,,,,,,,,,,,,,,,,,,,,,,,,,,,,,,,,,,
LAX,1:52,"TAM 33",1,1,10,"Singleback Slot Strong HB Strong Inside","4-3 Normal WLB Outside Blitz",3,0,3,"1-10-TAM 33 (1:53) 26-Bernard Christofferse ran to TAM 30 for 3 yards. Tackle by 54-David Stanford.","#8 Myron Dustin - QB","#26 Bernard Christofferse - RB",,,,"#80 Justin Busch - TE",,"#15 Dwayne Redden - WR","#17 Cody Williamson - WR","#11 James Andersen - WR",,,"#73 Alex Fuller - LT","#69 Warren Whittaker - LG","#66 Eduardo Kappel - C","#68 Eddie Flannagan - RG","#65 Lamont Weller - LT",,"#66 Michael Kyle - RDE",,"#95 William Ferry - DT","#96 Earl McKean - DT","#50 Mitchell Flannery - RDE","#52 Robert Szeto - MLB","#51 Charles Harper - MLB",,"#54 David Stanford - MLB","#45 Travis Massa - CB","#49 Richard Retherford - CB",,,,"#22 Scott Camara - SS","#21 Paul Owens - FS",,,,,,,,,,,,,,,,,,,,,,,,,,,,,,,,,,,,
LAX,1:14,"TAM 30",1,2,7,"I Formation Twin WR HB Toss Weak","4-3 Normal Man Under 1",2,0,3,"2-7-TAM 30 (1:13) 26-Bernard Christofferse ran to TAM 28 for 2 yards. Tackle by 52-Robert Szeto.","#8 Myron Dustin - QB","#26 Bernard Christofferse - RB",,,"#30 Brian Peterson - FB","#80 Justin Busch - TE",,"#11 James Andersen - WR",,"#18 John Miller - WR",,,"#68 Eddie Flannagan - RG","#69 Warren Whittaker - LG","#66 Eduardo Kappel - C","#65 Lamont Weller - LT","#70 Andrew Pinder - RT",,"#66 Michael Kyle - RDE",,"#95 William Ferry - DT","#96 Earl McKean - DT","#50 Mitchell Flannery - RDE","#52 Robert Szeto - MLB","#51 Charles Harper - MLB",,"#54 David Stanford - MLB","#45 Travis Massa - CB","#49 Richard Retherford - CB",,,,"#22 Scott Camara - SS","#21 Paul Owens - FS",,,,,,,,,,,,,,,,,,,,,,,,,,,,,,,,,,,,
LAX,0:36,"TAM 28",1,3,5,"I Formation Normal Curl & Post","4-3 Normal Man Under 1",8,0,3,"3-5-TAM 28 (0:35) 8-Myron Dustin ran to TAM 20 for 8 yards. Tackle by 51-Charles Harper. TAM 96-Earl McKean was injured on the play. He looks like he should be able to return.","#8 Myron Dustin - QB","#26 Bernard Christofferse - RB",,,"#30 Brian Peterson - FB","#80 Justin Busch - TE",,"#11 James Andersen - WR",,"#12 Richard Neufeld - WR",,,"#65 Lamont Weller - LT","#69 Warren Whittaker - LG","#66 Eduardo Kappel - C","#68 Eddie Flannagan - RG","#70 Andrew Pinder - RT",,"#66 Michael Kyle - RDE",,"#95 William Ferry - DT","#96 Earl McKean - DT","#50 Mitchell Flannery - RDE","#52 Robert Szeto - MLB","#51 Charles Harper - MLB",,"#54 David Stanford - MLB","#45 Travis Massa - CB","#49 Richard Retherford - CB",,,,"#22 Scott Camara - SS","#21 Paul Owens - FS",,,,,,,,,,,,,,,,,,,,,,,,,,,,,,,,,,,,
,0:00,,1,1,10,,,,0,3,"End of first quarter.",,,,,,,,,,,,,,,,,,,,,,,,,,,,,,,,,,,,,,,,,,,,,,,,,,,,,,,,,,,,,,,,,,,,,,
LAX,15:00,"TAM 20",2,1,10,"I Formation Twin WR HB Toss Weak","4-3 Normal Man QB Spy",4,0,3,"1-10-TAM 20 (15:00) 22-Ernie Lindsay ran to TAM 16 for 4 yards. Tackle by 52-Robert Szeto.","#8 Myron Dustin - QB","#22 Ernie Lindsay - RB",,,"#30 Brian Peterson - FB","#80 Justin Busch - TE",,"#11 James Andersen - WR",,"#18 John Miller - WR",,,"#68 Eddie Flannagan - RG","#69 Warren Whittaker - LG","#66 Eduardo Kappel - C","#65 Lamont Weller - LT","#70 Andrew Pinder - RT",,"#66 Michael Kyle - RDE",,"#95 William Ferry - DT","#96 Earl McKean - DT","#50 Mitchell Flannery - RDE","#52 Robert Szeto - MLB","#51 Charles Harper - MLB",,"#54 David Stanford - MLB","#45 Travis Massa - CB","#49 Richard Retherford - CB",,,,"#22 Scott Camara - SS","#21 Paul Owens - FS",,,,,,,,,,,,,,,,,,,,,,,,,,,,,,,,,,,,
LAX,14:16,"TAM 16",2,2,6,"Goal Line Normal HB Outside Strong","4-3 Under Double LB Blitz",3,0,3,"2-6-TAM 16 (14:15) 26-Bernard Christofferse ran to TAM 13 for 3 yards. Tackle by 54-David Stanford.","#8 Myron Dustin - QB","#26 Bernard Christofferse - RB",,"#17 Cody Williamson - WR","#30 Brian Peterson - FB","#80 Justin Busch - TE","#31 Everett Oreilly - FB",,,,,,"#65 Lamont Weller - LT","#69 Warren Whittaker - LG","#66 Eduardo Kappel - C","#68 Eddie Flannagan - RG","#70 Andrew Pinder - RT",,"#66 Michael Kyle - RDE",,"#95 William Ferry - DT","#96 Earl McKean - DT","#50 Mitchell Flannery - RDE","#52 Robert Szeto - MLB","#51 Charles Harper - MLB",,"#54 David Stanford - MLB","#45 Travis Massa - CB","#49 Richard Retherford - CB",,,,"#22 Scott Camara - SS","#21 Paul Owens - FS",,,,,,,,,,,,,,,,,,,,,,,,,,,,,,,,,,,,
LAX,13:33,"TAM 13",2,3,3,"Singleback Slot Strong Post Curls","4-3 Normal Double WR2",,0,3,"3-3-TAM 13 (13:32) 8-Myron Dustin pass complete to 17-Cody Williamson to TAM 13 for a short gain. Tackle by 54-David Stanford.","#8 Myron Dustin - QB","#26 Bernard Christofferse - RB",,,,"#80 Justin Busch - TE",,"#15 Dwayne Redden - WR","#17 Cody Williamson - WR","#11 James Andersen - WR",,,"#65 Lamont Weller - LT","#69 Warren Whittaker - LG","#66 Eduardo Kappel - C","#68 Eddie Flannagan - RG","#70 Andrew Pinder - RT",,"#66 Michael Kyle - RDE",,"#95 William Ferry - DT","#96 Earl McKean - DT","#50 Mitchell Flannery - RDE","#52 Robert Szeto - MLB","#51 Charles Harper - MLB",,"#54 David Stanford - MLB","#45 Travis Massa - CB","#49 Richard Retherford - CB",,,,"#22 Scott Camara - SS","#21 Paul Owens - FS",,,,,,,,,,,,,,,,,,,,,,,,,,,,,,,,,,,,
LAX,12:53,"TAM 13",2,4,2,"Field Goal","FG Block",23,3,3,"4-2-TAM 13 (12:52) 1-Eric Chandler 30 yard field goal is GOOD. LAX 3 TAM 3",,,,,,,,,,,,,,,,,,,,,,,,,,,,,,,,,,,,"#8 Myron Dustin - QB","#64 Frank Flores - LG",,,,,,,,,,,,,,"#1 Eric Chandler - K","#73 Alex Fuller - LT","#66 Eduardo Kappel - C","#70 Andrew Pinder - RT","#65 Lamont Weller - LT","#69 Warren Whittaker - LG","#62 Richard Fuentes - C","#68 Eddie Flannagan - RG","#80 Justin Busch - TE","#95 William Ferry - DT","#66 Michael Kyle - RDE","#52 Robert Szeto - MLB","#58 Chester Janik - WLB","#91 Harris Dykes - MLB","#94 Alfred Chavez - WLB","#54 David Stanford - MLB","#96 Earl McKean - DT","#51 Charles Harper - MLB","#59 Richard Kersten - RDE","#53 Allan Sweeney - RDE"
LAX,12:48,"LAX 35",2,6,10,Kickoff,"Kick Return",,3,3,"(12:49) 1-Eric Chandler kicks 72 yards from LAX 35 to TAM -7. Touchback.",,,,,,,,,,,,,,,,,,,,,,,,,,,,,,,,,,,,,,"#3 Donald Sykes - WR",,"#94 Alfred Chavez - WLB","#45 Travis Massa - CB","#52 Robert Szeto - MLB","#1 Jim Catt - CB","#22 Scott Camara - SS","#54 David Stanford - MLB","#21 Paul Owens - FS","#24 Marvin Guillen - CB","#49 Richard Retherford - CB","#51 Charles Harper - MLB","#1 Eric Chandler - K",,,,,,,,,,,,,,,,,,,,
TAM,12:48,"TAM 25",2,1,10,"I Formation Normal FL Hitch","4-3 Under Double Safety Blitz",-7,3,3,"1-10-TAM 25 (12:49) 3-Curtis Torres sacked at TAM 18 for -7 yards (45-John Brown)","#3 Curtis Torres - QB","#3 Donald Sykes - WR",,,"#37 Jessie Sharp - FB","#87 James Morse - TE",,"#18 Philip J. Fry - WR",,"#83 Lloyd Williams - WR",,,"#61 Alex Vasquez - RG","#72 Richard Loring - LG","#75 Samuel Bourque - C","#71 Jimmy Borchert - RG","#65 Chad Delong - RT",,"#93 Kenneth Rasco - LDE",,"#90 Jess Walton - DT","#99 Rey Toler - DT","#95 Shane Cox - RDE","#59 Henry Roach - SLB","#91 Donald Brooks - MLB",,"#52 Jefferey Vallejo - WLB","#41 Paul Shelly - CB","#43 Juan Rollins - CB",,,,"#40 Brian Tatum - SS","#45 John Brown - FS",,,,,,,,,,,,,,,,,,,,,,,,,,,,,,,,,,,,
TAM,12:06,"TAM 18",2,2,17,"Singleback Normal HB Inside Weak","46 Normal 3 Deep Zone",12,3,3,"2-17-TAM 18 (12:05) 26-Donald Sykes ran to TAM 29 for 12 yards. Tackle by 45-John Brown.","#3 Curtis Torres - QB","#3 Donald Sykes - WR",,,,"#87 James Morse - TE",,"#18 Philip J. Fry - WR","#11 Jean Shoemaker - WR","#83 Lloyd Williams - WR",,,"#61 Alex Vasquez - RG","#72 Richard Loring - LG","#75 Samuel Bourque - C","#71 Jimmy Borchert - RG","#65 Chad Delong - RT",,"#93 Kenneth Rasco - LDE",,"#90 Jess Walton - DT","#99 Rey Toler - DT","#95 Shane Cox - RDE","#59 Henry Roach - SLB","#91 Donald Brooks - MLB",,"#52 Jefferey Vallejo - WLB","#41 Paul Shelly - CB","#43 Juan Rollins - CB",,,,"#40 Brian Tatum - SS","#45 John Brown - FS",,,,,,,,,,,,,,,,,,,,,,,,,,,,,,,,,,,,
TAM,11:23,"TAM 29",2,3,6,"I Formation Normal HB Toss Strong","4-3 Under Double Safety Blitz",2,3,3,"3-6-TAM 29 (11:22) 48-Richard Sisson ran to TAM 31 for 2 yards. Tackle by 51-Donald Brooks.","#3 Curtis Torres - QB","#48 Richard Sisson - RB",,,"#37 Jessie Sharp - FB","#87 James Morse - TE",,"#18 Philip J. Fry - WR",,"#83 Lloyd Williams - WR",,,"#61 Alex Vasquez - RG","#72 Richard Loring - LG","#75 Samuel Bourque - C","#71 Jimmy Borchert - RG","#65 Chad Delong - RT",,"#93 Kenneth Rasco - LDE",,"#90 Jess Walton - DT","#99 Rey Toler - DT","#95 Shane Cox - RDE","#59 Henry Roach - SLB","#91 Donald Brooks - MLB",,"#52 Jefferey Vallejo - WLB","#41 Paul Shelly - CB","#43 Juan Rollins - CB",,,,"#40 Brian Tatum - SS","#45 John Brown - FS",,,,,,,,,,,,,,,,,,,,,,,,,,,,,,,,,,,,
TAM,10:47,"TAM 31",2,4,4,Punt,"Punt Return",,3,3,"4-4-TAM 31 (10:46) 4-Stephen Read punts 48 yards to LAX 21. Fair Catch by 26-Bernard Christofferse.",,,,,,,,,,,,,,,,,,"#4 Stephen Read - P",,,,,,,,,,,,,,,,,,,"#87 James Morse - TE",,"#26 Bernard Christofferse - RB",,,"#42 Nathan Villanueva - CB","#30 Juan Titus - CB","#41 Paul Shelly - CB",,"#48 Charles Jackson - CB","#43 Juan Rollins - CB",,"#18 John Miller - WR",,,,"#69 Foster Dray - LG","#61 Alex Vasquez - RG","#2 George Alexander - C","#65 Chad Delong - RT","#71 Jimmy Borchert - RG","#37 Jessie Sharp - FB",,"#91 Thomas Herndon - LDE","#91 Donald Brooks - MLB","#92 Darius David - RDE","#59 Henry Roach - SLB",,,,,,,
LAX,10:38,"LAX 21",2,1,10,"Singleback Slot Strong HB Strong Inside","4-3 Normal Double WR2",-2,3,3,"1-10-LAX 21 (10:39) 26-Bernard Christofferse ran to LAX 19 for -2 yards. Tackle by 52-Robert Szeto.","#8 Myron Dustin - QB","#26 Bernard Christofferse - RB",,,,"#80 Justin Busch - TE",,"#15 Dwayne Redden - WR","#17 Cody Williamson - WR","#11 James Andersen - WR",,,"#65 Lamont Weller - LT","#69 Warren Whittaker - LG","#66 Eduardo Kappel - C","#68 Eddie Flannagan - RG","#70 Andrew Pinder - RT",,"#66 Michael Kyle - RDE",,"#95 William Ferry - DT","#96 Earl McKean - DT","#50 Mitchell Flannery - RDE","#52 Robert Szeto - MLB","#51 Charles Harper - MLB",,"#54 David Stanford - MLB","#45 Travis Massa - CB","#49 Richard Retherford - CB",,,,"#22 Scott Camara - SS","#21 Paul Owens - FS",,,,,,,,,,,,,,,,,,,,,,,,,,,,,,,,,,,,
LAX,10:05,"LAX 19",2,2,12,"Singleback Slot Strong HB Checkdown","4-3 Normal WLB Outside Blitz",,3,3,"2-12-LAX 19 (10:04) 8-Myron Dustin pass Pass knocked down by 51-Charles Harper. incomplete, intended for 26-Bernard Christofferse. TAM 50-Mitchell Flannery was injured on the play. He looks like he should be able to return.","#8 Myron Dustin - QB","#26 Bernard Christofferse - RB",,,,"#80 Justin Busch - TE",,"#15 Dwayne Redden - WR","#17 Cody Williamson - WR","#11 James Andersen - WR",,,"#65 Lamont Weller - LT","#69 Warren Whittaker - LG","#66 Eduardo Kappel - C","#68 Eddie Flannagan - RG","#70 Andrew Pinder - RT",,"#66 Michael Kyle - RDE",,"#95 William Ferry - DT","#96 Earl McKean - DT","#50 Mitchell Flannery - RDE","#52 Robert Szeto - MLB","#51 Charles Harper - MLB",,"#54 David Stanford - MLB","#45 Travis Massa - CB","#49 Richard Retherford - CB",,,,"#22 Scott Camara - SS","#21 Paul Owens - FS",,,,,,,,,,,,,,,,,,,,,,,,,,,,,,,,,,,,
LAX,9:59,"LAX 19",2,3,12,"Singleback Normal WR Quick In","4-3 Normal Double WR3",,3,3,"3-12-LAX 19 (10:00) 8-Myron Dustin pass incomplete, dropped by 22-Ernie Lindsay.","#8 Myron Dustin - QB","#22 Ernie Lindsay - RB",,,,"#80 Justin Busch - TE",,"#18 John Miller - WR","#17 Cody Williamson - WR","#11 James Andersen - WR",,,"#65 Lamont Weller - LT","#69 Warren Whittaker - LG","#66 Eduardo Kappel - C","#68 Eddie Flannagan - RG","#70 Andrew Pinder - RT",,"#66 Michael Kyle - RDE",,"#95 William Ferry - DT","#96 Earl McKean - DT","#90 Haywood Barnes - RDE","#52 Robert Szeto - MLB","#51 Charles Harper - MLB",,"#54 David Stanford - MLB","#45 Travis Massa - CB","#49 Richard Retherford - CB",,,,"#22 Scott Camara - SS","#21 Paul Owens - FS",,,,,,,,,,,,,,,,,,,,,,,,,,,,,,,,,,,,
LAX,9:56,"LAX 19",2,4,12,Punt,"Punt Return",53,3,3,"4-12-LAX 19 (9:57) 2-Christopher Hill punts 53 yards to TAM 28.",,,,,,,,,,,,,,,,,,"#2 Christopher Hill - P",,,,,,,,,,,,,,,,,,,"#64 Frank Flores - LG",,"#3 Donald Sykes - WR",,,"#52 Robert Szeto - MLB","#45 Travis Massa - CB","#22 Scott Camara - SS",,"#21 Paul Owens - FS","#24 Marvin Guillen - CB",,"#1 Jim Catt - CB",,,,"#66 Eduardo Kappel - C","#70 Andrew Pinder - RT","#65 Lamont Weller - LT","#69 Warren Whittaker - LG","#62 Richard Fuentes - C","#68 Eddie Flannagan - RG",,"#51 Charles Harper - MLB","#66 Michael Kyle - RDE","#58 Chester Janik - WLB","#95 William Ferry - DT",,,,,,,
TAM,9:47,"TAM 28",2,1,10,"I Formation Normal HB Blast","4-3 Under Crash Left",13,3,3,"1-10-TAM 28 (9:48) 26-Donald Sykes ran to TAM 41 for 13 yards. Tackle by 40-Brian Tatum.","#3 Curtis Torres - QB","#3 Donald Sykes - WR",,,"#37 Jessie Sharp - FB","#87 James Morse - TE",,"#18 Philip J. Fry - WR",,"#83 Lloyd Williams - WR",,,"#61 Alex Vasquez - RG","#72 Richard Loring - LG","#75 Samuel Bourque - C","#71 Jimmy Borchert - RG","#65 Chad Delong - RT",,"#93 Kenneth Rasco - LDE",,"#90 Jess Walton - DT","#99 Rey Toler - DT","#95 Shane Cox - RDE","#59 Henry Roach - SLB","#91 Donald Brooks - MLB",,"#52 Jefferey Vallejo - WLB","#43 Juan Rollins - CB","#44 James Blackburn - CB",,,,"#40 Brian Tatum - SS","#45 John Brown - FS",,,,,,,,,,,,,,,,,,,,,,,,,,,,,,,,,,,,
TAM,9:13,"TAM 41",2,1,10,"I Formation Normal FL Hitch","4-3 Under Crash Left",,3,3,"1-10-TAM 41 (9:12) 3-Curtis Torres pass incomplete, intended for 18-Philip J. Fry. Pressure by 99-Rey Toler.","#3 Curtis Torres - QB","#48 Richard Sisson - RB",,,"#37 Jessie Sharp - FB","#87 James Morse - TE",,"#18 Philip J. Fry - WR",,"#83 Lloyd Williams - WR",,,"#61 Alex Vasquez - RG","#72 Richard Loring - LG","#75 Samuel Bourque - C","#71 Jimmy Borchert - RG","#65 Chad Delong - RT",,"#93 Kenneth Rasco - LDE",,"#90 Jess Walton - DT","#99 Rey Toler - DT","#95 Shane Cox - RDE","#59 Henry Roach - SLB","#91 Donald Brooks - MLB",,"#52 Jefferey Vallejo - WLB","#43 Juan Rollins - CB","#44 James Blackburn - CB",,,,"#40 Brian Tatum - SS","#45 John Brown - FS",,,,,,,,,,,,,,,,,,,,,,,,,,,,,,,,,,,,
TAM,9:07,"TAM 41",2,2,10,"I Formation Normal HB Blast","4-3 Normal Man QB Spy",5,3,3,"2-10-TAM 41 (9:08) 48-Richard Sisson ran to TAM 46 for 5 yards. Tackle by 59-Henry Roach. LAX 95-Shane Cox was injured on the play. He looks like he should be able to return.","#3 Curtis Torres - QB","#48 Richard Sisson - RB",,,"#37 Jessie Sharp - FB","#87 James Morse - TE",,"#18 Philip J. Fry - WR",,"#83 Lloyd Williams - WR",,,"#61 Alex Vasquez - RG","#72 Richard Loring - LG","#75 Samuel Bourque - C","#71 Jimmy Borchert - RG","#65 Chad Delong - RT",,"#93 Kenneth Rasco - LDE",,"#90 Jess Walton - DT","#99 Rey Toler - DT","#95 Shane Cox - RDE","#59 Henry Roach - SLB","#91 Donald Brooks - MLB",,"#52 Jefferey Vallejo - WLB","#41 Paul Shelly - CB","#43 Juan Rollins - CB",,,,"#44 James Blackburn - CB","#45 John Brown - FS",,,,,,,,,,,,,,,,,,,,,,,,,,,,,,,,,,,,
TAM,8:24,"TAM 46",2,3,5,"Singleback Big WR Deep","4-3 Under Double Safety Blitz",,3,3,"3-5-TAM 46 (8:23) PENALTY - False Start (TAM 71-Jimmy Borchert)","#3 Curtis Torres - QB","#3 Donald Sykes - WR",,,,"#87 James Morse - TE","#82 Dallas Bradshaw - TE","#18 Philip J. Fry - WR",,"#83 Lloyd Williams - WR",,,"#61 Alex Vasquez - RG","#72 Richard Loring - LG","#75 Samuel Bourque - C","#71 Jimmy Borchert - RG","#65 Chad Delong - RT",,"#93 Kenneth Rasco - LDE",,"#90 Jess Walton - DT","#99 Rey Toler - DT","#92 Darius David - RDE","#59 Henry Roach - SLB","#91 Donald Brooks - MLB",,"#52 Jefferey Vallejo - WLB","#41 Paul Shelly - CB","#43 Juan Rollins - CB",,,,"#40 Brian Tatum - SS","#45 John Brown - FS",,,,,,,,,,,,,,,,,,,,,,,,,,,,,,,,,,,,
TAM,8:22,"TAM 41",2,3,10,"Weak I Normal Skinny Posts","4-3 Normal Man QB Spy",11,3,3,"3-10-TAM 41 (8:23) 3-Curtis Torres pass complete to 83-Lloyd Williams to LAX 47 for 11 yards. Tackle by 43-Juan Rollins.","#3 Curtis Torres - QB","#3 Donald Sykes - WR",,,"#37 Jessie Sharp - FB","#87 James Morse - TE",,"#18 Philip J. Fry - WR",,"#83 Lloyd Williams - WR",,,"#61 Alex Vasquez - RG","#72 Richard Loring - LG","#75 Samuel Bourque - C","#71 Jimmy Borchert - RG","#65 Chad Delong - RT",,"#93 Kenneth Rasco - LDE",,"#90 Jess Walton - DT","#99 Rey Toler - DT","#92 Darius David - RDE","#59 Henry Roach - SLB","#91 Donald Brooks - MLB",,"#52 Jefferey Vallejo - WLB","#41 Paul Shelly - CB","#43 Juan Rollins - CB",,,,"#44 James Blackburn - CB","#45 John Brown - FS",,,,,,,,,,,,,,,,,,,,,,,,,,,,,,,,,,,,
TAM,7:51,"LAX 47",2,1,10,"Singleback Normal HB Inside Weak","Nickel Normal Double WR2",13,3,3,"1-10-LAX 47 (7:50) 26-Donald Sykes ran to LAX 34 for 13 yards. Tackle by 40-Brian Tatum.","#3 Curtis Torres - QB","#3 Donald Sykes - WR",,,,"#87 James Morse - TE",,"#18 Philip J. Fry - WR","#11 Jean Shoemaker - WR","#83 Lloyd Williams - WR",,,"#61 Alex Vasquez - RG","#72 Richard Loring - LG","#75 Samuel Bourque - C","#71 Jimmy Borchert - RG","#65 Chad Delong - RT",,"#93 Kenneth Rasco - LDE",,"#90 Jess Walton - DT","#99 Rey Toler - DT","#92 Darius David - RDE",,"#91 Donald Brooks - MLB",,"#52 Jefferey Vallejo - WLB","#41 Paul Shelly - CB","#43 Juan Rollins - CB",,"#48 Charles Jackson - CB",,"#40 Brian Tatum - SS","#45 John Brown - FS",,,,,,,,,,,,,,,,,,,,,,,,,,,,,,,,,,,,
TAM,7:13,"LAX 34",2,1,10,"Shotgun Normal HB Flare","Nickel Normal Double WR3",,3,3,"1-10-LAX 34 (7:12) 3-Curtis Torres pass Pass knocked down by 90-Jess Walton. incomplete, intended for 48-Richard Sisson.","#3 Curtis Torres - QB","#48 Richard Sisson - RB",,,,"#87 James Morse - TE",,"#18 Philip J. Fry - WR","#11 Jean Shoemaker - WR","#83 Lloyd Williams - WR",,,"#61 Alex Vasquez - RG","#72 Richard Loring - LG","#75 Samuel Bourque - C","#71 Jimmy Borchert - RG","#65 Chad Delong - RT",,"#93 Kenneth Rasco - LDE",,"#90 Jess Walton - DT","#99 Rey Toler - DT","#92 Darius David - RDE",,"#91 Donald Brooks - MLB",,"#52 Jefferey Vallejo - WLB","#41 Paul Shelly - CB","#43 Juan Rollins - CB",,"#48 Charles Jackson - CB",,"#40 Brian Tatum - SS","#45 John Brown - FS",,,,,,,,,,,,,,,,,,,,,,,,,,,,,,,,,,,,
TAM,7:09,"LAX 34",2,2,10,"I Formation Normal HB Blast","4-3 Under Crash Right",14,3,3,"2-10-LAX 34 (7:10) 26-Donald Sykes ran to LAX 20 for 14 yards. Tackle by 59-Henry Roach.","#3 Curtis Torres - QB","#3 Donald Sykes - WR",,,"#37 Jessie Sharp - FB","#87 James Morse - TE",,"#18 Philip J. Fry - WR",,"#83 Lloyd Williams - WR",,,"#61 Alex Vasquez - RG","#72 Richard Loring - LG","#75 Samuel Bourque - C","#71 Jimmy Borchert - RG","#65 Chad Delong - RT",,"#93 Kenneth Rasco - LDE",,"#90 Jess Walton - DT","#99 Rey Toler - DT","#92 Darius David - RDE","#59 Henry Roach - SLB","#91 Donald Brooks - MLB",,"#52 Jefferey Vallejo - WLB","#41 Paul Shelly - CB","#43 Juan Rollins - CB",,,,"#40 Brian Tatum - SS","#45 John Brown - FS",,,,,,,,,,,,,,,,,,,,,,,,,,,,,,,,,,,,
TAM,6:30,"LAX 20",2,1,10,"Goal Line Normal HB Dive","Goal Line 3 Deep Zone Under",-1,3,3,"1-10-LAX 20 (6:29) 48-Richard Sisson ran to LAX 21 for -1 yards. Tackle by 99-Rey Toler. 72-Richard Loring was caught flat-footed on this play.","#3 Curtis Torres - QB","#48 Richard Sisson - RB",,"#28 Willie Dubreuil - RB","#37 Jessie Sharp - FB","#87 James Morse - TE","#82 Dallas Bradshaw - TE",,,,,,"#61 Alex Vasquez - RG","#72 Richard Loring - LG","#75 Samuel Bourque - C","#71 Jimmy Borchert - RG","#65 Chad Delong - RT",,"#93 Kenneth Rasco - LDE","#91 Thomas Herndon - LDE","#90 Jess Walton - DT","#99 Rey Toler - DT","#92 Darius David - RDE","#59 Henry Roach - SLB","#91 Donald Brooks - MLB",,"#52 Jefferey Vallejo - WLB","#41 Paul Shelly - CB","#43 Juan Rollins - CB",,,,"#40 Brian Tatum - SS",,,,,,,,,,,,,,,,,,,,,,,,,,,,,,,,,,,,,
TAM,5:49,"LAX 21",2,2,11,"I Formation Twin WR Hard Slants","4-3 Under Double Safety Blitz",11,3,3,"2-11-LAX 21 (5:48) 3-Curtis Torres pass complete to 87-James Morse to LAX 10 for 11 yards. Tackle by 52-Jefferey Vallejo.","#3 Curtis Torres - QB","#48 Richard Sisson - RB",,,"#37 Jessie Sharp - FB","#87 James Morse - TE",,"#18 Philip J. Fry - WR",,"#83 Lloyd Williams - WR",,,"#61 Alex Vasquez - RG","#72 Richard Loring - LG","#75 Samuel Bourque - C","#71 Jimmy Borchert - RG","#65 Chad Delong - RT",,"#93 Kenneth Rasco - LDE",,"#90 Jess Walton - DT","#99 Rey Toler - DT","#92 Darius David - RDE","#59 Henry Roach - SLB","#91 Donald Brooks - MLB",,"#52 Jefferey Vallejo - WLB","#41 Paul Shelly - CB","#43 Juan Rollins - CB",,,,"#40 Brian Tatum - SS","#45 John Brown - FS",,,,,,,,,,,,,,,,,,,,,,,,,,,,,,,,,,,,
TAM,5:10,"LAX 10",2,3,,"Singleback Normal HB Inside Weak","Nickel Normal Man Cover 2",9,3,3,"3-1-LAX 10 (5:09) 26-Donald Sykes ran to LAX 1 for 9 yards. Tackle by 40-Brian Tatum.","#3 Curtis Torres - QB","#3 Donald Sykes - WR",,,,"#87 James Morse - TE",,"#18 Philip J. Fry - WR","#11 Jean Shoemaker - WR","#83 Lloyd Williams - WR",,,"#61 Alex Vasquez - RG","#72 Richard Loring - LG","#75 Samuel Bourque - C","#71 Jimmy Borchert - RG","#65 Chad Delong - RT",,"#93 Kenneth Rasco - LDE",,"#90 Jess Walton - DT","#99 Rey Toler - DT","#92 Darius David - RDE",,"#91 Donald Brooks - MLB",,"#52 Jefferey Vallejo - WLB","#41 Paul Shelly - CB","#43 Juan Rollins - CB",,"#48 Charles Jackson - CB",,"#40 Brian Tatum - SS","#45 John Brown - FS",,,,,,,,,,,,,,,,,,,,,,,,,,,,,,,,,,,,
TAM,4:29,"LAX 1",2,1,1,"Goal Line Normal HB Toss Strong","Goal Line Attack #2",1,3,3,"1-1-LAX 1 (4:28) 48-Richard Sisson ran to LAX 0 for 1 yards. Tackle by 52-Jefferey Vallejo.","#3 Curtis Torres - QB","#48 Richard Sisson - RB",,"#28 Willie Dubreuil - RB","#37 Jessie Sharp - FB","#87 James Morse - TE","#82 Dallas Bradshaw - TE",,,,,,"#61 Alex Vasquez - RG","#72 Richard Loring - LG","#75 Samuel Bourque - C","#71 Jimmy Borchert - RG","#65 Chad Delong - RT",,"#93 Kenneth Rasco - LDE","#91 Thomas Herndon - LDE","#90 Jess Walton - DT","#99 Rey Toler - DT","#92 Darius David - RDE","#59 Henry Roach - SLB","#91 Donald Brooks - MLB",,"#52 Jefferey Vallejo - WLB","#41 Paul Shelly - CB","#43 Juan Rollins - CB",,,,"#40 Brian Tatum - SS",,,,,,,,,,,,,,,,,,,,,,,,,,,,,,,,,,,,,
TAM,3:46,"LAX 0",2,2,,"Goal Line Normal HB Dive","Goal Line Attack #2",-1,3,3,"2-1-LAX 0 (3:45) 48-Richard Sisson ran to LAX 1 for -1 yards. Tackle by 51-Donald Brooks.","#3 Curtis Torres - QB","#48 Richard Sisson - RB",,"#28 Willie Dubreuil - RB","#37 Jessie Sharp - FB","#87 James Morse - TE","#82 Dallas Bradshaw - TE",,,,,,"#61 Alex Vasquez - RG","#72 Richard Loring - LG","#75 Samuel Bourque - C","#71 Jimmy Borchert - RG","#65 Chad Delong - RT",,"#93 Kenneth Rasco - LDE","#91 Thomas Herndon - LDE","#90 Jess Walton - DT","#99 Rey Toler - DT","#92 Darius David - RDE","#59 Henry Roach - SLB","#91 Donald Brooks - MLB",,"#52 Jefferey Vallejo - WLB","#41 Paul Shelly - CB","#43 Juan Rollins - CB",,,,"#40 Brian Tatum - SS",,,,,,,,,,,,,,,,,,,,,,,,,,,,,,,,,,,,,
TAM,3:04,"LAX 1",2,3,1,"Singleback Normal HB Inside Weak","Nickel Strong 1 Deep Man Under",1,3,9,"3-1-LAX 1 (3:03) 26-Donald Sykes ran for 1 yards. TOUCHDOWN! LAX 3 TAM 9","#3 Curtis Torres - QB","#3 Donald Sykes - WR",,,,"#87 James Morse - TE",,"#18 Philip J. Fry - WR","#11 Jean Shoemaker - WR","#83 Lloyd Williams - WR",,,"#61 Alex Vasquez - RG","#72 Richard Loring - LG","#75 Samuel Bourque - C","#71 Jimmy Borchert - RG","#65 Chad Delong - RT",,"#93 Kenneth Rasco - LDE",,"#90 Jess Walton - DT","#99 Rey Toler - DT","#92 Darius David - RDE",,"#91 Donald Brooks - MLB",,"#59 Henry Roach - SLB","#41 Paul Shelly - CB","#43 Juan Rollins - CB",,"#48 Charles Jackson - CB",,"#40 Brian Tatum - SS","#45 John Brown - FS",,,,,,,,,,,,,,,,,,,,,,,,,,,,,,,,,,,,
TAM,3:00,"LAX 15",2,7,15,"Field Goal","FG Block",26,3,10,"(3:01) Extra point GOOD by 7-Samuel Oakes. LAX 3 TAM 10",,,,,,,,,,,,,,,,,,,,,,,,,,,,,,,,,,,,"#3 Curtis Torres - QB","#87 James Morse - TE",,,,,,,,,,,,,,"#7 Samuel Oakes - K","#72 Richard Loring - LG","#69 Foster Dray - LG","#61 Alex Vasquez - RG","#2 George Alexander - C","#65 Chad Delong - RT","#71 Jimmy Borchert - RG","#37 Jessie Sharp - FB","#60 Benjamin Orr - RT","#91 Thomas Herndon - LDE","#91 Donald Brooks - MLB","#92 Darius David - RDE","#59 Henry Roach - SLB","#93 Kenneth Rasco - LDE","#97 Michael Kennedy - RDE","#57 Eugene Goodson - MLB","#53 Rex Christian - WLB","#90 Jess Walton - DT","#76 Wesley Carr - DT","#50 Joel Reed - SLB"
TAM,3:00,"TAM 35",2,6,10,Kickoff,"Kick Return",,3,10,"(3:01) 7-Samuel Oakes kicks 75 yards from TAM 35 to LAX -10. 26-Bernard Christofferse to LAX 24 for 34 yards. Tackle by 49-Richard Retherford.",,,,,,,,,,,,,,,,,,,,,,,,,,,,,,,,,,,,,,"#26 Bernard Christofferse - RB",,"#22 Ernie Lindsay - RB","#44 James Blackburn - CB","#42 Nathan Villanueva - CB","#30 Juan Titus - CB","#41 Paul Shelly - CB","#40 Brian Tatum - SS","#48 Charles Jackson - CB","#43 Juan Rollins - CB","#17 Cody Williamson - WR","#18 John Miller - WR","#7 Samuel Oakes - K",,,,,,,,,,,,,,,,,,,,
LAX,2:55,"LAX 24",2,1,10,"I Formation Twin WR HB Toss Weak","4-3 Normal WLB MLB Blitz",-2,3,10,"1-10-LAX 24 (2:56) 31-Everett Oreilly ran to LAX 23 for -2 yards. Tackle by 91-Harris Dykes.","#8 Myron Dustin - QB","#31 Everett Oreilly - FB",,,"#30 Brian Peterson - FB","#80 Justin Busch - TE",,"#11 James Andersen - WR",,"#18 John Miller - WR",,,"#68 Eddie Flannagan - RG","#69 Warren Whittaker - LG","#66 Eduardo Kappel - C","#65 Lamont Weller - LT","#70 Andrew Pinder - RT",,"#66 Michael Kyle - RDE",,"#95 William Ferry - DT","#96 Earl McKean - DT","#50 Mitchell Flannery - RDE","#58 Chester Janik - WLB","#52 Robert Szeto - MLB",,"#91 Harris Dykes - MLB","#1 Jim Catt - CB","#24 Marvin Guillen - CB",,,,"#22 Scott Camara - SS","#21 Paul Owens - FS",,,,,,,,,,,,,,,,,,,,,,,,,,,,,,,,,,,,
LAX,2:13,"LAX 23",2,2,12,"Singleback Slot Strong Off Tackle Strong","4-3 Normal Double WR2",,3,10,"2-12-LAX 23 (2:12) 26-Bernard Christofferse ran to LAX 23 for a short gain. Tackle by 54-David Stanford. TAM 52-Robert Szeto was injured on the play. He looks like he should be able to return.","#8 Myron Dustin - QB","#26 Bernard Christofferse - RB",,,,"#80 Justin Busch - TE",,"#15 Dwayne Redden - WR","#17 Cody Williamson - WR","#11 James Andersen - WR",,,"#65 Lamont Weller - LT","#69 Warren Whittaker - LG","#66 Eduardo Kappel - C","#68 Eddie Flannagan - RG","#70 Andrew Pinder - RT",,"#66 Michael Kyle - RDE",,"#95 William Ferry - DT","#96 Earl McKean - DT","#50 Mitchell Flannery - RDE","#52 Robert Szeto - MLB","#51 Charles Harper - MLB",,"#54 David Stanford - MLB","#45 Travis Massa - CB","#49 Richard Retherford - CB",,,,"#22 Scott Camara - SS","#21 Paul Owens - FS",,,,,,,,,,,,,,,,,,,,,,,,,,,,,,,,,,,,
,2:00,,2,3,11,,,,3,10,"Timeout for two minute warning.",,,,,,,,,,,,,,,,,,,,,,,,,,,,,,,,,,,,,,,,,,,,,,,,,,,,,,,,,,,,,,,,,,,,,,
LAX,2:00,"LAX 23",2,3,11,"I Formation 3WR WR Out","4-3 Normal Man QB Spy",62,3,10,"3-11-LAX 23 (2:00) 8-Myron Dustin pass complete to 12-Richard Neufeld to TAM 15 for 62 yards. Tackle by 21-Paul Owens.","#8 Myron Dustin - QB","#26 Bernard Christofferse - RB",,,"#30 Brian Peterson - FB",,,"#11 James Andersen - WR","#12 Richard Neufeld - WR","#18 John Miller - WR",,,"#65 Lamont Weller - LT","#69 Warren Whittaker - LG","#66 Eduardo Kappel - C","#68 Eddie Flannagan - RG","#70 Andrew Pinder - RT",,"#66 Michael Kyle - RDE",,"#95 William Ferry - DT","#96 Earl McKean - DT","#50 Mitchell Flannery - RDE","#54 David Stanford - MLB","#51 Charles Harper - MLB",,"#91 Harris Dykes - MLB","#45 Travis Massa - CB","#49 Richard Retherford - CB",,,,"#22 Scott Camara - SS","#21 Paul Owens - FS",,,,,,,,,,,,,,,,,,,,,,,,,,,,,,,,,,,,
LAX,1:27,"TAM 15",2,1,10,"Goal Line Normal PA TE Drag","4-3 Normal Double Safety Blitz",5,3,10,"1-10-TAM 15 (1:26) 8-Myron Dustin pass complete to 30-Brian Peterson to TAM 10 for 5 yards. Tackle by 94-Alfred Chavez.","#8 Myron Dustin - QB","#22 Ernie Lindsay - RB",,"#17 Cody Williamson - WR","#30 Brian Peterson - FB","#80 Justin Busch - TE","#31 Everett Oreilly - FB",,,,,,"#65 Lamont Weller - LT","#64 Frank Flores - LG","#66 Eduardo Kappel - C","#68 Eddie Flannagan - RG","#62 Richard Fuentes - C",,"#66 Michael Kyle - RDE",,"#95 William Ferry - DT","#96 Earl McKean - DT","#50 Mitchell Flannery - RDE","#94 Alfred Chavez - WLB","#51 Charles Harper - MLB",,"#58 Chester Janik - WLB","#24 Marvin Guillen - CB","#27 Patrick Croy - CB",,,,"#40 Adrian Koval - SS","#1 Jim Catt - CB",,,,,,,,,,,,,,,,,,,,,,,,,,,,,,,,,,,,
,1:21,,2,2,5,,,,3,10,"Timeout LAX",,,,,,,,,,,,,,,,,,,,,,,,,,,,,,,,,,,,,,,,,,,,,,,,,,,,,,,,,,,,,,,,,,,,,,
LAX,1:19,"TAM 10",2,2,5,"I Formation 3WR WR Out","4-3 Normal WLB MLB Blitz",9,3,10,"2-5-TAM 10 (1:20) 8-Myron Dustin pass complete to 15-Dwayne Redden to TAM 1 for 9 yards. Tackle by 1-Jim Catt. Pressure by 95-William Ferry.","#8 Myron Dustin - QB","#22 Ernie Lindsay - RB",,,"#31 Everett Oreilly - FB",,,"#15 Dwayne Redden - WR","#11 James Andersen - WR","#17 Cody Williamson - WR",,,"#65 Lamont Weller - LT","#64 Frank Flores - LG","#66 Eduardo Kappel - C","#68 Eddie Flannagan - RG","#70 Andrew Pinder - RT",,"#66 Michael Kyle - RDE",,"#95 William Ferry - DT","#96 Earl McKean - DT","#50 Mitchell Flannery - RDE","#52 Robert Szeto - MLB","#91 Harris Dykes - MLB",,"#58 Chester Janik - WLB","#1 Jim Catt - CB","#27 Patrick Croy - CB",,,,"#40 Adrian Koval - SS","#24 Marvin Guillen - CB",,,,,,,,,,,,,,,,,,,,,,,,,,,,,,,,,,,,
,1:16,,2,1,1,,,,3,10,"Timeout LAX",,,,,,,,,,,,,,,,,,,,,,,,,,,,,,,,,,,,,,,,,,,,,,,,,,,,,,,,,,,,,,,,,,,,,,
LAX,1:13,"TAM 1",2,1,1,"I Formation Normal FL Hitch","4-3 Normal OLB Blitz Inside",7,9,10,"1-1-TAM 1 (1:14) 8-Myron Dustin pass complete to 12-Richard Neufeld for 1 yards. TOUCHDOWN! LAX 9 TAM 10","#8 Myron Dustin - QB","#26 Bernard Christofferse - RB",,,"#30 Brian Peterson - FB","#80 Justin Busch - TE",,"#11 James Andersen - WR",,"#12 Richard Neufeld - WR",,,"#65 Lamont Weller - LT","#69 Warren Whittaker - LG","#66 Eduardo Kappel - C","#68 Eddie Flannagan - RG","#70 Andrew Pinder - RT",,"#66 Michael Kyle - RDE",,"#95 William Ferry - DT","#96 Earl McKean - DT","#50 Mitchell Flannery - RDE","#52 Robert Szeto - MLB","#51 Charles Harper - MLB",,"#54 David Stanford - MLB","#45 Travis Massa - CB","#49 Richard Retherford - CB",,,,"#22 Scott Camara - SS","#21 Paul Owens - FS",,,,,,,,,,,,,,,,,,,,,,,,,,,,,,,,,,,,
LAX,1:11,"TAM 15",2,7,15,"Field Goal","FG Block",25,10,10,"(1:12) Extra point GOOD by 1-Eric Chandler. LAX 10 TAM 10",,,,,,,,,,,,,,,,,,,,,,,,,,,,,,,,,,,,"#8 Myron Dustin - QB","#64 Frank Flores - LG",,,,,,,,,,,,,,"#1 Eric Chandler - K","#73 Alex Fuller - LT","#66 Eduardo Kappel - C","#70 Andrew Pinder - RT","#65 Lamont Weller - LT","#69 Warren Whittaker - LG","#62 Richard Fuentes - C","#68 Eddie Flannagan - RG","#80 Justin Busch - TE","#95 William Ferry - DT","#66 Michael Kyle - RDE","#52 Robert Szeto - MLB","#58 Chester Janik - WLB","#91 Harris Dykes - MLB","#94 Alfred Chavez - WLB","#54 David Stanford - MLB","#96 Earl McKean - DT","#51 Charles Harper - MLB","#59 Richard Kersten - RDE","#53 Allan Sweeney - RDE"
LAX,1:11,"LAX 35",2,6,10,Kickoff,"Kick Return",,10,10,"(1:12) 1-Eric Chandler kicks 61 yards from LAX 35 to TAM 4. 26-Donald Sykes to TAM 25 for 21 yards. Tackle by 18-John Miller.",,,,,,,,,,,,,,,,,,,,,,,,,,,,,,,,,,,,,,"#3 Donald Sykes - WR",,"#94 Alfred Chavez - WLB","#45 Travis Massa - CB","#52 Robert Szeto - MLB","#1 Jim Catt - CB","#22 Scott Camara - SS","#54 David Stanford - MLB","#21 Paul Owens - FS","#24 Marvin Guillen - CB","#49 Richard Retherford - CB","#51 Charles Harper - MLB","#1 Eric Chandler - K",,,,,,,,,,,,,,,,,,,,
TAM,1:07,"TAM 25",2,1,10,"Strong I Normal HB Dive Strong","4-3 Normal Man QB Spy",3,10,10,"1-10-TAM 25 (1:08) 48-Richard Sisson ran to TAM 28 for 3 yards. Tackle by 51-Donald Brooks.","#3 Curtis Torres - QB","#48 Richard Sisson - RB",,,"#37 Jessie Sharp - FB","#87 James Morse - TE",,"#18 Philip J. Fry - WR",,"#83 Lloyd Williams - WR",,,"#61 Alex Vasquez - RG","#72 Richard Loring - LG","#75 Samuel Bourque - C","#71 Jimmy Borchert - RG","#65 Chad Delong - RT",,"#93 Kenneth Rasco - LDE",,"#90 Jess Walton - DT","#99 Rey Toler - DT","#95 Shane Cox - RDE","#59 Henry Roach - SLB","#91 Donald Brooks - MLB",,"#52 Jefferey Vallejo - WLB","#41 Paul Shelly - CB","#43 Juan Rollins - CB",,,,"#42 Nathan Villanueva - CB","#45 John Brown - FS",,,,,,,,,,,,,,,,,,,,,,,,,,,,,,,,,,,,
TAM,0:34,"TAM 28",2,2,7,"Goal Line Normal HB Dive","Goal Line Attack #2",-1,10,10,"2-7-TAM 28 (0:33) PENALTY - False Start (TAM 48-Richard Sisson)","#3 Curtis Torres - QB","#3 Donald Sykes - WR",,"#48 Richard Sisson - RB","#37 Jessie Sharp - FB","#87 James Morse - TE","#82 Dallas Bradshaw - TE",,,,,,"#61 Alex Vasquez - RG","#72 Richard Loring - LG","#75 Samuel Bourque - C","#71 Jimmy Borchert - RG","#65 Chad Delong - RT",,"#93 Kenneth Rasco - LDE","#91 Thomas Herndon - LDE","#90 Jess Walton - DT","#99 Rey Toler - DT","#95 Shane Cox - RDE","#59 Henry Roach - SLB","#91 Donald Brooks - MLB",,"#52 Jefferey Vallejo - WLB","#41 Paul Shelly - CB","#43 Juan Rollins - CB",,,,"#40 Brian Tatum - SS",,,,,,,,,,,,,,,,,,,,,,,,,,,,,,,,,,,,,
TAM,0:32,"TAM 23",2,2,12,"Singleback Normal HB Inside Weak","Nickel Normal 2 Deep",9,10,10,"2-12-TAM 23 (0:33) 26-Donald Sykes ran to TAM 32 for 9 yards. Tackle by 45-John Brown.","#3 Curtis Torres - QB","#3 Donald Sykes - WR",,,,"#87 James Morse - TE",,"#18 Philip J. Fry - WR","#11 Jean Shoemaker - WR","#83 Lloyd Williams - WR",,,"#61 Alex Vasquez - RG","#72 Richard Loring - LG","#75 Samuel Bourque - C","#71 Jimmy Borchert - RG","#65 Chad Delong - RT",,"#93 Kenneth Rasco - LDE",,"#90 Jess Walton - DT","#99 Rey Toler - DT","#95 Shane Cox - RDE",,"#91 Donald Brooks - MLB",,"#52 Jefferey Vallejo - WLB","#41 Paul Shelly - CB","#43 Juan Rollins - CB",,"#48 Charles Jackson - CB",,"#40 Brian Tatum - SS","#45 John Brown - FS",,,,,,,,,,,,,,,,,,,,,,,,,,,,,,,,,,,,
,0:00,,2,3,3,,,,10,10,"End of half.",,,,,,,,,,,,,,,,,,,,,,,,,,,,,,,,,,,,,,,,,,,,,,,,,,,,,,,,,,,,,,,,,,,,,,
LAX,15:00,"LAX 35",3,6,10,Kickoff,"Kick Return",,10,10,"(15:00) 1-Eric Chandler kicks 75 yards from LAX 35 to TAM -10. Touchback.",,,,,,,,,,,,,,,,,,,,,,,,,,,,,,,,,,,,,,"#11 Jean Shoemaker - WR",,"#94 Alfred Chavez - WLB","#45 Travis Massa - CB","#52 Robert Szeto - MLB","#1 Jim Catt - CB","#22 Scott Camara - SS","#54 David Stanford - MLB","#21 Paul Owens - FS","#24 Marvin Guillen - CB","#49 Richard Retherford - CB","#51 Charles Harper - MLB","#1 Eric Chandler - K",,,,,,,,,,,,,,,,,,,,
TAM,15:00,"TAM 25",3,1,10,"I Formation Normal HB Blast","4-3 Under Crash Left",10,10,10,"1-10-TAM 25 (15:00) 26-Donald Sykes ran to TAM 35 for 10 yards. Tackle by 40-Brian Tatum.","#3 Curtis Torres - QB","#3 Donald Sykes - WR",,,"#37 Jessie Sharp - FB","#87 James Morse - TE",,"#18 Philip J. Fry - WR",,"#83 Lloyd Williams - WR",,,"#61 Alex Vasquez - RG","#72 Richard Loring - LG","#75 Samuel Bourque - C","#71 Jimmy Borchert - RG","#65 Chad Delong - RT",,"#93 Kenneth Rasco - LDE",,"#90 Jess Walton - DT","#99 Rey Toler - DT","#95 Shane Cox - RDE","#59 Henry Roach - SLB","#91 Donald Brooks - MLB",,"#52 Jefferey Vallejo - WLB","#41 Paul Shelly - CB","#43 Juan Rollins - CB",,,,"#40 Brian Tatum - SS","#45 John Brown - FS",,,,,,,,,,,,,,,,,,,,,,,,,,,,,,,,,,,,
TAM,14:17,"TAM 35",3,2,,"Goal Line Normal HB Dive","Goal Line Attack #2",-1,10,10,"2-1-TAM 35 (14:16) 48-Richard Sisson ran to TAM 34 for -1 yards. Tackle by 51-Donald Brooks.","#3 Curtis Torres - QB","#48 Richard Sisson - RB",,"#28 Willie Dubreuil - RB","#37 Jessie Sharp - FB","#87 James Morse - TE","#82 Dallas Bradshaw - TE",,,,,,"#61 Alex Vasquez - RG","#72 Richard Loring - LG","#75 Samuel Bourque - C","#71 Jimmy Borchert - RG","#65 Chad Delong - RT",,"#93 Kenneth Rasco - LDE","#91 Thomas Herndon - LDE","#90 Jess Walton - DT","#99 Rey Toler - DT","#95 Shane Cox - RDE","#59 Henry Roach - SLB","#91 Donald Brooks - MLB",,"#52 Jefferey Vallejo - WLB","#41 Paul Shelly - CB","#43 Juan Rollins - CB",,,,"#40 Brian Tatum - SS",,,,,,,,,,,,,,,,,,,,,,,,,,,,,,,,,,,,,
TAM,13:43,"TAM 34",3,3,1,"I Formation Normal PA Outside Curls","4-3 Under Double Safety Blitz",6,10,10,"3-1-TAM 34 (13:42) 3-Curtis Torres pass complete to 18-Philip J. Fry to TAM 40 for 6 yards. Tackle by 41-Paul Shelly.","#3 Curtis Torres - QB","#3 Donald Sykes - WR",,,"#37 Jessie Sharp - FB","#87 James Morse - TE",,"#18 Philip J. Fry - WR",,"#83 Lloyd Williams - WR",,,"#61 Alex Vasquez - RG","#72 Richard Loring - LG","#75 Samuel Bourque - C","#71 Jimmy Borchert - RG","#65 Chad Delong - RT",,"#93 Kenneth Rasco - LDE",,"#90 Jess Walton - DT","#99 Rey Toler - DT","#95 Shane Cox - RDE","#59 Henry Roach - SLB","#91 Donald Brooks - MLB",,"#52 Jefferey Vallejo - WLB","#41 Paul Shelly - CB","#43 Juan Rollins - CB",,,,"#40 Brian Tatum - SS","#45 John Brown - FS",,,,,,,,,,,,,,,,,,,,,,,,,,,,,,,,,,,,
TAM,12:56,"TAM 40",3,1,10,"Shotgun Normal HB Flare","Nickel Normal Double WR3",3,10,10,"1-10-TAM 40 (12:55) 3-Curtis Torres pass complete to 26-Donald Sykes to TAM 43 for 3 yards. Tackle by 41-Paul Shelly.","#3 Curtis Torres - QB","#3 Donald Sykes - WR",,,,"#87 James Morse - TE",,"#18 Philip J. Fry - WR","#11 Jean Shoemaker - WR","#83 Lloyd Williams - WR",,,"#61 Alex Vasquez - RG","#72 Richard Loring - LG","#75 Samuel Bourque - C","#71 Jimmy Borchert - RG","#65 Chad Delong - RT",,"#93 Kenneth Rasco - LDE",,"#90 Jess Walton - DT","#99 Rey Toler - DT","#95 Shane Cox - RDE",,"#91 Donald Brooks - MLB",,"#52 Jefferey Vallejo - WLB","#41 Paul Shelly - CB","#43 Juan Rollins - CB",,"#48 Charles Jackson - CB",,"#42 Nathan Villanueva - CB","#45 John Brown - FS",,,,,,,,,,,,,,,,,,,,,,,,,,,,,,,,,,,,
TAM,12:19,"TAM 43",3,2,7,"Singleback Normal HB Inside Weak","Nickel Normal 2 Deep",2,10,10,"2-7-TAM 43 (12:18) 48-Richard Sisson ran to TAM 45 for 2 yards. Tackle by 95-Shane Cox. TAM 87-James Morse was injured on the play. He looks like he should be able to return.","#3 Curtis Torres - QB","#48 Richard Sisson - RB",,,,"#87 James Morse - TE",,"#18 Philip J. Fry - WR","#11 Jean Shoemaker - WR","#83 Lloyd Williams - WR",,,"#61 Alex Vasquez - RG","#72 Richard Loring - LG","#75 Samuel Bourque - C","#71 Jimmy Borchert - RG","#65 Chad Delong - RT",,"#93 Kenneth Rasco - LDE",,"#90 Jess Walton - DT","#99 Rey Toler - DT","#95 Shane Cox - RDE",,"#91 Donald Brooks - MLB",,"#52 Jefferey Vallejo - WLB","#41 Paul Shelly - CB","#43 Juan Rollins - CB",,"#48 Charles Jackson - CB",,"#40 Brian Tatum - SS","#45 John Brown - FS",,,,,,,,,,,,,,,,,,,,,,,,,,,,,,,,,,,,
TAM,11:38,"TAM 45",3,3,5,"Weak I Normal Skinny Posts","4-3 Normal Man QB Spy",,10,10,"3-5-TAM 45 (11:37) 3-Curtis Torres pass Pass knocked down by 52-Jefferey Vallejo. incomplete, intended for 82-Dallas Bradshaw.","#3 Curtis Torres - QB","#3 Donald Sykes - WR",,,"#37 Jessie Sharp - FB","#82 Dallas Bradshaw - TE",,"#18 Philip J. Fry - WR",,"#83 Lloyd Williams - WR",,,"#61 Alex Vasquez - RG","#72 Richard Loring - LG","#75 Samuel Bourque - C","#71 Jimmy Borchert - RG","#65 Chad Delong - RT",,"#93 Kenneth Rasco - LDE",,"#90 Jess Walton - DT","#99 Rey Toler - DT","#95 Shane Cox - RDE","#59 Henry Roach - SLB","#91 Donald Brooks - MLB",,"#52 Jefferey Vallejo - WLB","#41 Paul Shelly - CB","#43 Juan Rollins - CB",,,,"#44 James Blackburn - CB","#45 John Brown - FS",,,,,,,,,,,,,,,,,,,,,,,,,,,,,,,,,,,,
TAM,11:34,"TAM 45",3,4,5,Punt,"Punt Return",,10,10,"4-5-TAM 45 (11:35) 4-Stephen Read punts 45 yards to LAX 10. Fair Catch by 26-Bernard Christofferse.",,,,,,,,,,,,,,,,,,"#4 Stephen Read - P",,,,,,,,,,,,,,,,,,,"#60 Benjamin Orr - RT",,"#26 Bernard Christofferse - RB",,,"#42 Nathan Villanueva - CB","#30 Juan Titus - CB","#41 Paul Shelly - CB",,"#48 Charles Jackson - CB","#43 Juan Rollins - CB",,"#18 John Miller - WR",,,,"#69 Foster Dray - LG","#61 Alex Vasquez - RG","#2 George Alexander - C","#65 Chad Delong - RT","#71 Jimmy Borchert - RG","#37 Jessie Sharp - FB",,"#91 Thomas Herndon - LDE","#91 Donald Brooks - MLB","#92 Darius David - RDE","#59 Henry Roach - SLB",,,,,,,
LAX,11:27,"LAX 10",3,1,10,"I Formation 3WR SE Post","4-3 Normal Man Under 1",3,10,10,"1-10-LAX 10 (11:28) 8-Myron Dustin pass complete to 26-Bernard Christofferse to LAX 13 for 3 yards. Tackle by 21-Paul Owens. 26-Bernard Christofferse breaks down the CB.","#8 Myron Dustin - QB","#26 Bernard Christofferse - RB",,,"#30 Brian Peterson - FB",,,"#11 James Andersen - WR","#15 Dwayne Redden - WR","#12 Richard Neufeld - WR",,,"#65 Lamont Weller - LT","#69 Warren Whittaker - LG","#66 Eduardo Kappel - C","#68 Eddie Flannagan - RG","#70 Andrew Pinder - RT",,"#66 Michael Kyle - RDE",,"#95 William Ferry - DT","#96 Earl McKean - DT","#50 Mitchell Flannery - RDE","#91 Harris Dykes - MLB","#51 Charles Harper - MLB",,"#54 David Stanford - MLB","#45 Travis Massa - CB","#49 Richard Retherford - CB",,,,"#22 Scott Camara - SS","#21 Paul Owens - FS",,,,,,,,,,,,,,,,,,,,,,,,,,,,,,,,,,,,
LAX,10:46,"LAX 13",3,2,7,"Singleback Big WR Deep","4-3 Normal Man Under 1",,10,10,"2-7-LAX 13 (10:45) 8-Myron Dustin pass Pass knocked down by 21-Paul Owens. incomplete, intended for 80-Justin Busch.","#8 Myron Dustin - QB","#22 Ernie Lindsay - RB",,,,"#80 Justin Busch - TE","#31 Everett Oreilly - FB","#11 James Andersen - WR",,"#18 John Miller - WR",,,"#65 Lamont Weller - LT","#69 Warren Whittaker - LG","#66 Eduardo Kappel - C","#68 Eddie Flannagan - RG","#70 Andrew Pinder - RT",,"#66 Michael Kyle - RDE",,"#95 William Ferry - DT","#96 Earl McKean - DT","#50 Mitchell Flannery - RDE","#52 Robert Szeto - MLB","#51 Charles Harper - MLB",,"#54 David Stanford - MLB","#45 Travis Massa - CB","#49 Richard Retherford - CB",,,,"#22 Scott Camara - SS","#21 Paul Owens - FS",,,,,,,,,,,,,,,,,,,,,,,,,,,,,,,,,,,,
LAX,10:40,"LAX 13",3,3,7,"Singleback Slot Strong Post Curls","4-3 Normal Double WR2",,10,10,"3-7-LAX 13 (10:41) 8-Myron Dustin pass incomplete, dropped by 17-Cody Williamson. Excellent coverage on that play.","#8 Myron Dustin - QB","#26 Bernard Christofferse - RB",,,,"#80 Justin Busch - TE",,"#15 Dwayne Redden - WR","#17 Cody Williamson - WR","#11 James Andersen - WR",,,"#73 Alex Fuller - LT","#69 Warren Whittaker - LG","#66 Eduardo Kappel - C","#68 Eddie Flannagan - RG","#65 Lamont Weller - LT",,"#66 Michael Kyle - RDE",,"#95 William Ferry - DT","#96 Earl McKean - DT","#50 Mitchell Flannery - RDE","#52 Robert Szeto - MLB","#51 Charles Harper - MLB",,"#54 David Stanford - MLB","#45 Travis Massa - CB","#49 Richard Retherford - CB",,,,"#22 Scott Camara - SS","#21 Paul Owens - FS",,,,,,,,,,,,,,,,,,,,,,,,,,,,,,,,,,,,
LAX,10:38,"LAX 13",3,4,7,Punt,"Punt Return",,10,10,"4-7-LAX 13 (10:39) 2-Christopher Hill punts 46 yards to TAM 42. Fair Catch by 26-Donald Sykes.",,,,,,,,,,,,,,,,,,"#2 Christopher Hill - P",,,,,,,,,,,,,,,,,,,"#64 Frank Flores - LG",,"#3 Donald Sykes - WR",,,"#52 Robert Szeto - MLB","#45 Travis Massa - CB","#22 Scott Camara - SS",,"#21 Paul Owens - FS","#24 Marvin Guillen - CB",,"#1 Jim Catt - CB",,,,"#66 Eduardo Kappel - C","#70 Andrew Pinder - RT","#65 Lamont Weller - LT","#69 Warren Whittaker - LG","#62 Richard Fuentes - C","#68 Eddie Flannagan - RG",,"#51 Charles Harper - MLB","#66 Michael Kyle - RDE","#58 Chester Janik - WLB","#95 William Ferry - DT",,,,,,,
TAM,10:31,"TAM 42",3,1,10,"I Formation Normal PA Outside Curls","4-3 Under Crash Right",,10,10,"1-10-TAM 42 (10:32) 3-Curtis Torres pass incomplete, intended for 18-Philip J. Fry.","#3 Curtis Torres - QB","#3 Donald Sykes - WR",,,"#37 Jessie Sharp - FB","#82 Dallas Bradshaw - TE",,"#18 Philip J. Fry - WR",,"#83 Lloyd Williams - WR",,,"#61 Alex Vasquez - RG","#72 Richard Loring - LG","#75 Samuel Bourque - C","#71 Jimmy Borchert - RG","#65 Chad Delong - RT",,"#93 Kenneth Rasco - LDE",,"#90 Jess Walton - DT","#99 Rey Toler - DT","#95 Shane Cox - RDE","#59 Henry Roach - SLB","#91 Donald Brooks - MLB",,"#52 Jefferey Vallejo - WLB","#43 Juan Rollins - CB","#48 Charles Jackson - CB",,,,"#40 Brian Tatum - SS","#45 John Brown - FS",,,,,,,,,,,,,,,,,,,,,,,,,,,,,,,,,,,,
TAM,10:27,"TAM 42",3,2,10,"I Formation Normal PA Outside Curls","4-3 Under Double Safety Blitz",-7,10,10,"2-10-TAM 42 (10:28) 3-Curtis Torres sacked at TAM 35 for -7 yards (45-John Brown)","#3 Curtis Torres - QB","#3 Donald Sykes - WR",,,"#37 Jessie Sharp - FB","#82 Dallas Bradshaw - TE",,"#18 Philip J. Fry - WR",,"#83 Lloyd Williams - WR",,,"#61 Alex Vasquez - RG","#72 Richard Loring - LG","#75 Samuel Bourque - C","#71 Jimmy Borchert - RG","#65 Chad Delong - RT",,"#93 Kenneth Rasco - LDE",,"#90 Jess Walton - DT","#99 Rey Toler - DT","#95 Shane Cox - RDE","#59 Henry Roach - SLB","#91 Donald Brooks - MLB",,"#52 Jefferey Vallejo - WLB","#41 Paul Shelly - CB","#43 Juan Rollins - CB",,,,"#40 Brian Tatum - SS","#45 John Brown - FS",,,,,,,,,,,,,,,,,,,,,,,,,,,,,,,,,,,,
TAM,9:54,"TAM 35",3,3,17,"Goal Line Normal HB Off Tackle","Goal Line Attack #2",5,10,10,"3-17-TAM 35 (9:53) 26-Donald Sykes ran to TAM 39 for 5 yards. Tackle by 52-Jefferey Vallejo. LAX 91-Thomas Herndon was injured on the play. He looks like he should be able to return.","#3 Curtis Torres - QB","#3 Donald Sykes - WR",,"#48 Richard Sisson - RB","#37 Jessie Sharp - FB","#82 Dallas Bradshaw - TE","#89 Emanuel Doucette - TE",,,,,,"#61 Alex Vasquez - RG","#72 Richard Loring - LG","#75 Samuel Bourque - C","#71 Jimmy Borchert - RG","#65 Chad Delong - RT",,"#93 Kenneth Rasco - LDE","#91 Thomas Herndon - LDE","#90 Jess Walton - DT","#99 Rey Toler - DT","#95 Shane Cox - RDE","#59 Henry Roach - SLB","#91 Donald Brooks - MLB",,"#52 Jefferey Vallejo - WLB","#41 Paul Shelly - CB","#43 Juan Rollins - CB",,,,"#40 Brian Tatum - SS",,,,,,,,,,,,,,,,,,,,,,,,,,,,,,,,,,,,,
TAM,9:20,"TAM 39",3,4,12,Punt,"Punt Return",,10,10,"4-12-TAM 39 (9:19) 4-Stephen Read punts 56 yards to LAX 5. 26-Bernard Christofferse to LAX 15 for 11 yards. Tackle by 21-Paul Owens.",,,,,,,,,,,,,,,,,,"#4 Stephen Read - P",,,,,,,,,,,,,,,,,,,"#60 Benjamin Orr - RT",,"#26 Bernard Christofferse - RB",,,"#42 Nathan Villanueva - CB","#30 Juan Titus - CB","#41 Paul Shelly - CB",,"#48 Charles Jackson - CB","#43 Juan Rollins - CB",,"#18 John Miller - WR",,,,"#69 Foster Dray - LG","#61 Alex Vasquez - RG","#2 George Alexander - C","#65 Chad Delong - RT","#71 Jimmy Borchert - RG","#37 Jessie Sharp - FB",,"#90 Jess Walton - DT","#91 Donald Brooks - MLB","#92 Darius David - RDE","#59 Henry Roach - SLB",,,,,,,
LAX,9:09,"LAX 15",3,1,10,"Singleback Slot Strong Off Tackle Strong","4-3 Normal Double WR3",,10,10,"1-10-LAX 15 (9:10) 22-Ernie Lindsay ran to LAX 15 for a short gain. 22-Ernie Lindsay FUMBLES (66-Michael Kyle) recovered by TAM-66-Michael Kyle at LAX 17. Tackle by 80-Justin Busch.","#8 Myron Dustin - QB","#22 Ernie Lindsay - RB",,,,"#80 Justin Busch - TE",,"#15 Dwayne Redden - WR","#17 Cody Williamson - WR","#11 James Andersen - WR",,,"#73 Alex Fuller - LT","#69 Warren Whittaker - LG","#66 Eduardo Kappel - C","#68 Eddie Flannagan - RG","#65 Lamont Weller - LT",,"#66 Michael Kyle - RDE",,"#95 William Ferry - DT","#96 Earl McKean - DT","#50 Mitchell Flannery - RDE","#91 Harris Dykes - MLB","#51 Charles Harper - MLB",,"#54 David Stanford - MLB","#45 Travis Massa - CB","#49 Richard Retherford - CB",,,,"#40 Adrian Koval - SS","#1 Jim Catt - CB",,,,,,,,,,,,,,,,,,,,,,,,,,,,,,,,,,,,
TAM,9:05,"LAX 17",3,1,10,"Goal Line Normal HB Weak","Goal Line Attack #2",1,10,10,"1-10-LAX 17 (9:06) 26-Donald Sykes ran to LAX 16 for 1 yards. Tackle by 51-Donald Brooks.","#3 Curtis Torres - QB","#3 Donald Sykes - WR",,"#48 Richard Sisson - RB","#37 Jessie Sharp - FB","#87 James Morse - TE","#82 Dallas Bradshaw - TE",,,,,,"#61 Alex Vasquez - RG","#72 Richard Loring - LG","#75 Samuel Bourque - C","#71 Jimmy Borchert - RG","#65 Chad Delong - RT",,"#93 Kenneth Rasco - LDE","#97 Michael Kennedy - RDE","#90 Jess Walton - DT","#99 Rey Toler - DT","#95 Shane Cox - RDE","#59 Henry Roach - SLB","#91 Donald Brooks - MLB",,"#52 Jefferey Vallejo - WLB","#41 Paul Shelly - CB","#43 Juan Rollins - CB",,,,"#40 Brian Tatum - SS",,,,,,,,,,,,,,,,,,,,,,,,,,,,,,,,,,,,,
TAM,8:31,"LAX 16",3,2,9,"Strong I Normal HB Dive Strong","46 Normal 3 Deep Zone",1,10,10,"2-9-LAX 16 (8:30) 26-Donald Sykes ran to LAX 14 for 1 yards. Tackle by 99-Rey Toler.","#3 Curtis Torres - QB","#3 Donald Sykes - WR",,,"#37 Jessie Sharp - FB","#87 James Morse - TE",,"#18 Philip J. Fry - WR",,"#83 Lloyd Williams - WR",,,"#61 Alex Vasquez - RG","#72 Richard Loring - LG","#75 Samuel Bourque - C","#71 Jimmy Borchert - RG","#65 Chad Delong - RT",,"#93 Kenneth Rasco - LDE",,"#90 Jess Walton - DT","#99 Rey Toler - DT","#95 Shane Cox - RDE","#59 Henry Roach - SLB","#91 Donald Brooks - MLB",,"#52 Jefferey Vallejo - WLB","#41 Paul Shelly - CB","#43 Juan Rollins - CB",,,,"#40 Brian Tatum - SS","#45 John Brown - FS",,,,,,,,,,,,,,,,,,,,,,,,,,,,,,,,,,,,
TAM,7:53,"LAX 14",3,3,8,"I Formation Normal HB Toss Strong","4-3 Under Double Safety Blitz",-1,10,10,"3-8-LAX 14 (7:52) 26-Donald Sykes ran to LAX 16 for -1 yards. Tackle by 59-Henry Roach.","#3 Curtis Torres - QB","#3 Donald Sykes - WR",,,"#37 Jessie Sharp - FB","#87 James Morse - TE",,"#18 Philip J. Fry - WR",,"#83 Lloyd Williams - WR",,,"#61 Alex Vasquez - RG","#72 Richard Loring - LG","#75 Samuel Bourque - C","#71 Jimmy Borchert - RG","#65 Chad Delong - RT",,"#93 Kenneth Rasco - LDE",,"#90 Jess Walton - DT","#99 Rey Toler - DT","#95 Shane Cox - RDE","#59 Henry Roach - SLB","#91 Donald Brooks - MLB",,"#52 Jefferey Vallejo - WLB","#41 Paul Shelly - CB","#43 Juan Rollins - CB",,,,"#40 Brian Tatum - SS","#45 John Brown - FS",,,,,,,,,,,,,,,,,,,,,,,,,,,,,,,,,,,,
TAM,7:19,"LAX 16",3,4,9,"Field Goal","FG Block",26,10,13,"4-9-LAX 16 (7:18) 7-Samuel Oakes 33 yard field goal is GOOD. LAX 10 TAM 13",,,,,,,,,,,,,,,,,,,,,,,,,,,,,,,,,,,,"#3 Curtis Torres - QB","#87 James Morse - TE",,,,,,,,,,,,,,"#7 Samuel Oakes - K","#72 Richard Loring - LG","#69 Foster Dray - LG","#61 Alex Vasquez - RG","#2 George Alexander - C","#65 Chad Delong - RT","#71 Jimmy Borchert - RG","#37 Jessie Sharp - FB","#60 Benjamin Orr - RT","#90 Jess Walton - DT","#91 Donald Brooks - MLB","#92 Darius David - RDE","#59 Henry Roach - SLB","#95 Shane Cox - RDE","#93 Kenneth Rasco - LDE","#97 Michael Kennedy - RDE","#76 Wesley Carr - DT","#53 Rex Christian - WLB","#50 Joel Reed - SLB","#57 Eugene Goodson - MLB"
TAM,7:14,"TAM 35",3,6,10,Kickoff,"Kick Return",,10,13,"(7:15) 7-Samuel Oakes kicks 73 yards from TAM 35 to LAX -8. Touchback.",,,,,,,,,,,,,,,,,,,,,,,,,,,,,,,,,,,,,,"#26 Bernard Christofferse - RB",,"#22 Ernie Lindsay - RB","#44 James Blackburn - CB","#42 Nathan Villanueva - CB","#30 Juan Titus - CB","#41 Paul Shelly - CB","#40 Brian Tatum - SS","#48 Charles Jackson - CB","#43 Juan Rollins - CB","#17 Cody Williamson - WR","#18 John Miller - WR","#7 Samuel Oakes - K",,,,,,,,,,,,,,,,,,,,
LAX,7:14,"LAX 25",3,1,10,"I Formation Normal HB Dive","4-3 Normal Man Under 1",2,10,13,"1-10-LAX 25 (7:15) 22-Ernie Lindsay ran to LAX 27 for 2 yards. Tackle by 54-David Stanford. LAX 74-Eduardo Kappel was injured on the play. He looks like he should be able to return.","#8 Myron Dustin - QB","#22 Ernie Lindsay - RB",,,"#30 Brian Peterson - FB","#80 Justin Busch - TE",,"#11 James Andersen - WR",,"#12 Richard Neufeld - WR",,,"#65 Lamont Weller - LT","#69 Warren Whittaker - LG","#66 Eduardo Kappel - C","#68 Eddie Flannagan - RG","#70 Andrew Pinder - RT",,"#66 Michael Kyle - RDE",,"#95 William Ferry - DT","#96 Earl McKean - DT","#50 Mitchell Flannery - RDE","#52 Robert Szeto - MLB","#51 Charles Harper - MLB",,"#54 David Stanford - MLB","#45 Travis Massa - CB","#49 Richard Retherford - CB",,,,"#22 Scott Camara - SS","#21 Paul Owens - FS",,,,,,,,,,,,,,,,,,,,,,,,,,,,,,,,,,,,
LAX,6:40,"LAX 27",3,2,8,"Singleback Normal FL Post","4-3 Normal Double WR3",,10,13,"2-8-LAX 27 (6:39) 8-Myron Dustin pass Pass knocked down by 49-Richard Retherford. incomplete, intended for 26-Bernard Christofferse.","#8 Myron Dustin - QB","#26 Bernard Christofferse - RB",,,,"#80 Justin Busch - TE",,"#18 John Miller - WR","#17 Cody Williamson - WR","#11 James Andersen - WR",,,"#65 Lamont Weller - LT","#69 Warren Whittaker - LG","#63 Jim Alexander - C","#68 Eddie Flannagan - RG","#70 Andrew Pinder - RT",,"#66 Michael Kyle - RDE",,"#95 William Ferry - DT","#96 Earl McKean - DT","#50 Mitchell Flannery - RDE","#52 Robert Szeto - MLB","#51 Charles Harper - MLB",,"#54 David Stanford - MLB","#45 Travis Massa - CB","#49 Richard Retherford - CB",,,,"#22 Scott Camara - SS","#21 Paul Owens - FS",,,,,,,,,,,,,,,,,,,,,,,,,,,,,,,,,,,,
LAX,6:34,"LAX 27",3,3,8,"Singleback Slot Strong HB Checkdown","4-3 Normal WLB Outside Blitz",-8,10,13,"3-8-LAX 27 (6:35) 8-Myron Dustin sacked at LAX 19 for -8 yards (50-Mitchell Flannery). Sack allowed by 73-Alex Fuller.","#8 Myron Dustin - QB","#22 Ernie Lindsay - RB",,,,"#80 Justin Busch - TE",,"#15 Dwayne Redden - WR","#17 Cody Williamson - WR","#11 James Andersen - WR",,,"#73 Alex Fuller - LT","#69 Warren Whittaker - LG","#63 Jim Alexander - C","#68 Eddie Flannagan - RG","#65 Lamont Weller - LT",,"#66 Michael Kyle - RDE",,"#95 William Ferry - DT","#96 Earl McKean - DT","#50 Mitchell Flannery - RDE","#52 Robert Szeto - MLB","#51 Charles Harper - MLB",,"#54 David Stanford - MLB","#45 Travis Massa - CB","#49 Richard Retherford - CB",,,,"#22 Scott Camara - SS","#21 Paul Owens - FS",,,,,,,,,,,,,,,,,,,,,,,,,,,,,,,,,,,,
LAX,5:55,"LAX 19",3,4,16,Punt,"Punt Return",,10,13,"4-16-LAX 19 (5:54) 2-Christopher Hill punts 53 yards to TAM 28. Fair Catch by 26-Donald Sykes.",,,,,,,,,,,,,,,,,,"#2 Christopher Hill - P",,,,,,,,,,,,,,,,,,,"#64 Frank Flores - LG",,"#3 Donald Sykes - WR",,,"#21 Paul Owens - FS","#45 Travis Massa - CB","#22 Scott Camara - SS",,"#24 Marvin Guillen - CB","#51 Charles Harper - MLB",,"#1 Jim Catt - CB",,,,"#68 Eddie Flannagan - RG","#70 Andrew Pinder - RT","#65 Lamont Weller - LT","#69 Warren Whittaker - LG","#62 Richard Fuentes - C","#80 Justin Busch - TE",,"#95 William Ferry - DT","#66 Michael Kyle - RDE","#52 Robert Szeto - MLB","#58 Chester Janik - WLB",,,,,,,
TAM,5:47,"TAM 28",3,1,10,"Shotgun Normal HB Flare","Nickel Normal Double WR2",,10,13,"1-10-TAM 28 (5:48) 3-Curtis Torres pass incomplete, dropped by 48-Richard Sisson.","#3 Curtis Torres - QB","#48 Richard Sisson - RB",,,,"#87 James Morse - TE",,"#18 Philip J. Fry - WR","#11 Jean Shoemaker - WR","#83 Lloyd Williams - WR",,,"#61 Alex Vasquez - RG","#72 Richard Loring - LG","#75 Samuel Bourque - C","#71 Jimmy Borchert - RG","#65 Chad Delong - RT",,"#93 Kenneth Rasco - LDE",,"#90 Jess Walton - DT","#99 Rey Toler - DT","#95 Shane Cox - RDE",,"#91 Donald Brooks - MLB",,"#52 Jefferey Vallejo - WLB","#43 Juan Rollins - CB","#48 Charles Jackson - CB",,"#44 James Blackburn - CB",,"#40 Brian Tatum - SS","#45 John Brown - FS",,,,,,,,,,,,,,,,,,,,,,,,,,,,,,,,,,,,
TAM,5:43,"TAM 28",3,2,10,"Singleback Normal HB Inside Weak","Nickel Normal 2 Deep",6,10,13,"2-10-TAM 28 (5:44) 26-Donald Sykes ran to TAM 34 for 6 yards. Tackle by 45-John Brown.","#3 Curtis Torres - QB","#3 Donald Sykes - WR",,,,"#87 James Morse - TE",,"#18 Philip J. Fry - WR","#11 Jean Shoemaker - WR","#83 Lloyd Williams - WR",,,"#61 Alex Vasquez - RG","#72 Richard Loring - LG","#75 Samuel Bourque - C","#71 Jimmy Borchert - RG","#65 Chad Delong - RT",,"#93 Kenneth Rasco - LDE",,"#90 Jess Walton - DT","#99 Rey Toler - DT","#95 Shane Cox - RDE",,"#91 Donald Brooks - MLB",,"#52 Jefferey Vallejo - WLB","#41 Paul Shelly - CB","#43 Juan Rollins - CB",,"#48 Charles Jackson - CB",,"#40 Brian Tatum - SS","#45 John Brown - FS",,,,,,,,,,,,,,,,,,,,,,,,,,,,,,,,,,,,
TAM,5:05,"TAM 34",3,3,4,"Goal Line Normal HB Weak","Goal Line Attack #2",2,10,13,"3-4-TAM 34 (5:04) 48-Richard Sisson ran to TAM 37 for 2 yards. Tackle by 51-Donald Brooks.","#3 Curtis Torres - QB","#48 Richard Sisson - RB",,"#28 Willie Dubreuil - RB","#37 Jessie Sharp - FB","#87 James Morse - TE","#82 Dallas Bradshaw - TE",,,,,,"#61 Alex Vasquez - RG","#72 Richard Loring - LG","#75 Samuel Bourque - C","#71 Jimmy Borchert - RG","#65 Chad Delong - RT",,"#93 Kenneth Rasco - LDE","#91 Thomas Herndon - LDE","#90 Jess Walton - DT","#99 Rey Toler - DT","#95 Shane Cox - RDE","#59 Henry Roach - SLB","#91 Donald Brooks - MLB",,"#52 Jefferey Vallejo - WLB","#41 Paul Shelly - CB","#43 Juan Rollins - CB",,,,"#40 Brian Tatum - SS",,,,,,,,,,,,,,,,,,,,,,,,,,,,,,,,,,,,,
TAM,4:23,"TAM 37",3,4,2,Punt,"Punt Return",,10,13,"4-2-TAM 37 (4:22) 4-Stephen Read punts 46 yards to LAX 17. Fair Catch by 26-Bernard Christofferse.",,,,,,,,,,,,,,,,,,"#4 Stephen Read - P",,,,,,,,,,,,,,,,,,,"#87 James Morse - TE",,"#26 Bernard Christofferse - RB",,,"#42 Nathan Villanueva - CB","#30 Juan Titus - CB","#41 Paul Shelly - CB",,"#48 Charles Jackson - CB","#43 Juan Rollins - CB",,"#18 John Miller - WR",,,,"#69 Foster Dray - LG","#61 Alex Vasquez - RG","#2 George Alexander - C","#65 Chad Delong - RT","#71 Jimmy Borchert - RG","#37 Jessie Sharp - FB",,"#91 Thomas Herndon - LDE","#91 Donald Brooks - MLB","#92 Darius David - RDE","#59 Henry Roach - SLB",,,,,,,
LAX,4:14,"LAX 17",3,1,10,"Singleback Slot Strong Off Tackle Strong","4-3 Normal Double WR3",1,10,13,"1-10-LAX 17 (4:15) 26-Bernard Christofferse ran to LAX 18 for 1 yards. Tackle by 51-Charles Harper.","#8 Myron Dustin - QB","#26 Bernard Christofferse - RB",,,,"#80 Justin Busch - TE",,"#15 Dwayne Redden - WR","#17 Cody Williamson - WR","#11 James Andersen - WR",,,"#65 Lamont Weller - LT","#69 Warren Whittaker - LG","#66 Eduardo Kappel - C","#68 Eddie Flannagan - RG","#70 Andrew Pinder - RT",,"#66 Michael Kyle - RDE",,"#95 William Ferry - DT","#96 Earl McKean - DT","#50 Mitchell Flannery - RDE","#54 David Stanford - MLB","#51 Charles Harper - MLB",,"#91 Harris Dykes - MLB","#45 Travis Massa - CB","#49 Richard Retherford - CB",,,,"#40 Adrian Koval - SS","#1 Jim Catt - CB",,,,,,,,,,,,,,,,,,,,,,,,,,,,,,,,,,,,
LAX,3:34,"LAX 18",3,2,9,"I Formation Normal HB Dive","4-3 Normal OLB Blitz Inside",,10,13,"2-9-LAX 18 (3:33) 26-Bernard Christofferse ran to LAX 19 for a short gain. Tackle by 54-David Stanford. 30-Brian Peterson missed that block completely.","#8 Myron Dustin - QB","#26 Bernard Christofferse - RB",,,"#30 Brian Peterson - FB","#80 Justin Busch - TE",,"#11 James Andersen - WR",,"#12 Richard Neufeld - WR",,,"#65 Lamont Weller - LT","#69 Warren Whittaker - LG","#66 Eduardo Kappel - C","#68 Eddie Flannagan - RG","#70 Andrew Pinder - RT",,"#66 Michael Kyle - RDE",,"#95 William Ferry - DT","#96 Earl McKean - DT","#50 Mitchell Flannery - RDE","#52 Robert Szeto - MLB","#51 Charles Harper - MLB",,"#54 David Stanford - MLB","#45 Travis Massa - CB","#49 Richard Retherford - CB",,,,"#22 Scott Camara - SS","#21 Paul Owens - FS",,,,,,,,,,,,,,,,,,,,,,,,,,,,,,,,,,,,
LAX,2:55,"LAX 19",3,3,9,"I Formation Normal HB Dive","4-3 Normal Man Under 1",4,10,13,"3-9-LAX 19 (2:54) 26-Bernard Christofferse ran to LAX 23 for 4 yards. Tackle by 54-David Stanford.","#8 Myron Dustin - QB","#26 Bernard Christofferse - RB",,,"#30 Brian Peterson - FB","#80 Justin Busch - TE",,"#11 James Andersen - WR",,"#12 Richard Neufeld - WR",,,"#65 Lamont Weller - LT","#69 Warren Whittaker - LG","#66 Eduardo Kappel - C","#68 Eddie Flannagan - RG","#70 Andrew Pinder - RT",,"#66 Michael Kyle - RDE",,"#95 William Ferry - DT","#96 Earl McKean - DT","#50 Mitchell Flannery - RDE","#52 Robert Szeto - MLB","#51 Charles Harper - MLB",,"#54 David Stanford - MLB","#45 Travis Massa - CB","#49 Richard Retherford - CB",,,,"#22 Scott Camara - SS","#21 Paul Owens - FS",,,,,,,,,,,,,,,,,,,,,,,,,,,,,,,,,,,,
LAX,2:14,"LAX 23",3,4,4,Punt,"Punt Return",,10,13,"4-4-LAX 23 (2:13) 2-Christopher Hill punts 52 yards to TAM 25. Fair Catch by 26-Donald Sykes.",,,,,,,,,,,,,,,,,,"#2 Christopher Hill - P",,,,,,,,,,,,,,,,,,,"#64 Frank Flores - LG",,"#3 Donald Sykes - WR",,,"#21 Paul Owens - FS","#45 Travis Massa - CB","#22 Scott Camara - SS",,"#24 Marvin Guillen - CB","#51 Charles Harper - MLB",,"#1 Jim Catt - CB",,,,"#66 Eduardo Kappel - C","#70 Andrew Pinder - RT","#65 Lamont Weller - LT","#69 Warren Whittaker - LG","#62 Richard Fuentes - C","#68 Eddie Flannagan - RG",,"#95 William Ferry - DT","#66 Michael Kyle - RDE","#52 Robert Szeto - MLB","#58 Chester Janik - WLB",,,,,,,
TAM,2:05,"TAM 25",3,1,10,"Strong I Normal HB Dive Strong","4-3 Under Crash Left",2,10,13,"1-10-TAM 25 (2:06) 48-Richard Sisson ran to TAM 27 for 2 yards. Tackle by 90-Jess Walton.","#3 Curtis Torres - QB","#48 Richard Sisson - RB",,,"#37 Jessie Sharp - FB","#87 James Morse - TE",,"#18 Philip J. Fry - WR",,"#83 Lloyd Williams - WR",,,"#61 Alex Vasquez - RG","#72 Richard Loring - LG","#75 Samuel Bourque - C","#71 Jimmy Borchert - RG","#65 Chad Delong - RT",,"#93 Kenneth Rasco - LDE",,"#90 Jess Walton - DT","#99 Rey Toler - DT","#95 Shane Cox - RDE","#59 Henry Roach - SLB","#91 Donald Brooks - MLB",,"#52 Jefferey Vallejo - WLB","#43 Juan Rollins - CB","#44 James Blackburn - CB",,,,"#40 Brian Tatum - SS","#45 John Brown - FS",,,,,,,,,,,,,,,,,,,,,,,,,,,,,,,,,,,,
TAM,1:35,"TAM 27",3,2,8,"Shotgun Normal HB Flare","Nickel Strong 1 Deep Man Under",7,10,13,"2-8-TAM 27 (1:34) 3-Curtis Torres pass complete to 26-Donald Sykes to TAM 34 for 7 yards. Tackle by 59-Henry Roach.","#3 Curtis Torres - QB","#3 Donald Sykes - WR",,,,"#87 James Morse - TE",,"#18 Philip J. Fry - WR","#11 Jean Shoemaker - WR","#83 Lloyd Williams - WR",,,"#61 Alex Vasquez - RG","#72 Richard Loring - LG","#75 Samuel Bourque - C","#71 Jimmy Borchert - RG","#65 Chad Delong - RT",,"#93 Kenneth Rasco - LDE",,"#90 Jess Walton - DT","#99 Rey Toler - DT","#95 Shane Cox - RDE",,"#91 Donald Brooks - MLB",,"#59 Henry Roach - SLB","#41 Paul Shelly - CB","#43 Juan Rollins - CB",,"#48 Charles Jackson - CB",,"#45 John Brown - FS","#42 Nathan Villanueva - CB",,,,,,,,,,,,,,,,,,,,,,,,,,,,,,,,,,,,
TAM,0:57,"TAM 34",3,3,,"I Formation Normal HB Blast","4-3 Normal Man QB Spy",6,10,13,"3-1-TAM 34 (0:56) 48-Richard Sisson ran to TAM 40 for 6 yards. Tackle by 45-John Brown.","#3 Curtis Torres - QB","#48 Richard Sisson - RB",,,"#37 Jessie Sharp - FB","#87 James Morse - TE",,"#18 Philip J. Fry - WR",,"#83 Lloyd Williams - WR",,,"#61 Alex Vasquez - RG","#72 Richard Loring - LG","#75 Samuel Bourque - C","#71 Jimmy Borchert - RG","#65 Chad Delong - RT",,"#93 Kenneth Rasco - LDE",,"#90 Jess Walton - DT","#99 Rey Toler - DT","#95 Shane Cox - RDE","#59 Henry Roach - SLB","#91 Donald Brooks - MLB",,"#52 Jefferey Vallejo - WLB","#41 Paul Shelly - CB","#43 Juan Rollins - CB",,,,"#44 James Blackburn - CB","#45 John Brown - FS",,,,,,,,,,,,,,,,,,,,,,,,,,,,,,,,,,,,
TAM,0:18,"TAM 40",3,1,10,"I Formation Normal FL Hitch","4-3 Normal Man QB Spy",,10,13,"1-10-TAM 40 (0:17) 3-Curtis Torres pass incomplete, intended for 87-James Morse.","#3 Curtis Torres - QB","#28 Willie Dubreuil - RB",,,"#37 Jessie Sharp - FB","#87 James Morse - TE",,"#18 Philip J. Fry - WR",,"#83 Lloyd Williams - WR",,,"#61 Alex Vasquez - RG","#72 Richard Loring - LG","#75 Samuel Bourque - C","#71 Jimmy Borchert - RG","#65 Chad Delong - RT",,"#93 Kenneth Rasco - LDE",,"#90 Jess Walton - DT","#99 Rey Toler - DT","#95 Shane Cox - RDE","#59 Henry Roach - SLB","#91 Donald Brooks - MLB",,"#52 Jefferey Vallejo - WLB","#41 Paul Shelly - CB","#43 Juan Rollins - CB",,,,"#44 James Blackburn - CB","#45 John Brown - FS",,,,,,,,,,,,,,,,,,,,,,,,,,,,,,,,,,,,
TAM,0:13,"TAM 40",3,2,10,"I Formation Normal HB Blast","4-3 Under Crash Left",5,10,13,"2-10-TAM 40 (0:14) 26-Donald Sykes ran to TAM 44 for 5 yards. Tackle by 52-Jefferey Vallejo.","#3 Curtis Torres - QB","#3 Donald Sykes - WR",,,"#37 Jessie Sharp - FB","#87 James Morse - TE",,"#18 Philip J. Fry - WR",,"#83 Lloyd Williams - WR",,,"#61 Alex Vasquez - RG","#72 Richard Loring - LG","#75 Samuel Bourque - C","#71 Jimmy Borchert - RG","#65 Chad Delong - RT",,"#93 Kenneth Rasco - LDE",,"#90 Jess Walton - DT","#99 Rey Toler - DT","#95 Shane Cox - RDE","#59 Henry Roach - SLB","#91 Donald Brooks - MLB",,"#52 Jefferey Vallejo - WLB","#41 Paul Shelly - CB","#43 Juan Rollins - CB",,,,"#40 Brian Tatum - SS","#45 John Brown - FS",,,,,,,,,,,,,,,,,,,,,,,,,,,,,,,,,,,,
,0:00,,3,3,5,,,,10,13,"End of third quarter.",,,,,,,,,,,,,,,,,,,,,,,,,,,,,,,,,,,,,,,,,,,,,,,,,,,,,,,,,,,,,,,,,,,,,,
TAM,15:00,"TAM 44",4,3,5,"Goal Line Normal PA TE Drag","Goal Line Attack #2",,10,13,"3-5-TAM 44 (15:00) 3-Curtis Torres pass Pass knocked down by 41-Paul Shelly. incomplete, intended for 87-James Morse.","#3 Curtis Torres - QB","#48 Richard Sisson - RB",,"#28 Willie Dubreuil - RB","#37 Jessie Sharp - FB","#87 James Morse - TE","#82 Dallas Bradshaw - TE",,,,,,"#61 Alex Vasquez - RG","#72 Richard Loring - LG","#75 Samuel Bourque - C","#71 Jimmy Borchert - RG","#65 Chad Delong - RT",,"#93 Kenneth Rasco - LDE","#91 Thomas Herndon - LDE","#90 Jess Walton - DT","#99 Rey Toler - DT","#95 Shane Cox - RDE","#59 Henry Roach - SLB","#91 Donald Brooks - MLB",,"#52 Jefferey Vallejo - WLB","#41 Paul Shelly - CB","#43 Juan Rollins - CB",,,,"#40 Brian Tatum - SS",,,,,,,,,,,,,,,,,,,,,,,,,,,,,,,,,,,,,
TAM,14:58,"TAM 44",4,4,5,Punt,"Punt Return",,10,13,"4-5-TAM 44 (14:59) 4-Stephen Read punts 45 yards to LAX 10. Fair Catch by 26-Bernard Christofferse.",,,,,,,,,,,,,,,,,,"#4 Stephen Read - P",,,,,,,,,,,,,,,,,,,"#87 James Morse - TE",,"#26 Bernard Christofferse - RB",,,"#42 Nathan Villanueva - CB","#30 Juan Titus - CB","#41 Paul Shelly - CB",,"#48 Charles Jackson - CB","#43 Juan Rollins - CB",,"#18 John Miller - WR",,,,"#69 Foster Dray - LG","#61 Alex Vasquez - RG","#2 George Alexander - C","#65 Chad Delong - RT","#71 Jimmy Borchert - RG","#37 Jessie Sharp - FB",,"#91 Thomas Herndon - LDE","#91 Donald Brooks - MLB","#92 Darius David - RDE","#59 Henry Roach - SLB",,,,,,,
LAX,14:51,"LAX 10",4,1,10,"Goal Line Normal HB Pitch Weak","4-3 Normal Double Safety Blitz",1,10,13,"1-10-LAX 10 (14:52) 22-Ernie Lindsay ran to LAX 11 for 1 yards. Tackle by 50-Mitchell Flannery. TAM 50-Mitchell Flannery was injured on the play.","#8 Myron Dustin - QB","#22 Ernie Lindsay - RB",,"#17 Cody Williamson - WR","#30 Brian Peterson - FB","#80 Justin Busch - TE","#31 Everett Oreilly - FB",,,,,,"#65 Lamont Weller - LT","#69 Warren Whittaker - LG","#66 Eduardo Kappel - C","#68 Eddie Flannagan - RG","#70 Andrew Pinder - RT",,"#66 Michael Kyle - RDE",,"#95 William Ferry - DT","#96 Earl McKean - DT","#50 Mitchell Flannery - RDE","#54 David Stanford - MLB","#51 Charles Harper - MLB",,"#91 Harris Dykes - MLB","#45 Travis Massa - CB","#49 Richard Retherford - CB",,,,"#40 Adrian Koval - SS","#1 Jim Catt - CB",,,,,,,,,,,,,,,,,,,,,,,,,,,,,,,,,,,,
LAX,14:07,"LAX 11",4,2,9,"Singleback Big HB Inside Strong","4-3 Normal Man Under 1",3,10,13,"2-9-LAX 11 (14:06) 26-Bernard Christofferse ran to LAX 14 for 3 yards. Tackle by 21-Paul Owens.","#8 Myron Dustin - QB","#26 Bernard Christofferse - RB",,,,"#80 Justin Busch - TE","#31 Everett Oreilly - FB","#11 James Andersen - WR",,"#18 John Miller - WR",,,"#65 Lamont Weller - LT","#69 Warren Whittaker - LG","#66 Eduardo Kappel - C","#68 Eddie Flannagan - RG","#70 Andrew Pinder - RT",,"#66 Michael Kyle - RDE",,"#95 William Ferry - DT","#96 Earl McKean - DT","#90 Haywood Barnes - RDE","#52 Robert Szeto - MLB","#51 Charles Harper - MLB",,"#54 David Stanford - MLB","#45 Travis Massa - CB","#49 Richard Retherford - CB",,,,"#22 Scott Camara - SS","#21 Paul Owens - FS",,,,,,,,,,,,,,,,,,,,,,,,,,,,,,,,,,,,
LAX,13:28,"LAX 14",4,3,6,"I Formation 3WR Slot Short WR Deep","4-3 Normal Man QB Spy",10,10,13,"3-6-LAX 14 (13:27) 8-Myron Dustin pass complete to 12-Richard Neufeld to LAX 24 for 10 yards. Tackle by 54-David Stanford.","#8 Myron Dustin - QB","#22 Ernie Lindsay - RB",,,"#30 Brian Peterson - FB",,,"#11 James Andersen - WR","#12 Richard Neufeld - WR","#18 John Miller - WR",,,"#65 Lamont Weller - LT","#69 Warren Whittaker - LG","#66 Eduardo Kappel - C","#68 Eddie Flannagan - RG","#70 Andrew Pinder - RT",,"#66 Michael Kyle - RDE",,"#95 William Ferry - DT","#96 Earl McKean - DT","#90 Haywood Barnes - RDE","#52 Robert Szeto - MLB","#51 Charles Harper - MLB",,"#54 David Stanford - MLB","#45 Travis Massa - CB","#49 Richard Retherford - CB",,,,"#22 Scott Camara - SS","#21 Paul Owens - FS",,,,,,,,,,,,,,,,,,,,,,,,,,,,,,,,,,,,
LAX,12:53,"LAX 24",4,1,10,"Singleback Slot Strong Post Curls","4-3 Normal WLB Outside Blitz",,10,13,"1-10-LAX 24 (12:52) 8-Myron Dustin pass incomplete, dropped by 17-Cody Williamson.","#8 Myron Dustin - QB","#26 Bernard Christofferse - RB",,,,"#80 Justin Busch - TE",,"#15 Dwayne Redden - WR","#17 Cody Williamson - WR","#11 James Andersen - WR",,,"#73 Alex Fuller - LT","#69 Warren Whittaker - LG","#66 Eduardo Kappel - C","#68 Eddie Flannagan - RG","#65 Lamont Weller - LT",,"#66 Michael Kyle - RDE",,"#95 William Ferry - DT","#96 Earl McKean - DT","#90 Haywood Barnes - RDE","#52 Robert Szeto - MLB","#51 Charles Harper - MLB",,"#54 David Stanford - MLB","#45 Travis Massa - CB","#49 Richard Retherford - CB",,,,"#22 Scott Camara - SS","#21 Paul Owens - FS",,,,,,,,,,,,,,,,,,,,,,,,,,,,,,,,,,,,
LAX,12:48,"LAX 24",4,2,10,"I Formation Normal HB Dive","4-3 Normal OLB Blitz Inside",4,10,13,"2-10-LAX 24 (12:49) 22-Ernie Lindsay ran to LAX 28 for 4 yards. Tackle by 22-Scott Camara. LAX 12-Richard Neufeld was injured on the play. TAM 54-David Stanford was injured on the play.","#8 Myron Dustin - QB","#22 Ernie Lindsay - RB",,,"#30 Brian Peterson - FB","#80 Justin Busch - TE",,"#11 James Andersen - WR",,"#12 Richard Neufeld - WR",,,"#65 Lamont Weller - LT","#69 Warren Whittaker - LG","#66 Eduardo Kappel - C","#68 Eddie Flannagan - RG","#70 Andrew Pinder - RT",,"#66 Michael Kyle - RDE",,"#95 William Ferry - DT","#96 Earl McKean - DT","#90 Haywood Barnes - RDE","#52 Robert Szeto - MLB","#51 Charles Harper - MLB",,"#54 David Stanford - MLB","#45 Travis Massa - CB","#49 Richard Retherford - CB",,,,"#22 Scott Camara - SS","#21 Paul Owens - FS",,,,,,,,,,,,,,,,,,,,,,,,,,,,,,,,,,,,
LAX,12:11,"LAX 28",4,3,6,"I Formation Normal PA Fullback Flat","4-3 Normal Man Under 1",3,10,13,"3-6-LAX 28 (12:10) 8-Myron Dustin pass complete to 30-Brian Peterson to LAX 31 for 3 yards. Tackle by 52-Robert Szeto.","#8 Myron Dustin - QB","#26 Bernard Christofferse - RB",,,"#30 Brian Peterson - FB","#80 Justin Busch - TE",,"#18 John Miller - WR",,"#15 Dwayne Redden - WR",,,"#65 Lamont Weller - LT","#69 Warren Whittaker - LG","#66 Eduardo Kappel - C","#68 Eddie Flannagan - RG","#70 Andrew Pinder - RT",,"#66 Michael Kyle - RDE",,"#95 William Ferry - DT","#96 Earl McKean - DT","#90 Haywood Barnes - RDE","#91 Harris Dykes - MLB","#51 Charles Harper - MLB",,"#52 Robert Szeto - MLB","#45 Travis Massa - CB","#49 Richard Retherford - CB",,,,"#22 Scott Camara - SS","#21 Paul Owens - FS",,,,,,,,,,,,,,,,,,,,,,,,,,,,,,,,,,,,
LAX,11:34,"LAX 31",4,4,3,Punt,"Punt Return",,10,13,"4-3-LAX 31 (11:33) 2-Christopher Hill punts 45 yards to TAM 24. 26-Donald Sykes FUMBLES recovered by TAM-26-Donald Sykes to TAM 26 for 2 yards. Tackle by 42-Nathan Villanueva.",,,,,,,,,,,,,,,,,,"#2 Christopher Hill - P",,,,,,,,,,,,,,,,,,,"#64 Frank Flores - LG",,"#3 Donald Sykes - WR",,,"#21 Paul Owens - FS","#45 Travis Massa - CB","#22 Scott Camara - SS",,"#24 Marvin Guillen - CB","#51 Charles Harper - MLB",,"#1 Jim Catt - CB",,,,"#66 Eduardo Kappel - C","#70 Andrew Pinder - RT","#65 Lamont Weller - LT","#69 Warren Whittaker - LG","#62 Richard Fuentes - C","#68 Eddie Flannagan - RG",,"#95 William Ferry - DT","#66 Michael Kyle - RDE","#52 Robert Szeto - MLB","#58 Chester Janik - WLB",,,,,,,
TAM,11:22,"TAM 26",4,1,10,"I Formation Normal HB Blast","4-3 Under Double Safety Blitz",-0,10,13,"1-10-TAM 26 (11:23) 48-Richard Sisson ran to TAM 25 for a short loss. Tackle by 45-John Brown.","#3 Curtis Torres - QB","#48 Richard Sisson - RB",,,"#37 Jessie Sharp - FB","#87 James Morse - TE",,"#18 Philip J. Fry - WR",,"#83 Lloyd Williams - WR",,,"#61 Alex Vasquez - RG","#72 Richard Loring - LG","#75 Samuel Bourque - C","#71 Jimmy Borchert - RG","#65 Chad Delong - RT",,"#93 Kenneth Rasco - LDE",,"#90 Jess Walton - DT","#99 Rey Toler - DT","#95 Shane Cox - RDE","#59 Henry Roach - SLB","#91 Donald Brooks - MLB",,"#52 Jefferey Vallejo - WLB","#43 Juan Rollins - CB","#44 James Blackburn - CB",,,,"#40 Brian Tatum - SS","#45 John Brown - FS",,,,,,,,,,,,,,,,,,,,,,,,,,,,,,,,,,,,
TAM,10:47,"TAM 25",4,2,10,"Goal Line Normal HB Weak","Goal Line Attack #2",-0,10,13,"2-10-TAM 25 (10:46) 26-Donald Sykes ran to TAM 25 for a short loss. Tackle by 95-Shane Cox.","#3 Curtis Torres - QB","#3 Donald Sykes - WR",,"#48 Richard Sisson - RB","#37 Jessie Sharp - FB","#87 James Morse - TE","#82 Dallas Bradshaw - TE",,,,,,"#61 Alex Vasquez - RG","#72 Richard Loring - LG","#75 Samuel Bourque - C","#71 Jimmy Borchert - RG","#65 Chad Delong - RT",,"#93 Kenneth Rasco - LDE","#91 Thomas Herndon - LDE","#90 Jess Walton - DT","#99 Rey Toler - DT","#95 Shane Cox - RDE","#59 Henry Roach - SLB","#91 Donald Brooks - MLB",,"#52 Jefferey Vallejo - WLB","#41 Paul Shelly - CB","#43 Juan Rollins - CB",,,,"#40 Brian Tatum - SS",,,,,,,,,,,,,,,,,,,,,,,,,,,,,,,,,,,,,
TAM,10:06,"TAM 25",4,3,10,"Strong I Normal HB Dive Strong","4-3 Under Double Safety Blitz",2,10,13,"3-10-TAM 25 (10:05) 48-Richard Sisson ran to TAM 28 for 2 yards. Tackle by 45-John Brown.","#3 Curtis Torres - QB","#48 Richard Sisson - RB",,,"#37 Jessie Sharp - FB","#87 James Morse - TE",,"#18 Philip J. Fry - WR",,"#83 Lloyd Williams - WR",,,"#61 Alex Vasquez - RG","#72 Richard Loring - LG","#75 Samuel Bourque - C","#71 Jimmy Borchert - RG","#65 Chad Delong - RT",,"#93 Kenneth Rasco - LDE",,"#90 Jess Walton - DT","#99 Rey Toler - DT","#95 Shane Cox - RDE","#59 Henry Roach - SLB","#91 Donald Brooks - MLB",,"#52 Jefferey Vallejo - WLB","#41 Paul Shelly - CB","#43 Juan Rollins - CB",,,,"#40 Brian Tatum - SS","#45 John Brown - FS",,,,,,,,,,,,,,,,,,,,,,,,,,,,,,,,,,,,
TAM,9:33,"TAM 28",4,4,8,Punt,"Punt Return",,10,13,"4-8-TAM 28 (9:32) 4-Stephen Read punts 47 yards to LAX 25. Fair Catch by 26-Bernard Christofferse.",,,,,,,,,,,,,,,,,,"#4 Stephen Read - P",,,,,,,,,,,,,,,,,,,"#87 James Morse - TE",,"#26 Bernard Christofferse - RB",,,"#42 Nathan Villanueva - CB","#30 Juan Titus - CB","#41 Paul Shelly - CB",,"#48 Charles Jackson - CB","#43 Juan Rollins - CB",,"#18 John Miller - WR",,,,"#69 Foster Dray - LG","#61 Alex Vasquez - RG","#2 George Alexander - C","#65 Chad Delong - RT","#71 Jimmy Borchert - RG","#37 Jessie Sharp - FB",,"#91 Thomas Herndon - LDE","#91 Donald Brooks - MLB","#92 Darius David - RDE","#59 Henry Roach - SLB",,,,,,,
LAX,9:24,"LAX 25",4,1,10,"I Formation Twin WR HB Toss Weak","4-3 Normal Man Under 1",21,10,13,"1-10-LAX 25 (9:25) 22-Ernie Lindsay ran to LAX 46 for 21 yards. Tackle by 1-Jim Catt.","#8 Myron Dustin - QB","#22 Ernie Lindsay - RB",,,"#30 Brian Peterson - FB","#80 Justin Busch - TE",,"#11 James Andersen - WR",,"#15 Dwayne Redden - WR",,,"#68 Eddie Flannagan - RG","#69 Warren Whittaker - LG","#66 Eduardo Kappel - C","#65 Lamont Weller - LT","#70 Andrew Pinder - RT",,"#66 Michael Kyle - RDE",,"#95 William Ferry - DT","#96 Earl McKean - DT","#90 Haywood Barnes - RDE","#51 Charles Harper - MLB","#58 Chester Janik - WLB",,"#91 Harris Dykes - MLB","#45 Travis Massa - CB","#49 Richard Retherford - CB",,,,"#40 Adrian Koval - SS","#1 Jim Catt - CB",,,,,,,,,,,,,,,,,,,,,,,,,,,,,,,,,,,,
LAX,8:46,"LAX 46",4,1,10,"I Formation Twin WR HB Toss Weak","4-3 Normal Man Under 1",3,10,13,"1-10-LAX 46 (8:45) 26-Bernard Christofferse ran to LAX 50 for 3 yards. Tackle by 49-Richard Retherford.","#8 Myron Dustin - QB","#26 Bernard Christofferse - RB",,,"#30 Brian Peterson - FB","#80 Justin Busch - TE",,"#11 James Andersen - WR",,"#18 John Miller - WR",,,"#68 Eddie Flannagan - RG","#69 Warren Whittaker - LG","#66 Eduardo Kappel - C","#65 Lamont Weller - LT","#70 Andrew Pinder - RT",,"#66 Michael Kyle - RDE",,"#95 William Ferry - DT","#96 Earl McKean - DT","#90 Haywood Barnes - RDE","#52 Robert Szeto - MLB","#51 Charles Harper - MLB",,"#91 Harris Dykes - MLB","#45 Travis Massa - CB","#49 Richard Retherford - CB",,,,"#22 Scott Camara - SS","#21 Paul Owens - FS",,,,,,,,,,,,,,,,,,,,,,,,,,,,,,,,,,,,
LAX,8:05,"LAX 50",4,2,7,"I Formation 3WR SE Post","4-3 Normal Man QB Spy",4,10,13,"2-7-LAX 50 (8:04) 8-Myron Dustin pass complete to 11-James Andersen to TAM 46 for 4 yards. Tackle by 45-Travis Massa. 45-Travis Massa got away with a hold on that play.","#8 Myron Dustin - QB","#31 Everett Oreilly - FB",,,"#30 Brian Peterson - FB",,,"#11 James Andersen - WR","#15 Dwayne Redden - WR","#18 John Miller - WR",,,"#65 Lamont Weller - LT","#69 Warren Whittaker - LG","#66 Eduardo Kappel - C","#68 Eddie Flannagan - RG","#70 Andrew Pinder - RT",,"#66 Michael Kyle - RDE",,"#95 William Ferry - DT","#96 Earl McKean - DT","#90 Haywood Barnes - RDE","#91 Harris Dykes - MLB","#51 Charles Harper - MLB",,"#52 Robert Szeto - MLB","#45 Travis Massa - CB","#49 Richard Retherford - CB",,,,"#22 Scott Camara - SS","#21 Paul Owens - FS",,,,,,,,,,,,,,,,,,,,,,,,,,,,,,,,,,,,
LAX,7:24,"TAM 46",4,3,3,"I Formation Normal Curl & Post","4-3 Normal WLB MLB Blitz",5,10,13,"3-3-TAM 46 (7:23) 8-Myron Dustin pass complete to 31-Everett Oreilly to TAM 42 for 5 yards. Tackle by 21-Paul Owens.","#8 Myron Dustin - QB","#31 Everett Oreilly - FB",,,"#30 Brian Peterson - FB","#80 Justin Busch - TE",,"#11 James Andersen - WR",,"#12 Richard Neufeld - WR",,,"#65 Lamont Weller - LT","#69 Warren Whittaker - LG","#66 Eduardo Kappel - C","#68 Eddie Flannagan - RG","#70 Andrew Pinder - RT",,"#66 Michael Kyle - RDE",,"#95 William Ferry - DT","#96 Earl McKean - DT","#90 Haywood Barnes - RDE","#91 Harris Dykes - MLB","#51 Charles Harper - MLB",,"#52 Robert Szeto - MLB","#45 Travis Massa - CB","#49 Richard Retherford - CB",,,,"#22 Scott Camara - SS","#21 Paul Owens - FS",,,,,,,,,,,,,,,,,,,,,,,,,,,,,,,,,,,,
LAX,6:40,"TAM 42",4,1,10,"Singleback Slot Strong Post Curls","4-3 Normal Double WR1",,10,13,"1-10-TAM 42 (6:39) 8-Myron Dustin pass incomplete, intended for 26-Bernard Christofferse.","#8 Myron Dustin - QB","#26 Bernard Christofferse - RB",,,,"#80 Justin Busch - TE",,"#15 Dwayne Redden - WR","#17 Cody Williamson - WR","#18 John Miller - WR",,,"#65 Lamont Weller - LT","#69 Warren Whittaker - LG","#66 Eduardo Kappel - C","#68 Eddie Flannagan - RG","#70 Andrew Pinder - RT",,"#66 Michael Kyle - RDE",,"#95 William Ferry - DT","#96 Earl McKean - DT","#90 Haywood Barnes - RDE","#52 Robert Szeto - MLB","#51 Charles Harper - MLB",,"#54 David Stanford - MLB","#45 Travis Massa - CB","#49 Richard Retherford - CB",,,,"#22 Scott Camara - SS","#1 Jim Catt - CB",,,,,,,,,,,,,,,,,,,,,,,,,,,,,,,,,,,,
LAX,6:36,"TAM 42",4,2,10,"Singleback Normal HB Dive Weak","4-3 Normal Double WR3",-1,10,13,"2-10-TAM 42 (6:37) 22-Ernie Lindsay ran to TAM 43 for -1 yards. Tackle by 96-Earl McKean.","#8 Myron Dustin - QB","#22 Ernie Lindsay - RB",,,,"#31 Everett Oreilly - FB",,"#18 John Miller - WR","#17 Cody Williamson - WR","#11 James Andersen - WR",,,"#65 Lamont Weller - LT","#68 Eddie Flannagan - RG","#66 Eduardo Kappel - C","#77 Jack Singh - LG","#70 Andrew Pinder - RT",,"#66 Michael Kyle - RDE",,"#95 William Ferry - DT","#96 Earl McKean - DT","#90 Haywood Barnes - RDE","#52 Robert Szeto - MLB","#51 Charles Harper - MLB",,"#54 David Stanford - MLB","#45 Travis Massa - CB","#49 Richard Retherford - CB",,,,"#22 Scott Camara - SS","#21 Paul Owens - FS",,,,,,,,,,,,,,,,,,,,,,,,,,,,,,,,,,,,
LAX,6:00,"TAM 43",4,3,11,"Weak I Normal WR Corner TE Middle","4-3 Normal Man QB Spy",,10,13,"3-11-TAM 43 (5:59) 8-Myron Dustin pass Pass knocked down by 49-Richard Retherford. incomplete, intended for 18-John Miller. Pressure by 95-William Ferry.","#8 Myron Dustin - QB","#26 Bernard Christofferse - RB",,,"#30 Brian Peterson - FB","#80 Justin Busch - TE",,"#11 James Andersen - WR",,"#18 John Miller - WR",,,"#65 Lamont Weller - LT","#69 Warren Whittaker - LG","#66 Eduardo Kappel - C","#68 Eddie Flannagan - RG","#70 Andrew Pinder - RT",,"#66 Michael Kyle - RDE",,"#95 William Ferry - DT","#96 Earl McKean - DT","#90 Haywood Barnes - RDE","#52 Robert Szeto - MLB","#51 Charles Harper - MLB",,"#54 David Stanford - MLB","#45 Travis Massa - CB","#49 Richard Retherford - CB",,,,"#22 Scott Camara - SS","#21 Paul Owens - FS",,,,,,,,,,,,,,,,,,,,,,,,,,,,,,,,,,,,
LAX,5:54,"TAM 43",4,4,11,"Field Goal","FG Block",53,10,13,"4-11-TAM 43 (5:55) 1-Eric Chandler 60 yard field goal is NO GOOD. (Short)",,,,,,,,,,,,,,,,,,,,,,,,,,,,,,,,,,,,"#8 Myron Dustin - QB","#64 Frank Flores - LG",,,,,,,,,,,,,,"#1 Eric Chandler - K","#77 Jack Singh - LG","#66 Eduardo Kappel - C","#70 Andrew Pinder - RT","#65 Lamont Weller - LT","#69 Warren Whittaker - LG","#62 Richard Fuentes - C","#68 Eddie Flannagan - RG","#73 Alex Fuller - LT","#95 William Ferry - DT","#66 Michael Kyle - RDE","#52 Robert Szeto - MLB","#58 Chester Janik - WLB","#91 Harris Dykes - MLB","#94 Alfred Chavez - WLB","#54 David Stanford - MLB","#96 Earl McKean - DT","#51 Charles Harper - MLB","#59 Richard Kersten - RDE","#53 Allan Sweeney - RDE"
TAM,5:49,"TAM 50",4,1,10,"I Formation Twin WR Hard Slants","4-3 Normal Man QB Spy",,10,13,"1-10-TAM 50 (5:50) 3-Curtis Torres pass Pass knocked down by 52-Jefferey Vallejo. incomplete, intended for 87-James Morse.","#3 Curtis Torres - QB","#3 Donald Sykes - WR",,,"#37 Jessie Sharp - FB","#87 James Morse - TE",,"#18 Philip J. Fry - WR",,"#83 Lloyd Williams - WR",,,"#61 Alex Vasquez - RG","#72 Richard Loring - LG","#75 Samuel Bourque - C","#71 Jimmy Borchert - RG","#65 Chad Delong - RT",,"#93 Kenneth Rasco - LDE",,"#90 Jess Walton - DT","#99 Rey Toler - DT","#95 Shane Cox - RDE","#59 Henry Roach - SLB","#91 Donald Brooks - MLB",,"#52 Jefferey Vallejo - WLB","#41 Paul Shelly - CB","#43 Juan Rollins - CB",,,,"#44 James Blackburn - CB","#45 John Brown - FS",,,,,,,,,,,,,,,,,,,,,,,,,,,,,,,,,,,,
TAM,5:47,"TAM 50",4,2,10,"Shotgun Normal HB Flare","Nickel Normal 2 Deep",14,10,13,"2-10-TAM 50 (5:48) 3-Curtis Torres pass complete to 87-James Morse to LAX 37 for 14 yards. Tackle by 40-Brian Tatum.","#3 Curtis Torres - QB","#48 Richard Sisson - RB",,,,"#87 James Morse - TE",,"#18 Philip J. Fry - WR","#11 Jean Shoemaker - WR","#83 Lloyd Williams - WR",,,"#61 Alex Vasquez - RG","#72 Richard Loring - LG","#75 Samuel Bourque - C","#71 Jimmy Borchert - RG","#65 Chad Delong - RT",,"#93 Kenneth Rasco - LDE",,"#90 Jess Walton - DT","#99 Rey Toler - DT","#95 Shane Cox - RDE",,"#91 Donald Brooks - MLB",,"#52 Jefferey Vallejo - WLB","#41 Paul Shelly - CB","#43 Juan Rollins - CB",,"#48 Charles Jackson - CB",,"#40 Brian Tatum - SS","#45 John Brown - FS",,,,,,,,,,,,,,,,,,,,,,,,,,,,,,,,,,,,
TAM,5:07,"LAX 37",4,1,10,"Strong I Normal HB Dive Strong","4-3 Normal Man QB Spy",1,10,13,"1-10-LAX 37 (5:06) 26-Donald Sykes ran to LAX 36 for 1 yards. Tackle by 99-Rey Toler.","#3 Curtis Torres - QB","#3 Donald Sykes - WR",,,"#37 Jessie Sharp - FB","#87 James Morse - TE",,"#18 Philip J. Fry - WR",,"#83 Lloyd Williams - WR",,,"#61 Alex Vasquez - RG","#72 Richard Loring - LG","#75 Samuel Bourque - C","#71 Jimmy Borchert - RG","#65 Chad Delong - RT",,"#93 Kenneth Rasco - LDE",,"#90 Jess Walton - DT","#99 Rey Toler - DT","#95 Shane Cox - RDE","#59 Henry Roach - SLB","#91 Donald Brooks - MLB",,"#52 Jefferey Vallejo - WLB","#41 Paul Shelly - CB","#43 Juan Rollins - CB",,,,"#44 James Blackburn - CB","#45 John Brown - FS",,,,,,,,,,,,,,,,,,,,,,,,,,,,,,,,,,,,
TAM,4:33,"LAX 36",4,2,9,"I Formation Normal HB Blast","4-3 Under Crash Right",3,10,13,"2-9-LAX 36 (4:32) 48-Richard Sisson ran to LAX 33 for 3 yards. Tackle by 59-Henry Roach.","#3 Curtis Torres - QB","#48 Richard Sisson - RB",,,"#37 Jessie Sharp - FB","#87 James Morse - TE",,"#18 Philip J. Fry - WR",,"#83 Lloyd Williams - WR",,,"#61 Alex Vasquez - RG","#72 Richard Loring - LG","#75 Samuel Bourque - C","#71 Jimmy Borchert - RG","#65 Chad Delong - RT",,"#93 Kenneth Rasco - LDE",,"#90 Jess Walton - DT","#99 Rey Toler - DT","#95 Shane Cox - RDE","#59 Henry Roach - SLB","#91 Donald Brooks - MLB",,"#52 Jefferey Vallejo - WLB","#41 Paul Shelly - CB","#43 Juan Rollins - CB",,,,"#40 Brian Tatum - SS","#45 John Brown - FS",,,,,,,,,,,,,,,,,,,,,,,,,,,,,,,,,,,,
TAM,3:52,"LAX 33",4,3,6,"Singleback Big WR Deep","4-3 Normal Man QB Spy",7,10,13,"3-6-LAX 33 (3:51) 3-Curtis Torres pass complete to 82-Dallas Bradshaw to LAX 26 for 7 yards. Tackle by 44-James Blackburn.","#3 Curtis Torres - QB","#3 Donald Sykes - WR",,,,"#87 James Morse - TE","#82 Dallas Bradshaw - TE","#18 Philip J. Fry - WR",,"#83 Lloyd Williams - WR",,,"#61 Alex Vasquez - RG","#72 Richard Loring - LG","#75 Samuel Bourque - C","#71 Jimmy Borchert - RG","#65 Chad Delong - RT",,"#93 Kenneth Rasco - LDE",,"#90 Jess Walton - DT","#99 Rey Toler - DT","#95 Shane Cox - RDE","#59 Henry Roach - SLB","#91 Donald Brooks - MLB",,"#52 Jefferey Vallejo - WLB","#41 Paul Shelly - CB","#43 Juan Rollins - CB",,,,"#44 James Blackburn - CB","#45 John Brown - FS",,,,,,,,,,,,,,,,,,,,,,,,,,,,,,,,,,,,
TAM,3:17,"LAX 26",4,1,10,"Singleback Normal HB Inside Weak","Nickel Normal Shallow Zone Deep",8,10,13,"1-10-LAX 26 (3:16) 48-Richard Sisson ran to LAX 17 for 8 yards. Tackle by 40-Brian Tatum.","#3 Curtis Torres - QB","#48 Richard Sisson - RB",,,,"#87 James Morse - TE",,"#18 Philip J. Fry - WR","#11 Jean Shoemaker - WR","#83 Lloyd Williams - WR",,,"#61 Alex Vasquez - RG","#72 Richard Loring - LG","#75 Samuel Bourque - C","#71 Jimmy Borchert - RG","#65 Chad Delong - RT",,"#93 Kenneth Rasco - LDE",,"#90 Jess Walton - DT","#99 Rey Toler - DT","#95 Shane Cox - RDE",,"#91 Donald Brooks - MLB",,"#52 Jefferey Vallejo - WLB","#41 Paul Shelly - CB","#43 Juan Rollins - CB",,"#48 Charles Jackson - CB",,"#40 Brian Tatum - SS","#45 John Brown - FS",,,,,,,,,,,,,,,,,,,,,,,,,,,,,,,,,,,,
TAM,2:39,"LAX 17",4,2,2,"I Formation Normal PA Outside Curls","4-3 Normal Man QB Spy",,10,13,"2-2-LAX 17 (2:38) 3-Curtis Torres pass Pass knocked down by 43-Juan Rollins. incomplete, intended for 83-Lloyd Williams.","#3 Curtis Torres - QB","#3 Donald Sykes - WR",,,"#37 Jessie Sharp - FB","#87 James Morse - TE",,"#18 Philip J. Fry - WR",,"#83 Lloyd Williams - WR",,,"#61 Alex Vasquez - RG","#72 Richard Loring - LG","#75 Samuel Bourque - C","#71 Jimmy Borchert - RG","#65 Chad Delong - RT",,"#93 Kenneth Rasco - LDE",,"#90 Jess Walton - DT","#99 Rey Toler - DT","#95 Shane Cox - RDE","#59 Henry Roach - SLB","#91 Donald Brooks - MLB",,"#52 Jefferey Vallejo - WLB","#41 Paul Shelly - CB","#43 Juan Rollins - CB",,,,"#44 James Blackburn - CB","#45 John Brown - FS",,,,,,,,,,,,,,,,,,,,,,,,,,,,,,,,,,,,
TAM,2:33,"LAX 17",4,3,2,"I Formation Normal Curl & Post","4-3 Normal Man QB Spy",,10,13,"3-2-LAX 17 (2:34) 3-Curtis Torres pass Pass knocked down by 52-Jefferey Vallejo. incomplete, intended for 87-James Morse. LAX 90-Jess Walton was injured on the play. LAX 99-Rey Toler was injured on the play.","#3 Curtis Torres - QB","#28 Willie Dubreuil - RB",,,"#37 Jessie Sharp - FB","#87 James Morse - TE",,"#18 Philip J. Fry - WR",,"#83 Lloyd Williams - WR",,,"#61 Alex Vasquez - RG","#72 Richard Loring - LG","#75 Samuel Bourque - C","#71 Jimmy Borchert - RG","#65 Chad Delong - RT",,"#93 Kenneth Rasco - LDE",,"#90 Jess Walton - DT","#99 Rey Toler - DT","#95 Shane Cox - RDE","#59 Henry Roach - SLB","#91 Donald Brooks - MLB",,"#52 Jefferey Vallejo - WLB","#41 Paul Shelly - CB","#43 Juan Rollins - CB",,,,"#44 James Blackburn - CB","#45 John Brown - FS",,,,,,,,,,,,,,,,,,,,,,,,,,,,,,,,,,,,
TAM,2:30,"LAX 17",4,4,2,"Field Goal","FG Block",28,10,16,"4-2-LAX 17 (2:31) 7-Samuel Oakes 34 yard field goal is GOOD. LAX 10 TAM 16",,,,,,,,,,,,,,,,,,,,,,,,,,,,,,,,,,,,"#3 Curtis Torres - QB","#87 James Morse - TE",,,,,,,,,,,,,,"#7 Samuel Oakes - K","#72 Richard Loring - LG","#69 Foster Dray - LG","#61 Alex Vasquez - RG","#2 George Alexander - C","#65 Chad Delong - RT","#71 Jimmy Borchert - RG","#37 Jessie Sharp - FB","#60 Benjamin Orr - RT","#91 Thomas Herndon - LDE","#91 Donald Brooks - MLB","#92 Darius David - RDE","#59 Henry Roach - SLB","#95 Shane Cox - RDE","#93 Kenneth Rasco - LDE","#97 Michael Kennedy - RDE","#76 Wesley Carr - DT","#53 Rex Christian - WLB","#50 Joel Reed - SLB","#57 Eugene Goodson - MLB"
TAM,2:27,"TAM 35",4,6,10,Kickoff,"Kick Return",,10,16,"(2:28) 7-Samuel Oakes kicks 75 yards from TAM 35 to LAX -10. Touchback.",,,,,,,,,,,,,,,,,,,,,,,,,,,,,,,,,,,,,,"#26 Bernard Christofferse - RB",,"#22 Ernie Lindsay - RB","#44 James Blackburn - CB","#42 Nathan Villanueva - CB","#30 Juan Titus - CB","#41 Paul Shelly - CB","#40 Brian Tatum - SS","#48 Charles Jackson - CB","#43 Juan Rollins - CB","#17 Cody Williamson - WR","#18 John Miller - WR","#7 Samuel Oakes - K",,,,,,,,,,,,,,,,,,,,
LAX,2:27,"LAX 25",4,1,10,"Weak I Normal WR Corner TE Middle","4-3 Normal Man Under 1",8,10,16,"1-10-LAX 25 (2:28) 8-Myron Dustin pass complete to 31-Everett Oreilly to LAX 33 for 8 yards. Tackle by 52-Robert Szeto.","#8 Myron Dustin - QB","#31 Everett Oreilly - FB",,,"#30 Brian Peterson - FB","#80 Justin Busch - TE",,"#11 James Andersen - WR",,"#18 John Miller - WR",,,"#65 Lamont Weller - LT","#69 Warren Whittaker - LG","#66 Eduardo Kappel - C","#68 Eddie Flannagan - RG","#70 Andrew Pinder - RT",,"#66 Michael Kyle - RDE",,"#95 William Ferry - DT","#96 Earl McKean - DT","#50 Mitchell Flannery - RDE","#52 Robert Szeto - MLB","#51 Charles Harper - MLB",,"#54 David Stanford - MLB","#45 Travis Massa - CB","#49 Richard Retherford - CB",,,,"#22 Scott Camara - SS","#21 Paul Owens - FS",,,,,,,,,,,,,,,,,,,,,,,,,,,,,,,,,,,,
LAX,2:08,"LAX 33",4,2,2,"Singleback Normal WR Quick In","4-3 Normal Double WR1",,10,16,"2-2-LAX 33 (2:07) 8-Myron Dustin pass Pass knocked down by 91-Harris Dykes. incomplete, intended for 26-Bernard Christofferse. Pressure by 96-Earl McKean. TAM 66-Michael Kyle was injured on the play.","#8 Myron Dustin - QB","#26 Bernard Christofferse - RB",,,,"#80 Justin Busch - TE",,"#11 James Andersen - WR","#17 Cody Williamson - WR","#12 Richard Neufeld - WR",,,"#65 Lamont Weller - LT","#69 Warren Whittaker - LG","#66 Eduardo Kappel - C","#68 Eddie Flannagan - RG","#70 Andrew Pinder - RT",,"#66 Michael Kyle - RDE",,"#95 William Ferry - DT","#96 Earl McKean - DT","#50 Mitchell Flannery - RDE","#54 David Stanford - MLB","#91 Harris Dykes - MLB",,"#58 Chester Janik - WLB","#49 Richard Retherford - CB","#24 Marvin Guillen - CB",,,,"#40 Adrian Koval - SS","#1 Jim Catt - CB",,,,,,,,,,,,,,,,,,,,,,,,,,,,,,,,,,,,
LAX,2:02,"LAX 33",4,3,2,"I Formation Normal Curl & Post","4-3 Under Double LB Blitz",,10,16,"3-2-LAX 33 (2:03) 8-Myron Dustin pass Pass knocked down by 21-Paul Owens. incomplete, intended for 80-Justin Busch. Pressure by 95-William Ferry.","#8 Myron Dustin - QB","#22 Ernie Lindsay - RB",,,"#30 Brian Peterson - FB","#80 Justin Busch - TE",,"#18 John Miller - WR",,"#12 Richard Neufeld - WR",,,"#65 Lamont Weller - LT","#69 Warren Whittaker - LG","#66 Eduardo Kappel - C","#68 Eddie Flannagan - RG","#70 Andrew Pinder - RT",,"#59 Richard Kersten - RDE",,"#95 William Ferry - DT","#96 Earl McKean - DT","#50 Mitchell Flannery - RDE","#91 Harris Dykes - MLB","#51 Charles Harper - MLB",,"#58 Chester Janik - WLB","#45 Travis Massa - CB","#1 Jim Catt - CB",,,,"#40 Adrian Koval - SS","#21 Paul Owens - FS",,,,,,,,,,,,,,,,,,,,,,,,,,,,,,,,,,,,
,1:59,,4,4,2,,,,10,16,"Timeout for two minute warning.",,,,,,,,,,,,,,,,,,,,,,,,,,,,,,,,,,,,,,,,,,,,,,,,,,,,,,,,,,,,,,,,,,,,,,
LAX,1:58,"LAX 33",4,4,2,"I Formation Normal Curl & Post","4-3 Normal WLB MLB Blitz",8,10,16,"4-2-LAX 33 (1:59) 8-Myron Dustin pass complete to 31-Everett Oreilly to LAX 42 for 8 yards. Tackle by 24-Marvin Guillen.","#8 Myron Dustin - QB","#30 Brian Peterson - FB",,,"#22 Ernie Lindsay - RB","#31 Everett Oreilly - FB",,"#12 Richard Neufeld - WR",,"#15 Dwayne Redden - WR",,,"#65 Lamont Weller - LT","#69 Warren Whittaker - LG","#66 Eduardo Kappel - C","#68 Eddie Flannagan - RG","#70 Andrew Pinder - RT",,"#59 Richard Kersten - RDE",,"#95 William Ferry - DT","#96 Earl McKean - DT","#50 Mitchell Flannery - RDE","#52 Robert Szeto - MLB","#51 Charles Harper - MLB",,"#91 Harris Dykes - MLB","#1 Jim Catt - CB","#27 Patrick Croy - CB",,,,"#22 Scott Camara - SS","#24 Marvin Guillen - CB",,,,,,,,,,,,,,,,,,,,,,,,,,,,,,,,,,,,
,1:55,,4,1,10,,,,10,16,"Timeout LAX",,,,,,,,,,,,,,,,,,,,,,,,,,,,,,,,,,,,,,,,,,,,,,,,,,,,,,,,,,,,,,,,,,,,,,
LAX,1:51,"LAX 42",4,1,10,"Singleback Normal WR Quick In","4-3 Normal Double WR2",,10,16,"1-10-LAX 42 (1:52) 8-Myron Dustin pass incomplete, dropped by 26-Bernard Christofferse. LAX 69-Warren Whittaker was injured on the play.","#8 Myron Dustin - QB","#26 Bernard Christofferse - RB",,,,"#80 Justin Busch - TE",,"#18 John Miller - WR","#17 Cody Williamson - WR","#11 James Andersen - WR",,,"#65 Lamont Weller - LT","#69 Warren Whittaker - LG","#66 Eduardo Kappel - C","#68 Eddie Flannagan - RG","#70 Andrew Pinder - RT",,"#66 Michael Kyle - RDE",,"#95 William Ferry - DT","#96 Earl McKean - DT","#50 Mitchell Flannery - RDE","#52 Robert Szeto - MLB","#51 Charles Harper - MLB",,"#54 David Stanford - MLB","#45 Travis Massa - CB","#49 Richard Retherford - CB",,,,"#22 Scott Camara - SS","#21 Paul Owens - FS",,,,,,,,,,,,,,,,,,,,,,,,,,,,,,,,,,,,
LAX,1:48,"LAX 42",4,2,10,"I Formation Twin WR HB Toss Weak","4-3 Normal Man Under 1",3,10,16,"2-10-LAX 42 (1:49) 22-Ernie Lindsay ran to LAX 45 for 3 yards. Tackle by 52-Robert Szeto. TAM 96-Earl McKean was injured on the play. PENALTY - Offsides (TAM 66-Michael Kyle)","#8 Myron Dustin - QB","#22 Ernie Lindsay - RB",,,"#30 Brian Peterson - FB","#80 Justin Busch - TE",,"#11 James Andersen - WR",,"#18 John Miller - WR",,,"#68 Eddie Flannagan - RG","#64 Frank Flores - LG","#66 Eduardo Kappel - C","#65 Lamont Weller - LT","#70 Andrew Pinder - RT",,"#66 Michael Kyle - RDE",,"#95 William Ferry - DT","#96 Earl McKean - DT","#50 Mitchell Flannery - RDE","#52 Robert Szeto - MLB","#51 Charles Harper - MLB",,"#54 David Stanford - MLB","#45 Travis Massa - CB","#49 Richard Retherford - CB",,,,"#22 Scott Camara - SS","#21 Paul Owens - FS",,,,,,,,,,,,,,,,,,,,,,,,,,,,,,,,,,,,
LAX,1:45,"LAX 47",4,2,5,"Singleback Slot Strong HB Checkdown","4-3 Normal WLB Outside Blitz",-7,10,16,"2-5-LAX 47 (1:46) 8-Myron Dustin sacked at LAX 39 for -7 yards (54-David Stanford). Sack allowed by 64-Frank Flores. PENALTY - Offsides (TAM 95-William Ferry)","#8 Myron Dustin - QB","#26 Bernard Christofferse - RB",,,,"#80 Justin Busch - TE",,"#15 Dwayne Redden - WR","#17 Cody Williamson - WR","#11 James Andersen - WR",,,"#65 Lamont Weller - LT","#64 Frank Flores - LG","#66 Eduardo Kappel - C","#68 Eddie Flannagan - RG","#70 Andrew Pinder - RT",,"#66 Michael Kyle - RDE",,"#95 William Ferry - DT","#53 Allan Sweeney - RDE","#50 Mitchell Flannery - RDE","#52 Robert Szeto - MLB","#51 Charles Harper - MLB",,"#54 David Stanford - MLB","#45 Travis Massa - CB","#49 Richard Retherford - CB",,,,"#22 Scott Camara - SS","#21 Paul Owens - FS",,,,,,,,,,,,,,,,,,,,,,,,,,,,,,,,,,,,
LAX,1:42,"TAM 48",4,2,,"I Formation 3WR Slot Short WR Deep","4-3 Normal WLB MLB Blitz",33,10,16,"2-1-TAM 48 (1:43) 8-Myron Dustin pass complete to 22-Ernie Lindsay to TAM 16 for 33 yards.","#8 Myron Dustin - QB","#22 Ernie Lindsay - RB",,,"#30 Brian Peterson - FB",,,"#11 James Andersen - WR","#12 Richard Neufeld - WR","#18 John Miller - WR",,,"#65 Lamont Weller - LT","#64 Frank Flores - LG","#66 Eduardo Kappel - C","#68 Eddie Flannagan - RG","#70 Andrew Pinder - RT",,"#66 Michael Kyle - RDE",,"#95 William Ferry - DT","#53 Allan Sweeney - RDE","#50 Mitchell Flannery - RDE","#52 Robert Szeto - MLB","#51 Charles Harper - MLB",,"#54 David Stanford - MLB","#45 Travis Massa - CB","#49 Richard Retherford - CB",,,,"#22 Scott Camara - SS","#21 Paul Owens - FS",,,,,,,,,,,,,,,,,,,,,,,,,,,,,,,,,,,,
LAX,1:33,"TAM 16",4,1,10,"I Formation Normal PA Fullback Flat","4-3 Normal Man Under 1",-1,10,16,"1-10-TAM 16 (1:34) 8-Myron Dustin pass complete to 30-Brian Peterson to TAM 17 for -1 yards. Tackle by 94-Alfred Chavez. 30-Brian Peterson did some fancy footwork there.","#8 Myron Dustin - QB","#31 Everett Oreilly - FB",,,"#30 Brian Peterson - FB","#80 Justin Busch - TE",,"#18 John Miller - WR",,"#12 Richard Neufeld - WR",,,"#73 Alex Fuller - LT","#77 Jack Singh - LG","#66 Eduardo Kappel - C","#62 Richard Fuentes - C","#70 Andrew Pinder - RT",,"#66 Michael Kyle - RDE",,"#53 Allan Sweeney - RDE","#59 Richard Kersten - RDE","#90 Haywood Barnes - RDE","#91 Harris Dykes - MLB","#58 Chester Janik - WLB",,"#94 Alfred Chavez - WLB","#49 Richard Retherford - CB","#1 Jim Catt - CB",,,,"#40 Adrian Koval - SS","#21 Paul Owens - FS",,,,,,,,,,,,,,,,,,,,,,,,,,,,,,,,,,,,
,1:31,,4,2,11,,,,10,16,"Timeout LAX",,,,,,,,,,,,,,,,,,,,,,,,,,,,,,,,,,,,,,,,,,,,,,,,,,,,,,,,,,,,,,,,,,,,,,
LAX,1:27,"TAM 17",4,2,11,"Singleback Slot Strong Post Curls","4-3 Normal Double WR1",3,10,16,"2-11-TAM 17 (1:28) 8-Myron Dustin pass complete to 26-Bernard Christofferse to TAM 14 for 3 yards. Tackle by 94-Alfred Chavez.","#8 Myron Dustin - QB","#26 Bernard Christofferse - RB",,,,"#80 Justin Busch - TE",,"#15 Dwayne Redden - WR","#17 Cody Williamson - WR","#12 Richard Neufeld - WR",,,"#73 Alex Fuller - LT","#69 Warren Whittaker - LG","#66 Eduardo Kappel - C","#68 Eddie Flannagan - RG","#65 Lamont Weller - LT",,"#66 Michael Kyle - RDE",,"#95 William Ferry - DT","#53 Allan Sweeney - RDE","#50 Mitchell Flannery - RDE","#91 Harris Dykes - MLB","#94 Alfred Chavez - WLB",,"#58 Chester Janik - WLB","#49 Richard Retherford - CB","#1 Jim Catt - CB",,,,"#40 Adrian Koval - SS","#21 Paul Owens - FS",,,,,,,,,,,,,,,,,,,,,,,,,,,,,,,,,,,,
,1:26,,4,3,9,,,,10,16,"Timeout LAX",,,,,,,,,,,,,,,,,,,,,,,,,,,,,,,,,,,,,,,,,,,,,,,,,,,,,,,,,,,,,,,,,,,,,,
LAX,1:23,"TAM 14",4,3,9,"I Formation Normal FL Hitch","4-3 Normal Man QB Spy",9,10,16,"3-9-TAM 14 (1:24) 8-Myron Dustin pass complete to 11-James Andersen to TAM 5 for 9 yards. Tackle by 52-Robert Szeto.","#8 Myron Dustin - QB","#22 Ernie Lindsay - RB",,,"#30 Brian Peterson - FB","#80 Justin Busch - TE",,"#11 James Andersen - WR",,"#12 Richard Neufeld - WR",,,"#65 Lamont Weller - LT","#69 Warren Whittaker - LG","#66 Eduardo Kappel - C","#68 Eddie Flannagan - RG","#70 Andrew Pinder - RT",,"#66 Michael Kyle - RDE",,"#95 William Ferry - DT","#96 Earl McKean - DT","#50 Mitchell Flannery - RDE","#52 Robert Szeto - MLB","#51 Charles Harper - MLB",,"#54 David Stanford - MLB","#45 Travis Massa - CB","#49 Richard Retherford - CB",,,,"#22 Scott Camara - SS","#21 Paul Owens - FS",,,,,,,,,,,,,,,,,,,,,,,,,,,,,,,,,,,,
LAX,1:04,"TAM 5",4,1,5,"I Formation Normal FL Hitch","4-3 Normal Man QB Spy",3,10,16,"1-5-TAM 5 (1:03) 8-Myron Dustin pass complete to 11-James Andersen to TAM 2 for 3 yards. Tackle by 45-Travis Massa.","#8 Myron Dustin - QB","#26 Bernard Christofferse - RB",,,"#30 Brian Peterson - FB","#80 Justin Busch - TE",,"#11 James Andersen - WR",,"#12 Richard Neufeld - WR",,,"#65 Lamont Weller - LT","#69 Warren Whittaker - LG","#66 Eduardo Kappel - C","#68 Eddie Flannagan - RG","#70 Andrew Pinder - RT",,"#66 Michael Kyle - RDE",,"#95 William Ferry - DT","#96 Earl McKean - DT","#50 Mitchell Flannery - RDE","#52 Robert Szeto - MLB","#51 Charles Harper - MLB",,"#54 David Stanford - MLB","#45 Travis Massa - CB","#49 Richard Retherford - CB",,,,"#22 Scott Camara - SS","#21 Paul Owens - FS",,,,,,,,,,,,,,,,,,,,,,,,,,,,,,,,,,,,
LAX,0:40,"TAM 2",4,2,2,"I Formation 3WR Slot Short WR Deep","4-3 Under Double LB Blitz",5,16,16,"2-2-TAM 2 (0:39) 8-Myron Dustin pass complete to 17-Cody Williamson for 2 yards. TOUCHDOWN! LAX 16 TAM 16","#8 Myron Dustin - QB","#22 Ernie Lindsay - RB",,,"#30 Brian Peterson - FB",,,"#18 John Miller - WR","#17 Cody Williamson - WR","#15 Dwayne Redden - WR",,,"#65 Lamont Weller - LT","#69 Warren Whittaker - LG","#66 Eduardo Kappel - C","#68 Eddie Flannagan - RG","#70 Andrew Pinder - RT",,"#66 Michael Kyle - RDE",,"#95 William Ferry - DT","#96 Earl McKean - DT","#50 Mitchell Flannery - RDE","#52 Robert Szeto - MLB","#51 Charles Harper - MLB",,"#54 David Stanford - MLB","#45 Travis Massa - CB","#49 Richard Retherford - CB",,,,"#22 Scott Camara - SS","#1 Jim Catt - CB",,,,,,,,,,,,,,,,,,,,,,,,,,,,,,,,,,,,
LAX,0:35,"TAM 15",4,7,15,"Field Goal","FG Block",25,17,16,"(0:36) Extra point GOOD by 1-Eric Chandler. LAX 17 TAM 16",,,,,,,,,,,,,,,,,,,,,,,,,,,,,,,,,,,,"#8 Myron Dustin - QB","#64 Frank Flores - LG",,,,,,,,,,,,,,"#1 Eric Chandler - K","#73 Alex Fuller - LT","#66 Eduardo Kappel - C","#70 Andrew Pinder - RT","#65 Lamont Weller - LT","#69 Warren Whittaker - LG","#62 Richard Fuentes - C","#68 Eddie Flannagan - RG","#80 Justin Busch - TE","#51 Charles Harper - MLB","#66 Michael Kyle - RDE","#58 Chester Janik - WLB","#95 William Ferry - DT","#52 Robert Szeto - MLB","#91 Harris Dykes - MLB","#94 Alfred Chavez - WLB","#59 Richard Kersten - RDE","#96 Earl McKean - DT","#53 Allan Sweeney - RDE","#54 David Stanford - MLB"
LAX,0:35,"LAX 35",4,6,10,Kickoff,"Kick Return",,17,16,"(0:36) 1-Eric Chandler kicks 74 yards from LAX 35 to TAM -9. 26-Donald Sykes to TAM 20 for 29 yards. Tackle by 17-Cody Williamson. 24-Marvin Guillen was completely beat on that play.",,,,,,,,,,,,,,,,,,,,,,,,,,,,,,,,,,,,,,"#3 Donald Sykes - WR",,"#58 Chester Janik - WLB","#54 David Stanford - MLB","#21 Paul Owens - FS","#45 Travis Massa - CB","#22 Scott Camara - SS","#49 Richard Retherford - CB","#24 Marvin Guillen - CB","#51 Charles Harper - MLB","#94 Alfred Chavez - WLB","#1 Jim Catt - CB","#1 Eric Chandler - K",,,,,,,,,,,,,,,,,,,,
TAM,0:31,"TAM 20",4,1,10,"Singleback Normal HB Inside Weak","Nickel Normal Double WR3",10,17,16,"1-10-TAM 20 (0:32) 48-Richard Sisson ran to TAM 29 for 10 yards. Tackle by 45-John Brown.","#3 Curtis Torres - QB","#48 Richard Sisson - RB",,,,"#87 James Morse - TE",,"#18 Philip J. Fry - WR","#11 Jean Shoemaker - WR","#83 Lloyd Williams - WR",,,"#61 Alex Vasquez - RG","#72 Richard Loring - LG","#75 Samuel Bourque - C","#71 Jimmy Borchert - RG","#65 Chad Delong - RT",,"#93 Kenneth Rasco - LDE",,"#90 Jess Walton - DT","#99 Rey Toler - DT","#95 Shane Cox - RDE",,"#91 Donald Brooks - MLB",,"#52 Jefferey Vallejo - WLB","#30 Juan Titus - CB","#43 Juan Rollins - CB",,"#48 Charles Jackson - CB",,"#45 John Brown - FS","#42 Nathan Villanueva - CB",,,,,,,,,,,,,,,,,,,,,,,,,,,,,,,,,,,,
,0:28,,4,2,,,,,17,16,"Timeout TAM",,,,,,,,,,,,,,,,,,,,,,,,,,,,,,,,,,,,,,,,,,,,,,,,,,,,,,,,,,,,,,,,,,,,,,
TAM,0:25,"TAM 29",4,2,,"I Formation Twin WR Hard Slants","4-3 Under Double Safety Blitz",,17,16,"2-1-TAM 29 (0:26) 3-Curtis Torres pass Pass knocked down by 52-Jefferey Vallejo. incomplete, intended for 87-James Morse. LAX 40-Brian Tatum was injured on the play.","#3 Curtis Torres - QB","#3 Donald Sykes - WR",,,"#37 Jessie Sharp - FB","#87 James Morse - TE",,"#18 Philip J. Fry - WR",,"#83 Lloyd Williams - WR",,,"#61 Alex Vasquez - RG","#72 Richard Loring - LG","#75 Samuel Bourque - C","#71 Jimmy Borchert - RG","#65 Chad Delong - RT",,"#93 Kenneth Rasco - LDE",,"#90 Jess Walton - DT","#99 Rey Toler - DT","#95 Shane Cox - RDE","#59 Henry Roach - SLB","#91 Donald Brooks - MLB",,"#52 Jefferey Vallejo - WLB","#41 Paul Shelly - CB","#43 Juan Rollins - CB",,,,"#40 Brian Tatum - SS","#45 John Brown - FS",,,,,,,,,,,,,,,,,,,,,,,,,,,,,,,,,,,,
TAM,0:22,"TAM 29",4,3,,"I Formation Normal HB Blast","4-3 Under Double Safety Blitz",-0,17,16,"3-1-TAM 29 (0:23) 48-Richard Sisson ran to TAM 29 for a short loss. Tackle by 45-John Brown. The defense seems to be getting familiar with that play.","#3 Curtis Torres - QB","#48 Richard Sisson - RB",,,"#37 Jessie Sharp - FB","#87 James Morse - TE",,"#18 Philip J. Fry - WR",,"#83 Lloyd Williams - WR",,,"#61 Alex Vasquez - RG","#72 Richard Loring - LG","#75 Samuel Bourque - C","#71 Jimmy Borchert - RG","#65 Chad Delong - RT",,"#93 Kenneth Rasco - LDE",,"#90 Jess Walton - DT","#99 Rey Toler - DT","#95 Shane Cox - RDE","#59 Henry Roach - SLB","#91 Donald Brooks - MLB",,"#52 Jefferey Vallejo - WLB","#41 Paul Shelly - CB","#43 Juan Rollins - CB",,,,"#42 Nathan Villanueva - CB","#45 John Brown - FS",,,,,,,,,,,,,,,,,,,,,,,,,,,,,,,,,,,,
,0:21,,4,4,1,,,,17,16,"Timeout TAM",,,,,,,,,,,,,,,,,,,,,,,,,,,,,,,,,,,,,,,,,,,,,,,,,,,,,,,,,,,,,,,,,,,,,,
TAM,0:19,"TAM 29",4,4,1,"Singleback Normal FL Post","Nickel Normal Cover 2",6,17,16,"4-1-TAM 29 (0:20) 3-Curtis Torres pass complete to 26-Donald Sykes to TAM 35 for 6 yards. Tackle by 43-Juan Rollins.","#3 Curtis Torres - QB","#3 Donald Sykes - WR",,,,"#87 James Morse - TE",,"#18 Philip J. Fry - WR","#11 Jean Shoemaker - WR","#83 Lloyd Williams - WR",,,"#61 Alex Vasquez - RG","#72 Richard Loring - LG","#75 Samuel Bourque - C","#71 Jimmy Borchert - RG","#65 Chad Delong - RT",,"#93 Kenneth Rasco - LDE",,"#90 Jess Walton - DT","#99 Rey Toler - DT","#95 Shane Cox - RDE",,"#91 Donald Brooks - MLB",,"#52 Jefferey Vallejo - WLB","#41 Paul Shelly - CB","#43 Juan Rollins - CB",,"#48 Charles Jackson - CB",,"#42 Nathan Villanueva - CB","#45 John Brown - FS",,,,,,,,,,,,,,,,,,,,,,,,,,,,,,,,,,,,
,0:16,,4,1,10,,,,17,16,"Timeout TAM",,,,,,,,,,,,,,,,,,,,,,,,,,,,,,,,,,,,,,,,,,,,,,,,,,,,,,,,,,,,,,,,,,,,,,
TAM,0:12,"TAM 35",4,1,10,"I Formation Normal HB Blast","4-3 Under Double Safety Blitz",-0,17,16,"1-10-TAM 35 (0:13) 48-Richard Sisson ran to TAM 34 for a short loss. Tackle by 45-John Brown. I think the offense is starting to overuse that play.","#3 Curtis Torres - QB","#48 Richard Sisson - RB",,,"#37 Jessie Sharp - FB","#87 James Morse - TE",,"#18 Philip J. Fry - WR",,"#83 Lloyd Williams - WR",,,"#61 Alex Vasquez - RG","#72 Richard Loring - LG","#75 Samuel Bourque - C","#71 Jimmy Borchert - RG","#65 Chad Delong - RT",,"#93 Kenneth Rasco - LDE",,"#90 Jess Walton - DT","#99 Rey Toler - DT","#95 Shane Cox - RDE","#59 Henry Roach - SLB","#91 Donald Brooks - MLB",,"#52 Jefferey Vallejo - WLB","#41 Paul Shelly - CB","#43 Juan Rollins - CB",,,,"#42 Nathan Villanueva - CB","#45 John Brown - FS",,,,,,,,,,,,,,,,,,,,,,,,,,,,,,,,,,,,
,0:00,,4,2,10,,,,17,16,"End of fourth quarter.",,,,,,,,,,,,,,,,,,,,,,,,,,,,,,,,,,,,,,,,,,,,,,,,,,,,,,,,,,,,,,,,,,,,,,
