HasBall,"Game Clock","Ball @",Quarter,Down,YTG,OffensivePlay,DefensivePlay,YardsGained,"Home Score","Away Score",Text,QB1,RB1,RB2,FB2,FB1,TE1,TE2,WR1,WR3,WR2,WR4,WR5,LT1,LG1,C1,RG1,RT1,P1,LDE1,LDE2,DT1,DT2,RDE1,SLB1,MLB1,MLB2,WLB1,CB1,CB2,CB4,CB3,CB5,SS1,FS1,FS2,"Kick Holder1","Long Snapper1","Kick Returner1","Punt Returner1",Gunner10,Gunner7,Gunner2,Gunner6,Gunner1,Gunner8,Gunner3,Gunner4,Gunner9,Gunner5,Kickoffs1,"Field Goal Kicker1","ST Blocker8","ST Blocker5","ST Blocker4","ST Blocker1","ST Blocker2","ST Blocker3","ST Blocker6","ST Blocker7","ST Rusher4","ST Rusher1","ST Rusher2","ST Rusher3","ST Rusher11","ST Rusher10","ST Rusher9","ST Rusher6","ST Rusher5","ST Rusher7","ST Rusher8"
,15:00,,1,1,10,,,,0,0,"NYS has won the toss and elected to defer.",,,,,,,,,,,,,,,,,,,,,,,,,,,,,,,,,,,,,,,,,,,,,,,,,,,,,,,,,,,,,,,,,,,,,,
NYS,15:00,"NYS 35",1,6,10,Kickoff,"Kick Return",,0,0,"(15:00) 5-Kenneth Williams kicks 75 yards from NYS 35 to HOU -10. Touchback.",,,,,,,,,,,,,,,,,,,,,,,,,,,,,,,,,,,,,,"#26 Jeffery Hebert - CB",,"#36 Joel Espinoza - FS","#98 Charles Huff - CB","#27 Greg Teague - CB","#44 Edward Young - CB","#25 Sven Blackthorn - CB","#85 Lex Luger - WR","#97 S. D. Jones - CB","#55 Greg The Hammer Valentine - CB","#49 Robert Patton - CB","#5 Fast Freddie Foster - FS","#5 Kenneth Williams - K",,,,,,,,,,,,,,,,,,,,
HOU,15:00,"HOU 25",1,1,10,"I Formation Power Play Action HB Downfield","Goal Line Attack #2",,0,0,"1-10-HOU 25 (15:00) 9-Dale Baber pass incomplete, intended for 12-Harley Race. NYS 93-Andy Hurl was injured on the play. He looks like he should be able to return.","#9 Dale Baber - QB","#89 Randy Savage - WR",,"#81 Leonard Gentry - WR","#30 Cecil Phillips - WR","#85 Lex Luger - WR",,"#12 Harley Race - WR",,,,,"#78 John McDougall - LT","#82 Edwin Richert - LG","#53 James Lowman - C","#70 Thomas May - RG","#62 Chad Delong - RT",,"#76 Alton Gross - LDE","#75 Jeremy Johnson - LDE","#79 Albert Whitten - DT","#68 Jose Cuervo - DT","#74 Johnny Jones - RDE","#93 Andy Hurl - MLB","#52 Paul Davis - MLB",,"#56 Matthew Shook - MLB","#25 Jack Moyer - CB","#46 Gary Koh - CB",,,,"#21 Richard Moore - CB",,,,,,,,,,,,,,,,,,,,,,,,,,,,,,,,,,,,,
HOU,14:57,"HOU 25",1,2,10,"Goal Line Normal HB Pitch Weak","Goal Line Attack #2",7,0,0,"2-10-HOU 25 (14:58) 30-Cecil Phillips ran to HOU 32 for 7 yards. Tackle by 21-Richard Moore.","#9 Dale Baber - QB","#30 Cecil Phillips - WR",,"#12 Harley Race - WR","#84 Randall Guenther - WR","#85 Lex Luger - WR","#89 Randy Savage - WR",,,,,,"#78 John McDougall - LT","#82 Edwin Richert - LG","#53 James Lowman - C","#70 Thomas May - RG","#62 Chad Delong - RT",,"#76 Alton Gross - LDE","#75 Jeremy Johnson - LDE","#79 Albert Whitten - DT","#68 Jose Cuervo - DT","#74 Johnny Jones - RDE","#99 Thomas Hernandez - MLB","#52 Paul Davis - MLB",,"#56 Matthew Shook - MLB","#25 Jack Moyer - CB","#46 Gary Koh - CB",,,,"#21 Richard Moore - CB",,,,,,,,,,,,,,,,,,,,,,,,,,,,,,,,,,,,,
HOU,14:22,"HOU 32",1,3,3,"I Formation 3WR HB Inside Strong","Nickel Blitz Stunt Blitz",4,0,0,"3-3-HOU 32 (14:21) 89-Randy Savage ran to HOU 37 for 4 yards. Tackle by 33-Pedro Brooks.","#9 Dale Baber - QB","#89 Randy Savage - WR",,,"#30 Cecil Phillips - WR",,,"#17 Agustin Fiecke - WR","#85 Lex Luger - WR","#12 Harley Race - WR",,,"#78 John McDougall - LT","#82 Edwin Richert - LG","#53 James Lowman - C","#70 Thomas May - RG","#62 Chad Delong - RT",,"#76 Alton Gross - LDE",,"#79 Albert Whitten - DT","#68 Jose Cuervo - DT","#75 Jeremy Johnson - LDE",,"#52 Paul Davis - MLB",,"#50 Frank Baker - MLB","#25 Jack Moyer - CB","#46 Gary Koh - CB",,"#31 T. T. Texas - CB",,"#21 Richard Moore - CB","#33 Pedro Brooks - CB",,,,,,,,,,,,,,,,,,,,,,,,,,,,,,,,,,,,
HOU,13:45,"HOU 37",1,1,10,"Shotgun Normal HB Flare","Nickel Normal SS Blitz",,0,0,"1-10-HOU 37 (13:44) 9-Dale Baber pass incomplete, dropped by 17-Agustin Fiecke. The coverage on that play was extremely tight.","#9 Dale Baber - QB","#89 Randy Savage - WR",,,,"#85 Lex Luger - WR",,"#86 Joseph Bradley - WR","#12 Harley Race - WR","#17 Agustin Fiecke - WR",,,"#78 John McDougall - LT","#82 Edwin Richert - LG","#53 James Lowman - C","#70 Thomas May - RG","#62 Chad Delong - RT",,"#76 Alton Gross - LDE",,"#79 Albert Whitten - DT","#68 Jose Cuervo - DT","#74 Johnny Jones - RDE",,"#52 Paul Davis - MLB",,"#56 Matthew Shook - MLB","#25 Jack Moyer - CB","#46 Gary Koh - CB",,"#31 T. T. Texas - CB",,"#21 Richard Moore - CB","#33 Pedro Brooks - CB",,,,,,,,,,,,,,,,,,,,,,,,,,,,,,,,,,,,
HOU,13:39,"HOU 37",1,2,10,"Weak I Normal WR Corner TE Middle","4-3 Under Crowd Middle",11,0,0,"2-10-HOU 37 (13:40) 9-Dale Baber pass complete to 89-Randy Savage to HOU 48 for 11 yards. Tackle by 25-Jack Moyer.","#9 Dale Baber - QB","#89 Randy Savage - WR",,,"#30 Cecil Phillips - WR","#85 Lex Luger - WR",,"#17 Agustin Fiecke - WR",,"#12 Harley Race - WR",,,"#78 John McDougall - LT","#82 Edwin Richert - LG","#53 James Lowman - C","#70 Thomas May - RG","#62 Chad Delong - RT",,"#76 Alton Gross - LDE",,"#79 Albert Whitten - DT","#68 Jose Cuervo - DT","#74 Johnny Jones - RDE","#99 Thomas Hernandez - MLB","#52 Paul Davis - MLB",,"#56 Matthew Shook - MLB","#25 Jack Moyer - CB","#31 T. T. Texas - CB",,,,"#46 Gary Koh - CB","#33 Pedro Brooks - CB",,,,,,,,,,,,,,,,,,,,,,,,,,,,,,,,,,,,
HOU,12:57,"HOU 48",1,1,10,"Goal Line Normal PA TE Drag","Goal Line 3 Deep Man",7,0,0,"1-10-HOU 48 (12:56) 9-Dale Baber pass complete to 82-Edwin Richert to NYS 45 for 7 yards. Tackle by 74-Johnny Jones.","#9 Dale Baber - QB","#30 Cecil Phillips - WR",,"#88 Marcus Taing - C","#82 Edwin Richert - LG","#10 John Casella - WR","#84 Randall Guenther - WR",,,,,,"#78 John McDougall - LT","#58 Richard Scott - LT","#53 James Lowman - C","#70 Thomas May - RG","#62 Chad Delong - RT",,"#76 Alton Gross - LDE","#75 Jeremy Johnson - LDE","#79 Albert Whitten - DT","#68 Jose Cuervo - DT","#74 Johnny Jones - RDE","#99 Thomas Hernandez - MLB","#52 Paul Davis - MLB",,"#50 Frank Baker - MLB","#30 Willy Atkins - CB","#23 John Hoover - CB",,,,"#21 Richard Moore - CB",,,,,,,,,,,,,,,,,,,,,,,,,,,,,,,,,,,,,
HOU,12:18,"NYS 45",1,2,3,"Shotgun Normal HB Flare","Nickel Blitz Stunt Blitz",11,0,0,"2-3-NYS 45 (12:17) 9-Dale Baber pass complete to 17-Agustin Fiecke to NYS 34 for 11 yards. Tackle by 30-Willy Atkins. Great move by 17-Agustin Fiecke to get free of his coverage.","#9 Dale Baber - QB","#89 Randy Savage - WR",,,,"#85 Lex Luger - WR",,"#86 Joseph Bradley - WR","#12 Harley Race - WR","#17 Agustin Fiecke - WR",,,"#78 John McDougall - LT","#58 Richard Scott - LT","#53 James Lowman - C","#70 Thomas May - RG","#62 Chad Delong - RT",,"#76 Alton Gross - LDE",,"#79 Albert Whitten - DT","#68 Jose Cuervo - DT","#75 Jeremy Johnson - LDE",,"#50 Frank Baker - MLB",,"#56 Matthew Shook - MLB","#25 Jack Moyer - CB","#30 Willy Atkins - CB",,"#23 John Hoover - CB",,"#46 Gary Koh - CB","#33 Pedro Brooks - CB",,,,,,,,,,,,,,,,,,,,,,,,,,,,,,,,,,,,
HOU,11:37,"NYS 34",1,1,10,"Weak I Big WR Post TE Out","Goal Line 3 Deep Man",18,0,0,"1-10-NYS 34 (11:36) 9-Dale Baber pass complete to 33-Mark Merlo to NYS 16 for 18 yards. Pushed out of bounds by 46-Gary Koh. PENALTY - Holding (HOU 30-Cecil Phillips)","#9 Dale Baber - QB","#33 Mark Merlo - WR",,,"#30 Cecil Phillips - WR","#10 John Casella - WR","#84 Randall Guenther - WR","#81 Leonard Gentry - WR",,,,,"#78 John McDougall - LT","#82 Edwin Richert - LG","#53 James Lowman - C","#70 Thomas May - RG","#62 Chad Delong - RT",,"#76 Alton Gross - LDE","#75 Jeremy Johnson - LDE","#79 Albert Whitten - DT","#68 Jose Cuervo - DT","#74 Johnny Jones - RDE","#99 Thomas Hernandez - MLB","#52 Paul Davis - MLB",,"#56 Matthew Shook - MLB","#46 Gary Koh - CB","#31 T. T. Texas - CB",,,,"#21 Richard Moore - CB",,,,,,,,,,,,,,,,,,,,,,,,,,,,,,,,,,,,,
HOU,11:29,"NYS 44",1,1,20,"Shotgun Normal HB Flare","Nickel Normal SS Blitz",,0,0,"1-20-NYS 44 (11:30) 9-Dale Baber pass incomplete, dropped by 86-Joseph Bradley. Pressure by 76-Alton Gross.","#9 Dale Baber - QB","#89 Randy Savage - WR",,,,"#85 Lex Luger - WR",,"#86 Joseph Bradley - WR","#12 Harley Race - WR","#17 Agustin Fiecke - WR",,,"#78 John McDougall - LT","#82 Edwin Richert - LG","#53 James Lowman - C","#70 Thomas May - RG","#62 Chad Delong - RT",,"#76 Alton Gross - LDE",,"#79 Albert Whitten - DT","#68 Jose Cuervo - DT","#65 James Hall - RDE",,"#50 Frank Baker - MLB",,"#56 Matthew Shook - MLB","#25 Jack Moyer - CB","#23 John Hoover - CB",,"#21 Richard Moore - CB",,"#33 Pedro Brooks - CB","#30 Willy Atkins - CB",,,,,,,,,,,,,,,,,,,,,,,,,,,,,,,,,,,,
HOU,11:25,"NYS 44",1,2,20,"Goal Line Normal HB Pitch Weak","Goal Line 3 Deep Man",9,0,0,"2-20-NYS 44 (11:26) 30-Cecil Phillips ran to NYS 35 for 9 yards. Tackle by 25-Jack Moyer.","#9 Dale Baber - QB","#30 Cecil Phillips - WR",,"#82 Edwin Richert - LG","#84 Randall Guenther - WR","#10 John Casella - WR","#89 Randy Savage - WR",,,,,,"#78 John McDougall - LT","#58 Richard Scott - LT","#53 James Lowman - C","#70 Thomas May - RG","#62 Chad Delong - RT",,"#76 Alton Gross - LDE","#75 Jeremy Johnson - LDE","#79 Albert Whitten - DT","#68 Jose Cuervo - DT","#74 Johnny Jones - RDE","#52 Paul Davis - MLB","#50 Frank Baker - MLB",,"#99 Thomas Hernandez - MLB","#25 Jack Moyer - CB","#30 Willy Atkins - CB",,,,"#46 Gary Koh - CB",,,,,,,,,,,,,,,,,,,,,,,,,,,,,,,,,,,,,
HOU,10:40,"NYS 35",1,3,11,"I Formation Normal HB Blast","4-3 Normal Zone Blitz",7,0,0,"3-11-NYS 35 (10:39) 89-Randy Savage ran to NYS 28 for 7 yards. Tackle by 33-Pedro Brooks.","#9 Dale Baber - QB","#89 Randy Savage - WR",,,"#30 Cecil Phillips - WR","#12 Harley Race - WR",,"#10 John Casella - WR",,"#84 Randall Guenther - WR",,,"#78 John McDougall - LT","#82 Edwin Richert - LG","#53 James Lowman - C","#70 Thomas May - RG","#62 Chad Delong - RT",,"#76 Alton Gross - LDE",,"#79 Albert Whitten - DT","#68 Jose Cuervo - DT","#74 Johnny Jones - RDE","#52 Paul Davis - MLB","#50 Frank Baker - MLB",,"#99 Thomas Hernandez - MLB","#31 T. T. Texas - CB","#23 John Hoover - CB",,,,"#30 Willy Atkins - CB","#33 Pedro Brooks - CB",,,,,,,,,,,,,,,,,,,,,,,,,,,,,,,,,,,,
HOU,9:59,"NYS 28",1,4,5,"Field Goal","FG Block",39,0,3,"4-5-NYS 28 (9:58) 15-Earl Castro 46 yard field goal is GOOD. NYS 0 HOU 3",,,,,,,,,,,,,,,,,,,,,,,,,,,,,,,,,,,,"#18 Guillermo Benoit - QB","#88 Marcus Taing - C",,,,,,,,,,,,,,"#15 Earl Castro - K","#62 Chad Delong - RT","#70 Thomas May - RG","#53 James Lowman - C","#82 Edwin Richert - LG","#58 Richard Scott - LT","#78 John McDougall - LT","#30 Cecil Phillips - WR","#76 Robert Jean - RG","#74 Johnny Jones - RDE","#96 William Sanchez - DT","#90 John Conley - RDE","#26 Terrance Shull - RB","#20 Robert Hooper - WR","#75 Jeremy Johnson - LDE","#77 Gerald Allen - RT","#94 Randy James - LDE","#99 Thomas Hernandez - MLB","#76 Alton Gross - LDE","#83 Jose Bock - WR"
HOU,9:53,"HOU 35",1,6,10,Kickoff,"Kick Return",,0,3,"(9:54) 15-Earl Castro kicks 67 yards from HOU 35 to NYS -2. Touchback.",,,,,,,,,,,,,,,,,,,,,,,,,,,,,,,,,,,,,,"#26 Terrance Shull - RB",,"#83 Jose Bock - WR","#54 Steven Hancock - LT","#44 Tim Carroll - RB","#77 Gerald Allen - RT","#74 Johnny Jones - RDE","#53 Melvin Hall - LT","#60 Royce Hamilton - RG","#51 Earnest Haase - C","#22 Darrell Stevenson - RB","#66 John Harmon - LG","#15 Earl Castro - K",,,,,,,,,,,,,,,,,,,,
NYS,9:53,"NYS 25",1,1,10,"I Formation 3WR WR Out","Goal Line Attack #1",4,0,3,"1-10-NYS 25 (9:54) 4-Jamie Orman pass complete to 80-Perry Nelson to NYS 29 for 4 yards. Tackle by 27-Greg Teague.","#4 Jamie Orman - QB","#42 James Luna - RB",,,"#44 Tim Carroll - RB",,,"#84 Charles Conlon - WR","#88 Dylan Fryer - WR","#80 Perry Nelson - WR",,,"#53 Melvin Hall - LT","#51 Earnest Haase - C","#66 John Harmon - LG","#59 Michael Macias - RG","#77 Gerald Allen - RT",,"#5 Fast Freddie Foster - FS","#60 Ralph Taylor - CB","#99 Bubba Thornton - CB","#8 Jim ""Anvil"" Neidhart - P","#26 Jeffery Hebert - CB","#25 Sven Blackthorn - CB","#94 Gorilla Monsoon - CB",,"#55 Greg The Hammer Valentine - CB","#49 Robert Patton - CB","#27 Greg Teague - CB",,,,"#32 Jose Eger - CB",,,,,,,,,,,,,,,,,,,,,,,,,,,,,,,,,,,,,
NYS,9:17,"NYS 29",1,2,6,"Singleback Big Off Tackle Strong","Goal Line Attack #1",-1,0,3,"2-6-NYS 29 (9:16) 42-James Luna ran to NYS 29 for -1 yards. Tackle by 94-Gorilla Monsoon.","#4 Jamie Orman - QB","#42 James Luna - RB",,,,"#88 Dylan Fryer - WR","#22 Darrell Stevenson - RB","#80 Perry Nelson - WR",,"#84 Charles Conlon - WR",,,"#53 Melvin Hall - LT","#51 Earnest Haase - C","#66 John Harmon - LG","#59 Michael Macias - RG","#77 Gerald Allen - RT",,"#5 Fast Freddie Foster - FS","#60 Ralph Taylor - CB","#99 Bubba Thornton - CB","#8 Jim ""Anvil"" Neidhart - P","#26 Jeffery Hebert - CB","#25 Sven Blackthorn - CB","#94 Gorilla Monsoon - CB",,"#22 Donald Brown - CB","#32 Jose Eger - CB","#27 Greg Teague - CB",,,,"#92 Perry Cuthbertson - CB",,,,,,,,,,,,,,,,,,,,,,,,,,,,,,,,,,,,,
NYS,8:40,"NYS 29",1,3,6,"Strong I Normal HB Off Tackle Strong","Goal Line Attack #1",-1,0,3,"3-6-NYS 29 (8:39) 42-James Luna ran to NYS 28 for -1 yards. Tackle by 55-Greg The Hammer Valentine.","#4 Jamie Orman - QB","#42 James Luna - RB",,,"#44 Tim Carroll - RB","#22 Darrell Stevenson - RB",,"#84 Charles Conlon - WR",,"#80 Perry Nelson - WR",,,"#53 Melvin Hall - LT","#51 Earnest Haase - C","#66 John Harmon - LG","#59 Michael Macias - RG","#77 Gerald Allen - RT",,"#5 Fast Freddie Foster - FS","#60 Ralph Taylor - CB","#99 Bubba Thornton - CB","#8 Jim ""Anvil"" Neidhart - P","#26 Jeffery Hebert - CB","#25 Sven Blackthorn - CB","#94 Gorilla Monsoon - CB",,"#55 Greg The Hammer Valentine - CB","#49 Robert Patton - CB","#27 Greg Teague - CB",,,,"#32 Jose Eger - CB",,,,,,,,,,,,,,,,,,,,,,,,,,,,,,,,,,,,,
NYS,7:57,"NYS 28",1,4,7,Punt,"Punt Return",,0,3,"4-7-NYS 28 (7:56) 3-John Volpe punts 48 yards to HOU 24. Fair Catch by 26-Jeffery Hebert.",,,,,,,,,,,,,,,,,,"#3 John Volpe - P",,,,,,,,,,,,,,,,,,,"#54 Steven Hancock - LT",,"#26 Jeffery Hebert - CB",,,"#27 Greg Teague - CB","#85 Lex Luger - WR","#25 Sven Blackthorn - CB",,"#97 S. D. Jones - CB","#55 Greg The Hammer Valentine - CB",,"#44 Edward Young - CB",,,,"#53 Melvin Hall - LT","#77 Gerald Allen - RT","#56 Matthew Shook - MLB","#99 Thomas Hernandez - MLB","#50 Frank Baker - MLB","#66 John Harmon - LG",,"#22 Donald Brown - CB","#5 Fast Freddie Foster - FS","#92 Perry Cuthbertson - CB","#98 Charles Huff - CB",,,,,,,
HOU,7:49,"HOU 24",1,1,10,"Goal Line Normal HB Pitch Weak","Goal Line Attack #2",4,0,3,"1-10-HOU 24 (7:50) 30-Cecil Phillips ran to HOU 28 for 4 yards. Tackle by 52-Paul Davis.","#9 Dale Baber - QB","#30 Cecil Phillips - WR",,"#12 Harley Race - WR","#84 Randall Guenther - WR","#85 Lex Luger - WR","#89 Randy Savage - WR",,,,,,"#78 John McDougall - LT","#82 Edwin Richert - LG","#53 James Lowman - C","#70 Thomas May - RG","#62 Chad Delong - RT",,"#76 Alton Gross - LDE","#75 Jeremy Johnson - LDE","#79 Albert Whitten - DT","#68 Jose Cuervo - DT","#74 Johnny Jones - RDE","#93 Andy Hurl - MLB","#52 Paul Davis - MLB",,"#56 Matthew Shook - MLB","#25 Jack Moyer - CB","#31 T. T. Texas - CB",,,,"#46 Gary Koh - CB",,,,,,,,,,,,,,,,,,,,,,,,,,,,,,,,,,,,,
HOU,7:13,"HOU 28",1,2,6,"Weak I Big WR Post TE Out","Goal Line Attack #2",,0,3,"2-6-HOU 28 (7:12) 9-Dale Baber pass Pass knocked down by 21-Richard Moore. incomplete, intended for 12-Harley Race. Pressure by 52-Paul Davis. HOU 53-James Lowman was injured on the play. He looks like he should be able to return.","#9 Dale Baber - QB","#89 Randy Savage - WR",,,"#30 Cecil Phillips - WR","#85 Lex Luger - WR","#12 Harley Race - WR","#17 Agustin Fiecke - WR",,,,,"#78 John McDougall - LT","#82 Edwin Richert - LG","#53 James Lowman - C","#70 Thomas May - RG","#62 Chad Delong - RT",,"#76 Alton Gross - LDE","#75 Jeremy Johnson - LDE","#79 Albert Whitten - DT","#68 Jose Cuervo - DT","#74 Johnny Jones - RDE","#93 Andy Hurl - MLB","#52 Paul Davis - MLB",,"#56 Matthew Shook - MLB","#25 Jack Moyer - CB","#46 Gary Koh - CB",,,,"#21 Richard Moore - CB",,,,,,,,,,,,,,,,,,,,,,,,,,,,,,,,,,,,,
HOU,7:08,"HOU 28",1,3,6,"Shotgun Normal HB Flare","Nickel Normal Man Zone",2,0,3,"3-6-HOU 28 (7:09) 9-Dale Baber pass complete to 89-Randy Savage to HOU 29 for 2 yards. Tackle by 21-Richard Moore.","#9 Dale Baber - QB","#89 Randy Savage - WR",,,,"#85 Lex Luger - WR",,"#86 Joseph Bradley - WR","#12 Harley Race - WR","#17 Agustin Fiecke - WR",,,"#78 John McDougall - LT","#82 Edwin Richert - LG","#88 Marcus Taing - C","#70 Thomas May - RG","#62 Chad Delong - RT",,"#76 Alton Gross - LDE",,"#79 Albert Whitten - DT","#68 Jose Cuervo - DT","#74 Johnny Jones - RDE",,"#52 Paul Davis - MLB",,"#56 Matthew Shook - MLB","#25 Jack Moyer - CB","#46 Gary Koh - CB",,"#31 T. T. Texas - CB",,"#21 Richard Moore - CB","#33 Pedro Brooks - CB",,,,,,,,,,,,,,,,,,,,,,,,,,,,,,,,,,,,
HOU,6:32,"HOU 29",1,4,5,Punt,"Punt Return",,0,3,"4-5-HOU 29 (6:31) 1-Lawrence Kraker punts 50 yards to NYS 20. Fair Catch by 26-Terrance Shull.",,,,,,,,,,,,,,,,,,"#1 Lawrence Kraker - P",,,,,,,,,,,,,,,,,,,"#88 Marcus Taing - C",,"#26 Terrance Shull - RB",,,"#22 Darrell Stevenson - RB","#53 Melvin Hall - LT","#83 Jose Bock - WR",,"#54 Steven Hancock - LT","#44 Tim Carroll - RB",,"#66 John Harmon - LG",,,,"#30 Cecil Phillips - WR","#70 Thomas May - RG","#82 Edwin Richert - LG","#58 Richard Scott - LT","#78 John McDougall - LT","#76 Robert Jean - RG",,"#90 John Conley - RDE","#96 William Sanchez - DT","#77 Gerald Allen - RT","#74 Johnny Jones - RDE",,,,,,,
NYS,6:24,"NYS 20",1,1,10,"Strong I Normal HB Off Tackle Strong","Goal Line Attack #1",1,0,3,"1-10-NYS 20 (6:25) 42-James Luna ran to NYS 22 for 1 yards. Tackle by 97-S. D. Jones.","#4 Jamie Orman - QB","#42 James Luna - RB",,,"#26 Terrance Shull - RB","#19 Alvin Eckenrode - WR",,"#84 Charles Conlon - WR",,"#80 Perry Nelson - WR",,,"#51 Earnest Haase - C","#62 Reginald Gridley - RG","#66 John Harmon - LG","#59 Michael Macias - RG","#77 Gerald Allen - RT",,"#5 Fast Freddie Foster - FS","#60 Ralph Taylor - CB","#99 Bubba Thornton - CB","#8 Jim ""Anvil"" Neidhart - P","#26 Jeffery Hebert - CB","#97 S. D. Jones - CB","#94 Gorilla Monsoon - CB",,"#55 Greg The Hammer Valentine - CB","#49 Robert Patton - CB","#98 Charles Huff - CB",,,,"#32 Jose Eger - CB",,,,,,,,,,,,,,,,,,,,,,,,,,,,,,,,,,,,,
NYS,5:46,"NYS 22",1,2,9,"I Formation Normal FL Hitch","Goal Line Attack #1",13,0,3,"2-9-NYS 22 (5:45) 4-Jamie Orman pass complete to 22-Darrell Stevenson to NYS 34 for 13 yards. Tackle by 49-Robert Patton. 22-Darrell Stevenson breaks down the CB.","#4 Jamie Orman - QB","#42 James Luna - RB",,,"#44 Tim Carroll - RB","#22 Darrell Stevenson - RB",,"#80 Perry Nelson - WR",,"#88 Dylan Fryer - WR",,,"#53 Melvin Hall - LT","#51 Earnest Haase - C","#66 John Harmon - LG","#59 Michael Macias - RG","#77 Gerald Allen - RT",,"#5 Fast Freddie Foster - FS","#60 Ralph Taylor - CB","#99 Bubba Thornton - CB","#8 Jim ""Anvil"" Neidhart - P","#26 Jeffery Hebert - CB","#25 Sven Blackthorn - CB","#94 Gorilla Monsoon - CB",,"#55 Greg The Hammer Valentine - CB","#49 Robert Patton - CB","#27 Greg Teague - CB",,,,"#32 Jose Eger - CB",,,,,,,,,,,,,,,,,,,,,,,,,,,,,,,,,,,,,
NYS,5:10,"NYS 34",1,1,10,"I Formation Normal PA Fullback Flat","Goal Line Attack #1",6,0,3,"1-10-NYS 34 (5:09) 4-Jamie Orman pass complete to 22-Darrell Stevenson to NYS 40 for 6 yards. Tackle by 25-Sven Blackthorn. 22-Darrell Stevenson breaks down the CB.","#4 Jamie Orman - QB","#42 James Luna - RB",,,"#44 Tim Carroll - RB","#22 Darrell Stevenson - RB",,"#80 Perry Nelson - WR",,"#88 Dylan Fryer - WR",,,"#53 Melvin Hall - LT","#51 Earnest Haase - C","#66 John Harmon - LG","#59 Michael Macias - RG","#77 Gerald Allen - RT",,"#5 Fast Freddie Foster - FS","#60 Ralph Taylor - CB","#99 Bubba Thornton - CB","#8 Jim ""Anvil"" Neidhart - P","#26 Jeffery Hebert - CB","#25 Sven Blackthorn - CB","#94 Gorilla Monsoon - CB",,"#55 Greg The Hammer Valentine - CB","#49 Robert Patton - CB","#27 Greg Teague - CB",,,,"#32 Jose Eger - CB",,,,,,,,,,,,,,,,,,,,,,,,,,,,,,,,,,,,,
NYS,4:25,"NYS 40",1,2,4,"Singleback Big Off Tackle Strong","Goal Line Attack #1",-1,0,3,"2-4-NYS 40 (4:24) 42-James Luna ran to NYS 39 for -1 yards. Tackle by 94-Gorilla Monsoon.","#4 Jamie Orman - QB","#42 James Luna - RB",,,,"#88 Dylan Fryer - WR","#22 Darrell Stevenson - RB","#80 Perry Nelson - WR",,"#84 Charles Conlon - WR",,,"#53 Melvin Hall - LT","#66 John Harmon - LG","#51 Earnest Haase - C","#59 Michael Macias - RG","#77 Gerald Allen - RT",,"#5 Fast Freddie Foster - FS","#60 Ralph Taylor - CB","#99 Bubba Thornton - CB","#8 Jim ""Anvil"" Neidhart - P","#26 Jeffery Hebert - CB","#25 Sven Blackthorn - CB","#94 Gorilla Monsoon - CB",,"#55 Greg The Hammer Valentine - CB","#49 Robert Patton - CB","#27 Greg Teague - CB",,,,"#32 Jose Eger - CB",,,,,,,,,,,,,,,,,,,,,,,,,,,,,,,,,,,,,
NYS,3:51,"NYS 39",1,3,5,"Strong I Normal HB Off Tackle Strong","Goal Line Attack #1",-1,0,3,"3-5-NYS 39 (3:50) 42-James Luna ran to NYS 39 for -1 yards. Tackle by 60-Ralph Taylor.","#4 Jamie Orman - QB","#42 James Luna - RB",,,"#44 Tim Carroll - RB","#22 Darrell Stevenson - RB",,"#84 Charles Conlon - WR",,"#80 Perry Nelson - WR",,,"#53 Melvin Hall - LT","#51 Earnest Haase - C","#66 John Harmon - LG","#59 Michael Macias - RG","#77 Gerald Allen - RT",,"#5 Fast Freddie Foster - FS","#60 Ralph Taylor - CB","#99 Bubba Thornton - CB","#8 Jim ""Anvil"" Neidhart - P","#26 Jeffery Hebert - CB","#25 Sven Blackthorn - CB","#94 Gorilla Monsoon - CB",,"#55 Greg The Hammer Valentine - CB","#49 Robert Patton - CB","#27 Greg Teague - CB",,,,"#32 Jose Eger - CB",,,,,,,,,,,,,,,,,,,,,,,,,,,,,,,,,,,,,
NYS,3:08,"NYS 39",1,4,5,Punt,"Punt Return",,0,3,"4-5-NYS 39 (3:07) 3-John Volpe punts 42 yards to HOU 19. Fair Catch by 26-Jeffery Hebert.",,,,,,,,,,,,,,,,,,"#3 John Volpe - P",,,,,,,,,,,,,,,,,,,"#54 Steven Hancock - LT",,"#26 Jeffery Hebert - CB",,,"#27 Greg Teague - CB","#85 Lex Luger - WR","#25 Sven Blackthorn - CB",,"#97 S. D. Jones - CB","#55 Greg The Hammer Valentine - CB",,"#44 Edward Young - CB",,,,"#77 Gerald Allen - RT","#93 Andy Hurl - MLB","#56 Matthew Shook - MLB","#99 Thomas Hernandez - MLB","#50 Frank Baker - MLB","#53 Melvin Hall - LT",,"#22 Donald Brown - CB","#5 Fast Freddie Foster - FS","#92 Perry Cuthbertson - CB","#98 Charles Huff - CB",,,,,,,
HOU,3:00,"HOU 19",1,1,10,"Goal Line Normal HB Pitch Weak","Goal Line 3 Deep Man",4,0,3,"1-10-HOU 19 (3:01) 30-Cecil Phillips ran to HOU 23 for 4 yards. Tackle by 52-Paul Davis. PENALTY - Holding (HOU 82-Edwin Richert)","#9 Dale Baber - QB","#30 Cecil Phillips - WR",,"#12 Harley Race - WR","#84 Randall Guenther - WR","#85 Lex Luger - WR","#89 Randy Savage - WR",,,,,,"#78 John McDougall - LT","#82 Edwin Richert - LG","#88 Marcus Taing - C","#70 Thomas May - RG","#62 Chad Delong - RT",,"#76 Alton Gross - LDE","#75 Jeremy Johnson - LDE","#79 Albert Whitten - DT","#68 Jose Cuervo - DT","#74 Johnny Jones - RDE","#99 Thomas Hernandez - MLB","#52 Paul Davis - MLB",,"#56 Matthew Shook - MLB","#25 Jack Moyer - CB","#31 T. T. Texas - CB",,,,"#46 Gary Koh - CB",,,,,,,,,,,,,,,,,,,,,,,,,,,,,,,,,,,,,
HOU,2:56,"HOU 10",1,1,20,"I Formation Power PA Flats","Goal Line 3 Deep Man",,0,3,"1-20-HOU 10 (2:57) 9-Dale Baber pass incomplete, dropped by 85-Lex Luger.","#9 Dale Baber - QB","#89 Randy Savage - WR",,"#81 Leonard Gentry - WR","#30 Cecil Phillips - WR","#85 Lex Luger - WR",,"#12 Harley Race - WR",,,,,"#78 John McDougall - LT","#82 Edwin Richert - LG","#53 James Lowman - C","#70 Thomas May - RG","#62 Chad Delong - RT",,"#76 Alton Gross - LDE","#75 Jeremy Johnson - LDE","#79 Albert Whitten - DT","#68 Jose Cuervo - DT","#74 Johnny Jones - RDE","#93 Andy Hurl - MLB","#52 Paul Davis - MLB",,"#56 Matthew Shook - MLB","#25 Jack Moyer - CB","#46 Gary Koh - CB",,,,"#21 Richard Moore - CB",,,,,,,,,,,,,,,,,,,,,,,,,,,,,,,,,,,,,
HOU,2:53,"HOU 10",1,2,20,"I Formation 3WR FL Post","Nickel Blitz Stunt Blitz",-8,0,3,"2-20-HOU 10 (2:54) 9-Dale Baber sacked at HOU 2 for -8 yards (79-Albert Whitten). Sack allowed by 70-Thomas May.","#9 Dale Baber - QB","#89 Randy Savage - WR",,,"#30 Cecil Phillips - WR",,,"#17 Agustin Fiecke - WR","#85 Lex Luger - WR","#12 Harley Race - WR",,,"#78 John McDougall - LT","#82 Edwin Richert - LG","#53 James Lowman - C","#70 Thomas May - RG","#62 Chad Delong - RT",,"#76 Alton Gross - LDE",,"#79 Albert Whitten - DT","#68 Jose Cuervo - DT","#75 Jeremy Johnson - LDE",,"#52 Paul Davis - MLB",,"#56 Matthew Shook - MLB","#25 Jack Moyer - CB","#46 Gary Koh - CB",,"#31 T. T. Texas - CB",,"#21 Richard Moore - CB","#33 Pedro Brooks - CB",,,,,,,,,,,,,,,,,,,,,,,,,,,,,,,,,,,,
HOU,2:16,"HOU 2",1,3,28,"I Formation Normal HB Dive","4-3 Under Crash Right",4,0,3,"3-28-HOU 2 (2:15) 89-Randy Savage ran to HOU 5 for 4 yards. Tackle by 52-Paul Davis.","#9 Dale Baber - QB","#89 Randy Savage - WR",,,"#30 Cecil Phillips - WR","#12 Harley Race - WR",,"#10 John Casella - WR",,"#84 Randall Guenther - WR",,,"#78 John McDougall - LT","#82 Edwin Richert - LG","#53 James Lowman - C","#70 Thomas May - RG","#62 Chad Delong - RT",,"#76 Alton Gross - LDE",,"#79 Albert Whitten - DT","#68 Jose Cuervo - DT","#74 Johnny Jones - RDE","#93 Andy Hurl - MLB","#52 Paul Davis - MLB",,"#56 Matthew Shook - MLB","#25 Jack Moyer - CB","#46 Gary Koh - CB",,,,"#21 Richard Moore - CB","#33 Pedro Brooks - CB",,,,,,,,,,,,,,,,,,,,,,,,,,,,,,,,,,,,
HOU,1:44,"HOU 5",1,4,24,Punt,"Punt Return",,0,3,"4-24-HOU 5 (1:43) 1-Lawrence Kraker punts 49 yards to NYS 46. Fair Catch by 26-Terrance Shull.",,,,,,,,,,,,,,,,,,"#1 Lawrence Kraker - P",,,,,,,,,,,,,,,,,,,"#88 Marcus Taing - C",,"#26 Terrance Shull - RB",,,"#22 Darrell Stevenson - RB","#53 Melvin Hall - LT","#83 Jose Bock - WR",,"#54 Steven Hancock - LT","#44 Tim Carroll - RB",,"#66 John Harmon - LG",,,,"#70 Thomas May - RG","#53 James Lowman - C","#82 Edwin Richert - LG","#58 Richard Scott - LT","#78 John McDougall - LT","#30 Cecil Phillips - WR",,"#90 John Conley - RDE","#96 William Sanchez - DT","#77 Gerald Allen - RT","#74 Johnny Jones - RDE",,,,,,,
NYS,1:36,"NYS 46",1,1,10,"Singleback Big HB Inside Strong","Goal Line Attack #1",-0,0,3,"1-10-NYS 46 (1:37) 42-James Luna ran to NYS 46 for a short loss. Tackle by 94-Gorilla Monsoon.","#4 Jamie Orman - QB","#42 James Luna - RB",,,,"#88 Dylan Fryer - WR","#19 Alvin Eckenrode - WR","#80 Perry Nelson - WR",,"#84 Charles Conlon - WR",,,"#53 Melvin Hall - LT","#51 Earnest Haase - C","#66 John Harmon - LG","#59 Michael Macias - RG","#77 Gerald Allen - RT",,"#5 Fast Freddie Foster - FS","#60 Ralph Taylor - CB","#99 Bubba Thornton - CB","#8 Jim ""Anvil"" Neidhart - P","#26 Jeffery Hebert - CB","#52 James Bates - CB","#94 Gorilla Monsoon - CB",,"#55 Greg The Hammer Valentine - CB","#49 Robert Patton - CB","#98 Charles Huff - CB",,,,"#32 Jose Eger - CB",,,,,,,,,,,,,,,,,,,,,,,,,,,,,,,,,,,,,
NYS,0:59,"NYS 46",1,2,10,"Strong I Normal HB Off Tackle Strong","Goal Line Attack #1",,0,3,"2-10-NYS 46 (0:58) 42-James Luna ran to NYS 46 for a short gain. Tackle by 60-Ralph Taylor.","#4 Jamie Orman - QB","#42 James Luna - RB",,,"#44 Tim Carroll - RB","#22 Darrell Stevenson - RB",,"#84 Charles Conlon - WR",,"#80 Perry Nelson - WR",,,"#53 Melvin Hall - LT","#51 Earnest Haase - C","#66 John Harmon - LG","#59 Michael Macias - RG","#77 Gerald Allen - RT",,"#5 Fast Freddie Foster - FS","#60 Ralph Taylor - CB","#99 Bubba Thornton - CB","#8 Jim ""Anvil"" Neidhart - P","#26 Jeffery Hebert - CB","#25 Sven Blackthorn - CB","#94 Gorilla Monsoon - CB",,"#55 Greg The Hammer Valentine - CB","#49 Robert Patton - CB","#27 Greg Teague - CB",,,,"#32 Jose Eger - CB",,,,,,,,,,,,,,,,,,,,,,,,,,,,,,,,,,,,,
NYS,0:17,"NYS 46",1,3,10,"Shotgun Normal TE Out","Goal Line Attack #1",-5,0,3,"3-10-NYS 46 (0:16) (Hot Read) 4-Jamie Orman pass complete to 42-James Luna to NYS 41 for -5 yards. Tackle by 99-Bubba Thornton. Pressure by 55-Greg The Hammer Valentine. NYS 80-Perry Nelson was injured on the play. He looks like he should be able to return.","#4 Jamie Orman - QB","#42 James Luna - RB",,,,"#22 Darrell Stevenson - RB",,"#18 Israel Yang - WR","#88 Dylan Fryer - WR","#80 Perry Nelson - WR",,,"#53 Melvin Hall - LT","#66 John Harmon - LG","#51 Earnest Haase - C","#59 Michael Macias - RG","#77 Gerald Allen - RT",,"#5 Fast Freddie Foster - FS","#60 Ralph Taylor - CB","#99 Bubba Thornton - CB","#8 Jim ""Anvil"" Neidhart - P","#26 Jeffery Hebert - CB","#25 Sven Blackthorn - CB","#94 Gorilla Monsoon - CB",,"#55 Greg The Hammer Valentine - CB","#49 Robert Patton - CB","#27 Greg Teague - CB",,,,"#32 Jose Eger - CB",,,,,,,,,,,,,,,,,,,,,,,,,,,,,,,,,,,,,
,0:00,,1,4,15,,,,0,3,"End of first quarter.",,,,,,,,,,,,,,,,,,,,,,,,,,,,,,,,,,,,,,,,,,,,,,,,,,,,,,,,,,,,,,,,,,,,,,
NYS,15:00,"NYS 41",2,4,15,Punt,"Punt Return",60,0,3,"4-15-NYS 41 (15:00) 3-John Volpe punts 60 yards to HOU -1.4-15-NYS 41 (15:00) 3-John Volpe punts 60 yards to HOU -1. Touchback.",,,,,,,,,,,,,,,,,,"#3 John Volpe - P",,,,,,,,,,,,,,,,,,,"#54 Steven Hancock - LT",,"#26 Jeffery Hebert - CB",,,"#27 Greg Teague - CB","#85 Lex Luger - WR","#25 Sven Blackthorn - CB",,"#97 S. D. Jones - CB","#55 Greg The Hammer Valentine - CB",,"#44 Edward Young - CB",,,,"#77 Gerald Allen - RT","#93 Andy Hurl - MLB","#56 Matthew Shook - MLB","#99 Thomas Hernandez - MLB","#50 Frank Baker - MLB","#53 Melvin Hall - LT",,"#22 Donald Brown - CB","#5 Fast Freddie Foster - FS","#92 Perry Cuthbertson - CB","#98 Charles Huff - CB",,,,,,,
HOU,14:52,"HOU 20",2,1,10,"I Formation 3WR HB Inside Strong","Nickel Blitz Stunt Blitz",4,0,3,"1-10-HOU 20 (14:53) 89-Randy Savage ran to HOU 24 for 4 yards. Tackle by 33-Pedro Brooks.","#9 Dale Baber - QB","#89 Randy Savage - WR",,,"#30 Cecil Phillips - WR",,,"#17 Agustin Fiecke - WR","#81 Leonard Gentry - WR","#12 Harley Race - WR",,,"#78 John McDougall - LT","#82 Edwin Richert - LG","#53 James Lowman - C","#70 Thomas May - RG","#62 Chad Delong - RT",,"#76 Alton Gross - LDE",,"#79 Albert Whitten - DT","#68 Jose Cuervo - DT","#75 Jeremy Johnson - LDE",,"#93 Andy Hurl - MLB",,"#52 Paul Davis - MLB","#25 Jack Moyer - CB","#31 T. T. Texas - CB",,"#23 John Hoover - CB",,"#46 Gary Koh - CB","#33 Pedro Brooks - CB",,,,,,,,,,,,,,,,,,,,,,,,,,,,,,,,,,,,
HOU,14:20,"HOU 24",2,2,6,"Weak I Normal WR Corner TE Middle","4-3 Under Crowd Middle",,0,3,"2-6-HOU 24 (14:19) 9-Dale Baber pass incomplete, dropped by 89-Randy Savage.","#9 Dale Baber - QB","#89 Randy Savage - WR",,,"#30 Cecil Phillips - WR","#85 Lex Luger - WR",,"#17 Agustin Fiecke - WR",,"#12 Harley Race - WR",,,"#78 John McDougall - LT","#82 Edwin Richert - LG","#53 James Lowman - C","#70 Thomas May - RG","#62 Chad Delong - RT",,"#76 Alton Gross - LDE",,"#79 Albert Whitten - DT","#68 Jose Cuervo - DT","#74 Johnny Jones - RDE","#99 Thomas Hernandez - MLB","#52 Paul Davis - MLB",,"#56 Matthew Shook - MLB","#25 Jack Moyer - CB","#31 T. T. Texas - CB",,,,"#46 Gary Koh - CB","#33 Pedro Brooks - CB",,,,,,,,,,,,,,,,,,,,,,,,,,,,,,,,,,,,
HOU,14:15,"HOU 24",2,3,6,"I Formation 3WR FL Post","Nickel Normal SS Blitz",21,0,3,"3-6-HOU 24 (14:16) 9-Dale Baber pass complete to 12-Harley Race to HOU 44 for 21 yards. Tackle by 46-Gary Koh. 12-Harley Race made a great move on the CB.","#9 Dale Baber - QB","#89 Randy Savage - WR",,,"#30 Cecil Phillips - WR",,,"#17 Agustin Fiecke - WR","#85 Lex Luger - WR","#12 Harley Race - WR",,,"#78 John McDougall - LT","#82 Edwin Richert - LG","#53 James Lowman - C","#70 Thomas May - RG","#62 Chad Delong - RT",,"#76 Alton Gross - LDE",,"#79 Albert Whitten - DT","#68 Jose Cuervo - DT","#74 Johnny Jones - RDE",,"#52 Paul Davis - MLB",,"#93 Andy Hurl - MLB","#25 Jack Moyer - CB","#46 Gary Koh - CB",,"#31 T. T. Texas - CB",,"#21 Richard Moore - CB","#33 Pedro Brooks - CB",,,,,,,,,,,,,,,,,,,,,,,,,,,,,,,,,,,,
HOU,13:39,"HOU 44",2,1,10,"Goal Line Normal PA TE Drag","Goal Line Attack #2",4,0,3,"1-10-HOU 44 (13:38) (Hot Read) 9-Dale Baber pass complete to 30-Cecil Phillips to HOU 48 for 4 yards. Tackle by 79-Albert Whitten. Pressure by 93-Andy Hurl.","#9 Dale Baber - QB","#30 Cecil Phillips - WR",,"#12 Harley Race - WR","#84 Randall Guenther - WR","#10 John Casella - WR","#89 Randy Savage - WR",,,,,,"#78 John McDougall - LT","#82 Edwin Richert - LG","#53 James Lowman - C","#70 Thomas May - RG","#62 Chad Delong - RT",,"#76 Alton Gross - LDE","#75 Jeremy Johnson - LDE","#79 Albert Whitten - DT","#68 Jose Cuervo - DT","#74 Johnny Jones - RDE","#93 Andy Hurl - MLB","#52 Paul Davis - MLB",,"#56 Matthew Shook - MLB","#25 Jack Moyer - CB","#46 Gary Koh - CB",,,,"#21 Richard Moore - CB",,,,,,,,,,,,,,,,,,,,,,,,,,,,,,,,,,,,,
HOU,13:00,"HOU 48",2,2,6,"I Formation Power PA Flats","Goal Line 3 Deep Man",28,0,3,"2-6-HOU 48 (12:59) 9-Dale Baber pass complete to 81-Leonard Gentry to NYS 24 for 28 yards.","#9 Dale Baber - QB","#33 Mark Merlo - WR",,"#81 Leonard Gentry - WR","#82 Edwin Richert - LG","#85 Lex Luger - WR",,"#17 Agustin Fiecke - WR",,,,,"#78 John McDougall - LT","#58 Richard Scott - LT","#53 James Lowman - C","#70 Thomas May - RG","#62 Chad Delong - RT",,"#76 Alton Gross - LDE","#75 Jeremy Johnson - LDE","#79 Albert Whitten - DT","#68 Jose Cuervo - DT","#74 Johnny Jones - RDE","#99 Thomas Hernandez - MLB","#50 Frank Baker - MLB",,"#56 Matthew Shook - MLB","#31 T. T. Texas - CB","#30 Willy Atkins - CB",,,,"#46 Gary Koh - CB",,,,,,,,,,,,,,,,,,,,,,,,,,,,,,,,,,,,,
HOU,12:16,"NYS 24",2,1,10,"Shotgun Normal HB Flare","Nickel Normal Man Zone",7,0,3,"1-10-NYS 24 (12:15) 9-Dale Baber ran to NYS 18 for 7 yards. Tackle by 93-Andy Hurl.","#9 Dale Baber - QB","#33 Mark Merlo - WR",,,,"#10 John Casella - WR",,"#86 Joseph Bradley - WR","#89 Randy Savage - WR","#14 Bo  Bullet - WR",,,"#78 John McDougall - LT","#82 Edwin Richert - LG","#53 James Lowman - C","#70 Thomas May - RG","#62 Chad Delong - RT",,"#76 Alton Gross - LDE",,"#68 Jose Cuervo - DT","#96 William Sanchez - DT","#65 James Hall - RDE",,"#52 Paul Davis - MLB",,"#93 Andy Hurl - MLB","#25 Jack Moyer - CB","#23 John Hoover - CB",,"#30 Willy Atkins - CB",,"#21 Richard Moore - CB","#33 Pedro Brooks - CB",,,,,,,,,,,,,,,,,,,,,,,,,,,,,,,,,,,,
HOU,11:35,"NYS 18",2,2,3,"Split Backs Normal Posts","4-3 Under Crash Right",,0,3,"2-3-NYS 18 (11:34) 9-Dale Baber pass Pass knocked down by 33-Pedro Brooks. incomplete, intended for 84-Randall Guenther. HOU 53-James Lowman was injured on the play. He looks like he should be able to return.","#9 Dale Baber - QB","#89 Randy Savage - WR",,,"#30 Cecil Phillips - WR","#84 Randall Guenther - WR",,"#17 Agustin Fiecke - WR",,"#12 Harley Race - WR",,,"#78 John McDougall - LT","#58 Richard Scott - LT","#53 James Lowman - C","#70 Thomas May - RG","#62 Chad Delong - RT",,"#76 Alton Gross - LDE",,"#79 Albert Whitten - DT","#68 Jose Cuervo - DT","#74 Johnny Jones - RDE","#56 Matthew Shook - MLB","#50 Frank Baker - MLB",,"#99 Thomas Hernandez - MLB","#21 Richard Moore - CB","#31 T. T. Texas - CB",,,,"#46 Gary Koh - CB","#33 Pedro Brooks - CB",,,,,,,,,,,,,,,,,,,,,,,,,,,,,,,,,,,,
HOU,11:30,"NYS 18",2,3,3,"Goal Line Normal HB Pitch Weak","Goal Line Attack #2",3,0,3,"3-3-NYS 18 (11:31) 30-Cecil Phillips ran to NYS 15 for 3 yards. Tackle by 52-Paul Davis.","#9 Dale Baber - QB","#30 Cecil Phillips - WR",,"#12 Harley Race - WR","#84 Randall Guenther - WR","#85 Lex Luger - WR","#10 John Casella - WR",,,,,,"#78 John McDougall - LT","#82 Edwin Richert - LG","#88 Marcus Taing - C","#70 Thomas May - RG","#62 Chad Delong - RT",,"#76 Alton Gross - LDE","#75 Jeremy Johnson - LDE","#79 Albert Whitten - DT","#68 Jose Cuervo - DT","#74 Johnny Jones - RDE","#99 Thomas Hernandez - MLB","#50 Frank Baker - MLB",,"#52 Paul Davis - MLB","#25 Jack Moyer - CB","#33 Pedro Brooks - CB",,,,"#23 John Hoover - CB",,,,,,,,,,,,,,,,,,,,,,,,,,,,,,,,,,,,,
HOU,10:51,"NYS 15",2,4,,"Field Goal","FG Block",26,0,6,"4-1-NYS 15 (10:50) 15-Earl Castro 32 yard field goal is GOOD. NYS 0 HOU 6",,,,,,,,,,,,,,,,,,,,,,,,,,,,,,,,,,,,"#18 Guillermo Benoit - QB","#88 Marcus Taing - C",,,,,,,,,,,,,,"#15 Earl Castro - K","#81 Leonard Gentry - WR","#30 Cecil Phillips - WR","#70 Thomas May - RG","#82 Edwin Richert - LG","#58 Richard Scott - LT","#78 John McDougall - LT","#76 Robert Jean - RG","#62 Chad Delong - RT","#74 Johnny Jones - RDE","#96 William Sanchez - DT","#90 John Conley - RDE","#26 Terrance Shull - RB","#20 Robert Hooper - WR","#75 Jeremy Johnson - LDE","#77 Gerald Allen - RT","#94 Randy James - LDE","#99 Thomas Hernandez - MLB","#76 Alton Gross - LDE","#83 Jose Bock - WR"
HOU,10:47,"HOU 35",2,6,10,Kickoff,"Kick Return",,0,6,"(10:48) 15-Earl Castro kicks 74 yards from HOU 35 to NYS -9. Touchback.",,,,,,,,,,,,,,,,,,,,,,,,,,,,,,,,,,,,,,"#26 Terrance Shull - RB",,"#83 Jose Bock - WR","#54 Steven Hancock - LT","#44 Tim Carroll - RB","#77 Gerald Allen - RT","#74 Johnny Jones - RDE","#53 Melvin Hall - LT","#60 Royce Hamilton - RG","#51 Earnest Haase - C","#22 Darrell Stevenson - RB","#66 John Harmon - LG","#15 Earl Castro - K",,,,,,,,,,,,,,,,,,,,
NYS,10:47,"NYS 25",2,1,10,"I Formation 3WR HB Inside Strong","Goal Line Attack #1",-1,0,6,"1-10-NYS 25 (10:48) 42-James Luna ran to NYS 24 for -1 yards. Tackle by 94-Gorilla Monsoon.","#4 Jamie Orman - QB","#42 James Luna - RB",,,"#44 Tim Carroll - RB",,,"#84 Charles Conlon - WR","#18 Israel Yang - WR","#88 Dylan Fryer - WR",,,"#53 Melvin Hall - LT","#66 John Harmon - LG","#51 Earnest Haase - C","#59 Michael Macias - RG","#77 Gerald Allen - RT",,"#5 Fast Freddie Foster - FS","#60 Ralph Taylor - CB","#99 Bubba Thornton - CB","#8 Jim ""Anvil"" Neidhart - P","#26 Jeffery Hebert - CB","#25 Sven Blackthorn - CB","#94 Gorilla Monsoon - CB",,"#55 Greg The Hammer Valentine - CB","#49 Robert Patton - CB","#27 Greg Teague - CB",,,,"#32 Jose Eger - CB",,,,,,,,,,,,,,,,,,,,,,,,,,,,,,,,,,,,,
NYS,10:07,"NYS 24",2,2,11,"I Formation Normal FL Hook","Goal Line Attack #1",,0,6,"2-11-NYS 24 (10:06) 4-Jamie Orman pass Pass knocked down by 49-Robert Patton. incomplete, intended for 88-Dylan Fryer.","#4 Jamie Orman - QB","#42 James Luna - RB",,,"#44 Tim Carroll - RB","#22 Darrell Stevenson - RB",,"#88 Dylan Fryer - WR",,"#84 Charles Conlon - WR",,,"#53 Melvin Hall - LT","#51 Earnest Haase - C","#66 John Harmon - LG","#59 Michael Macias - RG","#77 Gerald Allen - RT",,"#5 Fast Freddie Foster - FS","#60 Ralph Taylor - CB","#99 Bubba Thornton - CB","#8 Jim ""Anvil"" Neidhart - P","#26 Jeffery Hebert - CB","#25 Sven Blackthorn - CB","#94 Gorilla Monsoon - CB",,"#55 Greg The Hammer Valentine - CB","#49 Robert Patton - CB","#27 Greg Teague - CB",,,,"#32 Jose Eger - CB",,,,,,,,,,,,,,,,,,,,,,,,,,,,,,,,,,,,,
NYS,10:01,"NYS 24",2,3,11,"Shotgun Normal HB Flare","Goal Line Attack #1",,0,6,"3-11-NYS 24 (10:02) 4-Jamie Orman pass incomplete, dropped by 22-Darrell Stevenson. That was a dangerous pass.","#4 Jamie Orman - QB","#42 James Luna - RB",,,,"#22 Darrell Stevenson - RB",,"#18 Israel Yang - WR","#84 Charles Conlon - WR","#88 Dylan Fryer - WR",,,"#53 Melvin Hall - LT","#51 Earnest Haase - C","#66 John Harmon - LG","#59 Michael Macias - RG","#77 Gerald Allen - RT",,"#5 Fast Freddie Foster - FS","#60 Ralph Taylor - CB","#99 Bubba Thornton - CB","#8 Jim ""Anvil"" Neidhart - P","#26 Jeffery Hebert - CB","#25 Sven Blackthorn - CB","#94 Gorilla Monsoon - CB",,"#55 Greg The Hammer Valentine - CB","#49 Robert Patton - CB","#98 Charles Huff - CB",,,,"#32 Jose Eger - CB",,,,,,,,,,,,,,,,,,,,,,,,,,,,,,,,,,,,,
NYS,9:59,"NYS 24",2,4,11,Punt,"Punt Return",,0,6,"4-11-NYS 24 (10:00) 3-John Volpe punts 52 yards to HOU 24. Fair Catch by 26-Jeffery Hebert.",,,,,,,,,,,,,,,,,,"#3 John Volpe - P",,,,,,,,,,,,,,,,,,,"#54 Steven Hancock - LT",,"#26 Jeffery Hebert - CB",,,"#27 Greg Teague - CB","#85 Lex Luger - WR","#25 Sven Blackthorn - CB",,"#97 S. D. Jones - CB","#55 Greg The Hammer Valentine - CB",,"#44 Edward Young - CB",,,,"#77 Gerald Allen - RT","#93 Andy Hurl - MLB","#56 Matthew Shook - MLB","#99 Thomas Hernandez - MLB","#50 Frank Baker - MLB","#53 Melvin Hall - LT",,"#22 Donald Brown - CB","#5 Fast Freddie Foster - FS","#92 Perry Cuthbertson - CB","#98 Charles Huff - CB",,,,,,,
HOU,9:52,"HOU 24",2,1,10,"I Formation Normal HB Blast","4-3 Normal Zone Blitz",13,0,6,"1-10-HOU 24 (9:53) 89-Randy Savage ran to HOU 37 for 13 yards. Tackle by 33-Pedro Brooks.","#9 Dale Baber - QB","#89 Randy Savage - WR",,,"#30 Cecil Phillips - WR","#12 Harley Race - WR",,"#10 John Casella - WR",,"#84 Randall Guenther - WR",,,"#78 John McDougall - LT","#82 Edwin Richert - LG","#88 Marcus Taing - C","#70 Thomas May - RG","#62 Chad Delong - RT",,"#76 Alton Gross - LDE",,"#79 Albert Whitten - DT","#68 Jose Cuervo - DT","#74 Johnny Jones - RDE","#93 Andy Hurl - MLB","#52 Paul Davis - MLB",,"#56 Matthew Shook - MLB","#25 Jack Moyer - CB","#31 T. T. Texas - CB",,,,"#46 Gary Koh - CB","#33 Pedro Brooks - CB",,,,,,,,,,,,,,,,,,,,,,,,,,,,,,,,,,,,
HOU,9:18,"HOU 37",2,1,10,"I Formation 3WR HB Inside Weak","Nickel Normal Man Zone",15,0,6,"1-10-HOU 37 (9:17) 33-Mark Merlo ran to NYS 47 for 15 yards. Tackle by 33-Pedro Brooks.","#9 Dale Baber - QB","#33 Mark Merlo - WR",,,"#30 Cecil Phillips - WR",,,"#17 Agustin Fiecke - WR","#85 Lex Luger - WR","#12 Harley Race - WR",,,"#78 John McDougall - LT","#82 Edwin Richert - LG","#88 Marcus Taing - C","#70 Thomas May - RG","#62 Chad Delong - RT",,"#76 Alton Gross - LDE",,"#79 Albert Whitten - DT","#68 Jose Cuervo - DT","#74 Johnny Jones - RDE",,"#52 Paul Davis - MLB",,"#56 Matthew Shook - MLB","#25 Jack Moyer - CB","#46 Gary Koh - CB",,"#31 T. T. Texas - CB",,"#21 Richard Moore - CB","#33 Pedro Brooks - CB",,,,,,,,,,,,,,,,,,,,,,,,,,,,,,,,,,,,
HOU,8:37,"NYS 47",2,1,10,"I Formation 3WR FL Post","Nickel Blitz Stunt Blitz",,0,6,"1-10-NYS 47 (8:36) 9-Dale Baber pass Pass knocked down by 21-Richard Moore. incomplete, intended for 85-Lex Luger. Pressure by 76-Alton Gross.","#9 Dale Baber - QB","#89 Randy Savage - WR",,,"#30 Cecil Phillips - WR",,,"#17 Agustin Fiecke - WR","#85 Lex Luger - WR","#12 Harley Race - WR",,,"#78 John McDougall - LT","#82 Edwin Richert - LG","#88 Marcus Taing - C","#70 Thomas May - RG","#62 Chad Delong - RT",,"#76 Alton Gross - LDE",,"#79 Albert Whitten - DT","#68 Jose Cuervo - DT","#75 Jeremy Johnson - LDE",,"#52 Paul Davis - MLB",,"#56 Matthew Shook - MLB","#25 Jack Moyer - CB","#46 Gary Koh - CB",,"#31 T. T. Texas - CB",,"#21 Richard Moore - CB","#33 Pedro Brooks - CB",,,,,,,,,,,,,,,,,,,,,,,,,,,,,,,,,,,,
HOU,8:31,"NYS 47",2,2,10,"I Formation 3WR Slot Short WR Deep","Nickel Normal Man Zone",,0,6,"2-10-NYS 47 (8:32) 9-Dale Baber pass Pass knocked down by 52-Paul Davis. incomplete, intended for 85-Lex Luger.","#9 Dale Baber - QB","#89 Randy Savage - WR",,,"#30 Cecil Phillips - WR",,,"#17 Agustin Fiecke - WR","#85 Lex Luger - WR","#12 Harley Race - WR",,,"#78 John McDougall - LT","#82 Edwin Richert - LG","#53 James Lowman - C","#70 Thomas May - RG","#62 Chad Delong - RT",,"#76 Alton Gross - LDE",,"#79 Albert Whitten - DT","#68 Jose Cuervo - DT","#74 Johnny Jones - RDE",,"#52 Paul Davis - MLB",,"#56 Matthew Shook - MLB","#25 Jack Moyer - CB","#31 T. T. Texas - CB",,"#30 Willy Atkins - CB",,"#21 Richard Moore - CB","#46 Gary Koh - CB",,,,,,,,,,,,,,,,,,,,,,,,,,,,,,,,,,,,
HOU,8:28,"NYS 47",2,3,10,"I Formation Power PA Flats","Goal Line 3 Deep Man",2,0,6,"3-10-NYS 47 (8:29) 9-Dale Baber pass complete to 85-Lex Luger to NYS 45 for 2 yards. Tackle by 31-T. T. Texas. Nice job by 85-Lex Luger on that route to lose his coverage.","#9 Dale Baber - QB","#33 Mark Merlo - WR",,"#81 Leonard Gentry - WR","#30 Cecil Phillips - WR","#85 Lex Luger - WR",,"#12 Harley Race - WR",,,,,"#78 John McDougall - LT","#82 Edwin Richert - LG","#53 James Lowman - C","#70 Thomas May - RG","#62 Chad Delong - RT",,"#76 Alton Gross - LDE","#75 Jeremy Johnson - LDE","#79 Albert Whitten - DT","#68 Jose Cuervo - DT","#74 Johnny Jones - RDE","#93 Andy Hurl - MLB","#52 Paul Davis - MLB",,"#56 Matthew Shook - MLB","#25 Jack Moyer - CB","#31 T. T. Texas - CB",,,,"#46 Gary Koh - CB",,,,,,,,,,,,,,,,,,,,,,,,,,,,,,,,,,,,,
HOU,7:52,"NYS 45",2,4,8,Punt,"Punt Return",51,0,6,"4-8-NYS 45 (7:51) 1-Lawrence Kraker punts 51 yards to NYS -6.4-8-NYS 45 (7:51) 1-Lawrence Kraker punts 51 yards to NYS -6. Touchback.",,,,,,,,,,,,,,,,,,"#1 Lawrence Kraker - P",,,,,,,,,,,,,,,,,,,"#88 Marcus Taing - C",,"#26 Terrance Shull - RB",,,"#22 Darrell Stevenson - RB","#53 Melvin Hall - LT","#83 Jose Bock - WR",,"#54 Steven Hancock - LT","#44 Tim Carroll - RB",,"#66 John Harmon - LG",,,,"#70 Thomas May - RG","#53 James Lowman - C","#82 Edwin Richert - LG","#58 Richard Scott - LT","#78 John McDougall - LT","#30 Cecil Phillips - WR",,"#90 John Conley - RDE","#96 William Sanchez - DT","#77 Gerald Allen - RT","#74 Johnny Jones - RDE",,,,,,,
NYS,7:43,"NYS 20",2,1,10,"Shotgun Normal HB Flare","Goal Line Attack #1",,0,6,"1-10-NYS 20 (7:44) 4-Jamie Orman pass Pass knocked down by 98-Charles Huff. incomplete, intended for 80-Perry Nelson. Pressure by 55-Greg The Hammer Valentine.","#4 Jamie Orman - QB","#42 James Luna - RB",,,,"#19 Alvin Eckenrode - WR",,"#18 Israel Yang - WR","#88 Dylan Fryer - WR","#80 Perry Nelson - WR",,,"#67 Scott Montano - RT","#51 Earnest Haase - C","#59 Michael Macias - RG","#60 Royce Hamilton - RG","#62 Reginald Gridley - RG",,"#5 Fast Freddie Foster - FS","#60 Ralph Taylor - CB","#99 Bubba Thornton - CB","#8 Jim ""Anvil"" Neidhart - P","#26 Jeffery Hebert - CB","#52 James Bates - CB","#94 Gorilla Monsoon - CB",,"#55 Greg The Hammer Valentine - CB","#49 Robert Patton - CB","#98 Charles Huff - CB",,,,"#32 Jose Eger - CB",,,,,,,,,,,,,,,,,,,,,,,,,,,,,,,,,,,,,
NYS,7:38,"NYS 20",2,2,10,"Shotgun 2 RB 3 WR WR Curl","Goal Line Attack #1",,0,6,"2-10-NYS 20 (7:39) 4-Jamie Orman pass incomplete, dropped by 88-Dylan Fryer. Pressure by 8-Jim ""Anvil"" Neidhart.","#4 Jamie Orman - QB","#42 James Luna - RB","#20 Robert Hooper - WR",,,,,"#80 Perry Nelson - WR","#84 Charles Conlon - WR","#88 Dylan Fryer - WR",,,"#53 Melvin Hall - LT","#51 Earnest Haase - C","#66 John Harmon - LG","#59 Michael Macias - RG","#77 Gerald Allen - RT",,"#5 Fast Freddie Foster - FS","#60 Ralph Taylor - CB","#99 Bubba Thornton - CB","#8 Jim ""Anvil"" Neidhart - P","#26 Jeffery Hebert - CB","#52 James Bates - CB","#94 Gorilla Monsoon - CB",,"#55 Greg The Hammer Valentine - CB","#49 Robert Patton - CB","#98 Charles Huff - CB",,,,"#32 Jose Eger - CB",,,,,,,,,,,,,,,,,,,,,,,,,,,,,,,,,,,,,
NYS,7:34,"NYS 20",2,3,10,"I Formation Normal Max Protect","Goal Line Attack #1",11,0,6,"3-10-NYS 20 (7:35) 4-Jamie Orman pass complete to 18-Israel Yang to NYS 31 for 11 yards. Tackle by 27-Greg Teague. 27-Greg Teague got away with a hold on that play.","#4 Jamie Orman - QB","#42 James Luna - RB",,,"#44 Tim Carroll - RB","#22 Darrell Stevenson - RB",,"#84 Charles Conlon - WR",,"#18 Israel Yang - WR",,,"#53 Melvin Hall - LT","#51 Earnest Haase - C","#66 John Harmon - LG","#59 Michael Macias - RG","#77 Gerald Allen - RT",,"#5 Fast Freddie Foster - FS","#60 Ralph Taylor - CB","#99 Bubba Thornton - CB","#8 Jim ""Anvil"" Neidhart - P","#26 Jeffery Hebert - CB","#97 S. D. Jones - CB","#94 Gorilla Monsoon - CB",,"#55 Greg The Hammer Valentine - CB","#25 Sven Blackthorn - CB","#27 Greg Teague - CB",,,,"#92 Perry Cuthbertson - CB",,,,,,,,,,,,,,,,,,,,,,,,,,,,,,,,,,,,,
NYS,6:56,"NYS 31",2,1,10,"Weak I Big WR Post TE Out","Goal Line Attack #1",10,0,6,"1-10-NYS 31 (6:55) 4-Jamie Orman pass complete to 22-Darrell Stevenson to NYS 41 for 10 yards. Tackle by 27-Greg Teague. 27-Greg Teague got away with a hold on that play.","#4 Jamie Orman - QB","#42 James Luna - RB",,,"#44 Tim Carroll - RB","#22 Darrell Stevenson - RB","#19 Alvin Eckenrode - WR","#80 Perry Nelson - WR",,,,,"#53 Melvin Hall - LT","#66 John Harmon - LG","#51 Earnest Haase - C","#59 Michael Macias - RG","#77 Gerald Allen - RT",,"#5 Fast Freddie Foster - FS","#60 Ralph Taylor - CB","#99 Bubba Thornton - CB","#8 Jim ""Anvil"" Neidhart - P","#26 Jeffery Hebert - CB","#97 S. D. Jones - CB","#94 Gorilla Monsoon - CB",,"#55 Greg The Hammer Valentine - CB","#49 Robert Patton - CB","#27 Greg Teague - CB",,,,"#32 Jose Eger - CB",,,,,,,,,,,,,,,,,,,,,,,,,,,,,,,,,,,,,
NYS,6:23,"NYS 41",2,1,10,"Singleback Big Off Tackle Strong","Goal Line Attack #1",,0,6,"1-10-NYS 41 (6:22) 42-James Luna ran to NYS 42 for a short gain. Tackle by 94-Gorilla Monsoon.","#4 Jamie Orman - QB","#42 James Luna - RB",,,,"#88 Dylan Fryer - WR","#22 Darrell Stevenson - RB","#80 Perry Nelson - WR",,"#84 Charles Conlon - WR",,,"#53 Melvin Hall - LT","#66 John Harmon - LG","#51 Earnest Haase - C","#59 Michael Macias - RG","#77 Gerald Allen - RT",,"#5 Fast Freddie Foster - FS","#60 Ralph Taylor - CB","#99 Bubba Thornton - CB","#8 Jim ""Anvil"" Neidhart - P","#26 Jeffery Hebert - CB","#25 Sven Blackthorn - CB","#94 Gorilla Monsoon - CB",,"#55 Greg The Hammer Valentine - CB","#49 Robert Patton - CB","#98 Charles Huff - CB",,,,"#32 Jose Eger - CB",,,,,,,,,,,,,,,,,,,,,,,,,,,,,,,,,,,,,
NYS,5:50,"NYS 42",2,2,10,"Singleback Big Off Tackle Strong","Goal Line Attack #1",,0,6,"2-10-NYS 42 (5:49) 42-James Luna ran to NYS 42 for a short gain. Tackle by 94-Gorilla Monsoon.","#4 Jamie Orman - QB","#42 James Luna - RB",,,,"#22 Darrell Stevenson - RB","#19 Alvin Eckenrode - WR","#88 Dylan Fryer - WR",,"#84 Charles Conlon - WR",,,"#53 Melvin Hall - LT","#66 John Harmon - LG","#51 Earnest Haase - C","#59 Michael Macias - RG","#77 Gerald Allen - RT",,"#5 Fast Freddie Foster - FS","#60 Ralph Taylor - CB","#99 Bubba Thornton - CB","#8 Jim ""Anvil"" Neidhart - P","#26 Jeffery Hebert - CB","#25 Sven Blackthorn - CB","#94 Gorilla Monsoon - CB",,"#55 Greg The Hammer Valentine - CB","#49 Robert Patton - CB","#27 Greg Teague - CB",,,,"#32 Jose Eger - CB",,,,,,,,,,,,,,,,,,,,,,,,,,,,,,,,,,,,,
NYS,5:11,"NYS 42",2,3,10,"Shotgun Normal HB Flare","Goal Line Attack #1",-10,0,6,"3-10-NYS 42 (5:10) 4-Jamie Orman sacked at NYS 32 for -10 yards (8-Jim ""Anvil"" Neidhart). Sack allowed by 66-John Harmon.","#4 Jamie Orman - QB","#42 James Luna - RB",,,,"#22 Darrell Stevenson - RB",,"#18 Israel Yang - WR","#88 Dylan Fryer - WR","#80 Perry Nelson - WR",,,"#53 Melvin Hall - LT","#66 John Harmon - LG","#51 Earnest Haase - C","#59 Michael Macias - RG","#77 Gerald Allen - RT",,"#5 Fast Freddie Foster - FS","#60 Ralph Taylor - CB","#99 Bubba Thornton - CB","#8 Jim ""Anvil"" Neidhart - P","#26 Jeffery Hebert - CB","#25 Sven Blackthorn - CB","#94 Gorilla Monsoon - CB",,"#55 Greg The Hammer Valentine - CB","#49 Robert Patton - CB","#27 Greg Teague - CB",,,,"#32 Jose Eger - CB",,,,,,,,,,,,,,,,,,,,,,,,,,,,,,,,,,,,,
NYS,4:35,"NYS 32",2,4,19,Punt,"Punt Return",,0,6,"4-19-NYS 32 (4:34) 3-John Volpe punts 45 yards to HOU 23. Fair Catch by 26-Jeffery Hebert.",,,,,,,,,,,,,,,,,,"#3 John Volpe - P",,,,,,,,,,,,,,,,,,,"#54 Steven Hancock - LT",,"#26 Jeffery Hebert - CB",,,"#27 Greg Teague - CB","#85 Lex Luger - WR","#25 Sven Blackthorn - CB",,"#97 S. D. Jones - CB","#55 Greg The Hammer Valentine - CB",,"#44 Edward Young - CB",,,,"#77 Gerald Allen - RT","#93 Andy Hurl - MLB","#56 Matthew Shook - MLB","#99 Thomas Hernandez - MLB","#50 Frank Baker - MLB","#53 Melvin Hall - LT",,"#22 Donald Brown - CB","#5 Fast Freddie Foster - FS","#92 Perry Cuthbertson - CB","#98 Charles Huff - CB",,,,,,,
HOU,4:26,"HOU 23",2,1,10,"Goal Line Normal HB Pitch Weak","Goal Line 3 Deep Man",3,0,6,"1-10-HOU 23 (4:27) 30-Cecil Phillips ran to HOU 25 for 3 yards. Tackle by 52-Paul Davis.","#9 Dale Baber - QB","#30 Cecil Phillips - WR",,"#12 Harley Race - WR","#84 Randall Guenther - WR","#10 John Casella - WR","#89 Randy Savage - WR",,,,,,"#78 John McDougall - LT","#82 Edwin Richert - LG","#53 James Lowman - C","#70 Thomas May - RG","#62 Chad Delong - RT",,"#76 Alton Gross - LDE","#75 Jeremy Johnson - LDE","#79 Albert Whitten - DT","#68 Jose Cuervo - DT","#74 Johnny Jones - RDE","#93 Andy Hurl - MLB","#52 Paul Davis - MLB",,"#56 Matthew Shook - MLB","#25 Jack Moyer - CB","#31 T. T. Texas - CB",,,,"#46 Gary Koh - CB",,,,,,,,,,,,,,,,,,,,,,,,,,,,,,,,,,,,,
HOU,3:52,"HOU 25",2,2,7,"I Formation 3WR PA Fullback Flat","Nickel Normal SS Blitz",4,0,6,"2-7-HOU 25 (3:51) 9-Dale Baber pass complete to 85-Lex Luger to HOU 29 for 4 yards. Tackle by 31-T. T. Texas. 85-Lex Luger did some fancy footwork there. PENALTY - Pass Interference (NYS 31-T. T. Texas)","#9 Dale Baber - QB","#89 Randy Savage - WR",,,"#30 Cecil Phillips - WR",,,"#17 Agustin Fiecke - WR","#85 Lex Luger - WR","#12 Harley Race - WR",,,"#78 John McDougall - LT","#82 Edwin Richert - LG","#53 James Lowman - C","#70 Thomas May - RG","#62 Chad Delong - RT",,"#76 Alton Gross - LDE",,"#79 Albert Whitten - DT","#68 Jose Cuervo - DT","#74 Johnny Jones - RDE",,"#52 Paul Davis - MLB",,"#56 Matthew Shook - MLB","#25 Jack Moyer - CB","#46 Gary Koh - CB",,"#31 T. T. Texas - CB",,"#21 Richard Moore - CB","#33 Pedro Brooks - CB",,,,,,,,,,,,,,,,,,,,,,,,,,,,,,,,,,,,
HOU,3:47,"HOU 31",2,1,10,"I Formation Power Play Action HB Downfield","Goal Line 3 Deep Man",,0,6,"1-10-HOU 31 (3:48) 9-Dale Baber pass INTERCEPTED by 46-Gary Koh at HOU 37. 46-Gary Koh to HOU 38 for -0 yards. Tackle by 85-Lex Luger.","#9 Dale Baber - QB","#89 Randy Savage - WR",,"#81 Leonard Gentry - WR","#82 Edwin Richert - LG","#85 Lex Luger - WR",,"#12 Harley Race - WR",,,,,"#78 John McDougall - LT","#58 Richard Scott - LT","#53 James Lowman - C","#70 Thomas May - RG","#62 Chad Delong - RT",,"#76 Alton Gross - LDE","#75 Jeremy Johnson - LDE","#79 Albert Whitten - DT","#68 Jose Cuervo - DT","#74 Johnny Jones - RDE","#93 Andy Hurl - MLB","#52 Paul Davis - MLB",,"#56 Matthew Shook - MLB","#25 Jack Moyer - CB","#46 Gary Koh - CB",,,,"#21 Richard Moore - CB",,,,,,,,,,,,,,,,,,,,,,,,,,,,,,,,,,,,,
NYS,3:43,"HOU 38",2,1,10,"Singleback Big WR Deep","Goal Line Attack #1",,0,6,"1-10-HOU 38 (3:44) (Hot Read) 4-Jamie Orman pass incomplete, dropped by 42-James Luna. Excellent coverage on that play. Pressure by 55-Greg The Hammer Valentine.","#4 Jamie Orman - QB","#42 James Luna - RB",,,,"#88 Dylan Fryer - WR","#22 Darrell Stevenson - RB","#80 Perry Nelson - WR",,"#84 Charles Conlon - WR",,,"#53 Melvin Hall - LT","#51 Earnest Haase - C","#66 John Harmon - LG","#59 Michael Macias - RG","#77 Gerald Allen - RT",,"#5 Fast Freddie Foster - FS","#60 Ralph Taylor - CB","#99 Bubba Thornton - CB","#8 Jim ""Anvil"" Neidhart - P","#26 Jeffery Hebert - CB","#25 Sven Blackthorn - CB","#94 Gorilla Monsoon - CB",,"#55 Greg The Hammer Valentine - CB","#49 Robert Patton - CB","#27 Greg Teague - CB",,,,"#32 Jose Eger - CB",,,,,,,,,,,,,,,,,,,,,,,,,,,,,,,,,,,,,
NYS,3:41,"HOU 38",2,2,10,"I Formation Normal HB Draw","Goal Line Attack #1",-0,0,6,"2-10-HOU 38 (3:42) 42-James Luna ran to HOU 38 for a short loss. Tackle by 94-Gorilla Monsoon.","#4 Jamie Orman - QB","#42 James Luna - RB",,,"#44 Tim Carroll - RB","#22 Darrell Stevenson - RB",,"#80 Perry Nelson - WR",,"#88 Dylan Fryer - WR",,,"#53 Melvin Hall - LT","#51 Earnest Haase - C","#66 John Harmon - LG","#59 Michael Macias - RG","#77 Gerald Allen - RT",,"#5 Fast Freddie Foster - FS","#60 Ralph Taylor - CB","#99 Bubba Thornton - CB","#8 Jim ""Anvil"" Neidhart - P","#26 Jeffery Hebert - CB","#25 Sven Blackthorn - CB","#94 Gorilla Monsoon - CB",,"#55 Greg The Hammer Valentine - CB","#49 Robert Patton - CB","#27 Greg Teague - CB",,,,"#32 Jose Eger - CB",,,,,,,,,,,,,,,,,,,,,,,,,,,,,,,,,,,,,
NYS,3:05,"HOU 38",2,3,10,"Shotgun 5 Wide Parallel Slants","Dime Normal Double WR3",7,0,6,"3-10-HOU 38 (3:04) 4-Jamie Orman pass complete to 83-Jose Bock to HOU 31 for 7 yards. Tackle by 55-Greg The Hammer Valentine.","#4 Jamie Orman - QB",,,,,,,"#80 Perry Nelson - WR","#84 Charles Conlon - WR","#88 Dylan Fryer - WR","#18 Israel Yang - WR","#83 Jose Bock - WR","#53 Melvin Hall - LT","#66 John Harmon - LG","#51 Earnest Haase - C","#59 Michael Macias - RG","#77 Gerald Allen - RT",,"#5 Fast Freddie Foster - FS",,"#99 Bubba Thornton - CB","#8 Jim ""Anvil"" Neidhart - P","#26 Jeffery Hebert - CB",,"#94 Gorilla Monsoon - CB",,,"#49 Robert Patton - CB","#27 Greg Teague - CB","#44 Edward Young - CB","#32 Jose Eger - CB",,"#55 Greg The Hammer Valentine - CB","#92 Perry Cuthbertson - CB",,,,,,,,,,,,,,,,,,,,,,,,,,,,,,,,,,,,
NYS,2:27,"HOU 31",2,4,4,"Field Goal","FG Block",42,3,6,"4-4-HOU 31 (2:26) 5-Kenneth Williams 48 yard field goal is GOOD. NYS 3 HOU 6",,,,,,,,,,,,,,,,,,,,,,,,,,,,,,,,,,,,"#8 Charles Marshal - QB","#54 Steven Hancock - LT",,,,,,,,,,,,,,"#5 Kenneth Williams - K","#94 Randy James - LDE","#22 Darrell Stevenson - RB","#60 Royce Hamilton - RG","#51 Earnest Haase - C","#66 John Harmon - LG","#77 Gerald Allen - RT","#44 Tim Carroll - RB","#53 Melvin Hall - LT","#22 Donald Brown - CB","#5 Fast Freddie Foster - FS","#92 Perry Cuthbertson - CB","#98 Charles Huff - CB","#85 Lex Luger - WR","#32 Jose Eger - CB","#26 Jeffery Hebert - CB","#36 Joel Espinoza - FS","#25 Sven Blackthorn - CB","#17 Agustin Fiecke - WR","#47 Bret ""Hitman"" Hart - CB"
NYS,2:21,"NYS 35",2,6,10,Kickoff,"Kick Return",,3,6,"(2:22) 5-Kenneth Williams kicks 75 yards from NYS 35 to HOU -10. Touchback.",,,,,,,,,,,,,,,,,,,,,,,,,,,,,,,,,,,,,,"#26 Jeffery Hebert - CB",,"#36 Joel Espinoza - FS","#98 Charles Huff - CB","#27 Greg Teague - CB","#44 Edward Young - CB","#25 Sven Blackthorn - CB","#85 Lex Luger - WR","#97 S. D. Jones - CB","#55 Greg The Hammer Valentine - CB","#49 Robert Patton - CB","#5 Fast Freddie Foster - FS","#5 Kenneth Williams - K",,,,,,,,,,,,,,,,,,,,
HOU,2:21,"HOU 25",2,1,10,"Goal Line Normal HB Pitch Weak","Goal Line 3 Deep Man",5,3,6,"1-10-HOU 25 (2:22) 30-Cecil Phillips ran to HOU 30 for 5 yards. Tackle by 46-Gary Koh.","#9 Dale Baber - QB","#30 Cecil Phillips - WR",,"#12 Harley Race - WR","#84 Randall Guenther - WR","#85 Lex Luger - WR","#89 Randy Savage - WR",,,,,,"#78 John McDougall - LT","#82 Edwin Richert - LG","#53 James Lowman - C","#70 Thomas May - RG","#62 Chad Delong - RT",,"#76 Alton Gross - LDE","#75 Jeremy Johnson - LDE","#79 Albert Whitten - DT","#68 Jose Cuervo - DT","#65 James Hall - RDE","#93 Andy Hurl - MLB","#50 Frank Baker - MLB",,"#52 Paul Davis - MLB","#25 Jack Moyer - CB","#46 Gary Koh - CB",,,,"#21 Richard Moore - CB",,,,,,,,,,,,,,,,,,,,,,,,,,,,,,,,,,,,,
,2:00,,2,2,5,,,,3,6,"Timeout for two minute warning.",,,,,,,,,,,,,,,,,,,,,,,,,,,,,,,,,,,,,,,,,,,,,,,,,,,,,,,,,,,,,,,,,,,,,,
HOU,2:00,"HOU 30",2,2,5,"Weak I Normal WR Corner TE Middle","46 Normal Inside Blitz",,3,6,"2-5-HOU 30 (2:00) 9-Dale Baber pass incomplete, intended for 89-Randy Savage.","#9 Dale Baber - QB","#89 Randy Savage - WR",,,"#82 Edwin Richert - LG","#85 Lex Luger - WR",,"#17 Agustin Fiecke - WR",,"#12 Harley Race - WR",,,"#78 John McDougall - LT","#58 Richard Scott - LT","#53 James Lowman - C","#70 Thomas May - RG","#62 Chad Delong - RT",,"#76 Alton Gross - LDE",,"#79 Albert Whitten - DT","#68 Jose Cuervo - DT","#74 Johnny Jones - RDE","#93 Andy Hurl - MLB","#52 Paul Davis - MLB",,"#56 Matthew Shook - MLB","#25 Jack Moyer - CB","#31 T. T. Texas - CB",,,,"#46 Gary Koh - CB","#33 Pedro Brooks - CB",,,,,,,,,,,,,,,,,,,,,,,,,,,,,,,,,,,,
HOU,1:55,"HOU 30",2,3,5,"Goal Line Normal HB Pitch Weak","Goal Line 3 Deep Man",,3,6,"3-5-HOU 30 (1:56) PENALTY - False Start (HOU 9-Dale Baber)","#9 Dale Baber - QB","#30 Cecil Phillips - WR",,"#12 Harley Race - WR","#84 Randall Guenther - WR","#85 Lex Luger - WR","#10 John Casella - WR",,,,,,"#78 John McDougall - LT","#82 Edwin Richert - LG","#53 James Lowman - C","#70 Thomas May - RG","#62 Chad Delong - RT",,"#76 Alton Gross - LDE","#75 Jeremy Johnson - LDE","#79 Albert Whitten - DT","#68 Jose Cuervo - DT","#74 Johnny Jones - RDE","#93 Andy Hurl - MLB","#52 Paul Davis - MLB",,"#56 Matthew Shook - MLB","#25 Jack Moyer - CB","#46 Gary Koh - CB",,,,"#21 Richard Moore - CB",,,,,,,,,,,,,,,,,,,,,,,,,,,,,,,,,,,,,
HOU,1:55,"HOU 25",2,3,10,"I Formation 3WR HB Inside Strong","Nickel Normal SS Blitz",2,3,6,"3-10-HOU 25 (1:56) 89-Randy Savage ran to HOU 27 for 2 yards. Tackle by 21-Richard Moore.","#9 Dale Baber - QB","#89 Randy Savage - WR",,,"#30 Cecil Phillips - WR",,,"#17 Agustin Fiecke - WR","#85 Lex Luger - WR","#12 Harley Race - WR",,,"#78 John McDougall - LT","#82 Edwin Richert - LG","#53 James Lowman - C","#70 Thomas May - RG","#62 Chad Delong - RT",,"#76 Alton Gross - LDE",,"#79 Albert Whitten - DT","#68 Jose Cuervo - DT","#74 Johnny Jones - RDE",,"#52 Paul Davis - MLB",,"#56 Matthew Shook - MLB","#25 Jack Moyer - CB","#46 Gary Koh - CB",,"#31 T. T. Texas - CB",,"#21 Richard Moore - CB","#33 Pedro Brooks - CB",,,,,,,,,,,,,,,,,,,,,,,,,,,,,,,,,,,,
HOU,1:12,"HOU 27",2,4,8,Punt,"Punt Return",,3,6,"4-8-HOU 27 (1:11) 1-Lawrence Kraker punts 47 yards to NYS 26. Fair Catch by 26-Terrance Shull.",,,,,,,,,,,,,,,,,,"#1 Lawrence Kraker - P",,,,,,,,,,,,,,,,,,,"#88 Marcus Taing - C",,"#26 Terrance Shull - RB",,,"#22 Darrell Stevenson - RB","#53 Melvin Hall - LT","#83 Jose Bock - WR",,"#54 Steven Hancock - LT","#44 Tim Carroll - RB",,"#66 John Harmon - LG",,,,"#70 Thomas May - RG","#53 James Lowman - C","#82 Edwin Richert - LG","#58 Richard Scott - LT","#78 John McDougall - LT","#30 Cecil Phillips - WR",,"#90 John Conley - RDE","#96 William Sanchez - DT","#77 Gerald Allen - RT","#74 Johnny Jones - RDE",,,,,,,
NYS,1:04,"NYS 26",2,1,10,"Shotgun Normal HB Flare","Goal Line Attack #1",74,9,6,"1-10-NYS 26 (1:05) 4-Jamie Orman pass complete to 19-Alvin Eckenrode for 74 yards. TOUCHDOWN! It looks like the offense is starting to get familiar with that defensive play. NYS 9 HOU 6","#4 Jamie Orman - QB","#42 James Luna - RB",,,,"#19 Alvin Eckenrode - WR",,"#18 Israel Yang - WR","#88 Dylan Fryer - WR","#80 Perry Nelson - WR",,,"#67 Scott Montano - RT","#51 Earnest Haase - C","#60 Royce Hamilton - RG","#59 Michael Macias - RG","#62 Reginald Gridley - RG",,"#5 Fast Freddie Foster - FS","#60 Ralph Taylor - CB","#99 Bubba Thornton - CB","#8 Jim ""Anvil"" Neidhart - P","#26 Jeffery Hebert - CB","#52 James Bates - CB","#94 Gorilla Monsoon - CB",,"#55 Greg The Hammer Valentine - CB","#49 Robert Patton - CB","#98 Charles Huff - CB",,,,"#32 Jose Eger - CB",,,,,,,,,,,,,,,,,,,,,,,,,,,,,,,,,,,,,
NYS,0:54,"HOU 15",2,7,15,"Field Goal","FG Block",26,10,6,"(0:55) Extra point GOOD by 5-Kenneth Williams. NYS 10 HOU 6",,,,,,,,,,,,,,,,,,,,,,,,,,,,,,,,,,,,"#8 Charles Marshal - QB","#54 Steven Hancock - LT",,,,,,,,,,,,,,"#5 Kenneth Williams - K","#94 Randy James - LDE","#22 Darrell Stevenson - RB","#60 Royce Hamilton - RG","#51 Earnest Haase - C","#66 John Harmon - LG","#77 Gerald Allen - RT","#44 Tim Carroll - RB","#53 Melvin Hall - LT","#25 Sven Blackthorn - CB","#92 Perry Cuthbertson - CB","#98 Charles Huff - CB","#22 Donald Brown - CB","#89 Randy Savage - WR","#44 Edward Young - CB","#85 Lex Luger - WR","#5 Fast Freddie Foster - FS","#36 Joel Espinoza - FS","#17 Agustin Fiecke - WR","#47 Bret ""Hitman"" Hart - CB"
NYS,0:54,"NYS 35",2,6,10,Kickoff,"Kick Return",,10,6,"(0:55) 5-Kenneth Williams kicks 74 yards from NYS 35 to HOU -9. Touchback.",,,,,,,,,,,,,,,,,,,,,,,,,,,,,,,,,,,,,,"#26 Jeffery Hebert - CB",,"#92 Perry Cuthbertson - CB","#55 Greg The Hammer Valentine - CB","#27 Greg Teague - CB","#5 Fast Freddie Foster - FS","#25 Sven Blackthorn - CB","#85 Lex Luger - WR","#97 S. D. Jones - CB","#44 Edward Young - CB","#36 Joel Espinoza - FS","#98 Charles Huff - CB","#5 Kenneth Williams - K",,,,,,,,,,,,,,,,,,,,
HOU,0:54,"HOU 25",2,1,10,"I Formation 3WR HB Inside Strong","Nickel Normal Man Zone",15,10,6,"1-10-HOU 25 (0:55) 89-Randy Savage ran to HOU 40 for 15 yards. Tackle by 33-Pedro Brooks.","#9 Dale Baber - QB","#89 Randy Savage - WR",,,"#30 Cecil Phillips - WR",,,"#17 Agustin Fiecke - WR","#85 Lex Luger - WR","#12 Harley Race - WR",,,"#78 John McDougall - LT","#82 Edwin Richert - LG","#53 James Lowman - C","#70 Thomas May - RG","#62 Chad Delong - RT",,"#76 Alton Gross - LDE",,"#79 Albert Whitten - DT","#68 Jose Cuervo - DT","#65 James Hall - RDE",,"#52 Paul Davis - MLB",,"#56 Matthew Shook - MLB","#25 Jack Moyer - CB","#30 Willy Atkins - CB",,"#23 John Hoover - CB",,"#46 Gary Koh - CB","#33 Pedro Brooks - CB",,,,,,,,,,,,,,,,,,,,,,,,,,,,,,,,,,,,
,0:51,,2,1,10,,,,10,6,"Timeout HOU",,,,,,,,,,,,,,,,,,,,,,,,,,,,,,,,,,,,,,,,,,,,,,,,,,,,,,,,,,,,,,,,,,,,,,
HOU,0:48,"HOU 40",2,1,10,"I Formation 3WR Slot Short WR Deep","Nickel Normal SS Blitz",46,10,6,"1-10-HOU 40 (0:49) 9-Dale Baber pass complete to 85-Lex Luger to NYS 14 for 46 yards.","#9 Dale Baber - QB","#33 Mark Merlo - WR",,,"#30 Cecil Phillips - WR",,,"#17 Agustin Fiecke - WR","#85 Lex Luger - WR","#12 Harley Race - WR",,,"#78 John McDougall - LT","#82 Edwin Richert - LG","#53 James Lowman - C","#70 Thomas May - RG","#62 Chad Delong - RT",,"#76 Alton Gross - LDE",,"#79 Albert Whitten - DT","#68 Jose Cuervo - DT","#74 Johnny Jones - RDE",,"#52 Paul Davis - MLB",,"#93 Andy Hurl - MLB","#25 Jack Moyer - CB","#46 Gary Koh - CB",,"#31 T. T. Texas - CB",,"#21 Richard Moore - CB","#33 Pedro Brooks - CB",,,,,,,,,,,,,,,,,,,,,,,,,,,,,,,,,,,,
HOU,0:40,"NYS 14",2,1,10,"I Formation 3WR FL Post","Nickel Normal SS Blitz",17,10,12,"1-10-NYS 14 (0:41) 9-Dale Baber pass complete to 12-Harley Race for 14 yards. TOUCHDOWN! NYS 10 HOU 12","#9 Dale Baber - QB","#89 Randy Savage - WR",,,"#82 Edwin Richert - LG",,,"#17 Agustin Fiecke - WR","#81 Leonard Gentry - WR","#12 Harley Race - WR",,,"#76 Robert Jean - RG","#58 Richard Scott - LT","#88 Marcus Taing - C","#70 Thomas May - RG","#54 Micheal McClary - RT",,"#75 Jeremy Johnson - LDE",,"#79 Albert Whitten - DT","#96 William Sanchez - DT","#65 James Hall - RDE",,"#50 Frank Baker - MLB",,"#56 Matthew Shook - MLB","#25 Jack Moyer - CB","#23 John Hoover - CB",,"#21 Richard Moore - CB",,"#46 Gary Koh - CB","#30 Willy Atkins - CB",,,,,,,,,,,,,,,,,,,,,,,,,,,,,,,,,,,,
HOU,0:36,"NYS 15",2,7,15,"Field Goal","FG Block",26,10,13,"(0:37) Extra point GOOD by 15-Earl Castro. NYS 10 HOU 13",,,,,,,,,,,,,,,,,,,,,,,,,,,,,,,,,,,,"#18 Guillermo Benoit - QB","#88 Marcus Taing - C",,,,,,,,,,,,,,"#15 Earl Castro - K","#30 Cecil Phillips - WR","#70 Thomas May - RG","#53 James Lowman - C","#82 Edwin Richert - LG","#58 Richard Scott - LT","#78 John McDougall - LT","#76 Robert Jean - RG","#62 Chad Delong - RT","#94 Randy James - LDE","#96 William Sanchez - DT","#90 John Conley - RDE","#26 Terrance Shull - RB","#68 Jose Cuervo - DT","#65 James Hall - RDE","#20 Robert Hooper - WR","#77 Gerald Allen - RT","#99 Thomas Hernandez - MLB","#75 Jeremy Johnson - LDE","#83 Jose Bock - WR"
HOU,0:36,"HOU 35",2,6,10,Kickoff,"Kick Return",,10,13,"(0:37) 15-Earl Castro kicks 71 yards from HOU 35 to NYS -6. Touchback.",,,,,,,,,,,,,,,,,,,,,,,,,,,,,,,,,,,,,,"#26 Terrance Shull - RB",,"#83 Jose Bock - WR","#54 Steven Hancock - LT","#44 Tim Carroll - RB","#77 Gerald Allen - RT","#74 Johnny Jones - RDE","#53 Melvin Hall - LT","#60 Royce Hamilton - RG","#51 Earnest Haase - C","#22 Darrell Stevenson - RB","#66 John Harmon - LG","#15 Earl Castro - K",,,,,,,,,,,,,,,,,,,,
NYS,0:36,"NYS 25",2,1,10,"I Formation Normal FL Hitch","Goal Line Attack #1",63,10,13,"1-10-NYS 25 (0:37) 4-Jamie Orman pass complete to 88-Dylan Fryer to HOU 12 for 63 yards. Tackle by 44-Edward Young. 88-Dylan Fryer breaks down the CB. It looks like the offense is starting to get familiar with that defensive play.","#4 Jamie Orman - QB","#42 James Luna - RB",,,"#44 Tim Carroll - RB","#22 Darrell Stevenson - RB",,"#80 Perry Nelson - WR",,"#88 Dylan Fryer - WR",,,"#53 Melvin Hall - LT","#51 Earnest Haase - C","#66 John Harmon - LG","#59 Michael Macias - RG","#77 Gerald Allen - RT",,"#60 Ralph Taylor - CB","#80 Rudolph Maxwell - CB","#99 Bubba Thornton - CB","#8 Jim ""Anvil"" Neidhart - P","#26 Jeffery Hebert - CB","#52 James Bates - CB","#94 Gorilla Monsoon - CB",,"#22 Donald Brown - CB","#92 Perry Cuthbertson - CB","#44 Edward Young - CB",,,,"#32 Jose Eger - CB",,,,,,,,,,,,,,,,,,,,,,,,,,,,,,,,,,,,,
,0:29,,2,1,10,,,,10,13,"Timeout NYS",,,,,,,,,,,,,,,,,,,,,,,,,,,,,,,,,,,,,,,,,,,,,,,,,,,,,,,,,,,,,,,,,,,,,,
NYS,0:26,"HOU 12",2,1,10,"I Formation Normal FL Hitch","Goal Line Attack #1",2,10,13,"1-10-HOU 12 (0:27) 4-Jamie Orman pass complete to 84-Charles Conlon to HOU 10 for 2 yards. Tackle by 25-Sven Blackthorn.","#4 Jamie Orman - QB","#20 Robert Hooper - WR",,,"#26 Terrance Shull - RB","#19 Alvin Eckenrode - WR",,"#84 Charles Conlon - WR",,"#18 Israel Yang - WR",,,"#51 Earnest Haase - C","#62 Reginald Gridley - RG","#54 Steven Hancock - LT","#60 Royce Hamilton - RG","#67 Scott Montano - RT",,"#5 Fast Freddie Foster - FS","#19 Terry Funk - CB","#8 Jim ""Anvil"" Neidhart - P","#99 Bubba Thornton - CB","#26 Jeffery Hebert - CB","#25 Sven Blackthorn - CB","#59 Mark Jenkins - CB",,"#55 Greg The Hammer Valentine - CB","#49 Robert Patton - CB","#98 Charles Huff - CB",,,,"#27 Greg Teague - CB",,,,,,,,,,,,,,,,,,,,,,,,,,,,,,,,,,,,,
,0:24,,2,2,8,,,,10,13,"Timeout NYS",,,,,,,,,,,,,,,,,,,,,,,,,,,,,,,,,,,,,,,,,,,,,,,,,,,,,,,,,,,,,,,,,,,,,,
NYS,0:22,"HOU 10",2,2,8,"Shotgun Normal HB Flare","Goal Line Attack #1",11,16,13,"2-8-HOU 10 (0:23) 4-Jamie Orman pass complete to 80-Perry Nelson for 10 yards. TOUCHDOWN! Nice job by 80-Perry Nelson on that route to lose his coverage. NYS 16 HOU 13","#4 Jamie Orman - QB","#42 James Luna - RB",,,,"#22 Darrell Stevenson - RB",,"#18 Israel Yang - WR","#84 Charles Conlon - WR","#80 Perry Nelson - WR",,,"#53 Melvin Hall - LT","#51 Earnest Haase - C","#66 John Harmon - LG","#59 Michael Macias - RG","#77 Gerald Allen - RT",,"#5 Fast Freddie Foster - FS","#60 Ralph Taylor - CB","#99 Bubba Thornton - CB","#8 Jim ""Anvil"" Neidhart - P","#26 Jeffery Hebert - CB","#25 Sven Blackthorn - CB","#94 Gorilla Monsoon - CB",,"#55 Greg The Hammer Valentine - CB","#49 Robert Patton - CB","#27 Greg Teague - CB",,,,"#32 Jose Eger - CB",,,,,,,,,,,,,,,,,,,,,,,,,,,,,,,,,,,,,
NYS,0:19,"HOU 15",2,7,15,"Field Goal","FG Block",26,17,13,"(0:20) Extra point GOOD by 5-Kenneth Williams. NYS 17 HOU 13",,,,,,,,,,,,,,,,,,,,,,,,,,,,,,,,,,,,"#8 Charles Marshal - QB","#54 Steven Hancock - LT",,,,,,,,,,,,,,"#5 Kenneth Williams - K","#94 Randy James - LDE","#22 Darrell Stevenson - RB","#60 Royce Hamilton - RG","#51 Earnest Haase - C","#66 John Harmon - LG","#77 Gerald Allen - RT","#44 Tim Carroll - RB","#53 Melvin Hall - LT","#22 Donald Brown - CB","#5 Fast Freddie Foster - FS","#92 Perry Cuthbertson - CB","#98 Charles Huff - CB","#85 Lex Luger - WR","#32 Jose Eger - CB","#26 Jeffery Hebert - CB","#36 Joel Espinoza - FS","#25 Sven Blackthorn - CB","#17 Agustin Fiecke - WR","#47 Bret ""Hitman"" Hart - CB"
NYS,0:19,"NYS 35",2,6,10,Kickoff,"Kick Return",,17,13,"(0:20) 5-Kenneth Williams kicks 74 yards from NYS 35 to HOU -9. Touchback.",,,,,,,,,,,,,,,,,,,,,,,,,,,,,,,,,,,,,,"#26 Jeffery Hebert - CB",,"#36 Joel Espinoza - FS","#98 Charles Huff - CB","#27 Greg Teague - CB","#44 Edward Young - CB","#25 Sven Blackthorn - CB","#85 Lex Luger - WR","#97 S. D. Jones - CB","#55 Greg The Hammer Valentine - CB","#49 Robert Patton - CB","#5 Fast Freddie Foster - FS","#5 Kenneth Williams - K",,,,,,,,,,,,,,,,,,,,
HOU,0:19,"HOU 25",2,1,10,"I Formation 3WR HB Inside Weak","Nickel Normal SS Blitz",7,17,13,"1-10-HOU 25 (0:20) 89-Randy Savage ran to HOU 32 for 7 yards. Tackle by 46-Gary Koh.","#9 Dale Baber - QB","#89 Randy Savage - WR",,,"#30 Cecil Phillips - WR",,,"#17 Agustin Fiecke - WR","#85 Lex Luger - WR","#12 Harley Race - WR",,,"#78 John McDougall - LT","#82 Edwin Richert - LG","#53 James Lowman - C","#70 Thomas May - RG","#62 Chad Delong - RT",,"#76 Alton Gross - LDE",,"#79 Albert Whitten - DT","#68 Jose Cuervo - DT","#65 James Hall - RDE",,"#93 Andy Hurl - MLB",,"#52 Paul Davis - MLB","#25 Jack Moyer - CB","#23 John Hoover - CB",,"#21 Richard Moore - CB",,"#46 Gary Koh - CB","#33 Pedro Brooks - CB",,,,,,,,,,,,,,,,,,,,,,,,,,,,,,,,,,,,
,0:00,,2,2,3,,,,17,13,"End of half.",,,,,,,,,,,,,,,,,,,,,,,,,,,,,,,,,,,,,,,,,,,,,,,,,,,,,,,,,,,,,,,,,,,,,,
HOU,15:00,"HOU 35",3,6,10,Kickoff,"Kick Return",,17,13,"(15:00) 15-Earl Castro kicks 74 yards from HOU 35 to NYS -9. Touchback.",,,,,,,,,,,,,,,,,,,,,,,,,,,,,,,,,,,,,,"#26 Terrance Shull - RB",,"#83 Jose Bock - WR","#54 Steven Hancock - LT","#44 Tim Carroll - RB","#77 Gerald Allen - RT","#74 Johnny Jones - RDE","#53 Melvin Hall - LT","#60 Royce Hamilton - RG","#51 Earnest Haase - C","#22 Darrell Stevenson - RB","#66 John Harmon - LG","#15 Earl Castro - K",,,,,,,,,,,,,,,,,,,,
NYS,15:00,"NYS 25",3,1,10,"Strong I Normal HB Off Tackle Strong","Goal Line Attack #1",-1,17,13,"1-10-NYS 25 (15:00) 42-James Luna ran to NYS 24 for -1 yards. Tackle by 94-Gorilla Monsoon.","#4 Jamie Orman - QB","#42 James Luna - RB",,,"#44 Tim Carroll - RB","#22 Darrell Stevenson - RB",,"#84 Charles Conlon - WR",,"#80 Perry Nelson - WR",,,"#53 Melvin Hall - LT","#66 John Harmon - LG","#51 Earnest Haase - C","#59 Michael Macias - RG","#77 Gerald Allen - RT",,"#26 Jeffery Hebert - CB","#80 Rudolph Maxwell - CB","#99 Bubba Thornton - CB","#8 Jim ""Anvil"" Neidhart - P","#60 Ralph Taylor - CB","#52 James Bates - CB","#94 Gorilla Monsoon - CB",,"#22 Donald Brown - CB","#32 Jose Eger - CB","#59 Mark Jenkins - CB",,,,"#92 Perry Cuthbertson - CB",,,,,,,,,,,,,,,,,,,,,,,,,,,,,,,,,,,,,
NYS,14:28,"NYS 24",3,2,11,"Shotgun Normal HB Flare","Goal Line Attack #1",14,17,13,"2-11-NYS 24 (14:27) 4-Jamie Orman pass complete to 80-Perry Nelson to NYS 38 for 14 yards. Tackle by 27-Greg Teague. 80-Perry Nelson did some fancy footwork there.","#4 Jamie Orman - QB","#42 James Luna - RB",,,,"#22 Darrell Stevenson - RB",,"#18 Israel Yang - WR","#88 Dylan Fryer - WR","#80 Perry Nelson - WR",,,"#53 Melvin Hall - LT","#51 Earnest Haase - C","#66 John Harmon - LG","#59 Michael Macias - RG","#77 Gerald Allen - RT",,"#5 Fast Freddie Foster - FS","#60 Ralph Taylor - CB","#99 Bubba Thornton - CB","#8 Jim ""Anvil"" Neidhart - P","#26 Jeffery Hebert - CB","#25 Sven Blackthorn - CB","#94 Gorilla Monsoon - CB",,"#55 Greg The Hammer Valentine - CB","#49 Robert Patton - CB","#27 Greg Teague - CB",,,,"#32 Jose Eger - CB",,,,,,,,,,,,,,,,,,,,,,,,,,,,,,,,,,,,,
NYS,13:43,"NYS 38",3,1,10,"Shotgun Normal TE Out","Goal Line Attack #1",-8,17,13,"1-10-NYS 38 (13:42) (Hot Read) 4-Jamie Orman pass complete to 42-James Luna to NYS 30 for -8 yards. Tackle by 22-Donald Brown. Pressure by 22-Donald Brown.","#4 Jamie Orman - QB","#42 James Luna - RB",,,,"#22 Darrell Stevenson - RB",,"#18 Israel Yang - WR","#88 Dylan Fryer - WR","#80 Perry Nelson - WR",,,"#53 Melvin Hall - LT","#66 John Harmon - LG","#51 Earnest Haase - C","#59 Michael Macias - RG","#77 Gerald Allen - RT",,"#5 Fast Freddie Foster - FS","#60 Ralph Taylor - CB","#99 Bubba Thornton - CB","#8 Jim ""Anvil"" Neidhart - P","#26 Jeffery Hebert - CB","#97 S. D. Jones - CB","#94 Gorilla Monsoon - CB",,"#22 Donald Brown - CB","#49 Robert Patton - CB","#27 Greg Teague - CB",,,,"#32 Jose Eger - CB",,,,,,,,,,,,,,,,,,,,,,,,,,,,,,,,,,,,,
NYS,13:01,"NYS 30",3,2,18,"I Formation Normal HB Blast","Goal Line Attack #1",3,17,13,"2-18-NYS 30 (13:00) 20-Robert Hooper ran to NYS 33 for 3 yards. Tackle by 94-Gorilla Monsoon.","#4 Jamie Orman - QB","#20 Robert Hooper - WR",,,"#44 Tim Carroll - RB","#22 Darrell Stevenson - RB",,"#80 Perry Nelson - WR",,"#88 Dylan Fryer - WR",,,"#53 Melvin Hall - LT","#66 John Harmon - LG","#51 Earnest Haase - C","#59 Michael Macias - RG","#77 Gerald Allen - RT",,"#5 Fast Freddie Foster - FS","#60 Ralph Taylor - CB","#99 Bubba Thornton - CB","#8 Jim ""Anvil"" Neidhart - P","#26 Jeffery Hebert - CB","#97 S. D. Jones - CB","#94 Gorilla Monsoon - CB",,"#55 Greg The Hammer Valentine - CB","#25 Sven Blackthorn - CB","#98 Charles Huff - CB",,,,"#32 Jose Eger - CB",,,,,,,,,,,,,,,,,,,,,,,,,,,,,,,,,,,,,
NYS,12:20,"NYS 33",3,3,15,"Shotgun Normal HB Flare","Goal Line Attack #1",16,17,13,"3-15-NYS 33 (12:19) 4-Jamie Orman pass complete to 22-Darrell Stevenson to NYS 50 for 16 yards. Tackle by 49-Robert Patton. Nice job by 22-Darrell Stevenson on that route to lose his coverage. I think the defense might be using that play a bit too frequently.","#4 Jamie Orman - QB","#42 James Luna - RB",,,,"#22 Darrell Stevenson - RB",,"#18 Israel Yang - WR","#88 Dylan Fryer - WR","#80 Perry Nelson - WR",,,"#53 Melvin Hall - LT","#66 John Harmon - LG","#51 Earnest Haase - C","#59 Michael Macias - RG","#77 Gerald Allen - RT",,"#5 Fast Freddie Foster - FS","#60 Ralph Taylor - CB","#99 Bubba Thornton - CB","#8 Jim ""Anvil"" Neidhart - P","#26 Jeffery Hebert - CB","#25 Sven Blackthorn - CB","#94 Gorilla Monsoon - CB",,"#55 Greg The Hammer Valentine - CB","#49 Robert Patton - CB","#27 Greg Teague - CB",,,,"#32 Jose Eger - CB",,,,,,,,,,,,,,,,,,,,,,,,,,,,,,,,,,,,,
NYS,11:34,"NYS 50",3,1,10,"Shotgun Normal HB Flare","Goal Line Attack #1",-10,17,13,"1-10-NYS 50 (11:33) 4-Jamie Orman sacked at NYS 40 for -10 yards (22-Donald Brown). Sack allowed by 20-Robert Hooper.","#4 Jamie Orman - QB","#20 Robert Hooper - WR",,,,"#19 Alvin Eckenrode - WR",,"#18 Israel Yang - WR","#84 Charles Conlon - WR","#88 Dylan Fryer - WR",,,"#53 Melvin Hall - LT","#51 Earnest Haase - C","#66 John Harmon - LG","#59 Michael Macias - RG","#77 Gerald Allen - RT",,"#5 Fast Freddie Foster - FS","#60 Ralph Taylor - CB","#99 Bubba Thornton - CB","#8 Jim ""Anvil"" Neidhart - P","#26 Jeffery Hebert - CB","#25 Sven Blackthorn - CB","#52 James Bates - CB",,"#22 Donald Brown - CB","#49 Robert Patton - CB","#27 Greg Teague - CB",,,,"#32 Jose Eger - CB",,,,,,,,,,,,,,,,,,,,,,,,,,,,,,,,,,,,,
NYS,10:51,"NYS 40",3,2,20,"I Formation Normal PA Fullback Flat","Goal Line Attack #1",6,17,13,"2-20-NYS 40 (10:50) 4-Jamie Orman pass complete to 22-Darrell Stevenson to NYS 46 for 6 yards. Tackle by 25-Sven Blackthorn.","#4 Jamie Orman - QB","#20 Robert Hooper - WR",,,"#44 Tim Carroll - RB","#22 Darrell Stevenson - RB",,"#80 Perry Nelson - WR",,"#88 Dylan Fryer - WR",,,"#53 Melvin Hall - LT","#51 Earnest Haase - C","#66 John Harmon - LG","#59 Michael Macias - RG","#77 Gerald Allen - RT",,"#5 Fast Freddie Foster - FS","#60 Ralph Taylor - CB","#99 Bubba Thornton - CB","#8 Jim ""Anvil"" Neidhart - P","#26 Jeffery Hebert - CB","#25 Sven Blackthorn - CB","#94 Gorilla Monsoon - CB",,"#55 Greg The Hammer Valentine - CB","#49 Robert Patton - CB","#27 Greg Teague - CB",,,,"#32 Jose Eger - CB",,,,,,,,,,,,,,,,,,,,,,,,,,,,,,,,,,,,,
NYS,10:18,"NYS 46",3,3,14,"Shotgun Normal HB Flare","Goal Line Attack #1",13,17,13,"3-14-NYS 46 (10:17) 4-Jamie Orman pass complete to 88-Dylan Fryer to HOU 41 for 13 yards. Tackle by 25-Sven Blackthorn. Great move by 88-Dylan Fryer to get free of his coverage.","#4 Jamie Orman - QB","#42 James Luna - RB",,,,"#22 Darrell Stevenson - RB",,"#18 Israel Yang - WR","#88 Dylan Fryer - WR","#80 Perry Nelson - WR",,,"#53 Melvin Hall - LT","#51 Earnest Haase - C","#66 John Harmon - LG","#59 Michael Macias - RG","#77 Gerald Allen - RT",,"#5 Fast Freddie Foster - FS","#60 Ralph Taylor - CB","#99 Bubba Thornton - CB","#8 Jim ""Anvil"" Neidhart - P","#26 Jeffery Hebert - CB","#25 Sven Blackthorn - CB","#94 Gorilla Monsoon - CB",,"#55 Greg The Hammer Valentine - CB","#49 Robert Patton - CB","#27 Greg Teague - CB",,,,"#32 Jose Eger - CB",,,,,,,,,,,,,,,,,,,,,,,,,,,,,,,,,,,,,
NYS,9:36,"HOU 41",3,4,1,Punt,"Punt Return",,17,13,"4-1-HOU 41 (9:35) 3-John Volpe punts 31 yards to HOU 10. Fair Catch by 26-Jeffery Hebert.",,,,,,,,,,,,,,,,,,"#3 John Volpe - P",,,,,,,,,,,,,,,,,,,"#54 Steven Hancock - LT",,"#26 Jeffery Hebert - CB",,,"#97 S. D. Jones - CB","#85 Lex Luger - WR","#25 Sven Blackthorn - CB",,"#55 Greg The Hammer Valentine - CB","#44 Edward Young - CB",,"#27 Greg Teague - CB",,,,"#77 Gerald Allen - RT","#93 Andy Hurl - MLB","#56 Matthew Shook - MLB","#99 Thomas Hernandez - MLB","#50 Frank Baker - MLB","#53 Melvin Hall - LT",,"#22 Donald Brown - CB","#5 Fast Freddie Foster - FS","#92 Perry Cuthbertson - CB","#98 Charles Huff - CB",,,,,,,
HOU,9:27,"HOU 10",3,1,10,"Weak I Big WR Post TE Out","Goal Line Attack #2",11,17,13,"1-10-HOU 10 (9:28) 9-Dale Baber pass complete to 12-Harley Race to HOU 22 for 11 yards. Tackle by 46-Gary Koh. HOU 30-Cecil Phillips was injured on the play. He looks like he should be able to return.","#9 Dale Baber - QB","#89 Randy Savage - WR",,,"#30 Cecil Phillips - WR","#10 John Casella - WR","#12 Harley Race - WR","#17 Agustin Fiecke - WR",,,,,"#78 John McDougall - LT","#82 Edwin Richert - LG","#53 James Lowman - C","#70 Thomas May - RG","#62 Chad Delong - RT",,"#76 Alton Gross - LDE","#75 Jeremy Johnson - LDE","#79 Albert Whitten - DT","#68 Jose Cuervo - DT","#74 Johnny Jones - RDE","#93 Andy Hurl - MLB","#52 Paul Davis - MLB",,"#99 Thomas Hernandez - MLB","#25 Jack Moyer - CB","#31 T. T. Texas - CB",,,,"#46 Gary Koh - CB",,,,,,,,,,,,,,,,,,,,,,,,,,,,,,,,,,,,,
HOU,8:54,"HOU 22",3,1,10,"Shotgun Normal HB Flare","Nickel Normal Man Zone",31,17,13,"1-10-HOU 22 (8:53) 9-Dale Baber pass complete to 89-Randy Savage to NYS 47 for 31 yards.","#9 Dale Baber - QB","#89 Randy Savage - WR",,,,"#85 Lex Luger - WR",,"#86 Joseph Bradley - WR","#12 Harley Race - WR","#17 Agustin Fiecke - WR",,,"#78 John McDougall - LT","#82 Edwin Richert - LG","#53 James Lowman - C","#70 Thomas May - RG","#62 Chad Delong - RT",,"#76 Alton Gross - LDE",,"#79 Albert Whitten - DT","#68 Jose Cuervo - DT","#74 Johnny Jones - RDE",,"#52 Paul Davis - MLB",,"#56 Matthew Shook - MLB","#25 Jack Moyer - CB","#46 Gary Koh - CB",,"#31 T. T. Texas - CB",,"#21 Richard Moore - CB","#33 Pedro Brooks - CB",,,,,,,,,,,,,,,,,,,,,,,,,,,,,,,,,,,,
HOU,8:04,"NYS 47",3,1,10,"Goal Line Normal PA TE Drag","Goal Line 3 Deep Man",2,17,13,"1-10-NYS 47 (8:03) 9-Dale Baber pass complete to 82-Edwin Richert to NYS 45 for 2 yards. Tackle by 74-Johnny Jones.","#9 Dale Baber - QB","#33 Mark Merlo - WR",,"#88 Marcus Taing - C","#82 Edwin Richert - LG","#10 John Casella - WR","#84 Randall Guenther - WR",,,,,,"#78 John McDougall - LT","#58 Richard Scott - LT","#53 James Lowman - C","#70 Thomas May - RG","#62 Chad Delong - RT",,"#75 Jeremy Johnson - LDE","#90 John Conley - RDE","#68 Jose Cuervo - DT","#96 William Sanchez - DT","#74 Johnny Jones - RDE","#99 Thomas Hernandez - MLB","#93 Andy Hurl - MLB",,"#50 Frank Baker - MLB","#21 Richard Moore - CB","#23 John Hoover - CB",,,,"#30 Willy Atkins - CB",,,,,,,,,,,,,,,,,,,,,,,,,,,,,,,,,,,,,
HOU,7:27,"NYS 45",3,2,8,"I Formation Normal HB Dive","4-3 Normal Double WR3",5,17,13,"2-8-NYS 45 (7:26) 33-Mark Merlo ran to NYS 40 for 5 yards. Tackle by 93-Andy Hurl.","#9 Dale Baber - QB","#33 Mark Merlo - WR",,,"#82 Edwin Richert - LG","#12 Harley Race - WR",,"#10 John Casella - WR",,"#84 Randall Guenther - WR",,,"#78 John McDougall - LT","#58 Richard Scott - LT","#53 James Lowman - C","#70 Thomas May - RG","#62 Chad Delong - RT",,"#76 Alton Gross - LDE",,"#79 Albert Whitten - DT","#68 Jose Cuervo - DT","#74 Johnny Jones - RDE","#93 Andy Hurl - MLB","#50 Frank Baker - MLB",,"#56 Matthew Shook - MLB","#30 Willy Atkins - CB","#23 John Hoover - CB",,,,"#21 Richard Moore - CB","#33 Pedro Brooks - CB",,,,,,,,,,,,,,,,,,,,,,,,,,,,,,,,,,,,
HOU,6:45,"NYS 40",3,3,3,"I Formation Power PA Flats","Goal Line 3 Deep Man",4,17,13,"3-3-NYS 40 (6:44) 9-Dale Baber pass complete to 85-Lex Luger to NYS 36 for 4 yards.","#9 Dale Baber - QB","#33 Mark Merlo - WR",,"#81 Leonard Gentry - WR","#82 Edwin Richert - LG","#85 Lex Luger - WR",,"#12 Harley Race - WR",,,,,"#78 John McDougall - LT","#58 Richard Scott - LT","#53 James Lowman - C","#70 Thomas May - RG","#62 Chad Delong - RT",,"#76 Alton Gross - LDE","#75 Jeremy Johnson - LDE","#79 Albert Whitten - DT","#68 Jose Cuervo - DT","#74 Johnny Jones - RDE","#93 Andy Hurl - MLB","#52 Paul Davis - MLB",,"#56 Matthew Shook - MLB","#25 Jack Moyer - CB","#46 Gary Koh - CB",,,,"#21 Richard Moore - CB",,,,,,,,,,,,,,,,,,,,,,,,,,,,,,,,,,,,,
HOU,6:08,"NYS 36",3,1,10,"Goal Line Normal PA TE Drag","Goal Line Attack #2",,17,13,"1-10-NYS 36 (6:07) 9-Dale Baber pass Pass knocked down by 46-Gary Koh. incomplete, intended for 10-John Casella. 46-Gary Koh got away with a hold on that play.","#9 Dale Baber - QB","#33 Mark Merlo - WR",,"#12 Harley Race - WR","#84 Randall Guenther - WR","#85 Lex Luger - WR","#10 John Casella - WR",,,,,,"#78 John McDougall - LT","#82 Edwin Richert - LG","#53 James Lowman - C","#70 Thomas May - RG","#62 Chad Delong - RT",,"#76 Alton Gross - LDE","#75 Jeremy Johnson - LDE","#79 Albert Whitten - DT","#68 Jose Cuervo - DT","#74 Johnny Jones - RDE","#93 Andy Hurl - MLB","#50 Frank Baker - MLB",,"#99 Thomas Hernandez - MLB","#25 Jack Moyer - CB","#46 Gary Koh - CB",,,,"#21 Richard Moore - CB",,,,,,,,,,,,,,,,,,,,,,,,,,,,,,,,,,,,,
HOU,6:04,"NYS 36",3,2,10,"Goal Line Normal PA TE Drag","Goal Line 3 Deep Man",,17,13,"2-10-NYS 36 (6:05) 9-Dale Baber pass incomplete, dropped by 85-Lex Luger.","#9 Dale Baber - QB","#33 Mark Merlo - WR",,"#12 Harley Race - WR","#84 Randall Guenther - WR","#85 Lex Luger - WR","#89 Randy Savage - WR",,,,,,"#78 John McDougall - LT","#82 Edwin Richert - LG","#53 James Lowman - C","#70 Thomas May - RG","#62 Chad Delong - RT",,"#76 Alton Gross - LDE","#75 Jeremy Johnson - LDE","#79 Albert Whitten - DT","#68 Jose Cuervo - DT","#74 Johnny Jones - RDE","#93 Andy Hurl - MLB","#52 Paul Davis - MLB",,"#56 Matthew Shook - MLB","#25 Jack Moyer - CB","#46 Gary Koh - CB",,,,"#21 Richard Moore - CB",,,,,,,,,,,,,,,,,,,,,,,,,,,,,,,,,,,,,
HOU,6:01,"NYS 36",3,3,10,"Weak I Normal WR Corner TE Middle","4-3 Normal Double WR3",17,17,13,"3-10-NYS 36 (6:02) 9-Dale Baber pass complete to 33-Mark Merlo to NYS 19 for 17 yards.","#9 Dale Baber - QB","#33 Mark Merlo - WR",,,"#82 Edwin Richert - LG","#10 John Casella - WR",,"#17 Agustin Fiecke - WR",,"#81 Leonard Gentry - WR",,,"#78 John McDougall - LT","#58 Richard Scott - LT","#53 James Lowman - C","#70 Thomas May - RG","#62 Chad Delong - RT",,"#76 Alton Gross - LDE",,"#79 Albert Whitten - DT","#68 Jose Cuervo - DT","#74 Johnny Jones - RDE","#93 Andy Hurl - MLB","#52 Paul Davis - MLB",,"#56 Matthew Shook - MLB","#31 T. T. Texas - CB","#30 Willy Atkins - CB",,,,"#46 Gary Koh - CB","#33 Pedro Brooks - CB",,,,,,,,,,,,,,,,,,,,,,,,,,,,,,,,,,,,
HOU,5:26,"NYS 19",3,1,10,"I Formation Normal HB Dive","4-3 Normal Double WR3",-0,17,13,"1-10-NYS 19 (5:25) 89-Randy Savage ran to NYS 19 for a short loss. Tackle by 56-Matthew Shook.","#9 Dale Baber - QB","#89 Randy Savage - WR",,,"#30 Cecil Phillips - WR","#12 Harley Race - WR",,"#10 John Casella - WR",,"#84 Randall Guenther - WR",,,"#78 John McDougall - LT","#82 Edwin Richert - LG","#53 James Lowman - C","#70 Thomas May - RG","#62 Chad Delong - RT",,"#76 Alton Gross - LDE",,"#79 Albert Whitten - DT","#68 Jose Cuervo - DT","#74 Johnny Jones - RDE","#99 Thomas Hernandez - MLB","#50 Frank Baker - MLB",,"#56 Matthew Shook - MLB","#25 Jack Moyer - CB","#30 Willy Atkins - CB",,,,"#21 Richard Moore - CB","#33 Pedro Brooks - CB",,,,,,,,,,,,,,,,,,,,,,,,,,,,,,,,,,,,
HOU,4:48,"NYS 19",3,2,10,"I Formation 3WR PA Fullback Flat","Nickel Blitz Stunt Blitz",3,17,13,"2-10-NYS 19 (4:47) 9-Dale Baber pass complete to 85-Lex Luger to NYS 16 for 3 yards. Tackle by 33-Pedro Brooks.","#9 Dale Baber - QB","#89 Randy Savage - WR",,,"#30 Cecil Phillips - WR",,,"#17 Agustin Fiecke - WR","#85 Lex Luger - WR","#12 Harley Race - WR",,,"#78 John McDougall - LT","#82 Edwin Richert - LG","#53 James Lowman - C","#70 Thomas May - RG","#62 Chad Delong - RT",,"#76 Alton Gross - LDE",,"#79 Albert Whitten - DT","#68 Jose Cuervo - DT","#75 Jeremy Johnson - LDE",,"#99 Thomas Hernandez - MLB",,"#50 Frank Baker - MLB","#25 Jack Moyer - CB","#31 T. T. Texas - CB",,"#30 Willy Atkins - CB",,"#21 Richard Moore - CB","#33 Pedro Brooks - CB",,,,,,,,,,,,,,,,,,,,,,,,,,,,,,,,,,,,
HOU,4:10,"NYS 16",3,3,7,"Split Backs Normal Posts","4-3 Under Crash Right",12,17,13,"3-7-NYS 16 (4:09) 9-Dale Baber pass complete to 85-Lex Luger to NYS 4 for 12 yards. Tackle by 25-Jack Moyer.","#9 Dale Baber - QB","#89 Randy Savage - WR",,,"#30 Cecil Phillips - WR","#85 Lex Luger - WR",,"#17 Agustin Fiecke - WR",,"#12 Harley Race - WR",,,"#78 John McDougall - LT","#82 Edwin Richert - LG","#53 James Lowman - C","#70 Thomas May - RG","#62 Chad Delong - RT",,"#76 Alton Gross - LDE",,"#79 Albert Whitten - DT","#68 Jose Cuervo - DT","#74 Johnny Jones - RDE","#93 Andy Hurl - MLB","#52 Paul Davis - MLB",,"#56 Matthew Shook - MLB","#25 Jack Moyer - CB","#46 Gary Koh - CB",,,,"#21 Richard Moore - CB","#33 Pedro Brooks - CB",,,,,,,,,,,,,,,,,,,,,,,,,,,,,,,,,,,,
HOU,3:34,"NYS 4",3,1,4,"Split Backs Normal Posts","4-3 Normal Zone Blitz",4,17,19,"1-4-NYS 4 (3:33) 9-Dale Baber pass complete to 33-Mark Merlo for 4 yards. TOUCHDOWN! NYS 17 HOU 19","#9 Dale Baber - QB","#33 Mark Merlo - WR",,,"#82 Edwin Richert - LG","#10 John Casella - WR",,"#12 Harley Race - WR",,"#81 Leonard Gentry - WR",,,"#78 John McDougall - LT","#58 Richard Scott - LT","#53 James Lowman - C","#70 Thomas May - RG","#62 Chad Delong - RT",,"#76 Alton Gross - LDE",,"#79 Albert Whitten - DT","#68 Jose Cuervo - DT","#74 Johnny Jones - RDE","#93 Andy Hurl - MLB","#52 Paul Davis - MLB",,"#56 Matthew Shook - MLB","#25 Jack Moyer - CB","#46 Gary Koh - CB",,,,"#21 Richard Moore - CB","#33 Pedro Brooks - CB",,,,,,,,,,,,,,,,,,,,,,,,,,,,,,,,,,,,
HOU,3:28,"NYS 15",3,7,15,"Field Goal","FG Block",26,17,20,"(3:29) Extra point GOOD by 15-Earl Castro. NYS 17 HOU 20",,,,,,,,,,,,,,,,,,,,,,,,,,,,,,,,,,,,"#18 Guillermo Benoit - QB","#88 Marcus Taing - C",,,,,,,,,,,,,,"#15 Earl Castro - K","#62 Chad Delong - RT","#70 Thomas May - RG","#53 James Lowman - C","#82 Edwin Richert - LG","#58 Richard Scott - LT","#78 John McDougall - LT","#30 Cecil Phillips - WR","#76 Robert Jean - RG","#74 Johnny Jones - RDE","#96 William Sanchez - DT","#90 John Conley - RDE","#26 Terrance Shull - RB","#20 Robert Hooper - WR","#75 Jeremy Johnson - LDE","#77 Gerald Allen - RT","#94 Randy James - LDE","#99 Thomas Hernandez - MLB","#76 Alton Gross - LDE","#83 Jose Bock - WR"
HOU,3:28,"HOU 35",3,6,10,Kickoff,"Kick Return",,17,20,"(3:29) 15-Earl Castro kicks 72 yards from HOU 35 to NYS -7. Touchback.",,,,,,,,,,,,,,,,,,,,,,,,,,,,,,,,,,,,,,"#26 Terrance Shull - RB",,"#83 Jose Bock - WR","#54 Steven Hancock - LT","#44 Tim Carroll - RB","#77 Gerald Allen - RT","#74 Johnny Jones - RDE","#53 Melvin Hall - LT","#60 Royce Hamilton - RG","#51 Earnest Haase - C","#22 Darrell Stevenson - RB","#66 John Harmon - LG","#15 Earl Castro - K",,,,,,,,,,,,,,,,,,,,
NYS,3:28,"NYS 25",3,1,10,"Singleback Big Off Tackle Strong","Goal Line Attack #1",,17,20,"1-10-NYS 25 (3:29) 42-James Luna ran to NYS 25 for a short gain. Tackle by 80-Rudolph Maxwell.","#4 Jamie Orman - QB","#42 James Luna - RB",,,,"#88 Dylan Fryer - WR","#22 Darrell Stevenson - RB","#80 Perry Nelson - WR",,"#84 Charles Conlon - WR",,,"#53 Melvin Hall - LT","#51 Earnest Haase - C","#66 John Harmon - LG","#59 Michael Macias - RG","#77 Gerald Allen - RT",,"#26 Jeffery Hebert - CB","#80 Rudolph Maxwell - CB","#99 Bubba Thornton - CB","#8 Jim ""Anvil"" Neidhart - P","#60 Ralph Taylor - CB","#52 James Bates - CB","#94 Gorilla Monsoon - CB",,"#22 Donald Brown - CB","#92 Perry Cuthbertson - CB","#59 Mark Jenkins - CB",,,,"#32 Jose Eger - CB",,,,,,,,,,,,,,,,,,,,,,,,,,,,,,,,,,,,,
NYS,2:46,"NYS 25",3,2,10,"I Formation 3WR WR Out","Goal Line Attack #1",,17,20,"2-10-NYS 25 (2:45) 4-Jamie Orman pass incomplete, dropped by 88-Dylan Fryer.","#4 Jamie Orman - QB","#20 Robert Hooper - WR",,,"#44 Tim Carroll - RB",,,"#84 Charles Conlon - WR","#88 Dylan Fryer - WR","#80 Perry Nelson - WR",,,"#53 Melvin Hall - LT","#51 Earnest Haase - C","#66 John Harmon - LG","#59 Michael Macias - RG","#77 Gerald Allen - RT",,"#5 Fast Freddie Foster - FS","#60 Ralph Taylor - CB","#99 Bubba Thornton - CB","#8 Jim ""Anvil"" Neidhart - P","#26 Jeffery Hebert - CB","#25 Sven Blackthorn - CB","#94 Gorilla Monsoon - CB",,"#55 Greg The Hammer Valentine - CB","#49 Robert Patton - CB","#27 Greg Teague - CB",,,,"#32 Jose Eger - CB",,,,,,,,,,,,,,,,,,,,,,,,,,,,,,,,,,,,,
NYS,2:41,"NYS 25",3,3,10,"I Formation 3WR FL Post","Goal Line Attack #1",23,17,20,"3-10-NYS 25 (2:42) 4-Jamie Orman pass complete to 80-Perry Nelson to NYS 48 for 23 yards. Tackle by 27-Greg Teague. 80-Perry Nelson breaks down the CB. If the defense doesn't start mixing up their plays a bit more we might see more big gains like that one.","#4 Jamie Orman - QB","#42 James Luna - RB",,,"#44 Tim Carroll - RB",,,"#84 Charles Conlon - WR","#88 Dylan Fryer - WR","#80 Perry Nelson - WR",,,"#53 Melvin Hall - LT","#51 Earnest Haase - C","#66 John Harmon - LG","#59 Michael Macias - RG","#77 Gerald Allen - RT",,"#5 Fast Freddie Foster - FS","#60 Ralph Taylor - CB","#99 Bubba Thornton - CB","#8 Jim ""Anvil"" Neidhart - P","#26 Jeffery Hebert - CB","#25 Sven Blackthorn - CB","#94 Gorilla Monsoon - CB",,"#55 Greg The Hammer Valentine - CB","#49 Robert Patton - CB","#27 Greg Teague - CB",,,,"#32 Jose Eger - CB",,,,,,,,,,,,,,,,,,,,,,,,,,,,,,,,,,,,,
NYS,1:59,"NYS 48",3,1,10,"Strong I Normal HB Off Tackle Strong","Goal Line Attack #1",1,17,20,"1-10-NYS 48 (1:58) 20-Robert Hooper ran to NYS 49 for 1 yards. Tackle by 25-Sven Blackthorn.","#4 Jamie Orman - QB","#20 Robert Hooper - WR",,,"#44 Tim Carroll - RB","#22 Darrell Stevenson - RB",,"#84 Charles Conlon - WR",,"#88 Dylan Fryer - WR",,,"#53 Melvin Hall - LT","#51 Earnest Haase - C","#66 John Harmon - LG","#59 Michael Macias - RG","#77 Gerald Allen - RT",,"#5 Fast Freddie Foster - FS","#60 Ralph Taylor - CB","#99 Bubba Thornton - CB","#8 Jim ""Anvil"" Neidhart - P","#26 Jeffery Hebert - CB","#25 Sven Blackthorn - CB","#94 Gorilla Monsoon - CB",,"#55 Greg The Hammer Valentine - CB","#32 Jose Eger - CB","#98 Charles Huff - CB",,,,"#92 Perry Cuthbertson - CB",,,,,,,,,,,,,,,,,,,,,,,,,,,,,,,,,,,,,
NYS,1:24,"NYS 49",3,2,9,"Singleback Big Off Tackle Strong","Goal Line Attack #1",5,17,20,"2-9-NYS 49 (1:23) 42-James Luna ran to HOU 49 for 3 yards. 42-James Luna FUMBLES (32-Jose Eger) recovered by NYS-42-James Luna at HOU 46. Tackle by 94-Gorilla Monsoon. PENALTY - Holding (NYS 59-Michael Macias)","#4 Jamie Orman - QB","#42 James Luna - RB",,,,"#88 Dylan Fryer - WR","#22 Darrell Stevenson - RB","#80 Perry Nelson - WR",,"#84 Charles Conlon - WR",,,"#53 Melvin Hall - LT","#66 John Harmon - LG","#51 Earnest Haase - C","#59 Michael Macias - RG","#77 Gerald Allen - RT",,"#5 Fast Freddie Foster - FS","#60 Ralph Taylor - CB","#99 Bubba Thornton - CB","#8 Jim ""Anvil"" Neidhart - P","#26 Jeffery Hebert - CB","#25 Sven Blackthorn - CB","#94 Gorilla Monsoon - CB",,"#55 Greg The Hammer Valentine - CB","#49 Robert Patton - CB","#27 Greg Teague - CB",,,,"#32 Jose Eger - CB",,,,,,,,,,,,,,,,,,,,,,,,,,,,,,,,,,,,,
NYS,1:17,"NYS 39",3,2,19,"I Formation Power HB Dive Weak","Goal Line Attack #1",7,17,20,"2-19-NYS 39 (1:18) 20-Robert Hooper ran to NYS 45 for 7 yards. Tackle by 98-Charles Huff.","#4 Jamie Orman - QB","#20 Robert Hooper - WR",,"#26 Terrance Shull - RB","#44 Tim Carroll - RB","#22 Darrell Stevenson - RB",,"#88 Dylan Fryer - WR",,,,,"#53 Melvin Hall - LT","#51 Earnest Haase - C","#66 John Harmon - LG","#59 Michael Macias - RG","#77 Gerald Allen - RT",,"#5 Fast Freddie Foster - FS","#60 Ralph Taylor - CB","#99 Bubba Thornton - CB","#8 Jim ""Anvil"" Neidhart - P","#26 Jeffery Hebert - CB","#97 S. D. Jones - CB","#52 James Bates - CB",,"#55 Greg The Hammer Valentine - CB","#49 Robert Patton - CB","#98 Charles Huff - CB",,,,"#32 Jose Eger - CB",,,,,,,,,,,,,,,,,,,,,,,,,,,,,,,,,,,,,
NYS,0:35,"NYS 45",3,3,13,"Shotgun Normal HB Flare","Goal Line Attack #1",,17,20,"3-13-NYS 45 (0:34) 4-Jamie Orman pass incomplete, dropped by 88-Dylan Fryer. Excellent coverage on that play.","#4 Jamie Orman - QB","#20 Robert Hooper - WR",,,,"#22 Darrell Stevenson - RB",,"#18 Israel Yang - WR","#88 Dylan Fryer - WR","#80 Perry Nelson - WR",,,"#53 Melvin Hall - LT","#51 Earnest Haase - C","#66 John Harmon - LG","#59 Michael Macias - RG","#77 Gerald Allen - RT",,"#5 Fast Freddie Foster - FS","#60 Ralph Taylor - CB","#99 Bubba Thornton - CB","#8 Jim ""Anvil"" Neidhart - P","#26 Jeffery Hebert - CB","#25 Sven Blackthorn - CB","#94 Gorilla Monsoon - CB",,"#55 Greg The Hammer Valentine - CB","#32 Jose Eger - CB","#27 Greg Teague - CB",,,,"#92 Perry Cuthbertson - CB",,,,,,,,,,,,,,,,,,,,,,,,,,,,,,,,,,,,,
NYS,0:30,"NYS 45",3,4,13,Punt,"Punt Return",49,17,20,"4-13-NYS 45 (0:31) 3-John Volpe punts 49 yards to HOU 6.",,,,,,,,,,,,,,,,,,"#3 John Volpe - P",,,,,,,,,,,,,,,,,,,"#54 Steven Hancock - LT",,"#26 Jeffery Hebert - CB",,,"#27 Greg Teague - CB","#85 Lex Luger - WR","#25 Sven Blackthorn - CB",,"#97 S. D. Jones - CB","#55 Greg The Hammer Valentine - CB",,"#44 Edward Young - CB",,,,"#77 Gerald Allen - RT","#93 Andy Hurl - MLB","#56 Matthew Shook - MLB","#99 Thomas Hernandez - MLB","#50 Frank Baker - MLB","#53 Melvin Hall - LT",,"#22 Donald Brown - CB","#5 Fast Freddie Foster - FS","#92 Perry Cuthbertson - CB","#98 Charles Huff - CB",,,,,,,
HOU,0:23,"HOU 6",3,1,10,"Goal Line Normal HB Pitch Weak","Goal Line 3 Deep Man",7,17,20,"1-10-HOU 6 (0:24) 30-Cecil Phillips ran to HOU 12 for 7 yards. Tackle by 74-Johnny Jones.","#9 Dale Baber - QB","#30 Cecil Phillips - WR",,"#12 Harley Race - WR","#84 Randall Guenther - WR","#10 John Casella - WR","#89 Randy Savage - WR",,,,,,"#78 John McDougall - LT","#82 Edwin Richert - LG","#53 James Lowman - C","#70 Thomas May - RG","#62 Chad Delong - RT",,"#76 Alton Gross - LDE","#75 Jeremy Johnson - LDE","#79 Albert Whitten - DT","#68 Jose Cuervo - DT","#74 Johnny Jones - RDE","#93 Andy Hurl - MLB","#99 Thomas Hernandez - MLB",,"#52 Paul Davis - MLB","#25 Jack Moyer - CB","#31 T. T. Texas - CB",,,,"#46 Gary Koh - CB",,,,,,,,,,,,,,,,,,,,,,,,,,,,,,,,,,,,,
,0:00,,3,2,3,,,,17,20,"End of third quarter.",,,,,,,,,,,,,,,,,,,,,,,,,,,,,,,,,,,,,,,,,,,,,,,,,,,,,,,,,,,,,,,,,,,,,,
HOU,15:00,"HOU 12",4,2,3,"Weak I Normal WR Corner TE Middle","4-3 Normal Man Under 1",28,17,20,"2-3-HOU 12 (15:00) 9-Dale Baber pass complete to 17-Agustin Fiecke to HOU 40 for 28 yards.","#9 Dale Baber - QB","#89 Randy Savage - WR",,,"#82 Edwin Richert - LG","#85 Lex Luger - WR",,"#17 Agustin Fiecke - WR",,"#12 Harley Race - WR",,,"#78 John McDougall - LT","#58 Richard Scott - LT","#53 James Lowman - C","#70 Thomas May - RG","#62 Chad Delong - RT",,"#76 Alton Gross - LDE",,"#79 Albert Whitten - DT","#68 Jose Cuervo - DT","#74 Johnny Jones - RDE","#50 Frank Baker - MLB","#52 Paul Davis - MLB",,"#56 Matthew Shook - MLB","#25 Jack Moyer - CB","#31 T. T. Texas - CB",,,,"#46 Gary Koh - CB","#33 Pedro Brooks - CB",,,,,,,,,,,,,,,,,,,,,,,,,,,,,,,,,,,,
HOU,14:12,"HOU 40",4,1,10,"Shotgun Normal HB Flare","Nickel 3-3-5 3 Deep Zone Under",13,17,20,"1-10-HOU 40 (14:11) 9-Dale Baber pass complete to 33-Mark Merlo to NYS 47 for 13 yards. Tackle by 21-Richard Moore.","#9 Dale Baber - QB","#33 Mark Merlo - WR",,,,"#10 John Casella - WR",,"#86 Joseph Bradley - WR","#14 Bo  Bullet - WR","#81 Leonard Gentry - WR",,,"#78 John McDougall - LT","#82 Edwin Richert - LG","#53 James Lowman - C","#70 Thomas May - RG","#62 Chad Delong - RT",,"#76 Alton Gross - LDE",,"#79 Albert Whitten - DT",,"#75 Jeremy Johnson - LDE","#99 Thomas Hernandez - MLB","#52 Paul Davis - MLB",,"#93 Andy Hurl - MLB","#21 Richard Moore - CB","#25 Jack Moyer - CB",,"#33 Pedro Brooks - CB",,"#30 Willy Atkins - CB","#23 John Hoover - CB",,,,,,,,,,,,,,,,,,,,,,,,,,,,,,,,,,,,
HOU,13:31,"NYS 47",4,1,10,"I Formation Normal HB Dive","4-3 Normal Zone Blitz",9,17,20,"1-10-NYS 47 (13:30) 33-Mark Merlo ran to NYS 38 for 9 yards. Tackle by 46-Gary Koh.","#9 Dale Baber - QB","#33 Mark Merlo - WR",,,"#30 Cecil Phillips - WR","#12 Harley Race - WR",,"#10 John Casella - WR",,"#84 Randall Guenther - WR",,,"#78 John McDougall - LT","#82 Edwin Richert - LG","#53 James Lowman - C","#70 Thomas May - RG","#62 Chad Delong - RT",,"#76 Alton Gross - LDE",,"#79 Albert Whitten - DT","#68 Jose Cuervo - DT","#74 Johnny Jones - RDE","#99 Thomas Hernandez - MLB","#93 Andy Hurl - MLB",,"#50 Frank Baker - MLB","#46 Gary Koh - CB","#31 T. T. Texas - CB",,,,"#21 Richard Moore - CB","#30 Willy Atkins - CB",,,,,,,,,,,,,,,,,,,,,,,,,,,,,,,,,,,,
HOU,12:50,"NYS 38",4,2,1,"I Formation 3WR Slot Short WR Deep","Nickel Normal SS Blitz",-7,17,20,"2-1-NYS 38 (12:49) 9-Dale Baber sacked at NYS 46 for -7 yards (76-Alton Gross). Sack allowed by 62-Chad Delong.","#9 Dale Baber - QB","#89 Randy Savage - WR",,,"#30 Cecil Phillips - WR",,,"#17 Agustin Fiecke - WR","#85 Lex Luger - WR","#12 Harley Race - WR",,,"#78 John McDougall - LT","#82 Edwin Richert - LG","#53 James Lowman - C","#70 Thomas May - RG","#62 Chad Delong - RT",,"#76 Alton Gross - LDE",,"#79 Albert Whitten - DT","#68 Jose Cuervo - DT","#74 Johnny Jones - RDE",,"#93 Andy Hurl - MLB",,"#56 Matthew Shook - MLB","#21 Richard Moore - CB","#30 Willy Atkins - CB",,"#23 John Hoover - CB",,"#31 T. T. Texas - CB","#46 Gary Koh - CB",,,,,,,,,,,,,,,,,,,,,,,,,,,,,,,,,,,,
HOU,12:07,"NYS 46",4,3,9,"I Formation 3WR PA Fullback Flat","Nickel Normal Man Zone",,17,20,"3-9-NYS 46 (12:06) 9-Dale Baber pass complete to 30-Cecil Phillips to NYS 37 for 9 yards. 30-Cecil Phillips FUMBLES (74-Johnny Jones) recovered by NYS-25-Jack Moyer at NYS 37. Tackle by 70-Thomas May.","#9 Dale Baber - QB","#89 Randy Savage - WR",,,"#30 Cecil Phillips - WR",,,"#12 Harley Race - WR","#81 Leonard Gentry - WR","#85 Lex Luger - WR",,,"#78 John McDougall - LT","#82 Edwin Richert - LG","#53 James Lowman - C","#70 Thomas May - RG","#62 Chad Delong - RT",,"#76 Alton Gross - LDE",,"#79 Albert Whitten - DT","#68 Jose Cuervo - DT","#74 Johnny Jones - RDE",,"#52 Paul Davis - MLB",,"#56 Matthew Shook - MLB","#25 Jack Moyer - CB","#23 John Hoover - CB",,"#21 Richard Moore - CB",,"#31 T. T. Texas - CB","#33 Pedro Brooks - CB",,,,,,,,,,,,,,,,,,,,,,,,,,,,,,,,,,,,
NYS,11:59,"NYS 37",4,1,10,"Split Backs Normal TE Curl","Goal Line Attack #1",,17,20,"1-10-NYS 37 (12:00) 4-Jamie Orman pass incomplete, dropped by 22-Darrell Stevenson. Excellent coverage on that play.","#4 Jamie Orman - QB","#42 James Luna - RB",,,"#44 Tim Carroll - RB","#22 Darrell Stevenson - RB",,"#84 Charles Conlon - WR",,"#80 Perry Nelson - WR",,,"#53 Melvin Hall - LT","#66 John Harmon - LG","#51 Earnest Haase - C","#59 Michael Macias - RG","#77 Gerald Allen - RT",,"#5 Fast Freddie Foster - FS","#60 Ralph Taylor - CB","#99 Bubba Thornton - CB","#8 Jim ""Anvil"" Neidhart - P","#26 Jeffery Hebert - CB","#25 Sven Blackthorn - CB","#94 Gorilla Monsoon - CB",,"#55 Greg The Hammer Valentine - CB","#49 Robert Patton - CB","#27 Greg Teague - CB",,,,"#32 Jose Eger - CB",,,,,,,,,,,,,,,,,,,,,,,,,,,,,,,,,,,,,
NYS,11:56,"NYS 37",4,2,10,"I Formation 3WR FL Post","Goal Line Attack #1",,17,20,"2-10-NYS 37 (11:57) 4-Jamie Orman pass incomplete, the ball was thrown away. Pressure by 8-Jim ""Anvil"" Neidhart. PENALTY - Pass Interference (HOU 49-Robert Patton)","#4 Jamie Orman - QB","#20 Robert Hooper - WR",,,"#44 Tim Carroll - RB",,,"#84 Charles Conlon - WR","#88 Dylan Fryer - WR","#80 Perry Nelson - WR",,,"#53 Melvin Hall - LT","#51 Earnest Haase - C","#66 John Harmon - LG","#59 Michael Macias - RG","#77 Gerald Allen - RT",,"#5 Fast Freddie Foster - FS","#60 Ralph Taylor - CB","#99 Bubba Thornton - CB","#8 Jim ""Anvil"" Neidhart - P","#26 Jeffery Hebert - CB","#25 Sven Blackthorn - CB","#94 Gorilla Monsoon - CB",,"#55 Greg The Hammer Valentine - CB","#49 Robert Patton - CB","#27 Greg Teague - CB",,,,"#32 Jose Eger - CB",,,,,,,,,,,,,,,,,,,,,,,,,,,,,,,,,,,,,
NYS,11:52,"NYS 47",4,1,10,"I Formation 3WR HB Inside Strong","Goal Line Attack #1",,17,20,"1-10-NYS 47 (11:53) 42-James Luna ran to NYS 48 for a short gain. Tackle by 55-Greg The Hammer Valentine.","#4 Jamie Orman - QB","#42 James Luna - RB",,,"#44 Tim Carroll - RB",,,"#84 Charles Conlon - WR","#88 Dylan Fryer - WR","#80 Perry Nelson - WR",,,"#53 Melvin Hall - LT","#66 John Harmon - LG","#51 Earnest Haase - C","#59 Michael Macias - RG","#77 Gerald Allen - RT",,"#5 Fast Freddie Foster - FS","#60 Ralph Taylor - CB","#99 Bubba Thornton - CB","#8 Jim ""Anvil"" Neidhart - P","#26 Jeffery Hebert - CB","#25 Sven Blackthorn - CB","#94 Gorilla Monsoon - CB",,"#55 Greg The Hammer Valentine - CB","#49 Robert Patton - CB","#98 Charles Huff - CB",,,,"#32 Jose Eger - CB",,,,,,,,,,,,,,,,,,,,,,,,,,,,,,,,,,,,,
NYS,11:16,"NYS 48",4,2,10,"Strong I Normal HB Off Tackle Strong","Goal Line Attack #1",1,17,20,"2-10-NYS 48 (11:15) 20-Robert Hooper ran to NYS 49 for 1 yards. Tackle by 55-Greg The Hammer Valentine.","#4 Jamie Orman - QB","#20 Robert Hooper - WR",,,"#44 Tim Carroll - RB","#22 Darrell Stevenson - RB",,"#84 Charles Conlon - WR",,"#88 Dylan Fryer - WR",,,"#53 Melvin Hall - LT","#51 Earnest Haase - C","#66 John Harmon - LG","#59 Michael Macias - RG","#77 Gerald Allen - RT",,"#5 Fast Freddie Foster - FS","#60 Ralph Taylor - CB","#99 Bubba Thornton - CB","#8 Jim ""Anvil"" Neidhart - P","#26 Jeffery Hebert - CB","#25 Sven Blackthorn - CB","#94 Gorilla Monsoon - CB",,"#55 Greg The Hammer Valentine - CB","#49 Robert Patton - CB","#27 Greg Teague - CB",,,,"#32 Jose Eger - CB",,,,,,,,,,,,,,,,,,,,,,,,,,,,,,,,,,,,,
NYS,10:40,"NYS 49",4,3,9,"Split Backs Normal TE Curl","Goal Line Attack #1",5,17,20,"3-9-NYS 49 (10:39) 4-Jamie Orman pass complete to 80-Perry Nelson to HOU 46 for 5 yards. Tackle by 27-Greg Teague. 80-Perry Nelson made a great move on the CB.","#4 Jamie Orman - QB","#42 James Luna - RB",,,"#44 Tim Carroll - RB","#22 Darrell Stevenson - RB",,"#84 Charles Conlon - WR",,"#80 Perry Nelson - WR",,,"#53 Melvin Hall - LT","#66 John Harmon - LG","#51 Earnest Haase - C","#59 Michael Macias - RG","#77 Gerald Allen - RT",,"#5 Fast Freddie Foster - FS","#60 Ralph Taylor - CB","#99 Bubba Thornton - CB","#8 Jim ""Anvil"" Neidhart - P","#26 Jeffery Hebert - CB","#25 Sven Blackthorn - CB","#94 Gorilla Monsoon - CB",,"#55 Greg The Hammer Valentine - CB","#49 Robert Patton - CB","#27 Greg Teague - CB",,,,"#32 Jose Eger - CB",,,,,,,,,,,,,,,,,,,,,,,,,,,,,,,,,,,,,
NYS,10:06,"HOU 46",4,4,3,Punt,"Punt Return",39,17,20,"4-3-HOU 46 (10:05) 3-John Volpe punts 39 yards to HOU 7.",,,,,,,,,,,,,,,,,,"#3 John Volpe - P",,,,,,,,,,,,,,,,,,,"#54 Steven Hancock - LT",,"#26 Jeffery Hebert - CB",,,"#27 Greg Teague - CB","#85 Lex Luger - WR","#25 Sven Blackthorn - CB",,"#97 S. D. Jones - CB","#55 Greg The Hammer Valentine - CB",,"#44 Edward Young - CB",,,,"#77 Gerald Allen - RT","#93 Andy Hurl - MLB","#56 Matthew Shook - MLB","#99 Thomas Hernandez - MLB","#50 Frank Baker - MLB","#53 Melvin Hall - LT",,"#22 Donald Brown - CB","#5 Fast Freddie Foster - FS","#92 Perry Cuthbertson - CB","#98 Charles Huff - CB",,,,,,,
HOU,9:57,"HOU 7",4,1,10,"I Formation 3WR PA Fullback Flat","Nickel 3-3-5 3 Deep Zone Under",9,17,20,"1-10-HOU 7 (9:58) 9-Dale Baber pass complete to 81-Leonard Gentry to HOU 16 for 9 yards. Tackle by 93-Andy Hurl.","#9 Dale Baber - QB","#89 Randy Savage - WR",,,"#30 Cecil Phillips - WR",,,"#17 Agustin Fiecke - WR","#81 Leonard Gentry - WR","#12 Harley Race - WR",,,"#78 John McDougall - LT","#82 Edwin Richert - LG","#53 James Lowman - C","#70 Thomas May - RG","#62 Chad Delong - RT",,"#76 Alton Gross - LDE",,"#79 Albert Whitten - DT",,"#75 Jeremy Johnson - LDE","#93 Andy Hurl - MLB","#52 Paul Davis - MLB",,"#56 Matthew Shook - MLB","#25 Jack Moyer - CB","#31 T. T. Texas - CB",,"#23 John Hoover - CB",,"#46 Gary Koh - CB","#33 Pedro Brooks - CB",,,,,,,,,,,,,,,,,,,,,,,,,,,,,,,,,,,,
HOU,9:18,"HOU 16",4,2,1,"Weak I Normal WR Corner TE Middle","4-3 Normal Man Under 1",,17,20,"2-1-HOU 16 (9:17) 9-Dale Baber pass Pass knocked down by 33-Pedro Brooks. incomplete, intended for 10-John Casella. Pressure by 79-Albert Whitten.","#9 Dale Baber - QB","#33 Mark Merlo - WR",,,"#82 Edwin Richert - LG","#10 John Casella - WR",,"#17 Agustin Fiecke - WR",,"#12 Harley Race - WR",,,"#78 John McDougall - LT","#58 Richard Scott - LT","#53 James Lowman - C","#70 Thomas May - RG","#62 Chad Delong - RT",,"#76 Alton Gross - LDE",,"#79 Albert Whitten - DT","#68 Jose Cuervo - DT","#74 Johnny Jones - RDE","#99 Thomas Hernandez - MLB","#52 Paul Davis - MLB",,"#50 Frank Baker - MLB","#25 Jack Moyer - CB","#31 T. T. Texas - CB",,,,"#46 Gary Koh - CB","#33 Pedro Brooks - CB",,,,,,,,,,,,,,,,,,,,,,,,,,,,,,,,,,,,
HOU,9:12,"HOU 16",4,3,1,"Weak I Big WR Post TE Out","46 Normal Inside Blitz",-8,17,20,"3-1-HOU 16 (9:13) 9-Dale Baber sacked at HOU 8 for -8 yards (76-Alton Gross). Sack allowed by 62-Chad Delong.","#9 Dale Baber - QB","#89 Randy Savage - WR",,,"#30 Cecil Phillips - WR","#10 John Casella - WR","#84 Randall Guenther - WR","#85 Lex Luger - WR",,,,,"#78 John McDougall - LT","#82 Edwin Richert - LG","#53 James Lowman - C","#70 Thomas May - RG","#62 Chad Delong - RT",,"#76 Alton Gross - LDE",,"#79 Albert Whitten - DT","#68 Jose Cuervo - DT","#74 Johnny Jones - RDE","#99 Thomas Hernandez - MLB","#52 Paul Davis - MLB",,"#56 Matthew Shook - MLB","#30 Willy Atkins - CB","#23 John Hoover - CB",,,,"#21 Richard Moore - CB","#33 Pedro Brooks - CB",,,,,,,,,,,,,,,,,,,,,,,,,,,,,,,,,,,,
HOU,8:37,"HOU 8",4,4,9,Punt,"Punt Return",,17,20,"4-9-HOU 8 (8:36) 1-Lawrence Kraker punts 50 yards to NYS 42. Fair Catch by 26-Terrance Shull. HOU 53-James Lowman was injured on the play.",,,,,,,,,,,,,,,,,,"#1 Lawrence Kraker - P",,,,,,,,,,,,,,,,,,,"#88 Marcus Taing - C",,"#26 Terrance Shull - RB",,,"#22 Darrell Stevenson - RB","#53 Melvin Hall - LT","#83 Jose Bock - WR",,"#54 Steven Hancock - LT","#44 Tim Carroll - RB",,"#66 John Harmon - LG",,,,"#70 Thomas May - RG","#53 James Lowman - C","#82 Edwin Richert - LG","#58 Richard Scott - LT","#78 John McDougall - LT","#30 Cecil Phillips - WR",,"#90 John Conley - RDE","#96 William Sanchez - DT","#77 Gerald Allen - RT","#74 Johnny Jones - RDE",,,,,,,
NYS,8:29,"NYS 42",4,1,10,"Singleback Big Off Tackle Strong","Goal Line Attack #1",-0,17,20,"1-10-NYS 42 (8:30) 42-James Luna ran to NYS 42 for a short loss. Tackle by 94-Gorilla Monsoon.","#4 Jamie Orman - QB","#42 James Luna - RB",,,,"#88 Dylan Fryer - WR","#19 Alvin Eckenrode - WR","#80 Perry Nelson - WR",,"#84 Charles Conlon - WR",,,"#67 Scott Montano - RT","#60 Royce Hamilton - RG","#51 Earnest Haase - C","#59 Michael Macias - RG","#62 Reginald Gridley - RG",,"#5 Fast Freddie Foster - FS","#60 Ralph Taylor - CB","#99 Bubba Thornton - CB","#8 Jim ""Anvil"" Neidhart - P","#26 Jeffery Hebert - CB","#97 S. D. Jones - CB","#94 Gorilla Monsoon - CB",,"#55 Greg The Hammer Valentine - CB","#49 Robert Patton - CB","#98 Charles Huff - CB",,,,"#32 Jose Eger - CB",,,,,,,,,,,,,,,,,,,,,,,,,,,,,,,,,,,,,
NYS,7:56,"NYS 42",4,2,10,"Singleback Big Corner Ins","Goal Line Attack #1",-1,17,20,"2-10-NYS 42 (7:55) (Hot Read) 4-Jamie Orman pass complete to 20-Robert Hooper to NYS 40 for -1 yards. Tackle by 5-Fast Freddie Foster. Pressure by 55-Greg The Hammer Valentine.","#4 Jamie Orman - QB","#20 Robert Hooper - WR",,,,"#88 Dylan Fryer - WR","#22 Darrell Stevenson - RB","#80 Perry Nelson - WR",,"#84 Charles Conlon - WR",,,"#53 Melvin Hall - LT","#66 John Harmon - LG","#51 Earnest Haase - C","#59 Michael Macias - RG","#77 Gerald Allen - RT",,"#5 Fast Freddie Foster - FS","#60 Ralph Taylor - CB","#99 Bubba Thornton - CB","#8 Jim ""Anvil"" Neidhart - P","#26 Jeffery Hebert - CB","#25 Sven Blackthorn - CB","#94 Gorilla Monsoon - CB",,"#55 Greg The Hammer Valentine - CB","#49 Robert Patton - CB","#27 Greg Teague - CB",,,,"#32 Jose Eger - CB",,,,,,,,,,,,,,,,,,,,,,,,,,,,,,,,,,,,,
NYS,7:23,"NYS 40",4,3,12,"Shotgun Normal HB Flare","Goal Line Attack #1",12,17,20,"3-12-NYS 40 (7:22) 4-Jamie Orman pass complete to 88-Dylan Fryer to HOU 48 for 12 yards. Tackle by 32-Jose Eger. Great move by 88-Dylan Fryer to get free of his coverage.","#4 Jamie Orman - QB","#20 Robert Hooper - WR",,,,"#22 Darrell Stevenson - RB",,"#18 Israel Yang - WR","#88 Dylan Fryer - WR","#80 Perry Nelson - WR",,,"#53 Melvin Hall - LT","#66 John Harmon - LG","#51 Earnest Haase - C","#59 Michael Macias - RG","#77 Gerald Allen - RT",,"#5 Fast Freddie Foster - FS","#60 Ralph Taylor - CB","#99 Bubba Thornton - CB","#8 Jim ""Anvil"" Neidhart - P","#26 Jeffery Hebert - CB","#25 Sven Blackthorn - CB","#94 Gorilla Monsoon - CB",,"#55 Greg The Hammer Valentine - CB","#49 Robert Patton - CB","#27 Greg Teague - CB",,,,"#32 Jose Eger - CB",,,,,,,,,,,,,,,,,,,,,,,,,,,,,,,,,,,,,
NYS,6:48,"HOU 48",4,1,10,"I Formation 3WR FL Post","Goal Line Attack #1",22,17,20,"1-10-HOU 48 (6:47) 4-Jamie Orman pass complete to 88-Dylan Fryer to HOU 26 for 22 yards. Tackle by 25-Sven Blackthorn. Great move by 88-Dylan Fryer to get free of his coverage. Pressure by 94-Gorilla Monsoon. You can tell that the offense is starting to figure out how to beat that defensive play.","#4 Jamie Orman - QB","#20 Robert Hooper - WR",,,"#44 Tim Carroll - RB",,,"#84 Charles Conlon - WR","#88 Dylan Fryer - WR","#80 Perry Nelson - WR",,,"#53 Melvin Hall - LT","#66 John Harmon - LG","#51 Earnest Haase - C","#59 Michael Macias - RG","#77 Gerald Allen - RT",,"#5 Fast Freddie Foster - FS","#60 Ralph Taylor - CB","#99 Bubba Thornton - CB","#8 Jim ""Anvil"" Neidhart - P","#26 Jeffery Hebert - CB","#25 Sven Blackthorn - CB","#94 Gorilla Monsoon - CB",,"#55 Greg The Hammer Valentine - CB","#49 Robert Patton - CB","#27 Greg Teague - CB",,,,"#32 Jose Eger - CB",,,,,,,,,,,,,,,,,,,,,,,,,,,,,,,,,,,,,
NYS,6:05,"HOU 26",4,1,10,"Shotgun Normal HB Flare","Goal Line Attack #1",26,23,20,"1-10-HOU 26 (6:04) 4-Jamie Orman pass complete to 22-Darrell Stevenson for 26 yards. TOUCHDOWN! Nice job by 22-Darrell Stevenson on that route to lose his coverage. You can tell that the offense is starting to figure out how to beat that defensive play. NYS 23 HOU 20","#4 Jamie Orman - QB","#20 Robert Hooper - WR",,,,"#22 Darrell Stevenson - RB",,"#18 Israel Yang - WR","#83 Jose Bock - WR","#84 Charles Conlon - WR",,,"#53 Melvin Hall - LT","#66 John Harmon - LG","#51 Earnest Haase - C","#59 Michael Macias - RG","#77 Gerald Allen - RT",,"#5 Fast Freddie Foster - FS","#60 Ralph Taylor - CB","#99 Bubba Thornton - CB","#8 Jim ""Anvil"" Neidhart - P","#26 Jeffery Hebert - CB","#97 S. D. Jones - CB","#52 James Bates - CB",,"#55 Greg The Hammer Valentine - CB","#98 Charles Huff - CB","#44 Edward Young - CB",,,,"#92 Perry Cuthbertson - CB",,,,,,,,,,,,,,,,,,,,,,,,,,,,,,,,,,,,,
NYS,5:59,"HOU 15",4,7,15,"Field Goal","FG Block",26,24,20,"(6:00) Extra point GOOD by 5-Kenneth Williams. NYS 24 HOU 20",,,,,,,,,,,,,,,,,,,,,,,,,,,,,,,,,,,,"#8 Charles Marshal - QB","#54 Steven Hancock - LT",,,,,,,,,,,,,,"#5 Kenneth Williams - K","#93 Andy Hurl - MLB","#53 Melvin Hall - LT","#60 Royce Hamilton - RG","#51 Earnest Haase - C","#66 John Harmon - LG","#77 Gerald Allen - RT","#44 Tim Carroll - RB","#94 Randy James - LDE","#22 Donald Brown - CB","#5 Fast Freddie Foster - FS","#92 Perry Cuthbertson - CB","#98 Charles Huff - CB","#44 Edward Young - CB","#85 Lex Luger - WR","#32 Jose Eger - CB","#36 Joel Espinoza - FS","#25 Sven Blackthorn - CB","#17 Agustin Fiecke - WR","#47 Bret ""Hitman"" Hart - CB"
NYS,5:59,"NYS 35",4,6,10,Kickoff,"Kick Return",,24,20,"(6:00) 5-Kenneth Williams kicks 74 yards from NYS 35 to HOU -9. 26-Jeffery Hebert to HOU 29 for 38 yards. Tackle by 31-T. T. Texas.",,,,,,,,,,,,,,,,,,,,,,,,,,,,,,,,,,,,,,"#26 Jeffery Hebert - CB",,"#36 Joel Espinoza - FS","#98 Charles Huff - CB","#27 Greg Teague - CB","#44 Edward Young - CB","#25 Sven Blackthorn - CB","#85 Lex Luger - WR","#97 S. D. Jones - CB","#55 Greg The Hammer Valentine - CB","#49 Robert Patton - CB","#5 Fast Freddie Foster - FS","#5 Kenneth Williams - K",,,,,,,,,,,,,,,,,,,,
HOU,5:53,"HOU 29",4,1,10,"Weak I Normal WR Corner TE Middle","4-3 Normal Zone Blitz",-8,24,20,"1-10-HOU 29 (5:54) 9-Dale Baber sacked at HOU 20 for -8 yards (76-Alton Gross). Sack allowed by 62-Chad Delong.","#9 Dale Baber - QB","#89 Randy Savage - WR",,,"#30 Cecil Phillips - WR","#10 John Casella - WR",,"#17 Agustin Fiecke - WR",,"#12 Harley Race - WR",,,"#78 John McDougall - LT","#82 Edwin Richert - LG","#53 James Lowman - C","#70 Thomas May - RG","#62 Chad Delong - RT",,"#76 Alton Gross - LDE",,"#79 Albert Whitten - DT","#68 Jose Cuervo - DT","#65 James Hall - RDE","#52 Paul Davis - MLB","#93 Andy Hurl - MLB",,"#50 Frank Baker - MLB","#25 Jack Moyer - CB","#21 Richard Moore - CB",,,,"#46 Gary Koh - CB","#33 Pedro Brooks - CB",,,,,,,,,,,,,,,,,,,,,,,,,,,,,,,,,,,,
HOU,5:09,"HOU 20",4,2,18,"I Formation Power PA Flats","Goal Line 3 Deep Man",,24,20,"2-18-HOU 20 (5:08) 9-Dale Baber pass incomplete, dropped by 12-Harley Race.","#9 Dale Baber - QB","#89 Randy Savage - WR",,"#81 Leonard Gentry - WR","#30 Cecil Phillips - WR","#85 Lex Luger - WR",,"#12 Harley Race - WR",,,,,"#78 John McDougall - LT","#82 Edwin Richert - LG","#53 James Lowman - C","#70 Thomas May - RG","#62 Chad Delong - RT",,"#76 Alton Gross - LDE","#75 Jeremy Johnson - LDE","#79 Albert Whitten - DT","#68 Jose Cuervo - DT","#74 Johnny Jones - RDE","#93 Andy Hurl - MLB","#52 Paul Davis - MLB",,"#56 Matthew Shook - MLB","#25 Jack Moyer - CB","#46 Gary Koh - CB",,,,"#21 Richard Moore - CB",,,,,,,,,,,,,,,,,,,,,,,,,,,,,,,,,,,,,
HOU,5:02,"HOU 20",4,3,18,"I Formation Normal HB Blast","4-3 Under Crash Right",5,24,20,"3-18-HOU 20 (5:03) 33-Mark Merlo ran to HOU 25 for 5 yards. Tackle by 50-Frank Baker.","#9 Dale Baber - QB","#33 Mark Merlo - WR",,,"#82 Edwin Richert - LG","#14 Bo  Bullet - WR",,"#10 John Casella - WR",,"#84 Randall Guenther - WR",,,"#78 John McDougall - LT","#58 Richard Scott - LT","#53 James Lowman - C","#70 Thomas May - RG","#62 Chad Delong - RT",,"#76 Alton Gross - LDE",,"#79 Albert Whitten - DT","#68 Jose Cuervo - DT","#65 James Hall - RDE","#99 Thomas Hernandez - MLB","#50 Frank Baker - MLB",,"#52 Paul Davis - MLB","#30 Willy Atkins - CB","#23 John Hoover - CB",,,,"#31 T. T. Texas - CB","#33 Pedro Brooks - CB",,,,,,,,,,,,,,,,,,,,,,,,,,,,,,,,,,,,
HOU,4:43,"HOU 25",4,4,13,Punt,"Punt Return",,24,20,"4-13-HOU 25 (4:42) 1-Lawrence Kraker punts 41 yards to NYS 34. Fair Catch by 26-Terrance Shull.",,,,,,,,,,,,,,,,,,"#1 Lawrence Kraker - P",,,,,,,,,,,,,,,,,,,"#88 Marcus Taing - C",,"#26 Terrance Shull - RB",,,"#22 Darrell Stevenson - RB","#53 Melvin Hall - LT","#83 Jose Bock - WR",,"#54 Steven Hancock - LT","#44 Tim Carroll - RB",,"#66 John Harmon - LG",,,,"#70 Thomas May - RG","#53 James Lowman - C","#82 Edwin Richert - LG","#58 Richard Scott - LT","#78 John McDougall - LT","#30 Cecil Phillips - WR",,"#90 John Conley - RDE","#96 William Sanchez - DT","#77 Gerald Allen - RT","#74 Johnny Jones - RDE",,,,,,,
NYS,4:35,"NYS 34",4,1,10,"I Formation 3WR WR Out","Goal Line Attack #1",7,24,20,"1-10-NYS 34 (4:36) 4-Jamie Orman pass complete to 80-Perry Nelson to NYS 41 for 7 yards. Tackle by 98-Charles Huff. 80-Perry Nelson made a great move on the CB. Pressure by 55-Greg The Hammer Valentine. 98-Charles Huff got away with a hold on that play.","#4 Jamie Orman - QB","#20 Robert Hooper - WR",,,"#26 Terrance Shull - RB",,,"#84 Charles Conlon - WR","#88 Dylan Fryer - WR","#80 Perry Nelson - WR",,,"#67 Scott Montano - RT","#62 Reginald Gridley - RG","#60 Royce Hamilton - RG","#59 Michael Macias - RG","#51 Earnest Haase - C",,"#5 Fast Freddie Foster - FS","#60 Ralph Taylor - CB","#99 Bubba Thornton - CB","#8 Jim ""Anvil"" Neidhart - P","#26 Jeffery Hebert - CB","#52 James Bates - CB","#94 Gorilla Monsoon - CB",,"#55 Greg The Hammer Valentine - CB","#49 Robert Patton - CB","#98 Charles Huff - CB",,,,"#32 Jose Eger - CB",,,,,,,,,,,,,,,,,,,,,,,,,,,,,,,,,,,,,
NYS,3:56,"NYS 41",4,2,3,"Singleback Big Off Tackle Strong","Goal Line Attack #1",2,24,20,"2-3-NYS 41 (3:55) 20-Robert Hooper ran to NYS 42 for 2 yards. Tackle by 94-Gorilla Monsoon.","#4 Jamie Orman - QB","#20 Robert Hooper - WR",,,,"#88 Dylan Fryer - WR","#22 Darrell Stevenson - RB","#80 Perry Nelson - WR",,"#84 Charles Conlon - WR",,,"#53 Melvin Hall - LT","#51 Earnest Haase - C","#66 John Harmon - LG","#59 Michael Macias - RG","#77 Gerald Allen - RT",,"#5 Fast Freddie Foster - FS","#60 Ralph Taylor - CB","#99 Bubba Thornton - CB","#8 Jim ""Anvil"" Neidhart - P","#26 Jeffery Hebert - CB","#25 Sven Blackthorn - CB","#94 Gorilla Monsoon - CB",,"#22 Donald Brown - CB","#49 Robert Patton - CB","#27 Greg Teague - CB",,,,"#32 Jose Eger - CB",,,,,,,,,,,,,,,,,,,,,,,,,,,,,,,,,,,,,
NYS,3:21,"NYS 42",4,3,1,"I Formation Power Play Action HB Downfield","Goal Line Attack #1",8,24,20,"3-1-NYS 42 (3:20) 4-Jamie Orman pass complete to 80-Perry Nelson to HOU 50 for 8 yards. Tackle by 27-Greg Teague. Nice job by 80-Perry Nelson on that route to lose his coverage.","#4 Jamie Orman - QB","#20 Robert Hooper - WR",,"#22 Darrell Stevenson - RB","#44 Tim Carroll - RB","#80 Perry Nelson - WR",,"#84 Charles Conlon - WR",,,,,"#53 Melvin Hall - LT","#66 John Harmon - LG","#51 Earnest Haase - C","#59 Michael Macias - RG","#77 Gerald Allen - RT",,"#5 Fast Freddie Foster - FS","#60 Ralph Taylor - CB","#99 Bubba Thornton - CB","#8 Jim ""Anvil"" Neidhart - P","#26 Jeffery Hebert - CB","#25 Sven Blackthorn - CB","#94 Gorilla Monsoon - CB",,"#55 Greg The Hammer Valentine - CB","#49 Robert Patton - CB","#27 Greg Teague - CB",,,,"#32 Jose Eger - CB",,,,,,,,,,,,,,,,,,,,,,,,,,,,,,,,,,,,,
NYS,2:43,"HOU 50",4,1,10,"I Formation 3WR HB Inside Strong","Goal Line Attack #1",-1,24,20,"1-10-HOU 50 (2:42) 22-Darrell Stevenson ran to NYS 50 for a short loss. 22-Darrell Stevenson FUMBLES (32-Jose Eger) recovered by NYS-77-Gerald Allen at NYS 49. Tackle by 55-Greg The Hammer Valentine.","#4 Jamie Orman - QB","#22 Darrell Stevenson - RB",,,"#44 Tim Carroll - RB",,,"#88 Dylan Fryer - WR","#83 Jose Bock - WR","#18 Israel Yang - WR",,,"#53 Melvin Hall - LT","#66 John Harmon - LG","#51 Earnest Haase - C","#59 Michael Macias - RG","#77 Gerald Allen - RT",,"#5 Fast Freddie Foster - FS","#60 Ralph Taylor - CB","#99 Bubba Thornton - CB","#8 Jim ""Anvil"" Neidhart - P","#26 Jeffery Hebert - CB","#97 S. D. Jones - CB","#52 James Bates - CB",,"#55 Greg The Hammer Valentine - CB","#49 Robert Patton - CB","#27 Greg Teague - CB",,,,"#32 Jose Eger - CB",,,,,,,,,,,,,,,,,,,,,,,,,,,,,,,,,,,,,
,2:00,,4,2,11,,,,24,20,"Timeout for two minute warning.",,,,,,,,,,,,,,,,,,,,,,,,,,,,,,,,,,,,,,,,,,,,,,,,,,,,,,,,,,,,,,,,,,,,,,
NYS,2:00,"NYS 49",4,2,11,"I Formation 3WR FL Post","Goal Line Attack #1",-7,24,20,"2-11-NYS 49 (2:00) 4-Jamie Orman sacked at NYS 42 for -7 yards (94-Gorilla Monsoon)","#4 Jamie Orman - QB","#20 Robert Hooper - WR",,,"#44 Tim Carroll - RB",,,"#84 Charles Conlon - WR","#88 Dylan Fryer - WR","#80 Perry Nelson - WR",,,"#53 Melvin Hall - LT","#66 John Harmon - LG","#51 Earnest Haase - C","#59 Michael Macias - RG","#77 Gerald Allen - RT",,"#5 Fast Freddie Foster - FS","#60 Ralph Taylor - CB","#99 Bubba Thornton - CB","#8 Jim ""Anvil"" Neidhart - P","#26 Jeffery Hebert - CB","#25 Sven Blackthorn - CB","#94 Gorilla Monsoon - CB",,"#55 Greg The Hammer Valentine - CB","#98 Charles Huff - CB","#92 Perry Cuthbertson - CB",,,,"#32 Jose Eger - CB",,,,,,,,,,,,,,,,,,,,,,,,,,,,,,,,,,,,,
,1:57,,4,3,18,,,,24,20,"Timeout HOU",,,,,,,,,,,,,,,,,,,,,,,,,,,,,,,,,,,,,,,,,,,,,,,,,,,,,,,,,,,,,,,,,,,,,,
NYS,1:54,"NYS 42",4,3,18,"Shotgun Normal HB Flare","Goal Line Attack #1",14,24,20,"3-18-NYS 42 (1:55) 4-Jamie Orman pass complete to 22-Darrell Stevenson to HOU 44 for 14 yards. Tackle by 25-Sven Blackthorn. 22-Darrell Stevenson made a great move on the CB.","#4 Jamie Orman - QB","#20 Robert Hooper - WR",,,,"#22 Darrell Stevenson - RB",,"#18 Israel Yang - WR","#88 Dylan Fryer - WR","#80 Perry Nelson - WR",,,"#53 Melvin Hall - LT","#66 John Harmon - LG","#51 Earnest Haase - C","#59 Michael Macias - RG","#77 Gerald Allen - RT",,"#5 Fast Freddie Foster - FS","#60 Ralph Taylor - CB","#99 Bubba Thornton - CB","#8 Jim ""Anvil"" Neidhart - P","#26 Jeffery Hebert - CB","#25 Sven Blackthorn - CB","#94 Gorilla Monsoon - CB",,"#55 Greg The Hammer Valentine - CB","#49 Robert Patton - CB","#27 Greg Teague - CB",,,,"#32 Jose Eger - CB",,,,,,,,,,,,,,,,,,,,,,,,,,,,,,,,,,,,,
,1:52,,4,4,4,,,,24,20,"Timeout HOU",,,,,,,,,,,,,,,,,,,,,,,,,,,,,,,,,,,,,,,,,,,,,,,,,,,,,,,,,,,,,,,,,,,,,,
NYS,1:48,"HOU 44",4,4,4,Punt,"Punt Return",36,24,20,"4-4-HOU 44 (1:49) 3-John Volpe punts 36 yards to HOU 8.",,,,,,,,,,,,,,,,,,"#3 John Volpe - P",,,,,,,,,,,,,,,,,,,"#54 Steven Hancock - LT",,"#26 Jeffery Hebert - CB",,,"#27 Greg Teague - CB","#85 Lex Luger - WR","#25 Sven Blackthorn - CB",,"#97 S. D. Jones - CB","#55 Greg The Hammer Valentine - CB",,"#44 Edward Young - CB",,,,"#77 Gerald Allen - RT","#93 Andy Hurl - MLB","#56 Matthew Shook - MLB","#99 Thomas Hernandez - MLB","#50 Frank Baker - MLB","#53 Melvin Hall - LT",,"#22 Donald Brown - CB","#5 Fast Freddie Foster - FS","#92 Perry Cuthbertson - CB","#98 Charles Huff - CB",,,,,,,
HOU,1:41,"HOU 8",4,1,10,"I Formation 3WR PA Fullback Flat","Nickel Normal Man Zone",,24,20,"1-10-HOU 8 (1:42) 9-Dale Baber pass complete to 30-Cecil Phillips to HOU 15 for 8 yards. 30-Cecil Phillips FUMBLES (76-Alton Gross) recovered by NYS-31-T. T. Texas at HOU 15. Tackle by 62-Chad Delong. HOU 62-Chad Delong was injured on the play. HOU 17-Agustin Fiecke was injured on the play.","#9 Dale Baber - QB","#89 Randy Savage - WR",,,"#30 Cecil Phillips - WR",,,"#17 Agustin Fiecke - WR","#81 Leonard Gentry - WR","#12 Harley Race - WR",,,"#78 John McDougall - LT","#82 Edwin Richert - LG","#53 James Lowman - C","#70 Thomas May - RG","#62 Chad Delong - RT",,"#76 Alton Gross - LDE",,"#79 Albert Whitten - DT","#68 Jose Cuervo - DT","#74 Johnny Jones - RDE",,"#50 Frank Baker - MLB",,"#52 Paul Davis - MLB","#25 Jack Moyer - CB","#31 T. T. Texas - CB",,"#23 John Hoover - CB",,"#46 Gary Koh - CB","#33 Pedro Brooks - CB",,,,,,,,,,,,,,,,,,,,,,,,,,,,,,,,,,,,
NYS,1:36,"HOU 15",4,1,10,"Singleback Big Corner Ins","Goal Line Attack #1",3,24,20,"1-10-HOU 15 (1:37) (Hot Read) 4-Jamie Orman pass complete to 20-Robert Hooper to HOU 13 for 3 yards. Tackle by 5-Fast Freddie Foster. Pressure by 22-Donald Brown.","#4 Jamie Orman - QB","#20 Robert Hooper - WR",,,,"#88 Dylan Fryer - WR","#22 Darrell Stevenson - RB","#80 Perry Nelson - WR",,"#84 Charles Conlon - WR",,,"#51 Earnest Haase - C","#66 John Harmon - LG","#60 Royce Hamilton - RG","#59 Michael Macias - RG","#62 Reginald Gridley - RG",,"#5 Fast Freddie Foster - FS","#60 Ralph Taylor - CB","#99 Bubba Thornton - CB","#8 Jim ""Anvil"" Neidhart - P","#26 Jeffery Hebert - CB","#52 James Bates - CB","#94 Gorilla Monsoon - CB",,"#22 Donald Brown - CB","#49 Robert Patton - CB","#98 Charles Huff - CB",,,,"#32 Jose Eger - CB",,,,,,,,,,,,,,,,,,,,,,,,,,,,,,,,,,,,,
,1:33,,4,2,7,,,,24,20,"Timeout HOU",,,,,,,,,,,,,,,,,,,,,,,,,,,,,,,,,,,,,,,,,,,,,,,,,,,,,,,,,,,,,,,,,,,,,,
NYS,1:29,"HOU 13",4,2,7,"I Formation Normal Max Protect","Goal Line Attack #1",13,30,20,"2-7-HOU 13 (1:30) 4-Jamie Orman pass complete to 88-Dylan Fryer to HOU 0 for 13 yards. TOUCHDOWN! Nice job by 88-Dylan Fryer on that route to lose his coverage. PENALTY - Pass Interference (HOU 27-Greg Teague) (Declined) NYS 30 HOU 20","#4 Jamie Orman - QB","#20 Robert Hooper - WR",,,"#44 Tim Carroll - RB","#22 Darrell Stevenson - RB",,"#80 Perry Nelson - WR",,"#88 Dylan Fryer - WR",,,"#53 Melvin Hall - LT","#66 John Harmon - LG","#51 Earnest Haase - C","#59 Michael Macias - RG","#77 Gerald Allen - RT",,"#5 Fast Freddie Foster - FS","#60 Ralph Taylor - CB","#99 Bubba Thornton - CB","#8 Jim ""Anvil"" Neidhart - P","#26 Jeffery Hebert - CB","#25 Sven Blackthorn - CB","#94 Gorilla Monsoon - CB",,"#55 Greg The Hammer Valentine - CB","#49 Robert Patton - CB","#27 Greg Teague - CB",,,,"#32 Jose Eger - CB",,,,,,,,,,,,,,,,,,,,,,,,,,,,,,,,,,,,,
NYS,1:25,"HOU 15",4,7,15,"Field Goal","FG Block",26,31,20,"(1:26) Extra point GOOD by 5-Kenneth Williams. NYS 31 HOU 20",,,,,,,,,,,,,,,,,,,,,,,,,,,,,,,,,,,,"#8 Charles Marshal - QB","#54 Steven Hancock - LT",,,,,,,,,,,,,,"#5 Kenneth Williams - K","#94 Randy James - LDE","#22 Darrell Stevenson - RB","#60 Royce Hamilton - RG","#51 Earnest Haase - C","#66 John Harmon - LG","#77 Gerald Allen - RT","#44 Tim Carroll - RB","#53 Melvin Hall - LT","#22 Donald Brown - CB","#5 Fast Freddie Foster - FS","#92 Perry Cuthbertson - CB","#98 Charles Huff - CB","#85 Lex Luger - WR","#32 Jose Eger - CB","#26 Jeffery Hebert - CB","#25 Sven Blackthorn - CB","#36 Joel Espinoza - FS","#17 Agustin Fiecke - WR","#47 Bret ""Hitman"" Hart - CB"
NYS,1:25,"NYS 35",4,6,10,Kickoff,"Kick Return",,31,20,"(1:26) 5-Kenneth Williams kicks 75 yards from NYS 35 to HOU -10. 26-Jeffery Hebert to HOU 26 for 36 yards. Tackle by 5-Kenneth Williams.",,,,,,,,,,,,,,,,,,,,,,,,,,,,,,,,,,,,,,"#26 Jeffery Hebert - CB",,"#36 Joel Espinoza - FS","#25 Sven Blackthorn - CB","#97 S. D. Jones - CB","#98 Charles Huff - CB","#27 Greg Teague - CB","#85 Lex Luger - WR","#55 Greg The Hammer Valentine - CB","#5 Fast Freddie Foster - FS","#49 Robert Patton - CB","#44 Edward Young - CB","#5 Kenneth Williams - K",,,,,,,,,,,,,,,,,,,,
HOU,1:18,"HOU 26",4,1,10,"Weak I Normal WR Corner TE Middle","4-3 Normal Zone Blitz",,31,20,"1-10-HOU 26 (1:19) 9-Dale Baber pass incomplete, intended for 10-John Casella.","#9 Dale Baber - QB","#89 Randy Savage - WR",,,"#30 Cecil Phillips - WR","#10 John Casella - WR",,"#17 Agustin Fiecke - WR",,"#12 Harley Race - WR",,,"#78 John McDougall - LT","#82 Edwin Richert - LG","#53 James Lowman - C","#70 Thomas May - RG","#62 Chad Delong - RT",,"#76 Alton Gross - LDE",,"#79 Albert Whitten - DT","#68 Jose Cuervo - DT","#65 James Hall - RDE","#99 Thomas Hernandez - MLB","#52 Paul Davis - MLB",,"#50 Frank Baker - MLB","#25 Jack Moyer - CB","#21 Richard Moore - CB",,,,"#46 Gary Koh - CB","#33 Pedro Brooks - CB",,,,,,,,,,,,,,,,,,,,,,,,,,,,,,,,,,,,
HOU,1:14,"HOU 26",4,2,10,"I Formation 3WR PA Fullback Flat","Nickel Normal Man Zone",4,31,20,"2-10-HOU 26 (1:15) 9-Dale Baber pass complete to 30-Cecil Phillips to HOU 29 for 4 yards. Tackle by 21-Richard Moore.","#9 Dale Baber - QB","#89 Randy Savage - WR",,,"#30 Cecil Phillips - WR",,,"#17 Agustin Fiecke - WR","#85 Lex Luger - WR","#12 Harley Race - WR",,,"#78 John McDougall - LT","#82 Edwin Richert - LG","#53 James Lowman - C","#70 Thomas May - RG","#62 Chad Delong - RT",,"#76 Alton Gross - LDE",,"#79 Albert Whitten - DT","#68 Jose Cuervo - DT","#74 Johnny Jones - RDE",,"#52 Paul Davis - MLB",,"#56 Matthew Shook - MLB","#25 Jack Moyer - CB","#46 Gary Koh - CB",,"#31 T. T. Texas - CB",,"#21 Richard Moore - CB","#33 Pedro Brooks - CB",,,,,,,,,,,,,,,,,,,,,,,,,,,,,,,,,,,,
HOU,0:54,"HOU 29",4,3,6,"Goal Line Normal HB Pitch Weak","Goal Line 3 Deep Man",4,31,20,"3-6-HOU 29 (0:53) 33-Mark Merlo ran to HOU 33 for 4 yards. Tackle by 52-Paul Davis.","#9 Dale Baber - QB","#33 Mark Merlo - WR",,"#82 Edwin Richert - LG","#84 Randall Guenther - WR","#85 Lex Luger - WR","#10 John Casella - WR",,,,,,"#78 John McDougall - LT","#58 Richard Scott - LT","#53 James Lowman - C","#70 Thomas May - RG","#62 Chad Delong - RT",,"#76 Alton Gross - LDE","#75 Jeremy Johnson - LDE","#79 Albert Whitten - DT","#68 Jose Cuervo - DT","#74 Johnny Jones - RDE","#93 Andy Hurl - MLB","#52 Paul Davis - MLB",,"#56 Matthew Shook - MLB","#30 Willy Atkins - CB","#23 John Hoover - CB",,,,"#25 Jack Moyer - CB",,,,,,,,,,,,,,,,,,,,,,,,,,,,,,,,,,,,,
HOU,0:35,"HOU 33",4,4,2,"I Formation Power PA Flats","Goal Line 3 Deep Man",,31,20,"4-2-HOU 33 (0:34) 9-Dale Baber pass Pass knocked down by 31-T. T. Texas. incomplete, intended for 85-Lex Luger. Turnover on downs.","#9 Dale Baber - QB","#89 Randy Savage - WR",,"#81 Leonard Gentry - WR","#82 Edwin Richert - LG","#85 Lex Luger - WR",,"#12 Harley Race - WR",,,,,"#78 John McDougall - LT","#58 Richard Scott - LT","#53 James Lowman - C","#70 Thomas May - RG","#62 Chad Delong - RT",,"#76 Alton Gross - LDE","#75 Jeremy Johnson - LDE","#79 Albert Whitten - DT","#68 Jose Cuervo - DT","#74 Johnny Jones - RDE","#99 Thomas Hernandez - MLB","#52 Paul Davis - MLB",,"#93 Andy Hurl - MLB","#46 Gary Koh - CB","#31 T. T. Texas - CB",,,,"#21 Richard Moore - CB",,,,,,,,,,,,,,,,,,,,,,,,,,,,,,,,,,,,,
NYS,0:29,"HOU 33",4,1,10,Victory,"Dime Normal Double WR3",,31,20,"1-10-HOU 33 (0:30) 4-Jamie Orman kneeled down to HOU 33 for 0 yards.","#4 Jamie Orman - QB","#20 Robert Hooper - WR",,"#26 Terrance Shull - RB","#44 Tim Carroll - RB","#22 Darrell Stevenson - RB","#19 Alvin Eckenrode - WR",,,,,,"#53 Melvin Hall - LT","#66 John Harmon - LG","#51 Earnest Haase - C","#59 Michael Macias - RG","#77 Gerald Allen - RT",,"#26 Jeffery Hebert - CB",,"#99 Bubba Thornton - CB","#8 Jim ""Anvil"" Neidhart - P","#60 Ralph Taylor - CB",,"#94 Gorilla Monsoon - CB",,,"#49 Robert Patton - CB","#27 Greg Teague - CB","#44 Edward Young - CB","#32 Jose Eger - CB",,"#55 Greg The Hammer Valentine - CB","#92 Perry Cuthbertson - CB",,,,,,,,,,,,,,,,,,,,,,,,,,,,,,,,,,,,
,0:00,,4,2,10,,,,31,20,"End of fourth quarter.",,,,,,,,,,,,,,,,,,,,,,,,,,,,,,,,,,,,,,,,,,,,,,,,,,,,,,,,,,,,,,,,,,,,,,
