HasBall,"Game Clock","Ball @",Quarter,Down,YTG,OffensivePlay,DefensivePlay,YardsGained,"Home Score","Away Score",Text,QB1,RB1,RB2,FB2,FB1,TE1,TE2,WR1,WR3,WR2,WR4,WR5,LT1,LG1,C1,RG1,RT1,P1,LDE1,LDE2,DT1,DT2,RDE1,SLB1,MLB1,MLB2,WLB1,CB1,CB2,CB4,CB3,CB5,SS1,FS1,FS2,"Kick Holder1","Long Snapper1","Kick Returner1","Punt Returner1",Gunner10,Gunner7,Gunner2,Gunner6,Gunner1,Gunner8,Gunner3,Gunner4,Gunner9,Gunner5,Kickoffs1,"Field Goal Kicker1","ST Blocker8","ST Blocker5","ST Blocker4","ST Blocker1","ST Blocker2","ST Blocker3","ST Blocker6","ST Blocker7","ST Rusher4","ST Rusher1","ST Rusher2","ST Rusher3","ST Rusher11","ST Rusher10","ST Rusher9","ST Rusher6","ST Rusher5","ST Rusher7","ST Rusher8"
,15:00,,1,3,17,,,,0,0,"CHA has won the toss and elected to receive.",,,,,,,,,,,,,,,,,,,,,,,,,,,,,,,,,,,,,,,,,,,,,,,,,,,,,,,,,,,,,,,,,,,,,,
DEN,15:00,"DEN 35",1,6,10,Kickoff,"Kick Return",,0,0,"(15:00) 7-Tyler Garcia kicks 75 yards from DEN 35 to CHA -10. Touchback.",,,,,,,,,,,,,,,,,,,,,,,,,,,,,,,,,,,,,,"#41 Rodger Brown - RB",,"#75 Lawrence Choi - DT","#49 Roger Smith - FS","#97 Harry Hampton - WLB","#53 Jeffery Hill - RDE","#94 Joseph Jeffries - MLB","#96 Michael Downey - DT","#56 Kim Ball - MLB","#95 Kevin Farrar - LDE","#21 Julius Winter - CB","#79 Anthony Moore - RDE","#7 Tyler Garcia - K",,,,,,,,,,,,,,,,,,,,
CHA,15:00,"CHA 25",1,1,10,"Goal Line Normal HB Weak","Goal Line Attack #3",-0,0,0,"1-10-CHA 25 (15:00) 33-Anthony Gray ran to CHA 25 for a short loss. Tackle by 57-Anthony Allan. PENALTY - Holding (CHA 67-Norman Spaulding)","#13 Antonio Martinez - QB","#33 Anthony Gray - RB",,"#22 Lee Dorman - RB","#20 Larry Robinson - FB","#89 Timmy Roache - TE","#85 William Martin - TE",,,,,,"#86 Thomas Briggs - LT","#82 Mary Ashcraft - LG","#77 Steven Conti - C","#61 Hector Maeda - RG","#67 Norman Spaulding - LG",,"#77 Rafael Thomas - LDE","#90 Jerry Franklin - LDE","#93 Dale Nichols - DT","#72 Cameron Wilson - DT","#78 Denver Campbell - RDE","#96 Ervin Matson - SLB","#42 Don Gregory - MLB",,"#57 Anthony Allan - WLB","#46 Wayne Cauley - CB","#24 Everett Whalen - CB",,,,"#22 Kelley Zook - SS",,,,,,,,,,,,,,,,,,,,,,,,,,,,,,,,,,,,,
CHA,14:58,"CHA 15",1,1,20,"Weak I Normal Skinny Posts","4-3 Normal Double Safety Blitz",,0,0,"1-20-CHA 15 (14:59) 13-Antonio Martinez pass Pass knocked down by 57-Anthony Allan. incomplete, intended for 89-Timmy Roache.","#13 Antonio Martinez - QB","#33 Anthony Gray - RB",,,"#20 Larry Robinson - FB","#89 Timmy Roache - TE",,"#11 Robert Lavender - WR",,"#17 Pete Herman - WR",,,"#86 Thomas Briggs - LT","#82 Mary Ashcraft - LG","#77 Steven Conti - C","#69 Brad Wiens - RG","#61 Hector Maeda - RG",,"#77 Rafael Thomas - LDE",,"#93 Dale Nichols - DT","#72 Cameron Wilson - DT","#78 Denver Campbell - RDE","#96 Ervin Matson - SLB","#42 Don Gregory - MLB",,"#57 Anthony Allan - WLB","#46 Wayne Cauley - CB","#24 Everett Whalen - CB",,,,"#22 Kelley Zook - SS","#38 William Fleming - FS",,,,,,,,,,,,,,,,,,,,,,,,,,,,,,,,,,,,
CHA,14:56,"CHA 15",1,2,20,"Weak I Normal HB Inside Weak","4-3 Under Double Safety Blitz",1,0,0,"2-20-CHA 15 (14:57) 33-Anthony Gray ran to CHA 16 for 1 yards. Tackle by 38-William Fleming.","#13 Antonio Martinez - QB","#33 Anthony Gray - RB",,,"#20 Larry Robinson - FB","#89 Timmy Roache - TE",,"#11 Robert Lavender - WR",,"#17 Pete Herman - WR",,,"#86 Thomas Briggs - LT","#82 Mary Ashcraft - LG","#77 Steven Conti - C","#69 Brad Wiens - RG","#61 Hector Maeda - RG",,"#77 Rafael Thomas - LDE",,"#93 Dale Nichols - DT","#72 Cameron Wilson - DT","#78 Denver Campbell - RDE","#96 Ervin Matson - SLB","#42 Don Gregory - MLB",,"#57 Anthony Allan - WLB","#46 Wayne Cauley - CB","#24 Everett Whalen - CB",,,,"#22 Kelley Zook - SS","#38 William Fleming - FS",,,,,,,,,,,,,,,,,,,,,,,,,,,,,,,,,,,,
CHA,14:18,"CHA 16",1,3,19,"Shotgun Normal HB Flare","Nickel Normal 2 Deep",10,0,0,"3-19-CHA 16 (14:17) 13-Antonio Martinez pass complete to 89-Timmy Roache to CHA 26 for 10 yards. Tackle by 42-Don Gregory.","#13 Antonio Martinez - QB","#33 Anthony Gray - RB",,,,"#89 Timmy Roache - TE",,"#11 Robert Lavender - WR","#19 Jeff Mellen - WR","#17 Pete Herman - WR",,,"#86 Thomas Briggs - LT","#82 Mary Ashcraft - LG","#77 Steven Conti - C","#69 Brad Wiens - RG","#61 Hector Maeda - RG",,"#77 Rafael Thomas - LDE",,"#93 Dale Nichols - DT","#72 Cameron Wilson - DT","#78 Denver Campbell - RDE",,"#42 Don Gregory - MLB",,"#57 Anthony Allan - WLB","#46 Wayne Cauley - CB","#24 Everett Whalen - CB",,"#33 Russell Washington - CB",,"#22 Kelley Zook - SS","#38 William Fleming - FS",,,,,,,,,,,,,,,,,,,,,,,,,,,,,,,,,,,,
CHA,13:39,"CHA 26",1,4,9,Punt,"Punt Return",,0,0,"4-9-CHA 26 (13:38) 15-Charles Brothers punts 47 yards to DEN 27. Fair Catch by 13-Thomas Warner.",,,,,,,,,,,,,,,,,,"#15 Charles Brothers - P",,,,,,,,,,,,,,,,,,,"#67 Norman Spaulding - LG",,"#13 Thomas Warner - WR",,,"#42 Don Gregory - MLB","#96 Ervin Matson - SLB","#77 Rafael Thomas - LDE",,"#24 Everett Whalen - CB","#22 Kelley Zook - SS",,"#44 Bryan Bird - MLB",,,,"#69 Brad Wiens - RG","#77 Steven Conti - C","#61 Hector Maeda - RG","#55 Anthony Lear - RG","#82 Mary Ashcraft - LG","#86 Thomas Briggs - LT",,"#38 William Fleming - FS","#72 Cameron Wilson - DT","#78 Denver Campbell - RDE","#73 Craig Lavelle - DT",,,,,,,
DEN,13:30,"DEN 27",1,1,10,"I Formation Normal SE Post","4-3 Normal OLB Blitz Outside",-9,0,0,"1-10-DEN 27 (13:31) 8-Richard Crum sacked at DEN 18 for -9 yards (95-Kevin Farrar). Sack allowed by 60-James Rivera.","#8 Richard Crum - QB","#23 Manuel Martinez - RB",,,"#41 Richard Cole - FB","#82 Emanuel Doucette - TE",,"#19 Daniel Boone - WR",,"#87 Lyle Opitz - WR",,,"#63 George Sturgill - LT","#75 Robert Rademacher - LG","#59 John Austin - C","#65 Kyle Holbrook - RG","#60 James Rivera - RT",,"#95 Kevin Farrar - LDE",,"#96 Michael Downey - DT","#64 Larry Grisham - DT","#91 Richard Smith - RDE","#92 Jason McDonald - SLB","#54 James Reynolds - MLB",,"#93 James Maughan - WLB","#24 Aaron Moore - CB","#21 Julius Winter - CB",,,,"#34 Roderick Sanchez - SS","#49 Roger Smith - FS",,,,,,,,,,,,,,,,,,,,,,,,,,,,,,,,,,,,
DEN,12:55,"DEN 18",1,2,19,"I Formation 3WR Slot Corner Long","Nickel Normal CB3 MLB Blitz",-7,0,0,"2-19-DEN 18 (12:54) 8-Richard Crum sacked at DEN 10 for -7 yards (91-Richard Smith). Sack allowed by 75-Robert Rademacher.","#8 Richard Crum - QB","#23 Manuel Martinez - RB",,,"#41 Richard Cole - FB",,,"#19 Daniel Boone - WR","#15 Danny Robinson - WR","#87 Lyle Opitz - WR",,,"#63 George Sturgill - LT","#75 Robert Rademacher - LG","#59 John Austin - C","#65 Kyle Holbrook - RG","#60 James Rivera - RT",,"#95 Kevin Farrar - LDE",,"#96 Michael Downey - DT","#64 Larry Grisham - DT","#91 Richard Smith - RDE",,"#94 Joseph Jeffries - MLB",,"#97 Harry Hampton - WLB","#24 Aaron Moore - CB","#21 Julius Winter - CB",,"#40 Fred Padgett - CB",,"#34 Roderick Sanchez - SS","#49 Roger Smith - FS",,,,,,,,,,,,,,,,,,,,,,,,,,,,,,,,,,,,
DEN,12:16,"DEN 10",1,3,27,"Shotgun 2 RB 3 WR WR Hooks","Nickel Normal Double WR2",,0,0,"3-27-DEN 10 (12:15) 8-Richard Crum pass incomplete, dropped by 19-Daniel Boone.","#8 Richard Crum - QB","#23 Manuel Martinez - RB","#26 William Bettis - RB",,,,,"#19 Daniel Boone - WR","#13 Thomas Warner - WR","#87 Lyle Opitz - WR",,,"#63 George Sturgill - LT","#75 Robert Rademacher - LG","#59 John Austin - C","#65 Kyle Holbrook - RG","#60 James Rivera - RT",,"#95 Kevin Farrar - LDE",,"#96 Michael Downey - DT","#64 Larry Grisham - DT","#91 Richard Smith - RDE",,"#94 Joseph Jeffries - MLB",,"#97 Harry Hampton - WLB","#40 Fred Padgett - CB","#37 Harold Smith - CB",,"#49 Roger Smith - FS",,"#58 Mark Houck - FS","#35 Gerald Brown - SS",,,,,,,,,,,,,,,,,,,,,,,,,,,,,,,,,,,,
DEN,12:10,"DEN 10",1,4,27,Punt,"Punt Return",,0,0,"4-27-DEN 10 (12:11) 10-Jesse Hampton punts 46 yards to CHA 44. Fair Catch by 41-Rodger Brown.",,,,,,,,,,,,,,,,,,"#10 Jesse Hampton - P",,,,,,,,,,,,,,,,,,,"#59 John Austin - C",,"#41 Rodger Brown - RB",,,"#95 Kevin Farrar - LDE","#94 Joseph Jeffries - MLB","#56 Kim Ball - MLB",,"#79 Anthony Moore - RDE","#53 Jeffery Hill - RDE",,"#75 Lawrence Choi - DT",,,,"#60 James Rivera - RT","#62 Martin Brick - LG","#63 George Sturgill - LT","#66 Mark Danielson - LT","#65 Kyle Holbrook - RG","#41 Richard Cole - FB",,"#91 Richard Smith - RDE","#92 Jason McDonald - SLB","#21 Julius Winter - CB","#96 Michael Downey - DT",,,,,,,
CHA,12:04,"CHA 44",1,1,10,"Shotgun 5 Wide Middle Curls","Quarter Normal Man Cover 2",,0,0,"1-10-CHA 44 (12:05) 13-Antonio Martinez pass incomplete, intended for 11-Robert Lavender.","#13 Antonio Martinez - QB",,,,,,,"#11 Robert Lavender - WR","#19 Jeff Mellen - WR","#17 Pete Herman - WR","#84 John Kirkland - WR","#41 Rodger Brown - RB","#86 Thomas Briggs - LT","#82 Mary Ashcraft - LG","#77 Steven Conti - C","#69 Brad Wiens - RG","#61 Hector Maeda - RG",,"#77 Rafael Thomas - LDE",,"#93 Dale Nichols - DT",,"#78 Denver Campbell - RDE",,"#42 Don Gregory - MLB",,,"#46 Wayne Cauley - CB","#24 Everett Whalen - CB","#39 Anthony Overstreet - CB","#33 Russell Washington - CB","#49 Kris Miller - FS","#22 Kelley Zook - SS","#38 William Fleming - FS",,,,,,,,,,,,,,,,,,,,,,,,,,,,,,,,,,,,
CHA,12:01,"CHA 44",1,2,10,"Weak I Normal Fullback Counter Weak","4-3 Normal Double Safety Blitz",1,0,0,"2-10-CHA 44 (12:02) 20-Larry Robinson ran to CHA 45 for 1 yards. Tackle by 38-William Fleming.","#13 Antonio Martinez - QB","#33 Anthony Gray - RB",,,"#20 Larry Robinson - FB","#89 Timmy Roache - TE",,"#17 Pete Herman - WR",,"#11 Robert Lavender - WR",,,"#86 Thomas Briggs - LT","#82 Mary Ashcraft - LG","#77 Steven Conti - C","#61 Hector Maeda - RG","#67 Norman Spaulding - LG",,"#77 Rafael Thomas - LDE",,"#93 Dale Nichols - DT","#72 Cameron Wilson - DT","#78 Denver Campbell - RDE","#96 Ervin Matson - SLB","#42 Don Gregory - MLB",,"#57 Anthony Allan - WLB","#46 Wayne Cauley - CB","#24 Everett Whalen - CB",,,,"#22 Kelley Zook - SS","#38 William Fleming - FS",,,,,,,,,,,,,,,,,,,,,,,,,,,,,,,,,,,,
CHA,11:23,"CHA 45",1,3,9,"I Formation Normal HB Draw","4-3 Normal 3 Deep LB Blitz",11,0,0,"3-9-CHA 45 (11:22) 45-James Sadler ran to DEN 44 for 11 yards. Tackle by 38-William Fleming.","#13 Antonio Martinez - QB","#45 James Sadler - RB",,,"#20 Larry Robinson - FB","#89 Timmy Roache - TE",,"#11 Robert Lavender - WR",,"#19 Jeff Mellen - WR",,,"#86 Thomas Briggs - LT","#82 Mary Ashcraft - LG","#77 Steven Conti - C","#61 Hector Maeda - RG","#67 Norman Spaulding - LG",,"#77 Rafael Thomas - LDE",,"#93 Dale Nichols - DT","#72 Cameron Wilson - DT","#78 Denver Campbell - RDE","#96 Ervin Matson - SLB","#42 Don Gregory - MLB",,"#57 Anthony Allan - WLB","#46 Wayne Cauley - CB","#24 Everett Whalen - CB",,,,"#22 Kelley Zook - SS","#38 William Fleming - FS",,,,,,,,,,,,,,,,,,,,,,,,,,,,,,,,,,,,
CHA,10:43,"DEN 44",1,1,10,"Split Backs 3 Wide WR Quick Out","Nickel Normal 2 Deep",14,0,0,"1-10-DEN 44 (10:42) 13-Antonio Martinez pass complete to 33-Anthony Gray to DEN 31 for 14 yards. PENALTY - Pass Interference (DEN 42-Don Gregory) (Declined)","#13 Antonio Martinez - QB","#33 Anthony Gray - RB",,,"#20 Larry Robinson - FB",,,"#17 Pete Herman - WR","#11 Robert Lavender - WR","#84 John Kirkland - WR",,,"#86 Thomas Briggs - LT","#82 Mary Ashcraft - LG","#77 Steven Conti - C","#61 Hector Maeda - RG","#67 Norman Spaulding - LG",,"#77 Rafael Thomas - LDE",,"#93 Dale Nichols - DT","#72 Cameron Wilson - DT","#78 Denver Campbell - RDE",,"#42 Don Gregory - MLB",,"#57 Anthony Allan - WLB","#46 Wayne Cauley - CB","#24 Everett Whalen - CB",,"#33 Russell Washington - CB",,"#22 Kelley Zook - SS","#38 William Fleming - FS",,,,,,,,,,,,,,,,,,,,,,,,,,,,,,,,,,,,
CHA,10:37,"DEN 31",1,1,10,"I Formation Twin WR Hard Slants","4-3 Normal OLB Blitz Outside",-9,0,0,"1-10-DEN 31 (10:38) 13-Antonio Martinez sacked at DEN 39 for -9 yards (57-Anthony Allan)","#13 Antonio Martinez - QB","#45 James Sadler - RB",,,"#22 Lee Dorman - RB","#89 Timmy Roache - TE",,"#19 Jeff Mellen - WR",,"#11 Robert Lavender - WR",,,"#86 Thomas Briggs - LT","#82 Mary Ashcraft - LG","#77 Steven Conti - C","#69 Brad Wiens - RG","#61 Hector Maeda - RG",,"#77 Rafael Thomas - LDE",,"#93 Dale Nichols - DT","#72 Cameron Wilson - DT","#78 Denver Campbell - RDE","#96 Ervin Matson - SLB","#42 Don Gregory - MLB",,"#57 Anthony Allan - WLB","#46 Wayne Cauley - CB","#24 Everett Whalen - CB",,,,"#22 Kelley Zook - SS","#38 William Fleming - FS",,,,,,,,,,,,,,,,,,,,,,,,,,,,,,,,,,,,
CHA,10:01,"DEN 39",1,2,19,"Shotgun 5 Wide Middle Curls","Quarter Normal Man Cover 2",2,0,0,"2-19-DEN 39 (10:00) 13-Antonio Martinez pass complete to 17-Pete Herman to DEN 37 for 2 yards. Tackle by 39-Anthony Overstreet.","#13 Antonio Martinez - QB",,,,,,,"#17 Pete Herman - WR","#84 John Kirkland - WR","#19 Jeff Mellen - WR","#11 Robert Lavender - WR","#41 Rodger Brown - RB","#86 Thomas Briggs - LT","#82 Mary Ashcraft - LG","#77 Steven Conti - C","#69 Brad Wiens - RG","#61 Hector Maeda - RG",,"#77 Rafael Thomas - LDE",,"#93 Dale Nichols - DT",,"#78 Denver Campbell - RDE",,"#42 Don Gregory - MLB",,,"#46 Wayne Cauley - CB","#24 Everett Whalen - CB","#39 Anthony Overstreet - CB","#33 Russell Washington - CB","#49 Kris Miller - FS","#22 Kelley Zook - SS","#38 William Fleming - FS",,,,,,,,,,,,,,,,,,,,,,,,,,,,,,,,,,,,
CHA,9:23,"DEN 37",1,3,17,"Singleback Normal PA Rollout","Nickel 3-3-5 Cover 2 Man Under",6,0,0,"3-17-DEN 37 (9:22) 13-Antonio Martinez pass complete to 89-Timmy Roache to DEN 31 for 6 yards. Tackle by 96-Ervin Matson.","#13 Antonio Martinez - QB","#33 Anthony Gray - RB",,,,"#89 Timmy Roache - TE",,"#17 Pete Herman - WR","#84 John Kirkland - WR","#19 Jeff Mellen - WR",,,"#86 Thomas Briggs - LT","#82 Mary Ashcraft - LG","#77 Steven Conti - C","#61 Hector Maeda - RG","#67 Norman Spaulding - LG",,"#77 Rafael Thomas - LDE",,"#93 Dale Nichols - DT",,"#78 Denver Campbell - RDE","#96 Ervin Matson - SLB","#42 Don Gregory - MLB",,"#57 Anthony Allan - WLB","#46 Wayne Cauley - CB","#24 Everett Whalen - CB",,"#33 Russell Washington - CB",,"#22 Kelley Zook - SS","#38 William Fleming - FS",,,,,,,,,,,,,,,,,,,,,,,,,,,,,,,,,,,,
CHA,8:49,"DEN 31",1,4,11,"Field Goal","FG Block",41,0,0,"4-11-DEN 31 (8:48) 1-Carlos Reed 48 yard field goal is NO GOOD. (Wide Left)",,,,,,,,,,,,,,,,,,,,,,,,,,,,,,,,,,,,"#15 Charles Brothers - P","#67 Norman Spaulding - LG",,,,,,,,,,,,,,"#1 Carlos Reed - K","#85 William Martin - TE","#69 Brad Wiens - RG","#77 Steven Conti - C","#61 Hector Maeda - RG","#55 Anthony Lear - RG","#82 Mary Ashcraft - LG","#86 Thomas Briggs - LT","#22 Lee Dorman - RB","#73 Craig Lavelle - DT","#72 Cameron Wilson - DT","#78 Denver Campbell - RDE","#42 Don Gregory - MLB","#53 Eddie Schiro - SLB","#96 Ervin Matson - SLB","#77 Rafael Thomas - LDE","#38 William Fleming - FS","#44 Bryan Bird - MLB","#24 Everett Whalen - CB","#22 Kelley Zook - SS"
DEN,8:44,"DEN 38",1,1,10,"I Formation Power HB Strong Outside","Goal Line Attack #2",-2,0,0,"1-10-DEN 38 (8:45) 23-Manuel Martinez ran to DEN 37 for -2 yards. Tackle by 64-Larry Grisham.","#8 Richard Crum - QB","#23 Manuel Martinez - RB",,"#26 William Bettis - RB","#41 Richard Cole - FB","#82 Emanuel Doucette - TE",,"#19 Daniel Boone - WR",,,,,"#63 George Sturgill - LT","#75 Robert Rademacher - LG","#59 John Austin - C","#65 Kyle Holbrook - RG","#60 James Rivera - RT",,"#95 Kevin Farrar - LDE","#53 Jeffery Hill - RDE","#96 Michael Downey - DT","#64 Larry Grisham - DT","#91 Richard Smith - RDE","#92 Jason McDonald - SLB","#94 Joseph Jeffries - MLB",,"#97 Harry Hampton - WLB","#24 Aaron Moore - CB","#21 Julius Winter - CB",,,,"#34 Roderick Sanchez - SS",,,,,,,,,,,,,,,,,,,,,,,,,,,,,,,,,,,,,
DEN,8:13,"DEN 37",1,2,12,"Shotgun 2 RB 3 WR FL Drag","Nickel Normal Double WR2",2,0,0,"2-12-DEN 37 (8:12) 8-Richard Crum pass complete to 23-Manuel Martinez to DEN 38 for 2 yards. Tackle by 94-Joseph Jeffries. 23-Manuel Martinez did some fancy footwork there.","#8 Richard Crum - QB","#23 Manuel Martinez - RB","#26 William Bettis - RB",,,,,"#19 Daniel Boone - WR","#13 Thomas Warner - WR","#87 Lyle Opitz - WR",,,"#63 George Sturgill - LT","#75 Robert Rademacher - LG","#59 John Austin - C","#65 Kyle Holbrook - RG","#60 James Rivera - RT",,"#95 Kevin Farrar - LDE",,"#96 Michael Downey - DT","#64 Larry Grisham - DT","#91 Richard Smith - RDE",,"#94 Joseph Jeffries - MLB",,"#97 Harry Hampton - WLB","#24 Aaron Moore - CB","#21 Julius Winter - CB",,"#40 Fred Padgett - CB",,"#34 Roderick Sanchez - SS","#49 Roger Smith - FS",,,,,,,,,,,,,,,,,,,,,,,,,,,,,,,,,,,,
DEN,7:27,"DEN 38",1,3,10,"I Formation 3WR Slot Corner Long","Nickel Normal Double WR1",12,0,0,"3-10-DEN 38 (7:26) 8-Richard Crum pass complete to 23-Manuel Martinez to DEN 50 for 12 yards. Tackle by 40-Fred Padgett.","#8 Richard Crum - QB","#23 Manuel Martinez - RB",,,"#41 Richard Cole - FB",,,"#19 Daniel Boone - WR","#15 Danny Robinson - WR","#87 Lyle Opitz - WR",,,"#63 George Sturgill - LT","#75 Robert Rademacher - LG","#59 John Austin - C","#65 Kyle Holbrook - RG","#60 James Rivera - RT",,"#95 Kevin Farrar - LDE",,"#96 Michael Downey - DT","#64 Larry Grisham - DT","#91 Richard Smith - RDE",,"#94 Joseph Jeffries - MLB",,"#97 Harry Hampton - WLB","#40 Fred Padgett - CB","#37 Harold Smith - CB",,"#24 Aaron Moore - CB",,"#35 Gerald Brown - SS","#58 Mark Houck - FS",,,,,,,,,,,,,,,,,,,,,,,,,,,,,,,,,,,,
DEN,6:48,"DEN 50",1,1,10,"I Formation Normal PA Outside Curls","46 Heavy WLB Blitz",8,0,0,"1-10-DEN 50 (6:47) 8-Richard Crum pass complete to 19-Daniel Boone to CHA 42 for 8 yards. Tackle by 49-Roger Smith. Nice job by 19-Daniel Boone on that route to lose his coverage. DEN 60-James Rivera was injured on the play. He looks like he should be able to return.","#8 Richard Crum - QB","#26 William Bettis - RB",,,"#41 Richard Cole - FB","#82 Emanuel Doucette - TE",,"#19 Daniel Boone - WR",,"#87 Lyle Opitz - WR",,,"#63 George Sturgill - LT","#75 Robert Rademacher - LG","#59 John Austin - C","#65 Kyle Holbrook - RG","#60 James Rivera - RT",,"#95 Kevin Farrar - LDE",,"#96 Michael Downey - DT","#64 Larry Grisham - DT","#91 Richard Smith - RDE","#92 Jason McDonald - SLB","#56 Kim Ball - MLB",,"#93 James Maughan - WLB","#21 Julius Winter - CB","#35 Gerald Brown - SS",,,,"#34 Roderick Sanchez - SS","#49 Roger Smith - FS",,,,,,,,,,,,,,,,,,,,,,,,,,,,,,,,,,,,
DEN,6:12,"CHA 42",1,2,2,"I Formation Normal HB Blast","46 Heavy 2 Deep Man Under",3,0,0,"2-2-CHA 42 (6:11) 23-Manuel Martinez ran to CHA 40 for 3 yards. Tackle by 64-Larry Grisham.","#8 Richard Crum - QB","#23 Manuel Martinez - RB",,,"#41 Richard Cole - FB","#82 Emanuel Doucette - TE",,"#15 Danny Robinson - WR",,"#13 Thomas Warner - WR",,,"#63 George Sturgill - LT","#75 Robert Rademacher - LG","#59 John Austin - C","#65 Kyle Holbrook - RG","#64 Donald Carson - RT",,"#95 Kevin Farrar - LDE",,"#96 Michael Downey - DT","#64 Larry Grisham - DT","#91 Richard Smith - RDE","#92 Jason McDonald - SLB","#94 Joseph Jeffries - MLB",,"#97 Harry Hampton - WLB","#24 Aaron Moore - CB","#21 Julius Winter - CB",,,,"#37 Harold Smith - CB","#49 Roger Smith - FS",,,,,,,,,,,,,,,,,,,,,,,,,,,,,,,,,,,,
DEN,5:28,"CHA 40",1,1,10,"Goal Line Normal HB Outside Strong","Goal Line Attack #2",-0,0,0,"1-10-CHA 40 (5:27) 26-William Bettis ran to CHA 40 for a short loss. Tackle by 53-Jeffery Hill.","#8 Richard Crum - QB","#26 William Bettis - RB",,"#30 Kevin Hillman - RB","#41 Richard Cole - FB","#82 Emanuel Doucette - TE","#36 Al  Gore - TE",,,,,,"#63 George Sturgill - LT","#75 Robert Rademacher - LG","#59 John Austin - C","#65 Kyle Holbrook - RG","#64 Donald Carson - RT",,"#95 Kevin Farrar - LDE","#53 Jeffery Hill - RDE","#96 Michael Downey - DT","#64 Larry Grisham - DT","#91 Richard Smith - RDE","#92 Jason McDonald - SLB","#94 Joseph Jeffries - MLB",,"#97 Harry Hampton - WLB","#21 Julius Winter - CB","#40 Fred Padgett - CB",,,,"#34 Roderick Sanchez - SS",,,,,,,,,,,,,,,,,,,,,,,,,,,,,,,,,,,,,
DEN,4:48,"CHA 40",1,2,10,"I Formation 3WR HB Inside Weak","Nickel Normal Double LB Blitz",,0,0,"2-10-CHA 40 (4:47) 26-William Bettis ran to CHA 39 for a short gain. Tackle by 91-Richard Smith.","#8 Richard Crum - QB","#26 William Bettis - RB",,,"#41 Richard Cole - FB",,,"#19 Daniel Boone - WR","#15 Danny Robinson - WR","#87 Lyle Opitz - WR",,,"#63 George Sturgill - LT","#75 Robert Rademacher - LG","#59 John Austin - C","#65 Kyle Holbrook - RG","#64 Donald Carson - RT",,"#95 Kevin Farrar - LDE",,"#96 Michael Downey - DT","#64 Larry Grisham - DT","#91 Richard Smith - RDE",,"#94 Joseph Jeffries - MLB",,"#97 Harry Hampton - WLB","#24 Aaron Moore - CB","#21 Julius Winter - CB",,"#40 Fred Padgett - CB",,"#58 Mark Houck - FS","#34 Roderick Sanchez - SS",,,,,,,,,,,,,,,,,,,,,,,,,,,,,,,,,,,,
DEN,4:04,"CHA 39",1,3,10,"Shotgun Normal Deep Weak In and Out","Nickel Normal Double WR3",-10,0,0,"3-10-CHA 39 (4:03) 8-Richard Crum sacked at CHA 49 for -10 yards (91-Richard Smith). Sack allowed by 63-George Sturgill.","#8 Richard Crum - QB","#23 Manuel Martinez - RB",,,,"#82 Emanuel Doucette - TE",,"#19 Daniel Boone - WR","#87 Lyle Opitz - WR","#13 Thomas Warner - WR",,,"#63 George Sturgill - LT","#75 Robert Rademacher - LG","#59 John Austin - C","#65 Kyle Holbrook - RG","#64 Donald Carson - RT",,"#95 Kevin Farrar - LDE",,"#96 Michael Downey - DT","#64 Larry Grisham - DT","#91 Richard Smith - RDE",,"#94 Joseph Jeffries - MLB",,"#97 Harry Hampton - WLB","#24 Aaron Moore - CB","#21 Julius Winter - CB",,"#40 Fred Padgett - CB",,"#34 Roderick Sanchez - SS","#49 Roger Smith - FS",,,,,,,,,,,,,,,,,,,,,,,,,,,,,,,,,,,,
DEN,3:23,"CHA 49",1,4,19,Punt,"Punt Return",44,0,0,"4-19-CHA 49 (3:22)",,,,,,,,,,,,,,,,,,"#10 Jesse Hampton - P",,,,,,,,,,,,,,,,,,,"#59 John Austin - C",,"#41 Rodger Brown - RB",,,"#97 Harry Hampton - WLB","#53 Jeffery Hill - RDE","#94 Joseph Jeffries - MLB",,"#56 Kim Ball - MLB","#95 Kevin Farrar - LDE",,"#79 Anthony Moore - RDE",,,,"#87 Lyle Opitz - WR","#62 Martin Brick - LG","#63 George Sturgill - LT","#66 Mark Danielson - LT","#65 Kyle Holbrook - RG","#41 Richard Cole - FB",,"#49 Roger Smith - FS","#92 Jason McDonald - SLB","#21 Julius Winter - CB","#96 Michael Downey - DT",,,,,,,
CHA,3:13,"CHA 5",1,1,10,"I Formation Normal PA Fullback Flat","4-3 Normal Double Safety Blitz",,0,0,"1-10-CHA 5 (3:14) PENALTY - False Start (CHA 77-Steven Conti)","#13 Antonio Martinez - QB","#33 Anthony Gray - RB",,,"#20 Larry Robinson - FB","#89 Timmy Roache - TE",,"#11 Robert Lavender - WR",,"#17 Pete Herman - WR",,,"#86 Thomas Briggs - LT","#82 Mary Ashcraft - LG","#77 Steven Conti - C","#61 Hector Maeda - RG","#67 Norman Spaulding - LG",,"#90 Jerry Franklin - LDE",,"#93 Dale Nichols - DT","#72 Cameron Wilson - DT","#70 Neil Kenney - RDE","#96 Ervin Matson - SLB","#44 Bryan Bird - MLB",,"#57 Anthony Allan - WLB","#46 Wayne Cauley - CB","#24 Everett Whalen - CB",,,,"#22 Kelley Zook - SS","#38 William Fleming - FS",,,,,,,,,,,,,,,,,,,,,,,,,,,,,,,,,,,,
CHA,3:13,"CHA 3",1,1,13,"Strong I Normal Counter Strong","4-3 Normal Double Safety Blitz",,0,0,"1-13-CHA 3 (3:14) 33-Anthony Gray ran to CHA 3 for a short gain. Tackle by 77-Rafael Thomas.","#13 Antonio Martinez - QB","#33 Anthony Gray - RB",,,"#20 Larry Robinson - FB","#89 Timmy Roache - TE",,"#11 Robert Lavender - WR",,"#17 Pete Herman - WR",,,"#86 Thomas Briggs - LT","#82 Mary Ashcraft - LG","#77 Steven Conti - C","#61 Hector Maeda - RG","#67 Norman Spaulding - LG",,"#77 Rafael Thomas - LDE",,"#93 Dale Nichols - DT","#72 Cameron Wilson - DT","#78 Denver Campbell - RDE","#96 Ervin Matson - SLB","#42 Don Gregory - MLB",,"#57 Anthony Allan - WLB","#46 Wayne Cauley - CB","#24 Everett Whalen - CB",,,,"#22 Kelley Zook - SS","#38 William Fleming - FS",,,,,,,,,,,,,,,,,,,,,,,,,,,,,,,,,,,,
CHA,2:42,"CHA 3",1,2,12,"I Formation Twin WR Quick Outs","4-3 Normal Double Safety Blitz",,0,0,"2-12-CHA 3 (2:41) 13-Antonio Martinez pass Pass knocked down by 57-Anthony Allan. incomplete, intended for 89-Timmy Roache.","#13 Antonio Martinez - QB","#45 James Sadler - RB",,,"#20 Larry Robinson - FB","#89 Timmy Roache - TE",,"#11 Robert Lavender - WR",,"#17 Pete Herman - WR",,,"#86 Thomas Briggs - LT","#82 Mary Ashcraft - LG","#77 Steven Conti - C","#69 Brad Wiens - RG","#61 Hector Maeda - RG",,"#77 Rafael Thomas - LDE",,"#93 Dale Nichols - DT","#72 Cameron Wilson - DT","#78 Denver Campbell - RDE","#96 Ervin Matson - SLB","#42 Don Gregory - MLB",,"#57 Anthony Allan - WLB","#46 Wayne Cauley - CB","#24 Everett Whalen - CB",,,,"#22 Kelley Zook - SS","#38 William Fleming - FS",,,,,,,,,,,,,,,,,,,,,,,,,,,,,,,,,,,,
CHA,2:37,"CHA 3",1,3,12,"Singleback Normal PA Rollout","Nickel Normal 2 Deep",,0,0,"3-12-CHA 3 (2:38) 13-Antonio Martinez pass incomplete, dropped by 84-John Kirkland.","#13 Antonio Martinez - QB","#33 Anthony Gray - RB",,,,"#89 Timmy Roache - TE",,"#19 Jeff Mellen - WR","#11 Robert Lavender - WR","#84 John Kirkland - WR",,,"#86 Thomas Briggs - LT","#82 Mary Ashcraft - LG","#77 Steven Conti - C","#61 Hector Maeda - RG","#67 Norman Spaulding - LG",,"#77 Rafael Thomas - LDE",,"#93 Dale Nichols - DT","#72 Cameron Wilson - DT","#78 Denver Campbell - RDE",,"#44 Bryan Bird - MLB",,"#57 Anthony Allan - WLB","#46 Wayne Cauley - CB","#24 Everett Whalen - CB",,"#33 Russell Washington - CB",,"#22 Kelley Zook - SS","#38 William Fleming - FS",,,,,,,,,,,,,,,,,,,,,,,,,,,,,,,,,,,,
CHA,2:33,"CHA 3",1,4,12,Punt,"Punt Return",,0,0,"4-12-CHA 3 (2:34) 15-Charles Brothers punts 45 yards to CHA 49. 13-Thomas Warner to CHA 40 for 8 yards. Tackle by 86-Thomas Briggs.",,,,,,,,,,,,,,,,,,"#15 Charles Brothers - P",,,,,,,,,,,,,,,,,,,"#67 Norman Spaulding - LG",,"#13 Thomas Warner - WR",,,"#42 Don Gregory - MLB","#96 Ervin Matson - SLB","#77 Rafael Thomas - LDE",,"#24 Everett Whalen - CB","#22 Kelley Zook - SS",,"#44 Bryan Bird - MLB",,,,"#69 Brad Wiens - RG","#77 Steven Conti - C","#61 Hector Maeda - RG","#55 Anthony Lear - RG","#82 Mary Ashcraft - LG","#86 Thomas Briggs - LT",,"#38 William Fleming - FS","#72 Cameron Wilson - DT","#78 Denver Campbell - RDE","#73 Craig Lavelle - DT",,,,,,,
DEN,2:25,"CHA 40",1,1,10,"I Formation Normal PA Outside Curls","4-3 Normal SLB Middle Blitz",5,0,0,"1-10-CHA 40 (2:26) 8-Richard Crum pass complete to 19-Daniel Boone to CHA 35 for 5 yards. Tackle by 93-James Maughan. Great move by 19-Daniel Boone to get free of his coverage.","#8 Richard Crum - QB","#23 Manuel Martinez - RB",,,"#41 Richard Cole - FB","#82 Emanuel Doucette - TE",,"#19 Daniel Boone - WR",,"#87 Lyle Opitz - WR",,,"#63 George Sturgill - LT","#75 Robert Rademacher - LG","#59 John Austin - C","#65 Kyle Holbrook - RG","#60 James Rivera - RT",,"#95 Kevin Farrar - LDE",,"#96 Michael Downey - DT","#64 Larry Grisham - DT","#91 Richard Smith - RDE","#92 Jason McDonald - SLB","#54 James Reynolds - MLB",,"#93 James Maughan - WLB","#24 Aaron Moore - CB","#21 Julius Winter - CB",,,,"#34 Roderick Sanchez - SS","#49 Roger Smith - FS",,,,,,,,,,,,,,,,,,,,,,,,,,,,,,,,,,,,
DEN,1:50,"CHA 35",1,2,5,"Weak I Normal HB Inside Strong","4-3 Normal OLB Blitz Inside",,0,0,"2-5-CHA 35 (1:49) 23-Manuel Martinez ran to CHA 35 for a short gain. Tackle by 97-Harry Hampton.","#8 Richard Crum - QB","#23 Manuel Martinez - RB",,,"#41 Richard Cole - FB","#82 Emanuel Doucette - TE",,"#19 Daniel Boone - WR",,"#87 Lyle Opitz - WR",,,"#63 George Sturgill - LT","#75 Robert Rademacher - LG","#59 John Austin - C","#65 Kyle Holbrook - RG","#60 James Rivera - RT",,"#95 Kevin Farrar - LDE",,"#96 Michael Downey - DT","#64 Larry Grisham - DT","#91 Richard Smith - RDE","#92 Jason McDonald - SLB","#94 Joseph Jeffries - MLB",,"#97 Harry Hampton - WLB","#40 Fred Padgett - CB","#37 Harold Smith - CB",,,,"#58 Mark Houck - FS","#35 Gerald Brown - SS",,,,,,,,,,,,,,,,,,,,,,,,,,,,,,,,,,,,
DEN,1:11,"CHA 35",1,3,5,"Shotgun 2 RB 3 WR WR Hooks","Nickel Normal Double WR2",,0,0,"3-5-CHA 35 (1:10) 8-Richard Crum pass Pass knocked down by 40-Fred Padgett. incomplete, intended for 13-Thomas Warner.","#8 Richard Crum - QB","#23 Manuel Martinez - RB","#26 William Bettis - RB",,,,,"#19 Daniel Boone - WR","#13 Thomas Warner - WR","#87 Lyle Opitz - WR",,,"#63 George Sturgill - LT","#75 Robert Rademacher - LG","#59 John Austin - C","#65 Kyle Holbrook - RG","#60 James Rivera - RT",,"#95 Kevin Farrar - LDE",,"#96 Michael Downey - DT","#64 Larry Grisham - DT","#91 Richard Smith - RDE",,"#94 Joseph Jeffries - MLB",,"#97 Harry Hampton - WLB","#24 Aaron Moore - CB","#21 Julius Winter - CB",,"#40 Fred Padgett - CB",,"#34 Roderick Sanchez - SS","#49 Roger Smith - FS",,,,,,,,,,,,,,,,,,,,,,,,,,,,,,,,,,,,
DEN,1:06,"CHA 35",1,4,5,Punt,"Punt Return",,0,0,"4-5-CHA 35 (1:07) 10-Jesse Hampton punts 30 yards to CHA 5. Fair Catch by 41-Rodger Brown. DEN 65-Kyle Holbrook was injured on the play. He looks like he should be able to return.",,,,,,,,,,,,,,,,,,"#10 Jesse Hampton - P",,,,,,,,,,,,,,,,,,,"#59 John Austin - C",,"#41 Rodger Brown - RB",,,"#97 Harry Hampton - WLB","#75 Lawrence Choi - DT","#94 Joseph Jeffries - MLB",,"#56 Kim Ball - MLB","#79 Anthony Moore - RDE",,"#53 Jeffery Hill - RDE",,,,"#60 James Rivera - RT","#62 Martin Brick - LG","#63 George Sturgill - LT","#66 Mark Danielson - LT","#65 Kyle Holbrook - RG","#87 Lyle Opitz - WR",,"#91 Richard Smith - RDE","#92 Jason McDonald - SLB","#96 Michael Downey - DT","#95 Kevin Farrar - LDE",,,,,,,
CHA,0:59,"CHA 5",1,1,10,"Shotgun Normal FL Slant","Nickel 3-3-5 Cover 2 Man Under",2,0,0,"1-10-CHA 5 (1:00) 13-Antonio Martinez pass complete to 33-Anthony Gray to CHA 7 for 2 yards. Tackle by 57-Anthony Allan.","#13 Antonio Martinez - QB","#33 Anthony Gray - RB",,,,"#89 Timmy Roache - TE",,"#11 Robert Lavender - WR","#19 Jeff Mellen - WR","#17 Pete Herman - WR",,,"#86 Thomas Briggs - LT","#82 Mary Ashcraft - LG","#77 Steven Conti - C","#69 Brad Wiens - RG","#61 Hector Maeda - RG",,"#77 Rafael Thomas - LDE",,"#93 Dale Nichols - DT",,"#78 Denver Campbell - RDE","#96 Ervin Matson - SLB","#42 Don Gregory - MLB",,"#57 Anthony Allan - WLB","#46 Wayne Cauley - CB","#24 Everett Whalen - CB",,"#33 Russell Washington - CB",,"#22 Kelley Zook - SS","#38 William Fleming - FS",,,,,,,,,,,,,,,,,,,,,,,,,,,,,,,,,,,,
CHA,0:28,"CHA 7",1,2,8,"I Formation Normal HB Counter","4-3 Normal 3 Deep LB Blitz",2,0,0,"2-8-CHA 7 (0:27) 45-James Sadler ran to CHA 9 for 2 yards. Tackle by 77-Rafael Thomas.","#13 Antonio Martinez - QB","#45 James Sadler - RB",,,"#20 Larry Robinson - FB","#89 Timmy Roache - TE",,"#84 John Kirkland - WR",,"#11 Robert Lavender - WR",,,"#86 Thomas Briggs - LT","#82 Mary Ashcraft - LG","#77 Steven Conti - C","#61 Hector Maeda - RG","#67 Norman Spaulding - LG",,"#77 Rafael Thomas - LDE",,"#93 Dale Nichols - DT","#72 Cameron Wilson - DT","#78 Denver Campbell - RDE","#96 Ervin Matson - SLB","#42 Don Gregory - MLB",,"#57 Anthony Allan - WLB","#46 Wayne Cauley - CB","#24 Everett Whalen - CB",,,,"#22 Kelley Zook - SS","#38 William Fleming - FS",,,,,,,,,,,,,,,,,,,,,,,,,,,,,,,,,,,,
,0:00,,1,3,6,,,,0,0,"End of first quarter.",,,,,,,,,,,,,,,,,,,,,,,,,,,,,,,,,,,,,,,,,,,,,,,,,,,,,,,,,,,,,,,,,,,,,,
CHA,15:00,"CHA 9",2,3,6,"Strong I Normal Counter Strong","4-3 Under Crash Right",4,0,0,"3-6-CHA 9 (15:00) 33-Anthony Gray ran to CHA 13 for 4 yards. Tackle by 42-Don Gregory.","#13 Antonio Martinez - QB","#33 Anthony Gray - RB",,,"#20 Larry Robinson - FB","#89 Timmy Roache - TE",,"#17 Pete Herman - WR",,"#19 Jeff Mellen - WR",,,"#86 Thomas Briggs - LT","#82 Mary Ashcraft - LG","#77 Steven Conti - C","#69 Brad Wiens - RG","#61 Hector Maeda - RG",,"#77 Rafael Thomas - LDE",,"#93 Dale Nichols - DT","#72 Cameron Wilson - DT","#78 Denver Campbell - RDE","#96 Ervin Matson - SLB","#42 Don Gregory - MLB",,"#57 Anthony Allan - WLB","#46 Wayne Cauley - CB","#24 Everett Whalen - CB",,,,"#22 Kelley Zook - SS","#38 William Fleming - FS",,,,,,,,,,,,,,,,,,,,,,,,,,,,,,,,,,,,
CHA,14:23,"CHA 13",2,4,2,Punt,"Punt Return",,0,0,"4-2-CHA 13 (14:22) 15-Charles Brothers punts 47 yards to DEN 40. 13-Thomas Warner to CHA 37 for 23 yards. PENALTY - Holding (CHA 77-Steven Conti) (Declined)",,,,,,,,,,,,,,,,,,"#15 Charles Brothers - P",,,,,,,,,,,,,,,,,,,"#67 Norman Spaulding - LG",,"#13 Thomas Warner - WR",,,"#42 Don Gregory - MLB","#96 Ervin Matson - SLB","#77 Rafael Thomas - LDE",,"#24 Everett Whalen - CB","#22 Kelley Zook - SS",,"#44 Bryan Bird - MLB",,,,"#69 Brad Wiens - RG","#77 Steven Conti - C","#61 Hector Maeda - RG","#55 Anthony Lear - RG","#82 Mary Ashcraft - LG","#86 Thomas Briggs - LT",,"#38 William Fleming - FS","#72 Cameron Wilson - DT","#78 Denver Campbell - RDE","#73 Craig Lavelle - DT",,,,,,,
DEN,14:10,"CHA 37",2,1,10,"I Formation Power HB Strong Outside","Goal Line Attack #1",-2,0,0,"1-10-CHA 37 (14:11) 23-Manuel Martinez ran to CHA 39 for -2 yards. Tackle by 93-James Maughan.","#8 Richard Crum - QB","#23 Manuel Martinez - RB",,"#26 William Bettis - RB","#41 Richard Cole - FB","#82 Emanuel Doucette - TE",,"#19 Daniel Boone - WR",,,,,"#63 George Sturgill - LT","#75 Robert Rademacher - LG","#59 John Austin - C","#65 Kyle Holbrook - RG","#60 James Rivera - RT",,"#95 Kevin Farrar - LDE","#53 Jeffery Hill - RDE","#96 Michael Downey - DT","#64 Larry Grisham - DT","#91 Richard Smith - RDE","#92 Jason McDonald - SLB","#54 James Reynolds - MLB",,"#93 James Maughan - WLB","#24 Aaron Moore - CB","#21 Julius Winter - CB",,,,"#34 Roderick Sanchez - SS",,,,,,,,,,,,,,,,,,,,,,,,,,,,,,,,,,,,,
DEN,13:36,"CHA 39",2,2,12,"I Formation Normal PA Outside Curls","46 Heavy WLB Blitz",4,0,0,"2-12-CHA 39 (13:35) 8-Richard Crum pass complete to 19-Daniel Boone to CHA 35 for 4 yards. Tackle by 24-Aaron Moore. 19-Daniel Boone did some fancy footwork there.","#8 Richard Crum - QB","#23 Manuel Martinez - RB",,,"#41 Richard Cole - FB","#82 Emanuel Doucette - TE",,"#19 Daniel Boone - WR",,"#87 Lyle Opitz - WR",,,"#63 George Sturgill - LT","#75 Robert Rademacher - LG","#59 John Austin - C","#65 Kyle Holbrook - RG","#60 James Rivera - RT",,"#95 Kevin Farrar - LDE",,"#96 Michael Downey - DT","#64 Larry Grisham - DT","#91 Richard Smith - RDE","#92 Jason McDonald - SLB","#56 Kim Ball - MLB",,"#97 Harry Hampton - WLB","#24 Aaron Moore - CB","#21 Julius Winter - CB",,,,"#34 Roderick Sanchez - SS","#49 Roger Smith - FS",,,,,,,,,,,,,,,,,,,,,,,,,,,,,,,,,,,,
DEN,12:55,"CHA 35",2,3,8,"Weak I Normal WR Corner TE Middle","4-3 Normal OLB Blitz Inside",16,0,0,"3-8-CHA 35 (12:54) 8-Richard Crum pass complete to 82-Emanuel Doucette to CHA 20 for 16 yards. Tackle by 94-Joseph Jeffries. 82-Emanuel Doucette breaks down the CB.","#8 Richard Crum - QB","#23 Manuel Martinez - RB",,,"#41 Richard Cole - FB","#82 Emanuel Doucette - TE",,"#19 Daniel Boone - WR",,"#87 Lyle Opitz - WR",,,"#63 George Sturgill - LT","#75 Robert Rademacher - LG","#59 John Austin - C","#65 Kyle Holbrook - RG","#60 James Rivera - RT",,"#95 Kevin Farrar - LDE",,"#96 Michael Downey - DT","#64 Larry Grisham - DT","#91 Richard Smith - RDE","#92 Jason McDonald - SLB","#94 Joseph Jeffries - MLB",,"#97 Harry Hampton - WLB","#37 Harold Smith - CB","#35 Gerald Brown - SS",,,,"#58 Mark Houck - FS","#40 Fred Padgett - CB",,,,,,,,,,,,,,,,,,,,,,,,,,,,,,,,,,,,
DEN,12:14,"CHA 20",2,1,10,"Goal Line Normal HB Toss Strong","Goal Line Attack #1",-3,0,0,"1-10-CHA 20 (12:13) 23-Manuel Martinez ran to CHA 22 for -3 yards. Tackle by 56-Kim Ball.","#8 Richard Crum - QB","#23 Manuel Martinez - RB",,"#26 William Bettis - RB","#41 Richard Cole - FB","#82 Emanuel Doucette - TE","#36 Al  Gore - TE",,,,,,"#63 George Sturgill - LT","#75 Robert Rademacher - LG","#59 John Austin - C","#65 Kyle Holbrook - RG","#60 James Rivera - RT",,"#95 Kevin Farrar - LDE","#53 Jeffery Hill - RDE","#96 Michael Downey - DT","#64 Larry Grisham - DT","#91 Richard Smith - RDE","#92 Jason McDonald - SLB","#56 Kim Ball - MLB",,"#93 James Maughan - WLB","#24 Aaron Moore - CB","#21 Julius Winter - CB",,,,"#34 Roderick Sanchez - SS",,,,,,,,,,,,,,,,,,,,,,,,,,,,,,,,,,,,,
DEN,11:40,"CHA 22",2,2,13,"I Formation 3WR Slot Corner Long","Nickel Normal CB3 LB Blitz",,0,0,"2-13-CHA 22 (11:39) 8-Richard Crum pass incomplete, dropped by 19-Daniel Boone. That was a dangerous pass. Pressure by 37-Harold Smith. 58-Mark Houck got away with a hold on that play.","#8 Richard Crum - QB","#23 Manuel Martinez - RB",,,"#41 Richard Cole - FB",,,"#19 Daniel Boone - WR","#15 Danny Robinson - WR","#87 Lyle Opitz - WR",,,"#63 George Sturgill - LT","#75 Robert Rademacher - LG","#59 John Austin - C","#65 Kyle Holbrook - RG","#60 James Rivera - RT",,"#95 Kevin Farrar - LDE",,"#96 Michael Downey - DT","#64 Larry Grisham - DT","#91 Richard Smith - RDE",,"#94 Joseph Jeffries - MLB",,"#97 Harry Hampton - WLB","#24 Aaron Moore - CB","#40 Fred Padgett - CB",,"#37 Harold Smith - CB",,"#58 Mark Houck - FS","#49 Roger Smith - FS",,,,,,,,,,,,,,,,,,,,,,,,,,,,,,,,,,,,
DEN,11:35,"CHA 22",2,3,13,"Shotgun 2 RB 3 WR FB In","Nickel Normal Double WR2",1,0,0,"3-13-CHA 22 (11:36) 8-Richard Crum pass complete to 19-Daniel Boone to CHA 21 for 1 yards. Tackle by 21-Julius Winter. 19-Daniel Boone did some fancy footwork there. 94-Joseph Jeffries got away with a hold on that play.","#8 Richard Crum - QB","#23 Manuel Martinez - RB","#26 William Bettis - RB",,,,,"#19 Daniel Boone - WR","#13 Thomas Warner - WR","#87 Lyle Opitz - WR",,,"#63 George Sturgill - LT","#75 Robert Rademacher - LG","#59 John Austin - C","#65 Kyle Holbrook - RG","#60 James Rivera - RT",,"#95 Kevin Farrar - LDE",,"#96 Michael Downey - DT","#64 Larry Grisham - DT","#91 Richard Smith - RDE",,"#94 Joseph Jeffries - MLB",,"#97 Harry Hampton - WLB","#21 Julius Winter - CB","#40 Fred Padgett - CB",,"#35 Gerald Brown - SS",,"#34 Roderick Sanchez - SS","#58 Mark Houck - FS",,,,,,,,,,,,,,,,,,,,,,,,,,,,,,,,,,,,
DEN,10:57,"CHA 21",2,4,12,"Field Goal","FG Block",32,0,3,"4-12-CHA 21 (10:56) 7-Tyler Garcia 38 yard field goal is GOOD. CHA 0 DEN 3",,,,,,,,,,,,,,,,,,,,,,,,,,,,,,,,,,,,"#13 Thomas Warner - WR","#59 John Austin - C",,,,,,,,,,,,,,"#7 Tyler Garcia - K","#75 Robert Rademacher - LG","#60 James Rivera - RT","#62 Martin Brick - LG","#63 George Sturgill - LT","#66 Mark Danielson - LT","#65 Kyle Holbrook - RG","#87 Lyle Opitz - WR","#41 Richard Cole - FB","#49 Roger Smith - FS","#92 Jason McDonald - SLB","#94 Joseph Jeffries - MLB","#96 Michael Downey - DT","#35 Gerald Brown - SS","#64 Larry Grisham - DT","#97 Harry Hampton - WLB","#91 Richard Smith - RDE","#95 Kevin Farrar - LDE","#59 David Fanning - RDE","#21 Julius Winter - CB"
DEN,10:52,"DEN 35",2,6,10,Kickoff,"Kick Return",,0,3,"(10:53) 7-Tyler Garcia kicks 74 yards from DEN 35 to CHA -9. Touchback.",,,,,,,,,,,,,,,,,,,,,,,,,,,,,,,,,,,,,,"#41 Rodger Brown - RB",,"#75 Lawrence Choi - DT","#49 Roger Smith - FS","#97 Harry Hampton - WLB","#53 Jeffery Hill - RDE","#94 Joseph Jeffries - MLB","#96 Michael Downey - DT","#56 Kim Ball - MLB","#95 Kevin Farrar - LDE","#21 Julius Winter - CB","#79 Anthony Moore - RDE","#7 Tyler Garcia - K",,,,,,,,,,,,,,,,,,,,
CHA,10:52,"CHA 25",2,1,10,"I Formation Twin WR Hard Slants","4-3 Normal Double Safety Blitz",8,0,3,"1-10-CHA 25 (10:53) 13-Antonio Martinez pass complete to 11-Robert Lavender to CHA 33 for 8 yards. Tackle by 46-Wayne Cauley.","#13 Antonio Martinez - QB","#33 Anthony Gray - RB",,,"#20 Larry Robinson - FB","#89 Timmy Roache - TE",,"#11 Robert Lavender - WR",,"#17 Pete Herman - WR",,,"#86 Thomas Briggs - LT","#82 Mary Ashcraft - LG","#77 Steven Conti - C","#69 Brad Wiens - RG","#61 Hector Maeda - RG",,"#77 Rafael Thomas - LDE",,"#93 Dale Nichols - DT","#72 Cameron Wilson - DT","#78 Denver Campbell - RDE","#96 Ervin Matson - SLB","#42 Don Gregory - MLB",,"#57 Anthony Allan - WLB","#46 Wayne Cauley - CB","#24 Everett Whalen - CB",,,,"#22 Kelley Zook - SS","#38 William Fleming - FS",,,,,,,,,,,,,,,,,,,,,,,,,,,,,,,,,,,,
CHA,10:14,"CHA 33",2,2,2,"Weak I Normal Fullback Counter Weak","4-3 Normal OLB Blitz Inside",3,0,3,"2-2-CHA 33 (10:13) 20-Larry Robinson ran to CHA 33 for a short loss. 20-Larry Robinson FUMBLES (78-Denver Campbell) recovered by CHA-86-Thomas Briggs to CHA 36 for 3 yards. Tackle by 42-Don Gregory.","#13 Antonio Martinez - QB","#45 James Sadler - RB",,,"#20 Larry Robinson - FB","#89 Timmy Roache - TE",,"#11 Robert Lavender - WR",,"#17 Pete Herman - WR",,,"#86 Thomas Briggs - LT","#82 Mary Ashcraft - LG","#77 Steven Conti - C","#69 Brad Wiens - RG","#61 Hector Maeda - RG",,"#77 Rafael Thomas - LDE",,"#93 Dale Nichols - DT","#72 Cameron Wilson - DT","#78 Denver Campbell - RDE","#96 Ervin Matson - SLB","#42 Don Gregory - MLB",,"#57 Anthony Allan - WLB","#46 Wayne Cauley - CB","#24 Everett Whalen - CB",,,,"#22 Kelley Zook - SS","#38 William Fleming - FS",,,,,,,,,,,,,,,,,,,,,,,,,,,,,,,,,,,,
CHA,9:35,"CHA 36",2,1,10,"Goal Line Normal HB Pitch Weak","Goal Line 3 Deep Zone Under",-1,0,3,"1-10-CHA 36 (9:34) 33-Anthony Gray ran to CHA 35 for -1 yards. Tackle by 57-Anthony Allan.","#13 Antonio Martinez - QB","#33 Anthony Gray - RB",,"#41 Rodger Brown - RB","#22 Lee Dorman - RB","#89 Timmy Roache - TE","#85 William Martin - TE",,,,,,"#86 Thomas Briggs - LT","#82 Mary Ashcraft - LG","#77 Steven Conti - C","#61 Hector Maeda - RG","#67 Norman Spaulding - LG",,"#77 Rafael Thomas - LDE","#90 Jerry Franklin - LDE","#93 Dale Nichols - DT","#72 Cameron Wilson - DT","#78 Denver Campbell - RDE","#96 Ervin Matson - SLB","#42 Don Gregory - MLB",,"#57 Anthony Allan - WLB","#46 Wayne Cauley - CB","#24 Everett Whalen - CB",,,,"#22 Kelley Zook - SS",,,,,,,,,,,,,,,,,,,,,,,,,,,,,,,,,,,,,
CHA,9:00,"CHA 35",2,2,11,"Weak I Normal Skinny Posts","4-3 Normal OLB Blitz Outside",4,0,3,"2-11-CHA 35 (8:59) 13-Antonio Martinez pass complete to 11-Robert Lavender to CHA 39 for 4 yards. Tackle by 46-Wayne Cauley.","#13 Antonio Martinez - QB","#41 Rodger Brown - RB",,,"#20 Larry Robinson - FB","#89 Timmy Roache - TE",,"#11 Robert Lavender - WR",,"#17 Pete Herman - WR",,,"#86 Thomas Briggs - LT","#82 Mary Ashcraft - LG","#77 Steven Conti - C","#61 Hector Maeda - RG","#67 Norman Spaulding - LG",,"#77 Rafael Thomas - LDE",,"#93 Dale Nichols - DT","#72 Cameron Wilson - DT","#78 Denver Campbell - RDE","#96 Ervin Matson - SLB","#42 Don Gregory - MLB",,"#57 Anthony Allan - WLB","#46 Wayne Cauley - CB","#24 Everett Whalen - CB",,,,"#22 Kelley Zook - SS","#38 William Fleming - FS",,,,,,,,,,,,,,,,,,,,,,,,,,,,,,,,,,,,
CHA,8:26,"CHA 39",2,3,7,"I Formation Twin WR Quick Outs","4-3 Normal 3 Deep LB Blitz",15,0,3,"3-7-CHA 39 (8:25) 13-Antonio Martinez pass complete to 89-Timmy Roache to DEN 46 for 15 yards. Tackle by 46-Wayne Cauley.","#13 Antonio Martinez - QB","#33 Anthony Gray - RB",,,"#20 Larry Robinson - FB","#89 Timmy Roache - TE",,"#19 Jeff Mellen - WR",,"#84 John Kirkland - WR",,,"#86 Thomas Briggs - LT","#82 Mary Ashcraft - LG","#77 Steven Conti - C","#69 Brad Wiens - RG","#61 Hector Maeda - RG",,"#77 Rafael Thomas - LDE",,"#93 Dale Nichols - DT","#72 Cameron Wilson - DT","#78 Denver Campbell - RDE","#96 Ervin Matson - SLB","#42 Don Gregory - MLB",,"#57 Anthony Allan - WLB","#46 Wayne Cauley - CB","#24 Everett Whalen - CB",,,,"#33 Russell Washington - CB","#38 William Fleming - FS",,,,,,,,,,,,,,,,,,,,,,,,,,,,,,,,,,,,
CHA,7:44,"DEN 46",2,1,10,"I Formation Power Play Action HB Downfield","Goal Line 3 Deep Zone Under",27,0,3,"1-10-DEN 46 (7:43) 13-Antonio Martinez pass complete to 85-William Martin to DEN 18 for 27 yards. Tackle by 33-Russell Washington.","#13 Antonio Martinez - QB","#45 James Sadler - RB",,"#41 Rodger Brown - RB","#22 Lee Dorman - RB","#85 William Martin - TE",,"#11 Robert Lavender - WR",,,,,"#86 Thomas Briggs - LT","#82 Mary Ashcraft - LG","#77 Steven Conti - C","#61 Hector Maeda - RG","#67 Norman Spaulding - LG",,"#77 Rafael Thomas - LDE","#90 Jerry Franklin - LDE","#93 Dale Nichols - DT","#72 Cameron Wilson - DT","#78 Denver Campbell - RDE","#96 Ervin Matson - SLB","#44 Bryan Bird - MLB",,"#57 Anthony Allan - WLB","#46 Wayne Cauley - CB","#33 Russell Washington - CB",,,,"#22 Kelley Zook - SS",,,,,,,,,,,,,,,,,,,,,,,,,,,,,,,,,,,,,
CHA,7:04,"DEN 18",2,1,10,"Singleback Big PA Curls","4-3 Normal Double Safety Blitz",9,0,3,"1-10-DEN 18 (7:03) 9-Chris Miller pass complete to 17-Pete Herman to DEN 9 for 9 yards. Tackle by 24-Everett Whalen.","#9 Chris Miller - QB","#33 Anthony Gray - RB",,,,"#89 Timmy Roache - TE","#85 William Martin - TE","#17 Pete Herman - WR",,"#19 Jeff Mellen - WR",,,"#86 Thomas Briggs - LT","#82 Mary Ashcraft - LG","#67 Norman Spaulding - LG","#69 Brad Wiens - RG","#61 Hector Maeda - RG",,"#77 Rafael Thomas - LDE",,"#93 Dale Nichols - DT","#72 Cameron Wilson - DT","#78 Denver Campbell - RDE","#43 Roy Labarge - SLB","#42 Don Gregory - MLB",,"#57 Anthony Allan - WLB","#24 Everett Whalen - CB","#39 Anthony Overstreet - CB",,,,"#49 Kris Miller - FS","#38 William Fleming - FS",,,,,,,,,,,,,,,,,,,,,,,,,,,,,,,,,,,,
CHA,6:19,"DEN 9",2,2,1,"Shotgun Normal HB Flare","Nickel Normal SS Blitz",,0,3,"2-1-DEN 9 (6:18) 13-Antonio Martinez pass Pass knocked down by 57-Anthony Allan. incomplete, intended for 89-Timmy Roache.","#13 Antonio Martinez - QB","#41 Rodger Brown - RB",,,,"#89 Timmy Roache - TE",,"#11 Robert Lavender - WR","#19 Jeff Mellen - WR","#84 John Kirkland - WR",,,"#77 Steven Conti - C","#82 Mary Ashcraft - LG","#67 Norman Spaulding - LG","#61 Hector Maeda - RG","#55 Anthony Lear - RG",,"#77 Rafael Thomas - LDE",,"#93 Dale Nichols - DT","#72 Cameron Wilson - DT","#78 Denver Campbell - RDE",,"#44 Bryan Bird - MLB",,"#57 Anthony Allan - WLB","#46 Wayne Cauley - CB","#24 Everett Whalen - CB",,"#39 Anthony Overstreet - CB",,"#33 Russell Washington - CB","#38 William Fleming - FS",,,,,,,,,,,,,,,,,,,,,,,,,,,,,,,,,,,,
CHA,6:13,"DEN 9",2,3,1,"I Formation Normal HB Draw","4-3 Normal OLB Blitz Inside",5,0,3,"3-1-DEN 9 (6:14) 45-James Sadler ran to DEN 4 for 5 yards. Tackle by 22-Kelley Zook.","#13 Antonio Martinez - QB","#45 James Sadler - RB",,,"#20 Larry Robinson - FB","#89 Timmy Roache - TE",,"#17 Pete Herman - WR",,"#11 Robert Lavender - WR",,,"#86 Thomas Briggs - LT","#82 Mary Ashcraft - LG","#77 Steven Conti - C","#61 Hector Maeda - RG","#67 Norman Spaulding - LG",,"#77 Rafael Thomas - LDE",,"#93 Dale Nichols - DT","#72 Cameron Wilson - DT","#78 Denver Campbell - RDE","#96 Ervin Matson - SLB","#42 Don Gregory - MLB",,"#57 Anthony Allan - WLB","#33 Russell Washington - CB","#39 Anthony Overstreet - CB",,,,"#22 Kelley Zook - SS","#38 William Fleming - FS",,,,,,,,,,,,,,,,,,,,,,,,,,,,,,,,,,,,
CHA,5:33,"DEN 4",2,1,4,"I Formation Normal HB Counter","4-3 Under Crash Right",,0,3,"1-4-DEN 4 (5:32) 33-Anthony Gray ran to DEN 4 for a short gain. Tackle by 77-Rafael Thomas.","#13 Antonio Martinez - QB","#33 Anthony Gray - RB",,,"#20 Larry Robinson - FB","#89 Timmy Roache - TE",,"#17 Pete Herman - WR",,"#84 John Kirkland - WR",,,"#86 Thomas Briggs - LT","#82 Mary Ashcraft - LG","#77 Steven Conti - C","#69 Brad Wiens - RG","#61 Hector Maeda - RG",,"#77 Rafael Thomas - LDE",,"#93 Dale Nichols - DT","#72 Cameron Wilson - DT","#78 Denver Campbell - RDE","#96 Ervin Matson - SLB","#42 Don Gregory - MLB",,"#57 Anthony Allan - WLB","#46 Wayne Cauley - CB","#24 Everett Whalen - CB",,,,"#22 Kelley Zook - SS","#38 William Fleming - FS",,,,,,,,,,,,,,,,,,,,,,,,,,,,,,,,,,,,
CHA,4:59,"DEN 4",2,2,4,"I Formation Twin WR Hard Slants","4-3 Under Crash Right",,0,3,"2-4-DEN 4 (4:58) 13-Antonio Martinez pass Pass knocked down by 46-Wayne Cauley. incomplete, intended for 11-Robert Lavender.","#13 Antonio Martinez - QB","#45 James Sadler - RB",,,"#20 Larry Robinson - FB","#89 Timmy Roache - TE",,"#11 Robert Lavender - WR",,"#17 Pete Herman - WR",,,"#86 Thomas Briggs - LT","#82 Mary Ashcraft - LG","#77 Steven Conti - C","#69 Brad Wiens - RG","#61 Hector Maeda - RG",,"#77 Rafael Thomas - LDE",,"#93 Dale Nichols - DT","#72 Cameron Wilson - DT","#78 Denver Campbell - RDE","#96 Ervin Matson - SLB","#42 Don Gregory - MLB",,"#57 Anthony Allan - WLB","#46 Wayne Cauley - CB","#24 Everett Whalen - CB",,,,"#22 Kelley Zook - SS","#38 William Fleming - FS",,,,,,,,,,,,,,,,,,,,,,,,,,,,,,,,,,,,
CHA,4:54,"DEN 4",2,3,4,"Shotgun Normal FL Slant","Nickel Normal SS Blitz",4,6,3,"3-4-DEN 4 (4:55) 13-Antonio Martinez pass complete to 84-John Kirkland for 4 yards. TOUCHDOWN! CHA 6 DEN 3","#13 Antonio Martinez - QB","#33 Anthony Gray - RB",,,,"#89 Timmy Roache - TE",,"#11 Robert Lavender - WR","#84 John Kirkland - WR","#19 Jeff Mellen - WR",,,"#86 Thomas Briggs - LT","#82 Mary Ashcraft - LG","#77 Steven Conti - C","#61 Hector Maeda - RG","#67 Norman Spaulding - LG",,"#77 Rafael Thomas - LDE",,"#93 Dale Nichols - DT","#72 Cameron Wilson - DT","#78 Denver Campbell - RDE",,"#42 Don Gregory - MLB",,"#57 Anthony Allan - WLB","#46 Wayne Cauley - CB","#24 Everett Whalen - CB",,"#33 Russell Washington - CB",,"#22 Kelley Zook - SS","#38 William Fleming - FS",,,,,,,,,,,,,,,,,,,,,,,,,,,,,,,,,,,,
CHA,4:51,"DEN 15",2,7,15,"Field Goal","FG Block",26,7,3,"(4:52) Extra point GOOD by 1-Carlos Reed. CHA 7 DEN 3",,,,,,,,,,,,,,,,,,,,,,,,,,,,,,,,,,,,"#15 Charles Brothers - P","#67 Norman Spaulding - LG",,,,,,,,,,,,,,"#1 Carlos Reed - K","#85 William Martin - TE","#69 Brad Wiens - RG","#77 Steven Conti - C","#61 Hector Maeda - RG","#55 Anthony Lear - RG","#82 Mary Ashcraft - LG","#86 Thomas Briggs - LT","#22 Lee Dorman - RB","#73 Craig Lavelle - DT","#72 Cameron Wilson - DT","#78 Denver Campbell - RDE","#42 Don Gregory - MLB","#53 Eddie Schiro - SLB","#96 Ervin Matson - SLB","#77 Rafael Thomas - LDE","#24 Everett Whalen - CB","#38 William Fleming - FS","#22 Kelley Zook - SS","#44 Bryan Bird - MLB"
CHA,4:51,"CHA 35",2,6,10,Kickoff,"Kick Return",,7,3,"(4:52) 1-Carlos Reed kicks 75 yards from CHA 35 to DEN -10. Touchback.",,,,,,,,,,,,,,,,,,,,,,,,,,,,,,,,,,,,,,"#13 Thomas Warner - WR",,"#39 Anthony Overstreet - CB","#72 Cameron Wilson - DT","#42 Don Gregory - MLB","#44 Bryan Bird - MLB","#77 Rafael Thomas - LDE","#96 Ervin Matson - SLB","#78 Denver Campbell - RDE","#24 Everett Whalen - CB","#33 Russell Washington - CB","#22 Kelley Zook - SS","#1 Carlos Reed - K",,,,,,,,,,,,,,,,,,,,
DEN,4:51,"DEN 25",2,1,10,"I Formation 3WR SE Post","Nickel Normal Double LB Blitz",,7,3,"1-10-DEN 25 (4:52) 8-Richard Crum pass incomplete, intended for 19-Daniel Boone. 24-Aaron Moore got away with a hold on that play.","#8 Richard Crum - QB","#23 Manuel Martinez - RB",,,"#41 Richard Cole - FB",,,"#19 Daniel Boone - WR","#15 Danny Robinson - WR","#87 Lyle Opitz - WR",,,"#63 George Sturgill - LT","#75 Robert Rademacher - LG","#59 John Austin - C","#65 Kyle Holbrook - RG","#60 James Rivera - RT",,"#92 Jason McDonald - SLB",,"#64 Larry Grisham - DT","#59 David Fanning - RDE","#91 Richard Smith - RDE",,"#54 James Reynolds - MLB",,"#93 James Maughan - WLB","#24 Aaron Moore - CB","#40 Fred Padgett - CB",,"#37 Harold Smith - CB",,"#34 Roderick Sanchez - SS","#58 Mark Houck - FS",,,,,,,,,,,,,,,,,,,,,,,,,,,,,,,,,,,,
DEN,4:47,"DEN 25",2,2,10,"Shotgun 2 RB 3 WR FB In","Nickel Normal Double LB Blitz",6,7,3,"2-10-DEN 25 (4:48) 8-Richard Crum pass complete to 19-Daniel Boone to DEN 31 for 6 yards. Tackle by 58-Mark Houck. 19-Daniel Boone made a great move on the CB.","#8 Richard Crum - QB","#23 Manuel Martinez - RB","#26 William Bettis - RB",,,,,"#19 Daniel Boone - WR","#13 Thomas Warner - WR","#87 Lyle Opitz - WR",,,"#63 George Sturgill - LT","#75 Robert Rademacher - LG","#59 John Austin - C","#65 Kyle Holbrook - RG","#60 James Rivera - RT",,"#95 Kevin Farrar - LDE",,"#96 Michael Downey - DT","#64 Larry Grisham - DT","#91 Richard Smith - RDE",,"#94 Joseph Jeffries - MLB",,"#97 Harry Hampton - WLB","#24 Aaron Moore - CB","#40 Fred Padgett - CB",,"#37 Harold Smith - CB",,"#58 Mark Houck - FS","#34 Roderick Sanchez - SS",,,,,,,,,,,,,,,,,,,,,,,,,,,,,,,,,,,,
DEN,4:03,"DEN 31",2,3,4,"I Formation Normal Max Protect","4-3 Normal Man Under 1",46,7,3,"3-4-DEN 31 (4:02) 8-Richard Crum pass complete to 87-Lyle Opitz to CHA 23 for 46 yards. Tackle by 49-Roger Smith. Great move by 87-Lyle Opitz to get free of his coverage.","#8 Richard Crum - QB","#23 Manuel Martinez - RB",,,"#41 Richard Cole - FB","#82 Emanuel Doucette - TE",,"#19 Daniel Boone - WR",,"#87 Lyle Opitz - WR",,,"#63 George Sturgill - LT","#75 Robert Rademacher - LG","#59 John Austin - C","#65 Kyle Holbrook - RG","#60 James Rivera - RT",,"#95 Kevin Farrar - LDE",,"#96 Michael Downey - DT","#64 Larry Grisham - DT","#91 Richard Smith - RDE","#92 Jason McDonald - SLB","#94 Joseph Jeffries - MLB",,"#97 Harry Hampton - WLB","#21 Julius Winter - CB","#24 Aaron Moore - CB",,,,"#35 Gerald Brown - SS","#49 Roger Smith - FS",,,,,,,,,,,,,,,,,,,,,,,,,,,,,,,,,,,,
DEN,3:15,"CHA 23",2,1,10,"Shotgun 2 RB 3 WR FB In","Nickel Normal Double WR2",-8,7,3,"1-10-CHA 23 (3:14) 8-Richard Crum sacked at CHA 30 for -8 yards (91-Richard Smith). Sack allowed by 63-George Sturgill.","#8 Richard Crum - QB","#26 William Bettis - RB","#30 Kevin Hillman - RB",,,,,"#15 Danny Robinson - WR","#14 Jeff Lebowski - WR","#13 Thomas Warner - WR",,,"#63 George Sturgill - LT","#75 Robert Rademacher - LG","#65 Kyle Holbrook - RG","#60 James Rivera - RT","#64 Donald Carson - RT",,"#53 Jeffery Hill - RDE",,"#75 Lawrence Choi - DT","#59 David Fanning - RDE","#91 Richard Smith - RDE",,"#56 Kim Ball - MLB",,"#93 James Maughan - WLB","#40 Fred Padgett - CB","#37 Harold Smith - CB",,"#21 Julius Winter - CB",,"#58 Mark Houck - FS","#34 Roderick Sanchez - SS",,,,,,,,,,,,,,,,,,,,,,,,,,,,,,,,,,,,
DEN,2:34,"CHA 30",2,2,18,"Shotgun 2 RB 3 WR FB In","Nickel Normal CB3 LB Blitz",6,7,3,"2-18-CHA 30 (2:33) 8-Richard Crum pass complete to 15-Danny Robinson to CHA 25 for 6 yards. Tackle by 40-Fred Padgett. 15-Danny Robinson made a great move on the CB.","#8 Richard Crum - QB","#26 William Bettis - RB","#30 Kevin Hillman - RB",,,,,"#15 Danny Robinson - WR","#14 Jeff Lebowski - WR","#13 Thomas Warner - WR",,,"#63 George Sturgill - LT","#75 Robert Rademacher - LG","#59 John Austin - C","#65 Kyle Holbrook - RG","#60 James Rivera - RT",,"#53 Jeffery Hill - RDE",,"#96 Michael Downey - DT","#64 Larry Grisham - DT","#91 Richard Smith - RDE",,"#54 James Reynolds - MLB",,"#56 Kim Ball - MLB","#40 Fred Padgett - CB","#37 Harold Smith - CB",,"#49 Roger Smith - FS",,"#58 Mark Houck - FS","#34 Roderick Sanchez - SS",,,,,,,,,,,,,,,,,,,,,,,,,,,,,,,,,,,,
,2:00,,2,3,12,,,,7,3,"Timeout for two minute warning.",,,,,,,,,,,,,,,,,,,,,,,,,,,,,,,,,,,,,,,,,,,,,,,,,,,,,,,,,,,,,,,,,,,,,,
DEN,2:00,"CHA 25",2,3,12,"Shotgun 2 RB 3 WR WR Curl","Nickel Normal Double WR2",4,7,3,"3-12-CHA 25 (2:00) 8-Richard Crum pass complete to 15-Danny Robinson to CHA 20 for 4 yards. Tackle by 93-James Maughan. Great move by 15-Danny Robinson to get free of his coverage.","#8 Richard Crum - QB","#23 Manuel Martinez - RB","#26 William Bettis - RB",,,,,"#19 Daniel Boone - WR","#13 Thomas Warner - WR","#15 Danny Robinson - WR",,,"#63 George Sturgill - LT","#75 Robert Rademacher - LG","#59 John Austin - C","#65 Kyle Holbrook - RG","#60 James Rivera - RT",,"#95 Kevin Farrar - LDE",,"#96 Michael Downey - DT","#64 Larry Grisham - DT","#91 Richard Smith - RDE",,"#56 Kim Ball - MLB",,"#93 James Maughan - WLB","#37 Harold Smith - CB","#24 Aaron Moore - CB",,"#49 Roger Smith - FS",,"#35 Gerald Brown - SS","#58 Mark Houck - FS",,,,,,,,,,,,,,,,,,,,,,,,,,,,,,,,,,,,
DEN,1:26,"CHA 20",2,4,8,"Field Goal","FG Block",31,7,6,"4-8-CHA 20 (1:25) 7-Tyler Garcia 38 yard field goal is GOOD. CHA 7 DEN 6",,,,,,,,,,,,,,,,,,,,,,,,,,,,,,,,,,,,"#13 Thomas Warner - WR","#59 John Austin - C",,,,,,,,,,,,,,"#7 Tyler Garcia - K","#75 Robert Rademacher - LG","#60 James Rivera - RT","#62 Martin Brick - LG","#63 George Sturgill - LT","#66 Mark Danielson - LT","#65 Kyle Holbrook - RG","#87 Lyle Opitz - WR","#41 Richard Cole - FB","#97 Harry Hampton - WLB","#92 Jason McDonald - SLB","#21 Julius Winter - CB","#94 Joseph Jeffries - MLB","#56 Kim Ball - MLB","#64 Larry Grisham - DT","#49 Roger Smith - FS","#95 Kevin Farrar - LDE","#96 Michael Downey - DT","#91 Richard Smith - RDE","#59 David Fanning - RDE"
DEN,1:21,"DEN 35",2,6,10,Kickoff,"Kick Return",75,7,6,"(1:22) 7-Tyler Garcia kicks 75 yards from DEN 35 to CHA -10. Touchback.",,,,,,,,,,,,,,,,,,,,,,,,,,,,,,,,,,,,,,"#41 Rodger Brown - RB",,"#49 Roger Smith - FS","#21 Julius Winter - CB","#97 Harry Hampton - WLB","#96 Michael Downey - DT","#94 Joseph Jeffries - MLB","#75 Lawrence Choi - DT","#95 Kevin Farrar - LDE","#79 Anthony Moore - RDE","#56 Kim Ball - MLB","#53 Jeffery Hill - RDE","#7 Tyler Garcia - K",,,,,,,,,,,,,,,,,,,,
CHA,1:21,"CHA 25",2,1,10,"I Formation Normal HB Dive","4-3 Under Double Safety Blitz",2,7,6,"1-10-CHA 25 (1:22) 33-Anthony Gray ran to CHA 27 for 2 yards. Tackle by 93-Dale Nichols.","#13 Antonio Martinez - QB","#33 Anthony Gray - RB",,,"#20 Larry Robinson - FB","#89 Timmy Roache - TE",,"#11 Robert Lavender - WR",,"#17 Pete Herman - WR",,,"#86 Thomas Briggs - LT","#82 Mary Ashcraft - LG","#77 Steven Conti - C","#61 Hector Maeda - RG","#67 Norman Spaulding - LG",,"#77 Rafael Thomas - LDE",,"#93 Dale Nichols - DT","#72 Cameron Wilson - DT","#78 Denver Campbell - RDE","#96 Ervin Matson - SLB","#42 Don Gregory - MLB",,"#57 Anthony Allan - WLB","#46 Wayne Cauley - CB","#24 Everett Whalen - CB",,,,"#22 Kelley Zook - SS","#38 William Fleming - FS",,,,,,,,,,,,,,,,,,,,,,,,,,,,,,,,,,,,
CHA,0:49,"CHA 27",2,2,8,"Shotgun 2 RB 3 WR Shotgun Sweep","Nickel Normal 2 Deep",-1,7,6,"2-8-CHA 27 (0:48) 41-Rodger Brown ran to CHA 26 for -1 yards. Tackle by 33-Russell Washington.","#13 Antonio Martinez - QB","#45 James Sadler - RB","#41 Rodger Brown - RB",,,,,"#11 Robert Lavender - WR","#19 Jeff Mellen - WR","#17 Pete Herman - WR",,,"#86 Thomas Briggs - LT","#82 Mary Ashcraft - LG","#77 Steven Conti - C","#61 Hector Maeda - RG","#67 Norman Spaulding - LG",,"#77 Rafael Thomas - LDE",,"#93 Dale Nichols - DT","#72 Cameron Wilson - DT","#78 Denver Campbell - RDE",,"#42 Don Gregory - MLB",,"#57 Anthony Allan - WLB","#46 Wayne Cauley - CB","#24 Everett Whalen - CB",,"#33 Russell Washington - CB",,"#22 Kelley Zook - SS","#38 William Fleming - FS",,,,,,,,,,,,,,,,,,,,,,,,,,,,,,,,,,,,
CHA,0:13,"CHA 26",2,3,9,"I Formation Normal HB Draw","4-3 Under Double Safety Blitz",3,7,6,"3-9-CHA 26 (0:12) 33-Anthony Gray ran to CHA 29 for 3 yards. Tackle by 22-Kelley Zook.","#13 Antonio Martinez - QB","#33 Anthony Gray - RB",,,"#20 Larry Robinson - FB","#89 Timmy Roache - TE",,"#11 Robert Lavender - WR",,"#17 Pete Herman - WR",,,"#86 Thomas Briggs - LT","#82 Mary Ashcraft - LG","#77 Steven Conti - C","#61 Hector Maeda - RG","#67 Norman Spaulding - LG",,"#77 Rafael Thomas - LDE",,"#93 Dale Nichols - DT","#72 Cameron Wilson - DT","#78 Denver Campbell - RDE","#96 Ervin Matson - SLB","#42 Don Gregory - MLB",,"#57 Anthony Allan - WLB","#46 Wayne Cauley - CB","#24 Everett Whalen - CB",,,,"#22 Kelley Zook - SS","#38 William Fleming - FS",,,,,,,,,,,,,,,,,,,,,,,,,,,,,,,,,,,,
,0:00,,2,4,6,,,,7,6,"End of half.",,,,,,,,,,,,,,,,,,,,,,,,,,,,,,,,,,,,,,,,,,,,,,,,,,,,,,,,,,,,,,,,,,,,,,
CHA,15:00,"CHA 35",3,6,10,Kickoff,"Kick Return",,7,6,"(15:00) 1-Carlos Reed kicks 74 yards from CHA 35 to DEN -9. Touchback.",,,,,,,,,,,,,,,,,,,,,,,,,,,,,,,,,,,,,,"#13 Thomas Warner - WR",,"#39 Anthony Overstreet - CB","#72 Cameron Wilson - DT","#42 Don Gregory - MLB","#44 Bryan Bird - MLB","#77 Rafael Thomas - LDE","#96 Ervin Matson - SLB","#78 Denver Campbell - RDE","#24 Everett Whalen - CB","#33 Russell Washington - CB","#22 Kelley Zook - SS","#1 Carlos Reed - K",,,,,,,,,,,,,,,,,,,,
DEN,15:00,"DEN 25",3,1,10,"Goal Line Normal HB Pitch Weak","Goal Line Attack #2",2,7,6,"1-10-DEN 25 (15:00) 23-Manuel Martinez ran to DEN 27 for 2 yards. Tackle by 54-James Reynolds.","#8 Richard Crum - QB","#23 Manuel Martinez - RB",,"#26 William Bettis - RB","#41 Richard Cole - FB","#82 Emanuel Doucette - TE","#36 Al  Gore - TE",,,,,,"#63 George Sturgill - LT","#75 Robert Rademacher - LG","#59 John Austin - C","#65 Kyle Holbrook - RG","#60 James Rivera - RT",,"#92 Jason McDonald - SLB","#59 David Fanning - RDE","#64 Larry Grisham - DT","#96 Michael Downey - DT","#91 Richard Smith - RDE","#57 Alvaro Gabriel - SLB","#54 James Reynolds - MLB",,"#93 James Maughan - WLB","#24 Aaron Moore - CB","#40 Fred Padgett - CB",,,,"#34 Roderick Sanchez - SS",,,,,,,,,,,,,,,,,,,,,,,,,,,,,,,,,,,,,
DEN,14:22,"DEN 27",3,2,8,"I Formation 3WR HB Inside Weak","Nickel Normal CB3 MLB Blitz",2,7,6,"2-8-DEN 27 (14:21) 23-Manuel Martinez ran to DEN 30 for 2 yards. Tackle by 35-Gerald Brown.","#8 Richard Crum - QB","#23 Manuel Martinez - RB",,,"#41 Richard Cole - FB",,,"#19 Daniel Boone - WR","#15 Danny Robinson - WR","#87 Lyle Opitz - WR",,,"#63 George Sturgill - LT","#75 Robert Rademacher - LG","#59 John Austin - C","#65 Kyle Holbrook - RG","#60 James Rivera - RT",,"#95 Kevin Farrar - LDE",,"#64 Larry Grisham - DT","#75 Lawrence Choi - DT","#91 Richard Smith - RDE",,"#54 James Reynolds - MLB",,"#93 James Maughan - WLB","#24 Aaron Moore - CB","#37 Harold Smith - CB",,"#35 Gerald Brown - SS",,"#58 Mark Houck - FS","#40 Fred Padgett - CB",,,,,,,,,,,,,,,,,,,,,,,,,,,,,,,,,,,,
DEN,13:47,"DEN 30",3,3,5,"I Formation Normal FL Hitch","4-3 Under Crash Right",,7,6,"3-5-DEN 30 (13:46) 8-Richard Crum pass Pass knocked down by 49-Roger Smith. incomplete, intended for 82-Emanuel Doucette.","#8 Richard Crum - QB","#23 Manuel Martinez - RB",,,"#41 Richard Cole - FB","#82 Emanuel Doucette - TE",,"#19 Daniel Boone - WR",,"#87 Lyle Opitz - WR",,,"#63 George Sturgill - LT","#75 Robert Rademacher - LG","#59 John Austin - C","#65 Kyle Holbrook - RG","#60 James Rivera - RT",,"#95 Kevin Farrar - LDE",,"#96 Michael Downey - DT","#64 Larry Grisham - DT","#91 Richard Smith - RDE","#92 Jason McDonald - SLB","#94 Joseph Jeffries - MLB",,"#97 Harry Hampton - WLB","#24 Aaron Moore - CB","#21 Julius Winter - CB",,,,"#34 Roderick Sanchez - SS","#49 Roger Smith - FS",,,,,,,,,,,,,,,,,,,,,,,,,,,,,,,,,,,,
DEN,13:43,"DEN 30",3,4,5,Punt,"Punt Return",,7,6,"4-5-DEN 30 (13:44) 10-Jesse Hampton punts 51 yards to CHA 20. 41-Rodger Brown to CHA 32 for 12 yards. Tackle by 62-Martin Brick. CHA 49-Roger Smith was injured on the play. He looks like he should be able to return.",,,,,,,,,,,,,,,,,,"#10 Jesse Hampton - P",,,,,,,,,,,,,,,,,,,"#59 John Austin - C",,"#41 Rodger Brown - RB",,,"#56 Kim Ball - MLB","#75 Lawrence Choi - DT","#94 Joseph Jeffries - MLB",,"#95 Kevin Farrar - LDE","#79 Anthony Moore - RDE",,"#53 Jeffery Hill - RDE",,,,"#60 James Rivera - RT","#62 Martin Brick - LG","#63 George Sturgill - LT","#66 Mark Danielson - LT","#65 Kyle Holbrook - RG","#87 Lyle Opitz - WR",,"#49 Roger Smith - FS","#92 Jason McDonald - SLB","#97 Harry Hampton - WLB","#96 Michael Downey - DT",,,,,,,
CHA,13:34,"CHA 32",3,1,10,"I Formation Power Play Action HB Downfield","Goal Line 3 Deep Zone Under",15,7,6,"1-10-CHA 32 (13:35) 13-Antonio Martinez pass complete to 89-Timmy Roache to CHA 46 for 15 yards. Tackle by 96-Ervin Matson. PENALTY - Holding (CHA 22-Lee Dorman)","#13 Antonio Martinez - QB","#45 James Sadler - RB",,"#22 Lee Dorman - RB","#20 Larry Robinson - FB","#89 Timmy Roache - TE",,"#11 Robert Lavender - WR",,,,,"#86 Thomas Briggs - LT","#82 Mary Ashcraft - LG","#77 Steven Conti - C","#61 Hector Maeda - RG","#67 Norman Spaulding - LG",,"#90 Jerry Franklin - LDE","#73 Craig Lavelle - DT","#93 Dale Nichols - DT","#72 Cameron Wilson - DT","#70 Neil Kenney - RDE","#96 Ervin Matson - SLB","#44 Bryan Bird - MLB",,"#57 Anthony Allan - WLB","#46 Wayne Cauley - CB","#24 Everett Whalen - CB",,,,"#22 Kelley Zook - SS",,,,,,,,,,,,,,,,,,,,,,,,,,,,,,,,,,,,,
CHA,13:30,"CHA 22",3,1,20,"I Formation Power Play Action HB Downfield","Goal Line Attack #3",9,7,6,"1-20-CHA 22 (13:31) 13-Antonio Martinez pass complete to 85-William Martin to CHA 30 for 9 yards. Tackle by 24-Everett Whalen.","#13 Antonio Martinez - QB","#41 Rodger Brown - RB",,"#20 Larry Robinson - FB","#22 Lee Dorman - RB","#85 William Martin - TE",,"#17 Pete Herman - WR",,,,,"#86 Thomas Briggs - LT","#82 Mary Ashcraft - LG","#77 Steven Conti - C","#69 Brad Wiens - RG","#61 Hector Maeda - RG",,"#77 Rafael Thomas - LDE","#90 Jerry Franklin - LDE","#93 Dale Nichols - DT","#72 Cameron Wilson - DT","#78 Denver Campbell - RDE","#96 Ervin Matson - SLB","#42 Don Gregory - MLB",,"#57 Anthony Allan - WLB","#46 Wayne Cauley - CB","#24 Everett Whalen - CB",,,,"#22 Kelley Zook - SS",,,,,,,,,,,,,,,,,,,,,,,,,,,,,,,,,,,,,
CHA,12:47,"CHA 30",3,2,11,"Singleback Big WR Streaks","4-3 Normal 3 Deep LB Blitz",3,7,6,"2-11-CHA 30 (12:46) 13-Antonio Martinez pass complete to 85-William Martin to CHA 33 for 3 yards. Tackle by 42-Don Gregory.","#13 Antonio Martinez - QB","#45 James Sadler - RB",,,,"#89 Timmy Roache - TE","#85 William Martin - TE","#11 Robert Lavender - WR",,"#19 Jeff Mellen - WR",,,"#86 Thomas Briggs - LT","#82 Mary Ashcraft - LG","#77 Steven Conti - C","#69 Brad Wiens - RG","#61 Hector Maeda - RG",,"#77 Rafael Thomas - LDE",,"#93 Dale Nichols - DT","#72 Cameron Wilson - DT","#78 Denver Campbell - RDE","#96 Ervin Matson - SLB","#42 Don Gregory - MLB",,"#57 Anthony Allan - WLB","#46 Wayne Cauley - CB","#24 Everett Whalen - CB",,,,"#22 Kelley Zook - SS","#38 William Fleming - FS",,,,,,,,,,,,,,,,,,,,,,,,,,,,,,,,,,,,
CHA,12:05,"CHA 33",3,3,8,"Shotgun 2 RB 3 WR Shotgun Dive","Nickel Normal Man Cover 2",9,7,6,"3-8-CHA 33 (12:04) 41-Rodger Brown ran to CHA 43 for 9 yards. Tackle by 33-Russell Washington. CHA 82-Mary Ashcraft was injured on the play. He looks like he should be able to return.","#13 Antonio Martinez - QB","#41 Rodger Brown - RB","#22 Lee Dorman - RB",,,,,"#17 Pete Herman - WR","#11 Robert Lavender - WR","#84 John Kirkland - WR",,,"#86 Thomas Briggs - LT","#82 Mary Ashcraft - LG","#77 Steven Conti - C","#69 Brad Wiens - RG","#61 Hector Maeda - RG",,"#77 Rafael Thomas - LDE",,"#93 Dale Nichols - DT","#72 Cameron Wilson - DT","#78 Denver Campbell - RDE",,"#42 Don Gregory - MLB",,"#57 Anthony Allan - WLB","#46 Wayne Cauley - CB","#24 Everett Whalen - CB",,"#33 Russell Washington - CB",,"#22 Kelley Zook - SS","#38 William Fleming - FS",,,,,,,,,,,,,,,,,,,,,,,,,,,,,,,,,,,,
CHA,11:28,"CHA 43",3,1,10,"Shotgun Normal FL Slant","Nickel 3-3-5 Cover 2 Man Under",6,7,6,"1-10-CHA 43 (11:27) 13-Antonio Martinez pass complete to 19-Jeff Mellen to CHA 48 for 6 yards. Tackle by 46-Wayne Cauley.","#13 Antonio Martinez - QB","#45 James Sadler - RB",,,,"#89 Timmy Roache - TE",,"#19 Jeff Mellen - WR","#84 John Kirkland - WR","#17 Pete Herman - WR",,,"#86 Thomas Briggs - LT","#67 Norman Spaulding - LG","#77 Steven Conti - C","#61 Hector Maeda - RG","#55 Anthony Lear - RG",,"#77 Rafael Thomas - LDE",,"#93 Dale Nichols - DT",,"#78 Denver Campbell - RDE","#96 Ervin Matson - SLB","#42 Don Gregory - MLB",,"#57 Anthony Allan - WLB","#46 Wayne Cauley - CB","#24 Everett Whalen - CB",,"#33 Russell Washington - CB",,"#22 Kelley Zook - SS","#38 William Fleming - FS",,,,,,,,,,,,,,,,,,,,,,,,,,,,,,,,,,,,
CHA,10:53,"CHA 48",3,2,4,"Shotgun Normal FL Slant","Nickel 3-3-5 Cover 2 Man Under",1,7,6,"2-4-CHA 48 (10:52) 13-Antonio Martinez pass complete to 11-Robert Lavender to CHA 49 for 1 yards. Tackle by 24-Everett Whalen.","#13 Antonio Martinez - QB","#41 Rodger Brown - RB",,,,"#89 Timmy Roache - TE",,"#11 Robert Lavender - WR","#19 Jeff Mellen - WR","#17 Pete Herman - WR",,,"#86 Thomas Briggs - LT","#69 Brad Wiens - RG","#77 Steven Conti - C","#61 Hector Maeda - RG","#67 Norman Spaulding - LG",,"#77 Rafael Thomas - LDE",,"#93 Dale Nichols - DT",,"#78 Denver Campbell - RDE","#96 Ervin Matson - SLB","#42 Don Gregory - MLB",,"#57 Anthony Allan - WLB","#24 Everett Whalen - CB","#39 Anthony Overstreet - CB",,"#49 Kris Miller - FS",,"#33 Russell Washington - CB","#38 William Fleming - FS",,,,,,,,,,,,,,,,,,,,,,,,,,,,,,,,,,,,
CHA,10:17,"CHA 49",3,3,4,"Strong I Normal Counter Strong","4-3 Normal Double Safety Blitz",4,7,6,"3-4-CHA 49 (10:16) 22-Lee Dorman ran to DEN 47 for 4 yards. Tackle by 42-Don Gregory.","#13 Antonio Martinez - QB","#22 Lee Dorman - RB",,,"#20 Larry Robinson - FB","#89 Timmy Roache - TE",,"#11 Robert Lavender - WR",,"#84 John Kirkland - WR",,,"#86 Thomas Briggs - LT","#82 Mary Ashcraft - LG","#77 Steven Conti - C","#69 Brad Wiens - RG","#61 Hector Maeda - RG",,"#77 Rafael Thomas - LDE",,"#93 Dale Nichols - DT","#72 Cameron Wilson - DT","#78 Denver Campbell - RDE","#96 Ervin Matson - SLB","#42 Don Gregory - MLB",,"#57 Anthony Allan - WLB","#46 Wayne Cauley - CB","#24 Everett Whalen - CB",,,,"#22 Kelley Zook - SS","#49 Kris Miller - FS",,,,,,,,,,,,,,,,,,,,,,,,,,,,,,,,,,,,
CHA,9:35,"DEN 47",3,1,10,"Singleback Normal PA Rollout","Nickel Normal 2 Deep",3,7,6,"1-10-DEN 47 (9:34) 13-Antonio Martinez pass complete to 89-Timmy Roache to DEN 44 for 3 yards. Tackle by 42-Don Gregory. 89-Timmy Roache did some fancy footwork there.","#13 Antonio Martinez - QB","#45 James Sadler - RB",,,,"#89 Timmy Roache - TE",,"#11 Robert Lavender - WR","#84 John Kirkland - WR","#19 Jeff Mellen - WR",,,"#86 Thomas Briggs - LT","#82 Mary Ashcraft - LG","#77 Steven Conti - C","#69 Brad Wiens - RG","#61 Hector Maeda - RG",,"#77 Rafael Thomas - LDE",,"#93 Dale Nichols - DT","#72 Cameron Wilson - DT","#78 Denver Campbell - RDE",,"#42 Don Gregory - MLB",,"#57 Anthony Allan - WLB","#46 Wayne Cauley - CB","#33 Russell Washington - CB",,"#39 Anthony Overstreet - CB",,"#22 Kelley Zook - SS","#38 William Fleming - FS",,,,,,,,,,,,,,,,,,,,,,,,,,,,,,,,,,,,
CHA,8:56,"DEN 44",3,2,7,"I Formation Normal FL Hitch","4-3 Normal Double Safety Blitz",5,7,6,"2-7-DEN 44 (8:55) 13-Antonio Martinez pass complete to 17-Pete Herman to DEN 39 for 5 yards. Tackle by 96-Ervin Matson.","#13 Antonio Martinez - QB","#41 Rodger Brown - RB",,,"#20 Larry Robinson - FB","#85 William Martin - TE",,"#17 Pete Herman - WR",,"#11 Robert Lavender - WR",,,"#86 Thomas Briggs - LT","#82 Mary Ashcraft - LG","#77 Steven Conti - C","#69 Brad Wiens - RG","#61 Hector Maeda - RG",,"#77 Rafael Thomas - LDE",,"#93 Dale Nichols - DT","#72 Cameron Wilson - DT","#78 Denver Campbell - RDE","#96 Ervin Matson - SLB","#42 Don Gregory - MLB",,"#57 Anthony Allan - WLB","#24 Everett Whalen - CB","#33 Russell Washington - CB",,,,"#22 Kelley Zook - SS","#38 William Fleming - FS",,,,,,,,,,,,,,,,,,,,,,,,,,,,,,,,,,,,
CHA,8:18,"DEN 39",3,3,2,"Strong I Normal Counter Strong","4-3 Normal 3 Deep LB Blitz",-0,7,6,"3-2-DEN 39 (8:17) 45-James Sadler ran to DEN 39 for a short loss. Tackle by 96-Ervin Matson. DEN 44-Bryan Bird was injured on the play. He looks like he should be able to return.","#13 Antonio Martinez - QB","#45 James Sadler - RB",,,"#20 Larry Robinson - FB","#89 Timmy Roache - TE",,"#19 Jeff Mellen - WR",,"#84 John Kirkland - WR",,,"#86 Thomas Briggs - LT","#82 Mary Ashcraft - LG","#77 Steven Conti - C","#69 Brad Wiens - RG","#61 Hector Maeda - RG",,"#77 Rafael Thomas - LDE",,"#93 Dale Nichols - DT","#72 Cameron Wilson - DT","#78 Denver Campbell - RDE","#96 Ervin Matson - SLB","#44 Bryan Bird - MLB",,"#57 Anthony Allan - WLB","#46 Wayne Cauley - CB","#39 Anthony Overstreet - CB",,,,"#24 Everett Whalen - CB","#38 William Fleming - FS",,,,,,,,,,,,,,,,,,,,,,,,,,,,,,,,,,,,
CHA,7:33,"DEN 39",3,4,2,Punt,"Punt Return",,7,6,"4-2-DEN 39 (7:32) 15-Charles Brothers punts 32 yards to DEN 7. Fair Catch by 13-Thomas Warner. CHA 86-Thomas Briggs was injured on the play. He looks like he should be able to return.",,,,,,,,,,,,,,,,,,"#15 Charles Brothers - P",,,,,,,,,,,,,,,,,,,"#67 Norman Spaulding - LG",,"#13 Thomas Warner - WR",,,"#42 Don Gregory - MLB","#33 Russell Washington - CB","#77 Rafael Thomas - LDE",,"#24 Everett Whalen - CB","#22 Kelley Zook - SS",,"#96 Ervin Matson - SLB",,,,"#69 Brad Wiens - RG","#77 Steven Conti - C","#61 Hector Maeda - RG","#55 Anthony Lear - RG","#82 Mary Ashcraft - LG","#86 Thomas Briggs - LT",,"#38 William Fleming - FS","#72 Cameron Wilson - DT","#78 Denver Campbell - RDE","#73 Craig Lavelle - DT",,,,,,,
DEN,7:25,"DEN 7",3,1,10,"Weak I Big Off Tackle Weak","Goal Line Attack #2",2,7,6,"1-10-DEN 7 (7:26) 23-Manuel Martinez ran to DEN 9 for 2 yards. Tackle by 93-James Maughan. CHA 93-James Maughan was injured on the play. He looks like he should be able to return.","#8 Richard Crum - QB","#23 Manuel Martinez - RB",,,"#41 Richard Cole - FB","#82 Emanuel Doucette - TE","#36 Al  Gore - TE","#19 Daniel Boone - WR",,,,,"#63 George Sturgill - LT","#75 Robert Rademacher - LG","#59 John Austin - C","#65 Kyle Holbrook - RG","#60 James Rivera - RT",,"#95 Kevin Farrar - LDE","#53 Jeffery Hill - RDE","#96 Michael Downey - DT","#64 Larry Grisham - DT","#91 Richard Smith - RDE","#92 Jason McDonald - SLB","#54 James Reynolds - MLB",,"#93 James Maughan - WLB","#24 Aaron Moore - CB","#21 Julius Winter - CB",,,,"#34 Roderick Sanchez - SS",,,,,,,,,,,,,,,,,,,,,,,,,,,,,,,,,,,,,
DEN,6:48,"DEN 9",3,2,8,"Weak I Normal Fullback Counter Weak","46 Heavy 2 Deep Man Under",5,7,6,"2-8-DEN 9 (6:47) 41-Richard Cole ran to DEN 15 for 5 yards. Tackle by 92-Jason McDonald.","#8 Richard Crum - QB","#23 Manuel Martinez - RB",,,"#41 Richard Cole - FB","#82 Emanuel Doucette - TE",,"#19 Daniel Boone - WR",,"#87 Lyle Opitz - WR",,,"#63 George Sturgill - LT","#75 Robert Rademacher - LG","#59 John Austin - C","#65 Kyle Holbrook - RG","#60 James Rivera - RT",,"#95 Kevin Farrar - LDE",,"#96 Michael Downey - DT","#64 Larry Grisham - DT","#91 Richard Smith - RDE","#92 Jason McDonald - SLB","#94 Joseph Jeffries - MLB",,"#97 Harry Hampton - WLB","#49 Roger Smith - FS","#40 Fred Padgett - CB",,,,"#34 Roderick Sanchez - SS","#58 Mark Houck - FS",,,,,,,,,,,,,,,,,,,,,,,,,,,,,,,,,,,,
DEN,6:11,"DEN 15",3,3,3,"Weak I Normal Fullback Counter Weak","46 Heavy WLB Blitz",2,7,6,"3-3-DEN 15 (6:10) 41-Richard Cole ran to DEN 17 for 2 yards. Tackle by 34-Roderick Sanchez.","#8 Richard Crum - QB","#23 Manuel Martinez - RB",,,"#41 Richard Cole - FB","#82 Emanuel Doucette - TE",,"#19 Daniel Boone - WR",,"#87 Lyle Opitz - WR",,,"#63 George Sturgill - LT","#75 Robert Rademacher - LG","#59 John Austin - C","#65 Kyle Holbrook - RG","#60 James Rivera - RT",,"#95 Kevin Farrar - LDE",,"#96 Michael Downey - DT","#64 Larry Grisham - DT","#91 Richard Smith - RDE","#92 Jason McDonald - SLB","#94 Joseph Jeffries - MLB",,"#97 Harry Hampton - WLB","#24 Aaron Moore - CB","#21 Julius Winter - CB",,,,"#34 Roderick Sanchez - SS","#49 Roger Smith - FS",,,,,,,,,,,,,,,,,,,,,,,,,,,,,,,,,,,,
DEN,5:34,"DEN 17",3,4,,Punt,"Punt Return",,7,6,"4-1-DEN 17 (5:33) 10-Jesse Hampton punts 49 yards to CHA 34. 41-Rodger Brown to CHA 40 for 7 yards. Tackle by 42-Don Gregory. DEN 87-Lyle Opitz was injured on the play. He looks like he should be able to return.",,,,,,,,,,,,,,,,,,"#10 Jesse Hampton - P",,,,,,,,,,,,,,,,,,,"#59 John Austin - C",,"#41 Rodger Brown - RB",,,"#97 Harry Hampton - WLB","#75 Lawrence Choi - DT","#94 Joseph Jeffries - MLB",,"#56 Kim Ball - MLB","#79 Anthony Moore - RDE",,"#53 Jeffery Hill - RDE",,,,"#60 James Rivera - RT","#62 Martin Brick - LG","#63 George Sturgill - LT","#66 Mark Danielson - LT","#65 Kyle Holbrook - RG","#87 Lyle Opitz - WR",,"#91 Richard Smith - RDE","#21 Julius Winter - CB","#96 Michael Downey - DT","#95 Kevin Farrar - LDE",,,,,,,
CHA,5:24,"CHA 40",3,1,10,"Shotgun 2 RB 3 WR Shotgun Dive","Nickel Normal 2 Deep",1,7,6,"1-10-CHA 40 (5:25) 45-James Sadler ran to CHA 42 for 1 yards. Tackle by 44-Bryan Bird. 22-Lee Dorman completely missed his blocking assignment.","#13 Antonio Martinez - QB","#45 James Sadler - RB","#22 Lee Dorman - RB",,,,,"#11 Robert Lavender - WR","#19 Jeff Mellen - WR","#17 Pete Herman - WR",,,"#82 Mary Ashcraft - LG","#67 Norman Spaulding - LG","#77 Steven Conti - C","#69 Brad Wiens - RG","#61 Hector Maeda - RG",,"#90 Jerry Franklin - LDE",,"#93 Dale Nichols - DT","#72 Cameron Wilson - DT","#70 Neil Kenney - RDE",,"#44 Bryan Bird - MLB",,"#57 Anthony Allan - WLB","#46 Wayne Cauley - CB","#24 Everett Whalen - CB",,"#33 Russell Washington - CB",,"#22 Kelley Zook - SS","#38 William Fleming - FS",,,,,,,,,,,,,,,,,,,,,,,,,,,,,,,,,,,,
CHA,4:43,"CHA 42",3,2,9,"Singleback Normal TE Quick Out","Nickel Normal 2 Deep",6,7,6,"2-9-CHA 42 (4:42) 13-Antonio Martinez pass complete to 89-Timmy Roache to CHA 48 for 6 yards. Tackle by 42-Don Gregory.","#13 Antonio Martinez - QB","#41 Rodger Brown - RB",,,,"#89 Timmy Roache - TE",,"#17 Pete Herman - WR","#84 John Kirkland - WR","#19 Jeff Mellen - WR",,,"#69 Brad Wiens - RG","#82 Mary Ashcraft - LG","#77 Steven Conti - C","#55 Anthony Lear - RG","#61 Hector Maeda - RG",,"#77 Rafael Thomas - LDE",,"#93 Dale Nichols - DT","#72 Cameron Wilson - DT","#78 Denver Campbell - RDE",,"#42 Don Gregory - MLB",,"#57 Anthony Allan - WLB","#46 Wayne Cauley - CB","#24 Everett Whalen - CB",,"#33 Russell Washington - CB",,"#22 Kelley Zook - SS","#38 William Fleming - FS",,,,,,,,,,,,,,,,,,,,,,,,,,,,,,,,,,,,
CHA,4:07,"CHA 48",3,3,2,"Weak I Normal FB Inside Weak","4-3 Normal OLB Blitz Inside",,7,6,"3-2-CHA 48 (4:06) 20-Larry Robinson ran to CHA 48 for a short gain. Tackle by 57-Anthony Allan.","#13 Antonio Martinez - QB","#45 James Sadler - RB",,,"#20 Larry Robinson - FB","#89 Timmy Roache - TE",,"#11 Robert Lavender - WR",,"#84 John Kirkland - WR",,,"#77 Steven Conti - C","#82 Mary Ashcraft - LG","#55 Anthony Lear - RG","#61 Hector Maeda - RG","#67 Norman Spaulding - LG",,"#77 Rafael Thomas - LDE",,"#93 Dale Nichols - DT","#72 Cameron Wilson - DT","#78 Denver Campbell - RDE","#96 Ervin Matson - SLB","#42 Don Gregory - MLB",,"#57 Anthony Allan - WLB","#46 Wayne Cauley - CB","#24 Everett Whalen - CB",,,,"#22 Kelley Zook - SS","#38 William Fleming - FS",,,,,,,,,,,,,,,,,,,,,,,,,,,,,,,,,,,,
CHA,3:33,"CHA 48",3,4,2,Punt,"Punt Return",,7,6,"4-2-CHA 48 (3:32) 15-Charles Brothers punts 43 yards to DEN 9. Fair Catch by 13-Thomas Warner.",,,,,,,,,,,,,,,,,,"#15 Charles Brothers - P",,,,,,,,,,,,,,,,,,,"#67 Norman Spaulding - LG",,"#13 Thomas Warner - WR",,,"#42 Don Gregory - MLB","#96 Ervin Matson - SLB","#77 Rafael Thomas - LDE",,"#24 Everett Whalen - CB","#22 Kelley Zook - SS",,"#44 Bryan Bird - MLB",,,,"#69 Brad Wiens - RG","#77 Steven Conti - C","#61 Hector Maeda - RG","#55 Anthony Lear - RG","#82 Mary Ashcraft - LG","#22 Lee Dorman - RB",,"#38 William Fleming - FS","#72 Cameron Wilson - DT","#78 Denver Campbell - RDE","#73 Craig Lavelle - DT",,,,,,,
DEN,3:25,"DEN 9",3,1,10,"Shotgun Normal HB Flare","Nickel Normal CB3 LB Blitz",8,7,6,"1-10-DEN 9 (3:26) 8-Richard Crum pass complete to 87-Lyle Opitz to DEN 16 for 8 yards. Tackle by 49-Roger Smith. 87-Lyle Opitz did some fancy footwork there. PENALTY - Pass Interference (CHA 49-Roger Smith)","#8 Richard Crum - QB","#23 Manuel Martinez - RB",,,,"#82 Emanuel Doucette - TE",,"#19 Daniel Boone - WR","#87 Lyle Opitz - WR","#13 Thomas Warner - WR",,,"#63 George Sturgill - LT","#75 Robert Rademacher - LG","#59 John Austin - C","#65 Kyle Holbrook - RG","#60 James Rivera - RT",,"#95 Kevin Farrar - LDE",,"#96 Michael Downey - DT","#64 Larry Grisham - DT","#91 Richard Smith - RDE",,"#54 James Reynolds - MLB",,"#93 James Maughan - WLB","#24 Aaron Moore - CB","#21 Julius Winter - CB",,"#40 Fred Padgett - CB",,"#34 Roderick Sanchez - SS","#49 Roger Smith - FS",,,,,,,,,,,,,,,,,,,,,,,,,,,,,,,,,,,,
DEN,3:22,"DEN 16",3,1,10,"I Formation 3WR SE Post","Nickel Normal Double LB Blitz",4,7,6,"1-10-DEN 16 (3:23) 8-Richard Crum pass complete to 15-Danny Robinson to DEN 20 for 4 yards. Tackle by 58-Mark Houck. 15-Danny Robinson breaks down the CB.","#8 Richard Crum - QB","#23 Manuel Martinez - RB",,,"#41 Richard Cole - FB",,,"#19 Daniel Boone - WR","#15 Danny Robinson - WR","#87 Lyle Opitz - WR",,,"#63 George Sturgill - LT","#75 Robert Rademacher - LG","#59 John Austin - C","#65 Kyle Holbrook - RG","#60 James Rivera - RT",,"#95 Kevin Farrar - LDE",,"#96 Michael Downey - DT","#64 Larry Grisham - DT","#91 Richard Smith - RDE",,"#94 Joseph Jeffries - MLB",,"#97 Harry Hampton - WLB","#24 Aaron Moore - CB","#40 Fred Padgett - CB",,"#37 Harold Smith - CB",,"#34 Roderick Sanchez - SS","#58 Mark Houck - FS",,,,,,,,,,,,,,,,,,,,,,,,,,,,,,,,,,,,
DEN,2:45,"DEN 20",3,2,6,"I Formation Power HB Strong Outside","Goal Line Attack #2",2,7,6,"2-6-DEN 20 (2:44) 23-Manuel Martinez ran to DEN 21 for 2 yards. Tackle by 56-Kim Ball.","#8 Richard Crum - QB","#23 Manuel Martinez - RB",,"#26 William Bettis - RB","#41 Richard Cole - FB","#82 Emanuel Doucette - TE",,"#19 Daniel Boone - WR",,,,,"#63 George Sturgill - LT","#75 Robert Rademacher - LG","#59 John Austin - C","#65 Kyle Holbrook - RG","#60 James Rivera - RT",,"#95 Kevin Farrar - LDE","#53 Jeffery Hill - RDE","#96 Michael Downey - DT","#64 Larry Grisham - DT","#91 Richard Smith - RDE","#92 Jason McDonald - SLB","#56 Kim Ball - MLB",,"#97 Harry Hampton - WLB","#21 Julius Winter - CB","#49 Roger Smith - FS",,,,"#35 Gerald Brown - SS",,,,,,,,,,,,,,,,,,,,,,,,,,,,,,,,,,,,,
DEN,2:05,"DEN 21",3,3,4,"I Formation 3WR HB Inside Strong","Nickel Normal Double WR2",-0,7,6,"3-4-DEN 21 (2:04) 23-Manuel Martinez ran to DEN 21 for a short loss. Tackle by 97-Harry Hampton.","#8 Richard Crum - QB","#23 Manuel Martinez - RB",,,"#41 Richard Cole - FB",,,"#19 Daniel Boone - WR","#15 Danny Robinson - WR","#87 Lyle Opitz - WR",,,"#63 George Sturgill - LT","#75 Robert Rademacher - LG","#59 John Austin - C","#65 Kyle Holbrook - RG","#60 James Rivera - RT",,"#95 Kevin Farrar - LDE",,"#96 Michael Downey - DT","#64 Larry Grisham - DT","#91 Richard Smith - RDE",,"#94 Joseph Jeffries - MLB",,"#97 Harry Hampton - WLB","#24 Aaron Moore - CB","#21 Julius Winter - CB",,"#40 Fred Padgett - CB",,"#34 Roderick Sanchez - SS","#49 Roger Smith - FS",,,,,,,,,,,,,,,,,,,,,,,,,,,,,,,,,,,,
DEN,1:22,"DEN 21",3,4,5,Punt,"Punt Return",,7,6,"4-5-DEN 21 (1:21) 10-Jesse Hampton punts 46 yards to CHA 33. 41-Rodger Brown to CHA 38 for 5 yards. Tackle by 59-John Austin. CHA 94-Joseph Jeffries was injured on the play. He looks like he should be able to return.",,,,,,,,,,,,,,,,,,"#10 Jesse Hampton - P",,,,,,,,,,,,,,,,,,,"#59 John Austin - C",,"#41 Rodger Brown - RB",,,"#97 Harry Hampton - WLB","#53 Jeffery Hill - RDE","#94 Joseph Jeffries - MLB",,"#56 Kim Ball - MLB","#95 Kevin Farrar - LDE",,"#79 Anthony Moore - RDE",,,,"#60 James Rivera - RT","#62 Martin Brick - LG","#63 George Sturgill - LT","#66 Mark Danielson - LT","#65 Kyle Holbrook - RG","#87 Lyle Opitz - WR",,"#49 Roger Smith - FS","#92 Jason McDonald - SLB","#21 Julius Winter - CB","#96 Michael Downey - DT",,,,,,,
CHA,1:10,"CHA 38",3,1,10,"Singleback Big WR Streaks","4-3 Normal 3 Deep LB Blitz",13,7,6,"1-10-CHA 38 (1:11) 13-Antonio Martinez pass complete to 89-Timmy Roache to DEN 49 for 13 yards. Tackle by 46-Wayne Cauley.","#13 Antonio Martinez - QB","#45 James Sadler - RB",,,,"#89 Timmy Roache - TE","#85 William Martin - TE","#11 Robert Lavender - WR",,"#17 Pete Herman - WR",,,"#86 Thomas Briggs - LT","#82 Mary Ashcraft - LG","#77 Steven Conti - C","#69 Brad Wiens - RG","#61 Hector Maeda - RG",,"#90 Jerry Franklin - LDE",,"#93 Dale Nichols - DT","#72 Cameron Wilson - DT","#70 Neil Kenney - RDE","#96 Ervin Matson - SLB","#44 Bryan Bird - MLB",,"#57 Anthony Allan - WLB","#46 Wayne Cauley - CB","#24 Everett Whalen - CB",,,,"#22 Kelley Zook - SS","#38 William Fleming - FS",,,,,,,,,,,,,,,,,,,,,,,,,,,,,,,,,,,,
CHA,0:29,"DEN 49",3,1,10,"Shotgun 5 Wide Slot Drag","Quarter Normal Man Cover 2",,7,6,"1-10-DEN 49 (0:28) 9-Chris Miller pass Pass knocked down by 49-Kris Miller. incomplete, intended for 17-Pete Herman. 39-Anthony Overstreet got away with a hold on that play.","#9 Chris Miller - QB",,,,,,,"#19 Jeff Mellen - WR","#11 Robert Lavender - WR","#84 John Kirkland - WR","#17 Pete Herman - WR","#41 Rodger Brown - RB","#86 Thomas Briggs - LT","#82 Mary Ashcraft - LG","#77 Steven Conti - C","#69 Brad Wiens - RG","#61 Hector Maeda - RG",,"#77 Rafael Thomas - LDE",,"#93 Dale Nichols - DT",,"#78 Denver Campbell - RDE",,"#42 Don Gregory - MLB",,,"#46 Wayne Cauley - CB","#24 Everett Whalen - CB","#39 Anthony Overstreet - CB","#33 Russell Washington - CB","#49 Kris Miller - FS","#22 Kelley Zook - SS","#38 William Fleming - FS",,,,,,,,,,,,,,,,,,,,,,,,,,,,,,,,,,,,
CHA,0:24,"DEN 49",3,2,10,"I Formation Normal Cross In","4-3 Under Double LB Blitz",4,7,6,"2-10-DEN 49 (0:25) 13-Antonio Martinez pass complete to 85-William Martin to DEN 45 for 4 yards. Tackle by 49-Kris Miller.","#13 Antonio Martinez - QB","#22 Lee Dorman - RB",,,"#20 Larry Robinson - FB","#85 William Martin - TE",,"#19 Jeff Mellen - WR",,"#84 John Kirkland - WR",,,"#86 Thomas Briggs - LT","#82 Mary Ashcraft - LG","#77 Steven Conti - C","#69 Brad Wiens - RG","#61 Hector Maeda - RG",,"#77 Rafael Thomas - LDE",,"#93 Dale Nichols - DT","#72 Cameron Wilson - DT","#78 Denver Campbell - RDE","#96 Ervin Matson - SLB","#42 Don Gregory - MLB",,"#57 Anthony Allan - WLB","#46 Wayne Cauley - CB","#33 Russell Washington - CB",,,,"#22 Kelley Zook - SS","#49 Kris Miller - FS",,,,,,,,,,,,,,,,,,,,,,,,,,,,,,,,,,,,
,0:00,,3,3,6,,,,7,6,"End of third quarter.",,,,,,,,,,,,,,,,,,,,,,,,,,,,,,,,,,,,,,,,,,,,,,,,,,,,,,,,,,,,,,,,,,,,,,
CHA,15:00,"DEN 45",4,3,6,"Weak I Normal Skinny Posts","4-3 Normal Double Safety Blitz",,7,6,"3-6-DEN 45 (15:00) 13-Antonio Martinez pass Pass knocked down by 22-Kelley Zook. incomplete, intended for 89-Timmy Roache.","#13 Antonio Martinez - QB","#45 James Sadler - RB",,,"#20 Larry Robinson - FB","#89 Timmy Roache - TE",,"#19 Jeff Mellen - WR",,"#84 John Kirkland - WR",,,"#86 Thomas Briggs - LT","#82 Mary Ashcraft - LG","#77 Steven Conti - C","#69 Brad Wiens - RG","#61 Hector Maeda - RG",,"#77 Rafael Thomas - LDE",,"#93 Dale Nichols - DT","#72 Cameron Wilson - DT","#78 Denver Campbell - RDE","#96 Ervin Matson - SLB","#42 Don Gregory - MLB",,"#57 Anthony Allan - WLB","#46 Wayne Cauley - CB","#24 Everett Whalen - CB",,,,"#22 Kelley Zook - SS","#38 William Fleming - FS",,,,,,,,,,,,,,,,,,,,,,,,,,,,,,,,,,,,
CHA,14:57,"DEN 45",4,4,6,Punt,"Punt Return",,7,6,"4-6-DEN 45 (14:58) 15-Charles Brothers punts 41 yards to DEN 3. Fair Catch by 13-Thomas Warner.",,,,,,,,,,,,,,,,,,"#15 Charles Brothers - P",,,,,,,,,,,,,,,,,,,"#67 Norman Spaulding - LG",,"#13 Thomas Warner - WR",,,"#42 Don Gregory - MLB","#96 Ervin Matson - SLB","#77 Rafael Thomas - LDE",,"#24 Everett Whalen - CB","#22 Kelley Zook - SS",,"#44 Bryan Bird - MLB",,,,"#69 Brad Wiens - RG","#77 Steven Conti - C","#61 Hector Maeda - RG","#55 Anthony Lear - RG","#82 Mary Ashcraft - LG","#86 Thomas Briggs - LT",,"#38 William Fleming - FS","#72 Cameron Wilson - DT","#78 Denver Campbell - RDE","#73 Craig Lavelle - DT",,,,,,,
DEN,14:51,"DEN 3",4,1,10,"I Formation Normal Max Protect","46 Heavy WLB Blitz",7,7,6,"1-10-DEN 3 (14:52) 8-Richard Crum pass complete to 23-Manuel Martinez to DEN 10 for 7 yards. Tackle by 24-Aaron Moore. 23-Manuel Martinez breaks down the CB.","#8 Richard Crum - QB","#23 Manuel Martinez - RB",,,"#41 Richard Cole - FB","#82 Emanuel Doucette - TE",,"#19 Daniel Boone - WR",,"#87 Lyle Opitz - WR",,,"#63 George Sturgill - LT","#75 Robert Rademacher - LG","#59 John Austin - C","#65 Kyle Holbrook - RG","#60 James Rivera - RT",,"#53 Jeffery Hill - RDE",,"#96 Michael Downey - DT","#64 Larry Grisham - DT","#91 Richard Smith - RDE","#92 Jason McDonald - SLB","#54 James Reynolds - MLB",,"#93 James Maughan - WLB","#24 Aaron Moore - CB","#21 Julius Winter - CB",,,,"#34 Roderick Sanchez - SS","#49 Roger Smith - FS",,,,,,,,,,,,,,,,,,,,,,,,,,,,,,,,,,,,
DEN,14:07,"DEN 10",4,2,3,"Goal Line Normal HB Off Tackle","Goal Line Attack #2",-1,7,6,"2-3-DEN 10 (14:06) 26-William Bettis ran to DEN 10 for -1 yards. Tackle by 56-Kim Ball.","#8 Richard Crum - QB","#26 William Bettis - RB",,"#30 Kevin Hillman - RB","#41 Richard Cole - FB","#82 Emanuel Doucette - TE","#36 Al  Gore - TE",,,,,,"#63 George Sturgill - LT","#75 Robert Rademacher - LG","#59 John Austin - C","#65 Kyle Holbrook - RG","#60 James Rivera - RT",,"#95 Kevin Farrar - LDE","#53 Jeffery Hill - RDE","#96 Michael Downey - DT","#64 Larry Grisham - DT","#91 Richard Smith - RDE","#57 Alvaro Gabriel - SLB","#56 Kim Ball - MLB",,"#97 Harry Hampton - WLB","#40 Fred Padgett - CB","#37 Harold Smith - CB",,,,"#58 Mark Houck - FS",,,,,,,,,,,,,,,,,,,,,,,,,,,,,,,,,,,,,
DEN,13:34,"DEN 10",4,3,4,"I Formation 3WR HB Toss Strong","Nickel Normal Double WR3",1,7,6,"3-4-DEN 10 (13:33) 23-Manuel Martinez ran to DEN 11 for 1 yards. Tackle by 95-Kevin Farrar.","#8 Richard Crum - QB","#23 Manuel Martinez - RB",,,"#41 Richard Cole - FB",,,"#19 Daniel Boone - WR","#15 Danny Robinson - WR","#87 Lyle Opitz - WR",,,"#63 George Sturgill - LT","#75 Robert Rademacher - LG","#59 John Austin - C","#65 Kyle Holbrook - RG","#60 James Rivera - RT",,"#95 Kevin Farrar - LDE",,"#96 Michael Downey - DT","#64 Larry Grisham - DT","#91 Richard Smith - RDE",,"#56 Kim Ball - MLB",,"#97 Harry Hampton - WLB","#24 Aaron Moore - CB","#21 Julius Winter - CB",,"#40 Fred Padgett - CB",,"#34 Roderick Sanchez - SS","#49 Roger Smith - FS",,,,,,,,,,,,,,,,,,,,,,,,,,,,,,,,,,,,
DEN,12:58,"DEN 11",4,4,2,Punt,"Punt Return",,7,6,"4-2-DEN 11 (12:57) 10-Jesse Hampton punts 46 yards to CHA 43. 41-Rodger Brown to CHA 44 for 1 yards. Tackle by 77-Rafael Thomas.",,,,,,,,,,,,,,,,,,"#10 Jesse Hampton - P",,,,,,,,,,,,,,,,,,,"#59 John Austin - C",,"#41 Rodger Brown - RB",,,"#79 Anthony Moore - RDE","#56 Kim Ball - MLB","#95 Kevin Farrar - LDE",,"#53 Jeffery Hill - RDE","#75 Lawrence Choi - DT",,"#97 Harry Hampton - WLB",,,,"#60 James Rivera - RT","#62 Martin Brick - LG","#63 George Sturgill - LT","#66 Mark Danielson - LT","#65 Kyle Holbrook - RG","#87 Lyle Opitz - WR",,"#59 David Fanning - RDE","#92 Jason McDonald - SLB","#96 Michael Downey - DT","#91 Richard Smith - RDE",,,,,,,
CHA,12:49,"CHA 44",4,1,10,"Shotgun 5 Wide Slot Drag","Quarter Normal Man Cover 2",6,7,6,"1-10-CHA 44 (12:50) 13-Antonio Martinez pass complete to 19-Jeff Mellen to CHA 50 for 6 yards. Tackle by 49-Kris Miller.","#13 Antonio Martinez - QB",,,,,,,"#11 Robert Lavender - WR","#19 Jeff Mellen - WR","#17 Pete Herman - WR","#84 John Kirkland - WR","#45 James Sadler - RB","#86 Thomas Briggs - LT","#82 Mary Ashcraft - LG","#77 Steven Conti - C","#61 Hector Maeda - RG","#67 Norman Spaulding - LG",,"#90 Jerry Franklin - LDE",,"#93 Dale Nichols - DT",,"#70 Neil Kenney - RDE",,"#44 Bryan Bird - MLB",,,"#46 Wayne Cauley - CB","#24 Everett Whalen - CB","#39 Anthony Overstreet - CB","#33 Russell Washington - CB","#49 Kris Miller - FS","#22 Kelley Zook - SS","#38 William Fleming - FS",,,,,,,,,,,,,,,,,,,,,,,,,,,,,,,,,,,,
CHA,12:07,"CHA 50",4,2,4,"Shotgun 2 RB 3 WR Shotgun Sweep","Nickel Normal Man Cover 2",12,7,6,"2-4-CHA 50 (12:06) 22-Lee Dorman ran to DEN 39 for 12 yards. Tackle by 22-Kelley Zook.","#13 Antonio Martinez - QB","#41 Rodger Brown - RB","#22 Lee Dorman - RB",,,,,"#11 Robert Lavender - WR","#84 John Kirkland - WR","#17 Pete Herman - WR",,,"#86 Thomas Briggs - LT","#82 Mary Ashcraft - LG","#77 Steven Conti - C","#69 Brad Wiens - RG","#61 Hector Maeda - RG",,"#77 Rafael Thomas - LDE",,"#93 Dale Nichols - DT","#72 Cameron Wilson - DT","#78 Denver Campbell - RDE",,"#42 Don Gregory - MLB",,"#57 Anthony Allan - WLB","#46 Wayne Cauley - CB","#24 Everett Whalen - CB",,"#33 Russell Washington - CB",,"#22 Kelley Zook - SS","#38 William Fleming - FS",,,,,,,,,,,,,,,,,,,,,,,,,,,,,,,,,,,,
CHA,11:28,"DEN 39",4,1,10,"I Formation Twin WR Hard Slants","4-3 Normal OLB Blitz Inside",21,7,6,"1-10-DEN 39 (11:27) 13-Antonio Martinez pass complete to 89-Timmy Roache to DEN 17 for 21 yards. Tackle by 22-Kelley Zook.","#13 Antonio Martinez - QB","#45 James Sadler - RB",,,"#20 Larry Robinson - FB","#89 Timmy Roache - TE",,"#19 Jeff Mellen - WR",,"#11 Robert Lavender - WR",,,"#86 Thomas Briggs - LT","#82 Mary Ashcraft - LG","#77 Steven Conti - C","#61 Hector Maeda - RG","#67 Norman Spaulding - LG",,"#77 Rafael Thomas - LDE",,"#93 Dale Nichols - DT","#72 Cameron Wilson - DT","#78 Denver Campbell - RDE","#96 Ervin Matson - SLB","#42 Don Gregory - MLB",,"#57 Anthony Allan - WLB","#46 Wayne Cauley - CB","#24 Everett Whalen - CB",,,,"#22 Kelley Zook - SS","#38 William Fleming - FS",,,,,,,,,,,,,,,,,,,,,,,,,,,,,,,,,,,,
CHA,10:51,"DEN 17",4,1,10,"Singleback Normal TE Quick Out","Nickel Blitz Weak Blitz",,7,6,"1-10-DEN 17 (10:50) 9-Chris Miller pass Pass knocked down by 49-Kris Miller. incomplete, intended for 11-Robert Lavender.","#9 Chris Miller - QB","#41 Rodger Brown - RB",,,,"#85 William Martin - TE",,"#84 John Kirkland - WR","#11 Robert Lavender - WR","#17 Pete Herman - WR",,,"#86 Thomas Briggs - LT","#82 Mary Ashcraft - LG","#77 Steven Conti - C","#61 Hector Maeda - RG","#67 Norman Spaulding - LG",,"#77 Rafael Thomas - LDE",,"#93 Dale Nichols - DT","#72 Cameron Wilson - DT","#78 Denver Campbell - RDE",,"#42 Don Gregory - MLB",,"#57 Anthony Allan - WLB","#46 Wayne Cauley - CB","#39 Anthony Overstreet - CB",,"#38 William Fleming - FS",,"#33 Russell Washington - CB","#49 Kris Miller - FS",,,,,,,,,,,,,,,,,,,,,,,,,,,,,,,,,,,,
CHA,10:46,"DEN 17",4,2,10,"I Formation Normal FB Middle","4-3 Normal Double Safety Blitz",5,7,6,"2-10-DEN 17 (10:47) 13-Antonio Martinez pass complete to 19-Jeff Mellen to DEN 12 for 5 yards. Tackle by 96-Ervin Matson. Nice job by 19-Jeff Mellen on that route to lose his coverage.","#13 Antonio Martinez - QB","#41 Rodger Brown - RB",,,"#20 Larry Robinson - FB","#85 William Martin - TE",,"#19 Jeff Mellen - WR",,"#84 John Kirkland - WR",,,"#86 Thomas Briggs - LT","#82 Mary Ashcraft - LG","#77 Steven Conti - C","#61 Hector Maeda - RG","#67 Norman Spaulding - LG",,"#77 Rafael Thomas - LDE",,"#93 Dale Nichols - DT","#72 Cameron Wilson - DT","#78 Denver Campbell - RDE","#96 Ervin Matson - SLB","#42 Don Gregory - MLB",,"#57 Anthony Allan - WLB","#33 Russell Washington - CB","#39 Anthony Overstreet - CB",,,,"#22 Kelley Zook - SS","#49 Kris Miller - FS",,,,,,,,,,,,,,,,,,,,,,,,,,,,,,,,,,,,
CHA,10:08,"DEN 12",4,3,5,"Shotgun 4 Wide Slot Drag","Dime Normal Man Cover 1",3,7,6,"3-5-DEN 12 (10:07) 13-Antonio Martinez pass complete to 84-John Kirkland to DEN 9 for 3 yards. Tackle by 33-Russell Washington.","#13 Antonio Martinez - QB","#45 James Sadler - RB",,,,,,"#17 Pete Herman - WR","#84 John Kirkland - WR","#11 Robert Lavender - WR","#19 Jeff Mellen - WR",,"#86 Thomas Briggs - LT","#82 Mary Ashcraft - LG","#77 Steven Conti - C","#69 Brad Wiens - RG","#61 Hector Maeda - RG",,"#77 Rafael Thomas - LDE",,"#93 Dale Nichols - DT","#72 Cameron Wilson - DT","#78 Denver Campbell - RDE",,"#44 Bryan Bird - MLB",,,"#46 Wayne Cauley - CB","#24 Everett Whalen - CB","#39 Anthony Overstreet - CB","#33 Russell Washington - CB",,"#22 Kelley Zook - SS","#49 Kris Miller - FS",,,,,,,,,,,,,,,,,,,,,,,,,,,,,,,,,,,,
CHA,9:25,"DEN 9",4,4,2,"Field Goal","FG Block",20,10,6,"4-2-DEN 9 (9:24) 1-Carlos Reed 26 yard field goal is GOOD. CHA 10 DEN 6",,,,,,,,,,,,,,,,,,,,,,,,,,,,,,,,,,,,"#15 Charles Brothers - P","#67 Norman Spaulding - LG",,,,,,,,,,,,,,"#1 Carlos Reed - K","#85 William Martin - TE","#69 Brad Wiens - RG","#77 Steven Conti - C","#61 Hector Maeda - RG","#55 Anthony Lear - RG","#82 Mary Ashcraft - LG","#86 Thomas Briggs - LT","#22 Lee Dorman - RB","#73 Craig Lavelle - DT","#72 Cameron Wilson - DT","#78 Denver Campbell - RDE","#42 Don Gregory - MLB","#53 Eddie Schiro - SLB","#96 Ervin Matson - SLB","#77 Rafael Thomas - LDE","#24 Everett Whalen - CB","#38 William Fleming - FS","#22 Kelley Zook - SS","#44 Bryan Bird - MLB"
CHA,9:20,"CHA 35",4,6,10,Kickoff,"Kick Return",,10,6,"(9:21) 1-Carlos Reed kicks 69 yards from CHA 35 to DEN -4. 13-Thomas Warner to DEN 17 for 22 yards. Tackle by 94-Joseph Jeffries.",,,,,,,,,,,,,,,,,,,,,,,,,,,,,,,,,,,,,,"#13 Thomas Warner - WR",,"#39 Anthony Overstreet - CB","#72 Cameron Wilson - DT","#42 Don Gregory - MLB","#44 Bryan Bird - MLB","#77 Rafael Thomas - LDE","#96 Ervin Matson - SLB","#78 Denver Campbell - RDE","#24 Everett Whalen - CB","#33 Russell Washington - CB","#22 Kelley Zook - SS","#1 Carlos Reed - K",,,,,,,,,,,,,,,,,,,,
DEN,9:17,"DEN 17",4,1,10,"I Formation Normal HB Dive","46 Heavy WLB Blitz",1,10,6,"1-10-DEN 17 (9:18) 23-Manuel Martinez ran to DEN 18 for 1 yards. Tackle by 59-David Fanning.","#8 Richard Crum - QB","#23 Manuel Martinez - RB",,,"#41 Richard Cole - FB","#82 Emanuel Doucette - TE",,"#19 Daniel Boone - WR",,"#87 Lyle Opitz - WR",,,"#63 George Sturgill - LT","#75 Robert Rademacher - LG","#59 John Austin - C","#65 Kyle Holbrook - RG","#60 James Rivera - RT",,"#54 James Reynolds - MLB",,"#64 Larry Grisham - DT","#59 David Fanning - RDE","#91 Richard Smith - RDE","#92 Jason McDonald - SLB","#99 Seymour Hudson - MLB",,"#93 James Maughan - WLB","#24 Aaron Moore - CB","#40 Fred Padgett - CB",,,,"#58 Mark Houck - FS","#34 Roderick Sanchez - SS",,,,,,,,,,,,,,,,,,,,,,,,,,,,,,,,,,,,
DEN,8:40,"DEN 18",4,2,9,"Shotgun 2 RB 3 WR RB Curls","Nickel Normal Double WR2",,10,6,"2-9-DEN 18 (8:39) 8-Richard Crum pass Pass knocked down by 97-Harry Hampton. incomplete, intended for 26-William Bettis.","#8 Richard Crum - QB","#23 Manuel Martinez - RB","#26 William Bettis - RB",,,,,"#19 Daniel Boone - WR","#13 Thomas Warner - WR","#87 Lyle Opitz - WR",,,"#63 George Sturgill - LT","#75 Robert Rademacher - LG","#59 John Austin - C","#65 Kyle Holbrook - RG","#60 James Rivera - RT",,"#95 Kevin Farrar - LDE",,"#96 Michael Downey - DT","#64 Larry Grisham - DT","#91 Richard Smith - RDE",,"#94 Joseph Jeffries - MLB",,"#97 Harry Hampton - WLB","#24 Aaron Moore - CB","#21 Julius Winter - CB",,"#40 Fred Padgett - CB",,"#34 Roderick Sanchez - SS","#49 Roger Smith - FS",,,,,,,,,,,,,,,,,,,,,,,,,,,,,,,,,,,,
DEN,8:35,"DEN 18",4,3,9,"I Formation 3WR HB Inside Strong","Nickel Normal CB3 LB Blitz",4,10,6,"3-9-DEN 18 (8:36) 26-William Bettis ran to DEN 22 for 4 yards. Tackle by 58-Mark Houck. DEN 59-John Austin was injured on the play.","#8 Richard Crum - QB","#26 William Bettis - RB",,,"#41 Richard Cole - FB",,,"#19 Daniel Boone - WR","#15 Danny Robinson - WR","#87 Lyle Opitz - WR",,,"#63 George Sturgill - LT","#75 Robert Rademacher - LG","#59 John Austin - C","#65 Kyle Holbrook - RG","#60 James Rivera - RT",,"#95 Kevin Farrar - LDE",,"#96 Michael Downey - DT","#64 Larry Grisham - DT","#91 Richard Smith - RDE",,"#56 Kim Ball - MLB",,"#93 James Maughan - WLB","#37 Harold Smith - CB","#24 Aaron Moore - CB",,"#21 Julius Winter - CB",,"#35 Gerald Brown - SS","#58 Mark Houck - FS",,,,,,,,,,,,,,,,,,,,,,,,,,,,,,,,,,,,
DEN,7:54,"DEN 22",4,4,5,Punt,"Punt Return",,10,6,"4-5-DEN 22 (7:53) 10-Jesse Hampton punts 48 yards to CHA 30. 41-Rodger Brown to CHA 31 for 1 yards. Tackle by 42-Don Gregory.",,,,,,,,,,,,,,,,,,"#10 Jesse Hampton - P",,,,,,,,,,,,,,,,,,,"#62 Martin Brick - LG",,"#41 Rodger Brown - RB",,,"#56 Kim Ball - MLB","#75 Lawrence Choi - DT","#94 Joseph Jeffries - MLB",,"#95 Kevin Farrar - LDE","#79 Anthony Moore - RDE",,"#53 Jeffery Hill - RDE",,,,"#87 Lyle Opitz - WR","#60 James Rivera - RT","#63 George Sturgill - LT","#66 Mark Danielson - LT","#65 Kyle Holbrook - RG","#41 Richard Cole - FB",,"#49 Roger Smith - FS","#92 Jason McDonald - SLB","#97 Harry Hampton - WLB","#96 Michael Downey - DT",,,,,,,
CHA,7:45,"CHA 31",4,1,10,"Weak I Normal Skinny Posts","4-3 Normal Double Safety Blitz",,10,6,"1-10-CHA 31 (7:46) 13-Antonio Martinez pass INTERCEPTED by 57-Anthony Allan at CHA 36. 57-Anthony Allan to CHA 36 for 0 yards. Tackle by 89-Timmy Roache.","#13 Antonio Martinez - QB","#45 James Sadler - RB",,,"#20 Larry Robinson - FB","#89 Timmy Roache - TE",,"#11 Robert Lavender - WR",,"#17 Pete Herman - WR",,,"#86 Thomas Briggs - LT","#82 Mary Ashcraft - LG","#77 Steven Conti - C","#61 Hector Maeda - RG","#67 Norman Spaulding - LG",,"#90 Jerry Franklin - LDE",,"#93 Dale Nichols - DT","#72 Cameron Wilson - DT","#70 Neil Kenney - RDE","#96 Ervin Matson - SLB","#44 Bryan Bird - MLB",,"#57 Anthony Allan - WLB","#46 Wayne Cauley - CB","#24 Everett Whalen - CB",,,,"#22 Kelley Zook - SS","#38 William Fleming - FS",,,,,,,,,,,,,,,,,,,,,,,,,,,,,,,,,,,,
DEN,7:43,"CHA 36",4,1,10,"I Formation Normal PA Outside Curls","4-3 Normal WLB MLB Blitz",,10,6,"1-10-CHA 36 (7:44) 8-Richard Crum pass Pass knocked down by 92-Jason McDonald. incomplete, intended for 23-Manuel Martinez.","#8 Richard Crum - QB","#23 Manuel Martinez - RB",,,"#41 Richard Cole - FB","#82 Emanuel Doucette - TE",,"#19 Daniel Boone - WR",,"#87 Lyle Opitz - WR",,,"#63 George Sturgill - LT","#75 Robert Rademacher - LG","#59 John Austin - C","#65 Kyle Holbrook - RG","#60 James Rivera - RT",,"#95 Kevin Farrar - LDE",,"#96 Michael Downey - DT","#64 Larry Grisham - DT","#91 Richard Smith - RDE","#92 Jason McDonald - SLB","#94 Joseph Jeffries - MLB",,"#97 Harry Hampton - WLB","#24 Aaron Moore - CB","#21 Julius Winter - CB",,,,"#34 Roderick Sanchez - SS","#49 Roger Smith - FS",,,,,,,,,,,,,,,,,,,,,,,,,,,,,,,,,,,,
DEN,7:40,"CHA 36",4,2,10,"Shotgun 2 RB 3 WR FL Drag","Nickel Normal CB3 MLB Blitz",2,10,6,"2-10-CHA 36 (7:41) 8-Richard Crum pass complete to 19-Daniel Boone to CHA 34 for 2 yards. Tackle by 58-Mark Houck. Great move by 19-Daniel Boone to get free of his coverage.","#8 Richard Crum - QB","#23 Manuel Martinez - RB","#26 William Bettis - RB",,,,,"#19 Daniel Boone - WR","#13 Thomas Warner - WR","#87 Lyle Opitz - WR",,,"#63 George Sturgill - LT","#75 Robert Rademacher - LG","#59 John Austin - C","#65 Kyle Holbrook - RG","#60 James Rivera - RT",,"#95 Kevin Farrar - LDE",,"#96 Michael Downey - DT","#64 Larry Grisham - DT","#91 Richard Smith - RDE",,"#94 Joseph Jeffries - MLB",,"#97 Harry Hampton - WLB","#24 Aaron Moore - CB","#40 Fred Padgett - CB",,"#37 Harold Smith - CB",,"#34 Roderick Sanchez - SS","#58 Mark Houck - FS",,,,,,,,,,,,,,,,,,,,,,,,,,,,,,,,,,,,
DEN,7:08,"CHA 34",4,3,8,"I Formation 3WR SE Post","Nickel Normal CB3 LB Blitz",34,10,12,"3-8-CHA 34 (7:07) 8-Richard Crum pass complete to 87-Lyle Opitz for 34 yards. TOUCHDOWN! Great move by 87-Lyle Opitz to get free of his coverage. 21-Julius Winter got away with a hold on that play. DEN 41-Richard Cole was injured on the play. CHA 10 DEN 12","#8 Richard Crum - QB","#23 Manuel Martinez - RB",,,"#41 Richard Cole - FB",,,"#19 Daniel Boone - WR","#15 Danny Robinson - WR","#87 Lyle Opitz - WR",,,"#63 George Sturgill - LT","#75 Robert Rademacher - LG","#59 John Austin - C","#65 Kyle Holbrook - RG","#60 James Rivera - RT",,"#95 Kevin Farrar - LDE",,"#96 Michael Downey - DT","#64 Larry Grisham - DT","#91 Richard Smith - RDE",,"#94 Joseph Jeffries - MLB",,"#97 Harry Hampton - WLB","#24 Aaron Moore - CB","#21 Julius Winter - CB",,"#40 Fred Padgett - CB",,"#34 Roderick Sanchez - SS","#49 Roger Smith - FS",,,,,,,,,,,,,,,,,,,,,,,,,,,,,,,,,,,,
DEN,7:00,"CHA 15",4,7,15,"Field Goal","FG Block",25,10,13,"(7:01) Extra point GOOD by 7-Tyler Garcia. CHA 10 DEN 13",,,,,,,,,,,,,,,,,,,,,,,,,,,,,,,,,,,,"#13 Thomas Warner - WR","#59 John Austin - C",,,,,,,,,,,,,,"#7 Tyler Garcia - K","#36 Al  Gore - TE","#60 James Rivera - RT","#62 Martin Brick - LG","#63 George Sturgill - LT","#66 Mark Danielson - LT","#65 Kyle Holbrook - RG","#75 Robert Rademacher - LG","#64 Donald Carson - RT","#91 Richard Smith - RDE","#92 Jason McDonald - SLB","#94 Joseph Jeffries - MLB","#95 Kevin Farrar - LDE","#56 Kim Ball - MLB","#35 Gerald Brown - SS","#49 Roger Smith - FS","#96 Michael Downey - DT","#59 David Fanning - RDE","#21 Julius Winter - CB","#97 Harry Hampton - WLB"
DEN,7:00,"DEN 35",4,6,10,Kickoff,"Kick Return",,10,13,"(7:01) 7-Tyler Garcia kicks 74 yards from DEN 35 to CHA -9. Touchback.",,,,,,,,,,,,,,,,,,,,,,,,,,,,,,,,,,,,,,"#41 Rodger Brown - RB",,"#49 Roger Smith - FS","#75 Lawrence Choi - DT","#56 Kim Ball - MLB","#96 Michael Downey - DT","#94 Joseph Jeffries - MLB","#97 Harry Hampton - WLB","#95 Kevin Farrar - LDE","#79 Anthony Moore - RDE","#21 Julius Winter - CB","#53 Jeffery Hill - RDE","#7 Tyler Garcia - K",,,,,,,,,,,,,,,,,,,,
CHA,7:00,"CHA 25",4,1,10,"Singleback Big HB Inside Strong","4-3 Under Double LB Blitz",2,10,13,"1-10-CHA 25 (7:01) 45-James Sadler ran to CHA 27 for 2 yards. Tackle by 57-Anthony Allan.","#13 Antonio Martinez - QB","#45 James Sadler - RB",,,,"#89 Timmy Roache - TE","#85 William Martin - TE","#11 Robert Lavender - WR",,"#17 Pete Herman - WR",,,"#86 Thomas Briggs - LT","#82 Mary Ashcraft - LG","#77 Steven Conti - C","#69 Brad Wiens - RG","#61 Hector Maeda - RG",,"#77 Rafael Thomas - LDE",,"#93 Dale Nichols - DT","#72 Cameron Wilson - DT","#78 Denver Campbell - RDE","#96 Ervin Matson - SLB","#42 Don Gregory - MLB",,"#57 Anthony Allan - WLB","#46 Wayne Cauley - CB","#24 Everett Whalen - CB",,,,"#22 Kelley Zook - SS","#38 William Fleming - FS",,,,,,,,,,,,,,,,,,,,,,,,,,,,,,,,,,,,
CHA,6:18,"CHA 27",4,2,8,"Singleback Empty 4 Short Posts","Dime Normal Prevent",9,10,13,"2-8-CHA 27 (6:17) 13-Antonio Martinez pass complete to 89-Timmy Roache to CHA 36 for 9 yards. Tackle by 24-Everett Whalen.","#13 Antonio Martinez - QB",,,,,"#89 Timmy Roache - TE",,"#19 Jeff Mellen - WR","#11 Robert Lavender - WR","#84 John Kirkland - WR","#17 Pete Herman - WR",,"#86 Thomas Briggs - LT","#82 Mary Ashcraft - LG","#77 Steven Conti - C","#69 Brad Wiens - RG","#61 Hector Maeda - RG",,"#77 Rafael Thomas - LDE",,"#93 Dale Nichols - DT","#72 Cameron Wilson - DT","#78 Denver Campbell - RDE",,"#42 Don Gregory - MLB",,,"#46 Wayne Cauley - CB","#24 Everett Whalen - CB","#39 Anthony Overstreet - CB","#33 Russell Washington - CB",,"#22 Kelley Zook - SS","#38 William Fleming - FS",,,,,,,,,,,,,,,,,,,,,,,,,,,,,,,,,,,,
CHA,5:39,"CHA 36",4,1,10,"Shotgun Normal HB Sweep","Nickel 3-3-5 Cover 2 Man Under",11,10,13,"1-10-CHA 36 (5:38) 45-James Sadler ran to CHA 47 for 11 yards. Tackle by 38-William Fleming.","#13 Antonio Martinez - QB","#45 James Sadler - RB",,,,"#85 William Martin - TE",,"#11 Robert Lavender - WR","#19 Jeff Mellen - WR","#17 Pete Herman - WR",,,"#86 Thomas Briggs - LT","#82 Mary Ashcraft - LG","#77 Steven Conti - C","#69 Brad Wiens - RG","#61 Hector Maeda - RG",,"#77 Rafael Thomas - LDE",,"#93 Dale Nichols - DT",,"#78 Denver Campbell - RDE","#96 Ervin Matson - SLB","#44 Bryan Bird - MLB",,"#57 Anthony Allan - WLB","#46 Wayne Cauley - CB","#33 Russell Washington - CB",,"#39 Anthony Overstreet - CB",,"#22 Kelley Zook - SS","#38 William Fleming - FS",,,,,,,,,,,,,,,,,,,,,,,,,,,,,,,,,,,,
CHA,4:56,"CHA 47",4,1,10,"Singleback Normal PA Rollout","Nickel Normal Man Cover 2",,10,13,"1-10-CHA 47 (4:55) 9-Chris Miller pass INTERCEPTED by 42-Don Gregory at DEN 47. 42-Don Gregory to DEN 48 for 0 yards. Tackle by 89-Timmy Roache.","#9 Chris Miller - QB","#41 Rodger Brown - RB",,,,"#89 Timmy Roache - TE",,"#84 John Kirkland - WR","#17 Pete Herman - WR","#19 Jeff Mellen - WR",,,"#86 Thomas Briggs - LT","#82 Mary Ashcraft - LG","#77 Steven Conti - C","#61 Hector Maeda - RG","#67 Norman Spaulding - LG",,"#77 Rafael Thomas - LDE",,"#93 Dale Nichols - DT","#72 Cameron Wilson - DT","#78 Denver Campbell - RDE",,"#42 Don Gregory - MLB",,"#57 Anthony Allan - WLB","#24 Everett Whalen - CB","#39 Anthony Overstreet - CB",,"#49 Kris Miller - FS",,"#33 Russell Washington - CB","#38 William Fleming - FS",,,,,,,,,,,,,,,,,,,,,,,,,,,,,,,,,,,,
DEN,4:51,"DEN 48",4,1,10,"I Formation 3WR SE Post","Nickel Normal CB3 MLB Blitz",15,10,13,"1-10-DEN 48 (4:52) 8-Richard Crum pass complete to 15-Danny Robinson to CHA 38 for 15 yards. Tackle by 49-Roger Smith. Nice job by 15-Danny Robinson on that route to lose his coverage.","#8 Richard Crum - QB","#23 Manuel Martinez - RB",,,"#41 Richard Cole - FB",,,"#19 Daniel Boone - WR","#15 Danny Robinson - WR","#87 Lyle Opitz - WR",,,"#63 George Sturgill - LT","#75 Robert Rademacher - LG","#59 John Austin - C","#65 Kyle Holbrook - RG","#60 James Rivera - RT",,"#95 Kevin Farrar - LDE",,"#96 Michael Downey - DT","#64 Larry Grisham - DT","#91 Richard Smith - RDE",,"#94 Joseph Jeffries - MLB",,"#97 Harry Hampton - WLB","#24 Aaron Moore - CB","#21 Julius Winter - CB",,"#40 Fred Padgett - CB",,"#34 Roderick Sanchez - SS","#49 Roger Smith - FS",,,,,,,,,,,,,,,,,,,,,,,,,,,,,,,,,,,,
DEN,4:08,"CHA 38",4,1,10,"Goal Line Normal PA TE Drag","Goal Line Attack #2",4,10,13,"1-10-CHA 38 (4:07) 8-Richard Crum pass complete to 82-Emanuel Doucette to CHA 34 for 4 yards. Tackle by 35-Gerald Brown. Nice job by 82-Emanuel Doucette on that route to lose his coverage.","#8 Richard Crum - QB","#23 Manuel Martinez - RB",,"#26 William Bettis - RB","#41 Richard Cole - FB","#82 Emanuel Doucette - TE","#36 Al  Gore - TE",,,,,,"#63 George Sturgill - LT","#75 Robert Rademacher - LG","#59 John Austin - C","#65 Kyle Holbrook - RG","#60 James Rivera - RT",,"#95 Kevin Farrar - LDE","#53 Jeffery Hill - RDE","#96 Michael Downey - DT","#64 Larry Grisham - DT","#91 Richard Smith - RDE","#92 Jason McDonald - SLB","#56 Kim Ball - MLB",,"#93 James Maughan - WLB","#37 Harold Smith - CB","#35 Gerald Brown - SS",,,,"#58 Mark Houck - FS",,,,,,,,,,,,,,,,,,,,,,,,,,,,,,,,,,,,,
DEN,3:30,"CHA 34",4,2,6,"Shotgun 2 RB 3 WR FL Drag","Nickel Normal CB3 LB Blitz",,10,13,"2-6-CHA 34 (3:29) 8-Richard Crum pass Pass knocked down by 49-Roger Smith. incomplete, intended for 19-Daniel Boone.","#8 Richard Crum - QB","#23 Manuel Martinez - RB","#26 William Bettis - RB",,,,,"#19 Daniel Boone - WR","#13 Thomas Warner - WR","#87 Lyle Opitz - WR",,,"#63 George Sturgill - LT","#75 Robert Rademacher - LG","#59 John Austin - C","#65 Kyle Holbrook - RG","#60 James Rivera - RT",,"#95 Kevin Farrar - LDE",,"#96 Michael Downey - DT","#64 Larry Grisham - DT","#91 Richard Smith - RDE",,"#94 Joseph Jeffries - MLB",,"#97 Harry Hampton - WLB","#24 Aaron Moore - CB","#21 Julius Winter - CB",,"#40 Fred Padgett - CB",,"#34 Roderick Sanchez - SS","#49 Roger Smith - FS",,,,,,,,,,,,,,,,,,,,,,,,,,,,,,,,,,,,
DEN,3:26,"CHA 34",4,3,6,"Weak I Normal WR Corner TE Middle","4-3 Normal Man Under 1",8,10,13,"3-6-CHA 34 (3:27) 8-Richard Crum pass complete to 23-Manuel Martinez to CHA 26 for 8 yards. Tackle by 92-Jason McDonald.","#8 Richard Crum - QB","#23 Manuel Martinez - RB",,,"#41 Richard Cole - FB","#82 Emanuel Doucette - TE",,"#19 Daniel Boone - WR",,"#87 Lyle Opitz - WR",,,"#63 George Sturgill - LT","#75 Robert Rademacher - LG","#59 John Austin - C","#65 Kyle Holbrook - RG","#60 James Rivera - RT",,"#95 Kevin Farrar - LDE",,"#96 Michael Downey - DT","#64 Larry Grisham - DT","#91 Richard Smith - RDE","#92 Jason McDonald - SLB","#94 Joseph Jeffries - MLB",,"#97 Harry Hampton - WLB","#24 Aaron Moore - CB","#40 Fred Padgett - CB",,,,"#34 Roderick Sanchez - SS","#49 Roger Smith - FS",,,,,,,,,,,,,,,,,,,,,,,,,,,,,,,,,,,,
DEN,2:46,"CHA 26",4,1,10,"Goal Line Normal HB Weak","Goal Line Attack #2",2,10,13,"1-10-CHA 26 (2:45) 26-William Bettis ran to CHA 23 for 2 yards. Tackle by 56-Kim Ball. CHA 95-Kevin Farrar was injured on the play.","#8 Richard Crum - QB","#26 William Bettis - RB",,"#30 Kevin Hillman - RB","#41 Richard Cole - FB","#82 Emanuel Doucette - TE","#36 Al  Gore - TE",,,,,,"#63 George Sturgill - LT","#75 Robert Rademacher - LG","#59 John Austin - C","#65 Kyle Holbrook - RG","#60 James Rivera - RT",,"#95 Kevin Farrar - LDE","#53 Jeffery Hill - RDE","#96 Michael Downey - DT","#64 Larry Grisham - DT","#91 Richard Smith - RDE","#57 Alvaro Gabriel - SLB","#56 Kim Ball - MLB",,"#93 James Maughan - WLB","#21 Julius Winter - CB","#37 Harold Smith - CB",,,,"#58 Mark Houck - FS",,,,,,,,,,,,,,,,,,,,,,,,,,,,,,,,,,,,,
DEN,2:06,"CHA 23",4,2,8,"Weak I Normal Fullback Counter Weak","4-3 Normal SLB Outside Blitz",5,10,13,"2-8-CHA 23 (2:05) 41-Richard Cole ran to CHA 19 for 5 yards. Tackle by 58-Mark Houck.","#8 Richard Crum - QB","#26 William Bettis - RB",,,"#41 Richard Cole - FB","#82 Emanuel Doucette - TE",,"#19 Daniel Boone - WR",,"#87 Lyle Opitz - WR",,,"#63 George Sturgill - LT","#75 Robert Rademacher - LG","#59 John Austin - C","#65 Kyle Holbrook - RG","#60 James Rivera - RT",,"#53 Jeffery Hill - RDE",,"#96 Michael Downey - DT","#64 Larry Grisham - DT","#91 Richard Smith - RDE","#92 Jason McDonald - SLB","#54 James Reynolds - MLB",,"#93 James Maughan - WLB","#21 Julius Winter - CB","#37 Harold Smith - CB",,,,"#58 Mark Houck - FS","#35 Gerald Brown - SS",,,,,,,,,,,,,,,,,,,,,,,,,,,,,,,,,,,,
,2:00,,4,3,3,,,,10,13,"Timeout for two minute warning.",,,,,,,,,,,,,,,,,,,,,,,,,,,,,,,,,,,,,,,,,,,,,,,,,,,,,,,,,,,,,,,,,,,,,,
DEN,2:00,"CHA 19",4,3,3,"Weak I Big Off Tackle Weak","Goal Line Attack #2",-1,10,13,"3-3-CHA 19 (2:00) 23-Manuel Martinez ran to CHA 19 for -1 yards. Tackle by 91-Richard Smith.","#8 Richard Crum - QB","#23 Manuel Martinez - RB",,,"#41 Richard Cole - FB","#82 Emanuel Doucette - TE","#36 Al  Gore - TE","#19 Daniel Boone - WR",,,,,"#63 George Sturgill - LT","#75 Robert Rademacher - LG","#59 John Austin - C","#65 Kyle Holbrook - RG","#60 James Rivera - RT",,"#92 Jason McDonald - SLB","#53 Jeffery Hill - RDE","#96 Michael Downey - DT","#64 Larry Grisham - DT","#91 Richard Smith - RDE","#57 Alvaro Gabriel - SLB","#94 Joseph Jeffries - MLB",,"#97 Harry Hampton - WLB","#24 Aaron Moore - CB","#21 Julius Winter - CB",,,,"#34 Roderick Sanchez - SS",,,,,,,,,,,,,,,,,,,,,,,,,,,,,,,,,,,,,
,1:59,,4,4,4,,,,10,13,"Timeout CHA",,,,,,,,,,,,,,,,,,,,,,,,,,,,,,,,,,,,,,,,,,,,,,,,,,,,,,,,,,,,,,,,,,,,,,
DEN,1:57,"CHA 19",4,4,4,"Field Goal","FG Block",30,10,16,"4-4-CHA 19 (1:58) 7-Tyler Garcia 36 yard field goal is GOOD. CHA 10 DEN 16",,,,,,,,,,,,,,,,,,,,,,,,,,,,,,,,,,,,"#13 Thomas Warner - WR","#59 John Austin - C",,,,,,,,,,,,,,"#7 Tyler Garcia - K","#75 Robert Rademacher - LG","#60 James Rivera - RT","#62 Martin Brick - LG","#63 George Sturgill - LT","#66 Mark Danielson - LT","#65 Kyle Holbrook - RG","#87 Lyle Opitz - WR","#41 Richard Cole - FB","#96 Michael Downey - DT","#92 Jason McDonald - SLB","#21 Julius Winter - CB","#97 Harry Hampton - WLB","#56 Kim Ball - MLB","#35 Gerald Brown - SS","#64 Larry Grisham - DT","#91 Richard Smith - RDE","#49 Roger Smith - FS","#59 David Fanning - RDE","#94 Joseph Jeffries - MLB"
DEN,1:54,"DEN 35",4,6,10,Kickoff,"Kick Return",,10,16,"(1:55) 7-Tyler Garcia kicks 74 yards from DEN 35 to CHA -9. Touchback.",,,,,,,,,,,,,,,,,,,,,,,,,,,,,,,,,,,,,,"#41 Rodger Brown - RB",,"#56 Kim Ball - MLB","#21 Julius Winter - CB","#95 Kevin Farrar - LDE","#96 Michael Downey - DT","#97 Harry Hampton - WLB","#75 Lawrence Choi - DT","#79 Anthony Moore - RDE","#53 Jeffery Hill - RDE","#94 Joseph Jeffries - MLB","#49 Roger Smith - FS","#7 Tyler Garcia - K",,,,,,,,,,,,,,,,,,,,
CHA,1:54,"CHA 25",4,1,10,"Singleback Normal PA Rollout","Nickel Normal SS Blitz",-3,10,16,"1-10-CHA 25 (1:55) 13-Antonio Martinez sacked at CHA 22 for -3 yards (22-Kelley Zook)","#13 Antonio Martinez - QB","#45 James Sadler - RB",,,,"#89 Timmy Roache - TE",,"#11 Robert Lavender - WR","#19 Jeff Mellen - WR","#17 Pete Herman - WR",,,"#86 Thomas Briggs - LT","#82 Mary Ashcraft - LG","#77 Steven Conti - C","#61 Hector Maeda - RG","#67 Norman Spaulding - LG",,"#77 Rafael Thomas - LDE",,"#93 Dale Nichols - DT","#72 Cameron Wilson - DT","#78 Denver Campbell - RDE",,"#44 Bryan Bird - MLB",,"#57 Anthony Allan - WLB","#46 Wayne Cauley - CB","#24 Everett Whalen - CB",,"#33 Russell Washington - CB",,"#22 Kelley Zook - SS","#38 William Fleming - FS",,,,,,,,,,,,,,,,,,,,,,,,,,,,,,,,,,,,
CHA,1:32,"CHA 22",4,2,13,"Shotgun Normal HB Flare","Nickel 3-3-5 Cover 2 Man Under",,10,16,"2-13-CHA 22 (1:31) 9-Chris Miller pass INTERCEPTED by 57-Anthony Allan at CHA 25. 57-Anthony Allan to CHA 24 for 1 yards. Tackle by 41-Rodger Brown.","#9 Chris Miller - QB","#41 Rodger Brown - RB",,,,"#85 William Martin - TE",,"#84 John Kirkland - WR","#17 Pete Herman - WR","#11 Robert Lavender - WR",,,"#86 Thomas Briggs - LT","#82 Mary Ashcraft - LG","#77 Steven Conti - C","#69 Brad Wiens - RG","#61 Hector Maeda - RG",,"#77 Rafael Thomas - LDE",,"#93 Dale Nichols - DT",,"#78 Denver Campbell - RDE","#96 Ervin Matson - SLB","#42 Don Gregory - MLB",,"#57 Anthony Allan - WLB","#46 Wayne Cauley - CB","#39 Anthony Overstreet - CB",,"#49 Kris Miller - FS",,"#33 Russell Washington - CB","#38 William Fleming - FS",,,,,,,,,,,,,,,,,,,,,,,,,,,,,,,,,,,,
DEN,1:27,"CHA 24",4,1,10,"Goal Line Normal HB Toss Strong","Goal Line Attack #2",1,10,16,"1-10-CHA 24 (1:28) 23-Manuel Martinez ran to CHA 23 for 1 yards. Tackle by 94-Joseph Jeffries.","#8 Richard Crum - QB","#23 Manuel Martinez - RB",,"#26 William Bettis - RB","#41 Richard Cole - FB","#82 Emanuel Doucette - TE","#36 Al  Gore - TE",,,,,,"#63 George Sturgill - LT","#75 Robert Rademacher - LG","#59 John Austin - C","#65 Kyle Holbrook - RG","#60 James Rivera - RT",,"#95 Kevin Farrar - LDE","#53 Jeffery Hill - RDE","#96 Michael Downey - DT","#64 Larry Grisham - DT","#91 Richard Smith - RDE","#92 Jason McDonald - SLB","#94 Joseph Jeffries - MLB",,"#97 Harry Hampton - WLB","#24 Aaron Moore - CB","#21 Julius Winter - CB",,,,"#34 Roderick Sanchez - SS",,,,,,,,,,,,,,,,,,,,,,,,,,,,,,,,,,,,,
,1:25,,4,2,9,,,,10,16,"Timeout CHA",,,,,,,,,,,,,,,,,,,,,,,,,,,,,,,,,,,,,,,,,,,,,,,,,,,,,,,,,,,,,,,,,,,,,,
DEN,1:21,"CHA 23",4,2,9,"Goal Line Normal HB Off Tackle","Goal Line Attack #2",-1,10,16,"2-9-CHA 23 (1:22) 26-William Bettis ran to CHA 24 for -1 yards. Tackle by 56-Kim Ball.","#8 Richard Crum - QB","#26 William Bettis - RB",,"#30 Kevin Hillman - RB","#41 Richard Cole - FB","#82 Emanuel Doucette - TE","#36 Al  Gore - TE",,,,,,"#63 George Sturgill - LT","#75 Robert Rademacher - LG","#59 John Austin - C","#65 Kyle Holbrook - RG","#60 James Rivera - RT",,"#95 Kevin Farrar - LDE","#53 Jeffery Hill - RDE","#96 Michael Downey - DT","#64 Larry Grisham - DT","#91 Richard Smith - RDE","#92 Jason McDonald - SLB","#56 Kim Ball - MLB",,"#93 James Maughan - WLB","#21 Julius Winter - CB","#49 Roger Smith - FS",,,,"#58 Mark Houck - FS",,,,,,,,,,,,,,,,,,,,,,,,,,,,,,,,,,,,,
,1:20,,4,3,9,,,,10,16,"Timeout CHA",,,,,,,,,,,,,,,,,,,,,,,,,,,,,,,,,,,,,,,,,,,,,,,,,,,,,,,,,,,,,,,,,,,,,,
DEN,1:17,"CHA 24",4,3,9,"I Formation 3WR HB Toss Strong","Nickel Normal Double WR3",1,10,16,"3-9-CHA 24 (1:18) 23-Manuel Martinez ran to CHA 23 for 1 yards. Tackle by 94-Joseph Jeffries. CHA 64-Larry Grisham was injured on the play.","#8 Richard Crum - QB","#23 Manuel Martinez - RB",,,"#41 Richard Cole - FB",,,"#19 Daniel Boone - WR","#15 Danny Robinson - WR","#87 Lyle Opitz - WR",,,"#63 George Sturgill - LT","#75 Robert Rademacher - LG","#59 John Austin - C","#65 Kyle Holbrook - RG","#60 James Rivera - RT",,"#95 Kevin Farrar - LDE",,"#96 Michael Downey - DT","#64 Larry Grisham - DT","#91 Richard Smith - RDE",,"#94 Joseph Jeffries - MLB",,"#97 Harry Hampton - WLB","#24 Aaron Moore - CB","#21 Julius Winter - CB",,"#40 Fred Padgett - CB",,"#34 Roderick Sanchez - SS","#49 Roger Smith - FS",,,,,,,,,,,,,,,,,,,,,,,,,,,,,,,,,,,,
DEN,0:39,"CHA 23",4,4,9,"Field Goal","FG Block",34,10,19,"4-9-CHA 23 (0:38) 7-Tyler Garcia 40 yard field goal is GOOD. CHA 10 DEN 19",,,,,,,,,,,,,,,,,,,,,,,,,,,,,,,,,,,,"#13 Thomas Warner - WR","#59 John Austin - C",,,,,,,,,,,,,,"#7 Tyler Garcia - K","#75 Robert Rademacher - LG","#60 James Rivera - RT","#62 Martin Brick - LG","#63 George Sturgill - LT","#66 Mark Danielson - LT","#65 Kyle Holbrook - RG","#87 Lyle Opitz - WR","#41 Richard Cole - FB","#59 David Fanning - RDE","#92 Jason McDonald - SLB","#96 Michael Downey - DT","#91 Richard Smith - RDE","#56 Kim Ball - MLB","#35 Gerald Brown - SS","#94 Joseph Jeffries - MLB","#49 Roger Smith - FS","#97 Harry Hampton - WLB","#95 Kevin Farrar - LDE","#21 Julius Winter - CB"
DEN,0:34,"DEN 35",4,6,10,Kickoff,"Kick Return",75,10,19,"(0:35) 7-Tyler Garcia kicks 75 yards from DEN 35 to CHA -10. Touchback.",,,,,,,,,,,,,,,,,,,,,,,,,,,,,,,,,,,,,,"#41 Rodger Brown - RB",,"#21 Julius Winter - CB","#75 Lawrence Choi - DT","#95 Kevin Farrar - LDE","#96 Michael Downey - DT","#56 Kim Ball - MLB","#94 Joseph Jeffries - MLB","#79 Anthony Moore - RDE","#53 Jeffery Hill - RDE","#97 Harry Hampton - WLB","#49 Roger Smith - FS","#7 Tyler Garcia - K",,,,,,,,,,,,,,,,,,,,
CHA,0:34,"CHA 25",4,1,10,"Shotgun Normal HB Flare","Nickel Normal Man Cover 2",,10,19,"1-10-CHA 25 (0:35) 13-Antonio Martinez pass incomplete, dropped by 45-James Sadler.","#13 Antonio Martinez - QB","#45 James Sadler - RB",,,,"#89 Timmy Roache - TE",,"#11 Robert Lavender - WR","#19 Jeff Mellen - WR","#17 Pete Herman - WR",,,"#86 Thomas Briggs - LT","#82 Mary Ashcraft - LG","#77 Steven Conti - C","#61 Hector Maeda - RG","#67 Norman Spaulding - LG",,"#77 Rafael Thomas - LDE",,"#93 Dale Nichols - DT","#72 Cameron Wilson - DT","#78 Denver Campbell - RDE",,"#44 Bryan Bird - MLB",,"#57 Anthony Allan - WLB","#46 Wayne Cauley - CB","#24 Everett Whalen - CB",,"#33 Russell Washington - CB",,"#22 Kelley Zook - SS","#38 William Fleming - FS",,,,,,,,,,,,,,,,,,,,,,,,,,,,,,,,,,,,
CHA,0:30,"CHA 25",4,2,10,"Shotgun Normal FL Slant","Nickel Normal Man Cover 2",,10,19,"2-10-CHA 25 (0:31) 13-Antonio Martinez pass Pass knocked down by 57-Anthony Allan. incomplete, intended for 41-Rodger Brown.","#13 Antonio Martinez - QB","#41 Rodger Brown - RB",,,,"#85 William Martin - TE",,"#84 John Kirkland - WR","#17 Pete Herman - WR","#11 Robert Lavender - WR",,,"#86 Thomas Briggs - LT","#82 Mary Ashcraft - LG","#77 Steven Conti - C","#61 Hector Maeda - RG","#67 Norman Spaulding - LG",,"#90 Jerry Franklin - LDE",,"#93 Dale Nichols - DT","#72 Cameron Wilson - DT","#78 Denver Campbell - RDE",,"#42 Don Gregory - MLB",,"#57 Anthony Allan - WLB","#46 Wayne Cauley - CB","#39 Anthony Overstreet - CB",,"#33 Russell Washington - CB",,"#49 Kris Miller - FS","#38 William Fleming - FS",,,,,,,,,,,,,,,,,,,,,,,,,,,,,,,,,,,,
CHA,0:27,"CHA 25",4,3,10,"I Formation Normal FL Hitch","4-3 Normal OLB Blitz Outside",,10,19,"3-10-CHA 25 (0:28) 13-Antonio Martinez pass Pass knocked down by 46-Wayne Cauley. incomplete, intended for 19-Jeff Mellen.","#13 Antonio Martinez - QB","#22 Lee Dorman - RB",,,"#20 Larry Robinson - FB","#89 Timmy Roache - TE",,"#19 Jeff Mellen - WR",,"#84 John Kirkland - WR",,,"#86 Thomas Briggs - LT","#82 Mary Ashcraft - LG","#77 Steven Conti - C","#61 Hector Maeda - RG","#67 Norman Spaulding - LG",,"#77 Rafael Thomas - LDE",,"#93 Dale Nichols - DT","#72 Cameron Wilson - DT","#78 Denver Campbell - RDE","#96 Ervin Matson - SLB","#42 Don Gregory - MLB",,"#57 Anthony Allan - WLB","#46 Wayne Cauley - CB","#39 Anthony Overstreet - CB",,,,"#24 Everett Whalen - CB","#38 William Fleming - FS",,,,,,,,,,,,,,,,,,,,,,,,,,,,,,,,,,,,
CHA,0:24,"CHA 25",4,4,10,"Shotgun Normal HB Flare","Nickel 3-3-5 Cover 2 Man Under",13,10,19,"4-10-CHA 25 (0:25) 13-Antonio Martinez pass complete to 89-Timmy Roache to CHA 38 for 13 yards. Tackle by 96-Ervin Matson.","#13 Antonio Martinez - QB","#45 James Sadler - RB",,,,"#89 Timmy Roache - TE",,"#11 Robert Lavender - WR","#19 Jeff Mellen - WR","#17 Pete Herman - WR",,,"#86 Thomas Briggs - LT","#82 Mary Ashcraft - LG","#77 Steven Conti - C","#61 Hector Maeda - RG","#67 Norman Spaulding - LG",,"#77 Rafael Thomas - LDE",,"#93 Dale Nichols - DT",,"#78 Denver Campbell - RDE","#96 Ervin Matson - SLB","#42 Don Gregory - MLB",,"#57 Anthony Allan - WLB","#46 Wayne Cauley - CB","#24 Everett Whalen - CB",,"#33 Russell Washington - CB",,"#22 Kelley Zook - SS","#38 William Fleming - FS",,,,,,,,,,,,,,,,,,,,,,,,,,,,,,,,,,,,
CHA,0:07,"CHA 38",4,1,10,"I Formation Normal PA Fullback Flat","4-3 Under Crash Right",,10,19,"1-10-CHA 38 (0:06) 9-Chris Miller pass incomplete, dropped by 20-Larry Robinson.","#9 Chris Miller - QB","#41 Rodger Brown - RB",,,"#20 Larry Robinson - FB","#85 William Martin - TE",,"#84 John Kirkland - WR",,"#17 Pete Herman - WR",,,"#86 Thomas Briggs - LT","#82 Mary Ashcraft - LG","#77 Steven Conti - C","#69 Brad Wiens - RG","#61 Hector Maeda - RG",,"#77 Rafael Thomas - LDE",,"#93 Dale Nichols - DT","#72 Cameron Wilson - DT","#78 Denver Campbell - RDE","#96 Ervin Matson - SLB","#44 Bryan Bird - MLB",,"#43 Roy Labarge - SLB","#39 Anthony Overstreet - CB","#22 Kelley Zook - SS",,,,"#49 Kris Miller - FS","#46 Wayne Cauley - CB",,,,,,,,,,,,,,,,,,,,,,,,,,,,,,,,,,,,
CHA,0:03,"CHA 38",4,2,10,"Shotgun 5 Wide Slot Drag","Quarter Normal Man Cover 2",-10,10,19,"2-10-CHA 38 (0:04) 9-Chris Miller sacked at CHA 29 for -10 yards (77-Rafael Thomas). Sack allowed by 67-Norman Spaulding.","#9 Chris Miller - QB",,,,,,,"#84 John Kirkland - WR","#11 Robert Lavender - WR","#19 Jeff Mellen - WR","#17 Pete Herman - WR","#41 Rodger Brown - RB","#86 Thomas Briggs - LT","#82 Mary Ashcraft - LG","#77 Steven Conti - C","#61 Hector Maeda - RG","#67 Norman Spaulding - LG",,"#77 Rafael Thomas - LDE",,"#93 Dale Nichols - DT",,"#78 Denver Campbell - RDE",,"#44 Bryan Bird - MLB",,,"#24 Everett Whalen - CB","#33 Russell Washington - CB","#46 Wayne Cauley - CB","#38 William Fleming - FS","#22 Kelley Zook - SS","#49 Kris Miller - FS","#39 Anthony Overstreet - CB",,,,,,,,,,,,,,,,,,,,,,,,,,,,,,,,,,,,
,0:00,,4,3,20,,,,10,19,"End of fourth quarter.",,,,,,,,,,,,,,,,,,,,,,,,,,,,,,,,,,,,,,,,,,,,,,,,,,,,,,,,,,,,,,,,,,,,,,
