HasBall,"Game Clock","Ball @",Quarter,Down,YTG,OffensivePlay,DefensivePlay,YardsGained,"Home Score","Away Score",Text,QB1,RB1,RB2,FB2,FB1,TE1,TE2,WR1,WR3,WR2,WR4,WR5,LT1,LG1,C1,RG1,RT1,P1,LDE1,LDE2,DT1,DT2,RDE1,SLB1,MLB1,MLB2,WLB1,CB1,CB2,CB4,CB3,CB5,SS1,FS1,FS2,"Kick Holder1","Long Snapper1","Kick Returner1","Punt Returner1",Gunner10,Gunner7,Gunner2,Gunner6,Gunner1,Gunner8,Gunner3,Gunner4,Gunner9,Gunner5,Kickoffs1,"Field Goal Kicker1","ST Blocker8","ST Blocker5","ST Blocker4","ST Blocker1","ST Blocker2","ST Blocker3","ST Blocker6","ST Blocker7","ST Rusher4","ST Rusher1","ST Rusher2","ST Rusher3","ST Rusher11","ST Rusher10","ST Rusher9","ST Rusher6","ST Rusher5","ST Rusher7","ST Rusher8"
,15:00,,1,3,10,,,,0,0,"SEA has won the toss and elected to receive.",,,,,,,,,,,,,,,,,,,,,,,,,,,,,,,,,,,,,,,,,,,,,,,,,,,,,,,,,,,,,,,,,,,,,,
CAR,15:00,"CAR 35",1,6,10,Kickoff,"Kick Return",,0,0,"(15:00) 8-Justin Plummer kicks 74 yards from CAR 35 to SEA -9. Touchback.",,,,,,,,,,,,,,,,,,,,,,,,,,,,,,,,,,,,,,"#43 Robert Smith - FB",,"#72 Harry Diez - SLB","#65 Randall Meyers - SLB","#27 Charles Bevins - CB","#61 Joseph Allen - CB","#32 Michael Knox - SS","#31 Anthony Pitre - CB","#55 Brian Manning - MLB","#99 Don Hamilton - DT","#35 Pedro Lund - SLB","#93 Lupe Armstrong - LDE","#8 Justin Plummer - K",,,,,,,,,,,,,,,,,,,,
SEA,15:00,"SEA 25",1,1,10,"Goal Line Normal HB Toss Strong","Goal Line Attack #2",7,0,0,"1-10-SEA 25 (15:00) 28-John Parker ran to SEA 32 for 7 yards. Tackle by 56-Steven Houston. SEA 78-James Lee was injured on the play. He looks like he should be able to return.","#13 James Johnson - QB","#28 John Parker - WR",,"#45 Douglas Richter - TE","#43 Robert Smith - FB","#89 Bryant Minick - TE","#85 Anthony Crawford - TE",,,,,,"#79 Harland Chamberlain - LT","#78 James Lee - LG","#69 Scott Smith - C","#64 Ethan Mauk - RG","#68 Dallas Johnson - RT",,"#93 Ronald Kaufman - RDE","#77 Gary House - DT","#68 Dwayne Martinez - DT","#69 Scott Johnson - DT","#52 Robert Garcia - RDE","#96 Ebenezer Scrooge - MLB","#55 Ted Sechrist - MLB",,"#56 Steven Houston - WLB","#40 Evan Lehman - CB","#47 Charles Elsass - CB",,,,"#28 Richard Hodgson - SS",,,,,,,,,,,,,,,,,,,,,,,,,,,,,,,,,,,,,
SEA,14:17,"SEA 32",1,2,3,"I Formation Power HB Dive Weak","Goal Line 3 Deep Man",2,0,0,"2-3-SEA 32 (14:16) 39-Johnny Escobedo ran to SEA 34 for 2 yards. Tackle by 93-Ronald Kaufman.","#13 James Johnson - QB","#39 Johnny Escobedo - WR",,"#43 Robert Smith - FB","#45 Douglas Richter - TE","#89 Bryant Minick - TE",,"#80 Thomas Muller - WR",,,,,"#79 Harland Chamberlain - LT","#60 Ryan Butler - LG","#69 Scott Smith - C","#64 Ethan Mauk - RG","#68 Dallas Johnson - RT",,"#93 Ronald Kaufman - RDE","#77 Gary House - DT","#68 Dwayne Martinez - DT","#69 Scott Johnson - DT","#52 Robert Garcia - RDE","#96 Ebenezer Scrooge - MLB","#55 Ted Sechrist - MLB",,"#56 Steven Houston - WLB","#40 Evan Lehman - CB","#47 Charles Elsass - CB",,,,"#28 Richard Hodgson - SS",,,,,,,,,,,,,,,,,,,,,,,,,,,,,,,,,,,,,
SEA,13:37,"SEA 34",1,3,1,"Goal Line Normal HB Toss Strong","Goal Line 3 Deep Man",17,0,0,"3-1-SEA 34 (13:36) 28-John Parker ran to CAR 50 for 17 yards. Tackle by 28-Richard Hodgson.","#13 James Johnson - QB","#28 John Parker - WR",,"#45 Douglas Richter - TE","#43 Robert Smith - FB","#89 Bryant Minick - TE","#85 Anthony Crawford - TE",,,,,,"#79 Harland Chamberlain - LT","#60 Ryan Butler - LG","#69 Scott Smith - C","#64 Ethan Mauk - RG","#68 Dallas Johnson - RT",,"#93 Ronald Kaufman - RDE","#77 Gary House - DT","#68 Dwayne Martinez - DT","#69 Scott Johnson - DT","#52 Robert Garcia - RDE","#96 Ebenezer Scrooge - MLB","#55 Ted Sechrist - MLB",,"#56 Steven Houston - WLB","#40 Evan Lehman - CB","#47 Charles Elsass - CB",,,,"#28 Richard Hodgson - SS",,,,,,,,,,,,,,,,,,,,,,,,,,,,,,,,,,,,,
SEA,12:59,"CAR 50",1,1,10,"I Formation Normal HB Dive","4-3 Under Crash Right",-0,0,0,"1-10-CAR 50 (12:58) 39-Johnny Escobedo ran to CAR 50 for a short loss. Tackle by 56-Steven Houston.","#13 James Johnson - QB","#39 Johnny Escobedo - WR",,,"#43 Robert Smith - FB","#89 Bryant Minick - TE",,"#80 Thomas Muller - WR",,"#88 Stuart Cooper - RB",,,"#79 Harland Chamberlain - LT","#60 Ryan Butler - LG","#69 Scott Smith - C","#64 Ethan Mauk - RG","#68 Dallas Johnson - RT",,"#93 Ronald Kaufman - RDE",,"#68 Dwayne Martinez - DT","#69 Scott Johnson - DT","#52 Robert Garcia - RDE","#96 Ebenezer Scrooge - MLB","#55 Ted Sechrist - MLB",,"#56 Steven Houston - WLB","#40 Evan Lehman - CB","#47 Charles Elsass - CB",,,,"#28 Richard Hodgson - SS","#38 Joseph Stanford - FS",,,,,,,,,,,,,,,,,,,,,,,,,,,,,,,,,,,,
SEA,12:17,"CAR 50",1,2,10,"I Formation Power Play Action HB Downfield","Goal Line 3 Deep Man",8,0,0,"2-10-CAR 50 (12:16) 13-James Johnson pass complete to 89-Bryant Minick to CAR 42 for 8 yards. Tackle by 47-Charles Elsass.","#13 James Johnson - QB","#39 Johnny Escobedo - WR",,"#45 Douglas Richter - TE","#43 Robert Smith - FB","#89 Bryant Minick - TE",,"#80 Thomas Muller - WR",,,,,"#79 Harland Chamberlain - LT","#60 Ryan Butler - LG","#69 Scott Smith - C","#64 Ethan Mauk - RG","#68 Dallas Johnson - RT",,"#93 Ronald Kaufman - RDE","#77 Gary House - DT","#68 Dwayne Martinez - DT","#69 Scott Johnson - DT","#52 Robert Garcia - RDE","#96 Ebenezer Scrooge - MLB","#55 Ted Sechrist - MLB",,"#56 Steven Houston - WLB","#40 Evan Lehman - CB","#47 Charles Elsass - CB",,,,"#28 Richard Hodgson - SS",,,,,,,,,,,,,,,,,,,,,,,,,,,,,,,,,,,,,
SEA,11:35,"CAR 42",1,3,3,"I Formation Normal PA Fullback Flat","4-3 Under Crash Right",,0,0,"3-3-CAR 42 (11:34) 13-James Johnson pass Pass knocked down by 38-Joseph Stanford. incomplete, intended for 89-Bryant Minick.","#13 James Johnson - QB","#43 Robert Smith - FB",,,"#45 Douglas Richter - TE","#89 Bryant Minick - TE",,"#80 Thomas Muller - WR",,"#88 Stuart Cooper - RB",,,"#79 Harland Chamberlain - LT","#60 Ryan Butler - LG","#69 Scott Smith - C","#64 Ethan Mauk - RG","#68 Dallas Johnson - RT",,"#93 Ronald Kaufman - RDE",,"#68 Dwayne Martinez - DT","#69 Scott Johnson - DT","#52 Robert Garcia - RDE","#96 Ebenezer Scrooge - MLB","#55 Ted Sechrist - MLB",,"#56 Steven Houston - WLB","#40 Evan Lehman - CB","#47 Charles Elsass - CB",,,,"#28 Richard Hodgson - SS","#38 Joseph Stanford - FS",,,,,,,,,,,,,,,,,,,,,,,,,,,,,,,,,,,,
SEA,11:30,"CAR 42",1,4,3,Punt,"Punt Return",42,0,0,"4-3-CAR 42 (11:31) 6-Ricky Carter punts 42 yards to CAR 0.4-3-CAR 42 (11:31) 6-Ricky Carter punts 42 yards to CAR 0. Touchback.",,,,,,,,,,,,,,,,,,"#6 Ricky Carter - P",,,,,,,,,,,,,,,,,,,"#73 Carl Moore - RG",,"#36 Travis Barlowe - RB",,,"#28 Richard Hodgson - SS","#98 George Gragg - CB","#56 Steven Houston - WLB",,"#40 Evan Lehman - CB","#96 Ebenezer Scrooge - MLB",,"#54 Mark Brown - MLB",,,,"#28 John Parker - WR","#64 Ethan Mauk - RG","#43 Robert Smith - FB","#60 Ryan Butler - LG","#67 Brian Sultan - LT","#39 Johnny Escobedo - WR",,"#68 Dwayne Martinez - DT","#93 Ronald Kaufman - RDE","#55 Ted Sechrist - MLB","#38 Joseph Stanford - FS",,,,,,,
CAR,11:23,"CAR 20",1,1,10,"I Formation Normal SE Post","4-3 Normal Double Safety Blitz",-9,0,0,"1-10-CAR 20 (11:24) 3-Juan Payne sacked at CAR 11 for -9 yards (37-Christopher Larson)","#7 Juan Payne - QB","#31 Raymond Lecompte - RB",,,"#83 Bobby James - TE","#87 David Cartwright - RB",,"#14 Shawn Heath - WR",,"#86 Robert Pasillas - WR",,,"#59 Christopher Rodriguez - LT","#74 Shane Snyder - LG","#75 James Martin - C","#57 Peter Hernandez - LT","#79 Matt Durham - RT",,"#93 Lupe Armstrong - LDE",,"#97 Charles Johnson - RDE","#98 Clyde Chamberlain - MLB","#65 Randall Meyers - SLB","#99 Don Hamilton - DT","#61 Joseph Allen - CB",,"#52 Guy Brown - WLB","#29 Marcus Neal - CB","#25 Robert Brooking - CB",,,,"#31 Anthony Pitre - CB","#37 Christopher Larson - FS",,,,,,,,,,,,,,,,,,,,,,,,,,,,,,,,,,,,
CAR,10:48,"CAR 11",1,2,19,"Goal Line Normal HB Pitch Weak","4-3 Normal SS Blitz",6,0,0,"2-19-CAR 11 (10:47) 31-Raymond Lecompte ran to CAR 16 for 6 yards. Tackle by 55-Brian Manning.","#7 Juan Payne - QB","#31 Raymond Lecompte - RB",,"#36 Travis Barlowe - RB","#83 Bobby James - TE","#87 David Cartwright - RB","#80 Lewis Scanlan - TE",,,,,,"#59 Christopher Rodriguez - LT","#74 Shane Snyder - LG","#75 James Martin - C","#57 Peter Hernandez - LT","#79 Matt Durham - RT",,"#93 Lupe Armstrong - LDE",,"#97 Charles Johnson - RDE","#98 Clyde Chamberlain - MLB","#65 Randall Meyers - SLB","#99 Don Hamilton - DT","#55 Brian Manning - MLB",,"#52 Guy Brown - WLB","#29 Marcus Neal - CB","#27 Charles Bevins - CB",,,,"#31 Anthony Pitre - CB","#37 Christopher Larson - FS",,,,,,,,,,,,,,,,,,,,,,,,,,,,,,,,,,,,
CAR,10:10,"CAR 16",1,3,14,"I Formation Normal SE Post","4-3 Under Crowd Middle",,0,0,"3-14-CAR 16 (10:09) 3-Juan Payne pass INTERCEPTED by 55-Brian Manning at CAR 22. 55-Brian Manning to CAR 22 for 0 yards. Tackle by 83-Bobby James. Pressure by 65-Randall Meyers.","#7 Juan Payne - QB","#31 Raymond Lecompte - RB",,,"#83 Bobby James - TE","#87 David Cartwright - RB",,"#14 Shawn Heath - WR",,"#86 Robert Pasillas - WR",,,"#59 Christopher Rodriguez - LT","#74 Shane Snyder - LG","#75 James Martin - C","#57 Peter Hernandez - LT","#79 Matt Durham - RT",,"#93 Lupe Armstrong - LDE",,"#97 Charles Johnson - RDE","#98 Clyde Chamberlain - MLB","#65 Randall Meyers - SLB","#99 Don Hamilton - DT","#55 Brian Manning - MLB",,"#52 Guy Brown - WLB","#29 Marcus Neal - CB","#25 Robert Brooking - CB",,,,"#31 Anthony Pitre - CB","#37 Christopher Larson - FS",,,,,,,,,,,,,,,,,,,,,,,,,,,,,,,,,,,,
SEA,10:04,"CAR 22",1,1,10,"I Formation Power Play Action HB Downfield","Goal Line 3 Deep Man",7,0,0,"1-10-CAR 22 (10:05) 13-James Johnson pass complete to 89-Bryant Minick to CAR 14 for 7 yards. Tackle by 47-Charles Elsass.","#13 James Johnson - QB","#28 John Parker - WR",,"#45 Douglas Richter - TE","#43 Robert Smith - FB","#89 Bryant Minick - TE",,"#80 Thomas Muller - WR",,,,,"#79 Harland Chamberlain - LT","#60 Ryan Butler - LG","#69 Scott Smith - C","#64 Ethan Mauk - RG","#68 Dallas Johnson - RT",,"#93 Ronald Kaufman - RDE","#77 Gary House - DT","#68 Dwayne Martinez - DT","#69 Scott Johnson - DT","#52 Robert Garcia - RDE","#96 Ebenezer Scrooge - MLB","#55 Ted Sechrist - MLB",,"#56 Steven Houston - WLB","#40 Evan Lehman - CB","#47 Charles Elsass - CB",,,,"#28 Richard Hodgson - SS",,,,,,,,,,,,,,,,,,,,,,,,,,,,,,,,,,,,,
SEA,9:31,"CAR 14",1,2,3,"I Formation Power HB Dive Weak","Goal Line 3 Deep Man",2,0,0,"2-3-CAR 14 (9:30) 39-Johnny Escobedo ran to CAR 13 for 2 yards. Tackle by 68-Dwayne Martinez.","#13 James Johnson - QB","#39 Johnny Escobedo - WR",,"#45 Douglas Richter - TE","#43 Robert Smith - FB","#89 Bryant Minick - TE",,"#88 Stuart Cooper - RB",,,,,"#79 Harland Chamberlain - LT","#60 Ryan Butler - LG","#69 Scott Smith - C","#64 Ethan Mauk - RG","#68 Dallas Johnson - RT",,"#93 Ronald Kaufman - RDE","#77 Gary House - DT","#68 Dwayne Martinez - DT","#69 Scott Johnson - DT","#52 Robert Garcia - RDE","#96 Ebenezer Scrooge - MLB","#55 Ted Sechrist - MLB",,"#56 Steven Houston - WLB","#40 Evan Lehman - CB","#47 Charles Elsass - CB",,,,"#28 Richard Hodgson - SS",,,,,,,,,,,,,,,,,,,,,,,,,,,,,,,,,,,,,
SEA,8:59,"CAR 13",1,3,1,"I Formation Power HB Strong Outside","Goal Line 3 Deep Man",,0,0,"3-1-CAR 13 (8:58) 28-John Parker ran to CAR 13 for a short gain. Tackle by 77-Gary House.","#13 James Johnson - QB","#28 John Parker - WR",,"#45 Douglas Richter - TE","#43 Robert Smith - FB","#89 Bryant Minick - TE",,"#80 Thomas Muller - WR",,,,,"#79 Harland Chamberlain - LT","#60 Ryan Butler - LG","#69 Scott Smith - C","#64 Ethan Mauk - RG","#68 Dallas Johnson - RT",,"#93 Ronald Kaufman - RDE","#77 Gary House - DT","#68 Dwayne Martinez - DT","#69 Scott Johnson - DT","#52 Robert Garcia - RDE","#96 Ebenezer Scrooge - MLB","#55 Ted Sechrist - MLB",,"#56 Steven Houston - WLB","#40 Evan Lehman - CB","#47 Charles Elsass - CB",,,,"#28 Richard Hodgson - SS",,,,,,,,,,,,,,,,,,,,,,,,,,,,,,,,,,,,,
SEA,8:20,"CAR 13",1,4,1,"Field Goal","FG Block",23,0,0,"4-1-CAR 13 (8:19) 7-Ronald Grundy 31 yard field goal is NO GOOD. (Wide Right)",,,,,,,,,,,,,,,,,,,,,,,,,,,,,,,,,,,,"#6 Ricky Carter - P","#73 Carl Moore - RG",,,,,,,,,,,,,,"#7 Ronald Grundy - K","#45 Douglas Richter - TE","#64 Ethan Mauk - RG","#67 Brian Sultan - LT","#88 Stuart Cooper - RB","#43 Robert Smith - FB","#60 Ryan Butler - LG","#28 John Parker - WR","#39 Johnny Escobedo - WR","#55 Ted Sechrist - MLB","#56 Steven Houston - WLB","#93 Ronald Kaufman - RDE","#28 Richard Hodgson - SS","#52 Robert Garcia - RDE","#98 George Gragg - CB","#54 Mark Brown - MLB","#68 Dwayne Martinez - DT","#38 Joseph Stanford - FS","#92 Kenneth Gray - DT","#96 Ebenezer Scrooge - MLB"
CAR,8:15,"CAR 20",1,1,10,"I Formation 3WR FL Post","4-3 Normal Double WR2",23,0,0,"1-10-CAR 20 (8:16) 3-Juan Payne pass complete to 31-Raymond Lecompte to CAR 43 for 23 yards. Pushed out of bounds by 58-Anthony Pitre. CAR 59-Christopher Rodriguez was injured on the play. He looks like he should be able to return.","#7 Juan Payne - QB","#31 Raymond Lecompte - RB",,,"#83 Bobby James - TE",,,"#14 Shawn Heath - WR","#85 Francis Justice - WR","#86 Robert Pasillas - WR",,,"#59 Christopher Rodriguez - LT","#74 Shane Snyder - LG","#75 James Martin - C","#57 Peter Hernandez - LT","#79 Matt Durham - RT",,"#93 Lupe Armstrong - LDE",,"#97 Charles Johnson - RDE","#98 Clyde Chamberlain - MLB","#65 Randall Meyers - SLB","#99 Don Hamilton - DT","#55 Brian Manning - MLB",,"#52 Guy Brown - WLB","#29 Marcus Neal - CB","#27 Charles Bevins - CB",,,,"#31 Anthony Pitre - CB","#37 Christopher Larson - FS",,,,,,,,,,,,,,,,,,,,,,,,,,,,,,,,,,,,
CAR,7:29,"CAR 43",1,1,10,"I Formation Power Play Action HB Downfield","4-3 Under Crash Right",,0,0,"1-10-CAR 43 (7:28) 3-Juan Payne pass Pass knocked down by 27-Charles Bevins. incomplete, intended for 87-David Cartwright.","#7 Juan Payne - QB","#27 Bob Martin - RB",,"#80 Lewis Scanlan - TE","#83 Bobby James - TE","#87 David Cartwright - RB",,"#14 Shawn Heath - WR",,,,,"#50 Ryan Salter - LT","#74 Shane Snyder - LG","#75 James Martin - C","#57 Peter Hernandez - LT","#79 Matt Durham - RT",,"#98 Clyde Chamberlain - MLB",,"#97 Charles Johnson - RDE","#63 Kenny Ortiz - RDE","#65 Randall Meyers - SLB","#72 Harry Diez - SLB","#55 Brian Manning - MLB",,"#52 Guy Brown - WLB","#29 Marcus Neal - CB","#27 Charles Bevins - CB",,,,"#35 Pedro Lund - SLB","#37 Christopher Larson - FS",,,,,,,,,,,,,,,,,,,,,,,,,,,,,,,,,,,,
CAR,7:24,"CAR 43",1,2,10,"I Formation Power HB Strong Outside","4-3 Normal SS Blitz",6,0,0,"2-10-CAR 43 (7:25) 31-Raymond Lecompte ran to CAR 48 for 6 yards. Tackle by 53-Don Hamilton. CAR 75-James Martin was injured on the play. He looks like he should be able to return.","#7 Juan Payne - QB","#31 Raymond Lecompte - RB",,"#80 Lewis Scanlan - TE","#83 Bobby James - TE","#87 David Cartwright - RB",,"#14 Shawn Heath - WR",,,,,"#50 Ryan Salter - LT","#74 Shane Snyder - LG","#75 James Martin - C","#57 Peter Hernandez - LT","#79 Matt Durham - RT",,"#93 Lupe Armstrong - LDE",,"#97 Charles Johnson - RDE","#98 Clyde Chamberlain - MLB","#65 Randall Meyers - SLB","#99 Don Hamilton - DT","#55 Brian Manning - MLB",,"#52 Guy Brown - WLB","#27 Charles Bevins - CB","#25 Robert Brooking - CB",,,,"#31 Anthony Pitre - CB","#37 Christopher Larson - FS",,,,,,,,,,,,,,,,,,,,,,,,,,,,,,,,,,,,
CAR,6:41,"CAR 48",1,3,4,"I Formation 3WR FL Post","4-3 Normal Double WR2",52,0,6,"3-4-CAR 48 (6:40) 3-Juan Payne pass complete to 85-Francis Justice for 52 yards. TOUCHDOWN! SEA 0 CAR 6","#7 Juan Payne - QB","#27 Bob Martin - RB",,,"#83 Bobby James - TE",,,"#14 Shawn Heath - WR","#85 Francis Justice - WR","#86 Robert Pasillas - WR",,,"#50 Ryan Salter - LT","#74 Shane Snyder - LG","#67 Edmund Martin - LG","#57 Peter Hernandez - LT","#79 Matt Durham - RT",,"#93 Lupe Armstrong - LDE",,"#97 Charles Johnson - RDE","#98 Clyde Chamberlain - MLB","#65 Randall Meyers - SLB","#99 Don Hamilton - DT","#55 Brian Manning - MLB",,"#52 Guy Brown - WLB","#29 Marcus Neal - CB","#27 Charles Bevins - CB",,,,"#31 Anthony Pitre - CB","#37 Christopher Larson - FS",,,,,,,,,,,,,,,,,,,,,,,,,,,,,,,,,,,,
CAR,6:30,"SEA 15",1,7,15,"Field Goal","FG Block",25,0,7,"(6:31) Extra point GOOD by 8-Justin Plummer. SEA 0 CAR 7",,,,,,,,,,,,,,,,,,,,,,,,,,,,,,,,,,,,"#5 Anthony Strain - QB","#79 Matt Durham - RT",,,,,,,,,,,,,,"#8 Justin Plummer - K","#76 Henry Deal - LG","#36 Travis Barlowe - RB","#80 Lewis Scanlan - TE","#87 David Cartwright - RB","#74 Shane Snyder - LG","#57 Peter Hernandez - LT","#67 Edmund Martin - LG","#50 Ryan Salter - LT","#28 John Parker - WR","#65 Randall Meyers - SLB","#88 Stuart Cooper - RB","#32 Michael Knox - SS","#70 Jonathan Buckner - C","#55 Brian Manning - MLB","#31 Anthony Pitre - CB","#2 Kevin Green - QB","#43 Robert Smith - FB","#26 Fletcher Peterson - CB","#93 Lupe Armstrong - LDE"
CAR,6:30,"CAR 35",1,6,10,Kickoff,"Kick Return",,0,7,"(6:31) 8-Justin Plummer kicks 74 yards from CAR 35 to SEA -9. Touchback.",,,,,,,,,,,,,,,,,,,,,,,,,,,,,,,,,,,,,,"#43 Robert Smith - FB",,"#55 Brian Manning - MLB","#72 Harry Diez - SLB","#27 Charles Bevins - CB","#35 Pedro Lund - SLB","#32 Michael Knox - SS","#99 Don Hamilton - DT","#93 Lupe Armstrong - LDE","#61 Joseph Allen - CB","#31 Anthony Pitre - CB","#65 Randall Meyers - SLB","#8 Justin Plummer - K",,,,,,,,,,,,,,,,,,,,
SEA,6:30,"SEA 25",1,1,10,"I Formation Normal SE Post","4-3 Under Double Safety Blitz",,0,7,"1-10-SEA 25 (6:31) 13-James Johnson pass INTERCEPTED by 56-Steven Houston at SEA 50. 56-Steven Houston to SEA 50 for -0 yards. Tackle by 87-Stuart Cooper. Pressure by 52-Robert Garcia.","#13 James Johnson - QB","#28 John Parker - WR",,,"#45 Douglas Richter - TE","#89 Bryant Minick - TE",,"#80 Thomas Muller - WR",,"#88 Stuart Cooper - RB",,,"#79 Harland Chamberlain - LT","#78 James Lee - LG","#69 Scott Smith - C","#64 Ethan Mauk - RG","#68 Dallas Johnson - RT",,"#93 Ronald Kaufman - RDE",,"#68 Dwayne Martinez - DT","#69 Scott Johnson - DT","#52 Robert Garcia - RDE","#96 Ebenezer Scrooge - MLB","#55 Ted Sechrist - MLB",,"#56 Steven Houston - WLB","#40 Evan Lehman - CB","#47 Charles Elsass - CB",,,,"#28 Richard Hodgson - SS","#38 Joseph Stanford - FS",,,,,,,,,,,,,,,,,,,,,,,,,,,,,,,,,,,,
CAR,6:25,"SEA 50",1,1,10,"Goal Line Normal HB Outside Strong","4-3 Normal SLB Outside Blitz",8,0,7,"1-10-SEA 50 (6:26) 31-Raymond Lecompte ran to SEA 42 for 8 yards. Tackle by 58-Anthony Pitre.","#7 Juan Payne - QB","#31 Raymond Lecompte - RB",,"#36 Travis Barlowe - RB","#83 Bobby James - TE","#87 David Cartwright - RB","#80 Lewis Scanlan - TE",,,,,,"#59 Christopher Rodriguez - LT","#74 Shane Snyder - LG","#75 James Martin - C","#57 Peter Hernandez - LT","#79 Matt Durham - RT",,"#93 Lupe Armstrong - LDE",,"#97 Charles Johnson - RDE","#98 Clyde Chamberlain - MLB","#65 Randall Meyers - SLB","#99 Don Hamilton - DT","#55 Brian Manning - MLB",,"#52 Guy Brown - WLB","#29 Marcus Neal - CB","#27 Charles Bevins - CB",,,,"#31 Anthony Pitre - CB","#37 Christopher Larson - FS",,,,,,,,,,,,,,,,,,,,,,,,,,,,,,,,,,,,
CAR,5:41,"SEA 42",1,2,2,"Goal Line Normal HB Toss Strong","4-3 Under Crash Right",9,0,7,"2-2-SEA 42 (5:40) 31-Raymond Lecompte ran to SEA 33 for 9 yards. Tackle by 93-Lupe Armstrong.","#7 Juan Payne - QB","#31 Raymond Lecompte - RB",,"#36 Travis Barlowe - RB","#83 Bobby James - TE","#87 David Cartwright - RB","#80 Lewis Scanlan - TE",,,,,,"#59 Christopher Rodriguez - LT","#74 Shane Snyder - LG","#75 James Martin - C","#57 Peter Hernandez - LT","#79 Matt Durham - RT",,"#93 Lupe Armstrong - LDE",,"#97 Charles Johnson - RDE","#98 Clyde Chamberlain - MLB","#65 Randall Meyers - SLB","#99 Don Hamilton - DT","#55 Brian Manning - MLB",,"#52 Guy Brown - WLB","#29 Marcus Neal - CB","#27 Charles Bevins - CB",,,,"#31 Anthony Pitre - CB","#37 Christopher Larson - FS",,,,,,,,,,,,,,,,,,,,,,,,,,,,,,,,,,,,
CAR,4:56,"SEA 33",1,1,10,"Strong I Normal HB Dive Strong","4-3 Under Crowd Middle",8,0,7,"1-10-SEA 33 (4:55) 31-Raymond Lecompte ran to SEA 25 for 8 yards. Tackle by 37-Christopher Larson.","#7 Juan Payne - QB","#31 Raymond Lecompte - RB",,,"#83 Bobby James - TE","#87 David Cartwright - RB",,"#14 Shawn Heath - WR",,"#86 Robert Pasillas - WR",,,"#59 Christopher Rodriguez - LT","#74 Shane Snyder - LG","#75 James Martin - C","#57 Peter Hernandez - LT","#79 Matt Durham - RT",,"#93 Lupe Armstrong - LDE",,"#97 Charles Johnson - RDE","#98 Clyde Chamberlain - MLB","#65 Randall Meyers - SLB","#99 Don Hamilton - DT","#55 Brian Manning - MLB",,"#52 Guy Brown - WLB","#29 Marcus Neal - CB","#27 Charles Bevins - CB",,,,"#31 Anthony Pitre - CB","#37 Christopher Larson - FS",,,,,,,,,,,,,,,,,,,,,,,,,,,,,,,,,,,,
CAR,4:18,"SEA 25",1,2,2,"Strong I Normal HB Dive Strong","4-3 Normal Double Safety Blitz",2,0,7,"2-2-SEA 25 (4:17) 27-Bob Martin ran to SEA 23 for 2 yards. Tackle by 58-Anthony Pitre. PENALTY - Holding (CAR 57-Peter Hernandez)","#7 Juan Payne - QB","#27 Bob Martin - RB",,,"#83 Bobby James - TE","#87 David Cartwright - RB",,"#14 Shawn Heath - WR",,"#86 Robert Pasillas - WR",,,"#59 Christopher Rodriguez - LT","#74 Shane Snyder - LG","#75 James Martin - C","#57 Peter Hernandez - LT","#79 Matt Durham - RT",,"#93 Lupe Armstrong - LDE",,"#97 Charles Johnson - RDE","#98 Clyde Chamberlain - MLB","#65 Randall Meyers - SLB","#99 Don Hamilton - DT","#55 Brian Manning - MLB",,"#52 Guy Brown - WLB","#29 Marcus Neal - CB","#27 Charles Bevins - CB",,,,"#31 Anthony Pitre - CB","#37 Christopher Larson - FS",,,,,,,,,,,,,,,,,,,,,,,,,,,,,,,,,,,,
CAR,4:14,"SEA 33",1,2,10,"I Formation Power HB Sweep Weak","4-3 Normal SS Blitz",1,0,7,"2-10-SEA 33 (4:15) 27-Bob Martin ran to SEA 32 for 1 yards. Tackle by 53-Don Hamilton.","#7 Juan Payne - QB","#27 Bob Martin - RB",,"#80 Lewis Scanlan - TE","#83 Bobby James - TE","#87 David Cartwright - RB",,"#14 Shawn Heath - WR",,,,,"#59 Christopher Rodriguez - LT","#74 Shane Snyder - LG","#75 James Martin - C","#57 Peter Hernandez - LT","#79 Matt Durham - RT",,"#93 Lupe Armstrong - LDE",,"#97 Charles Johnson - RDE","#98 Clyde Chamberlain - MLB","#65 Randall Meyers - SLB","#99 Don Hamilton - DT","#55 Brian Manning - MLB",,"#52 Guy Brown - WLB","#29 Marcus Neal - CB","#27 Charles Bevins - CB",,,,"#35 Pedro Lund - SLB","#37 Christopher Larson - FS",,,,,,,,,,,,,,,,,,,,,,,,,,,,,,,,,,,,
CAR,3:36,"SEA 32",1,3,9,"Goal Line Normal HB Toss Strong","46 Normal Weak Blitz",4,0,7,"3-9-SEA 32 (3:35) 31-Raymond Lecompte ran to SEA 28 for 4 yards. Tackle by 53-Don Hamilton.","#7 Juan Payne - QB","#31 Raymond Lecompte - RB",,"#36 Travis Barlowe - RB","#83 Bobby James - TE","#87 David Cartwright - RB","#80 Lewis Scanlan - TE",,,,,,"#59 Christopher Rodriguez - LT","#74 Shane Snyder - LG","#75 James Martin - C","#57 Peter Hernandez - LT","#79 Matt Durham - RT",,"#93 Lupe Armstrong - LDE",,"#97 Charles Johnson - RDE","#98 Clyde Chamberlain - MLB","#65 Randall Meyers - SLB","#99 Don Hamilton - DT","#55 Brian Manning - MLB",,"#52 Guy Brown - WLB","#29 Marcus Neal - CB","#27 Charles Bevins - CB",,,,"#31 Anthony Pitre - CB","#37 Christopher Larson - FS",,,,,,,,,,,,,,,,,,,,,,,,,,,,,,,,,,,,
CAR,2:56,"SEA 28",1,4,5,"Field Goal","FG Block",39,0,10,"4-5-SEA 28 (2:55) 8-Justin Plummer 45 yard field goal is GOOD. SEA 0 CAR 10",,,,,,,,,,,,,,,,,,,,,,,,,,,,,,,,,,,,"#5 Anthony Strain - QB","#75 James Martin - C",,,,,,,,,,,,,,"#8 Justin Plummer - K","#50 Ryan Salter - LT","#80 Lewis Scanlan - TE","#57 Peter Hernandez - LT","#87 David Cartwright - RB","#74 Shane Snyder - LG","#59 Christopher Rodriguez - LT","#36 Travis Barlowe - RB","#67 Edmund Martin - LG","#32 Michael Knox - SS","#31 Anthony Pitre - CB","#65 Randall Meyers - SLB","#88 Stuart Cooper - RB","#70 Jonathan Buckner - C","#93 Lupe Armstrong - LDE","#26 Fletcher Peterson - CB","#55 Brian Manning - MLB","#28 John Parker - WR","#43 Robert Smith - FB","#2 Kevin Green - QB"
CAR,2:50,"CAR 35",1,6,10,Kickoff,"Kick Return",,0,10,"(2:51) 8-Justin Plummer kicks 74 yards from CAR 35 to SEA -9. Touchback.",,,,,,,,,,,,,,,,,,,,,,,,,,,,,,,,,,,,,,"#43 Robert Smith - FB",,"#72 Harry Diez - SLB","#65 Randall Meyers - SLB","#27 Charles Bevins - CB","#61 Joseph Allen - CB","#32 Michael Knox - SS","#31 Anthony Pitre - CB","#55 Brian Manning - MLB","#99 Don Hamilton - DT","#35 Pedro Lund - SLB","#93 Lupe Armstrong - LDE","#8 Justin Plummer - K",,,,,,,,,,,,,,,,,,,,
SEA,2:50,"SEA 25",1,1,10,"I Formation Normal PA Outside Curls","3-4 Normal Zone Blitz",5,0,10,"1-10-SEA 25 (2:51) 13-James Johnson pass complete to 28-John Parker to SEA 30 for 5 yards. Tackle by 56-Steven Houston.","#13 James Johnson - QB","#28 John Parker - WR",,,"#45 Douglas Richter - TE","#89 Bryant Minick - TE",,"#80 Thomas Muller - WR",,"#88 Stuart Cooper - RB",,,"#79 Harland Chamberlain - LT","#78 James Lee - LG","#69 Scott Smith - C","#64 Ethan Mauk - RG","#68 Dallas Johnson - RT",,"#93 Ronald Kaufman - RDE",,"#68 Dwayne Martinez - DT",,"#52 Robert Garcia - RDE","#96 Ebenezer Scrooge - MLB","#55 Ted Sechrist - MLB","#51 Lamar Pratt - MLB","#56 Steven Houston - WLB","#40 Evan Lehman - CB","#47 Charles Elsass - CB",,,,"#28 Richard Hodgson - SS","#38 Joseph Stanford - FS",,,,,,,,,,,,,,,,,,,,,,,,,,,,,,,,,,,,
SEA,2:14,"SEA 30",1,2,5,"I Formation Normal Max Protect","4-3 Under Double Safety Blitz",,0,10,"2-5-SEA 30 (2:13) 13-James Johnson pass Pass knocked down by 47-Charles Elsass. incomplete, intended for 87-Stuart Cooper. PENALTY - Offsides (CAR 93-Ronald Kaufman)","#13 James Johnson - QB","#39 Johnny Escobedo - WR",,,"#43 Robert Smith - FB","#89 Bryant Minick - TE",,"#80 Thomas Muller - WR",,"#88 Stuart Cooper - RB",,,"#79 Harland Chamberlain - LT","#78 James Lee - LG","#69 Scott Smith - C","#64 Ethan Mauk - RG","#68 Dallas Johnson - RT",,"#93 Ronald Kaufman - RDE",,"#68 Dwayne Martinez - DT","#69 Scott Johnson - DT","#52 Robert Garcia - RDE","#96 Ebenezer Scrooge - MLB","#55 Ted Sechrist - MLB",,"#56 Steven Houston - WLB","#40 Evan Lehman - CB","#47 Charles Elsass - CB",,,,"#28 Richard Hodgson - SS","#38 Joseph Stanford - FS",,,,,,,,,,,,,,,,,,,,,,,,,,,,,,,,,,,,
SEA,2:09,"SEA 35",1,1,10,"I Formation Normal SE Post","3-4 Normal Zone Blitz",-10,0,10,"1-10-SEA 35 (2:10) 13-James Johnson sacked at SEA 26 for -10 yards (51-Lamar Pratt)","#13 James Johnson - QB","#28 John Parker - WR",,,"#43 Robert Smith - FB","#89 Bryant Minick - TE",,"#10 Emanuel Haywood - WR",,"#84 James King - WR",,,"#79 Harland Chamberlain - LT","#78 James Lee - LG","#69 Scott Smith - C","#64 Ethan Mauk - RG","#68 Dallas Johnson - RT",,"#93 Ronald Kaufman - RDE",,"#68 Dwayne Martinez - DT",,"#52 Robert Garcia - RDE","#96 Ebenezer Scrooge - MLB","#55 Ted Sechrist - MLB","#51 Lamar Pratt - MLB","#56 Steven Houston - WLB","#40 Evan Lehman - CB","#47 Charles Elsass - CB",,,,"#28 Richard Hodgson - SS","#38 Joseph Stanford - FS",,,,,,,,,,,,,,,,,,,,,,,,,,,,,,,,,,,,
SEA,1:30,"SEA 26",1,2,20,"Weak I Normal Skinny Posts","4-3 Under 2 Deep Flat Outside",,0,10,"2-20-SEA 26 (1:29) PENALTY - False Start (SEA 68-Dallas Johnson)","#13 James Johnson - QB","#39 Johnny Escobedo - WR",,,"#45 Douglas Richter - TE","#89 Bryant Minick - TE",,"#80 Thomas Muller - WR",,"#88 Stuart Cooper - RB",,,"#79 Harland Chamberlain - LT","#78 James Lee - LG","#69 Scott Smith - C","#64 Ethan Mauk - RG","#68 Dallas Johnson - RT",,"#93 Ronald Kaufman - RDE",,"#68 Dwayne Martinez - DT","#69 Scott Johnson - DT","#52 Robert Garcia - RDE","#96 Ebenezer Scrooge - MLB","#55 Ted Sechrist - MLB",,"#56 Steven Houston - WLB","#40 Evan Lehman - CB","#47 Charles Elsass - CB",,,,"#28 Richard Hodgson - SS","#38 Joseph Stanford - FS",,,,,,,,,,,,,,,,,,,,,,,,,,,,,,,,,,,,
SEA,1:28,"SEA 21",1,2,25,"I Formation Twin WR Hard Slants","3-4 Normal Zone Blitz",8,0,10,"2-25-SEA 21 (1:29) 13-James Johnson pass complete to 80-Thomas Muller to SEA 28 for 8 yards. Tackle by 52-Robert Garcia.","#13 James Johnson - QB","#28 John Parker - WR",,,"#43 Robert Smith - FB","#89 Bryant Minick - TE",,"#80 Thomas Muller - WR",,"#88 Stuart Cooper - RB",,,"#79 Harland Chamberlain - LT","#78 James Lee - LG","#69 Scott Smith - C","#64 Ethan Mauk - RG","#68 Dallas Johnson - RT",,"#93 Ronald Kaufman - RDE",,"#68 Dwayne Martinez - DT",,"#52 Robert Garcia - RDE","#96 Ebenezer Scrooge - MLB","#55 Ted Sechrist - MLB","#51 Lamar Pratt - MLB","#56 Steven Houston - WLB","#40 Evan Lehman - CB","#47 Charles Elsass - CB",,,,"#28 Richard Hodgson - SS","#38 Joseph Stanford - FS",,,,,,,,,,,,,,,,,,,,,,,,,,,,,,,,,,,,
SEA,0:54,"SEA 28",1,3,17,"Singleback Normal HB Release Mid","Nickel Normal 2 Deep",,0,10,"3-17-SEA 28 (0:53) 13-James Johnson pass Pass knocked down by 23-Kevin Gonzalez. incomplete, intended for 10-Emanuel Haywood.","#13 James Johnson - QB","#28 John Parker - WR",,,,"#89 Bryant Minick - TE",,"#80 Thomas Muller - WR","#10 Emanuel Haywood - WR","#88 Stuart Cooper - RB",,,"#79 Harland Chamberlain - LT","#78 James Lee - LG","#69 Scott Smith - C","#64 Ethan Mauk - RG","#68 Dallas Johnson - RT",,"#93 Ronald Kaufman - RDE",,"#68 Dwayne Martinez - DT","#69 Scott Johnson - DT","#52 Robert Garcia - RDE",,"#55 Ted Sechrist - MLB",,"#56 Steven Houston - WLB","#40 Evan Lehman - CB","#47 Charles Elsass - CB",,"#23 Kevin Gonzalez - CB",,"#28 Richard Hodgson - SS","#38 Joseph Stanford - FS",,,,,,,,,,,,,,,,,,,,,,,,,,,,,,,,,,,,
SEA,0:48,"SEA 28",1,4,17,Punt,"Punt Return",,0,10,"4-17-SEA 28 (0:49) 6-Ricky Carter punts 50 yards to CAR 22. 36-Travis Barlowe FUMBLES recovered by CAR-36-Travis Barlowe to CAR 24 for 3 yards. Tackle by 32-Michael Knox.",,,,,,,,,,,,,,,,,,"#6 Ricky Carter - P",,,,,,,,,,,,,,,,,,,"#73 Carl Moore - RG",,"#36 Travis Barlowe - RB",,,"#40 Evan Lehman - CB","#23 Kevin Gonzalez - CB","#28 Richard Hodgson - SS",,"#96 Ebenezer Scrooge - MLB","#54 Mark Brown - MLB",,"#98 George Gragg - CB",,,,"#64 Ethan Mauk - RG","#67 Brian Sultan - LT","#43 Robert Smith - FB","#78 James Lee - LG","#60 Ryan Butler - LG","#39 Johnny Escobedo - WR",,"#38 Joseph Stanford - FS","#56 Steven Houston - WLB","#93 Ronald Kaufman - RDE","#55 Ted Sechrist - MLB",,,,,,,
CAR,0:39,"CAR 24",1,1,10,"Weak I Normal Skinny Posts","4-3 Normal Double WR3",,0,10,"1-10-CAR 24 (0:40) 3-Juan Payne pass Pass knocked down by 37-Christopher Larson. incomplete, intended for 87-David Cartwright.","#7 Juan Payne - QB","#31 Raymond Lecompte - RB",,,"#83 Bobby James - TE","#87 David Cartwright - RB",,"#14 Shawn Heath - WR",,"#86 Robert Pasillas - WR",,,"#59 Christopher Rodriguez - LT","#74 Shane Snyder - LG","#75 James Martin - C","#57 Peter Hernandez - LT","#79 Matt Durham - RT",,"#93 Lupe Armstrong - LDE",,"#98 Clyde Chamberlain - MLB","#63 Kenny Ortiz - RDE","#65 Randall Meyers - SLB","#99 Don Hamilton - DT","#97 Charles Johnson - RDE",,"#52 Guy Brown - WLB","#29 Marcus Neal - CB","#25 Robert Brooking - CB",,,,"#31 Anthony Pitre - CB","#37 Christopher Larson - FS",,,,,,,,,,,,,,,,,,,,,,,,,,,,,,,,,,,,
CAR,0:37,"CAR 24",1,2,10,"I Formation Power HB Sweep Weak","4-3 Normal WLB MLB Blitz",-2,0,10,"2-10-CAR 24 (0:38) 31-Raymond Lecompte ran to CAR 22 for -2 yards. Tackle by 52-Guy Brown.","#7 Juan Payne - QB","#31 Raymond Lecompte - RB",,"#80 Lewis Scanlan - TE","#83 Bobby James - TE","#87 David Cartwright - RB",,"#14 Shawn Heath - WR",,,,,"#59 Christopher Rodriguez - LT","#74 Shane Snyder - LG","#75 James Martin - C","#57 Peter Hernandez - LT","#79 Matt Durham - RT",,"#93 Lupe Armstrong - LDE",,"#97 Charles Johnson - RDE","#98 Clyde Chamberlain - MLB","#65 Randall Meyers - SLB","#99 Don Hamilton - DT","#55 Brian Manning - MLB",,"#52 Guy Brown - WLB","#29 Marcus Neal - CB","#27 Charles Bevins - CB",,,,"#31 Anthony Pitre - CB","#37 Christopher Larson - FS",,,,,,,,,,,,,,,,,,,,,,,,,,,,,,,,,,,,
CAR,0:06,"CAR 22",1,3,12,"Shotgun 2 RB 3 WR WR Hooks","4-3 Normal WLB MLB Blitz",3,0,10,"3-12-CAR 22 (0:05) 3-Juan Payne pass complete to 14-Shawn Heath to CAR 25 for 3 yards. Tackle by 37-Christopher Larson. PENALTY - Pass Interference (SEA 29-Marcus Neal)","#7 Juan Payne - QB","#31 Raymond Lecompte - RB","#27 Bob Martin - RB",,,,,"#14 Shawn Heath - WR","#85 Francis Justice - WR","#86 Robert Pasillas - WR",,,"#59 Christopher Rodriguez - LT","#74 Shane Snyder - LG","#75 James Martin - C","#57 Peter Hernandez - LT","#79 Matt Durham - RT",,"#93 Lupe Armstrong - LDE",,"#97 Charles Johnson - RDE","#98 Clyde Chamberlain - MLB","#65 Randall Meyers - SLB","#99 Don Hamilton - DT","#55 Brian Manning - MLB",,"#52 Guy Brown - WLB","#29 Marcus Neal - CB","#27 Charles Bevins - CB",,,,"#31 Anthony Pitre - CB","#37 Christopher Larson - FS",,,,,,,,,,,,,,,,,,,,,,,,,,,,,,,,,,,,
,0:01,,1,1,10,,,,0,10,"End of first quarter.",,,,,,,,,,,,,,,,,,,,,,,,,,,,,,,,,,,,,,,,,,,,,,,,,,,,,,,,,,,,,,,,,,,,,,
CAR,15:00,"CAR 29",2,1,10,"I Formation Power HB Strong Outside","4-3 Normal Double WR3",-1,0,10,"1-10-CAR 29 (15:00) 31-Raymond Lecompte ran to CAR 28 for -1 yards. Tackle by 52-Guy Brown.","#7 Juan Payne - QB","#31 Raymond Lecompte - RB",,"#80 Lewis Scanlan - TE","#83 Bobby James - TE","#87 David Cartwright - RB",,"#14 Shawn Heath - WR",,,,,"#59 Christopher Rodriguez - LT","#74 Shane Snyder - LG","#75 James Martin - C","#57 Peter Hernandez - LT","#79 Matt Durham - RT",,"#93 Lupe Armstrong - LDE",,"#97 Charles Johnson - RDE","#98 Clyde Chamberlain - MLB","#65 Randall Meyers - SLB","#99 Don Hamilton - DT","#55 Brian Manning - MLB",,"#52 Guy Brown - WLB","#29 Marcus Neal - CB","#27 Charles Bevins - CB",,,,"#31 Anthony Pitre - CB","#37 Christopher Larson - FS",,,,,,,,,,,,,,,,,,,,,,,,,,,,,,,,,,,,
CAR,14:29,"CAR 28",2,2,11,"Weak I Normal HB Inside Strong","4-3 Normal Double Safety Blitz",3,0,10,"2-11-CAR 28 (14:28) 31-Raymond Lecompte ran to CAR 31 for 3 yards. Tackle by 58-Anthony Pitre.","#7 Juan Payne - QB","#31 Raymond Lecompte - RB",,,"#83 Bobby James - TE","#87 David Cartwright - RB",,"#14 Shawn Heath - WR",,"#86 Robert Pasillas - WR",,,"#59 Christopher Rodriguez - LT","#74 Shane Snyder - LG","#75 James Martin - C","#57 Peter Hernandez - LT","#79 Matt Durham - RT",,"#93 Lupe Armstrong - LDE",,"#97 Charles Johnson - RDE","#98 Clyde Chamberlain - MLB","#65 Randall Meyers - SLB","#99 Don Hamilton - DT","#55 Brian Manning - MLB",,"#52 Guy Brown - WLB","#29 Marcus Neal - CB","#27 Charles Bevins - CB",,,,"#31 Anthony Pitre - CB","#37 Christopher Larson - FS",,,,,,,,,,,,,,,,,,,,,,,,,,,,,,,,,,,,
CAR,13:49,"CAR 31",2,3,8,"Shotgun 2 RB 3 WR WR Curl","Nickel Normal SS Blitz",19,0,10,"3-8-CAR 31 (13:48) 3-Juan Payne pass complete to 85-Francis Justice to CAR 50 for 19 yards. Tackle by 29-Marcus Neal.","#7 Juan Payne - QB","#31 Raymond Lecompte - RB","#27 Bob Martin - RB",,,,,"#14 Shawn Heath - WR","#85 Francis Justice - WR","#86 Robert Pasillas - WR",,,"#59 Christopher Rodriguez - LT","#74 Shane Snyder - LG","#75 James Martin - C","#57 Peter Hernandez - LT","#79 Matt Durham - RT",,"#93 Lupe Armstrong - LDE",,"#97 Charles Johnson - RDE","#98 Clyde Chamberlain - MLB","#65 Randall Meyers - SLB",,"#55 Brian Manning - MLB",,"#52 Guy Brown - WLB","#29 Marcus Neal - CB","#27 Charles Bevins - CB",,"#25 Robert Brooking - CB",,"#31 Anthony Pitre - CB","#37 Christopher Larson - FS",,,,,,,,,,,,,,,,,,,,,,,,,,,,,,,,,,,,
CAR,13:05,"CAR 50",2,1,10,"I Formation Power HB Strong Outside","4-3 Normal Double Safety Blitz",2,0,10,"1-10-CAR 50 (13:04) 31-Raymond Lecompte ran to SEA 48 for 2 yards. Tackle by 37-Christopher Larson.","#7 Juan Payne - QB","#31 Raymond Lecompte - RB",,"#80 Lewis Scanlan - TE","#83 Bobby James - TE","#87 David Cartwright - RB",,"#14 Shawn Heath - WR",,,,,"#59 Christopher Rodriguez - LT","#74 Shane Snyder - LG","#75 James Martin - C","#57 Peter Hernandez - LT","#79 Matt Durham - RT",,"#93 Lupe Armstrong - LDE",,"#97 Charles Johnson - RDE","#98 Clyde Chamberlain - MLB","#65 Randall Meyers - SLB","#99 Don Hamilton - DT","#55 Brian Manning - MLB",,"#52 Guy Brown - WLB","#29 Marcus Neal - CB","#27 Charles Bevins - CB",,,,"#31 Anthony Pitre - CB","#37 Christopher Larson - FS",,,,,,,,,,,,,,,,,,,,,,,,,,,,,,,,,,,,
CAR,12:25,"SEA 48",2,2,8,"I Formation Power HB Strong Outside","4-3 Normal Man QB Spy",5,0,10,"2-8-SEA 48 (12:24) 31-Raymond Lecompte ran to SEA 43 for 5 yards. Tackle by 55-Brian Manning.","#7 Juan Payne - QB","#31 Raymond Lecompte - RB",,"#80 Lewis Scanlan - TE","#83 Bobby James - TE","#87 David Cartwright - RB",,"#14 Shawn Heath - WR",,,,,"#59 Christopher Rodriguez - LT","#74 Shane Snyder - LG","#75 James Martin - C","#57 Peter Hernandez - LT","#79 Matt Durham - RT",,"#93 Lupe Armstrong - LDE",,"#97 Charles Johnson - RDE","#98 Clyde Chamberlain - MLB","#65 Randall Meyers - SLB","#99 Don Hamilton - DT","#55 Brian Manning - MLB",,"#52 Guy Brown - WLB","#29 Marcus Neal - CB","#27 Charles Bevins - CB",,,,"#31 Anthony Pitre - CB","#37 Christopher Larson - FS",,,,,,,,,,,,,,,,,,,,,,,,,,,,,,,,,,,,
CAR,11:40,"SEA 43",2,3,3,"Goal Line Normal HB Weak","46 Normal Weak Blitz",-0,0,10,"3-3-SEA 43 (11:39) 31-Raymond Lecompte ran to SEA 43 for a short loss. Tackle by 55-Brian Manning.","#7 Juan Payne - QB","#31 Raymond Lecompte - RB",,"#36 Travis Barlowe - RB","#83 Bobby James - TE","#87 David Cartwright - RB","#80 Lewis Scanlan - TE",,,,,,"#59 Christopher Rodriguez - LT","#74 Shane Snyder - LG","#75 James Martin - C","#57 Peter Hernandez - LT","#79 Matt Durham - RT",,"#93 Lupe Armstrong - LDE",,"#97 Charles Johnson - RDE","#98 Clyde Chamberlain - MLB","#65 Randall Meyers - SLB","#99 Don Hamilton - DT","#55 Brian Manning - MLB",,"#52 Guy Brown - WLB","#29 Marcus Neal - CB","#27 Charles Bevins - CB",,,,"#31 Anthony Pitre - CB","#37 Christopher Larson - FS",,,,,,,,,,,,,,,,,,,,,,,,,,,,,,,,,,,,
CAR,10:55,"SEA 43",2,4,3,Punt,"Punt Return",41,0,10,"4-3-SEA 43 (10:54) 19-Milton Lewis punts 41 yards to SEA 2.",,,,,,,,,,,,,,,,,,"#19 Milton Lewis - P",,,,,,,,,,,,,,,,,,,"#75 James Martin - C",,"#43 Robert Smith - FB",,,"#27 Charles Bevins - CB","#61 Joseph Allen - CB","#32 Michael Knox - SS",,"#55 Brian Manning - MLB","#99 Don Hamilton - DT",,"#93 Lupe Armstrong - LDE",,,,"#80 Lewis Scanlan - TE","#57 Peter Hernandez - LT","#87 David Cartwright - RB","#74 Shane Snyder - LG","#59 Christopher Rodriguez - LT","#36 Travis Barlowe - RB",,"#28 John Parker - WR","#31 Anthony Pitre - CB","#65 Randall Meyers - SLB","#88 Stuart Cooper - RB",,,,,,,
SEA,10:43,"SEA 2",2,1,10,"I Formation Power PA Flats","Goal Line Attack #2",,0,10,"1-10-SEA 2 (10:44) 13-James Johnson pass incomplete, dropped by 89-Bryant Minick.","#13 James Johnson - QB","#39 Johnny Escobedo - WR",,"#45 Douglas Richter - TE","#43 Robert Smith - FB","#89 Bryant Minick - TE",,"#80 Thomas Muller - WR",,,,,"#79 Harland Chamberlain - LT","#78 James Lee - LG","#69 Scott Smith - C","#64 Ethan Mauk - RG","#68 Dallas Johnson - RT",,"#93 Ronald Kaufman - RDE","#77 Gary House - DT","#68 Dwayne Martinez - DT","#69 Scott Johnson - DT","#52 Robert Garcia - RDE","#96 Ebenezer Scrooge - MLB","#55 Ted Sechrist - MLB",,"#54 Mark Brown - MLB","#47 Charles Elsass - CB","#23 Kevin Gonzalez - CB",,,,"#24 Jamal Silva - SS",,,,,,,,,,,,,,,,,,,,,,,,,,,,,,,,,,,,,
SEA,10:39,"SEA 2",2,2,10,"I Formation Power Play Action HB Downfield","Goal Line Attack #2",8,0,10,"2-10-SEA 2 (10:40) 13-James Johnson pass complete to 89-Bryant Minick to SEA 10 for 8 yards. Tackle by 47-Charles Elsass. 47-Charles Elsass got away with a hold on that play.","#13 James Johnson - QB","#43 Robert Smith - FB",,"#64 Ethan Mauk - RG","#45 Douglas Richter - TE","#89 Bryant Minick - TE",,"#10 Emanuel Haywood - WR",,,,,"#79 Harland Chamberlain - LT","#78 James Lee - LG","#69 Scott Smith - C","#77 Jason Lopez - RG","#68 Dallas Johnson - RT",,"#93 Ronald Kaufman - RDE","#77 Gary House - DT","#68 Dwayne Martinez - DT","#69 Scott Johnson - DT","#52 Robert Garcia - RDE","#96 Ebenezer Scrooge - MLB","#55 Ted Sechrist - MLB",,"#56 Steven Houston - WLB","#40 Evan Lehman - CB","#47 Charles Elsass - CB",,,,"#28 Richard Hodgson - SS",,,,,,,,,,,,,,,,,,,,,,,,,,,,,,,,,,,,,
SEA,10:05,"SEA 10",2,3,2,"Goal Line Normal HB Off Tackle","Goal Line 3 Deep Man",3,0,10,"3-2-SEA 10 (10:04) 39-Johnny Escobedo ran to SEA 13 for 3 yards. Tackle by 77-Gary House.","#13 James Johnson - QB","#39 Johnny Escobedo - WR",,"#45 Douglas Richter - TE","#43 Robert Smith - FB","#89 Bryant Minick - TE","#85 Anthony Crawford - TE",,,,,,"#79 Harland Chamberlain - LT","#78 James Lee - LG","#69 Scott Smith - C","#64 Ethan Mauk - RG","#68 Dallas Johnson - RT",,"#93 Ronald Kaufman - RDE","#77 Gary House - DT","#68 Dwayne Martinez - DT","#69 Scott Johnson - DT","#52 Robert Garcia - RDE","#96 Ebenezer Scrooge - MLB","#55 Ted Sechrist - MLB",,"#54 Mark Brown - MLB","#47 Charles Elsass - CB","#23 Kevin Gonzalez - CB",,,,"#24 Jamal Silva - SS",,,,,,,,,,,,,,,,,,,,,,,,,,,,,,,,,,,,,
SEA,9:23,"SEA 13",2,1,10,"I Formation Normal PA Fullback Flat","4-3 Normal OLB Blitz Outside",,0,10,"1-10-SEA 13 (9:22) 13-James Johnson pass Pass knocked down by 38-Joseph Stanford. incomplete, intended for 89-Bryant Minick.","#13 James Johnson - QB","#28 John Parker - WR",,,"#43 Robert Smith - FB","#89 Bryant Minick - TE",,"#80 Thomas Muller - WR",,"#88 Stuart Cooper - RB",,,"#79 Harland Chamberlain - LT","#78 James Lee - LG","#69 Scott Smith - C","#64 Ethan Mauk - RG","#68 Dallas Johnson - RT",,"#93 Ronald Kaufman - RDE",,"#68 Dwayne Martinez - DT","#69 Scott Johnson - DT","#52 Robert Garcia - RDE","#96 Ebenezer Scrooge - MLB","#55 Ted Sechrist - MLB",,"#56 Steven Houston - WLB","#40 Evan Lehman - CB","#47 Charles Elsass - CB",,,,"#28 Richard Hodgson - SS","#38 Joseph Stanford - FS",,,,,,,,,,,,,,,,,,,,,,,,,,,,,,,,,,,,
SEA,9:18,"SEA 13",2,2,10,"I Formation Power Play Action Bomb","Goal Line 3 Deep Man",-7,0,10,"2-10-SEA 13 (9:19) 13-James Johnson sacked at SEA 5 for -7 yards (93-Ronald Kaufman). Sack allowed by 89-Bryant Minick.","#13 James Johnson - QB","#39 Johnny Escobedo - WR",,"#43 Robert Smith - FB","#45 Douglas Richter - TE","#89 Bryant Minick - TE",,"#10 Emanuel Haywood - WR",,,,,"#79 Harland Chamberlain - LT","#78 James Lee - LG","#69 Scott Smith - C","#64 Ethan Mauk - RG","#68 Dallas Johnson - RT",,"#93 Ronald Kaufman - RDE","#77 Gary House - DT","#68 Dwayne Martinez - DT","#69 Scott Johnson - DT","#52 Robert Garcia - RDE","#96 Ebenezer Scrooge - MLB","#55 Ted Sechrist - MLB",,"#56 Steven Houston - WLB","#40 Evan Lehman - CB","#47 Charles Elsass - CB",,,,"#28 Richard Hodgson - SS",,,,,,,,,,,,,,,,,,,,,,,,,,,,,,,,,,,,,
SEA,8:35,"SEA 5",2,3,17,"Shotgun Normal HB Delay","Nickel 3-3-5 3 Deep Zone Under",10,0,10,"3-17-SEA 5 (8:34) 28-John Parker ran to SEA 15 for 10 yards. Tackle by 47-Charles Elsass.","#13 James Johnson - QB","#28 John Parker - WR",,,,"#89 Bryant Minick - TE",,"#80 Thomas Muller - WR","#10 Emanuel Haywood - WR","#88 Stuart Cooper - RB",,,"#79 Harland Chamberlain - LT","#78 James Lee - LG","#69 Scott Smith - C","#64 Ethan Mauk - RG","#68 Dallas Johnson - RT",,"#93 Ronald Kaufman - RDE",,"#68 Dwayne Martinez - DT",,"#52 Robert Garcia - RDE","#96 Ebenezer Scrooge - MLB","#55 Ted Sechrist - MLB",,"#56 Steven Houston - WLB","#40 Evan Lehman - CB","#47 Charles Elsass - CB",,"#23 Kevin Gonzalez - CB",,"#28 Richard Hodgson - SS","#38 Joseph Stanford - FS",,,,,,,,,,,,,,,,,,,,,,,,,,,,,,,,,,,,
SEA,7:50,"SEA 15",2,4,7,Punt,"Punt Return",49,0,10,"4-7-SEA 15 (7:49) 6-Ricky Carter punts 49 yards to CAR 36.",,,,,,,,,,,,,,,,,,"#6 Ricky Carter - P",,,,,,,,,,,,,,,,,,,"#73 Carl Moore - RG",,"#36 Travis Barlowe - RB",,,"#40 Evan Lehman - CB","#28 Richard Hodgson - SS","#56 Steven Houston - WLB",,"#96 Ebenezer Scrooge - MLB","#54 Mark Brown - MLB",,"#98 George Gragg - CB",,,,"#64 Ethan Mauk - RG","#67 Brian Sultan - LT","#43 Robert Smith - FB","#78 James Lee - LG","#60 Ryan Butler - LG","#39 Johnny Escobedo - WR",,"#68 Dwayne Martinez - DT","#93 Ronald Kaufman - RDE","#55 Ted Sechrist - MLB","#38 Joseph Stanford - FS",,,,,,,
CAR,7:37,"CAR 36",2,1,10,"Goal Line Normal HB Weak","4-3 Normal WLB Outside Blitz",6,0,10,"1-10-CAR 36 (7:38) 31-Raymond Lecompte ran to CAR 42 for 6 yards. Tackle by 37-Christopher Larson.","#7 Juan Payne - QB","#31 Raymond Lecompte - RB",,"#36 Travis Barlowe - RB","#83 Bobby James - TE","#87 David Cartwright - RB","#80 Lewis Scanlan - TE",,,,,,"#59 Christopher Rodriguez - LT","#74 Shane Snyder - LG","#75 James Martin - C","#57 Peter Hernandez - LT","#79 Matt Durham - RT",,"#93 Lupe Armstrong - LDE",,"#98 Clyde Chamberlain - MLB","#63 Kenny Ortiz - RDE","#65 Randall Meyers - SLB","#99 Don Hamilton - DT","#97 Charles Johnson - RDE",,"#52 Guy Brown - WLB","#29 Marcus Neal - CB","#25 Robert Brooking - CB",,,,"#31 Anthony Pitre - CB","#37 Christopher Larson - FS",,,,,,,,,,,,,,,,,,,,,,,,,,,,,,,,,,,,
CAR,7:00,"CAR 42",2,2,4,"I Formation Power HB Strong Outside","4-3 Normal Man Under 1",23,0,10,"2-4-CAR 42 (6:59) 31-Raymond Lecompte ran to SEA 35 for 23 yards. Tackle by 58-Anthony Pitre.","#7 Juan Payne - QB","#31 Raymond Lecompte - RB",,"#80 Lewis Scanlan - TE","#83 Bobby James - TE","#87 David Cartwright - RB",,"#14 Shawn Heath - WR",,,,,"#59 Christopher Rodriguez - LT","#74 Shane Snyder - LG","#75 James Martin - C","#57 Peter Hernandez - LT","#79 Matt Durham - RT",,"#93 Lupe Armstrong - LDE",,"#98 Clyde Chamberlain - MLB","#63 Kenny Ortiz - RDE","#65 Randall Meyers - SLB","#99 Don Hamilton - DT","#97 Charles Johnson - RDE",,"#52 Guy Brown - WLB","#29 Marcus Neal - CB","#25 Robert Brooking - CB",,,,"#31 Anthony Pitre - CB","#37 Christopher Larson - FS",,,,,,,,,,,,,,,,,,,,,,,,,,,,,,,,,,,,
CAR,6:13,"SEA 35",2,1,10,"Goal Line Normal HB Weak","4-3 Normal WLB MLB Blitz",3,0,10,"1-10-SEA 35 (6:12) 27-Bob Martin ran to SEA 33 for 3 yards. Tackle by 65-Randall Meyers.","#7 Juan Payne - QB","#27 Bob Martin - RB",,"#36 Travis Barlowe - RB","#83 Bobby James - TE","#87 David Cartwright - RB","#80 Lewis Scanlan - TE",,,,,,"#59 Christopher Rodriguez - LT","#74 Shane Snyder - LG","#75 James Martin - C","#57 Peter Hernandez - LT","#79 Matt Durham - RT",,"#93 Lupe Armstrong - LDE",,"#98 Clyde Chamberlain - MLB","#63 Kenny Ortiz - RDE","#65 Randall Meyers - SLB","#99 Don Hamilton - DT","#97 Charles Johnson - RDE",,"#52 Guy Brown - WLB","#29 Marcus Neal - CB","#25 Robert Brooking - CB",,,,"#35 Pedro Lund - SLB","#37 Christopher Larson - FS",,,,,,,,,,,,,,,,,,,,,,,,,,,,,,,,,,,,
CAR,5:38,"SEA 33",2,2,7,"Weak I Normal Skinny Posts","4-3 Normal Double WR2",10,0,10,"2-7-SEA 33 (5:37) 3-Juan Payne pass complete to 14-Shawn Heath to SEA 23 for 10 yards. Tackle by 29-Marcus Neal.","#7 Juan Payne - QB","#27 Bob Martin - RB",,,"#83 Bobby James - TE","#87 David Cartwright - RB",,"#14 Shawn Heath - WR",,"#86 Robert Pasillas - WR",,,"#59 Christopher Rodriguez - LT","#74 Shane Snyder - LG","#75 James Martin - C","#57 Peter Hernandez - LT","#79 Matt Durham - RT",,"#93 Lupe Armstrong - LDE",,"#97 Charles Johnson - RDE","#98 Clyde Chamberlain - MLB","#65 Randall Meyers - SLB","#99 Don Hamilton - DT","#55 Brian Manning - MLB",,"#52 Guy Brown - WLB","#29 Marcus Neal - CB","#27 Charles Bevins - CB",,,,"#31 Anthony Pitre - CB","#37 Christopher Larson - FS",,,,,,,,,,,,,,,,,,,,,,,,,,,,,,,,,,,,
CAR,5:02,"SEA 23",2,1,10,"Goal Line Normal PA TE Drag","4-3 Normal Double WR3",7,0,10,"1-10-SEA 23 (5:01) 3-Juan Payne pass complete to 83-Bobby James to SEA 16 for 7 yards. Tackle by 58-Anthony Pitre.","#7 Juan Payne - QB","#27 Bob Martin - RB",,"#36 Travis Barlowe - RB","#83 Bobby James - TE","#87 David Cartwright - RB","#80 Lewis Scanlan - TE",,,,,,"#59 Christopher Rodriguez - LT","#74 Shane Snyder - LG","#75 James Martin - C","#57 Peter Hernandez - LT","#79 Matt Durham - RT",,"#93 Lupe Armstrong - LDE",,"#97 Charles Johnson - RDE","#98 Clyde Chamberlain - MLB","#65 Randall Meyers - SLB","#99 Don Hamilton - DT","#55 Brian Manning - MLB",,"#52 Guy Brown - WLB","#29 Marcus Neal - CB","#27 Charles Bevins - CB",,,,"#31 Anthony Pitre - CB","#37 Christopher Larson - FS",,,,,,,,,,,,,,,,,,,,,,,,,,,,,,,,,,,,
CAR,4:18,"SEA 16",2,2,3,"Strong I Normal HB Off Tackle Strong","4-3 Normal OLB Blitz Outside",-1,0,10,"2-3-SEA 16 (4:17) 31-Raymond Lecompte ran to SEA 17 for -1 yards. Tackle by 53-Don Hamilton. CAR 31-Raymond Lecompte was injured on the play. He looks like he should be able to return.","#7 Juan Payne - QB","#31 Raymond Lecompte - RB",,,"#83 Bobby James - TE","#87 David Cartwright - RB",,"#14 Shawn Heath - WR",,"#86 Robert Pasillas - WR",,,"#59 Christopher Rodriguez - LT","#74 Shane Snyder - LG","#75 James Martin - C","#57 Peter Hernandez - LT","#79 Matt Durham - RT",,"#93 Lupe Armstrong - LDE",,"#98 Clyde Chamberlain - MLB","#63 Kenny Ortiz - RDE","#65 Randall Meyers - SLB","#99 Don Hamilton - DT","#97 Charles Johnson - RDE",,"#52 Guy Brown - WLB","#29 Marcus Neal - CB","#27 Charles Bevins - CB",,,,"#35 Pedro Lund - SLB","#37 Christopher Larson - FS",,,,,,,,,,,,,,,,,,,,,,,,,,,,,,,,,,,,
CAR,3:46,"SEA 17",2,3,4,"I Formation Normal PA Outside Curls","4-3 Normal Double WR2",-7,0,10,"3-4-SEA 17 (3:45) 3-Juan Payne sacked at SEA 23 for -7 yards (93-Lupe Armstrong). Sack allowed by 87-David Cartwright.","#7 Juan Payne - QB","#27 Bob Martin - RB",,,"#83 Bobby James - TE","#87 David Cartwright - RB",,"#14 Shawn Heath - WR",,"#86 Robert Pasillas - WR",,,"#59 Christopher Rodriguez - LT","#74 Shane Snyder - LG","#75 James Martin - C","#57 Peter Hernandez - LT","#79 Matt Durham - RT",,"#93 Lupe Armstrong - LDE",,"#97 Charles Johnson - RDE","#98 Clyde Chamberlain - MLB","#65 Randall Meyers - SLB","#99 Don Hamilton - DT","#55 Brian Manning - MLB",,"#52 Guy Brown - WLB","#29 Marcus Neal - CB","#27 Charles Bevins - CB",,,,"#31 Anthony Pitre - CB","#37 Christopher Larson - FS",,,,,,,,,,,,,,,,,,,,,,,,,,,,,,,,,,,,
CAR,3:04,"SEA 23",2,4,10,"Field Goal","FG Block",34,0,13,"4-10-SEA 23 (3:03) 8-Justin Plummer 40 yard field goal is GOOD. SEA 0 CAR 13",,,,,,,,,,,,,,,,,,,,,,,,,,,,,,,,,,,,"#5 Anthony Strain - QB","#75 James Martin - C",,,,,,,,,,,,,,"#8 Justin Plummer - K","#50 Ryan Salter - LT","#80 Lewis Scanlan - TE","#57 Peter Hernandez - LT","#87 David Cartwright - RB","#74 Shane Snyder - LG","#59 Christopher Rodriguez - LT","#36 Travis Barlowe - RB","#67 Edmund Martin - LG","#32 Michael Knox - SS","#31 Anthony Pitre - CB","#65 Randall Meyers - SLB","#88 Stuart Cooper - RB","#70 Jonathan Buckner - C","#93 Lupe Armstrong - LDE","#26 Fletcher Peterson - CB","#55 Brian Manning - MLB","#28 John Parker - WR","#43 Robert Smith - FB","#2 Kevin Green - QB"
CAR,2:58,"CAR 35",2,6,10,Kickoff,"Kick Return",75,0,13,"(2:59) 8-Justin Plummer kicks 75 yards from CAR 35 to SEA -10. Touchback.",,,,,,,,,,,,,,,,,,,,,,,,,,,,,,,,,,,,,,"#43 Robert Smith - FB",,"#72 Harry Diez - SLB","#65 Randall Meyers - SLB","#27 Charles Bevins - CB","#61 Joseph Allen - CB","#32 Michael Knox - SS","#31 Anthony Pitre - CB","#55 Brian Manning - MLB","#99 Don Hamilton - DT","#35 Pedro Lund - SLB","#93 Lupe Armstrong - LDE","#8 Justin Plummer - K",,,,,,,,,,,,,,,,,,,,
SEA,2:58,"SEA 25",2,1,10,"Goal Line Normal HB Off Tackle","Goal Line Attack #2",5,0,13,"1-10-SEA 25 (2:59) 28-John Parker ran to SEA 30 for 5 yards. Tackle by 56-Steven Houston.","#13 James Johnson - QB","#28 John Parker - WR",,"#43 Robert Smith - FB","#45 Douglas Richter - TE","#89 Bryant Minick - TE","#85 Anthony Crawford - TE",,,,,,"#79 Harland Chamberlain - LT","#78 James Lee - LG","#69 Scott Smith - C","#64 Ethan Mauk - RG","#68 Dallas Johnson - RT",,"#93 Ronald Kaufman - RDE","#77 Gary House - DT","#68 Dwayne Martinez - DT","#69 Scott Johnson - DT","#52 Robert Garcia - RDE","#96 Ebenezer Scrooge - MLB","#55 Ted Sechrist - MLB",,"#56 Steven Houston - WLB","#40 Evan Lehman - CB","#47 Charles Elsass - CB",,,,"#28 Richard Hodgson - SS",,,,,,,,,,,,,,,,,,,,,,,,,,,,,,,,,,,,,
SEA,2:20,"SEA 30",2,2,5,"I Formation Normal Max Protect","4-3 Under Crash Right",6,0,13,"2-5-SEA 30 (2:19) 13-James Johnson pass complete to 39-Johnny Escobedo to SEA 35 for 6 yards. Pushed out of bounds by 40-Evan Lehman. Great move by 39-Johnny Escobedo to get free of his coverage.","#13 James Johnson - QB","#39 Johnny Escobedo - WR",,,"#43 Robert Smith - FB","#89 Bryant Minick - TE",,"#80 Thomas Muller - WR",,"#88 Stuart Cooper - RB",,,"#79 Harland Chamberlain - LT","#78 James Lee - LG","#69 Scott Smith - C","#64 Ethan Mauk - RG","#68 Dallas Johnson - RT",,"#93 Ronald Kaufman - RDE",,"#68 Dwayne Martinez - DT","#69 Scott Johnson - DT","#52 Robert Garcia - RDE","#96 Ebenezer Scrooge - MLB","#55 Ted Sechrist - MLB",,"#56 Steven Houston - WLB","#40 Evan Lehman - CB","#47 Charles Elsass - CB",,,,"#28 Richard Hodgson - SS","#38 Joseph Stanford - FS",,,,,,,,,,,,,,,,,,,,,,,,,,,,,,,,,,,,
,2:00,,2,1,10,,,,0,13,"Timeout for two minute warning.",,,,,,,,,,,,,,,,,,,,,,,,,,,,,,,,,,,,,,,,,,,,,,,,,,,,,,,,,,,,,,,,,,,,,,
SEA,2:00,"SEA 35",2,1,10,"I Formation Power PA Flats","Goal Line Attack #2",,0,13,"1-10-SEA 35 (2:00) 13-James Johnson pass Pass knocked down by 47-Charles Elsass. incomplete, intended for 89-Bryant Minick.","#13 James Johnson - QB","#28 John Parker - WR",,"#45 Douglas Richter - TE","#43 Robert Smith - FB","#89 Bryant Minick - TE",,"#10 Emanuel Haywood - WR",,,,,"#79 Harland Chamberlain - LT","#78 James Lee - LG","#69 Scott Smith - C","#64 Ethan Mauk - RG","#68 Dallas Johnson - RT",,"#93 Ronald Kaufman - RDE","#77 Gary House - DT","#68 Dwayne Martinez - DT","#69 Scott Johnson - DT","#52 Robert Garcia - RDE","#96 Ebenezer Scrooge - MLB","#55 Ted Sechrist - MLB",,"#56 Steven Houston - WLB","#40 Evan Lehman - CB","#47 Charles Elsass - CB",,,,"#28 Richard Hodgson - SS",,,,,,,,,,,,,,,,,,,,,,,,,,,,,,,,,,,,,
SEA,1:56,"SEA 35",2,2,10,"Shotgun 2 RB 3 WR FB In","Nickel Normal 2 Deep",9,0,13,"2-10-SEA 35 (1:57) 13-James Johnson pass complete to 43-Robert Smith to SEA 44 for 9 yards. Tackle by 55-Ted Sechrist.","#13 James Johnson - QB","#43 Robert Smith - FB","#45 Douglas Richter - TE",,,,,"#80 Thomas Muller - WR","#39 Johnny Escobedo - WR","#88 Stuart Cooper - RB",,,"#79 Harland Chamberlain - LT","#78 James Lee - LG","#69 Scott Smith - C","#64 Ethan Mauk - RG","#68 Dallas Johnson - RT",,"#93 Ronald Kaufman - RDE",,"#68 Dwayne Martinez - DT","#69 Scott Johnson - DT","#52 Robert Garcia - RDE",,"#55 Ted Sechrist - MLB",,"#56 Steven Houston - WLB","#40 Evan Lehman - CB","#47 Charles Elsass - CB",,"#23 Kevin Gonzalez - CB",,"#28 Richard Hodgson - SS","#38 Joseph Stanford - FS",,,,,,,,,,,,,,,,,,,,,,,,,,,,,,,,,,,,
,1:54,,2,3,1,,,,0,13,"Timeout SEA",,,,,,,,,,,,,,,,,,,,,,,,,,,,,,,,,,,,,,,,,,,,,,,,,,,,,,,,,,,,,,,,,,,,,,
SEA,1:52,"SEA 44",2,3,1,"I Formation Power PA Flats","Goal Line 3 Deep Man",,0,13,"3-1-SEA 44 (1:53) 13-James Johnson pass Pass knocked down by 47-Charles Elsass. incomplete, intended for 89-Bryant Minick.","#13 James Johnson - QB","#28 John Parker - WR",,"#43 Robert Smith - FB","#45 Douglas Richter - TE","#89 Bryant Minick - TE",,"#10 Emanuel Haywood - WR",,,,,"#79 Harland Chamberlain - LT","#78 James Lee - LG","#69 Scott Smith - C","#64 Ethan Mauk - RG","#68 Dallas Johnson - RT",,"#93 Ronald Kaufman - RDE","#77 Gary House - DT","#68 Dwayne Martinez - DT","#69 Scott Johnson - DT","#52 Robert Garcia - RDE","#96 Ebenezer Scrooge - MLB","#55 Ted Sechrist - MLB",,"#56 Steven Houston - WLB","#40 Evan Lehman - CB","#47 Charles Elsass - CB",,,,"#28 Richard Hodgson - SS",,,,,,,,,,,,,,,,,,,,,,,,,,,,,,,,,,,,,
SEA,1:48,"SEA 44",2,4,1,Punt,"Punt Return",51,0,13,"4-1-SEA 44 (1:49) 6-Ricky Carter punts 51 yards to CAR 5.",,,,,,,,,,,,,,,,,,"#6 Ricky Carter - P",,,,,,,,,,,,,,,,,,,"#73 Carl Moore - RG",,"#36 Travis Barlowe - RB",,,"#28 Richard Hodgson - SS","#98 George Gragg - CB","#56 Steven Houston - WLB",,"#40 Evan Lehman - CB","#96 Ebenezer Scrooge - MLB",,"#54 Mark Brown - MLB",,,,"#64 Ethan Mauk - RG","#67 Brian Sultan - LT","#88 Stuart Cooper - RB","#78 James Lee - LG","#60 Ryan Butler - LG","#39 Johnny Escobedo - WR",,"#68 Dwayne Martinez - DT","#93 Ronald Kaufman - RDE","#55 Ted Sechrist - MLB","#38 Joseph Stanford - FS",,,,,,,
CAR,1:38,"CAR 5",2,1,10,"I Formation Power HB Strong Outside","4-3 Normal SLB Middle Blitz",2,0,13,"1-10-CAR 5 (1:39) 27-Bob Martin ran to CAR 7 for 2 yards. Tackle by 52-Guy Brown.","#7 Juan Payne - QB","#27 Bob Martin - RB",,"#80 Lewis Scanlan - TE","#83 Bobby James - TE","#87 David Cartwright - RB",,"#14 Shawn Heath - WR",,,,,"#59 Christopher Rodriguez - LT","#74 Shane Snyder - LG","#75 James Martin - C","#57 Peter Hernandez - LT","#79 Matt Durham - RT",,"#93 Lupe Armstrong - LDE",,"#97 Charles Johnson - RDE","#98 Clyde Chamberlain - MLB","#65 Randall Meyers - SLB","#99 Don Hamilton - DT","#61 Joseph Allen - CB",,"#52 Guy Brown - WLB","#29 Marcus Neal - CB","#25 Robert Brooking - CB",,,,"#31 Anthony Pitre - CB","#37 Christopher Larson - FS",,,,,,,,,,,,,,,,,,,,,,,,,,,,,,,,,,,,
CAR,0:59,"CAR 7",2,2,8,"Goal Line Normal HB Toss Strong","4-3 Under Crash Right",,0,13,"2-8-CAR 7 (0:58) 31-Raymond Lecompte ran to CAR 7 for a short gain. Tackle by 97-Charles Johnson.","#7 Juan Payne - QB","#31 Raymond Lecompte - RB",,"#36 Travis Barlowe - RB","#83 Bobby James - TE","#87 David Cartwright - RB","#80 Lewis Scanlan - TE",,,,,,"#59 Christopher Rodriguez - LT","#74 Shane Snyder - LG","#75 James Martin - C","#57 Peter Hernandez - LT","#79 Matt Durham - RT",,"#93 Lupe Armstrong - LDE",,"#98 Clyde Chamberlain - MLB","#63 Kenny Ortiz - RDE","#65 Randall Meyers - SLB","#99 Don Hamilton - DT","#97 Charles Johnson - RDE",,"#52 Guy Brown - WLB","#29 Marcus Neal - CB","#25 Robert Brooking - CB",,,,"#31 Anthony Pitre - CB","#37 Christopher Larson - FS",,,,,,,,,,,,,,,,,,,,,,,,,,,,,,,,,,,,
CAR,0:17,"CAR 7",2,3,8,"I Formation Power HB Strong Outside","4-3 Normal Man Under 1",1,0,13,"3-8-CAR 7 (0:16) 31-Raymond Lecompte ran to CAR 8 for 1 yards. Tackle by 65-Randall Meyers.","#7 Juan Payne - QB","#31 Raymond Lecompte - RB",,"#80 Lewis Scanlan - TE","#83 Bobby James - TE","#87 David Cartwright - RB",,"#14 Shawn Heath - WR",,,,,"#59 Christopher Rodriguez - LT","#74 Shane Snyder - LG","#75 James Martin - C","#57 Peter Hernandez - LT","#79 Matt Durham - RT",,"#93 Lupe Armstrong - LDE",,"#97 Charles Johnson - RDE","#98 Clyde Chamberlain - MLB","#65 Randall Meyers - SLB","#99 Don Hamilton - DT","#61 Joseph Allen - CB",,"#52 Guy Brown - WLB","#29 Marcus Neal - CB","#25 Robert Brooking - CB",,,,"#31 Anthony Pitre - CB","#37 Christopher Larson - FS",,,,,,,,,,,,,,,,,,,,,,,,,,,,,,,,,,,,
,0:00,,2,4,7,,,,0,13,"End of half.",,,,,,,,,,,,,,,,,,,,,,,,,,,,,,,,,,,,,,,,,,,,,,,,,,,,,,,,,,,,,,,,,,,,,,
SEA,15:00,"SEA 35",3,6,10,Kickoff,"Kick Return",,0,19,"(15:00) 7-Ronald Grundy kicks 64 yards from SEA 35 to CAR 1. 36-Travis Barlowe for 99yards. TOUCHDOWN! CAR 54-Mark Brown was injured on the play. He looks like he should be able to return. SEA 0 CAR 19",,,,,,,,,,,,,,,,,,,,,,,,,,,,,,,,,,,,,,"#36 Travis Barlowe - RB",,"#23 Kevin Gonzalez - CB","#54 Mark Brown - MLB","#28 Richard Hodgson - SS","#93 Ronald Kaufman - RDE","#56 Steven Houston - WLB","#38 Joseph Stanford - FS","#40 Evan Lehman - CB","#96 Ebenezer Scrooge - MLB","#98 George Gragg - CB","#55 Ted Sechrist - MLB","#7 Ronald Grundy - K",,,,,,,,,,,,,,,,,,,,
CAR,14:45,"SEA 15",3,7,15,"Field Goal","FG Block",25,0,20,"(14:46) Extra point GOOD by 8-Justin Plummer. SEA 0 CAR 20",,,,,,,,,,,,,,,,,,,,,,,,,,,,,,,,,,,,"#5 Anthony Strain - QB","#75 James Martin - C",,,,,,,,,,,,,,"#8 Justin Plummer - K","#36 Travis Barlowe - RB","#80 Lewis Scanlan - TE","#57 Peter Hernandez - LT","#87 David Cartwright - RB","#74 Shane Snyder - LG","#59 Christopher Rodriguez - LT","#67 Edmund Martin - LG","#50 Ryan Salter - LT","#2 Kevin Green - QB","#88 Stuart Cooper - RB","#28 John Parker - WR","#43 Robert Smith - FB","#70 Jonathan Buckner - C","#93 Lupe Armstrong - LDE","#65 Randall Meyers - SLB","#32 Michael Knox - SS","#26 Fletcher Peterson - CB","#31 Anthony Pitre - CB","#55 Brian Manning - MLB"
CAR,14:45,"CAR 35",3,6,10,Kickoff,"Kick Return",,0,20,"(14:46) 8-Justin Plummer kicks 75 yards from CAR 35 to SEA -10. Touchback.",,,,,,,,,,,,,,,,,,,,,,,,,,,,,,,,,,,,,,"#43 Robert Smith - FB",,"#93 Lupe Armstrong - LDE","#55 Brian Manning - MLB","#32 Michael Knox - SS","#72 Harry Diez - SLB","#61 Joseph Allen - CB","#31 Anthony Pitre - CB","#27 Charles Bevins - CB","#99 Don Hamilton - DT","#65 Randall Meyers - SLB","#35 Pedro Lund - SLB","#8 Justin Plummer - K",,,,,,,,,,,,,,,,,,,,
SEA,14:45,"SEA 25",3,1,10,"I Formation Normal FL Hook","4-3 Under Double Safety Blitz",,0,20,"1-10-SEA 25 (14:46) 13-James Johnson pass incomplete, dropped by 87-Stuart Cooper. PENALTY - Pass Interference (CAR 47-Charles Elsass)","#13 James Johnson - QB","#28 John Parker - WR",,,"#45 Douglas Richter - TE","#89 Bryant Minick - TE",,"#80 Thomas Muller - WR",,"#88 Stuart Cooper - RB",,,"#79 Harland Chamberlain - LT","#78 James Lee - LG","#69 Scott Smith - C","#64 Ethan Mauk - RG","#68 Dallas Johnson - RT",,"#93 Ronald Kaufman - RDE",,"#68 Dwayne Martinez - DT","#69 Scott Johnson - DT","#52 Robert Garcia - RDE","#96 Ebenezer Scrooge - MLB","#55 Ted Sechrist - MLB",,"#56 Steven Houston - WLB","#40 Evan Lehman - CB","#47 Charles Elsass - CB",,,,"#28 Richard Hodgson - SS","#38 Joseph Stanford - FS",,,,,,,,,,,,,,,,,,,,,,,,,,,,,,,,,,,,
SEA,14:41,"SEA 35",3,1,10,"Weak I Normal Skinny Posts","4-3 Under Crash Right",2,0,20,"1-10-SEA 35 (14:42) 13-James Johnson pass complete to 43-Robert Smith to SEA 36 for 2 yards. Tackle by 96-Ebenezer Scrooge. 47-Charles Elsass got away with a hold on that play.","#13 James Johnson - QB","#43 Robert Smith - FB",,,"#45 Douglas Richter - TE","#89 Bryant Minick - TE",,"#10 Emanuel Haywood - WR",,"#39 Johnny Escobedo - WR",,,"#79 Harland Chamberlain - LT","#78 James Lee - LG","#69 Scott Smith - C","#64 Ethan Mauk - RG","#68 Dallas Johnson - RT",,"#93 Ronald Kaufman - RDE",,"#68 Dwayne Martinez - DT","#69 Scott Johnson - DT","#52 Robert Garcia - RDE","#96 Ebenezer Scrooge - MLB","#55 Ted Sechrist - MLB",,"#56 Steven Houston - WLB","#40 Evan Lehman - CB","#47 Charles Elsass - CB",,,,"#28 Richard Hodgson - SS","#38 Joseph Stanford - FS",,,,,,,,,,,,,,,,,,,,,,,,,,,,,,,,,,,,
SEA,14:04,"SEA 36",3,2,8,"Singleback Big HB Inside Strong","4-3 Under Crash Right",1,0,20,"2-8-SEA 36 (14:03) 45-Douglas Richter ran to SEA 37 for 1 yards. Tackle by 68-Dwayne Martinez. CAR 56-Steven Houston was injured on the play. He looks like he should be able to return.","#13 James Johnson - QB","#45 Douglas Richter - TE",,,,"#89 Bryant Minick - TE","#85 Anthony Crawford - TE","#80 Thomas Muller - WR",,"#88 Stuart Cooper - RB",,,"#79 Harland Chamberlain - LT","#78 James Lee - LG","#69 Scott Smith - C","#64 Ethan Mauk - RG","#68 Dallas Johnson - RT",,"#93 Ronald Kaufman - RDE",,"#68 Dwayne Martinez - DT","#69 Scott Johnson - DT","#52 Robert Garcia - RDE","#51 Lamar Pratt - MLB","#55 Ted Sechrist - MLB",,"#56 Steven Houston - WLB","#40 Evan Lehman - CB","#47 Charles Elsass - CB",,,,"#28 Richard Hodgson - SS","#38 Joseph Stanford - FS",,,,,,,,,,,,,,,,,,,,,,,,,,,,,,,,,,,,
SEA,13:23,"SEA 37",3,3,8,"Strong I Normal FB Trap Weak","4-3 Under 2 Deep Flat Outside",2,0,20,"3-8-SEA 37 (13:22) 43-Robert Smith ran to SEA 39 for 2 yards. Tackle by 55-Ted Sechrist.","#13 James Johnson - QB","#28 John Parker - WR",,,"#43 Robert Smith - FB","#89 Bryant Minick - TE",,"#80 Thomas Muller - WR",,"#88 Stuart Cooper - RB",,,"#79 Harland Chamberlain - LT","#78 James Lee - LG","#69 Scott Smith - C","#64 Ethan Mauk - RG","#68 Dallas Johnson - RT",,"#93 Ronald Kaufman - RDE",,"#68 Dwayne Martinez - DT","#69 Scott Johnson - DT","#52 Robert Garcia - RDE","#96 Ebenezer Scrooge - MLB","#51 Lamar Pratt - MLB",,"#55 Ted Sechrist - MLB","#40 Evan Lehman - CB","#47 Charles Elsass - CB",,,,"#28 Richard Hodgson - SS","#38 Joseph Stanford - FS",,,,,,,,,,,,,,,,,,,,,,,,,,,,,,,,,,,,
SEA,12:38,"SEA 39",3,4,6,Punt,"Punt Return",,0,20,"4-6-SEA 39 (12:37) 6-Ricky Carter punts 45 yards to CAR 16. 36-Travis Barlowe to CAR 16 for 0 yards. Tackle by 87-Stuart Cooper.",,,,,,,,,,,,,,,,,,"#6 Ricky Carter - P",,,,,,,,,,,,,,,,,,,"#73 Carl Moore - RG",,"#36 Travis Barlowe - RB",,,"#40 Evan Lehman - CB","#74 Shane Snyder - LG","#28 Richard Hodgson - SS",,"#96 Ebenezer Scrooge - MLB","#98 George Gragg - CB",,"#23 Kevin Gonzalez - CB",,,,"#64 Ethan Mauk - RG","#67 Brian Sultan - LT","#88 Stuart Cooper - RB","#78 James Lee - LG","#60 Ryan Butler - LG","#39 Johnny Escobedo - WR",,"#68 Dwayne Martinez - DT","#93 Ronald Kaufman - RDE","#55 Ted Sechrist - MLB","#38 Joseph Stanford - FS",,,,,,,
CAR,12:28,"CAR 16",3,1,10,"I Formation Normal FL Hook","4-3 Normal Double WR2",5,0,20,"1-10-CAR 16 (12:29) 3-Juan Payne pass complete to 86-Robert Pasillas to CAR 21 for 5 yards. Tackle by 37-Christopher Larson.","#7 Juan Payne - QB","#31 Raymond Lecompte - RB",,,"#83 Bobby James - TE","#87 David Cartwright - RB",,"#14 Shawn Heath - WR",,"#86 Robert Pasillas - WR",,,"#59 Christopher Rodriguez - LT","#74 Shane Snyder - LG","#75 James Martin - C","#57 Peter Hernandez - LT","#79 Matt Durham - RT",,"#93 Lupe Armstrong - LDE",,"#97 Charles Johnson - RDE","#98 Clyde Chamberlain - MLB","#65 Randall Meyers - SLB","#99 Don Hamilton - DT","#61 Joseph Allen - CB",,"#52 Guy Brown - WLB","#29 Marcus Neal - CB","#25 Robert Brooking - CB",,,,"#31 Anthony Pitre - CB","#37 Christopher Larson - FS",,,,,,,,,,,,,,,,,,,,,,,,,,,,,,,,,,,,
CAR,11:49,"CAR 21",3,2,5,"Goal Line Normal HB Weak","4-3 Normal Man QB Spy",3,0,20,"2-5-CAR 21 (11:48) 31-Raymond Lecompte ran to CAR 24 for 3 yards. Tackle by 52-Guy Brown.","#7 Juan Payne - QB","#31 Raymond Lecompte - RB",,"#36 Travis Barlowe - RB","#83 Bobby James - TE","#87 David Cartwright - RB","#80 Lewis Scanlan - TE",,,,,,"#59 Christopher Rodriguez - LT","#74 Shane Snyder - LG","#75 James Martin - C","#57 Peter Hernandez - LT","#79 Matt Durham - RT",,"#93 Lupe Armstrong - LDE",,"#97 Charles Johnson - RDE","#98 Clyde Chamberlain - MLB","#65 Randall Meyers - SLB","#99 Don Hamilton - DT","#55 Brian Manning - MLB",,"#52 Guy Brown - WLB","#29 Marcus Neal - CB","#27 Charles Bevins - CB",,,,"#31 Anthony Pitre - CB","#37 Christopher Larson - FS",,,,,,,,,,,,,,,,,,,,,,,,,,,,,,,,,,,,
CAR,11:11,"CAR 24",3,3,2,"Goal Line Normal HB Outside Strong","4-3 Under Crash Right",11,0,20,"3-2-CAR 24 (11:10) 27-Bob Martin ran to CAR 35 for 11 yards. Tackle by 27-Charles Bevins.","#7 Juan Payne - QB","#27 Bob Martin - RB",,"#36 Travis Barlowe - RB","#83 Bobby James - TE","#87 David Cartwright - RB","#80 Lewis Scanlan - TE",,,,,,"#59 Christopher Rodriguez - LT","#74 Shane Snyder - LG","#75 James Martin - C","#57 Peter Hernandez - LT","#79 Matt Durham - RT",,"#93 Lupe Armstrong - LDE",,"#97 Charles Johnson - RDE","#98 Clyde Chamberlain - MLB","#65 Randall Meyers - SLB","#99 Don Hamilton - DT","#55 Brian Manning - MLB",,"#52 Guy Brown - WLB","#29 Marcus Neal - CB","#27 Charles Bevins - CB",,,,"#31 Anthony Pitre - CB","#37 Christopher Larson - FS",,,,,,,,,,,,,,,,,,,,,,,,,,,,,,,,,,,,
CAR,10:37,"CAR 35",3,1,10,"I Formation Power HB Sweep Weak","4-3 Normal Double WR3",3,0,20,"1-10-CAR 35 (10:36) 31-Raymond Lecompte ran to CAR 38 for 3 yards. Tackle by 52-Guy Brown.","#7 Juan Payne - QB","#31 Raymond Lecompte - RB",,"#80 Lewis Scanlan - TE","#83 Bobby James - TE","#87 David Cartwright - RB",,"#14 Shawn Heath - WR",,,,,"#59 Christopher Rodriguez - LT","#74 Shane Snyder - LG","#75 James Martin - C","#57 Peter Hernandez - LT","#79 Matt Durham - RT",,"#93 Lupe Armstrong - LDE",,"#97 Charles Johnson - RDE","#98 Clyde Chamberlain - MLB","#65 Randall Meyers - SLB","#99 Don Hamilton - DT","#55 Brian Manning - MLB",,"#52 Guy Brown - WLB","#29 Marcus Neal - CB","#27 Charles Bevins - CB",,,,"#31 Anthony Pitre - CB","#37 Christopher Larson - FS",,,,,,,,,,,,,,,,,,,,,,,,,,,,,,,,,,,,
CAR,10:01,"CAR 38",3,2,7,"Shotgun 2 RB 3 WR RB Curls","Nickel Blitz Stunt Blitz",12,0,20,"2-7-CAR 38 (10:00) 3-Juan Payne pass complete to 14-Shawn Heath to SEA 50 for 12 yards. Tackle by 29-Marcus Neal.","#7 Juan Payne - QB","#27 Bob Martin - RB","#87 David Cartwright - RB",,,,,"#14 Shawn Heath - WR","#85 Francis Justice - WR","#86 Robert Pasillas - WR",,,"#59 Christopher Rodriguez - LT","#74 Shane Snyder - LG","#75 James Martin - C","#57 Peter Hernandez - LT","#79 Matt Durham - RT",,"#93 Lupe Armstrong - LDE",,"#97 Charles Johnson - RDE","#98 Clyde Chamberlain - MLB","#65 Randall Meyers - SLB",,"#55 Brian Manning - MLB",,"#52 Guy Brown - WLB","#29 Marcus Neal - CB","#27 Charles Bevins - CB",,"#25 Robert Brooking - CB",,"#31 Anthony Pitre - CB","#37 Christopher Larson - FS",,,,,,,,,,,,,,,,,,,,,,,,,,,,,,,,,,,,
CAR,9:15,"SEA 50",3,1,10,"Weak I Normal Skinny Posts","4-3 Normal Man Under 1",9,0,20,"1-10-SEA 50 (9:14) 3-Juan Payne pass complete to 86-Robert Pasillas to SEA 41 for 9 yards. Tackle by 27-Charles Bevins.","#7 Juan Payne - QB","#31 Raymond Lecompte - RB",,,"#83 Bobby James - TE","#87 David Cartwright - RB",,"#14 Shawn Heath - WR",,"#86 Robert Pasillas - WR",,,"#59 Christopher Rodriguez - LT","#74 Shane Snyder - LG","#75 James Martin - C","#57 Peter Hernandez - LT","#79 Matt Durham - RT",,"#93 Lupe Armstrong - LDE",,"#97 Charles Johnson - RDE","#98 Clyde Chamberlain - MLB","#65 Randall Meyers - SLB","#99 Don Hamilton - DT","#55 Brian Manning - MLB",,"#52 Guy Brown - WLB","#29 Marcus Neal - CB","#27 Charles Bevins - CB",,,,"#35 Pedro Lund - SLB","#37 Christopher Larson - FS",,,,,,,,,,,,,,,,,,,,,,,,,,,,,,,,,,,,
CAR,8:40,"SEA 41",3,2,1,"Goal Line Normal HB Outside Strong","4-3 Normal SLB Outside Blitz",2,0,20,"2-1-SEA 41 (8:39) 31-Raymond Lecompte ran to SEA 39 for 2 yards. Tackle by 52-Guy Brown. PENALTY - Facemask (SEA 52-Guy Brown)","#7 Juan Payne - QB","#31 Raymond Lecompte - RB",,"#36 Travis Barlowe - RB","#83 Bobby James - TE","#87 David Cartwright - RB","#80 Lewis Scanlan - TE",,,,,,"#59 Christopher Rodriguez - LT","#74 Shane Snyder - LG","#75 James Martin - C","#57 Peter Hernandez - LT","#79 Matt Durham - RT",,"#93 Lupe Armstrong - LDE",,"#97 Charles Johnson - RDE","#98 Clyde Chamberlain - MLB","#65 Randall Meyers - SLB","#99 Don Hamilton - DT","#55 Brian Manning - MLB",,"#52 Guy Brown - WLB","#29 Marcus Neal - CB","#27 Charles Bevins - CB",,,,"#31 Anthony Pitre - CB","#37 Christopher Larson - FS",,,,,,,,,,,,,,,,,,,,,,,,,,,,,,,,,,,,
CAR,8:36,"SEA 24",3,1,10,"Weak I Normal Skinny Posts","4-3 Normal Double Safety Blitz",,0,20,"1-10-SEA 24 (8:37) 3-Juan Payne pass incomplete, intended for 87-David Cartwright. 52-Guy Brown got away with a hold on that play.","#7 Juan Payne - QB","#27 Bob Martin - RB",,,"#83 Bobby James - TE","#87 David Cartwright - RB",,"#14 Shawn Heath - WR",,"#86 Robert Pasillas - WR",,,"#59 Christopher Rodriguez - LT","#74 Shane Snyder - LG","#75 James Martin - C","#57 Peter Hernandez - LT","#79 Matt Durham - RT",,"#93 Lupe Armstrong - LDE",,"#97 Charles Johnson - RDE","#98 Clyde Chamberlain - MLB","#65 Randall Meyers - SLB","#99 Don Hamilton - DT","#55 Brian Manning - MLB",,"#52 Guy Brown - WLB","#29 Marcus Neal - CB","#27 Charles Bevins - CB",,,,"#31 Anthony Pitre - CB","#37 Christopher Larson - FS",,,,,,,,,,,,,,,,,,,,,,,,,,,,,,,,,,,,
CAR,8:34,"SEA 24",3,2,10,"I Formation Power HB Sweep Weak","4-3 Normal Double WR3",2,0,20,"2-10-SEA 24 (8:35) 31-Raymond Lecompte ran to SEA 22 for 2 yards. Tackle by 55-Brian Manning.","#7 Juan Payne - QB","#31 Raymond Lecompte - RB",,"#80 Lewis Scanlan - TE","#83 Bobby James - TE","#87 David Cartwright - RB",,"#14 Shawn Heath - WR",,,,,"#59 Christopher Rodriguez - LT","#74 Shane Snyder - LG","#75 James Martin - C","#57 Peter Hernandez - LT","#79 Matt Durham - RT",,"#93 Lupe Armstrong - LDE",,"#97 Charles Johnson - RDE","#98 Clyde Chamberlain - MLB","#65 Randall Meyers - SLB","#99 Don Hamilton - DT","#55 Brian Manning - MLB",,"#52 Guy Brown - WLB","#29 Marcus Neal - CB","#27 Charles Bevins - CB",,,,"#31 Anthony Pitre - CB","#37 Christopher Larson - FS",,,,,,,,,,,,,,,,,,,,,,,,,,,,,,,,,,,,
CAR,8:01,"SEA 22",3,3,8,"Shotgun Normal HB Flare","Nickel Blitz Stunt Blitz",,0,20,"3-8-SEA 22 (8:00) PENALTY - False Start (CAR 79-Matt Durham)","#7 Juan Payne - QB","#27 Bob Martin - RB",,,,"#87 David Cartwright - RB",,"#14 Shawn Heath - WR","#85 Francis Justice - WR","#86 Robert Pasillas - WR",,,"#59 Christopher Rodriguez - LT","#74 Shane Snyder - LG","#75 James Martin - C","#57 Peter Hernandez - LT","#79 Matt Durham - RT",,"#93 Lupe Armstrong - LDE",,"#97 Charles Johnson - RDE","#98 Clyde Chamberlain - MLB","#65 Randall Meyers - SLB",,"#55 Brian Manning - MLB",,"#52 Guy Brown - WLB","#29 Marcus Neal - CB","#27 Charles Bevins - CB",,"#25 Robert Brooking - CB",,"#31 Anthony Pitre - CB","#37 Christopher Larson - FS",,,,,,,,,,,,,,,,,,,,,,,,,,,,,,,,,,,,
CAR,7:59,"SEA 27",3,3,13,"Goal Line Normal HB Pitch Weak","4-3 Normal Double Safety Blitz",1,0,20,"3-13-SEA 27 (8:00) 31-Raymond Lecompte ran to SEA 27 for 1 yards. Tackle by 37-Christopher Larson.","#7 Juan Payne - QB","#31 Raymond Lecompte - RB",,"#36 Travis Barlowe - RB","#83 Bobby James - TE","#87 David Cartwright - RB","#80 Lewis Scanlan - TE",,,,,,"#59 Christopher Rodriguez - LT","#74 Shane Snyder - LG","#75 James Martin - C","#57 Peter Hernandez - LT","#79 Matt Durham - RT",,"#93 Lupe Armstrong - LDE",,"#97 Charles Johnson - RDE","#98 Clyde Chamberlain - MLB","#65 Randall Meyers - SLB","#99 Don Hamilton - DT","#55 Brian Manning - MLB",,"#52 Guy Brown - WLB","#29 Marcus Neal - CB","#27 Charles Bevins - CB",,,,"#31 Anthony Pitre - CB","#37 Christopher Larson - FS",,,,,,,,,,,,,,,,,,,,,,,,,,,,,,,,,,,,
CAR,7:19,"SEA 27",3,4,13,"Field Goal","FG Block",37,0,20,"4-13-SEA 27 (7:18) 8-Justin Plummer 44 yard field goal is NO GOOD. (Wide Right)",,,,,,,,,,,,,,,,,,,,,,,,,,,,,,,,,,,,"#5 Anthony Strain - QB","#75 James Martin - C",,,,,,,,,,,,,,"#8 Justin Plummer - K","#50 Ryan Salter - LT","#80 Lewis Scanlan - TE","#57 Peter Hernandez - LT","#87 David Cartwright - RB","#74 Shane Snyder - LG","#59 Christopher Rodriguez - LT","#36 Travis Barlowe - RB","#67 Edmund Martin - LG","#32 Michael Knox - SS","#31 Anthony Pitre - CB","#65 Randall Meyers - SLB","#88 Stuart Cooper - RB","#70 Jonathan Buckner - C","#93 Lupe Armstrong - LDE","#26 Fletcher Peterson - CB","#55 Brian Manning - MLB","#28 John Parker - WR","#43 Robert Smith - FB","#2 Kevin Green - QB"
SEA,7:14,"SEA 34",3,1,10,"Goal Line Normal PA TE Drag","Goal Line 3 Deep Man",4,0,20,"1-10-SEA 34 (7:15) 13-James Johnson pass complete to 89-Bryant Minick to SEA 38 for 4 yards. Tackle by 47-Charles Elsass.","#13 James Johnson - QB","#39 Johnny Escobedo - WR",,"#45 Douglas Richter - TE","#43 Robert Smith - FB","#89 Bryant Minick - TE","#85 Anthony Crawford - TE",,,,,,"#79 Harland Chamberlain - LT","#78 James Lee - LG","#69 Scott Smith - C","#64 Ethan Mauk - RG","#68 Dallas Johnson - RT",,"#93 Ronald Kaufman - RDE","#77 Gary House - DT","#68 Dwayne Martinez - DT","#69 Scott Johnson - DT","#52 Robert Garcia - RDE","#96 Ebenezer Scrooge - MLB","#55 Ted Sechrist - MLB",,"#56 Steven Houston - WLB","#40 Evan Lehman - CB","#47 Charles Elsass - CB",,,,"#28 Richard Hodgson - SS",,,,,,,,,,,,,,,,,,,,,,,,,,,,,,,,,,,,,
SEA,6:37,"SEA 38",3,2,6,"I Formation Normal HB Dive","4-3 Under Zone Blitz",11,0,20,"2-6-SEA 38 (6:36) 28-John Parker ran to SEA 49 for 11 yards. Tackle by 28-Richard Hodgson.","#13 James Johnson - QB","#28 John Parker - WR",,,"#45 Douglas Richter - TE","#89 Bryant Minick - TE",,"#80 Thomas Muller - WR",,"#88 Stuart Cooper - RB",,,"#79 Harland Chamberlain - LT","#78 James Lee - LG","#69 Scott Smith - C","#64 Ethan Mauk - RG","#68 Dallas Johnson - RT",,"#93 Ronald Kaufman - RDE",,"#68 Dwayne Martinez - DT","#69 Scott Johnson - DT","#52 Robert Garcia - RDE","#96 Ebenezer Scrooge - MLB","#55 Ted Sechrist - MLB",,"#56 Steven Houston - WLB","#40 Evan Lehman - CB","#47 Charles Elsass - CB",,,,"#28 Richard Hodgson - SS","#38 Joseph Stanford - FS",,,,,,,,,,,,,,,,,,,,,,,,,,,,,,,,,,,,
SEA,5:57,"SEA 49",3,1,10,"I Formation Power Play Action HB Downfield","Goal Line 3 Deep Man",6,0,20,"1-10-SEA 49 (5:56) 13-James Johnson pass complete to 89-Bryant Minick to CAR 45 for 6 yards. Tackle by 96-Ebenezer Scrooge.","#13 James Johnson - QB","#39 Johnny Escobedo - WR",,"#45 Douglas Richter - TE","#43 Robert Smith - FB","#89 Bryant Minick - TE",,"#88 Stuart Cooper - RB",,,,,"#79 Harland Chamberlain - LT","#78 James Lee - LG","#69 Scott Smith - C","#64 Ethan Mauk - RG","#68 Dallas Johnson - RT",,"#93 Ronald Kaufman - RDE","#77 Gary House - DT","#68 Dwayne Martinez - DT","#69 Scott Johnson - DT","#52 Robert Garcia - RDE","#96 Ebenezer Scrooge - MLB","#55 Ted Sechrist - MLB",,"#56 Steven Houston - WLB","#40 Evan Lehman - CB","#47 Charles Elsass - CB",,,,"#28 Richard Hodgson - SS",,,,,,,,,,,,,,,,,,,,,,,,,,,,,,,,,,,,,
SEA,5:18,"CAR 45",3,2,4,"Weak I Normal Skinny Posts","4-3 Under Zone Blitz",5,0,20,"2-4-CAR 45 (5:17) 13-James Johnson pass complete to 89-Bryant Minick to CAR 40 for 5 yards. Tackle by 68-Dwayne Martinez.","#13 James Johnson - QB","#43 Robert Smith - FB",,,"#45 Douglas Richter - TE","#89 Bryant Minick - TE",,"#80 Thomas Muller - WR",,"#10 Emanuel Haywood - WR",,,"#79 Harland Chamberlain - LT","#78 James Lee - LG","#69 Scott Smith - C","#64 Ethan Mauk - RG","#68 Dallas Johnson - RT",,"#93 Ronald Kaufman - RDE",,"#68 Dwayne Martinez - DT","#69 Scott Johnson - DT","#52 Robert Garcia - RDE","#96 Ebenezer Scrooge - MLB","#55 Ted Sechrist - MLB",,"#56 Steven Houston - WLB","#40 Evan Lehman - CB","#47 Charles Elsass - CB",,,,"#28 Richard Hodgson - SS","#38 Joseph Stanford - FS",,,,,,,,,,,,,,,,,,,,,,,,,,,,,,,,,,,,
SEA,4:38,"CAR 40",3,1,10,"Shotgun 2 RB 3 WR Shotgun Sweep","Nickel Normal Man Cover 2",11,0,20,"1-10-CAR 40 (4:37) 39-Johnny Escobedo ran to CAR 29 for 11 yards. Tackle by 28-Richard Hodgson.","#13 James Johnson - QB","#28 John Parker - WR","#39 Johnny Escobedo - WR",,,,,"#80 Thomas Muller - WR","#10 Emanuel Haywood - WR","#88 Stuart Cooper - RB",,,"#79 Harland Chamberlain - LT","#78 James Lee - LG","#69 Scott Smith - C","#64 Ethan Mauk - RG","#68 Dallas Johnson - RT",,"#93 Ronald Kaufman - RDE",,"#68 Dwayne Martinez - DT","#69 Scott Johnson - DT","#52 Robert Garcia - RDE",,"#55 Ted Sechrist - MLB",,"#56 Steven Houston - WLB","#40 Evan Lehman - CB","#47 Charles Elsass - CB",,"#23 Kevin Gonzalez - CB",,"#28 Richard Hodgson - SS","#38 Joseph Stanford - FS",,,,,,,,,,,,,,,,,,,,,,,,,,,,,,,,,,,,
SEA,3:57,"CAR 29",3,1,10,"I Formation Power PA Flats","Goal Line 3 Deep Man",6,0,20,"1-10-CAR 29 (3:56) 13-James Johnson pass complete to 89-Bryant Minick to CAR 23 for 6 yards. Tackle by 96-Ebenezer Scrooge.","#13 James Johnson - QB","#43 Robert Smith - FB",,"#64 Ethan Mauk - RG","#45 Douglas Richter - TE","#89 Bryant Minick - TE",,"#80 Thomas Muller - WR",,,,,"#79 Harland Chamberlain - LT","#78 James Lee - LG","#69 Scott Smith - C","#77 Jason Lopez - RG","#68 Dallas Johnson - RT",,"#93 Ronald Kaufman - RDE","#77 Gary House - DT","#68 Dwayne Martinez - DT","#69 Scott Johnson - DT","#52 Robert Garcia - RDE","#96 Ebenezer Scrooge - MLB","#55 Ted Sechrist - MLB",,"#56 Steven Houston - WLB","#40 Evan Lehman - CB","#47 Charles Elsass - CB",,,,"#28 Richard Hodgson - SS",,,,,,,,,,,,,,,,,,,,,,,,,,,,,,,,,,,,,
SEA,3:17,"CAR 23",3,2,4,"Singleback Big HB Inside Strong","4-3 Under Double Safety Blitz",2,0,20,"2-4-CAR 23 (3:16) 45-Douglas Richter ran to CAR 21 for 2 yards. Tackle by 28-Richard Hodgson.","#13 James Johnson - QB","#45 Douglas Richter - TE",,,,"#89 Bryant Minick - TE","#85 Anthony Crawford - TE","#28 John Parker - WR",,"#10 Emanuel Haywood - WR",,,"#79 Harland Chamberlain - LT","#78 James Lee - LG","#69 Scott Smith - C","#64 Ethan Mauk - RG","#68 Dallas Johnson - RT",,"#93 Ronald Kaufman - RDE",,"#68 Dwayne Martinez - DT","#69 Scott Johnson - DT","#52 Robert Garcia - RDE","#96 Ebenezer Scrooge - MLB","#55 Ted Sechrist - MLB",,"#56 Steven Houston - WLB","#40 Evan Lehman - CB","#47 Charles Elsass - CB",,,,"#28 Richard Hodgson - SS","#38 Joseph Stanford - FS",,,,,,,,,,,,,,,,,,,,,,,,,,,,,,,,,,,,
SEA,2:43,"CAR 21",3,3,2,"I Formation Normal FL Hook","4-3 Under Double Safety Blitz",3,0,20,"3-2-CAR 21 (2:42) 13-James Johnson pass complete to 80-Thomas Muller to CAR 18 for 3 yards. Tackle by 40-Evan Lehman. Nice job by 80-Thomas Muller on that route to lose his coverage.","#13 James Johnson - QB","#43 Robert Smith - FB",,,"#45 Douglas Richter - TE","#89 Bryant Minick - TE",,"#80 Thomas Muller - WR",,"#88 Stuart Cooper - RB",,,"#79 Harland Chamberlain - LT","#78 James Lee - LG","#69 Scott Smith - C","#64 Ethan Mauk - RG","#68 Dallas Johnson - RT",,"#93 Ronald Kaufman - RDE",,"#68 Dwayne Martinez - DT","#69 Scott Johnson - DT","#52 Robert Garcia - RDE","#96 Ebenezer Scrooge - MLB","#55 Ted Sechrist - MLB",,"#56 Steven Houston - WLB","#40 Evan Lehman - CB","#47 Charles Elsass - CB",,,,"#28 Richard Hodgson - SS","#38 Joseph Stanford - FS",,,,,,,,,,,,,,,,,,,,,,,,,,,,,,,,,,,,
SEA,2:09,"CAR 18",3,1,10,"Shotgun Normal HB Flare","Nickel Normal Double WR2",,0,20,"1-10-CAR 18 (2:08) 13-James Johnson pass incomplete, dropped by 84-James King.","#13 James Johnson - QB","#28 John Parker - WR",,,,"#89 Bryant Minick - TE",,"#10 Emanuel Haywood - WR","#84 James King - WR","#39 Johnny Escobedo - WR",,,"#79 Harland Chamberlain - LT","#78 James Lee - LG","#69 Scott Smith - C","#64 Ethan Mauk - RG","#68 Dallas Johnson - RT",,"#93 Ronald Kaufman - RDE",,"#68 Dwayne Martinez - DT","#69 Scott Johnson - DT","#52 Robert Garcia - RDE",,"#55 Ted Sechrist - MLB",,"#56 Steven Houston - WLB","#40 Evan Lehman - CB","#47 Charles Elsass - CB",,"#23 Kevin Gonzalez - CB",,"#28 Richard Hodgson - SS","#38 Joseph Stanford - FS",,,,,,,,,,,,,,,,,,,,,,,,,,,,,,,,,,,,
SEA,2:04,"CAR 18",3,2,10,"I Formation Normal PA Fullback Flat","4-3 Under Double Safety Blitz",,0,20,"2-10-CAR 18 (2:05) 13-James Johnson pass incomplete, dropped by 45-Douglas Richter.","#13 James Johnson - QB","#43 Robert Smith - FB",,,"#45 Douglas Richter - TE","#89 Bryant Minick - TE",,"#80 Thomas Muller - WR",,"#88 Stuart Cooper - RB",,,"#79 Harland Chamberlain - LT","#78 James Lee - LG","#69 Scott Smith - C","#64 Ethan Mauk - RG","#68 Dallas Johnson - RT",,"#93 Ronald Kaufman - RDE",,"#68 Dwayne Martinez - DT","#69 Scott Johnson - DT","#52 Robert Garcia - RDE","#96 Ebenezer Scrooge - MLB","#55 Ted Sechrist - MLB",,"#56 Steven Houston - WLB","#40 Evan Lehman - CB","#47 Charles Elsass - CB",,,,"#28 Richard Hodgson - SS","#38 Joseph Stanford - FS",,,,,,,,,,,,,,,,,,,,,,,,,,,,,,,,,,,,
SEA,2:03,"CAR 18",3,3,10,"Shotgun Normal HB Flare","Nickel Normal Double WR1",18,6,20,"3-10-CAR 18 (2:04) 13-James Johnson pass complete to 89-Bryant Minick for 18 yards. TOUCHDOWN! SEA 6 CAR 20","#13 James Johnson - QB","#28 John Parker - WR",,,,"#89 Bryant Minick - TE",,"#80 Thomas Muller - WR","#10 Emanuel Haywood - WR","#88 Stuart Cooper - RB",,,"#79 Harland Chamberlain - LT","#78 James Lee - LG","#69 Scott Smith - C","#64 Ethan Mauk - RG","#68 Dallas Johnson - RT",,"#93 Ronald Kaufman - RDE",,"#68 Dwayne Martinez - DT","#69 Scott Johnson - DT","#52 Robert Garcia - RDE",,"#55 Ted Sechrist - MLB",,"#56 Steven Houston - WLB","#40 Evan Lehman - CB","#47 Charles Elsass - CB",,"#23 Kevin Gonzalez - CB",,"#28 Richard Hodgson - SS","#38 Joseph Stanford - FS",,,,,,,,,,,,,,,,,,,,,,,,,,,,,,,,,,,,
SEA,1:59,"CAR 15",3,7,15,"Field Goal","FG Block",25,7,20,"(2:00) Extra point GOOD by 7-Ronald Grundy. SEA 7 CAR 20",,,,,,,,,,,,,,,,,,,,,,,,,,,,,,,,,,,,"#6 Ricky Carter - P","#73 Carl Moore - RG",,,,,,,,,,,,,,"#7 Ronald Grundy - K","#77 Jason Lopez - RG","#64 Ethan Mauk - RG","#67 Brian Sultan - LT","#43 Robert Smith - FB","#78 James Lee - LG","#60 Ryan Butler - LG","#39 Johnny Escobedo - WR","#45 Douglas Richter - TE","#55 Ted Sechrist - MLB","#56 Steven Houston - WLB","#93 Ronald Kaufman - RDE","#28 Richard Hodgson - SS","#52 Robert Garcia - RDE","#98 George Gragg - CB","#54 Mark Brown - MLB","#68 Dwayne Martinez - DT","#38 Joseph Stanford - FS","#92 Kenneth Gray - DT","#96 Ebenezer Scrooge - MLB"
SEA,1:59,"SEA 35",3,6,10,Kickoff,"Kick Return",,7,20,"(2:00) 7-Ronald Grundy kicks 74 yards from SEA 35 to CAR -9. Touchback.",,,,,,,,,,,,,,,,,,,,,,,,,,,,,,,,,,,,,,"#36 Travis Barlowe - RB",,"#23 Kevin Gonzalez - CB","#54 Mark Brown - MLB","#28 Richard Hodgson - SS","#93 Ronald Kaufman - RDE","#56 Steven Houston - WLB","#38 Joseph Stanford - FS","#40 Evan Lehman - CB","#96 Ebenezer Scrooge - MLB","#98 George Gragg - CB","#55 Ted Sechrist - MLB","#7 Ronald Grundy - K",,,,,,,,,,,,,,,,,,,,
CAR,1:59,"CAR 25",3,1,10,"Strong I Normal WR Post TE Out","46 Normal Outside Blitz",2,7,20,"1-10-CAR 25 (2:00) 3-Juan Payne pass complete to 31-Raymond Lecompte to CAR 27 for 2 yards. Tackle by 72-Harry Diez. Nice job by 31-Raymond Lecompte on that route to lose his coverage.","#7 Juan Payne - QB","#31 Raymond Lecompte - RB",,,"#83 Bobby James - TE","#87 David Cartwright - RB",,"#14 Shawn Heath - WR",,"#86 Robert Pasillas - WR",,,"#59 Christopher Rodriguez - LT","#74 Shane Snyder - LG","#75 James Martin - C","#57 Peter Hernandez - LT","#79 Matt Durham - RT",,"#98 Clyde Chamberlain - MLB",,"#97 Charles Johnson - RDE","#63 Kenny Ortiz - RDE","#65 Randall Meyers - SLB","#72 Harry Diez - SLB","#61 Joseph Allen - CB",,"#52 Guy Brown - WLB","#29 Marcus Neal - CB","#25 Robert Brooking - CB",,,,"#35 Pedro Lund - SLB","#37 Christopher Larson - FS",,,,,,,,,,,,,,,,,,,,,,,,,,,,,,,,,,,,
CAR,1:22,"CAR 27",3,2,8,"Goal Line Normal HB Outside Strong","4-3 Under Crash Right",10,7,20,"2-8-CAR 27 (1:21) 27-Bob Martin ran to CAR 36 for 10 yards. Tackle by 58-Anthony Pitre.","#7 Juan Payne - QB","#27 Bob Martin - RB",,"#36 Travis Barlowe - RB","#83 Bobby James - TE","#87 David Cartwright - RB","#80 Lewis Scanlan - TE",,,,,,"#59 Christopher Rodriguez - LT","#74 Shane Snyder - LG","#75 James Martin - C","#57 Peter Hernandez - LT","#79 Matt Durham - RT",,"#93 Lupe Armstrong - LDE",,"#97 Charles Johnson - RDE","#98 Clyde Chamberlain - MLB","#65 Randall Meyers - SLB","#99 Don Hamilton - DT","#55 Brian Manning - MLB",,"#52 Guy Brown - WLB","#29 Marcus Neal - CB","#27 Charles Bevins - CB",,,,"#31 Anthony Pitre - CB","#37 Christopher Larson - FS",,,,,,,,,,,,,,,,,,,,,,,,,,,,,,,,,,,,
CAR,0:39,"CAR 36",3,1,10,"Shotgun 2 RB 3 WR RB Curls","Dime Flat Cover 2",10,7,20,"1-10-CAR 36 (0:38) 3-Juan Payne pass complete to 27-Bob Martin to CAR 46 for 10 yards. Tackle by 55-Brian Manning.","#7 Juan Payne - QB","#31 Raymond Lecompte - RB","#27 Bob Martin - RB",,,,,"#14 Shawn Heath - WR","#85 Francis Justice - WR","#86 Robert Pasillas - WR",,,"#59 Christopher Rodriguez - LT","#74 Shane Snyder - LG","#75 James Martin - C","#57 Peter Hernandez - LT","#79 Matt Durham - RT",,"#93 Lupe Armstrong - LDE",,"#97 Charles Johnson - RDE","#98 Clyde Chamberlain - MLB","#65 Randall Meyers - SLB",,"#55 Brian Manning - MLB",,,"#29 Marcus Neal - CB","#27 Charles Bevins - CB","#26 Fletcher Peterson - CB","#25 Robert Brooking - CB",,"#31 Anthony Pitre - CB","#37 Christopher Larson - FS",,,,,,,,,,,,,,,,,,,,,,,,,,,,,,,,,,,,
,0:00,,3,1,10,,,,7,20,"End of third quarter.",,,,,,,,,,,,,,,,,,,,,,,,,,,,,,,,,,,,,,,,,,,,,,,,,,,,,,,,,,,,,,,,,,,,,,
CAR,15:00,"CAR 46",4,1,10,"Goal Line Normal HB Pitch Weak","4-3 Normal Double WR3",-3,7,20,"1-10-CAR 46 (15:00) 36-Travis Barlowe ran to CAR 43 for -3 yards. Tackle by 52-Guy Brown.","#7 Juan Payne - QB","#36 Travis Barlowe - RB",,"#31 Raymond Lecompte - RB","#83 Bobby James - TE","#87 David Cartwright - RB","#80 Lewis Scanlan - TE",,,,,,"#59 Christopher Rodriguez - LT","#74 Shane Snyder - LG","#75 James Martin - C","#57 Peter Hernandez - LT","#79 Matt Durham - RT",,"#93 Lupe Armstrong - LDE",,"#97 Charles Johnson - RDE","#98 Clyde Chamberlain - MLB","#65 Randall Meyers - SLB","#99 Don Hamilton - DT","#55 Brian Manning - MLB",,"#52 Guy Brown - WLB","#29 Marcus Neal - CB","#27 Charles Bevins - CB",,,,"#31 Anthony Pitre - CB","#41 David Honore - FS",,,,,,,,,,,,,,,,,,,,,,,,,,,,,,,,,,,,
CAR,14:20,"CAR 43",4,2,13,"Shotgun 2 RB 3 WR FL Drag","4-3 Under Crash Right",,7,20,"2-13-CAR 43 (14:19) 3-Juan Payne pass complete to 31-Raymond Lecompte to CAR 44 for a short gain. Tackle by 29-Marcus Neal.","#7 Juan Payne - QB","#31 Raymond Lecompte - RB","#27 Bob Martin - RB",,,,,"#14 Shawn Heath - WR","#85 Francis Justice - WR","#86 Robert Pasillas - WR",,,"#59 Christopher Rodriguez - LT","#74 Shane Snyder - LG","#75 James Martin - C","#57 Peter Hernandez - LT","#79 Matt Durham - RT",,"#93 Lupe Armstrong - LDE",,"#97 Charles Johnson - RDE","#98 Clyde Chamberlain - MLB","#65 Randall Meyers - SLB","#99 Don Hamilton - DT","#55 Brian Manning - MLB",,"#52 Guy Brown - WLB","#29 Marcus Neal - CB","#27 Charles Bevins - CB",,,,"#31 Anthony Pitre - CB","#37 Christopher Larson - FS",,,,,,,,,,,,,,,,,,,,,,,,,,,,,,,,,,,,
CAR,13:37,"CAR 44",4,3,13,"Shotgun 2 RB 3 WR FB In","4-3 Under Crash Right",3,7,20,"3-13-CAR 44 (13:36) 3-Juan Payne pass complete to 14-Shawn Heath to CAR 46 for 3 yards. Tackle by 29-Marcus Neal.","#7 Juan Payne - QB","#27 Bob Martin - RB","#87 David Cartwright - RB",,,,,"#14 Shawn Heath - WR","#85 Francis Justice - WR","#86 Robert Pasillas - WR",,,"#59 Christopher Rodriguez - LT","#74 Shane Snyder - LG","#75 James Martin - C","#57 Peter Hernandez - LT","#79 Matt Durham - RT",,"#93 Lupe Armstrong - LDE",,"#97 Charles Johnson - RDE","#98 Clyde Chamberlain - MLB","#65 Randall Meyers - SLB","#99 Don Hamilton - DT","#55 Brian Manning - MLB",,"#52 Guy Brown - WLB","#29 Marcus Neal - CB","#27 Charles Bevins - CB",,,,"#31 Anthony Pitre - CB","#37 Christopher Larson - FS",,,,,,,,,,,,,,,,,,,,,,,,,,,,,,,,,,,,
CAR,12:51,"CAR 46",4,4,10,Punt,"Punt Return",63,7,20,"4-10-CAR 46 (12:50) 19-Milton Lewis punts 63 yards to SEA -9.4-10-CAR 46 (12:50) 19-Milton Lewis punts 63 yards to SEA -9. Touchback.",,,,,,,,,,,,,,,,,,"#19 Milton Lewis - P",,,,,,,,,,,,,,,,,,,"#75 James Martin - C",,"#43 Robert Smith - FB",,,"#27 Charles Bevins - CB","#61 Joseph Allen - CB","#32 Michael Knox - SS",,"#55 Brian Manning - MLB","#99 Don Hamilton - DT",,"#93 Lupe Armstrong - LDE",,,,"#80 Lewis Scanlan - TE","#57 Peter Hernandez - LT","#87 David Cartwright - RB","#74 Shane Snyder - LG","#59 Christopher Rodriguez - LT","#36 Travis Barlowe - RB",,"#28 John Parker - WR","#31 Anthony Pitre - CB","#65 Randall Meyers - SLB","#88 Stuart Cooper - RB",,,,,,,
SEA,12:42,"SEA 20",4,1,10,"I Formation Normal Max Protect","4-3 Under Double Safety Blitz",-8,7,20,"1-10-SEA 20 (12:43) 13-James Johnson sacked at SEA 12 for -8 yards (93-Ronald Kaufman). Sack allowed by 68-Dallas Johnson. 68-Dallas Johnson was caught flat-footed on this play.","#13 James Johnson - QB","#39 Johnny Escobedo - WR",,,"#43 Robert Smith - FB","#89 Bryant Minick - TE",,"#80 Thomas Muller - WR",,"#10 Emanuel Haywood - WR",,,"#79 Harland Chamberlain - LT","#78 James Lee - LG","#69 Scott Smith - C","#64 Ethan Mauk - RG","#68 Dallas Johnson - RT",,"#93 Ronald Kaufman - RDE",,"#68 Dwayne Martinez - DT","#69 Scott Johnson - DT","#52 Robert Garcia - RDE","#96 Ebenezer Scrooge - MLB","#55 Ted Sechrist - MLB",,"#54 Mark Brown - MLB","#40 Evan Lehman - CB","#47 Charles Elsass - CB",,,,"#24 Jamal Silva - SS","#38 Joseph Stanford - FS",,,,,,,,,,,,,,,,,,,,,,,,,,,,,,,,,,,,
SEA,12:11,"SEA 12",4,2,18,"I Formation Twin WR Hard Slants","4-3 Under 2 Deep Flat Outside",19,7,20,"2-18-SEA 12 (12:10) 13-James Johnson pass complete to 89-Bryant Minick to SEA 31 for 19 yards. Tackle by 96-Ebenezer Scrooge. PENALTY - Holding (SEA 45-Douglas Richter)","#13 James Johnson - QB","#43 Robert Smith - FB",,,"#45 Douglas Richter - TE","#89 Bryant Minick - TE",,"#10 Emanuel Haywood - WR",,"#84 James King - WR",,,"#79 Harland Chamberlain - LT","#78 James Lee - LG","#69 Scott Smith - C","#64 Ethan Mauk - RG","#68 Dallas Johnson - RT",,"#93 Ronald Kaufman - RDE",,"#68 Dwayne Martinez - DT","#69 Scott Johnson - DT","#52 Robert Garcia - RDE","#96 Ebenezer Scrooge - MLB","#55 Ted Sechrist - MLB",,"#56 Steven Houston - WLB","#40 Evan Lehman - CB","#47 Charles Elsass - CB",,,,"#28 Richard Hodgson - SS","#38 Joseph Stanford - FS",,,,,,,,,,,,,,,,,,,,,,,,,,,,,,,,,,,,
SEA,12:04,"SEA 6",4,2,24,"Shotgun 2 RB 3 WR RB Curls","Nickel 3-3-5 Cover 2 Man Under",,7,20,"2-24-SEA 6 (12:05) 13-James Johnson pass Pass knocked down by 54-Mark Brown. incomplete, intended for 45-Douglas Richter. 96-Ebenezer Scrooge got away with a hold on that play.","#13 James Johnson - QB","#43 Robert Smith - FB","#45 Douglas Richter - TE",,,,,"#80 Thomas Muller - WR","#28 John Parker - WR","#39 Johnny Escobedo - WR",,,"#79 Harland Chamberlain - LT","#78 James Lee - LG","#69 Scott Smith - C","#64 Ethan Mauk - RG","#68 Dallas Johnson - RT",,"#93 Ronald Kaufman - RDE",,"#68 Dwayne Martinez - DT",,"#52 Robert Garcia - RDE","#96 Ebenezer Scrooge - MLB","#55 Ted Sechrist - MLB",,"#54 Mark Brown - MLB","#47 Charles Elsass - CB","#23 Kevin Gonzalez - CB",,"#21 Brian Ullman - CB",,"#24 Jamal Silva - SS","#38 Joseph Stanford - FS",,,,,,,,,,,,,,,,,,,,,,,,,,,,,,,,,,,,
SEA,12:01,"SEA 6",4,3,24,"I Formation Normal HB Dive","4-3 Under 2 Deep Flat Outside",11,7,20,"3-24-SEA 6 (12:02) 28-John Parker ran to SEA 17 for 11 yards. Tackle by 40-Evan Lehman.","#13 James Johnson - QB","#28 John Parker - WR",,,"#43 Robert Smith - FB","#89 Bryant Minick - TE",,"#88 Stuart Cooper - RB",,"#80 Thomas Muller - WR",,,"#79 Harland Chamberlain - LT","#78 James Lee - LG","#69 Scott Smith - C","#64 Ethan Mauk - RG","#68 Dallas Johnson - RT",,"#93 Ronald Kaufman - RDE",,"#68 Dwayne Martinez - DT","#69 Scott Johnson - DT","#52 Robert Garcia - RDE","#96 Ebenezer Scrooge - MLB","#55 Ted Sechrist - MLB",,"#54 Mark Brown - MLB","#40 Evan Lehman - CB","#47 Charles Elsass - CB",,,,"#24 Jamal Silva - SS","#38 Joseph Stanford - FS",,,,,,,,,,,,,,,,,,,,,,,,,,,,,,,,,,,,
SEA,11:28,"SEA 17",4,4,13,Punt,"Punt Return",,7,20,"4-13-SEA 17 (11:27) 6-Ricky Carter punts 48 yards to CAR 35. 36-Travis Barlowe to CAR 40 for 6 yards. Tackle by 39-Johnny Escobedo.",,,,,,,,,,,,,,,,,,"#6 Ricky Carter - P",,,,,,,,,,,,,,,,,,,"#73 Carl Moore - RG",,"#36 Travis Barlowe - RB",,,"#96 Ebenezer Scrooge - MLB","#40 Evan Lehman - CB","#28 Richard Hodgson - SS",,"#55 Ted Sechrist - MLB","#54 Mark Brown - MLB",,"#98 George Gragg - CB",,,,"#39 Johnny Escobedo - WR","#64 Ethan Mauk - RG","#78 James Lee - LG","#60 Ryan Butler - LG","#67 Brian Sultan - LT","#45 Douglas Richter - TE",,"#68 Dwayne Martinez - DT","#56 Steven Houston - WLB","#93 Ronald Kaufman - RDE","#38 Joseph Stanford - FS",,,,,,,
CAR,11:18,"CAR 40",4,1,10,"Goal Line Normal HB Off Tackle","4-3 Normal WLB MLB Blitz",3,7,20,"1-10-CAR 40 (11:19) 31-Raymond Lecompte ran to CAR 43 for 3 yards. Tackle by 52-Guy Brown.","#7 Juan Payne - QB","#31 Raymond Lecompte - RB",,"#36 Travis Barlowe - RB","#83 Bobby James - TE","#87 David Cartwright - RB","#80 Lewis Scanlan - TE",,,,,,"#59 Christopher Rodriguez - LT","#74 Shane Snyder - LG","#75 James Martin - C","#57 Peter Hernandez - LT","#79 Matt Durham - RT",,"#93 Lupe Armstrong - LDE",,"#98 Clyde Chamberlain - MLB","#63 Kenny Ortiz - RDE","#65 Randall Meyers - SLB","#99 Don Hamilton - DT","#97 Charles Johnson - RDE",,"#52 Guy Brown - WLB","#29 Marcus Neal - CB","#25 Robert Brooking - CB",,,,"#31 Anthony Pitre - CB","#37 Christopher Larson - FS",,,,,,,,,,,,,,,,,,,,,,,,,,,,,,,,,,,,
CAR,10:37,"CAR 43",4,2,7,"I Formation Normal FL Hook","4-3 Normal SS Blitz",14,7,20,"2-7-CAR 43 (10:36) 3-Juan Payne pass complete to 86-Robert Pasillas to SEA 43 for 14 yards. Tackle by 52-Guy Brown.","#7 Juan Payne - QB","#27 Bob Martin - RB",,,"#83 Bobby James - TE","#87 David Cartwright - RB",,"#14 Shawn Heath - WR",,"#86 Robert Pasillas - WR",,,"#59 Christopher Rodriguez - LT","#74 Shane Snyder - LG","#75 James Martin - C","#57 Peter Hernandez - LT","#79 Matt Durham - RT",,"#93 Lupe Armstrong - LDE",,"#97 Charles Johnson - RDE","#98 Clyde Chamberlain - MLB","#65 Randall Meyers - SLB","#99 Don Hamilton - DT","#55 Brian Manning - MLB",,"#52 Guy Brown - WLB","#29 Marcus Neal - CB","#27 Charles Bevins - CB",,,,"#31 Anthony Pitre - CB","#37 Christopher Larson - FS",,,,,,,,,,,,,,,,,,,,,,,,,,,,,,,,,,,,
CAR,9:52,"SEA 43",4,1,10,"Goal Line Normal HB Toss Strong","4-3 Normal OLB Blitz Outside",1,7,20,"1-10-SEA 43 (9:51) 31-Raymond Lecompte ran to SEA 42 for 1 yards. Tackle by 55-Brian Manning.","#7 Juan Payne - QB","#31 Raymond Lecompte - RB",,"#36 Travis Barlowe - RB","#83 Bobby James - TE","#87 David Cartwright - RB","#80 Lewis Scanlan - TE",,,,,,"#59 Christopher Rodriguez - LT","#74 Shane Snyder - LG","#75 James Martin - C","#57 Peter Hernandez - LT","#79 Matt Durham - RT",,"#93 Lupe Armstrong - LDE",,"#97 Charles Johnson - RDE","#98 Clyde Chamberlain - MLB","#65 Randall Meyers - SLB","#99 Don Hamilton - DT","#55 Brian Manning - MLB",,"#52 Guy Brown - WLB","#29 Marcus Neal - CB","#27 Charles Bevins - CB",,,,"#31 Anthony Pitre - CB","#37 Christopher Larson - FS",,,,,,,,,,,,,,,,,,,,,,,,,,,,,,,,,,,,
CAR,9:14,"SEA 42",4,2,9,"Shotgun Normal HB Flare","4-3 Normal Double WR3",,7,20,"2-9-SEA 42 (9:13) 3-Juan Payne pass Pass knocked down by 55-Brian Manning. incomplete, intended for 85-Francis Justice.","#7 Juan Payne - QB","#27 Bob Martin - RB",,,,"#87 David Cartwright - RB",,"#14 Shawn Heath - WR","#85 Francis Justice - WR","#86 Robert Pasillas - WR",,,"#59 Christopher Rodriguez - LT","#74 Shane Snyder - LG","#75 James Martin - C","#57 Peter Hernandez - LT","#79 Matt Durham - RT",,"#93 Lupe Armstrong - LDE",,"#97 Charles Johnson - RDE","#98 Clyde Chamberlain - MLB","#65 Randall Meyers - SLB","#99 Don Hamilton - DT","#55 Brian Manning - MLB",,"#52 Guy Brown - WLB","#29 Marcus Neal - CB","#27 Charles Bevins - CB",,,,"#31 Anthony Pitre - CB","#37 Christopher Larson - FS",,,,,,,,,,,,,,,,,,,,,,,,,,,,,,,,,,,,
CAR,9:09,"SEA 42",4,3,9,"I Formation Normal SE Post","4-3 Under Crowd Middle",16,7,20,"3-9-SEA 42 (9:10) 3-Juan Payne pass complete to 83-Bobby James to SEA 26 for 16 yards.","#7 Juan Payne - QB","#31 Raymond Lecompte - RB",,,"#83 Bobby James - TE","#87 David Cartwright - RB",,"#14 Shawn Heath - WR",,"#86 Robert Pasillas - WR",,,"#59 Christopher Rodriguez - LT","#74 Shane Snyder - LG","#75 James Martin - C","#57 Peter Hernandez - LT","#79 Matt Durham - RT",,"#93 Lupe Armstrong - LDE",,"#98 Clyde Chamberlain - MLB","#63 Kenny Ortiz - RDE","#65 Randall Meyers - SLB","#99 Don Hamilton - DT","#97 Charles Johnson - RDE",,"#52 Guy Brown - WLB","#29 Marcus Neal - CB","#27 Charles Bevins - CB",,,,"#31 Anthony Pitre - CB","#41 David Honore - FS",,,,,,,,,,,,,,,,,,,,,,,,,,,,,,,,,,,,
CAR,8:28,"SEA 26",4,1,10,"I Formation Power HB Strong Outside","4-3 Normal Double WR3",-0,7,20,"1-10-SEA 26 (8:27) 31-Raymond Lecompte ran to SEA 27 for a short loss. Tackle by 65-Randall Meyers.","#7 Juan Payne - QB","#31 Raymond Lecompte - RB",,"#36 Travis Barlowe - RB","#80 Lewis Scanlan - TE","#87 David Cartwright - RB",,"#14 Shawn Heath - WR",,,,,"#59 Christopher Rodriguez - LT","#74 Shane Snyder - LG","#75 James Martin - C","#57 Peter Hernandez - LT","#79 Matt Durham - RT",,"#93 Lupe Armstrong - LDE",,"#98 Clyde Chamberlain - MLB","#63 Kenny Ortiz - RDE","#65 Randall Meyers - SLB","#72 Harry Diez - SLB","#55 Brian Manning - MLB",,"#32 Michael Knox - SS","#25 Robert Brooking - CB","#26 Fletcher Peterson - CB",,,,"#35 Pedro Lund - SLB","#37 Christopher Larson - FS",,,,,,,,,,,,,,,,,,,,,,,,,,,,,,,,,,,,
CAR,7:45,"SEA 27",4,2,10,"Goal Line Normal HB Weak","4-3 Normal Double WR3",-1,7,20,"2-10-SEA 27 (7:44) 31-Raymond Lecompte ran to SEA 28 for -1 yards. Tackle by 32-Michael Knox.","#7 Juan Payne - QB","#31 Raymond Lecompte - RB",,"#36 Travis Barlowe - RB","#83 Bobby James - TE","#87 David Cartwright - RB","#80 Lewis Scanlan - TE",,,,,,"#59 Christopher Rodriguez - LT","#74 Shane Snyder - LG","#75 James Martin - C","#57 Peter Hernandez - LT","#79 Matt Durham - RT",,"#93 Lupe Armstrong - LDE",,"#97 Charles Johnson - RDE","#98 Clyde Chamberlain - MLB","#65 Randall Meyers - SLB","#72 Harry Diez - SLB","#55 Brian Manning - MLB",,"#32 Michael Knox - SS","#29 Marcus Neal - CB","#27 Charles Bevins - CB",,,,"#35 Pedro Lund - SLB","#37 Christopher Larson - FS",,,,,,,,,,,,,,,,,,,,,,,,,,,,,,,,,,,,
CAR,7:08,"SEA 28",4,3,12,"Goal Line Normal HB Pitch Weak","4-3 Normal OLB Blitz Outside",6,7,20,"3-12-SEA 28 (7:07) 31-Raymond Lecompte ran to SEA 22 for 6 yards. Tackle by 37-Christopher Larson.","#7 Juan Payne - QB","#31 Raymond Lecompte - RB",,"#36 Travis Barlowe - RB","#83 Bobby James - TE","#87 David Cartwright - RB","#80 Lewis Scanlan - TE",,,,,,"#59 Christopher Rodriguez - LT","#74 Shane Snyder - LG","#75 James Martin - C","#57 Peter Hernandez - LT","#79 Matt Durham - RT",,"#93 Lupe Armstrong - LDE",,"#97 Charles Johnson - RDE","#98 Clyde Chamberlain - MLB","#65 Randall Meyers - SLB","#99 Don Hamilton - DT","#55 Brian Manning - MLB",,"#52 Guy Brown - WLB","#29 Marcus Neal - CB","#27 Charles Bevins - CB",,,,"#31 Anthony Pitre - CB","#37 Christopher Larson - FS",,,,,,,,,,,,,,,,,,,,,,,,,,,,,,,,,,,,
CAR,6:25,"SEA 22",4,4,6,"Field Goal","FG Block",32,7,23,"4-6-SEA 22 (6:24) 8-Justin Plummer 39 yard field goal is GOOD. SEA 7 CAR 23",,,,,,,,,,,,,,,,,,,,,,,,,,,,,,,,,,,,"#5 Anthony Strain - QB","#75 James Martin - C",,,,,,,,,,,,,,"#8 Justin Plummer - K","#50 Ryan Salter - LT","#80 Lewis Scanlan - TE","#57 Peter Hernandez - LT","#87 David Cartwright - RB","#74 Shane Snyder - LG","#59 Christopher Rodriguez - LT","#36 Travis Barlowe - RB","#67 Edmund Martin - LG","#32 Michael Knox - SS","#31 Anthony Pitre - CB","#65 Randall Meyers - SLB","#88 Stuart Cooper - RB","#70 Jonathan Buckner - C","#93 Lupe Armstrong - LDE","#26 Fletcher Peterson - CB","#55 Brian Manning - MLB","#28 John Parker - WR","#43 Robert Smith - FB","#2 Kevin Green - QB"
CAR,6:20,"CAR 35",4,6,10,Kickoff,"Kick Return",,7,23,"(6:21) 8-Justin Plummer kicks 75 yards from CAR 35 to SEA -10. Touchback.",,,,,,,,,,,,,,,,,,,,,,,,,,,,,,,,,,,,,,"#43 Robert Smith - FB",,"#72 Harry Diez - SLB","#65 Randall Meyers - SLB","#27 Charles Bevins - CB","#61 Joseph Allen - CB","#32 Michael Knox - SS","#31 Anthony Pitre - CB","#55 Brian Manning - MLB","#99 Don Hamilton - DT","#35 Pedro Lund - SLB","#93 Lupe Armstrong - LDE","#8 Justin Plummer - K",,,,,,,,,,,,,,,,,,,,
SEA,6:20,"SEA 25",4,1,10,"Shotgun 2 RB 3 WR RB Curls","Nickel Normal Man Cover 2",15,7,23,"1-10-SEA 25 (6:21) 13-James Johnson pass complete to 10-Emanuel Haywood to SEA 40 for 15 yards. Tackle by 40-Evan Lehman.","#13 James Johnson - QB","#28 John Parker - WR","#39 Johnny Escobedo - WR",,,,,"#80 Thomas Muller - WR","#10 Emanuel Haywood - WR","#88 Stuart Cooper - RB",,,"#79 Harland Chamberlain - LT","#78 James Lee - LG","#69 Scott Smith - C","#64 Ethan Mauk - RG","#68 Dallas Johnson - RT",,"#93 Ronald Kaufman - RDE",,"#68 Dwayne Martinez - DT","#69 Scott Johnson - DT","#52 Robert Garcia - RDE",,"#55 Ted Sechrist - MLB",,"#56 Steven Houston - WLB","#40 Evan Lehman - CB","#47 Charles Elsass - CB",,"#23 Kevin Gonzalez - CB",,"#28 Richard Hodgson - SS","#38 Joseph Stanford - FS",,,,,,,,,,,,,,,,,,,,,,,,,,,,,,,,,,,,
SEA,6:03,"SEA 40",4,1,10,"Shotgun 2 RB 3 WR FB In","Nickel Blitz Prevent",1,7,23,"1-10-SEA 40 (6:02) 13-James Johnson pass complete to 84-James King to SEA 41 for 1 yards. Tackle by 93-Ronald Kaufman.","#13 James Johnson - QB","#43 Robert Smith - FB","#45 Douglas Richter - TE",,,,,"#84 James King - WR","#10 Emanuel Haywood - WR","#80 Thomas Muller - WR",,,"#79 Harland Chamberlain - LT","#78 James Lee - LG","#69 Scott Smith - C","#64 Ethan Mauk - RG","#68 Dallas Johnson - RT",,"#93 Ronald Kaufman - RDE",,"#68 Dwayne Martinez - DT","#69 Scott Johnson - DT","#52 Robert Garcia - RDE",,"#55 Ted Sechrist - MLB",,"#56 Steven Houston - WLB","#40 Evan Lehman - CB","#47 Charles Elsass - CB",,"#23 Kevin Gonzalez - CB",,"#28 Richard Hodgson - SS","#38 Joseph Stanford - FS",,,,,,,,,,,,,,,,,,,,,,,,,,,,,,,,,,,,
SEA,5:41,"SEA 41",4,2,9,"Shotgun 2 RB 3 WR Strong Deep","Nickel 3-3-5 Cover 2 Man Under",5,7,23,"2-9-SEA 41 (5:40) 13-James Johnson pass complete to 43-Robert Smith to SEA 46 for 5 yards. Tackle by 42-Otis Pierson. PENALTY - Holding (SEA 69-Scott Smith)","#13 James Johnson - QB","#28 John Parker - WR","#43 Robert Smith - FB",,,,,"#88 Stuart Cooper - RB","#84 James King - WR","#39 Johnny Escobedo - WR",,,"#79 Harland Chamberlain - LT","#78 James Lee - LG","#69 Scott Smith - C","#64 Ethan Mauk - RG","#68 Dallas Johnson - RT",,"#93 Ronald Kaufman - RDE",,"#68 Dwayne Martinez - DT",,"#52 Robert Garcia - RDE","#96 Ebenezer Scrooge - MLB","#51 Lamar Pratt - MLB",,"#54 Mark Brown - MLB","#47 Charles Elsass - CB","#21 Brian Ullman - CB",,"#42 Otis Pierson - CB",,"#24 Jamal Silva - SS","#25 Allan Cooley - FS",,,,,,,,,,,,,,,,,,,,,,,,,,,,,,,,,,,,
SEA,5:36,"SEA 31",4,2,19,"Shotgun 2 RB 3 WR FB In","Nickel Normal Man Cover 2",-10,7,23,"2-19-SEA 31 (5:37) 13-James Johnson sacked at SEA 21 for -10 yards (93-Ronald Kaufman). Sack allowed by 68-Dallas Johnson.","#13 James Johnson - QB","#45 Douglas Richter - TE","#28 John Parker - WR",,,,,"#80 Thomas Muller - WR","#10 Emanuel Haywood - WR","#88 Stuart Cooper - RB",,,"#79 Harland Chamberlain - LT","#78 James Lee - LG","#69 Scott Smith - C","#64 Ethan Mauk - RG","#68 Dallas Johnson - RT",,"#93 Ronald Kaufman - RDE",,"#68 Dwayne Martinez - DT","#69 Scott Johnson - DT","#52 Robert Garcia - RDE",,"#55 Ted Sechrist - MLB",,"#54 Mark Brown - MLB","#47 Charles Elsass - CB","#23 Kevin Gonzalez - CB",,"#21 Brian Ullman - CB",,"#24 Jamal Silva - SS","#25 Allan Cooley - FS",,,,,,,,,,,,,,,,,,,,,,,,,,,,,,,,,,,,
SEA,5:19,"SEA 21",4,3,29,"Shotgun 2 RB 3 WR WR Curl","Nickel 3-3-5 3 Deep Zone Under",,7,23,"3-29-SEA 21 (5:18) 13-James Johnson pass incomplete, dropped by 84-James King.","#13 James Johnson - QB","#45 Douglas Richter - TE","#43 Robert Smith - FB",,,,,"#39 Johnny Escobedo - WR","#80 Thomas Muller - WR","#84 James King - WR",,,"#79 Harland Chamberlain - LT","#78 James Lee - LG","#69 Scott Smith - C","#64 Ethan Mauk - RG","#68 Dallas Johnson - RT",,"#93 Ronald Kaufman - RDE",,"#68 Dwayne Martinez - DT",,"#52 Robert Garcia - RDE","#96 Ebenezer Scrooge - MLB","#55 Ted Sechrist - MLB",,"#56 Steven Houston - WLB","#40 Evan Lehman - CB","#47 Charles Elsass - CB",,"#23 Kevin Gonzalez - CB",,"#28 Richard Hodgson - SS","#38 Joseph Stanford - FS",,,,,,,,,,,,,,,,,,,,,,,,,,,,,,,,,,,,
SEA,5:14,"SEA 21",4,4,29,Punt,"Punt Return",,7,23,"4-29-SEA 21 (5:15) 6-Ricky Carter punts 45 yards to CAR 34. Fair Catch by 36-Travis Barlowe.",,,,,,,,,,,,,,,,,,"#6 Ricky Carter - P",,,,,,,,,,,,,,,,,,,"#73 Carl Moore - RG",,"#36 Travis Barlowe - RB",,,"#96 Ebenezer Scrooge - MLB","#55 Ted Sechrist - MLB","#40 Evan Lehman - CB",,"#54 Mark Brown - MLB","#98 George Gragg - CB",,"#28 Richard Hodgson - SS",,,,"#77 Jason Lopez - RG","#64 Ethan Mauk - RG","#78 James Lee - LG","#60 Ryan Butler - LG","#67 Brian Sultan - LT","#88 Stuart Cooper - RB",,"#68 Dwayne Martinez - DT","#56 Steven Houston - WLB","#93 Ronald Kaufman - RDE","#38 Joseph Stanford - FS",,,,,,,
CAR,5:07,"CAR 34",4,1,10,"I Formation Normal HB Dive","4-3 Under Strong Blitz Outside",7,7,23,"1-10-CAR 34 (5:08) 31-Raymond Lecompte ran to CAR 41 for 7 yards. Tackle by 58-Anthony Pitre.","#7 Juan Payne - QB","#31 Raymond Lecompte - RB",,,"#83 Bobby James - TE","#87 David Cartwright - RB",,"#14 Shawn Heath - WR",,"#86 Robert Pasillas - WR",,,"#59 Christopher Rodriguez - LT","#74 Shane Snyder - LG","#75 James Martin - C","#57 Peter Hernandez - LT","#79 Matt Durham - RT",,"#93 Lupe Armstrong - LDE",,"#97 Charles Johnson - RDE","#98 Clyde Chamberlain - MLB","#65 Randall Meyers - SLB","#99 Don Hamilton - DT","#61 Joseph Allen - CB",,"#52 Guy Brown - WLB","#29 Marcus Neal - CB","#25 Robert Brooking - CB",,,,"#31 Anthony Pitre - CB","#37 Christopher Larson - FS",,,,,,,,,,,,,,,,,,,,,,,,,,,,,,,,,,,,
CAR,4:34,"CAR 41",4,2,3,"Weak I Normal FB Inside Weak","4-3 Under Crowd Middle",3,7,23,"2-3-CAR 41 (4:33) 83-Bobby James ran to CAR 44 for 3 yards. Tackle by 52-Guy Brown.","#7 Juan Payne - QB","#27 Bob Martin - RB",,,"#83 Bobby James - TE","#87 David Cartwright - RB",,"#14 Shawn Heath - WR",,"#86 Robert Pasillas - WR",,,"#59 Christopher Rodriguez - LT","#74 Shane Snyder - LG","#75 James Martin - C","#57 Peter Hernandez - LT","#79 Matt Durham - RT",,"#93 Lupe Armstrong - LDE",,"#97 Charles Johnson - RDE","#98 Clyde Chamberlain - MLB","#65 Randall Meyers - SLB","#99 Don Hamilton - DT","#55 Brian Manning - MLB",,"#52 Guy Brown - WLB","#29 Marcus Neal - CB","#27 Charles Bevins - CB",,,,"#31 Anthony Pitre - CB","#37 Christopher Larson - FS",,,,,,,,,,,,,,,,,,,,,,,,,,,,,,,,,,,,
CAR,4:00,"CAR 44",4,1,10,"Goal Line Normal HB Outside Strong","4-3 Normal Double WR3",2,7,23,"1-10-CAR 44 (3:59) 31-Raymond Lecompte ran to CAR 47 for 2 yards. Tackle by 52-Guy Brown. SEA 98-Clyde Chamberlain was injured on the play.","#7 Juan Payne - QB","#31 Raymond Lecompte - RB",,"#36 Travis Barlowe - RB","#83 Bobby James - TE","#87 David Cartwright - RB","#80 Lewis Scanlan - TE",,,,,,"#59 Christopher Rodriguez - LT","#74 Shane Snyder - LG","#75 James Martin - C","#57 Peter Hernandez - LT","#79 Matt Durham - RT",,"#93 Lupe Armstrong - LDE",,"#97 Charles Johnson - RDE","#98 Clyde Chamberlain - MLB","#65 Randall Meyers - SLB","#99 Don Hamilton - DT","#55 Brian Manning - MLB",,"#52 Guy Brown - WLB","#29 Marcus Neal - CB","#27 Charles Bevins - CB",,,,"#31 Anthony Pitre - CB","#37 Christopher Larson - FS",,,,,,,,,,,,,,,,,,,,,,,,,,,,,,,,,,,,
CAR,3:23,"CAR 47",4,2,8,"I Formation Power HB Strong Outside","4-3 Normal OLB Blitz Outside",,7,23,"2-8-CAR 47 (3:22) PENALTY - False Start (CAR 59-Christopher Rodriguez)","#7 Juan Payne - QB","#27 Bob Martin - RB",,"#80 Lewis Scanlan - TE","#83 Bobby James - TE","#87 David Cartwright - RB",,"#14 Shawn Heath - WR",,,,,"#59 Christopher Rodriguez - LT","#74 Shane Snyder - LG","#75 James Martin - C","#57 Peter Hernandez - LT","#79 Matt Durham - RT",,"#93 Lupe Armstrong - LDE",,"#97 Charles Johnson - RDE","#63 Kenny Ortiz - RDE","#65 Randall Meyers - SLB","#99 Don Hamilton - DT","#55 Brian Manning - MLB",,"#52 Guy Brown - WLB","#29 Marcus Neal - CB","#27 Charles Bevins - CB",,,,"#31 Anthony Pitre - CB","#37 Christopher Larson - FS",,,,,,,,,,,,,,,,,,,,,,,,,,,,,,,,,,,,
CAR,3:21,"CAR 42",4,2,13,"I Formation Power HB Strong Outside","4-3 Normal Double WR3",2,7,23,"2-13-CAR 42 (3:22) 31-Raymond Lecompte ran to CAR 43 for 2 yards. Tackle by 53-Don Hamilton.","#7 Juan Payne - QB","#31 Raymond Lecompte - RB",,"#80 Lewis Scanlan - TE","#83 Bobby James - TE","#87 David Cartwright - RB",,"#14 Shawn Heath - WR",,,,,"#59 Christopher Rodriguez - LT","#74 Shane Snyder - LG","#75 James Martin - C","#57 Peter Hernandez - LT","#79 Matt Durham - RT",,"#93 Lupe Armstrong - LDE",,"#97 Charles Johnson - RDE","#63 Kenny Ortiz - RDE","#65 Randall Meyers - SLB","#99 Don Hamilton - DT","#55 Brian Manning - MLB",,"#52 Guy Brown - WLB","#29 Marcus Neal - CB","#27 Charles Bevins - CB",,,,"#31 Anthony Pitre - CB","#37 Christopher Larson - FS",,,,,,,,,,,,,,,,,,,,,,,,,,,,,,,,,,,,
CAR,2:44,"CAR 43",4,3,11,"Strong I Normal HB Dive Strong","4-3 Under Crowd Middle",9,7,23,"3-11-CAR 43 (2:43) 27-Bob Martin ran to SEA 48 for 9 yards. Tackle by 37-Christopher Larson.","#7 Juan Payne - QB","#27 Bob Martin - RB",,,"#83 Bobby James - TE","#87 David Cartwright - RB",,"#14 Shawn Heath - WR",,"#86 Robert Pasillas - WR",,,"#59 Christopher Rodriguez - LT","#74 Shane Snyder - LG","#75 James Martin - C","#57 Peter Hernandez - LT","#79 Matt Durham - RT",,"#93 Lupe Armstrong - LDE",,"#97 Charles Johnson - RDE","#63 Kenny Ortiz - RDE","#65 Randall Meyers - SLB","#99 Don Hamilton - DT","#55 Brian Manning - MLB",,"#52 Guy Brown - WLB","#29 Marcus Neal - CB","#27 Charles Bevins - CB",,,,"#31 Anthony Pitre - CB","#37 Christopher Larson - FS",,,,,,,,,,,,,,,,,,,,,,,,,,,,,,,,,,,,
,2:00,,4,4,2,,,,7,23,"Timeout for two minute warning.",,,,,,,,,,,,,,,,,,,,,,,,,,,,,,,,,,,,,,,,,,,,,,,,,,,,,,,,,,,,,,,,,,,,,,
CAR,2:00,"SEA 48",4,4,2,Punt,"Punt Return",,7,23,"4-2-SEA 48 (2:00) 19-Milton Lewis punts 39 yards to SEA 8. 43-Robert Smith to SEA 11 for 4 yards. Tackle by 28-Richard Hodgson.",,,,,,,,,,,,,,,,,,"#19 Milton Lewis - P",,,,,,,,,,,,,,,,,,,"#75 James Martin - C",,"#43 Robert Smith - FB",,,"#27 Charles Bevins - CB","#61 Joseph Allen - CB","#32 Michael Knox - SS",,"#55 Brian Manning - MLB","#99 Don Hamilton - DT",,"#93 Lupe Armstrong - LDE",,,,"#80 Lewis Scanlan - TE","#57 Peter Hernandez - LT","#87 David Cartwright - RB","#74 Shane Snyder - LG","#59 Christopher Rodriguez - LT","#36 Travis Barlowe - RB",,"#28 John Parker - WR","#31 Anthony Pitre - CB","#65 Randall Meyers - SLB","#88 Stuart Cooper - RB",,,,,,,
SEA,1:52,"SEA 11",4,1,10,"Weak I Normal Skinny Posts","3-4 Normal Zone Blitz",,7,23,"1-10-SEA 11 (1:53) 13-James Johnson pass Pass knocked down by 96-Ebenezer Scrooge. incomplete, intended for 89-Bryant Minick.","#13 James Johnson - QB","#39 Johnny Escobedo - WR",,,"#45 Douglas Richter - TE","#89 Bryant Minick - TE",,"#80 Thomas Muller - WR",,"#10 Emanuel Haywood - WR",,,"#79 Harland Chamberlain - LT","#78 James Lee - LG","#69 Scott Smith - C","#64 Ethan Mauk - RG","#68 Dallas Johnson - RT",,"#93 Ronald Kaufman - RDE",,"#68 Dwayne Martinez - DT",,"#52 Robert Garcia - RDE","#96 Ebenezer Scrooge - MLB","#55 Ted Sechrist - MLB","#51 Lamar Pratt - MLB","#54 Mark Brown - MLB","#40 Evan Lehman - CB","#47 Charles Elsass - CB",,,,"#24 Jamal Silva - SS","#38 Joseph Stanford - FS",,,,,,,,,,,,,,,,,,,,,,,,,,,,,,,,,,,,
SEA,1:50,"SEA 11",4,2,10,"Goal Line Normal PA TE Drag","Goal Line 3 Deep Man",7,7,23,"2-10-SEA 11 (1:51) 13-James Johnson pass complete to 43-Robert Smith to SEA 18 for 7 yards. Tackle by 96-Ebenezer Scrooge.","#13 James Johnson - QB","#28 John Parker - WR",,"#45 Douglas Richter - TE","#43 Robert Smith - FB","#89 Bryant Minick - TE","#85 Anthony Crawford - TE",,,,,,"#79 Harland Chamberlain - LT","#78 James Lee - LG","#69 Scott Smith - C","#64 Ethan Mauk - RG","#68 Dallas Johnson - RT",,"#93 Ronald Kaufman - RDE","#77 Gary House - DT","#68 Dwayne Martinez - DT","#69 Scott Johnson - DT","#52 Robert Garcia - RDE","#96 Ebenezer Scrooge - MLB","#55 Ted Sechrist - MLB",,"#56 Steven Houston - WLB","#40 Evan Lehman - CB","#47 Charles Elsass - CB",,,,"#28 Richard Hodgson - SS",,,,,,,,,,,,,,,,,,,,,,,,,,,,,,,,,,,,,
,1:47,,4,3,3,,,,7,23,"Timeout SEA",,,,,,,,,,,,,,,,,,,,,,,,,,,,,,,,,,,,,,,,,,,,,,,,,,,,,,,,,,,,,,,,,,,,,,
SEA,1:43,"SEA 18",4,3,3,"I Formation Normal FL Hitch","3-4 Normal Zone Blitz",27,7,23,"3-3-SEA 18 (1:44) 13-James Johnson pass complete to 87-Stuart Cooper to SEA 46 for 27 yards. Tackle by 47-Charles Elsass.","#13 James Johnson - QB","#39 Johnny Escobedo - WR",,,"#45 Douglas Richter - TE","#89 Bryant Minick - TE",,"#80 Thomas Muller - WR",,"#88 Stuart Cooper - RB",,,"#79 Harland Chamberlain - LT","#78 James Lee - LG","#69 Scott Smith - C","#64 Ethan Mauk - RG","#68 Dallas Johnson - RT",,"#93 Ronald Kaufman - RDE",,"#68 Dwayne Martinez - DT",,"#52 Robert Garcia - RDE","#96 Ebenezer Scrooge - MLB","#55 Ted Sechrist - MLB","#51 Lamar Pratt - MLB","#56 Steven Houston - WLB","#40 Evan Lehman - CB","#47 Charles Elsass - CB",,,,"#28 Richard Hodgson - SS","#38 Joseph Stanford - FS",,,,,,,,,,,,,,,,,,,,,,,,,,,,,,,,,,,,
,1:39,,4,1,10,,,,7,23,"Timeout SEA",,,,,,,,,,,,,,,,,,,,,,,,,,,,,,,,,,,,,,,,,,,,,,,,,,,,,,,,,,,,,,,,,,,,,,
SEA,1:36,"SEA 46",4,1,10,"Shotgun 2 RB 3 WR WR Curl","Nickel Normal 2 Deep",9,7,23,"1-10-SEA 46 (1:37) 13-James Johnson pass complete to 84-James King to CAR 46 for 9 yards. Tackle by 56-Steven Houston.","#13 James Johnson - QB","#43 Robert Smith - FB","#39 Johnny Escobedo - WR",,,,,"#10 Emanuel Haywood - WR","#28 John Parker - WR","#84 James King - WR",,,"#79 Harland Chamberlain - LT","#78 James Lee - LG","#69 Scott Smith - C","#64 Ethan Mauk - RG","#68 Dallas Johnson - RT",,"#93 Ronald Kaufman - RDE",,"#68 Dwayne Martinez - DT","#69 Scott Johnson - DT","#52 Robert Garcia - RDE",,"#55 Ted Sechrist - MLB",,"#56 Steven Houston - WLB","#40 Evan Lehman - CB","#47 Charles Elsass - CB",,"#23 Kevin Gonzalez - CB",,"#28 Richard Hodgson - SS","#38 Joseph Stanford - FS",,,,,,,,,,,,,,,,,,,,,,,,,,,,,,,,,,,,
,1:33,,4,2,1,,,,7,23,"Timeout SEA",,,,,,,,,,,,,,,,,,,,,,,,,,,,,,,,,,,,,,,,,,,,,,,,,,,,,,,,,,,,,,,,,,,,,,
SEA,1:30,"CAR 46",4,2,1,"I Formation Power Play Action Bomb","Goal Line Attack #2",-7,7,23,"2-1-CAR 46 (1:31) 13-James Johnson sacked at SEA 47 for -7 yards (77-Gary House). Sack allowed by 68-Dallas Johnson. 68-Dallas Johnson totally missed that block. 68-Dallas Johnson completely missed his blocking assignment.","#13 James Johnson - QB","#45 Douglas Richter - TE",,"#64 Ethan Mauk - RG","#43 Robert Smith - FB","#89 Bryant Minick - TE",,"#80 Thomas Muller - WR",,,,,"#79 Harland Chamberlain - LT","#78 James Lee - LG","#69 Scott Smith - C","#77 Jason Lopez - RG","#68 Dallas Johnson - RT",,"#93 Ronald Kaufman - RDE","#77 Gary House - DT","#68 Dwayne Martinez - DT","#69 Scott Johnson - DT","#52 Robert Garcia - RDE","#96 Ebenezer Scrooge - MLB","#55 Ted Sechrist - MLB",,"#56 Steven Houston - WLB","#40 Evan Lehman - CB","#47 Charles Elsass - CB",,,,"#28 Richard Hodgson - SS",,,,,,,,,,,,,,,,,,,,,,,,,,,,,,,,,,,,,
SEA,1:09,"SEA 47",4,3,8,"I Formation Normal PA Outside Curls","4-3 Under Double Safety Blitz",6,7,23,"3-8-SEA 47 (1:08) 13-James Johnson pass complete to 87-Stuart Cooper to CAR 47 for 6 yards. Tackle by 40-Evan Lehman.","#13 James Johnson - QB","#28 John Parker - WR",,,"#43 Robert Smith - FB","#89 Bryant Minick - TE",,"#88 Stuart Cooper - RB",,"#10 Emanuel Haywood - WR",,,"#79 Harland Chamberlain - LT","#78 James Lee - LG","#69 Scott Smith - C","#64 Ethan Mauk - RG","#68 Dallas Johnson - RT",,"#93 Ronald Kaufman - RDE",,"#68 Dwayne Martinez - DT","#69 Scott Johnson - DT","#52 Robert Garcia - RDE","#96 Ebenezer Scrooge - MLB","#55 Ted Sechrist - MLB",,"#56 Steven Houston - WLB","#40 Evan Lehman - CB","#47 Charles Elsass - CB",,,,"#28 Richard Hodgson - SS","#38 Joseph Stanford - FS",,,,,,,,,,,,,,,,,,,,,,,,,,,,,,,,,,,,
SEA,0:46,"CAR 47",4,4,3,"Goal Line Normal PA TE Drag","Goal Line 3 Deep Man",5,7,23,"4-3-CAR 47 (0:45) 13-James Johnson pass complete to 45-Douglas Richter to CAR 43 for 5 yards. Tackle by 96-Ebenezer Scrooge. Great move by 45-Douglas Richter to get free of his coverage.","#13 James Johnson - QB","#39 Johnny Escobedo - WR",,"#43 Robert Smith - FB","#45 Douglas Richter - TE","#89 Bryant Minick - TE","#85 Anthony Crawford - TE",,,,,,"#79 Harland Chamberlain - LT","#78 James Lee - LG","#69 Scott Smith - C","#64 Ethan Mauk - RG","#68 Dallas Johnson - RT",,"#93 Ronald Kaufman - RDE","#77 Gary House - DT","#68 Dwayne Martinez - DT","#69 Scott Johnson - DT","#52 Robert Garcia - RDE","#96 Ebenezer Scrooge - MLB","#55 Ted Sechrist - MLB",,"#56 Steven Houston - WLB","#40 Evan Lehman - CB","#47 Charles Elsass - CB",,,,"#28 Richard Hodgson - SS",,,,,,,,,,,,,,,,,,,,,,,,,,,,,,,,,,,,,
SEA,0:27,"CAR 43",4,1,10,"I Formation Normal PA Outside Curls","4-3 Under Double Safety Blitz",5,7,23,"1-10-CAR 43 (0:26) 13-James Johnson pass complete to 80-Thomas Muller to CAR 37 for 5 yards. Tackle by 40-Evan Lehman.","#13 James Johnson - QB","#28 John Parker - WR",,,"#43 Robert Smith - FB","#89 Bryant Minick - TE",,"#80 Thomas Muller - WR",,"#88 Stuart Cooper - RB",,,"#79 Harland Chamberlain - LT","#78 James Lee - LG","#69 Scott Smith - C","#64 Ethan Mauk - RG","#68 Dallas Johnson - RT",,"#93 Ronald Kaufman - RDE",,"#68 Dwayne Martinez - DT","#69 Scott Johnson - DT","#52 Robert Garcia - RDE","#96 Ebenezer Scrooge - MLB","#55 Ted Sechrist - MLB",,"#56 Steven Houston - WLB","#40 Evan Lehman - CB","#47 Charles Elsass - CB",,,,"#24 Jamal Silva - SS","#38 Joseph Stanford - FS",,,,,,,,,,,,,,,,,,,,,,,,,,,,,,,,,,,,
SEA,0:05,"CAR 37",4,2,5,"I Formation Power Play Action HB Downfield","Goal Line 3 Deep Man",9,7,23,"2-5-CAR 37 (0:04) 13-James Johnson pass complete to 89-Bryant Minick to CAR 28 for 9 yards. Tackle by 23-Kevin Gonzalez.","#13 James Johnson - QB","#28 John Parker - WR",,"#45 Douglas Richter - TE","#43 Robert Smith - FB","#89 Bryant Minick - TE",,"#10 Emanuel Haywood - WR",,,,,"#79 Harland Chamberlain - LT","#78 James Lee - LG","#69 Scott Smith - C","#64 Ethan Mauk - RG","#68 Dallas Johnson - RT",,"#93 Ronald Kaufman - RDE","#77 Gary House - DT","#68 Dwayne Martinez - DT","#69 Scott Johnson - DT","#52 Robert Garcia - RDE","#96 Ebenezer Scrooge - MLB","#55 Ted Sechrist - MLB",,"#54 Mark Brown - MLB","#47 Charles Elsass - CB","#23 Kevin Gonzalez - CB",,,,"#28 Richard Hodgson - SS",,,,,,,,,,,,,,,,,,,,,,,,,,,,,,,,,,,,,
,0:00,,4,1,10,,,,7,23,"End of fourth quarter.",,,,,,,,,,,,,,,,,,,,,,,,,,,,,,,,,,,,,,,,,,,,,,,,,,,,,,,,,,,,,,,,,,,,,,
