HasBall,"Game Clock","Ball @",Quarter,Down,YTG,OffensivePlay,DefensivePlay,YardsGained,"Home Score","Away Score",Text,QB1,RB1,RB2,FB2,FB1,TE1,TE2,WR1,WR3,WR2,WR4,WR5,LT1,LG1,C1,RG1,RT1,P1,LDE1,LDE2,DT1,DT2,RDE1,SLB1,MLB1,MLB2,WLB1,CB1,CB2,CB4,CB3,CB5,SS1,FS1,FS2,"Kick Holder1","Long Snapper1","Kick Returner1","Punt Returner1",Gunner10,Gunner7,Gunner2,Gunner6,Gunner1,Gunner8,Gunner3,Gunner4,Gunner9,Gunner5,Kickoffs1,"Field Goal Kicker1","ST Blocker8","ST Blocker5","ST Blocker4","ST Blocker1","ST Blocker2","ST Blocker3","ST Blocker6","ST Blocker7","ST Rusher4","ST Rusher1","ST Rusher2","ST Rusher3","ST Rusher11","ST Rusher10","ST Rusher9","ST Rusher6","ST Rusher5","ST Rusher7","ST Rusher8"
,15:00,,1,3,7,,,,0,0,"BAN has won the toss and elected to defer.",,,,,,,,,,,,,,,,,,,,,,,,,,,,,,,,,,,,,,,,,,,,,,,,,,,,,,,,,,,,,,,,,,,,,,
BAN,15:00,"BAN 35",1,6,10,Kickoff,"Kick Return",,0,0,"(15:00) 13-Justin Stamps kicks 74 yards from BAN 35 to WWE -9. Touchback.",,,,,,,,,,,,,,,,,,,,,,,,,,,,,,,,,,,,,,"#20 James Rogers - RB",,"#94 Joseph Wilson - LDE","#49 George Moss - FS","#46 Jack Farrer - CB","#1 Christopher Mills - CB","#90 Russell Ely - MLB","#91 Dennis Smith - WLB","#41 Robert Ammons - SS","#31 Chester Doane - FS","#97 Jeremy Pardue - DT","#39 George Rodriguez - FS","#13 Justin Stamps - K",,,,,,,,,,,,,,,,,,,,
WWE,15:00,"WWE 25",1,1,10,"Goal Line Normal HB Toss Strong","Goal Line Attack #1",,0,0,"1-10-WWE 25 (15:00) 42-Robert Gomes ran to WWE 29 for 4 yards. 42-Robert Gomes FUMBLES (35-Larry Phillips) recovered by BAN-48-Joseph Young at WWE 30. Tackle by 48-Carl Bryant. BAN 95-Philip Steward was injured on the play. He looks like he should be able to return.","#12 Thomas Wojciechowski - QB","#42 Robert Gomes - RB",,"#48 Carl Bryant - FB","#43 Jay Baumgartner - FB","#88 Edwin Wilcox - TE","#81 Mathew Franzen - TE",,,,,,"#50 Ashley Rodriguez - LT","#60 Francis Lewis - RT","#66 Keith Coffey - C","#58 Wilbert Curtis - RG","#51 Jose Johnson - RT",,"#92 Jack Pope - LDE","#91 Shawn Harrison - LDE","#96 Alex Cortez - DT","#93 Joe Adkins - DT","#94 Wesley Spaulding - RDE","#98 Patrick Chew - SLB","#95 Philip Steward - MLB",,"#51 Anibal Turner - WLB","#1 Merrill Stafford - CB","#48 Joseph Young - CB",,,,"#35 Larry Phillips - SS",,,,,,,,,,,,,,,,,,,,,,,,,,,,,,,,,,,,,
BAN,14:54,"WWE 30",1,1,10,"Weak I Normal HB Inside Strong","46 Normal 3 Deep LB Blitz",7,0,0,"1-10-WWE 30 (14:55) 26-Arthur Osborne ran to WWE 23 for 7 yards. Tackle by 44-Carl Lucas.","#6 Jamie Arriaga - QB","#26 Arthur Osborne - RB",,,"#41 John White - FB","#49 Micheal Gonzales - TE",,"#83 William Brannon - WR",,"#19 Daren Thomas - WR",,,"#77 Richard Prestwood - LT","#78 Joe Wurster - RG","#79 Damon Baldwin - C","#70 Scott Anderson - RG","#74 Robert White - RT",,"#92 Kevin Luke - LDE",,"#50 Juan Saldivar - DT","#93 Charlie Beers - DT","#69 Nicolas Whitcomb - RDE","#99 Ray Long - SLB","#56 Darius Greenman - MLB",,"#91 Dennis Smith - WLB","#46 Jack Farrer - CB","#29 Joel Figueroa - CB",,,,"#41 Robert Ammons - SS","#44 Carl Lucas - CB",,,,,,,,,,,,,,,,,,,,,,,,,,,,,,,,,,,,
BAN,14:18,"WWE 23",1,2,3,"Singleback Slot Strong Off Tackle Strong","Nickel Normal SS Blitz",-1,0,0,"2-3-WWE 23 (14:17) 26-Arthur Osborne ran to WWE 24 for -1 yards. Tackle by 56-Darius Greenman.","#6 Jamie Arriaga - QB","#26 Arthur Osborne - RB",,,,"#49 Micheal Gonzales - TE",,"#83 William Brannon - WR","#11 Aaron Kinley - WR","#19 Daren Thomas - WR",,,"#77 Richard Prestwood - LT","#78 Joe Wurster - RG","#79 Damon Baldwin - C","#70 Scott Anderson - RG","#74 Robert White - RT",,"#92 Kevin Luke - LDE",,"#50 Juan Saldivar - DT","#93 Charlie Beers - DT","#69 Nicolas Whitcomb - RDE",,"#56 Darius Greenman - MLB",,"#91 Dennis Smith - WLB","#46 Jack Farrer - CB","#29 Joel Figueroa - CB",,"#1 Christopher Mills - CB",,"#41 Robert Ammons - SS","#44 Carl Lucas - CB",,,,,,,,,,,,,,,,,,,,,,,,,,,,,,,,,,,,
BAN,13:38,"WWE 24",1,3,4,"Weak I Normal WR Corner TE Middle","4-3 Under Double LB Blitz",24,6,0,"3-4-WWE 24 (13:37) 6-Jamie Arriaga pass complete to 83-William Brannon for 24 yards. TOUCHDOWN! Pressure by 93-Charlie Beers. BAN 6 WWE 0","#6 Jamie Arriaga - QB","#26 Arthur Osborne - RB",,,"#41 John White - FB","#49 Micheal Gonzales - TE",,"#83 William Brannon - WR",,"#19 Daren Thomas - WR",,,"#77 Richard Prestwood - LT","#78 Joe Wurster - RG","#79 Damon Baldwin - C","#70 Scott Anderson - RG","#74 Robert White - RT",,"#92 Kevin Luke - LDE",,"#50 Juan Saldivar - DT","#93 Charlie Beers - DT","#69 Nicolas Whitcomb - RDE","#99 Ray Long - SLB","#56 Darius Greenman - MLB",,"#91 Dennis Smith - WLB","#46 Jack Farrer - CB","#29 Joel Figueroa - CB",,,,"#41 Robert Ammons - SS","#44 Carl Lucas - CB",,,,,,,,,,,,,,,,,,,,,,,,,,,,,,,,,,,,
BAN,13:31,"WWE 15",1,7,15,"Field Goal","FG Block",26,7,0,"(13:32) Extra point GOOD by 13-Justin Stamps. BAN 79-Damon Baldwin was injured on the play. He looks like he should be able to return. BAN 7 WWE 0",,,,,,,,,,,,,,,,,,,,,,,,,,,,,,,,,,,,"#1 Merrill Stafford - CB","#78 Joe Wurster - RG",,,,,,,,,,,,,,"#13 Justin Stamps - K","#49 Micheal Gonzales - TE","#61 Tyler Burke - RT","#77 Richard Prestwood - LT","#70 Scott Anderson - RG","#74 Robert White - RT","#79 Damon Baldwin - C","#66 Jason Glowacki - C","#63 Nicholas Rogers - LG","#50 Juan Saldivar - DT","#91 Dennis Smith - WLB","#41 Robert Ammons - SS","#90 Russell Ely - MLB","#39 George Rodriguez - FS","#56 Darius Greenman - MLB","#41 Kenneth Wheaton - SS","#31 Chester Doane - FS","#46 Jack Farrer - CB","#99 Ray Long - SLB","#94 Joseph Wilson - LDE"
BAN,13:31,"BAN 35",1,6,10,Kickoff,"Kick Return",,7,0,"(13:32) 13-Justin Stamps kicks 74 yards from BAN 35 to WWE -9. Touchback.",,,,,,,,,,,,,,,,,,,,,,,,,,,,,,,,,,,,,,"#20 James Rogers - RB",,"#94 Joseph Wilson - LDE","#49 George Moss - FS","#46 Jack Farrer - CB","#1 Christopher Mills - CB","#90 Russell Ely - MLB","#91 Dennis Smith - WLB","#41 Robert Ammons - SS","#31 Chester Doane - FS","#97 Jeremy Pardue - DT","#39 George Rodriguez - FS","#13 Justin Stamps - K",,,,,,,,,,,,,,,,,,,,
WWE,13:31,"WWE 25",1,1,10,"Weak I Normal WR Corner TE Middle","Goal Line Attack #1",12,7,0,"1-10-WWE 25 (13:32) 12-Thomas Wojciechowski pass complete to 83-Daniel Glenn to WWE 37 for 12 yards. Tackle by 48-Joseph Young.","#12 Thomas Wojciechowski - QB","#42 Robert Gomes - RB",,,"#43 Jay Baumgartner - FB","#88 Edwin Wilcox - TE",,"#86 Carl Higgins - WR",,"#83 Daniel Glenn - WR",,,"#50 Ashley Rodriguez - LT","#60 Francis Lewis - RT","#66 Keith Coffey - C","#58 Wilbert Curtis - RG","#51 Jose Johnson - RT",,"#92 Jack Pope - LDE","#91 Shawn Harrison - LDE","#96 Alex Cortez - DT","#93 Joe Adkins - DT","#94 Wesley Spaulding - RDE","#98 Patrick Chew - SLB","#95 Philip Steward - MLB",,"#51 Anibal Turner - WLB","#1 Merrill Stafford - CB","#48 Joseph Young - CB",,,,"#35 Larry Phillips - SS",,,,,,,,,,,,,,,,,,,,,,,,,,,,,,,,,,,,,
WWE,12:56,"WWE 37",1,1,10,"Goal Line Normal HB Dive","Goal Line Attack #1",2,7,0,"1-10-WWE 37 (12:55) 42-Robert Gomes ran to WWE 39 for 2 yards. Tackle by 96-Alex Cortez.","#12 Thomas Wojciechowski - QB","#42 Robert Gomes - RB",,"#48 Carl Bryant - FB","#43 Jay Baumgartner - FB","#88 Edwin Wilcox - TE","#81 Mathew Franzen - TE",,,,,,"#50 Ashley Rodriguez - LT","#60 Francis Lewis - RT","#66 Keith Coffey - C","#58 Wilbert Curtis - RG","#51 Jose Johnson - RT",,"#92 Jack Pope - LDE","#91 Shawn Harrison - LDE","#96 Alex Cortez - DT","#93 Joe Adkins - DT","#94 Wesley Spaulding - RDE","#98 Patrick Chew - SLB","#95 Philip Steward - MLB",,"#51 Anibal Turner - WLB","#48 Joseph Young - CB","#33 Jake Trivett - CB",,,,"#35 Larry Phillips - SS",,,,,,,,,,,,,,,,,,,,,,,,,,,,,,,,,,,,,
WWE,12:24,"WWE 39",1,2,8,"Goal Line Normal HB Pitch Weak","Goal Line 3 Deep Man",-0,7,0,"2-8-WWE 39 (12:23) 42-Robert Gomes ran to WWE 39 for a short loss. Tackle by 51-Anibal Turner.","#12 Thomas Wojciechowski - QB","#42 Robert Gomes - RB",,"#48 Carl Bryant - FB","#43 Jay Baumgartner - FB","#88 Edwin Wilcox - TE","#81 Mathew Franzen - TE",,,,,,"#50 Ashley Rodriguez - LT","#60 Francis Lewis - RT","#66 Keith Coffey - C","#58 Wilbert Curtis - RG","#51 Jose Johnson - RT",,"#92 Jack Pope - LDE","#91 Shawn Harrison - LDE","#96 Alex Cortez - DT","#93 Joe Adkins - DT","#94 Wesley Spaulding - RDE","#98 Patrick Chew - SLB","#95 Philip Steward - MLB",,"#51 Anibal Turner - WLB","#1 Merrill Stafford - CB","#48 Joseph Young - CB",,,,"#35 Larry Phillips - SS",,,,,,,,,,,,,,,,,,,,,,,,,,,,,,,,,,,,,
WWE,11:40,"WWE 39",1,3,8,"I Formation Normal PA Streaks","3-4 Normal 2 Deep Zone",-8,7,0,"3-8-WWE 39 (11:39) 12-Thomas Wojciechowski sacked at WWE 31 for -8 yards (94-Wesley Spaulding). Sack allowed by 72-Francis Lewis.","#12 Thomas Wojciechowski - QB","#42 Robert Gomes - RB",,,"#43 Jay Baumgartner - FB","#88 Edwin Wilcox - TE",,"#86 Carl Higgins - WR",,"#83 Daniel Glenn - WR",,,"#50 Ashley Rodriguez - LT","#60 Francis Lewis - RT","#66 Keith Coffey - C","#58 Wilbert Curtis - RG","#51 Jose Johnson - RT",,"#92 Jack Pope - LDE",,"#96 Alex Cortez - DT",,"#94 Wesley Spaulding - RDE","#98 Patrick Chew - SLB","#95 Philip Steward - MLB","#56 Benito Serra - MLB","#51 Anibal Turner - WLB","#48 Joseph Young - CB","#33 Jake Trivett - CB",,,,"#35 Larry Phillips - SS","#46 Jonathan Beck - FS",,,,,,,,,,,,,,,,,,,,,,,,,,,,,,,,,,,,
WWE,10:56,"WWE 31",1,4,16,Punt,"Punt Return",,7,0,"4-16-WWE 31 (10:55) 14-Michael Quintanilla punts 49 yards to BAN 19. 26-Arthur Osborne to BAN 23 for 4 yards. Tackle by 88-Edwin Wilcox. WWE 72-Francis Lewis was injured on the play. He looks like he should be able to return.",,,,,,,,,,,,,,,,,,"#14 Michael Quintanilla - P",,,,,,,,,,,,,,,,,,,"#81 Mathew Franzen - TE",,"#26 Arthur Osborne - RB",,,"#92 Jack Pope - LDE","#34 Willie Parker - SS","#1 Merrill Stafford - CB",,"#43 Charles Lowenstein - FS","#95 Steven Stancil - WLB",,"#91 Shawn Harrison - LDE",,,,"#60 Francis Lewis - RT","#58 Wilbert Curtis - RG","#88 Edwin Wilcox - TE","#50 Ashley Rodriguez - LT","#51 Jose Johnson - RT","#62 David Lary - RG",,"#46 Jonathan Beck - FS","#94 Wesley Spaulding - RDE","#98 Patrick Chew - SLB","#52 James Karsten - WLB",,,,,,,
BAN,10:45,"BAN 23",1,1,10,"I Formation 3WR Slot Corner Short","Nickel Normal Shallow Zone Deep",,7,0,"1-10-BAN 23 (10:46) 6-Jamie Arriaga pass incomplete, intended for 26-Arthur Osborne.","#6 Jamie Arriaga - QB","#26 Arthur Osborne - RB",,,"#41 John White - FB",,,"#83 William Brannon - WR","#11 Aaron Kinley - WR","#19 Daren Thomas - WR",,,"#77 Richard Prestwood - LT","#78 Joe Wurster - RG","#66 Jason Glowacki - C","#70 Scott Anderson - RG","#74 Robert White - RT",,"#92 Kevin Luke - LDE",,"#50 Juan Saldivar - DT","#93 Charlie Beers - DT","#69 Nicolas Whitcomb - RDE",,"#56 Darius Greenman - MLB",,"#91 Dennis Smith - WLB","#46 Jack Farrer - CB","#29 Joel Figueroa - CB",,"#1 Christopher Mills - CB",,"#41 Robert Ammons - SS","#44 Carl Lucas - CB",,,,,,,,,,,,,,,,,,,,,,,,,,,,,,,,,,,,
BAN,10:43,"BAN 23",1,2,10,"I Formation 3WR Slot Corner Long","Nickel Normal Double WR3",,7,0,"2-10-BAN 23 (10:44) 6-Jamie Arriaga pass Pass knocked down by 46-Jack Farrer. incomplete, intended for 83-William Brannon.","#6 Jamie Arriaga - QB","#26 Arthur Osborne - RB",,,"#41 John White - FB",,,"#83 William Brannon - WR","#11 Aaron Kinley - WR","#19 Daren Thomas - WR",,,"#77 Richard Prestwood - LT","#78 Joe Wurster - RG","#66 Jason Glowacki - C","#70 Scott Anderson - RG","#74 Robert White - RT",,"#92 Kevin Luke - LDE",,"#50 Juan Saldivar - DT","#93 Charlie Beers - DT","#69 Nicolas Whitcomb - RDE",,"#56 Darius Greenman - MLB",,"#91 Dennis Smith - WLB","#46 Jack Farrer - CB","#29 Joel Figueroa - CB",,"#1 Christopher Mills - CB",,"#41 Robert Ammons - SS","#44 Carl Lucas - CB",,,,,,,,,,,,,,,,,,,,,,,,,,,,,,,,,,,,
BAN,10:40,"BAN 23",1,3,10,"I Formation 3WR Backfield Flats","Nickel Normal Double WR3",1,7,0,"3-10-BAN 23 (10:41) 6-Jamie Arriaga pass complete to 26-Arthur Osborne to BAN 24 for 1 yards. Tackle by 56-Darius Greenman. BAN 66-Jason Glowacki was injured on the play. He looks like he should be able to return.","#6 Jamie Arriaga - QB","#26 Arthur Osborne - RB",,,"#41 John White - FB",,,"#83 William Brannon - WR","#11 Aaron Kinley - WR","#19 Daren Thomas - WR",,,"#77 Richard Prestwood - LT","#78 Joe Wurster - RG","#66 Jason Glowacki - C","#70 Scott Anderson - RG","#74 Robert White - RT",,"#92 Kevin Luke - LDE",,"#50 Juan Saldivar - DT","#93 Charlie Beers - DT","#69 Nicolas Whitcomb - RDE",,"#56 Darius Greenman - MLB",,"#91 Dennis Smith - WLB","#46 Jack Farrer - CB","#29 Joel Figueroa - CB",,"#1 Christopher Mills - CB",,"#41 Robert Ammons - SS","#44 Carl Lucas - CB",,,,,,,,,,,,,,,,,,,,,,,,,,,,,,,,,,,,
BAN,10:01,"BAN 24",1,4,9,Punt,"Punt Return",,7,0,"4-9-BAN 24 (10:00) 16-Michael Jefferson punts 49 yards to WWE 27. 20-James Rogers to WWE 35 for 9 yards. Tackle by 43-Charles Lowenstein. BAN 74-Robert White was injured on the play. He looks like he should be able to return. WWE 41-Robert Ammons was injured on the play. He looks like he should be able to return.",,,,,,,,,,,,,,,,,,"#9 Michael Jefferson - P",,,,,,,,,,,,,,,,,,,"#78 Joe Wurster - RG",,"#20 James Rogers - RB",,,"#46 Jack Farrer - CB","#49 George Moss - FS","#90 Russell Ely - MLB",,"#31 Chester Doane - FS","#39 George Rodriguez - FS",,"#1 Christopher Mills - CB",,,,"#63 Nicholas Rogers - LG","#61 Tyler Burke - RT","#70 Scott Anderson - RG","#74 Robert White - RT","#77 Richard Prestwood - LT","#49 Micheal Gonzales - TE",,"#99 Ray Long - SLB","#91 Dennis Smith - WLB","#41 Robert Ammons - SS","#50 Juan Saldivar - DT",,,,,,,
WWE,9:50,"WWE 35",1,1,10,"I Formation Normal FL Hitch","3-4 Normal 3 Deep Man Under",32,7,0,"1-10-WWE 35 (9:51) 12-Thomas Wojciechowski pass complete to 83-Daniel Glenn to BAN 33 for 32 yards. Tackle by 21-Jake Trivett.","#12 Thomas Wojciechowski - QB","#42 Robert Gomes - RB",,,"#43 Jay Baumgartner - FB","#88 Edwin Wilcox - TE",,"#86 Carl Higgins - WR",,"#83 Daniel Glenn - WR",,,"#50 Ashley Rodriguez - LT","#60 Francis Lewis - RT","#66 Keith Coffey - C","#58 Wilbert Curtis - RG","#51 Jose Johnson - RT",,"#91 Shawn Harrison - LDE",,"#96 Alex Cortez - DT",,"#94 Wesley Spaulding - RDE","#98 Patrick Chew - SLB","#95 Philip Steward - MLB","#56 Benito Serra - MLB","#51 Anibal Turner - WLB","#48 Joseph Young - CB","#33 Jake Trivett - CB",,,,"#35 Larry Phillips - SS","#46 Jonathan Beck - FS",,,,,,,,,,,,,,,,,,,,,,,,,,,,,,,,,,,,
WWE,9:16,"BAN 33",1,1,10,"Shotgun Normal HB Flare","Nickel Normal Shallow Zone Deep",33,7,6,"1-10-BAN 33 (9:15) 12-Thomas Wojciechowski pass complete to 42-Robert Gomes for 33 yards. TOUCHDOWN! BAN 35-Larry Phillips was injured on the play. He looks like he should be able to return. BAN 7 WWE 6","#12 Thomas Wojciechowski - QB","#42 Robert Gomes - RB",,,,"#88 Edwin Wilcox - TE",,"#86 Carl Higgins - WR","#82 Alfonso Tindle - WR","#83 Daniel Glenn - WR",,,"#50 Ashley Rodriguez - LT","#60 Francis Lewis - RT","#66 Keith Coffey - C","#58 Wilbert Curtis - RG","#51 Jose Johnson - RT",,"#92 Jack Pope - LDE",,"#96 Alex Cortez - DT","#93 Joe Adkins - DT","#94 Wesley Spaulding - RDE",,"#95 Philip Steward - MLB",,"#51 Anibal Turner - WLB","#1 Merrill Stafford - CB","#48 Joseph Young - CB",,"#33 Jake Trivett - CB",,"#35 Larry Phillips - SS","#46 Jonathan Beck - FS",,,,,,,,,,,,,,,,,,,,,,,,,,,,,,,,,,,,
WWE,9:07,"BAN 15",1,7,15,"Field Goal","FG Block",26,7,7,"(9:08) Extra point GOOD by 2-Michael Dahle. BAN 7 WWE 7",,,,,,,,,,,,,,,,,,,,,,,,,,,,,,,,,,,,"#11 Gregory Hall - RB","#81 Mathew Franzen - TE",,,,,,,,,,,,,,"#2 Michael Dahle - K","#48 Carl Bryant - FB","#60 Francis Lewis - RT","#58 Wilbert Curtis - RG","#88 Edwin Wilcox - TE","#50 Ashley Rodriguez - LT","#51 Jose Johnson - RT","#62 David Lary - RG","#53 Charles Bayne - RT","#1 Merrill Stafford - CB","#94 Wesley Spaulding - RDE","#98 Patrick Chew - SLB","#52 James Karsten - WLB","#34 Willie Parker - SS","#55 Richard Schweizer - SLB","#51 Anibal Turner - WLB","#93 Joe Adkins - DT","#43 Charles Lowenstein - FS","#96 Alex Cortez - DT","#46 Jonathan Beck - FS"
WWE,9:07,"WWE 35",1,6,10,Kickoff,"Kick Return",,7,7,"(9:08) 2-Michael Dahle kicks 68 yards from WWE 35 to BAN -3. 26-Arthur Osborne to BAN 21 for 24 yards. Tackle by 49-George Moss.",,,,,,,,,,,,,,,,,,,,,,,,,,,,,,,,,,,,,,"#26 Arthur Osborne - RB",,"#94 Wesley Spaulding - RDE","#83 William Brannon - WR","#92 Jack Pope - LDE","#34 Willie Parker - SS","#1 Merrill Stafford - CB","#52 James Karsten - WLB","#43 Charles Lowenstein - FS","#95 Steven Stancil - WLB","#61 Tyler Burke - RT","#91 Shawn Harrison - LDE","#2 Michael Dahle - K",,,,,,,,,,,,,,,,,,,,
BAN,9:03,"BAN 21",1,1,10,"Singleback Slot Strong Off Tackle Strong","Nickel Strong 2 Deep Man Under",-1,7,7,"1-10-BAN 21 (9:04) 17-Lonnie Ramos ran to BAN 20 for -1 yards. Tackle by 92-Kevin Luke.","#6 Jamie Arriaga - QB","#17 Lonnie Ramos - RB",,,,"#49 Micheal Gonzales - TE",,"#83 William Brannon - WR","#11 Aaron Kinley - WR","#19 Daren Thomas - WR",,,"#77 Richard Prestwood - LT","#78 Joe Wurster - RG","#66 Jason Glowacki - C","#70 Scott Anderson - RG","#74 Robert White - RT",,"#92 Kevin Luke - LDE",,"#50 Juan Saldivar - DT","#93 Charlie Beers - DT","#69 Nicolas Whitcomb - RDE",,"#56 Darius Greenman - MLB",,"#52 Bruce Clodfelter - WLB","#46 Jack Farrer - CB","#29 Joel Figueroa - CB",,"#1 Christopher Mills - CB",,"#41 Robert Ammons - SS","#44 Carl Lucas - CB",,,,,,,,,,,,,,,,,,,,,,,,,,,,,,,,,,,,
BAN,8:27,"BAN 20",1,2,11,"I Formation 3WR Slot Corner Short","Nickel Normal Double WR2",,7,7,"2-11-BAN 20 (8:26) 6-Jamie Arriaga pass incomplete, intended for 26-Arthur Osborne. WWE 98-Juan Saldivar was injured on the play. He looks like he should be able to return.","#6 Jamie Arriaga - QB","#26 Arthur Osborne - RB",,,"#41 John White - FB",,,"#83 William Brannon - WR","#11 Aaron Kinley - WR","#19 Daren Thomas - WR",,,"#77 Richard Prestwood - LT","#78 Joe Wurster - RG","#66 Jason Glowacki - C","#70 Scott Anderson - RG","#74 Robert White - RT",,"#92 Kevin Luke - LDE",,"#50 Juan Saldivar - DT","#93 Charlie Beers - DT","#69 Nicolas Whitcomb - RDE",,"#56 Darius Greenman - MLB",,"#91 Dennis Smith - WLB","#46 Jack Farrer - CB","#29 Joel Figueroa - CB",,"#1 Christopher Mills - CB",,"#41 Robert Ammons - SS","#44 Carl Lucas - CB",,,,,,,,,,,,,,,,,,,,,,,,,,,,,,,,,,,,
BAN,8:23,"BAN 20",1,3,11,"Singleback Empty 4 Short Posts","Dime Normal Double WR3",,7,7,"3-11-BAN 20 (8:24) 6-Jamie Arriaga pass Pass knocked down by 56-Darius Greenman. incomplete, intended for 49-Micheal Gonzales.","#6 Jamie Arriaga - QB",,,,,"#49 Micheal Gonzales - TE",,"#83 William Brannon - WR","#11 Aaron Kinley - WR","#19 Daren Thomas - WR","#80 Andres Nelson - WR",,"#77 Richard Prestwood - LT","#78 Joe Wurster - RG","#66 Jason Glowacki - C","#70 Scott Anderson - RG","#74 Robert White - RT",,"#92 Kevin Luke - LDE",,"#93 Charlie Beers - DT","#57 David Newson - DT","#69 Nicolas Whitcomb - RDE",,"#56 Darius Greenman - MLB",,,"#46 Jack Farrer - CB","#29 Joel Figueroa - CB","#26 Thomas Treadway - SS","#1 Christopher Mills - CB",,"#41 Robert Ammons - SS","#44 Carl Lucas - CB",,,,,,,,,,,,,,,,,,,,,,,,,,,,,,,,,,,,
BAN,8:19,"BAN 20",1,4,11,Punt,"Punt Return",,7,7,"4-11-BAN 20 (8:20) 16-Michael Jefferson punts 46 yards to WWE 34. Fair Catch by 20-James Rogers.",,,,,,,,,,,,,,,,,,"#9 Michael Jefferson - P",,,,,,,,,,,,,,,,,,,"#78 Joe Wurster - RG",,"#20 James Rogers - RB",,,"#46 Jack Farrer - CB","#97 Jeremy Pardue - DT","#90 Russell Ely - MLB",,"#39 George Rodriguez - FS","#1 Christopher Mills - CB",,"#49 George Moss - FS",,,,"#66 Jason Glowacki - C","#61 Tyler Burke - RT","#70 Scott Anderson - RG","#74 Robert White - RT","#77 Richard Prestwood - LT","#63 Nicholas Rogers - LG",,"#99 Ray Long - SLB","#91 Dennis Smith - WLB","#41 Robert Ammons - SS","#31 Chester Doane - FS",,,,,,,
WWE,8:13,"WWE 34",1,1,10,"Shotgun 2 RB 3 WR WR Curl","Nickel Normal Man Cover 2",6,7,7,"1-10-WWE 34 (8:14) 12-Thomas Wojciechowski pass complete to 83-Daniel Glenn to WWE 40 for 6 yards. Tackle by 21-Jake Trivett. 21-Jake Trivett got away with a hold on that play.","#12 Thomas Wojciechowski - QB","#42 Robert Gomes - RB","#11 Gregory Hall - RB",,,,,"#86 Carl Higgins - WR","#82 Alfonso Tindle - WR","#83 Daniel Glenn - WR",,,"#50 Ashley Rodriguez - LT","#60 Francis Lewis - RT","#66 Keith Coffey - C","#58 Wilbert Curtis - RG","#51 Jose Johnson - RT",,"#91 Shawn Harrison - LDE",,"#96 Alex Cortez - DT","#93 Joe Adkins - DT","#94 Wesley Spaulding - RDE",,"#95 Philip Steward - MLB",,"#51 Anibal Turner - WLB","#48 Joseph Young - CB","#33 Jake Trivett - CB",,"#34 Willie Parker - SS",,"#35 Larry Phillips - SS","#46 Jonathan Beck - FS",,,,,,,,,,,,,,,,,,,,,,,,,,,,,,,,,,,,
WWE,7:30,"WWE 40",1,2,4,"Shotgun 2 RB 3 WR RB Curls","Nickel Strong 2 Deep Man Under",,7,7,"2-4-WWE 40 (7:29) 12-Thomas Wojciechowski pass Pass knocked down by 51-Anibal Turner. incomplete, intended for 42-Robert Gomes.","#12 Thomas Wojciechowski - QB","#42 Robert Gomes - RB","#11 Gregory Hall - RB",,,,,"#86 Carl Higgins - WR","#82 Alfonso Tindle - WR","#83 Daniel Glenn - WR",,,"#50 Ashley Rodriguez - LT","#60 Francis Lewis - RT","#66 Keith Coffey - C","#58 Wilbert Curtis - RG","#51 Jose Johnson - RT",,"#92 Jack Pope - LDE",,"#96 Alex Cortez - DT","#93 Joe Adkins - DT","#94 Wesley Spaulding - RDE",,"#95 Philip Steward - MLB",,"#51 Anibal Turner - WLB","#1 Merrill Stafford - CB","#48 Joseph Young - CB",,"#33 Jake Trivett - CB",,"#35 Larry Phillips - SS","#46 Jonathan Beck - FS",,,,,,,,,,,,,,,,,,,,,,,,,,,,,,,,,,,,
WWE,7:25,"WWE 40",1,3,4,"I Formation Power HB Strong Outside","Goal Line Attack #2",2,7,7,"3-4-WWE 40 (7:26) 42-Robert Gomes ran to WWE 42 for 2 yards. Tackle by 94-Wesley Spaulding. 50-Ashley Rodriguez was caught flat-footed on this play.","#12 Thomas Wojciechowski - QB","#42 Robert Gomes - RB",,"#48 Carl Bryant - FB","#43 Jay Baumgartner - FB","#88 Edwin Wilcox - TE",,"#86 Carl Higgins - WR",,,,,"#50 Ashley Rodriguez - LT","#60 Francis Lewis - RT","#66 Keith Coffey - C","#58 Wilbert Curtis - RG","#51 Jose Johnson - RT",,"#92 Jack Pope - LDE","#91 Shawn Harrison - LDE","#96 Alex Cortez - DT","#93 Joe Adkins - DT","#94 Wesley Spaulding - RDE","#98 Patrick Chew - SLB","#95 Philip Steward - MLB",,"#51 Anibal Turner - WLB","#1 Merrill Stafford - CB","#48 Joseph Young - CB",,,,"#35 Larry Phillips - SS",,,,,,,,,,,,,,,,,,,,,,,,,,,,,,,,,,,,,
WWE,6:41,"WWE 42",1,4,2,Punt,"Punt Return",44,7,7,"4-2-WWE 42 (6:40) 14-Michael Quintanilla punts 44 yards to BAN 14.",,,,,,,,,,,,,,,,,,"#14 Michael Quintanilla - P",,,,,,,,,,,,,,,,,,,"#81 Mathew Franzen - TE",,"#26 Arthur Osborne - RB",,,"#92 Jack Pope - LDE","#34 Willie Parker - SS","#1 Merrill Stafford - CB",,"#43 Charles Lowenstein - FS","#95 Steven Stancil - WLB",,"#91 Shawn Harrison - LDE",,,,"#60 Francis Lewis - RT","#58 Wilbert Curtis - RG","#88 Edwin Wilcox - TE","#50 Ashley Rodriguez - LT","#51 Jose Johnson - RT","#62 David Lary - RG",,"#46 Jonathan Beck - FS","#94 Wesley Spaulding - RDE","#98 Patrick Chew - SLB","#52 James Karsten - WLB",,,,,,,
BAN,6:30,"BAN 14",1,1,10,"Split Backs Normal Strong Pitch Sweep","4-3 Under Crash Right",1,7,7,"1-10-BAN 14 (6:31) 41-John White ran to BAN 16 for 1 yards. Tackle by 56-Darius Greenman.","#6 Jamie Arriaga - QB","#26 Arthur Osborne - RB",,,"#41 John White - FB","#49 Micheal Gonzales - TE",,"#83 William Brannon - WR",,"#19 Daren Thomas - WR",,,"#77 Richard Prestwood - LT","#78 Joe Wurster - RG","#79 Damon Baldwin - C","#70 Scott Anderson - RG","#74 Robert White - RT",,"#92 Kevin Luke - LDE",,"#93 Charlie Beers - DT","#57 David Newson - DT","#69 Nicolas Whitcomb - RDE","#99 Ray Long - SLB","#56 Darius Greenman - MLB",,"#91 Dennis Smith - WLB","#29 Joel Figueroa - CB","#1 Christopher Mills - CB",,,,"#26 Thomas Treadway - SS","#44 Carl Lucas - CB",,,,,,,,,,,,,,,,,,,,,,,,,,,,,,,,,,,,
BAN,5:48,"BAN 16",1,2,9,"I Formation 3WR Weak Flood","Nickel Normal Double WR2",1,7,7,"2-9-BAN 16 (5:47) 6-Jamie Arriaga pass complete to 41-John White to BAN 17 for 1 yards. Tackle by 91-Dennis Smith.","#6 Jamie Arriaga - QB","#26 Arthur Osborne - RB",,,"#41 John White - FB",,,"#83 William Brannon - WR","#11 Aaron Kinley - WR","#19 Daren Thomas - WR",,,"#77 Richard Prestwood - LT","#78 Joe Wurster - RG","#79 Damon Baldwin - C","#70 Scott Anderson - RG","#74 Robert White - RT",,"#92 Kevin Luke - LDE",,"#93 Charlie Beers - DT","#57 David Newson - DT","#69 Nicolas Whitcomb - RDE",,"#56 Darius Greenman - MLB",,"#91 Dennis Smith - WLB","#46 Jack Farrer - CB","#29 Joel Figueroa - CB",,"#1 Christopher Mills - CB",,"#41 Robert Ammons - SS","#44 Carl Lucas - CB",,,,,,,,,,,,,,,,,,,,,,,,,,,,,,,,,,,,
BAN,5:05,"BAN 17",1,3,7,"I Formation 3WR Backfield Flats","Nickel Normal Shallow Zone Deep",7,7,7,"3-7-BAN 17 (5:04) 6-Jamie Arriaga pass complete to 41-John White to BAN 24 for 7 yards. Tackle by 91-Dennis Smith.","#6 Jamie Arriaga - QB","#26 Arthur Osborne - RB",,,"#41 John White - FB",,,"#83 William Brannon - WR","#11 Aaron Kinley - WR","#19 Daren Thomas - WR",,,"#77 Richard Prestwood - LT","#78 Joe Wurster - RG","#79 Damon Baldwin - C","#70 Scott Anderson - RG","#74 Robert White - RT",,"#92 Kevin Luke - LDE",,"#93 Charlie Beers - DT","#57 David Newson - DT","#69 Nicolas Whitcomb - RDE",,"#56 Darius Greenman - MLB",,"#91 Dennis Smith - WLB","#46 Jack Farrer - CB","#29 Joel Figueroa - CB",,"#1 Christopher Mills - CB",,"#41 Robert Ammons - SS","#44 Carl Lucas - CB",,,,,,,,,,,,,,,,,,,,,,,,,,,,,,,,,,,,
BAN,4:23,"BAN 24",1,4,1,Punt,"Punt Return",,7,7,"4-1-BAN 24 (4:22) 16-Michael Jefferson punts 52 yards to WWE 24. Fair Catch by 20-James Rogers.",,,,,,,,,,,,,,,,,,"#9 Michael Jefferson - P",,,,,,,,,,,,,,,,,,,"#78 Joe Wurster - RG",,"#20 James Rogers - RB",,,"#31 Chester Doane - FS","#97 Jeremy Pardue - DT","#90 Russell Ely - MLB",,"#39 George Rodriguez - FS","#1 Christopher Mills - CB",,"#49 George Moss - FS",,,,"#61 Tyler Burke - RT","#77 Richard Prestwood - LT","#70 Scott Anderson - RG","#74 Robert White - RT","#79 Damon Baldwin - C","#66 Jason Glowacki - C",,"#99 Ray Long - SLB","#91 Dennis Smith - WLB","#41 Robert Ammons - SS","#46 Jack Farrer - CB",,,,,,,
WWE,4:15,"WWE 24",1,1,10,"Weak I Normal WR Corner TE Middle","Goal Line Attack #3",-7,7,7,"1-10-WWE 24 (4:16) 12-Thomas Wojciechowski sacked at WWE 17 for -7 yards (95-Philip Steward)","#12 Thomas Wojciechowski - QB","#42 Robert Gomes - RB",,,"#43 Jay Baumgartner - FB","#88 Edwin Wilcox - TE",,"#86 Carl Higgins - WR",,"#83 Daniel Glenn - WR",,,"#50 Ashley Rodriguez - LT","#60 Francis Lewis - RT","#66 Keith Coffey - C","#58 Wilbert Curtis - RG","#51 Jose Johnson - RT",,"#91 Shawn Harrison - LDE","#93 Joe Adkins - DT","#96 Alex Cortez - DT","#97 Herman Hankins - DT","#94 Wesley Spaulding - RDE","#98 Patrick Chew - SLB","#95 Philip Steward - MLB",,"#51 Anibal Turner - WLB","#48 Joseph Young - CB","#33 Jake Trivett - CB",,,,"#35 Larry Phillips - SS",,,,,,,,,,,,,,,,,,,,,,,,,,,,,,,,,,,,,
WWE,3:37,"WWE 17",1,2,17,"Shotgun Normal Double Outs","Nickel Normal 3 Deep Man Under",,7,7,"2-17-WWE 17 (3:36) 12-Thomas Wojciechowski pass incomplete, intended for 82-Alfonso Tindle. He kind of lost control of that pass.","#12 Thomas Wojciechowski - QB","#42 Robert Gomes - RB",,,,"#88 Edwin Wilcox - TE",,"#86 Carl Higgins - WR","#82 Alfonso Tindle - WR","#83 Daniel Glenn - WR",,,"#50 Ashley Rodriguez - LT","#60 Francis Lewis - RT","#66 Keith Coffey - C","#58 Wilbert Curtis - RG","#51 Jose Johnson - RT",,"#92 Jack Pope - LDE",,"#96 Alex Cortez - DT","#93 Joe Adkins - DT","#94 Wesley Spaulding - RDE",,"#95 Philip Steward - MLB",,"#51 Anibal Turner - WLB","#1 Merrill Stafford - CB","#48 Joseph Young - CB",,"#33 Jake Trivett - CB",,"#35 Larry Phillips - SS","#46 Jonathan Beck - FS",,,,,,,,,,,,,,,,,,,,,,,,,,,,,,,,,,,,
WWE,3:33,"WWE 17",1,3,17,"I Formation Normal PA Streaks","3-4 Normal 2 Deep Zone",,7,7,"3-17-WWE 17 (3:34) 12-Thomas Wojciechowski pass incomplete, dropped by 43-Jay Baumgartner.","#12 Thomas Wojciechowski - QB","#42 Robert Gomes - RB",,,"#43 Jay Baumgartner - FB","#88 Edwin Wilcox - TE",,"#86 Carl Higgins - WR",,"#83 Daniel Glenn - WR",,,"#50 Ashley Rodriguez - LT","#60 Francis Lewis - RT","#66 Keith Coffey - C","#58 Wilbert Curtis - RG","#51 Jose Johnson - RT",,"#92 Jack Pope - LDE",,"#96 Alex Cortez - DT",,"#94 Wesley Spaulding - RDE","#98 Patrick Chew - SLB","#95 Philip Steward - MLB","#56 Benito Serra - MLB","#51 Anibal Turner - WLB","#1 Merrill Stafford - CB","#48 Joseph Young - CB",,,,"#35 Larry Phillips - SS","#46 Jonathan Beck - FS",,,,,,,,,,,,,,,,,,,,,,,,,,,,,,,,,,,,
WWE,3:29,"WWE 17",1,4,17,Punt,"Punt Return",,7,7,"4-17-WWE 17 (3:30) 14-Michael Quintanilla punts 50 yards to BAN 33. 1-Merrill Stafford to BAN 41 for 8 yards. Tackle by 59-Russell Ely.",,,,,,,,,,,,,,,,,,"#14 Michael Quintanilla - P",,,,,,,,,,,,,,,,,,,"#81 Mathew Franzen - TE",,"#1 Merrill Stafford - CB",,,"#43 Charles Lowenstein - FS","#83 William Brannon - WR","#92 Jack Pope - LDE",,"#95 Steven Stancil - WLB","#91 Shawn Harrison - LDE",,"#34 Willie Parker - SS",,,,"#60 Francis Lewis - RT","#58 Wilbert Curtis - RG","#88 Edwin Wilcox - TE","#50 Ashley Rodriguez - LT","#51 Jose Johnson - RT","#62 David Lary - RG",,"#46 Jonathan Beck - FS","#94 Wesley Spaulding - RDE","#98 Patrick Chew - SLB","#52 James Karsten - WLB",,,,,,,
BAN,3:21,"BAN 41",1,1,10,"Weak I Normal HB Inside Strong","4-3 Under Crowd Middle Deep Man",5,7,7,"1-10-BAN 41 (3:22) 26-Arthur Osborne ran to BAN 46 for 5 yards. Tackle by 44-Carl Lucas.","#6 Jamie Arriaga - QB","#26 Arthur Osborne - RB",,,"#41 John White - FB","#49 Micheal Gonzales - TE",,"#19 Daren Thomas - WR",,"#11 Aaron Kinley - WR",,,"#77 Richard Prestwood - LT","#78 Joe Wurster - RG","#79 Damon Baldwin - C","#70 Scott Anderson - RG","#74 Robert White - RT",,"#92 Kevin Luke - LDE",,"#93 Charlie Beers - DT","#57 David Newson - DT","#69 Nicolas Whitcomb - RDE","#99 Ray Long - SLB","#56 Darius Greenman - MLB",,"#91 Dennis Smith - WLB","#29 Joel Figueroa - CB","#1 Christopher Mills - CB",,,,"#41 Robert Ammons - SS","#44 Carl Lucas - CB",,,,,,,,,,,,,,,,,,,,,,,,,,,,,,,,,,,,
BAN,2:40,"BAN 46",1,2,5,"Split Backs Normal TE Curl","46 Normal Inside Blitz",6,7,7,"2-5-BAN 46 (2:39) 6-Jamie Arriaga pass complete to 19-Daren Thomas to WWE 48 for 6 yards. Tackle by 29-Joel Figueroa. WWE 56-Darius Greenman was injured on the play. He looks like he should be able to return.","#6 Jamie Arriaga - QB","#26 Arthur Osborne - RB",,,"#41 John White - FB","#49 Micheal Gonzales - TE",,"#83 William Brannon - WR",,"#19 Daren Thomas - WR",,,"#77 Richard Prestwood - LT","#78 Joe Wurster - RG","#79 Damon Baldwin - C","#70 Scott Anderson - RG","#74 Robert White - RT",,"#92 Kevin Luke - LDE",,"#93 Charlie Beers - DT","#57 David Newson - DT","#69 Nicolas Whitcomb - RDE","#99 Ray Long - SLB","#56 Darius Greenman - MLB",,"#91 Dennis Smith - WLB","#46 Jack Farrer - CB","#29 Joel Figueroa - CB",,,,"#41 Robert Ammons - SS","#44 Carl Lucas - CB",,,,,,,,,,,,,,,,,,,,,,,,,,,,,,,,,,,,
BAN,2:05,"WWE 48",1,1,10,"Split Backs Normal Posts","46 Normal 3 Deep Zone",10,7,7,"1-10-WWE 48 (2:04) 6-Jamie Arriaga pass complete to 49-Micheal Gonzales to WWE 39 for 10 yards. Tackle by 41-Robert Ammons.","#6 Jamie Arriaga - QB","#26 Arthur Osborne - RB",,,"#41 John White - FB","#49 Micheal Gonzales - TE",,"#83 William Brannon - WR",,"#19 Daren Thomas - WR",,,"#77 Richard Prestwood - LT","#78 Joe Wurster - RG","#79 Damon Baldwin - C","#70 Scott Anderson - RG","#74 Robert White - RT",,"#92 Kevin Luke - LDE",,"#93 Charlie Beers - DT","#57 David Newson - DT","#69 Nicolas Whitcomb - RDE","#99 Ray Long - SLB","#90 Russell Ely - MLB",,"#91 Dennis Smith - WLB","#46 Jack Farrer - CB","#29 Joel Figueroa - CB",,,,"#41 Robert Ammons - SS","#44 Carl Lucas - CB",,,,,,,,,,,,,,,,,,,,,,,,,,,,,,,,,,,,
BAN,1:23,"WWE 39",1,2,,"I Formation 3WR HB Inside Strong","Nickel Normal Double WR2",5,7,7,"2-1-WWE 39 (1:22) 26-Arthur Osborne ran to WWE 33 for 5 yards. Tackle by 1-Christopher Mills. BAN 79-Damon Baldwin was injured on the play. He looks like he should be able to return.","#6 Jamie Arriaga - QB","#26 Arthur Osborne - RB",,,"#41 John White - FB",,,"#83 William Brannon - WR","#11 Aaron Kinley - WR","#19 Daren Thomas - WR",,,"#77 Richard Prestwood - LT","#78 Joe Wurster - RG","#79 Damon Baldwin - C","#70 Scott Anderson - RG","#74 Robert White - RT",,"#92 Kevin Luke - LDE",,"#93 Charlie Beers - DT","#57 David Newson - DT","#69 Nicolas Whitcomb - RDE",,"#90 Russell Ely - MLB",,"#91 Dennis Smith - WLB","#46 Jack Farrer - CB","#29 Joel Figueroa - CB",,"#1 Christopher Mills - CB",,"#41 Robert Ammons - SS","#44 Carl Lucas - CB",,,,,,,,,,,,,,,,,,,,,,,,,,,,,,,,,,,,
BAN,0:46,"WWE 33",1,1,10,"Shotgun Normal HB Flare","Nickel Normal SS Blitz",33,13,7,"1-10-WWE 33 (0:45) 6-Jamie Arriaga pass complete to 19-Daren Thomas for 33 yards. TOUCHDOWN! BAN 13 WWE 7","#6 Jamie Arriaga - QB","#17 Lonnie Ramos - RB",,,,"#49 Micheal Gonzales - TE",,"#83 William Brannon - WR","#11 Aaron Kinley - WR","#19 Daren Thomas - WR",,,"#77 Richard Prestwood - LT","#78 Joe Wurster - RG","#66 Jason Glowacki - C","#70 Scott Anderson - RG","#74 Robert White - RT",,"#92 Kevin Luke - LDE",,"#93 Charlie Beers - DT","#57 David Newson - DT","#69 Nicolas Whitcomb - RDE",,"#90 Russell Ely - MLB",,"#91 Dennis Smith - WLB","#46 Jack Farrer - CB","#29 Joel Figueroa - CB",,"#1 Christopher Mills - CB",,"#41 Robert Ammons - SS","#44 Carl Lucas - CB",,,,,,,,,,,,,,,,,,,,,,,,,,,,,,,,,,,,
BAN,0:39,"WWE 15",1,7,15,"Field Goal","FG Block",26,14,7,"(0:40) Extra point GOOD by 13-Justin Stamps. BAN 14 WWE 7",,,,,,,,,,,,,,,,,,,,,,,,,,,,,,,,,,,,"#1 Merrill Stafford - CB","#78 Joe Wurster - RG",,,,,,,,,,,,,,"#13 Justin Stamps - K","#23 James Tillman - RB","#66 Jason Glowacki - C","#61 Tyler Burke - RT","#70 Scott Anderson - RG","#74 Robert White - RT","#77 Richard Prestwood - LT","#63 Nicholas Rogers - LG","#49 Micheal Gonzales - TE","#46 Jack Farrer - CB","#91 Dennis Smith - WLB","#41 Robert Ammons - SS","#90 Russell Ely - MLB","#44 Carl Lucas - CB","#97 Jeremy Pardue - DT","#39 George Rodriguez - FS","#99 Ray Long - SLB","#31 Chester Doane - FS","#94 Joseph Wilson - LDE","#41 Kenneth Wheaton - SS"
BAN,0:39,"BAN 35",1,6,10,Kickoff,"Kick Return",,14,7,"(0:40) 13-Justin Stamps kicks 75 yards from BAN 35 to WWE -10. Touchback.",,,,,,,,,,,,,,,,,,,,,,,,,,,,,,,,,,,,,,"#20 James Rogers - RB",,"#94 Joseph Wilson - LDE","#49 George Moss - FS","#46 Jack Farrer - CB","#1 Christopher Mills - CB","#90 Russell Ely - MLB","#91 Dennis Smith - WLB","#41 Robert Ammons - SS","#31 Chester Doane - FS","#97 Jeremy Pardue - DT","#39 George Rodriguez - FS","#13 Justin Stamps - K",,,,,,,,,,,,,,,,,,,,
WWE,0:39,"WWE 25",1,1,10,"I Formation Normal HB Blast","Goal Line Attack #1",4,14,7,"1-10-WWE 25 (0:40) 42-Robert Gomes ran to WWE 29 for 4 yards. Tackle by 98-Patrick Chew.","#12 Thomas Wojciechowski - QB","#42 Robert Gomes - RB",,,"#43 Jay Baumgartner - FB","#88 Edwin Wilcox - TE",,"#86 Carl Higgins - WR",,"#83 Daniel Glenn - WR",,,"#50 Ashley Rodriguez - LT","#60 Francis Lewis - RT","#66 Keith Coffey - C","#58 Wilbert Curtis - RG","#51 Jose Johnson - RT",,"#92 Jack Pope - LDE","#91 Shawn Harrison - LDE","#96 Alex Cortez - DT","#93 Joe Adkins - DT","#94 Wesley Spaulding - RDE","#98 Patrick Chew - SLB","#95 Philip Steward - MLB",,"#51 Anibal Turner - WLB","#1 Merrill Stafford - CB","#48 Joseph Young - CB",,,,"#35 Larry Phillips - SS",,,,,,,,,,,,,,,,,,,,,,,,,,,,,,,,,,,,,
WWE,0:05,"WWE 29",1,2,6,"Goal Line Normal HB Dive","Goal Line Attack #1",6,14,7,"2-6-WWE 29 (0:04) 42-Robert Gomes ran to WWE 35 for 6 yards. Tackle by 35-Larry Phillips. WWE 42-Robert Gomes was injured on the play. He looks like he should be able to return.","#12 Thomas Wojciechowski - QB","#42 Robert Gomes - RB",,"#48 Carl Bryant - FB","#43 Jay Baumgartner - FB","#88 Edwin Wilcox - TE","#81 Mathew Franzen - TE",,,,,,"#50 Ashley Rodriguez - LT","#60 Francis Lewis - RT","#66 Keith Coffey - C","#58 Wilbert Curtis - RG","#51 Jose Johnson - RT",,"#92 Jack Pope - LDE","#91 Shawn Harrison - LDE","#96 Alex Cortez - DT","#93 Joe Adkins - DT","#94 Wesley Spaulding - RDE","#98 Patrick Chew - SLB","#95 Philip Steward - MLB",,"#51 Anibal Turner - WLB","#1 Merrill Stafford - CB","#48 Joseph Young - CB",,,,"#35 Larry Phillips - SS",,,,,,,,,,,,,,,,,,,,,,,,,,,,,,,,,,,,,
,0:00,,1,3,,,,,14,7,"End of first quarter.",,,,,,,,,,,,,,,,,,,,,,,,,,,,,,,,,,,,,,,,,,,,,,,,,,,,,,,,,,,,,,,,,,,,,,
WWE,15:00,"WWE 35",2,3,,"I Formation Normal PA Streaks","3-4 Normal Man Cover 1",-8,14,7,"3-1-WWE 35 (15:00) 12-Thomas Wojciechowski sacked at WWE 27 for -8 yards (98-Patrick Chew)","#12 Thomas Wojciechowski - QB","#11 Gregory Hall - RB",,,"#43 Jay Baumgartner - FB","#88 Edwin Wilcox - TE",,"#86 Carl Higgins - WR",,"#83 Daniel Glenn - WR",,,"#50 Ashley Rodriguez - LT","#60 Francis Lewis - RT","#66 Keith Coffey - C","#58 Wilbert Curtis - RG","#51 Jose Johnson - RT",,"#92 Jack Pope - LDE",,"#96 Alex Cortez - DT",,"#94 Wesley Spaulding - RDE","#98 Patrick Chew - SLB","#95 Philip Steward - MLB","#56 Benito Serra - MLB","#51 Anibal Turner - WLB","#1 Merrill Stafford - CB","#48 Joseph Young - CB",,,,"#35 Larry Phillips - SS","#46 Jonathan Beck - FS",,,,,,,,,,,,,,,,,,,,,,,,,,,,,,,,,,,,
WWE,14:25,"WWE 27",2,4,8,Punt,"Punt Return",,14,7,"4-8-WWE 27 (14:24) 14-Michael Quintanilla punts 47 yards to BAN 26. Fair Catch by 1-Merrill Stafford.",,,,,,,,,,,,,,,,,,"#14 Michael Quintanilla - P",,,,,,,,,,,,,,,,,,,"#81 Mathew Franzen - TE",,"#1 Merrill Stafford - CB",,,"#43 Charles Lowenstein - FS","#83 William Brannon - WR","#92 Jack Pope - LDE",,"#95 Steven Stancil - WLB","#91 Shawn Harrison - LDE",,"#34 Willie Parker - SS",,,,"#60 Francis Lewis - RT","#58 Wilbert Curtis - RG","#88 Edwin Wilcox - TE","#50 Ashley Rodriguez - LT","#51 Jose Johnson - RT","#62 David Lary - RG",,"#46 Jonathan Beck - FS","#94 Wesley Spaulding - RDE","#98 Patrick Chew - SLB","#52 James Karsten - WLB",,,,,,,
BAN,14:16,"BAN 26",2,1,10,"Strong I Normal HB Off Tackle Strong","46 Normal Inside Blitz",-1,14,7,"1-10-BAN 26 (14:17) 26-Arthur Osborne ran to BAN 25 for -1 yards. Tackle by 99-Ray Long.","#6 Jamie Arriaga - QB","#26 Arthur Osborne - RB",,,"#41 John White - FB","#49 Micheal Gonzales - TE",,"#83 William Brannon - WR",,"#19 Daren Thomas - WR",,,"#77 Richard Prestwood - LT","#78 Joe Wurster - RG","#79 Damon Baldwin - C","#70 Scott Anderson - RG","#74 Robert White - RT",,"#92 Kevin Luke - LDE",,"#50 Juan Saldivar - DT","#93 Charlie Beers - DT","#69 Nicolas Whitcomb - RDE","#99 Ray Long - SLB","#56 Darius Greenman - MLB",,"#91 Dennis Smith - WLB","#46 Jack Farrer - CB","#29 Joel Figueroa - CB",,,,"#41 Robert Ammons - SS","#44 Carl Lucas - CB",,,,,,,,,,,,,,,,,,,,,,,,,,,,,,,,,,,,
BAN,13:45,"BAN 25",2,2,11,"I Formation 3WR Slot Corner Long","Nickel Normal Double WR2",,14,7,"2-11-BAN 25 (13:44) 6-Jamie Arriaga pass Pass knocked down by 91-Dennis Smith. incomplete, intended for 83-William Brannon. 46-Jack Farrer got away with a hold on that play.","#6 Jamie Arriaga - QB","#26 Arthur Osborne - RB",,,"#41 John White - FB",,,"#83 William Brannon - WR","#11 Aaron Kinley - WR","#19 Daren Thomas - WR",,,"#77 Richard Prestwood - LT","#78 Joe Wurster - RG","#79 Damon Baldwin - C","#70 Scott Anderson - RG","#74 Robert White - RT",,"#92 Kevin Luke - LDE",,"#50 Juan Saldivar - DT","#93 Charlie Beers - DT","#69 Nicolas Whitcomb - RDE",,"#56 Darius Greenman - MLB",,"#91 Dennis Smith - WLB","#46 Jack Farrer - CB","#29 Joel Figueroa - CB",,"#1 Christopher Mills - CB",,"#41 Robert Ammons - SS","#44 Carl Lucas - CB",,,,,,,,,,,,,,,,,,,,,,,,,,,,,,,,,,,,
BAN,13:39,"BAN 25",2,3,11,"Weak I Normal HB Inside Strong","4-3 Under Double LB Blitz",2,14,7,"3-11-BAN 25 (13:40) 26-Arthur Osborne ran to BAN 27 for 2 yards. Tackle by 99-Ray Long.","#6 Jamie Arriaga - QB","#26 Arthur Osborne - RB",,,"#41 John White - FB","#49 Micheal Gonzales - TE",,"#83 William Brannon - WR",,"#19 Daren Thomas - WR",,,"#77 Richard Prestwood - LT","#78 Joe Wurster - RG","#66 Jason Glowacki - C","#70 Scott Anderson - RG","#74 Robert White - RT",,"#92 Kevin Luke - LDE",,"#50 Juan Saldivar - DT","#93 Charlie Beers - DT","#69 Nicolas Whitcomb - RDE","#99 Ray Long - SLB","#56 Darius Greenman - MLB",,"#91 Dennis Smith - WLB","#46 Jack Farrer - CB","#29 Joel Figueroa - CB",,,,"#41 Robert Ammons - SS","#44 Carl Lucas - CB",,,,,,,,,,,,,,,,,,,,,,,,,,,,,,,,,,,,
BAN,13:06,"BAN 27",2,4,8,Punt,"Punt Return",,14,7,"4-8-BAN 27 (13:05) 16-Michael Jefferson punts 39 yards to WWE 34. Fair Catch by 20-James Rogers.",,,,,,,,,,,,,,,,,,"#9 Michael Jefferson - P",,,,,,,,,,,,,,,,,,,"#78 Joe Wurster - RG",,"#20 James Rogers - RB",,,"#46 Jack Farrer - CB","#49 George Moss - FS","#90 Russell Ely - MLB",,"#31 Chester Doane - FS","#39 George Rodriguez - FS",,"#1 Christopher Mills - CB",,,,"#66 Jason Glowacki - C","#61 Tyler Burke - RT","#70 Scott Anderson - RG","#74 Robert White - RT","#77 Richard Prestwood - LT","#63 Nicholas Rogers - LG",,"#99 Ray Long - SLB","#91 Dennis Smith - WLB","#41 Robert Ammons - SS","#50 Juan Saldivar - DT",,,,,,,
WWE,12:57,"WWE 34",2,1,10,"I Formation Normal HB Blast","3-4 Normal 3 Deep Man Under",13,14,7,"1-10-WWE 34 (12:58) 11-Gregory Hall ran to WWE 47 for 13 yards. Tackle by 35-Larry Phillips. WWE 83-Daniel Glenn was injured on the play. He looks like he should be able to return.","#12 Thomas Wojciechowski - QB","#11 Gregory Hall - RB",,,"#43 Jay Baumgartner - FB","#88 Edwin Wilcox - TE",,"#86 Carl Higgins - WR",,"#83 Daniel Glenn - WR",,,"#50 Ashley Rodriguez - LT","#60 Francis Lewis - RT","#66 Keith Coffey - C","#58 Wilbert Curtis - RG","#51 Jose Johnson - RT",,"#91 Shawn Harrison - LDE",,"#96 Alex Cortez - DT",,"#94 Wesley Spaulding - RDE","#98 Patrick Chew - SLB","#95 Philip Steward - MLB","#56 Benito Serra - MLB","#51 Anibal Turner - WLB","#48 Joseph Young - CB","#33 Jake Trivett - CB",,,,"#35 Larry Phillips - SS","#46 Jonathan Beck - FS",,,,,,,,,,,,,,,,,,,,,,,,,,,,,,,,,,,,
WWE,12:16,"WWE 47",2,1,10,"Singleback Normal HB Dive Strong","Nickel Normal Man Cover 2",3,14,7,"1-10-WWE 47 (12:15) 11-Gregory Hall ran to WWE 49 for 3 yards. Tackle by 96-Alex Cortez.","#12 Thomas Wojciechowski - QB","#11 Gregory Hall - RB",,,,"#81 Mathew Franzen - TE",,"#86 Carl Higgins - WR","#88 Edwin Wilcox - TE","#82 Alfonso Tindle - WR",,,"#50 Ashley Rodriguez - LT","#60 Francis Lewis - RT","#66 Keith Coffey - C","#58 Wilbert Curtis - RG","#51 Jose Johnson - RT",,"#92 Jack Pope - LDE",,"#96 Alex Cortez - DT","#93 Joe Adkins - DT","#94 Wesley Spaulding - RDE",,"#95 Philip Steward - MLB",,"#51 Anibal Turner - WLB","#1 Merrill Stafford - CB","#48 Joseph Young - CB",,"#33 Jake Trivett - CB",,"#35 Larry Phillips - SS","#46 Jonathan Beck - FS",,,,,,,,,,,,,,,,,,,,,,,,,,,,,,,,,,,,
WWE,11:32,"WWE 49",2,2,7,"Shotgun Normal HB Flare","Nickel Strong 2 Deep Man Under",23,14,7,"2-7-WWE 49 (11:31) 12-Thomas Wojciechowski pass complete to 82-Alfonso Tindle to BAN 27 for 23 yards. Pushed out of bounds by 46-Jonathan Beck.","#12 Thomas Wojciechowski - QB","#11 Gregory Hall - RB",,,,"#81 Mathew Franzen - TE",,"#86 Carl Higgins - WR","#88 Edwin Wilcox - TE","#82 Alfonso Tindle - WR",,,"#50 Ashley Rodriguez - LT","#60 Francis Lewis - RT","#66 Keith Coffey - C","#58 Wilbert Curtis - RG","#51 Jose Johnson - RT",,"#92 Jack Pope - LDE",,"#96 Alex Cortez - DT","#93 Joe Adkins - DT","#94 Wesley Spaulding - RDE",,"#95 Philip Steward - MLB",,"#51 Anibal Turner - WLB","#1 Merrill Stafford - CB","#48 Joseph Young - CB",,"#33 Jake Trivett - CB",,"#35 Larry Phillips - SS","#46 Jonathan Beck - FS",,,,,,,,,,,,,,,,,,,,,,,,,,,,,,,,,,,,
WWE,10:50,"BAN 27",2,1,10,"Shotgun Normal HB Flare","Nickel Normal 3 Deep Man Under",10,14,7,"1-10-BAN 27 (10:49) 12-Thomas Wojciechowski pass complete to 88-Edwin Wilcox to BAN 17 for 10 yards. Tackle by 51-Anibal Turner. Great move by 88-Edwin Wilcox to get free of his coverage.","#12 Thomas Wojciechowski - QB","#20 James Rogers - RB",,,,"#81 Mathew Franzen - TE",,"#86 Carl Higgins - WR","#88 Edwin Wilcox - TE","#82 Alfonso Tindle - WR",,,"#50 Ashley Rodriguez - LT","#60 Francis Lewis - RT","#66 Keith Coffey - C","#58 Wilbert Curtis - RG","#51 Jose Johnson - RT",,"#92 Jack Pope - LDE",,"#96 Alex Cortez - DT","#93 Joe Adkins - DT","#94 Wesley Spaulding - RDE",,"#95 Philip Steward - MLB",,"#51 Anibal Turner - WLB","#1 Merrill Stafford - CB","#48 Joseph Young - CB",,"#33 Jake Trivett - CB",,"#34 Willie Parker - SS","#46 Jonathan Beck - FS",,,,,,,,,,,,,,,,,,,,,,,,,,,,,,,,,,,,
WWE,10:12,"BAN 17",2,1,10,"Goal Line Normal HB Toss Strong","Goal Line 3 Deep Man",2,14,7,"1-10-BAN 17 (10:11) 11-Gregory Hall ran to BAN 15 for 2 yards. Tackle by 95-Philip Steward.","#12 Thomas Wojciechowski - QB","#11 Gregory Hall - RB",,"#48 Carl Bryant - FB","#43 Jay Baumgartner - FB","#88 Edwin Wilcox - TE","#81 Mathew Franzen - TE",,,,,,"#50 Ashley Rodriguez - LT","#60 Francis Lewis - RT","#66 Keith Coffey - C","#58 Wilbert Curtis - RG","#51 Jose Johnson - RT",,"#92 Jack Pope - LDE","#91 Shawn Harrison - LDE","#96 Alex Cortez - DT","#93 Joe Adkins - DT","#94 Wesley Spaulding - RDE","#98 Patrick Chew - SLB","#95 Philip Steward - MLB",,"#51 Anibal Turner - WLB","#1 Merrill Stafford - CB","#33 Jake Trivett - CB",,,,"#35 Larry Phillips - SS",,,,,,,,,,,,,,,,,,,,,,,,,,,,,,,,,,,,,
WWE,9:29,"BAN 15",2,2,8,"I Formation Power HB Strong Outside","Goal Line 3 Deep Man",,14,7,"2-8-BAN 15 (9:28) PENALTY - False Start (WWE 48-Carl Bryant)","#12 Thomas Wojciechowski - QB","#11 Gregory Hall - RB",,"#48 Carl Bryant - FB","#43 Jay Baumgartner - FB","#88 Edwin Wilcox - TE",,"#86 Carl Higgins - WR",,,,,"#50 Ashley Rodriguez - LT","#60 Francis Lewis - RT","#66 Keith Coffey - C","#58 Wilbert Curtis - RG","#51 Jose Johnson - RT",,"#92 Jack Pope - LDE","#91 Shawn Harrison - LDE","#96 Alex Cortez - DT","#93 Joe Adkins - DT","#94 Wesley Spaulding - RDE","#98 Patrick Chew - SLB","#95 Philip Steward - MLB",,"#55 Richard Schweizer - SLB","#1 Merrill Stafford - CB","#48 Joseph Young - CB",,,,"#35 Larry Phillips - SS",,,,,,,,,,,,,,,,,,,,,,,,,,,,,,,,,,,,,
WWE,9:27,"BAN 20",2,2,13,"Weak I Normal HB Inside Weak","3-4 Normal Man Cover 1",1,14,7,"2-13-BAN 20 (9:28) 11-Gregory Hall ran to BAN 19 for 1 yards. Tackle by 94-Wesley Spaulding.","#12 Thomas Wojciechowski - QB","#11 Gregory Hall - RB",,,"#43 Jay Baumgartner - FB","#88 Edwin Wilcox - TE",,"#86 Carl Higgins - WR",,"#82 Alfonso Tindle - WR",,,"#50 Ashley Rodriguez - LT","#60 Francis Lewis - RT","#66 Keith Coffey - C","#58 Wilbert Curtis - RG","#51 Jose Johnson - RT",,"#92 Jack Pope - LDE",,"#96 Alex Cortez - DT",,"#94 Wesley Spaulding - RDE","#98 Patrick Chew - SLB","#95 Philip Steward - MLB","#56 Benito Serra - MLB","#51 Anibal Turner - WLB","#1 Merrill Stafford - CB","#48 Joseph Young - CB",,,,"#35 Larry Phillips - SS","#46 Jonathan Beck - FS",,,,,,,,,,,,,,,,,,,,,,,,,,,,,,,,,,,,
WWE,8:45,"BAN 19",2,3,12,"Goal Line Normal HB Dive","Goal Line 3 Deep Man",2,14,7,"3-12-BAN 19 (8:44) 11-Gregory Hall ran to BAN 17 for 2 yards. Tackle by 95-Philip Steward.","#12 Thomas Wojciechowski - QB","#11 Gregory Hall - RB",,"#48 Carl Bryant - FB","#43 Jay Baumgartner - FB","#88 Edwin Wilcox - TE","#81 Mathew Franzen - TE",,,,,,"#50 Ashley Rodriguez - LT","#60 Francis Lewis - RT","#66 Keith Coffey - C","#58 Wilbert Curtis - RG","#51 Jose Johnson - RT",,"#92 Jack Pope - LDE","#91 Shawn Harrison - LDE","#96 Alex Cortez - DT","#93 Joe Adkins - DT","#94 Wesley Spaulding - RDE","#98 Patrick Chew - SLB","#95 Philip Steward - MLB",,"#51 Anibal Turner - WLB","#1 Merrill Stafford - CB","#48 Joseph Young - CB",,,,"#35 Larry Phillips - SS",,,,,,,,,,,,,,,,,,,,,,,,,,,,,,,,,,,,,
WWE,8:12,"BAN 17",2,4,10,"Field Goal","FG Block",28,14,10,"4-10-BAN 17 (8:11) 2-Michael Dahle 35 yard field goal is GOOD. PENALTY - Offsides (BAN 96-Alex Cortez) (Declined) BAN 14 WWE 10",,,,,,,,,,,,,,,,,,,,,,,,,,,,,,,,,,,,"#11 Gregory Hall - RB","#81 Mathew Franzen - TE",,,,,,,,,,,,,,"#2 Michael Dahle - K","#48 Carl Bryant - FB","#60 Francis Lewis - RT","#58 Wilbert Curtis - RG","#88 Edwin Wilcox - TE","#50 Ashley Rodriguez - LT","#51 Jose Johnson - RT","#62 David Lary - RG","#53 Charles Bayne - RT","#1 Merrill Stafford - CB","#94 Wesley Spaulding - RDE","#98 Patrick Chew - SLB","#52 James Karsten - WLB","#34 Willie Parker - SS","#55 Richard Schweizer - SLB","#96 Alex Cortez - DT","#43 Charles Lowenstein - FS","#46 Jonathan Beck - FS","#93 Joe Adkins - DT","#51 Anibal Turner - WLB"
WWE,8:07,"WWE 35",2,6,10,Kickoff,"Kick Return",,14,10,"(8:08) 2-Michael Dahle kicks 70 yards from WWE 35 to BAN -5. Touchback.",,,,,,,,,,,,,,,,,,,,,,,,,,,,,,,,,,,,,,"#26 Arthur Osborne - RB",,"#94 Wesley Spaulding - RDE","#83 William Brannon - WR","#92 Jack Pope - LDE","#34 Willie Parker - SS","#1 Merrill Stafford - CB","#52 James Karsten - WLB","#43 Charles Lowenstein - FS","#95 Steven Stancil - WLB","#61 Tyler Burke - RT","#91 Shawn Harrison - LDE","#2 Michael Dahle - K",,,,,,,,,,,,,,,,,,,,
BAN,8:07,"BAN 25",2,1,10,"I Formation Normal FL Hitch","4-3 Under Crash Right",75,20,10,"1-10-BAN 25 (8:08) 6-Jamie Arriaga pass complete to 19-Daren Thomas for 75 yards. TOUCHDOWN! Nice job by 19-Daren Thomas on that route to lose his coverage. BAN 20 WWE 10","#6 Jamie Arriaga - QB","#26 Arthur Osborne - RB",,,"#41 John White - FB","#49 Micheal Gonzales - TE",,"#83 William Brannon - WR",,"#19 Daren Thomas - WR",,,"#77 Richard Prestwood - LT","#78 Joe Wurster - RG","#79 Damon Baldwin - C","#70 Scott Anderson - RG","#74 Robert White - RT",,"#92 Kevin Luke - LDE",,"#50 Juan Saldivar - DT","#93 Charlie Beers - DT","#69 Nicolas Whitcomb - RDE","#99 Ray Long - SLB","#56 Darius Greenman - MLB",,"#91 Dennis Smith - WLB","#46 Jack Farrer - CB","#29 Joel Figueroa - CB",,,,"#41 Robert Ammons - SS","#44 Carl Lucas - CB",,,,,,,,,,,,,,,,,,,,,,,,,,,,,,,,,,,,
BAN,7:56,"WWE 15",2,7,15,"Field Goal","FG Block",26,21,10,"(7:57) Extra point GOOD by 13-Justin Stamps. BAN 21 WWE 10",,,,,,,,,,,,,,,,,,,,,,,,,,,,,,,,,,,,"#1 Merrill Stafford - CB","#63 Nicholas Rogers - LG",,,,,,,,,,,,,,"#13 Justin Stamps - K","#60 Todd Cervantes - RG","#70 Scott Anderson - RG","#74 Robert White - RT","#61 Tyler Burke - RT","#66 Jason Glowacki - C","#79 Damon Baldwin - C","#77 Richard Prestwood - LT","#23 James Tillman - RB","#91 Dennis Smith - WLB","#90 Russell Ely - MLB","#50 Juan Saldivar - DT","#31 Chester Doane - FS","#93 Charlie Beers - DT","#97 Jeremy Pardue - DT","#39 George Rodriguez - FS","#46 Jack Farrer - CB","#41 Robert Ammons - SS","#94 Joseph Wilson - LDE","#41 Kenneth Wheaton - SS"
BAN,7:56,"BAN 35",2,6,10,Kickoff,"Kick Return",,21,10,"(7:57) 13-Justin Stamps kicks 75 yards from BAN 35 to WWE -10. Touchback.",,,,,,,,,,,,,,,,,,,,,,,,,,,,,,,,,,,,,,"#20 James Rogers - RB",,"#41 Kenneth Wheaton - SS","#41 Robert Ammons - SS","#31 Chester Doane - FS","#46 Jack Farrer - CB","#90 Russell Ely - MLB","#97 Jeremy Pardue - DT","#39 George Rodriguez - FS","#1 Christopher Mills - CB","#94 Joseph Wilson - LDE","#49 George Moss - FS","#13 Justin Stamps - K",,,,,,,,,,,,,,,,,,,,
WWE,7:56,"WWE 25",2,1,10,"Goal Line Normal HB Pitch Weak","Goal Line Attack #1",2,21,10,"1-10-WWE 25 (7:57) 42-Robert Gomes ran to WWE 27 for 2 yards. Tackle by 95-Philip Steward.","#12 Thomas Wojciechowski - QB","#42 Robert Gomes - RB",,"#48 Carl Bryant - FB","#43 Jay Baumgartner - FB","#88 Edwin Wilcox - TE","#81 Mathew Franzen - TE",,,,,,"#50 Ashley Rodriguez - LT","#60 Francis Lewis - RT","#66 Keith Coffey - C","#58 Wilbert Curtis - RG","#51 Jose Johnson - RT",,"#91 Shawn Harrison - LDE","#97 Herman Hankins - DT","#96 Alex Cortez - DT","#93 Joe Adkins - DT","#94 Wesley Spaulding - RDE","#98 Patrick Chew - SLB","#95 Philip Steward - MLB",,"#51 Anibal Turner - WLB","#48 Joseph Young - CB","#33 Jake Trivett - CB",,,,"#35 Larry Phillips - SS",,,,,,,,,,,,,,,,,,,,,,,,,,,,,,,,,,,,,
WWE,7:18,"WWE 27",2,2,8,"Shotgun 2 RB 3 WR RB Curls","Nickel Normal Man Cover 2",9,21,10,"2-8-WWE 27 (7:17) 12-Thomas Wojciechowski pass complete to 42-Robert Gomes to WWE 36 for 9 yards. Tackle by 95-Philip Steward.","#12 Thomas Wojciechowski - QB","#42 Robert Gomes - RB","#11 Gregory Hall - RB",,,,,"#86 Carl Higgins - WR","#82 Alfonso Tindle - WR","#83 Daniel Glenn - WR",,,"#50 Ashley Rodriguez - LT","#60 Francis Lewis - RT","#66 Keith Coffey - C","#58 Wilbert Curtis - RG","#51 Jose Johnson - RT",,"#92 Jack Pope - LDE",,"#96 Alex Cortez - DT","#93 Joe Adkins - DT","#94 Wesley Spaulding - RDE",,"#95 Philip Steward - MLB",,"#51 Anibal Turner - WLB","#1 Merrill Stafford - CB","#48 Joseph Young - CB",,"#33 Jake Trivett - CB",,"#35 Larry Phillips - SS","#46 Jonathan Beck - FS",,,,,,,,,,,,,,,,,,,,,,,,,,,,,,,,,,,,
WWE,6:41,"WWE 36",2,1,10,"I Formation Normal PA Streaks","3-4 Normal 2 Deep Zone",,21,10,"1-10-WWE 36 (6:40) 12-Thomas Wojciechowski pass incomplete, dropped by 43-Jay Baumgartner.","#12 Thomas Wojciechowski - QB","#42 Robert Gomes - RB",,,"#43 Jay Baumgartner - FB","#88 Edwin Wilcox - TE",,"#86 Carl Higgins - WR",,"#83 Daniel Glenn - WR",,,"#50 Ashley Rodriguez - LT","#60 Francis Lewis - RT","#66 Keith Coffey - C","#58 Wilbert Curtis - RG","#51 Jose Johnson - RT",,"#92 Jack Pope - LDE",,"#96 Alex Cortez - DT",,"#94 Wesley Spaulding - RDE","#98 Patrick Chew - SLB","#95 Philip Steward - MLB","#56 Benito Serra - MLB","#51 Anibal Turner - WLB","#1 Merrill Stafford - CB","#48 Joseph Young - CB",,,,"#35 Larry Phillips - SS","#46 Jonathan Beck - FS",,,,,,,,,,,,,,,,,,,,,,,,,,,,,,,,,,,,
WWE,6:35,"WWE 36",2,2,10,"I Formation Normal PA Streaks","3-4 Normal Man Cover 1",-8,21,10,"2-10-WWE 36 (6:36) 12-Thomas Wojciechowski sacked at WWE 28 for -8 yards (94-Wesley Spaulding). Sack allowed by 50-Ashley Rodriguez. 50-Ashley Rodriguez totally missed that block.","#12 Thomas Wojciechowski - QB","#42 Robert Gomes - RB",,,"#43 Jay Baumgartner - FB","#88 Edwin Wilcox - TE",,"#86 Carl Higgins - WR",,"#83 Daniel Glenn - WR",,,"#50 Ashley Rodriguez - LT","#60 Francis Lewis - RT","#66 Keith Coffey - C","#58 Wilbert Curtis - RG","#51 Jose Johnson - RT",,"#92 Jack Pope - LDE",,"#96 Alex Cortez - DT",,"#94 Wesley Spaulding - RDE","#98 Patrick Chew - SLB","#95 Philip Steward - MLB","#56 Benito Serra - MLB","#51 Anibal Turner - WLB","#48 Joseph Young - CB","#33 Jake Trivett - CB",,,,"#34 Willie Parker - SS","#46 Jonathan Beck - FS",,,,,,,,,,,,,,,,,,,,,,,,,,,,,,,,,,,,
WWE,5:54,"WWE 28",2,3,18,"I Formation Normal PA Streaks","3-4 Normal 2 Deep Zone",12,21,10,"3-18-WWE 28 (5:53) 12-Thomas Wojciechowski pass complete to 43-Jay Baumgartner to WWE 40 for 12 yards. Tackle by 56-Benito Serra. PENALTY - Holding (WWE 51-Jose Johnson) (Declined)","#12 Thomas Wojciechowski - QB","#42 Robert Gomes - RB",,,"#43 Jay Baumgartner - FB","#88 Edwin Wilcox - TE",,"#86 Carl Higgins - WR",,"#83 Daniel Glenn - WR",,,"#50 Ashley Rodriguez - LT","#60 Francis Lewis - RT","#66 Keith Coffey - C","#58 Wilbert Curtis - RG","#51 Jose Johnson - RT",,"#92 Jack Pope - LDE",,"#96 Alex Cortez - DT",,"#94 Wesley Spaulding - RDE","#98 Patrick Chew - SLB","#95 Philip Steward - MLB","#56 Benito Serra - MLB","#51 Anibal Turner - WLB","#1 Merrill Stafford - CB","#48 Joseph Young - CB",,,,"#35 Larry Phillips - SS","#43 Charles Lowenstein - FS",,,,,,,,,,,,,,,,,,,,,,,,,,,,,,,,,,,,
WWE,5:46,"WWE 40",2,4,6,Punt,"Punt Return",,21,10,"4-6-WWE 40 (5:47) 14-Michael Quintanilla punts 48 yards to BAN 12. Fair Catch by 26-Arthur Osborne.",,,,,,,,,,,,,,,,,,"#14 Michael Quintanilla - P",,,,,,,,,,,,,,,,,,,"#81 Mathew Franzen - TE",,"#26 Arthur Osborne - RB",,,"#95 Steven Stancil - WLB","#1 Merrill Stafford - CB","#92 Jack Pope - LDE",,"#91 Shawn Harrison - LDE","#34 Willie Parker - SS",,"#83 William Brannon - WR",,,,"#62 David Lary - RG","#60 Francis Lewis - RT","#50 Ashley Rodriguez - LT","#51 Jose Johnson - RT","#58 Wilbert Curtis - RG","#53 Charles Bayne - RT",,"#93 Joe Adkins - DT","#94 Wesley Spaulding - RDE","#52 James Karsten - WLB","#46 Jonathan Beck - FS",,,,,,,
BAN,5:40,"BAN 12",2,1,10,"Strong I Normal HB Off Tackle Strong","4-3 Under Crash Right",6,21,10,"1-10-BAN 12 (5:41) 26-Arthur Osborne ran to BAN 18 for 6 yards. Tackle by 91-Dennis Smith.","#6 Jamie Arriaga - QB","#26 Arthur Osborne - RB",,,"#41 John White - FB","#49 Micheal Gonzales - TE",,"#19 Daren Thomas - WR",,"#11 Aaron Kinley - WR",,,"#77 Richard Prestwood - LT","#78 Joe Wurster - RG","#79 Damon Baldwin - C","#70 Scott Anderson - RG","#74 Robert White - RT",,"#92 Kevin Luke - LDE",,"#50 Juan Saldivar - DT","#93 Charlie Beers - DT","#69 Nicolas Whitcomb - RDE","#99 Ray Long - SLB","#56 Darius Greenman - MLB",,"#91 Dennis Smith - WLB","#46 Jack Farrer - CB","#29 Joel Figueroa - CB",,,,"#41 Robert Ammons - SS","#44 Carl Lucas - CB",,,,,,,,,,,,,,,,,,,,,,,,,,,,,,,,,,,,
BAN,5:04,"BAN 18",2,2,4,"Singleback Slot Strong TE Slot Curls","Nickel Normal Double WR3",,21,10,"2-4-BAN 18 (5:03) 6-Jamie Arriaga pass INTERCEPTED by 91-Dennis Smith at BAN 22. 91-Dennis Smith to BAN 21 for 1 yards. Tackle by 49-Micheal Gonzales.","#6 Jamie Arriaga - QB","#26 Arthur Osborne - RB",,,,"#49 Micheal Gonzales - TE",,"#83 William Brannon - WR","#11 Aaron Kinley - WR","#19 Daren Thomas - WR",,,"#77 Richard Prestwood - LT","#78 Joe Wurster - RG","#79 Damon Baldwin - C","#70 Scott Anderson - RG","#74 Robert White - RT",,"#92 Kevin Luke - LDE",,"#50 Juan Saldivar - DT","#93 Charlie Beers - DT","#69 Nicolas Whitcomb - RDE",,"#56 Darius Greenman - MLB",,"#91 Dennis Smith - WLB","#46 Jack Farrer - CB","#29 Joel Figueroa - CB",,"#1 Christopher Mills - CB",,"#41 Robert Ammons - SS","#44 Carl Lucas - CB",,,,,,,,,,,,,,,,,,,,,,,,,,,,,,,,,,,,
WWE,5:00,"BAN 21",2,1,10,"Goal Line Normal HB Pitch Weak","Goal Line 3 Deep Man",3,21,10,"1-10-BAN 21 (5:01) 42-Robert Gomes ran to BAN 18 for 3 yards. Tackle by 95-Philip Steward.","#12 Thomas Wojciechowski - QB","#42 Robert Gomes - RB",,"#48 Carl Bryant - FB","#43 Jay Baumgartner - FB","#88 Edwin Wilcox - TE","#81 Mathew Franzen - TE",,,,,,"#50 Ashley Rodriguez - LT","#60 Francis Lewis - RT","#66 Keith Coffey - C","#58 Wilbert Curtis - RG","#51 Jose Johnson - RT",,"#92 Jack Pope - LDE","#91 Shawn Harrison - LDE","#96 Alex Cortez - DT","#93 Joe Adkins - DT","#94 Wesley Spaulding - RDE","#98 Patrick Chew - SLB","#95 Philip Steward - MLB",,"#51 Anibal Turner - WLB","#1 Merrill Stafford - CB","#48 Joseph Young - CB",,,,"#35 Larry Phillips - SS",,,,,,,,,,,,,,,,,,,,,,,,,,,,,,,,,,,,,
WWE,4:19,"BAN 18",2,2,7,"Weak I Normal HB Inside Weak","3-4 Normal Man Cover 1",1,21,10,"2-7-BAN 18 (4:18) 42-Robert Gomes ran to BAN 17 for 1 yards. Tackle by 96-Alex Cortez.","#12 Thomas Wojciechowski - QB","#42 Robert Gomes - RB",,,"#43 Jay Baumgartner - FB","#88 Edwin Wilcox - TE",,"#86 Carl Higgins - WR",,"#83 Daniel Glenn - WR",,,"#50 Ashley Rodriguez - LT","#60 Francis Lewis - RT","#66 Keith Coffey - C","#58 Wilbert Curtis - RG","#51 Jose Johnson - RT",,"#92 Jack Pope - LDE",,"#96 Alex Cortez - DT",,"#94 Wesley Spaulding - RDE","#98 Patrick Chew - SLB","#95 Philip Steward - MLB","#56 Benito Serra - MLB","#51 Anibal Turner - WLB","#1 Merrill Stafford - CB","#48 Joseph Young - CB",,,,"#35 Larry Phillips - SS","#46 Jonathan Beck - FS",,,,,,,,,,,,,,,,,,,,,,,,,,,,,,,,,,,,
WWE,3:38,"BAN 17",2,3,6,"Goal Line Normal HB Dive","Goal Line 3 Deep Man",1,21,10,"3-6-BAN 17 (3:37) 42-Robert Gomes ran to BAN 16 for 1 yards. Tackle by 92-Jack Pope.","#12 Thomas Wojciechowski - QB","#42 Robert Gomes - RB",,"#48 Carl Bryant - FB","#43 Jay Baumgartner - FB","#88 Edwin Wilcox - TE","#81 Mathew Franzen - TE",,,,,,"#50 Ashley Rodriguez - LT","#60 Francis Lewis - RT","#66 Keith Coffey - C","#58 Wilbert Curtis - RG","#51 Jose Johnson - RT",,"#92 Jack Pope - LDE","#91 Shawn Harrison - LDE","#96 Alex Cortez - DT","#93 Joe Adkins - DT","#94 Wesley Spaulding - RDE","#98 Patrick Chew - SLB","#95 Philip Steward - MLB",,"#51 Anibal Turner - WLB","#1 Merrill Stafford - CB","#48 Joseph Young - CB",,,,"#35 Larry Phillips - SS",,,,,,,,,,,,,,,,,,,,,,,,,,,,,,,,,,,,,
WWE,2:54,"BAN 16",2,4,5,"Field Goal","FG Block",26,21,13,"4-5-BAN 16 (2:53) 2-Michael Dahle 34 yard field goal is GOOD. BAN 21 WWE 13",,,,,,,,,,,,,,,,,,,,,,,,,,,,,,,,,,,,"#11 Gregory Hall - RB","#81 Mathew Franzen - TE",,,,,,,,,,,,,,"#2 Michael Dahle - K","#48 Carl Bryant - FB","#60 Francis Lewis - RT","#58 Wilbert Curtis - RG","#88 Edwin Wilcox - TE","#50 Ashley Rodriguez - LT","#51 Jose Johnson - RT","#62 David Lary - RG","#53 Charles Bayne - RT","#1 Merrill Stafford - CB","#94 Wesley Spaulding - RDE","#98 Patrick Chew - SLB","#52 James Karsten - WLB","#34 Willie Parker - SS","#55 Richard Schweizer - SLB","#96 Alex Cortez - DT","#43 Charles Lowenstein - FS","#46 Jonathan Beck - FS","#93 Joe Adkins - DT","#51 Anibal Turner - WLB"
WWE,2:49,"WWE 35",2,6,10,Kickoff,"Kick Return",,21,13,"(2:50) 2-Michael Dahle kicks 72 yards from WWE 35 to BAN -7. 26-Arthur Osborne to BAN 19 for 26 yards. Tackle by 49-George Moss. WWE 41-Robert Ammons was injured on the play. He looks like he should be able to return.",,,,,,,,,,,,,,,,,,,,,,,,,,,,,,,,,,,,,,"#26 Arthur Osborne - RB",,"#94 Wesley Spaulding - RDE","#83 William Brannon - WR","#92 Jack Pope - LDE","#34 Willie Parker - SS","#1 Merrill Stafford - CB","#52 James Karsten - WLB","#43 Charles Lowenstein - FS","#95 Steven Stancil - WLB","#61 Tyler Burke - RT","#91 Shawn Harrison - LDE","#2 Michael Dahle - K",,,,,,,,,,,,,,,,,,,,
BAN,2:45,"BAN 19",2,1,10,"Strong I Normal HB Off Tackle Strong","46 Normal Inside Blitz",2,21,13,"1-10-BAN 19 (2:46) 17-Lonnie Ramos ran to BAN 20 for 2 yards. Tackle by 52-Bruce Clodfelter.","#6 Jamie Arriaga - QB","#17 Lonnie Ramos - RB",,,"#41 John White - FB","#49 Micheal Gonzales - TE",,"#83 William Brannon - WR",,"#19 Daren Thomas - WR",,,"#77 Richard Prestwood - LT","#78 Joe Wurster - RG","#79 Damon Baldwin - C","#70 Scott Anderson - RG","#74 Robert White - RT",,"#92 Kevin Luke - LDE",,"#50 Juan Saldivar - DT","#93 Charlie Beers - DT","#69 Nicolas Whitcomb - RDE","#99 Ray Long - SLB","#56 Darius Greenman - MLB",,"#52 Bruce Clodfelter - WLB","#46 Jack Farrer - CB","#29 Joel Figueroa - CB",,,,"#41 Robert Ammons - SS","#44 Carl Lucas - CB",,,,,,,,,,,,,,,,,,,,,,,,,,,,,,,,,,,,
BAN,2:10,"BAN 20",2,2,8,"Shotgun Normal HB Flare","Nickel Normal Double WR3",6,21,13,"2-8-BAN 20 (2:09) 6-Jamie Arriaga pass complete to 26-Arthur Osborne to BAN 26 for 6 yards. Tackle by 46-Jack Farrer. Nice job by 26-Arthur Osborne on that route to lose his coverage.","#6 Jamie Arriaga - QB","#26 Arthur Osborne - RB",,,,"#49 Micheal Gonzales - TE",,"#83 William Brannon - WR","#11 Aaron Kinley - WR","#19 Daren Thomas - WR",,,"#77 Richard Prestwood - LT","#78 Joe Wurster - RG","#79 Damon Baldwin - C","#70 Scott Anderson - RG","#74 Robert White - RT",,"#92 Kevin Luke - LDE",,"#50 Juan Saldivar - DT","#93 Charlie Beers - DT","#69 Nicolas Whitcomb - RDE",,"#56 Darius Greenman - MLB",,"#91 Dennis Smith - WLB","#46 Jack Farrer - CB","#29 Joel Figueroa - CB",,"#1 Christopher Mills - CB",,"#41 Robert Ammons - SS","#44 Carl Lucas - CB",,,,,,,,,,,,,,,,,,,,,,,,,,,,,,,,,,,,
,2:00,,2,3,2,,,,21,13,"Timeout for two minute warning.",,,,,,,,,,,,,,,,,,,,,,,,,,,,,,,,,,,,,,,,,,,,,,,,,,,,,,,,,,,,,,,,,,,,,,
BAN,2:00,"BAN 26",2,3,2,"Split Backs Normal Strong Pitch Sweep","Goal Line Attack #3",-0,21,13,"3-2-BAN 26 (2:00) 41-John White ran to BAN 26 for a short loss. Tackle by 56-Darius Greenman.","#6 Jamie Arriaga - QB","#17 Lonnie Ramos - RB",,,"#41 John White - FB","#49 Micheal Gonzales - TE",,"#83 William Brannon - WR",,"#19 Daren Thomas - WR",,,"#77 Richard Prestwood - LT","#78 Joe Wurster - RG","#79 Damon Baldwin - C","#70 Scott Anderson - RG","#74 Robert White - RT",,"#92 Kevin Luke - LDE","#94 Joseph Wilson - LDE","#50 Juan Saldivar - DT","#93 Charlie Beers - DT","#69 Nicolas Whitcomb - RDE","#99 Ray Long - SLB","#56 Darius Greenman - MLB",,"#91 Dennis Smith - WLB","#46 Jack Farrer - CB","#29 Joel Figueroa - CB",,,,"#41 Robert Ammons - SS",,,,,,,,,,,,,,,,,,,,,,,,,,,,,,,,,,,,,
,1:58,,2,4,3,,,,21,13,"Timeout WWE",,,,,,,,,,,,,,,,,,,,,,,,,,,,,,,,,,,,,,,,,,,,,,,,,,,,,,,,,,,,,,,,,,,,,,
BAN,1:56,"BAN 26",2,4,3,Punt,"Punt Return",,21,13,"4-3-BAN 26 (1:57) 16-Michael Jefferson punts 44 yards to WWE 30. Fair Catch by 20-James Rogers.",,,,,,,,,,,,,,,,,,"#9 Michael Jefferson - P",,,,,,,,,,,,,,,,,,,"#78 Joe Wurster - RG",,"#20 James Rogers - RB",,,"#46 Jack Farrer - CB","#49 George Moss - FS","#90 Russell Ely - MLB",,"#31 Chester Doane - FS","#39 George Rodriguez - FS",,"#1 Christopher Mills - CB",,,,"#61 Tyler Burke - RT","#77 Richard Prestwood - LT","#70 Scott Anderson - RG","#74 Robert White - RT","#79 Damon Baldwin - C","#66 Jason Glowacki - C",,"#99 Ray Long - SLB","#91 Dennis Smith - WLB","#41 Robert Ammons - SS","#50 Juan Saldivar - DT",,,,,,,
WWE,1:49,"WWE 30",2,1,10,"I Formation Power HB Strong Outside","Goal Line Attack #2",1,21,13,"1-10-WWE 30 (1:50) 42-Robert Gomes ran to WWE 31 for 1 yards. Tackle by 95-Philip Steward.","#12 Thomas Wojciechowski - QB","#42 Robert Gomes - RB",,"#48 Carl Bryant - FB","#43 Jay Baumgartner - FB","#88 Edwin Wilcox - TE",,"#86 Carl Higgins - WR",,,,,"#50 Ashley Rodriguez - LT","#60 Francis Lewis - RT","#66 Keith Coffey - C","#58 Wilbert Curtis - RG","#51 Jose Johnson - RT",,"#91 Shawn Harrison - LDE","#97 Herman Hankins - DT","#96 Alex Cortez - DT","#93 Joe Adkins - DT","#94 Wesley Spaulding - RDE","#98 Patrick Chew - SLB","#95 Philip Steward - MLB",,"#51 Anibal Turner - WLB","#48 Joseph Young - CB","#33 Jake Trivett - CB",,,,"#35 Larry Phillips - SS",,,,,,,,,,,,,,,,,,,,,,,,,,,,,,,,,,,,,
WWE,1:12,"WWE 31",2,2,9,"Singleback Normal HB Counter Weak","Nickel Normal 3 Deep Man Under",8,21,13,"2-9-WWE 31 (1:11) 42-Robert Gomes ran to WWE 39 for 8 yards. Tackle by 94-Wesley Spaulding. PENALTY - Unnecessary Roughness (BAN 94-Wesley Spaulding)","#12 Thomas Wojciechowski - QB","#42 Robert Gomes - RB",,,,"#88 Edwin Wilcox - TE",,"#86 Carl Higgins - WR","#82 Alfonso Tindle - WR","#83 Daniel Glenn - WR",,,"#50 Ashley Rodriguez - LT","#60 Francis Lewis - RT","#66 Keith Coffey - C","#58 Wilbert Curtis - RG","#51 Jose Johnson - RT",,"#92 Jack Pope - LDE",,"#96 Alex Cortez - DT","#93 Joe Adkins - DT","#94 Wesley Spaulding - RDE",,"#95 Philip Steward - MLB",,"#51 Anibal Turner - WLB","#1 Merrill Stafford - CB","#48 Joseph Young - CB",,"#33 Jake Trivett - CB",,"#35 Larry Phillips - SS","#46 Jonathan Beck - FS",,,,,,,,,,,,,,,,,,,,,,,,,,,,,,,,,,,,
WWE,1:06,"BAN 46",2,1,10,"I Formation Normal PA Streaks","3-4 Normal 2 Deep Zone",,21,13,"1-10-BAN 46 (1:07) 12-Thomas Wojciechowski pass incomplete, dropped by 43-Jay Baumgartner. Pressure by 94-Wesley Spaulding.","#12 Thomas Wojciechowski - QB","#42 Robert Gomes - RB",,,"#43 Jay Baumgartner - FB","#88 Edwin Wilcox - TE",,"#86 Carl Higgins - WR",,"#83 Daniel Glenn - WR",,,"#50 Ashley Rodriguez - LT","#60 Francis Lewis - RT","#66 Keith Coffey - C","#58 Wilbert Curtis - RG","#51 Jose Johnson - RT",,"#92 Jack Pope - LDE",,"#96 Alex Cortez - DT",,"#94 Wesley Spaulding - RDE","#98 Patrick Chew - SLB","#95 Philip Steward - MLB","#56 Benito Serra - MLB","#51 Anibal Turner - WLB","#1 Merrill Stafford - CB","#48 Joseph Young - CB",,,,"#35 Larry Phillips - SS","#46 Jonathan Beck - FS",,,,,,,,,,,,,,,,,,,,,,,,,,,,,,,,,,,,
WWE,1:02,"BAN 46",2,2,10,"Shotgun Normal Deep Weak In and Out","Nickel Strong 2 Deep Man Under",-9,21,13,"2-10-BAN 46 (1:03) 12-Thomas Wojciechowski sacked at WWE 44 for -9 yards (92-Jack Pope). Sack allowed by 51-Jose Johnson.","#12 Thomas Wojciechowski - QB","#11 Gregory Hall - RB",,,,"#88 Edwin Wilcox - TE",,"#86 Carl Higgins - WR","#82 Alfonso Tindle - WR","#83 Daniel Glenn - WR",,,"#50 Ashley Rodriguez - LT","#60 Francis Lewis - RT","#66 Keith Coffey - C","#58 Wilbert Curtis - RG","#51 Jose Johnson - RT",,"#92 Jack Pope - LDE",,"#96 Alex Cortez - DT","#93 Joe Adkins - DT","#94 Wesley Spaulding - RDE",,"#95 Philip Steward - MLB",,"#51 Anibal Turner - WLB","#1 Merrill Stafford - CB","#48 Joseph Young - CB",,"#33 Jake Trivett - CB",,"#34 Willie Parker - SS","#46 Jonathan Beck - FS",,,,,,,,,,,,,,,,,,,,,,,,,,,,,,,,,,,,
,0:59,,2,3,19,,,,21,13,"Timeout WWE",,,,,,,,,,,,,,,,,,,,,,,,,,,,,,,,,,,,,,,,,,,,,,,,,,,,,,,,,,,,,,,,,,,,,,
WWE,0:56,"WWE 44",2,3,19,"Strong I Normal WR Post TE Out","3-4 Normal 3 Deep Man Under",,21,13,"3-19-WWE 44 (0:57) 12-Thomas Wojciechowski pass incomplete, dropped by 42-Robert Gomes.","#12 Thomas Wojciechowski - QB","#42 Robert Gomes - RB",,,"#43 Jay Baumgartner - FB","#88 Edwin Wilcox - TE",,"#86 Carl Higgins - WR",,"#83 Daniel Glenn - WR",,,"#50 Ashley Rodriguez - LT","#60 Francis Lewis - RT","#66 Keith Coffey - C","#58 Wilbert Curtis - RG","#51 Jose Johnson - RT",,"#92 Jack Pope - LDE",,"#96 Alex Cortez - DT",,"#94 Wesley Spaulding - RDE","#98 Patrick Chew - SLB","#95 Philip Steward - MLB","#56 Benito Serra - MLB","#51 Anibal Turner - WLB","#1 Merrill Stafford - CB","#48 Joseph Young - CB",,,,"#35 Larry Phillips - SS","#43 Charles Lowenstein - FS",,,,,,,,,,,,,,,,,,,,,,,,,,,,,,,,,,,,
WWE,0:53,"WWE 44",2,4,19,Punt,"Punt Return",,21,13,"4-19-WWE 44 (0:54) 14-Michael Quintanilla punts 48 yards to BAN 8. Fair Catch by 1-Merrill Stafford.",,,,,,,,,,,,,,,,,,"#14 Michael Quintanilla - P",,,,,,,,,,,,,,,,,,,"#81 Mathew Franzen - TE",,"#1 Merrill Stafford - CB",,,"#43 Charles Lowenstein - FS","#83 William Brannon - WR","#92 Jack Pope - LDE",,"#95 Steven Stancil - WLB","#91 Shawn Harrison - LDE",,"#34 Willie Parker - SS",,,,"#60 Francis Lewis - RT","#58 Wilbert Curtis - RG","#88 Edwin Wilcox - TE","#50 Ashley Rodriguez - LT","#51 Jose Johnson - RT","#62 David Lary - RG",,"#46 Jonathan Beck - FS","#94 Wesley Spaulding - RDE","#98 Patrick Chew - SLB","#52 James Karsten - WLB",,,,,,,
BAN,0:47,"BAN 8",2,1,10,"I Formation 3WR HB Inside Strong","Nickel Normal Double WR2",3,21,13,"1-10-BAN 8 (0:48) 26-Arthur Osborne ran to BAN 11 for 3 yards. Tackle by 91-Dennis Smith.","#6 Jamie Arriaga - QB","#26 Arthur Osborne - RB",,,"#41 John White - FB",,,"#19 Daren Thomas - WR","#80 Andres Nelson - WR","#11 Aaron Kinley - WR",,,"#77 Richard Prestwood - LT","#78 Joe Wurster - RG","#79 Damon Baldwin - C","#70 Scott Anderson - RG","#74 Robert White - RT",,"#92 Kevin Luke - LDE",,"#50 Juan Saldivar - DT","#93 Charlie Beers - DT","#69 Nicolas Whitcomb - RDE",,"#56 Darius Greenman - MLB",,"#91 Dennis Smith - WLB","#46 Jack Farrer - CB","#29 Joel Figueroa - CB",,"#1 Christopher Mills - CB",,"#41 Robert Ammons - SS","#44 Carl Lucas - CB",,,,,,,,,,,,,,,,,,,,,,,,,,,,,,,,,,,,
BAN,0:05,"BAN 11",2,2,7,"Singleback Slot Strong HB Strong Inside","Nickel Normal Double WR3",1,21,13,"2-7-BAN 11 (0:04) 26-Arthur Osborne ran to BAN 11 for 1 yards. Tackle by 92-Kevin Luke.","#6 Jamie Arriaga - QB","#26 Arthur Osborne - RB",,,,"#49 Micheal Gonzales - TE",,"#83 William Brannon - WR","#11 Aaron Kinley - WR","#19 Daren Thomas - WR",,,"#77 Richard Prestwood - LT","#78 Joe Wurster - RG","#79 Damon Baldwin - C","#70 Scott Anderson - RG","#74 Robert White - RT",,"#92 Kevin Luke - LDE",,"#50 Juan Saldivar - DT","#93 Charlie Beers - DT","#69 Nicolas Whitcomb - RDE",,"#56 Darius Greenman - MLB",,"#91 Dennis Smith - WLB","#46 Jack Farrer - CB","#29 Joel Figueroa - CB",,"#1 Christopher Mills - CB",,"#41 Robert Ammons - SS","#44 Carl Lucas - CB",,,,,,,,,,,,,,,,,,,,,,,,,,,,,,,,,,,,
,0:00,,2,3,6,,,,21,13,"End of half.",,,,,,,,,,,,,,,,,,,,,,,,,,,,,,,,,,,,,,,,,,,,,,,,,,,,,,,,,,,,,,,,,,,,,,
WWE,15:00,"WWE 35",3,6,10,Kickoff,"Kick Return",,21,13,"(15:00) 2-Michael Dahle kicks 68 yards from WWE 35 to BAN -3. Touchback.",,,,,,,,,,,,,,,,,,,,,,,,,,,,,,,,,,,,,,"#26 Arthur Osborne - RB",,"#94 Wesley Spaulding - RDE","#83 William Brannon - WR","#92 Jack Pope - LDE","#34 Willie Parker - SS","#1 Merrill Stafford - CB","#52 James Karsten - WLB","#43 Charles Lowenstein - FS","#95 Steven Stancil - WLB","#61 Tyler Burke - RT","#91 Shawn Harrison - LDE","#2 Michael Dahle - K",,,,,,,,,,,,,,,,,,,,
BAN,15:00,"BAN 25",3,1,10,"Weak I Normal HB Inside Strong","4-3 Under Crash Right",3,21,13,"1-10-BAN 25 (15:00) 26-Arthur Osborne ran to BAN 28 for 3 yards. Tackle by 56-Darius Greenman.","#6 Jamie Arriaga - QB","#26 Arthur Osborne - RB",,,"#41 John White - FB","#49 Micheal Gonzales - TE",,"#83 William Brannon - WR",,"#19 Daren Thomas - WR",,,"#77 Richard Prestwood - LT","#78 Joe Wurster - RG","#79 Damon Baldwin - C","#70 Scott Anderson - RG","#74 Robert White - RT",,"#92 Kevin Luke - LDE",,"#50 Juan Saldivar - DT","#93 Charlie Beers - DT","#69 Nicolas Whitcomb - RDE","#99 Ray Long - SLB","#56 Darius Greenman - MLB",,"#91 Dennis Smith - WLB","#46 Jack Farrer - CB","#29 Joel Figueroa - CB",,,,"#41 Robert Ammons - SS","#44 Carl Lucas - CB",,,,,,,,,,,,,,,,,,,,,,,,,,,,,,,,,,,,
BAN,14:20,"BAN 28",3,2,7,"I Formation 3WR Backfield Flats","Nickel Normal Double WR2",1,21,13,"2-7-BAN 28 (14:19) 6-Jamie Arriaga pass complete to 17-Lonnie Ramos to BAN 29 for 1 yards. Tackle by 29-Joel Figueroa.","#6 Jamie Arriaga - QB","#17 Lonnie Ramos - RB",,,"#41 John White - FB",,,"#83 William Brannon - WR","#11 Aaron Kinley - WR","#19 Daren Thomas - WR",,,"#77 Richard Prestwood - LT","#78 Joe Wurster - RG","#79 Damon Baldwin - C","#70 Scott Anderson - RG","#74 Robert White - RT",,"#92 Kevin Luke - LDE",,"#50 Juan Saldivar - DT","#93 Charlie Beers - DT","#69 Nicolas Whitcomb - RDE",,"#56 Darius Greenman - MLB",,"#91 Dennis Smith - WLB","#46 Jack Farrer - CB","#29 Joel Figueroa - CB",,"#1 Christopher Mills - CB",,"#41 Robert Ammons - SS","#44 Carl Lucas - CB",,,,,,,,,,,,,,,,,,,,,,,,,,,,,,,,,,,,
BAN,13:37,"BAN 29",3,3,6,"Split Backs Normal Posts","Goal Line Attack #1",71,27,13,"3-6-BAN 29 (13:36) 6-Jamie Arriaga pass complete to 49-Micheal Gonzales for 71 yards. TOUCHDOWN! BAN 19-Daren Thomas was injured on the play. He looks like he should be able to return. BAN 27 WWE 13","#6 Jamie Arriaga - QB","#26 Arthur Osborne - RB",,,"#41 John White - FB","#49 Micheal Gonzales - TE",,"#83 William Brannon - WR",,"#19 Daren Thomas - WR",,,"#77 Richard Prestwood - LT","#78 Joe Wurster - RG","#79 Damon Baldwin - C","#70 Scott Anderson - RG","#74 Robert White - RT",,"#92 Kevin Luke - LDE","#94 Joseph Wilson - LDE","#50 Juan Saldivar - DT","#93 Charlie Beers - DT","#69 Nicolas Whitcomb - RDE","#99 Ray Long - SLB","#56 Darius Greenman - MLB",,"#91 Dennis Smith - WLB","#46 Jack Farrer - CB","#29 Joel Figueroa - CB",,,,"#41 Robert Ammons - SS",,,,,,,,,,,,,,,,,,,,,,,,,,,,,,,,,,,,,
BAN,13:23,"WWE 15",3,7,15,"Field Goal","FG Block",26,28,13,"(13:24) Extra point GOOD by 13-Justin Stamps. BAN 28 WWE 13",,,,,,,,,,,,,,,,,,,,,,,,,,,,,,,,,,,,"#1 Merrill Stafford - CB","#78 Joe Wurster - RG",,,,,,,,,,,,,,"#13 Justin Stamps - K","#23 James Tillman - RB","#79 Damon Baldwin - C","#74 Robert White - RT","#61 Tyler Burke - RT","#66 Jason Glowacki - C","#63 Nicholas Rogers - LG","#77 Richard Prestwood - LT","#70 Scott Anderson - RG","#31 Chester Doane - FS","#90 Russell Ely - MLB","#50 Juan Saldivar - DT","#46 Jack Farrer - CB","#44 Carl Lucas - CB","#97 Jeremy Pardue - DT","#39 George Rodriguez - FS","#41 Robert Ammons - SS","#91 Dennis Smith - WLB","#94 Joseph Wilson - LDE","#41 Kenneth Wheaton - SS"
BAN,13:23,"BAN 35",3,6,10,Kickoff,"Kick Return",,28,13,"(13:24) 13-Justin Stamps kicks 75 yards from BAN 35 to WWE -10. Touchback.",,,,,,,,,,,,,,,,,,,,,,,,,,,,,,,,,,,,,,"#20 James Rogers - RB",,"#41 Kenneth Wheaton - SS","#41 Robert Ammons - SS","#46 Jack Farrer - CB","#49 George Moss - FS","#90 Russell Ely - MLB","#97 Jeremy Pardue - DT","#31 Chester Doane - FS","#39 George Rodriguez - FS","#94 Joseph Wilson - LDE","#1 Christopher Mills - CB","#13 Justin Stamps - K",,,,,,,,,,,,,,,,,,,,
WWE,13:23,"WWE 25",3,1,10,"Goal Line Normal HB Pitch Weak","Goal Line Attack #1",2,28,13,"1-10-WWE 25 (13:24) 42-Robert Gomes ran to WWE 27 for 2 yards. Tackle by 95-Philip Steward.","#12 Thomas Wojciechowski - QB","#42 Robert Gomes - RB",,"#48 Carl Bryant - FB","#43 Jay Baumgartner - FB","#88 Edwin Wilcox - TE","#81 Mathew Franzen - TE",,,,,,"#50 Ashley Rodriguez - LT","#60 Francis Lewis - RT","#66 Keith Coffey - C","#58 Wilbert Curtis - RG","#51 Jose Johnson - RT",,"#93 Joe Adkins - DT","#92 Jack Pope - LDE","#96 Alex Cortez - DT","#97 Herman Hankins - DT","#91 Shawn Harrison - LDE","#98 Patrick Chew - SLB","#95 Philip Steward - MLB",,"#51 Anibal Turner - WLB","#48 Joseph Young - CB","#33 Jake Trivett - CB",,,,"#35 Larry Phillips - SS",,,,,,,,,,,,,,,,,,,,,,,,,,,,,,,,,,,,,
WWE,12:42,"WWE 27",3,2,8,"Weak I Normal WR Corner TE Middle","3-4 Normal 3 Deep Man Under",,28,13,"2-8-WWE 27 (12:41) 12-Thomas Wojciechowski pass incomplete, intended for 88-Edwin Wilcox. I think that ball started to slip out of his hand as he threw it.","#12 Thomas Wojciechowski - QB","#42 Robert Gomes - RB",,,"#43 Jay Baumgartner - FB","#88 Edwin Wilcox - TE",,"#86 Carl Higgins - WR",,"#83 Daniel Glenn - WR",,,"#50 Ashley Rodriguez - LT","#60 Francis Lewis - RT","#66 Keith Coffey - C","#58 Wilbert Curtis - RG","#51 Jose Johnson - RT",,"#92 Jack Pope - LDE",,"#96 Alex Cortez - DT",,"#94 Wesley Spaulding - RDE","#98 Patrick Chew - SLB","#95 Philip Steward - MLB","#56 Benito Serra - MLB","#51 Anibal Turner - WLB","#1 Merrill Stafford - CB","#48 Joseph Young - CB",,,,"#35 Larry Phillips - SS","#46 Jonathan Beck - FS",,,,,,,,,,,,,,,,,,,,,,,,,,,,,,,,,,,,
WWE,12:37,"WWE 27",3,3,8,"I Formation Normal HB Blast","3-4 Normal 3 Deep Man Under",-0,28,13,"3-8-WWE 27 (12:38) 42-Robert Gomes ran to WWE 27 for a short loss. Tackle by 94-Wesley Spaulding.","#12 Thomas Wojciechowski - QB","#42 Robert Gomes - RB",,,"#43 Jay Baumgartner - FB","#88 Edwin Wilcox - TE",,"#86 Carl Higgins - WR",,"#83 Daniel Glenn - WR",,,"#50 Ashley Rodriguez - LT","#60 Francis Lewis - RT","#66 Keith Coffey - C","#58 Wilbert Curtis - RG","#51 Jose Johnson - RT",,"#92 Jack Pope - LDE",,"#96 Alex Cortez - DT",,"#94 Wesley Spaulding - RDE","#98 Patrick Chew - SLB","#95 Philip Steward - MLB","#56 Benito Serra - MLB","#51 Anibal Turner - WLB","#1 Merrill Stafford - CB","#48 Joseph Young - CB",,,,"#35 Larry Phillips - SS","#46 Jonathan Beck - FS",,,,,,,,,,,,,,,,,,,,,,,,,,,,,,,,,,,,
WWE,11:57,"WWE 27",3,4,8,Punt,"Punt Return",,28,13,"4-8-WWE 27 (11:56) 14-Michael Quintanilla punts 49 yards to BAN 24. Fair Catch by 26-Arthur Osborne.",,,,,,,,,,,,,,,,,,"#14 Michael Quintanilla - P",,,,,,,,,,,,,,,,,,,"#81 Mathew Franzen - TE",,"#26 Arthur Osborne - RB",,,"#92 Jack Pope - LDE","#34 Willie Parker - SS","#1 Merrill Stafford - CB",,"#43 Charles Lowenstein - FS","#95 Steven Stancil - WLB",,"#91 Shawn Harrison - LDE",,,,"#60 Francis Lewis - RT","#58 Wilbert Curtis - RG","#88 Edwin Wilcox - TE","#50 Ashley Rodriguez - LT","#51 Jose Johnson - RT","#62 David Lary - RG",,"#46 Jonathan Beck - FS","#94 Wesley Spaulding - RDE","#98 Patrick Chew - SLB","#52 James Karsten - WLB",,,,,,,
BAN,11:48,"BAN 24",3,1,10,"I Formation 3WR Backfield Flats","Nickel Normal Double WR3",,28,13,"1-10-BAN 24 (11:49) 6-Jamie Arriaga pass incomplete, dropped by 41-John White. Pressure by 93-Charlie Beers. PENALTY - Holding (BAN 77-Richard Prestwood)","#6 Jamie Arriaga - QB","#17 Lonnie Ramos - RB",,,"#41 John White - FB",,,"#83 William Brannon - WR","#11 Aaron Kinley - WR","#19 Daren Thomas - WR",,,"#77 Richard Prestwood - LT","#78 Joe Wurster - RG","#79 Damon Baldwin - C","#70 Scott Anderson - RG","#74 Robert White - RT",,"#92 Kevin Luke - LDE",,"#50 Juan Saldivar - DT","#93 Charlie Beers - DT","#69 Nicolas Whitcomb - RDE",,"#56 Darius Greenman - MLB",,"#91 Dennis Smith - WLB","#29 Joel Figueroa - CB","#1 Christopher Mills - CB",,"#26 Thomas Treadway - SS",,"#41 Robert Ammons - SS","#44 Carl Lucas - CB",,,,,,,,,,,,,,,,,,,,,,,,,,,,,,,,,,,,
BAN,11:44,"BAN 14",3,1,20,"I Formation 3WR Backfield Flats","Nickel Normal Shallow Zone Deep",1,28,13,"1-20-BAN 14 (11:45) 6-Jamie Arriaga pass complete to 41-John White to BAN 15 for 1 yards. Tackle by 1-Christopher Mills. Nice job by 41-John White on that route to lose his coverage.","#6 Jamie Arriaga - QB","#26 Arthur Osborne - RB",,,"#41 John White - FB",,,"#83 William Brannon - WR","#11 Aaron Kinley - WR","#19 Daren Thomas - WR",,,"#77 Richard Prestwood - LT","#78 Joe Wurster - RG","#79 Damon Baldwin - C","#70 Scott Anderson - RG","#74 Robert White - RT",,"#92 Kevin Luke - LDE",,"#50 Juan Saldivar - DT","#93 Charlie Beers - DT","#69 Nicolas Whitcomb - RDE",,"#56 Darius Greenman - MLB",,"#91 Dennis Smith - WLB","#46 Jack Farrer - CB","#29 Joel Figueroa - CB",,"#1 Christopher Mills - CB",,"#41 Robert Ammons - SS","#44 Carl Lucas - CB",,,,,,,,,,,,,,,,,,,,,,,,,,,,,,,,,,,,
BAN,11:03,"BAN 15",3,2,19,"Shotgun 2 RB 3 WR Strong Deep","Nickel Normal Shallow Zone Deep",-9,28,13,"2-19-BAN 15 (11:02) 6-Jamie Arriaga sacked at BAN 6 for -9 yards (92-Kevin Luke). Sack allowed by 74-Robert White.","#6 Jamie Arriaga - QB","#17 Lonnie Ramos - RB","#47 Timothy Burns - RB",,,,,"#80 Andres Nelson - WR","#83 William Brannon - WR","#49 Micheal Gonzales - TE",,,"#77 Richard Prestwood - LT","#78 Joe Wurster - RG","#79 Damon Baldwin - C","#70 Scott Anderson - RG","#74 Robert White - RT",,"#92 Kevin Luke - LDE",,"#50 Juan Saldivar - DT","#93 Charlie Beers - DT","#69 Nicolas Whitcomb - RDE",,"#56 Darius Greenman - MLB",,"#91 Dennis Smith - WLB","#46 Jack Farrer - CB","#29 Joel Figueroa - CB",,"#1 Christopher Mills - CB",,"#41 Robert Ammons - SS","#44 Carl Lucas - CB",,,,,,,,,,,,,,,,,,,,,,,,,,,,,,,,,,,,
BAN,10:17,"BAN 6",3,3,28,"Shotgun 2 RB 3 WR Strong Deep","Nickel Normal Double WR3",,28,13,"3-28-BAN 6 (10:16) 6-Jamie Arriaga pass Pass knocked down by 91-Dennis Smith. incomplete, intended for 19-Daren Thomas.","#6 Jamie Arriaga - QB","#26 Arthur Osborne - RB","#47 Timothy Burns - RB",,,,,"#19 Daren Thomas - WR","#80 Andres Nelson - WR","#11 Aaron Kinley - WR",,,"#77 Richard Prestwood - LT","#78 Joe Wurster - RG","#79 Damon Baldwin - C","#70 Scott Anderson - RG","#74 Robert White - RT",,"#92 Kevin Luke - LDE",,"#50 Juan Saldivar - DT","#93 Charlie Beers - DT","#69 Nicolas Whitcomb - RDE",,"#56 Darius Greenman - MLB",,"#91 Dennis Smith - WLB","#46 Jack Farrer - CB","#29 Joel Figueroa - CB",,"#1 Christopher Mills - CB",,"#26 Thomas Treadway - SS","#44 Carl Lucas - CB",,,,,,,,,,,,,,,,,,,,,,,,,,,,,,,,,,,,
BAN,10:11,"BAN 6",3,4,28,Punt,"Punt Return",,28,13,"4-28-BAN 6 (10:12) 16-Michael Jefferson punts 54 yards to WWE 40. Fair Catch by 20-James Rogers.",,,,,,,,,,,,,,,,,,"#9 Michael Jefferson - P",,,,,,,,,,,,,,,,,,,"#78 Joe Wurster - RG",,"#20 James Rogers - RB",,,"#46 Jack Farrer - CB","#97 Jeremy Pardue - DT","#90 Russell Ely - MLB",,"#39 George Rodriguez - FS","#1 Christopher Mills - CB",,"#49 George Moss - FS",,,,"#61 Tyler Burke - RT","#77 Richard Prestwood - LT","#70 Scott Anderson - RG","#74 Robert White - RT","#79 Damon Baldwin - C","#66 Jason Glowacki - C",,"#91 Dennis Smith - WLB","#41 Robert Ammons - SS","#50 Juan Saldivar - DT","#31 Chester Doane - FS",,,,,,,
WWE,10:04,"WWE 40",3,1,10,"I Formation Normal PA Fullback Flat","3-4 Normal 2 Deep Zone",11,28,13,"1-10-WWE 40 (10:05) 12-Thomas Wojciechowski pass complete to 88-Edwin Wilcox to BAN 49 for 11 yards. Tackle by 21-Jake Trivett.","#12 Thomas Wojciechowski - QB","#42 Robert Gomes - RB",,,"#43 Jay Baumgartner - FB","#88 Edwin Wilcox - TE",,"#86 Carl Higgins - WR",,"#83 Daniel Glenn - WR",,,"#50 Ashley Rodriguez - LT","#60 Francis Lewis - RT","#66 Keith Coffey - C","#58 Wilbert Curtis - RG","#51 Jose Johnson - RT",,"#91 Shawn Harrison - LDE",,"#96 Alex Cortez - DT",,"#94 Wesley Spaulding - RDE","#98 Patrick Chew - SLB","#95 Philip Steward - MLB","#56 Benito Serra - MLB","#51 Anibal Turner - WLB","#48 Joseph Young - CB","#33 Jake Trivett - CB",,,,"#35 Larry Phillips - SS","#46 Jonathan Beck - FS",,,,,,,,,,,,,,,,,,,,,,,,,,,,,,,,,,,,
WWE,9:29,"BAN 49",3,1,10,"Singleback Normal HB Counter Weak","Nickel Normal 3 Deep Man Under",10,28,13,"1-10-BAN 49 (9:28) 42-Robert Gomes ran to BAN 38 for 10 yards. Tackle by 1-Merrill Stafford.","#12 Thomas Wojciechowski - QB","#42 Robert Gomes - RB",,,,"#88 Edwin Wilcox - TE",,"#86 Carl Higgins - WR","#82 Alfonso Tindle - WR","#83 Daniel Glenn - WR",,,"#50 Ashley Rodriguez - LT","#60 Francis Lewis - RT","#66 Keith Coffey - C","#58 Wilbert Curtis - RG","#51 Jose Johnson - RT",,"#92 Jack Pope - LDE",,"#96 Alex Cortez - DT","#93 Joe Adkins - DT","#94 Wesley Spaulding - RDE",,"#95 Philip Steward - MLB",,"#51 Anibal Turner - WLB","#1 Merrill Stafford - CB","#48 Joseph Young - CB",,"#33 Jake Trivett - CB",,"#35 Larry Phillips - SS","#46 Jonathan Beck - FS",,,,,,,,,,,,,,,,,,,,,,,,,,,,,,,,,,,,
WWE,8:47,"BAN 38",3,1,10,"Weak I Normal HB Inside Weak","3-4 Normal 2 Deep Zone",,28,13,"1-10-BAN 38 (8:46) 11-Gregory Hall ran to BAN 38 for a short gain. Tackle by 96-Alex Cortez.","#12 Thomas Wojciechowski - QB","#11 Gregory Hall - RB",,,"#43 Jay Baumgartner - FB","#88 Edwin Wilcox - TE",,"#86 Carl Higgins - WR",,"#83 Daniel Glenn - WR",,,"#50 Ashley Rodriguez - LT","#60 Francis Lewis - RT","#66 Keith Coffey - C","#58 Wilbert Curtis - RG","#51 Jose Johnson - RT",,"#92 Jack Pope - LDE",,"#96 Alex Cortez - DT",,"#94 Wesley Spaulding - RDE","#98 Patrick Chew - SLB","#95 Philip Steward - MLB","#56 Benito Serra - MLB","#51 Anibal Turner - WLB","#1 Merrill Stafford - CB","#48 Joseph Young - CB",,,,"#35 Larry Phillips - SS","#46 Jonathan Beck - FS",,,,,,,,,,,,,,,,,,,,,,,,,,,,,,,,,,,,
WWE,8:15,"BAN 38",3,2,10,"Shotgun 2 RB 3 WR WR Curl","Nickel Normal Man Cover 2",,28,13,"2-10-BAN 38 (8:14) 12-Thomas Wojciechowski pass incomplete, intended for 83-Daniel Glenn.","#12 Thomas Wojciechowski - QB","#11 Gregory Hall - RB","#20 James Rogers - RB",,,,,"#86 Carl Higgins - WR","#82 Alfonso Tindle - WR","#83 Daniel Glenn - WR",,,"#50 Ashley Rodriguez - LT","#60 Francis Lewis - RT","#66 Keith Coffey - C","#58 Wilbert Curtis - RG","#51 Jose Johnson - RT",,"#92 Jack Pope - LDE",,"#96 Alex Cortez - DT","#93 Joe Adkins - DT","#94 Wesley Spaulding - RDE",,"#95 Philip Steward - MLB",,"#51 Anibal Turner - WLB","#1 Merrill Stafford - CB","#48 Joseph Young - CB",,"#33 Jake Trivett - CB",,"#35 Larry Phillips - SS","#46 Jonathan Beck - FS",,,,,,,,,,,,,,,,,,,,,,,,,,,,,,,,,,,,
WWE,8:10,"BAN 38",3,3,10,"Strong I Normal WR Post TE Out","3-4 Normal Man Cover 1",-1,28,13,"3-10-BAN 38 (8:11) 12-Thomas Wojciechowski pass complete to 42-Robert Gomes to BAN 39 for -1 yards. Tackle by 51-Anibal Turner. 42-Robert Gomes did some fancy footwork there. BAN 51-Anibal Turner was injured on the play. He looks like he should be able to return.","#12 Thomas Wojciechowski - QB","#42 Robert Gomes - RB",,,"#43 Jay Baumgartner - FB","#88 Edwin Wilcox - TE",,"#86 Carl Higgins - WR",,"#83 Daniel Glenn - WR",,,"#50 Ashley Rodriguez - LT","#60 Francis Lewis - RT","#66 Keith Coffey - C","#58 Wilbert Curtis - RG","#51 Jose Johnson - RT",,"#92 Jack Pope - LDE",,"#96 Alex Cortez - DT",,"#94 Wesley Spaulding - RDE","#98 Patrick Chew - SLB","#95 Philip Steward - MLB","#56 Benito Serra - MLB","#51 Anibal Turner - WLB","#48 Joseph Young - CB","#33 Jake Trivett - CB",,,,"#35 Larry Phillips - SS","#43 Charles Lowenstein - FS",,,,,,,,,,,,,,,,,,,,,,,,,,,,,,,,,,,,
WWE,7:31,"BAN 39",3,4,11,Punt,"Punt Return",,28,13,"4-11-BAN 39 (7:30) 14-Michael Quintanilla punts 33 yards to BAN 5. Fair Catch by 26-Arthur Osborne.",,,,,,,,,,,,,,,,,,"#14 Michael Quintanilla - P",,,,,,,,,,,,,,,,,,,"#81 Mathew Franzen - TE",,"#26 Arthur Osborne - RB",,,"#92 Jack Pope - LDE","#34 Willie Parker - SS","#1 Merrill Stafford - CB",,"#43 Charles Lowenstein - FS","#95 Steven Stancil - WLB",,"#91 Shawn Harrison - LDE",,,,"#60 Francis Lewis - RT","#58 Wilbert Curtis - RG","#88 Edwin Wilcox - TE","#50 Ashley Rodriguez - LT","#51 Jose Johnson - RT","#62 David Lary - RG",,"#46 Jonathan Beck - FS","#94 Wesley Spaulding - RDE","#98 Patrick Chew - SLB","#52 James Karsten - WLB",,,,,,,
BAN,7:23,"BAN 5",3,1,10,"Split Backs Normal Posts","4-3 Under Double LB Blitz",5,28,13,"1-10-BAN 5 (7:24) 6-Jamie Arriaga pass complete to 17-Lonnie Ramos to BAN 10 for 5 yards.","#6 Jamie Arriaga - QB","#17 Lonnie Ramos - RB",,,"#41 John White - FB","#49 Micheal Gonzales - TE",,"#83 William Brannon - WR",,"#19 Daren Thomas - WR",,,"#77 Richard Prestwood - LT","#78 Joe Wurster - RG","#79 Damon Baldwin - C","#70 Scott Anderson - RG","#74 Robert White - RT",,"#92 Kevin Luke - LDE",,"#50 Juan Saldivar - DT","#93 Charlie Beers - DT","#69 Nicolas Whitcomb - RDE","#99 Ray Long - SLB","#56 Darius Greenman - MLB",,"#91 Dennis Smith - WLB","#29 Joel Figueroa - CB","#1 Christopher Mills - CB",,,,"#41 Robert Ammons - SS","#44 Carl Lucas - CB",,,,,,,,,,,,,,,,,,,,,,,,,,,,,,,,,,,,
BAN,6:47,"BAN 10",3,2,5,"I Formation 3WR Slot Corner Short","Nickel Normal Double WR2",10,28,13,"2-5-BAN 10 (6:46) 6-Jamie Arriaga ran to BAN 20 for 10 yards. 6-Jamie Arriaga slides to avoid being hit. PENALTY - Holding (BAN 70-Scott Anderson)","#6 Jamie Arriaga - QB","#26 Arthur Osborne - RB",,,"#41 John White - FB",,,"#83 William Brannon - WR","#11 Aaron Kinley - WR","#19 Daren Thomas - WR",,,"#77 Richard Prestwood - LT","#78 Joe Wurster - RG","#79 Damon Baldwin - C","#70 Scott Anderson - RG","#74 Robert White - RT",,"#92 Kevin Luke - LDE",,"#50 Juan Saldivar - DT","#93 Charlie Beers - DT","#69 Nicolas Whitcomb - RDE",,"#56 Darius Greenman - MLB",,"#91 Dennis Smith - WLB","#46 Jack Farrer - CB","#29 Joel Figueroa - CB",,"#1 Christopher Mills - CB",,"#41 Robert Ammons - SS","#44 Carl Lucas - CB",,,,,,,,,,,,,,,,,,,,,,,,,,,,,,,,,,,,
BAN,6:39,"BAN 5",3,2,10,"Singleback Slot Strong TE Slot Curls","Nickel 3-3-5 Cover 2 Man Under",2,28,13,"2-10-BAN 5 (6:40) 6-Jamie Arriaga pass complete to 49-Micheal Gonzales to BAN 7 for 2 yards. Tackle by 1-Christopher Mills. Nice job by 49-Micheal Gonzales on that route to lose his coverage.","#6 Jamie Arriaga - QB","#47 Timothy Burns - RB",,,,"#85 Jimmy Vazquez - TE",,"#11 Aaron Kinley - WR","#49 Micheal Gonzales - TE","#80 Andres Nelson - WR",,,"#77 Richard Prestwood - LT","#78 Joe Wurster - RG","#79 Damon Baldwin - C","#70 Scott Anderson - RG","#74 Robert White - RT",,"#92 Kevin Luke - LDE",,"#50 Juan Saldivar - DT",,"#69 Nicolas Whitcomb - RDE","#99 Ray Long - SLB","#56 Darius Greenman - MLB",,"#52 Bruce Clodfelter - WLB","#46 Jack Farrer - CB","#29 Joel Figueroa - CB",,"#1 Christopher Mills - CB",,"#26 Thomas Treadway - SS","#44 Carl Lucas - CB",,,,,,,,,,,,,,,,,,,,,,,,,,,,,,,,,,,,
BAN,5:56,"BAN 7",3,3,8,"Weak I Normal WR Corner TE Middle","46 Normal Inside Blitz",43,28,13,"3-8-BAN 7 (5:55) 6-Jamie Arriaga pass complete to 49-Micheal Gonzales to BAN 50 for 43 yards. Tackle by 39-George Rodriguez. PENALTY - Pass Interference (WWE 91-Dennis Smith) (Declined)","#6 Jamie Arriaga - QB","#17 Lonnie Ramos - RB",,,"#41 John White - FB","#49 Micheal Gonzales - TE",,"#83 William Brannon - WR",,"#80 Andres Nelson - WR",,,"#77 Richard Prestwood - LT","#78 Joe Wurster - RG","#79 Damon Baldwin - C","#70 Scott Anderson - RG","#74 Robert White - RT",,"#92 Kevin Luke - LDE",,"#50 Juan Saldivar - DT","#93 Charlie Beers - DT","#69 Nicolas Whitcomb - RDE","#99 Ray Long - SLB","#56 Darius Greenman - MLB",,"#91 Dennis Smith - WLB","#46 Jack Farrer - CB","#29 Joel Figueroa - CB",,,,"#41 Robert Ammons - SS","#39 George Rodriguez - FS",,,,,,,,,,,,,,,,,,,,,,,,,,,,,,,,,,,,
BAN,5:46,"BAN 50",3,1,10,"Weak I Normal HB Inside Weak","4-3 Under Shallow Right Zone",4,28,13,"1-10-BAN 50 (5:47) 26-Arthur Osborne ran to WWE 46 for 4 yards. Tackle by 44-Carl Lucas.","#6 Jamie Arriaga - QB","#26 Arthur Osborne - RB",,,"#41 John White - FB","#85 Jimmy Vazquez - TE",,"#19 Daren Thomas - WR",,"#11 Aaron Kinley - WR",,,"#63 Nicholas Rogers - LG","#78 Joe Wurster - RG","#79 Damon Baldwin - C","#70 Scott Anderson - RG","#74 Robert White - RT",,"#92 Kevin Luke - LDE",,"#50 Juan Saldivar - DT","#93 Charlie Beers - DT","#69 Nicolas Whitcomb - RDE","#99 Ray Long - SLB","#56 Darius Greenman - MLB",,"#52 Bruce Clodfelter - WLB","#1 Christopher Mills - CB","#49 George Moss - FS",,,,"#26 Thomas Treadway - SS","#44 Carl Lucas - CB",,,,,,,,,,,,,,,,,,,,,,,,,,,,,,,,,,,,
BAN,5:02,"WWE 46",3,2,6,"Weak I Normal HB Inside Weak","4-3 Under 2 Deep Flat Outside",5,28,13,"2-6-WWE 46 (5:01) 47-Timothy Burns ran to WWE 41 for 5 yards. Tackle by 44-Carl Lucas.","#6 Jamie Arriaga - QB","#47 Timothy Burns - RB",,,"#41 John White - FB","#85 Jimmy Vazquez - TE",,"#19 Daren Thomas - WR",,"#11 Aaron Kinley - WR",,,"#77 Richard Prestwood - LT","#78 Joe Wurster - RG","#79 Damon Baldwin - C","#70 Scott Anderson - RG","#74 Robert White - RT",,"#92 Kevin Luke - LDE",,"#50 Juan Saldivar - DT","#93 Charlie Beers - DT","#69 Nicolas Whitcomb - RDE","#99 Ray Long - SLB","#56 Darius Greenman - MLB",,"#52 Bruce Clodfelter - WLB","#29 Joel Figueroa - CB","#1 Christopher Mills - CB",,,,"#26 Thomas Treadway - SS","#44 Carl Lucas - CB",,,,,,,,,,,,,,,,,,,,,,,,,,,,,,,,,,,,
BAN,4:22,"WWE 41",3,3,1,"I Formation 3WR Weak Flood","Nickel Normal Double WR3",-2,28,13,"3-1-WWE 41 (4:21) 6-Jamie Arriaga pass complete to 41-John White to WWE 43 for -2 yards. Tackle by 91-Dennis Smith.","#6 Jamie Arriaga - QB","#26 Arthur Osborne - RB",,,"#41 John White - FB",,,"#83 William Brannon - WR","#11 Aaron Kinley - WR","#19 Daren Thomas - WR",,,"#77 Richard Prestwood - LT","#78 Joe Wurster - RG","#79 Damon Baldwin - C","#70 Scott Anderson - RG","#74 Robert White - RT",,"#92 Kevin Luke - LDE",,"#50 Juan Saldivar - DT","#93 Charlie Beers - DT","#69 Nicolas Whitcomb - RDE",,"#56 Darius Greenman - MLB",,"#91 Dennis Smith - WLB","#46 Jack Farrer - CB","#29 Joel Figueroa - CB",,"#1 Christopher Mills - CB",,"#26 Thomas Treadway - SS","#44 Carl Lucas - CB",,,,,,,,,,,,,,,,,,,,,,,,,,,,,,,,,,,,
BAN,3:36,"WWE 43",3,4,3,Punt,"Punt Return",45,28,13,"4-3-WWE 43 (3:35) 16-Michael Jefferson punts 45 yards to WWE -2.4-3-WWE 43 (3:35) 16-Michael Jefferson punts 45 yards to WWE -2. Touchback.",,,,,,,,,,,,,,,,,,"#9 Michael Jefferson - P",,,,,,,,,,,,,,,,,,,"#78 Joe Wurster - RG",,"#20 James Rogers - RB",,,"#46 Jack Farrer - CB","#49 George Moss - FS","#90 Russell Ely - MLB",,"#31 Chester Doane - FS","#39 George Rodriguez - FS",,"#1 Christopher Mills - CB",,,,"#61 Tyler Burke - RT","#77 Richard Prestwood - LT","#70 Scott Anderson - RG","#74 Robert White - RT","#79 Damon Baldwin - C","#66 Jason Glowacki - C",,"#99 Ray Long - SLB","#91 Dennis Smith - WLB","#41 Robert Ammons - SS","#50 Juan Saldivar - DT",,,,,,,
WWE,3:27,"WWE 20",3,1,10,"I Formation Normal HB Blast","Goal Line Attack #3",,28,13,"1-10-WWE 20 (3:28) 42-Robert Gomes ran to WWE 20 for a short gain. Tackle by 95-Philip Steward.","#12 Thomas Wojciechowski - QB","#42 Robert Gomes - RB",,,"#43 Jay Baumgartner - FB","#88 Edwin Wilcox - TE",,"#86 Carl Higgins - WR",,"#83 Daniel Glenn - WR",,,"#50 Ashley Rodriguez - LT","#60 Francis Lewis - RT","#66 Keith Coffey - C","#58 Wilbert Curtis - RG","#51 Jose Johnson - RT",,"#91 Shawn Harrison - LDE","#97 Herman Hankins - DT","#96 Alex Cortez - DT","#93 Joe Adkins - DT","#94 Wesley Spaulding - RDE","#98 Patrick Chew - SLB","#95 Philip Steward - MLB",,"#55 Richard Schweizer - SLB","#48 Joseph Young - CB","#33 Jake Trivett - CB",,,,"#35 Larry Phillips - SS",,,,,,,,,,,,,,,,,,,,,,,,,,,,,,,,,,,,,
WWE,2:53,"WWE 20",3,2,10,"Shotgun Normal Deep Weak In and Out","Nickel Normal 3 Deep Man Under",-6,28,13,"2-10-WWE 20 (2:52) 12-Thomas Wojciechowski sacked at WWE 14 for -6 yards (91-Shawn Harrison). Sack allowed by 51-Jose Johnson.","#12 Thomas Wojciechowski - QB","#42 Robert Gomes - RB",,,,"#88 Edwin Wilcox - TE",,"#86 Carl Higgins - WR","#82 Alfonso Tindle - WR","#83 Daniel Glenn - WR",,,"#50 Ashley Rodriguez - LT","#60 Francis Lewis - RT","#66 Keith Coffey - C","#58 Wilbert Curtis - RG","#51 Jose Johnson - RT",,"#91 Shawn Harrison - LDE",,"#96 Alex Cortez - DT","#93 Joe Adkins - DT","#94 Wesley Spaulding - RDE",,"#95 Philip Steward - MLB",,"#55 Richard Schweizer - SLB","#48 Joseph Young - CB","#33 Jake Trivett - CB",,"#34 Willie Parker - SS",,"#35 Larry Phillips - SS","#46 Jonathan Beck - FS",,,,,,,,,,,,,,,,,,,,,,,,,,,,,,,,,,,,
WWE,2:16,"WWE 14",3,3,16,"I Formation Normal PA Streaks","3-4 Normal 3 Deep Man Under",,28,13,"3-16-WWE 14 (2:15) PENALTY - False Start (WWE 58-Wilbert Curtis)","#12 Thomas Wojciechowski - QB","#42 Robert Gomes - RB",,,"#43 Jay Baumgartner - FB","#88 Edwin Wilcox - TE",,"#86 Carl Higgins - WR",,"#83 Daniel Glenn - WR",,,"#50 Ashley Rodriguez - LT","#60 Francis Lewis - RT","#66 Keith Coffey - C","#58 Wilbert Curtis - RG","#51 Jose Johnson - RT",,"#92 Jack Pope - LDE",,"#96 Alex Cortez - DT",,"#94 Wesley Spaulding - RDE","#98 Patrick Chew - SLB","#95 Philip Steward - MLB","#56 Benito Serra - MLB","#55 Richard Schweizer - SLB","#1 Merrill Stafford - CB","#48 Joseph Young - CB",,,,"#35 Larry Phillips - SS","#46 Jonathan Beck - FS",,,,,,,,,,,,,,,,,,,,,,,,,,,,,,,,,,,,
WWE,2:14,"WWE 9",3,3,21,"Singleback Normal HB Dive Strong","Nickel Normal 3 Deep Man Under",12,28,13,"3-21-WWE 9 (2:15) 42-Robert Gomes ran to WWE 22 for 12 yards. Tackle by 1-Merrill Stafford.","#12 Thomas Wojciechowski - QB","#42 Robert Gomes - RB",,,,"#88 Edwin Wilcox - TE",,"#86 Carl Higgins - WR","#82 Alfonso Tindle - WR","#83 Daniel Glenn - WR",,,"#50 Ashley Rodriguez - LT","#60 Francis Lewis - RT","#66 Keith Coffey - C","#58 Wilbert Curtis - RG","#51 Jose Johnson - RT",,"#92 Jack Pope - LDE",,"#96 Alex Cortez - DT","#93 Joe Adkins - DT","#94 Wesley Spaulding - RDE",,"#95 Philip Steward - MLB",,"#55 Richard Schweizer - SLB","#1 Merrill Stafford - CB","#48 Joseph Young - CB",,"#33 Jake Trivett - CB",,"#35 Larry Phillips - SS","#46 Jonathan Beck - FS",,,,,,,,,,,,,,,,,,,,,,,,,,,,,,,,,,,,
WWE,1:33,"WWE 22",3,4,8,Punt,"Punt Return",,28,13,"4-8-WWE 22 (1:32) 14-Michael Quintanilla punts 48 yards to BAN 31. Fair Catch by 26-Arthur Osborne.",,,,,,,,,,,,,,,,,,"#14 Michael Quintanilla - P",,,,,,,,,,,,,,,,,,,"#81 Mathew Franzen - TE",,"#26 Arthur Osborne - RB",,,"#92 Jack Pope - LDE","#34 Willie Parker - SS","#1 Merrill Stafford - CB",,"#43 Charles Lowenstein - FS","#95 Steven Stancil - WLB",,"#91 Shawn Harrison - LDE",,,,"#60 Francis Lewis - RT","#58 Wilbert Curtis - RG","#88 Edwin Wilcox - TE","#50 Ashley Rodriguez - LT","#51 Jose Johnson - RT","#62 David Lary - RG",,"#46 Jonathan Beck - FS","#94 Wesley Spaulding - RDE","#98 Patrick Chew - SLB","#52 James Karsten - WLB",,,,,,,
BAN,1:25,"BAN 31",3,1,10,"Weak I Normal HB Inside Strong","4-3 Under Shallow Right Zone",5,28,13,"1-10-BAN 31 (1:26) 17-Lonnie Ramos ran to BAN 36 for 5 yards. Tackle by 41-Robert Ammons.","#6 Jamie Arriaga - QB","#17 Lonnie Ramos - RB",,,"#41 John White - FB","#49 Micheal Gonzales - TE",,"#83 William Brannon - WR",,"#19 Daren Thomas - WR",,,"#77 Richard Prestwood - LT","#78 Joe Wurster - RG","#79 Damon Baldwin - C","#70 Scott Anderson - RG","#74 Robert White - RT",,"#92 Kevin Luke - LDE",,"#50 Juan Saldivar - DT","#93 Charlie Beers - DT","#69 Nicolas Whitcomb - RDE","#99 Ray Long - SLB","#56 Darius Greenman - MLB",,"#91 Dennis Smith - WLB","#29 Joel Figueroa - CB","#1 Christopher Mills - CB",,,,"#41 Robert Ammons - SS","#44 Carl Lucas - CB",,,,,,,,,,,,,,,,,,,,,,,,,,,,,,,,,,,,
BAN,0:43,"BAN 36",3,2,5,"Singleback Slot Strong TE Slot Curls","Nickel Normal Man Zone",,28,13,"2-5-BAN 36 (0:42) 6-Jamie Arriaga pass Pass knocked down by 56-Darius Greenman. incomplete, intended for 11-Aaron Kinley.","#6 Jamie Arriaga - QB","#26 Arthur Osborne - RB",,,,"#49 Micheal Gonzales - TE",,"#83 William Brannon - WR","#11 Aaron Kinley - WR","#19 Daren Thomas - WR",,,"#77 Richard Prestwood - LT","#78 Joe Wurster - RG","#79 Damon Baldwin - C","#70 Scott Anderson - RG","#74 Robert White - RT",,"#92 Kevin Luke - LDE",,"#50 Juan Saldivar - DT","#93 Charlie Beers - DT","#69 Nicolas Whitcomb - RDE",,"#56 Darius Greenman - MLB",,"#91 Dennis Smith - WLB","#46 Jack Farrer - CB","#29 Joel Figueroa - CB",,"#1 Christopher Mills - CB",,"#41 Robert Ammons - SS","#44 Carl Lucas - CB",,,,,,,,,,,,,,,,,,,,,,,,,,,,,,,,,,,,
BAN,0:38,"BAN 36",3,3,5,"Split Backs Normal Posts","Goal Line Attack #3",64,34,13,"3-5-BAN 36 (0:39) 6-Jamie Arriaga pass complete to 49-Micheal Gonzales for 64 yards. TOUCHDOWN! BAN 41-John White was injured on the play. He looks like he should be able to return. BAN 34 WWE 13","#6 Jamie Arriaga - QB","#26 Arthur Osborne - RB",,,"#41 John White - FB","#49 Micheal Gonzales - TE",,"#83 William Brannon - WR",,"#19 Daren Thomas - WR",,,"#77 Richard Prestwood - LT","#78 Joe Wurster - RG","#79 Damon Baldwin - C","#70 Scott Anderson - RG","#74 Robert White - RT",,"#92 Kevin Luke - LDE","#94 Joseph Wilson - LDE","#50 Juan Saldivar - DT","#93 Charlie Beers - DT","#69 Nicolas Whitcomb - RDE","#99 Ray Long - SLB","#56 Darius Greenman - MLB",,"#91 Dennis Smith - WLB","#46 Jack Farrer - CB","#29 Joel Figueroa - CB",,,,"#41 Robert Ammons - SS",,,,,,,,,,,,,,,,,,,,,,,,,,,,,,,,,,,,,
BAN,0:28,"WWE 15",3,7,15,"Field Goal","FG Block",26,35,13,"(0:29) Extra point GOOD by 13-Justin Stamps. BAN 35 WWE 13",,,,,,,,,,,,,,,,,,,,,,,,,,,,,,,,,,,,"#1 Merrill Stafford - CB","#78 Joe Wurster - RG",,,,,,,,,,,,,,"#13 Justin Stamps - K","#23 James Tillman - RB","#74 Robert White - RT","#63 Nicholas Rogers - LG","#79 Damon Baldwin - C","#61 Tyler Burke - RT","#66 Jason Glowacki - C","#77 Richard Prestwood - LT","#70 Scott Anderson - RG","#31 Chester Doane - FS","#90 Russell Ely - MLB","#50 Juan Saldivar - DT","#46 Jack Farrer - CB","#29 Joel Figueroa - CB","#44 Carl Lucas - CB","#97 Jeremy Pardue - DT","#41 Robert Ammons - SS","#91 Dennis Smith - WLB","#41 Kenneth Wheaton - SS","#39 George Rodriguez - FS"
BAN,0:28,"BAN 35",3,6,10,Kickoff,"Kick Return",,35,13,"(0:29) 13-Justin Stamps kicks 67 yards from BAN 35 to WWE -2. Touchback.",,,,,,,,,,,,,,,,,,,,,,,,,,,,,,,,,,,,,,"#20 James Rogers - RB",,"#41 Kenneth Wheaton - SS","#41 Robert Ammons - SS","#46 Jack Farrer - CB","#49 George Moss - FS","#90 Russell Ely - MLB","#97 Jeremy Pardue - DT","#31 Chester Doane - FS","#39 George Rodriguez - FS","#94 Joseph Wilson - LDE","#1 Christopher Mills - CB","#13 Justin Stamps - K",,,,,,,,,,,,,,,,,,,,
WWE,0:28,"WWE 25",3,1,10,"I Formation Normal HB Blast","Goal Line Attack #2",1,35,13,"1-10-WWE 25 (0:29) 42-Robert Gomes ran to WWE 26 for 1 yards. Tackle by 95-Philip Steward.","#12 Thomas Wojciechowski - QB","#42 Robert Gomes - RB",,,"#43 Jay Baumgartner - FB","#88 Edwin Wilcox - TE",,"#86 Carl Higgins - WR",,"#83 Daniel Glenn - WR",,,"#50 Ashley Rodriguez - LT","#60 Francis Lewis - RT","#66 Keith Coffey - C","#58 Wilbert Curtis - RG","#51 Jose Johnson - RT",,"#93 Joe Adkins - DT","#92 Jack Pope - LDE","#96 Alex Cortez - DT","#91 Shawn Harrison - LDE","#97 Herman Hankins - DT","#98 Patrick Chew - SLB","#95 Philip Steward - MLB",,"#51 Anibal Turner - WLB","#48 Joseph Young - CB","#33 Jake Trivett - CB",,,,"#35 Larry Phillips - SS",,,,,,,,,,,,,,,,,,,,,,,,,,,,,,,,,,,,,
,0:00,,3,2,9,,,,35,13,"End of third quarter.",,,,,,,,,,,,,,,,,,,,,,,,,,,,,,,,,,,,,,,,,,,,,,,,,,,,,,,,,,,,,,,,,,,,,,
WWE,15:00,"WWE 26",4,2,9,"Shotgun 2 RB 3 WR RB Curls","Nickel Normal 3 Deep Man Under",8,35,13,"2-9-WWE 26 (15:00) 12-Thomas Wojciechowski pass complete to 42-Robert Gomes to WWE 34 for 8 yards. Tackle by 95-Philip Steward. Nice job by 42-Robert Gomes on that route to lose his coverage.","#12 Thomas Wojciechowski - QB","#42 Robert Gomes - RB","#11 Gregory Hall - RB",,,,,"#86 Carl Higgins - WR","#82 Alfonso Tindle - WR","#83 Daniel Glenn - WR",,,"#50 Ashley Rodriguez - LT","#60 Francis Lewis - RT","#66 Keith Coffey - C","#58 Wilbert Curtis - RG","#51 Jose Johnson - RT",,"#92 Jack Pope - LDE",,"#96 Alex Cortez - DT","#93 Joe Adkins - DT","#94 Wesley Spaulding - RDE",,"#95 Philip Steward - MLB",,"#51 Anibal Turner - WLB","#1 Merrill Stafford - CB","#48 Joseph Young - CB",,"#33 Jake Trivett - CB",,"#35 Larry Phillips - SS","#46 Jonathan Beck - FS",,,,,,,,,,,,,,,,,,,,,,,,,,,,,,,,,,,,
WWE,14:18,"WWE 34",4,3,1,"I Formation Twin WR Quick Outs","3-4 Normal 2 Deep Zone",11,35,13,"3-1-WWE 34 (14:17) 12-Thomas Wojciechowski pass complete to 86-Carl Higgins to WWE 44 for 11 yards. Tackle by 48-Joseph Young.","#12 Thomas Wojciechowski - QB","#11 Gregory Hall - RB",,,"#43 Jay Baumgartner - FB","#88 Edwin Wilcox - TE",,"#86 Carl Higgins - WR",,"#83 Daniel Glenn - WR",,,"#50 Ashley Rodriguez - LT","#60 Francis Lewis - RT","#66 Keith Coffey - C","#58 Wilbert Curtis - RG","#51 Jose Johnson - RT",,"#92 Jack Pope - LDE",,"#96 Alex Cortez - DT",,"#94 Wesley Spaulding - RDE","#98 Patrick Chew - SLB","#95 Philip Steward - MLB","#56 Benito Serra - MLB","#51 Anibal Turner - WLB","#1 Merrill Stafford - CB","#48 Joseph Young - CB",,,,"#35 Larry Phillips - SS","#46 Jonathan Beck - FS",,,,,,,,,,,,,,,,,,,,,,,,,,,,,,,,,,,,
WWE,13:43,"WWE 44",4,1,10,"Shotgun Normal Deep Weak In and Out","Nickel Normal Shallow Zone Deep",,35,13,"1-10-WWE 44 (13:42) PENALTY - False Start (WWE 42-Robert Gomes)","#12 Thomas Wojciechowski - QB","#42 Robert Gomes - RB",,,,"#88 Edwin Wilcox - TE",,"#86 Carl Higgins - WR","#82 Alfonso Tindle - WR","#83 Daniel Glenn - WR",,,"#50 Ashley Rodriguez - LT","#60 Francis Lewis - RT","#66 Keith Coffey - C","#58 Wilbert Curtis - RG","#51 Jose Johnson - RT",,"#92 Jack Pope - LDE",,"#96 Alex Cortez - DT","#93 Joe Adkins - DT","#94 Wesley Spaulding - RDE",,"#95 Philip Steward - MLB",,"#51 Anibal Turner - WLB","#1 Merrill Stafford - CB","#48 Joseph Young - CB",,"#33 Jake Trivett - CB",,"#35 Larry Phillips - SS","#46 Jonathan Beck - FS",,,,,,,,,,,,,,,,,,,,,,,,,,,,,,,,,,,,
WWE,13:41,"WWE 39",4,1,15,"Strong I Normal WR Post TE Out","3-4 Normal 2 Deep Zone",-2,35,13,"1-15-WWE 39 (13:42) 12-Thomas Wojciechowski pass complete to 42-Robert Gomes to WWE 38 for -2 yards. Tackle by 48-Joseph Young.","#12 Thomas Wojciechowski - QB","#42 Robert Gomes - RB",,,"#43 Jay Baumgartner - FB","#88 Edwin Wilcox - TE",,"#86 Carl Higgins - WR",,"#83 Daniel Glenn - WR",,,"#50 Ashley Rodriguez - LT","#60 Francis Lewis - RT","#66 Keith Coffey - C","#58 Wilbert Curtis - RG","#51 Jose Johnson - RT",,"#92 Jack Pope - LDE",,"#96 Alex Cortez - DT",,"#94 Wesley Spaulding - RDE","#98 Patrick Chew - SLB","#95 Philip Steward - MLB","#56 Benito Serra - MLB","#51 Anibal Turner - WLB","#1 Merrill Stafford - CB","#48 Joseph Young - CB",,,,"#35 Larry Phillips - SS","#46 Jonathan Beck - FS",,,,,,,,,,,,,,,,,,,,,,,,,,,,,,,,,,,,
WWE,13:00,"WWE 38",4,2,17,"I Formation Normal PA Streaks","3-4 Normal Man Cover 1",-8,35,13,"2-17-WWE 38 (12:59) 12-Thomas Wojciechowski sacked at WWE 30 for -8 yards (94-Wesley Spaulding). Sack allowed by 50-Ashley Rodriguez. The offense has gone to that play a few too many times.","#12 Thomas Wojciechowski - QB","#11 Gregory Hall - RB",,,"#43 Jay Baumgartner - FB","#88 Edwin Wilcox - TE",,"#86 Carl Higgins - WR",,"#83 Daniel Glenn - WR",,,"#50 Ashley Rodriguez - LT","#60 Francis Lewis - RT","#66 Keith Coffey - C","#58 Wilbert Curtis - RG","#51 Jose Johnson - RT",,"#92 Jack Pope - LDE",,"#96 Alex Cortez - DT",,"#94 Wesley Spaulding - RDE","#98 Patrick Chew - SLB","#95 Philip Steward - MLB","#56 Benito Serra - MLB","#51 Anibal Turner - WLB","#1 Merrill Stafford - CB","#48 Joseph Young - CB",,,,"#35 Larry Phillips - SS","#46 Jonathan Beck - FS",,,,,,,,,,,,,,,,,,,,,,,,,,,,,,,,,,,,
WWE,12:23,"WWE 30",4,3,24,"I Formation Normal PA Streaks","3-4 Normal Man Cover 1",,35,13,"3-24-WWE 30 (12:22) 12-Thomas Wojciechowski pass Pass knocked down by 56-Benito Serra. incomplete, intended for 43-Jay Baumgartner. Pressure by 94-Wesley Spaulding. I think the offense is starting to overuse that play.","#12 Thomas Wojciechowski - QB","#42 Robert Gomes - RB",,,"#43 Jay Baumgartner - FB","#88 Edwin Wilcox - TE",,"#86 Carl Higgins - WR",,"#83 Daniel Glenn - WR",,,"#50 Ashley Rodriguez - LT","#60 Francis Lewis - RT","#66 Keith Coffey - C","#58 Wilbert Curtis - RG","#51 Jose Johnson - RT",,"#92 Jack Pope - LDE",,"#96 Alex Cortez - DT",,"#94 Wesley Spaulding - RDE","#98 Patrick Chew - SLB","#95 Philip Steward - MLB","#56 Benito Serra - MLB","#51 Anibal Turner - WLB","#1 Merrill Stafford - CB","#48 Joseph Young - CB",,,,"#35 Larry Phillips - SS","#46 Jonathan Beck - FS",,,,,,,,,,,,,,,,,,,,,,,,,,,,,,,,,,,,
WWE,12:17,"WWE 30",4,4,24,Punt,"Punt Return",,35,13,"4-24-WWE 30 (12:18) 14-Michael Quintanilla punts 50 yards to BAN 19. 26-Arthur Osborne to BAN 27 for 8 yards. Tackle by 46-Jack Farrer.",,,,,,,,,,,,,,,,,,"#14 Michael Quintanilla - P",,,,,,,,,,,,,,,,,,,"#81 Mathew Franzen - TE",,"#26 Arthur Osborne - RB",,,"#43 Charles Lowenstein - FS","#83 William Brannon - WR","#92 Jack Pope - LDE",,"#95 Steven Stancil - WLB","#91 Shawn Harrison - LDE",,"#34 Willie Parker - SS",,,,"#60 Francis Lewis - RT","#58 Wilbert Curtis - RG","#88 Edwin Wilcox - TE","#50 Ashley Rodriguez - LT","#51 Jose Johnson - RT","#62 David Lary - RG",,"#93 Joe Adkins - DT","#94 Wesley Spaulding - RDE","#98 Patrick Chew - SLB","#52 James Karsten - WLB",,,,,,,
BAN,12:09,"BAN 27",4,1,10,"Weak I Normal HB Inside Weak","4-3 Under Double LB Blitz",2,35,13,"1-10-BAN 27 (12:10) 17-Lonnie Ramos ran to BAN 29 for 2 yards. Tackle by 69-Nicolas Whitcomb.","#6 Jamie Arriaga - QB","#17 Lonnie Ramos - RB",,,"#47 Timothy Burns - RB","#49 Micheal Gonzales - TE",,"#19 Daren Thomas - WR",,"#11 Aaron Kinley - WR",,,"#77 Richard Prestwood - LT","#78 Joe Wurster - RG","#79 Damon Baldwin - C","#70 Scott Anderson - RG","#74 Robert White - RT",,"#92 Kevin Luke - LDE",,"#50 Juan Saldivar - DT","#93 Charlie Beers - DT","#69 Nicolas Whitcomb - RDE","#99 Ray Long - SLB","#56 Darius Greenman - MLB",,"#91 Dennis Smith - WLB","#29 Joel Figueroa - CB","#1 Christopher Mills - CB",,,,"#26 Thomas Treadway - SS","#44 Carl Lucas - CB",,,,,,,,,,,,,,,,,,,,,,,,,,,,,,,,,,,,
BAN,11:28,"BAN 29",4,2,8,"I Formation 3WR HB Inside Strong","Nickel Normal SS Blitz",4,35,13,"2-8-BAN 29 (11:27) 26-Arthur Osborne ran to BAN 34 for 5 yards. 26-Arthur Osborne FUMBLES (44-Carl Lucas) recovered by BAN-11-Aaron Kinley at BAN 33. Tackle by 29-Joel Figueroa. WWE 41-Robert Ammons was injured on the play.","#6 Jamie Arriaga - QB","#26 Arthur Osborne - RB",,,"#49 Micheal Gonzales - TE",,,"#83 William Brannon - WR","#11 Aaron Kinley - WR","#19 Daren Thomas - WR",,,"#77 Richard Prestwood - LT","#78 Joe Wurster - RG","#79 Damon Baldwin - C","#70 Scott Anderson - RG","#74 Robert White - RT",,"#92 Kevin Luke - LDE",,"#50 Juan Saldivar - DT","#93 Charlie Beers - DT","#69 Nicolas Whitcomb - RDE",,"#56 Darius Greenman - MLB",,"#91 Dennis Smith - WLB","#46 Jack Farrer - CB","#29 Joel Figueroa - CB",,"#1 Christopher Mills - CB",,"#41 Robert Ammons - SS","#44 Carl Lucas - CB",,,,,,,,,,,,,,,,,,,,,,,,,,,,,,,,,,,,
BAN,10:45,"BAN 33",4,3,4,"I Formation 3WR Slot Corner Long","Nickel Strong Double LB plus CB3 Blitz",8,35,13,"3-4-BAN 33 (10:44) 6-Jamie Arriaga pass complete to 11-Aaron Kinley to BAN 42 for 8 yards. Tackle by 46-Jack Farrer. Pressure by 91-Dennis Smith.","#6 Jamie Arriaga - QB","#17 Lonnie Ramos - RB",,,"#47 Timothy Burns - RB",,,"#11 Aaron Kinley - WR","#49 Micheal Gonzales - TE","#80 Andres Nelson - WR",,,"#77 Richard Prestwood - LT","#78 Joe Wurster - RG","#79 Damon Baldwin - C","#70 Scott Anderson - RG","#74 Robert White - RT",,"#92 Kevin Luke - LDE",,"#50 Juan Saldivar - DT","#93 Charlie Beers - DT","#69 Nicolas Whitcomb - RDE",,"#56 Darius Greenman - MLB",,"#91 Dennis Smith - WLB","#46 Jack Farrer - CB","#29 Joel Figueroa - CB",,"#1 Christopher Mills - CB",,"#26 Thomas Treadway - SS","#44 Carl Lucas - CB",,,,,,,,,,,,,,,,,,,,,,,,,,,,,,,,,,,,
BAN,10:08,"BAN 42",4,1,10,"Shotgun Normal HB Flare","Nickel Strong Double LB plus CB3 Blitz",15,35,13,"1-10-BAN 42 (10:07) 6-Jamie Arriaga pass complete to 11-Aaron Kinley to WWE 43 for 15 yards. Tackle by 44-Carl Lucas.","#6 Jamie Arriaga - QB","#17 Lonnie Ramos - RB",,,,"#49 Micheal Gonzales - TE",,"#83 William Brannon - WR","#11 Aaron Kinley - WR","#19 Daren Thomas - WR",,,"#77 Richard Prestwood - LT","#78 Joe Wurster - RG","#79 Damon Baldwin - C","#70 Scott Anderson - RG","#74 Robert White - RT",,"#92 Kevin Luke - LDE",,"#50 Juan Saldivar - DT","#93 Charlie Beers - DT","#69 Nicolas Whitcomb - RDE",,"#56 Darius Greenman - MLB",,"#91 Dennis Smith - WLB","#46 Jack Farrer - CB","#29 Joel Figueroa - CB",,"#1 Christopher Mills - CB",,"#26 Thomas Treadway - SS","#44 Carl Lucas - CB",,,,,,,,,,,,,,,,,,,,,,,,,,,,,,,,,,,,
BAN,9:34,"WWE 43",4,1,10,"Singleback Slot Strong HB Strong Inside","Nickel Strong 2 Deep Man Under",10,35,13,"1-10-WWE 43 (9:33) 26-Arthur Osborne ran to WWE 33 for 10 yards. Tackle by 24-Thomas Treadway. BAN 74-Robert White was injured on the play.","#6 Jamie Arriaga - QB","#26 Arthur Osborne - RB",,,,"#49 Micheal Gonzales - TE",,"#83 William Brannon - WR","#80 Andres Nelson - WR","#19 Daren Thomas - WR",,,"#77 Richard Prestwood - LT","#78 Joe Wurster - RG","#79 Damon Baldwin - C","#70 Scott Anderson - RG","#74 Robert White - RT",,"#92 Kevin Luke - LDE",,"#50 Juan Saldivar - DT","#93 Charlie Beers - DT","#69 Nicolas Whitcomb - RDE",,"#56 Darius Greenman - MLB",,"#91 Dennis Smith - WLB","#46 Jack Farrer - CB","#29 Joel Figueroa - CB",,"#1 Christopher Mills - CB",,"#26 Thomas Treadway - SS","#44 Carl Lucas - CB",,,,,,,,,,,,,,,,,,,,,,,,,,,,,,,,,,,,
BAN,8:53,"WWE 33",4,1,10,"I Formation Normal FL Hitch","4-3 Under Crash Right",3,35,13,"1-10-WWE 33 (8:52) 6-Jamie Arriaga pass complete to 19-Daren Thomas to WWE 30 for 3 yards. Tackle by 46-Jack Farrer.","#6 Jamie Arriaga - QB","#17 Lonnie Ramos - RB",,,"#47 Timothy Burns - RB","#49 Micheal Gonzales - TE",,"#19 Daren Thomas - WR",,"#11 Aaron Kinley - WR",,,"#77 Richard Prestwood - LT","#78 Joe Wurster - RG","#79 Damon Baldwin - C","#70 Scott Anderson - RG","#61 Tyler Burke - RT",,"#92 Kevin Luke - LDE",,"#50 Juan Saldivar - DT","#93 Charlie Beers - DT","#69 Nicolas Whitcomb - RDE","#99 Ray Long - SLB","#56 Darius Greenman - MLB",,"#91 Dennis Smith - WLB","#46 Jack Farrer - CB","#29 Joel Figueroa - CB",,,,"#26 Thomas Treadway - SS","#44 Carl Lucas - CB",,,,,,,,,,,,,,,,,,,,,,,,,,,,,,,,,,,,
BAN,8:12,"WWE 30",4,2,7,"Split Backs Normal Posts","46 Normal Outside Blitz",15,35,13,"2-7-WWE 30 (8:11) 6-Jamie Arriaga pass complete to 49-Micheal Gonzales to WWE 14 for 15 yards. Tackle by 44-Carl Lucas.","#6 Jamie Arriaga - QB","#17 Lonnie Ramos - RB",,,"#47 Timothy Burns - RB","#49 Micheal Gonzales - TE",,"#83 William Brannon - WR",,"#19 Daren Thomas - WR",,,"#77 Richard Prestwood - LT","#78 Joe Wurster - RG","#79 Damon Baldwin - C","#70 Scott Anderson - RG","#61 Tyler Burke - RT",,"#92 Kevin Luke - LDE",,"#50 Juan Saldivar - DT","#93 Charlie Beers - DT","#69 Nicolas Whitcomb - RDE","#99 Ray Long - SLB","#56 Darius Greenman - MLB",,"#91 Dennis Smith - WLB","#46 Jack Farrer - CB","#29 Joel Figueroa - CB",,,,"#26 Thomas Treadway - SS","#44 Carl Lucas - CB",,,,,,,,,,,,,,,,,,,,,,,,,,,,,,,,,,,,
BAN,7:36,"WWE 14",4,1,10,"Singleback Slot Strong HB Strong Inside","Nickel Normal Double WR3",3,35,13,"1-10-WWE 14 (7:35) 26-Arthur Osborne ran to WWE 11 for 3 yards. Tackle by 91-Dennis Smith.","#6 Jamie Arriaga - QB","#26 Arthur Osborne - RB",,,,"#85 Jimmy Vazquez - TE",,"#83 William Brannon - WR","#80 Andres Nelson - WR","#11 Aaron Kinley - WR",,,"#77 Richard Prestwood - LT","#78 Joe Wurster - RG","#79 Damon Baldwin - C","#70 Scott Anderson - RG","#61 Tyler Burke - RT",,"#92 Kevin Luke - LDE",,"#50 Juan Saldivar - DT","#93 Charlie Beers - DT","#69 Nicolas Whitcomb - RDE",,"#56 Darius Greenman - MLB",,"#91 Dennis Smith - WLB","#1 Christopher Mills - CB","#49 George Moss - FS",,"#31 Chester Doane - FS",,"#26 Thomas Treadway - SS","#39 George Rodriguez - FS",,,,,,,,,,,,,,,,,,,,,,,,,,,,,,,,,,,,
BAN,7:03,"WWE 11",4,2,7,"Singleback Slot Strong HB Strong Inside","Nickel Normal Double WR2",4,35,13,"2-7-WWE 11 (7:02) 47-Timothy Burns ran to WWE 8 for 4 yards. Tackle by 91-Dennis Smith.","#6 Jamie Arriaga - QB","#47 Timothy Burns - RB",,,,"#85 Jimmy Vazquez - TE",,"#83 William Brannon - WR","#11 Aaron Kinley - WR","#19 Daren Thomas - WR",,,"#77 Richard Prestwood - LT","#78 Joe Wurster - RG","#79 Damon Baldwin - C","#70 Scott Anderson - RG","#61 Tyler Burke - RT",,"#92 Kevin Luke - LDE",,"#50 Juan Saldivar - DT","#93 Charlie Beers - DT","#69 Nicolas Whitcomb - RDE",,"#56 Darius Greenman - MLB",,"#91 Dennis Smith - WLB","#46 Jack Farrer - CB","#29 Joel Figueroa - CB",,"#1 Christopher Mills - CB",,"#49 George Moss - FS","#39 George Rodriguez - FS",,,,,,,,,,,,,,,,,,,,,,,,,,,,,,,,,,,,
BAN,6:22,"WWE 8",4,3,3,"Shotgun 4 Wide WR Corner","Dime Normal Double WR3",,35,13,"3-3-WWE 8 (6:21) 6-Jamie Arriaga pass incomplete, dropped by 80-Andres Nelson. That was a dangerous pass. PENALTY - Holding (BAN 79-Damon Baldwin) (Declined)","#6 Jamie Arriaga - QB","#26 Arthur Osborne - RB",,,,,,"#83 William Brannon - WR","#11 Aaron Kinley - WR","#19 Daren Thomas - WR","#80 Andres Nelson - WR",,"#77 Richard Prestwood - LT","#78 Joe Wurster - RG","#79 Damon Baldwin - C","#70 Scott Anderson - RG","#61 Tyler Burke - RT",,"#92 Kevin Luke - LDE",,"#50 Juan Saldivar - DT","#93 Charlie Beers - DT","#69 Nicolas Whitcomb - RDE",,"#56 Darius Greenman - MLB",,,"#46 Jack Farrer - CB","#29 Joel Figueroa - CB","#49 George Moss - FS","#1 Christopher Mills - CB",,"#26 Thomas Treadway - SS","#44 Carl Lucas - CB",,,,,,,,,,,,,,,,,,,,,,,,,,,,,,,,,,,,
BAN,6:16,"WWE 8",4,4,3,"Field Goal","FG Block",18,38,13,"4-3-WWE 8 (6:17) 13-Justin Stamps 26 yard field goal is GOOD. BAN 38 WWE 13",,,,,,,,,,,,,,,,,,,,,,,,,,,,,,,,,,,,"#1 Merrill Stafford - CB","#78 Joe Wurster - RG",,,,,,,,,,,,,,"#13 Justin Stamps - K","#23 James Tillman - RB","#66 Jason Glowacki - C","#61 Tyler Burke - RT","#70 Scott Anderson - RG","#79 Damon Baldwin - C","#77 Richard Prestwood - LT","#63 Nicholas Rogers - LG","#49 Micheal Gonzales - TE","#46 Jack Farrer - CB","#91 Dennis Smith - WLB","#90 Russell Ely - MLB","#50 Juan Saldivar - DT","#97 Jeremy Pardue - DT","#39 George Rodriguez - FS","#56 Darius Greenman - MLB","#99 Ray Long - SLB","#31 Chester Doane - FS","#94 Joseph Wilson - LDE","#41 Kenneth Wheaton - SS"
BAN,6:14,"BAN 35",4,6,10,Kickoff,"Kick Return",,38,13,"(6:15) 13-Justin Stamps kicks 66 yards from BAN 35 to WWE -1. 20-James Rogers to WWE 29 for 30 yards. Tackle by 1-Merrill Stafford. WWE 31-Chester Doane was injured on the play.",,,,,,,,,,,,,,,,,,,,,,,,,,,,,,,,,,,,,,"#20 James Rogers - RB",,"#94 Joseph Wilson - LDE","#49 George Moss - FS","#46 Jack Farrer - CB","#1 Christopher Mills - CB","#90 Russell Ely - MLB","#91 Dennis Smith - WLB","#41 Robert Ammons - SS","#31 Chester Doane - FS","#97 Jeremy Pardue - DT","#39 George Rodriguez - FS","#13 Justin Stamps - K",,,,,,,,,,,,,,,,,,,,
WWE,6:09,"WWE 29",4,1,10,"Shotgun 2 RB 3 WR WR Curl","Nickel Normal Shallow Zone Deep",,38,13,"1-10-WWE 29 (6:10) 12-Thomas Wojciechowski pass incomplete, dropped by 83-Daniel Glenn. That was a dangerous pass. 21-Jake Trivett got away with a hold on that play.","#12 Thomas Wojciechowski - QB","#42 Robert Gomes - RB","#11 Gregory Hall - RB",,,,,"#86 Carl Higgins - WR","#82 Alfonso Tindle - WR","#83 Daniel Glenn - WR",,,"#50 Ashley Rodriguez - LT","#60 Francis Lewis - RT","#66 Keith Coffey - C","#58 Wilbert Curtis - RG","#51 Jose Johnson - RT",,"#93 Joe Adkins - DT",,"#96 Alex Cortez - DT","#97 Herman Hankins - DT","#98 Patrick Chew - SLB",,"#95 Philip Steward - MLB",,"#51 Anibal Turner - WLB","#48 Joseph Young - CB","#33 Jake Trivett - CB",,"#34 Willie Parker - SS",,"#35 Larry Phillips - SS","#46 Jonathan Beck - FS",,,,,,,,,,,,,,,,,,,,,,,,,,,,,,,,,,,,
WWE,6:06,"WWE 29",4,2,10,"Shotgun Normal Deep Weak In and Out","Nickel Normal 3 Deep Man Under",-9,38,13,"2-10-WWE 29 (6:07) 12-Thomas Wojciechowski sacked at WWE 20 for -9 yards (92-Jack Pope). Sack allowed by 51-Jose Johnson.","#12 Thomas Wojciechowski - QB","#11 Gregory Hall - RB",,,,"#88 Edwin Wilcox - TE",,"#86 Carl Higgins - WR","#82 Alfonso Tindle - WR","#83 Daniel Glenn - WR",,,"#50 Ashley Rodriguez - LT","#60 Francis Lewis - RT","#66 Keith Coffey - C","#58 Wilbert Curtis - RG","#51 Jose Johnson - RT",,"#92 Jack Pope - LDE",,"#96 Alex Cortez - DT","#93 Joe Adkins - DT","#94 Wesley Spaulding - RDE",,"#95 Philip Steward - MLB",,"#51 Anibal Turner - WLB","#1 Merrill Stafford - CB","#48 Joseph Young - CB",,"#33 Jake Trivett - CB",,"#35 Larry Phillips - SS","#46 Jonathan Beck - FS",,,,,,,,,,,,,,,,,,,,,,,,,,,,,,,,,,,,
WWE,5:46,"WWE 20",4,3,19,"Strong I Normal WR Post TE Out","3-4 Normal 3 Deep Man Under",1,38,13,"3-19-WWE 20 (5:45) 12-Thomas Wojciechowski pass complete to 42-Robert Gomes to WWE 21 for 1 yards. Tackle by 56-Benito Serra.","#12 Thomas Wojciechowski - QB","#42 Robert Gomes - RB",,,"#43 Jay Baumgartner - FB","#88 Edwin Wilcox - TE",,"#86 Carl Higgins - WR",,"#83 Daniel Glenn - WR",,,"#50 Ashley Rodriguez - LT","#60 Francis Lewis - RT","#66 Keith Coffey - C","#58 Wilbert Curtis - RG","#51 Jose Johnson - RT",,"#92 Jack Pope - LDE",,"#96 Alex Cortez - DT",,"#94 Wesley Spaulding - RDE","#98 Patrick Chew - SLB","#95 Philip Steward - MLB","#56 Benito Serra - MLB","#51 Anibal Turner - WLB","#1 Merrill Stafford - CB","#48 Joseph Young - CB",,,,"#35 Larry Phillips - SS","#46 Jonathan Beck - FS",,,,,,,,,,,,,,,,,,,,,,,,,,,,,,,,,,,,
WWE,5:27,"WWE 21",4,4,18,Punt,"Punt Return",,38,13,"4-18-WWE 21 (5:26) 14-Michael Quintanilla punts 49 yards to BAN 30. Fair Catch by 26-Arthur Osborne. BAN 94-Wesley Spaulding was injured on the play.",,,,,,,,,,,,,,,,,,"#14 Michael Quintanilla - P",,,,,,,,,,,,,,,,,,,"#81 Mathew Franzen - TE",,"#26 Arthur Osborne - RB",,,"#43 Charles Lowenstein - FS","#83 William Brannon - WR","#92 Jack Pope - LDE",,"#95 Steven Stancil - WLB","#91 Shawn Harrison - LDE",,"#34 Willie Parker - SS",,,,"#60 Francis Lewis - RT","#58 Wilbert Curtis - RG","#88 Edwin Wilcox - TE","#50 Ashley Rodriguez - LT","#51 Jose Johnson - RT","#62 David Lary - RG",,"#93 Joe Adkins - DT","#94 Wesley Spaulding - RDE","#98 Patrick Chew - SLB","#52 James Karsten - WLB",,,,,,,
BAN,5:18,"BAN 30",4,1,10,"Weak I Normal HB Inside Weak","4-3 Under Double LB Blitz",-0,38,13,"1-10-BAN 30 (5:19) 17-Lonnie Ramos ran to BAN 29 for a short loss. Tackle by 91-Dennis Smith.","#6 Jamie Arriaga - QB","#17 Lonnie Ramos - RB",,,"#41 John White - FB","#49 Micheal Gonzales - TE",,"#19 Daren Thomas - WR",,"#11 Aaron Kinley - WR",,,"#77 Richard Prestwood - LT","#78 Joe Wurster - RG","#79 Damon Baldwin - C","#70 Scott Anderson - RG","#74 Robert White - RT",,"#92 Kevin Luke - LDE",,"#50 Juan Saldivar - DT","#93 Charlie Beers - DT","#69 Nicolas Whitcomb - RDE","#99 Ray Long - SLB","#56 Darius Greenman - MLB",,"#91 Dennis Smith - WLB","#29 Joel Figueroa - CB","#1 Christopher Mills - CB",,,,"#41 Robert Ammons - SS","#44 Carl Lucas - CB",,,,,,,,,,,,,,,,,,,,,,,,,,,,,,,,,,,,
BAN,4:43,"BAN 29",4,2,10,"Weak I Normal HB Inside Weak","4-3 Under Double LB Blitz",,38,13,"2-10-BAN 29 (4:42) PENALTY - False Start (BAN 77-Richard Prestwood)","#6 Jamie Arriaga - QB","#26 Arthur Osborne - RB",,,"#41 John White - FB","#49 Micheal Gonzales - TE",,"#83 William Brannon - WR",,"#19 Daren Thomas - WR",,,"#77 Richard Prestwood - LT","#78 Joe Wurster - RG","#79 Damon Baldwin - C","#70 Scott Anderson - RG","#74 Robert White - RT",,"#92 Kevin Luke - LDE",,"#50 Juan Saldivar - DT","#93 Charlie Beers - DT","#69 Nicolas Whitcomb - RDE","#99 Ray Long - SLB","#56 Darius Greenman - MLB",,"#91 Dennis Smith - WLB","#46 Jack Farrer - CB","#29 Joel Figueroa - CB",,,,"#41 Robert Ammons - SS","#44 Carl Lucas - CB",,,,,,,,,,,,,,,,,,,,,,,,,,,,,,,,,,,,
BAN,4:41,"BAN 24",4,2,15,"Weak I Normal HB Inside Strong","4-3 Under Double LB Blitz",-1,38,13,"2-15-BAN 24 (4:42) 26-Arthur Osborne ran to BAN 24 for -1 yards. Tackle by 56-Darius Greenman.","#6 Jamie Arriaga - QB","#26 Arthur Osborne - RB",,,"#41 John White - FB","#49 Micheal Gonzales - TE",,"#83 William Brannon - WR",,"#19 Daren Thomas - WR",,,"#77 Richard Prestwood - LT","#78 Joe Wurster - RG","#79 Damon Baldwin - C","#70 Scott Anderson - RG","#74 Robert White - RT",,"#92 Kevin Luke - LDE",,"#50 Juan Saldivar - DT","#93 Charlie Beers - DT","#69 Nicolas Whitcomb - RDE","#99 Ray Long - SLB","#56 Darius Greenman - MLB",,"#91 Dennis Smith - WLB","#46 Jack Farrer - CB","#29 Joel Figueroa - CB",,,,"#41 Robert Ammons - SS","#44 Carl Lucas - CB",,,,,,,,,,,,,,,,,,,,,,,,,,,,,,,,,,,,
BAN,4:08,"BAN 24",4,3,16,"Strong I Normal HB Off Tackle Strong","4-3 Under Crash Right",1,38,13,"3-16-BAN 24 (4:07) 17-Lonnie Ramos ran to BAN 24 for 1 yards. Tackle by 92-Kevin Luke.","#6 Jamie Arriaga - QB","#17 Lonnie Ramos - RB",,,"#41 John White - FB","#49 Micheal Gonzales - TE",,"#83 William Brannon - WR",,"#19 Daren Thomas - WR",,,"#77 Richard Prestwood - LT","#78 Joe Wurster - RG","#79 Damon Baldwin - C","#70 Scott Anderson - RG","#74 Robert White - RT",,"#92 Kevin Luke - LDE",,"#50 Juan Saldivar - DT","#93 Charlie Beers - DT","#69 Nicolas Whitcomb - RDE","#99 Ray Long - SLB","#56 Darius Greenman - MLB",,"#91 Dennis Smith - WLB","#46 Jack Farrer - CB","#29 Joel Figueroa - CB",,,,"#41 Robert Ammons - SS","#44 Carl Lucas - CB",,,,,,,,,,,,,,,,,,,,,,,,,,,,,,,,,,,,
BAN,3:35,"BAN 24",4,4,15,Punt,"Punt Return",,38,13,"4-15-BAN 24 (3:34) 16-Michael Jefferson punts 43 yards to WWE 32. Fair Catch by 20-James Rogers.",,,,,,,,,,,,,,,,,,"#9 Michael Jefferson - P",,,,,,,,,,,,,,,,,,,"#78 Joe Wurster - RG",,"#20 James Rogers - RB",,,"#46 Jack Farrer - CB","#49 George Moss - FS","#90 Russell Ely - MLB",,"#31 Chester Doane - FS","#39 George Rodriguez - FS",,"#1 Christopher Mills - CB",,,,"#61 Tyler Burke - RT","#77 Richard Prestwood - LT","#70 Scott Anderson - RG","#74 Robert White - RT","#79 Damon Baldwin - C","#66 Jason Glowacki - C",,"#99 Ray Long - SLB","#91 Dennis Smith - WLB","#41 Robert Ammons - SS","#50 Juan Saldivar - DT",,,,,,,
WWE,3:26,"WWE 32",4,1,10,"Shotgun Normal Double Outs","Nickel Normal Man Cover 2",1,38,13,"1-10-WWE 32 (3:27) 12-Thomas Wojciechowski pass complete to 82-Alfonso Tindle to WWE 33 for 1 yards. Tackle by 34-Willie Parker. 82-Alfonso Tindle made a great move on the CB.","#12 Thomas Wojciechowski - QB","#42 Robert Gomes - RB",,,,"#88 Edwin Wilcox - TE",,"#86 Carl Higgins - WR","#82 Alfonso Tindle - WR","#83 Daniel Glenn - WR",,,"#50 Ashley Rodriguez - LT","#60 Francis Lewis - RT","#66 Keith Coffey - C","#58 Wilbert Curtis - RG","#51 Jose Johnson - RT",,"#91 Shawn Harrison - LDE",,"#96 Alex Cortez - DT","#93 Joe Adkins - DT","#94 Wesley Spaulding - RDE",,"#95 Philip Steward - MLB",,"#51 Anibal Turner - WLB","#48 Joseph Young - CB","#33 Jake Trivett - CB",,"#34 Willie Parker - SS",,"#35 Larry Phillips - SS","#46 Jonathan Beck - FS",,,,,,,,,,,,,,,,,,,,,,,,,,,,,,,,,,,,
WWE,3:10,"WWE 33",4,2,9,"I Formation Normal PA Streaks","3-4 Normal 2 Deep Zone",-8,38,13,"2-9-WWE 33 (3:09) 12-Thomas Wojciechowski sacked at WWE 25 for -8 yards (94-Wesley Spaulding). Sack allowed by 72-Francis Lewis. I think the offense is starting to overuse that play.","#12 Thomas Wojciechowski - QB","#11 Gregory Hall - RB",,,"#43 Jay Baumgartner - FB","#88 Edwin Wilcox - TE",,"#86 Carl Higgins - WR",,"#83 Daniel Glenn - WR",,,"#50 Ashley Rodriguez - LT","#60 Francis Lewis - RT","#66 Keith Coffey - C","#58 Wilbert Curtis - RG","#51 Jose Johnson - RT",,"#92 Jack Pope - LDE",,"#96 Alex Cortez - DT",,"#94 Wesley Spaulding - RDE","#98 Patrick Chew - SLB","#95 Philip Steward - MLB","#56 Benito Serra - MLB","#51 Anibal Turner - WLB","#1 Merrill Stafford - CB","#48 Joseph Young - CB",,,,"#35 Larry Phillips - SS","#46 Jonathan Beck - FS",,,,,,,,,,,,,,,,,,,,,,,,,,,,,,,,,,,,
WWE,2:48,"WWE 25",4,3,17,"Strong I Normal WR Post TE Out","3-4 Normal 3 Deep Man Under",1,38,13,"3-17-WWE 25 (2:47) 12-Thomas Wojciechowski pass complete to 42-Robert Gomes to WWE 27 for 1 yards. Tackle by 98-Patrick Chew.","#12 Thomas Wojciechowski - QB","#42 Robert Gomes - RB",,,"#43 Jay Baumgartner - FB","#88 Edwin Wilcox - TE",,"#86 Carl Higgins - WR",,"#83 Daniel Glenn - WR",,,"#50 Ashley Rodriguez - LT","#60 Francis Lewis - RT","#66 Keith Coffey - C","#58 Wilbert Curtis - RG","#51 Jose Johnson - RT",,"#92 Jack Pope - LDE",,"#96 Alex Cortez - DT",,"#94 Wesley Spaulding - RDE","#98 Patrick Chew - SLB","#95 Philip Steward - MLB","#56 Benito Serra - MLB","#51 Anibal Turner - WLB","#1 Merrill Stafford - CB","#33 Jake Trivett - CB",,,,"#34 Willie Parker - SS","#46 Jonathan Beck - FS",,,,,,,,,,,,,,,,,,,,,,,,,,,,,,,,,,,,
WWE,2:26,"WWE 27",4,4,16,Punt,"Punt Return",,38,13,"4-16-WWE 27 (2:25) 14-Michael Quintanilla punts 44 yards to BAN 29. Fair Catch by 26-Arthur Osborne.",,,,,,,,,,,,,,,,,,"#14 Michael Quintanilla - P",,,,,,,,,,,,,,,,,,,"#81 Mathew Franzen - TE",,"#26 Arthur Osborne - RB",,,"#43 Charles Lowenstein - FS","#83 William Brannon - WR","#92 Jack Pope - LDE",,"#95 Steven Stancil - WLB","#91 Shawn Harrison - LDE",,"#34 Willie Parker - SS",,,,"#62 David Lary - RG","#60 Francis Lewis - RT","#50 Ashley Rodriguez - LT","#51 Jose Johnson - RT","#58 Wilbert Curtis - RG","#53 Charles Bayne - RT",,"#98 Patrick Chew - SLB","#52 James Karsten - WLB","#93 Joe Adkins - DT","#96 Alex Cortez - DT",,,,,,,
BAN,2:17,"BAN 29",4,1,10,"I Formation 3WR HB Inside Strong","Nickel Normal Cover 2",-2,38,13,"1-10-BAN 29 (2:18) 17-Lonnie Ramos ran to BAN 27 for -2 yards. Tackle by 98-Juan Saldivar.","#6 Jamie Arriaga - QB","#17 Lonnie Ramos - RB",,,"#41 John White - FB",,,"#19 Daren Thomas - WR","#80 Andres Nelson - WR","#11 Aaron Kinley - WR",,,"#77 Richard Prestwood - LT","#78 Joe Wurster - RG","#79 Damon Baldwin - C","#70 Scott Anderson - RG","#74 Robert White - RT",,"#92 Kevin Luke - LDE",,"#50 Juan Saldivar - DT","#93 Charlie Beers - DT","#69 Nicolas Whitcomb - RDE",,"#56 Darius Greenman - MLB",,"#91 Dennis Smith - WLB","#29 Joel Figueroa - CB","#1 Christopher Mills - CB",,"#49 George Moss - FS",,"#26 Thomas Treadway - SS","#44 Carl Lucas - CB",,,,,,,,,,,,,,,,,,,,,,,,,,,,,,,,,,,,
,2:00,,4,2,12,,,,38,13,"Timeout for two minute warning.",,,,,,,,,,,,,,,,,,,,,,,,,,,,,,,,,,,,,,,,,,,,,,,,,,,,,,,,,,,,,,,,,,,,,,
BAN,2:00,"BAN 27",4,2,12,"I Formation 3WR HB Inside Strong","Nickel Normal Man Cover 2",5,38,13,"2-12-BAN 27 (2:00) 26-Arthur Osborne ran to BAN 32 for 5 yards. Tackle by 1-Christopher Mills.","#6 Jamie Arriaga - QB","#26 Arthur Osborne - RB",,,"#41 John White - FB",,,"#83 William Brannon - WR","#11 Aaron Kinley - WR","#19 Daren Thomas - WR",,,"#77 Richard Prestwood - LT","#78 Joe Wurster - RG","#79 Damon Baldwin - C","#70 Scott Anderson - RG","#74 Robert White - RT",,"#92 Kevin Luke - LDE",,"#50 Juan Saldivar - DT","#93 Charlie Beers - DT","#69 Nicolas Whitcomb - RDE",,"#56 Darius Greenman - MLB",,"#91 Dennis Smith - WLB","#46 Jack Farrer - CB","#29 Joel Figueroa - CB",,"#1 Christopher Mills - CB",,"#41 Robert Ammons - SS","#44 Carl Lucas - CB",,,,,,,,,,,,,,,,,,,,,,,,,,,,,,,,,,,,
BAN,1:26,"BAN 32",4,3,6,"Singleback Slot Strong Off Tackle Strong","Nickel Strong Double LB plus CB3 Blitz",6,38,13,"3-6-BAN 32 (1:25) 17-Lonnie Ramos ran to BAN 39 for 6 yards. Tackle by 46-Jack Farrer.","#6 Jamie Arriaga - QB","#17 Lonnie Ramos - RB",,,,"#49 Micheal Gonzales - TE",,"#83 William Brannon - WR","#11 Aaron Kinley - WR","#19 Daren Thomas - WR",,,"#77 Richard Prestwood - LT","#78 Joe Wurster - RG","#79 Damon Baldwin - C","#70 Scott Anderson - RG","#74 Robert White - RT",,"#92 Kevin Luke - LDE",,"#50 Juan Saldivar - DT","#93 Charlie Beers - DT","#69 Nicolas Whitcomb - RDE",,"#56 Darius Greenman - MLB",,"#91 Dennis Smith - WLB","#46 Jack Farrer - CB","#29 Joel Figueroa - CB",,"#1 Christopher Mills - CB",,"#41 Robert Ammons - SS","#44 Carl Lucas - CB",,,,,,,,,,,,,,,,,,,,,,,,,,,,,,,,,,,,
BAN,0:49,"BAN 39",4,4,,Punt,"Punt Return",,38,13,"4-1-BAN 39 (0:48) 16-Michael Jefferson punts 47 yards to WWE 14. 20-James Rogers to WWE 20 for 6 yards. Tackle by 92-Jack Pope. 46-Jack Farrer completely missed his blocking assignment.",,,,,,,,,,,,,,,,,,"#9 Michael Jefferson - P",,,,,,,,,,,,,,,,,,,"#78 Joe Wurster - RG",,"#20 James Rogers - RB",,,"#46 Jack Farrer - CB","#49 George Moss - FS","#90 Russell Ely - MLB",,"#31 Chester Doane - FS","#39 George Rodriguez - FS",,"#1 Christopher Mills - CB",,,,"#61 Tyler Burke - RT","#77 Richard Prestwood - LT","#70 Scott Anderson - RG","#74 Robert White - RT","#79 Damon Baldwin - C","#66 Jason Glowacki - C",,"#99 Ray Long - SLB","#91 Dennis Smith - WLB","#41 Robert Ammons - SS","#50 Juan Saldivar - DT",,,,,,,
WWE,0:39,"WWE 20",4,1,10,"Shotgun Normal Deep Weak In and Out","Nickel Strong 2 Deep Man Under",2,38,13,"1-10-WWE 20 (0:40) 12-Thomas Wojciechowski pass complete to 88-Edwin Wilcox to WWE 22 for 2 yards. Tackle by 95-Philip Steward. 88-Edwin Wilcox breaks down the CB. Pressure by 94-Wesley Spaulding.","#12 Thomas Wojciechowski - QB","#42 Robert Gomes - RB",,,,"#88 Edwin Wilcox - TE",,"#86 Carl Higgins - WR","#82 Alfonso Tindle - WR","#83 Daniel Glenn - WR",,,"#50 Ashley Rodriguez - LT","#60 Francis Lewis - RT","#66 Keith Coffey - C","#58 Wilbert Curtis - RG","#51 Jose Johnson - RT",,"#91 Shawn Harrison - LDE",,"#96 Alex Cortez - DT","#93 Joe Adkins - DT","#94 Wesley Spaulding - RDE",,"#95 Philip Steward - MLB",,"#51 Anibal Turner - WLB","#48 Joseph Young - CB","#33 Jake Trivett - CB",,"#34 Willie Parker - SS",,"#35 Larry Phillips - SS","#46 Jonathan Beck - FS",,,,,,,,,,,,,,,,,,,,,,,,,,,,,,,,,,,,
WWE,0:18,"WWE 22",4,2,8,"Shotgun Normal HB Flare","Nickel Normal 3 Deep Man Under",9,38,13,"2-8-WWE 22 (0:17) 12-Thomas Wojciechowski pass complete to 82-Alfonso Tindle to WWE 31 for 9 yards. Tackle by 51-Anibal Turner. 82-Alfonso Tindle did some fancy footwork there. WWE 66-Keith Coffey was injured on the play.","#12 Thomas Wojciechowski - QB","#11 Gregory Hall - RB",,,,"#88 Edwin Wilcox - TE",,"#86 Carl Higgins - WR","#82 Alfonso Tindle - WR","#83 Daniel Glenn - WR",,,"#50 Ashley Rodriguez - LT","#60 Francis Lewis - RT","#66 Keith Coffey - C","#58 Wilbert Curtis - RG","#51 Jose Johnson - RT",,"#92 Jack Pope - LDE",,"#96 Alex Cortez - DT","#93 Joe Adkins - DT","#94 Wesley Spaulding - RDE",,"#56 Benito Serra - MLB",,"#51 Anibal Turner - WLB","#1 Merrill Stafford - CB","#33 Jake Trivett - CB",,"#48 Joseph Young - CB",,"#34 Willie Parker - SS","#43 Charles Lowenstein - FS",,,,,,,,,,,,,,,,,,,,,,,,,,,,,,,,,,,,
,0:00,,4,1,10,,,,38,13,"End of fourth quarter.",,,,,,,,,,,,,,,,,,,,,,,,,,,,,,,,,,,,,,,,,,,,,,,,,,,,,,,,,,,,,,,,,,,,,,
