HasBall,"Game Clock","Ball @",Quarter,Down,YTG,OffensivePlay,DefensivePlay,YardsGained,"Home Score","Away Score",Text,QB1,RB1,RB2,FB2,FB1,TE1,TE2,WR1,WR3,WR2,WR4,WR5,LT1,LG1,C1,RG1,RT1,P1,LDE1,LDE2,DT1,DT2,RDE1,SLB1,MLB1,MLB2,WLB1,CB1,CB2,CB4,CB3,CB5,SS1,FS1,FS2,"Kick Holder1","Long Snapper1","Kick Returner1","Punt Returner1",Gunner10,Gunner7,Gunner2,Gunner6,Gunner1,Gunner8,Gunner3,Gunner4,Gunner9,Gunner5,Kickoffs1,"Field Goal Kicker1","ST Blocker8","ST Blocker5","ST Blocker4","ST Blocker1","ST Blocker2","ST Blocker3","ST Blocker6","ST Blocker7","ST Rusher4","ST Rusher1","ST Rusher2","ST Rusher3","ST Rusher11","ST Rusher10","ST Rusher9","ST Rusher6","ST Rusher5","ST Rusher7","ST Rusher8"
,15:00,,1,3,10,,,,0,0,"ARZ has won the toss and elected to receive.",,,,,,,,,,,,,,,,,,,,,,,,,,,,,,,,,,,,,,,,,,,,,,,,,,,,,,,,,,,,,,,,,,,,,,
SF.,15:00,"SF. 35",1,6,10,Kickoff,"Kick Return",,0,0,"(15:00) 12-Jamar Mitchell kicks 69 yards from SF. 35 to ARZ -4. Touchback.",,,,,,,,,,,,,,,,,,,,,,,,,,,,,,,,,,,,,,"#23 Joseph Vickers - RB",,"#40 James Valenti - CB","#20 Richard Reyer - CB","#41 Chris Phillips - SS","#91 Richard Robinson - RDE","#71 Dennis Flynn - LDE","#96 Howard Doane - RDE","#95 Walter McBride - MLB","#1 Earnest Mackenzie - FS","#56 Anthony Payne - WLB","#53 Richard Koontz - SLB","#12 Jamar Mitchell - K",,,,,,,,,,,,,,,,,,,,
ARZ,15:00,"ARZ 25",1,1,10,"I Formation Normal TE Flag","4-3 Under Double Safety Blitz",,0,0,"1-10-ARZ 25 (15:00) 9-Richard Murray pass incomplete, the ball was thrown away. Pressure by 76-Brian Hampton.","#9 Richard Murray - QB","#23 Joseph Vickers - RB",,,"#25 Donald Goolsby - FB","#84 Gregorio McEvoy - TE",,"#87 Christopher Davis - WR",,"#15 George Cammack - WR",,,"#76 James Loftis - LT","#52 Paul Walters - LG","#64 Thomas Gleason - C","#61 Daniel Conaway - RG","#79 Don Schulz - RT",,"#97 Charles Rich - LDE",,"#91 James Ellis - RDE","#77 Daniel Taylor - DT","#76 Brian Hampton - RDE","#57 Charles Huntington - MLB","#90 Mathew Whiteside - MLB",,"#51 John Villanueva - WLB","#24 Allen Danforth - CB","#29 Gregory Gross - CB",,,,"#39 Fred Ball - SS","#33 Ronald Toth - FS",,,,,,,,,,,,,,,,,,,,,,,,,,,,,,,,,,,,
ARZ,14:56,"ARZ 25",1,2,10,"Shotgun 2 RB 3 WR RB Curls","Nickel Normal Shallow Zone Deep",7,0,0,"2-10-ARZ 25 (14:57) 9-Richard Murray pass complete to 15-George Cammack to ARZ 32 for 7 yards. Tackle by 29-Gregory Gross. Nice job by 15-George Cammack on that route to lose his coverage.","#9 Richard Murray - QB","#23 Joseph Vickers - RB","#26 Richard Jackson - RB",,,,,"#87 Christopher Davis - WR","#81 Brett Toland - WR","#15 George Cammack - WR",,,"#76 James Loftis - LT","#52 Paul Walters - LG","#64 Thomas Gleason - C","#61 Daniel Conaway - RG","#79 Don Schulz - RT",,"#97 Charles Rich - LDE",,"#91 James Ellis - RDE","#77 Daniel Taylor - DT","#76 Brian Hampton - RDE",,"#90 Mathew Whiteside - MLB",,"#51 John Villanueva - WLB","#24 Allen Danforth - CB","#29 Gregory Gross - CB",,"#39 Jeremy Whitehurst - CB",,"#39 Fred Ball - SS","#33 Ronald Toth - FS",,,,,,,,,,,,,,,,,,,,,,,,,,,,,,,,,,,,
ARZ,14:12,"ARZ 32",1,3,3,"Singleback Normal WR Post","Goal Line Attack #3",,0,0,"3-3-ARZ 32 (14:11) (Hot Read) 9-Richard Murray pass Pass knocked down by 24-Allen Danforth. incomplete, intended for 87-Christopher Davis.","#9 Richard Murray - QB","#23 Joseph Vickers - RB",,,,"#84 Gregorio McEvoy - TE",,"#87 Christopher Davis - WR","#15 George Cammack - WR","#81 Brett Toland - WR",,,"#76 James Loftis - LT","#52 Paul Walters - LG","#64 Thomas Gleason - C","#61 Daniel Conaway - RG","#79 Don Schulz - RT",,"#97 Charles Rich - LDE","#62 Francis Gutierrez - LDE","#91 James Ellis - RDE","#77 Daniel Taylor - DT","#76 Brian Hampton - RDE","#57 Charles Huntington - MLB","#90 Mathew Whiteside - MLB",,"#51 John Villanueva - WLB","#24 Allen Danforth - CB","#29 Gregory Gross - CB",,,,"#39 Fred Ball - SS",,,,,,,,,,,,,,,,,,,,,,,,,,,,,,,,,,,,,
ARZ,14:08,"ARZ 32",1,4,3,Punt,"Punt Return",,0,0,"4-3-ARZ 32 (14:09) 6-Tim Woodall punts 49 yards to SF. 19. Fair Catch by 28-Ambrose Gorman.",,,,,,,,,,,,,,,,,,"#6 Tim Woodall - P",,,,,,,,,,,,,,,,,,,"#76 James Loftis - LT",,"#28 Ambrose Gorman - RB",,,"#27 Timothy Skelly - CB","#95 Timothy Perry - MLB","#24 Allen Danforth - CB",,"#33 Ronald Toth - FS","#43 Stephen Bias - SS",,"#39 Jeremy Whitehurst - CB",,,,"#61 Daniel Conaway - RG","#72 James Price - RG","#79 Don Schulz - RT","#70 Donnell Thompson - LT","#74 Michael McBride - RT","#23 Joseph Vickers - RB",,"#47 Jon Kutz - SS","#29 Gregory Gross - CB","#39 Fred Ball - SS","#90 Mathew Whiteside - MLB",,,,,,,
SF.,14:01,"SF. 19",1,1,10,"I Formation 3WR SE Post","Nickel Normal Double WR3",-7,0,0,"1-10-SF. 19 (14:02) 9-Joshua Helsley sacked at SF. 12 for -7 yards (75-Leonard Anderson). Sack allowed by 59-Michael Shrewsbury.","#9 Joshua Helsley - QB","#28 Ambrose Gorman - RB",,,"#34 Robert Wolford - FB",,,"#11 Robert Jordan - WR","#84 Jarred Giles - WR","#18 William Giles - WR",,,"#79 Daniel Trahan - LT","#65 Franklin Fitzgerald - LG","#52 Christopher Engle - C","#59 Michael Shrewsbury - RG","#78 Henry Sunderman - RT",,"#99 Gerard Asher - LDE",,"#75 Leonard Anderson - DT","#92 Walter Miller - DT","#91 Richard Robinson - RDE",,"#57 Rodney Greene - MLB",,"#97 David Melton - WLB","#40 James Valenti - CB","#20 Richard Reyer - CB",,"#45 Benjamin Salazar - CB",,"#28 Daniel Vidrine - SS","#1 Earnest Mackenzie - FS",,,,,,,,,,,,,,,,,,,,,,,,,,,,,,,,,,,,
SF.,13:21,"SF. 12",1,2,17,"I Formation Normal PA Streaks","46 Normal Inside Blitz",-8,0,0,"2-17-SF. 12 (13:20) 9-Joshua Helsley sacked at SF. 4 for -8 yards (71-Dennis Flynn). Sack allowed by 78-Henry Sunderman.","#9 Joshua Helsley - QB","#28 Ambrose Gorman - RB",,,"#34 Robert Wolford - FB","#82 Joseph Wilmer - TE",,"#49 George May - WR",,"#11 Robert Jordan - WR",,,"#79 Daniel Trahan - LT","#65 Franklin Fitzgerald - LG","#52 Christopher Engle - C","#59 Michael Shrewsbury - RG","#78 Henry Sunderman - RT",,"#71 Dennis Flynn - LDE",,"#75 Leonard Anderson - DT","#92 Walter Miller - DT","#91 Richard Robinson - RDE","#53 Richard Koontz - SLB","#95 Walter McBride - MLB",,"#97 David Melton - WLB","#40 James Valenti - CB","#20 Richard Reyer - CB",,,,"#41 Chris Phillips - SS","#1 Earnest Mackenzie - FS",,,,,,,,,,,,,,,,,,,,,,,,,,,,,,,,,,,,
SF.,12:38,"SF. 4",1,3,25,"Goal Line Normal PA TE Drag","Goal Line 3 Deep Zone Under",8,0,0,"3-25-SF. 4 (12:37) 9-Joshua Helsley pass complete to 82-Joseph Wilmer to SF. 13 for 8 yards. Tackle by 40-James Valenti.","#9 Joshua Helsley - QB","#28 Ambrose Gorman - RB",,"#10 Donald Kolb - RB","#34 Robert Wolford - FB","#82 Joseph Wilmer - TE","#48 Ross Ramirez - FB",,,,,,"#79 Daniel Trahan - LT","#65 Franklin Fitzgerald - LG","#52 Christopher Engle - C","#59 Michael Shrewsbury - RG","#78 Henry Sunderman - RT",,"#71 Dennis Flynn - LDE","#99 Gerard Asher - LDE","#75 Leonard Anderson - DT","#92 Walter Miller - DT","#91 Richard Robinson - RDE","#53 Richard Koontz - SLB","#95 Walter McBride - MLB",,"#97 David Melton - WLB","#40 James Valenti - CB","#20 Richard Reyer - CB",,,,"#41 Chris Phillips - SS",,,,,,,,,,,,,,,,,,,,,,,,,,,,,,,,,,,,,
SF.,12:04,"SF. 13",1,4,16,Punt,"Punt Return",52,0,0,"4-16-SF. 13 (12:03) 7-Julius Manzo punts 52 yards to ARZ 36.",,,,,,,,,,,,,,,,,,"#7 Julius Manzo - P",,,,,,,,,,,,,,,,,,,"#66 Alfredo Owens - LT",,"#23 Joseph Vickers - RB",,,"#95 Walter McBride - MLB","#56 Anthony Payne - WLB","#41 Chris Phillips - SS",,"#1 Earnest Mackenzie - FS","#20 Richard Reyer - CB",,"#96 Howard Doane - RDE",,,,"#52 Christopher Engle - C","#34 Robert Wolford - FB","#78 Henry Sunderman - RT","#79 Daniel Trahan - LT","#48 Ross Ramirez - FB","#74 William Caouette - LG",,"#91 Richard Robinson - RDE","#71 Dennis Flynn - LDE","#75 Leonard Anderson - DT","#53 Richard Koontz - SLB",,,,,,,
ARZ,11:52,"ARZ 36",1,1,10,"Goal Line Normal HB Toss Strong","Goal Line Attack #3",3,0,0,"1-10-ARZ 36 (11:53) 23-Joseph Vickers ran to ARZ 39 for 3 yards. Tackle by 39-Fred Ball.","#9 Richard Murray - QB","#23 Joseph Vickers - RB",,"#27 John Maria - RB","#25 Donald Goolsby - FB","#84 Gregorio McEvoy - TE","#26 Richard Jackson - RB",,,,,,"#76 James Loftis - LT","#52 Paul Walters - LG","#64 Thomas Gleason - C","#61 Daniel Conaway - RG","#79 Don Schulz - RT",,"#97 Charles Rich - LDE","#62 Francis Gutierrez - LDE","#91 James Ellis - RDE","#77 Daniel Taylor - DT","#76 Brian Hampton - RDE","#57 Charles Huntington - MLB","#90 Mathew Whiteside - MLB",,"#51 John Villanueva - WLB","#24 Allen Danforth - CB","#29 Gregory Gross - CB",,,,"#39 Fred Ball - SS",,,,,,,,,,,,,,,,,,,,,,,,,,,,,,,,,,,,,
ARZ,11:08,"ARZ 39",1,2,7,"Split Backs 3 Wide Dive Left","Nickel Normal Shallow Zone Deep",12,0,0,"2-7-ARZ 39 (11:07) 25-Donald Goolsby ran to SF. 49 for 12 yards. Tackle by 33-Ronald Toth.","#9 Richard Murray - QB","#26 Richard Jackson - RB",,,"#25 Donald Goolsby - FB",,,"#87 Christopher Davis - WR","#81 Brett Toland - WR","#15 George Cammack - WR",,,"#76 James Loftis - LT","#52 Paul Walters - LG","#64 Thomas Gleason - C","#61 Daniel Conaway - RG","#79 Don Schulz - RT",,"#97 Charles Rich - LDE",,"#91 James Ellis - RDE","#77 Daniel Taylor - DT","#76 Brian Hampton - RDE",,"#90 Mathew Whiteside - MLB",,"#51 John Villanueva - WLB","#24 Allen Danforth - CB","#39 Jeremy Whitehurst - CB",,"#43 Stephen Bias - SS",,"#39 Fred Ball - SS","#33 Ronald Toth - FS",,,,,,,,,,,,,,,,,,,,,,,,,,,,,,,,,,,,
ARZ,10:34,"SF. 49",1,1,10,"I Formation Normal Curl & Post","4-3 Normal LB Blitz Under Zone",-9,0,0,"1-10-SF. 49 (10:33) 9-Richard Murray sacked at ARZ 42 for -9 yards (76-Brian Hampton). Sack allowed by 76-James Loftis.","#9 Richard Murray - QB","#23 Joseph Vickers - RB",,,"#26 Richard Jackson - RB","#84 Gregorio McEvoy - TE",,"#87 Christopher Davis - WR",,"#15 George Cammack - WR",,,"#76 James Loftis - LT","#52 Paul Walters - LG","#64 Thomas Gleason - C","#61 Daniel Conaway - RG","#79 Don Schulz - RT",,"#97 Charles Rich - LDE",,"#91 James Ellis - RDE","#77 Daniel Taylor - DT","#76 Brian Hampton - RDE","#57 Charles Huntington - MLB","#90 Mathew Whiteside - MLB",,"#51 John Villanueva - WLB","#29 Gregory Gross - CB","#39 Jeremy Whitehurst - CB",,,,"#39 Fred Ball - SS","#33 Ronald Toth - FS",,,,,,,,,,,,,,,,,,,,,,,,,,,,,,,,,,,,
ARZ,9:53,"ARZ 42",1,2,19,"Shotgun Normal TE Out","Nickel 3-3-5 Cover 2 Man Under",6,0,0,"2-19-ARZ 42 (9:52) 9-Richard Murray pass complete to 84-Gregorio McEvoy to ARZ 48 for 6 yards. Tackle by 57-Charles Huntington. Nice job by 84-Gregorio McEvoy on that route to lose his coverage.","#9 Richard Murray - QB","#23 Joseph Vickers - RB",,,,"#84 Gregorio McEvoy - TE",,"#81 Brett Toland - WR","#15 George Cammack - WR","#87 Christopher Davis - WR",,,"#76 James Loftis - LT","#52 Paul Walters - LG","#64 Thomas Gleason - C","#61 Daniel Conaway - RG","#79 Don Schulz - RT",,"#97 Charles Rich - LDE",,"#91 James Ellis - RDE",,"#76 Brian Hampton - RDE","#57 Charles Huntington - MLB","#90 Mathew Whiteside - MLB",,"#51 John Villanueva - WLB","#24 Allen Danforth - CB","#29 Gregory Gross - CB",,"#39 Jeremy Whitehurst - CB",,"#39 Fred Ball - SS","#33 Ronald Toth - FS",,,,,,,,,,,,,,,,,,,,,,,,,,,,,,,,,,,,
ARZ,9:07,"ARZ 48",1,3,13,"Singleback Normal HB Inside Weak","Nickel 3-3-5 Cover 2 Man Under",6,0,0,"3-13-ARZ 48 (9:06) 23-Joseph Vickers ran to SF. 46 for 6 yards. Tackle by 98-James Ellis. PENALTY - Offsides (SF. 76-Brian Hampton)","#9 Richard Murray - QB","#23 Joseph Vickers - RB",,,,"#84 Gregorio McEvoy - TE",,"#87 Christopher Davis - WR","#81 Brett Toland - WR","#15 George Cammack - WR",,,"#76 James Loftis - LT","#52 Paul Walters - LG","#64 Thomas Gleason - C","#61 Daniel Conaway - RG","#79 Don Schulz - RT",,"#97 Charles Rich - LDE",,"#91 James Ellis - RDE",,"#76 Brian Hampton - RDE","#57 Charles Huntington - MLB","#90 Mathew Whiteside - MLB",,"#51 John Villanueva - WLB","#24 Allen Danforth - CB","#29 Gregory Gross - CB",,"#39 Jeremy Whitehurst - CB",,"#39 Fred Ball - SS","#33 Ronald Toth - FS",,,,,,,,,,,,,,,,,,,,,,,,,,,,,,,,,,,,
ARZ,9:02,"SF. 47",1,3,8,"Shotgun Normal Short Attack","Goal Line Attack #3",12,0,0,"3-8-SF. 47 (9:03) (Hot Read) 9-Richard Murray pass complete to 15-George Cammack to SF. 35 for 12 yards. Tackle by 39-Fred Ball.","#9 Richard Murray - QB","#26 Richard Jackson - RB",,,,"#84 Gregorio McEvoy - TE",,"#81 Brett Toland - WR","#15 George Cammack - WR","#87 Christopher Davis - WR",,,"#76 James Loftis - LT","#52 Paul Walters - LG","#64 Thomas Gleason - C","#61 Daniel Conaway - RG","#79 Don Schulz - RT",,"#97 Charles Rich - LDE","#62 Francis Gutierrez - LDE","#91 James Ellis - RDE","#77 Daniel Taylor - DT","#76 Brian Hampton - RDE","#57 Charles Huntington - MLB","#90 Mathew Whiteside - MLB",,"#51 John Villanueva - WLB","#24 Allen Danforth - CB","#29 Gregory Gross - CB",,,,"#39 Fred Ball - SS",,,,,,,,,,,,,,,,,,,,,,,,,,,,,,,,,,,,,
ARZ,8:27,"SF. 35",1,1,10,"Singleback Normal HB Inside Weak","Nickel Strong 3 Deep Zone Under",4,0,0,"1-10-SF. 35 (8:26) 23-Joseph Vickers ran to SF. 31 for 4 yards. Tackle by 77-Daniel Taylor.","#9 Richard Murray - QB","#23 Joseph Vickers - RB",,,,"#84 Gregorio McEvoy - TE",,"#87 Christopher Davis - WR","#81 Brett Toland - WR","#15 George Cammack - WR",,,"#76 James Loftis - LT","#52 Paul Walters - LG","#64 Thomas Gleason - C","#61 Daniel Conaway - RG","#79 Don Schulz - RT",,"#97 Charles Rich - LDE",,"#91 James Ellis - RDE","#77 Daniel Taylor - DT","#76 Brian Hampton - RDE",,"#90 Mathew Whiteside - MLB",,"#51 John Villanueva - WLB","#24 Allen Danforth - CB","#29 Gregory Gross - CB",,"#39 Jeremy Whitehurst - CB",,"#39 Fred Ball - SS","#33 Ronald Toth - FS",,,,,,,,,,,,,,,,,,,,,,,,,,,,,,,,,,,,
ARZ,7:42,"SF. 31",1,2,6,"I Formation Twin WR Hard Slants","4-3 Under Double Safety Blitz",11,0,0,"2-6-SF. 31 (7:41) 9-Richard Murray pass complete to 87-Christopher Davis to SF. 20 for 11 yards. Tackle by 24-Allen Danforth.","#9 Richard Murray - QB","#26 Richard Jackson - RB",,,"#25 Donald Goolsby - FB","#84 Gregorio McEvoy - TE",,"#87 Christopher Davis - WR",,"#15 George Cammack - WR",,,"#76 James Loftis - LT","#52 Paul Walters - LG","#64 Thomas Gleason - C","#61 Daniel Conaway - RG","#79 Don Schulz - RT",,"#97 Charles Rich - LDE",,"#91 James Ellis - RDE","#77 Daniel Taylor - DT","#76 Brian Hampton - RDE","#57 Charles Huntington - MLB","#90 Mathew Whiteside - MLB",,"#51 John Villanueva - WLB","#24 Allen Danforth - CB","#29 Gregory Gross - CB",,,,"#39 Fred Ball - SS","#33 Ronald Toth - FS",,,,,,,,,,,,,,,,,,,,,,,,,,,,,,,,,,,,
ARZ,7:02,"SF. 20",1,1,10,"Singleback Normal HB Counter Weak","Nickel Normal Shallow Zone Deep",-1,0,0,"1-10-SF. 20 (7:01) 23-Joseph Vickers ran to SF. 21 for -1 yards. Tackle by 76-Brian Hampton.","#9 Richard Murray - QB","#23 Joseph Vickers - RB",,,,"#84 Gregorio McEvoy - TE",,"#87 Christopher Davis - WR","#81 Brett Toland - WR","#15 George Cammack - WR",,,"#76 James Loftis - LT","#52 Paul Walters - LG","#64 Thomas Gleason - C","#61 Daniel Conaway - RG","#79 Don Schulz - RT",,"#97 Charles Rich - LDE",,"#91 James Ellis - RDE","#77 Daniel Taylor - DT","#76 Brian Hampton - RDE",,"#90 Mathew Whiteside - MLB",,"#51 John Villanueva - WLB","#24 Allen Danforth - CB","#29 Gregory Gross - CB",,"#39 Jeremy Whitehurst - CB",,"#39 Fred Ball - SS","#33 Ronald Toth - FS",,,,,,,,,,,,,,,,,,,,,,,,,,,,,,,,,,,,
ARZ,6:27,"SF. 21",1,2,11,"I Formation Normal PA Fullback Flat","4-3 Normal Double Safety Blitz",,0,0,"2-11-SF. 21 (6:26) 9-Richard Murray pass incomplete, dropped by 84-Gregorio McEvoy. ARZ 79-Don Schulz was injured on the play. He looks like he should be able to return. PENALTY - Offsides (SF. 76-Brian Hampton)","#9 Richard Murray - QB","#23 Joseph Vickers - RB",,,"#25 Donald Goolsby - FB","#84 Gregorio McEvoy - TE",,"#87 Christopher Davis - WR",,"#15 George Cammack - WR",,,"#76 James Loftis - LT","#52 Paul Walters - LG","#64 Thomas Gleason - C","#61 Daniel Conaway - RG","#79 Don Schulz - RT",,"#97 Charles Rich - LDE",,"#91 James Ellis - RDE","#77 Daniel Taylor - DT","#76 Brian Hampton - RDE","#57 Charles Huntington - MLB","#90 Mathew Whiteside - MLB",,"#51 John Villanueva - WLB","#24 Allen Danforth - CB","#29 Gregory Gross - CB",,,,"#39 Fred Ball - SS","#33 Ronald Toth - FS",,,,,,,,,,,,,,,,,,,,,,,,,,,,,,,,,,,,
ARZ,6:23,"SF. 16",1,2,6,"Weak I Normal Skinny Posts","4-3 Under Double Safety Blitz",5,0,0,"2-6-SF. 16 (6:24) 9-Richard Murray pass complete to 84-Gregorio McEvoy to SF. 11 for 5 yards. Tackle by 51-John Villanueva.","#9 Richard Murray - QB","#23 Joseph Vickers - RB",,,"#25 Donald Goolsby - FB","#84 Gregorio McEvoy - TE",,"#87 Christopher Davis - WR",,"#15 George Cammack - WR",,,"#76 James Loftis - LT","#52 Paul Walters - LG","#64 Thomas Gleason - C","#61 Daniel Conaway - RG","#74 Michael McBride - RT",,"#97 Charles Rich - LDE",,"#91 James Ellis - RDE","#77 Daniel Taylor - DT","#76 Brian Hampton - RDE","#57 Charles Huntington - MLB","#90 Mathew Whiteside - MLB",,"#51 John Villanueva - WLB","#24 Allen Danforth - CB","#29 Gregory Gross - CB",,,,"#39 Fred Ball - SS","#33 Ronald Toth - FS",,,,,,,,,,,,,,,,,,,,,,,,,,,,,,,,,,,,
ARZ,5:50,"SF. 11",1,3,1,"Strong I Big Backfield Drag","Goal Line Attack #1",13,6,0,"3-1-SF. 11 (5:49) 9-Richard Murray pass complete to 87-Christopher Davis for 11 yards. TOUCHDOWN! ARZ 6 SF. 0","#9 Richard Murray - QB","#23 Joseph Vickers - RB",,,"#25 Donald Goolsby - FB","#84 Gregorio McEvoy - TE","#26 Richard Jackson - RB","#87 Christopher Davis - WR",,,,,"#76 James Loftis - LT","#52 Paul Walters - LG","#64 Thomas Gleason - C","#61 Daniel Conaway - RG","#74 Michael McBride - RT",,"#97 Charles Rich - LDE","#62 Francis Gutierrez - LDE","#91 James Ellis - RDE","#77 Daniel Taylor - DT","#76 Brian Hampton - RDE","#57 Charles Huntington - MLB","#90 Mathew Whiteside - MLB",,"#51 John Villanueva - WLB","#24 Allen Danforth - CB","#29 Gregory Gross - CB",,,,"#39 Fred Ball - SS",,,,,,,,,,,,,,,,,,,,,,,,,,,,,,,,,,,,,
ARZ,5:45,"SF. 15",1,7,15,"Field Goal","FG Block",26,7,0,"(5:46) Extra point GOOD by 17-Bryan Jones. ARZ 7 SF. 0",,,,,,,,,,,,,,,,,,,,,,,,,,,,,,,,,,,,"#5 James Frame - QB","#61 Daniel Conaway - RG",,,,,,,,,,,,,,"#17 Bryan Jones - K","#52 Paul Walters - LG","#23 Joseph Vickers - RB","#72 James Price - RG","#76 James Loftis - LT","#70 Donnell Thompson - LT","#74 Michael McBride - RT","#84 Gregorio McEvoy - TE","#25 Donald Goolsby - FB","#27 Timothy Skelly - CB","#24 Allen Danforth - CB","#29 Gregory Gross - CB","#39 Fred Ball - SS","#51 John Villanueva - WLB","#57 Charles Huntington - MLB","#95 Timothy Perry - MLB","#47 Jon Kutz - SS","#90 Mathew Whiteside - MLB","#39 Jeremy Whitehurst - CB","#43 Stephen Bias - SS"
ARZ,5:45,"ARZ 35",1,6,10,Kickoff,"Kick Return",,7,0,"(5:46) 17-Bryan Jones kicks 74 yards from ARZ 35 to SF. -9. Touchback.",,,,,,,,,,,,,,,,,,,,,,,,,,,,,,,,,,,,,,"#28 Ambrose Gorman - RB",,"#95 Timothy Perry - MLB","#47 Jon Kutz - SS","#29 Gregory Gross - CB","#33 Ronald Toth - FS","#24 Allen Danforth - CB","#43 Stephen Bias - SS","#27 Timothy Skelly - CB","#39 Fred Ball - SS","#39 Jeremy Whitehurst - CB","#90 Mathew Whiteside - MLB","#17 Bryan Jones - K",,,,,,,,,,,,,,,,,,,,
SF.,5:45,"SF. 25",1,1,10,"I Formation Normal FL Hook","4-3 Normal 4 Deep Zone",4,7,0,"1-10-SF. 25 (5:46) 9-Joshua Helsley pass complete to 11-Robert Jordan to SF. 29 for 4 yards. Diving tackle by 40-James Valenti.","#9 Joshua Helsley - QB","#28 Ambrose Gorman - RB",,,"#34 Robert Wolford - FB","#82 Joseph Wilmer - TE",,"#11 Robert Jordan - WR",,"#18 William Giles - WR",,,"#79 Daniel Trahan - LT","#65 Franklin Fitzgerald - LG","#52 Christopher Engle - C","#59 Michael Shrewsbury - RG","#78 Henry Sunderman - RT",,"#99 Gerard Asher - LDE",,"#75 Leonard Anderson - DT","#59 Peter Rancourt - DT","#92 Walter Miller - DT","#53 Richard Koontz - SLB","#95 Walter McBride - MLB",,"#97 David Melton - WLB","#40 James Valenti - CB","#20 Richard Reyer - CB",,,,"#41 Chris Phillips - SS","#1 Earnest Mackenzie - FS",,,,,,,,,,,,,,,,,,,,,,,,,,,,,,,,,,,,
SF.,5:11,"SF. 29",1,2,6,"Shotgun Normal HB Flare","Nickel Normal Shallow Zone Deep",,7,0,"2-6-SF. 29 (5:10) 9-Joshua Helsley pass incomplete, dropped by 18-William Giles.","#9 Joshua Helsley - QB","#28 Ambrose Gorman - RB",,,,"#82 Joseph Wilmer - TE",,"#84 Jarred Giles - WR","#18 William Giles - WR","#49 George May - WR",,,"#79 Daniel Trahan - LT","#65 Franklin Fitzgerald - LG","#52 Christopher Engle - C","#59 Michael Shrewsbury - RG","#78 Henry Sunderman - RT",,"#71 Dennis Flynn - LDE",,"#75 Leonard Anderson - DT","#92 Walter Miller - DT","#91 Richard Robinson - RDE",,"#57 Rodney Greene - MLB",,"#97 David Melton - WLB","#40 James Valenti - CB","#20 Richard Reyer - CB",,"#45 Benjamin Salazar - CB",,"#41 Chris Phillips - SS","#1 Earnest Mackenzie - FS",,,,,,,,,,,,,,,,,,,,,,,,,,,,,,,,,,,,
SF.,5:06,"SF. 29",1,3,6,"I Formation Normal PA Outside Curls","46 Normal Weak Blitz",5,7,0,"3-6-SF. 29 (5:07) 9-Joshua Helsley pass complete to 18-William Giles to SF. 34 for 5 yards. Tackle by 53-Richard Koontz.","#9 Joshua Helsley - QB","#28 Ambrose Gorman - RB",,,"#34 Robert Wolford - FB","#82 Joseph Wilmer - TE",,"#11 Robert Jordan - WR",,"#18 William Giles - WR",,,"#79 Daniel Trahan - LT","#65 Franklin Fitzgerald - LG","#52 Christopher Engle - C","#59 Michael Shrewsbury - RG","#78 Henry Sunderman - RT",,"#71 Dennis Flynn - LDE",,"#75 Leonard Anderson - DT","#92 Walter Miller - DT","#96 Howard Doane - RDE","#53 Richard Koontz - SLB","#95 Walter McBride - MLB",,"#97 David Melton - WLB","#45 Benjamin Salazar - CB","#40 James Valenti - CB",,,,"#28 Daniel Vidrine - SS","#21 Terrell Washington - FS",,,,,,,,,,,,,,,,,,,,,,,,,,,,,,,,,,,,
SF.,4:31,"SF. 34",1,4,1,Punt,"Punt Return",47,7,0,"4-1-SF. 34 (4:30)",,,,,,,,,,,,,,,,,,"#7 Julius Manzo - P",,,,,,,,,,,,,,,,,,,"#66 Alfredo Owens - LT",,"#23 Joseph Vickers - RB",,,"#41 Chris Phillips - SS","#56 Anthony Payne - WLB","#71 Dennis Flynn - LDE",,"#1 Earnest Mackenzie - FS","#20 Richard Reyer - CB",,"#96 Howard Doane - RDE",,,,"#52 Christopher Engle - C","#34 Robert Wolford - FB","#78 Henry Sunderman - RT","#79 Daniel Trahan - LT","#48 Ross Ramirez - FB","#74 William Caouette - LG",,"#91 Richard Robinson - RDE","#75 Leonard Anderson - DT","#53 Richard Koontz - SLB","#95 Walter McBride - MLB",,,,,,,
ARZ,4:20,"ARZ 19",1,1,10,"Goal Line Normal HB Toss Strong","Goal Line Attack #1",6,7,0,"1-10-ARZ 19 (4:21) 27-John Maria ran to ARZ 25 for 6 yards. Tackle by 57-Charles Huntington.","#9 Richard Murray - QB","#27 John Maria - RB",,"#23 Joseph Vickers - RB","#25 Donald Goolsby - FB","#84 Gregorio McEvoy - TE","#26 Richard Jackson - RB",,,,,,"#76 James Loftis - LT","#52 Paul Walters - LG","#64 Thomas Gleason - C","#61 Daniel Conaway - RG","#79 Don Schulz - RT",,"#97 Charles Rich - LDE","#62 Francis Gutierrez - LDE","#91 James Ellis - RDE","#77 Daniel Taylor - DT","#76 Brian Hampton - RDE","#57 Charles Huntington - MLB","#90 Mathew Whiteside - MLB",,"#51 John Villanueva - WLB","#24 Allen Danforth - CB","#29 Gregory Gross - CB",,,,"#39 Fred Ball - SS",,,,,,,,,,,,,,,,,,,,,,,,,,,,,,,,,,,,,
ARZ,3:42,"ARZ 25",1,2,4,"Singleback Normal WR Quick In","Nickel Strong 2 Deep Man Under",8,7,0,"2-4-ARZ 25 (3:41) 9-Richard Murray pass complete to 15-George Cammack to ARZ 32 for 8 yards. Tackle by 26-Jeremy Whitehurst.","#9 Richard Murray - QB","#23 Joseph Vickers - RB",,,,"#84 Gregorio McEvoy - TE",,"#87 Christopher Davis - WR","#81 Brett Toland - WR","#15 George Cammack - WR",,,"#76 James Loftis - LT","#52 Paul Walters - LG","#64 Thomas Gleason - C","#61 Daniel Conaway - RG","#79 Don Schulz - RT",,"#97 Charles Rich - LDE",,"#91 James Ellis - RDE","#77 Daniel Taylor - DT","#76 Brian Hampton - RDE",,"#90 Mathew Whiteside - MLB",,"#51 John Villanueva - WLB","#24 Allen Danforth - CB","#39 Jeremy Whitehurst - CB",,"#43 Stephen Bias - SS",,"#39 Fred Ball - SS","#33 Ronald Toth - FS",,,,,,,,,,,,,,,,,,,,,,,,,,,,,,,,,,,,
ARZ,2:56,"ARZ 32",1,1,10,"Shotgun 2 RB 3 WR FB In","Nickel Normal Double WR1",,7,0,"1-10-ARZ 32 (2:55) 9-Richard Murray pass incomplete, intended for 87-Christopher Davis.","#9 Richard Murray - QB","#26 Richard Jackson - RB","#27 John Maria - RB",,,,,"#87 Christopher Davis - WR","#81 Brett Toland - WR","#15 George Cammack - WR",,,"#76 James Loftis - LT","#52 Paul Walters - LG","#64 Thomas Gleason - C","#61 Daniel Conaway - RG","#79 Don Schulz - RT",,"#97 Charles Rich - LDE",,"#91 James Ellis - RDE","#77 Daniel Taylor - DT","#76 Brian Hampton - RDE",,"#90 Mathew Whiteside - MLB",,"#51 John Villanueva - WLB","#24 Allen Danforth - CB","#29 Gregory Gross - CB",,"#39 Jeremy Whitehurst - CB",,"#39 Fred Ball - SS","#33 Ronald Toth - FS",,,,,,,,,,,,,,,,,,,,,,,,,,,,,,,,,,,,
ARZ,2:50,"ARZ 32",1,2,10,"I Formation Normal TE Flag","4-3 Under 2 Deep Flat Outside",,7,0,"2-10-ARZ 32 (2:51) 9-Richard Murray pass incomplete, dropped by 23-Joseph Vickers.","#9 Richard Murray - QB","#23 Joseph Vickers - RB",,,"#25 Donald Goolsby - FB","#84 Gregorio McEvoy - TE",,"#87 Christopher Davis - WR",,"#15 George Cammack - WR",,,"#76 James Loftis - LT","#52 Paul Walters - LG","#64 Thomas Gleason - C","#61 Daniel Conaway - RG","#79 Don Schulz - RT",,"#97 Charles Rich - LDE",,"#91 James Ellis - RDE","#77 Daniel Taylor - DT","#76 Brian Hampton - RDE","#57 Charles Huntington - MLB","#90 Mathew Whiteside - MLB",,"#51 John Villanueva - WLB","#24 Allen Danforth - CB","#29 Gregory Gross - CB",,,,"#39 Fred Ball - SS","#33 Ronald Toth - FS",,,,,,,,,,,,,,,,,,,,,,,,,,,,,,,,,,,,
ARZ,2:46,"ARZ 32",1,3,10,"I Formation Twin WR Quick Outs","Goal Line Attack #2",27,7,0,"3-10-ARZ 32 (2:47) 9-Richard Murray pass complete to 84-Gregorio McEvoy to SF. 40 for 27 yards. Tackle by 51-John Villanueva.","#9 Richard Murray - QB","#26 Richard Jackson - RB",,,"#25 Donald Goolsby - FB","#84 Gregorio McEvoy - TE",,"#81 Brett Toland - WR",,"#87 Christopher Davis - WR",,,"#76 James Loftis - LT","#52 Paul Walters - LG","#64 Thomas Gleason - C","#61 Daniel Conaway - RG","#79 Don Schulz - RT",,"#97 Charles Rich - LDE","#62 Francis Gutierrez - LDE","#91 James Ellis - RDE","#77 Daniel Taylor - DT","#76 Brian Hampton - RDE","#57 Charles Huntington - MLB","#90 Mathew Whiteside - MLB",,"#51 John Villanueva - WLB","#39 Jeremy Whitehurst - CB","#43 Stephen Bias - SS",,,,"#39 Fred Ball - SS",,,,,,,,,,,,,,,,,,,,,,,,,,,,,,,,,,,,,
ARZ,2:05,"SF. 40",1,1,10,"Shotgun 2 RB 3 WR RB Curls","Nickel Normal Double WR1",,7,0,"1-10-SF. 40 (2:04) 9-Richard Murray pass Pass knocked down by 90-Mathew Whiteside. incomplete, intended for 23-Joseph Vickers.","#9 Richard Murray - QB","#23 Joseph Vickers - RB","#26 Richard Jackson - RB",,,,,"#15 George Cammack - WR","#87 Christopher Davis - WR","#81 Brett Toland - WR",,,"#70 Donnell Thompson - LT","#52 Paul Walters - LG","#58 Phillip Belliveau - LG","#65 Gerardo Phillips - RG","#74 Michael McBride - RT",,"#97 Charles Rich - LDE",,"#91 James Ellis - RDE","#77 Daniel Taylor - DT","#76 Brian Hampton - RDE",,"#90 Mathew Whiteside - MLB",,"#55 Blake Crowe - WLB","#24 Allen Danforth - CB","#29 Gregory Gross - CB",,"#39 Jeremy Whitehurst - CB",,"#39 Fred Ball - SS","#33 Ronald Toth - FS",,,,,,,,,,,,,,,,,,,,,,,,,,,,,,,,,,,,
ARZ,1:59,"SF. 40",1,2,10,"I Formation Normal FL Hitch","4-3 Normal LB Blitz Under Zone",,7,0,"2-10-SF. 40 (2:00) 9-Richard Murray pass Pass knocked down by 57-Charles Huntington. incomplete, intended for 84-Gregorio McEvoy.","#9 Richard Murray - QB","#27 John Maria - RB",,,"#25 Donald Goolsby - FB","#84 Gregorio McEvoy - TE",,"#15 George Cammack - WR",,"#81 Brett Toland - WR",,,"#76 James Loftis - LT","#52 Paul Walters - LG","#64 Thomas Gleason - C","#65 Gerardo Phillips - RG","#79 Don Schulz - RT",,"#97 Charles Rich - LDE",,"#91 James Ellis - RDE","#77 Daniel Taylor - DT","#76 Brian Hampton - RDE","#57 Charles Huntington - MLB","#90 Mathew Whiteside - MLB",,"#51 John Villanueva - WLB","#24 Allen Danforth - CB","#29 Gregory Gross - CB",,,,"#39 Fred Ball - SS","#33 Ronald Toth - FS",,,,,,,,,,,,,,,,,,,,,,,,,,,,,,,,,,,,
ARZ,1:56,"SF. 40",1,3,10,"I Formation Normal HB Draw","Goal Line Attack #3",-1,7,0,"3-10-SF. 40 (1:57) 23-Joseph Vickers ran to SF. 41 for -1 yards. Tackle by 90-Mathew Whiteside.","#9 Richard Murray - QB","#23 Joseph Vickers - RB",,,"#25 Donald Goolsby - FB","#84 Gregorio McEvoy - TE",,"#87 Christopher Davis - WR",,"#81 Brett Toland - WR",,,"#76 James Loftis - LT","#52 Paul Walters - LG","#64 Thomas Gleason - C","#61 Daniel Conaway - RG","#79 Don Schulz - RT",,"#97 Charles Rich - LDE","#62 Francis Gutierrez - LDE","#91 James Ellis - RDE","#77 Daniel Taylor - DT","#76 Brian Hampton - RDE","#57 Charles Huntington - MLB","#90 Mathew Whiteside - MLB",,"#51 John Villanueva - WLB","#39 Jeremy Whitehurst - CB","#43 Stephen Bias - SS",,,,"#39 Fred Ball - SS",,,,,,,,,,,,,,,,,,,,,,,,,,,,,,,,,,,,,
ARZ,1:24,"SF. 41",1,4,11,Punt,"Punt Return",48,7,0,"4-11-SF. 41 (1:23) 6-Tim Woodall punts 48 yards to SF. -6. PENALTY - Offsides (SF. 29-Gregory Gross)",,,,,,,,,,,,,,,,,,"#6 Tim Woodall - P",,,,,,,,,,,,,,,,,,,"#76 James Loftis - LT",,"#28 Ambrose Gorman - RB",,,"#27 Timothy Skelly - CB","#95 Timothy Perry - MLB","#24 Allen Danforth - CB",,"#33 Ronald Toth - FS","#43 Stephen Bias - SS",,"#39 Jeremy Whitehurst - CB",,,,"#61 Daniel Conaway - RG","#72 James Price - RG","#79 Don Schulz - RT","#70 Donnell Thompson - LT","#74 Michael McBride - RT","#23 Joseph Vickers - RB",,"#47 Jon Kutz - SS","#29 Gregory Gross - CB","#39 Fred Ball - SS","#90 Mathew Whiteside - MLB",,,,,,,
ARZ,1:15,"SF. 36",1,4,6,Punt,"Punt Return",,7,0,"4-6-SF. 36 (1:16) 6-Tim Woodall punts 29 yards to SF. 7. Fair Catch by 28-Ambrose Gorman.",,,,,,,,,,,,,,,,,,"#6 Tim Woodall - P",,,,,,,,,,,,,,,,,,,"#65 Gerardo Phillips - RG",,"#28 Ambrose Gorman - RB",,,"#33 Ronald Toth - FS","#24 Allen Danforth - CB","#27 Timothy Skelly - CB",,"#95 Timothy Perry - MLB","#29 Gregory Gross - CB",,"#90 Mathew Whiteside - MLB",,,,"#72 James Price - RG","#74 Michael McBride - RT","#23 Joseph Vickers - RB","#79 Don Schulz - RT","#70 Donnell Thompson - LT","#61 Daniel Conaway - RG",,"#57 Charles Huntington - MLB","#47 Jon Kutz - SS","#39 Jeremy Whitehurst - CB","#43 Stephen Bias - SS",,,,,,,
SF.,1:09,"SF. 7",1,1,10,"Shotgun Normal HB Flare","Nickel Normal 2 Deep",14,7,0,"1-10-SF. 7 (1:10) 9-Joshua Helsley pass complete to 28-Ambrose Gorman to SF. 21 for 14 yards. Tackle by 40-James Valenti.","#9 Joshua Helsley - QB","#28 Ambrose Gorman - RB",,,,"#82 Joseph Wilmer - TE",,"#11 Robert Jordan - WR","#84 Jarred Giles - WR","#18 William Giles - WR",,,"#79 Daniel Trahan - LT","#65 Franklin Fitzgerald - LG","#52 Christopher Engle - C","#59 Michael Shrewsbury - RG","#78 Henry Sunderman - RT",,"#99 Gerard Asher - LDE",,"#75 Leonard Anderson - DT","#92 Walter Miller - DT","#96 Howard Doane - RDE",,"#95 Walter McBride - MLB",,"#97 David Melton - WLB","#40 James Valenti - CB","#20 Richard Reyer - CB",,"#45 Benjamin Salazar - CB",,"#41 Chris Phillips - SS","#1 Earnest Mackenzie - FS",,,,,,,,,,,,,,,,,,,,,,,,,,,,,,,,,,,,
SF.,0:32,"SF. 21",1,1,10,"Shotgun Normal HB Flare","Nickel Strong 1 Deep Man Under",14,7,0,"1-10-SF. 21 (0:31) 9-Joshua Helsley pass complete to 28-Ambrose Gorman to SF. 35 for 14 yards.","#9 Joshua Helsley - QB","#28 Ambrose Gorman - RB",,,,"#82 Joseph Wilmer - TE",,"#49 George May - WR","#18 William Giles - WR","#11 Robert Jordan - WR",,,"#79 Daniel Trahan - LT","#65 Franklin Fitzgerald - LG","#52 Christopher Engle - C","#59 Michael Shrewsbury - RG","#78 Henry Sunderman - RT",,"#71 Dennis Flynn - LDE",,"#75 Leonard Anderson - DT","#92 Walter Miller - DT","#91 Richard Robinson - RDE",,"#95 Walter McBride - MLB",,"#97 David Melton - WLB","#40 James Valenti - CB","#20 Richard Reyer - CB",,"#45 Benjamin Salazar - CB",,"#41 Chris Phillips - SS","#1 Earnest Mackenzie - FS",,,,,,,,,,,,,,,,,,,,,,,,,,,,,,,,,,,,
,0:00,,1,1,10,,,,7,0,"End of first quarter.",,,,,,,,,,,,,,,,,,,,,,,,,,,,,,,,,,,,,,,,,,,,,,,,,,,,,,,,,,,,,,,,,,,,,,
SF.,15:00,"SF. 35",2,1,10,"Shotgun Normal Double Outs","Nickel Normal 2 Deep Zone Under",,7,0,"1-10-SF. 35 (15:00) 9-Joshua Helsley pass Pass knocked down by 40-James Valenti. incomplete, intended for 84-Jarred Giles.","#9 Joshua Helsley - QB","#10 Donald Kolb - RB",,,,"#82 Joseph Wilmer - TE",,"#84 Jarred Giles - WR","#11 Robert Jordan - WR","#49 George May - WR",,,"#79 Daniel Trahan - LT","#65 Franklin Fitzgerald - LG","#52 Christopher Engle - C","#59 Michael Shrewsbury - RG","#78 Henry Sunderman - RT",,"#71 Dennis Flynn - LDE",,"#75 Leonard Anderson - DT","#92 Walter Miller - DT","#91 Richard Robinson - RDE",,"#95 Walter McBride - MLB",,"#56 Anthony Payne - WLB","#40 James Valenti - CB","#20 Richard Reyer - CB",,"#45 Benjamin Salazar - CB",,"#28 Daniel Vidrine - SS","#21 Terrell Washington - FS",,,,,,,,,,,,,,,,,,,,,,,,,,,,,,,,,,,,
SF.,14:57,"SF. 35",2,2,10,"Shotgun Normal HB Flare","Nickel Strong 1 Deep Man Under",31,7,0,"2-10-SF. 35 (14:58) 9-Joshua Helsley pass complete to 84-Jarred Giles to ARZ 34 for 31 yards. Tackle by 1-Earnest Mackenzie. 1-Earnest Mackenzie got away with a hold on that play.","#9 Joshua Helsley - QB","#28 Ambrose Gorman - RB",,,,"#82 Joseph Wilmer - TE",,"#18 William Giles - WR","#84 Jarred Giles - WR","#11 Robert Jordan - WR",,,"#79 Daniel Trahan - LT","#65 Franklin Fitzgerald - LG","#52 Christopher Engle - C","#59 Michael Shrewsbury - RG","#78 Henry Sunderman - RT",,"#71 Dennis Flynn - LDE",,"#75 Leonard Anderson - DT","#92 Walter Miller - DT","#91 Richard Robinson - RDE",,"#95 Walter McBride - MLB",,"#97 David Melton - WLB","#40 James Valenti - CB","#20 Richard Reyer - CB",,"#45 Benjamin Salazar - CB",,"#41 Chris Phillips - SS","#1 Earnest Mackenzie - FS",,,,,,,,,,,,,,,,,,,,,,,,,,,,,,,,,,,,
SF.,14:11,"ARZ 34",2,1,10,"Shotgun Normal HB Flare","Nickel Normal Double WR3",13,7,0,"1-10-ARZ 34 (14:10) 9-Joshua Helsley pass complete to 18-William Giles to ARZ 21 for 13 yards. Tackle by 45-Benjamin Salazar.","#9 Joshua Helsley - QB","#28 Ambrose Gorman - RB",,,,"#82 Joseph Wilmer - TE",,"#49 George May - WR","#18 William Giles - WR","#11 Robert Jordan - WR",,,"#79 Daniel Trahan - LT","#65 Franklin Fitzgerald - LG","#52 Christopher Engle - C","#59 Michael Shrewsbury - RG","#78 Henry Sunderman - RT",,"#99 Gerard Asher - LDE",,"#92 Walter Miller - DT","#59 Peter Rancourt - DT","#91 Richard Robinson - RDE",,"#57 Rodney Greene - MLB",,"#56 Anthony Payne - WLB","#40 James Valenti - CB","#20 Richard Reyer - CB",,"#45 Benjamin Salazar - CB",,"#41 Chris Phillips - SS","#1 Earnest Mackenzie - FS",,,,,,,,,,,,,,,,,,,,,,,,,,,,,,,,,,,,
SF.,13:32,"ARZ 21",2,1,10,"I Formation Normal PA Outside Curls","46 Normal Weak Blitz",,7,0,"1-10-ARZ 21 (13:31) 9-Joshua Helsley pass Pass knocked down by 28-Daniel Vidrine. incomplete, intended for 28-Ambrose Gorman.","#9 Joshua Helsley - QB","#28 Ambrose Gorman - RB",,,"#34 Robert Wolford - FB","#82 Joseph Wilmer - TE",,"#49 George May - WR",,"#11 Robert Jordan - WR",,,"#79 Daniel Trahan - LT","#65 Franklin Fitzgerald - LG","#52 Christopher Engle - C","#59 Michael Shrewsbury - RG","#78 Henry Sunderman - RT",,"#71 Dennis Flynn - LDE",,"#75 Leonard Anderson - DT","#92 Walter Miller - DT","#91 Richard Robinson - RDE","#53 Richard Koontz - SLB","#95 Walter McBride - MLB",,"#97 David Melton - WLB","#20 Richard Reyer - CB","#45 Benjamin Salazar - CB",,,,"#28 Daniel Vidrine - SS","#1 Earnest Mackenzie - FS",,,,,,,,,,,,,,,,,,,,,,,,,,,,,,,,,,,,
SF.,13:27,"ARZ 21",2,2,10,"I Formation Normal FL Hook","4-3 Under Crash Right",,7,0,"2-10-ARZ 21 (13:28) 9-Joshua Helsley pass Pass knocked down by 20-Richard Reyer. incomplete, intended for 28-Ambrose Gorman.","#9 Joshua Helsley - QB","#28 Ambrose Gorman - RB",,,"#34 Robert Wolford - FB","#82 Joseph Wilmer - TE",,"#84 Jarred Giles - WR",,"#49 George May - WR",,,"#79 Daniel Trahan - LT","#65 Franklin Fitzgerald - LG","#52 Christopher Engle - C","#59 Michael Shrewsbury - RG","#78 Henry Sunderman - RT",,"#71 Dennis Flynn - LDE",,"#75 Leonard Anderson - DT","#92 Walter Miller - DT","#91 Richard Robinson - RDE","#53 Richard Koontz - SLB","#95 Walter McBride - MLB",,"#97 David Melton - WLB","#40 James Valenti - CB","#20 Richard Reyer - CB",,,,"#41 Chris Phillips - SS","#21 Terrell Washington - FS",,,,,,,,,,,,,,,,,,,,,,,,,,,,,,,,,,,,
SF.,13:23,"ARZ 21",2,3,10,"Shotgun Normal HB Flare","Nickel Normal 4 Deep Zone Under",,7,0,"3-10-ARZ 21 (13:24) PENALTY - False Start (SF. 11-Robert Jordan)","#9 Joshua Helsley - QB","#10 Donald Kolb - RB",,,,"#82 Joseph Wilmer - TE",,"#18 William Giles - WR","#49 George May - WR","#11 Robert Jordan - WR",,,"#79 Daniel Trahan - LT","#65 Franklin Fitzgerald - LG","#52 Christopher Engle - C","#59 Michael Shrewsbury - RG","#78 Henry Sunderman - RT",,"#71 Dennis Flynn - LDE",,"#75 Leonard Anderson - DT","#92 Walter Miller - DT","#91 Richard Robinson - RDE",,"#95 Walter McBride - MLB",,"#97 David Melton - WLB","#40 James Valenti - CB","#20 Richard Reyer - CB",,"#45 Benjamin Salazar - CB",,"#28 Daniel Vidrine - SS","#1 Earnest Mackenzie - FS",,,,,,,,,,,,,,,,,,,,,,,,,,,,,,,,,,,,
SF.,13:23,"ARZ 26",2,3,15,"I Formation Normal FL Hook","46 Normal Weak Blitz",4,7,0,"3-15-ARZ 26 (13:24) 9-Joshua Helsley pass complete to 18-William Giles to ARZ 22 for 4 yards. Tackle by 20-Richard Reyer.","#9 Joshua Helsley - QB","#28 Ambrose Gorman - RB",,,"#34 Robert Wolford - FB","#82 Joseph Wilmer - TE",,"#11 Robert Jordan - WR",,"#18 William Giles - WR",,,"#79 Daniel Trahan - LT","#65 Franklin Fitzgerald - LG","#52 Christopher Engle - C","#59 Michael Shrewsbury - RG","#78 Henry Sunderman - RT",,"#71 Dennis Flynn - LDE",,"#75 Leonard Anderson - DT","#92 Walter Miller - DT","#91 Richard Robinson - RDE","#53 Richard Koontz - SLB","#95 Walter McBride - MLB",,"#97 David Melton - WLB","#40 James Valenti - CB","#20 Richard Reyer - CB",,,,"#41 Chris Phillips - SS","#1 Earnest Mackenzie - FS",,,,,,,,,,,,,,,,,,,,,,,,,,,,,,,,,,,,
SF.,12:40,"ARZ 22",2,4,11,"Field Goal","FG Block",33,7,3,"4-11-ARZ 22 (12:39) 12-Jamar Mitchell 40 yard field goal is GOOD. ARZ 7 SF. 3",,,,,,,,,,,,,,,,,,,,,,,,,,,,,,,,,,,,"#8 Milton Kratzer - QB","#66 Alfredo Owens - LT",,,,,,,,,,,,,,"#12 Jamar Mitchell - K","#53 Jessie Snider - LG","#52 Christopher Engle - C","#34 Robert Wolford - FB","#78 Henry Sunderman - RT","#79 Daniel Trahan - LT","#48 Ross Ramirez - FB","#74 William Caouette - LG","#65 Franklin Fitzgerald - LG","#95 Walter McBride - MLB","#71 Dennis Flynn - LDE","#75 Leonard Anderson - DT","#53 Richard Koontz - SLB","#92 Walter Miller - DT","#96 Howard Doane - RDE","#51 Floyd Anderson - MLB","#41 Chris Phillips - SS","#91 Richard Robinson - RDE","#56 Anthony Payne - WLB","#99 Gerard Asher - LDE"
SF.,12:35,"SF. 35",2,6,10,Kickoff,"Kick Return",,7,3,"(12:36) 12-Jamar Mitchell kicks 74 yards from SF. 35 to ARZ -9. Touchback.",,,,,,,,,,,,,,,,,,,,,,,,,,,,,,,,,,,,,,"#23 Joseph Vickers - RB",,"#40 James Valenti - CB","#20 Richard Reyer - CB","#41 Chris Phillips - SS","#91 Richard Robinson - RDE","#71 Dennis Flynn - LDE","#96 Howard Doane - RDE","#95 Walter McBride - MLB","#1 Earnest Mackenzie - FS","#56 Anthony Payne - WLB","#53 Richard Koontz - SLB","#12 Jamar Mitchell - K",,,,,,,,,,,,,,,,,,,,
ARZ,12:35,"ARZ 25",2,1,10,"Shotgun Normal HB Flare","Nickel Strong 2 Deep Man Under",60,7,3,"1-10-ARZ 25 (12:36) 9-Richard Murray pass complete to 15-George Cammack to SF. 15 for 60 yards. Tackle by 26-Jeremy Whitehurst.","#9 Richard Murray - QB","#26 Richard Jackson - RB",,,,"#84 Gregorio McEvoy - TE",,"#81 Brett Toland - WR","#15 George Cammack - WR","#87 Christopher Davis - WR",,,"#76 James Loftis - LT","#52 Paul Walters - LG","#64 Thomas Gleason - C","#61 Daniel Conaway - RG","#79 Don Schulz - RT",,"#97 Charles Rich - LDE",,"#91 James Ellis - RDE","#77 Daniel Taylor - DT","#76 Brian Hampton - RDE",,"#90 Mathew Whiteside - MLB",,"#51 John Villanueva - WLB","#24 Allen Danforth - CB","#29 Gregory Gross - CB",,"#39 Jeremy Whitehurst - CB",,"#39 Fred Ball - SS","#33 Ronald Toth - FS",,,,,,,,,,,,,,,,,,,,,,,,,,,,,,,,,,,,
,12:27,,2,1,10,,,,7,3,"Timeout ARZ",,,,,,,,,,,,,,,,,,,,,,,,,,,,,,,,,,,,,,,,,,,,,,,,,,,,,,,,,,,,,,,,,,,,,,
ARZ,11:57,"SF. 15",2,1,10,"I Formation Power Play Action HB Downfield","Goal Line Attack #3",8,7,3,"1-10-SF. 15 (11:58) 9-Richard Murray pass complete to 84-Gregorio McEvoy to SF. 8 for 8 yards. Tackle by 97-Charles Rich.","#9 Richard Murray - QB","#23 Joseph Vickers - RB",,"#27 John Maria - RB","#25 Donald Goolsby - FB","#84 Gregorio McEvoy - TE",,"#87 Christopher Davis - WR",,,,,"#70 Donnell Thompson - LT","#60 Michael Warren - LG","#58 Phillip Belliveau - LG","#61 Daniel Conaway - RG","#79 Don Schulz - RT",,"#97 Charles Rich - LDE","#62 Francis Gutierrez - LDE","#91 James Ellis - RDE","#77 Daniel Taylor - DT","#76 Brian Hampton - RDE","#57 Charles Huntington - MLB","#95 Timothy Perry - MLB",,"#51 John Villanueva - WLB","#29 Gregory Gross - CB","#43 Stephen Bias - SS",,,,"#47 Jon Kutz - SS",,,,,,,,,,,,,,,,,,,,,,,,,,,,,,,,,,,,,
ARZ,11:11,"SF. 8",2,2,2,"I Formation Normal TE Flag","4-3 Under Double Safety Blitz",-6,7,3,"2-2-SF. 8 (11:10) 9-Richard Murray sacked at SF. 13 for -6 yards (76-Brian Hampton). Sack allowed by 76-James Loftis. ARZ 9-Richard Murray was injured on the play. He looks like he should be able to return. ARZ 79-Don Schulz was injured on the play. He looks like he should be able to return.","#9 Richard Murray - QB","#26 Richard Jackson - RB",,,"#25 Donald Goolsby - FB","#84 Gregorio McEvoy - TE",,"#15 George Cammack - WR",,"#81 Brett Toland - WR",,,"#76 James Loftis - LT","#52 Paul Walters - LG","#64 Thomas Gleason - C","#65 Gerardo Phillips - RG","#79 Don Schulz - RT",,"#97 Charles Rich - LDE",,"#91 James Ellis - RDE","#77 Daniel Taylor - DT","#76 Brian Hampton - RDE","#57 Charles Huntington - MLB","#90 Mathew Whiteside - MLB",,"#51 John Villanueva - WLB","#24 Allen Danforth - CB","#29 Gregory Gross - CB",,,,"#39 Fred Ball - SS","#33 Ronald Toth - FS",,,,,,,,,,,,,,,,,,,,,,,,,,,,,,,,,,,,
ARZ,10:37,"SF. 13",2,3,8,"Shotgun 2 RB 3 WR RB Curls","Nickel Normal Double WR1",,7,3,"3-8-SF. 13 (10:36) 5-James Frame pass Pass knocked down by 90-Mathew Whiteside. incomplete, intended for 23-Joseph Vickers. PENALTY - Pass Interference (SF. 90-Mathew Whiteside)","#5 James Frame - QB","#23 Joseph Vickers - RB","#26 Richard Jackson - RB",,,,,"#87 Christopher Davis - WR","#81 Brett Toland - WR","#15 George Cammack - WR",,,"#76 James Loftis - LT","#52 Paul Walters - LG","#64 Thomas Gleason - C","#61 Daniel Conaway - RG","#74 Michael McBride - RT",,"#97 Charles Rich - LDE",,"#91 James Ellis - RDE","#77 Daniel Taylor - DT","#76 Brian Hampton - RDE",,"#90 Mathew Whiteside - MLB",,"#51 John Villanueva - WLB","#24 Allen Danforth - CB","#29 Gregory Gross - CB",,"#39 Jeremy Whitehurst - CB",,"#39 Fred Ball - SS","#33 Ronald Toth - FS",,,,,,,,,,,,,,,,,,,,,,,,,,,,,,,,,,,,
ARZ,10:32,"SF. 8",2,1,8,"Singleback Normal HB Counter Weak","Nickel Normal Shallow Zone Deep",-1,7,3,"1-8-SF. 8 (10:33) 26-Richard Jackson ran to SF. 9 for -1 yards. Tackle by 76-Brian Hampton.","#5 James Frame - QB","#26 Richard Jackson - RB",,,,"#84 Gregorio McEvoy - TE",,"#81 Brett Toland - WR","#15 George Cammack - WR","#87 Christopher Davis - WR",,,"#76 James Loftis - LT","#52 Paul Walters - LG","#64 Thomas Gleason - C","#61 Daniel Conaway - RG","#74 Michael McBride - RT",,"#97 Charles Rich - LDE",,"#91 James Ellis - RDE","#77 Daniel Taylor - DT","#76 Brian Hampton - RDE",,"#90 Mathew Whiteside - MLB",,"#51 John Villanueva - WLB","#24 Allen Danforth - CB","#29 Gregory Gross - CB",,"#39 Jeremy Whitehurst - CB",,"#39 Fred Ball - SS","#33 Ronald Toth - FS",,,,,,,,,,,,,,,,,,,,,,,,,,,,,,,,,,,,
ARZ,9:50,"SF. 9",2,2,9,"Shotgun Normal HB Flare","Nickel Normal Double WR1",12,13,3,"2-9-SF. 9 (9:49) 5-James Frame pass complete to 15-George Cammack for 9 yards. TOUCHDOWN! ARZ 13 SF. 3","#5 James Frame - QB","#23 Joseph Vickers - RB",,,,"#84 Gregorio McEvoy - TE",,"#81 Brett Toland - WR","#87 Christopher Davis - WR","#15 George Cammack - WR",,,"#76 James Loftis - LT","#52 Paul Walters - LG","#64 Thomas Gleason - C","#61 Daniel Conaway - RG","#74 Michael McBride - RT",,"#97 Charles Rich - LDE",,"#91 James Ellis - RDE","#77 Daniel Taylor - DT","#76 Brian Hampton - RDE",,"#90 Mathew Whiteside - MLB",,"#51 John Villanueva - WLB","#24 Allen Danforth - CB","#29 Gregory Gross - CB",,"#39 Jeremy Whitehurst - CB",,"#39 Fred Ball - SS","#33 Ronald Toth - FS",,,,,,,,,,,,,,,,,,,,,,,,,,,,,,,,,,,,
ARZ,9:45,"SF. 15",2,7,15,"Field Goal","FG Block",25,14,3,"(9:46) Extra point GOOD by 17-Bryan Jones. ARZ 14 SF. 3",,,,,,,,,,,,,,,,,,,,,,,,,,,,,,,,,,,,"#5 James Frame - QB","#76 James Loftis - LT",,,,,,,,,,,,,,"#17 Bryan Jones - K","#60 Michael Warren - LG","#23 Joseph Vickers - RB","#61 Daniel Conaway - RG","#70 Donnell Thompson - LT","#74 Michael McBride - RT","#72 James Price - RG","#25 Donald Goolsby - FB","#52 Paul Walters - LG","#27 Timothy Skelly - CB","#24 Allen Danforth - CB","#29 Gregory Gross - CB","#39 Fred Ball - SS","#51 John Villanueva - WLB","#57 Charles Huntington - MLB","#95 Timothy Perry - MLB","#47 Jon Kutz - SS","#90 Mathew Whiteside - MLB","#39 Jeremy Whitehurst - CB","#43 Stephen Bias - SS"
ARZ,9:45,"ARZ 35",2,6,10,Kickoff,"Kick Return",,14,3,"(9:46) 17-Bryan Jones kicks 69 yards from ARZ 35 to SF. -4. 28-Ambrose Gorman to SF. 33 for 36 yards. Tackle by 17-Bryan Jones. SF. 26-Jeremy Whitehurst was injured on the play. He looks like he should be able to return.",,,,,,,,,,,,,,,,,,,,,,,,,,,,,,,,,,,,,,"#28 Ambrose Gorman - RB",,"#95 Timothy Perry - MLB","#47 Jon Kutz - SS","#29 Gregory Gross - CB","#33 Ronald Toth - FS","#24 Allen Danforth - CB","#43 Stephen Bias - SS","#27 Timothy Skelly - CB","#39 Fred Ball - SS","#39 Jeremy Whitehurst - CB","#90 Mathew Whiteside - MLB","#17 Bryan Jones - K",,,,,,,,,,,,,,,,,,,,
SF.,9:40,"SF. 33",2,1,10,"I Formation Normal FL Hook","4-3 Normal 4 Deep Zone",7,14,3,"1-10-SF. 33 (9:41) 9-Joshua Helsley pass complete to 18-William Giles to SF. 39 for 7 yards. Tackle by 55-Henry Camacho.","#9 Joshua Helsley - QB","#10 Donald Kolb - RB",,,"#34 Robert Wolford - FB","#82 Joseph Wilmer - TE",,"#11 Robert Jordan - WR",,"#18 William Giles - WR",,,"#79 Daniel Trahan - LT","#65 Franklin Fitzgerald - LG","#52 Christopher Engle - C","#59 Michael Shrewsbury - RG","#78 Henry Sunderman - RT",,"#92 Walter Miller - DT",,"#75 Leonard Anderson - DT","#59 Peter Rancourt - DT","#99 Gerard Asher - LDE","#55 Henry Camacho - SLB","#57 Rodney Greene - MLB",,"#97 David Melton - WLB","#45 Benjamin Salazar - CB","#20 Richard Reyer - CB",,,,"#28 Daniel Vidrine - SS","#21 Terrell Washington - FS",,,,,,,,,,,,,,,,,,,,,,,,,,,,,,,,,,,,
,9:36,,2,2,3,,,,14,3,"Timeout SF.",,,,,,,,,,,,,,,,,,,,,,,,,,,,,,,,,,,,,,,,,,,,,,,,,,,,,,,,,,,,,,,,,,,,,,
SF.,9:01,"SF. 39",2,2,3,"I Formation Normal PA Streaks","46 Normal Weak Blitz",,14,3,"2-3-SF. 39 (9:02) Tackle by 97-David Melton.","#9 Joshua Helsley - QB","#28 Ambrose Gorman - RB",,,"#34 Robert Wolford - FB","#82 Joseph Wilmer - TE",,"#84 Jarred Giles - WR",,"#49 George May - WR",,,"#79 Daniel Trahan - LT","#65 Franklin Fitzgerald - LG","#52 Christopher Engle - C","#59 Michael Shrewsbury - RG","#78 Henry Sunderman - RT",,"#71 Dennis Flynn - LDE",,"#75 Leonard Anderson - DT","#92 Walter Miller - DT","#91 Richard Robinson - RDE","#53 Richard Koontz - SLB","#95 Walter McBride - MLB",,"#97 David Melton - WLB","#40 James Valenti - CB","#20 Richard Reyer - CB",,,,"#41 Chris Phillips - SS","#1 Earnest Mackenzie - FS",,,,,,,,,,,,,,,,,,,,,,,,,,,,,,,,,,,,
SF.,8:21,"SF. 40",2,3,3,"I Formation 3WR SE Post","Nickel Normal 4 Deep Zone Under",20,14,3,"3-3-SF. 40 (8:20) 9-Joshua Helsley pass complete to 18-William Giles to ARZ 41 for 20 yards. Tackle by 1-Earnest Mackenzie.","#9 Joshua Helsley - QB","#28 Ambrose Gorman - RB",,,"#34 Robert Wolford - FB",,,"#11 Robert Jordan - WR","#84 Jarred Giles - WR","#18 William Giles - WR",,,"#79 Daniel Trahan - LT","#65 Franklin Fitzgerald - LG","#52 Christopher Engle - C","#59 Michael Shrewsbury - RG","#78 Henry Sunderman - RT",,"#71 Dennis Flynn - LDE",,"#75 Leonard Anderson - DT","#92 Walter Miller - DT","#91 Richard Robinson - RDE",,"#95 Walter McBride - MLB",,"#97 David Melton - WLB","#40 James Valenti - CB","#20 Richard Reyer - CB",,"#45 Benjamin Salazar - CB",,"#41 Chris Phillips - SS","#1 Earnest Mackenzie - FS",,,,,,,,,,,,,,,,,,,,,,,,,,,,,,,,,,,,
SF.,7:40,"ARZ 41",2,1,10,"I Formation Normal FL Hook","46 Normal Weak Blitz",8,14,3,"1-10-ARZ 41 (7:39) 9-Joshua Helsley pass complete to 82-Joseph Wilmer to ARZ 32 for 8 yards. Tackle by 53-Richard Koontz.","#9 Joshua Helsley - QB","#28 Ambrose Gorman - RB",,,"#34 Robert Wolford - FB","#82 Joseph Wilmer - TE",,"#11 Robert Jordan - WR",,"#18 William Giles - WR",,,"#79 Daniel Trahan - LT","#65 Franklin Fitzgerald - LG","#52 Christopher Engle - C","#59 Michael Shrewsbury - RG","#78 Henry Sunderman - RT",,"#71 Dennis Flynn - LDE",,"#75 Leonard Anderson - DT","#92 Walter Miller - DT","#91 Richard Robinson - RDE","#53 Richard Koontz - SLB","#95 Walter McBride - MLB",,"#97 David Melton - WLB","#40 James Valenti - CB","#45 Benjamin Salazar - CB",,,,"#41 Chris Phillips - SS","#1 Earnest Mackenzie - FS",,,,,,,,,,,,,,,,,,,,,,,,,,,,,,,,,,,,
SF.,6:57,"ARZ 32",2,2,2,"I Formation Normal FL Hook","46 Normal Weak Blitz",5,14,3,"2-2-ARZ 32 (6:56) 9-Joshua Helsley pass complete to 49-George May to ARZ 27 for 5 yards. Tackle by 20-Richard Reyer.","#9 Joshua Helsley - QB","#28 Ambrose Gorman - RB",,,"#34 Robert Wolford - FB","#82 Joseph Wilmer - TE",,"#49 George May - WR",,"#18 William Giles - WR",,,"#79 Daniel Trahan - LT","#65 Franklin Fitzgerald - LG","#52 Christopher Engle - C","#59 Michael Shrewsbury - RG","#78 Henry Sunderman - RT",,"#71 Dennis Flynn - LDE",,"#75 Leonard Anderson - DT","#92 Walter Miller - DT","#91 Richard Robinson - RDE","#53 Richard Koontz - SLB","#95 Walter McBride - MLB",,"#97 David Melton - WLB","#20 Richard Reyer - CB","#45 Benjamin Salazar - CB",,,,"#41 Chris Phillips - SS","#21 Terrell Washington - FS",,,,,,,,,,,,,,,,,,,,,,,,,,,,,,,,,,,,
SF.,6:13,"ARZ 27",2,1,10,"I Formation Normal PA Fullback Flat","4-3 Under Double Safety Blitz",,14,3,"1-10-ARZ 27 (6:12) 9-Joshua Helsley pass incomplete, intended for 82-Joseph Wilmer. 53-Richard Koontz got away with a hold on that play.","#9 Joshua Helsley - QB","#28 Ambrose Gorman - RB",,,"#34 Robert Wolford - FB","#82 Joseph Wilmer - TE",,"#11 Robert Jordan - WR",,"#84 Jarred Giles - WR",,,"#79 Daniel Trahan - LT","#65 Franklin Fitzgerald - LG","#52 Christopher Engle - C","#59 Michael Shrewsbury - RG","#78 Henry Sunderman - RT",,"#71 Dennis Flynn - LDE",,"#75 Leonard Anderson - DT","#92 Walter Miller - DT","#91 Richard Robinson - RDE","#53 Richard Koontz - SLB","#95 Walter McBride - MLB",,"#97 David Melton - WLB","#40 James Valenti - CB","#20 Richard Reyer - CB",,,,"#41 Chris Phillips - SS","#1 Earnest Mackenzie - FS",,,,,,,,,,,,,,,,,,,,,,,,,,,,,,,,,,,,
SF.,6:09,"ARZ 27",2,2,10,"I Formation Normal FL Hook","46 Normal Weak Blitz",,14,3,"2-10-ARZ 27 (6:10) 9-Joshua Helsley pass incomplete, intended for 82-Joseph Wilmer.","#9 Joshua Helsley - QB","#28 Ambrose Gorman - RB",,,"#34 Robert Wolford - FB","#82 Joseph Wilmer - TE",,"#11 Robert Jordan - WR",,"#84 Jarred Giles - WR",,,"#79 Daniel Trahan - LT","#65 Franklin Fitzgerald - LG","#52 Christopher Engle - C","#59 Michael Shrewsbury - RG","#78 Henry Sunderman - RT",,"#71 Dennis Flynn - LDE",,"#75 Leonard Anderson - DT","#92 Walter Miller - DT","#91 Richard Robinson - RDE","#53 Richard Koontz - SLB","#95 Walter McBride - MLB",,"#97 David Melton - WLB","#40 James Valenti - CB","#20 Richard Reyer - CB",,,,"#41 Chris Phillips - SS","#1 Earnest Mackenzie - FS",,,,,,,,,,,,,,,,,,,,,,,,,,,,,,,,,,,,
SF.,6:07,"ARZ 27",2,3,10,"Shotgun Normal Double Outs","Nickel Normal SS Blitz",,14,3,"3-10-ARZ 27 (6:08) 9-Joshua Helsley pass Pass knocked down by 45-Benjamin Salazar. incomplete, intended for 11-Robert Jordan.","#9 Joshua Helsley - QB","#28 Ambrose Gorman - RB",,,,"#82 Joseph Wilmer - TE",,"#18 William Giles - WR","#11 Robert Jordan - WR","#49 George May - WR",,,"#79 Daniel Trahan - LT","#65 Franklin Fitzgerald - LG","#52 Christopher Engle - C","#59 Michael Shrewsbury - RG","#78 Henry Sunderman - RT",,"#71 Dennis Flynn - LDE",,"#75 Leonard Anderson - DT","#92 Walter Miller - DT","#91 Richard Robinson - RDE",,"#95 Walter McBride - MLB",,"#97 David Melton - WLB","#40 James Valenti - CB","#20 Richard Reyer - CB",,"#45 Benjamin Salazar - CB",,"#41 Chris Phillips - SS","#1 Earnest Mackenzie - FS",,,,,,,,,,,,,,,,,,,,,,,,,,,,,,,,,,,,
SF.,6:04,"ARZ 27",2,4,10,"Field Goal","FG Block",38,14,3,"4-10-ARZ 27 (6:05) 12-Jamar Mitchell 45 yard field goal is NO GOOD. (Wide Left)",,,,,,,,,,,,,,,,,,,,,,,,,,,,,,,,,,,,"#8 Milton Kratzer - QB","#66 Alfredo Owens - LT",,,,,,,,,,,,,,"#12 Jamar Mitchell - K","#53 Jessie Snider - LG","#52 Christopher Engle - C","#34 Robert Wolford - FB","#78 Henry Sunderman - RT","#79 Daniel Trahan - LT","#48 Ross Ramirez - FB","#74 William Caouette - LG","#65 Franklin Fitzgerald - LG","#95 Walter McBride - MLB","#71 Dennis Flynn - LDE","#75 Leonard Anderson - DT","#53 Richard Koontz - SLB","#92 Walter Miller - DT","#96 Howard Doane - RDE","#51 Floyd Anderson - MLB","#41 Chris Phillips - SS","#91 Richard Robinson - RDE","#56 Anthony Payne - WLB","#99 Gerard Asher - LDE"
ARZ,6:01,"ARZ 34",2,1,10,"Singleback Normal PA Rollout","Nickel Normal 3 Deep Man Under",6,14,3,"1-10-ARZ 34 (6:02) 9-Richard Murray pass complete to 84-Gregorio McEvoy to ARZ 40 for 6 yards. 84-Gregorio McEvoy made a nice adjustment to make that catch. Tackle by 90-Mathew Whiteside. Pressure by 97-Charles Rich.","#9 Richard Murray - QB","#23 Joseph Vickers - RB",,,,"#84 Gregorio McEvoy - TE",,"#87 Christopher Davis - WR","#81 Brett Toland - WR","#15 George Cammack - WR",,,"#76 James Loftis - LT","#52 Paul Walters - LG","#64 Thomas Gleason - C","#61 Daniel Conaway - RG","#79 Don Schulz - RT",,"#97 Charles Rich - LDE",,"#91 James Ellis - RDE","#77 Daniel Taylor - DT","#76 Brian Hampton - RDE",,"#90 Mathew Whiteside - MLB",,"#51 John Villanueva - WLB","#24 Allen Danforth - CB","#29 Gregory Gross - CB",,"#43 Stephen Bias - SS",,"#39 Fred Ball - SS","#33 Ronald Toth - FS",,,,,,,,,,,,,,,,,,,,,,,,,,,,,,,,,,,,
ARZ,5:27,"ARZ 40",2,2,4,"Split Backs 3 Wide Dive Left","Nickel Normal Shallow Zone Deep",11,14,3,"2-4-ARZ 40 (5:26) 25-Donald Goolsby ran to SF. 50 for 11 yards. Tackle by 33-Ronald Toth.","#9 Richard Murray - QB","#23 Joseph Vickers - RB",,,"#25 Donald Goolsby - FB",,,"#87 Christopher Davis - WR","#81 Brett Toland - WR","#15 George Cammack - WR",,,"#76 James Loftis - LT","#52 Paul Walters - LG","#64 Thomas Gleason - C","#61 Daniel Conaway - RG","#79 Don Schulz - RT",,"#97 Charles Rich - LDE",,"#91 James Ellis - RDE","#77 Daniel Taylor - DT","#76 Brian Hampton - RDE",,"#90 Mathew Whiteside - MLB",,"#51 John Villanueva - WLB","#24 Allen Danforth - CB","#29 Gregory Gross - CB",,"#43 Stephen Bias - SS",,"#39 Fred Ball - SS","#33 Ronald Toth - FS",,,,,,,,,,,,,,,,,,,,,,,,,,,,,,,,,,,,
ARZ,4:49,"SF. 50",2,1,10,"Singleback Normal WR Quick In","Nickel Normal CB3 MLB Blitz",19,14,3,"1-10-SF. 50 (4:48) 9-Richard Murray pass complete to 15-George Cammack to SF. 38 for 12 yards. 15-George Cammack FUMBLES (29-Gregory Gross) recovered by ARZ-15-George Cammack to SF. 31 for 2 yards. Tackle by 24-Allen Danforth. Nice job by 15-George Cammack on that route to lose his coverage.","#9 Richard Murray - QB","#23 Joseph Vickers - RB",,,,"#84 Gregorio McEvoy - TE",,"#87 Christopher Davis - WR","#81 Brett Toland - WR","#15 George Cammack - WR",,,"#76 James Loftis - LT","#52 Paul Walters - LG","#64 Thomas Gleason - C","#61 Daniel Conaway - RG","#79 Don Schulz - RT",,"#97 Charles Rich - LDE",,"#91 James Ellis - RDE","#77 Daniel Taylor - DT","#76 Brian Hampton - RDE",,"#90 Mathew Whiteside - MLB",,"#51 John Villanueva - WLB","#24 Allen Danforth - CB","#29 Gregory Gross - CB",,"#43 Stephen Bias - SS",,"#39 Fred Ball - SS","#33 Ronald Toth - FS",,,,,,,,,,,,,,,,,,,,,,,,,,,,,,,,,,,,
ARZ,4:10,"SF. 31",2,1,10,"Strong I Big Backfield Drag","Goal Line Attack #2",22,14,3,"1-10-SF. 31 (4:09) 9-Richard Murray ran to SF. 9 for 22 yards. 9-Richard Murray slides to avoid being hit.","#9 Richard Murray - QB","#27 John Maria - RB",,,"#25 Donald Goolsby - FB","#84 Gregorio McEvoy - TE","#26 Richard Jackson - RB","#87 Christopher Davis - WR",,,,,"#76 James Loftis - LT","#52 Paul Walters - LG","#64 Thomas Gleason - C","#61 Daniel Conaway - RG","#79 Don Schulz - RT",,"#97 Charles Rich - LDE","#62 Francis Gutierrez - LDE","#91 James Ellis - RDE","#77 Daniel Taylor - DT","#76 Brian Hampton - RDE","#57 Charles Huntington - MLB","#90 Mathew Whiteside - MLB",,"#51 John Villanueva - WLB","#24 Allen Danforth - CB","#29 Gregory Gross - CB",,,,"#39 Fred Ball - SS",,,,,,,,,,,,,,,,,,,,,,,,,,,,,,,,,,,,,
ARZ,3:24,"SF. 9",2,1,9,"Singleback Normal HB Counter Weak","Nickel Normal Shallow Zone Deep",9,14,3,"1-9-SF. 9 (3:23) 25-Donald Goolsby ran to SF. 0 for 9 yards. Tackle by 27-Robert Culp.","#9 Richard Murray - QB","#25 Donald Goolsby - FB",,,,"#84 Gregorio McEvoy - TE",,"#81 Brett Toland - WR","#87 Christopher Davis - WR","#15 George Cammack - WR",,,"#70 Donnell Thompson - LT","#52 Paul Walters - LG","#79 Don Schulz - RT","#61 Daniel Conaway - RG","#74 Michael McBride - RT",,"#97 Charles Rich - LDE",,"#91 James Ellis - RDE","#77 Daniel Taylor - DT","#76 Brian Hampton - RDE",,"#90 Mathew Whiteside - MLB",,"#55 Blake Crowe - WLB","#43 Stephen Bias - SS","#27 Robert Culp - CB",,"#27 Timothy Skelly - CB",,"#47 Jon Kutz - SS","#33 Ronald Toth - FS",,,,,,,,,,,,,,,,,,,,,,,,,,,,,,,,,,,,
ARZ,2:46,"SF. 0",2,2,,"I Formation Normal TE Flag","4-3 Under Double Safety Blitz",8,20,3,"2-1-SF. 0 (2:45) 9-Richard Murray pass complete to 84-Gregorio McEvoy for 0 yards. TOUCHDOWN! ARZ 20 SF. 3","#9 Richard Murray - QB","#23 Joseph Vickers - RB",,,"#26 Richard Jackson - RB","#84 Gregorio McEvoy - TE",,"#81 Brett Toland - WR",,"#15 George Cammack - WR",,,"#76 James Loftis - LT","#52 Paul Walters - LG","#64 Thomas Gleason - C","#61 Daniel Conaway - RG","#79 Don Schulz - RT",,"#97 Charles Rich - LDE",,"#91 James Ellis - RDE","#77 Daniel Taylor - DT","#76 Brian Hampton - RDE","#57 Charles Huntington - MLB","#90 Mathew Whiteside - MLB",,"#51 John Villanueva - WLB","#43 Stephen Bias - SS","#27 Robert Culp - CB",,,,"#39 Fred Ball - SS","#33 Ronald Toth - FS",,,,,,,,,,,,,,,,,,,,,,,,,,,,,,,,,,,,
ARZ,2:41,"SF. 15",2,7,15,"Field Goal","FG Block",26,21,3,"(2:42) Extra point GOOD by 17-Bryan Jones. ARZ 74-Michael McBride was injured on the play. He looks like he should be able to return. ARZ 21 SF. 3",,,,,,,,,,,,,,,,,,,,,,,,,,,,,,,,,,,,"#5 James Frame - QB","#76 James Loftis - LT",,,,,,,,,,,,,,"#17 Bryan Jones - K","#25 Donald Goolsby - FB","#61 Daniel Conaway - RG","#72 James Price - RG","#79 Don Schulz - RT","#70 Donnell Thompson - LT","#74 Michael McBride - RT","#23 Joseph Vickers - RB","#84 Gregorio McEvoy - TE","#27 Timothy Skelly - CB","#24 Allen Danforth - CB","#29 Gregory Gross - CB","#39 Fred Ball - SS","#94 Samual Scott - RDE","#51 John Villanueva - WLB","#57 Charles Huntington - MLB","#47 Jon Kutz - SS","#90 Mathew Whiteside - MLB","#43 Stephen Bias - SS","#95 Timothy Perry - MLB"
ARZ,2:41,"ARZ 35",2,6,10,Kickoff,"Kick Return",,21,3,"(2:42) 17-Bryan Jones kicks 75 yards from ARZ 35 to SF. -10. 28-Ambrose Gorman to SF. 25 for 35 yards. Tackle by 40-James Valenti.",,,,,,,,,,,,,,,,,,,,,,,,,,,,,,,,,,,,,,"#28 Ambrose Gorman - RB",,"#57 Charles Huntington - MLB","#47 Jon Kutz - SS","#29 Gregory Gross - CB","#33 Ronald Toth - FS","#24 Allen Danforth - CB","#43 Stephen Bias - SS","#27 Timothy Skelly - CB","#39 Fred Ball - SS","#95 Timothy Perry - MLB","#90 Mathew Whiteside - MLB","#17 Bryan Jones - K",,,,,,,,,,,,,,,,,,,,
SF.,2:35,"SF. 25",2,1,10,"I Formation 3WR SE Post","Nickel Strong Cover 2",8,21,3,"1-10-SF. 25 (2:36) 9-Joshua Helsley pass complete to 10-Donald Kolb to SF. 33 for 8 yards. Tackle by 97-David Melton. ARZ 45-Benjamin Salazar was injured on the play. He looks like he should be able to return.","#9 Joshua Helsley - QB","#10 Donald Kolb - RB",,,"#34 Robert Wolford - FB",,,"#11 Robert Jordan - WR","#84 Jarred Giles - WR","#18 William Giles - WR",,,"#79 Daniel Trahan - LT","#65 Franklin Fitzgerald - LG","#52 Christopher Engle - C","#59 Michael Shrewsbury - RG","#78 Henry Sunderman - RT",,"#99 Gerard Asher - LDE",,"#75 Leonard Anderson - DT","#59 Peter Rancourt - DT","#92 Walter Miller - DT",,"#57 Rodney Greene - MLB",,"#97 David Melton - WLB","#45 Benjamin Salazar - CB","#1 Earnest Mackenzie - FS",,"#41 Chris Phillips - SS",,"#28 Daniel Vidrine - SS","#21 Terrell Washington - FS",,,,,,,,,,,,,,,,,,,,,,,,,,,,,,,,,,,,
,2:00,,2,2,2,,,,21,3,"Timeout for two minute warning.",,,,,,,,,,,,,,,,,,,,,,,,,,,,,,,,,,,,,,,,,,,,,,,,,,,,,,,,,,,,,,,,,,,,,,
SF.,2:00,"SF. 33",2,2,2,"I Formation Normal PA Streaks","46 Normal Weak Blitz",,21,3,"2-2-SF. 33 (2:00) 9-Joshua Helsley pass Pass knocked down by 53-Richard Koontz. incomplete, intended for 82-Joseph Wilmer. Pressure by 97-David Melton.","#9 Joshua Helsley - QB","#28 Ambrose Gorman - RB",,,"#34 Robert Wolford - FB","#82 Joseph Wilmer - TE",,"#49 George May - WR",,"#18 William Giles - WR",,,"#79 Daniel Trahan - LT","#65 Franklin Fitzgerald - LG","#52 Christopher Engle - C","#59 Michael Shrewsbury - RG","#78 Henry Sunderman - RT",,"#71 Dennis Flynn - LDE",,"#75 Leonard Anderson - DT","#92 Walter Miller - DT","#91 Richard Robinson - RDE","#53 Richard Koontz - SLB","#95 Walter McBride - MLB",,"#97 David Melton - WLB","#40 James Valenti - CB","#20 Richard Reyer - CB",,,,"#41 Chris Phillips - SS","#1 Earnest Mackenzie - FS",,,,,,,,,,,,,,,,,,,,,,,,,,,,,,,,,,,,
SF.,1:54,"SF. 33",2,3,2,"I Formation Normal HB Blast","46 Normal Weak Blitz",-1,21,3,"3-2-SF. 33 (1:55) 28-Ambrose Gorman ran to SF. 32 for -1 yards. Tackle by 97-David Melton.","#9 Joshua Helsley - QB","#28 Ambrose Gorman - RB",,,"#34 Robert Wolford - FB","#82 Joseph Wilmer - TE",,"#11 Robert Jordan - WR",,"#84 Jarred Giles - WR",,,"#79 Daniel Trahan - LT","#65 Franklin Fitzgerald - LG","#52 Christopher Engle - C","#59 Michael Shrewsbury - RG","#78 Henry Sunderman - RT",,"#71 Dennis Flynn - LDE",,"#75 Leonard Anderson - DT","#92 Walter Miller - DT","#91 Richard Robinson - RDE","#55 Henry Camacho - SLB","#95 Walter McBride - MLB",,"#97 David Melton - WLB","#40 James Valenti - CB","#20 Richard Reyer - CB",,,,"#41 Chris Phillips - SS","#1 Earnest Mackenzie - FS",,,,,,,,,,,,,,,,,,,,,,,,,,,,,,,,,,,,
SF.,1:24,"SF. 32",2,4,3,Punt,"Punt Return",,21,3,"4-3-SF. 32 (1:23) 7-Julius Manzo punts 48 yards to ARZ 21. Fair Catch by 23-Joseph Vickers.",,,,,,,,,,,,,,,,,,"#7 Julius Manzo - P",,,,,,,,,,,,,,,,,,,"#66 Alfredo Owens - LT",,"#23 Joseph Vickers - RB",,,"#95 Walter McBride - MLB","#96 Howard Doane - RDE","#41 Chris Phillips - SS",,"#1 Earnest Mackenzie - FS","#91 Richard Robinson - RDE",,"#20 Richard Reyer - CB",,,,"#52 Christopher Engle - C","#34 Robert Wolford - FB","#78 Henry Sunderman - RT","#79 Daniel Trahan - LT","#48 Ross Ramirez - FB","#74 William Caouette - LG",,"#56 Anthony Payne - WLB","#71 Dennis Flynn - LDE","#75 Leonard Anderson - DT","#53 Richard Koontz - SLB",,,,,,,
ARZ,1:16,"ARZ 21",2,1,10,"Shotgun Normal TE Out","Nickel Strong 2 Deep Man Under",,21,3,"1-10-ARZ 21 (1:17) 9-Richard Murray pass Pass knocked down by 90-Mathew Whiteside. incomplete, intended for 84-Gregorio McEvoy.","#9 Richard Murray - QB","#26 Richard Jackson - RB",,,,"#84 Gregorio McEvoy - TE",,"#81 Brett Toland - WR","#15 George Cammack - WR","#87 Christopher Davis - WR",,,"#76 James Loftis - LT","#52 Paul Walters - LG","#64 Thomas Gleason - C","#61 Daniel Conaway - RG","#79 Don Schulz - RT",,"#97 Charles Rich - LDE",,"#91 James Ellis - RDE","#77 Daniel Taylor - DT","#76 Brian Hampton - RDE",,"#90 Mathew Whiteside - MLB",,"#51 John Villanueva - WLB","#24 Allen Danforth - CB","#29 Gregory Gross - CB",,"#39 Jeremy Whitehurst - CB",,"#39 Fred Ball - SS","#33 Ronald Toth - FS",,,,,,,,,,,,,,,,,,,,,,,,,,,,,,,,,,,,
ARZ,1:13,"ARZ 21",2,2,10,"Shotgun 2 RB 3 WR RB Curls","Nickel Normal Double WR1",,21,3,"2-10-ARZ 21 (1:14) 9-Richard Murray pass incomplete, intended for 23-Joseph Vickers.","#9 Richard Murray - QB","#23 Joseph Vickers - RB","#26 Richard Jackson - RB",,,,,"#87 Christopher Davis - WR","#81 Brett Toland - WR","#15 George Cammack - WR",,,"#76 James Loftis - LT","#52 Paul Walters - LG","#64 Thomas Gleason - C","#61 Daniel Conaway - RG","#79 Don Schulz - RT",,"#97 Charles Rich - LDE",,"#91 James Ellis - RDE","#77 Daniel Taylor - DT","#76 Brian Hampton - RDE",,"#90 Mathew Whiteside - MLB",,"#51 John Villanueva - WLB","#24 Allen Danforth - CB","#29 Gregory Gross - CB",,"#39 Jeremy Whitehurst - CB",,"#39 Fred Ball - SS","#33 Ronald Toth - FS",,,,,,,,,,,,,,,,,,,,,,,,,,,,,,,,,,,,
ARZ,1:10,"ARZ 21",2,3,10,"Shotgun Normal HB Flare","Goal Line Attack #1",,21,3,"3-10-ARZ 21 (1:11) 9-Richard Murray pass incomplete, dropped by 87-Christopher Davis. 29-Gregory Gross got away with a hold on that play.","#9 Richard Murray - QB","#26 Richard Jackson - RB",,,,"#84 Gregorio McEvoy - TE",,"#81 Brett Toland - WR","#15 George Cammack - WR","#87 Christopher Davis - WR",,,"#76 James Loftis - LT","#52 Paul Walters - LG","#64 Thomas Gleason - C","#61 Daniel Conaway - RG","#79 Don Schulz - RT",,"#97 Charles Rich - LDE","#62 Francis Gutierrez - LDE","#91 James Ellis - RDE","#77 Daniel Taylor - DT","#76 Brian Hampton - RDE","#57 Charles Huntington - MLB","#90 Mathew Whiteside - MLB",,"#51 John Villanueva - WLB","#24 Allen Danforth - CB","#29 Gregory Gross - CB",,,,"#39 Fred Ball - SS",,,,,,,,,,,,,,,,,,,,,,,,,,,,,,,,,,,,,
ARZ,1:07,"ARZ 21",2,4,10,Punt,"Punt Return",,21,3,"4-10-ARZ 21 (1:08) 6-Tim Woodall punts 47 yards to SF. 32. 28-Ambrose Gorman to SF. 40 for 8 yards. Tackle by 41-Chris Phillips.",,,,,,,,,,,,,,,,,,"#6 Tim Woodall - P",,,,,,,,,,,,,,,,,,,"#76 James Loftis - LT",,"#28 Ambrose Gorman - RB",,,"#27 Timothy Skelly - CB","#95 Timothy Perry - MLB","#29 Gregory Gross - CB",,"#90 Mathew Whiteside - MLB","#33 Ronald Toth - FS",,"#43 Stephen Bias - SS",,,,"#23 Joseph Vickers - RB","#61 Daniel Conaway - RG","#79 Don Schulz - RT","#70 Donnell Thompson - LT","#72 James Price - RG","#25 Donald Goolsby - FB",,"#39 Jeremy Whitehurst - CB","#24 Allen Danforth - CB","#39 Fred Ball - SS","#47 Jon Kutz - SS",,,,,,,
SF.,0:58,"SF. 40",2,1,10,"I Formation Normal FL Hook","4-3 Normal 3 Deep Zone Under",6,21,3,"1-10-SF. 40 (0:59) 9-Joshua Helsley pass complete to 34-Robert Wolford to SF. 46 for 6 yards. Tackle by 57-Rodney Greene.","#9 Joshua Helsley - QB","#28 Ambrose Gorman - RB",,,"#34 Robert Wolford - FB","#82 Joseph Wilmer - TE",,"#11 Robert Jordan - WR",,"#18 William Giles - WR",,,"#79 Daniel Trahan - LT","#65 Franklin Fitzgerald - LG","#52 Christopher Engle - C","#59 Michael Shrewsbury - RG","#78 Henry Sunderman - RT",,"#99 Gerard Asher - LDE",,"#75 Leonard Anderson - DT","#92 Walter Miller - DT","#91 Richard Robinson - RDE","#53 Richard Koontz - SLB","#57 Rodney Greene - MLB",,"#97 David Melton - WLB","#40 James Valenti - CB","#20 Richard Reyer - CB",,,,"#28 Daniel Vidrine - SS","#1 Earnest Mackenzie - FS",,,,,,,,,,,,,,,,,,,,,,,,,,,,,,,,,,,,
,0:55,,2,2,4,,,,21,3,"Timeout SF.",,,,,,,,,,,,,,,,,,,,,,,,,,,,,,,,,,,,,,,,,,,,,,,,,,,,,,,,,,,,,,,,,,,,,,
SF.,0:53,"SF. 46",2,2,4,"I Formation Normal FL Hook","4-3 Under Double LB Blitz",-8,21,3,"2-4-SF. 46 (0:54) 9-Joshua Helsley sacked at SF. 39 for -8 yards (91-Richard Robinson). Sack allowed by 79-Daniel Trahan. I think the offense is starting to overuse that play.","#9 Joshua Helsley - QB","#28 Ambrose Gorman - RB",,,"#34 Robert Wolford - FB","#82 Joseph Wilmer - TE",,"#84 Jarred Giles - WR",,"#49 George May - WR",,,"#79 Daniel Trahan - LT","#65 Franklin Fitzgerald - LG","#52 Christopher Engle - C","#59 Michael Shrewsbury - RG","#78 Henry Sunderman - RT",,"#71 Dennis Flynn - LDE",,"#75 Leonard Anderson - DT","#92 Walter Miller - DT","#91 Richard Robinson - RDE","#53 Richard Koontz - SLB","#95 Walter McBride - MLB",,"#97 David Melton - WLB","#40 James Valenti - CB","#20 Richard Reyer - CB",,,,"#41 Chris Phillips - SS","#1 Earnest Mackenzie - FS",,,,,,,,,,,,,,,,,,,,,,,,,,,,,,,,,,,,
,0:51,,2,3,11,,,,21,3,"Timeout SF.",,,,,,,,,,,,,,,,,,,,,,,,,,,,,,,,,,,,,,,,,,,,,,,,,,,,,,,,,,,,,,,,,,,,,,
SF.,0:47,"SF. 39",2,3,11,"Shotgun Normal HB Flare","Nickel Strong Cover 2",,21,3,"3-11-SF. 39 (0:48) 9-Joshua Helsley pass Pass knocked down by 45-Benjamin Salazar. incomplete, intended for 84-Jarred Giles.","#9 Joshua Helsley - QB","#28 Ambrose Gorman - RB",,,,"#82 Joseph Wilmer - TE",,"#11 Robert Jordan - WR","#84 Jarred Giles - WR","#18 William Giles - WR",,,"#79 Daniel Trahan - LT","#65 Franklin Fitzgerald - LG","#52 Christopher Engle - C","#59 Michael Shrewsbury - RG","#78 Henry Sunderman - RT",,"#71 Dennis Flynn - LDE",,"#75 Leonard Anderson - DT","#92 Walter Miller - DT","#91 Richard Robinson - RDE",,"#95 Walter McBride - MLB",,"#97 David Melton - WLB","#40 James Valenti - CB","#20 Richard Reyer - CB",,"#45 Benjamin Salazar - CB",,"#41 Chris Phillips - SS","#1 Earnest Mackenzie - FS",,,,,,,,,,,,,,,,,,,,,,,,,,,,,,,,,,,,
SF.,0:44,"SF. 39",2,4,11,Punt,"Punt Return",54,21,3,"4-11-SF. 39 (0:45) 7-Julius Manzo punts 54 yards to ARZ 7.",,,,,,,,,,,,,,,,,,"#7 Julius Manzo - P",,,,,,,,,,,,,,,,,,,"#66 Alfredo Owens - LT",,"#23 Joseph Vickers - RB",,,"#95 Walter McBride - MLB","#96 Howard Doane - RDE","#41 Chris Phillips - SS",,"#1 Earnest Mackenzie - FS","#91 Richard Robinson - RDE",,"#20 Richard Reyer - CB",,,,"#52 Christopher Engle - C","#34 Robert Wolford - FB","#78 Henry Sunderman - RT","#79 Daniel Trahan - LT","#48 Ross Ramirez - FB","#74 William Caouette - LG",,"#56 Anthony Payne - WLB","#71 Dennis Flynn - LDE","#75 Leonard Anderson - DT","#53 Richard Koontz - SLB",,,,,,,
ARZ,0:34,"ARZ 7",2,1,10,"I Formation Normal HB Dive","4-3 Under Double Safety Blitz",3,21,3,"1-10-ARZ 7 (0:35) 23-Joseph Vickers ran to ARZ 9 for 3 yards. Tackle by 33-Ronald Toth.","#9 Richard Murray - QB","#23 Joseph Vickers - RB",,,"#25 Donald Goolsby - FB","#84 Gregorio McEvoy - TE",,"#87 Christopher Davis - WR",,"#15 George Cammack - WR",,,"#76 James Loftis - LT","#52 Paul Walters - LG","#64 Thomas Gleason - C","#61 Daniel Conaway - RG","#79 Don Schulz - RT",,"#97 Charles Rich - LDE",,"#91 James Ellis - RDE","#77 Daniel Taylor - DT","#76 Brian Hampton - RDE","#57 Charles Huntington - MLB","#90 Mathew Whiteside - MLB",,"#51 John Villanueva - WLB","#39 Jeremy Whitehurst - CB","#43 Stephen Bias - SS",,,,"#39 Fred Ball - SS","#33 Ronald Toth - FS",,,,,,,,,,,,,,,,,,,,,,,,,,,,,,,,,,,,
,0:00,,2,2,7,,,,21,3,"End of half.",,,,,,,,,,,,,,,,,,,,,,,,,,,,,,,,,,,,,,,,,,,,,,,,,,,,,,,,,,,,,,,,,,,,,,
ARZ,15:00,"ARZ 35",3,6,10,Kickoff,"Kick Return",,21,3,"(15:00) 17-Bryan Jones kicks 64 yards from ARZ 35 to SF. 1. 28-Ambrose Gorman to SF. 24 for 24 yards. Tackle by 1-Earnest Mackenzie.",,,,,,,,,,,,,,,,,,,,,,,,,,,,,,,,,,,,,,"#28 Ambrose Gorman - RB",,"#57 Charles Huntington - MLB","#43 Stephen Bias - SS","#27 Timothy Skelly - CB","#47 Jon Kutz - SS","#24 Allen Danforth - CB","#39 Jeremy Whitehurst - CB","#39 Fred Ball - SS","#90 Mathew Whiteside - MLB","#95 Timothy Perry - MLB","#33 Ronald Toth - FS","#17 Bryan Jones - K",,,,,,,,,,,,,,,,,,,,
SF.,14:55,"SF. 24",3,1,10,"I Formation Normal FL Hook","46 Normal Weak Blitz",9,21,3,"1-10-SF. 24 (14:56) 9-Joshua Helsley pass complete to 11-Robert Jordan to SF. 33 for 9 yards. Tackle by 45-Benjamin Salazar.","#9 Joshua Helsley - QB","#10 Donald Kolb - RB",,,"#34 Robert Wolford - FB","#82 Joseph Wilmer - TE",,"#11 Robert Jordan - WR",,"#18 William Giles - WR",,,"#79 Daniel Trahan - LT","#65 Franklin Fitzgerald - LG","#52 Christopher Engle - C","#59 Michael Shrewsbury - RG","#78 Henry Sunderman - RT",,"#92 Walter Miller - DT",,"#75 Leonard Anderson - DT","#59 Peter Rancourt - DT","#99 Gerard Asher - LDE","#55 Henry Camacho - SLB","#57 Rodney Greene - MLB",,"#97 David Melton - WLB","#45 Benjamin Salazar - CB","#20 Richard Reyer - CB",,,,"#28 Daniel Vidrine - SS","#21 Terrell Washington - FS",,,,,,,,,,,,,,,,,,,,,,,,,,,,,,,,,,,,
SF.,14:14,"SF. 33",3,2,1,"I Formation Normal PA Streaks","46 Normal Weak Blitz",25,21,3,"2-1-SF. 33 (14:13) 9-Joshua Helsley pass complete to 82-Joseph Wilmer to ARZ 42 for 25 yards. Tackle by 53-Richard Koontz. Great move by 82-Joseph Wilmer to get free of his coverage. It looks like the offense is starting to get familiar with that defensive play. SF. 65-Franklin Fitzgerald was injured on the play. He looks like he should be able to return.","#9 Joshua Helsley - QB","#28 Ambrose Gorman - RB",,,"#34 Robert Wolford - FB","#82 Joseph Wilmer - TE",,"#84 Jarred Giles - WR",,"#49 George May - WR",,,"#79 Daniel Trahan - LT","#65 Franklin Fitzgerald - LG","#52 Christopher Engle - C","#59 Michael Shrewsbury - RG","#78 Henry Sunderman - RT",,"#71 Dennis Flynn - LDE",,"#75 Leonard Anderson - DT","#92 Walter Miller - DT","#91 Richard Robinson - RDE","#53 Richard Koontz - SLB","#95 Walter McBride - MLB",,"#97 David Melton - WLB","#40 James Valenti - CB","#20 Richard Reyer - CB",,,,"#41 Chris Phillips - SS","#1 Earnest Mackenzie - FS",,,,,,,,,,,,,,,,,,,,,,,,,,,,,,,,,,,,
SF.,13:29,"ARZ 42",3,1,10,"I Formation Normal FL Hook","4-3 Under Double Safety Blitz",,21,3,"1-10-ARZ 42 (13:28) 9-Joshua Helsley pass INTERCEPTED by 45-Benjamin Salazar at ARZ 37. 45-Benjamin Salazar to SF. 33 for 30 yards. Tackle by 34-Robert Wolford. The defense seems to be getting familiar with that play.","#9 Joshua Helsley - QB","#28 Ambrose Gorman - RB",,,"#34 Robert Wolford - FB","#82 Joseph Wilmer - TE",,"#11 Robert Jordan - WR",,"#18 William Giles - WR",,,"#79 Daniel Trahan - LT","#53 Jessie Snider - LG","#52 Christopher Engle - C","#59 Michael Shrewsbury - RG","#78 Henry Sunderman - RT",,"#71 Dennis Flynn - LDE",,"#75 Leonard Anderson - DT","#92 Walter Miller - DT","#91 Richard Robinson - RDE","#55 Henry Camacho - SLB","#95 Walter McBride - MLB",,"#56 Anthony Payne - WLB","#45 Benjamin Salazar - CB","#40 James Valenti - CB",,,,"#28 Daniel Vidrine - SS","#21 Terrell Washington - FS",,,,,,,,,,,,,,,,,,,,,,,,,,,,,,,,,,,,
ARZ,13:19,"SF. 33",3,1,10,"Singleback Normal HB Counter Weak","Nickel Strong 2 Deep Man Under",11,21,3,"1-10-SF. 33 (13:20) 23-Joseph Vickers ran to SF. 22 for 11 yards. Tackle by 39-Fred Ball.","#9 Richard Murray - QB","#23 Joseph Vickers - RB",,,,"#84 Gregorio McEvoy - TE",,"#87 Christopher Davis - WR","#81 Brett Toland - WR","#15 George Cammack - WR",,,"#76 James Loftis - LT","#52 Paul Walters - LG","#64 Thomas Gleason - C","#61 Daniel Conaway - RG","#79 Don Schulz - RT",,"#97 Charles Rich - LDE",,"#91 James Ellis - RDE","#77 Daniel Taylor - DT","#76 Brian Hampton - RDE",,"#90 Mathew Whiteside - MLB",,"#51 John Villanueva - WLB","#24 Allen Danforth - CB","#29 Gregory Gross - CB",,"#39 Jeremy Whitehurst - CB",,"#39 Fred Ball - SS","#33 Ronald Toth - FS",,,,,,,,,,,,,,,,,,,,,,,,,,,,,,,,,,,,
ARZ,12:43,"SF. 22",3,1,10,"Weak I Normal HB Inside Strong","4-3 Under Double Safety Blitz",3,21,3,"1-10-SF. 22 (12:42) 26-Richard Jackson ran to SF. 19 for 3 yards. Tackle by 33-Ronald Toth.","#9 Richard Murray - QB","#26 Richard Jackson - RB",,,"#25 Donald Goolsby - FB","#84 Gregorio McEvoy - TE",,"#87 Christopher Davis - WR",,"#15 George Cammack - WR",,,"#76 James Loftis - LT","#52 Paul Walters - LG","#64 Thomas Gleason - C","#65 Gerardo Phillips - RG","#79 Don Schulz - RT",,"#97 Charles Rich - LDE",,"#91 James Ellis - RDE","#77 Daniel Taylor - DT","#76 Brian Hampton - RDE","#57 Charles Huntington - MLB","#90 Mathew Whiteside - MLB",,"#51 John Villanueva - WLB","#24 Allen Danforth - CB","#29 Gregory Gross - CB",,,,"#39 Fred Ball - SS","#33 Ronald Toth - FS",,,,,,,,,,,,,,,,,,,,,,,,,,,,,,,,,,,,
ARZ,12:09,"SF. 19",3,2,7,"Strong I Normal WR Post TE Out","46 Normal Inside Blitz",5,21,3,"2-7-SF. 19 (12:08) 9-Richard Murray pass complete to 87-Christopher Davis to SF. 14 for 5 yards. Tackle by 24-Allen Danforth.","#9 Richard Murray - QB","#26 Richard Jackson - RB",,,"#25 Donald Goolsby - FB","#84 Gregorio McEvoy - TE",,"#87 Christopher Davis - WR",,"#15 George Cammack - WR",,,"#76 James Loftis - LT","#52 Paul Walters - LG","#64 Thomas Gleason - C","#61 Daniel Conaway - RG","#79 Don Schulz - RT",,"#97 Charles Rich - LDE",,"#91 James Ellis - RDE","#77 Daniel Taylor - DT","#76 Brian Hampton - RDE","#57 Charles Huntington - MLB","#90 Mathew Whiteside - MLB",,"#51 John Villanueva - WLB","#24 Allen Danforth - CB","#29 Gregory Gross - CB",,,,"#39 Fred Ball - SS","#33 Ronald Toth - FS",,,,,,,,,,,,,,,,,,,,,,,,,,,,,,,,,,,,
ARZ,11:28,"SF. 14",3,3,2,"Shotgun Normal Short Attack","Nickel Normal Double WR1",3,21,3,"3-2-SF. 14 (11:27) 9-Richard Murray pass complete to 87-Christopher Davis to SF. 11 for 3 yards. Tackle by 29-Gregory Gross.","#9 Richard Murray - QB","#23 Joseph Vickers - RB",,,,"#84 Gregorio McEvoy - TE",,"#81 Brett Toland - WR","#15 George Cammack - WR","#87 Christopher Davis - WR",,,"#76 James Loftis - LT","#52 Paul Walters - LG","#64 Thomas Gleason - C","#61 Daniel Conaway - RG","#79 Don Schulz - RT",,"#97 Charles Rich - LDE",,"#91 James Ellis - RDE","#77 Daniel Taylor - DT","#76 Brian Hampton - RDE",,"#90 Mathew Whiteside - MLB",,"#51 John Villanueva - WLB","#24 Allen Danforth - CB","#29 Gregory Gross - CB",,"#39 Jeremy Whitehurst - CB",,"#39 Fred Ball - SS","#33 Ronald Toth - FS",,,,,,,,,,,,,,,,,,,,,,,,,,,,,,,,,,,,
ARZ,10:50,"SF. 11",3,1,10,"Singleback Normal PA Rollout","Nickel Normal Shallow Zone Deep",10,21,3,"1-10-SF. 11 (10:49) 9-Richard Murray pass complete to 84-Gregorio McEvoy to SF. 1 for 10 yards. Tackle by 90-Mathew Whiteside.","#9 Richard Murray - QB","#23 Joseph Vickers - RB",,,,"#84 Gregorio McEvoy - TE",,"#15 George Cammack - WR","#87 Christopher Davis - WR","#81 Brett Toland - WR",,,"#76 James Loftis - LT","#52 Paul Walters - LG","#64 Thomas Gleason - C","#61 Daniel Conaway - RG","#79 Don Schulz - RT",,"#97 Charles Rich - LDE",,"#91 James Ellis - RDE","#77 Daniel Taylor - DT","#76 Brian Hampton - RDE",,"#90 Mathew Whiteside - MLB",,"#51 John Villanueva - WLB","#24 Allen Danforth - CB","#29 Gregory Gross - CB",,"#39 Jeremy Whitehurst - CB",,"#39 Fred Ball - SS","#33 Ronald Toth - FS",,,,,,,,,,,,,,,,,,,,,,,,,,,,,,,,,,,,
ARZ,10:04,"SF. 1",3,2,,"Weak I Normal HB Inside Weak","4-3 Under Double Safety Blitz",1,27,3,"2-1-SF. 1 (10:03) 26-Richard Jackson ran to SF. 0 for 1 yards. TOUCHDOWN! ARZ 27 SF. 3","#9 Richard Murray - QB","#26 Richard Jackson - RB",,,"#25 Donald Goolsby - FB","#84 Gregorio McEvoy - TE",,"#81 Brett Toland - WR",,"#15 George Cammack - WR",,,"#76 James Loftis - LT","#52 Paul Walters - LG","#64 Thomas Gleason - C","#61 Daniel Conaway - RG","#79 Don Schulz - RT",,"#97 Charles Rich - LDE",,"#91 James Ellis - RDE","#77 Daniel Taylor - DT","#76 Brian Hampton - RDE","#57 Charles Huntington - MLB","#90 Mathew Whiteside - MLB",,"#51 John Villanueva - WLB","#24 Allen Danforth - CB","#29 Gregory Gross - CB",,,,"#39 Fred Ball - SS","#33 Ronald Toth - FS",,,,,,,,,,,,,,,,,,,,,,,,,,,,,,,,,,,,
ARZ,10:00,"SF. 15",3,7,15,"Field Goal","FG Block",26,28,3,"(10:01) Extra point GOOD by 17-Bryan Jones. ARZ 28 SF. 3",,,,,,,,,,,,,,,,,,,,,,,,,,,,,,,,,,,,"#5 James Frame - QB","#76 James Loftis - LT",,,,,,,,,,,,,,"#17 Bryan Jones - K","#52 Paul Walters - LG","#61 Daniel Conaway - RG","#72 James Price - RG","#79 Don Schulz - RT","#70 Donnell Thompson - LT","#74 Michael McBride - RT","#23 Joseph Vickers - RB","#25 Donald Goolsby - FB","#27 Timothy Skelly - CB","#24 Allen Danforth - CB","#29 Gregory Gross - CB","#39 Fred Ball - SS","#51 John Villanueva - WLB","#57 Charles Huntington - MLB","#95 Timothy Perry - MLB","#47 Jon Kutz - SS","#90 Mathew Whiteside - MLB","#39 Jeremy Whitehurst - CB","#43 Stephen Bias - SS"
ARZ,10:00,"ARZ 35",3,6,10,Kickoff,"Kick Return",,28,3,"(10:01) 17-Bryan Jones kicks 73 yards from ARZ 35 to SF. -8. Touchback.",,,,,,,,,,,,,,,,,,,,,,,,,,,,,,,,,,,,,,"#28 Ambrose Gorman - RB",,"#95 Timothy Perry - MLB","#47 Jon Kutz - SS","#29 Gregory Gross - CB","#33 Ronald Toth - FS","#24 Allen Danforth - CB","#43 Stephen Bias - SS","#27 Timothy Skelly - CB","#39 Fred Ball - SS","#39 Jeremy Whitehurst - CB","#90 Mathew Whiteside - MLB","#17 Bryan Jones - K",,,,,,,,,,,,,,,,,,,,
SF.,10:00,"SF. 25",3,1,10,"I Formation Normal FL Hook","4-3 Under Crash Left",,28,3,"1-10-SF. 25 (10:01) 9-Joshua Helsley pass incomplete, intended for 34-Robert Wolford. I think that ball started to slip out of his hand as he threw it. The offense seems to be calling that play a lot.","#9 Joshua Helsley - QB","#28 Ambrose Gorman - RB",,,"#34 Robert Wolford - FB","#82 Joseph Wilmer - TE",,"#11 Robert Jordan - WR",,"#18 William Giles - WR",,,"#79 Daniel Trahan - LT","#65 Franklin Fitzgerald - LG","#52 Christopher Engle - C","#59 Michael Shrewsbury - RG","#78 Henry Sunderman - RT",,"#92 Walter Miller - DT",,"#75 Leonard Anderson - DT","#59 Peter Rancourt - DT","#99 Gerard Asher - LDE","#55 Henry Camacho - SLB","#57 Rodney Greene - MLB",,"#97 David Melton - WLB","#40 James Valenti - CB","#20 Richard Reyer - CB",,,,"#28 Daniel Vidrine - SS","#1 Earnest Mackenzie - FS",,,,,,,,,,,,,,,,,,,,,,,,,,,,,,,,,,,,
SF.,9:58,"SF. 25",3,2,10,"I Formation Normal PA Outside Curls","4-3 Under Double Safety Blitz",9,28,3,"2-10-SF. 25 (9:59) 9-Joshua Helsley pass complete to 84-Jarred Giles to SF. 34 for 9 yards. Tackle by 40-James Valenti.","#9 Joshua Helsley - QB","#28 Ambrose Gorman - RB",,,"#34 Robert Wolford - FB","#82 Joseph Wilmer - TE",,"#84 Jarred Giles - WR",,"#49 George May - WR",,,"#79 Daniel Trahan - LT","#65 Franklin Fitzgerald - LG","#52 Christopher Engle - C","#59 Michael Shrewsbury - RG","#78 Henry Sunderman - RT",,"#99 Gerard Asher - LDE",,"#75 Leonard Anderson - DT","#92 Walter Miller - DT","#96 Howard Doane - RDE","#53 Richard Koontz - SLB","#95 Walter McBride - MLB",,"#97 David Melton - WLB","#40 James Valenti - CB","#45 Benjamin Salazar - CB",,,,"#41 Chris Phillips - SS","#21 Terrell Washington - FS",,,,,,,,,,,,,,,,,,,,,,,,,,,,,,,,,,,,
SF.,9:24,"SF. 34",3,3,1,"I Formation Normal PA Outside Curls","4-3 Under Crash Left",-8,28,3,"3-1-SF. 34 (9:23) 9-Joshua Helsley sacked at SF. 27 for -8 yards (92-Walter Miller). Sack allowed by 65-Franklin Fitzgerald.","#9 Joshua Helsley - QB","#28 Ambrose Gorman - RB",,,"#34 Robert Wolford - FB","#82 Joseph Wilmer - TE",,"#11 Robert Jordan - WR",,"#18 William Giles - WR",,,"#79 Daniel Trahan - LT","#65 Franklin Fitzgerald - LG","#52 Christopher Engle - C","#59 Michael Shrewsbury - RG","#78 Henry Sunderman - RT",,"#71 Dennis Flynn - LDE",,"#75 Leonard Anderson - DT","#92 Walter Miller - DT","#91 Richard Robinson - RDE","#53 Richard Koontz - SLB","#57 Rodney Greene - MLB",,"#97 David Melton - WLB","#20 Richard Reyer - CB","#45 Benjamin Salazar - CB",,,,"#41 Chris Phillips - SS","#1 Earnest Mackenzie - FS",,,,,,,,,,,,,,,,,,,,,,,,,,,,,,,,,,,,
SF.,8:42,"SF. 27",3,4,8,Punt,"Punt Return",38,28,3,"4-8-SF. 27 (8:41) 7-Julius Manzo punts 38 yards to ARZ 35.",,,,,,,,,,,,,,,,,,"#7 Julius Manzo - P",,,,,,,,,,,,,,,,,,,"#66 Alfredo Owens - LT",,"#23 Joseph Vickers - RB",,,"#41 Chris Phillips - SS","#56 Anthony Payne - WLB","#71 Dennis Flynn - LDE",,"#1 Earnest Mackenzie - FS","#20 Richard Reyer - CB",,"#96 Howard Doane - RDE",,,,"#52 Christopher Engle - C","#34 Robert Wolford - FB","#78 Henry Sunderman - RT","#79 Daniel Trahan - LT","#48 Ross Ramirez - FB","#74 William Caouette - LG",,"#91 Richard Robinson - RDE","#75 Leonard Anderson - DT","#53 Richard Koontz - SLB","#95 Walter McBride - MLB",,,,,,,
ARZ,8:32,"ARZ 35",3,1,10,"Weak I Normal Skinny Posts","4-3 Under Strong Blitz Outside",7,28,3,"1-10-ARZ 35 (8:33) 9-Richard Murray pass complete to 84-Gregorio McEvoy to ARZ 42 for 7 yards. Tackle by 51-John Villanueva.","#9 Richard Murray - QB","#26 Richard Jackson - RB",,,"#25 Donald Goolsby - FB","#84 Gregorio McEvoy - TE",,"#87 Christopher Davis - WR",,"#15 George Cammack - WR",,,"#76 James Loftis - LT","#52 Paul Walters - LG","#64 Thomas Gleason - C","#61 Daniel Conaway - RG","#79 Don Schulz - RT",,"#97 Charles Rich - LDE",,"#91 James Ellis - RDE","#77 Daniel Taylor - DT","#76 Brian Hampton - RDE","#57 Charles Huntington - MLB","#90 Mathew Whiteside - MLB",,"#51 John Villanueva - WLB","#39 Jeremy Whitehurst - CB","#43 Stephen Bias - SS",,,,"#39 Fred Ball - SS","#33 Ronald Toth - FS",,,,,,,,,,,,,,,,,,,,,,,,,,,,,,,,,,,,
ARZ,7:58,"ARZ 42",3,2,3,"Singleback Normal WR Post","Nickel 3-3-5 3 Deep MLB Blitz",1,28,3,"2-3-ARZ 42 (7:57) 9-Richard Murray pass complete to 26-Richard Jackson to ARZ 43 for 1 yards. Tackle by 24-Allen Danforth.","#9 Richard Murray - QB","#26 Richard Jackson - RB",,,,"#84 Gregorio McEvoy - TE",,"#87 Christopher Davis - WR","#81 Brett Toland - WR","#15 George Cammack - WR",,,"#76 James Loftis - LT","#52 Paul Walters - LG","#64 Thomas Gleason - C","#61 Daniel Conaway - RG","#79 Don Schulz - RT",,"#97 Charles Rich - LDE",,"#91 James Ellis - RDE",,"#76 Brian Hampton - RDE","#57 Charles Huntington - MLB","#90 Mathew Whiteside - MLB",,"#51 John Villanueva - WLB","#24 Allen Danforth - CB","#29 Gregory Gross - CB",,"#39 Jeremy Whitehurst - CB",,"#39 Fred Ball - SS","#33 Ronald Toth - FS",,,,,,,,,,,,,,,,,,,,,,,,,,,,,,,,,,,,
ARZ,7:23,"ARZ 43",3,3,2,"Singleback Normal PA Rollout","Nickel Strong 2 Deep Man Under",-5,28,3,"3-2-ARZ 43 (7:22) 9-Richard Murray sacked at ARZ 38 for -5 yards (97-Charles Rich). Sack allowed by 79-Don Schulz.","#9 Richard Murray - QB","#23 Joseph Vickers - RB",,,,"#84 Gregorio McEvoy - TE",,"#87 Christopher Davis - WR","#81 Brett Toland - WR","#15 George Cammack - WR",,,"#76 James Loftis - LT","#52 Paul Walters - LG","#64 Thomas Gleason - C","#61 Daniel Conaway - RG","#79 Don Schulz - RT",,"#97 Charles Rich - LDE",,"#91 James Ellis - RDE","#77 Daniel Taylor - DT","#76 Brian Hampton - RDE",,"#90 Mathew Whiteside - MLB",,"#51 John Villanueva - WLB","#39 Jeremy Whitehurst - CB","#43 Stephen Bias - SS",,"#27 Robert Culp - CB",,"#39 Fred Ball - SS","#33 Ronald Toth - FS",,,,,,,,,,,,,,,,,,,,,,,,,,,,,,,,,,,,
ARZ,6:40,"ARZ 38",3,4,7,Punt,"Punt Return",,28,3,"4-7-ARZ 38 (6:39) 6-Tim Woodall punts 51 yards to SF. 11. 28-Ambrose Gorman to SF. 21 for 10 yards. Tackle by 70-Donnell Thompson.",,,,,,,,,,,,,,,,,,"#6 Tim Woodall - P",,,,,,,,,,,,,,,,,,,"#76 James Loftis - LT",,"#28 Ambrose Gorman - RB",,,"#27 Timothy Skelly - CB","#95 Timothy Perry - MLB","#24 Allen Danforth - CB",,"#33 Ronald Toth - FS","#47 Jon Kutz - SS",,"#43 Stephen Bias - SS",,,,"#61 Daniel Conaway - RG","#72 James Price - RG","#79 Don Schulz - RT","#70 Donnell Thompson - LT","#74 Michael McBride - RT","#23 Joseph Vickers - RB",,"#39 Jeremy Whitehurst - CB","#29 Gregory Gross - CB","#39 Fred Ball - SS","#90 Mathew Whiteside - MLB",,,,,,,
SF.,6:29,"SF. 21",3,1,10,"I Formation Normal FL Hook","4-3 Under Crash Right",,28,3,"1-10-SF. 21 (6:30) 9-Joshua Helsley pass Pass knocked down by 40-James Valenti. incomplete, intended for 11-Robert Jordan. The offense seems to be calling that play a lot.","#9 Joshua Helsley - QB","#28 Ambrose Gorman - RB",,,"#34 Robert Wolford - FB","#82 Joseph Wilmer - TE",,"#11 Robert Jordan - WR",,"#18 William Giles - WR",,,"#79 Daniel Trahan - LT","#65 Franklin Fitzgerald - LG","#52 Christopher Engle - C","#59 Michael Shrewsbury - RG","#78 Henry Sunderman - RT",,"#71 Dennis Flynn - LDE",,"#75 Leonard Anderson - DT","#92 Walter Miller - DT","#91 Richard Robinson - RDE","#53 Richard Koontz - SLB","#57 Rodney Greene - MLB",,"#97 David Melton - WLB","#40 James Valenti - CB","#20 Richard Reyer - CB",,,,"#28 Daniel Vidrine - SS","#21 Terrell Washington - FS",,,,,,,,,,,,,,,,,,,,,,,,,,,,,,,,,,,,
SF.,6:26,"SF. 21",3,2,10,"I Formation 3WR SE Post","Nickel Strong 3 Deep Zone Under",13,28,3,"2-10-SF. 21 (6:27) 9-Joshua Helsley pass complete to 28-Ambrose Gorman to SF. 34 for 13 yards.","#9 Joshua Helsley - QB","#28 Ambrose Gorman - RB",,,"#34 Robert Wolford - FB",,,"#84 Jarred Giles - WR","#11 Robert Jordan - WR","#49 George May - WR",,,"#79 Daniel Trahan - LT","#65 Franklin Fitzgerald - LG","#52 Christopher Engle - C","#59 Michael Shrewsbury - RG","#78 Henry Sunderman - RT",,"#71 Dennis Flynn - LDE",,"#75 Leonard Anderson - DT","#92 Walter Miller - DT","#91 Richard Robinson - RDE",,"#95 Walter McBride - MLB",,"#97 David Melton - WLB","#40 James Valenti - CB","#20 Richard Reyer - CB",,"#45 Benjamin Salazar - CB",,"#41 Chris Phillips - SS","#1 Earnest Mackenzie - FS",,,,,,,,,,,,,,,,,,,,,,,,,,,,,,,,,,,,
SF.,5:49,"SF. 34",3,1,10,"I Formation Normal PA Fullback Flat","4-3 Normal 4 Deep Zone",,28,3,"1-10-SF. 34 (5:48) 9-Joshua Helsley pass incomplete, intended for 34-Robert Wolford.","#9 Joshua Helsley - QB","#10 Donald Kolb - RB",,,"#34 Robert Wolford - FB","#82 Joseph Wilmer - TE",,"#18 William Giles - WR",,"#84 Jarred Giles - WR",,,"#79 Daniel Trahan - LT","#65 Franklin Fitzgerald - LG","#52 Christopher Engle - C","#59 Michael Shrewsbury - RG","#78 Henry Sunderman - RT",,"#99 Gerard Asher - LDE",,"#92 Walter Miller - DT","#59 Peter Rancourt - DT","#91 Richard Robinson - RDE","#53 Richard Koontz - SLB","#57 Rodney Greene - MLB",,"#56 Anthony Payne - WLB","#40 James Valenti - CB","#45 Benjamin Salazar - CB",,,,"#28 Daniel Vidrine - SS","#1 Earnest Mackenzie - FS",,,,,,,,,,,,,,,,,,,,,,,,,,,,,,,,,,,,
SF.,5:46,"SF. 34",3,2,10,"Shotgun Normal Double Outs","Nickel Strong 1 Deep Man Under",1,28,3,"2-10-SF. 34 (5:47) 9-Joshua Helsley pass complete to 49-George May to SF. 35 for 1 yards. Tackle by 1-Earnest Mackenzie. Great move by 49-George May to get free of his coverage.","#9 Joshua Helsley - QB","#10 Donald Kolb - RB",,,,"#82 Joseph Wilmer - TE",,"#18 William Giles - WR","#49 George May - WR","#84 Jarred Giles - WR",,,"#79 Daniel Trahan - LT","#65 Franklin Fitzgerald - LG","#52 Christopher Engle - C","#59 Michael Shrewsbury - RG","#78 Henry Sunderman - RT",,"#71 Dennis Flynn - LDE",,"#75 Leonard Anderson - DT","#92 Walter Miller - DT","#91 Richard Robinson - RDE",,"#95 Walter McBride - MLB",,"#97 David Melton - WLB","#40 James Valenti - CB","#20 Richard Reyer - CB",,"#45 Benjamin Salazar - CB",,"#41 Chris Phillips - SS","#1 Earnest Mackenzie - FS",,,,,,,,,,,,,,,,,,,,,,,,,,,,,,,,,,,,
SF.,5:09,"SF. 35",3,3,9,"Shotgun Normal HB Flare","Nickel Normal 2 Deep",,28,3,"3-9-SF. 35 (5:08) 9-Joshua Helsley pass Pass knocked down by 40-James Valenti. incomplete, intended for 84-Jarred Giles.","#9 Joshua Helsley - QB","#28 Ambrose Gorman - RB",,,,"#82 Joseph Wilmer - TE",,"#11 Robert Jordan - WR","#84 Jarred Giles - WR","#18 William Giles - WR",,,"#79 Daniel Trahan - LT","#65 Franklin Fitzgerald - LG","#52 Christopher Engle - C","#59 Michael Shrewsbury - RG","#78 Henry Sunderman - RT",,"#99 Gerard Asher - LDE",,"#92 Walter Miller - DT","#59 Peter Rancourt - DT","#91 Richard Robinson - RDE",,"#57 Rodney Greene - MLB",,"#56 Anthony Payne - WLB","#45 Benjamin Salazar - CB","#21 Terrell Washington - FS",,"#40 James Valenti - CB",,"#28 Daniel Vidrine - SS","#1 Earnest Mackenzie - FS",,,,,,,,,,,,,,,,,,,,,,,,,,,,,,,,,,,,
SF.,5:04,"SF. 35",3,4,9,Punt,"Punt Return",,28,3,"4-9-SF. 35 (5:05) 7-Julius Manzo punts 41 yards to ARZ 24. Fair Catch by 23-Joseph Vickers.",,,,,,,,,,,,,,,,,,"#7 Julius Manzo - P",,,,,,,,,,,,,,,,,,,"#66 Alfredo Owens - LT",,"#23 Joseph Vickers - RB",,,"#95 Walter McBride - MLB","#1 Earnest Mackenzie - FS","#41 Chris Phillips - SS",,"#91 Richard Robinson - RDE","#20 Richard Reyer - CB",,"#96 Howard Doane - RDE",,,,"#52 Christopher Engle - C","#34 Robert Wolford - FB","#78 Henry Sunderman - RT","#79 Daniel Trahan - LT","#48 Ross Ramirez - FB","#74 William Caouette - LG",,"#56 Anthony Payne - WLB","#71 Dennis Flynn - LDE","#75 Leonard Anderson - DT","#53 Richard Koontz - SLB",,,,,,,
ARZ,4:57,"ARZ 24",3,1,10,"Shotgun Normal TE Out","Nickel Strong 2 Deep Man Under",8,28,3,"1-10-ARZ 24 (4:58) 9-Richard Murray pass complete to 84-Gregorio McEvoy to ARZ 32 for 8 yards. Tackle by 90-Mathew Whiteside.","#9 Richard Murray - QB","#26 Richard Jackson - RB",,,,"#84 Gregorio McEvoy - TE",,"#81 Brett Toland - WR","#15 George Cammack - WR","#87 Christopher Davis - WR",,,"#76 James Loftis - LT","#52 Paul Walters - LG","#64 Thomas Gleason - C","#61 Daniel Conaway - RG","#79 Don Schulz - RT",,"#97 Charles Rich - LDE",,"#91 James Ellis - RDE","#77 Daniel Taylor - DT","#76 Brian Hampton - RDE",,"#90 Mathew Whiteside - MLB",,"#51 John Villanueva - WLB","#24 Allen Danforth - CB","#29 Gregory Gross - CB",,"#39 Jeremy Whitehurst - CB",,"#39 Fred Ball - SS","#33 Ronald Toth - FS",,,,,,,,,,,,,,,,,,,,,,,,,,,,,,,,,,,,
,4:55,,3,2,2,,,,28,3,"Timeout ARZ",,,,,,,,,,,,,,,,,,,,,,,,,,,,,,,,,,,,,,,,,,,,,,,,,,,,,,,,,,,,,,,,,,,,,,
ARZ,4:20,"ARZ 32",3,2,2,"Singleback Big HB Curls TE Deep","4-3 Under 2 Deep Flat Outside",6,28,3,"2-2-ARZ 32 (4:21) 9-Richard Murray pass complete to 15-George Cammack to ARZ 37 for 6 yards. Tackle by 29-Gregory Gross.","#9 Richard Murray - QB","#23 Joseph Vickers - RB",,,,"#84 Gregorio McEvoy - TE","#26 Richard Jackson - RB","#87 Christopher Davis - WR",,"#15 George Cammack - WR",,,"#76 James Loftis - LT","#52 Paul Walters - LG","#64 Thomas Gleason - C","#61 Daniel Conaway - RG","#79 Don Schulz - RT",,"#97 Charles Rich - LDE",,"#91 James Ellis - RDE","#77 Daniel Taylor - DT","#76 Brian Hampton - RDE","#57 Charles Huntington - MLB","#90 Mathew Whiteside - MLB",,"#51 John Villanueva - WLB","#24 Allen Danforth - CB","#29 Gregory Gross - CB",,,,"#39 Fred Ball - SS","#33 Ronald Toth - FS",,,,,,,,,,,,,,,,,,,,,,,,,,,,,,,,,,,,
ARZ,3:46,"ARZ 37",3,1,10,"I Formation Normal HB Draw","4-3 Under Strong Blitz Outside",11,28,3,"1-10-ARZ 37 (3:45) 26-Richard Jackson ran to ARZ 48 for 11 yards. Tackle by 39-Fred Ball.","#9 Richard Murray - QB","#26 Richard Jackson - RB",,,"#25 Donald Goolsby - FB","#84 Gregorio McEvoy - TE",,"#87 Christopher Davis - WR",,"#15 George Cammack - WR",,,"#76 James Loftis - LT","#52 Paul Walters - LG","#64 Thomas Gleason - C","#61 Daniel Conaway - RG","#79 Don Schulz - RT",,"#97 Charles Rich - LDE",,"#91 James Ellis - RDE","#77 Daniel Taylor - DT","#76 Brian Hampton - RDE","#57 Charles Huntington - MLB","#90 Mathew Whiteside - MLB",,"#51 John Villanueva - WLB","#24 Allen Danforth - CB","#29 Gregory Gross - CB",,,,"#39 Fred Ball - SS","#33 Ronald Toth - FS",,,,,,,,,,,,,,,,,,,,,,,,,,,,,,,,,,,,
ARZ,3:00,"ARZ 48",3,1,10,"I Formation Normal HB Dive","46 Normal Inside Blitz",-0,28,3,"1-10-ARZ 48 (2:59) 27-John Maria ran to ARZ 48 for a short loss. Tackle by 57-Charles Huntington.","#9 Richard Murray - QB","#27 John Maria - RB",,,"#25 Donald Goolsby - FB","#84 Gregorio McEvoy - TE",,"#15 George Cammack - WR",,"#81 Brett Toland - WR",,,"#76 James Loftis - LT","#52 Paul Walters - LG","#64 Thomas Gleason - C","#61 Daniel Conaway - RG","#79 Don Schulz - RT",,"#97 Charles Rich - LDE",,"#91 James Ellis - RDE","#77 Daniel Taylor - DT","#76 Brian Hampton - RDE","#57 Charles Huntington - MLB","#90 Mathew Whiteside - MLB",,"#51 John Villanueva - WLB","#24 Allen Danforth - CB","#29 Gregory Gross - CB",,,,"#39 Fred Ball - SS","#33 Ronald Toth - FS",,,,,,,,,,,,,,,,,,,,,,,,,,,,,,,,,,,,
ARZ,2:28,"ARZ 48",3,2,10,"Weak I Normal WR Corner TE Middle","4-3 Under 2 Deep Flat Outside",11,28,3,"2-10-ARZ 48 (2:27) 9-Richard Murray pass complete to 23-Joseph Vickers to SF. 41 for 11 yards. Tackle by 24-Allen Danforth.","#9 Richard Murray - QB","#23 Joseph Vickers - RB",,,"#25 Donald Goolsby - FB","#84 Gregorio McEvoy - TE",,"#87 Christopher Davis - WR",,"#15 George Cammack - WR",,,"#76 James Loftis - LT","#52 Paul Walters - LG","#64 Thomas Gleason - C","#61 Daniel Conaway - RG","#79 Don Schulz - RT",,"#97 Charles Rich - LDE",,"#91 James Ellis - RDE","#77 Daniel Taylor - DT","#76 Brian Hampton - RDE","#57 Charles Huntington - MLB","#90 Mathew Whiteside - MLB",,"#51 John Villanueva - WLB","#24 Allen Danforth - CB","#29 Gregory Gross - CB",,,,"#39 Fred Ball - SS","#33 Ronald Toth - FS",,,,,,,,,,,,,,,,,,,,,,,,,,,,,,,,,,,,
ARZ,1:47,"SF. 41",3,1,10,"I Formation Normal Curl & Post","4-3 Under Strong Blitz Outside",8,28,3,"1-10-SF. 41 (1:46) 9-Richard Murray pass complete to 84-Gregorio McEvoy to SF. 33 for 8 yards. Tackle by 51-John Villanueva.","#9 Richard Murray - QB","#26 Richard Jackson - RB",,,"#25 Donald Goolsby - FB","#84 Gregorio McEvoy - TE",,"#81 Brett Toland - WR",,"#87 Christopher Davis - WR",,,"#70 Donnell Thompson - LT","#52 Paul Walters - LG","#64 Thomas Gleason - C","#61 Daniel Conaway - RG","#79 Don Schulz - RT",,"#97 Charles Rich - LDE",,"#91 James Ellis - RDE","#77 Daniel Taylor - DT","#76 Brian Hampton - RDE","#57 Charles Huntington - MLB","#90 Mathew Whiteside - MLB",,"#51 John Villanueva - WLB","#24 Allen Danforth - CB","#29 Gregory Gross - CB",,,,"#39 Fred Ball - SS","#33 Ronald Toth - FS",,,,,,,,,,,,,,,,,,,,,,,,,,,,,,,,,,,,
ARZ,1:04,"SF. 33",3,2,2,"I Formation Normal HB Draw","46 Normal Inside Blitz",-0,28,3,"2-2-SF. 33 (1:03) 26-Richard Jackson ran to SF. 33 for a short loss. Tackle by 57-Charles Huntington. PENALTY - Offsides (SF. 76-Brian Hampton)","#9 Richard Murray - QB","#26 Richard Jackson - RB",,,"#25 Donald Goolsby - FB","#84 Gregorio McEvoy - TE",,"#15 George Cammack - WR",,"#81 Brett Toland - WR",,,"#76 James Loftis - LT","#52 Paul Walters - LG","#64 Thomas Gleason - C","#61 Daniel Conaway - RG","#79 Don Schulz - RT",,"#97 Charles Rich - LDE",,"#91 James Ellis - RDE","#77 Daniel Taylor - DT","#76 Brian Hampton - RDE","#57 Charles Huntington - MLB","#90 Mathew Whiteside - MLB",,"#51 John Villanueva - WLB","#24 Allen Danforth - CB","#29 Gregory Gross - CB",,,,"#39 Fred Ball - SS","#33 Ronald Toth - FS",,,,,,,,,,,,,,,,,,,,,,,,,,,,,,,,,,,,
ARZ,1:00,"SF. 28",3,1,10,"Singleback Big Off Tackle Strong","4-3 Under Double Safety Blitz",1,28,3,"1-10-SF. 28 (1:01) 27-John Maria ran to SF. 27 for 1 yards. Tackle by 39-Fred Ball.","#9 Richard Murray - QB","#27 John Maria - RB",,,,"#84 Gregorio McEvoy - TE","#26 Richard Jackson - RB","#87 Christopher Davis - WR",,"#15 George Cammack - WR",,,"#76 James Loftis - LT","#52 Paul Walters - LG","#64 Thomas Gleason - C","#61 Daniel Conaway - RG","#79 Don Schulz - RT",,"#97 Charles Rich - LDE",,"#91 James Ellis - RDE","#77 Daniel Taylor - DT","#76 Brian Hampton - RDE","#57 Charles Huntington - MLB","#90 Mathew Whiteside - MLB",,"#51 John Villanueva - WLB","#24 Allen Danforth - CB","#29 Gregory Gross - CB",,,,"#39 Fred Ball - SS","#33 Ronald Toth - FS",,,,,,,,,,,,,,,,,,,,,,,,,,,,,,,,,,,,
ARZ,0:23,"SF. 27",3,2,9,"Singleback Normal PA Rollout","Nickel Strong 2 Deep Man Under",,28,3,"2-9-SF. 27 (0:22) 9-Richard Murray pass Pass knocked down by 90-Mathew Whiteside. incomplete, intended for 84-Gregorio McEvoy.","#9 Richard Murray - QB","#23 Joseph Vickers - RB",,,,"#84 Gregorio McEvoy - TE",,"#87 Christopher Davis - WR","#81 Brett Toland - WR","#15 George Cammack - WR",,,"#76 James Loftis - LT","#52 Paul Walters - LG","#64 Thomas Gleason - C","#61 Daniel Conaway - RG","#79 Don Schulz - RT",,"#97 Charles Rich - LDE",,"#91 James Ellis - RDE","#77 Daniel Taylor - DT","#76 Brian Hampton - RDE",,"#90 Mathew Whiteside - MLB",,"#51 John Villanueva - WLB","#24 Allen Danforth - CB","#29 Gregory Gross - CB",,"#39 Jeremy Whitehurst - CB",,"#39 Fred Ball - SS","#33 Ronald Toth - FS",,,,,,,,,,,,,,,,,,,,,,,,,,,,,,,,,,,,
ARZ,0:17,"SF. 27",3,3,9,"I Formation Normal TE Flag","46 Normal Inside Blitz",8,28,3,"3-9-SF. 27 (0:18) 9-Richard Murray pass complete to 87-Christopher Davis to SF. 19 for 8 yards. Tackle by 29-Gregory Gross. 87-Christopher Davis did some fancy footwork there. Pressure by 97-Charles Rich.","#9 Richard Murray - QB","#26 Richard Jackson - RB",,,"#25 Donald Goolsby - FB","#84 Gregorio McEvoy - TE",,"#81 Brett Toland - WR",,"#87 Christopher Davis - WR",,,"#76 James Loftis - LT","#52 Paul Walters - LG","#64 Thomas Gleason - C","#61 Daniel Conaway - RG","#79 Don Schulz - RT",,"#97 Charles Rich - LDE",,"#91 James Ellis - RDE","#77 Daniel Taylor - DT","#76 Brian Hampton - RDE","#57 Charles Huntington - MLB","#90 Mathew Whiteside - MLB",,"#51 John Villanueva - WLB","#24 Allen Danforth - CB","#29 Gregory Gross - CB",,,,"#39 Fred Ball - SS","#27 Robert Culp - CB",,,,,,,,,,,,,,,,,,,,,,,,,,,,,,,,,,,,
,0:00,,3,4,1,,,,28,3,"End of third quarter.",,,,,,,,,,,,,,,,,,,,,,,,,,,,,,,,,,,,,,,,,,,,,,,,,,,,,,,,,,,,,,,,,,,,,,
ARZ,15:00,"SF. 19",4,4,1,"Field Goal","FG Block",29,31,3,"4-1-SF. 19 (15:00) 17-Bryan Jones 36 yard field goal is GOOD. ARZ 31 SF. 3",,,,,,,,,,,,,,,,,,,,,,,,,,,,,,,,,,,,"#5 James Frame - QB","#61 Daniel Conaway - RG",,,,,,,,,,,,,,"#17 Bryan Jones - K","#60 Michael Warren - LG","#23 Joseph Vickers - RB","#72 James Price - RG","#76 James Loftis - LT","#70 Donnell Thompson - LT","#74 Michael McBride - RT","#79 Don Schulz - RT","#52 Paul Walters - LG","#90 Mathew Whiteside - MLB","#29 Gregory Gross - CB","#39 Fred Ball - SS","#27 Timothy Skelly - CB","#24 Allen Danforth - CB","#51 John Villanueva - WLB","#57 Charles Huntington - MLB","#39 Jeremy Whitehurst - CB","#47 Jon Kutz - SS","#43 Stephen Bias - SS","#95 Timothy Perry - MLB"
ARZ,14:56,"ARZ 35",4,6,10,Kickoff,"Kick Return",,31,3,"(14:57) 17-Bryan Jones kicks 66 yards from ARZ 35 to SF. -1. Touchback.",,,,,,,,,,,,,,,,,,,,,,,,,,,,,,,,,,,,,,"#28 Ambrose Gorman - RB",,"#95 Timothy Perry - MLB","#47 Jon Kutz - SS","#29 Gregory Gross - CB","#33 Ronald Toth - FS","#24 Allen Danforth - CB","#43 Stephen Bias - SS","#27 Timothy Skelly - CB","#39 Fred Ball - SS","#39 Jeremy Whitehurst - CB","#90 Mathew Whiteside - MLB","#17 Bryan Jones - K",,,,,,,,,,,,,,,,,,,,
SF.,14:56,"SF. 25",4,1,10,"I Formation Normal PA Fullback Flat","46 Normal Weak Blitz",,31,3,"1-10-SF. 25 (14:57) 9-Joshua Helsley pass Pass knocked down by 55-Henry Camacho. incomplete, intended for 82-Joseph Wilmer.","#9 Joshua Helsley - QB","#28 Ambrose Gorman - RB",,,"#34 Robert Wolford - FB","#82 Joseph Wilmer - TE",,"#11 Robert Jordan - WR",,"#18 William Giles - WR",,,"#79 Daniel Trahan - LT","#65 Franklin Fitzgerald - LG","#52 Christopher Engle - C","#59 Michael Shrewsbury - RG","#78 Henry Sunderman - RT",,"#92 Walter Miller - DT",,"#75 Leonard Anderson - DT","#59 Peter Rancourt - DT","#99 Gerard Asher - LDE","#55 Henry Camacho - SLB","#57 Rodney Greene - MLB",,"#97 David Melton - WLB","#40 James Valenti - CB","#45 Benjamin Salazar - CB",,,,"#28 Daniel Vidrine - SS","#21 Terrell Washington - FS",,,,,,,,,,,,,,,,,,,,,,,,,,,,,,,,,,,,
SF.,14:54,"SF. 25",4,2,10,"I Formation Normal FL Hook","4-3 Under Double Safety Blitz",,31,3,"2-10-SF. 25 (14:55) 9-Joshua Helsley pass INTERCEPTED by 20-Richard Reyer at SF. 34. 20-Richard Reyer to SF. 33 for 1 yards. Tackle by 49-George May. The offense seems to be calling that play a lot.","#9 Joshua Helsley - QB","#28 Ambrose Gorman - RB",,,"#34 Robert Wolford - FB","#82 Joseph Wilmer - TE",,"#84 Jarred Giles - WR",,"#49 George May - WR",,,"#79 Daniel Trahan - LT","#65 Franklin Fitzgerald - LG","#52 Christopher Engle - C","#59 Michael Shrewsbury - RG","#78 Henry Sunderman - RT",,"#99 Gerard Asher - LDE",,"#75 Leonard Anderson - DT","#92 Walter Miller - DT","#96 Howard Doane - RDE","#53 Richard Koontz - SLB","#95 Walter McBride - MLB",,"#97 David Melton - WLB","#40 James Valenti - CB","#20 Richard Reyer - CB",,,,"#41 Chris Phillips - SS","#1 Earnest Mackenzie - FS",,,,,,,,,,,,,,,,,,,,,,,,,,,,,,,,,,,,
ARZ,14:51,"SF. 33",4,1,10,"Shotgun Normal HB Sweep","Nickel Strong 2 Deep Man Under",9,31,3,"1-10-SF. 33 (14:51) 23-Joseph Vickers ran to SF. 25 for 9 yards. Tackle by 39-Fred Ball.","#9 Richard Murray - QB","#23 Joseph Vickers - RB",,,,"#84 Gregorio McEvoy - TE",,"#81 Brett Toland - WR","#15 George Cammack - WR","#87 Christopher Davis - WR",,,"#76 James Loftis - LT","#52 Paul Walters - LG","#64 Thomas Gleason - C","#61 Daniel Conaway - RG","#79 Don Schulz - RT",,"#97 Charles Rich - LDE",,"#91 James Ellis - RDE","#77 Daniel Taylor - DT","#76 Brian Hampton - RDE",,"#90 Mathew Whiteside - MLB",,"#51 John Villanueva - WLB","#24 Allen Danforth - CB","#29 Gregory Gross - CB",,"#39 Jeremy Whitehurst - CB",,"#39 Fred Ball - SS","#33 Ronald Toth - FS",,,,,,,,,,,,,,,,,,,,,,,,,,,,,,,,,,,,
ARZ,14:18,"SF. 25",4,2,1,"I Formation Normal HB Dive","46 Normal Inside Blitz",1,31,3,"2-1-SF. 25 (14:17) 26-Richard Jackson ran to SF. 23 for 1 yards. Tackle by 57-Charles Huntington.","#9 Richard Murray - QB","#26 Richard Jackson - RB",,,"#25 Donald Goolsby - FB","#84 Gregorio McEvoy - TE",,"#87 Christopher Davis - WR",,"#15 George Cammack - WR",,,"#76 James Loftis - LT","#52 Paul Walters - LG","#64 Thomas Gleason - C","#61 Daniel Conaway - RG","#74 Michael McBride - RT",,"#97 Charles Rich - LDE",,"#91 James Ellis - RDE","#77 Daniel Taylor - DT","#76 Brian Hampton - RDE","#57 Charles Huntington - MLB","#90 Mathew Whiteside - MLB",,"#51 John Villanueva - WLB","#24 Allen Danforth - CB","#29 Gregory Gross - CB",,,,"#39 Fred Ball - SS","#33 Ronald Toth - FS",,,,,,,,,,,,,,,,,,,,,,,,,,,,,,,,,,,,
ARZ,13:37,"SF. 23",4,1,10,"Split Backs 3 Wide Off Tackle Strong","Nickel Normal Shallow Zone Deep",8,31,3,"1-10-SF. 23 (13:36) 26-Richard Jackson ran to SF. 15 for 8 yards. Tackle by 97-Charles Rich.","#9 Richard Murray - QB","#26 Richard Jackson - RB",,,"#25 Donald Goolsby - FB",,,"#87 Christopher Davis - WR","#81 Brett Toland - WR","#15 George Cammack - WR",,,"#76 James Loftis - LT","#52 Paul Walters - LG","#64 Thomas Gleason - C","#61 Daniel Conaway - RG","#79 Don Schulz - RT",,"#97 Charles Rich - LDE",,"#91 James Ellis - RDE","#77 Daniel Taylor - DT","#76 Brian Hampton - RDE",,"#90 Mathew Whiteside - MLB",,"#51 John Villanueva - WLB","#24 Allen Danforth - CB","#29 Gregory Gross - CB",,"#39 Jeremy Whitehurst - CB",,"#39 Fred Ball - SS","#33 Ronald Toth - FS",,,,,,,,,,,,,,,,,,,,,,,,,,,,,,,,,,,,
ARZ,13:02,"SF. 15",4,2,2,"Singleback Normal HB Counter Weak","Nickel Normal Shallow Zone Deep",15,37,3,"2-2-SF. 15 (13:01) 23-Joseph Vickers ran for 15 yards. TOUCHDOWN! ARZ 37 SF. 3","#9 Richard Murray - QB","#23 Joseph Vickers - RB",,,,"#84 Gregorio McEvoy - TE",,"#87 Christopher Davis - WR","#81 Brett Toland - WR","#15 George Cammack - WR",,,"#76 James Loftis - LT","#52 Paul Walters - LG","#64 Thomas Gleason - C","#61 Daniel Conaway - RG","#74 Michael McBride - RT",,"#97 Charles Rich - LDE",,"#91 James Ellis - RDE","#77 Daniel Taylor - DT","#76 Brian Hampton - RDE",,"#90 Mathew Whiteside - MLB",,"#51 John Villanueva - WLB","#24 Allen Danforth - CB","#29 Gregory Gross - CB",,"#39 Jeremy Whitehurst - CB",,"#39 Fred Ball - SS","#33 Ronald Toth - FS",,,,,,,,,,,,,,,,,,,,,,,,,,,,,,,,,,,,
ARZ,12:54,"SF. 15",4,7,15,"Field Goal","FG Block",25,38,3,"(12:55) Extra point GOOD by 17-Bryan Jones. ARZ 38 SF. 3",,,,,,,,,,,,,,,,,,,,,,,,,,,,,,,,,,,,"#5 James Frame - QB","#76 James Loftis - LT",,,,,,,,,,,,,,"#17 Bryan Jones - K","#25 Donald Goolsby - FB","#61 Daniel Conaway - RG","#72 James Price - RG","#79 Don Schulz - RT","#70 Donnell Thompson - LT","#74 Michael McBride - RT","#23 Joseph Vickers - RB","#84 Gregorio McEvoy - TE","#27 Timothy Skelly - CB","#24 Allen Danforth - CB","#29 Gregory Gross - CB","#39 Fred Ball - SS","#51 John Villanueva - WLB","#57 Charles Huntington - MLB","#95 Timothy Perry - MLB","#47 Jon Kutz - SS","#90 Mathew Whiteside - MLB","#39 Jeremy Whitehurst - CB","#43 Stephen Bias - SS"
ARZ,12:54,"ARZ 35",4,6,10,Kickoff,"Kick Return",,38,3,"(12:55) 17-Bryan Jones kicks 71 yards from ARZ 35 to SF. -6. 28-Ambrose Gorman to SF. 23 for 29 yards. Tackle by 40-James Valenti.",,,,,,,,,,,,,,,,,,,,,,,,,,,,,,,,,,,,,,"#28 Ambrose Gorman - RB",,"#95 Timothy Perry - MLB","#47 Jon Kutz - SS","#29 Gregory Gross - CB","#33 Ronald Toth - FS","#24 Allen Danforth - CB","#43 Stephen Bias - SS","#27 Timothy Skelly - CB","#39 Fred Ball - SS","#39 Jeremy Whitehurst - CB","#90 Mathew Whiteside - MLB","#17 Bryan Jones - K",,,,,,,,,,,,,,,,,,,,
SF.,12:50,"SF. 23",4,1,10,"I Formation Normal PA Fullback Flat","4-3 Under Double LB Blitz",5,38,3,"1-10-SF. 23 (12:51) 9-Joshua Helsley pass complete to 82-Joseph Wilmer to SF. 28 for 5 yards. Tackle by 21-Terrell Washington. Nice job by 82-Joseph Wilmer on that route to lose his coverage.","#9 Joshua Helsley - QB","#10 Donald Kolb - RB",,,"#34 Robert Wolford - FB","#82 Joseph Wilmer - TE",,"#11 Robert Jordan - WR",,"#18 William Giles - WR",,,"#79 Daniel Trahan - LT","#65 Franklin Fitzgerald - LG","#52 Christopher Engle - C","#59 Michael Shrewsbury - RG","#78 Henry Sunderman - RT",,"#92 Walter Miller - DT",,"#75 Leonard Anderson - DT","#59 Peter Rancourt - DT","#99 Gerard Asher - LDE","#55 Henry Camacho - SLB","#57 Rodney Greene - MLB",,"#97 David Melton - WLB","#45 Benjamin Salazar - CB","#1 Earnest Mackenzie - FS",,,,"#28 Daniel Vidrine - SS","#21 Terrell Washington - FS",,,,,,,,,,,,,,,,,,,,,,,,,,,,,,,,,,,,
SF.,12:34,"SF. 28",4,2,5,"I Formation Normal PA Fullback Flat","4-3 Normal 3 Deep Zone Under",14,38,3,"2-5-SF. 28 (12:33) 9-Joshua Helsley pass complete to 49-George May to SF. 42 for 14 yards. Tackle by 97-David Melton.","#9 Joshua Helsley - QB","#28 Ambrose Gorman - RB",,,"#34 Robert Wolford - FB","#82 Joseph Wilmer - TE",,"#84 Jarred Giles - WR",,"#49 George May - WR",,,"#79 Daniel Trahan - LT","#65 Franklin Fitzgerald - LG","#52 Christopher Engle - C","#59 Michael Shrewsbury - RG","#78 Henry Sunderman - RT",,"#71 Dennis Flynn - LDE",,"#75 Leonard Anderson - DT","#92 Walter Miller - DT","#91 Richard Robinson - RDE","#53 Richard Koontz - SLB","#95 Walter McBride - MLB",,"#97 David Melton - WLB","#40 James Valenti - CB","#20 Richard Reyer - CB",,,,"#41 Chris Phillips - SS","#1 Earnest Mackenzie - FS",,,,,,,,,,,,,,,,,,,,,,,,,,,,,,,,,,,,
SF.,12:12,"SF. 42",4,1,10,"I Formation Normal FL Hook","46 Normal Weak Blitz",5,38,3,"1-10-SF. 42 (12:11) 9-Joshua Helsley pass complete to 11-Robert Jordan to SF. 47 for 5 yards. Tackle by 40-James Valenti.","#9 Joshua Helsley - QB","#28 Ambrose Gorman - RB",,,"#34 Robert Wolford - FB","#82 Joseph Wilmer - TE",,"#11 Robert Jordan - WR",,"#18 William Giles - WR",,,"#79 Daniel Trahan - LT","#65 Franklin Fitzgerald - LG","#52 Christopher Engle - C","#59 Michael Shrewsbury - RG","#78 Henry Sunderman - RT",,"#71 Dennis Flynn - LDE",,"#75 Leonard Anderson - DT","#92 Walter Miller - DT","#91 Richard Robinson - RDE","#53 Richard Koontz - SLB","#95 Walter McBride - MLB",,"#97 David Melton - WLB","#40 James Valenti - CB","#20 Richard Reyer - CB",,,,"#41 Chris Phillips - SS","#1 Earnest Mackenzie - FS",,,,,,,,,,,,,,,,,,,,,,,,,,,,,,,,,,,,
SF.,11:52,"SF. 47",4,2,5,"Goal Line Normal PA TE Drag","Goal Line 3 Deep Man",3,38,3,"2-5-SF. 47 (11:51) 9-Joshua Helsley pass complete to 34-Robert Wolford to ARZ 50 for 3 yards. Tackle by 91-Richard Robinson. Great move by 34-Robert Wolford to get free of his coverage.","#9 Joshua Helsley - QB","#28 Ambrose Gorman - RB",,"#10 Donald Kolb - RB","#34 Robert Wolford - FB","#82 Joseph Wilmer - TE","#48 Ross Ramirez - FB",,,,,,"#79 Daniel Trahan - LT","#65 Franklin Fitzgerald - LG","#52 Christopher Engle - C","#59 Michael Shrewsbury - RG","#78 Henry Sunderman - RT",,"#71 Dennis Flynn - LDE","#99 Gerard Asher - LDE","#75 Leonard Anderson - DT","#92 Walter Miller - DT","#91 Richard Robinson - RDE","#55 Henry Camacho - SLB","#57 Rodney Greene - MLB",,"#97 David Melton - WLB","#40 James Valenti - CB","#45 Benjamin Salazar - CB",,,,"#28 Daniel Vidrine - SS",,,,,,,,,,,,,,,,,,,,,,,,,,,,,,,,,,,,,
SF.,11:31,"ARZ 50",4,3,2,"Shotgun Normal HB Flare","Nickel Normal 2 Deep",8,38,3,"3-2-ARZ 50 (11:30) 9-Joshua Helsley pass complete to 28-Ambrose Gorman to ARZ 42 for 8 yards. Tackle by 56-Anthony Payne. 28-Ambrose Gorman did some fancy footwork there. SF. 59-Michael Shrewsbury was injured on the play.","#9 Joshua Helsley - QB","#28 Ambrose Gorman - RB",,,,"#48 Ross Ramirez - FB",,"#84 Jarred Giles - WR","#11 Robert Jordan - WR","#49 George May - WR",,,"#79 Daniel Trahan - LT","#65 Franklin Fitzgerald - LG","#52 Christopher Engle - C","#59 Michael Shrewsbury - RG","#78 Henry Sunderman - RT",,"#71 Dennis Flynn - LDE",,"#75 Leonard Anderson - DT","#92 Walter Miller - DT","#96 Howard Doane - RDE",,"#95 Walter McBride - MLB",,"#56 Anthony Payne - WLB","#20 Richard Reyer - CB","#45 Benjamin Salazar - CB",,"#28 Daniel Vidrine - SS",,"#41 Chris Phillips - SS","#21 Terrell Washington - FS",,,,,,,,,,,,,,,,,,,,,,,,,,,,,,,,,,,,
SF.,11:07,"ARZ 42",4,1,10,"Goal Line Normal PA TE Drag","Goal Line 3 Deep Man",3,38,3,"1-10-ARZ 42 (11:06) 9-Joshua Helsley pass complete to 48-Ross Ramirez to ARZ 39 for 3 yards. Tackle by 1-Earnest Mackenzie. Great move by 48-Ross Ramirez to get free of his coverage.","#9 Joshua Helsley - QB","#10 Donald Kolb - RB",,"#28 Ambrose Gorman - RB","#34 Robert Wolford - FB","#48 Ross Ramirez - FB","#82 Joseph Wilmer - TE",,,,,,"#79 Daniel Trahan - LT","#65 Franklin Fitzgerald - LG","#52 Christopher Engle - C","#74 William Caouette - LG","#78 Henry Sunderman - RT",,"#99 Gerard Asher - LDE","#59 Peter Rancourt - DT","#75 Leonard Anderson - DT","#71 Dennis Flynn - LDE","#92 Walter Miller - DT","#53 Richard Koontz - SLB","#57 Rodney Greene - MLB",,"#56 Anthony Payne - WLB","#1 Earnest Mackenzie - FS","#40 James Valenti - CB",,,,"#21 Terrell Washington - FS",,,,,,,,,,,,,,,,,,,,,,,,,,,,,,,,,,,,,
SF.,10:47,"ARZ 39",4,2,7,"I Formation Normal PA Outside Curls","4-3 Under Crash Left",,38,3,"2-7-ARZ 39 (10:46) 9-Joshua Helsley pass incomplete, intended for 18-William Giles.","#9 Joshua Helsley - QB","#10 Donald Kolb - RB",,,"#34 Robert Wolford - FB","#48 Ross Ramirez - FB",,"#18 William Giles - WR",,"#84 Jarred Giles - WR",,,"#79 Daniel Trahan - LT","#65 Franklin Fitzgerald - LG","#52 Christopher Engle - C","#74 William Caouette - LG","#78 Henry Sunderman - RT",,"#71 Dennis Flynn - LDE",,"#75 Leonard Anderson - DT","#92 Walter Miller - DT","#91 Richard Robinson - RDE","#53 Richard Koontz - SLB","#57 Rodney Greene - MLB",,"#97 David Melton - WLB","#20 Richard Reyer - CB","#45 Benjamin Salazar - CB",,,,"#28 Daniel Vidrine - SS","#21 Terrell Washington - FS",,,,,,,,,,,,,,,,,,,,,,,,,,,,,,,,,,,,
SF.,10:42,"ARZ 39",4,3,7,"Goal Line Normal PA TE Drag","Goal Line 3 Deep Man",4,38,3,"3-7-ARZ 39 (10:43) 9-Joshua Helsley pass complete to 34-Robert Wolford to ARZ 35 for 4 yards. Tackle by 1-Earnest Mackenzie.","#9 Joshua Helsley - QB","#10 Donald Kolb - RB",,"#28 Ambrose Gorman - RB","#34 Robert Wolford - FB","#48 Ross Ramirez - FB","#82 Joseph Wilmer - TE",,,,,,"#79 Daniel Trahan - LT","#65 Franklin Fitzgerald - LG","#52 Christopher Engle - C","#74 William Caouette - LG","#78 Henry Sunderman - RT",,"#71 Dennis Flynn - LDE","#99 Gerard Asher - LDE","#75 Leonard Anderson - DT","#59 Peter Rancourt - DT","#96 Howard Doane - RDE","#55 Henry Camacho - SLB","#95 Walter McBride - MLB",,"#56 Anthony Payne - WLB","#1 Earnest Mackenzie - FS","#40 James Valenti - CB",,,,"#28 Daniel Vidrine - SS",,,,,,,,,,,,,,,,,,,,,,,,,,,,,,,,,,,,,
SF.,10:21,"ARZ 35",4,4,2,"Field Goal","FG Block",45,38,6,"4-2-ARZ 35 (10:20) 12-Jamar Mitchell 53 yard field goal is GOOD. ARZ 38 SF. 6",,,,,,,,,,,,,,,,,,,,,,,,,,,,,,,,,,,,"#8 Milton Kratzer - QB","#66 Alfredo Owens - LT",,,,,,,,,,,,,,"#12 Jamar Mitchell - K","#34 Robert Wolford - FB","#65 Franklin Fitzgerald - LG","#74 William Caouette - LG","#78 Henry Sunderman - RT","#79 Daniel Trahan - LT","#52 Christopher Engle - C","#53 Jessie Snider - LG","#48 Ross Ramirez - FB","#91 Richard Robinson - RDE","#71 Dennis Flynn - LDE","#75 Leonard Anderson - DT","#53 Richard Koontz - SLB","#92 Walter Miller - DT","#96 Howard Doane - RDE","#56 Anthony Payne - WLB","#99 Gerard Asher - LDE","#41 Chris Phillips - SS","#51 Floyd Anderson - MLB","#95 Walter McBride - MLB"
SF.,10:16,"SF. 35",4,6,10,Kickoff,"Kick Return",,38,6,"(10:17) 12-Jamar Mitchell kicks 68 yards from SF. 35 to ARZ -3. Touchback.",,,,,,,,,,,,,,,,,,,,,,,,,,,,,,,,,,,,,,"#23 Joseph Vickers - RB",,"#26 Richard Jackson - RB","#95 Walter McBride - MLB","#41 Chris Phillips - SS","#20 Richard Reyer - CB","#71 Dennis Flynn - LDE","#96 Howard Doane - RDE","#1 Earnest Mackenzie - FS","#53 Richard Koontz - SLB","#56 Anthony Payne - WLB","#91 Richard Robinson - RDE","#12 Jamar Mitchell - K",,,,,,,,,,,,,,,,,,,,
ARZ,10:16,"ARZ 25",4,1,10,"Weak I Normal HB Inside Strong","46 Normal Inside Blitz",-1,38,6,"1-10-ARZ 25 (10:17) 27-John Maria ran to ARZ 24 for -1 yards. Tackle by 57-Charles Huntington.","#9 Richard Murray - QB","#27 John Maria - RB",,,"#25 Donald Goolsby - FB","#84 Gregorio McEvoy - TE",,"#87 Christopher Davis - WR",,"#15 George Cammack - WR",,,"#76 James Loftis - LT","#52 Paul Walters - LG","#64 Thomas Gleason - C","#61 Daniel Conaway - RG","#79 Don Schulz - RT",,"#97 Charles Rich - LDE",,"#91 James Ellis - RDE","#77 Daniel Taylor - DT","#76 Brian Hampton - RDE","#57 Charles Huntington - MLB","#90 Mathew Whiteside - MLB",,"#51 John Villanueva - WLB","#24 Allen Danforth - CB","#29 Gregory Gross - CB",,,,"#39 Fred Ball - SS","#33 Ronald Toth - FS",,,,,,,,,,,,,,,,,,,,,,,,,,,,,,,,,,,,
ARZ,9:43,"ARZ 24",4,2,11,"I Formation Twin WR Quick Outs","46 Normal Inside Blitz",5,38,6,"2-11-ARZ 24 (9:42) 9-Richard Murray pass complete to 87-Christopher Davis to ARZ 30 for 5 yards. Tackle by 24-Allen Danforth.","#9 Richard Murray - QB","#23 Joseph Vickers - RB",,,"#25 Donald Goolsby - FB","#84 Gregorio McEvoy - TE",,"#87 Christopher Davis - WR",,"#15 George Cammack - WR",,,"#76 James Loftis - LT","#52 Paul Walters - LG","#64 Thomas Gleason - C","#61 Daniel Conaway - RG","#79 Don Schulz - RT",,"#97 Charles Rich - LDE",,"#91 James Ellis - RDE","#77 Daniel Taylor - DT","#76 Brian Hampton - RDE","#57 Charles Huntington - MLB","#90 Mathew Whiteside - MLB",,"#51 John Villanueva - WLB","#24 Allen Danforth - CB","#29 Gregory Gross - CB",,,,"#39 Fred Ball - SS","#33 Ronald Toth - FS",,,,,,,,,,,,,,,,,,,,,,,,,,,,,,,,,,,,
ARZ,9:09,"ARZ 30",4,3,5,"Shotgun Normal HB Flare","Nickel Normal 3 Deep Man Under",,38,6,"3-5-ARZ 30 (9:08) 9-Richard Murray pass incomplete, dropped by 26-Richard Jackson.","#9 Richard Murray - QB","#26 Richard Jackson - RB",,,,"#84 Gregorio McEvoy - TE",,"#81 Brett Toland - WR","#15 George Cammack - WR","#87 Christopher Davis - WR",,,"#76 James Loftis - LT","#52 Paul Walters - LG","#64 Thomas Gleason - C","#61 Daniel Conaway - RG","#79 Don Schulz - RT",,"#97 Charles Rich - LDE",,"#91 James Ellis - RDE","#77 Daniel Taylor - DT","#76 Brian Hampton - RDE",,"#90 Mathew Whiteside - MLB",,"#51 John Villanueva - WLB","#24 Allen Danforth - CB","#29 Gregory Gross - CB",,"#39 Jeremy Whitehurst - CB",,"#39 Fred Ball - SS","#33 Ronald Toth - FS",,,,,,,,,,,,,,,,,,,,,,,,,,,,,,,,,,,,
ARZ,9:02,"ARZ 30",4,4,5,Punt,"Punt Return",42,38,6,"4-5-ARZ 30 (9:03) 6-Tim Woodall punts 42 yards to SF. 28. SF. 24-Allen Danforth was injured on the play.",,,,,,,,,,,,,,,,,,"#6 Tim Woodall - P",,,,,,,,,,,,,,,,,,,"#76 James Loftis - LT",,"#28 Ambrose Gorman - RB",,,"#27 Timothy Skelly - CB","#95 Timothy Perry - MLB","#29 Gregory Gross - CB",,"#33 Ronald Toth - FS","#43 Stephen Bias - SS",,"#39 Jeremy Whitehurst - CB",,,,"#61 Daniel Conaway - RG","#72 James Price - RG","#79 Don Schulz - RT","#70 Donnell Thompson - LT","#74 Michael McBride - RT","#23 Joseph Vickers - RB",,"#47 Jon Kutz - SS","#24 Allen Danforth - CB","#39 Fred Ball - SS","#90 Mathew Whiteside - MLB",,,,,,,
SF.,8:55,"SF. 28",4,1,10,"I Formation Normal PA Outside Curls","46 Normal Weak Blitz",6,38,6,"1-10-SF. 28 (8:56) 9-Joshua Helsley pass complete to 28-Ambrose Gorman to SF. 34 for 6 yards. Tackle by 28-Daniel Vidrine. PENALTY - Facemask (ARZ 53-Richard Koontz)","#9 Joshua Helsley - QB","#28 Ambrose Gorman - RB",,,"#34 Robert Wolford - FB","#82 Joseph Wilmer - TE",,"#11 Robert Jordan - WR",,"#18 William Giles - WR",,,"#79 Daniel Trahan - LT","#65 Franklin Fitzgerald - LG","#52 Christopher Engle - C","#74 William Caouette - LG","#78 Henry Sunderman - RT",,"#99 Gerard Asher - LDE",,"#75 Leonard Anderson - DT","#92 Walter Miller - DT","#91 Richard Robinson - RDE","#53 Richard Koontz - SLB","#57 Rodney Greene - MLB",,"#97 David Melton - WLB","#40 James Valenti - CB","#20 Richard Reyer - CB",,,,"#28 Daniel Vidrine - SS","#1 Earnest Mackenzie - FS",,,,,,,,,,,,,,,,,,,,,,,,,,,,,,,,,,,,
SF.,8:53,"SF. 49",4,1,10,"I Formation Normal PA Fullback Flat","4-3 Normal 3 Deep Zone Under",4,38,6,"1-10-SF. 49 (8:54) 9-Joshua Helsley pass complete to 34-Robert Wolford to ARZ 47 for 4 yards. Tackle by 57-Rodney Greene.","#9 Joshua Helsley - QB","#28 Ambrose Gorman - RB",,,"#34 Robert Wolford - FB","#82 Joseph Wilmer - TE",,"#84 Jarred Giles - WR",,"#49 George May - WR",,,"#79 Daniel Trahan - LT","#65 Franklin Fitzgerald - LG","#52 Christopher Engle - C","#74 William Caouette - LG","#78 Henry Sunderman - RT",,"#99 Gerard Asher - LDE",,"#75 Leonard Anderson - DT","#92 Walter Miller - DT","#91 Richard Robinson - RDE","#53 Richard Koontz - SLB","#57 Rodney Greene - MLB",,"#97 David Melton - WLB","#40 James Valenti - CB","#20 Richard Reyer - CB",,,,"#28 Daniel Vidrine - SS","#1 Earnest Mackenzie - FS",,,,,,,,,,,,,,,,,,,,,,,,,,,,,,,,,,,,
SF.,8:34,"ARZ 47",4,2,6,"I Formation Normal FL Hook","4-3 Under Double LB Blitz",,38,6,"2-6-ARZ 47 (8:33) 9-Joshua Helsley pass Pass knocked down by 20-Richard Reyer. incomplete, intended for 18-William Giles. The defense seems to be getting familiar with that play. ARZ 99-Gerard Asher was injured on the play. PENALTY - Pass Interference (ARZ 20-Richard Reyer)","#9 Joshua Helsley - QB","#28 Ambrose Gorman - RB",,,"#34 Robert Wolford - FB","#82 Joseph Wilmer - TE",,"#11 Robert Jordan - WR",,"#18 William Giles - WR",,,"#79 Daniel Trahan - LT","#65 Franklin Fitzgerald - LG","#52 Christopher Engle - C","#74 William Caouette - LG","#78 Henry Sunderman - RT",,"#99 Gerard Asher - LDE",,"#75 Leonard Anderson - DT","#92 Walter Miller - DT","#96 Howard Doane - RDE","#53 Richard Koontz - SLB","#95 Walter McBride - MLB",,"#97 David Melton - WLB","#40 James Valenti - CB","#20 Richard Reyer - CB",,,,"#41 Chris Phillips - SS","#1 Earnest Mackenzie - FS",,,,,,,,,,,,,,,,,,,,,,,,,,,,,,,,,,,,
SF.,8:27,"ARZ 40",4,1,10,"Goal Line Normal PA TE Drag","Goal Line 3 Deep Man",10,38,6,"1-10-ARZ 40 (8:28) 9-Joshua Helsley pass complete to 34-Robert Wolford to ARZ 30 for 10 yards. Tackle by 91-Richard Robinson.","#9 Joshua Helsley - QB","#28 Ambrose Gorman - RB",,"#10 Donald Kolb - RB","#34 Robert Wolford - FB","#82 Joseph Wilmer - TE","#48 Ross Ramirez - FB",,,,,,"#79 Daniel Trahan - LT","#65 Franklin Fitzgerald - LG","#52 Christopher Engle - C","#59 Michael Shrewsbury - RG","#78 Henry Sunderman - RT",,"#71 Dennis Flynn - LDE","#96 Howard Doane - RDE","#75 Leonard Anderson - DT","#92 Walter Miller - DT","#91 Richard Robinson - RDE","#55 Henry Camacho - SLB","#95 Walter McBride - MLB",,"#97 David Melton - WLB","#40 James Valenti - CB","#20 Richard Reyer - CB",,,,"#28 Daniel Vidrine - SS",,,,,,,,,,,,,,,,,,,,,,,,,,,,,,,,,,,,,
SF.,8:09,"ARZ 30",4,1,10,"Shotgun Normal HB Flare","Nickel Normal 2 Deep",,38,6,"1-10-ARZ 30 (8:08) 9-Joshua Helsley pass Pass knocked down by 57-Rodney Greene. incomplete, intended for 48-Ross Ramirez.","#9 Joshua Helsley - QB","#28 Ambrose Gorman - RB",,,,"#48 Ross Ramirez - FB",,"#84 Jarred Giles - WR","#11 Robert Jordan - WR","#49 George May - WR",,,"#79 Daniel Trahan - LT","#65 Franklin Fitzgerald - LG","#52 Christopher Engle - C","#59 Michael Shrewsbury - RG","#78 Henry Sunderman - RT",,"#71 Dennis Flynn - LDE",,"#75 Leonard Anderson - DT","#59 Peter Rancourt - DT","#92 Walter Miller - DT",,"#57 Rodney Greene - MLB",,"#56 Anthony Payne - WLB","#45 Benjamin Salazar - CB","#21 Terrell Washington - FS",,"#28 Daniel Vidrine - SS",,"#41 Chris Phillips - SS","#1 Earnest Mackenzie - FS",,,,,,,,,,,,,,,,,,,,,,,,,,,,,,,,,,,,
SF.,8:05,"ARZ 30",4,2,10,"Shotgun Normal HB Flare","Nickel Normal Double WR1",,38,6,"2-10-ARZ 30 (8:06) 9-Joshua Helsley pass incomplete, intended for 84-Jarred Giles. The offense has gone to that play a few too many times.","#9 Joshua Helsley - QB","#10 Donald Kolb - RB",,,,"#48 Ross Ramirez - FB",,"#18 William Giles - WR","#49 George May - WR","#84 Jarred Giles - WR",,,"#79 Daniel Trahan - LT","#65 Franklin Fitzgerald - LG","#52 Christopher Engle - C","#59 Michael Shrewsbury - RG","#78 Henry Sunderman - RT",,"#71 Dennis Flynn - LDE",,"#75 Leonard Anderson - DT","#92 Walter Miller - DT","#96 Howard Doane - RDE",,"#57 Rodney Greene - MLB",,"#56 Anthony Payne - WLB","#40 James Valenti - CB","#20 Richard Reyer - CB",,"#1 Earnest Mackenzie - FS",,"#45 Benjamin Salazar - CB","#21 Terrell Washington - FS",,,,,,,,,,,,,,,,,,,,,,,,,,,,,,,,,,,,
SF.,8:01,"ARZ 30",4,3,10,"Shotgun Normal HB Flare","Nickel Normal Man Cover 2",,38,6,"3-10-ARZ 30 (8:02) 9-Joshua Helsley pass Pass knocked down by 40-James Valenti. incomplete, intended for 84-Jarred Giles. The defense seems to be getting familiar with that play. SF. 59-Michael Shrewsbury was injured on the play.","#9 Joshua Helsley - QB","#28 Ambrose Gorman - RB",,,,"#82 Joseph Wilmer - TE",,"#11 Robert Jordan - WR","#84 Jarred Giles - WR","#18 William Giles - WR",,,"#79 Daniel Trahan - LT","#65 Franklin Fitzgerald - LG","#52 Christopher Engle - C","#59 Michael Shrewsbury - RG","#78 Henry Sunderman - RT",,"#59 Peter Rancourt - DT",,"#92 Walter Miller - DT","#75 Leonard Anderson - DT","#91 Richard Robinson - RDE",,"#95 Walter McBride - MLB",,"#97 David Melton - WLB","#45 Benjamin Salazar - CB","#28 Daniel Vidrine - SS",,"#40 James Valenti - CB",,"#41 Chris Phillips - SS","#21 Terrell Washington - FS",,,,,,,,,,,,,,,,,,,,,,,,,,,,,,,,,,,,
SF.,7:57,"ARZ 30",4,4,10,"Field Goal","FG Block",40,38,6,"4-10-ARZ 30 (7:58) 12-Jamar Mitchell 48 yard field goal is NO GOOD. (Wide Left)",,,,,,,,,,,,,,,,,,,,,,,,,,,,,,,,,,,,"#8 Milton Kratzer - QB","#66 Alfredo Owens - LT",,,,,,,,,,,,,,"#12 Jamar Mitchell - K","#53 Jessie Snider - LG","#52 Christopher Engle - C","#34 Robert Wolford - FB","#78 Henry Sunderman - RT","#79 Daniel Trahan - LT","#48 Ross Ramirez - FB","#74 William Caouette - LG","#65 Franklin Fitzgerald - LG","#56 Anthony Payne - WLB","#71 Dennis Flynn - LDE","#53 Richard Koontz - SLB","#91 Richard Robinson - RDE","#45 Benjamin Salazar - CB","#92 Walter Miller - DT","#41 Chris Phillips - SS","#96 Howard Doane - RDE","#51 Floyd Anderson - MLB","#75 Leonard Anderson - DT","#95 Walter McBride - MLB"
ARZ,7:54,"ARZ 37",4,1,10,"I Formation Normal PA Fullback Flat","46 Normal Inside Blitz",6,38,6,"1-10-ARZ 37 (7:55) 9-Richard Murray pass complete to 84-Gregorio McEvoy to ARZ 43 for 6 yards. Tackle by 39-Fred Ball. Nice job by 84-Gregorio McEvoy on that route to lose his coverage. 51-John Villanueva got away with a hold on that play.","#9 Richard Murray - QB","#23 Joseph Vickers - RB",,,"#25 Donald Goolsby - FB","#84 Gregorio McEvoy - TE",,"#87 Christopher Davis - WR",,"#15 George Cammack - WR",,,"#76 James Loftis - LT","#52 Paul Walters - LG","#64 Thomas Gleason - C","#61 Daniel Conaway - RG","#79 Don Schulz - RT",,"#97 Charles Rich - LDE",,"#91 James Ellis - RDE","#77 Daniel Taylor - DT","#76 Brian Hampton - RDE","#57 Charles Huntington - MLB","#90 Mathew Whiteside - MLB",,"#51 John Villanueva - WLB","#24 Allen Danforth - CB","#29 Gregory Gross - CB",,,,"#39 Fred Ball - SS","#33 Ronald Toth - FS",,,,,,,,,,,,,,,,,,,,,,,,,,,,,,,,,,,,
ARZ,7:16,"ARZ 43",4,2,4,"Weak I Normal Skinny Posts","4-3 Under 2 Deep Flat Outside",7,38,6,"2-4-ARZ 43 (7:15) 9-Richard Murray pass complete to 26-Richard Jackson to ARZ 50 for 7 yards. Tackle by 57-Charles Huntington. SF. 57-Charles Huntington was injured on the play.","#9 Richard Murray - QB","#26 Richard Jackson - RB",,,"#25 Donald Goolsby - FB","#84 Gregorio McEvoy - TE",,"#87 Christopher Davis - WR",,"#15 George Cammack - WR",,,"#76 James Loftis - LT","#52 Paul Walters - LG","#64 Thomas Gleason - C","#61 Daniel Conaway - RG","#79 Don Schulz - RT",,"#97 Charles Rich - LDE",,"#91 James Ellis - RDE","#77 Daniel Taylor - DT","#76 Brian Hampton - RDE","#57 Charles Huntington - MLB","#90 Mathew Whiteside - MLB",,"#51 John Villanueva - WLB","#24 Allen Danforth - CB","#29 Gregory Gross - CB",,,,"#39 Fred Ball - SS","#33 Ronald Toth - FS",,,,,,,,,,,,,,,,,,,,,,,,,,,,,,,,,,,,
ARZ,6:35,"ARZ 50",4,1,10,"I Formation Normal HB Dive","4-3 Under Strong Blitz Outside",51,44,6,"1-10-ARZ 50 (6:34) 23-Joseph Vickers ran for 50 yards. TOUCHDOWN! ARZ 44 SF. 6","#9 Richard Murray - QB","#23 Joseph Vickers - RB",,,"#25 Donald Goolsby - FB","#84 Gregorio McEvoy - TE",,"#87 Christopher Davis - WR",,"#15 George Cammack - WR",,,"#76 James Loftis - LT","#52 Paul Walters - LG","#64 Thomas Gleason - C","#61 Daniel Conaway - RG","#79 Don Schulz - RT",,"#97 Charles Rich - LDE",,"#91 James Ellis - RDE","#77 Daniel Taylor - DT","#76 Brian Hampton - RDE","#56 Herman Tedford - SLB","#90 Mathew Whiteside - MLB",,"#51 John Villanueva - WLB","#24 Allen Danforth - CB","#29 Gregory Gross - CB",,,,"#39 Fred Ball - SS","#33 Ronald Toth - FS",,,,,,,,,,,,,,,,,,,,,,,,,,,,,,,,,,,,
ARZ,6:24,"SF. 15",4,7,15,"Field Goal","FG Block",25,45,6,"(6:25) Extra point GOOD by 17-Bryan Jones. ARZ 45 SF. 6",,,,,,,,,,,,,,,,,,,,,,,,,,,,,,,,,,,,"#5 James Frame - QB","#76 James Loftis - LT",,,,,,,,,,,,,,"#17 Bryan Jones - K","#25 Donald Goolsby - FB","#61 Daniel Conaway - RG","#72 James Price - RG","#79 Don Schulz - RT","#70 Donnell Thompson - LT","#74 Michael McBride - RT","#23 Joseph Vickers - RB","#84 Gregorio McEvoy - TE","#90 Mathew Whiteside - MLB","#24 Allen Danforth - CB","#29 Gregory Gross - CB","#27 Timothy Skelly - CB","#94 Samual Scott - RDE","#39 Fred Ball - SS","#51 John Villanueva - WLB","#39 Jeremy Whitehurst - CB","#47 Jon Kutz - SS","#43 Stephen Bias - SS","#95 Timothy Perry - MLB"
ARZ,6:24,"ARZ 35",4,6,10,Kickoff,"Kick Return",,45,6,"(6:25) 17-Bryan Jones kicks 69 yards from ARZ 35 to SF. -4. Touchback.",,,,,,,,,,,,,,,,,,,,,,,,,,,,,,,,,,,,,,"#28 Ambrose Gorman - RB",,"#39 Fred Ball - SS","#43 Stephen Bias - SS","#29 Gregory Gross - CB","#47 Jon Kutz - SS","#24 Allen Danforth - CB","#39 Jeremy Whitehurst - CB","#27 Timothy Skelly - CB","#90 Mathew Whiteside - MLB","#95 Timothy Perry - MLB","#33 Ronald Toth - FS","#17 Bryan Jones - K",,,,,,,,,,,,,,,,,,,,
SF.,6:24,"SF. 25",4,1,10,"I Formation Normal PA Outside Curls","46 Normal Weak Blitz",,45,6,"1-10-SF. 25 (6:25) 9-Joshua Helsley pass Pass knocked down by 45-Benjamin Salazar. incomplete, intended for 11-Robert Jordan.","#9 Joshua Helsley - QB","#28 Ambrose Gorman - RB",,,"#34 Robert Wolford - FB","#82 Joseph Wilmer - TE",,"#11 Robert Jordan - WR",,"#18 William Giles - WR",,,"#79 Daniel Trahan - LT","#65 Franklin Fitzgerald - LG","#52 Christopher Engle - C","#74 William Caouette - LG","#78 Henry Sunderman - RT",,"#59 Peter Rancourt - DT",,"#75 Leonard Anderson - DT","#96 Howard Doane - RDE","#92 Walter Miller - DT","#55 Henry Camacho - SLB","#57 Rodney Greene - MLB",,"#97 David Melton - WLB","#45 Benjamin Salazar - CB","#40 James Valenti - CB",,,,"#28 Daniel Vidrine - SS","#21 Terrell Washington - FS",,,,,,,,,,,,,,,,,,,,,,,,,,,,,,,,,,,,
SF.,6:21,"SF. 25",4,2,10,"I Formation 3WR SE Post","Nickel Normal 2 Deep",,45,6,"2-10-SF. 25 (6:22) 9-Joshua Helsley pass incomplete, dropped by 84-Jarred Giles.","#9 Joshua Helsley - QB","#28 Ambrose Gorman - RB",,,"#34 Robert Wolford - FB",,,"#84 Jarred Giles - WR","#11 Robert Jordan - WR","#49 George May - WR",,,"#79 Daniel Trahan - LT","#65 Franklin Fitzgerald - LG","#52 Christopher Engle - C","#74 William Caouette - LG","#78 Henry Sunderman - RT",,"#59 Peter Rancourt - DT",,"#75 Leonard Anderson - DT","#71 Dennis Flynn - LDE","#92 Walter Miller - DT",,"#95 Walter McBride - MLB",,"#97 David Melton - WLB","#20 Richard Reyer - CB","#45 Benjamin Salazar - CB",,"#21 Terrell Washington - FS",,"#41 Chris Phillips - SS","#1 Earnest Mackenzie - FS",,,,,,,,,,,,,,,,,,,,,,,,,,,,,,,,,,,,
SF.,6:17,"SF. 25",4,3,10,"I Formation Normal FL Hook","46 Normal Weak Blitz",9,45,6,"3-10-SF. 25 (6:18) 9-Joshua Helsley pass complete to 18-William Giles to SF. 34 for 9 yards. Tackle by 53-Richard Koontz.","#9 Joshua Helsley - QB","#28 Ambrose Gorman - RB",,,"#34 Robert Wolford - FB","#82 Joseph Wilmer - TE",,"#18 William Giles - WR",,"#11 Robert Jordan - WR",,,"#79 Daniel Trahan - LT","#65 Franklin Fitzgerald - LG","#52 Christopher Engle - C","#74 William Caouette - LG","#78 Henry Sunderman - RT",,"#71 Dennis Flynn - LDE",,"#92 Walter Miller - DT","#59 Peter Rancourt - DT","#91 Richard Robinson - RDE","#53 Richard Koontz - SLB","#57 Rodney Greene - MLB",,"#97 David Melton - WLB","#40 James Valenti - CB","#20 Richard Reyer - CB",,,,"#28 Daniel Vidrine - SS","#1 Earnest Mackenzie - FS",,,,,,,,,,,,,,,,,,,,,,,,,,,,,,,,,,,,
SF.,6:00,"SF. 34",4,4,1,Punt,"Punt Return",,45,6,"4-1-SF. 34 (5:59) 7-Julius Manzo punts 49 yards to ARZ 17. Fair Catch by 23-Joseph Vickers.",,,,,,,,,,,,,,,,,,"#7 Julius Manzo - P",,,,,,,,,,,,,,,,,,,"#66 Alfredo Owens - LT",,"#23 Joseph Vickers - RB",,,"#41 Chris Phillips - SS","#20 Richard Reyer - CB","#71 Dennis Flynn - LDE",,"#91 Richard Robinson - RDE","#96 Howard Doane - RDE",,"#1 Earnest Mackenzie - FS",,,,"#52 Christopher Engle - C","#34 Robert Wolford - FB","#78 Henry Sunderman - RT","#79 Daniel Trahan - LT","#48 Ross Ramirez - FB","#74 William Caouette - LG",,"#56 Anthony Payne - WLB","#75 Leonard Anderson - DT","#53 Richard Koontz - SLB","#95 Walter McBride - MLB",,,,,,,
ARZ,5:51,"ARZ 17",4,1,10,"Singleback Normal HB Inside Weak","Nickel Normal Shallow Zone Deep",8,45,6,"1-10-ARZ 17 (5:52) 26-Richard Jackson ran to ARZ 24 for 8 yards. Tackle by 26-Jeremy Whitehurst.","#9 Richard Murray - QB","#26 Richard Jackson - RB",,,,"#84 Gregorio McEvoy - TE",,"#87 Christopher Davis - WR","#81 Brett Toland - WR","#15 George Cammack - WR",,,"#76 James Loftis - LT","#52 Paul Walters - LG","#64 Thomas Gleason - C","#61 Daniel Conaway - RG","#79 Don Schulz - RT",,"#97 Charles Rich - LDE",,"#91 James Ellis - RDE","#77 Daniel Taylor - DT","#76 Brian Hampton - RDE",,"#90 Mathew Whiteside - MLB",,"#51 John Villanueva - WLB","#24 Allen Danforth - CB","#29 Gregory Gross - CB",,"#39 Jeremy Whitehurst - CB",,"#39 Fred Ball - SS","#33 Ronald Toth - FS",,,,,,,,,,,,,,,,,,,,,,,,,,,,,,,,,,,,
ARZ,5:08,"ARZ 24",4,2,2,"Strong I Normal WR Post TE Out","46 Normal Inside Blitz",4,45,6,"2-2-ARZ 24 (5:07) 9-Richard Murray pass complete to 87-Christopher Davis to ARZ 28 for 4 yards. Tackle by 24-Allen Danforth. Pressure by 76-Brian Hampton.","#9 Richard Murray - QB","#23 Joseph Vickers - RB",,,"#25 Donald Goolsby - FB","#84 Gregorio McEvoy - TE",,"#87 Christopher Davis - WR",,"#15 George Cammack - WR",,,"#76 James Loftis - LT","#52 Paul Walters - LG","#64 Thomas Gleason - C","#61 Daniel Conaway - RG","#79 Don Schulz - RT",,"#97 Charles Rich - LDE",,"#91 James Ellis - RDE","#77 Daniel Taylor - DT","#76 Brian Hampton - RDE","#57 Charles Huntington - MLB","#90 Mathew Whiteside - MLB",,"#51 John Villanueva - WLB","#24 Allen Danforth - CB","#29 Gregory Gross - CB",,,,"#39 Fred Ball - SS","#33 Ronald Toth - FS",,,,,,,,,,,,,,,,,,,,,,,,,,,,,,,,,,,,
ARZ,4:26,"ARZ 28",4,1,10,"Strong I Normal WR Post TE Out","46 Normal Inside Blitz",,45,6,"1-10-ARZ 28 (4:25) 9-Richard Murray pass incomplete, dropped by 26-Richard Jackson. Excellent coverage on that play.","#9 Richard Murray - QB","#26 Richard Jackson - RB",,,"#25 Donald Goolsby - FB","#84 Gregorio McEvoy - TE",,"#87 Christopher Davis - WR",,"#15 George Cammack - WR",,,"#70 Donnell Thompson - LT","#52 Paul Walters - LG","#64 Thomas Gleason - C","#61 Daniel Conaway - RG","#79 Don Schulz - RT",,"#97 Charles Rich - LDE",,"#91 James Ellis - RDE","#77 Daniel Taylor - DT","#76 Brian Hampton - RDE","#57 Charles Huntington - MLB","#90 Mathew Whiteside - MLB",,"#51 John Villanueva - WLB","#24 Allen Danforth - CB","#29 Gregory Gross - CB",,,,"#39 Fred Ball - SS","#33 Ronald Toth - FS",,,,,,,,,,,,,,,,,,,,,,,,,,,,,,,,,,,,
ARZ,4:21,"ARZ 28",4,2,10,"I Formation Power PA Flats","Goal Line 3 Deep Man",10,45,6,"2-10-ARZ 28 (4:22) 9-Richard Murray ran to ARZ 38 for 10 yards. 9-Richard Murray slides to avoid being hit.","#9 Richard Murray - QB","#27 John Maria - RB",,"#23 Joseph Vickers - RB","#25 Donald Goolsby - FB","#84 Gregorio McEvoy - TE",,"#15 George Cammack - WR",,,,,"#76 James Loftis - LT","#52 Paul Walters - LG","#64 Thomas Gleason - C","#61 Daniel Conaway - RG","#79 Don Schulz - RT",,"#97 Charles Rich - LDE","#62 Francis Gutierrez - LDE","#91 James Ellis - RDE","#77 Daniel Taylor - DT","#76 Brian Hampton - RDE","#57 Charles Huntington - MLB","#90 Mathew Whiteside - MLB",,"#51 John Villanueva - WLB","#24 Allen Danforth - CB","#29 Gregory Gross - CB",,,,"#39 Fred Ball - SS",,,,,,,,,,,,,,,,,,,,,,,,,,,,,,,,,,,,,
ARZ,3:43,"ARZ 38",4,3,,"I Formation Twin WR Hook Ins","46 Normal Inside Blitz",7,45,6,"3-1-ARZ 38 (3:42) 9-Richard Murray pass complete to 81-Brett Toland to ARZ 44 for 7 yards. Tackle by 47-Jon Kutz. Great move by 81-Brett Toland to get free of his coverage.","#9 Richard Murray - QB","#26 Richard Jackson - RB",,,"#25 Donald Goolsby - FB","#84 Gregorio McEvoy - TE",,"#87 Christopher Davis - WR",,"#81 Brett Toland - WR",,,"#70 Donnell Thompson - LT","#52 Paul Walters - LG","#64 Thomas Gleason - C","#65 Gerardo Phillips - RG","#74 Michael McBride - RT",,"#97 Charles Rich - LDE",,"#91 James Ellis - RDE","#77 Daniel Taylor - DT","#76 Brian Hampton - RDE","#57 Charles Huntington - MLB","#90 Mathew Whiteside - MLB",,"#51 John Villanueva - WLB","#29 Gregory Gross - CB","#39 Jeremy Whitehurst - CB",,,,"#47 Jon Kutz - SS","#33 Ronald Toth - FS",,,,,,,,,,,,,,,,,,,,,,,,,,,,,,,,,,,,
ARZ,3:06,"ARZ 44",4,1,10,"Split Backs 3 Wide Dive Left","Nickel Strong 2 Deep Man Under",11,45,6,"1-10-ARZ 44 (3:05) 27-John Maria ran to SF. 45 for 11 yards. Tackle by 39-Fred Ball.","#9 Richard Murray - QB","#26 Richard Jackson - RB",,,"#27 John Maria - RB",,,"#87 Christopher Davis - WR","#15 George Cammack - WR","#81 Brett Toland - WR",,,"#76 James Loftis - LT","#52 Paul Walters - LG","#64 Thomas Gleason - C","#61 Daniel Conaway - RG","#79 Don Schulz - RT",,"#97 Charles Rich - LDE",,"#91 James Ellis - RDE","#77 Daniel Taylor - DT","#76 Brian Hampton - RDE",,"#90 Mathew Whiteside - MLB",,"#51 John Villanueva - WLB","#24 Allen Danforth - CB","#39 Jeremy Whitehurst - CB",,"#43 Stephen Bias - SS",,"#39 Fred Ball - SS","#33 Ronald Toth - FS",,,,,,,,,,,,,,,,,,,,,,,,,,,,,,,,,,,,
ARZ,2:32,"SF. 45",4,1,10,"Singleback Normal HB Counter Weak","Nickel Strong 2 Deep Man Under",-2,45,6,"1-10-SF. 45 (2:31) 25-Donald Goolsby ran to SF. 47 for -2 yards. Tackle by 76-Brian Hampton.","#9 Richard Murray - QB","#25 Donald Goolsby - FB",,,,"#84 Gregorio McEvoy - TE",,"#87 Christopher Davis - WR","#15 George Cammack - WR","#81 Brett Toland - WR",,,"#76 James Loftis - LT","#52 Paul Walters - LG","#64 Thomas Gleason - C","#61 Daniel Conaway - RG","#79 Don Schulz - RT",,"#97 Charles Rich - LDE",,"#91 James Ellis - RDE","#77 Daniel Taylor - DT","#76 Brian Hampton - RDE",,"#90 Mathew Whiteside - MLB",,"#51 John Villanueva - WLB","#29 Gregory Gross - CB","#39 Jeremy Whitehurst - CB",,"#43 Stephen Bias - SS",,"#39 Fred Ball - SS","#33 Ronald Toth - FS",,,,,,,,,,,,,,,,,,,,,,,,,,,,,,,,,,,,
,2:00,,4,2,12,,,,45,6,"Timeout for two minute warning.",,,,,,,,,,,,,,,,,,,,,,,,,,,,,,,,,,,,,,,,,,,,,,,,,,,,,,,,,,,,,,,,,,,,,,
ARZ,2:00,"SF. 47",4,2,12,"Weak I Normal HB Inside Strong","4-3 Normal LB Blitz Under Zone",11,45,6,"2-12-SF. 47 (2:00) 23-Joseph Vickers ran to SF. 35 for 11 yards. Tackle by 39-Fred Ball.","#9 Richard Murray - QB","#23 Joseph Vickers - RB",,,"#26 Richard Jackson - RB","#84 Gregorio McEvoy - TE",,"#87 Christopher Davis - WR",,"#15 George Cammack - WR",,,"#76 James Loftis - LT","#52 Paul Walters - LG","#64 Thomas Gleason - C","#61 Daniel Conaway - RG","#79 Don Schulz - RT",,"#97 Charles Rich - LDE",,"#91 James Ellis - RDE","#77 Daniel Taylor - DT","#76 Brian Hampton - RDE","#57 Charles Huntington - MLB","#90 Mathew Whiteside - MLB",,"#51 John Villanueva - WLB","#24 Allen Danforth - CB","#29 Gregory Gross - CB",,,,"#39 Fred Ball - SS","#33 Ronald Toth - FS",,,,,,,,,,,,,,,,,,,,,,,,,,,,,,,,,,,,
ARZ,1:21,"SF. 35",4,3,,"Singleback Normal HB Inside Weak","Nickel Normal CB3 MLB Blitz",1,45,6,"3-1-SF. 35 (1:20) 26-Richard Jackson ran to SF. 34 for 1 yards. Tackle by 26-Jeremy Whitehurst.","#9 Richard Murray - QB","#26 Richard Jackson - RB",,,,"#84 Gregorio McEvoy - TE",,"#87 Christopher Davis - WR","#81 Brett Toland - WR","#15 George Cammack - WR",,,"#76 James Loftis - LT","#52 Paul Walters - LG","#64 Thomas Gleason - C","#61 Daniel Conaway - RG","#79 Don Schulz - RT",,"#97 Charles Rich - LDE",,"#91 James Ellis - RDE","#77 Daniel Taylor - DT","#76 Brian Hampton - RDE",,"#90 Mathew Whiteside - MLB",,"#51 John Villanueva - WLB","#24 Allen Danforth - CB","#29 Gregory Gross - CB",,"#39 Jeremy Whitehurst - CB",,"#39 Fred Ball - SS","#33 Ronald Toth - FS",,,,,,,,,,,,,,,,,,,,,,,,,,,,,,,,,,,,
ARZ,0:47,"SF. 34",4,1,10,"Goal Line Normal HB Pitch Weak","Goal Line Attack #3",-3,45,6,"1-10-SF. 34 (0:46) 27-John Maria ran to SF. 38 for -3 yards. Tackle by 90-Mathew Whiteside. ARZ 27-John Maria was injured on the play.","#9 Richard Murray - QB","#27 John Maria - RB",,"#23 Joseph Vickers - RB","#26 Richard Jackson - RB","#84 Gregorio McEvoy - TE","#25 Donald Goolsby - FB",,,,,,"#76 James Loftis - LT","#52 Paul Walters - LG","#64 Thomas Gleason - C","#61 Daniel Conaway - RG","#79 Don Schulz - RT",,"#97 Charles Rich - LDE","#62 Francis Gutierrez - LDE","#91 James Ellis - RDE","#77 Daniel Taylor - DT","#76 Brian Hampton - RDE","#57 Charles Huntington - MLB","#90 Mathew Whiteside - MLB",,"#51 John Villanueva - WLB","#24 Allen Danforth - CB","#29 Gregory Gross - CB",,,,"#39 Fred Ball - SS",,,,,,,,,,,,,,,,,,,,,,,,,,,,,,,,,,,,,
ARZ,0:03,"SF. 38",4,2,13,"Singleback Normal HB Counter Weak","Nickel 3-3-5 Cover 2 Man Under",6,45,6,"2-13-SF. 38 (0:02) 25-Donald Goolsby ran to SF. 31 for 6 yards. Tackle by 26-Jeremy Whitehurst.","#9 Richard Murray - QB","#25 Donald Goolsby - FB",,,,"#84 Gregorio McEvoy - TE",,"#87 Christopher Davis - WR","#81 Brett Toland - WR","#15 George Cammack - WR",,,"#76 James Loftis - LT","#52 Paul Walters - LG","#64 Thomas Gleason - C","#61 Daniel Conaway - RG","#79 Don Schulz - RT",,"#97 Charles Rich - LDE",,"#91 James Ellis - RDE",,"#76 Brian Hampton - RDE","#57 Charles Huntington - MLB","#90 Mathew Whiteside - MLB",,"#51 John Villanueva - WLB","#24 Allen Danforth - CB","#29 Gregory Gross - CB",,"#39 Jeremy Whitehurst - CB",,"#39 Fred Ball - SS","#33 Ronald Toth - FS",,,,,,,,,,,,,,,,,,,,,,,,,,,,,,,,,,,,
,0:00,,4,3,7,,,,45,6,"End of fourth quarter.",,,,,,,,,,,,,,,,,,,,,,,,,,,,,,,,,,,,,,,,,,,,,,,,,,,,,,,,,,,,,,,,,,,,,,
