HasBall,"Game Clock","Ball @",Quarter,Down,YTG,OffensivePlay,DefensivePlay,YardsGained,"Home Score","Away Score",Text,QB1,RB1,RB2,FB2,FB1,TE1,TE2,WR1,WR3,WR2,WR4,WR5,LT1,LG1,C1,RG1,RT1,P1,LDE1,LDE2,DT1,DT2,RDE1,SLB1,MLB1,MLB2,WLB1,CB1,CB2,CB4,CB3,CB5,SS1,FS1,FS2,"Kick Holder1","Long Snapper1","Kick Returner1","Punt Returner1",Gunner10,Gunner7,Gunner2,Gunner6,Gunner1,Gunner8,Gunner3,Gunner4,Gunner9,Gunner5,Kickoffs1,"Field Goal Kicker1","ST Blocker8","ST Blocker5","ST Blocker4","ST Blocker1","ST Blocker2","ST Blocker3","ST Blocker6","ST Blocker7","ST Rusher4","ST Rusher1","ST Rusher2","ST Rusher3","ST Rusher11","ST Rusher10","ST Rusher9","ST Rusher6","ST Rusher5","ST Rusher7","ST Rusher8"
,15:00,,1,2,10,,,,0,0,"CHI has won the toss and elected to receive.",,,,,,,,,,,,,,,,,,,,,,,,,,,,,,,,,,,,,,,,,,,,,,,,,,,,,,,,,,,,,,,,,,,,,,
PHI,15:00,"PHI 35",1,6,10,Kickoff,"Kick Return",,0,0,"(15:00) 14-Juan Johnson kicks 72 yards from PHI 35 to CHI -7. 18-Demetrius Harris to CHI 24 for 32 yards. Tackle by 41-David Linton.",,,,,,,,,,,,,,,,,,,,,,,,,,,,,,,,,,,,,,"#18 Demetrius Harris - WR",,"#22 John Ramirez - CB","#55 Kevin Overman - WLB","#24 Grant Herman - CB","#52 Kenneth Cruz - SLB","#50 Mark Dunton - MLB","#77 David Ezell - LDE","#29 Austin Hull - SS","#20 Santiago Jackson - CB","#79 Anthony Duffy - RDE","#51 Brian Snyder - MLB","#14 Juan Johnson - K",,,,,,,,,,,,,,,,,,,,
CHI,14:55,"CHI 24",1,1,10,"I Formation 3WR HB Toss Strong","4-3 Normal WLB Outside Blitz",,0,0,"1-10-CHI 24 (14:56) 32-Nathan Moreno ran to CHI 25 for a short gain. Tackle by 97-Rodger Nguyen.","#19 Steven Boudreau - QB","#32 Nathan Moreno - RB",,,"#39 Collin Valencia - FB",,,"#17 Jeffrey Graham - WR","#15 Joseph Vickers - WR","#14 Weston Lowell - WR",,,"#67 Roy Hamilton - RT","#64 William Beyer - RG","#59 William Singh - C","#61 Darrel Waldron - RT","#63 William Orr - RG",,"#97 Rodger Nguyen - LDE",,"#96 Pasquale Hudson - DT","#94 Colin Millette - DT","#56 Jim Wilkes - RDE","#58 Lonnie Brown - MLB","#52 Robert Smith - WLB",,"#93 Clifford Williams - SLB","#30 Dale Hawkins - CB","#40 Bill Lund - CB",,,,"#21 William Lutz - CB","#41 David Linton - CB",,,,,,,,,,,,,,,,,,,,,,,,,,,,,,,,,,,,
CHI,14:13,"CHI 25",1,2,10,"I Formation Normal FB Middle","4-3 Normal WLB Outside Blitz",,0,0,"2-10-CHI 25 (14:12) 19-Steven Boudreau pass Pass knocked down by 30-Dale Hawkins. incomplete, intended for 18-Demetrius Harris.","#19 Steven Boudreau - QB","#32 Nathan Moreno - RB",,,"#39 Collin Valencia - FB","#83 Christopher Herron - TE",,"#18 Demetrius Harris - WR",,"#17 Jeffrey Graham - WR",,,"#67 Roy Hamilton - RT","#64 William Beyer - RG","#59 William Singh - C","#61 Darrel Waldron - RT","#63 William Orr - RG",,"#97 Rodger Nguyen - LDE",,"#96 Pasquale Hudson - DT","#94 Colin Millette - DT","#99 Patrick Rock - RDE","#58 Lonnie Brown - MLB","#52 Robert Smith - WLB",,"#93 Clifford Williams - SLB","#30 Dale Hawkins - CB","#40 Bill Lund - CB",,,,"#21 William Lutz - CB","#41 David Linton - CB",,,,,,,,,,,,,,,,,,,,,,,,,,,,,,,,,,,,
CHI,14:07,"CHI 25",1,3,10,"Singleback 4 Wide Deep Middle","Dime Flat Man Cover 1",-11,0,0,"3-10-CHI 25 (14:08) 19-Steven Boudreau sacked at CHI 14 for -10 yards (99-Patrick Rock). Sack allowed by 67-Roy Hamilton. 19-Steven Boudreau FUMBLES (99-Patrick Rock) recovered by CHI-19-Steven Boudreau at CHI 14. 19-Steven Boudreau sacked at CHI 14 for -11 yards (99-Patrick Rock). Sack allowed by 67-Roy Hamilton.","#19 Steven Boudreau - QB","#32 Nathan Moreno - RB",,,,,,"#18 Demetrius Harris - WR","#14 Weston Lowell - WR","#17 Jeffrey Graham - WR","#15 Joseph Vickers - WR",,"#67 Roy Hamilton - RT","#64 William Beyer - RG","#59 William Singh - C","#61 Darrel Waldron - RT","#63 William Orr - RG",,"#97 Rodger Nguyen - LDE",,"#96 Pasquale Hudson - DT","#94 Colin Millette - DT","#99 Patrick Rock - RDE",,"#58 Lonnie Brown - MLB",,,"#30 Dale Hawkins - CB","#40 Bill Lund - CB","#32 James Cruz - CB","#22 Donald Boykin - CB",,"#41 David Linton - CB","#21 William Lutz - CB",,,,,,,,,,,,,,,,,,,,,,,,,,,,,,,,,,,,
CHI,13:31,"CHI 14",1,4,21,Punt,"Punt Return",,0,0,"4-21-CHI 14 (13:30) 1-Thomas Johnson punts 43 yards to PHI 43. Fair Catch by 19-Raleigh Dominguez.",,,,,,,,,,,,,,,,,,"#1 Thomas Johnson - P",,,,,,,,,,,,,,,,,,,"#64 William Beyer - RG",,"#19 Raleigh Dominguez - WR",,,"#40 Bill Lund - CB","#33 Bret Shelley - SS","#93 Clifford Williams - SLB",,"#23 David Adkins - CB","#41 David Linton - CB",,"#59 Arron Hilliard - WLB",,,,"#57 Ernesto Schoen - C","#58 Shane Hollingsworth - C","#61 Darrel Waldron - RT","#63 William Orr - RG","#59 William Singh - C","#56 Michael Trigg - LG",,"#99 Patrick Rock - RDE","#58 Lonnie Brown - MLB","#72 William Ingram - DT","#52 Robert Smith - WLB",,,,,,,
PHI,13:22,"PHI 43",1,1,10,"Singleback Normal HB Inside Weak","Nickel 3-3-5 CB1 CB3 Blitz",5,0,0,"1-10-PHI 43 (13:23) 25-Justin Sharpe ran to PHI 49 for 5 yards. Tackle by 22-John Ramirez.","#6 Leonard Tucker - QB","#25 Justin Sharpe - RB",,,,"#89 Raul Kirby - TE",,"#19 Raleigh Dominguez - WR","#81 Phillip Baird - WR","#84 Heriberto Carpenter - WR",,,"#64 Richard Foreman - LT","#63 Manuel Goldberg - LG","#73 Kenneth Wood - C","#70 Corey Marshall - RG","#61 James Cardwell - RT",,"#53 Terrell Chenoweth - SLB",,"#70 Bruno Deardorff - DT",,"#79 Anthony Duffy - RDE","#52 Kenneth Cruz - SLB","#51 Brian Snyder - MLB",,"#55 Kevin Overman - WLB","#20 Santiago Jackson - CB","#24 Grant Herman - CB",,"#22 John Ramirez - CB",,"#29 Austin Hull - SS","#23 Richard Foster - FS",,,,,,,,,,,,,,,,,,,,,,,,,,,,,,,,,,,,
PHI,12:44,"PHI 49",1,2,5,"I Formation Twin WR Hard Slants","Goal Line Attack #3",,0,0,"2-5-PHI 49 (12:43) (Hot Read) 6-Leonard Tucker pass INTERCEPTED by 50-Mark Dunton at PHI 44. 50-Mark Dunton to PHI 43 for 2 yards. Tackle by 36-Patrick Stewart. Pressure by 52-Kenneth Cruz.","#6 Leonard Tucker - QB","#25 Justin Sharpe - RB",,,"#36 Patrick Stewart - FB","#84 Heriberto Carpenter - WR",,"#81 Phillip Baird - WR",,"#19 Raleigh Dominguez - WR",,,"#64 Richard Foreman - LT","#63 Manuel Goldberg - LG","#73 Kenneth Wood - C","#70 Corey Marshall - RG","#61 James Cardwell - RT",,"#53 Terrell Chenoweth - SLB","#50 Mark Dunton - MLB","#70 Bruno Deardorff - DT","#72 Harold Hicks - DT","#79 Anthony Duffy - RDE","#52 Kenneth Cruz - SLB","#51 Brian Snyder - MLB",,"#55 Kevin Overman - WLB","#20 Santiago Jackson - CB","#24 Grant Herman - CB",,,,"#29 Austin Hull - SS",,,,,,,,,,,,,,,,,,,,,,,,,,,,,,,,,,,,,
CHI,12:39,"PHI 43",1,1,10,"I Formation 3WR HB Toss Strong","Dime Flat MLB SS Blitz",-1,0,0,"1-10-PHI 43 (12:40) 32-Nathan Moreno ran to PHI 44 for -1 yards. Tackle by 41-David Linton.","#19 Steven Boudreau - QB","#32 Nathan Moreno - RB",,,"#39 Collin Valencia - FB",,,"#18 Demetrius Harris - WR","#14 Weston Lowell - WR","#17 Jeffrey Graham - WR",,,"#67 Roy Hamilton - RT","#64 William Beyer - RG","#59 William Singh - C","#61 Darrel Waldron - RT","#63 William Orr - RG",,"#97 Rodger Nguyen - LDE",,"#96 Pasquale Hudson - DT","#94 Colin Millette - DT","#99 Patrick Rock - RDE",,"#58 Lonnie Brown - MLB",,,"#30 Dale Hawkins - CB","#40 Bill Lund - CB","#32 James Cruz - CB","#22 Donald Boykin - CB",,"#41 David Linton - CB","#21 William Lutz - CB",,,,,,,,,,,,,,,,,,,,,,,,,,,,,,,,,,,,
CHI,12:03,"PHI 44",1,2,11,"Singleback Slot Strong HB Flat","4-3 Under Crash Right",29,0,0,"2-11-PHI 44 (12:02) 19-Steven Boudreau pass complete to 17-Jeffrey Graham to PHI 15 for 29 yards. Pushed out of bounds by 21-William Lutz. CHI 59-William Singh was injured on the play. He looks like he should be able to return. PHI 21-William Lutz was injured on the play. He looks like he should be able to return. PENALTY - Offsides (PHI 94-Colin Millette) (Declined)","#19 Steven Boudreau - QB","#32 Nathan Moreno - RB",,,,"#83 Christopher Herron - TE",,"#18 Demetrius Harris - WR","#14 Weston Lowell - WR","#17 Jeffrey Graham - WR",,,"#67 Roy Hamilton - RT","#64 William Beyer - RG","#59 William Singh - C","#61 Darrel Waldron - RT","#63 William Orr - RG",,"#97 Rodger Nguyen - LDE",,"#96 Pasquale Hudson - DT","#94 Colin Millette - DT","#99 Patrick Rock - RDE","#93 Clifford Williams - SLB","#58 Lonnie Brown - MLB",,"#59 Arron Hilliard - WLB","#30 Dale Hawkins - CB","#40 Bill Lund - CB",,,,"#21 William Lutz - CB","#41 David Linton - CB",,,,,,,,,,,,,,,,,,,,,,,,,,,,,,,,,,,,
CHI,11:55,"PHI 15",1,1,10,"Strong I Normal Counter Strong","4-3 Normal Double WR1",3,0,0,"1-10-PHI 15 (11:56) 32-Nathan Moreno ran to PHI 12 for 3 yards. Tackle by 93-Clifford Williams.","#19 Steven Boudreau - QB","#32 Nathan Moreno - RB",,,"#39 Collin Valencia - FB","#83 Christopher Herron - TE",,"#18 Demetrius Harris - WR",,"#17 Jeffrey Graham - WR",,,"#67 Roy Hamilton - RT","#64 William Beyer - RG","#58 Shane Hollingsworth - C","#61 Darrel Waldron - RT","#63 William Orr - RG",,"#97 Rodger Nguyen - LDE",,"#96 Pasquale Hudson - DT","#94 Colin Millette - DT","#99 Patrick Rock - RDE","#58 Lonnie Brown - MLB","#52 Robert Smith - WLB",,"#93 Clifford Williams - SLB","#30 Dale Hawkins - CB","#40 Bill Lund - CB",,,,"#33 Bret Shelley - SS","#41 David Linton - CB",,,,,,,,,,,,,,,,,,,,,,,,,,,,,,,,,,,,
CHI,11:21,"PHI 12",1,2,7,"Split Backs 3 Wide WR Quick Out","3-4 Normal Man Cover 1",9,0,0,"2-7-PHI 12 (11:20) 19-Steven Boudreau pass complete to 39-Collin Valencia to PHI 2 for 9 yards. Tackle by 33-Bret Shelley.","#19 Steven Boudreau - QB","#32 Nathan Moreno - RB",,,"#39 Collin Valencia - FB",,,"#18 Demetrius Harris - WR","#14 Weston Lowell - WR","#17 Jeffrey Graham - WR",,,"#67 Roy Hamilton - RT","#64 William Beyer - RG","#58 Shane Hollingsworth - C","#61 Darrel Waldron - RT","#63 William Orr - RG",,"#97 Rodger Nguyen - LDE",,"#96 Pasquale Hudson - DT",,"#99 Patrick Rock - RDE","#52 Robert Smith - WLB","#23 David Adkins - CB","#58 Lonnie Brown - MLB","#93 Clifford Williams - SLB","#30 Dale Hawkins - CB","#40 Bill Lund - CB",,,,"#33 Bret Shelley - SS","#41 David Linton - CB",,,,,,,,,,,,,,,,,,,,,,,,,,,,,,,,,,,,
CHI,10:37,"PHI 2",1,1,2,"Strong I Normal Counter Strong","4-3 Normal Double WR3",2,0,0,"1-2-PHI 2 (10:36) 32-Nathan Moreno ran to PHI 0 for 2 yards. Tackle by 93-Clifford Williams. PHI 30-Dale Hawkins was injured on the play. He looks like he should be able to return.","#19 Steven Boudreau - QB","#32 Nathan Moreno - RB",,,"#39 Collin Valencia - FB","#83 Christopher Herron - TE",,"#18 Demetrius Harris - WR",,"#14 Weston Lowell - WR",,,"#67 Roy Hamilton - RT","#64 William Beyer - RG","#58 Shane Hollingsworth - C","#61 Darrel Waldron - RT","#63 William Orr - RG",,"#97 Rodger Nguyen - LDE",,"#96 Pasquale Hudson - DT","#94 Colin Millette - DT","#99 Patrick Rock - RDE","#58 Lonnie Brown - MLB","#52 Robert Smith - WLB",,"#93 Clifford Williams - SLB","#30 Dale Hawkins - CB","#40 Bill Lund - CB",,,,"#33 Bret Shelley - SS","#41 David Linton - CB",,,,,,,,,,,,,,,,,,,,,,,,,,,,,,,,,,,,
CHI,10:02,"PHI 0",1,2,,"I Formation Normal HB Draw","Dime Flat Man Cover 1",,6,0,"2-1-PHI 0 (10:01) 32-Nathan Moreno ran for 0 yards. TOUCHDOWN! CHI 6 PHI 0","#19 Steven Boudreau - QB","#32 Nathan Moreno - RB",,,"#39 Collin Valencia - FB","#83 Christopher Herron - TE",,"#18 Demetrius Harris - WR",,"#17 Jeffrey Graham - WR",,,"#67 Roy Hamilton - RT","#64 William Beyer - RG","#58 Shane Hollingsworth - C","#61 Darrel Waldron - RT","#63 William Orr - RG",,"#97 Rodger Nguyen - LDE",,"#96 Pasquale Hudson - DT","#94 Colin Millette - DT","#99 Patrick Rock - RDE",,"#58 Lonnie Brown - MLB",,,"#40 Bill Lund - CB","#22 Donald Boykin - CB","#28 Gary McKenney - CB","#32 James Cruz - CB",,"#33 Bret Shelley - SS","#41 David Linton - CB",,,,,,,,,,,,,,,,,,,,,,,,,,,,,,,,,,,,
CHI,9:58,"PHI 15",1,7,15,"Field Goal","FG Block",25,7,0,"(9:59) Extra point GOOD by 3-Winston Tiedemann. CHI 7 PHI 0",,,,,,,,,,,,,,,,,,,,,,,,,,,,,,,,,,,,"#7 Donald Saez - QB","#64 William Beyer - RG",,,,,,,,,,,,,,"#3 Winston Tiedemann - K","#83 Christopher Herron - TE","#57 Ernesto Schoen - C","#58 Shane Hollingsworth - C","#61 Darrel Waldron - RT","#63 William Orr - RG","#59 William Singh - C","#56 Michael Trigg - LG","#81 William Sims - TE","#52 Robert Smith - WLB","#93 Clifford Williams - SLB","#58 Lonnie Brown - MLB","#72 William Ingram - DT","#47 Juan Echols - FS","#23 David Adkins - CB","#56 Jim Wilkes - RDE","#96 Pasquale Hudson - DT","#99 Patrick Rock - RDE","#55 David Williams - LDE","#97 Rodger Nguyen - LDE"
CHI,9:58,"CHI 35",1,6,10,Kickoff,"Kick Return",,7,0,"(9:59) 3-Winston Tiedemann kicks 70 yards from CHI 35 to PHI -5. Touchback.",,,,,,,,,,,,,,,,,,,,,,,,,,,,,,,,,,,,,,"#19 Raleigh Dominguez - WR",,"#47 Juan Echols - FS","#59 Arron Hilliard - WLB","#58 Lonnie Brown - MLB","#41 David Linton - CB","#93 Clifford Williams - SLB","#33 Bret Shelley - SS","#40 Bill Lund - CB","#72 William Ingram - DT","#99 Patrick Rock - RDE","#23 David Adkins - CB","#3 Winston Tiedemann - K",,,,,,,,,,,,,,,,,,,,
PHI,9:58,"PHI 25",1,1,10,"Singleback Big Corner Ins","Goal Line Attack #3",,7,0,"1-10-PHI 25 (9:59) (Hot Read) 6-Leonard Tucker pass incomplete, intended for 25-Justin Sharpe. Pressure by 55-Kevin Overman. PENALTY - Pass Interference (CHI 51-Brian Snyder)","#6 Leonard Tucker - QB","#25 Justin Sharpe - RB",,,,"#81 Phillip Baird - WR","#84 Heriberto Carpenter - WR","#82 Miles Willett - WR",,"#1 John Moran - WR",,,"#64 Richard Foreman - LT","#63 Manuel Goldberg - LG","#73 Kenneth Wood - C","#70 Corey Marshall - RG","#61 James Cardwell - RT",,"#53 Terrell Chenoweth - SLB","#50 Mark Dunton - MLB","#70 Bruno Deardorff - DT","#72 Harold Hicks - DT","#79 Anthony Duffy - RDE","#52 Kenneth Cruz - SLB","#51 Brian Snyder - MLB",,"#55 Kevin Overman - WLB","#20 Santiago Jackson - CB","#24 Grant Herman - CB",,,,"#29 Austin Hull - SS",,,,,,,,,,,,,,,,,,,,,,,,,,,,,,,,,,,,,
PHI,9:56,"PHI 22",1,1,10,"I Formation Normal Max Protect","Goal Line Attack #3",13,7,0,"1-10-PHI 22 (9:57) 6-Leonard Tucker pass complete to 84-Heriberto Carpenter to PHI 35 for 13 yards. Tackle by 24-Grant Herman. Pressure by 51-Brian Snyder.","#6 Leonard Tucker - QB","#81 Phillip Baird - WR",,,"#36 Patrick Stewart - FB","#89 Raul Kirby - TE",,"#19 Raleigh Dominguez - WR",,"#84 Heriberto Carpenter - WR",,,"#64 Richard Foreman - LT","#63 Manuel Goldberg - LG","#73 Kenneth Wood - C","#70 Corey Marshall - RG","#61 James Cardwell - RT",,"#53 Terrell Chenoweth - SLB","#50 Mark Dunton - MLB","#70 Bruno Deardorff - DT","#72 Harold Hicks - DT","#79 Anthony Duffy - RDE","#52 Kenneth Cruz - SLB","#51 Brian Snyder - MLB",,"#55 Kevin Overman - WLB","#20 Santiago Jackson - CB","#24 Grant Herman - CB",,,,"#29 Austin Hull - SS",,,,,,,,,,,,,,,,,,,,,,,,,,,,,,,,,,,,,
PHI,9:22,"PHI 35",1,1,10,"Split Backs 3 Wide WR Quick Out","Nickel 3-3-5 CB1 CB2 Blitz",,7,0,"1-10-PHI 35 (9:21) 6-Leonard Tucker pass Pass knocked down by 51-Brian Snyder. incomplete, intended for 25-Justin Sharpe.","#6 Leonard Tucker - QB","#36 Patrick Stewart - FB",,,"#25 Justin Sharpe - RB",,,"#19 Raleigh Dominguez - WR","#1 John Moran - WR","#84 Heriberto Carpenter - WR",,,"#64 Richard Foreman - LT","#63 Manuel Goldberg - LG","#73 Kenneth Wood - C","#70 Corey Marshall - RG","#61 James Cardwell - RT",,"#53 Terrell Chenoweth - SLB",,"#70 Bruno Deardorff - DT",,"#79 Anthony Duffy - RDE","#52 Kenneth Cruz - SLB","#51 Brian Snyder - MLB",,"#55 Kevin Overman - WLB","#20 Santiago Jackson - CB","#24 Grant Herman - CB",,"#22 John Ramirez - CB",,"#29 Austin Hull - SS","#23 Richard Foster - FS",,,,,,,,,,,,,,,,,,,,,,,,,,,,,,,,,,,,
PHI,9:17,"PHI 35",1,2,10,"Split Backs 3 Wide Dive Left","Nickel 3-3-5 Cover 2 Man Under",14,7,0,"2-10-PHI 35 (9:18) 25-Justin Sharpe ran to PHI 49 for 14 yards. Tackle by 23-Richard Foster.","#6 Leonard Tucker - QB","#36 Patrick Stewart - FB",,,"#25 Justin Sharpe - RB",,,"#19 Raleigh Dominguez - WR","#1 John Moran - WR","#84 Heriberto Carpenter - WR",,,"#64 Richard Foreman - LT","#63 Manuel Goldberg - LG","#73 Kenneth Wood - C","#70 Corey Marshall - RG","#61 James Cardwell - RT",,"#52 Kenneth Cruz - SLB",,"#70 Bruno Deardorff - DT",,"#79 Anthony Duffy - RDE","#53 Terrell Chenoweth - SLB","#51 Brian Snyder - MLB",,"#55 Kevin Overman - WLB","#20 Santiago Jackson - CB","#24 Grant Herman - CB",,"#22 John Ramirez - CB",,"#29 Austin Hull - SS","#23 Richard Foster - FS",,,,,,,,,,,,,,,,,,,,,,,,,,,,,,,,,,,,
PHI,8:34,"PHI 49",1,1,10,"I Formation Normal FL Hitch","Goal Line Attack #3",-6,7,0,"1-10-PHI 49 (8:33) (Hot Read) 6-Leonard Tucker pass complete to 36-Patrick Stewart to PHI 43 for -6 yards. Tackle by 70-Bruno Deardorff. Pressure by 52-Kenneth Cruz.","#6 Leonard Tucker - QB","#81 Phillip Baird - WR",,,"#36 Patrick Stewart - FB","#89 Raul Kirby - TE",,"#19 Raleigh Dominguez - WR",,"#84 Heriberto Carpenter - WR",,,"#64 Richard Foreman - LT","#63 Manuel Goldberg - LG","#73 Kenneth Wood - C","#70 Corey Marshall - RG","#61 James Cardwell - RT",,"#53 Terrell Chenoweth - SLB","#50 Mark Dunton - MLB","#70 Bruno Deardorff - DT","#72 Harold Hicks - DT","#79 Anthony Duffy - RDE","#52 Kenneth Cruz - SLB","#51 Brian Snyder - MLB",,"#55 Kevin Overman - WLB","#20 Santiago Jackson - CB","#24 Grant Herman - CB",,,,"#29 Austin Hull - SS",,,,,,,,,,,,,,,,,,,,,,,,,,,,,,,,,,,,,
PHI,7:55,"PHI 43",1,2,16,"I Formation Normal FL Hitch","Goal Line Attack #3",,7,0,"2-16-PHI 43 (7:54) (Hot Read) 6-Leonard Tucker pass Pass knocked down by 70-Bruno Deardorff. incomplete, intended for 36-Patrick Stewart. Pressure by 55-Kevin Overman.","#6 Leonard Tucker - QB","#81 Phillip Baird - WR",,,"#36 Patrick Stewart - FB","#89 Raul Kirby - TE",,"#19 Raleigh Dominguez - WR",,"#84 Heriberto Carpenter - WR",,,"#64 Richard Foreman - LT","#63 Manuel Goldberg - LG","#73 Kenneth Wood - C","#70 Corey Marshall - RG","#61 James Cardwell - RT",,"#52 Kenneth Cruz - SLB","#50 Mark Dunton - MLB","#70 Bruno Deardorff - DT","#72 Harold Hicks - DT","#79 Anthony Duffy - RDE","#53 Terrell Chenoweth - SLB","#51 Brian Snyder - MLB",,"#55 Kevin Overman - WLB","#20 Santiago Jackson - CB","#24 Grant Herman - CB",,,,"#29 Austin Hull - SS",,,,,,,,,,,,,,,,,,,,,,,,,,,,,,,,,,,,,
PHI,7:51,"PHI 43",1,3,16,"I Formation Normal FL Hitch","Goal Line Attack #3",-2,7,0,"3-16-PHI 43 (7:52) (Hot Read) 6-Leonard Tucker pass complete to 36-Patrick Stewart to PHI 41 for -2 yards. Tackle by 51-Brian Snyder. Pressure by 52-Kenneth Cruz.","#6 Leonard Tucker - QB","#81 Phillip Baird - WR",,,"#36 Patrick Stewart - FB","#89 Raul Kirby - TE",,"#19 Raleigh Dominguez - WR",,"#84 Heriberto Carpenter - WR",,,"#64 Richard Foreman - LT","#63 Manuel Goldberg - LG","#73 Kenneth Wood - C","#70 Corey Marshall - RG","#61 James Cardwell - RT",,"#53 Terrell Chenoweth - SLB","#50 Mark Dunton - MLB","#70 Bruno Deardorff - DT","#72 Harold Hicks - DT","#79 Anthony Duffy - RDE","#52 Kenneth Cruz - SLB","#51 Brian Snyder - MLB",,"#55 Kevin Overman - WLB","#20 Santiago Jackson - CB","#24 Grant Herman - CB",,,,"#29 Austin Hull - SS",,,,,,,,,,,,,,,,,,,,,,,,,,,,,,,,,,,,,
,7:49,,1,4,18,,,,7,0,"Timeout PHI",,,,,,,,,,,,,,,,,,,,,,,,,,,,,,,,,,,,,,,,,,,,,,,,,,,,,,,,,,,,,,,,,,,,,,
PHI,7:05,"PHI 41",1,4,18,Punt,"Punt Return",56,7,0,"4-18-PHI 41 (7:06) 5-Teddy Mazza punts 56 yards to CHI 3.",,,,,,,,,,,,,,,,,,"#5 Teddy Mazza - P",,,,,,,,,,,,,,,,,,,"#64 Richard Foreman - LT",,"#18 Demetrius Harris - WR",,,"#20 Santiago Jackson - CB","#29 Austin Hull - SS","#50 Mark Dunton - MLB",,"#52 Kenneth Cruz - SLB","#77 David Ezell - LDE",,"#24 Grant Herman - CB",,,,"#25 Justin Sharpe - RB","#68 Roy Farr - RT","#57 James Sullivan - LG","#63 Manuel Goldberg - LG","#70 Corey Marshall - RG","#86 Jose Watkins - TE",,"#55 Kevin Overman - WLB","#79 Anthony Duffy - RDE","#70 Bruno Deardorff - DT","#51 Brian Snyder - MLB",,,,,,,
CHI,6:55,"CHI 3",1,1,10,"I Formation Normal HB Draw","Dime Normal Man Cover 1",11,7,0,"1-10-CHI 3 (6:56) 32-Nathan Moreno ran to CHI 15 for 11 yards. Tackle by 41-David Linton.","#19 Steven Boudreau - QB","#32 Nathan Moreno - RB",,,"#39 Collin Valencia - FB","#83 Christopher Herron - TE",,"#18 Demetrius Harris - WR",,"#17 Jeffrey Graham - WR",,,"#67 Roy Hamilton - RT","#64 William Beyer - RG","#59 William Singh - C","#61 Darrel Waldron - RT","#63 William Orr - RG",,"#97 Rodger Nguyen - LDE",,"#96 Pasquale Hudson - DT","#94 Colin Millette - DT","#99 Patrick Rock - RDE",,"#59 Arron Hilliard - WLB",,,"#30 Dale Hawkins - CB","#22 Donald Boykin - CB","#28 Gary McKenney - CB","#32 James Cruz - CB",,"#21 William Lutz - CB","#41 David Linton - CB",,,,,,,,,,,,,,,,,,,,,,,,,,,,,,,,,,,,
CHI,6:17,"CHI 15",1,1,10,"I Formation Normal FL Hook","Dime Flat Man Cover 1",2,7,0,"1-10-CHI 15 (6:16) 19-Steven Boudreau pass complete to 39-Collin Valencia to CHI 17 for 2 yards. Tackle by 41-David Linton.","#19 Steven Boudreau - QB","#32 Nathan Moreno - RB",,,"#39 Collin Valencia - FB","#83 Christopher Herron - TE",,"#18 Demetrius Harris - WR",,"#17 Jeffrey Graham - WR",,,"#67 Roy Hamilton - RT","#64 William Beyer - RG","#59 William Singh - C","#61 Darrel Waldron - RT","#63 William Orr - RG",,"#97 Rodger Nguyen - LDE",,"#96 Pasquale Hudson - DT","#94 Colin Millette - DT","#99 Patrick Rock - RDE",,"#59 Arron Hilliard - WLB",,,"#30 Dale Hawkins - CB","#40 Bill Lund - CB","#32 James Cruz - CB","#22 Donald Boykin - CB",,"#41 David Linton - CB","#21 William Lutz - CB",,,,,,,,,,,,,,,,,,,,,,,,,,,,,,,,,,,,
CHI,5:32,"CHI 17",1,2,8,"I Formation Normal PA Outside Curls","Dime Normal Man Cover 1",9,7,0,"2-8-CHI 17 (5:31) 19-Steven Boudreau pass complete to 17-Jeffrey Graham to CHI 27 for 9 yards. Tackle by 22-Donald Boykin. Great move by 17-Jeffrey Graham to get free of his coverage.","#19 Steven Boudreau - QB","#32 Nathan Moreno - RB",,,"#39 Collin Valencia - FB","#83 Christopher Herron - TE",,"#18 Demetrius Harris - WR",,"#17 Jeffrey Graham - WR",,,"#67 Roy Hamilton - RT","#64 William Beyer - RG","#59 William Singh - C","#61 Darrel Waldron - RT","#63 William Orr - RG",,"#97 Rodger Nguyen - LDE",,"#96 Pasquale Hudson - DT","#94 Colin Millette - DT","#99 Patrick Rock - RDE",,"#58 Lonnie Brown - MLB",,,"#30 Dale Hawkins - CB","#22 Donald Boykin - CB","#28 Gary McKenney - CB","#32 James Cruz - CB",,"#21 William Lutz - CB","#41 David Linton - CB",,,,,,,,,,,,,,,,,,,,,,,,,,,,,,,,,,,,
CHI,4:49,"CHI 27",1,1,10,"I Formation 3WR HB Toss Strong","Dime Flat Man Cover 1",1,7,0,"1-10-CHI 27 (4:48) 30-Joe Chapman ran to CHI 28 for 1 yards. Tackle by 96-Pasquale Hudson.","#19 Steven Boudreau - QB","#30 Joe Chapman - RB",,,"#39 Collin Valencia - FB",,,"#17 Jeffrey Graham - WR","#15 Joseph Vickers - WR","#14 Weston Lowell - WR",,,"#67 Roy Hamilton - RT","#64 William Beyer - RG","#59 William Singh - C","#61 Darrel Waldron - RT","#63 William Orr - RG",,"#97 Rodger Nguyen - LDE",,"#96 Pasquale Hudson - DT","#94 Colin Millette - DT","#99 Patrick Rock - RDE",,"#58 Lonnie Brown - MLB",,,"#30 Dale Hawkins - CB","#40 Bill Lund - CB","#32 James Cruz - CB","#22 Donald Boykin - CB",,"#41 David Linton - CB","#21 William Lutz - CB",,,,,,,,,,,,,,,,,,,,,,,,,,,,,,,,,,,,
CHI,4:11,"CHI 28",1,2,9,"I Formation 3WR SE Post","3-4 Normal Man Cover 1",,7,0,"2-9-CHI 28 (4:10) 19-Steven Boudreau pass incomplete, dropped by 18-Demetrius Harris. PHI 99-Patrick Rock was injured on the play. He looks like he should be able to return.","#19 Steven Boudreau - QB","#32 Nathan Moreno - RB",,,"#39 Collin Valencia - FB",,,"#18 Demetrius Harris - WR","#14 Weston Lowell - WR","#17 Jeffrey Graham - WR",,,"#67 Roy Hamilton - RT","#64 William Beyer - RG","#59 William Singh - C","#61 Darrel Waldron - RT","#63 William Orr - RG",,"#97 Rodger Nguyen - LDE",,"#96 Pasquale Hudson - DT",,"#99 Patrick Rock - RDE","#52 Robert Smith - WLB","#23 David Adkins - CB","#58 Lonnie Brown - MLB","#93 Clifford Williams - SLB","#30 Dale Hawkins - CB","#40 Bill Lund - CB",,,,"#21 William Lutz - CB","#41 David Linton - CB",,,,,,,,,,,,,,,,,,,,,,,,,,,,,,,,,,,,
CHI,4:06,"CHI 28",1,3,9,"Shotgun Normal HB Flare","4-3 Normal WLB Outside Blitz",,7,0,"3-9-CHI 28 (4:07) 19-Steven Boudreau pass incomplete, dropped by 30-Joe Chapman.","#19 Steven Boudreau - QB","#30 Joe Chapman - RB",,,,"#83 Christopher Herron - TE",,"#18 Demetrius Harris - WR","#14 Weston Lowell - WR","#17 Jeffrey Graham - WR",,,"#67 Roy Hamilton - RT","#64 William Beyer - RG","#59 William Singh - C","#61 Darrel Waldron - RT","#63 William Orr - RG",,"#97 Rodger Nguyen - LDE",,"#96 Pasquale Hudson - DT","#94 Colin Millette - DT","#56 Jim Wilkes - RDE","#59 Arron Hilliard - WLB","#52 Robert Smith - WLB",,"#93 Clifford Williams - SLB","#30 Dale Hawkins - CB","#22 Donald Boykin - CB",,,,"#21 William Lutz - CB","#41 David Linton - CB",,,,,,,,,,,,,,,,,,,,,,,,,,,,,,,,,,,,
CHI,4:03,"CHI 28",1,4,9,Punt,"Punt Return",,7,0,"4-9-CHI 28 (4:04) 1-Thomas Johnson punts 46 yards to PHI 26. 19-Raleigh Dominguez to PHI 35 for 10 yards. Tackle by 56-Michael Trigg. PHI 41-David Linton was injured on the play. He looks like he should be able to return.",,,,,,,,,,,,,,,,,,"#1 Thomas Johnson - P",,,,,,,,,,,,,,,,,,,"#64 William Beyer - RG",,"#19 Raleigh Dominguez - WR",,,"#40 Bill Lund - CB","#33 Bret Shelley - SS","#93 Clifford Williams - SLB",,"#23 David Adkins - CB","#41 David Linton - CB",,"#59 Arron Hilliard - WLB",,,,"#57 Ernesto Schoen - C","#58 Shane Hollingsworth - C","#61 Darrel Waldron - RT","#63 William Orr - RG","#59 William Singh - C","#56 Michael Trigg - LG",,"#96 Pasquale Hudson - DT","#58 Lonnie Brown - MLB","#72 William Ingram - DT","#52 Robert Smith - WLB",,,,,,,
PHI,3:54,"PHI 35",1,1,10,"I Formation 3WR WR Out","Nickel 3-3-5 Weak Side Blitz",9,7,0,"1-10-PHI 35 (3:55) 6-Leonard Tucker pass complete to 81-Phillip Baird to PHI 44 for 9 yards. Tackle by 24-Grant Herman.","#6 Leonard Tucker - QB","#25 Justin Sharpe - RB",,,"#36 Patrick Stewart - FB",,,"#19 Raleigh Dominguez - WR","#84 Heriberto Carpenter - WR","#81 Phillip Baird - WR",,,"#64 Richard Foreman - LT","#63 Manuel Goldberg - LG","#73 Kenneth Wood - C","#70 Corey Marshall - RG","#61 James Cardwell - RT",,"#52 Kenneth Cruz - SLB",,"#70 Bruno Deardorff - DT",,"#79 Anthony Duffy - RDE","#53 Terrell Chenoweth - SLB","#51 Brian Snyder - MLB",,"#55 Kevin Overman - WLB","#20 Santiago Jackson - CB","#24 Grant Herman - CB",,"#22 John Ramirez - CB",,"#29 Austin Hull - SS","#23 Richard Foster - FS",,,,,,,,,,,,,,,,,,,,,,,,,,,,,,,,,,,,
PHI,3:10,"PHI 44",1,2,1,"I Formation Twin WR Quick Outs","Goal Line Attack #3",-3,7,0,"2-1-PHI 44 (3:09) (Hot Read) 6-Leonard Tucker pass complete to 36-Patrick Stewart to PHI 41 for -3 yards. Tackle by 79-Anthony Duffy. Pressure by 50-Mark Dunton.","#6 Leonard Tucker - QB","#25 Justin Sharpe - RB",,,"#36 Patrick Stewart - FB","#84 Heriberto Carpenter - WR",,"#81 Phillip Baird - WR",,"#19 Raleigh Dominguez - WR",,,"#64 Richard Foreman - LT","#63 Manuel Goldberg - LG","#73 Kenneth Wood - C","#70 Corey Marshall - RG","#61 James Cardwell - RT",,"#52 Kenneth Cruz - SLB","#50 Mark Dunton - MLB","#70 Bruno Deardorff - DT","#72 Harold Hicks - DT","#79 Anthony Duffy - RDE","#53 Terrell Chenoweth - SLB","#51 Brian Snyder - MLB",,"#55 Kevin Overman - WLB","#20 Santiago Jackson - CB","#24 Grant Herman - CB",,,,"#29 Austin Hull - SS",,,,,,,,,,,,,,,,,,,,,,,,,,,,,,,,,,,,,
PHI,2:28,"PHI 41",1,3,4,"I Formation 3WR Slot Short WR Deep","Nickel 3-3-5 3 Deep MLB Blitz",6,7,0,"3-4-PHI 41 (2:27) 6-Leonard Tucker pass complete to 25-Justin Sharpe to PHI 47 for 6 yards. Tackle by 55-Kevin Overman.","#6 Leonard Tucker - QB","#25 Justin Sharpe - RB",,,"#36 Patrick Stewart - FB",,,"#19 Raleigh Dominguez - WR","#84 Heriberto Carpenter - WR","#81 Phillip Baird - WR",,,"#64 Richard Foreman - LT","#63 Manuel Goldberg - LG","#73 Kenneth Wood - C","#70 Corey Marshall - RG","#61 James Cardwell - RT",,"#52 Kenneth Cruz - SLB",,"#70 Bruno Deardorff - DT",,"#79 Anthony Duffy - RDE","#53 Terrell Chenoweth - SLB","#51 Brian Snyder - MLB",,"#55 Kevin Overman - WLB","#20 Santiago Jackson - CB","#24 Grant Herman - CB",,"#22 John Ramirez - CB",,"#29 Austin Hull - SS","#23 Richard Foster - FS",,,,,,,,,,,,,,,,,,,,,,,,,,,,,,,,,,,,
PHI,1:44,"PHI 47",1,1,10,"I Formation 3WR WR Out","Nickel 3-3-5 CB1 CB2 Blitz",4,7,0,"1-10-PHI 47 (1:43) 6-Leonard Tucker pass complete to 81-Phillip Baird to CHI 49 for 4 yards. Tackle by 55-Kevin Overman.","#6 Leonard Tucker - QB","#25 Justin Sharpe - RB",,,"#36 Patrick Stewart - FB",,,"#19 Raleigh Dominguez - WR","#84 Heriberto Carpenter - WR","#81 Phillip Baird - WR",,,"#64 Richard Foreman - LT","#63 Manuel Goldberg - LG","#73 Kenneth Wood - C","#70 Corey Marshall - RG","#61 James Cardwell - RT",,"#52 Kenneth Cruz - SLB",,"#70 Bruno Deardorff - DT",,"#79 Anthony Duffy - RDE","#53 Terrell Chenoweth - SLB","#51 Brian Snyder - MLB",,"#55 Kevin Overman - WLB","#20 Santiago Jackson - CB","#24 Grant Herman - CB",,"#22 John Ramirez - CB",,"#29 Austin Hull - SS","#23 Richard Foster - FS",,,,,,,,,,,,,,,,,,,,,,,,,,,,,,,,,,,,
PHI,1:01,"CHI 49",1,2,6,"I Formation Normal FL Hitch","Goal Line Attack #3",,7,0,"2-6-CHI 49 (1:00) (Hot Read) 6-Leonard Tucker pass Pass knocked down by 51-Brian Snyder. incomplete, intended for 36-Patrick Stewart. Pressure by 79-Anthony Duffy.","#6 Leonard Tucker - QB","#81 Phillip Baird - WR",,,"#36 Patrick Stewart - FB","#89 Raul Kirby - TE",,"#19 Raleigh Dominguez - WR",,"#84 Heriberto Carpenter - WR",,,"#64 Richard Foreman - LT","#63 Manuel Goldberg - LG","#73 Kenneth Wood - C","#70 Corey Marshall - RG","#61 James Cardwell - RT",,"#53 Terrell Chenoweth - SLB","#50 Mark Dunton - MLB","#70 Bruno Deardorff - DT","#72 Harold Hicks - DT","#79 Anthony Duffy - RDE","#52 Kenneth Cruz - SLB","#51 Brian Snyder - MLB",,"#55 Kevin Overman - WLB","#20 Santiago Jackson - CB","#24 Grant Herman - CB",,,,"#29 Austin Hull - SS",,,,,,,,,,,,,,,,,,,,,,,,,,,,,,,,,,,,,
PHI,0:56,"CHI 49",1,3,6,"I Formation Normal Max Protect","Goal Line Attack #3",12,7,0,"3-6-CHI 49 (0:57) 6-Leonard Tucker pass complete to 84-Heriberto Carpenter to CHI 37 for 12 yards. Tackle by 24-Grant Herman. Pressure by 51-Brian Snyder.","#6 Leonard Tucker - QB","#81 Phillip Baird - WR",,,"#36 Patrick Stewart - FB","#89 Raul Kirby - TE",,"#19 Raleigh Dominguez - WR",,"#84 Heriberto Carpenter - WR",,,"#64 Richard Foreman - LT","#63 Manuel Goldberg - LG","#73 Kenneth Wood - C","#70 Corey Marshall - RG","#61 James Cardwell - RT",,"#52 Kenneth Cruz - SLB","#50 Mark Dunton - MLB","#70 Bruno Deardorff - DT","#72 Harold Hicks - DT","#79 Anthony Duffy - RDE","#53 Terrell Chenoweth - SLB","#51 Brian Snyder - MLB",,"#55 Kevin Overman - WLB","#20 Santiago Jackson - CB","#24 Grant Herman - CB",,,,"#29 Austin Hull - SS",,,,,,,,,,,,,,,,,,,,,,,,,,,,,,,,,,,,,
,0:53,,1,1,10,,,,7,0,"Timeout PHI",,,,,,,,,,,,,,,,,,,,,,,,,,,,,,,,,,,,,,,,,,,,,,,,,,,,,,,,,,,,,,,,,,,,,,
PHI,0:23,"CHI 37",1,1,10,"Split Backs 3 Wide WR Quick Out","Nickel 3-3-5 CB1 CB2 Blitz",6,7,0,"1-10-CHI 37 (0:24) 6-Leonard Tucker pass complete to 25-Justin Sharpe to CHI 31 for 6 yards. Tackle by 51-Brian Snyder.","#6 Leonard Tucker - QB","#36 Patrick Stewart - FB",,,"#25 Justin Sharpe - RB",,,"#19 Raleigh Dominguez - WR","#1 John Moran - WR","#84 Heriberto Carpenter - WR",,,"#64 Richard Foreman - LT","#63 Manuel Goldberg - LG","#73 Kenneth Wood - C","#70 Corey Marshall - RG","#61 James Cardwell - RT",,"#53 Terrell Chenoweth - SLB",,"#70 Bruno Deardorff - DT",,"#79 Anthony Duffy - RDE","#52 Kenneth Cruz - SLB","#51 Brian Snyder - MLB",,"#55 Kevin Overman - WLB","#20 Santiago Jackson - CB","#24 Grant Herman - CB",,"#22 John Ramirez - CB",,"#29 Austin Hull - SS","#23 Richard Foster - FS",,,,,,,,,,,,,,,,,,,,,,,,,,,,,,,,,,,,
,0:00,,1,2,4,,,,7,0,"End of first quarter.",,,,,,,,,,,,,,,,,,,,,,,,,,,,,,,,,,,,,,,,,,,,,,,,,,,,,,,,,,,,,,,,,,,,,,
PHI,15:00,"CHI 31",2,2,4,"I Formation Normal HB Blast","Goal Line Attack #3",6,7,0,"2-4-CHI 31 (15:00) 81-Phillip Baird ran to CHI 25 for 6 yards. Tackle by 51-Brian Snyder.","#6 Leonard Tucker - QB","#81 Phillip Baird - WR",,,"#36 Patrick Stewart - FB","#89 Raul Kirby - TE",,"#19 Raleigh Dominguez - WR",,"#84 Heriberto Carpenter - WR",,,"#64 Richard Foreman - LT","#63 Manuel Goldberg - LG","#73 Kenneth Wood - C","#70 Corey Marshall - RG","#61 James Cardwell - RT",,"#53 Terrell Chenoweth - SLB","#50 Mark Dunton - MLB","#70 Bruno Deardorff - DT","#72 Harold Hicks - DT","#79 Anthony Duffy - RDE","#52 Kenneth Cruz - SLB","#51 Brian Snyder - MLB",,"#55 Kevin Overman - WLB","#20 Santiago Jackson - CB","#24 Grant Herman - CB",,,,"#29 Austin Hull - SS",,,,,,,,,,,,,,,,,,,,,,,,,,,,,,,,,,,,,
PHI,14:18,"CHI 25",2,1,10,"I Formation 3WR WR Out","Nickel 3-3-5 3 Deep MLB Blitz",,7,0,"1-10-CHI 25 (14:17) PENALTY - False Start (PHI 36-Patrick Stewart)","#6 Leonard Tucker - QB","#25 Justin Sharpe - RB",,,"#36 Patrick Stewart - FB",,,"#19 Raleigh Dominguez - WR","#84 Heriberto Carpenter - WR","#81 Phillip Baird - WR",,,"#64 Richard Foreman - LT","#63 Manuel Goldberg - LG","#73 Kenneth Wood - C","#70 Corey Marshall - RG","#61 James Cardwell - RT",,"#53 Terrell Chenoweth - SLB",,"#70 Bruno Deardorff - DT",,"#79 Anthony Duffy - RDE","#52 Kenneth Cruz - SLB","#51 Brian Snyder - MLB",,"#55 Kevin Overman - WLB","#20 Santiago Jackson - CB","#24 Grant Herman - CB",,"#22 John Ramirez - CB",,"#29 Austin Hull - SS","#23 Richard Foster - FS",,,,,,,,,,,,,,,,,,,,,,,,,,,,,,,,,,,,
PHI,14:16,"CHI 30",2,1,15,"I Formation Normal FL Hitch","Goal Line Attack #3",,7,0,"1-15-CHI 30 (14:17) (Hot Read) 6-Leonard Tucker pass Pass knocked down by 72-Harold Hicks. incomplete, intended for 36-Patrick Stewart. Pressure by 55-Kevin Overman.","#6 Leonard Tucker - QB","#81 Phillip Baird - WR",,,"#36 Patrick Stewart - FB","#89 Raul Kirby - TE",,"#19 Raleigh Dominguez - WR",,"#84 Heriberto Carpenter - WR",,,"#64 Richard Foreman - LT","#63 Manuel Goldberg - LG","#73 Kenneth Wood - C","#70 Corey Marshall - RG","#61 James Cardwell - RT",,"#52 Kenneth Cruz - SLB","#50 Mark Dunton - MLB","#70 Bruno Deardorff - DT","#72 Harold Hicks - DT","#79 Anthony Duffy - RDE","#53 Terrell Chenoweth - SLB","#51 Brian Snyder - MLB",,"#55 Kevin Overman - WLB","#20 Santiago Jackson - CB","#24 Grant Herman - CB",,,,"#29 Austin Hull - SS",,,,,,,,,,,,,,,,,,,,,,,,,,,,,,,,,,,,,
PHI,14:13,"CHI 30",2,2,15,"Singleback Big WR Deep","Goal Line Attack #3",12,7,0,"2-15-CHI 30 (14:14) (Hot Read) 6-Leonard Tucker pass complete to 81-Phillip Baird to CHI 19 for 12 yards. Tackle by 51-Brian Snyder.","#6 Leonard Tucker - QB","#25 Justin Sharpe - RB",,,,"#81 Phillip Baird - WR","#84 Heriberto Carpenter - WR","#82 Miles Willett - WR",,"#1 John Moran - WR",,,"#64 Richard Foreman - LT","#63 Manuel Goldberg - LG","#73 Kenneth Wood - C","#70 Corey Marshall - RG","#61 James Cardwell - RT",,"#53 Terrell Chenoweth - SLB","#50 Mark Dunton - MLB","#70 Bruno Deardorff - DT","#72 Harold Hicks - DT","#79 Anthony Duffy - RDE","#52 Kenneth Cruz - SLB","#51 Brian Snyder - MLB",,"#55 Kevin Overman - WLB","#20 Santiago Jackson - CB","#24 Grant Herman - CB",,,,"#29 Austin Hull - SS",,,,,,,,,,,,,,,,,,,,,,,,,,,,,,,,,,,,,
PHI,13:39,"CHI 19",2,3,3,"Singleback Big WR Deep","Goal Line Attack #3",-2,7,0,"3-3-CHI 19 (13:38) (Hot Read) 6-Leonard Tucker pass complete to 25-Justin Sharpe to CHI 21 for -2 yards. Tackle by 53-Terrell Chenoweth. Pressure by 55-Kevin Overman.","#6 Leonard Tucker - QB","#25 Justin Sharpe - RB",,,,"#81 Phillip Baird - WR","#84 Heriberto Carpenter - WR","#82 Miles Willett - WR",,"#1 John Moran - WR",,,"#64 Richard Foreman - LT","#63 Manuel Goldberg - LG","#73 Kenneth Wood - C","#70 Corey Marshall - RG","#61 James Cardwell - RT",,"#52 Kenneth Cruz - SLB","#50 Mark Dunton - MLB","#70 Bruno Deardorff - DT","#72 Harold Hicks - DT","#79 Anthony Duffy - RDE","#53 Terrell Chenoweth - SLB","#51 Brian Snyder - MLB",,"#55 Kevin Overman - WLB","#20 Santiago Jackson - CB","#24 Grant Herman - CB",,,,"#29 Austin Hull - SS",,,,,,,,,,,,,,,,,,,,,,,,,,,,,,,,,,,,,
PHI,13:01,"CHI 21",2,4,5,"Field Goal","FG Block",31,7,0,"4-5-CHI 21 (13:00) 14-Juan Johnson 39 yard field goal is NO GOOD. (Wide Right)",,,,,,,,,,,,,,,,,,,,,,,,,,,,,,,,,,,,"#6 Leonard Tucker - QB","#64 Richard Foreman - LT",,,,,,,,,,,,,,"#14 Juan Johnson - K","#19 Raleigh Dominguez - WR","#25 Justin Sharpe - RB","#68 Roy Farr - RT","#57 James Sullivan - LG","#63 Manuel Goldberg - LG","#70 Corey Marshall - RG","#86 Jose Watkins - TE","#61 James Cardwell - RT","#51 Brian Snyder - MLB","#79 Anthony Duffy - RDE","#70 Bruno Deardorff - DT","#50 Mark Dunton - MLB","#91 Junior Green - WLB","#23 Richard Foster - FS","#28 Jason Castellanos - SS","#52 Kenneth Cruz - SLB","#55 Kevin Overman - WLB","#20 Santiago Jackson - CB","#24 Grant Herman - CB"
CHI,12:57,"CHI 28",2,1,10,"Strong I Normal FB Trap Weak","Dime Normal Man Cover 1",2,7,0,"1-10-CHI 28 (12:58) 39-Collin Valencia ran to CHI 30 for 2 yards. Tackle by 58-Lonnie Brown.","#19 Steven Boudreau - QB","#32 Nathan Moreno - RB",,,"#39 Collin Valencia - FB","#83 Christopher Herron - TE",,"#18 Demetrius Harris - WR",,"#17 Jeffrey Graham - WR",,,"#67 Roy Hamilton - RT","#64 William Beyer - RG","#59 William Singh - C","#61 Darrel Waldron - RT","#63 William Orr - RG",,"#97 Rodger Nguyen - LDE",,"#96 Pasquale Hudson - DT","#94 Colin Millette - DT","#56 Jim Wilkes - RDE",,"#58 Lonnie Brown - MLB",,,"#30 Dale Hawkins - CB","#40 Bill Lund - CB","#32 James Cruz - CB","#22 Donald Boykin - CB",,"#21 William Lutz - CB","#41 David Linton - CB",,,,,,,,,,,,,,,,,,,,,,,,,,,,,,,,,,,,
CHI,12:20,"CHI 30",2,2,8,"I Formation Normal HB Blast","4-3 Normal Double WR3",5,7,0,"2-8-CHI 30 (12:19) 32-Nathan Moreno ran to CHI 35 for 5 yards. Tackle by 21-William Lutz.","#19 Steven Boudreau - QB","#32 Nathan Moreno - RB",,,"#39 Collin Valencia - FB","#83 Christopher Herron - TE",,"#18 Demetrius Harris - WR",,"#17 Jeffrey Graham - WR",,,"#67 Roy Hamilton - RT","#64 William Beyer - RG","#59 William Singh - C","#61 Darrel Waldron - RT","#63 William Orr - RG",,"#97 Rodger Nguyen - LDE",,"#96 Pasquale Hudson - DT","#94 Colin Millette - DT","#56 Jim Wilkes - RDE","#58 Lonnie Brown - MLB","#52 Robert Smith - WLB",,"#93 Clifford Williams - SLB","#30 Dale Hawkins - CB","#40 Bill Lund - CB",,,,"#21 William Lutz - CB","#41 David Linton - CB",,,,,,,,,,,,,,,,,,,,,,,,,,,,,,,,,,,,
CHI,11:39,"CHI 35",2,3,2,"Strong I Normal FB Trap Weak","Dime Flat Man Cover 1",6,7,0,"3-2-CHI 35 (11:38) 39-Collin Valencia ran to CHI 42 for 6 yards. Tackle by 32-James Cruz.","#19 Steven Boudreau - QB","#32 Nathan Moreno - RB",,,"#39 Collin Valencia - FB","#83 Christopher Herron - TE",,"#18 Demetrius Harris - WR",,"#17 Jeffrey Graham - WR",,,"#67 Roy Hamilton - RT","#64 William Beyer - RG","#59 William Singh - C","#61 Darrel Waldron - RT","#63 William Orr - RG",,"#97 Rodger Nguyen - LDE",,"#96 Pasquale Hudson - DT","#94 Colin Millette - DT","#99 Patrick Rock - RDE",,"#58 Lonnie Brown - MLB",,,"#30 Dale Hawkins - CB","#40 Bill Lund - CB","#32 James Cruz - CB","#22 Donald Boykin - CB",,"#41 David Linton - CB","#21 William Lutz - CB",,,,,,,,,,,,,,,,,,,,,,,,,,,,,,,,,,,,
CHI,11:01,"CHI 42",2,1,10,"Singleback 4 Wide Post and Curls","Dime Normal Man Cover 1",5,7,0,"1-10-CHI 42 (11:00) 19-Steven Boudreau pass complete to 17-Jeffrey Graham to CHI 46 for 5 yards. Tackle by 40-Bill Lund.","#19 Steven Boudreau - QB","#32 Nathan Moreno - RB",,,,,,"#18 Demetrius Harris - WR","#14 Weston Lowell - WR","#17 Jeffrey Graham - WR","#15 Joseph Vickers - WR",,"#67 Roy Hamilton - RT","#64 William Beyer - RG","#59 William Singh - C","#61 Darrel Waldron - RT","#63 William Orr - RG",,"#97 Rodger Nguyen - LDE",,"#96 Pasquale Hudson - DT","#94 Colin Millette - DT","#99 Patrick Rock - RDE",,"#58 Lonnie Brown - MLB",,,"#30 Dale Hawkins - CB","#40 Bill Lund - CB","#32 James Cruz - CB","#22 Donald Boykin - CB",,"#21 William Lutz - CB","#41 David Linton - CB",,,,,,,,,,,,,,,,,,,,,,,,,,,,,,,,,,,,
CHI,10:22,"CHI 46",2,2,5,"I Formation Normal HB Draw","4-3 Normal WLB Outside Blitz",1,7,0,"2-5-CHI 46 (10:21) 32-Nathan Moreno ran to CHI 47 for 1 yards. Tackle by 96-Pasquale Hudson.","#19 Steven Boudreau - QB","#32 Nathan Moreno - RB",,,"#39 Collin Valencia - FB","#83 Christopher Herron - TE",,"#18 Demetrius Harris - WR",,"#17 Jeffrey Graham - WR",,,"#67 Roy Hamilton - RT","#64 William Beyer - RG","#59 William Singh - C","#61 Darrel Waldron - RT","#63 William Orr - RG",,"#97 Rodger Nguyen - LDE",,"#96 Pasquale Hudson - DT","#94 Colin Millette - DT","#99 Patrick Rock - RDE","#58 Lonnie Brown - MLB","#52 Robert Smith - WLB",,"#93 Clifford Williams - SLB","#30 Dale Hawkins - CB","#40 Bill Lund - CB",,,,"#21 William Lutz - CB","#41 David Linton - CB",,,,,,,,,,,,,,,,,,,,,,,,,,,,,,,,,,,,
CHI,9:40,"CHI 47",2,3,5,"I Formation 3WR Slot Short WR Deep","Dime Flat Man Cover 1",,7,0,"3-5-CHI 47 (9:39) 19-Steven Boudreau pass Pass knocked down by 22-Donald Boykin. incomplete, intended for 14-Weston Lowell.","#19 Steven Boudreau - QB","#32 Nathan Moreno - RB",,,"#39 Collin Valencia - FB",,,"#18 Demetrius Harris - WR","#14 Weston Lowell - WR","#17 Jeffrey Graham - WR",,,"#67 Roy Hamilton - RT","#64 William Beyer - RG","#59 William Singh - C","#61 Darrel Waldron - RT","#63 William Orr - RG",,"#97 Rodger Nguyen - LDE",,"#96 Pasquale Hudson - DT","#94 Colin Millette - DT","#99 Patrick Rock - RDE",,"#58 Lonnie Brown - MLB",,,"#30 Dale Hawkins - CB","#40 Bill Lund - CB","#32 James Cruz - CB","#22 Donald Boykin - CB",,"#41 David Linton - CB","#21 William Lutz - CB",,,,,,,,,,,,,,,,,,,,,,,,,,,,,,,,,,,,
CHI,9:34,"CHI 47",2,4,5,Punt,"Punt Return",44,7,0,"4-5-CHI 47 (9:35) 1-Thomas Johnson punts 44 yards to PHI 9.",,,,,,,,,,,,,,,,,,"#1 Thomas Johnson - P",,,,,,,,,,,,,,,,,,,"#64 William Beyer - RG",,"#19 Raleigh Dominguez - WR",,,"#40 Bill Lund - CB","#33 Bret Shelley - SS","#93 Clifford Williams - SLB",,"#23 David Adkins - CB","#41 David Linton - CB",,"#59 Arron Hilliard - WLB",,,,"#57 Ernesto Schoen - C","#58 Shane Hollingsworth - C","#61 Darrel Waldron - RT","#63 William Orr - RG","#59 William Singh - C","#56 Michael Trigg - LG",,"#99 Patrick Rock - RDE","#58 Lonnie Brown - MLB","#72 William Ingram - DT","#52 Robert Smith - WLB",,,,,,,
PHI,9:24,"PHI 9",2,1,10,"I Formation Normal FL Hitch","Goal Line Attack #3",-5,7,0,"1-10-PHI 9 (9:25) (Hot Read) 6-Leonard Tucker pass complete to 36-Patrick Stewart to PHI 4 for -5 yards. Tackle by 70-Bruno Deardorff. Pressure by 79-Anthony Duffy.","#6 Leonard Tucker - QB","#81 Phillip Baird - WR",,,"#36 Patrick Stewart - FB","#89 Raul Kirby - TE",,"#19 Raleigh Dominguez - WR",,"#84 Heriberto Carpenter - WR",,,"#64 Richard Foreman - LT","#63 Manuel Goldberg - LG","#73 Kenneth Wood - C","#70 Corey Marshall - RG","#61 James Cardwell - RT",,"#52 Kenneth Cruz - SLB","#77 David Ezell - LDE","#70 Bruno Deardorff - DT","#72 Harold Hicks - DT","#79 Anthony Duffy - RDE","#53 Terrell Chenoweth - SLB","#51 Brian Snyder - MLB",,"#55 Kevin Overman - WLB","#20 Santiago Jackson - CB","#22 John Ramirez - CB",,,,"#28 Jason Castellanos - SS",,,,,,,,,,,,,,,,,,,,,,,,,,,,,,,,,,,,,
PHI,8:45,"PHI 4",2,2,15,"I Formation 3WR Slot Short WR Deep","Nickel 3-3-5 CB1 CB2 Blitz",11,7,0,"2-15-PHI 4 (8:44) 6-Leonard Tucker pass complete to 84-Heriberto Carpenter to PHI 14 for 11 yards. Tackle by 52-Kenneth Cruz.","#6 Leonard Tucker - QB","#25 Justin Sharpe - RB",,,"#36 Patrick Stewart - FB",,,"#19 Raleigh Dominguez - WR","#84 Heriberto Carpenter - WR","#81 Phillip Baird - WR",,,"#64 Richard Foreman - LT","#63 Manuel Goldberg - LG","#73 Kenneth Wood - C","#70 Corey Marshall - RG","#61 James Cardwell - RT",,"#53 Terrell Chenoweth - SLB",,"#70 Bruno Deardorff - DT",,"#79 Anthony Duffy - RDE","#52 Kenneth Cruz - SLB","#51 Brian Snyder - MLB",,"#55 Kevin Overman - WLB","#20 Santiago Jackson - CB","#24 Grant Herman - CB",,"#22 John Ramirez - CB",,"#29 Austin Hull - SS","#23 Richard Foster - FS",,,,,,,,,,,,,,,,,,,,,,,,,,,,,,,,,,,,
PHI,8:03,"PHI 14",2,3,5,"I Formation Normal Max Protect","Goal Line Attack #3",11,7,0,"3-5-PHI 14 (8:02) 6-Leonard Tucker pass complete to 84-Heriberto Carpenter to PHI 25 for 11 yards. Tackle by 24-Grant Herman.","#6 Leonard Tucker - QB","#81 Phillip Baird - WR",,,"#36 Patrick Stewart - FB","#89 Raul Kirby - TE",,"#19 Raleigh Dominguez - WR",,"#84 Heriberto Carpenter - WR",,,"#64 Richard Foreman - LT","#63 Manuel Goldberg - LG","#73 Kenneth Wood - C","#70 Corey Marshall - RG","#61 James Cardwell - RT",,"#53 Terrell Chenoweth - SLB","#50 Mark Dunton - MLB","#70 Bruno Deardorff - DT","#72 Harold Hicks - DT","#79 Anthony Duffy - RDE","#52 Kenneth Cruz - SLB","#51 Brian Snyder - MLB",,"#55 Kevin Overman - WLB","#20 Santiago Jackson - CB","#24 Grant Herman - CB",,,,"#28 Jason Castellanos - SS",,,,,,,,,,,,,,,,,,,,,,,,,,,,,,,,,,,,,
PHI,7:20,"PHI 25",2,1,10,"I Formation Twin WR Hard Slants","Goal Line Attack #3",,7,0,"1-10-PHI 25 (7:19) (Hot Read) 6-Leonard Tucker pass Pass knocked down by 52-Kenneth Cruz. incomplete, intended for 36-Patrick Stewart. Pressure by 53-Terrell Chenoweth.","#6 Leonard Tucker - QB","#25 Justin Sharpe - RB",,,"#36 Patrick Stewart - FB","#84 Heriberto Carpenter - WR",,"#81 Phillip Baird - WR",,"#19 Raleigh Dominguez - WR",,,"#64 Richard Foreman - LT","#63 Manuel Goldberg - LG","#73 Kenneth Wood - C","#70 Corey Marshall - RG","#61 James Cardwell - RT",,"#52 Kenneth Cruz - SLB","#50 Mark Dunton - MLB","#70 Bruno Deardorff - DT","#72 Harold Hicks - DT","#79 Anthony Duffy - RDE","#53 Terrell Chenoweth - SLB","#51 Brian Snyder - MLB",,"#55 Kevin Overman - WLB","#20 Santiago Jackson - CB","#22 John Ramirez - CB",,,,"#29 Austin Hull - SS",,,,,,,,,,,,,,,,,,,,,,,,,,,,,,,,,,,,,
PHI,7:16,"PHI 25",2,2,10,"Weak I Normal WR Corner TE Middle","Goal Line Attack #3",,7,0,"2-10-PHI 25 (7:17) PENALTY - False Start (PHI 81-Phillip Baird)","#6 Leonard Tucker - QB","#81 Phillip Baird - WR",,,"#36 Patrick Stewart - FB","#89 Raul Kirby - TE",,"#1 John Moran - WR",,"#19 Raleigh Dominguez - WR",,,"#64 Richard Foreman - LT","#63 Manuel Goldberg - LG","#73 Kenneth Wood - C","#70 Corey Marshall - RG","#61 James Cardwell - RT",,"#53 Terrell Chenoweth - SLB","#50 Mark Dunton - MLB","#70 Bruno Deardorff - DT","#72 Harold Hicks - DT","#79 Anthony Duffy - RDE","#52 Kenneth Cruz - SLB","#51 Brian Snyder - MLB",,"#55 Kevin Overman - WLB","#20 Santiago Jackson - CB","#24 Grant Herman - CB",,,,"#29 Austin Hull - SS",,,,,,,,,,,,,,,,,,,,,,,,,,,,,,,,,,,,,
PHI,7:16,"PHI 20",2,2,15,"Singleback Normal HB Dive Strong","Nickel 3-3-5 3 Deep MLB Blitz",2,7,0,"2-15-PHI 20 (7:17) 25-Justin Sharpe ran to PHI 22 for 2 yards. Tackle by 70-Bruno Deardorff.","#6 Leonard Tucker - QB","#25 Justin Sharpe - RB",,,,"#89 Raul Kirby - TE",,"#19 Raleigh Dominguez - WR","#81 Phillip Baird - WR","#84 Heriberto Carpenter - WR",,,"#64 Richard Foreman - LT","#63 Manuel Goldberg - LG","#73 Kenneth Wood - C","#70 Corey Marshall - RG","#61 James Cardwell - RT",,"#53 Terrell Chenoweth - SLB",,"#70 Bruno Deardorff - DT",,"#79 Anthony Duffy - RDE","#52 Kenneth Cruz - SLB","#51 Brian Snyder - MLB",,"#55 Kevin Overman - WLB","#20 Santiago Jackson - CB","#24 Grant Herman - CB",,"#22 John Ramirez - CB",,"#29 Austin Hull - SS","#23 Richard Foster - FS",,,,,,,,,,,,,,,,,,,,,,,,,,,,,,,,,,,,
PHI,6:42,"PHI 22",2,3,13,"I Formation Normal FL Hitch","Goal Line Attack #3",,7,0,"3-13-PHI 22 (6:41) (Hot Read) 6-Leonard Tucker pass Pass knocked down by 51-Brian Snyder. incomplete, intended for 36-Patrick Stewart. Pressure by 55-Kevin Overman.","#6 Leonard Tucker - QB","#81 Phillip Baird - WR",,,"#36 Patrick Stewart - FB","#89 Raul Kirby - TE",,"#19 Raleigh Dominguez - WR",,"#84 Heriberto Carpenter - WR",,,"#64 Richard Foreman - LT","#63 Manuel Goldberg - LG","#73 Kenneth Wood - C","#70 Corey Marshall - RG","#61 James Cardwell - RT",,"#52 Kenneth Cruz - SLB","#50 Mark Dunton - MLB","#70 Bruno Deardorff - DT","#72 Harold Hicks - DT","#79 Anthony Duffy - RDE","#53 Terrell Chenoweth - SLB","#51 Brian Snyder - MLB",,"#55 Kevin Overman - WLB","#20 Santiago Jackson - CB","#24 Grant Herman - CB",,,,"#29 Austin Hull - SS",,,,,,,,,,,,,,,,,,,,,,,,,,,,,,,,,,,,,
PHI,6:37,"PHI 22",2,4,13,Punt,"Punt Return",41,7,0,"4-13-PHI 22 (6:38) 5-Teddy Mazza punts 45 yards to CHI 33. 18-Demetrius Harris to CHI 38 for 5 yards. 18-Demetrius Harris FUMBLES (25-Justin Sharpe) recovered by PHI-40-Bill Lund to CHI 36 for 1 yards. Tackle by 51-Brian Snyder.",,,,,,,,,,,,,,,,,,"#5 Teddy Mazza - P",,,,,,,,,,,,,,,,,,,"#57 James Sullivan - LG",,"#18 Demetrius Harris - WR",,,"#24 Grant Herman - CB","#77 David Ezell - LDE","#50 Mark Dunton - MLB",,"#29 Austin Hull - SS","#20 Santiago Jackson - CB",,"#52 Kenneth Cruz - SLB",,,,"#25 Justin Sharpe - RB","#68 Roy Farr - RT","#64 Richard Foreman - LT","#63 Manuel Goldberg - LG","#70 Corey Marshall - RG","#86 Jose Watkins - TE",,"#55 Kevin Overman - WLB","#79 Anthony Duffy - RDE","#70 Bruno Deardorff - DT","#51 Brian Snyder - MLB",,,,,,,
PHI,6:28,"CHI 36",2,1,10,"I Formation Power PA Flats","Goal Line Attack #3",29,7,0,"1-10-CHI 36 (6:29) 6-Leonard Tucker pass complete to 19-Raleigh Dominguez to CHI 7 for 29 yards. Tackle by 22-John Ramirez. I think the defense might be using that play a bit too frequently.","#6 Leonard Tucker - QB","#25 Justin Sharpe - RB",,"#81 Phillip Baird - WR","#36 Patrick Stewart - FB","#84 Heriberto Carpenter - WR",,"#19 Raleigh Dominguez - WR",,,,,"#64 Richard Foreman - LT","#63 Manuel Goldberg - LG","#73 Kenneth Wood - C","#70 Corey Marshall - RG","#61 James Cardwell - RT",,"#77 David Ezell - LDE","#72 Harold Hicks - DT","#70 Bruno Deardorff - DT","#55 Kevin Overman - WLB","#79 Anthony Duffy - RDE","#53 Terrell Chenoweth - SLB","#51 Brian Snyder - MLB",,"#52 Kenneth Cruz - SLB","#22 John Ramirez - CB","#26 Luis Windsor - FS",,,,"#28 Jason Castellanos - SS",,,,,,,,,,,,,,,,,,,,,,,,,,,,,,,,,,,,,
PHI,5:43,"CHI 7",2,1,7,"I Formation Twin WR Quick Outs","Goal Line Attack #3",,7,0,"1-7-CHI 7 (5:42) (Hot Read) 6-Leonard Tucker pass incomplete, intended for 36-Patrick Stewart. Pressure by 53-Terrell Chenoweth.","#6 Leonard Tucker - QB","#25 Justin Sharpe - RB",,,"#36 Patrick Stewart - FB","#84 Heriberto Carpenter - WR",,"#81 Phillip Baird - WR",,"#19 Raleigh Dominguez - WR",,,"#64 Richard Foreman - LT","#63 Manuel Goldberg - LG","#73 Kenneth Wood - C","#70 Corey Marshall - RG","#61 James Cardwell - RT",,"#52 Kenneth Cruz - SLB","#50 Mark Dunton - MLB","#70 Bruno Deardorff - DT","#72 Harold Hicks - DT","#79 Anthony Duffy - RDE","#53 Terrell Chenoweth - SLB","#51 Brian Snyder - MLB",,"#55 Kevin Overman - WLB","#20 Santiago Jackson - CB","#24 Grant Herman - CB",,,,"#29 Austin Hull - SS",,,,,,,,,,,,,,,,,,,,,,,,,,,,,,,,,,,,,
PHI,5:38,"CHI 7",2,2,7,"I Formation Power PA Flats","Goal Line Attack #3",11,7,6,"2-7-CHI 7 (5:39) 6-Leonard Tucker pass complete to 19-Raleigh Dominguez for 7 yards. TOUCHDOWN! 20-Santiago Jackson got away with a hold on that play. CHI 7 PHI 6","#6 Leonard Tucker - QB","#25 Justin Sharpe - RB",,"#81 Phillip Baird - WR","#36 Patrick Stewart - FB","#84 Heriberto Carpenter - WR",,"#19 Raleigh Dominguez - WR",,,,,"#64 Richard Foreman - LT","#63 Manuel Goldberg - LG","#73 Kenneth Wood - C","#70 Corey Marshall - RG","#61 James Cardwell - RT",,"#52 Kenneth Cruz - SLB","#50 Mark Dunton - MLB","#70 Bruno Deardorff - DT","#72 Harold Hicks - DT","#79 Anthony Duffy - RDE","#53 Terrell Chenoweth - SLB","#51 Brian Snyder - MLB",,"#55 Kevin Overman - WLB","#20 Santiago Jackson - CB","#24 Grant Herman - CB",,,,"#29 Austin Hull - SS",,,,,,,,,,,,,,,,,,,,,,,,,,,,,,,,,,,,,
PHI,5:36,"CHI 15",2,7,15,"Field Goal","FG Block",26,7,7,"(5:37) Extra point GOOD by 14-Juan Johnson. CHI 7 PHI 7",,,,,,,,,,,,,,,,,,,,,,,,,,,,,,,,,,,,"#6 Leonard Tucker - QB","#57 James Sullivan - LG",,,,,,,,,,,,,,"#14 Juan Johnson - K","#19 Raleigh Dominguez - WR","#25 Justin Sharpe - RB","#68 Roy Farr - RT","#64 Richard Foreman - LT","#63 Manuel Goldberg - LG","#70 Corey Marshall - RG","#86 Jose Watkins - TE","#61 James Cardwell - RT","#51 Brian Snyder - MLB","#79 Anthony Duffy - RDE","#70 Bruno Deardorff - DT","#50 Mark Dunton - MLB","#91 Junior Green - WLB","#23 Richard Foster - FS","#28 Jason Castellanos - SS","#52 Kenneth Cruz - SLB","#55 Kevin Overman - WLB","#20 Santiago Jackson - CB","#24 Grant Herman - CB"
PHI,5:36,"PHI 35",2,6,10,Kickoff,"Kick Return",,7,7,"(5:37) 14-Juan Johnson kicks 75 yards from PHI 35 to CHI -10. Touchback.",,,,,,,,,,,,,,,,,,,,,,,,,,,,,,,,,,,,,,"#18 Demetrius Harris - WR",,"#22 John Ramirez - CB","#55 Kevin Overman - WLB","#24 Grant Herman - CB","#52 Kenneth Cruz - SLB","#50 Mark Dunton - MLB","#77 David Ezell - LDE","#29 Austin Hull - SS","#20 Santiago Jackson - CB","#79 Anthony Duffy - RDE","#51 Brian Snyder - MLB","#14 Juan Johnson - K",,,,,,,,,,,,,,,,,,,,
CHI,5:36,"CHI 25",2,1,10,"I Formation Normal HB Blast","Dime Flat MLB SS Blitz",5,7,7,"1-10-CHI 25 (5:37) 32-Nathan Moreno ran to CHI 30 for 5 yards. Tackle by 41-David Linton.","#19 Steven Boudreau - QB","#32 Nathan Moreno - RB",,,"#39 Collin Valencia - FB","#83 Christopher Herron - TE",,"#18 Demetrius Harris - WR",,"#17 Jeffrey Graham - WR",,,"#67 Roy Hamilton - RT","#64 William Beyer - RG","#59 William Singh - C","#61 Darrel Waldron - RT","#63 William Orr - RG",,"#97 Rodger Nguyen - LDE",,"#96 Pasquale Hudson - DT","#94 Colin Millette - DT","#99 Patrick Rock - RDE",,"#58 Lonnie Brown - MLB",,,"#30 Dale Hawkins - CB","#40 Bill Lund - CB","#32 James Cruz - CB","#22 Donald Boykin - CB",,"#41 David Linton - CB","#21 William Lutz - CB",,,,,,,,,,,,,,,,,,,,,,,,,,,,,,,,,,,,
CHI,5:04,"CHI 30",2,2,5,"I Formation Normal Curl & Post","4-3 Normal Double WR1",-8,7,7,"2-5-CHI 30 (5:03) 19-Steven Boudreau sacked at CHI 22 for -8 yards (99-Patrick Rock). Sack allowed by 67-Roy Hamilton.","#19 Steven Boudreau - QB","#32 Nathan Moreno - RB",,,"#39 Collin Valencia - FB","#83 Christopher Herron - TE",,"#18 Demetrius Harris - WR",,"#17 Jeffrey Graham - WR",,,"#67 Roy Hamilton - RT","#64 William Beyer - RG","#59 William Singh - C","#61 Darrel Waldron - RT","#63 William Orr - RG",,"#97 Rodger Nguyen - LDE",,"#96 Pasquale Hudson - DT","#94 Colin Millette - DT","#99 Patrick Rock - RDE","#58 Lonnie Brown - MLB","#52 Robert Smith - WLB",,"#93 Clifford Williams - SLB","#30 Dale Hawkins - CB","#40 Bill Lund - CB",,,,"#21 William Lutz - CB","#41 David Linton - CB",,,,,,,,,,,,,,,,,,,,,,,,,,,,,,,,,,,,
CHI,4:22,"CHI 22",2,3,13,"Singleback 4 Wide Deep Middle","Dime Normal Man Cover 1",,7,7,"3-13-CHI 22 (4:21) 19-Steven Boudreau pass Pass knocked down by 22-Donald Boykin. incomplete, intended for 14-Weston Lowell. Pressure by 97-Rodger Nguyen.","#19 Steven Boudreau - QB","#32 Nathan Moreno - RB",,,,,,"#18 Demetrius Harris - WR","#14 Weston Lowell - WR","#17 Jeffrey Graham - WR","#15 Joseph Vickers - WR",,"#67 Roy Hamilton - RT","#64 William Beyer - RG","#59 William Singh - C","#61 Darrel Waldron - RT","#63 William Orr - RG",,"#97 Rodger Nguyen - LDE",,"#96 Pasquale Hudson - DT","#94 Colin Millette - DT","#99 Patrick Rock - RDE",,"#58 Lonnie Brown - MLB",,,"#30 Dale Hawkins - CB","#40 Bill Lund - CB","#32 James Cruz - CB","#22 Donald Boykin - CB",,"#21 William Lutz - CB","#41 David Linton - CB",,,,,,,,,,,,,,,,,,,,,,,,,,,,,,,,,,,,
CHI,4:16,"CHI 22",2,4,13,Punt,"Punt Return",,7,7,"4-13-CHI 22 (4:17) 1-Thomas Johnson punts 42 yards to PHI 36. Fair Catch by 19-Raleigh Dominguez.",,,,,,,,,,,,,,,,,,"#1 Thomas Johnson - P",,,,,,,,,,,,,,,,,,,"#64 William Beyer - RG",,"#19 Raleigh Dominguez - WR",,,"#40 Bill Lund - CB","#41 David Linton - CB","#58 Lonnie Brown - MLB",,"#23 David Adkins - CB","#59 Arron Hilliard - WLB",,"#33 Bret Shelley - SS",,,,"#57 Ernesto Schoen - C","#58 Shane Hollingsworth - C","#61 Darrel Waldron - RT","#63 William Orr - RG","#59 William Singh - C","#56 Michael Trigg - LG",,"#99 Patrick Rock - RDE","#93 Clifford Williams - SLB","#72 William Ingram - DT","#52 Robert Smith - WLB",,,,,,,
PHI,4:10,"PHI 36",2,1,10,"I Formation 3WR WR Out","Nickel 3-3-5 CB1 CB2 Blitz",,7,7,"1-10-PHI 36 (4:11) 6-Leonard Tucker pass Pass knocked down by 55-Kevin Overman. incomplete, intended for 81-Phillip Baird.","#6 Leonard Tucker - QB","#25 Justin Sharpe - RB",,,"#36 Patrick Stewart - FB",,,"#19 Raleigh Dominguez - WR","#84 Heriberto Carpenter - WR","#81 Phillip Baird - WR",,,"#64 Richard Foreman - LT","#63 Manuel Goldberg - LG","#73 Kenneth Wood - C","#70 Corey Marshall - RG","#61 James Cardwell - RT",,"#52 Kenneth Cruz - SLB",,"#70 Bruno Deardorff - DT",,"#79 Anthony Duffy - RDE","#53 Terrell Chenoweth - SLB","#51 Brian Snyder - MLB",,"#55 Kevin Overman - WLB","#20 Santiago Jackson - CB","#24 Grant Herman - CB",,"#22 John Ramirez - CB",,"#29 Austin Hull - SS","#23 Richard Foster - FS",,,,,,,,,,,,,,,,,,,,,,,,,,,,,,,,,,,,
PHI,4:07,"PHI 36",2,2,10,"Split Backs 3 Wide Dive Left","Nickel 3-3-5 3 Deep MLB Blitz",-0,7,7,"2-10-PHI 36 (4:08) 25-Justin Sharpe ran to PHI 36 for a short loss. Tackle by 70-Bruno Deardorff.","#6 Leonard Tucker - QB","#36 Patrick Stewart - FB",,,"#25 Justin Sharpe - RB",,,"#19 Raleigh Dominguez - WR","#1 John Moran - WR","#84 Heriberto Carpenter - WR",,,"#64 Richard Foreman - LT","#63 Manuel Goldberg - LG","#73 Kenneth Wood - C","#70 Corey Marshall - RG","#61 James Cardwell - RT",,"#52 Kenneth Cruz - SLB",,"#70 Bruno Deardorff - DT",,"#79 Anthony Duffy - RDE","#53 Terrell Chenoweth - SLB","#51 Brian Snyder - MLB",,"#55 Kevin Overman - WLB","#20 Santiago Jackson - CB","#24 Grant Herman - CB",,"#22 John Ramirez - CB",,"#29 Austin Hull - SS","#23 Richard Foster - FS",,,,,,,,,,,,,,,,,,,,,,,,,,,,,,,,,,,,
PHI,3:33,"PHI 36",2,3,10,"Singleback Big WR Deep","Goal Line Attack #3",6,7,7,"3-10-PHI 36 (3:32) (Hot Read) 6-Leonard Tucker pass complete to 81-Phillip Baird to PHI 42 for 6 yards. Tackle by 20-Santiago Jackson.","#6 Leonard Tucker - QB","#25 Justin Sharpe - RB",,,,"#81 Phillip Baird - WR","#84 Heriberto Carpenter - WR","#82 Miles Willett - WR",,"#1 John Moran - WR",,,"#64 Richard Foreman - LT","#63 Manuel Goldberg - LG","#73 Kenneth Wood - C","#70 Corey Marshall - RG","#61 James Cardwell - RT",,"#52 Kenneth Cruz - SLB","#50 Mark Dunton - MLB","#70 Bruno Deardorff - DT","#72 Harold Hicks - DT","#79 Anthony Duffy - RDE","#53 Terrell Chenoweth - SLB","#51 Brian Snyder - MLB",,"#55 Kevin Overman - WLB","#20 Santiago Jackson - CB","#24 Grant Herman - CB",,,,"#29 Austin Hull - SS",,,,,,,,,,,,,,,,,,,,,,,,,,,,,,,,,,,,,
PHI,2:56,"PHI 42",2,4,4,Punt,"Punt Return",62,7,7,"4-4-PHI 42 (2:55) 5-Teddy Mazza punts 62 yards to CHI -4.4-4-PHI 42 (2:55) 5-Teddy Mazza punts 62 yards to CHI -4. Touchback.",,,,,,,,,,,,,,,,,,"#5 Teddy Mazza - P",,,,,,,,,,,,,,,,,,,"#57 James Sullivan - LG",,"#18 Demetrius Harris - WR",,,"#24 Grant Herman - CB","#77 David Ezell - LDE","#50 Mark Dunton - MLB",,"#29 Austin Hull - SS","#20 Santiago Jackson - CB",,"#52 Kenneth Cruz - SLB",,,,"#25 Justin Sharpe - RB","#68 Roy Farr - RT","#64 Richard Foreman - LT","#63 Manuel Goldberg - LG","#70 Corey Marshall - RG","#86 Jose Watkins - TE",,"#55 Kevin Overman - WLB","#79 Anthony Duffy - RDE","#70 Bruno Deardorff - DT","#51 Brian Snyder - MLB",,,,,,,
CHI,2:46,"CHI 20",2,1,10,"I Formation Normal HB Blast","Dime Flat MLB SS Blitz",8,7,7,"1-10-CHI 20 (2:47) 32-Nathan Moreno ran to CHI 28 for 8 yards. Tackle by 22-Donald Boykin.","#19 Steven Boudreau - QB","#32 Nathan Moreno - RB",,,"#39 Collin Valencia - FB","#83 Christopher Herron - TE",,"#18 Demetrius Harris - WR",,"#17 Jeffrey Graham - WR",,,"#67 Roy Hamilton - RT","#64 William Beyer - RG","#59 William Singh - C","#61 Darrel Waldron - RT","#63 William Orr - RG",,"#97 Rodger Nguyen - LDE",,"#96 Pasquale Hudson - DT","#94 Colin Millette - DT","#99 Patrick Rock - RDE",,"#59 Arron Hilliard - WLB",,,"#30 Dale Hawkins - CB","#22 Donald Boykin - CB","#28 Gary McKenney - CB","#32 James Cruz - CB",,"#41 David Linton - CB","#21 William Lutz - CB",,,,,,,,,,,,,,,,,,,,,,,,,,,,,,,,,,,,
CHI,2:11,"CHI 28",2,2,2,"Weak I Normal Fullback Counter Weak","Dime Flat MLB SS Blitz",1,7,7,"2-2-CHI 28 (2:10) 39-Collin Valencia ran to CHI 29 for 1 yards. Tackle by 58-Lonnie Brown.","#19 Steven Boudreau - QB","#32 Nathan Moreno - RB",,,"#39 Collin Valencia - FB","#83 Christopher Herron - TE",,"#18 Demetrius Harris - WR",,"#17 Jeffrey Graham - WR",,,"#67 Roy Hamilton - RT","#64 William Beyer - RG","#59 William Singh - C","#61 Darrel Waldron - RT","#63 William Orr - RG",,"#97 Rodger Nguyen - LDE",,"#96 Pasquale Hudson - DT","#94 Colin Millette - DT","#99 Patrick Rock - RDE",,"#58 Lonnie Brown - MLB",,,"#30 Dale Hawkins - CB","#40 Bill Lund - CB","#32 James Cruz - CB","#22 Donald Boykin - CB",,"#41 David Linton - CB","#21 William Lutz - CB",,,,,,,,,,,,,,,,,,,,,,,,,,,,,,,,,,,,
,2:00,,2,3,1,,,,7,7,"Timeout for two minute warning.",,,,,,,,,,,,,,,,,,,,,,,,,,,,,,,,,,,,,,,,,,,,,,,,,,,,,,,,,,,,,,,,,,,,,,
CHI,2:00,"CHI 29",2,3,1,"I Formation Normal FL Hitch","4-3 Under Crash Right",,7,7,"3-1-CHI 29 (2:00) 19-Steven Boudreau pass Pass knocked down by 40-Bill Lund. incomplete, intended for 17-Jeffrey Graham.","#19 Steven Boudreau - QB","#30 Joe Chapman - RB",,,"#39 Collin Valencia - FB","#83 Christopher Herron - TE",,"#18 Demetrius Harris - WR",,"#17 Jeffrey Graham - WR",,,"#67 Roy Hamilton - RT","#64 William Beyer - RG","#59 William Singh - C","#61 Darrel Waldron - RT","#63 William Orr - RG",,"#97 Rodger Nguyen - LDE",,"#96 Pasquale Hudson - DT","#94 Colin Millette - DT","#99 Patrick Rock - RDE","#93 Clifford Williams - SLB","#58 Lonnie Brown - MLB",,"#59 Arron Hilliard - WLB","#30 Dale Hawkins - CB","#40 Bill Lund - CB",,,,"#21 William Lutz - CB","#41 David Linton - CB",,,,,,,,,,,,,,,,,,,,,,,,,,,,,,,,,,,,
CHI,1:57,"CHI 29",2,4,1,Punt,"Punt Return",,7,7,"4-1-CHI 29 (1:58) 1-Thomas Johnson punts 50 yards to PHI 21. 19-Raleigh Dominguez to PHI 41 for 21 yards.",,,,,,,,,,,,,,,,,,"#1 Thomas Johnson - P",,,,,,,,,,,,,,,,,,,"#64 William Beyer - RG",,"#19 Raleigh Dominguez - WR",,,"#40 Bill Lund - CB","#33 Bret Shelley - SS","#58 Lonnie Brown - MLB",,"#23 David Adkins - CB","#41 David Linton - CB",,"#59 Arron Hilliard - WLB",,,,"#57 Ernesto Schoen - C","#58 Shane Hollingsworth - C","#61 Darrel Waldron - RT","#63 William Orr - RG","#59 William Singh - C","#56 Michael Trigg - LG",,"#99 Patrick Rock - RDE","#93 Clifford Williams - SLB","#72 William Ingram - DT","#52 Robert Smith - WLB",,,,,,,
PHI,1:46,"PHI 41",2,1,10,"Singleback Normal HB Inside Weak","Nickel 3-3-5 Cover 2 Man Under",,7,7,"1-10-PHI 41 (1:47) 25-Justin Sharpe ran to PHI 49 for 7 yards. 25-Justin Sharpe FUMBLES (23-Richard Foster) recovered by CHI-23-Richard Foster at PHI 48. Tackle by 70-Corey Marshall. PHI 89-Raul Kirby was injured on the play. He looks like he should be able to return.","#6 Leonard Tucker - QB","#25 Justin Sharpe - RB",,,,"#89 Raul Kirby - TE",,"#84 Heriberto Carpenter - WR","#82 Miles Willett - WR","#81 Phillip Baird - WR",,,"#64 Richard Foreman - LT","#63 Manuel Goldberg - LG","#73 Kenneth Wood - C","#70 Corey Marshall - RG","#61 James Cardwell - RT",,"#52 Kenneth Cruz - SLB",,"#70 Bruno Deardorff - DT",,"#79 Anthony Duffy - RDE","#53 Terrell Chenoweth - SLB","#51 Brian Snyder - MLB",,"#55 Kevin Overman - WLB","#20 Santiago Jackson - CB","#22 John Ramirez - CB",,"#26 Luis Windsor - FS",,"#28 Jason Castellanos - SS","#23 Richard Foster - FS",,,,,,,,,,,,,,,,,,,,,,,,,,,,,,,,,,,,
CHI,1:41,"PHI 48",2,1,10,"I Formation Normal FB Middle","4-3 Under Crash Right",2,7,7,"1-10-PHI 48 (1:42) 19-Steven Boudreau pass complete to 18-Demetrius Harris to PHI 46 for 2 yards. Tackle by 30-Dale Hawkins. Great move by 18-Demetrius Harris to get free of his coverage. Pressure by 99-Patrick Rock.","#19 Steven Boudreau - QB","#32 Nathan Moreno - RB",,,"#39 Collin Valencia - FB","#83 Christopher Herron - TE",,"#18 Demetrius Harris - WR",,"#17 Jeffrey Graham - WR",,,"#67 Roy Hamilton - RT","#64 William Beyer - RG","#59 William Singh - C","#61 Darrel Waldron - RT","#63 William Orr - RG",,"#97 Rodger Nguyen - LDE",,"#96 Pasquale Hudson - DT","#94 Colin Millette - DT","#99 Patrick Rock - RDE","#93 Clifford Williams - SLB","#58 Lonnie Brown - MLB",,"#59 Arron Hilliard - WLB","#30 Dale Hawkins - CB","#40 Bill Lund - CB",,,,"#21 William Lutz - CB","#41 David Linton - CB",,,,,,,,,,,,,,,,,,,,,,,,,,,,,,,,,,,,
,1:38,,2,2,8,,,,7,7,"Timeout CHI",,,,,,,,,,,,,,,,,,,,,,,,,,,,,,,,,,,,,,,,,,,,,,,,,,,,,,,,,,,,,,,,,,,,,,
CHI,1:36,"PHI 46",2,2,8,"I Formation Normal FL Hitch","4-3 Normal Double WR1",,7,7,"2-8-PHI 46 (1:37) 19-Steven Boudreau pass incomplete, intended for 18-Demetrius Harris. PENALTY - Holding (CHI 63-William Orr)","#19 Steven Boudreau - QB","#32 Nathan Moreno - RB",,,"#39 Collin Valencia - FB","#83 Christopher Herron - TE",,"#18 Demetrius Harris - WR",,"#17 Jeffrey Graham - WR",,,"#67 Roy Hamilton - RT","#64 William Beyer - RG","#59 William Singh - C","#61 Darrel Waldron - RT","#63 William Orr - RG",,"#97 Rodger Nguyen - LDE",,"#96 Pasquale Hudson - DT","#94 Colin Millette - DT","#99 Patrick Rock - RDE","#58 Lonnie Brown - MLB","#52 Robert Smith - WLB",,"#93 Clifford Williams - SLB","#30 Dale Hawkins - CB","#40 Bill Lund - CB",,,,"#21 William Lutz - CB","#41 David Linton - CB",,,,,,,,,,,,,,,,,,,,,,,,,,,,,,,,,,,,
CHI,1:33,"CHI 44",2,2,18,"Shotgun Normal Deep Weak In and Out","4-3 Under Crash Right",-12,7,7,"2-18-CHI 44 (1:34) 19-Steven Boudreau sacked at CHI 34 for -10 yards (94-Colin Millette). Sack allowed by 64-William Beyer. 19-Steven Boudreau FUMBLES (94-Colin Millette) recovered by CHI-19-Steven Boudreau at CHI 32. 19-Steven Boudreau sacked at CHI 32 for -12 yards (94-Colin Millette). Sack allowed by 64-William Beyer.","#19 Steven Boudreau - QB","#32 Nathan Moreno - RB",,,,"#83 Christopher Herron - TE",,"#18 Demetrius Harris - WR","#14 Weston Lowell - WR","#17 Jeffrey Graham - WR",,,"#67 Roy Hamilton - RT","#64 William Beyer - RG","#59 William Singh - C","#61 Darrel Waldron - RT","#63 William Orr - RG",,"#97 Rodger Nguyen - LDE",,"#96 Pasquale Hudson - DT","#94 Colin Millette - DT","#99 Patrick Rock - RDE","#93 Clifford Williams - SLB","#58 Lonnie Brown - MLB",,"#59 Arron Hilliard - WLB","#30 Dale Hawkins - CB","#40 Bill Lund - CB",,,,"#21 William Lutz - CB","#41 David Linton - CB",,,,,,,,,,,,,,,,,,,,,,,,,,,,,,,,,,,,
,1:29,,2,3,29,,,,7,7,"Timeout PHI",,,,,,,,,,,,,,,,,,,,,,,,,,,,,,,,,,,,,,,,,,,,,,,,,,,,,,,,,,,,,,,,,,,,,,
CHI,1:25,"CHI 32",2,3,29,"Singleback Empty 4 Short Posts","Dime Normal Man Cover 1",2,7,7,"3-29-CHI 32 (1:26) 19-Steven Boudreau pass complete to 83-Christopher Herron to CHI 34 for 2 yards. Tackle by 22-Donald Boykin. 83-Christopher Herron breaks down the CB.","#19 Steven Boudreau - QB",,,,,"#83 Christopher Herron - TE",,"#18 Demetrius Harris - WR","#14 Weston Lowell - WR","#17 Jeffrey Graham - WR","#15 Joseph Vickers - WR",,"#67 Roy Hamilton - RT","#64 William Beyer - RG","#59 William Singh - C","#61 Darrel Waldron - RT","#63 William Orr - RG",,"#97 Rodger Nguyen - LDE",,"#96 Pasquale Hudson - DT","#94 Colin Millette - DT","#99 Patrick Rock - RDE",,"#58 Lonnie Brown - MLB",,,"#30 Dale Hawkins - CB","#40 Bill Lund - CB","#32 James Cruz - CB","#22 Donald Boykin - CB",,"#21 William Lutz - CB","#41 David Linton - CB",,,,,,,,,,,,,,,,,,,,,,,,,,,,,,,,,,,,
CHI,0:48,"CHI 34",2,4,27,Punt,"Punt Return",,7,7,"4-27-CHI 34 (0:47) 1-Thomas Johnson punts 49 yards to PHI 17. 19-Raleigh Dominguez to PHI 21 for 5 yards. Tackle by 24-Grant Herman.",,,,,,,,,,,,,,,,,,"#1 Thomas Johnson - P",,,,,,,,,,,,,,,,,,,"#64 William Beyer - RG",,"#19 Raleigh Dominguez - WR",,,"#40 Bill Lund - CB","#33 Bret Shelley - SS","#93 Clifford Williams - SLB",,"#23 David Adkins - CB","#41 David Linton - CB",,"#59 Arron Hilliard - WLB",,,,"#57 Ernesto Schoen - C","#58 Shane Hollingsworth - C","#61 Darrel Waldron - RT","#63 William Orr - RG","#59 William Singh - C","#56 Michael Trigg - LG",,"#99 Patrick Rock - RDE","#58 Lonnie Brown - MLB","#72 William Ingram - DT","#52 Robert Smith - WLB",,,,,,,
PHI,0:38,"PHI 21",2,1,10,"I Formation 3WR FL Post","Nickel 3-3-5 CB1 CB3 Blitz",,13,7,"1-10-PHI 21 (0:39) 6-Leonard Tucker pass INTERCEPTED by 20-Santiago Jackson at PHI 16. 20-Santiago Jackson to PHI 0 for 16 yards. TOUCHDOWN! CHI 13 PHI 7","#6 Leonard Tucker - QB","#25 Justin Sharpe - RB",,,"#36 Patrick Stewart - FB",,,"#19 Raleigh Dominguez - WR","#84 Heriberto Carpenter - WR","#81 Phillip Baird - WR",,,"#64 Richard Foreman - LT","#63 Manuel Goldberg - LG","#73 Kenneth Wood - C","#70 Corey Marshall - RG","#61 James Cardwell - RT",,"#53 Terrell Chenoweth - SLB",,"#70 Bruno Deardorff - DT",,"#79 Anthony Duffy - RDE","#52 Kenneth Cruz - SLB","#51 Brian Snyder - MLB",,"#55 Kevin Overman - WLB","#20 Santiago Jackson - CB","#22 John Ramirez - CB",,"#26 Luis Windsor - FS",,"#28 Jason Castellanos - SS","#23 Richard Foster - FS",,,,,,,,,,,,,,,,,,,,,,,,,,,,,,,,,,,,
CHI,0:34,"PHI 15",2,7,15,"Field Goal","FG Block",26,14,7,"(0:35) Extra point GOOD by 3-Winston Tiedemann. CHI 14 PHI 7",,,,,,,,,,,,,,,,,,,,,,,,,,,,,,,,,,,,"#7 Donald Saez - QB","#64 William Beyer - RG",,,,,,,,,,,,,,"#3 Winston Tiedemann - K","#83 Christopher Herron - TE","#57 Ernesto Schoen - C","#58 Shane Hollingsworth - C","#61 Darrel Waldron - RT","#63 William Orr - RG","#59 William Singh - C","#56 Michael Trigg - LG","#81 William Sims - TE","#52 Robert Smith - WLB","#93 Clifford Williams - SLB","#58 Lonnie Brown - MLB","#72 William Ingram - DT","#23 David Adkins - CB","#30 Dale Hawkins - CB","#56 Jim Wilkes - RDE","#96 Pasquale Hudson - DT","#99 Patrick Rock - RDE","#55 David Williams - LDE","#97 Rodger Nguyen - LDE"
CHI,0:34,"CHI 35",2,6,10,Kickoff,"Kick Return",,14,7,"(0:35) 3-Winston Tiedemann kicks 70 yards from CHI 35 to PHI -5. Touchback.",,,,,,,,,,,,,,,,,,,,,,,,,,,,,,,,,,,,,,"#19 Raleigh Dominguez - WR",,"#30 Dale Hawkins - CB","#59 Arron Hilliard - WLB","#58 Lonnie Brown - MLB","#41 David Linton - CB","#93 Clifford Williams - SLB","#33 Bret Shelley - SS","#40 Bill Lund - CB","#72 William Ingram - DT","#99 Patrick Rock - RDE","#23 David Adkins - CB","#3 Winston Tiedemann - K",,,,,,,,,,,,,,,,,,,,
PHI,0:34,"PHI 25",2,1,10,"I Formation Twin WR Quick Outs","Goal Line Attack #3",5,14,7,"1-10-PHI 25 (0:35) (Hot Read) 6-Leonard Tucker pass complete to 36-Patrick Stewart to PHI 30 for 5 yards. Tackle by 51-Brian Snyder. Pressure by 53-Terrell Chenoweth.","#6 Leonard Tucker - QB","#25 Justin Sharpe - RB",,,"#36 Patrick Stewart - FB","#84 Heriberto Carpenter - WR",,"#81 Phillip Baird - WR",,"#19 Raleigh Dominguez - WR",,,"#64 Richard Foreman - LT","#63 Manuel Goldberg - LG","#73 Kenneth Wood - C","#70 Corey Marshall - RG","#61 James Cardwell - RT",,"#52 Kenneth Cruz - SLB","#50 Mark Dunton - MLB","#70 Bruno Deardorff - DT","#72 Harold Hicks - DT","#79 Anthony Duffy - RDE","#53 Terrell Chenoweth - SLB","#51 Brian Snyder - MLB",,"#55 Kevin Overman - WLB","#20 Santiago Jackson - CB","#24 Grant Herman - CB",,,,"#29 Austin Hull - SS",,,,,,,,,,,,,,,,,,,,,,,,,,,,,,,,,,,,,
,0:00,,2,2,5,,,,14,7,"End of half.",,,,,,,,,,,,,,,,,,,,,,,,,,,,,,,,,,,,,,,,,,,,,,,,,,,,,,,,,,,,,,,,,,,,,,
CHI,15:00,"CHI 35",3,6,10,Kickoff,"Kick Return",,14,7,"(15:00) 3-Winston Tiedemann kicks 72 yards from CHI 35 to PHI -7. Touchback.",,,,,,,,,,,,,,,,,,,,,,,,,,,,,,,,,,,,,,"#19 Raleigh Dominguez - WR",,"#30 Dale Hawkins - CB","#59 Arron Hilliard - WLB","#58 Lonnie Brown - MLB","#41 David Linton - CB","#93 Clifford Williams - SLB","#33 Bret Shelley - SS","#40 Bill Lund - CB","#72 William Ingram - DT","#99 Patrick Rock - RDE","#23 David Adkins - CB","#3 Winston Tiedemann - K",,,,,,,,,,,,,,,,,,,,
PHI,15:00,"PHI 25",3,1,10,"I Formation Twin WR Quick Outs","Goal Line Attack #3",,14,7,"1-10-PHI 25 (15:00) (Hot Read) 6-Leonard Tucker pass Pass knocked down by 70-Bruno Deardorff. incomplete, intended for 36-Patrick Stewart. Pressure by 53-Terrell Chenoweth.","#6 Leonard Tucker - QB","#25 Justin Sharpe - RB",,,"#36 Patrick Stewart - FB","#84 Heriberto Carpenter - WR",,"#81 Phillip Baird - WR",,"#19 Raleigh Dominguez - WR",,,"#64 Richard Foreman - LT","#63 Manuel Goldberg - LG","#73 Kenneth Wood - C","#70 Corey Marshall - RG","#61 James Cardwell - RT",,"#52 Kenneth Cruz - SLB","#50 Mark Dunton - MLB","#70 Bruno Deardorff - DT","#72 Harold Hicks - DT","#79 Anthony Duffy - RDE","#53 Terrell Chenoweth - SLB","#51 Brian Snyder - MLB",,"#55 Kevin Overman - WLB","#20 Santiago Jackson - CB","#24 Grant Herman - CB",,,,"#29 Austin Hull - SS",,,,,,,,,,,,,,,,,,,,,,,,,,,,,,,,,,,,,
PHI,14:57,"PHI 25",3,2,10,"Singleback Normal WR Quick In","Nickel 3-3-5 CB1 CB2 Blitz",18,14,7,"2-10-PHI 25 (14:58) 6-Leonard Tucker pass complete to 84-Heriberto Carpenter to PHI 43 for 18 yards. Tackle by 51-Brian Snyder.","#6 Leonard Tucker - QB","#25 Justin Sharpe - RB",,,,"#89 Raul Kirby - TE",,"#19 Raleigh Dominguez - WR","#81 Phillip Baird - WR","#84 Heriberto Carpenter - WR",,,"#64 Richard Foreman - LT","#63 Manuel Goldberg - LG","#73 Kenneth Wood - C","#70 Corey Marshall - RG","#61 James Cardwell - RT",,"#53 Terrell Chenoweth - SLB",,"#70 Bruno Deardorff - DT",,"#79 Anthony Duffy - RDE","#52 Kenneth Cruz - SLB","#51 Brian Snyder - MLB",,"#55 Kevin Overman - WLB","#20 Santiago Jackson - CB","#24 Grant Herman - CB",,"#22 John Ramirez - CB",,"#29 Austin Hull - SS","#23 Richard Foster - FS",,,,,,,,,,,,,,,,,,,,,,,,,,,,,,,,,,,,
PHI,14:16,"PHI 43",3,1,10,"I Formation Normal HB Blast","Goal Line Attack #3",16,14,7,"1-10-PHI 43 (14:15) 81-Phillip Baird ran to CHI 42 for 16 yards. Tackle by 20-Santiago Jackson. It looks like the offense is starting to get familiar with that defensive play.","#6 Leonard Tucker - QB","#81 Phillip Baird - WR",,,"#36 Patrick Stewart - FB","#89 Raul Kirby - TE",,"#19 Raleigh Dominguez - WR",,"#84 Heriberto Carpenter - WR",,,"#64 Richard Foreman - LT","#63 Manuel Goldberg - LG","#73 Kenneth Wood - C","#70 Corey Marshall - RG","#61 James Cardwell - RT",,"#52 Kenneth Cruz - SLB","#50 Mark Dunton - MLB","#70 Bruno Deardorff - DT","#72 Harold Hicks - DT","#79 Anthony Duffy - RDE","#53 Terrell Chenoweth - SLB","#51 Brian Snyder - MLB",,"#55 Kevin Overman - WLB","#20 Santiago Jackson - CB","#24 Grant Herman - CB",,,,"#29 Austin Hull - SS",,,,,,,,,,,,,,,,,,,,,,,,,,,,,,,,,,,,,
PHI,13:32,"CHI 42",3,1,10,"I Formation Normal FL Hitch","Goal Line Attack #3",-0,14,7,"1-10-CHI 42 (13:31) (Hot Read) 6-Leonard Tucker pass complete to 36-Patrick Stewart to CHI 42 for a short loss. Tackle by 22-John Ramirez. Pressure by 55-Kevin Overman.","#6 Leonard Tucker - QB","#25 Justin Sharpe - RB",,,"#36 Patrick Stewart - FB","#89 Raul Kirby - TE",,"#84 Heriberto Carpenter - WR",,"#82 Miles Willett - WR",,,"#64 Richard Foreman - LT","#63 Manuel Goldberg - LG","#73 Kenneth Wood - C","#70 Corey Marshall - RG","#61 James Cardwell - RT",,"#53 Terrell Chenoweth - SLB","#50 Mark Dunton - MLB","#70 Bruno Deardorff - DT","#72 Harold Hicks - DT","#79 Anthony Duffy - RDE","#52 Kenneth Cruz - SLB","#51 Brian Snyder - MLB",,"#55 Kevin Overman - WLB","#24 Grant Herman - CB","#22 John Ramirez - CB",,,,"#28 Jason Castellanos - SS",,,,,,,,,,,,,,,,,,,,,,,,,,,,,,,,,,,,,
PHI,12:52,"CHI 42",3,2,10,"Singleback Normal HB Counter Weak","Nickel 3-3-5 Cover 2 Man Under",7,14,7,"2-10-CHI 42 (12:51) 25-Justin Sharpe ran to CHI 35 for 7 yards. Tackle by 24-Grant Herman. PENALTY - Facemask (CHI 24-Grant Herman)","#6 Leonard Tucker - QB","#25 Justin Sharpe - RB",,,,"#89 Raul Kirby - TE",,"#19 Raleigh Dominguez - WR","#81 Phillip Baird - WR","#84 Heriberto Carpenter - WR",,,"#64 Richard Foreman - LT","#63 Manuel Goldberg - LG","#73 Kenneth Wood - C","#70 Corey Marshall - RG","#61 James Cardwell - RT",,"#50 Mark Dunton - MLB",,"#70 Bruno Deardorff - DT",,"#79 Anthony Duffy - RDE","#53 Terrell Chenoweth - SLB","#51 Brian Snyder - MLB",,"#91 Junior Green - WLB","#20 Santiago Jackson - CB","#24 Grant Herman - CB",,"#22 John Ramirez - CB",,"#29 Austin Hull - SS","#23 Richard Foster - FS",,,,,,,,,,,,,,,,,,,,,,,,,,,,,,,,,,,,
PHI,12:46,"CHI 20",3,1,10,"I Formation Power PA Flats","Goal Line Attack #3",3,14,7,"1-10-CHI 20 (12:47) 6-Leonard Tucker pass complete to 89-Raul Kirby to CHI 16 for 3 yards. Tackle by 55-Kevin Overman. 89-Raul Kirby made a great move on the CB.","#6 Leonard Tucker - QB","#25 Justin Sharpe - RB",,"#81 Phillip Baird - WR","#36 Patrick Stewart - FB","#89 Raul Kirby - TE",,"#84 Heriberto Carpenter - WR",,,,,"#64 Richard Foreman - LT","#63 Manuel Goldberg - LG","#73 Kenneth Wood - C","#70 Corey Marshall - RG","#61 James Cardwell - RT",,"#53 Terrell Chenoweth - SLB","#50 Mark Dunton - MLB","#70 Bruno Deardorff - DT","#72 Harold Hicks - DT","#79 Anthony Duffy - RDE","#52 Kenneth Cruz - SLB","#51 Brian Snyder - MLB",,"#55 Kevin Overman - WLB","#20 Santiago Jackson - CB","#24 Grant Herman - CB",,,,"#28 Jason Castellanos - SS",,,,,,,,,,,,,,,,,,,,,,,,,,,,,,,,,,,,,
PHI,12:11,"CHI 16",3,2,7,"I Formation 3WR HB Inside Weak","Nickel 3-3-5 CB1 CB3 Blitz",,14,7,"2-7-CHI 16 (12:10) PENALTY - False Start (PHI 70-Corey Marshall)","#6 Leonard Tucker - QB","#25 Justin Sharpe - RB",,,"#36 Patrick Stewart - FB",,,"#19 Raleigh Dominguez - WR","#82 Miles Willett - WR","#81 Phillip Baird - WR",,,"#64 Richard Foreman - LT","#63 Manuel Goldberg - LG","#73 Kenneth Wood - C","#70 Corey Marshall - RG","#61 James Cardwell - RT",,"#77 David Ezell - LDE",,"#70 Bruno Deardorff - DT",,"#79 Anthony Duffy - RDE","#53 Terrell Chenoweth - SLB","#50 Mark Dunton - MLB",,"#52 Kenneth Cruz - SLB","#22 John Ramirez - CB","#26 Luis Windsor - FS",,"#28 Jason Castellanos - SS",,"#29 Austin Hull - SS","#23 Richard Foster - FS",,,,,,,,,,,,,,,,,,,,,,,,,,,,,,,,,,,,
PHI,12:09,"CHI 21",3,2,12,"I Formation 3WR Slot Short WR Deep","Nickel 3-3-5 CB1 CB2 Blitz",9,14,7,"2-12-CHI 21 (12:10) 6-Leonard Tucker pass complete to 25-Justin Sharpe to CHI 13 for 9 yards. Tackle by 51-Brian Snyder.","#6 Leonard Tucker - QB","#25 Justin Sharpe - RB",,,"#36 Patrick Stewart - FB",,,"#19 Raleigh Dominguez - WR","#82 Miles Willett - WR","#81 Phillip Baird - WR",,,"#64 Richard Foreman - LT","#63 Manuel Goldberg - LG","#73 Kenneth Wood - C","#70 Corey Marshall - RG","#61 James Cardwell - RT",,"#52 Kenneth Cruz - SLB",,"#70 Bruno Deardorff - DT",,"#79 Anthony Duffy - RDE","#53 Terrell Chenoweth - SLB","#51 Brian Snyder - MLB",,"#55 Kevin Overman - WLB","#22 John Ramirez - CB","#26 Luis Windsor - FS",,"#28 Jason Castellanos - SS",,"#29 Austin Hull - SS","#23 Richard Foster - FS",,,,,,,,,,,,,,,,,,,,,,,,,,,,,,,,,,,,
PHI,11:31,"CHI 13",3,3,3,"I Formation Normal FL Hitch","Goal Line Attack #3",-4,14,7,"3-3-CHI 13 (11:30) (Hot Read) 6-Leonard Tucker pass complete to 36-Patrick Stewart to CHI 17 for -4 yards. Tackle by 52-Kenneth Cruz. Pressure by 52-Kenneth Cruz. I think the offense is starting to overuse that play.","#6 Leonard Tucker - QB","#81 Phillip Baird - WR",,,"#36 Patrick Stewart - FB","#89 Raul Kirby - TE",,"#19 Raleigh Dominguez - WR",,"#84 Heriberto Carpenter - WR",,,"#64 Richard Foreman - LT","#63 Manuel Goldberg - LG","#73 Kenneth Wood - C","#70 Corey Marshall - RG","#61 James Cardwell - RT",,"#53 Terrell Chenoweth - SLB","#77 David Ezell - LDE","#70 Bruno Deardorff - DT","#72 Harold Hicks - DT","#79 Anthony Duffy - RDE","#52 Kenneth Cruz - SLB","#50 Mark Dunton - MLB",,"#91 Junior Green - WLB","#20 Santiago Jackson - CB","#24 Grant Herman - CB",,,,"#29 Austin Hull - SS",,,,,,,,,,,,,,,,,,,,,,,,,,,,,,,,,,,,,
PHI,10:49,"CHI 17",3,4,7,"Field Goal","FG Block",27,14,10,"4-7-CHI 17 (10:48) 14-Juan Johnson 35 yard field goal is GOOD. CHI 14 PHI 10",,,,,,,,,,,,,,,,,,,,,,,,,,,,,,,,,,,,"#6 Leonard Tucker - QB","#64 Richard Foreman - LT",,,,,,,,,,,,,,"#14 Juan Johnson - K","#19 Raleigh Dominguez - WR","#25 Justin Sharpe - RB","#68 Roy Farr - RT","#57 James Sullivan - LG","#63 Manuel Goldberg - LG","#70 Corey Marshall - RG","#86 Jose Watkins - TE","#61 James Cardwell - RT","#51 Brian Snyder - MLB","#79 Anthony Duffy - RDE","#70 Bruno Deardorff - DT","#50 Mark Dunton - MLB","#91 Junior Green - WLB","#23 Richard Foster - FS","#28 Jason Castellanos - SS","#52 Kenneth Cruz - SLB","#55 Kevin Overman - WLB","#20 Santiago Jackson - CB","#24 Grant Herman - CB"
PHI,10:45,"PHI 35",3,6,10,Kickoff,"Kick Return",,14,10,"(10:46) 14-Juan Johnson kicks 71 yards from PHI 35 to CHI -6. 18-Demetrius Harris to CHI 23 for 30 yards. Tackle by 40-Bill Lund.",,,,,,,,,,,,,,,,,,,,,,,,,,,,,,,,,,,,,,"#18 Demetrius Harris - WR",,"#22 John Ramirez - CB","#55 Kevin Overman - WLB","#24 Grant Herman - CB","#52 Kenneth Cruz - SLB","#50 Mark Dunton - MLB","#77 David Ezell - LDE","#29 Austin Hull - SS","#20 Santiago Jackson - CB","#79 Anthony Duffy - RDE","#51 Brian Snyder - MLB","#14 Juan Johnson - K",,,,,,,,,,,,,,,,,,,,
CHI,10:40,"CHI 23",3,1,10,"Singleback Big TE Flat Curl","Nickel Normal CB3 MLB Blitz",2,14,10,"1-10-CHI 23 (10:41) 19-Steven Boudreau pass complete to 83-Christopher Herron to CHI 25 for 2 yards. Pushed out of bounds by 41-David Linton. Nice job by 83-Christopher Herron on that route to lose his coverage. Pressure by 97-Rodger Nguyen.","#19 Steven Boudreau - QB","#32 Nathan Moreno - RB",,,,"#83 Christopher Herron - TE","#81 William Sims - TE","#17 Jeffrey Graham - WR",,"#14 Weston Lowell - WR",,,"#67 Roy Hamilton - RT","#64 William Beyer - RG","#59 William Singh - C","#61 Darrel Waldron - RT","#63 William Orr - RG",,"#97 Rodger Nguyen - LDE",,"#96 Pasquale Hudson - DT","#94 Colin Millette - DT","#56 Jim Wilkes - RDE",,"#58 Lonnie Brown - MLB",,"#93 Clifford Williams - SLB","#30 Dale Hawkins - CB","#40 Bill Lund - CB",,"#22 Donald Boykin - CB",,"#21 William Lutz - CB","#41 David Linton - CB",,,,,,,,,,,,,,,,,,,,,,,,,,,,,,,,,,,,
CHI,10:07,"CHI 25",3,2,8,"Strong I Normal FB Trap Weak","Dime Flat Man Cover 1",1,14,10,"2-8-CHI 25 (10:06) 39-Collin Valencia ran to CHI 26 for 1 yards. Tackle by 99-Patrick Rock. PHI 30-Dale Hawkins was injured on the play. He looks like he should be able to return.","#19 Steven Boudreau - QB","#32 Nathan Moreno - RB",,,"#39 Collin Valencia - FB","#83 Christopher Herron - TE",,"#18 Demetrius Harris - WR",,"#17 Jeffrey Graham - WR",,,"#67 Roy Hamilton - RT","#64 William Beyer - RG","#59 William Singh - C","#61 Darrel Waldron - RT","#63 William Orr - RG",,"#97 Rodger Nguyen - LDE",,"#96 Pasquale Hudson - DT","#94 Colin Millette - DT","#99 Patrick Rock - RDE",,"#58 Lonnie Brown - MLB",,,"#30 Dale Hawkins - CB","#40 Bill Lund - CB","#32 James Cruz - CB","#22 Donald Boykin - CB",,"#41 David Linton - CB","#21 William Lutz - CB",,,,,,,,,,,,,,,,,,,,,,,,,,,,,,,,,,,,
CHI,9:30,"CHI 26",3,3,7,"Shotgun Normal HB Flare","Dime Flat Man Cover 1",,14,10,"3-7-CHI 26 (9:29) 19-Steven Boudreau pass Pass knocked down by 32-James Cruz. incomplete, intended for 14-Weston Lowell.","#19 Steven Boudreau - QB","#32 Nathan Moreno - RB",,,,"#83 Christopher Herron - TE",,"#18 Demetrius Harris - WR","#14 Weston Lowell - WR","#17 Jeffrey Graham - WR",,,"#67 Roy Hamilton - RT","#64 William Beyer - RG","#59 William Singh - C","#61 Darrel Waldron - RT","#63 William Orr - RG",,"#97 Rodger Nguyen - LDE",,"#96 Pasquale Hudson - DT","#94 Colin Millette - DT","#99 Patrick Rock - RDE",,"#58 Lonnie Brown - MLB",,,"#40 Bill Lund - CB","#22 Donald Boykin - CB","#28 Gary McKenney - CB","#32 James Cruz - CB",,"#41 David Linton - CB","#21 William Lutz - CB",,,,,,,,,,,,,,,,,,,,,,,,,,,,,,,,,,,,
CHI,9:24,"CHI 26",3,4,7,Punt,"Punt Return",,14,10,"4-7-CHI 26 (9:25) 1-Thomas Johnson punts 49 yards to PHI 25. Fair Catch by 19-Raleigh Dominguez.",,,,,,,,,,,,,,,,,,"#1 Thomas Johnson - P",,,,,,,,,,,,,,,,,,,"#64 William Beyer - RG",,"#19 Raleigh Dominguez - WR",,,"#40 Bill Lund - CB","#33 Bret Shelley - SS","#58 Lonnie Brown - MLB",,"#23 David Adkins - CB","#41 David Linton - CB",,"#59 Arron Hilliard - WLB",,,,"#57 Ernesto Schoen - C","#58 Shane Hollingsworth - C","#61 Darrel Waldron - RT","#63 William Orr - RG","#59 William Singh - C","#56 Michael Trigg - LG",,"#99 Patrick Rock - RDE","#93 Clifford Williams - SLB","#72 William Ingram - DT","#52 Robert Smith - WLB",,,,,,,
PHI,9:18,"PHI 25",3,1,10,"Singleback Slot Strong HB Strong Inside","Nickel 3-3-5 Weak Side Blitz",5,14,10,"1-10-PHI 25 (9:19) 25-Justin Sharpe ran to PHI 30 for 5 yards. Tackle by 51-Brian Snyder.","#6 Leonard Tucker - QB","#25 Justin Sharpe - RB",,,,"#51 John Kelly - C",,"#60 Joe Bradshaw - RG","#57 James Sullivan - LG","#19 Raleigh Dominguez - WR",,,"#64 Richard Foreman - LT","#63 Manuel Goldberg - LG","#73 Kenneth Wood - C","#70 Corey Marshall - RG","#61 James Cardwell - RT",,"#52 Kenneth Cruz - SLB",,"#70 Bruno Deardorff - DT",,"#79 Anthony Duffy - RDE","#53 Terrell Chenoweth - SLB","#51 Brian Snyder - MLB",,"#55 Kevin Overman - WLB","#20 Santiago Jackson - CB","#22 John Ramirez - CB",,"#26 Luis Windsor - FS",,"#29 Austin Hull - SS","#23 Richard Foster - FS",,,,,,,,,,,,,,,,,,,,,,,,,,,,,,,,,,,,
PHI,8:42,"PHI 30",3,2,5,"Strong I Big TE Post","Goal Line Attack #3",15,14,10,"2-5-PHI 30 (8:41) 6-Leonard Tucker pass complete to 1-John Moran to PHI 46 for 15 yards. Tackle by 20-Santiago Jackson. Nice job by 1-John Moran on that route to lose his coverage. I think the defense might be using that play a bit too frequently.","#6 Leonard Tucker - QB","#81 Phillip Baird - WR",,,"#36 Patrick Stewart - FB","#19 Raleigh Dominguez - WR","#84 Heriberto Carpenter - WR","#1 John Moran - WR",,,,,"#64 Richard Foreman - LT","#63 Manuel Goldberg - LG","#73 Kenneth Wood - C","#70 Corey Marshall - RG","#61 James Cardwell - RT",,"#53 Terrell Chenoweth - SLB","#50 Mark Dunton - MLB","#70 Bruno Deardorff - DT","#72 Harold Hicks - DT","#79 Anthony Duffy - RDE","#52 Kenneth Cruz - SLB","#51 Brian Snyder - MLB",,"#55 Kevin Overman - WLB","#20 Santiago Jackson - CB","#24 Grant Herman - CB",,,,"#29 Austin Hull - SS",,,,,,,,,,,,,,,,,,,,,,,,,,,,,,,,,,,,,
PHI,8:05,"PHI 46",3,1,10,"Singleback Normal HB Counter Weak","Nickel 3-3-5 Cover 2 Man Under",3,14,10,"1-10-PHI 46 (8:04) 25-Justin Sharpe ran to PHI 49 for 3 yards. Tackle by 51-Brian Snyder.","#6 Leonard Tucker - QB","#25 Justin Sharpe - RB",,,,"#89 Raul Kirby - TE",,"#19 Raleigh Dominguez - WR","#81 Phillip Baird - WR","#84 Heriberto Carpenter - WR",,,"#64 Richard Foreman - LT","#63 Manuel Goldberg - LG","#73 Kenneth Wood - C","#70 Corey Marshall - RG","#61 James Cardwell - RT",,"#53 Terrell Chenoweth - SLB",,"#70 Bruno Deardorff - DT",,"#79 Anthony Duffy - RDE","#52 Kenneth Cruz - SLB","#51 Brian Snyder - MLB",,"#55 Kevin Overman - WLB","#20 Santiago Jackson - CB","#24 Grant Herman - CB",,"#22 John Ramirez - CB",,"#29 Austin Hull - SS","#23 Richard Foster - FS",,,,,,,,,,,,,,,,,,,,,,,,,,,,,,,,,,,,
PHI,7:28,"PHI 49",3,2,7,"Singleback Normal WR Quick In","Nickel 3-3-5 CB1 CB2 Blitz",15,14,10,"2-7-PHI 49 (7:27) 6-Leonard Tucker pass complete to 84-Heriberto Carpenter to CHI 36 for 15 yards. Tackle by 22-John Ramirez.","#6 Leonard Tucker - QB","#25 Justin Sharpe - RB",,,,"#89 Raul Kirby - TE",,"#19 Raleigh Dominguez - WR","#81 Phillip Baird - WR","#84 Heriberto Carpenter - WR",,,"#64 Richard Foreman - LT","#63 Manuel Goldberg - LG","#73 Kenneth Wood - C","#70 Corey Marshall - RG","#61 James Cardwell - RT",,"#53 Terrell Chenoweth - SLB",,"#70 Bruno Deardorff - DT",,"#79 Anthony Duffy - RDE","#52 Kenneth Cruz - SLB","#51 Brian Snyder - MLB",,"#55 Kevin Overman - WLB","#20 Santiago Jackson - CB","#24 Grant Herman - CB",,"#22 John Ramirez - CB",,"#29 Austin Hull - SS","#23 Richard Foster - FS",,,,,,,,,,,,,,,,,,,,,,,,,,,,,,,,,,,,
PHI,6:48,"CHI 36",3,1,10,"Split Backs 3 Wide WR Quick Out","Nickel 3-3-5 CB1 CB2 Blitz",8,14,10,"1-10-CHI 36 (6:47) 6-Leonard Tucker pass complete to 36-Patrick Stewart to CHI 28 for 8 yards. Tackle by 55-Kevin Overman. PHI 63-Manuel Goldberg was injured on the play. He looks like he should be able to return.","#6 Leonard Tucker - QB","#36 Patrick Stewart - FB",,,"#25 Justin Sharpe - RB",,,"#19 Raleigh Dominguez - WR","#1 John Moran - WR","#84 Heriberto Carpenter - WR",,,"#64 Richard Foreman - LT","#63 Manuel Goldberg - LG","#73 Kenneth Wood - C","#70 Corey Marshall - RG","#61 James Cardwell - RT",,"#52 Kenneth Cruz - SLB",,"#70 Bruno Deardorff - DT",,"#79 Anthony Duffy - RDE","#53 Terrell Chenoweth - SLB","#51 Brian Snyder - MLB",,"#55 Kevin Overman - WLB","#20 Santiago Jackson - CB","#24 Grant Herman - CB",,"#22 John Ramirez - CB",,"#29 Austin Hull - SS","#23 Richard Foster - FS",,,,,,,,,,,,,,,,,,,,,,,,,,,,,,,,,,,,
PHI,6:09,"CHI 28",3,2,2,"Singleback Slot Strong HB Strong Inside","Nickel 3-3-5 CB1 CB2 Blitz",11,14,10,"2-2-CHI 28 (6:08) 36-Patrick Stewart ran to CHI 17 for 11 yards. Tackle by 23-Richard Foster. I think the defense might be using that play a bit too frequently.","#6 Leonard Tucker - QB","#36 Patrick Stewart - FB",,,,"#51 John Kelly - C",,"#60 Joe Bradshaw - RG","#57 James Sullivan - LG","#81 Phillip Baird - WR",,,"#64 Richard Foreman - LT","#68 Roy Farr - RT","#73 Kenneth Wood - C","#70 Corey Marshall - RG","#61 James Cardwell - RT",,"#52 Kenneth Cruz - SLB",,"#70 Bruno Deardorff - DT",,"#79 Anthony Duffy - RDE","#53 Terrell Chenoweth - SLB","#50 Mark Dunton - MLB",,"#55 Kevin Overman - WLB","#20 Santiago Jackson - CB","#24 Grant Herman - CB",,"#22 John Ramirez - CB",,"#28 Jason Castellanos - SS","#23 Richard Foster - FS",,,,,,,,,,,,,,,,,,,,,,,,,,,,,,,,,,,,
PHI,5:32,"CHI 17",3,1,10,"Singleback Normal WR Quick In","Nickel 3-3-5 3 Deep MLB Blitz",5,14,10,"1-10-CHI 17 (5:31) 6-Leonard Tucker pass complete to 25-Justin Sharpe to CHI 12 for 5 yards. Tackle by 20-Santiago Jackson.","#6 Leonard Tucker - QB","#25 Justin Sharpe - RB",,,,"#89 Raul Kirby - TE",,"#19 Raleigh Dominguez - WR","#81 Phillip Baird - WR","#84 Heriberto Carpenter - WR",,,"#64 Richard Foreman - LT","#57 James Sullivan - LG","#73 Kenneth Wood - C","#70 Corey Marshall - RG","#61 James Cardwell - RT",,"#53 Terrell Chenoweth - SLB",,"#70 Bruno Deardorff - DT",,"#79 Anthony Duffy - RDE","#52 Kenneth Cruz - SLB","#51 Brian Snyder - MLB",,"#55 Kevin Overman - WLB","#20 Santiago Jackson - CB","#24 Grant Herman - CB",,"#22 John Ramirez - CB",,"#29 Austin Hull - SS","#23 Richard Foster - FS",,,,,,,,,,,,,,,,,,,,,,,,,,,,,,,,,,,,
PHI,4:49,"CHI 12",3,2,5,"Singleback Normal HB Release Mid","Nickel 3-3-5 3 Deep MLB Blitz",9,14,10,"2-5-CHI 12 (4:48) 6-Leonard Tucker pass complete to 36-Patrick Stewart to CHI 3 for 9 yards. Tackle by 28-Jason Castellanos.","#6 Leonard Tucker - QB","#36 Patrick Stewart - FB",,,,"#89 Raul Kirby - TE",,"#81 Phillip Baird - WR","#1 John Moran - WR","#82 Miles Willett - WR",,,"#64 Richard Foreman - LT","#57 James Sullivan - LG","#73 Kenneth Wood - C","#70 Corey Marshall - RG","#61 James Cardwell - RT",,"#52 Kenneth Cruz - SLB",,"#70 Bruno Deardorff - DT",,"#79 Anthony Duffy - RDE","#53 Terrell Chenoweth - SLB","#51 Brian Snyder - MLB",,"#55 Kevin Overman - WLB","#20 Santiago Jackson - CB","#24 Grant Herman - CB",,"#27 Vincent Price - FS",,"#28 Jason Castellanos - SS","#26 Luis Windsor - FS",,,,,,,,,,,,,,,,,,,,,,,,,,,,,,,,,,,,
PHI,4:03,"CHI 3",3,1,3,"Singleback Normal WR Quick In","Nickel 3-3-5 3 Deep MLB Blitz",,14,10,"1-3-CHI 3 (4:02) 6-Leonard Tucker pass incomplete, intended for 84-Heriberto Carpenter.","#6 Leonard Tucker - QB","#25 Justin Sharpe - RB",,,,"#89 Raul Kirby - TE",,"#19 Raleigh Dominguez - WR","#81 Phillip Baird - WR","#84 Heriberto Carpenter - WR",,,"#64 Richard Foreman - LT","#57 James Sullivan - LG","#73 Kenneth Wood - C","#70 Corey Marshall - RG","#61 James Cardwell - RT",,"#53 Terrell Chenoweth - SLB",,"#70 Bruno Deardorff - DT",,"#79 Anthony Duffy - RDE","#52 Kenneth Cruz - SLB","#51 Brian Snyder - MLB",,"#55 Kevin Overman - WLB","#20 Santiago Jackson - CB","#24 Grant Herman - CB",,"#22 John Ramirez - CB",,"#29 Austin Hull - SS","#23 Richard Foster - FS",,,,,,,,,,,,,,,,,,,,,,,,,,,,,,,,,,,,
PHI,3:59,"CHI 3",3,2,3,"Strong I Big Backfield Drag","Goal Line Attack #3",-10,14,10,"2-3-CHI 3 (4:00) 6-Leonard Tucker sacked at CHI 13 for -10 yards (50-Mark Dunton). Sack allowed by 61-James Cardwell.","#6 Leonard Tucker - QB","#81 Phillip Baird - WR",,,"#36 Patrick Stewart - FB","#19 Raleigh Dominguez - WR","#84 Heriberto Carpenter - WR","#1 John Moran - WR",,,,,"#64 Richard Foreman - LT","#57 James Sullivan - LG","#73 Kenneth Wood - C","#70 Corey Marshall - RG","#61 James Cardwell - RT",,"#53 Terrell Chenoweth - SLB","#50 Mark Dunton - MLB","#70 Bruno Deardorff - DT","#72 Harold Hicks - DT","#79 Anthony Duffy - RDE","#52 Kenneth Cruz - SLB","#51 Brian Snyder - MLB",,"#55 Kevin Overman - WLB","#20 Santiago Jackson - CB","#24 Grant Herman - CB",,,,"#29 Austin Hull - SS",,,,,,,,,,,,,,,,,,,,,,,,,,,,,,,,,,,,,
PHI,3:26,"CHI 13",3,3,13,"Split Backs 3 Wide WR Quick Out","Nickel 3-3-5 CB1 CB2 Blitz",7,14,10,"3-13-CHI 13 (3:25) 6-Leonard Tucker pass complete to 25-Justin Sharpe to CHI 6 for 7 yards. Tackle by 51-Brian Snyder.","#6 Leonard Tucker - QB","#36 Patrick Stewart - FB",,,"#25 Justin Sharpe - RB",,,"#19 Raleigh Dominguez - WR","#1 John Moran - WR","#84 Heriberto Carpenter - WR",,,"#64 Richard Foreman - LT","#57 James Sullivan - LG","#73 Kenneth Wood - C","#70 Corey Marshall - RG","#61 James Cardwell - RT",,"#53 Terrell Chenoweth - SLB",,"#70 Bruno Deardorff - DT",,"#79 Anthony Duffy - RDE","#52 Kenneth Cruz - SLB","#51 Brian Snyder - MLB",,"#55 Kevin Overman - WLB","#20 Santiago Jackson - CB","#24 Grant Herman - CB",,"#22 John Ramirez - CB",,"#29 Austin Hull - SS","#23 Richard Foster - FS",,,,,,,,,,,,,,,,,,,,,,,,,,,,,,,,,,,,
PHI,2:42,"CHI 6",3,4,6,"Field Goal","FG Block",17,14,13,"4-6-CHI 6 (2:41) 14-Juan Johnson 25 yard field goal is GOOD. CHI 14 PHI 13",,,,,,,,,,,,,,,,,,,,,,,,,,,,,,,,,,,,"#6 Leonard Tucker - QB","#57 James Sullivan - LG",,,,,,,,,,,,,,"#14 Juan Johnson - K","#36 Patrick Stewart - FB","#86 Jose Watkins - TE","#25 Justin Sharpe - RB","#64 Richard Foreman - LT","#70 Corey Marshall - RG","#68 Roy Farr - RT","#61 James Cardwell - RT","#19 Raleigh Dominguez - WR","#51 Brian Snyder - MLB","#79 Anthony Duffy - RDE","#70 Bruno Deardorff - DT","#50 Mark Dunton - MLB","#27 Vincent Price - FS","#91 Junior Green - WLB","#23 Richard Foster - FS","#52 Kenneth Cruz - SLB","#55 Kevin Overman - WLB","#20 Santiago Jackson - CB","#28 Jason Castellanos - SS"
PHI,2:37,"PHI 35",3,6,10,Kickoff,"Kick Return",,14,13,"(2:38) 14-Juan Johnson kicks 70 yards from PHI 35 to CHI -5. 18-Demetrius Harris to CHI 19 for 25 yards. Tackle by 40-Bill Lund.",,,,,,,,,,,,,,,,,,,,,,,,,,,,,,,,,,,,,,"#18 Demetrius Harris - WR",,"#22 John Ramirez - CB","#55 Kevin Overman - WLB","#24 Grant Herman - CB","#52 Kenneth Cruz - SLB","#50 Mark Dunton - MLB","#77 David Ezell - LDE","#29 Austin Hull - SS","#20 Santiago Jackson - CB","#79 Anthony Duffy - RDE","#51 Brian Snyder - MLB","#14 Juan Johnson - K",,,,,,,,,,,,,,,,,,,,
CHI,2:34,"CHI 19",3,1,10,"I Formation Normal HB Blast","3-4 Normal Man Cover 1",,14,13,"1-10-CHI 19 (2:35) 32-Nathan Moreno ran to CHI 22 for 3 yards. 32-Nathan Moreno FUMBLES (93-Clifford Williams) recovered by PHI-93-Clifford Williams at CHI 23. Tackle by 67-Roy Hamilton.","#19 Steven Boudreau - QB","#32 Nathan Moreno - RB",,,"#39 Collin Valencia - FB","#83 Christopher Herron - TE",,"#17 Jeffrey Graham - WR",,"#14 Weston Lowell - WR",,,"#67 Roy Hamilton - RT","#64 William Beyer - RG","#59 William Singh - C","#61 Darrel Waldron - RT","#63 William Orr - RG",,"#97 Rodger Nguyen - LDE",,"#96 Pasquale Hudson - DT",,"#56 Jim Wilkes - RDE","#52 Robert Smith - WLB","#58 Lonnie Brown - MLB","#59 Arron Hilliard - WLB","#93 Clifford Williams - SLB","#30 Dale Hawkins - CB","#22 Donald Boykin - CB",,,,"#21 William Lutz - CB","#41 David Linton - CB",,,,,,,,,,,,,,,,,,,,,,,,,,,,,,,,,,,,
PHI,2:29,"CHI 23",3,1,10,"Singleback Normal HB Dive Strong","Nickel 3-3-5 CB1 CB2 Blitz",5,14,13,"1-10-CHI 23 (2:30) 25-Justin Sharpe ran to CHI 18 for 5 yards. Tackle by 51-Brian Snyder. PHI 19-Raleigh Dominguez was injured on the play. He looks like he should be able to return.","#6 Leonard Tucker - QB","#25 Justin Sharpe - RB",,,,"#89 Raul Kirby - TE",,"#19 Raleigh Dominguez - WR","#81 Phillip Baird - WR","#84 Heriberto Carpenter - WR",,,"#64 Richard Foreman - LT","#63 Manuel Goldberg - LG","#73 Kenneth Wood - C","#70 Corey Marshall - RG","#61 James Cardwell - RT",,"#52 Kenneth Cruz - SLB",,"#70 Bruno Deardorff - DT",,"#79 Anthony Duffy - RDE","#53 Terrell Chenoweth - SLB","#51 Brian Snyder - MLB",,"#55 Kevin Overman - WLB","#20 Santiago Jackson - CB","#24 Grant Herman - CB",,"#22 John Ramirez - CB",,"#29 Austin Hull - SS","#23 Richard Foster - FS",,,,,,,,,,,,,,,,,,,,,,,,,,,,,,,,,,,,
PHI,1:55,"CHI 18",3,2,5,"I Formation Twin WR Quick Outs","Goal Line Attack #3",,14,13,"2-5-CHI 18 (1:54) (Hot Read) 6-Leonard Tucker pass Pass knocked down by 70-Bruno Deardorff. incomplete, intended for 36-Patrick Stewart. Pressure by 55-Kevin Overman.","#6 Leonard Tucker - QB","#25 Justin Sharpe - RB",,,"#36 Patrick Stewart - FB","#89 Raul Kirby - TE",,"#81 Phillip Baird - WR",,"#84 Heriberto Carpenter - WR",,,"#64 Richard Foreman - LT","#63 Manuel Goldberg - LG","#73 Kenneth Wood - C","#70 Corey Marshall - RG","#61 James Cardwell - RT",,"#52 Kenneth Cruz - SLB","#50 Mark Dunton - MLB","#70 Bruno Deardorff - DT","#72 Harold Hicks - DT","#79 Anthony Duffy - RDE","#53 Terrell Chenoweth - SLB","#51 Brian Snyder - MLB",,"#55 Kevin Overman - WLB","#20 Santiago Jackson - CB","#24 Grant Herman - CB",,,,"#29 Austin Hull - SS",,,,,,,,,,,,,,,,,,,,,,,,,,,,,,,,,,,,,
PHI,1:50,"CHI 18",3,3,5,"I Formation 3WR FL Post","Nickel 3-3-5 CB1 CB2 Blitz",-5,14,13,"3-5-CHI 18 (1:51) 6-Leonard Tucker pass complete to 25-Justin Sharpe to CHI 23 for -5 yards. Tackle by 20-Santiago Jackson.","#6 Leonard Tucker - QB","#25 Justin Sharpe - RB",,,"#36 Patrick Stewart - FB",,,"#84 Heriberto Carpenter - WR","#82 Miles Willett - WR","#81 Phillip Baird - WR",,,"#64 Richard Foreman - LT","#63 Manuel Goldberg - LG","#73 Kenneth Wood - C","#70 Corey Marshall - RG","#61 James Cardwell - RT",,"#53 Terrell Chenoweth - SLB",,"#70 Bruno Deardorff - DT",,"#79 Anthony Duffy - RDE","#52 Kenneth Cruz - SLB","#51 Brian Snyder - MLB",,"#55 Kevin Overman - WLB","#20 Santiago Jackson - CB","#24 Grant Herman - CB",,"#22 John Ramirez - CB",,"#29 Austin Hull - SS","#23 Richard Foster - FS",,,,,,,,,,,,,,,,,,,,,,,,,,,,,,,,,,,,
PHI,1:16,"CHI 23",3,4,10,"Field Goal","FG Block",33,14,16,"4-10-CHI 23 (1:15) 14-Juan Johnson 41 yard field goal is GOOD. CHI 14 PHI 16",,,,,,,,,,,,,,,,,,,,,,,,,,,,,,,,,,,,"#6 Leonard Tucker - QB","#64 Richard Foreman - LT",,,,,,,,,,,,,,"#14 Juan Johnson - K","#36 Patrick Stewart - FB","#25 Justin Sharpe - RB","#68 Roy Farr - RT","#57 James Sullivan - LG","#63 Manuel Goldberg - LG","#70 Corey Marshall - RG","#86 Jose Watkins - TE","#61 James Cardwell - RT","#51 Brian Snyder - MLB","#79 Anthony Duffy - RDE","#70 Bruno Deardorff - DT","#50 Mark Dunton - MLB","#91 Junior Green - WLB","#23 Richard Foster - FS","#28 Jason Castellanos - SS","#52 Kenneth Cruz - SLB","#55 Kevin Overman - WLB","#20 Santiago Jackson - CB","#24 Grant Herman - CB"
PHI,1:11,"PHI 35",3,6,10,Kickoff,"Kick Return",,14,16,"(1:12) 14-Juan Johnson kicks 75 yards from PHI 35 to CHI -10. Touchback.",,,,,,,,,,,,,,,,,,,,,,,,,,,,,,,,,,,,,,"#18 Demetrius Harris - WR",,"#22 John Ramirez - CB","#55 Kevin Overman - WLB","#24 Grant Herman - CB","#52 Kenneth Cruz - SLB","#50 Mark Dunton - MLB","#77 David Ezell - LDE","#29 Austin Hull - SS","#20 Santiago Jackson - CB","#79 Anthony Duffy - RDE","#51 Brian Snyder - MLB","#14 Juan Johnson - K",,,,,,,,,,,,,,,,,,,,
CHI,1:11,"CHI 25",3,1,10,"Singleback 4 Wide Post and Curls","Dime Flat Man Cover 1",8,14,16,"1-10-CHI 25 (1:12) 19-Steven Boudreau pass complete to 17-Jeffrey Graham to CHI 33 for 8 yards. Tackle by 40-Bill Lund. PENALTY - Pass Interference (PHI 40-Bill Lund)","#19 Steven Boudreau - QB","#32 Nathan Moreno - RB",,,,,,"#18 Demetrius Harris - WR","#14 Weston Lowell - WR","#17 Jeffrey Graham - WR","#15 Joseph Vickers - WR",,"#67 Roy Hamilton - RT","#64 William Beyer - RG","#59 William Singh - C","#61 Darrel Waldron - RT","#63 William Orr - RG",,"#97 Rodger Nguyen - LDE",,"#96 Pasquale Hudson - DT","#94 Colin Millette - DT","#99 Patrick Rock - RDE",,"#58 Lonnie Brown - MLB",,,"#30 Dale Hawkins - CB","#40 Bill Lund - CB","#32 James Cruz - CB","#22 Donald Boykin - CB",,"#41 David Linton - CB","#21 William Lutz - CB",,,,,,,,,,,,,,,,,,,,,,,,,,,,,,,,,,,,
CHI,1:07,"CHI 32",3,1,10,"Singleback Slot Strong HB Counter","4-3 Normal Double WR3",3,14,16,"1-10-CHI 32 (1:08) 32-Nathan Moreno ran to CHI 35 for 3 yards. Tackle by 21-William Lutz.","#19 Steven Boudreau - QB","#32 Nathan Moreno - RB",,,,"#83 Christopher Herron - TE",,"#18 Demetrius Harris - WR","#14 Weston Lowell - WR","#17 Jeffrey Graham - WR",,,"#67 Roy Hamilton - RT","#64 William Beyer - RG","#59 William Singh - C","#61 Darrel Waldron - RT","#63 William Orr - RG",,"#97 Rodger Nguyen - LDE",,"#96 Pasquale Hudson - DT","#94 Colin Millette - DT","#99 Patrick Rock - RDE","#58 Lonnie Brown - MLB","#52 Robert Smith - WLB",,"#93 Clifford Williams - SLB","#30 Dale Hawkins - CB","#40 Bill Lund - CB",,,,"#21 William Lutz - CB","#41 David Linton - CB",,,,,,,,,,,,,,,,,,,,,,,,,,,,,,,,,,,,
CHI,0:25,"CHI 35",3,2,7,"Weak I Normal Skinny Posts","4-3 Normal Double WR3",,14,16,"2-7-CHI 35 (0:24) 19-Steven Boudreau pass incomplete, dropped by 32-Nathan Moreno.","#19 Steven Boudreau - QB","#32 Nathan Moreno - RB",,,"#39 Collin Valencia - FB","#83 Christopher Herron - TE",,"#18 Demetrius Harris - WR",,"#17 Jeffrey Graham - WR",,,"#67 Roy Hamilton - RT","#64 William Beyer - RG","#59 William Singh - C","#61 Darrel Waldron - RT","#63 William Orr - RG",,"#97 Rodger Nguyen - LDE",,"#96 Pasquale Hudson - DT","#94 Colin Millette - DT","#99 Patrick Rock - RDE","#58 Lonnie Brown - MLB","#52 Robert Smith - WLB",,"#93 Clifford Williams - SLB","#30 Dale Hawkins - CB","#40 Bill Lund - CB",,,,"#21 William Lutz - CB","#47 Juan Echols - FS",,,,,,,,,,,,,,,,,,,,,,,,,,,,,,,,,,,,
CHI,0:20,"CHI 35",3,3,7,"I Formation 3WR SE Post","3-4 Normal Man Cover 1",3,14,16,"3-7-CHI 35 (0:21) 19-Steven Boudreau pass complete to 30-Joe Chapman to CHI 38 for 3 yards. Tackle by 30-Dale Hawkins.","#19 Steven Boudreau - QB","#30 Joe Chapman - RB",,,"#39 Collin Valencia - FB",,,"#18 Demetrius Harris - WR","#14 Weston Lowell - WR","#17 Jeffrey Graham - WR",,,"#67 Roy Hamilton - RT","#64 William Beyer - RG","#59 William Singh - C","#61 Darrel Waldron - RT","#63 William Orr - RG",,"#97 Rodger Nguyen - LDE",,"#96 Pasquale Hudson - DT",,"#99 Patrick Rock - RDE","#52 Robert Smith - WLB","#23 David Adkins - CB","#58 Lonnie Brown - MLB","#93 Clifford Williams - SLB","#30 Dale Hawkins - CB","#40 Bill Lund - CB",,,,"#21 William Lutz - CB","#41 David Linton - CB",,,,,,,,,,,,,,,,,,,,,,,,,,,,,,,,,,,,
,0:00,,3,4,4,,,,14,16,"End of third quarter.",,,,,,,,,,,,,,,,,,,,,,,,,,,,,,,,,,,,,,,,,,,,,,,,,,,,,,,,,,,,,,,,,,,,,,
CHI,15:00,"CHI 38",4,4,4,Punt,"Punt Return",,14,16,"4-4-CHI 38 (15:00) 1-Thomas Johnson punts 47 yards to PHI 15. 19-Raleigh Dominguez FUMBLES recovered by PHI-19-Raleigh Dominguez to PHI 16 for 1 yards. Tackle by 59-William Singh.",,,,,,,,,,,,,,,,,,"#1 Thomas Johnson - P",,,,,,,,,,,,,,,,,,,"#64 William Beyer - RG",,"#19 Raleigh Dominguez - WR",,,"#40 Bill Lund - CB","#33 Bret Shelley - SS","#93 Clifford Williams - SLB",,"#23 David Adkins - CB","#41 David Linton - CB",,"#59 Arron Hilliard - WLB",,,,"#57 Ernesto Schoen - C","#58 Shane Hollingsworth - C","#61 Darrel Waldron - RT","#63 William Orr - RG","#59 William Singh - C","#56 Michael Trigg - LG",,"#99 Patrick Rock - RDE","#58 Lonnie Brown - MLB","#72 William Ingram - DT","#52 Robert Smith - WLB",,,,,,,
PHI,14:50,"PHI 16",4,1,10,"I Formation Normal FL Hitch","Goal Line Attack #3",-3,14,16,"1-10-PHI 16 (14:51) (Hot Read) 6-Leonard Tucker pass complete to 36-Patrick Stewart to PHI 13 for -3 yards. Tackle by 51-Brian Snyder. Pressure by 55-Kevin Overman. I think the offense is starting to overuse that play.","#6 Leonard Tucker - QB","#81 Phillip Baird - WR",,,"#36 Patrick Stewart - FB","#89 Raul Kirby - TE",,"#19 Raleigh Dominguez - WR",,"#84 Heriberto Carpenter - WR",,,"#64 Richard Foreman - LT","#63 Manuel Goldberg - LG","#73 Kenneth Wood - C","#70 Corey Marshall - RG","#61 James Cardwell - RT",,"#52 Kenneth Cruz - SLB","#77 David Ezell - LDE","#70 Bruno Deardorff - DT","#72 Harold Hicks - DT","#79 Anthony Duffy - RDE","#53 Terrell Chenoweth - SLB","#51 Brian Snyder - MLB",,"#55 Kevin Overman - WLB","#20 Santiago Jackson - CB","#22 John Ramirez - CB",,,,"#28 Jason Castellanos - SS",,,,,,,,,,,,,,,,,,,,,,,,,,,,,,,,,,,,,
PHI,14:07,"PHI 13",4,2,13,"Singleback Normal HB Counter Weak","Nickel 3-3-5 Weak Side Blitz",3,14,16,"2-13-PHI 13 (14:06) 25-Justin Sharpe ran to PHI 15 for 3 yards. Tackle by 22-John Ramirez.","#6 Leonard Tucker - QB","#25 Justin Sharpe - RB",,,,"#89 Raul Kirby - TE",,"#19 Raleigh Dominguez - WR","#81 Phillip Baird - WR","#84 Heriberto Carpenter - WR",,,"#64 Richard Foreman - LT","#63 Manuel Goldberg - LG","#73 Kenneth Wood - C","#70 Corey Marshall - RG","#61 James Cardwell - RT",,"#53 Terrell Chenoweth - SLB",,"#70 Bruno Deardorff - DT",,"#79 Anthony Duffy - RDE","#52 Kenneth Cruz - SLB","#51 Brian Snyder - MLB",,"#55 Kevin Overman - WLB","#20 Santiago Jackson - CB","#24 Grant Herman - CB",,"#22 John Ramirez - CB",,"#29 Austin Hull - SS","#23 Richard Foster - FS",,,,,,,,,,,,,,,,,,,,,,,,,,,,,,,,,,,,
PHI,13:23,"PHI 15",4,3,10,"Singleback Normal HB Counter Weak","Nickel 3-3-5 3 Deep MLB Blitz",,14,16,"3-10-PHI 15 (13:22) 25-Justin Sharpe ran to PHI 16 for a short gain. Tackle by 79-Anthony Duffy.","#6 Leonard Tucker - QB","#25 Justin Sharpe - RB",,,,"#89 Raul Kirby - TE",,"#19 Raleigh Dominguez - WR","#81 Phillip Baird - WR","#84 Heriberto Carpenter - WR",,,"#64 Richard Foreman - LT","#63 Manuel Goldberg - LG","#73 Kenneth Wood - C","#70 Corey Marshall - RG","#61 James Cardwell - RT",,"#53 Terrell Chenoweth - SLB",,"#70 Bruno Deardorff - DT",,"#79 Anthony Duffy - RDE","#52 Kenneth Cruz - SLB","#51 Brian Snyder - MLB",,"#55 Kevin Overman - WLB","#20 Santiago Jackson - CB","#24 Grant Herman - CB",,"#22 John Ramirez - CB",,"#29 Austin Hull - SS","#23 Richard Foster - FS",,,,,,,,,,,,,,,,,,,,,,,,,,,,,,,,,,,,
PHI,12:51,"PHI 16",4,4,10,Punt,"Punt Return",,14,16,"4-10-PHI 16 (12:50) 5-Teddy Mazza punts 46 yards to CHI 38. 18-Demetrius Harris to CHI 48 for 10 yards. Tackle by 86-Jose Watkins.",,,,,,,,,,,,,,,,,,"#5 Teddy Mazza - P",,,,,,,,,,,,,,,,,,,"#57 James Sullivan - LG",,"#18 Demetrius Harris - WR",,,"#24 Grant Herman - CB","#77 David Ezell - LDE","#50 Mark Dunton - MLB",,"#29 Austin Hull - SS","#20 Santiago Jackson - CB",,"#52 Kenneth Cruz - SLB",,,,"#25 Justin Sharpe - RB","#68 Roy Farr - RT","#64 Richard Foreman - LT","#63 Manuel Goldberg - LG","#70 Corey Marshall - RG","#86 Jose Watkins - TE",,"#55 Kevin Overman - WLB","#79 Anthony Duffy - RDE","#70 Bruno Deardorff - DT","#51 Brian Snyder - MLB",,,,,,,
CHI,12:40,"CHI 48",4,1,10,"I Formation 3WR Slot Short WR Deep","Dime Flat Man Cover 1",14,14,16,"1-10-CHI 48 (12:41) 19-Steven Boudreau pass complete to 14-Weston Lowell to PHI 38 for 14 yards. Tackle by 32-James Cruz. Nice job by 14-Weston Lowell on that route to lose his coverage.","#19 Steven Boudreau - QB","#32 Nathan Moreno - RB",,,"#39 Collin Valencia - FB",,,"#18 Demetrius Harris - WR","#14 Weston Lowell - WR","#17 Jeffrey Graham - WR",,,"#67 Roy Hamilton - RT","#64 William Beyer - RG","#59 William Singh - C","#61 Darrel Waldron - RT","#63 William Orr - RG",,"#97 Rodger Nguyen - LDE",,"#96 Pasquale Hudson - DT","#94 Colin Millette - DT","#99 Patrick Rock - RDE",,"#59 Arron Hilliard - WLB",,,"#30 Dale Hawkins - CB","#22 Donald Boykin - CB","#28 Gary McKenney - CB","#32 James Cruz - CB",,"#41 David Linton - CB","#21 William Lutz - CB",,,,,,,,,,,,,,,,,,,,,,,,,,,,,,,,,,,,
CHI,12:06,"PHI 38",4,1,10,"Strong I Normal Counter Strong","Dime Normal Man Cover 1",7,14,16,"1-10-PHI 38 (12:05) 30-Joe Chapman ran to PHI 31 for 7 yards. Tackle by 32-James Cruz. PENALTY - Holding (CHI 59-William Singh)","#19 Steven Boudreau - QB","#30 Joe Chapman - RB",,,"#39 Collin Valencia - FB","#83 Christopher Herron - TE",,"#18 Demetrius Harris - WR",,"#17 Jeffrey Graham - WR",,,"#67 Roy Hamilton - RT","#64 William Beyer - RG","#59 William Singh - C","#61 Darrel Waldron - RT","#63 William Orr - RG",,"#97 Rodger Nguyen - LDE",,"#96 Pasquale Hudson - DT","#94 Colin Millette - DT","#99 Patrick Rock - RDE",,"#58 Lonnie Brown - MLB",,,"#30 Dale Hawkins - CB","#40 Bill Lund - CB","#32 James Cruz - CB","#22 Donald Boykin - CB",,"#21 William Lutz - CB","#41 David Linton - CB",,,,,,,,,,,,,,,,,,,,,,,,,,,,,,,,,,,,
CHI,12:02,"PHI 47",4,1,20,"I Formation 3WR HB Toss Strong","4-3 Normal WLB Outside Blitz",-4,14,16,"1-20-PHI 47 (12:03) 32-Nathan Moreno ran to CHI 48 for -4 yards. Tackle by 97-Rodger Nguyen.","#19 Steven Boudreau - QB","#32 Nathan Moreno - RB",,,"#39 Collin Valencia - FB",,,"#18 Demetrius Harris - WR","#14 Weston Lowell - WR","#17 Jeffrey Graham - WR",,,"#67 Roy Hamilton - RT","#64 William Beyer - RG","#59 William Singh - C","#61 Darrel Waldron - RT","#63 William Orr - RG",,"#97 Rodger Nguyen - LDE",,"#96 Pasquale Hudson - DT","#94 Colin Millette - DT","#99 Patrick Rock - RDE","#58 Lonnie Brown - MLB","#52 Robert Smith - WLB",,"#93 Clifford Williams - SLB","#30 Dale Hawkins - CB","#40 Bill Lund - CB",,,,"#21 William Lutz - CB","#41 David Linton - CB",,,,,,,,,,,,,,,,,,,,,,,,,,,,,,,,,,,,
CHI,11:20,"CHI 48",4,2,24,"I Formation 3WR WR Out","3-4 Normal Man Cover 1",,14,16,"2-24-CHI 48 (11:19) 19-Steven Boudreau pass Pass knocked down by 40-Bill Lund. incomplete, intended for 17-Jeffrey Graham.","#19 Steven Boudreau - QB","#32 Nathan Moreno - RB",,,"#39 Collin Valencia - FB",,,"#18 Demetrius Harris - WR","#14 Weston Lowell - WR","#17 Jeffrey Graham - WR",,,"#67 Roy Hamilton - RT","#64 William Beyer - RG","#59 William Singh - C","#61 Darrel Waldron - RT","#63 William Orr - RG",,"#97 Rodger Nguyen - LDE",,"#96 Pasquale Hudson - DT",,"#99 Patrick Rock - RDE","#52 Robert Smith - WLB","#23 David Adkins - CB","#58 Lonnie Brown - MLB","#93 Clifford Williams - SLB","#30 Dale Hawkins - CB","#40 Bill Lund - CB",,,,"#21 William Lutz - CB","#41 David Linton - CB",,,,,,,,,,,,,,,,,,,,,,,,,,,,,,,,,,,,
CHI,11:15,"CHI 48",4,3,24,"I Formation 3WR Slot Short WR Deep","Dime Flat MLB SS Blitz",3,14,16,"3-24-CHI 48 (11:16) 19-Steven Boudreau pass complete to 32-Nathan Moreno to PHI 49 for 3 yards. Tackle by 99-Patrick Rock.","#19 Steven Boudreau - QB","#32 Nathan Moreno - RB",,,"#39 Collin Valencia - FB",,,"#18 Demetrius Harris - WR","#14 Weston Lowell - WR","#17 Jeffrey Graham - WR",,,"#67 Roy Hamilton - RT","#64 William Beyer - RG","#59 William Singh - C","#61 Darrel Waldron - RT","#63 William Orr - RG",,"#97 Rodger Nguyen - LDE",,"#96 Pasquale Hudson - DT","#94 Colin Millette - DT","#99 Patrick Rock - RDE",,"#58 Lonnie Brown - MLB",,,"#30 Dale Hawkins - CB","#40 Bill Lund - CB","#32 James Cruz - CB","#22 Donald Boykin - CB",,"#41 David Linton - CB","#21 William Lutz - CB",,,,,,,,,,,,,,,,,,,,,,,,,,,,,,,,,,,,
CHI,10:39,"PHI 49",4,4,21,Punt,"Punt Return",33,14,16,"4-21-PHI 49 (10:38) 1-Thomas Johnson punts 33 yards to PHI 16.",,,,,,,,,,,,,,,,,,"#1 Thomas Johnson - P",,,,,,,,,,,,,,,,,,,"#64 William Beyer - RG",,"#19 Raleigh Dominguez - WR",,,"#40 Bill Lund - CB","#33 Bret Shelley - SS","#58 Lonnie Brown - MLB",,"#23 David Adkins - CB","#41 David Linton - CB",,"#59 Arron Hilliard - WLB",,,,"#57 Ernesto Schoen - C","#58 Shane Hollingsworth - C","#61 Darrel Waldron - RT","#63 William Orr - RG","#59 William Singh - C","#56 Michael Trigg - LG",,"#99 Patrick Rock - RDE","#93 Clifford Williams - SLB","#72 William Ingram - DT","#52 Robert Smith - WLB",,,,,,,
PHI,10:29,"PHI 16",4,1,10,"Singleback Normal HB Inside Weak","Nickel 3-3-5 3 Deep Zone Under",12,14,16,"1-10-PHI 16 (10:30) 25-Justin Sharpe ran to PHI 28 for 12 yards. Tackle by 28-Jason Castellanos.","#6 Leonard Tucker - QB","#25 Justin Sharpe - RB",,,,"#89 Raul Kirby - TE",,"#19 Raleigh Dominguez - WR","#81 Phillip Baird - WR","#84 Heriberto Carpenter - WR",,,"#64 Richard Foreman - LT","#63 Manuel Goldberg - LG","#73 Kenneth Wood - C","#70 Corey Marshall - RG","#61 James Cardwell - RT",,"#53 Terrell Chenoweth - SLB",,"#70 Bruno Deardorff - DT",,"#79 Anthony Duffy - RDE","#52 Kenneth Cruz - SLB","#51 Brian Snyder - MLB",,"#55 Kevin Overman - WLB","#20 Santiago Jackson - CB","#22 John Ramirez - CB",,"#26 Luis Windsor - FS",,"#28 Jason Castellanos - SS","#23 Richard Foster - FS",,,,,,,,,,,,,,,,,,,,,,,,,,,,,,,,,,,,
PHI,9:56,"PHI 28",4,1,10,"I Formation Normal HB Blast","Goal Line Attack #3",3,14,16,"1-10-PHI 28 (9:55) 81-Phillip Baird ran to PHI 31 for 3 yards. Tackle by 51-Brian Snyder. CHI 53-Terrell Chenoweth was injured on the play.","#6 Leonard Tucker - QB","#81 Phillip Baird - WR",,,"#36 Patrick Stewart - FB","#89 Raul Kirby - TE",,"#19 Raleigh Dominguez - WR",,"#84 Heriberto Carpenter - WR",,,"#64 Richard Foreman - LT","#63 Manuel Goldberg - LG","#73 Kenneth Wood - C","#70 Corey Marshall - RG","#61 James Cardwell - RT",,"#53 Terrell Chenoweth - SLB","#50 Mark Dunton - MLB","#70 Bruno Deardorff - DT","#72 Harold Hicks - DT","#79 Anthony Duffy - RDE","#52 Kenneth Cruz - SLB","#51 Brian Snyder - MLB",,"#55 Kevin Overman - WLB","#20 Santiago Jackson - CB","#24 Grant Herman - CB",,,,"#29 Austin Hull - SS",,,,,,,,,,,,,,,,,,,,,,,,,,,,,,,,,,,,,
PHI,9:13,"PHI 31",4,2,7,"Singleback Normal HB Release Mid","Nickel 3-3-5 CB1 CB2 Blitz",,14,16,"2-7-PHI 31 (9:12) PENALTY - False Start (PHI 61-James Cardwell)","#6 Leonard Tucker - QB","#25 Justin Sharpe - RB",,,,"#89 Raul Kirby - TE",,"#19 Raleigh Dominguez - WR","#81 Phillip Baird - WR","#84 Heriberto Carpenter - WR",,,"#64 Richard Foreman - LT","#63 Manuel Goldberg - LG","#73 Kenneth Wood - C","#70 Corey Marshall - RG","#61 James Cardwell - RT",,"#50 Mark Dunton - MLB",,"#70 Bruno Deardorff - DT",,"#79 Anthony Duffy - RDE","#52 Kenneth Cruz - SLB","#51 Brian Snyder - MLB",,"#55 Kevin Overman - WLB","#20 Santiago Jackson - CB","#24 Grant Herman - CB",,"#22 John Ramirez - CB",,"#28 Jason Castellanos - SS","#23 Richard Foster - FS",,,,,,,,,,,,,,,,,,,,,,,,,,,,,,,,,,,,
PHI,9:11,"PHI 26",4,2,12,"Singleback Normal HB Counter Weak","Nickel 3-3-5 3 Deep Zone Under",-1,14,16,"2-12-PHI 26 (9:12) 25-Justin Sharpe ran to PHI 26 for -1 yards. Tackle by 79-Anthony Duffy.","#6 Leonard Tucker - QB","#25 Justin Sharpe - RB",,,,"#89 Raul Kirby - TE",,"#19 Raleigh Dominguez - WR","#81 Phillip Baird - WR","#84 Heriberto Carpenter - WR",,,"#64 Richard Foreman - LT","#63 Manuel Goldberg - LG","#73 Kenneth Wood - C","#70 Corey Marshall - RG","#61 James Cardwell - RT",,"#50 Mark Dunton - MLB",,"#70 Bruno Deardorff - DT",,"#79 Anthony Duffy - RDE","#52 Kenneth Cruz - SLB","#51 Brian Snyder - MLB",,"#55 Kevin Overman - WLB","#20 Santiago Jackson - CB","#24 Grant Herman - CB",,"#22 John Ramirez - CB",,"#29 Austin Hull - SS","#23 Richard Foster - FS",,,,,,,,,,,,,,,,,,,,,,,,,,,,,,,,,,,,
PHI,8:37,"PHI 26",4,3,12,"I Formation Power Play Action HB Downfield","Goal Line Attack #3",,14,16,"3-12-PHI 26 (8:36) 6-Leonard Tucker pass incomplete, intended for 19-Raleigh Dominguez. Pressure by 72-Harold Hicks.","#6 Leonard Tucker - QB","#25 Justin Sharpe - RB",,"#81 Phillip Baird - WR","#36 Patrick Stewart - FB","#84 Heriberto Carpenter - WR",,"#19 Raleigh Dominguez - WR",,,,,"#64 Richard Foreman - LT","#63 Manuel Goldberg - LG","#73 Kenneth Wood - C","#70 Corey Marshall - RG","#61 James Cardwell - RT",,"#50 Mark Dunton - MLB","#77 David Ezell - LDE","#70 Bruno Deardorff - DT","#72 Harold Hicks - DT","#79 Anthony Duffy - RDE","#52 Kenneth Cruz - SLB","#51 Brian Snyder - MLB",,"#55 Kevin Overman - WLB","#20 Santiago Jackson - CB","#24 Grant Herman - CB",,,,"#29 Austin Hull - SS",,,,,,,,,,,,,,,,,,,,,,,,,,,,,,,,,,,,,
PHI,8:32,"PHI 26",4,4,12,Punt,"Punt Return",,14,16,"4-12-PHI 26 (8:33) 5-Teddy Mazza punts 51 yards to CHI 24. Fair Catch by 18-Demetrius Harris.",,,,,,,,,,,,,,,,,,"#5 Teddy Mazza - P",,,,,,,,,,,,,,,,,,,"#64 Richard Foreman - LT",,"#18 Demetrius Harris - WR",,,"#24 Grant Herman - CB","#77 David Ezell - LDE","#50 Mark Dunton - MLB",,"#29 Austin Hull - SS","#20 Santiago Jackson - CB",,"#52 Kenneth Cruz - SLB",,,,"#25 Justin Sharpe - RB","#68 Roy Farr - RT","#57 James Sullivan - LG","#63 Manuel Goldberg - LG","#70 Corey Marshall - RG","#86 Jose Watkins - TE",,"#55 Kevin Overman - WLB","#79 Anthony Duffy - RDE","#70 Bruno Deardorff - DT","#51 Brian Snyder - MLB",,,,,,,
CHI,8:25,"CHI 24",4,1,10,"Singleback Slot Strong HB Counter","Dime Flat MLB SS Blitz",-1,14,16,"1-10-CHI 24 (8:26) 32-Nathan Moreno ran to CHI 22 for -1 yards. Tackle by 59-Arron Hilliard.","#19 Steven Boudreau - QB","#32 Nathan Moreno - RB",,,,"#83 Christopher Herron - TE",,"#18 Demetrius Harris - WR","#14 Weston Lowell - WR","#17 Jeffrey Graham - WR",,,"#67 Roy Hamilton - RT","#64 William Beyer - RG","#59 William Singh - C","#61 Darrel Waldron - RT","#63 William Orr - RG",,"#97 Rodger Nguyen - LDE",,"#96 Pasquale Hudson - DT","#94 Colin Millette - DT","#99 Patrick Rock - RDE",,"#59 Arron Hilliard - WLB",,,"#30 Dale Hawkins - CB","#22 Donald Boykin - CB","#28 Gary McKenney - CB","#32 James Cruz - CB",,"#41 David Linton - CB","#21 William Lutz - CB",,,,,,,,,,,,,,,,,,,,,,,,,,,,,,,,,,,,
CHI,7:47,"CHI 22",4,2,11,"Shotgun Normal TE Out","4-3 Under Crash Right",,14,16,"2-11-CHI 22 (7:46) 19-Steven Boudreau pass complete to 83-Christopher Herron to CHI 36 for 14 yards. 83-Christopher Herron FUMBLES (97-Rodger Nguyen) recovered by PHI-97-Rodger Nguyen at CHI 33. Tackle by 18-Demetrius Harris.","#19 Steven Boudreau - QB","#32 Nathan Moreno - RB",,,,"#83 Christopher Herron - TE",,"#18 Demetrius Harris - WR","#14 Weston Lowell - WR","#17 Jeffrey Graham - WR",,,"#67 Roy Hamilton - RT","#64 William Beyer - RG","#59 William Singh - C","#61 Darrel Waldron - RT","#63 William Orr - RG",,"#97 Rodger Nguyen - LDE",,"#96 Pasquale Hudson - DT","#94 Colin Millette - DT","#99 Patrick Rock - RDE","#93 Clifford Williams - SLB","#58 Lonnie Brown - MLB",,"#59 Arron Hilliard - WLB","#30 Dale Hawkins - CB","#40 Bill Lund - CB",,,,"#21 William Lutz - CB","#41 David Linton - CB",,,,,,,,,,,,,,,,,,,,,,,,,,,,,,,,,,,,
PHI,7:38,"CHI 33",4,1,10,"I Formation 3WR WR Out","Nickel 3-3-5 3 Deep Zone Under",,14,16,"1-10-CHI 33 (7:39) 6-Leonard Tucker pass Pass knocked down by 22-John Ramirez. incomplete, intended for 81-Phillip Baird. PENALTY - Pass Interference (CHI 22-John Ramirez)","#6 Leonard Tucker - QB","#25 Justin Sharpe - RB",,,"#36 Patrick Stewart - FB",,,"#19 Raleigh Dominguez - WR","#84 Heriberto Carpenter - WR","#81 Phillip Baird - WR",,,"#64 Richard Foreman - LT","#63 Manuel Goldberg - LG","#73 Kenneth Wood - C","#70 Corey Marshall - RG","#61 James Cardwell - RT",,"#52 Kenneth Cruz - SLB",,"#70 Bruno Deardorff - DT",,"#79 Anthony Duffy - RDE","#91 Junior Green - WLB","#51 Brian Snyder - MLB",,"#55 Kevin Overman - WLB","#20 Santiago Jackson - CB","#24 Grant Herman - CB",,"#22 John Ramirez - CB",,"#29 Austin Hull - SS","#23 Richard Foster - FS",,,,,,,,,,,,,,,,,,,,,,,,,,,,,,,,,,,,
PHI,7:34,"CHI 28",4,1,10,"I Formation Normal FL Hitch","Goal Line Attack #3",,14,16,"1-10-CHI 28 (7:35) (Hot Read) 6-Leonard Tucker pass Pass knocked down by 52-Kenneth Cruz. incomplete, intended for 36-Patrick Stewart. Pressure by 55-Kevin Overman. The offense has gone to that play a few too many times.","#6 Leonard Tucker - QB","#81 Phillip Baird - WR",,,"#36 Patrick Stewart - FB","#89 Raul Kirby - TE",,"#19 Raleigh Dominguez - WR",,"#84 Heriberto Carpenter - WR",,,"#64 Richard Foreman - LT","#63 Manuel Goldberg - LG","#73 Kenneth Wood - C","#70 Corey Marshall - RG","#61 James Cardwell - RT",,"#52 Kenneth Cruz - SLB","#50 Mark Dunton - MLB","#70 Bruno Deardorff - DT","#72 Harold Hicks - DT","#79 Anthony Duffy - RDE","#91 Junior Green - WLB","#51 Brian Snyder - MLB",,"#55 Kevin Overman - WLB","#20 Santiago Jackson - CB","#24 Grant Herman - CB",,,,"#29 Austin Hull - SS",,,,,,,,,,,,,,,,,,,,,,,,,,,,,,,,,,,,,
PHI,7:31,"CHI 28",4,2,10,"Singleback Normal HB Counter Weak","Nickel 3-3-5 CB1 CB3 Blitz",-1,14,16,"2-10-CHI 28 (7:32) 25-Justin Sharpe ran to CHI 28 for -1 yards. Tackle by 79-Anthony Duffy.","#6 Leonard Tucker - QB","#25 Justin Sharpe - RB",,,,"#89 Raul Kirby - TE",,"#19 Raleigh Dominguez - WR","#81 Phillip Baird - WR","#84 Heriberto Carpenter - WR",,,"#64 Richard Foreman - LT","#63 Manuel Goldberg - LG","#73 Kenneth Wood - C","#70 Corey Marshall - RG","#61 James Cardwell - RT",,"#50 Mark Dunton - MLB",,"#70 Bruno Deardorff - DT",,"#79 Anthony Duffy - RDE","#52 Kenneth Cruz - SLB","#51 Brian Snyder - MLB",,"#55 Kevin Overman - WLB","#20 Santiago Jackson - CB","#24 Grant Herman - CB",,"#22 John Ramirez - CB",,"#29 Austin Hull - SS","#23 Richard Foster - FS",,,,,,,,,,,,,,,,,,,,,,,,,,,,,,,,,,,,
PHI,7:00,"CHI 28",4,3,11,"Strong I Big TE Post","Goal Line Attack #3",11,14,16,"3-11-CHI 28 (6:59) 6-Leonard Tucker pass complete to 19-Raleigh Dominguez to CHI 17 for 11 yards. Tackle by 24-Grant Herman. Nice job by 19-Raleigh Dominguez on that route to lose his coverage.","#6 Leonard Tucker - QB","#81 Phillip Baird - WR",,,"#36 Patrick Stewart - FB","#19 Raleigh Dominguez - WR","#84 Heriberto Carpenter - WR","#1 John Moran - WR",,,,,"#64 Richard Foreman - LT","#63 Manuel Goldberg - LG","#73 Kenneth Wood - C","#70 Corey Marshall - RG","#61 James Cardwell - RT",,"#52 Kenneth Cruz - SLB","#50 Mark Dunton - MLB","#70 Bruno Deardorff - DT","#72 Harold Hicks - DT","#79 Anthony Duffy - RDE","#53 Terrell Chenoweth - SLB","#51 Brian Snyder - MLB",,"#55 Kevin Overman - WLB","#20 Santiago Jackson - CB","#24 Grant Herman - CB",,,,"#29 Austin Hull - SS",,,,,,,,,,,,,,,,,,,,,,,,,,,,,,,,,,,,,
PHI,6:14,"CHI 17",4,1,10,"I Formation 3WR WR Out","Nickel 3-3-5 Weak Side Blitz",-7,14,16,"1-10-CHI 17 (6:13) 6-Leonard Tucker sacked at CHI 24 for -7 yards (79-Anthony Duffy). Sack allowed by 64-Richard Foreman. PHI 6-Leonard Tucker was injured on the play.","#6 Leonard Tucker - QB","#25 Justin Sharpe - RB",,,"#36 Patrick Stewart - FB",,,"#19 Raleigh Dominguez - WR","#84 Heriberto Carpenter - WR","#81 Phillip Baird - WR",,,"#64 Richard Foreman - LT","#63 Manuel Goldberg - LG","#73 Kenneth Wood - C","#70 Corey Marshall - RG","#61 James Cardwell - RT",,"#53 Terrell Chenoweth - SLB",,"#70 Bruno Deardorff - DT",,"#79 Anthony Duffy - RDE","#52 Kenneth Cruz - SLB","#51 Brian Snyder - MLB",,"#55 Kevin Overman - WLB","#20 Santiago Jackson - CB","#24 Grant Herman - CB",,"#22 John Ramirez - CB",,"#29 Austin Hull - SS","#23 Richard Foster - FS",,,,,,,,,,,,,,,,,,,,,,,,,,,,,,,,,,,,
PHI,5:33,"CHI 24",4,2,17,"Singleback Slot Strong HB Strong Inside","Nickel 3-3-5 CB1 CB2 Blitz",5,14,16,"2-17-CHI 24 (5:32) 25-Justin Sharpe ran to CHI 19 for 5 yards. Tackle by 20-Santiago Jackson.","#18 Ryan Fawcett - QB","#25 Justin Sharpe - RB",,,,"#51 John Kelly - C",,"#60 Joe Bradshaw - RG","#57 James Sullivan - LG","#19 Raleigh Dominguez - WR",,,"#64 Richard Foreman - LT","#63 Manuel Goldberg - LG","#73 Kenneth Wood - C","#70 Corey Marshall - RG","#61 James Cardwell - RT",,"#53 Terrell Chenoweth - SLB",,"#70 Bruno Deardorff - DT",,"#79 Anthony Duffy - RDE","#52 Kenneth Cruz - SLB","#51 Brian Snyder - MLB",,"#55 Kevin Overman - WLB","#20 Santiago Jackson - CB","#24 Grant Herman - CB",,"#22 John Ramirez - CB",,"#29 Austin Hull - SS","#23 Richard Foster - FS",,,,,,,,,,,,,,,,,,,,,,,,,,,,,,,,,,,,
PHI,4:56,"CHI 19",4,3,12,"Singleback Big Corner Ins","Goal Line Attack #3",-0,14,16,"3-12-CHI 19 (4:55) (Hot Read) 18-Ryan Fawcett pass complete to 25-Justin Sharpe to CHI 19 for a short loss. Tackle by 52-Kenneth Cruz. Pressure by 55-Kevin Overman.","#18 Ryan Fawcett - QB","#25 Justin Sharpe - RB",,,,"#81 Phillip Baird - WR","#84 Heriberto Carpenter - WR","#82 Miles Willett - WR",,"#1 John Moran - WR",,,"#64 Richard Foreman - LT","#63 Manuel Goldberg - LG","#73 Kenneth Wood - C","#70 Corey Marshall - RG","#61 James Cardwell - RT",,"#52 Kenneth Cruz - SLB","#50 Mark Dunton - MLB","#70 Bruno Deardorff - DT","#72 Harold Hicks - DT","#79 Anthony Duffy - RDE","#53 Terrell Chenoweth - SLB","#51 Brian Snyder - MLB",,"#55 Kevin Overman - WLB","#20 Santiago Jackson - CB","#24 Grant Herman - CB",,,,"#29 Austin Hull - SS",,,,,,,,,,,,,,,,,,,,,,,,,,,,,,,,,,,,,
PHI,4:16,"CHI 19",4,4,12,"Field Goal","FG Block",29,14,19,"4-12-CHI 19 (4:15) 14-Juan Johnson 37 yard field goal is GOOD. CHI 14 PHI 19",,,,,,,,,,,,,,,,,,,,,,,,,,,,,,,,,,,,"#93 Clifford Williams - SLB","#57 James Sullivan - LG",,,,,,,,,,,,,,"#14 Juan Johnson - K","#19 Raleigh Dominguez - WR","#25 Justin Sharpe - RB","#68 Roy Farr - RT","#64 Richard Foreman - LT","#63 Manuel Goldberg - LG","#70 Corey Marshall - RG","#86 Jose Watkins - TE","#61 James Cardwell - RT","#51 Brian Snyder - MLB","#79 Anthony Duffy - RDE","#70 Bruno Deardorff - DT","#50 Mark Dunton - MLB","#91 Junior Green - WLB","#23 Richard Foster - FS","#28 Jason Castellanos - SS","#52 Kenneth Cruz - SLB","#55 Kevin Overman - WLB","#20 Santiago Jackson - CB","#24 Grant Herman - CB"
PHI,4:11,"PHI 35",4,6,10,Kickoff,"Kick Return",,14,19,"(4:12) 14-Juan Johnson kicks 74 yards from PHI 35 to CHI -9. Touchback.",,,,,,,,,,,,,,,,,,,,,,,,,,,,,,,,,,,,,,"#18 Demetrius Harris - WR",,"#22 John Ramirez - CB","#55 Kevin Overman - WLB","#24 Grant Herman - CB","#52 Kenneth Cruz - SLB","#50 Mark Dunton - MLB","#77 David Ezell - LDE","#29 Austin Hull - SS","#20 Santiago Jackson - CB","#79 Anthony Duffy - RDE","#51 Brian Snyder - MLB","#14 Juan Johnson - K",,,,,,,,,,,,,,,,,,,,
CHI,4:11,"CHI 25",4,1,10,"Strong I Normal Counter Strong","Dime Flat MLB SS Blitz",1,14,19,"1-10-CHI 25 (4:12) 32-Nathan Moreno ran to CHI 26 for 1 yards. Tackle by 58-Lonnie Brown.","#19 Steven Boudreau - QB","#32 Nathan Moreno - RB",,,"#39 Collin Valencia - FB","#83 Christopher Herron - TE",,"#18 Demetrius Harris - WR",,"#17 Jeffrey Graham - WR",,,"#67 Roy Hamilton - RT","#64 William Beyer - RG","#59 William Singh - C","#61 Darrel Waldron - RT","#63 William Orr - RG",,"#97 Rodger Nguyen - LDE",,"#96 Pasquale Hudson - DT","#94 Colin Millette - DT","#99 Patrick Rock - RDE",,"#58 Lonnie Brown - MLB",,,"#30 Dale Hawkins - CB","#40 Bill Lund - CB","#32 James Cruz - CB","#22 Donald Boykin - CB",,"#41 David Linton - CB","#21 William Lutz - CB",,,,,,,,,,,,,,,,,,,,,,,,,,,,,,,,,,,,
CHI,3:41,"CHI 26",4,2,9,"I Formation Normal FB Middle","4-3 Normal Man Under 1",3,14,19,"2-9-CHI 26 (3:40) 19-Steven Boudreau pass complete to 18-Demetrius Harris to CHI 29 for 3 yards. Tackle by 52-Robert Smith.","#19 Steven Boudreau - QB","#32 Nathan Moreno - RB",,,"#39 Collin Valencia - FB","#83 Christopher Herron - TE",,"#18 Demetrius Harris - WR",,"#17 Jeffrey Graham - WR",,,"#67 Roy Hamilton - RT","#64 William Beyer - RG","#59 William Singh - C","#61 Darrel Waldron - RT","#63 William Orr - RG",,"#97 Rodger Nguyen - LDE",,"#96 Pasquale Hudson - DT","#94 Colin Millette - DT","#99 Patrick Rock - RDE","#58 Lonnie Brown - MLB","#52 Robert Smith - WLB",,"#93 Clifford Williams - SLB","#30 Dale Hawkins - CB","#40 Bill Lund - CB",,,,"#21 William Lutz - CB","#41 David Linton - CB",,,,,,,,,,,,,,,,,,,,,,,,,,,,,,,,,,,,
CHI,3:02,"CHI 29",4,3,6,"I Formation 3WR Slot Short WR Deep","4-3 Normal Man Under 1",16,14,19,"3-6-CHI 29 (3:01) 19-Steven Boudreau pass complete to 14-Weston Lowell to CHI 44 for 16 yards. Pushed out of bounds by 30-Dale Hawkins.","#19 Steven Boudreau - QB","#32 Nathan Moreno - RB",,,"#39 Collin Valencia - FB",,,"#18 Demetrius Harris - WR","#14 Weston Lowell - WR","#17 Jeffrey Graham - WR",,,"#67 Roy Hamilton - RT","#64 William Beyer - RG","#59 William Singh - C","#61 Darrel Waldron - RT","#63 William Orr - RG",,"#97 Rodger Nguyen - LDE",,"#96 Pasquale Hudson - DT","#94 Colin Millette - DT","#99 Patrick Rock - RDE","#58 Lonnie Brown - MLB","#52 Robert Smith - WLB",,"#93 Clifford Williams - SLB","#30 Dale Hawkins - CB","#22 Donald Boykin - CB",,,,"#21 William Lutz - CB","#41 David Linton - CB",,,,,,,,,,,,,,,,,,,,,,,,,,,,,,,,,,,,
CHI,2:55,"CHI 44",4,1,10,"I Formation 3WR SE Post","Dime Flat MLB SS Blitz",4,14,19,"1-10-CHI 44 (2:56) 19-Steven Boudreau pass complete to 14-Weston Lowell to CHI 49 for 4 yards. Tackle by 28-Gary McKenney.","#19 Steven Boudreau - QB","#30 Joe Chapman - RB",,,"#39 Collin Valencia - FB",,,"#14 Weston Lowell - WR","#16 Thomas Holloman - WR","#15 Joseph Vickers - WR",,,"#67 Roy Hamilton - RT","#64 William Beyer - RG","#59 William Singh - C","#61 Darrel Waldron - RT","#63 William Orr - RG",,"#97 Rodger Nguyen - LDE",,"#96 Pasquale Hudson - DT","#94 Colin Millette - DT","#99 Patrick Rock - RDE",,"#93 Clifford Williams - SLB",,,"#40 Bill Lund - CB","#22 Donald Boykin - CB","#28 Gary McKenney - CB","#32 James Cruz - CB",,"#33 Bret Shelley - SS","#21 William Lutz - CB",,,,,,,,,,,,,,,,,,,,,,,,,,,,,,,,,,,,
CHI,2:10,"CHI 49",4,2,6,"Weak I Normal WR Corner TE Middle","4-3 Normal Double WR1",,14,19,"2-6-CHI 49 (2:09) 19-Steven Boudreau pass incomplete, dropped by 17-Jeffrey Graham. PENALTY - Pass Interference (PHI 40-Bill Lund)","#19 Steven Boudreau - QB","#32 Nathan Moreno - RB",,,"#39 Collin Valencia - FB","#83 Christopher Herron - TE",,"#18 Demetrius Harris - WR",,"#17 Jeffrey Graham - WR",,,"#67 Roy Hamilton - RT","#64 William Beyer - RG","#59 William Singh - C","#61 Darrel Waldron - RT","#63 William Orr - RG",,"#97 Rodger Nguyen - LDE",,"#96 Pasquale Hudson - DT","#94 Colin Millette - DT","#99 Patrick Rock - RDE","#59 Arron Hilliard - WLB","#52 Robert Smith - WLB",,"#93 Clifford Williams - SLB","#30 Dale Hawkins - CB","#40 Bill Lund - CB",,,,"#21 William Lutz - CB","#41 David Linton - CB",,,,,,,,,,,,,,,,,,,,,,,,,,,,,,,,,,,,
CHI,2:04,"PHI 40",4,1,10,"Singleback 4 Wide Deep Middle","Dime Normal Man Cover 1",-4,14,19,"1-10-PHI 40 (2:05) 19-Steven Boudreau sacked at PHI 44 for -4 yards (99-Patrick Rock). Sack allowed by 67-Roy Hamilton.","#19 Steven Boudreau - QB","#30 Joe Chapman - RB",,,,,,"#17 Jeffrey Graham - WR","#15 Joseph Vickers - WR","#14 Weston Lowell - WR","#16 Thomas Holloman - WR",,"#67 Roy Hamilton - RT","#64 William Beyer - RG","#59 William Singh - C","#61 Darrel Waldron - RT","#63 William Orr - RG",,"#97 Rodger Nguyen - LDE",,"#96 Pasquale Hudson - DT","#94 Colin Millette - DT","#99 Patrick Rock - RDE",,"#58 Lonnie Brown - MLB",,,"#40 Bill Lund - CB","#22 Donald Boykin - CB","#28 Gary McKenney - CB","#32 James Cruz - CB",,"#33 Bret Shelley - SS","#41 David Linton - CB",,,,,,,,,,,,,,,,,,,,,,,,,,,,,,,,,,,,
,2:00,,4,2,14,,,,14,19,"Timeout for two minute warning.",,,,,,,,,,,,,,,,,,,,,,,,,,,,,,,,,,,,,,,,,,,,,,,,,,,,,,,,,,,,,,,,,,,,,,
CHI,1:59,"PHI 44",4,2,14,"I Formation 3WR SE Post","Dime Flat Man Cover 1",,14,19,"2-14-PHI 44 (2:00) 19-Steven Boudreau pass Pass knocked down by 32-James Cruz. incomplete, intended for 18-Demetrius Harris.","#19 Steven Boudreau - QB","#32 Nathan Moreno - RB",,,"#39 Collin Valencia - FB",,,"#18 Demetrius Harris - WR","#15 Joseph Vickers - WR","#14 Weston Lowell - WR",,,"#67 Roy Hamilton - RT","#64 William Beyer - RG","#59 William Singh - C","#61 Darrel Waldron - RT","#63 William Orr - RG",,"#97 Rodger Nguyen - LDE",,"#96 Pasquale Hudson - DT","#94 Colin Millette - DT","#99 Patrick Rock - RDE",,"#93 Clifford Williams - SLB",,,"#30 Dale Hawkins - CB","#22 Donald Boykin - CB","#28 Gary McKenney - CB","#32 James Cruz - CB",,"#33 Bret Shelley - SS","#21 William Lutz - CB",,,,,,,,,,,,,,,,,,,,,,,,,,,,,,,,,,,,
CHI,1:56,"PHI 44",4,3,14,"I Formation Normal SE Post","4-3 Normal Man Under 1",,14,19,"3-14-PHI 44 (1:57) 19-Steven Boudreau pass incomplete, intended for 39-Collin Valencia.","#19 Steven Boudreau - QB","#32 Nathan Moreno - RB",,,"#39 Collin Valencia - FB","#83 Christopher Herron - TE",,"#18 Demetrius Harris - WR",,"#17 Jeffrey Graham - WR",,,"#67 Roy Hamilton - RT","#64 William Beyer - RG","#59 William Singh - C","#61 Darrel Waldron - RT","#63 William Orr - RG",,"#97 Rodger Nguyen - LDE",,"#96 Pasquale Hudson - DT","#94 Colin Millette - DT","#99 Patrick Rock - RDE","#58 Lonnie Brown - MLB","#52 Robert Smith - WLB",,"#93 Clifford Williams - SLB","#30 Dale Hawkins - CB","#40 Bill Lund - CB",,,,"#21 William Lutz - CB","#41 David Linton - CB",,,,,,,,,,,,,,,,,,,,,,,,,,,,,,,,,,,,
CHI,1:51,"PHI 44",4,4,14,Punt,"Punt Return",47,14,19,"4-14-PHI 44 (1:52) 1-Thomas Johnson punts 47 yards to PHI -3.4-14-PHI 44 (1:52) 1-Thomas Johnson punts 47 yards to PHI -3. Touchback.",,,,,,,,,,,,,,,,,,"#1 Thomas Johnson - P",,,,,,,,,,,,,,,,,,,"#64 William Beyer - RG",,"#19 Raleigh Dominguez - WR",,,"#40 Bill Lund - CB","#33 Bret Shelley - SS","#58 Lonnie Brown - MLB",,"#23 David Adkins - CB","#41 David Linton - CB",,"#59 Arron Hilliard - WLB",,,,"#57 Ernesto Schoen - C","#58 Shane Hollingsworth - C","#61 Darrel Waldron - RT","#63 William Orr - RG","#59 William Singh - C","#56 Michael Trigg - LG",,"#99 Patrick Rock - RDE","#93 Clifford Williams - SLB","#72 William Ingram - DT","#52 Robert Smith - WLB",,,,,,,
PHI,1:43,"PHI 20",4,1,10,"I Formation 3WR WR Out","Nickel 3-3-5 CB1 CB3 Blitz",,14,19,"1-10-PHI 20 (1:44) 6-Leonard Tucker pass incomplete, dropped by 84-Heriberto Carpenter.","#6 Leonard Tucker - QB","#25 Justin Sharpe - RB",,,"#36 Patrick Stewart - FB",,,"#19 Raleigh Dominguez - WR","#84 Heriberto Carpenter - WR","#81 Phillip Baird - WR",,,"#64 Richard Foreman - LT","#63 Manuel Goldberg - LG","#73 Kenneth Wood - C","#70 Corey Marshall - RG","#61 James Cardwell - RT",,"#52 Kenneth Cruz - SLB",,"#70 Bruno Deardorff - DT",,"#79 Anthony Duffy - RDE","#53 Terrell Chenoweth - SLB","#51 Brian Snyder - MLB",,"#55 Kevin Overman - WLB","#20 Santiago Jackson - CB","#22 John Ramirez - CB",,"#26 Luis Windsor - FS",,"#28 Jason Castellanos - SS","#23 Richard Foster - FS",,,,,,,,,,,,,,,,,,,,,,,,,,,,,,,,,,,,
PHI,1:40,"PHI 20",4,2,10,"Singleback Slot Strong HB Strong Inside","Nickel 3-3-5 CB1 CB2 Blitz",7,14,19,"2-10-PHI 20 (1:41) 25-Justin Sharpe ran to PHI 27 for 7 yards. Tackle by 51-Brian Snyder. If the defense doesn't start mixing up their plays a bit more we might see more big gains like that one.","#6 Leonard Tucker - QB","#25 Justin Sharpe - RB",,,,"#51 John Kelly - C",,"#60 Joe Bradshaw - RG","#57 James Sullivan - LG","#19 Raleigh Dominguez - WR",,,"#64 Richard Foreman - LT","#63 Manuel Goldberg - LG","#73 Kenneth Wood - C","#70 Corey Marshall - RG","#61 James Cardwell - RT",,"#52 Kenneth Cruz - SLB",,"#70 Bruno Deardorff - DT",,"#79 Anthony Duffy - RDE","#53 Terrell Chenoweth - SLB","#51 Brian Snyder - MLB",,"#55 Kevin Overman - WLB","#20 Santiago Jackson - CB","#22 John Ramirez - CB",,"#26 Luis Windsor - FS",,"#28 Jason Castellanos - SS","#23 Richard Foster - FS",,,,,,,,,,,,,,,,,,,,,,,,,,,,,,,,,,,,
,1:38,,4,3,3,,,,14,19,"Timeout CHI",,,,,,,,,,,,,,,,,,,,,,,,,,,,,,,,,,,,,,,,,,,,,,,,,,,,,,,,,,,,,,,,,,,,,,
PHI,1:34,"PHI 27",4,3,3,"I Formation Normal FL Hitch","Goal Line Attack #3",,14,19,"3-3-PHI 27 (1:35) (Hot Read) 6-Leonard Tucker sacked at PHI 19 for -8 yards (52-Kenneth Cruz) 6-Leonard Tucker FUMBLES (52-Kenneth Cruz) recovered by CHI-52-Kenneth Cruz at PHI 17. I think the offense is starting to overuse that play. CHI 29-Austin Hull was injured on the play.","#6 Leonard Tucker - QB","#81 Phillip Baird - WR",,,"#36 Patrick Stewart - FB","#89 Raul Kirby - TE",,"#19 Raleigh Dominguez - WR",,"#84 Heriberto Carpenter - WR",,,"#64 Richard Foreman - LT","#63 Manuel Goldberg - LG","#73 Kenneth Wood - C","#70 Corey Marshall - RG","#61 James Cardwell - RT",,"#53 Terrell Chenoweth - SLB","#50 Mark Dunton - MLB","#70 Bruno Deardorff - DT","#72 Harold Hicks - DT","#79 Anthony Duffy - RDE","#52 Kenneth Cruz - SLB","#51 Brian Snyder - MLB",,"#55 Kevin Overman - WLB","#20 Santiago Jackson - CB","#24 Grant Herman - CB",,,,"#29 Austin Hull - SS",,,,,,,,,,,,,,,,,,,,,,,,,,,,,,,,,,,,,
CHI,1:29,"PHI 17",4,1,10,"I Formation Normal Cross In","4-3 Normal Double WR1",4,14,19,"1-10-PHI 17 (1:30) 19-Steven Boudreau pass complete to 83-Christopher Herron to PHI 13 for 4 yards. Tackle by 41-David Linton. 83-Christopher Herron made a great move on the CB.","#19 Steven Boudreau - QB","#32 Nathan Moreno - RB",,,"#39 Collin Valencia - FB","#83 Christopher Herron - TE",,"#18 Demetrius Harris - WR",,"#17 Jeffrey Graham - WR",,,"#67 Roy Hamilton - RT","#64 William Beyer - RG","#59 William Singh - C","#61 Darrel Waldron - RT","#63 William Orr - RG",,"#97 Rodger Nguyen - LDE",,"#96 Pasquale Hudson - DT","#94 Colin Millette - DT","#99 Patrick Rock - RDE","#58 Lonnie Brown - MLB","#52 Robert Smith - WLB",,"#93 Clifford Williams - SLB","#30 Dale Hawkins - CB","#40 Bill Lund - CB",,,,"#21 William Lutz - CB","#41 David Linton - CB",,,,,,,,,,,,,,,,,,,,,,,,,,,,,,,,,,,,
,1:28,,4,2,6,,,,14,19,"Timeout CHI",,,,,,,,,,,,,,,,,,,,,,,,,,,,,,,,,,,,,,,,,,,,,,,,,,,,,,,,,,,,,,,,,,,,,,
CHI,1:25,"PHI 13",4,2,6,"Split Backs 3 Wide Slot Post","4-3 Normal WLB Outside Blitz",,14,19,"2-6-PHI 13 (1:26) 19-Steven Boudreau pass Pass knocked down by 30-Dale Hawkins. incomplete, intended for 18-Demetrius Harris.","#19 Steven Boudreau - QB","#32 Nathan Moreno - RB",,,"#39 Collin Valencia - FB",,,"#18 Demetrius Harris - WR","#14 Weston Lowell - WR","#17 Jeffrey Graham - WR",,,"#67 Roy Hamilton - RT","#64 William Beyer - RG","#59 William Singh - C","#61 Darrel Waldron - RT","#63 William Orr - RG",,"#97 Rodger Nguyen - LDE",,"#96 Pasquale Hudson - DT","#94 Colin Millette - DT","#99 Patrick Rock - RDE","#58 Lonnie Brown - MLB","#52 Robert Smith - WLB",,"#93 Clifford Williams - SLB","#30 Dale Hawkins - CB","#40 Bill Lund - CB",,,,"#21 William Lutz - CB","#41 David Linton - CB",,,,,,,,,,,,,,,,,,,,,,,,,,,,,,,,,,,,
CHI,1:21,"PHI 13",4,3,6,"Weak I Normal WR Corner TE Middle","4-3 Normal Double WR1",12,14,19,"3-6-PHI 13 (1:22) 19-Steven Boudreau pass complete to 30-Joe Chapman to PHI 1 for 12 yards. Tackle by 21-William Lutz.","#19 Steven Boudreau - QB","#30 Joe Chapman - RB",,,"#39 Collin Valencia - FB","#83 Christopher Herron - TE",,"#18 Demetrius Harris - WR",,"#17 Jeffrey Graham - WR",,,"#67 Roy Hamilton - RT","#64 William Beyer - RG","#59 William Singh - C","#61 Darrel Waldron - RT","#63 William Orr - RG",,"#97 Rodger Nguyen - LDE",,"#96 Pasquale Hudson - DT","#94 Colin Millette - DT","#99 Patrick Rock - RDE","#58 Lonnie Brown - MLB","#52 Robert Smith - WLB",,"#93 Clifford Williams - SLB","#30 Dale Hawkins - CB","#40 Bill Lund - CB",,,,"#21 William Lutz - CB","#41 David Linton - CB",,,,,,,,,,,,,,,,,,,,,,,,,,,,,,,,,,,,
,1:17,,4,1,1,,,,14,19,"Timeout CHI",,,,,,,,,,,,,,,,,,,,,,,,,,,,,,,,,,,,,,,,,,,,,,,,,,,,,,,,,,,,,,,,,,,,,,
CHI,1:14,"PHI 1",4,1,1,"Shotgun Normal HB Flare","4-3 Normal Double WR3",4,20,19,"1-1-PHI 1 (1:15) 19-Steven Boudreau pass complete to 18-Demetrius Harris for 1 yards. TOUCHDOWN! CHI 20 PHI 19","#19 Steven Boudreau - QB","#32 Nathan Moreno - RB",,,,"#83 Christopher Herron - TE",,"#18 Demetrius Harris - WR","#14 Weston Lowell - WR","#17 Jeffrey Graham - WR",,,"#67 Roy Hamilton - RT","#64 William Beyer - RG","#59 William Singh - C","#61 Darrel Waldron - RT","#63 William Orr - RG",,"#97 Rodger Nguyen - LDE",,"#96 Pasquale Hudson - DT","#94 Colin Millette - DT","#99 Patrick Rock - RDE","#93 Clifford Williams - SLB","#52 Robert Smith - WLB",,"#59 Arron Hilliard - WLB","#30 Dale Hawkins - CB","#22 Donald Boykin - CB",,,,"#21 William Lutz - CB","#41 David Linton - CB",,,,,,,,,,,,,,,,,,,,,,,,,,,,,,,,,,,,
CHI,1:11,"PHI 2",4,7,2,"Weak I Normal WR Corner TE Middle","Dime Flat Man Cover 1",,20,19,"(1:12) 19-Steven Boudreau pass incomplete, dropped by 30-Joe Chapman.","#19 Steven Boudreau - QB","#30 Joe Chapman - RB",,,"#39 Collin Valencia - FB","#83 Christopher Herron - TE",,"#18 Demetrius Harris - WR",,"#17 Jeffrey Graham - WR",,,"#67 Roy Hamilton - RT","#64 William Beyer - RG","#59 William Singh - C","#61 Darrel Waldron - RT","#63 William Orr - RG",,"#97 Rodger Nguyen - LDE",,"#96 Pasquale Hudson - DT","#94 Colin Millette - DT","#99 Patrick Rock - RDE",,"#58 Lonnie Brown - MLB",,,"#30 Dale Hawkins - CB","#40 Bill Lund - CB","#32 James Cruz - CB","#22 Donald Boykin - CB",,"#21 William Lutz - CB","#41 David Linton - CB",,,,,,,,,,,,,,,,,,,,,,,,,,,,,,,,,,,,
CHI,1:11,"CHI 35",4,6,10,Kickoff,"Kick Return",,20,19,"(1:12) 3-Winston Tiedemann kicks 72 yards from CHI 35 to PHI -7. Touchback.",,,,,,,,,,,,,,,,,,,,,,,,,,,,,,,,,,,,,,"#19 Raleigh Dominguez - WR",,"#30 Dale Hawkins - CB","#59 Arron Hilliard - WLB","#58 Lonnie Brown - MLB","#41 David Linton - CB","#93 Clifford Williams - SLB","#33 Bret Shelley - SS","#40 Bill Lund - CB","#72 William Ingram - DT","#99 Patrick Rock - RDE","#23 David Adkins - CB","#3 Winston Tiedemann - K",,,,,,,,,,,,,,,,,,,,
PHI,1:11,"PHI 25",4,1,10,"I Formation Normal FL Hitch","Goal Line Attack #3",,20,19,"1-10-PHI 25 (1:12) (Hot Read) 6-Leonard Tucker pass incomplete, dropped by 36-Patrick Stewart. The coverage on that play was extremely tight. Pressure by 55-Kevin Overman. This is what happens when you keep calling the same offensive play.","#6 Leonard Tucker - QB","#81 Phillip Baird - WR",,,"#36 Patrick Stewart - FB","#89 Raul Kirby - TE",,"#19 Raleigh Dominguez - WR",,"#84 Heriberto Carpenter - WR",,,"#64 Richard Foreman - LT","#63 Manuel Goldberg - LG","#73 Kenneth Wood - C","#70 Corey Marshall - RG","#61 James Cardwell - RT",,"#53 Terrell Chenoweth - SLB","#50 Mark Dunton - MLB","#70 Bruno Deardorff - DT","#72 Harold Hicks - DT","#79 Anthony Duffy - RDE","#52 Kenneth Cruz - SLB","#51 Brian Snyder - MLB",,"#55 Kevin Overman - WLB","#20 Santiago Jackson - CB","#24 Grant Herman - CB",,,,"#28 Jason Castellanos - SS",,,,,,,,,,,,,,,,,,,,,,,,,,,,,,,,,,,,,
PHI,1:08,"PHI 25",4,2,10,"I Formation Normal Max Protect","Goal Line Attack #3",13,20,19,"2-10-PHI 25 (1:09) 6-Leonard Tucker pass complete to 84-Heriberto Carpenter to PHI 38 for 13 yards. Tackle by 28-Jason Castellanos. 84-Heriberto Carpenter made a great move on the CB.","#6 Leonard Tucker - QB","#81 Phillip Baird - WR",,,"#36 Patrick Stewart - FB","#89 Raul Kirby - TE",,"#19 Raleigh Dominguez - WR",,"#84 Heriberto Carpenter - WR",,,"#64 Richard Foreman - LT","#63 Manuel Goldberg - LG","#73 Kenneth Wood - C","#70 Corey Marshall - RG","#61 James Cardwell - RT",,"#53 Terrell Chenoweth - SLB","#50 Mark Dunton - MLB","#70 Bruno Deardorff - DT","#72 Harold Hicks - DT","#79 Anthony Duffy - RDE","#52 Kenneth Cruz - SLB","#51 Brian Snyder - MLB",,"#55 Kevin Overman - WLB","#20 Santiago Jackson - CB","#24 Grant Herman - CB",,,,"#28 Jason Castellanos - SS",,,,,,,,,,,,,,,,,,,,,,,,,,,,,,,,,,,,,
,1:05,,4,1,10,,,,20,19,"Timeout PHI",,,,,,,,,,,,,,,,,,,,,,,,,,,,,,,,,,,,,,,,,,,,,,,,,,,,,,,,,,,,,,,,,,,,,,
PHI,1:02,"PHI 38",4,1,10,"I Formation Twin WR Hard Slants","Goal Line Attack #3",,20,19,"1-10-PHI 38 (1:03) (Hot Read) 6-Leonard Tucker pass Pass knocked down by 53-Terrell Chenoweth. incomplete, intended for 36-Patrick Stewart. Pressure by 52-Kenneth Cruz.","#6 Leonard Tucker - QB","#25 Justin Sharpe - RB",,,"#36 Patrick Stewart - FB","#84 Heriberto Carpenter - WR",,"#81 Phillip Baird - WR",,"#19 Raleigh Dominguez - WR",,,"#64 Richard Foreman - LT","#63 Manuel Goldberg - LG","#73 Kenneth Wood - C","#70 Corey Marshall - RG","#61 James Cardwell - RT",,"#53 Terrell Chenoweth - SLB","#50 Mark Dunton - MLB","#70 Bruno Deardorff - DT","#72 Harold Hicks - DT","#79 Anthony Duffy - RDE","#52 Kenneth Cruz - SLB","#51 Brian Snyder - MLB",,"#55 Kevin Overman - WLB","#20 Santiago Jackson - CB","#22 John Ramirez - CB",,,,"#29 Austin Hull - SS",,,,,,,,,,,,,,,,,,,,,,,,,,,,,,,,,,,,,
PHI,1:00,"PHI 38",4,2,10,"Strong I Big Backfield Drag","Goal Line Attack #3",,20,19,"2-10-PHI 38 (1:01) 6-Leonard Tucker pass incomplete, dropped by 1-John Moran.","#6 Leonard Tucker - QB","#81 Phillip Baird - WR",,,"#36 Patrick Stewart - FB","#19 Raleigh Dominguez - WR","#84 Heriberto Carpenter - WR","#1 John Moran - WR",,,,,"#64 Richard Foreman - LT","#63 Manuel Goldberg - LG","#73 Kenneth Wood - C","#70 Corey Marshall - RG","#61 James Cardwell - RT",,"#53 Terrell Chenoweth - SLB","#50 Mark Dunton - MLB","#70 Bruno Deardorff - DT","#72 Harold Hicks - DT","#79 Anthony Duffy - RDE","#52 Kenneth Cruz - SLB","#51 Brian Snyder - MLB",,"#55 Kevin Overman - WLB","#20 Santiago Jackson - CB","#24 Grant Herman - CB",,,,"#29 Austin Hull - SS",,,,,,,,,,,,,,,,,,,,,,,,,,,,,,,,,,,,,
PHI,0:56,"PHI 38",4,3,10,"Singleback Normal HB Release Mid","Nickel 3-3-5 CB1 CB2 Blitz",,20,19,"3-10-PHI 38 (0:57) 6-Leonard Tucker pass incomplete, intended for 25-Justin Sharpe.","#6 Leonard Tucker - QB","#25 Justin Sharpe - RB",,,,"#89 Raul Kirby - TE",,"#19 Raleigh Dominguez - WR","#81 Phillip Baird - WR","#84 Heriberto Carpenter - WR",,,"#64 Richard Foreman - LT","#63 Manuel Goldberg - LG","#73 Kenneth Wood - C","#70 Corey Marshall - RG","#61 James Cardwell - RT",,"#53 Terrell Chenoweth - SLB",,"#70 Bruno Deardorff - DT",,"#79 Anthony Duffy - RDE","#52 Kenneth Cruz - SLB","#51 Brian Snyder - MLB",,"#55 Kevin Overman - WLB","#20 Santiago Jackson - CB","#24 Grant Herman - CB",,"#22 John Ramirez - CB",,"#29 Austin Hull - SS","#23 Richard Foster - FS",,,,,,,,,,,,,,,,,,,,,,,,,,,,,,,,,,,,
PHI,0:52,"PHI 38",4,4,10,"I Formation 3WR Slot Short WR Deep","Nickel 3-3-5 Weak Side Blitz",,20,19,"4-10-PHI 38 (0:53) 6-Leonard Tucker pass incomplete, dropped by 84-Heriberto Carpenter. Pressure by 52-Kenneth Cruz. Turnover on downs.","#6 Leonard Tucker - QB","#36 Patrick Stewart - FB",,,"#25 Justin Sharpe - RB",,,"#19 Raleigh Dominguez - WR","#84 Heriberto Carpenter - WR","#81 Phillip Baird - WR",,,"#64 Richard Foreman - LT","#63 Manuel Goldberg - LG","#73 Kenneth Wood - C","#70 Corey Marshall - RG","#61 James Cardwell - RT",,"#52 Kenneth Cruz - SLB",,"#70 Bruno Deardorff - DT",,"#79 Anthony Duffy - RDE","#53 Terrell Chenoweth - SLB","#51 Brian Snyder - MLB",,"#55 Kevin Overman - WLB","#20 Santiago Jackson - CB","#24 Grant Herman - CB",,"#22 John Ramirez - CB",,"#29 Austin Hull - SS","#23 Richard Foster - FS",,,,,,,,,,,,,,,,,,,,,,,,,,,,,,,,,,,,
CHI,0:47,"PHI 38",4,1,10,"Strong I Normal FB Trap Weak","Dime Flat Man Cover 1",,20,19,"1-10-PHI 38 (0:48) 39-Collin Valencia ran to PHI 37 for a short gain. Tackle by 99-Patrick Rock.","#19 Steven Boudreau - QB","#32 Nathan Moreno - RB",,,"#39 Collin Valencia - FB","#83 Christopher Herron - TE",,"#18 Demetrius Harris - WR",,"#17 Jeffrey Graham - WR",,,"#67 Roy Hamilton - RT","#64 William Beyer - RG","#59 William Singh - C","#61 Darrel Waldron - RT","#63 William Orr - RG",,"#97 Rodger Nguyen - LDE",,"#96 Pasquale Hudson - DT","#94 Colin Millette - DT","#99 Patrick Rock - RDE",,"#58 Lonnie Brown - MLB",,,"#30 Dale Hawkins - CB","#40 Bill Lund - CB","#32 James Cruz - CB","#22 Donald Boykin - CB",,"#41 David Linton - CB","#21 William Lutz - CB",,,,,,,,,,,,,,,,,,,,,,,,,,,,,,,,,,,,
,0:46,,4,2,10,,,,20,19,"Timeout PHI",,,,,,,,,,,,,,,,,,,,,,,,,,,,,,,,,,,,,,,,,,,,,,,,,,,,,,,,,,,,,,,,,,,,,,
CHI,0:43,"PHI 37",4,2,10,"Strong I Normal Counter Strong","4-3 Under Crash Right",-1,20,19,"2-10-PHI 37 (0:44) 32-Nathan Moreno ran to PHI 39 for -1 yards. Tackle by 94-Colin Millette.","#19 Steven Boudreau - QB","#32 Nathan Moreno - RB",,,"#39 Collin Valencia - FB","#83 Christopher Herron - TE",,"#18 Demetrius Harris - WR",,"#17 Jeffrey Graham - WR",,,"#67 Roy Hamilton - RT","#64 William Beyer - RG","#59 William Singh - C","#61 Darrel Waldron - RT","#63 William Orr - RG",,"#97 Rodger Nguyen - LDE",,"#96 Pasquale Hudson - DT","#94 Colin Millette - DT","#99 Patrick Rock - RDE","#93 Clifford Williams - SLB","#58 Lonnie Brown - MLB",,"#59 Arron Hilliard - WLB","#30 Dale Hawkins - CB","#40 Bill Lund - CB",,,,"#21 William Lutz - CB","#41 David Linton - CB",,,,,,,,,,,,,,,,,,,,,,,,,,,,,,,,,,,,
,0:42,,4,3,11,,,,20,19,"Timeout PHI",,,,,,,,,,,,,,,,,,,,,,,,,,,,,,,,,,,,,,,,,,,,,,,,,,,,,,,,,,,,,,,,,,,,,,
CHI,0:39,"PHI 39",4,3,11,"I Formation Normal HB Draw","Dime Flat MLB SS Blitz",2,20,19,"3-11-PHI 39 (0:40) 32-Nathan Moreno ran to PHI 37 for 2 yards. Tackle by 94-Colin Millette. PHI 94-Colin Millette was injured on the play.","#19 Steven Boudreau - QB","#32 Nathan Moreno - RB",,,"#39 Collin Valencia - FB","#83 Christopher Herron - TE",,"#18 Demetrius Harris - WR",,"#17 Jeffrey Graham - WR",,,"#67 Roy Hamilton - RT","#64 William Beyer - RG","#59 William Singh - C","#61 Darrel Waldron - RT","#63 William Orr - RG",,"#97 Rodger Nguyen - LDE",,"#96 Pasquale Hudson - DT","#94 Colin Millette - DT","#99 Patrick Rock - RDE",,"#58 Lonnie Brown - MLB",,,"#30 Dale Hawkins - CB","#40 Bill Lund - CB","#32 James Cruz - CB","#22 Donald Boykin - CB",,"#41 David Linton - CB","#21 William Lutz - CB",,,,,,,,,,,,,,,,,,,,,,,,,,,,,,,,,,,,
,0:00,,4,4,10,,,,20,19,"End of fourth quarter.",,,,,,,,,,,,,,,,,,,,,,,,,,,,,,,,,,,,,,,,,,,,,,,,,,,,,,,,,,,,,,,,,,,,,,
