HasBall,"Game Clock","Ball @",Quarter,Down,YTG,OffensivePlay,DefensivePlay,YardsGained,"Home Score","Away Score",Text,QB1,RB1,RB2,FB2,FB1,TE1,TE2,WR1,WR3,WR2,WR4,WR5,LT1,LG1,C1,RG1,RT1,P1,LDE1,LDE2,DT1,DT2,RDE1,SLB1,MLB1,MLB2,WLB1,CB1,CB2,CB4,CB3,CB5,SS1,FS1,FS2,"Kick Holder1","Long Snapper1","Kick Returner1","Punt Returner1",Gunner10,Gunner7,Gunner2,Gunner6,Gunner1,Gunner8,Gunner3,Gunner4,Gunner9,Gunner5,Kickoffs1,"Field Goal Kicker1","ST Blocker8","ST Blocker5","ST Blocker4","ST Blocker1","ST Blocker2","ST Blocker3","ST Blocker6","ST Blocker7","ST Rusher4","ST Rusher1","ST Rusher2","ST Rusher3","ST Rusher11","ST Rusher10","ST Rusher9","ST Rusher6","ST Rusher5","ST Rusher7","ST Rusher8"
,15:00,,1,3,3,,,,0,0,"IND has won the toss and elected to receive.",,,,,,,,,,,,,,,,,,,,,,,,,,,,,,,,,,,,,,,,,,,,,,,,,,,,,,,,,,,,,,,,,,,,,,
TEN,15:00,"TEN 35",1,6,10,Kickoff,"Kick Return",,0,0,"(15:00) 8-Daniel Cordle kicks 72 yards from TEN 35 to IND -7. Touchback.",,,,,,,,,,,,,,,,,,,,,,,,,,,,,,,,,,,,,,"#46 Ross Roling - RB",,"#67 Warren Driscoll - DT","#98 Chris Crawford - SLB","#47 Rodney Page - CB","#38 Mark Braddock - CB","#96 Rodolfo Hutchison - LDE","#15 James Farley - WR","#75 Eric Stone - DT","#59 Leon Varney - RDE","#97 Jason Morphis - DT","#58 Robert Steele - WLB","#8 Daniel Cordle - K",,,,,,,,,,,,,,,,,,,,
IND,15:00,"IND 25",1,1,10,"Strong I Normal Quick Hooks","Dime Flat MLB SS Blitz",,0,0,"1-10-IND 25 (15:00) 11-Melvin Barnes pass Pass knocked down by 69-Billy Hemphill. incomplete, intended for 84-Miguel James.","#11 Melvin Barnes - QB","#35 Barry Yang - RB",,,"#82 Sheldon Crossman - TE","#84 Miguel James - TE",,"#15 James Farley - WR",,"#16 Mauricio Meyer - WR",,,"#54 Ronald Mitchell - LT","#61 Edward James - LG","#74 Steven Thompson - C","#69 Bradley Roberts - RG","#55 Ronnie Neal - RT",,"#40 Mike Roe - LDE",,"#68 Richard Lenhart - DT","#38 Edward Blackmon - DT","#31 Keith Turner - RDE",,"#50 Joseph Brooks - SS",,,"#98 Walter Martinez - CB","#39 Eugene Sexton - CB","#42 Andre Jones - SS","#26 Glen Coleman - CB",,"#48 Phillip Mitchum - CB","#69 Billy Hemphill - CB",,,,,,,,,,,,,,,,,,,,,,,,,,,,,,,,,,,,
IND,14:57,"IND 25",1,2,10,"Shotgun 2 RB 3 WR FB In","4-3 Normal Double WR1",,0,0,"2-10-IND 25 (14:58) 11-Melvin Barnes pass Pass knocked down by 27-John Brooker. incomplete, intended for 35-Barry Yang.","#11 Melvin Barnes - QB","#35 Barry Yang - RB","#46 Ross Roling - RB",,,,,"#15 James Farley - WR","#18 Ken Simpson - WR","#16 Mauricio Meyer - WR",,,"#54 Ronald Mitchell - LT","#61 Edward James - LG","#74 Steven Thompson - C","#69 Bradley Roberts - RG","#55 Ronnie Neal - RT",,"#40 Mike Roe - LDE",,"#68 Richard Lenhart - DT","#38 Edward Blackmon - DT","#31 Keith Turner - RDE","#27 John Brooker - FS","#50 Joseph Brooks - SS",,"#42 Andre Jones - SS","#98 Walter Martinez - CB","#39 Eugene Sexton - CB",,,,"#48 Phillip Mitchum - CB","#69 Billy Hemphill - CB",,,,,,,,,,,,,,,,,,,,,,,,,,,,,,,,,,,,
IND,14:53,"IND 25",1,3,10,"I Formation Normal HB Draw","Goal Line Attack #3",-1,0,0,"3-10-IND 25 (14:54) 35-Barry Yang ran to IND 24 for -1 yards. Tackle by 50-Joseph Brooks.","#11 Melvin Barnes - QB","#35 Barry Yang - RB",,,"#82 Sheldon Crossman - TE","#84 Miguel James - TE",,"#15 James Farley - WR",,"#16 Mauricio Meyer - WR",,,"#54 Ronald Mitchell - LT","#61 Edward James - LG","#74 Steven Thompson - C","#69 Bradley Roberts - RG","#55 Ronnie Neal - RT",,"#40 Mike Roe - LDE","#79 Coy McMurtry - LDE","#68 Richard Lenhart - DT","#38 Edward Blackmon - DT","#31 Keith Turner - RDE","#27 John Brooker - FS","#50 Joseph Brooks - SS",,"#42 Andre Jones - SS","#48 Phillip Mitchum - CB","#98 Walter Martinez - CB",,,,"#69 Billy Hemphill - CB",,,,,,,,,,,,,,,,,,,,,,,,,,,,,,,,,,,,,
IND,14:15,"IND 24",1,4,11,Punt,"Punt Return",,0,0,"4-11-IND 24 (14:14) 2-Edward Bittner punts 46 yards to TEN 31. 83-Joe Miller FUMBLES recovered by TEN-83-Joe Miller at TEN 32. Tackle by 47-Rodney Page. 48-Phillip Mitchum completely missed his blocking assignment.",,,,,,,,,,,,,,,,,,"#2 Edward Bittner - P",,,,,,,,,,,,,,,,,,,"#61 Edward James - LG",,"#83 Joe Miller - WR",,,"#23 Gary Brown - FS","#84 Henry Phillips - WR","#69 Billy Hemphill - CB",,"#48 Phillip Mitchum - CB","#98 Walter Martinez - CB",,"#42 Andre Jones - SS",,,,"#53 Michael Calabrese - RG","#54 Ronald Mitchell - LT","#72 Sean Boyer - LG","#69 Bradley Roberts - RG","#56 Barney Montgomery - RT","#63 Wayne Perez - C",,"#30 Michael White - FS","#79 Coy McMurtry - LDE","#27 John Brooker - FS","#51 Jose Findlay - RDE",,,,,,,
TEN,14:03,"TEN 32",1,1,10,"I Formation Normal HB Blast","4-3 Normal Double WR1",69,0,6,"1-10-TEN 32 (14:04) 82-Jose Carter ran for 68 yards. TOUCHDOWN! IND 0 TEN 6","#15 Bruno Wong - QB","#82 Jose Carter - WR",,,"#81 Willard Aguilar - RB","#83 Joe Miller - WR",,"#86 Robert Chang - WR",,"#28 Paul Parsons - WR",,,"#54 Dalton Lockhart - LT","#53 Juan Johnson - LG","#77 Steven Christensen - C","#74 Daniel Vargas - RG","#62 William Berkowitz - RT",,"#57 Timmy Smith - RDE",,"#67 Warren Driscoll - DT","#97 Jason Morphis - DT","#59 Leon Varney - RDE","#98 Chris Crawford - SLB","#99 Joseph Bowen - MLB",,"#58 Robert Steele - WLB","#47 Rodney Page - CB","#30 Thomas Garner - CB",,,,"#38 Mark Braddock - CB","#41 Tommy Clouse - FS",,,,,,,,,,,,,,,,,,,,,,,,,,,,,,,,,,,,
TEN,13:54,"IND 15",1,7,15,"Field Goal","FG Block",25,0,7,"(13:55) Extra point GOOD by 8-Daniel Cordle. IND 0 TEN 7",,,,,,,,,,,,,,,,,,,,,,,,,,,,,,,,,,,,"#15 Bruno Wong - QB","#77 Steven Christensen - C",,,,,,,,,,,,,,"#8 Daniel Cordle - K","#78 Gary Waters - RT","#60 James Humphrey - LT","#53 Juan Johnson - LG","#54 Dalton Lockhart - LT","#62 William Berkowitz - RT","#74 Daniel Vargas - RG","#67 Brooks Thomas - LG","#88 Keith Hodge - WR","#58 Robert Steele - WLB","#98 Chris Crawford - SLB","#96 Rodolfo Hutchison - LDE","#75 Eric Stone - DT","#94 Lonnie Leonard - MLB","#99 Joseph Bowen - MLB","#50 Robert Morrow - SLB","#93 Michael Almodovar - MLB","#59 Leon Varney - RDE","#91 Timothy Krause - MLB","#67 Warren Driscoll - DT"
TEN,13:54,"TEN 35",1,6,10,Kickoff,"Kick Return",,0,7,"(13:55) 8-Daniel Cordle kicks 74 yards from TEN 35 to IND -9. Touchback.",,,,,,,,,,,,,,,,,,,,,,,,,,,,,,,,,,,,,,"#46 Ross Roling - RB",,"#67 Warren Driscoll - DT","#98 Chris Crawford - SLB","#47 Rodney Page - CB","#38 Mark Braddock - CB","#96 Rodolfo Hutchison - LDE","#15 James Farley - WR","#75 Eric Stone - DT","#59 Leon Varney - RDE","#97 Jason Morphis - DT","#58 Robert Steele - WLB","#8 Daniel Cordle - K",,,,,,,,,,,,,,,,,,,,
IND,13:54,"IND 25",1,1,10,"I Formation Normal HB Blast","Dime Flat MLB SS Blitz",3,0,7,"1-10-IND 25 (13:55) 35-Barry Yang ran to IND 28 for 3 yards. Tackle by 48-Phillip Mitchum.","#11 Melvin Barnes - QB","#35 Barry Yang - RB",,,"#82 Sheldon Crossman - TE","#84 Miguel James - TE",,"#15 James Farley - WR",,"#16 Mauricio Meyer - WR",,,"#54 Ronald Mitchell - LT","#61 Edward James - LG","#74 Steven Thompson - C","#69 Bradley Roberts - RG","#55 Ronnie Neal - RT",,"#40 Mike Roe - LDE",,"#68 Richard Lenhart - DT","#38 Edward Blackmon - DT","#31 Keith Turner - RDE",,"#50 Joseph Brooks - SS",,,"#98 Walter Martinez - CB","#39 Eugene Sexton - CB","#42 Andre Jones - SS","#26 Glen Coleman - CB",,"#48 Phillip Mitchum - CB","#69 Billy Hemphill - CB",,,,,,,,,,,,,,,,,,,,,,,,,,,,,,,,,,,,
IND,13:14,"IND 28",1,2,7,"Goal Line Normal HB Dive","Goal Line Attack #2",-1,0,7,"2-7-IND 28 (13:13) 35-Barry Yang ran to IND 26 for -1 yards. Tackle by 50-Joseph Brooks.","#11 Melvin Barnes - QB","#35 Barry Yang - RB",,"#15 James Farley - WR","#46 Ross Roling - RB","#84 Miguel James - TE","#82 Sheldon Crossman - TE",,,,,,"#54 Ronald Mitchell - LT","#61 Edward James - LG","#74 Steven Thompson - C","#69 Bradley Roberts - RG","#55 Ronnie Neal - RT",,"#40 Mike Roe - LDE","#79 Coy McMurtry - LDE","#68 Richard Lenhart - DT","#38 Edward Blackmon - DT","#31 Keith Turner - RDE","#27 John Brooker - FS","#50 Joseph Brooks - SS",,"#42 Andre Jones - SS","#48 Phillip Mitchum - CB","#98 Walter Martinez - CB",,,,"#69 Billy Hemphill - CB",,,,,,,,,,,,,,,,,,,,,,,,,,,,,,,,,,,,,
IND,12:40,"IND 26",1,3,9,"Shotgun 2 RB 3 WR WR Curl","Dime Normal Man Cover 1",-2,0,7,"3-9-IND 26 (12:39) 11-Melvin Barnes pass complete to 35-Barry Yang to IND 24 for -2 yards. Tackle by 69-Billy Hemphill.","#11 Melvin Barnes - QB","#35 Barry Yang - RB","#46 Ross Roling - RB",,,,,"#15 James Farley - WR","#18 Ken Simpson - WR","#16 Mauricio Meyer - WR",,,"#54 Ronald Mitchell - LT","#61 Edward James - LG","#74 Steven Thompson - C","#69 Bradley Roberts - RG","#55 Ronnie Neal - RT",,"#40 Mike Roe - LDE",,"#68 Richard Lenhart - DT","#38 Edward Blackmon - DT","#31 Keith Turner - RDE",,"#50 Joseph Brooks - SS",,,"#98 Walter Martinez - CB","#52 Joshua Lemos - CB","#48 Phillip Mitchum - CB","#69 Billy Hemphill - CB",,"#26 Glen Coleman - CB","#39 Eugene Sexton - CB",,,,,,,,,,,,,,,,,,,,,,,,,,,,,,,,,,,,
IND,11:56,"IND 24",1,4,11,Punt,"Punt Return",,0,7,"4-11-IND 24 (11:55) 2-Edward Bittner punts 47 yards to TEN 29. Fair Catch by 83-Joe Miller.",,,,,,,,,,,,,,,,,,"#2 Edward Bittner - P",,,,,,,,,,,,,,,,,,,"#61 Edward James - LG",,"#83 Joe Miller - WR",,,"#23 Gary Brown - FS","#84 Henry Phillips - WR","#69 Billy Hemphill - CB",,"#48 Phillip Mitchum - CB","#98 Walter Martinez - CB",,"#42 Andre Jones - SS",,,,"#53 Michael Calabrese - RG","#54 Ronald Mitchell - LT","#72 Sean Boyer - LG","#69 Bradley Roberts - RG","#56 Barney Montgomery - RT","#63 Wayne Perez - C",,"#30 Michael White - FS","#79 Coy McMurtry - LDE","#27 John Brooker - FS","#51 Jose Findlay - RDE",,,,,,,
TEN,11:47,"TEN 29",1,1,10,"I Formation Power HB Draw","Goal Line Attack #2",,0,7,"1-10-TEN 29 (11:48) 84-Henry Phillips ran to TEN 29 for a short gain. Tackle by 99-Joseph Bowen.","#15 Bruno Wong - QB","#84 Henry Phillips - WR",,"#86 Robert Chang - WR","#81 Willard Aguilar - RB","#82 Jose Carter - WR",,"#28 Paul Parsons - WR",,,,,"#54 Dalton Lockhart - LT","#53 Juan Johnson - LG","#77 Steven Christensen - C","#74 Daniel Vargas - RG","#62 William Berkowitz - RT",,"#96 Rodolfo Hutchison - LDE","#57 Timmy Smith - RDE","#67 Warren Driscoll - DT","#75 Eric Stone - DT","#59 Leon Varney - RDE","#98 Chris Crawford - SLB","#99 Joseph Bowen - MLB",,"#58 Robert Steele - WLB","#47 Rodney Page - CB","#38 Mark Braddock - CB",,,,"#41 Tommy Clouse - FS",,,,,,,,,,,,,,,,,,,,,,,,,,,,,,,,,,,,,
TEN,11:16,"TEN 29",1,2,10,"Weak I Normal WR Corner TE Middle","4-3 Normal Double WR1",3,0,7,"2-10-TEN 29 (11:15) 15-Bruno Wong pass complete to 82-Jose Carter to TEN 33 for 3 yards. Tackle by 47-Rodney Page. IND 75-Eric Stone was injured on the play. He looks like he should be able to return.","#15 Bruno Wong - QB","#82 Jose Carter - WR",,,"#81 Willard Aguilar - RB","#84 Henry Phillips - WR",,"#86 Robert Chang - WR",,"#28 Paul Parsons - WR",,,"#54 Dalton Lockhart - LT","#53 Juan Johnson - LG","#77 Steven Christensen - C","#74 Daniel Vargas - RG","#62 William Berkowitz - RT",,"#96 Rodolfo Hutchison - LDE",,"#67 Warren Driscoll - DT","#75 Eric Stone - DT","#59 Leon Varney - RDE","#98 Chris Crawford - SLB","#99 Joseph Bowen - MLB",,"#58 Robert Steele - WLB","#47 Rodney Page - CB","#30 Thomas Garner - CB",,,,"#41 Tommy Clouse - FS","#38 Mark Braddock - CB",,,,,,,,,,,,,,,,,,,,,,,,,,,,,,,,,,,,
TEN,10:37,"TEN 33",1,3,6,"I Formation Power HB Draw","Goal Line Attack #2",-1,0,7,"3-6-TEN 33 (10:36) 84-Henry Phillips ran to TEN 32 for a short loss. 84-Henry Phillips FUMBLES (38-Mark Braddock) recovered by TEN-74-Daniel Vargas at TEN 31. Tackle by 38-Mark Braddock.","#15 Bruno Wong - QB","#84 Henry Phillips - WR",,"#86 Robert Chang - WR","#81 Willard Aguilar - RB","#82 Jose Carter - WR",,"#28 Paul Parsons - WR",,,,,"#54 Dalton Lockhart - LT","#53 Juan Johnson - LG","#77 Steven Christensen - C","#74 Daniel Vargas - RG","#62 William Berkowitz - RT",,"#96 Rodolfo Hutchison - LDE","#57 Timmy Smith - RDE","#67 Warren Driscoll - DT","#97 Jason Morphis - DT","#59 Leon Varney - RDE","#98 Chris Crawford - SLB","#99 Joseph Bowen - MLB",,"#58 Robert Steele - WLB","#47 Rodney Page - CB","#38 Mark Braddock - CB",,,,"#41 Tommy Clouse - FS",,,,,,,,,,,,,,,,,,,,,,,,,,,,,,,,,,,,,
TEN,9:59,"TEN 31",1,4,8,Punt,"Punt Return",,0,7,"4-8-TEN 31 (9:58) 5-Robert Hancock punts 43 yards to IND 26. Fair Catch by 15-James Farley.",,,,,,,,,,,,,,,,,,"#5 Robert Hancock - P",,,,,,,,,,,,,,,,,,,"#77 Steven Christensen - C",,"#15 James Farley - WR",,,"#47 Rodney Page - CB","#57 Timmy Smith - RDE","#96 Rodolfo Hutchison - LDE",,"#38 Mark Braddock - CB","#97 Jason Morphis - DT",,"#67 Warren Driscoll - DT",,,,"#60 James Humphrey - LT","#53 Juan Johnson - LG","#54 Dalton Lockhart - LT","#62 William Berkowitz - RT","#74 Daniel Vargas - RG","#67 Brooks Thomas - LG",,"#93 Michael Almodovar - MLB","#98 Chris Crawford - SLB","#58 Robert Steele - WLB","#59 Leon Varney - RDE",,,,,,,
IND,9:51,"IND 26",1,1,10,"Shotgun Normal HB Flare","3-4 Normal Man Cover 1",,0,7,"1-10-IND 26 (9:52) 11-Melvin Barnes pass incomplete, dropped by 35-Barry Yang. Pressure by 27-John Brooker.","#11 Melvin Barnes - QB","#35 Barry Yang - RB",,,,"#84 Miguel James - TE",,"#15 James Farley - WR","#18 Ken Simpson - WR","#16 Mauricio Meyer - WR",,,"#54 Ronald Mitchell - LT","#61 Edward James - LG","#74 Steven Thompson - C","#69 Bradley Roberts - RG","#55 Ronnie Neal - RT",,"#40 Mike Roe - LDE",,"#68 Richard Lenhart - DT",,"#31 Keith Turner - RDE","#27 John Brooker - FS","#50 Joseph Brooks - SS","#30 Michael White - FS","#42 Andre Jones - SS","#98 Walter Martinez - CB","#39 Eugene Sexton - CB",,,,"#48 Phillip Mitchum - CB","#69 Billy Hemphill - CB",,,,,,,,,,,,,,,,,,,,,,,,,,,,,,,,,,,,
IND,9:47,"IND 26",1,2,10,"Shotgun 2 RB 3 WR WR Hooks","4-3 Normal Double WR1",-10,0,7,"2-10-IND 26 (9:48) 11-Melvin Barnes sacked at IND 17 for -10 yards (38-Edward Blackmon). Sack allowed by 74-Steven Thompson.","#11 Melvin Barnes - QB","#35 Barry Yang - RB","#46 Ross Roling - RB",,,,,"#15 James Farley - WR","#18 Ken Simpson - WR","#16 Mauricio Meyer - WR",,,"#54 Ronald Mitchell - LT","#61 Edward James - LG","#74 Steven Thompson - C","#69 Bradley Roberts - RG","#55 Ronnie Neal - RT",,"#40 Mike Roe - LDE",,"#68 Richard Lenhart - DT","#38 Edward Blackmon - DT","#31 Keith Turner - RDE","#27 John Brooker - FS","#50 Joseph Brooks - SS",,"#42 Andre Jones - SS","#98 Walter Martinez - CB","#39 Eugene Sexton - CB",,,,"#48 Phillip Mitchum - CB","#69 Billy Hemphill - CB",,,,,,,,,,,,,,,,,,,,,,,,,,,,,,,,,,,,
IND,9:04,"IND 17",1,3,20,"I Formation 3WR HB Inside Weak","Dime Normal Man Cover 1",6,0,7,"3-20-IND 17 (9:03) 35-Barry Yang ran to IND 23 for 6 yards. Tackle by 26-Glen Coleman.","#11 Melvin Barnes - QB","#35 Barry Yang - RB",,,"#82 Sheldon Crossman - TE",,,"#15 James Farley - WR","#18 Ken Simpson - WR","#16 Mauricio Meyer - WR",,,"#54 Ronald Mitchell - LT","#61 Edward James - LG","#74 Steven Thompson - C","#69 Bradley Roberts - RG","#55 Ronnie Neal - RT",,"#40 Mike Roe - LDE",,"#68 Richard Lenhart - DT","#38 Edward Blackmon - DT","#31 Keith Turner - RDE",,"#50 Joseph Brooks - SS",,,"#98 Walter Martinez - CB","#52 Joshua Lemos - CB","#48 Phillip Mitchum - CB","#69 Billy Hemphill - CB",,"#26 Glen Coleman - CB","#39 Eugene Sexton - CB",,,,,,,,,,,,,,,,,,,,,,,,,,,,,,,,,,,,
IND,8:22,"IND 23",1,4,14,Punt,"Punt Return",,0,7,"4-14-IND 23 (8:21) 2-Edward Bittner punts 43 yards to TEN 34. Fair Catch by 83-Joe Miller.",,,,,,,,,,,,,,,,,,"#2 Edward Bittner - P",,,,,,,,,,,,,,,,,,,"#61 Edward James - LG",,"#83 Joe Miller - WR",,,"#23 Gary Brown - FS","#84 Henry Phillips - WR","#69 Billy Hemphill - CB",,"#48 Phillip Mitchum - CB","#98 Walter Martinez - CB",,"#42 Andre Jones - SS",,,,"#53 Michael Calabrese - RG","#54 Ronald Mitchell - LT","#72 Sean Boyer - LG","#69 Bradley Roberts - RG","#56 Barney Montgomery - RT","#63 Wayne Perez - C",,"#30 Michael White - FS","#79 Coy McMurtry - LDE","#27 John Brooker - FS","#51 Jose Findlay - RDE",,,,,,,
TEN,8:13,"TEN 34",1,1,10,"Strong I Big TE Post","Goal Line Attack #2",10,0,7,"1-10-TEN 34 (8:14) 15-Bruno Wong pass complete to 82-Jose Carter to TEN 44 for 10 yards. Tackle by 41-Tommy Clouse.","#15 Bruno Wong - QB","#84 Henry Phillips - WR",,,"#81 Willard Aguilar - RB","#28 Paul Parsons - WR","#82 Jose Carter - WR","#86 Robert Chang - WR",,,,,"#54 Dalton Lockhart - LT","#53 Juan Johnson - LG","#77 Steven Christensen - C","#74 Daniel Vargas - RG","#62 William Berkowitz - RT",,"#96 Rodolfo Hutchison - LDE","#57 Timmy Smith - RDE","#67 Warren Driscoll - DT","#75 Eric Stone - DT","#59 Leon Varney - RDE","#98 Chris Crawford - SLB","#99 Joseph Bowen - MLB",,"#58 Robert Steele - WLB","#47 Rodney Page - CB","#38 Mark Braddock - CB",,,,"#41 Tommy Clouse - FS",,,,,,,,,,,,,,,,,,,,,,,,,,,,,,,,,,,,,
TEN,7:30,"TEN 44",1,1,10,"Strong I Big TE Post","Goal Line Attack #1",12,0,7,"1-10-TEN 44 (7:29) 15-Bruno Wong pass complete to 82-Jose Carter to IND 44 for 12 yards. Tackle by 41-Tommy Clouse.","#15 Bruno Wong - QB","#84 Henry Phillips - WR",,,"#81 Willard Aguilar - RB","#28 Paul Parsons - WR","#82 Jose Carter - WR","#86 Robert Chang - WR",,,,,"#54 Dalton Lockhart - LT","#53 Juan Johnson - LG","#77 Steven Christensen - C","#74 Daniel Vargas - RG","#62 William Berkowitz - RT",,"#96 Rodolfo Hutchison - LDE","#57 Timmy Smith - RDE","#67 Warren Driscoll - DT","#75 Eric Stone - DT","#59 Leon Varney - RDE","#98 Chris Crawford - SLB","#99 Joseph Bowen - MLB",,"#58 Robert Steele - WLB","#47 Rodney Page - CB","#38 Mark Braddock - CB",,,,"#41 Tommy Clouse - FS",,,,,,,,,,,,,,,,,,,,,,,,,,,,,,,,,,,,,
TEN,6:48,"IND 44",1,1,10,"I Formation 3WR HB Inside Weak","Nickel 3-3-5 Cover 2 Man Under",7,0,7,"1-10-IND 44 (6:47) 83-Joe Miller ran to IND 37 for 7 yards. Tackle by 58-Robert Steele.","#15 Bruno Wong - QB","#83 Joe Miller - WR",,,"#81 Willard Aguilar - RB",,,"#86 Robert Chang - WR","#28 Paul Parsons - WR","#84 Henry Phillips - WR",,,"#54 Dalton Lockhart - LT","#53 Juan Johnson - LG","#77 Steven Christensen - C","#74 Daniel Vargas - RG","#62 William Berkowitz - RT",,"#96 Rodolfo Hutchison - LDE",,"#67 Warren Driscoll - DT",,"#59 Leon Varney - RDE","#98 Chris Crawford - SLB","#99 Joseph Bowen - MLB",,"#58 Robert Steele - WLB","#47 Rodney Page - CB","#30 Thomas Garner - CB",,"#24 Michael Vanallen - CB",,"#38 Mark Braddock - CB","#41 Tommy Clouse - FS",,,,,,,,,,,,,,,,,,,,,,,,,,,,,,,,,,,,
TEN,6:09,"IND 37",1,2,3,"Split Backs 3 Wide WR Quick Out","Nickel Normal SS Blitz",-0,0,7,"2-3-IND 37 (6:08) 15-Bruno Wong pass complete to 84-Henry Phillips to IND 38 for a short loss. Tackle by 30-Thomas Garner. 84-Henry Phillips made a great move on the CB.","#15 Bruno Wong - QB","#84 Henry Phillips - WR",,,"#81 Willard Aguilar - RB",,,"#86 Robert Chang - WR","#82 Jose Carter - WR","#28 Paul Parsons - WR",,,"#54 Dalton Lockhart - LT","#53 Juan Johnson - LG","#77 Steven Christensen - C","#74 Daniel Vargas - RG","#62 William Berkowitz - RT",,"#96 Rodolfo Hutchison - LDE",,"#67 Warren Driscoll - DT","#75 Eric Stone - DT","#59 Leon Varney - RDE",,"#99 Joseph Bowen - MLB",,"#58 Robert Steele - WLB","#38 Mark Braddock - CB","#30 Thomas Garner - CB",,"#24 Michael Vanallen - CB",,"#47 Rodney Page - CB","#41 Tommy Clouse - FS",,,,,,,,,,,,,,,,,,,,,,,,,,,,,,,,,,,,
TEN,5:28,"IND 38",1,3,4,"Singleback Normal HB Dive Strong","Nickel Normal 2 Deep",2,0,7,"3-4-IND 38 (5:27) 83-Joe Miller ran to IND 36 for 2 yards. Tackle by 75-Eric Stone.","#15 Bruno Wong - QB","#83 Joe Miller - WR",,,,"#82 Jose Carter - WR",,"#86 Robert Chang - WR","#84 Henry Phillips - WR","#28 Paul Parsons - WR",,,"#54 Dalton Lockhart - LT","#53 Juan Johnson - LG","#77 Steven Christensen - C","#74 Daniel Vargas - RG","#62 William Berkowitz - RT",,"#96 Rodolfo Hutchison - LDE",,"#67 Warren Driscoll - DT","#75 Eric Stone - DT","#59 Leon Varney - RDE",,"#99 Joseph Bowen - MLB",,"#58 Robert Steele - WLB","#47 Rodney Page - CB","#30 Thomas Garner - CB",,"#24 Michael Vanallen - CB",,"#38 Mark Braddock - CB","#41 Tommy Clouse - FS",,,,,,,,,,,,,,,,,,,,,,,,,,,,,,,,,,,,
TEN,4:43,"IND 36",1,4,2,"I Formation Twin WR Quick Outs","4-3 Normal Man Under 1",,0,7,"4-2-IND 36 (4:42) 15-Bruno Wong pass Pass knocked down by 99-Joseph Bowen. incomplete, intended for 84-Henry Phillips. Turnover on downs.","#15 Bruno Wong - QB","#83 Joe Miller - WR",,,"#81 Willard Aguilar - RB","#82 Jose Carter - WR",,"#84 Henry Phillips - WR",,"#86 Robert Chang - WR",,,"#54 Dalton Lockhart - LT","#53 Juan Johnson - LG","#77 Steven Christensen - C","#74 Daniel Vargas - RG","#62 William Berkowitz - RT",,"#96 Rodolfo Hutchison - LDE",,"#67 Warren Driscoll - DT","#75 Eric Stone - DT","#59 Leon Varney - RDE","#98 Chris Crawford - SLB","#99 Joseph Bowen - MLB",,"#58 Robert Steele - WLB","#38 Mark Braddock - CB","#30 Thomas Garner - CB",,,,"#41 Tommy Clouse - FS","#47 Rodney Page - CB",,,,,,,,,,,,,,,,,,,,,,,,,,,,,,,,,,,,
IND,4:39,"IND 36",1,1,10,"Weak I Normal HB Inside Strong","Dime Normal Man Cover 1",2,0,7,"1-10-IND 36 (4:40) 35-Barry Yang ran to IND 38 for 2 yards. Tackle by 50-Joseph Brooks.","#11 Melvin Barnes - QB","#35 Barry Yang - RB",,,"#82 Sheldon Crossman - TE","#84 Miguel James - TE",,"#15 James Farley - WR",,"#16 Mauricio Meyer - WR",,,"#54 Ronald Mitchell - LT","#61 Edward James - LG","#74 Steven Thompson - C","#69 Bradley Roberts - RG","#55 Ronnie Neal - RT",,"#40 Mike Roe - LDE",,"#68 Richard Lenhart - DT","#38 Edward Blackmon - DT","#31 Keith Turner - RDE",,"#50 Joseph Brooks - SS",,,"#98 Walter Martinez - CB","#52 Joshua Lemos - CB","#48 Phillip Mitchum - CB","#69 Billy Hemphill - CB",,"#26 Glen Coleman - CB","#39 Eugene Sexton - CB",,,,,,,,,,,,,,,,,,,,,,,,,,,,,,,,,,,,
IND,4:06,"IND 38",1,2,8,"Weak I Normal HB Inside Strong","Dime Normal Man Cover 1",1,0,7,"2-8-IND 38 (4:05) 35-Barry Yang ran to IND 39 for 1 yards. Tackle by 38-Edward Blackmon.","#11 Melvin Barnes - QB","#35 Barry Yang - RB",,,"#82 Sheldon Crossman - TE","#84 Miguel James - TE",,"#15 James Farley - WR",,"#16 Mauricio Meyer - WR",,,"#54 Ronald Mitchell - LT","#61 Edward James - LG","#74 Steven Thompson - C","#69 Bradley Roberts - RG","#55 Ronnie Neal - RT",,"#40 Mike Roe - LDE",,"#68 Richard Lenhart - DT","#38 Edward Blackmon - DT","#31 Keith Turner - RDE",,"#50 Joseph Brooks - SS",,,"#98 Walter Martinez - CB","#52 Joshua Lemos - CB","#48 Phillip Mitchum - CB","#69 Billy Hemphill - CB",,"#26 Glen Coleman - CB","#39 Eugene Sexton - CB",,,,,,,,,,,,,,,,,,,,,,,,,,,,,,,,,,,,
IND,3:30,"IND 39",1,3,7,"Singleback Big TE Flat Curl","Nickel Normal CB3 LB Blitz",,0,7,"3-7-IND 39 (3:29) 11-Melvin Barnes pass incomplete, the ball was thrown away. Pressure by 40-Mike Roe.","#11 Melvin Barnes - QB","#35 Barry Yang - RB",,,,"#84 Miguel James - TE","#82 Sheldon Crossman - TE","#15 James Farley - WR",,"#16 Mauricio Meyer - WR",,,"#54 Ronald Mitchell - LT","#61 Edward James - LG","#74 Steven Thompson - C","#69 Bradley Roberts - RG","#55 Ronnie Neal - RT",,"#40 Mike Roe - LDE",,"#68 Richard Lenhart - DT","#38 Edward Blackmon - DT","#31 Keith Turner - RDE",,"#50 Joseph Brooks - SS",,"#42 Andre Jones - SS","#98 Walter Martinez - CB","#39 Eugene Sexton - CB",,"#26 Glen Coleman - CB",,"#27 John Brooker - FS","#69 Billy Hemphill - CB",,,,,,,,,,,,,,,,,,,,,,,,,,,,,,,,,,,,
IND,3:25,"IND 39",1,4,7,Punt,"Punt Return",,0,7,"4-7-IND 39 (3:26) 2-Edward Bittner punts 41 yards to TEN 20. 83-Joe Miller FUMBLES recovered by TEN-83-Joe Miller to IND 49 for 31 yards. Tackle by 2-Edward Bittner.",,,,,,,,,,,,,,,,,,"#2 Edward Bittner - P",,,,,,,,,,,,,,,,,,,"#61 Edward James - LG",,"#83 Joe Miller - WR",,,"#23 Gary Brown - FS","#84 Henry Phillips - WR","#69 Billy Hemphill - CB",,"#48 Phillip Mitchum - CB","#98 Walter Martinez - CB",,"#42 Andre Jones - SS",,,,"#53 Michael Calabrese - RG","#54 Ronald Mitchell - LT","#72 Sean Boyer - LG","#69 Bradley Roberts - RG","#56 Barney Montgomery - RT","#63 Wayne Perez - C",,"#30 Michael White - FS","#79 Coy McMurtry - LDE","#27 John Brooker - FS","#51 Jose Findlay - RDE",,,,,,,
TEN,3:13,"IND 49",1,1,10,"I Formation 3WR HB Inside Weak","Nickel Strong 2 Deep Man Under",5,0,7,"1-10-IND 49 (3:14) 37-David Gallaway ran to IND 44 for 5 yards. Tackle by 75-Eric Stone.","#15 Bruno Wong - QB","#37 David Gallaway - WR",,,"#81 Willard Aguilar - RB",,,"#86 Robert Chang - WR","#82 Jose Carter - WR","#28 Paul Parsons - WR",,,"#54 Dalton Lockhart - LT","#53 Juan Johnson - LG","#77 Steven Christensen - C","#74 Daniel Vargas - RG","#62 William Berkowitz - RT",,"#96 Rodolfo Hutchison - LDE",,"#67 Warren Driscoll - DT","#75 Eric Stone - DT","#59 Leon Varney - RDE",,"#99 Joseph Bowen - MLB",,"#58 Robert Steele - WLB","#47 Rodney Page - CB","#30 Thomas Garner - CB",,"#24 Michael Vanallen - CB",,"#41 Tommy Clouse - FS","#38 Mark Braddock - CB",,,,,,,,,,,,,,,,,,,,,,,,,,,,,,,,,,,,
TEN,2:34,"IND 44",1,2,5,"Singleback Big HB Inside Strong","4-3 Normal Double WR1",44,0,13,"2-5-IND 44 (2:33) 84-Henry Phillips ran for 44 yards. TOUCHDOWN! IND 30-Thomas Garner was injured on the play. He looks like he should be able to return. IND 0 TEN 13","#15 Bruno Wong - QB","#84 Henry Phillips - WR",,,,"#82 Jose Carter - WR","#83 Joe Miller - WR","#86 Robert Chang - WR",,"#28 Paul Parsons - WR",,,"#54 Dalton Lockhart - LT","#53 Juan Johnson - LG","#77 Steven Christensen - C","#74 Daniel Vargas - RG","#62 William Berkowitz - RT",,"#96 Rodolfo Hutchison - LDE",,"#67 Warren Driscoll - DT","#75 Eric Stone - DT","#59 Leon Varney - RDE","#98 Chris Crawford - SLB","#99 Joseph Bowen - MLB",,"#58 Robert Steele - WLB","#38 Mark Braddock - CB","#30 Thomas Garner - CB",,,,"#41 Tommy Clouse - FS","#47 Rodney Page - CB",,,,,,,,,,,,,,,,,,,,,,,,,,,,,,,,,,,,
TEN,2:26,"IND 15",1,7,15,"Field Goal","FG Block",25,0,14,"(2:27) Extra point GOOD by 8-Daniel Cordle. IND 0 TEN 14",,,,,,,,,,,,,,,,,,,,,,,,,,,,,,,,,,,,"#15 Bruno Wong - QB","#77 Steven Christensen - C",,,,,,,,,,,,,,"#8 Daniel Cordle - K","#78 Gary Waters - RT","#60 James Humphrey - LT","#53 Juan Johnson - LG","#54 Dalton Lockhart - LT","#62 William Berkowitz - RT","#74 Daniel Vargas - RG","#67 Brooks Thomas - LG","#88 Keith Hodge - WR","#58 Robert Steele - WLB","#98 Chris Crawford - SLB","#96 Rodolfo Hutchison - LDE","#75 Eric Stone - DT","#94 Lonnie Leonard - MLB","#99 Joseph Bowen - MLB","#50 Robert Morrow - SLB","#93 Michael Almodovar - MLB","#59 Leon Varney - RDE","#91 Timothy Krause - MLB","#67 Warren Driscoll - DT"
TEN,2:26,"TEN 35",1,6,10,Kickoff,"Kick Return",,0,14,"(2:27) 8-Daniel Cordle kicks 74 yards from TEN 35 to IND -9. Touchback.",,,,,,,,,,,,,,,,,,,,,,,,,,,,,,,,,,,,,,"#46 Ross Roling - RB",,"#67 Warren Driscoll - DT","#98 Chris Crawford - SLB","#47 Rodney Page - CB","#38 Mark Braddock - CB","#96 Rodolfo Hutchison - LDE","#15 James Farley - WR","#75 Eric Stone - DT","#59 Leon Varney - RDE","#97 Jason Morphis - DT","#58 Robert Steele - WLB","#8 Daniel Cordle - K",,,,,,,,,,,,,,,,,,,,
IND,2:26,"IND 25",1,1,10,"I Formation Normal HB Dive","Dime Normal Man Cover 1",1,0,14,"1-10-IND 25 (2:27) 35-Barry Yang ran to IND 26 for 1 yards. Tackle by 38-Edward Blackmon.","#11 Melvin Barnes - QB","#35 Barry Yang - RB",,,"#82 Sheldon Crossman - TE","#84 Miguel James - TE",,"#15 James Farley - WR",,"#16 Mauricio Meyer - WR",,,"#54 Ronald Mitchell - LT","#61 Edward James - LG","#74 Steven Thompson - C","#69 Bradley Roberts - RG","#55 Ronnie Neal - RT",,"#40 Mike Roe - LDE",,"#68 Richard Lenhart - DT","#38 Edward Blackmon - DT","#31 Keith Turner - RDE",,"#50 Joseph Brooks - SS",,,"#98 Walter Martinez - CB","#52 Joshua Lemos - CB","#48 Phillip Mitchum - CB","#69 Billy Hemphill - CB",,"#26 Glen Coleman - CB","#39 Eugene Sexton - CB",,,,,,,,,,,,,,,,,,,,,,,,,,,,,,,,,,,,
IND,1:53,"IND 26",1,2,9,"Singleback Big HB Curls TE Deep","Dime Normal Man Cover 1",,0,14,"2-9-IND 26 (1:52) 11-Melvin Barnes pass Pass knocked down by 98-Walter Martinez. incomplete, intended for 15-James Farley. Pressure by 40-Mike Roe.","#11 Melvin Barnes - QB","#35 Barry Yang - RB",,,,"#84 Miguel James - TE","#82 Sheldon Crossman - TE","#15 James Farley - WR",,"#16 Mauricio Meyer - WR",,,"#54 Ronald Mitchell - LT","#61 Edward James - LG","#74 Steven Thompson - C","#69 Bradley Roberts - RG","#55 Ronnie Neal - RT",,"#40 Mike Roe - LDE",,"#68 Richard Lenhart - DT","#38 Edward Blackmon - DT","#31 Keith Turner - RDE",,"#50 Joseph Brooks - SS",,,"#98 Walter Martinez - CB","#52 Joshua Lemos - CB","#48 Phillip Mitchum - CB","#69 Billy Hemphill - CB",,"#26 Glen Coleman - CB","#39 Eugene Sexton - CB",,,,,,,,,,,,,,,,,,,,,,,,,,,,,,,,,,,,
IND,1:47,"IND 26",1,3,9,"I Formation 3WR Slot Short WR Deep","Dime Normal Man Cover 1",-7,0,14,"3-9-IND 26 (1:48) 11-Melvin Barnes sacked at IND 19 for -7 yards (40-Mike Roe). Sack allowed by 55-Ronnie Neal.","#11 Melvin Barnes - QB","#35 Barry Yang - RB",,,"#82 Sheldon Crossman - TE",,,"#15 James Farley - WR","#18 Ken Simpson - WR","#16 Mauricio Meyer - WR",,,"#54 Ronald Mitchell - LT","#61 Edward James - LG","#74 Steven Thompson - C","#69 Bradley Roberts - RG","#55 Ronnie Neal - RT",,"#40 Mike Roe - LDE",,"#68 Richard Lenhart - DT","#38 Edward Blackmon - DT","#31 Keith Turner - RDE",,"#50 Joseph Brooks - SS",,,"#98 Walter Martinez - CB","#52 Joshua Lemos - CB","#48 Phillip Mitchum - CB","#69 Billy Hemphill - CB",,"#26 Glen Coleman - CB","#39 Eugene Sexton - CB",,,,,,,,,,,,,,,,,,,,,,,,,,,,,,,,,,,,
IND,1:05,"IND 19",1,4,16,Punt,"Punt Return",,0,14,"4-16-IND 19 (1:04) 2-Edward Bittner punts 48 yards to TEN 33. 83-Joe Miller to TEN 45 for 12 yards. Tackle by 96-Rodolfo Hutchison.",,,,,,,,,,,,,,,,,,"#2 Edward Bittner - P",,,,,,,,,,,,,,,,,,,"#61 Edward James - LG",,"#83 Joe Miller - WR",,,"#23 Gary Brown - FS","#84 Henry Phillips - WR","#69 Billy Hemphill - CB",,"#48 Phillip Mitchum - CB","#98 Walter Martinez - CB",,"#42 Andre Jones - SS",,,,"#53 Michael Calabrese - RG","#54 Ronald Mitchell - LT","#72 Sean Boyer - LG","#69 Bradley Roberts - RG","#56 Barney Montgomery - RT","#63 Wayne Perez - C",,"#30 Michael White - FS","#79 Coy McMurtry - LDE","#27 John Brooker - FS","#51 Jose Findlay - RDE",,,,,,,
TEN,0:54,"TEN 45",1,1,10,"I Formation Power HB Draw","Goal Line Attack #1",2,0,14,"1-10-TEN 45 (0:55) 37-David Gallaway ran to TEN 46 for 2 yards. Tackle by 67-Warren Driscoll.","#15 Bruno Wong - QB","#37 David Gallaway - WR",,"#86 Robert Chang - WR","#81 Willard Aguilar - RB","#82 Jose Carter - WR",,"#28 Paul Parsons - WR",,,,,"#54 Dalton Lockhart - LT","#53 Juan Johnson - LG","#77 Steven Christensen - C","#74 Daniel Vargas - RG","#62 William Berkowitz - RT",,"#57 Timmy Smith - RDE","#97 Jason Morphis - DT","#67 Warren Driscoll - DT","#75 Eric Stone - DT","#59 Leon Varney - RDE","#98 Chris Crawford - SLB","#99 Joseph Bowen - MLB",,"#58 Robert Steele - WLB","#38 Mark Braddock - CB","#24 Michael Vanallen - CB",,,,"#41 Tommy Clouse - FS",,,,,,,,,,,,,,,,,,,,,,,,,,,,,,,,,,,,,
TEN,0:24,"TEN 46",1,2,8,"I Formation Twin WR Hard Slants","4-3 Normal Double WR1",13,0,14,"2-8-TEN 46 (0:23) 15-Bruno Wong pass complete to 84-Henry Phillips to IND 40 for 13 yards. Tackle by 99-Joseph Bowen.","#15 Bruno Wong - QB","#83 Joe Miller - WR",,,"#81 Willard Aguilar - RB","#82 Jose Carter - WR",,"#84 Henry Phillips - WR",,"#86 Robert Chang - WR",,,"#54 Dalton Lockhart - LT","#53 Juan Johnson - LG","#77 Steven Christensen - C","#74 Daniel Vargas - RG","#62 William Berkowitz - RT",,"#96 Rodolfo Hutchison - LDE",,"#67 Warren Driscoll - DT","#75 Eric Stone - DT","#59 Leon Varney - RDE","#98 Chris Crawford - SLB","#99 Joseph Bowen - MLB",,"#58 Robert Steele - WLB","#47 Rodney Page - CB","#30 Thomas Garner - CB",,,,"#41 Tommy Clouse - FS","#38 Mark Braddock - CB",,,,,,,,,,,,,,,,,,,,,,,,,,,,,,,,,,,,
,0:00,,1,1,10,,,,0,14,"End of first quarter.",,,,,,,,,,,,,,,,,,,,,,,,,,,,,,,,,,,,,,,,,,,,,,,,,,,,,,,,,,,,,,,,,,,,,,
TEN,15:00,"IND 40",2,1,10,"I Formation Twin WR Hard Slants","4-3 Normal Double WR1",41,0,20,"1-10-IND 40 (15:00) 15-Bruno Wong pass complete to 82-Jose Carter for 40 yards. TOUCHDOWN! 82-Jose Carter did some fancy footwork there. IND 0 TEN 20","#15 Bruno Wong - QB","#83 Joe Miller - WR",,,"#81 Willard Aguilar - RB","#82 Jose Carter - WR",,"#84 Henry Phillips - WR",,"#86 Robert Chang - WR",,,"#54 Dalton Lockhart - LT","#53 Juan Johnson - LG","#77 Steven Christensen - C","#74 Daniel Vargas - RG","#62 William Berkowitz - RT",,"#96 Rodolfo Hutchison - LDE",,"#67 Warren Driscoll - DT","#75 Eric Stone - DT","#59 Leon Varney - RDE","#98 Chris Crawford - SLB","#99 Joseph Bowen - MLB",,"#58 Robert Steele - WLB","#47 Rodney Page - CB","#30 Thomas Garner - CB",,,,"#41 Tommy Clouse - FS","#38 Mark Braddock - CB",,,,,,,,,,,,,,,,,,,,,,,,,,,,,,,,,,,,
TEN,14:53,"IND 15",2,7,15,"Field Goal","FG Block",25,0,21,"(14:54) Extra point GOOD by 8-Daniel Cordle. IND 0 TEN 21",,,,,,,,,,,,,,,,,,,,,,,,,,,,,,,,,,,,"#15 Bruno Wong - QB","#77 Steven Christensen - C",,,,,,,,,,,,,,"#8 Daniel Cordle - K","#78 Gary Waters - RT","#60 James Humphrey - LT","#53 Juan Johnson - LG","#54 Dalton Lockhart - LT","#62 William Berkowitz - RT","#74 Daniel Vargas - RG","#67 Brooks Thomas - LG","#88 Keith Hodge - WR","#58 Robert Steele - WLB","#98 Chris Crawford - SLB","#96 Rodolfo Hutchison - LDE","#75 Eric Stone - DT","#94 Lonnie Leonard - MLB","#99 Joseph Bowen - MLB","#50 Robert Morrow - SLB","#93 Michael Almodovar - MLB","#59 Leon Varney - RDE","#91 Timothy Krause - MLB","#67 Warren Driscoll - DT"
TEN,14:53,"TEN 35",2,6,10,Kickoff,"Kick Return",,0,21,"(14:54) 8-Daniel Cordle kicks 74 yards from TEN 35 to IND -9. Touchback.",,,,,,,,,,,,,,,,,,,,,,,,,,,,,,,,,,,,,,"#46 Ross Roling - RB",,"#67 Warren Driscoll - DT","#98 Chris Crawford - SLB","#47 Rodney Page - CB","#38 Mark Braddock - CB","#96 Rodolfo Hutchison - LDE","#15 James Farley - WR","#75 Eric Stone - DT","#59 Leon Varney - RDE","#97 Jason Morphis - DT","#58 Robert Steele - WLB","#8 Daniel Cordle - K",,,,,,,,,,,,,,,,,,,,
IND,14:53,"IND 25",2,1,10,"Goal Line Normal HB Pitch Weak","Goal Line Attack #2",5,0,21,"1-10-IND 25 (14:54) 35-Barry Yang ran to IND 30 for 5 yards. Tackle by 69-Billy Hemphill. IND 55-Ronnie Neal was injured on the play. He looks like he should be able to return.","#11 Melvin Barnes - QB","#35 Barry Yang - RB",,"#15 James Farley - WR","#46 Ross Roling - RB","#84 Miguel James - TE","#82 Sheldon Crossman - TE",,,,,,"#54 Ronald Mitchell - LT","#61 Edward James - LG","#74 Steven Thompson - C","#69 Bradley Roberts - RG","#55 Ronnie Neal - RT",,"#40 Mike Roe - LDE","#79 Coy McMurtry - LDE","#68 Richard Lenhart - DT","#38 Edward Blackmon - DT","#31 Keith Turner - RDE","#27 John Brooker - FS","#50 Joseph Brooks - SS",,"#42 Andre Jones - SS","#48 Phillip Mitchum - CB","#98 Walter Martinez - CB",,,,"#69 Billy Hemphill - CB",,,,,,,,,,,,,,,,,,,,,,,,,,,,,,,,,,,,,
IND,14:17,"IND 30",2,2,5,"Singleback Slot Strong HB Counter","3-4 Normal Man Cover 1",-3,0,21,"2-5-IND 30 (14:16) 35-Barry Yang ran to IND 27 for -3 yards. Tackle by 23-Gary Brown. IND 54-Ronald Mitchell was injured on the play. He looks like he should be able to return.","#11 Melvin Barnes - QB","#35 Barry Yang - RB",,,,"#84 Miguel James - TE",,"#15 James Farley - WR","#18 Ken Simpson - WR","#16 Mauricio Meyer - WR",,,"#54 Ronald Mitchell - LT","#61 Edward James - LG","#74 Steven Thompson - C","#69 Bradley Roberts - RG","#56 Barney Montgomery - RT",,"#40 Mike Roe - LDE",,"#68 Richard Lenhart - DT",,"#31 Keith Turner - RDE","#23 Gary Brown - FS","#50 Joseph Brooks - SS","#27 John Brooker - FS","#42 Andre Jones - SS","#98 Walter Martinez - CB","#26 Glen Coleman - CB",,,,"#48 Phillip Mitchum - CB","#39 Eugene Sexton - CB",,,,,,,,,,,,,,,,,,,,,,,,,,,,,,,,,,,,
IND,13:44,"IND 27",2,3,8,"Shotgun 2 RB 3 WR FB In","Dime Normal Man Cover 1",3,0,21,"3-8-IND 27 (13:43) 11-Melvin Barnes pass complete to 15-James Farley to IND 30 for 3 yards. Tackle by 98-Walter Martinez.","#11 Melvin Barnes - QB","#35 Barry Yang - RB","#46 Ross Roling - RB",,,,,"#15 James Farley - WR","#18 Ken Simpson - WR","#16 Mauricio Meyer - WR",,,"#56 Barney Montgomery - RT","#72 Sean Boyer - LG","#74 Steven Thompson - C","#69 Bradley Roberts - RG","#61 Edward James - LG",,"#40 Mike Roe - LDE",,"#68 Richard Lenhart - DT","#38 Edward Blackmon - DT","#31 Keith Turner - RDE",,"#50 Joseph Brooks - SS",,,"#98 Walter Martinez - CB","#52 Joshua Lemos - CB","#48 Phillip Mitchum - CB","#69 Billy Hemphill - CB",,"#26 Glen Coleman - CB","#39 Eugene Sexton - CB",,,,,,,,,,,,,,,,,,,,,,,,,,,,,,,,,,,,
IND,12:59,"IND 30",2,4,5,Punt,"Punt Return",,0,21,"4-5-IND 30 (12:58) 2-Edward Bittner punts 48 yards to TEN 22. 83-Joe Miller to TEN 31 for 9 yards. Tackle by 96-Rodolfo Hutchison.",,,,,,,,,,,,,,,,,,"#2 Edward Bittner - P",,,,,,,,,,,,,,,,,,,"#61 Edward James - LG",,"#83 Joe Miller - WR",,,"#23 Gary Brown - FS","#84 Henry Phillips - WR","#69 Billy Hemphill - CB",,"#48 Phillip Mitchum - CB","#98 Walter Martinez - CB",,"#42 Andre Jones - SS",,,,"#63 Wayne Perez - C","#53 Michael Calabrese - RG","#72 Sean Boyer - LG","#69 Bradley Roberts - RG","#56 Barney Montgomery - RT","#74 Steven Thompson - C",,"#30 Michael White - FS","#79 Coy McMurtry - LDE","#27 John Brooker - FS","#51 Jose Findlay - RDE",,,,,,,
TEN,12:48,"TEN 31",2,1,10,"I Formation Normal HB Blast","4-3 Normal OLB Blitz Inside",-1,0,21,"1-10-TEN 31 (12:49) 37-David Gallaway ran to TEN 30 for -1 yards. Tackle by 58-Robert Steele. IND 59-Leon Varney was injured on the play. He looks like he should be able to return.","#15 Bruno Wong - QB","#37 David Gallaway - WR",,,"#81 Willard Aguilar - RB","#82 Jose Carter - WR",,"#86 Robert Chang - WR",,"#28 Paul Parsons - WR",,,"#54 Dalton Lockhart - LT","#53 Juan Johnson - LG","#77 Steven Christensen - C","#74 Daniel Vargas - RG","#62 William Berkowitz - RT",,"#59 Leon Varney - RDE",,"#67 Warren Driscoll - DT","#75 Eric Stone - DT","#57 Timmy Smith - RDE","#98 Chris Crawford - SLB","#99 Joseph Bowen - MLB",,"#58 Robert Steele - WLB","#38 Mark Braddock - CB","#24 Michael Vanallen - CB",,,,"#30 Thomas Garner - CB","#41 Tommy Clouse - FS",,,,,,,,,,,,,,,,,,,,,,,,,,,,,,,,,,,,
TEN,12:17,"TEN 30",2,2,11,"I Formation Power Play Action HB Downfield","Goal Line Attack #1",9,0,21,"2-11-TEN 30 (12:16) 15-Bruno Wong pass complete to 82-Jose Carter to TEN 38 for 9 yards. Tackle by 38-Mark Braddock.","#15 Bruno Wong - QB","#84 Henry Phillips - WR",,"#86 Robert Chang - WR","#81 Willard Aguilar - RB","#82 Jose Carter - WR",,"#28 Paul Parsons - WR",,,,,"#54 Dalton Lockhart - LT","#53 Juan Johnson - LG","#77 Steven Christensen - C","#74 Daniel Vargas - RG","#62 William Berkowitz - RT",,"#96 Rodolfo Hutchison - LDE","#75 Eric Stone - DT","#67 Warren Driscoll - DT","#97 Jason Morphis - DT","#57 Timmy Smith - RDE","#98 Chris Crawford - SLB","#99 Joseph Bowen - MLB",,"#58 Robert Steele - WLB","#47 Rodney Page - CB","#38 Mark Braddock - CB",,,,"#41 Tommy Clouse - FS",,,,,,,,,,,,,,,,,,,,,,,,,,,,,,,,,,,,,
TEN,11:42,"TEN 38",2,3,2,"Split Backs 3 Wide WR Quick Out","Nickel Normal 2 Deep",8,0,21,"3-2-TEN 38 (11:41) 15-Bruno Wong pass complete to 84-Henry Phillips to TEN 46 for 8 yards.","#15 Bruno Wong - QB","#84 Henry Phillips - WR",,,"#81 Willard Aguilar - RB",,,"#86 Robert Chang - WR","#82 Jose Carter - WR","#28 Paul Parsons - WR",,,"#54 Dalton Lockhart - LT","#53 Juan Johnson - LG","#77 Steven Christensen - C","#74 Daniel Vargas - RG","#62 William Berkowitz - RT",,"#96 Rodolfo Hutchison - LDE",,"#67 Warren Driscoll - DT","#75 Eric Stone - DT","#57 Timmy Smith - RDE",,"#99 Joseph Bowen - MLB",,"#58 Robert Steele - WLB","#47 Rodney Page - CB","#30 Thomas Garner - CB",,"#24 Michael Vanallen - CB",,"#41 Tommy Clouse - FS","#38 Mark Braddock - CB",,,,,,,,,,,,,,,,,,,,,,,,,,,,,,,,,,,,
TEN,10:55,"TEN 46",2,1,10,"Singleback Big WR Deep","4-3 Normal Double WR1",54,0,27,"1-10-TEN 46 (10:54) 15-Bruno Wong pass complete to 83-Joe Miller for 54 yards. TOUCHDOWN! TEN 62-William Berkowitz was injured on the play. He looks like he should be able to return. IND 0 TEN 27","#15 Bruno Wong - QB","#37 David Gallaway - WR",,,,"#83 Joe Miller - WR","#29 Jose Green - WR","#86 Robert Chang - WR",,"#28 Paul Parsons - WR",,,"#54 Dalton Lockhart - LT","#53 Juan Johnson - LG","#77 Steven Christensen - C","#74 Daniel Vargas - RG","#62 William Berkowitz - RT",,"#96 Rodolfo Hutchison - LDE",,"#67 Warren Driscoll - DT","#75 Eric Stone - DT","#57 Timmy Smith - RDE","#98 Chris Crawford - SLB","#99 Joseph Bowen - MLB",,"#58 Robert Steele - WLB","#38 Mark Braddock - CB","#30 Thomas Garner - CB",,,,"#47 Rodney Page - CB","#41 Tommy Clouse - FS",,,,,,,,,,,,,,,,,,,,,,,,,,,,,,,,,,,,
TEN,10:45,"IND 15",2,7,15,"Field Goal","FG Block",25,0,28,"(10:46) Extra point GOOD by 8-Daniel Cordle. IND 0 TEN 28",,,,,,,,,,,,,,,,,,,,,,,,,,,,,,,,,,,,"#15 Bruno Wong - QB","#77 Steven Christensen - C",,,,,,,,,,,,,,"#8 Daniel Cordle - K","#58 Ernest Thompson - RG","#88 Keith Hodge - WR","#67 Brooks Thomas - LG","#54 Dalton Lockhart - LT","#74 Daniel Vargas - RG","#60 James Humphrey - LT","#78 Gary Waters - RT","#53 Juan Johnson - LG","#93 Michael Almodovar - MLB","#98 Chris Crawford - SLB","#96 Rodolfo Hutchison - LDE","#75 Eric Stone - DT","#47 Rodney Page - CB","#58 Robert Steele - WLB","#99 Joseph Bowen - MLB","#67 Warren Driscoll - DT","#91 Timothy Krause - MLB","#50 Robert Morrow - SLB","#94 Lonnie Leonard - MLB"
TEN,10:45,"TEN 35",2,6,10,Kickoff,"Kick Return",,0,28,"(10:46) 8-Daniel Cordle kicks 74 yards from TEN 35 to IND -9. Touchback.",,,,,,,,,,,,,,,,,,,,,,,,,,,,,,,,,,,,,,"#46 Ross Roling - RB",,"#57 Timmy Smith - RDE","#67 Warren Driscoll - DT","#47 Rodney Page - CB","#97 Jason Morphis - DT","#96 Rodolfo Hutchison - LDE","#38 Mark Braddock - CB","#75 Eric Stone - DT","#98 Chris Crawford - SLB","#58 Robert Steele - WLB","#15 James Farley - WR","#8 Daniel Cordle - K",,,,,,,,,,,,,,,,,,,,
IND,10:45,"IND 25",2,1,10,"Shotgun 2 RB 3 WR RB Curls","4-3 Normal Double WR1",,0,28,"1-10-IND 25 (10:46) 11-Melvin Barnes pass Pass knocked down by 39-Eugene Sexton. incomplete, intended for 16-Mauricio Meyer. Pressure by 40-Mike Roe.","#11 Melvin Barnes - QB","#35 Barry Yang - RB","#46 Ross Roling - RB",,,,,"#15 James Farley - WR","#18 Ken Simpson - WR","#16 Mauricio Meyer - WR",,,"#56 Barney Montgomery - RT","#61 Edward James - LG","#74 Steven Thompson - C","#69 Bradley Roberts - RG","#55 Ronnie Neal - RT",,"#40 Mike Roe - LDE",,"#68 Richard Lenhart - DT","#38 Edward Blackmon - DT","#31 Keith Turner - RDE","#27 John Brooker - FS","#50 Joseph Brooks - SS",,"#42 Andre Jones - SS","#98 Walter Martinez - CB","#39 Eugene Sexton - CB",,,,"#48 Phillip Mitchum - CB","#69 Billy Hemphill - CB",,,,,,,,,,,,,,,,,,,,,,,,,,,,,,,,,,,,
IND,10:41,"IND 25",2,2,10,"Strong I Normal Counter Strong","Dime Flat MLB SS Blitz",-2,0,28,"2-10-IND 25 (10:42) 35-Barry Yang ran to IND 23 for -2 yards. Tackle by 50-Joseph Brooks.","#11 Melvin Barnes - QB","#35 Barry Yang - RB",,,"#82 Sheldon Crossman - TE","#84 Miguel James - TE",,"#15 James Farley - WR",,"#16 Mauricio Meyer - WR",,,"#69 Bradley Roberts - RG","#61 Edward James - LG","#74 Steven Thompson - C","#53 Michael Calabrese - RG","#55 Ronnie Neal - RT",,"#40 Mike Roe - LDE",,"#68 Richard Lenhart - DT","#38 Edward Blackmon - DT","#31 Keith Turner - RDE",,"#50 Joseph Brooks - SS",,,"#26 Glen Coleman - CB","#52 Joshua Lemos - CB","#42 Andre Jones - SS","#92 George Sherrer - CB",,"#27 John Brooker - FS","#39 Eugene Sexton - CB",,,,,,,,,,,,,,,,,,,,,,,,,,,,,,,,,,,,
IND,9:59,"IND 23",2,3,12,"Shotgun 2 RB 3 WR WR Hooks","Dime Normal Man Cover 1",,0,28,"3-12-IND 23 (9:58) 11-Melvin Barnes pass incomplete, intended for 18-Ken Simpson.","#11 Melvin Barnes - QB","#35 Barry Yang - RB","#46 Ross Roling - RB",,,,,"#15 James Farley - WR","#18 Ken Simpson - WR","#16 Mauricio Meyer - WR",,,"#54 Ronald Mitchell - LT","#61 Edward James - LG","#74 Steven Thompson - C","#69 Bradley Roberts - RG","#55 Ronnie Neal - RT",,"#40 Mike Roe - LDE",,"#68 Richard Lenhart - DT","#38 Edward Blackmon - DT","#31 Keith Turner - RDE",,"#50 Joseph Brooks - SS",,,"#98 Walter Martinez - CB","#52 Joshua Lemos - CB","#48 Phillip Mitchum - CB","#69 Billy Hemphill - CB",,"#26 Glen Coleman - CB","#39 Eugene Sexton - CB",,,,,,,,,,,,,,,,,,,,,,,,,,,,,,,,,,,,
IND,9:55,"IND 23",2,4,12,Punt,"Punt Return",,0,28,"4-12-IND 23 (9:56) 2-Edward Bittner punts 52 yards to TEN 25. 83-Joe Miller to TEN 40 for 15 yards. Tackle by 63-Wayne Perez. 51-Jose Findlay was caught flat-footed on this play. IND 61-Edward James was injured on the play. He looks like he should be able to return.",,,,,,,,,,,,,,,,,,"#2 Edward Bittner - P",,,,,,,,,,,,,,,,,,,"#61 Edward James - LG",,"#83 Joe Miller - WR",,,"#23 Gary Brown - FS","#84 Henry Phillips - WR","#69 Billy Hemphill - CB",,"#48 Phillip Mitchum - CB","#98 Walter Martinez - CB",,"#42 Andre Jones - SS",,,,"#53 Michael Calabrese - RG","#54 Ronald Mitchell - LT","#72 Sean Boyer - LG","#69 Bradley Roberts - RG","#56 Barney Montgomery - RT","#63 Wayne Perez - C",,"#30 Michael White - FS","#79 Coy McMurtry - LDE","#27 John Brooker - FS","#51 Jose Findlay - RDE",,,,,,,
TEN,9:46,"TEN 40",2,1,10,"I Formation Twin WR Quick Outs","4-3 Under 2 Deep Flat Outside",,0,28,"1-10-TEN 40 (9:47) 15-Bruno Wong pass incomplete, intended for 82-Jose Carter.","#15 Bruno Wong - QB","#37 David Gallaway - WR",,,"#81 Willard Aguilar - RB","#82 Jose Carter - WR",,"#86 Robert Chang - WR",,"#28 Paul Parsons - WR",,,"#54 Dalton Lockhart - LT","#53 Juan Johnson - LG","#77 Steven Christensen - C","#74 Daniel Vargas - RG","#78 Gary Waters - RT",,"#57 Timmy Smith - RDE",,"#67 Warren Driscoll - DT","#97 Jason Morphis - DT","#75 Eric Stone - DT","#98 Chris Crawford - SLB","#99 Joseph Bowen - MLB",,"#58 Robert Steele - WLB","#47 Rodney Page - CB","#30 Thomas Garner - CB",,,,"#38 Mark Braddock - CB","#41 Tommy Clouse - FS",,,,,,,,,,,,,,,,,,,,,,,,,,,,,,,,,,,,
TEN,9:44,"TEN 40",2,2,10,"I Formation Power HB Draw","Goal Line Attack #2",3,0,28,"2-10-TEN 40 (9:45) 84-Henry Phillips ran to TEN 43 for 3 yards. Tackle by 58-Robert Steele.","#15 Bruno Wong - QB","#84 Henry Phillips - WR",,"#86 Robert Chang - WR","#81 Willard Aguilar - RB","#82 Jose Carter - WR",,"#28 Paul Parsons - WR",,,,,"#54 Dalton Lockhart - LT","#53 Juan Johnson - LG","#77 Steven Christensen - C","#74 Daniel Vargas - RG","#78 Gary Waters - RT",,"#96 Rodolfo Hutchison - LDE","#57 Timmy Smith - RDE","#67 Warren Driscoll - DT","#75 Eric Stone - DT","#59 Leon Varney - RDE","#98 Chris Crawford - SLB","#99 Joseph Bowen - MLB",,"#58 Robert Steele - WLB","#47 Rodney Page - CB","#38 Mark Braddock - CB",,,,"#41 Tommy Clouse - FS",,,,,,,,,,,,,,,,,,,,,,,,,,,,,,,,,,,,,
TEN,9:04,"TEN 43",2,3,7,"Strong I Normal Short Attack","4-3 Under 2 Deep Flat Outside",8,0,28,"3-7-TEN 43 (9:03) 15-Bruno Wong pass complete to 83-Joe Miller to IND 49 for 8 yards. Tackle by 38-Mark Braddock.","#15 Bruno Wong - QB","#84 Henry Phillips - WR",,,"#81 Willard Aguilar - RB","#83 Joe Miller - WR",,"#86 Robert Chang - WR",,"#82 Jose Carter - WR",,,"#54 Dalton Lockhart - LT","#53 Juan Johnson - LG","#77 Steven Christensen - C","#74 Daniel Vargas - RG","#78 Gary Waters - RT",,"#96 Rodolfo Hutchison - LDE",,"#67 Warren Driscoll - DT","#75 Eric Stone - DT","#59 Leon Varney - RDE","#98 Chris Crawford - SLB","#99 Joseph Bowen - MLB",,"#58 Robert Steele - WLB","#38 Mark Braddock - CB","#30 Thomas Garner - CB",,,,"#41 Tommy Clouse - FS","#47 Rodney Page - CB",,,,,,,,,,,,,,,,,,,,,,,,,,,,,,,,,,,,
TEN,8:19,"IND 49",2,1,10,"I Formation 3WR HB Inside Weak","Nickel 3-3-5 Cover 2 Man Under",11,0,28,"1-10-IND 49 (8:18) 83-Joe Miller ran to IND 39 for 11 yards. Tackle by 41-Tommy Clouse.","#15 Bruno Wong - QB","#83 Joe Miller - WR",,,"#81 Willard Aguilar - RB",,,"#86 Robert Chang - WR","#28 Paul Parsons - WR","#84 Henry Phillips - WR",,,"#54 Dalton Lockhart - LT","#53 Juan Johnson - LG","#77 Steven Christensen - C","#74 Daniel Vargas - RG","#78 Gary Waters - RT",,"#96 Rodolfo Hutchison - LDE",,"#67 Warren Driscoll - DT",,"#59 Leon Varney - RDE","#98 Chris Crawford - SLB","#99 Joseph Bowen - MLB",,"#58 Robert Steele - WLB","#38 Mark Braddock - CB","#30 Thomas Garner - CB",,"#24 Michael Vanallen - CB",,"#41 Tommy Clouse - FS","#47 Rodney Page - CB",,,,,,,,,,,,,,,,,,,,,,,,,,,,,,,,,,,,
TEN,7:40,"IND 39",2,1,10,"Singleback Normal HB Dive Strong","Nickel 3-3-5 Cover 2 Man Under",2,0,28,"1-10-IND 39 (7:39) 83-Joe Miller ran to IND 37 for 2 yards. Tackle by 67-Warren Driscoll.","#15 Bruno Wong - QB","#83 Joe Miller - WR",,,,"#82 Jose Carter - WR",,"#86 Robert Chang - WR","#84 Henry Phillips - WR","#28 Paul Parsons - WR",,,"#54 Dalton Lockhart - LT","#53 Juan Johnson - LG","#77 Steven Christensen - C","#74 Daniel Vargas - RG","#78 Gary Waters - RT",,"#96 Rodolfo Hutchison - LDE",,"#67 Warren Driscoll - DT",,"#59 Leon Varney - RDE","#98 Chris Crawford - SLB","#99 Joseph Bowen - MLB",,"#58 Robert Steele - WLB","#47 Rodney Page - CB","#30 Thomas Garner - CB",,"#24 Michael Vanallen - CB",,"#41 Tommy Clouse - FS","#38 Mark Braddock - CB",,,,,,,,,,,,,,,,,,,,,,,,,,,,,,,,,,,,
TEN,7:05,"IND 37",2,2,8,"I Formation 3WR WR Out","Nickel Normal Double WR1",11,0,28,"2-8-IND 37 (7:04) 15-Bruno Wong pass complete to 28-Paul Parsons to IND 27 for 11 yards. Tackle by 24-Michael Vanallen.","#15 Bruno Wong - QB","#83 Joe Miller - WR",,,"#81 Willard Aguilar - RB",,,"#86 Robert Chang - WR","#28 Paul Parsons - WR","#84 Henry Phillips - WR",,,"#54 Dalton Lockhart - LT","#53 Juan Johnson - LG","#77 Steven Christensen - C","#74 Daniel Vargas - RG","#78 Gary Waters - RT",,"#96 Rodolfo Hutchison - LDE",,"#67 Warren Driscoll - DT","#75 Eric Stone - DT","#59 Leon Varney - RDE",,"#99 Joseph Bowen - MLB",,"#58 Robert Steele - WLB","#38 Mark Braddock - CB","#30 Thomas Garner - CB",,"#24 Michael Vanallen - CB",,"#47 Rodney Page - CB","#41 Tommy Clouse - FS",,,,,,,,,,,,,,,,,,,,,,,,,,,,,,,,,,,,
TEN,6:24,"IND 27",2,1,10,"Strong I Big TE Post","Goal Line Attack #2",27,0,34,"1-10-IND 27 (6:23) 15-Bruno Wong pass complete to 86-Robert Chang for 27 yards. TOUCHDOWN! IND 67-Warren Driscoll was injured on the play. He looks like he should be able to return. IND 0 TEN 34","#15 Bruno Wong - QB","#84 Henry Phillips - WR",,,"#81 Willard Aguilar - RB","#28 Paul Parsons - WR","#82 Jose Carter - WR","#86 Robert Chang - WR",,,,,"#54 Dalton Lockhart - LT","#53 Juan Johnson - LG","#77 Steven Christensen - C","#74 Daniel Vargas - RG","#78 Gary Waters - RT",,"#96 Rodolfo Hutchison - LDE","#57 Timmy Smith - RDE","#67 Warren Driscoll - DT","#75 Eric Stone - DT","#59 Leon Varney - RDE","#98 Chris Crawford - SLB","#99 Joseph Bowen - MLB",,"#58 Robert Steele - WLB","#47 Rodney Page - CB","#38 Mark Braddock - CB",,,,"#41 Tommy Clouse - FS",,,,,,,,,,,,,,,,,,,,,,,,,,,,,,,,,,,,,
TEN,6:17,"IND 15",2,7,15,"Field Goal","FG Block",25,0,35,"(6:18) Extra point GOOD by 8-Daniel Cordle. IND 0 TEN 35",,,,,,,,,,,,,,,,,,,,,,,,,,,,,,,,,,,,"#15 Bruno Wong - QB","#77 Steven Christensen - C",,,,,,,,,,,,,,"#8 Daniel Cordle - K","#58 Ernest Thompson - RG","#67 Brooks Thomas - LG","#60 James Humphrey - LT","#54 Dalton Lockhart - LT","#74 Daniel Vargas - RG","#53 Juan Johnson - LG","#88 Keith Hodge - WR","#78 Gary Waters - RT","#58 Robert Steele - WLB","#98 Chris Crawford - SLB","#96 Rodolfo Hutchison - LDE","#75 Eric Stone - DT","#38 Mark Braddock - CB","#94 Lonnie Leonard - MLB","#99 Joseph Bowen - MLB","#93 Michael Almodovar - MLB","#59 Leon Varney - RDE","#91 Timothy Krause - MLB","#50 Robert Morrow - SLB"
TEN,6:17,"TEN 35",2,6,10,Kickoff,"Kick Return",,0,35,"(6:18) 8-Daniel Cordle kicks 70 yards from TEN 35 to IND -5. 46-Ross Roling to IND 30 for 36 yards. Tackle by 68-Richard Lenhart.",,,,,,,,,,,,,,,,,,,,,,,,,,,,,,,,,,,,,,"#46 Ross Roling - RB",,"#57 Timmy Smith - RDE","#98 Chris Crawford - SLB","#47 Rodney Page - CB","#38 Mark Braddock - CB","#96 Rodolfo Hutchison - LDE","#15 James Farley - WR","#75 Eric Stone - DT","#59 Leon Varney - RDE","#97 Jason Morphis - DT","#58 Robert Steele - WLB","#8 Daniel Cordle - K",,,,,,,,,,,,,,,,,,,,
IND,6:10,"IND 30",2,1,10,"Shotgun Normal HB Delay","3-4 Normal Man Cover 1",-1,0,35,"1-10-IND 30 (6:11) 35-Barry Yang ran to IND 29 for -1 yards. Tackle by 27-John Brooker.","#11 Melvin Barnes - QB","#35 Barry Yang - RB",,,,"#84 Miguel James - TE",,"#15 James Farley - WR","#18 Ken Simpson - WR","#16 Mauricio Meyer - WR",,,"#54 Ronald Mitchell - LT","#61 Edward James - LG","#74 Steven Thompson - C","#69 Bradley Roberts - RG","#55 Ronnie Neal - RT",,"#40 Mike Roe - LDE",,"#38 Edward Blackmon - DT",,"#31 Keith Turner - RDE","#30 Michael White - FS","#50 Joseph Brooks - SS","#27 John Brooker - FS","#42 Andre Jones - SS","#39 Eugene Sexton - CB","#52 Joshua Lemos - CB",,,,"#26 Glen Coleman - CB","#46 Juan Morel - FS",,,,,,,,,,,,,,,,,,,,,,,,,,,,,,,,,,,,
IND,5:29,"IND 29",2,2,11,"Strong I Normal Quick Hooks","Goal Line Attack #3",2,0,35,"2-11-IND 29 (5:28) 11-Melvin Barnes pass complete to 15-James Farley to IND 30 for 2 yards. Tackle by 69-Billy Hemphill. 15-James Farley did some fancy footwork there.","#11 Melvin Barnes - QB","#35 Barry Yang - RB",,,"#82 Sheldon Crossman - TE","#84 Miguel James - TE",,"#15 James Farley - WR",,"#16 Mauricio Meyer - WR",,,"#54 Ronald Mitchell - LT","#61 Edward James - LG","#74 Steven Thompson - C","#69 Bradley Roberts - RG","#55 Ronnie Neal - RT",,"#40 Mike Roe - LDE","#79 Coy McMurtry - LDE","#68 Richard Lenhart - DT","#38 Edward Blackmon - DT","#31 Keith Turner - RDE","#27 John Brooker - FS","#50 Joseph Brooks - SS",,"#42 Andre Jones - SS","#48 Phillip Mitchum - CB","#98 Walter Martinez - CB",,,,"#69 Billy Hemphill - CB",,,,,,,,,,,,,,,,,,,,,,,,,,,,,,,,,,,,,
IND,4:44,"IND 30",2,3,10,"Shotgun 2 RB 3 WR FB In","Dime Normal Man Cover 1",5,0,35,"3-10-IND 30 (4:43) 11-Melvin Barnes pass complete to 46-Ross Roling to IND 35 for 5 yards. Tackle by 26-Glen Coleman. Great move by 46-Ross Roling to get free of his coverage.","#11 Melvin Barnes - QB","#35 Barry Yang - RB","#46 Ross Roling - RB",,,,,"#15 James Farley - WR","#18 Ken Simpson - WR","#16 Mauricio Meyer - WR",,,"#54 Ronald Mitchell - LT","#61 Edward James - LG","#74 Steven Thompson - C","#69 Bradley Roberts - RG","#55 Ronnie Neal - RT",,"#40 Mike Roe - LDE",,"#68 Richard Lenhart - DT","#38 Edward Blackmon - DT","#31 Keith Turner - RDE",,"#50 Joseph Brooks - SS",,,"#98 Walter Martinez - CB","#52 Joshua Lemos - CB","#48 Phillip Mitchum - CB","#69 Billy Hemphill - CB",,"#26 Glen Coleman - CB","#39 Eugene Sexton - CB",,,,,,,,,,,,,,,,,,,,,,,,,,,,,,,,,,,,
IND,4:01,"IND 35",2,4,5,Punt,"Punt Return",,0,35,"4-5-IND 35 (4:00) 2-Edward Bittner punts 47 yards to TEN 18. Fair Catch by 83-Joe Miller.",,,,,,,,,,,,,,,,,,"#2 Edward Bittner - P",,,,,,,,,,,,,,,,,,,"#61 Edward James - LG",,"#83 Joe Miller - WR",,,"#23 Gary Brown - FS","#84 Henry Phillips - WR","#69 Billy Hemphill - CB",,"#48 Phillip Mitchum - CB","#98 Walter Martinez - CB",,"#42 Andre Jones - SS",,,,"#53 Michael Calabrese - RG","#54 Ronald Mitchell - LT","#72 Sean Boyer - LG","#69 Bradley Roberts - RG","#56 Barney Montgomery - RT","#63 Wayne Perez - C",,"#30 Michael White - FS","#79 Coy McMurtry - LDE","#27 John Brooker - FS","#51 Jose Findlay - RDE",,,,,,,
TEN,3:52,"TEN 18",2,1,10,"I Formation Normal HB Dive","4-3 Normal Double Safety Blitz",2,0,35,"1-10-TEN 18 (3:53) 82-Jose Carter ran to TEN 20 for 2 yards. Tackle by 97-Jason Morphis.","#15 Bruno Wong - QB","#82 Jose Carter - WR",,,"#81 Willard Aguilar - RB","#83 Joe Miller - WR",,"#86 Robert Chang - WR",,"#28 Paul Parsons - WR",,,"#54 Dalton Lockhart - LT","#53 Juan Johnson - LG","#77 Steven Christensen - C","#74 Daniel Vargas - RG","#62 William Berkowitz - RT",,"#96 Rodolfo Hutchison - LDE",,"#75 Eric Stone - DT","#97 Jason Morphis - DT","#59 Leon Varney - RDE","#98 Chris Crawford - SLB","#99 Joseph Bowen - MLB",,"#58 Robert Steele - WLB","#38 Mark Braddock - CB","#24 Michael Vanallen - CB",,,,"#41 Tommy Clouse - FS","#30 Thomas Garner - CB",,,,,,,,,,,,,,,,,,,,,,,,,,,,,,,,,,,,
TEN,3:21,"TEN 20",2,2,8,"I Formation Normal Max Protect","4-3 Normal Double Safety Blitz",43,0,35,"2-8-TEN 20 (3:20) 15-Bruno Wong pass complete to 84-Henry Phillips to IND 37 for 43 yards. Tackle by 30-Thomas Garner.","#15 Bruno Wong - QB","#82 Jose Carter - WR",,,"#81 Willard Aguilar - RB","#83 Joe Miller - WR",,"#86 Robert Chang - WR",,"#84 Henry Phillips - WR",,,"#54 Dalton Lockhart - LT","#53 Juan Johnson - LG","#77 Steven Christensen - C","#74 Daniel Vargas - RG","#62 William Berkowitz - RT",,"#96 Rodolfo Hutchison - LDE",,"#75 Eric Stone - DT","#97 Jason Morphis - DT","#59 Leon Varney - RDE","#98 Chris Crawford - SLB","#99 Joseph Bowen - MLB",,"#58 Robert Steele - WLB","#47 Rodney Page - CB","#30 Thomas Garner - CB",,,,"#41 Tommy Clouse - FS","#38 Mark Braddock - CB",,,,,,,,,,,,,,,,,,,,,,,,,,,,,,,,,,,,
TEN,2:39,"IND 37",2,1,10,"I Formation Power HB Draw","Goal Line Attack #1",5,0,35,"1-10-IND 37 (2:38) 83-Joe Miller ran to IND 32 for 5 yards. Tackle by 98-Chris Crawford.","#15 Bruno Wong - QB","#83 Joe Miller - WR",,"#29 Jose Green - WR","#81 Willard Aguilar - RB","#82 Jose Carter - WR",,"#28 Paul Parsons - WR",,,,,"#54 Dalton Lockhart - LT","#53 Juan Johnson - LG","#77 Steven Christensen - C","#74 Daniel Vargas - RG","#62 William Berkowitz - RT",,"#96 Rodolfo Hutchison - LDE","#57 Timmy Smith - RDE","#67 Warren Driscoll - DT","#75 Eric Stone - DT","#59 Leon Varney - RDE","#98 Chris Crawford - SLB","#99 Joseph Bowen - MLB",,"#58 Robert Steele - WLB","#47 Rodney Page - CB","#38 Mark Braddock - CB",,,,"#41 Tommy Clouse - FS",,,,,,,,,,,,,,,,,,,,,,,,,,,,,,,,,,,,,
,2:00,,2,2,5,,,,0,35,"Timeout for two minute warning.",,,,,,,,,,,,,,,,,,,,,,,,,,,,,,,,,,,,,,,,,,,,,,,,,,,,,,,,,,,,,,,,,,,,,,
TEN,2:00,"IND 32",2,2,5,"Singleback Big HB Inside Strong","4-3 Normal Double Safety Blitz",3,0,35,"2-5-IND 32 (2:00) 37-David Gallaway ran to IND 29 for 3 yards. Tackle by 30-Thomas Garner.","#15 Bruno Wong - QB","#37 David Gallaway - WR",,,,"#82 Jose Carter - WR","#29 Jose Green - WR","#86 Robert Chang - WR",,"#28 Paul Parsons - WR",,,"#54 Dalton Lockhart - LT","#53 Juan Johnson - LG","#77 Steven Christensen - C","#74 Daniel Vargas - RG","#62 William Berkowitz - RT",,"#96 Rodolfo Hutchison - LDE",,"#67 Warren Driscoll - DT","#75 Eric Stone - DT","#59 Leon Varney - RDE","#98 Chris Crawford - SLB","#99 Joseph Bowen - MLB",,"#58 Robert Steele - WLB","#38 Mark Braddock - CB","#24 Michael Vanallen - CB",,,,"#30 Thomas Garner - CB","#41 Tommy Clouse - FS",,,,,,,,,,,,,,,,,,,,,,,,,,,,,,,,,,,,
,1:58,,2,3,1,,,,0,35,"Timeout TEN",,,,,,,,,,,,,,,,,,,,,,,,,,,,,,,,,,,,,,,,,,,,,,,,,,,,,,,,,,,,,,,,,,,,,,
TEN,1:55,"IND 29",2,3,1,"Strong I Normal Short Attack","4-3 Normal Man Under 1",3,0,35,"3-1-IND 29 (1:56) 15-Bruno Wong pass complete to 82-Jose Carter to IND 26 for 3 yards. Tackle by 30-Thomas Garner.","#15 Bruno Wong - QB","#84 Henry Phillips - WR",,,"#81 Willard Aguilar - RB","#83 Joe Miller - WR",,"#86 Robert Chang - WR",,"#82 Jose Carter - WR",,,"#54 Dalton Lockhart - LT","#53 Juan Johnson - LG","#77 Steven Christensen - C","#74 Daniel Vargas - RG","#62 William Berkowitz - RT",,"#96 Rodolfo Hutchison - LDE",,"#67 Warren Driscoll - DT","#75 Eric Stone - DT","#59 Leon Varney - RDE","#98 Chris Crawford - SLB","#99 Joseph Bowen - MLB",,"#58 Robert Steele - WLB","#47 Rodney Page - CB","#30 Thomas Garner - CB",,,,"#38 Mark Braddock - CB","#41 Tommy Clouse - FS",,,,,,,,,,,,,,,,,,,,,,,,,,,,,,,,,,,,
,1:53,,2,1,10,,,,0,35,"Timeout TEN",,,,,,,,,,,,,,,,,,,,,,,,,,,,,,,,,,,,,,,,,,,,,,,,,,,,,,,,,,,,,,,,,,,,,,
TEN,1:50,"IND 26",2,1,10,"Weak I Normal WR Corner TE Middle","4-3 Normal Double WR1",5,0,35,"1-10-IND 26 (1:51) 15-Bruno Wong pass complete to 82-Jose Carter to IND 21 for 5 yards. Tackle by 38-Mark Braddock.","#15 Bruno Wong - QB","#82 Jose Carter - WR",,,"#81 Willard Aguilar - RB","#84 Henry Phillips - WR",,"#86 Robert Chang - WR",,"#28 Paul Parsons - WR",,,"#54 Dalton Lockhart - LT","#53 Juan Johnson - LG","#77 Steven Christensen - C","#74 Daniel Vargas - RG","#62 William Berkowitz - RT",,"#96 Rodolfo Hutchison - LDE",,"#67 Warren Driscoll - DT","#75 Eric Stone - DT","#59 Leon Varney - RDE","#98 Chris Crawford - SLB","#99 Joseph Bowen - MLB",,"#58 Robert Steele - WLB","#38 Mark Braddock - CB","#30 Thomas Garner - CB",,,,"#41 Tommy Clouse - FS","#47 Rodney Page - CB",,,,,,,,,,,,,,,,,,,,,,,,,,,,,,,,,,,,
TEN,1:27,"IND 21",2,2,5,"Singleback Normal TE Quick Out","Nickel Normal Shallow Zone Deep",6,0,35,"2-5-IND 21 (1:26) 15-Bruno Wong pass complete to 82-Jose Carter to IND 15 for 6 yards. Tackle by 99-Joseph Bowen.","#15 Bruno Wong - QB","#83 Joe Miller - WR",,,,"#82 Jose Carter - WR",,"#86 Robert Chang - WR","#84 Henry Phillips - WR","#28 Paul Parsons - WR",,,"#54 Dalton Lockhart - LT","#53 Juan Johnson - LG","#77 Steven Christensen - C","#74 Daniel Vargas - RG","#62 William Berkowitz - RT",,"#96 Rodolfo Hutchison - LDE",,"#67 Warren Driscoll - DT","#75 Eric Stone - DT","#59 Leon Varney - RDE",,"#99 Joseph Bowen - MLB",,"#58 Robert Steele - WLB","#47 Rodney Page - CB","#30 Thomas Garner - CB",,"#24 Michael Vanallen - CB",,"#38 Mark Braddock - CB","#41 Tommy Clouse - FS",,,,,,,,,,,,,,,,,,,,,,,,,,,,,,,,,,,,
TEN,1:05,"IND 15",2,1,10,"Strong I Big TE Post","Goal Line Attack #1",15,0,41,"1-10-IND 15 (1:04) 15-Bruno Wong pass complete to 28-Paul Parsons for 15 yards. TOUCHDOWN! 28-Paul Parsons made a great move on the CB. IND 0 TEN 41","#15 Bruno Wong - QB","#84 Henry Phillips - WR",,,"#81 Willard Aguilar - RB","#28 Paul Parsons - WR","#82 Jose Carter - WR","#86 Robert Chang - WR",,,,,"#54 Dalton Lockhart - LT","#53 Juan Johnson - LG","#77 Steven Christensen - C","#74 Daniel Vargas - RG","#62 William Berkowitz - RT",,"#96 Rodolfo Hutchison - LDE","#57 Timmy Smith - RDE","#67 Warren Driscoll - DT","#75 Eric Stone - DT","#59 Leon Varney - RDE","#98 Chris Crawford - SLB","#99 Joseph Bowen - MLB",,"#58 Robert Steele - WLB","#47 Rodney Page - CB","#38 Mark Braddock - CB",,,,"#41 Tommy Clouse - FS",,,,,,,,,,,,,,,,,,,,,,,,,,,,,,,,,,,,,
TEN,1:00,"IND 15",2,7,15,"Field Goal","FG Block",25,0,42,"(1:01) Extra point GOOD by 8-Daniel Cordle. IND 0 TEN 42",,,,,,,,,,,,,,,,,,,,,,,,,,,,,,,,,,,,"#15 Bruno Wong - QB","#77 Steven Christensen - C",,,,,,,,,,,,,,"#8 Daniel Cordle - K","#78 Gary Waters - RT","#60 James Humphrey - LT","#53 Juan Johnson - LG","#54 Dalton Lockhart - LT","#62 William Berkowitz - RT","#74 Daniel Vargas - RG","#67 Brooks Thomas - LG","#88 Keith Hodge - WR","#58 Robert Steele - WLB","#98 Chris Crawford - SLB","#96 Rodolfo Hutchison - LDE","#75 Eric Stone - DT","#94 Lonnie Leonard - MLB","#99 Joseph Bowen - MLB","#50 Robert Morrow - SLB","#93 Michael Almodovar - MLB","#59 Leon Varney - RDE","#91 Timothy Krause - MLB","#67 Warren Driscoll - DT"
TEN,1:00,"TEN 35",2,6,10,Kickoff,"Kick Return",,0,42,"(1:01) 8-Daniel Cordle kicks 74 yards from TEN 35 to IND -9. Touchback.",,,,,,,,,,,,,,,,,,,,,,,,,,,,,,,,,,,,,,"#46 Ross Roling - RB",,"#67 Warren Driscoll - DT","#98 Chris Crawford - SLB","#47 Rodney Page - CB","#38 Mark Braddock - CB","#96 Rodolfo Hutchison - LDE","#15 James Farley - WR","#75 Eric Stone - DT","#59 Leon Varney - RDE","#97 Jason Morphis - DT","#58 Robert Steele - WLB","#8 Daniel Cordle - K",,,,,,,,,,,,,,,,,,,,
IND,1:00,"IND 25",2,1,10,"Shotgun Normal HB Delay","3-4 Normal Man Cover 1",,0,42,"1-10-IND 25 (1:01) 35-Barry Yang ran to IND 25 for a short gain. Tackle by 50-Joseph Brooks.","#11 Melvin Barnes - QB","#35 Barry Yang - RB",,,,"#84 Miguel James - TE",,"#15 James Farley - WR","#18 Ken Simpson - WR","#16 Mauricio Meyer - WR",,,"#54 Ronald Mitchell - LT","#61 Edward James - LG","#74 Steven Thompson - C","#69 Bradley Roberts - RG","#55 Ronnie Neal - RT",,"#40 Mike Roe - LDE",,"#68 Richard Lenhart - DT",,"#31 Keith Turner - RDE","#23 Gary Brown - FS","#50 Joseph Brooks - SS","#27 John Brooker - FS","#42 Andre Jones - SS","#98 Walter Martinez - CB","#39 Eugene Sexton - CB",,,,"#48 Phillip Mitchum - CB","#69 Billy Hemphill - CB",,,,,,,,,,,,,,,,,,,,,,,,,,,,,,,,,,,,
IND,0:23,"IND 25",2,2,10,"Singleback Slot Strong HB Counter","3-4 Normal Man Cover 1",,0,42,"2-10-IND 25 (0:22) PENALTY - False Start (IND 15-James Farley)","#11 Melvin Barnes - QB","#35 Barry Yang - RB",,,,"#84 Miguel James - TE",,"#15 James Farley - WR","#18 Ken Simpson - WR","#16 Mauricio Meyer - WR",,,"#54 Ronald Mitchell - LT","#61 Edward James - LG","#74 Steven Thompson - C","#69 Bradley Roberts - RG","#55 Ronnie Neal - RT",,"#40 Mike Roe - LDE",,"#68 Richard Lenhart - DT",,"#31 Keith Turner - RDE","#23 Gary Brown - FS","#50 Joseph Brooks - SS","#27 John Brooker - FS","#42 Andre Jones - SS","#98 Walter Martinez - CB","#39 Eugene Sexton - CB",,,,"#48 Phillip Mitchum - CB","#69 Billy Hemphill - CB",,,,,,,,,,,,,,,,,,,,,,,,,,,,,,,,,,,,
IND,0:21,"IND 20",2,2,15,"Goal Line Normal HB Dive","Goal Line Attack #2",3,0,42,"2-15-IND 20 (0:22) 35-Barry Yang ran to IND 23 for 3 yards. Tackle by 42-Andre Jones.","#11 Melvin Barnes - QB","#35 Barry Yang - RB",,"#15 James Farley - WR","#46 Ross Roling - RB","#84 Miguel James - TE","#82 Sheldon Crossman - TE",,,,,,"#54 Ronald Mitchell - LT","#61 Edward James - LG","#74 Steven Thompson - C","#69 Bradley Roberts - RG","#55 Ronnie Neal - RT",,"#40 Mike Roe - LDE","#79 Coy McMurtry - LDE","#68 Richard Lenhart - DT","#38 Edward Blackmon - DT","#31 Keith Turner - RDE","#27 John Brooker - FS","#50 Joseph Brooks - SS",,"#42 Andre Jones - SS","#48 Phillip Mitchum - CB","#98 Walter Martinez - CB",,,,"#69 Billy Hemphill - CB",,,,,,,,,,,,,,,,,,,,,,,,,,,,,,,,,,,,,
,0:00,,2,3,12,,,,0,42,"End of half.",,,,,,,,,,,,,,,,,,,,,,,,,,,,,,,,,,,,,,,,,,,,,,,,,,,,,,,,,,,,,,,,,,,,,,
IND,15:00,"IND 35",3,6,10,Kickoff,"Kick Return",,0,42,"(15:00) 17-Harris Hudson kicks 74 yards from IND 35 to TEN -9. Touchback.",,,,,,,,,,,,,,,,,,,,,,,,,,,,,,,,,,,,,,"#83 Joe Miller - WR",,"#79 Coy McMurtry - LDE","#51 Jose Findlay - RDE","#23 Gary Brown - FS","#42 Andre Jones - SS","#69 Billy Hemphill - CB","#84 Henry Phillips - WR","#27 John Brooker - FS","#48 Phillip Mitchum - CB","#68 Richard Lenhart - DT","#98 Walter Martinez - CB","#17 Harris Hudson - K",,,,,,,,,,,,,,,,,,,,
TEN,15:00,"TEN 25",3,1,10,"I Formation Power HB Draw","Goal Line Attack #1",2,0,42,"1-10-TEN 25 (15:00) 84-Henry Phillips ran to TEN 27 for 2 yards. Tackle by 67-Warren Driscoll. TEN 53-Juan Johnson was injured on the play. He looks like he should be able to return.","#15 Bruno Wong - QB","#84 Henry Phillips - WR",,"#86 Robert Chang - WR","#81 Willard Aguilar - RB","#82 Jose Carter - WR",,"#28 Paul Parsons - WR",,,,,"#54 Dalton Lockhart - LT","#53 Juan Johnson - LG","#77 Steven Christensen - C","#74 Daniel Vargas - RG","#62 William Berkowitz - RT",,"#96 Rodolfo Hutchison - LDE","#57 Timmy Smith - RDE","#67 Warren Driscoll - DT","#75 Eric Stone - DT","#59 Leon Varney - RDE","#98 Chris Crawford - SLB","#99 Joseph Bowen - MLB",,"#58 Robert Steele - WLB","#47 Rodney Page - CB","#38 Mark Braddock - CB",,,,"#41 Tommy Clouse - FS",,,,,,,,,,,,,,,,,,,,,,,,,,,,,,,,,,,,,
TEN,14:21,"TEN 27",3,2,8,"I Formation Normal HB Blast","4-3 Normal Man Under 1",7,0,42,"2-8-TEN 27 (14:20) 82-Jose Carter ran to TEN 34 for 7 yards. Tackle by 99-Joseph Bowen.","#15 Bruno Wong - QB","#82 Jose Carter - WR",,,"#81 Willard Aguilar - RB","#83 Joe Miller - WR",,"#86 Robert Chang - WR",,"#84 Henry Phillips - WR",,,"#54 Dalton Lockhart - LT","#67 Brooks Thomas - LG","#77 Steven Christensen - C","#74 Daniel Vargas - RG","#62 William Berkowitz - RT",,"#96 Rodolfo Hutchison - LDE",,"#67 Warren Driscoll - DT","#75 Eric Stone - DT","#59 Leon Varney - RDE","#98 Chris Crawford - SLB","#99 Joseph Bowen - MLB",,"#58 Robert Steele - WLB","#47 Rodney Page - CB","#30 Thomas Garner - CB",,,,"#38 Mark Braddock - CB","#41 Tommy Clouse - FS",,,,,,,,,,,,,,,,,,,,,,,,,,,,,,,,,,,,
TEN,13:45,"TEN 34",3,3,1,"Split Backs 3 Wide WR Quick Out","Nickel 3-3-5 Cover 2 Man Under",-1,0,42,"3-1-TEN 34 (13:44) 15-Bruno Wong pass complete to 84-Henry Phillips to TEN 34 for -1 yards. Tackle by 98-Chris Crawford.","#15 Bruno Wong - QB","#84 Henry Phillips - WR",,,"#81 Willard Aguilar - RB",,,"#86 Robert Chang - WR","#82 Jose Carter - WR","#28 Paul Parsons - WR",,,"#54 Dalton Lockhart - LT","#67 Brooks Thomas - LG","#77 Steven Christensen - C","#74 Daniel Vargas - RG","#62 William Berkowitz - RT",,"#96 Rodolfo Hutchison - LDE",,"#67 Warren Driscoll - DT",,"#59 Leon Varney - RDE","#98 Chris Crawford - SLB","#99 Joseph Bowen - MLB",,"#58 Robert Steele - WLB","#47 Rodney Page - CB","#30 Thomas Garner - CB",,"#24 Michael Vanallen - CB",,"#38 Mark Braddock - CB","#41 Tommy Clouse - FS",,,,,,,,,,,,,,,,,,,,,,,,,,,,,,,,,,,,
TEN,13:02,"TEN 34",3,4,1,Punt,"Punt Return",,0,42,"4-1-TEN 34 (13:01) 5-Robert Hancock punts 49 yards to IND 18. Fair Catch by 15-James Farley.",,,,,,,,,,,,,,,,,,"#5 Robert Hancock - P",,,,,,,,,,,,,,,,,,,"#77 Steven Christensen - C",,"#15 James Farley - WR",,,"#47 Rodney Page - CB","#67 Warren Driscoll - DT","#96 Rodolfo Hutchison - LDE",,"#59 Leon Varney - RDE","#38 Mark Braddock - CB",,"#97 Jason Morphis - DT",,,,"#67 Brooks Thomas - LG","#60 James Humphrey - LT","#54 Dalton Lockhart - LT","#62 William Berkowitz - RT","#74 Daniel Vargas - RG","#88 Keith Hodge - WR",,"#93 Michael Almodovar - MLB","#98 Chris Crawford - SLB","#75 Eric Stone - DT","#58 Robert Steele - WLB",,,,,,,
IND,12:53,"IND 18",3,1,10,"I Formation Normal PA Fullback Flat","Dime Flat MLB SS Blitz",,0,42,"1-10-IND 18 (12:54) 11-Melvin Barnes pass incomplete, dropped by 16-Mauricio Meyer. That was a dangerous pass.","#11 Melvin Barnes - QB","#35 Barry Yang - RB",,,"#82 Sheldon Crossman - TE","#84 Miguel James - TE",,"#15 James Farley - WR",,"#16 Mauricio Meyer - WR",,,"#54 Ronald Mitchell - LT","#61 Edward James - LG","#74 Steven Thompson - C","#69 Bradley Roberts - RG","#55 Ronnie Neal - RT",,"#40 Mike Roe - LDE",,"#68 Richard Lenhart - DT","#38 Edward Blackmon - DT","#31 Keith Turner - RDE",,"#50 Joseph Brooks - SS",,,"#98 Walter Martinez - CB","#26 Glen Coleman - CB","#42 Andre Jones - SS","#52 Joshua Lemos - CB",,"#48 Phillip Mitchum - CB","#39 Eugene Sexton - CB",,,,,,,,,,,,,,,,,,,,,,,,,,,,,,,,,,,,
IND,12:51,"IND 18",3,2,10,"Goal Line Normal HB Pitch Weak","Goal Line Attack #2",2,0,42,"2-10-IND 18 (12:52) 35-Barry Yang ran to IND 20 for 2 yards. Tackle by 42-Andre Jones.","#11 Melvin Barnes - QB","#35 Barry Yang - RB",,"#15 James Farley - WR","#46 Ross Roling - RB","#84 Miguel James - TE","#82 Sheldon Crossman - TE",,,,,,"#54 Ronald Mitchell - LT","#61 Edward James - LG","#74 Steven Thompson - C","#69 Bradley Roberts - RG","#55 Ronnie Neal - RT",,"#40 Mike Roe - LDE","#79 Coy McMurtry - LDE","#68 Richard Lenhart - DT","#38 Edward Blackmon - DT","#31 Keith Turner - RDE","#27 John Brooker - FS","#50 Joseph Brooks - SS",,"#42 Andre Jones - SS","#48 Phillip Mitchum - CB","#98 Walter Martinez - CB",,,,"#69 Billy Hemphill - CB",,,,,,,,,,,,,,,,,,,,,,,,,,,,,,,,,,,,,
IND,12:09,"IND 20",3,3,8,"I Formation 3WR Slot Short WR Deep","Dime Normal Man Cover 1",8,0,42,"3-8-IND 20 (12:08) 11-Melvin Barnes pass complete to 35-Barry Yang to IND 28 for 8 yards. Tackle by 48-Phillip Mitchum.","#11 Melvin Barnes - QB","#35 Barry Yang - RB",,,"#82 Sheldon Crossman - TE",,,"#15 James Farley - WR","#18 Ken Simpson - WR","#16 Mauricio Meyer - WR",,,"#54 Ronald Mitchell - LT","#61 Edward James - LG","#74 Steven Thompson - C","#69 Bradley Roberts - RG","#55 Ronnie Neal - RT",,"#40 Mike Roe - LDE",,"#68 Richard Lenhart - DT","#38 Edward Blackmon - DT","#31 Keith Turner - RDE",,"#50 Joseph Brooks - SS",,,"#98 Walter Martinez - CB","#52 Joshua Lemos - CB","#48 Phillip Mitchum - CB","#69 Billy Hemphill - CB",,"#26 Glen Coleman - CB","#39 Eugene Sexton - CB",,,,,,,,,,,,,,,,,,,,,,,,,,,,,,,,,,,,
IND,11:24,"IND 28",3,4,,Punt,"Punt Return",,0,42,"4-1-IND 28 (11:23) 2-Edward Bittner punts 45 yards to TEN 27. 83-Joe Miller to TEN 39 for 13 yards. Tackle by 63-Wayne Perez.",,,,,,,,,,,,,,,,,,"#2 Edward Bittner - P",,,,,,,,,,,,,,,,,,,"#61 Edward James - LG",,"#83 Joe Miller - WR",,,"#23 Gary Brown - FS","#84 Henry Phillips - WR","#69 Billy Hemphill - CB",,"#48 Phillip Mitchum - CB","#98 Walter Martinez - CB",,"#42 Andre Jones - SS",,,,"#53 Michael Calabrese - RG","#54 Ronald Mitchell - LT","#72 Sean Boyer - LG","#69 Bradley Roberts - RG","#56 Barney Montgomery - RT","#63 Wayne Perez - C",,"#30 Michael White - FS","#79 Coy McMurtry - LDE","#27 John Brooker - FS","#51 Jose Findlay - RDE",,,,,,,
TEN,11:13,"TEN 39",3,1,10,"Strong I Big TE Post","Goal Line Attack #2",11,0,42,"1-10-TEN 39 (11:14) 15-Bruno Wong pass complete to 82-Jose Carter to IND 49 for 11 yards. Tackle by 41-Tommy Clouse.","#15 Bruno Wong - QB","#37 David Gallaway - WR",,,"#81 Willard Aguilar - RB","#28 Paul Parsons - WR","#82 Jose Carter - WR","#86 Robert Chang - WR",,,,,"#54 Dalton Lockhart - LT","#53 Juan Johnson - LG","#77 Steven Christensen - C","#74 Daniel Vargas - RG","#62 William Berkowitz - RT",,"#96 Rodolfo Hutchison - LDE","#57 Timmy Smith - RDE","#67 Warren Driscoll - DT","#75 Eric Stone - DT","#59 Leon Varney - RDE","#98 Chris Crawford - SLB","#99 Joseph Bowen - MLB",,"#58 Robert Steele - WLB","#38 Mark Braddock - CB","#30 Thomas Garner - CB",,,,"#41 Tommy Clouse - FS",,,,,,,,,,,,,,,,,,,,,,,,,,,,,,,,,,,,,
TEN,10:32,"IND 49",3,1,10,"Split Backs 3 Wide WR Quick Out","Nickel 3-3-5 Cover 2 Man Under",1,0,42,"1-10-IND 49 (10:31) 15-Bruno Wong pass complete to 84-Henry Phillips to IND 48 for 1 yards. Tackle by 30-Thomas Garner.","#15 Bruno Wong - QB","#84 Henry Phillips - WR",,,"#81 Willard Aguilar - RB",,,"#86 Robert Chang - WR","#82 Jose Carter - WR","#28 Paul Parsons - WR",,,"#54 Dalton Lockhart - LT","#53 Juan Johnson - LG","#77 Steven Christensen - C","#74 Daniel Vargas - RG","#62 William Berkowitz - RT",,"#96 Rodolfo Hutchison - LDE",,"#67 Warren Driscoll - DT",,"#59 Leon Varney - RDE","#98 Chris Crawford - SLB","#99 Joseph Bowen - MLB",,"#58 Robert Steele - WLB","#47 Rodney Page - CB","#30 Thomas Garner - CB",,"#24 Michael Vanallen - CB",,"#38 Mark Braddock - CB","#41 Tommy Clouse - FS",,,,,,,,,,,,,,,,,,,,,,,,,,,,,,,,,,,,
TEN,9:49,"IND 48",3,2,9,"I Formation Power HB Draw","Goal Line Attack #1",,0,42,"2-9-IND 48 (9:48) PENALTY - False Start (TEN 62-William Berkowitz)","#15 Bruno Wong - QB","#84 Henry Phillips - WR",,"#86 Robert Chang - WR","#81 Willard Aguilar - RB","#82 Jose Carter - WR",,"#28 Paul Parsons - WR",,,,,"#54 Dalton Lockhart - LT","#53 Juan Johnson - LG","#77 Steven Christensen - C","#74 Daniel Vargas - RG","#62 William Berkowitz - RT",,"#96 Rodolfo Hutchison - LDE","#57 Timmy Smith - RDE","#67 Warren Driscoll - DT","#75 Eric Stone - DT","#59 Leon Varney - RDE","#98 Chris Crawford - SLB","#99 Joseph Bowen - MLB",,"#58 Robert Steele - WLB","#47 Rodney Page - CB","#38 Mark Braddock - CB",,,,"#41 Tommy Clouse - FS",,,,,,,,,,,,,,,,,,,,,,,,,,,,,,,,,,,,,
TEN,9:47,"TEN 47",3,2,14,"I Formation Twin WR Hard Slants","4-3 Normal Man Under 1",16,0,42,"2-14-TEN 47 (9:48) 15-Bruno Wong pass complete to 84-Henry Phillips to IND 37 for 16 yards. Tackle by 38-Mark Braddock.","#15 Bruno Wong - QB","#83 Joe Miller - WR",,,"#81 Willard Aguilar - RB","#82 Jose Carter - WR",,"#84 Henry Phillips - WR",,"#86 Robert Chang - WR",,,"#54 Dalton Lockhart - LT","#53 Juan Johnson - LG","#77 Steven Christensen - C","#74 Daniel Vargas - RG","#62 William Berkowitz - RT",,"#96 Rodolfo Hutchison - LDE",,"#67 Warren Driscoll - DT","#75 Eric Stone - DT","#59 Leon Varney - RDE","#98 Chris Crawford - SLB","#99 Joseph Bowen - MLB",,"#58 Robert Steele - WLB","#47 Rodney Page - CB","#30 Thomas Garner - CB",,,,"#41 Tommy Clouse - FS","#38 Mark Braddock - CB",,,,,,,,,,,,,,,,,,,,,,,,,,,,,,,,,,,,
TEN,9:06,"IND 37",3,1,10,"I Formation 3WR WR Out","Nickel 3-3-5 Cover 2 Man Under",3,0,42,"1-10-IND 37 (9:05) 15-Bruno Wong pass complete to 84-Henry Phillips to IND 34 for 3 yards. Tackle by 30-Thomas Garner.","#15 Bruno Wong - QB","#83 Joe Miller - WR",,,"#81 Willard Aguilar - RB",,,"#86 Robert Chang - WR","#28 Paul Parsons - WR","#84 Henry Phillips - WR",,,"#54 Dalton Lockhart - LT","#53 Juan Johnson - LG","#77 Steven Christensen - C","#74 Daniel Vargas - RG","#62 William Berkowitz - RT",,"#96 Rodolfo Hutchison - LDE",,"#67 Warren Driscoll - DT",,"#59 Leon Varney - RDE","#98 Chris Crawford - SLB","#99 Joseph Bowen - MLB",,"#58 Robert Steele - WLB","#47 Rodney Page - CB","#30 Thomas Garner - CB",,"#24 Michael Vanallen - CB",,"#41 Tommy Clouse - FS","#38 Mark Braddock - CB",,,,,,,,,,,,,,,,,,,,,,,,,,,,,,,,,,,,
TEN,8:24,"IND 34",3,2,7,"Weak I Normal Skinny Posts","4-3 Normal Man Under 1",1,0,42,"2-7-IND 34 (8:23) 15-Bruno Wong pass complete to 83-Joe Miller to IND 33 for 1 yards. Tackle by 38-Mark Braddock.","#15 Bruno Wong - QB","#83 Joe Miller - WR",,,"#81 Willard Aguilar - RB","#82 Jose Carter - WR",,"#86 Robert Chang - WR",,"#28 Paul Parsons - WR",,,"#54 Dalton Lockhart - LT","#53 Juan Johnson - LG","#77 Steven Christensen - C","#74 Daniel Vargas - RG","#62 William Berkowitz - RT",,"#96 Rodolfo Hutchison - LDE",,"#67 Warren Driscoll - DT","#75 Eric Stone - DT","#59 Leon Varney - RDE","#98 Chris Crawford - SLB","#99 Joseph Bowen - MLB",,"#58 Robert Steele - WLB","#38 Mark Braddock - CB","#30 Thomas Garner - CB",,,,"#41 Tommy Clouse - FS","#47 Rodney Page - CB",,,,,,,,,,,,,,,,,,,,,,,,,,,,,,,,,,,,
TEN,7:38,"IND 33",3,3,6,"Singleback Big HB Inside Strong","4-3 Normal Double WR1",33,0,48,"3-6-IND 33 (7:37) 84-Henry Phillips ran for 33 yards. TOUCHDOWN! TEN 53-Juan Johnson was injured on the play. He looks like he should be able to return. IND 0 TEN 48","#15 Bruno Wong - QB","#84 Henry Phillips - WR",,,,"#83 Joe Miller - WR","#29 Jose Green - WR","#28 Paul Parsons - WR",,"#82 Jose Carter - WR",,,"#54 Dalton Lockhart - LT","#53 Juan Johnson - LG","#77 Steven Christensen - C","#74 Daniel Vargas - RG","#62 William Berkowitz - RT",,"#96 Rodolfo Hutchison - LDE",,"#67 Warren Driscoll - DT","#75 Eric Stone - DT","#59 Leon Varney - RDE","#98 Chris Crawford - SLB","#99 Joseph Bowen - MLB",,"#58 Robert Steele - WLB","#47 Rodney Page - CB","#30 Thomas Garner - CB",,,,"#38 Mark Braddock - CB","#41 Tommy Clouse - FS",,,,,,,,,,,,,,,,,,,,,,,,,,,,,,,,,,,,
TEN,7:30,"IND 15",3,7,15,"Field Goal","FG Block",25,0,49,"(7:31) Extra point GOOD by 8-Daniel Cordle. IND 0 TEN 49",,,,,,,,,,,,,,,,,,,,,,,,,,,,,,,,,,,,"#15 Bruno Wong - QB","#77 Steven Christensen - C",,,,,,,,,,,,,,"#8 Daniel Cordle - K","#58 Ernest Thompson - RG","#67 Brooks Thomas - LG","#60 James Humphrey - LT","#54 Dalton Lockhart - LT","#62 William Berkowitz - RT","#74 Daniel Vargas - RG","#88 Keith Hodge - WR","#78 Gary Waters - RT","#59 Leon Varney - RDE","#96 Rodolfo Hutchison - LDE","#75 Eric Stone - DT","#58 Robert Steele - WLB","#98 Chris Crawford - SLB","#94 Lonnie Leonard - MLB","#99 Joseph Bowen - MLB","#91 Timothy Krause - MLB","#93 Michael Almodovar - MLB","#67 Warren Driscoll - DT","#50 Robert Morrow - SLB"
TEN,7:30,"TEN 35",3,6,10,Kickoff,"Kick Return",,0,49,"(7:31) 8-Daniel Cordle kicks 74 yards from TEN 35 to IND -9. Touchback.",,,,,,,,,,,,,,,,,,,,,,,,,,,,,,,,,,,,,,"#46 Ross Roling - RB",,"#98 Chris Crawford - SLB","#97 Jason Morphis - DT","#75 Eric Stone - DT","#15 James Farley - WR","#96 Rodolfo Hutchison - LDE","#67 Warren Driscoll - DT","#59 Leon Varney - RDE","#58 Robert Steele - WLB","#47 Rodney Page - CB","#38 Mark Braddock - CB","#8 Daniel Cordle - K",,,,,,,,,,,,,,,,,,,,
IND,7:30,"IND 25",3,1,10,"Strong I Normal Counter Strong","Dime Normal Man Cover 1",2,0,49,"1-10-IND 25 (7:31) 35-Barry Yang ran to IND 27 for 2 yards. Tackle by 50-Joseph Brooks.","#11 Melvin Barnes - QB","#35 Barry Yang - RB",,,"#82 Sheldon Crossman - TE","#84 Miguel James - TE",,"#15 James Farley - WR",,"#16 Mauricio Meyer - WR",,,"#54 Ronald Mitchell - LT","#61 Edward James - LG","#74 Steven Thompson - C","#69 Bradley Roberts - RG","#55 Ronnie Neal - RT",,"#40 Mike Roe - LDE",,"#68 Richard Lenhart - DT","#38 Edward Blackmon - DT","#31 Keith Turner - RDE",,"#50 Joseph Brooks - SS",,,"#98 Walter Martinez - CB","#52 Joshua Lemos - CB","#48 Phillip Mitchum - CB","#69 Billy Hemphill - CB",,"#26 Glen Coleman - CB","#39 Eugene Sexton - CB",,,,,,,,,,,,,,,,,,,,,,,,,,,,,,,,,,,,
IND,6:47,"IND 27",3,2,8,"Singleback Big TE Flat Curl","Nickel Normal CB3 LB Blitz",,0,49,"2-8-IND 27 (6:46) (Hot Read) 11-Melvin Barnes pass Pass knocked down by 38-Edward Blackmon. incomplete, intended for 35-Barry Yang. Pressure by 40-Mike Roe.","#11 Melvin Barnes - QB","#35 Barry Yang - RB",,,,"#84 Miguel James - TE","#82 Sheldon Crossman - TE","#15 James Farley - WR",,"#16 Mauricio Meyer - WR",,,"#54 Ronald Mitchell - LT","#61 Edward James - LG","#74 Steven Thompson - C","#69 Bradley Roberts - RG","#55 Ronnie Neal - RT",,"#40 Mike Roe - LDE",,"#68 Richard Lenhart - DT","#38 Edward Blackmon - DT","#31 Keith Turner - RDE",,"#50 Joseph Brooks - SS",,"#42 Andre Jones - SS","#98 Walter Martinez - CB","#39 Eugene Sexton - CB",,"#26 Glen Coleman - CB",,"#27 John Brooker - FS","#69 Billy Hemphill - CB",,,,,,,,,,,,,,,,,,,,,,,,,,,,,,,,,,,,
IND,6:43,"IND 27",3,3,8,"I Formation 3WR Slot Corner Long","Dime Normal Man Cover 1",8,0,49,"3-8-IND 27 (6:44) 11-Melvin Barnes pass complete to 15-James Farley to IND 35 for 8 yards. Tackle by 26-Glen Coleman.","#11 Melvin Barnes - QB","#35 Barry Yang - RB",,,"#82 Sheldon Crossman - TE",,,"#15 James Farley - WR","#18 Ken Simpson - WR","#16 Mauricio Meyer - WR",,,"#54 Ronald Mitchell - LT","#61 Edward James - LG","#74 Steven Thompson - C","#69 Bradley Roberts - RG","#55 Ronnie Neal - RT",,"#40 Mike Roe - LDE",,"#68 Richard Lenhart - DT","#38 Edward Blackmon - DT","#31 Keith Turner - RDE",,"#50 Joseph Brooks - SS",,,"#98 Walter Martinez - CB","#52 Joshua Lemos - CB","#48 Phillip Mitchum - CB","#69 Billy Hemphill - CB",,"#26 Glen Coleman - CB","#39 Eugene Sexton - CB",,,,,,,,,,,,,,,,,,,,,,,,,,,,,,,,,,,,
IND,6:05,"IND 35",3,1,10,"Shotgun Normal HB Flare","3-4 Normal Man Cover 1",,0,49,"1-10-IND 35 (6:04) 11-Melvin Barnes pass Pass knocked down by 27-John Brooker. incomplete, intended for 84-Miguel James.","#11 Melvin Barnes - QB","#46 Ross Roling - RB",,,,"#84 Miguel James - TE",,"#15 James Farley - WR","#18 Ken Simpson - WR","#16 Mauricio Meyer - WR",,,"#54 Ronald Mitchell - LT","#61 Edward James - LG","#74 Steven Thompson - C","#69 Bradley Roberts - RG","#55 Ronnie Neal - RT",,"#40 Mike Roe - LDE",,"#68 Richard Lenhart - DT",,"#31 Keith Turner - RDE","#23 Gary Brown - FS","#50 Joseph Brooks - SS","#27 John Brooker - FS","#42 Andre Jones - SS","#39 Eugene Sexton - CB","#26 Glen Coleman - CB",,,,"#48 Phillip Mitchum - CB","#69 Billy Hemphill - CB",,,,,,,,,,,,,,,,,,,,,,,,,,,,,,,,,,,,
IND,6:01,"IND 35",3,2,10,"Shotgun 2 RB 3 WR RB Curls","4-3 Normal Double WR1",,0,49,"2-10-IND 35 (6:02) 11-Melvin Barnes pass INTERCEPTED by 27-John Brooker at IND 40. 27-John Brooker to IND 40 for -0 yards. Tackle by 61-Edward James.","#11 Melvin Barnes - QB","#35 Barry Yang - RB","#46 Ross Roling - RB",,,,,"#15 James Farley - WR","#18 Ken Simpson - WR","#16 Mauricio Meyer - WR",,,"#54 Ronald Mitchell - LT","#61 Edward James - LG","#74 Steven Thompson - C","#69 Bradley Roberts - RG","#55 Ronnie Neal - RT",,"#40 Mike Roe - LDE",,"#68 Richard Lenhart - DT","#38 Edward Blackmon - DT","#31 Keith Turner - RDE","#27 John Brooker - FS","#50 Joseph Brooks - SS",,"#42 Andre Jones - SS","#98 Walter Martinez - CB","#39 Eugene Sexton - CB",,,,"#48 Phillip Mitchum - CB","#69 Billy Hemphill - CB",,,,,,,,,,,,,,,,,,,,,,,,,,,,,,,,,,,,
TEN,5:56,"IND 40",3,1,10,"I Formation Power PA Flats","Goal Line Attack #1",2,0,49,"1-10-IND 40 (5:57) 15-Bruno Wong pass complete to 82-Jose Carter to IND 38 for 2 yards. Tackle by 38-Mark Braddock. 82-Jose Carter made a great move on the CB.","#15 Bruno Wong - QB","#84 Henry Phillips - WR",,"#86 Robert Chang - WR","#81 Willard Aguilar - RB","#82 Jose Carter - WR",,"#28 Paul Parsons - WR",,,,,"#54 Dalton Lockhart - LT","#67 Brooks Thomas - LG","#77 Steven Christensen - C","#74 Daniel Vargas - RG","#62 William Berkowitz - RT",,"#96 Rodolfo Hutchison - LDE","#57 Timmy Smith - RDE","#67 Warren Driscoll - DT","#75 Eric Stone - DT","#59 Leon Varney - RDE","#98 Chris Crawford - SLB","#99 Joseph Bowen - MLB",,"#58 Robert Steele - WLB","#47 Rodney Page - CB","#38 Mark Braddock - CB",,,,"#41 Tommy Clouse - FS",,,,,,,,,,,,,,,,,,,,,,,,,,,,,,,,,,,,,
TEN,5:19,"IND 38",3,2,8,"Weak I Normal Skinny Posts","4-3 Normal Double Safety Blitz",10,0,49,"2-8-IND 38 (5:18) 15-Bruno Wong pass complete to 86-Robert Chang to IND 28 for 10 yards. Tackle by 98-Chris Crawford.","#15 Bruno Wong - QB","#82 Jose Carter - WR",,,"#81 Willard Aguilar - RB","#84 Henry Phillips - WR",,"#86 Robert Chang - WR",,"#28 Paul Parsons - WR",,,"#54 Dalton Lockhart - LT","#67 Brooks Thomas - LG","#77 Steven Christensen - C","#74 Daniel Vargas - RG","#62 William Berkowitz - RT",,"#96 Rodolfo Hutchison - LDE",,"#67 Warren Driscoll - DT","#75 Eric Stone - DT","#59 Leon Varney - RDE","#98 Chris Crawford - SLB","#99 Joseph Bowen - MLB",,"#58 Robert Steele - WLB","#47 Rodney Page - CB","#30 Thomas Garner - CB",,,,"#41 Tommy Clouse - FS","#38 Mark Braddock - CB",,,,,,,,,,,,,,,,,,,,,,,,,,,,,,,,,,,,
TEN,4:41,"IND 28",3,1,10,"I Formation 3WR HB Inside Weak","Nickel Strong FS CB3 Blitz",-0,0,49,"1-10-IND 28 (4:40) 83-Joe Miller ran to IND 28 for a short loss. Tackle by 47-Rodney Page.","#15 Bruno Wong - QB","#83 Joe Miller - WR",,,"#81 Willard Aguilar - RB",,,"#86 Robert Chang - WR","#82 Jose Carter - WR","#84 Henry Phillips - WR",,,"#54 Dalton Lockhart - LT","#67 Brooks Thomas - LG","#77 Steven Christensen - C","#74 Daniel Vargas - RG","#62 William Berkowitz - RT",,"#96 Rodolfo Hutchison - LDE",,"#67 Warren Driscoll - DT","#75 Eric Stone - DT","#59 Leon Varney - RDE",,"#99 Joseph Bowen - MLB",,"#58 Robert Steele - WLB","#38 Mark Braddock - CB","#30 Thomas Garner - CB",,"#24 Michael Vanallen - CB",,"#41 Tommy Clouse - FS","#47 Rodney Page - CB",,,,,,,,,,,,,,,,,,,,,,,,,,,,,,,,,,,,
TEN,4:04,"IND 28",3,2,10,"Singleback Normal TE Quick Out","Nickel Normal Man Cover 2",28,0,55,"2-10-IND 28 (4:03) 15-Bruno Wong pass complete to 82-Jose Carter for 28 yards. TOUCHDOWN! IND 0 TEN 55","#15 Bruno Wong - QB","#83 Joe Miller - WR",,,,"#82 Jose Carter - WR",,"#86 Robert Chang - WR","#84 Henry Phillips - WR","#28 Paul Parsons - WR",,,"#54 Dalton Lockhart - LT","#67 Brooks Thomas - LG","#77 Steven Christensen - C","#74 Daniel Vargas - RG","#62 William Berkowitz - RT",,"#96 Rodolfo Hutchison - LDE",,"#67 Warren Driscoll - DT","#75 Eric Stone - DT","#59 Leon Varney - RDE",,"#99 Joseph Bowen - MLB",,"#58 Robert Steele - WLB","#47 Rodney Page - CB","#30 Thomas Garner - CB",,"#24 Michael Vanallen - CB",,"#38 Mark Braddock - CB","#41 Tommy Clouse - FS",,,,,,,,,,,,,,,,,,,,,,,,,,,,,,,,,,,,
TEN,3:56,"IND 15",3,7,15,"Field Goal","FG Block",25,0,56,"(3:57) Extra point GOOD by 8-Daniel Cordle. IND 0 TEN 56",,,,,,,,,,,,,,,,,,,,,,,,,,,,,,,,,,,,"#15 Bruno Wong - QB","#77 Steven Christensen - C",,,,,,,,,,,,,,"#8 Daniel Cordle - K","#58 Ernest Thompson - RG","#67 Brooks Thomas - LG","#60 James Humphrey - LT","#54 Dalton Lockhart - LT","#62 William Berkowitz - RT","#74 Daniel Vargas - RG","#88 Keith Hodge - WR","#78 Gary Waters - RT","#58 Robert Steele - WLB","#98 Chris Crawford - SLB","#96 Rodolfo Hutchison - LDE","#75 Eric Stone - DT","#94 Lonnie Leonard - MLB","#99 Joseph Bowen - MLB","#50 Robert Morrow - SLB","#93 Michael Almodovar - MLB","#59 Leon Varney - RDE","#91 Timothy Krause - MLB","#67 Warren Driscoll - DT"
TEN,3:56,"TEN 35",3,6,10,Kickoff,"Kick Return",,0,56,"(3:57) 8-Daniel Cordle kicks 66 yards from TEN 35 to IND -1. Touchback.",,,,,,,,,,,,,,,,,,,,,,,,,,,,,,,,,,,,,,"#46 Ross Roling - RB",,"#47 Rodney Page - CB","#15 James Farley - WR","#75 Eric Stone - DT","#98 Chris Crawford - SLB","#96 Rodolfo Hutchison - LDE","#97 Jason Morphis - DT","#59 Leon Varney - RDE","#58 Robert Steele - WLB","#67 Warren Driscoll - DT","#38 Mark Braddock - CB","#8 Daniel Cordle - K",,,,,,,,,,,,,,,,,,,,
IND,3:56,"IND 25",3,1,10,"Singleback Big HB Curls TE Deep","Nickel Normal CB3 LB Blitz",11,0,56,"1-10-IND 25 (3:57) 11-Melvin Barnes pass complete to 16-Mauricio Meyer to IND 36 for 11 yards. Tackle by 39-Eugene Sexton. 16-Mauricio Meyer made a great move on the CB. 39-Eugene Sexton got away with a hold on that play.","#11 Melvin Barnes - QB","#35 Barry Yang - RB",,,,"#84 Miguel James - TE","#82 Sheldon Crossman - TE","#15 James Farley - WR",,"#16 Mauricio Meyer - WR",,,"#54 Ronald Mitchell - LT","#61 Edward James - LG","#74 Steven Thompson - C","#69 Bradley Roberts - RG","#55 Ronnie Neal - RT",,"#40 Mike Roe - LDE",,"#68 Richard Lenhart - DT","#38 Edward Blackmon - DT","#31 Keith Turner - RDE",,"#50 Joseph Brooks - SS",,"#42 Andre Jones - SS","#98 Walter Martinez - CB","#39 Eugene Sexton - CB",,"#26 Glen Coleman - CB",,"#27 John Brooker - FS","#69 Billy Hemphill - CB",,,,,,,,,,,,,,,,,,,,,,,,,,,,,,,,,,,,
IND,3:37,"IND 36",3,1,10,"I Formation 3WR SE Post","Dime Normal Man Cover 1",,0,56,"1-10-IND 36 (3:36) 11-Melvin Barnes pass INTERCEPTED by 92-George Sherrer at IND 37. 92-George Sherrer to IND 35 for 2 yards. Tackle by 15-James Farley. 48-Phillip Mitchum was caught flat-footed on this play.","#11 Melvin Barnes - QB","#35 Barry Yang - RB",,,"#82 Sheldon Crossman - TE",,,"#15 James Farley - WR","#18 Ken Simpson - WR","#16 Mauricio Meyer - WR",,,"#54 Ronald Mitchell - LT","#61 Edward James - LG","#74 Steven Thompson - C","#69 Bradley Roberts - RG","#55 Ronnie Neal - RT",,"#40 Mike Roe - LDE",,"#68 Richard Lenhart - DT","#38 Edward Blackmon - DT","#31 Keith Turner - RDE",,"#50 Joseph Brooks - SS",,,"#39 Eugene Sexton - CB","#52 Joshua Lemos - CB","#48 Phillip Mitchum - CB","#92 George Sherrer - CB",,"#26 Glen Coleman - CB","#42 Andre Jones - SS",,,,,,,,,,,,,,,,,,,,,,,,,,,,,,,,,,,,
TEN,3:31,"IND 35",3,1,10,"I Formation 3WR PA Fullback Flat","Nickel Strong 2 Deep Man Under",9,0,56,"1-10-IND 35 (3:32) 15-Bruno Wong pass complete to 81-Willard Aguilar to IND 26 for 9 yards. Tackle by 58-Robert Steele. IND 41-Tommy Clouse was injured on the play. He looks like he should be able to return.","#15 Bruno Wong - QB","#83 Joe Miller - WR",,,"#81 Willard Aguilar - RB",,,"#86 Robert Chang - WR","#28 Paul Parsons - WR","#84 Henry Phillips - WR",,,"#54 Dalton Lockhart - LT","#53 Juan Johnson - LG","#77 Steven Christensen - C","#74 Daniel Vargas - RG","#62 William Berkowitz - RT",,"#96 Rodolfo Hutchison - LDE",,"#67 Warren Driscoll - DT","#75 Eric Stone - DT","#59 Leon Varney - RDE",,"#99 Joseph Bowen - MLB",,"#58 Robert Steele - WLB","#47 Rodney Page - CB","#30 Thomas Garner - CB",,"#24 Michael Vanallen - CB",,"#41 Tommy Clouse - FS","#38 Mark Braddock - CB",,,,,,,,,,,,,,,,,,,,,,,,,,,,,,,,,,,,
TEN,2:48,"IND 26",3,2,1,"I Formation Normal HB Dive","4-3 Under 2 Deep Flat Outside",11,0,56,"2-1-IND 26 (2:47) 82-Jose Carter ran to IND 15 for 11 yards. Tackle by 38-Mark Braddock. IND 67-Warren Driscoll was injured on the play. He looks like he should be able to return.","#15 Bruno Wong - QB","#82 Jose Carter - WR",,,"#81 Willard Aguilar - RB","#83 Joe Miller - WR",,"#86 Robert Chang - WR",,"#84 Henry Phillips - WR",,,"#54 Dalton Lockhart - LT","#53 Juan Johnson - LG","#77 Steven Christensen - C","#74 Daniel Vargas - RG","#62 William Berkowitz - RT",,"#96 Rodolfo Hutchison - LDE",,"#67 Warren Driscoll - DT","#75 Eric Stone - DT","#59 Leon Varney - RDE","#98 Chris Crawford - SLB","#99 Joseph Bowen - MLB",,"#58 Robert Steele - WLB","#47 Rodney Page - CB","#24 Michael Vanallen - CB",,,,"#38 Mark Braddock - CB","#30 Thomas Garner - CB",,,,,,,,,,,,,,,,,,,,,,,,,,,,,,,,,,,,
TEN,2:09,"IND 15",3,1,10,"I Formation Twin WR Hard Slants","4-3 Normal Double WR1",,0,56,"1-10-IND 15 (2:08) 15-Bruno Wong pass Pass knocked down by 30-Thomas Garner. incomplete, intended for 86-Robert Chang. Pressure by 96-Rodolfo Hutchison.","#15 Bruno Wong - QB","#83 Joe Miller - WR",,,"#81 Willard Aguilar - RB","#82 Jose Carter - WR",,"#86 Robert Chang - WR",,"#28 Paul Parsons - WR",,,"#54 Dalton Lockhart - LT","#53 Juan Johnson - LG","#77 Steven Christensen - C","#74 Daniel Vargas - RG","#62 William Berkowitz - RT",,"#96 Rodolfo Hutchison - LDE",,"#75 Eric Stone - DT","#97 Jason Morphis - DT","#59 Leon Varney - RDE","#98 Chris Crawford - SLB","#99 Joseph Bowen - MLB",,"#58 Robert Steele - WLB","#30 Thomas Garner - CB","#24 Michael Vanallen - CB",,,,"#47 Rodney Page - CB","#38 Mark Braddock - CB",,,,,,,,,,,,,,,,,,,,,,,,,,,,,,,,,,,,
TEN,2:02,"IND 15",3,2,10,"I Formation Power PA Flats","Goal Line Attack #1",7,0,56,"2-10-IND 15 (2:03) 15-Bruno Wong ran to IND 8 for 7 yards. Tackle by 98-Chris Crawford.","#15 Bruno Wong - QB","#84 Henry Phillips - WR",,"#86 Robert Chang - WR","#81 Willard Aguilar - RB","#83 Joe Miller - WR",,"#28 Paul Parsons - WR",,,,,"#54 Dalton Lockhart - LT","#53 Juan Johnson - LG","#77 Steven Christensen - C","#74 Daniel Vargas - RG","#62 William Berkowitz - RT",,"#96 Rodolfo Hutchison - LDE","#57 Timmy Smith - RDE","#75 Eric Stone - DT","#97 Jason Morphis - DT","#59 Leon Varney - RDE","#98 Chris Crawford - SLB","#99 Joseph Bowen - MLB",,"#58 Robert Steele - WLB","#38 Mark Braddock - CB","#30 Thomas Garner - CB",,,,"#47 Rodney Page - CB",,,,,,,,,,,,,,,,,,,,,,,,,,,,,,,,,,,,,
TEN,1:24,"IND 8",3,3,3,"Strong I Big Backfield Drag","Goal Line Attack #2",12,0,62,"3-3-IND 8 (1:23) 15-Bruno Wong pass complete to 83-Joe Miller for 8 yards. TOUCHDOWN! Nice job by 83-Joe Miller on that route to lose his coverage. IND 0 TEN 62","#15 Bruno Wong - QB","#84 Henry Phillips - WR",,,"#81 Willard Aguilar - RB","#82 Jose Carter - WR","#83 Joe Miller - WR","#86 Robert Chang - WR",,,,,"#54 Dalton Lockhart - LT","#53 Juan Johnson - LG","#77 Steven Christensen - C","#74 Daniel Vargas - RG","#62 William Berkowitz - RT",,"#96 Rodolfo Hutchison - LDE","#57 Timmy Smith - RDE","#75 Eric Stone - DT","#97 Jason Morphis - DT","#59 Leon Varney - RDE","#98 Chris Crawford - SLB","#99 Joseph Bowen - MLB",,"#58 Robert Steele - WLB","#38 Mark Braddock - CB","#24 Michael Vanallen - CB",,,,"#30 Thomas Garner - CB",,,,,,,,,,,,,,,,,,,,,,,,,,,,,,,,,,,,,
TEN,1:19,"IND 15",3,7,15,"Field Goal","FG Block",25,0,63,"(1:20) Extra point GOOD by 8-Daniel Cordle. IND 0 TEN 63",,,,,,,,,,,,,,,,,,,,,,,,,,,,,,,,,,,,"#15 Bruno Wong - QB","#77 Steven Christensen - C",,,,,,,,,,,,,,"#8 Daniel Cordle - K","#78 Gary Waters - RT","#60 James Humphrey - LT","#53 Juan Johnson - LG","#54 Dalton Lockhart - LT","#62 William Berkowitz - RT","#74 Daniel Vargas - RG","#67 Brooks Thomas - LG","#88 Keith Hodge - WR","#58 Robert Steele - WLB","#98 Chris Crawford - SLB","#96 Rodolfo Hutchison - LDE","#75 Eric Stone - DT","#47 Rodney Page - CB","#94 Lonnie Leonard - MLB","#99 Joseph Bowen - MLB","#93 Michael Almodovar - MLB","#59 Leon Varney - RDE","#91 Timothy Krause - MLB","#50 Robert Morrow - SLB"
TEN,1:19,"TEN 35",3,6,10,Kickoff,"Kick Return",,0,63,"(1:20) 8-Daniel Cordle kicks 70 yards from TEN 35 to IND -5. Touchback.",,,,,,,,,,,,,,,,,,,,,,,,,,,,,,,,,,,,,,"#46 Ross Roling - RB",,"#57 Timmy Smith - RDE","#98 Chris Crawford - SLB","#47 Rodney Page - CB","#38 Mark Braddock - CB","#96 Rodolfo Hutchison - LDE","#15 James Farley - WR","#75 Eric Stone - DT","#59 Leon Varney - RDE","#97 Jason Morphis - DT","#58 Robert Steele - WLB","#8 Daniel Cordle - K",,,,,,,,,,,,,,,,,,,,
IND,1:19,"IND 25",3,1,10,"Shotgun Normal HB Flare","3-4 Normal Man Cover 1",5,0,63,"1-10-IND 25 (1:20) 11-Melvin Barnes pass complete to 35-Barry Yang to IND 30 for 5 yards. Tackle by 27-John Brooker.","#11 Melvin Barnes - QB","#35 Barry Yang - RB",,,,"#84 Miguel James - TE",,"#15 James Farley - WR","#18 Ken Simpson - WR","#16 Mauricio Meyer - WR",,,"#54 Ronald Mitchell - LT","#61 Edward James - LG","#74 Steven Thompson - C","#69 Bradley Roberts - RG","#55 Ronnie Neal - RT",,"#40 Mike Roe - LDE",,"#68 Richard Lenhart - DT",,"#31 Keith Turner - RDE","#23 Gary Brown - FS","#50 Joseph Brooks - SS","#27 John Brooker - FS","#42 Andre Jones - SS","#98 Walter Martinez - CB","#26 Glen Coleman - CB",,,,"#48 Phillip Mitchum - CB","#39 Eugene Sexton - CB",,,,,,,,,,,,,,,,,,,,,,,,,,,,,,,,,,,,
IND,0:59,"IND 30",3,2,5,"Shotgun 2 RB 3 WR RB Curls","Dime Normal Man Cover 1",,0,63,"2-5-IND 30 (0:58) 11-Melvin Barnes pass INTERCEPTED by 26-Glen Coleman at IND 36. 26-Glen Coleman to IND 36 for 0 yards. Tackle by 35-Barry Yang.","#11 Melvin Barnes - QB","#46 Ross Roling - RB","#35 Barry Yang - RB",,,,,"#15 James Farley - WR","#18 Ken Simpson - WR","#16 Mauricio Meyer - WR",,,"#54 Ronald Mitchell - LT","#61 Edward James - LG","#74 Steven Thompson - C","#69 Bradley Roberts - RG","#55 Ronnie Neal - RT",,"#40 Mike Roe - LDE",,"#68 Richard Lenhart - DT","#38 Edward Blackmon - DT","#31 Keith Turner - RDE",,"#50 Joseph Brooks - SS",,,"#52 Joshua Lemos - CB","#92 George Sherrer - CB","#30 Michael White - FS","#69 Billy Hemphill - CB",,"#26 Glen Coleman - CB","#39 Eugene Sexton - CB",,,,,,,,,,,,,,,,,,,,,,,,,,,,,,,,,,,,
TEN,0:53,"IND 36",3,1,10,"Split Backs 3 Wide WR Quick Out","Nickel Normal Double WR1",,0,63,"1-10-IND 36 (0:54) 15-Bruno Wong pass Pass knocked down by 58-Robert Steele. incomplete, intended for 81-Willard Aguilar. TEN 74-Daniel Vargas was injured on the play. He looks like he should be able to return.","#15 Bruno Wong - QB","#84 Henry Phillips - WR",,,"#81 Willard Aguilar - RB",,,"#86 Robert Chang - WR","#82 Jose Carter - WR","#28 Paul Parsons - WR",,,"#54 Dalton Lockhart - LT","#53 Juan Johnson - LG","#77 Steven Christensen - C","#74 Daniel Vargas - RG","#62 William Berkowitz - RT",,"#96 Rodolfo Hutchison - LDE",,"#75 Eric Stone - DT","#97 Jason Morphis - DT","#59 Leon Varney - RDE",,"#99 Joseph Bowen - MLB",,"#58 Robert Steele - WLB","#47 Rodney Page - CB","#30 Thomas Garner - CB",,"#24 Michael Vanallen - CB",,"#41 Tommy Clouse - FS","#38 Mark Braddock - CB",,,,,,,,,,,,,,,,,,,,,,,,,,,,,,,,,,,,
TEN,0:51,"IND 36",3,2,10,"Strong I Normal Short Attack","4-3 Normal Double Safety Blitz",,0,63,"2-10-IND 36 (0:52) 15-Bruno Wong pass Pass knocked down by 98-Chris Crawford. incomplete, intended for 84-Henry Phillips.","#15 Bruno Wong - QB","#84 Henry Phillips - WR",,,"#81 Willard Aguilar - RB","#83 Joe Miller - WR",,"#86 Robert Chang - WR",,"#82 Jose Carter - WR",,,"#54 Dalton Lockhart - LT","#53 Juan Johnson - LG","#77 Steven Christensen - C","#58 Ernest Thompson - RG","#62 William Berkowitz - RT",,"#96 Rodolfo Hutchison - LDE",,"#67 Warren Driscoll - DT","#75 Eric Stone - DT","#59 Leon Varney - RDE","#98 Chris Crawford - SLB","#99 Joseph Bowen - MLB",,"#58 Robert Steele - WLB","#47 Rodney Page - CB","#30 Thomas Garner - CB",,,,"#38 Mark Braddock - CB","#41 Tommy Clouse - FS",,,,,,,,,,,,,,,,,,,,,,,,,,,,,,,,,,,,
TEN,0:48,"IND 36",3,3,10,"Weak I Normal WR Corner TE Middle","4-3 Normal Double WR1",10,0,63,"3-10-IND 36 (0:49) 15-Bruno Wong pass complete to 86-Robert Chang to IND 26 for 10 yards. Tackle by 47-Rodney Page.","#15 Bruno Wong - QB","#82 Jose Carter - WR",,,"#81 Willard Aguilar - RB","#84 Henry Phillips - WR",,"#86 Robert Chang - WR",,"#28 Paul Parsons - WR",,,"#54 Dalton Lockhart - LT","#53 Juan Johnson - LG","#77 Steven Christensen - C","#58 Ernest Thompson - RG","#62 William Berkowitz - RT",,"#96 Rodolfo Hutchison - LDE",,"#67 Warren Driscoll - DT","#75 Eric Stone - DT","#59 Leon Varney - RDE","#98 Chris Crawford - SLB","#99 Joseph Bowen - MLB",,"#58 Robert Steele - WLB","#47 Rodney Page - CB","#30 Thomas Garner - CB",,,,"#41 Tommy Clouse - FS","#38 Mark Braddock - CB",,,,,,,,,,,,,,,,,,,,,,,,,,,,,,,,,,,,
TEN,0:04,"IND 26",3,1,10,"Singleback Normal HB Dive Strong","Nickel Strong 2 Deep Man Under",11,0,63,"1-10-IND 26 (0:03) 37-David Gallaway ran to IND 15 for 11 yards. Tackle by 47-Rodney Page.","#15 Bruno Wong - QB","#37 David Gallaway - WR",,,,"#83 Joe Miller - WR",,"#86 Robert Chang - WR","#82 Jose Carter - WR","#28 Paul Parsons - WR",,,"#54 Dalton Lockhart - LT","#53 Juan Johnson - LG","#77 Steven Christensen - C","#58 Ernest Thompson - RG","#62 William Berkowitz - RT",,"#96 Rodolfo Hutchison - LDE",,"#67 Warren Driscoll - DT","#75 Eric Stone - DT","#59 Leon Varney - RDE",,"#99 Joseph Bowen - MLB",,"#58 Robert Steele - WLB","#38 Mark Braddock - CB","#30 Thomas Garner - CB",,"#24 Michael Vanallen - CB",,"#47 Rodney Page - CB","#41 Tommy Clouse - FS",,,,,,,,,,,,,,,,,,,,,,,,,,,,,,,,,,,,
,0:00,,3,1,10,,,,0,63,"End of third quarter.",,,,,,,,,,,,,,,,,,,,,,,,,,,,,,,,,,,,,,,,,,,,,,,,,,,,,,,,,,,,,,,,,,,,,,
TEN,15:00,"IND 15",4,1,10,"Singleback Big HB Inside Strong","4-3 Normal Man Under 1",,0,63,"1-10-IND 15 (15:00) PENALTY - False Start (TEN 28-Paul Parsons)","#15 Bruno Wong - QB","#84 Henry Phillips - WR",,,,"#82 Jose Carter - WR","#83 Joe Miller - WR","#86 Robert Chang - WR",,"#28 Paul Parsons - WR",,,"#54 Dalton Lockhart - LT","#53 Juan Johnson - LG","#77 Steven Christensen - C","#74 Daniel Vargas - RG","#62 William Berkowitz - RT",,"#96 Rodolfo Hutchison - LDE",,"#67 Warren Driscoll - DT","#75 Eric Stone - DT","#59 Leon Varney - RDE","#98 Chris Crawford - SLB","#99 Joseph Bowen - MLB",,"#58 Robert Steele - WLB","#38 Mark Braddock - CB","#30 Thomas Garner - CB",,,,"#47 Rodney Page - CB","#41 Tommy Clouse - FS",,,,,,,,,,,,,,,,,,,,,,,,,,,,,,,,,,,,
TEN,15:00,"IND 20",4,1,15,"Singleback Big HB Inside Strong","4-3 Normal Double Safety Blitz",2,0,63,"1-15-IND 20 (15:00) 84-Henry Phillips ran to IND 18 for 2 yards. Tackle by 67-Warren Driscoll. 74-Daniel Vargas totally missed that block.","#15 Bruno Wong - QB","#84 Henry Phillips - WR",,,,"#82 Jose Carter - WR","#83 Joe Miller - WR","#86 Robert Chang - WR",,"#28 Paul Parsons - WR",,,"#54 Dalton Lockhart - LT","#53 Juan Johnson - LG","#77 Steven Christensen - C","#74 Daniel Vargas - RG","#62 William Berkowitz - RT",,"#96 Rodolfo Hutchison - LDE",,"#67 Warren Driscoll - DT","#75 Eric Stone - DT","#59 Leon Varney - RDE","#98 Chris Crawford - SLB","#99 Joseph Bowen - MLB",,"#58 Robert Steele - WLB","#47 Rodney Page - CB","#30 Thomas Garner - CB",,,,"#38 Mark Braddock - CB","#41 Tommy Clouse - FS",,,,,,,,,,,,,,,,,,,,,,,,,,,,,,,,,,,,
TEN,14:25,"IND 18",4,2,13,"Singleback Big HB Inside Strong","4-3 Normal Double WR1",3,0,63,"2-13-IND 18 (14:24) 84-Henry Phillips ran to IND 15 for 3 yards. Tackle by 58-Robert Steele.","#15 Bruno Wong - QB","#84 Henry Phillips - WR",,,,"#82 Jose Carter - WR","#83 Joe Miller - WR","#86 Robert Chang - WR",,"#28 Paul Parsons - WR",,,"#54 Dalton Lockhart - LT","#53 Juan Johnson - LG","#77 Steven Christensen - C","#74 Daniel Vargas - RG","#62 William Berkowitz - RT",,"#96 Rodolfo Hutchison - LDE",,"#67 Warren Driscoll - DT","#75 Eric Stone - DT","#59 Leon Varney - RDE","#98 Chris Crawford - SLB","#99 Joseph Bowen - MLB",,"#58 Robert Steele - WLB","#47 Rodney Page - CB","#30 Thomas Garner - CB",,,,"#41 Tommy Clouse - FS","#38 Mark Braddock - CB",,,,,,,,,,,,,,,,,,,,,,,,,,,,,,,,,,,,
TEN,13:52,"IND 15",4,3,10,"Strong I Normal Short Attack","4-3 Under Double LB Blitz",,0,63,"3-10-IND 15 (13:51) 15-Bruno Wong pass incomplete, dropped by 82-Jose Carter. Excellent coverage on that play.","#15 Bruno Wong - QB","#84 Henry Phillips - WR",,,"#81 Willard Aguilar - RB","#83 Joe Miller - WR",,"#86 Robert Chang - WR",,"#82 Jose Carter - WR",,,"#54 Dalton Lockhart - LT","#53 Juan Johnson - LG","#77 Steven Christensen - C","#74 Daniel Vargas - RG","#62 William Berkowitz - RT",,"#96 Rodolfo Hutchison - LDE",,"#67 Warren Driscoll - DT","#75 Eric Stone - DT","#59 Leon Varney - RDE","#98 Chris Crawford - SLB","#99 Joseph Bowen - MLB",,"#58 Robert Steele - WLB","#47 Rodney Page - CB","#30 Thomas Garner - CB",,,,"#38 Mark Braddock - CB","#41 Tommy Clouse - FS",,,,,,,,,,,,,,,,,,,,,,,,,,,,,,,,,,,,
TEN,13:48,"IND 15",4,4,10,"Field Goal","FG Block",25,0,66,"4-10-IND 15 (13:49) 8-Daniel Cordle 32 yard field goal is GOOD. IND 0 TEN 66",,,,,,,,,,,,,,,,,,,,,,,,,,,,,,,,,,,,"#15 Bruno Wong - QB","#77 Steven Christensen - C",,,,,,,,,,,,,,"#8 Daniel Cordle - K","#78 Gary Waters - RT","#60 James Humphrey - LT","#53 Juan Johnson - LG","#54 Dalton Lockhart - LT","#62 William Berkowitz - RT","#74 Daniel Vargas - RG","#67 Brooks Thomas - LG","#88 Keith Hodge - WR","#58 Robert Steele - WLB","#98 Chris Crawford - SLB","#96 Rodolfo Hutchison - LDE","#75 Eric Stone - DT","#94 Lonnie Leonard - MLB","#99 Joseph Bowen - MLB","#50 Robert Morrow - SLB","#93 Michael Almodovar - MLB","#59 Leon Varney - RDE","#91 Timothy Krause - MLB","#67 Warren Driscoll - DT"
TEN,13:45,"TEN 35",4,6,10,Kickoff,"Kick Return",,0,66,"(13:46) 8-Daniel Cordle kicks 70 yards from TEN 35 to IND -5. 46-Ross Roling to IND 14 for 19 yards. Tackle by 98-Walter Martinez.",,,,,,,,,,,,,,,,,,,,,,,,,,,,,,,,,,,,,,"#46 Ross Roling - RB",,"#67 Warren Driscoll - DT","#98 Chris Crawford - SLB","#47 Rodney Page - CB","#38 Mark Braddock - CB","#96 Rodolfo Hutchison - LDE","#15 James Farley - WR","#75 Eric Stone - DT","#59 Leon Varney - RDE","#97 Jason Morphis - DT","#58 Robert Steele - WLB","#8 Daniel Cordle - K",,,,,,,,,,,,,,,,,,,,
IND,13:42,"IND 14",4,1,10,"Shotgun 2 RB 3 WR RB Curls","4-3 Normal Double WR1",,0,66,"1-10-IND 14 (13:43) 11-Melvin Barnes pass INTERCEPTED by 46-Juan Morel at IND 20. 46-Juan Morel to IND 16 for 3 yards. Tackle by 54-Ronald Mitchell. Pressure by 38-Edward Blackmon. 40-Mike Roe was caught flat-footed on this play.","#11 Melvin Barnes - QB","#35 Barry Yang - RB","#46 Ross Roling - RB",,,,,"#15 James Farley - WR","#18 Ken Simpson - WR","#16 Mauricio Meyer - WR",,,"#54 Ronald Mitchell - LT","#61 Edward James - LG","#74 Steven Thompson - C","#69 Bradley Roberts - RG","#55 Ronnie Neal - RT",,"#40 Mike Roe - LDE",,"#38 Edward Blackmon - DT","#21 Jorge Fritz - DT","#31 Keith Turner - RDE","#46 Juan Morel - FS","#50 Joseph Brooks - SS",,"#30 Michael White - FS","#52 Joshua Lemos - CB","#92 George Sherrer - CB",,,,"#26 Glen Coleman - CB","#39 Eugene Sexton - CB",,,,,,,,,,,,,,,,,,,,,,,,,,,,,,,,,,,,
TEN,13:37,"IND 16",4,1,10,"I Formation Normal HB Blast","4-3 Normal Man Under 1",16,0,66,"1-10-IND 16 (13:38) 82-Jose Carter ran to IND 1 for 16 yards. Tackle by 38-Mark Braddock.","#15 Bruno Wong - QB","#82 Jose Carter - WR",,,"#81 Willard Aguilar - RB","#83 Joe Miller - WR",,"#86 Robert Chang - WR",,"#84 Henry Phillips - WR",,,"#54 Dalton Lockhart - LT","#53 Juan Johnson - LG","#77 Steven Christensen - C","#74 Daniel Vargas - RG","#62 William Berkowitz - RT",,"#96 Rodolfo Hutchison - LDE",,"#67 Warren Driscoll - DT","#75 Eric Stone - DT","#59 Leon Varney - RDE","#98 Chris Crawford - SLB","#99 Joseph Bowen - MLB",,"#58 Robert Steele - WLB","#47 Rodney Page - CB","#30 Thomas Garner - CB",,,,"#41 Tommy Clouse - FS","#38 Mark Braddock - CB",,,,,,,,,,,,,,,,,,,,,,,,,,,,,,,,,,,,
TEN,13:00,"IND 1",4,1,1,"I Formation Normal HB Blast","4-3 Normal Double WR1",1,0,72,"1-1-IND 1 (12:59) 37-David Gallaway ran for 1 yards. TOUCHDOWN! IND 0 TEN 72","#15 Bruno Wong - QB","#37 David Gallaway - WR",,,"#81 Willard Aguilar - RB","#83 Joe Miller - WR",,"#86 Robert Chang - WR",,"#84 Henry Phillips - WR",,,"#54 Dalton Lockhart - LT","#53 Juan Johnson - LG","#77 Steven Christensen - C","#74 Daniel Vargas - RG","#62 William Berkowitz - RT",,"#96 Rodolfo Hutchison - LDE",,"#67 Warren Driscoll - DT","#75 Eric Stone - DT","#59 Leon Varney - RDE","#98 Chris Crawford - SLB","#99 Joseph Bowen - MLB",,"#58 Robert Steele - WLB","#38 Mark Braddock - CB","#30 Thomas Garner - CB",,,,"#47 Rodney Page - CB","#41 Tommy Clouse - FS",,,,,,,,,,,,,,,,,,,,,,,,,,,,,,,,,,,,
TEN,12:56,"IND 15",4,7,15,"Field Goal","FG Block",25,0,73,"(12:57) Extra point GOOD by 8-Daniel Cordle. IND 0 TEN 73",,,,,,,,,,,,,,,,,,,,,,,,,,,,,,,,,,,,"#15 Bruno Wong - QB","#77 Steven Christensen - C",,,,,,,,,,,,,,"#8 Daniel Cordle - K","#78 Gary Waters - RT","#60 James Humphrey - LT","#53 Juan Johnson - LG","#54 Dalton Lockhart - LT","#62 William Berkowitz - RT","#74 Daniel Vargas - RG","#67 Brooks Thomas - LG","#88 Keith Hodge - WR","#58 Robert Steele - WLB","#98 Chris Crawford - SLB","#96 Rodolfo Hutchison - LDE","#75 Eric Stone - DT","#94 Lonnie Leonard - MLB","#99 Joseph Bowen - MLB","#50 Robert Morrow - SLB","#93 Michael Almodovar - MLB","#59 Leon Varney - RDE","#91 Timothy Krause - MLB","#67 Warren Driscoll - DT"
TEN,12:56,"TEN 35",4,6,10,Kickoff,"Kick Return",,0,73,"(12:57) 8-Daniel Cordle kicks 74 yards from TEN 35 to IND -9. Touchback.",,,,,,,,,,,,,,,,,,,,,,,,,,,,,,,,,,,,,,"#46 Ross Roling - RB",,"#67 Warren Driscoll - DT","#98 Chris Crawford - SLB","#47 Rodney Page - CB","#38 Mark Braddock - CB","#96 Rodolfo Hutchison - LDE","#15 James Farley - WR","#75 Eric Stone - DT","#59 Leon Varney - RDE","#97 Jason Morphis - DT","#58 Robert Steele - WLB","#8 Daniel Cordle - K",,,,,,,,,,,,,,,,,,,,
IND,12:56,"IND 25",4,1,10,"I Formation Normal Max Protect","Dime Normal Man Cover 1",2,0,73,"1-10-IND 25 (12:57) 11-Melvin Barnes pass complete to 35-Barry Yang to IND 27 for 2 yards. Tackle by 23-Gary Brown.","#11 Melvin Barnes - QB","#35 Barry Yang - RB",,,"#82 Sheldon Crossman - TE","#84 Miguel James - TE",,"#15 James Farley - WR",,"#16 Mauricio Meyer - WR",,,"#54 Ronald Mitchell - LT","#61 Edward James - LG","#74 Steven Thompson - C","#69 Bradley Roberts - RG","#55 Ronnie Neal - RT",,"#40 Mike Roe - LDE",,"#68 Richard Lenhart - DT","#38 Edward Blackmon - DT","#31 Keith Turner - RDE",,"#50 Joseph Brooks - SS",,,"#26 Glen Coleman - CB","#52 Joshua Lemos - CB","#23 Gary Brown - FS","#92 George Sherrer - CB",,"#27 John Brooker - FS","#39 Eugene Sexton - CB",,,,,,,,,,,,,,,,,,,,,,,,,,,,,,,,,,,,
IND,12:35,"IND 27",4,2,8,"Goal Line Normal PA TE Drag","Goal Line Attack #2",,0,73,"2-8-IND 27 (12:34) 11-Melvin Barnes pass Pass knocked down by 48-Phillip Mitchum. incomplete, intended for 84-Miguel James.","#11 Melvin Barnes - QB","#46 Ross Roling - RB",,"#15 James Farley - WR","#35 Barry Yang - RB","#84 Miguel James - TE","#82 Sheldon Crossman - TE",,,,,,"#54 Ronald Mitchell - LT","#61 Edward James - LG","#74 Steven Thompson - C","#69 Bradley Roberts - RG","#55 Ronnie Neal - RT",,"#40 Mike Roe - LDE","#79 Coy McMurtry - LDE","#68 Richard Lenhart - DT","#38 Edward Blackmon - DT","#31 Keith Turner - RDE","#30 Michael White - FS","#50 Joseph Brooks - SS",,"#42 Andre Jones - SS","#48 Phillip Mitchum - CB","#98 Walter Martinez - CB",,,,"#69 Billy Hemphill - CB",,,,,,,,,,,,,,,,,,,,,,,,,,,,,,,,,,,,,
IND,12:30,"IND 27",4,3,8,"I Formation Normal PA Fullback Flat","Goal Line Attack #3",,0,73,"3-8-IND 27 (12:31) 11-Melvin Barnes pass Pass knocked down by 69-Billy Hemphill. incomplete, intended for 84-Miguel James.","#11 Melvin Barnes - QB","#46 Ross Roling - RB",,,"#82 Sheldon Crossman - TE","#84 Miguel James - TE",,"#15 James Farley - WR",,"#16 Mauricio Meyer - WR",,,"#54 Ronald Mitchell - LT","#61 Edward James - LG","#74 Steven Thompson - C","#69 Bradley Roberts - RG","#55 Ronnie Neal - RT",,"#40 Mike Roe - LDE","#79 Coy McMurtry - LDE","#68 Richard Lenhart - DT","#38 Edward Blackmon - DT","#31 Keith Turner - RDE","#27 John Brooker - FS","#50 Joseph Brooks - SS",,"#42 Andre Jones - SS","#48 Phillip Mitchum - CB","#98 Walter Martinez - CB",,,,"#69 Billy Hemphill - CB",,,,,,,,,,,,,,,,,,,,,,,,,,,,,,,,,,,,,
IND,12:28,"IND 27",4,4,8,Punt,"Punt Return",,0,73,"4-8-IND 27 (12:29) 2-Edward Bittner punts 55 yards to TEN 18. 83-Joe Miller to TEN 30 for 12 yards. Tackle by 69-Bradley Roberts.",,,,,,,,,,,,,,,,,,"#2 Edward Bittner - P",,,,,,,,,,,,,,,,,,,"#61 Edward James - LG",,"#83 Joe Miller - WR",,,"#23 Gary Brown - FS","#84 Henry Phillips - WR","#69 Billy Hemphill - CB",,"#48 Phillip Mitchum - CB","#98 Walter Martinez - CB",,"#42 Andre Jones - SS",,,,"#53 Michael Calabrese - RG","#54 Ronald Mitchell - LT","#72 Sean Boyer - LG","#69 Bradley Roberts - RG","#56 Barney Montgomery - RT","#63 Wayne Perez - C",,"#30 Michael White - FS","#79 Coy McMurtry - LDE","#27 John Brooker - FS","#51 Jose Findlay - RDE",,,,,,,
TEN,12:18,"TEN 30",4,1,10,"Singleback Normal HB Dive Strong","Nickel Normal Man Cover 2",2,0,73,"1-10-TEN 30 (12:19) 37-David Gallaway ran to TEN 32 for 2 yards. Tackle by 97-Jason Morphis.","#15 Bruno Wong - QB","#37 David Gallaway - WR",,,,"#29 Jose Green - WR",,"#86 Robert Chang - WR","#82 Jose Carter - WR","#28 Paul Parsons - WR",,,"#54 Dalton Lockhart - LT","#53 Juan Johnson - LG","#77 Steven Christensen - C","#74 Daniel Vargas - RG","#62 William Berkowitz - RT",,"#59 Leon Varney - RDE",,"#67 Warren Driscoll - DT","#97 Jason Morphis - DT","#57 Timmy Smith - RDE",,"#99 Joseph Bowen - MLB",,"#58 Robert Steele - WLB","#38 Mark Braddock - CB","#24 Michael Vanallen - CB",,"#47 Rodney Page - CB",,"#41 Tommy Clouse - FS","#30 Thomas Garner - CB",,,,,,,,,,,,,,,,,,,,,,,,,,,,,,,,,,,,
TEN,11:48,"TEN 32",4,2,8,"Singleback Big HB Inside Strong","4-3 Under 2 Deep Flat Outside",2,0,73,"2-8-TEN 32 (11:47) 84-Henry Phillips ran to TEN 34 for 2 yards. Tackle by 67-Warren Driscoll.","#15 Bruno Wong - QB","#84 Henry Phillips - WR",,,,"#82 Jose Carter - WR","#83 Joe Miller - WR","#86 Robert Chang - WR",,"#28 Paul Parsons - WR",,,"#54 Dalton Lockhart - LT","#53 Juan Johnson - LG","#77 Steven Christensen - C","#74 Daniel Vargas - RG","#62 William Berkowitz - RT",,"#96 Rodolfo Hutchison - LDE",,"#67 Warren Driscoll - DT","#75 Eric Stone - DT","#59 Leon Varney - RDE","#98 Chris Crawford - SLB","#99 Joseph Bowen - MLB",,"#58 Robert Steele - WLB","#38 Mark Braddock - CB","#30 Thomas Garner - CB",,,,"#47 Rodney Page - CB","#41 Tommy Clouse - FS",,,,,,,,,,,,,,,,,,,,,,,,,,,,,,,,,,,,
TEN,11:03,"TEN 34",4,3,6,"Singleback Big HB Inside Strong","4-3 Normal Man Under 1",2,0,73,"3-6-TEN 34 (11:02) 84-Henry Phillips ran to TEN 37 for 2 yards. Tackle by 75-Eric Stone.","#15 Bruno Wong - QB","#84 Henry Phillips - WR",,,,"#82 Jose Carter - WR","#83 Joe Miller - WR","#86 Robert Chang - WR",,"#28 Paul Parsons - WR",,,"#54 Dalton Lockhart - LT","#53 Juan Johnson - LG","#77 Steven Christensen - C","#74 Daniel Vargas - RG","#62 William Berkowitz - RT",,"#96 Rodolfo Hutchison - LDE",,"#67 Warren Driscoll - DT","#75 Eric Stone - DT","#59 Leon Varney - RDE","#98 Chris Crawford - SLB","#99 Joseph Bowen - MLB",,"#58 Robert Steele - WLB","#47 Rodney Page - CB","#30 Thomas Garner - CB",,,,"#38 Mark Braddock - CB","#41 Tommy Clouse - FS",,,,,,,,,,,,,,,,,,,,,,,,,,,,,,,,,,,,
TEN,10:25,"TEN 37",4,4,3,Punt,"Punt Return",50,0,73,"4-3-TEN 37 (10:24) 5-Robert Hancock punts 50 yards to IND 14.",,,,,,,,,,,,,,,,,,"#5 Robert Hancock - P",,,,,,,,,,,,,,,,,,,"#77 Steven Christensen - C",,"#15 James Farley - WR",,,"#47 Rodney Page - CB","#67 Warren Driscoll - DT","#96 Rodolfo Hutchison - LDE",,"#59 Leon Varney - RDE","#38 Mark Braddock - CB",,"#97 Jason Morphis - DT",,,,"#60 James Humphrey - LT","#53 Juan Johnson - LG","#54 Dalton Lockhart - LT","#62 William Berkowitz - RT","#74 Daniel Vargas - RG","#67 Brooks Thomas - LG",,"#93 Michael Almodovar - MLB","#98 Chris Crawford - SLB","#75 Eric Stone - DT","#58 Robert Steele - WLB",,,,,,,
IND,10:15,"IND 14",4,1,10,"I Formation Normal PA Fullback Flat","Dime Flat MLB SS Blitz",1,0,73,"1-10-IND 14 (10:16) 11-Melvin Barnes pass complete to 82-Sheldon Crossman to IND 15 for 1 yards. Tackle by 39-Eugene Sexton. Great move by 82-Sheldon Crossman to get free of his coverage.","#11 Melvin Barnes - QB","#35 Barry Yang - RB",,,"#82 Sheldon Crossman - TE","#84 Miguel James - TE",,"#15 James Farley - WR",,"#16 Mauricio Meyer - WR",,,"#54 Ronald Mitchell - LT","#61 Edward James - LG","#74 Steven Thompson - C","#69 Bradley Roberts - RG","#55 Ronnie Neal - RT",,"#40 Mike Roe - LDE",,"#68 Richard Lenhart - DT","#38 Edward Blackmon - DT","#31 Keith Turner - RDE",,"#50 Joseph Brooks - SS",,,"#98 Walter Martinez - CB","#26 Glen Coleman - CB","#42 Andre Jones - SS","#52 Joshua Lemos - CB",,"#48 Phillip Mitchum - CB","#39 Eugene Sexton - CB",,,,,,,,,,,,,,,,,,,,,,,,,,,,,,,,,,,,
IND,9:53,"IND 15",4,2,9,"Shotgun Normal Double Outs","3-4 Normal Man Cover 1",,0,73,"2-9-IND 15 (9:52) 11-Melvin Barnes pass Pass knocked down by 42-Andre Jones. incomplete, intended for 15-James Farley.","#11 Melvin Barnes - QB","#35 Barry Yang - RB",,,,"#84 Miguel James - TE",,"#15 James Farley - WR","#18 Ken Simpson - WR","#16 Mauricio Meyer - WR",,,"#54 Ronald Mitchell - LT","#61 Edward James - LG","#74 Steven Thompson - C","#69 Bradley Roberts - RG","#55 Ronnie Neal - RT",,"#40 Mike Roe - LDE",,"#68 Richard Lenhart - DT",,"#31 Keith Turner - RDE","#27 John Brooker - FS","#50 Joseph Brooks - SS","#30 Michael White - FS","#42 Andre Jones - SS","#98 Walter Martinez - CB","#26 Glen Coleman - CB",,,,"#48 Phillip Mitchum - CB","#39 Eugene Sexton - CB",,,,,,,,,,,,,,,,,,,,,,,,,,,,,,,,,,,,
IND,9:49,"IND 15",4,3,9,"Shotgun 2 RB 3 WR WR Curl","Dime Normal Man Cover 1",2,0,73,"3-9-IND 15 (9:50) 11-Melvin Barnes pass complete to 46-Ross Roling to IND 17 for 2 yards. Tackle by 48-Phillip Mitchum.","#11 Melvin Barnes - QB","#46 Ross Roling - RB","#35 Barry Yang - RB",,,,,"#15 James Farley - WR","#18 Ken Simpson - WR","#16 Mauricio Meyer - WR",,,"#54 Ronald Mitchell - LT","#61 Edward James - LG","#74 Steven Thompson - C","#69 Bradley Roberts - RG","#55 Ronnie Neal - RT",,"#40 Mike Roe - LDE",,"#68 Richard Lenhart - DT","#38 Edward Blackmon - DT","#31 Keith Turner - RDE",,"#50 Joseph Brooks - SS",,,"#98 Walter Martinez - CB","#52 Joshua Lemos - CB","#48 Phillip Mitchum - CB","#69 Billy Hemphill - CB",,"#26 Glen Coleman - CB","#39 Eugene Sexton - CB",,,,,,,,,,,,,,,,,,,,,,,,,,,,,,,,,,,,
IND,9:31,"IND 17",4,4,7,Punt,"Punt Return",,0,73,"4-7-IND 17 (9:30) 2-Edward Bittner punts 48 yards to TEN 36. 83-Joe Miller to TEN 46 for 10 yards. Tackle by 53-Michael Calabrese.",,,,,,,,,,,,,,,,,,"#2 Edward Bittner - P",,,,,,,,,,,,,,,,,,,"#61 Edward James - LG",,"#83 Joe Miller - WR",,,"#27 John Brooker - FS","#84 Henry Phillips - WR","#23 Gary Brown - FS",,"#48 Phillip Mitchum - CB","#98 Walter Martinez - CB",,"#42 Andre Jones - SS",,,,"#53 Michael Calabrese - RG","#54 Ronald Mitchell - LT","#72 Sean Boyer - LG","#69 Bradley Roberts - RG","#56 Barney Montgomery - RT","#63 Wayne Perez - C",,"#21 Jorge Fritz - DT","#79 Coy McMurtry - LDE","#51 Jose Findlay - RDE","#30 Michael White - FS",,,,,,,
TEN,9:20,"TEN 46",4,1,10,"I Formation Normal HB Dive","4-3 Normal Man Under 1",19,0,73,"1-10-TEN 46 (9:21) 37-David Gallaway ran to IND 35 for 19 yards. Tackle by 38-Mark Braddock. TEN 53-Juan Johnson was injured on the play.","#15 Bruno Wong - QB","#37 David Gallaway - WR",,,"#81 Willard Aguilar - RB","#82 Jose Carter - WR",,"#86 Robert Chang - WR",,"#28 Paul Parsons - WR",,,"#54 Dalton Lockhart - LT","#53 Juan Johnson - LG","#77 Steven Christensen - C","#74 Daniel Vargas - RG","#62 William Berkowitz - RT",,"#57 Timmy Smith - RDE",,"#67 Warren Driscoll - DT","#97 Jason Morphis - DT","#59 Leon Varney - RDE","#98 Chris Crawford - SLB","#99 Joseph Bowen - MLB",,"#58 Robert Steele - WLB","#30 Thomas Garner - CB","#24 Michael Vanallen - CB",,,,"#41 Tommy Clouse - FS","#38 Mark Braddock - CB",,,,,,,,,,,,,,,,,,,,,,,,,,,,,,,,,,,,
TEN,8:44,"IND 35",4,1,10,"I Formation Power HB Draw","Goal Line Attack #1",4,0,73,"1-10-IND 35 (8:43) 84-Henry Phillips ran to IND 31 for 4 yards. Tackle by 58-Robert Steele.","#15 Bruno Wong - QB","#84 Henry Phillips - WR",,"#86 Robert Chang - WR","#81 Willard Aguilar - RB","#82 Jose Carter - WR",,"#28 Paul Parsons - WR",,,,,"#54 Dalton Lockhart - LT","#67 Brooks Thomas - LG","#77 Steven Christensen - C","#74 Daniel Vargas - RG","#62 William Berkowitz - RT",,"#96 Rodolfo Hutchison - LDE","#57 Timmy Smith - RDE","#67 Warren Driscoll - DT","#75 Eric Stone - DT","#59 Leon Varney - RDE","#98 Chris Crawford - SLB","#99 Joseph Bowen - MLB",,"#58 Robert Steele - WLB","#47 Rodney Page - CB","#38 Mark Braddock - CB",,,,"#41 Tommy Clouse - FS",,,,,,,,,,,,,,,,,,,,,,,,,,,,,,,,,,,,,
TEN,8:00,"IND 31",4,2,6,"I Formation Power HB Draw","Goal Line Attack #2",2,0,73,"2-6-IND 31 (7:59) 84-Henry Phillips ran to IND 29 for 2 yards. Tackle by 67-Warren Driscoll.","#15 Bruno Wong - QB","#84 Henry Phillips - WR",,"#86 Robert Chang - WR","#81 Willard Aguilar - RB","#82 Jose Carter - WR",,"#28 Paul Parsons - WR",,,,,"#54 Dalton Lockhart - LT","#67 Brooks Thomas - LG","#77 Steven Christensen - C","#74 Daniel Vargas - RG","#62 William Berkowitz - RT",,"#96 Rodolfo Hutchison - LDE","#57 Timmy Smith - RDE","#67 Warren Driscoll - DT","#75 Eric Stone - DT","#59 Leon Varney - RDE","#98 Chris Crawford - SLB","#99 Joseph Bowen - MLB",,"#58 Robert Steele - WLB","#47 Rodney Page - CB","#38 Mark Braddock - CB",,,,"#41 Tommy Clouse - FS",,,,,,,,,,,,,,,,,,,,,,,,,,,,,,,,,,,,,
TEN,7:20,"IND 29",4,3,4,"I Formation Power HB Draw","Goal Line Attack #1",2,0,73,"3-4-IND 29 (7:19) 84-Henry Phillips ran to IND 26 for 2 yards. Tackle by 67-Warren Driscoll.","#15 Bruno Wong - QB","#84 Henry Phillips - WR",,"#86 Robert Chang - WR","#81 Willard Aguilar - RB","#82 Jose Carter - WR",,"#28 Paul Parsons - WR",,,,,"#54 Dalton Lockhart - LT","#67 Brooks Thomas - LG","#77 Steven Christensen - C","#74 Daniel Vargas - RG","#62 William Berkowitz - RT",,"#96 Rodolfo Hutchison - LDE","#57 Timmy Smith - RDE","#67 Warren Driscoll - DT","#75 Eric Stone - DT","#59 Leon Varney - RDE","#98 Chris Crawford - SLB","#99 Joseph Bowen - MLB",,"#58 Robert Steele - WLB","#47 Rodney Page - CB","#38 Mark Braddock - CB",,,,"#41 Tommy Clouse - FS",,,,,,,,,,,,,,,,,,,,,,,,,,,,,,,,,,,,,
TEN,6:47,"IND 26",4,4,1,"Field Goal","FG Block",37,0,76,"4-1-IND 26 (6:46) 8-Daniel Cordle 43 yard field goal is GOOD. IND 91-Timothy Krause was injured on the play. IND 0 TEN 76",,,,,,,,,,,,,,,,,,,,,,,,,,,,,,,,,,,,"#15 Bruno Wong - QB","#77 Steven Christensen - C",,,,,,,,,,,,,,"#8 Daniel Cordle - K","#58 Ernest Thompson - RG","#67 Brooks Thomas - LG","#60 James Humphrey - LT","#54 Dalton Lockhart - LT","#62 William Berkowitz - RT","#74 Daniel Vargas - RG","#88 Keith Hodge - WR","#78 Gary Waters - RT","#58 Robert Steele - WLB","#98 Chris Crawford - SLB","#96 Rodolfo Hutchison - LDE","#75 Eric Stone - DT","#94 Lonnie Leonard - MLB","#99 Joseph Bowen - MLB","#50 Robert Morrow - SLB","#93 Michael Almodovar - MLB","#59 Leon Varney - RDE","#91 Timothy Krause - MLB","#67 Warren Driscoll - DT"
TEN,6:42,"TEN 35",4,6,10,Kickoff,"Kick Return",,0,76,"(6:43) 8-Daniel Cordle kicks 74 yards from TEN 35 to IND -9. Touchback.",,,,,,,,,,,,,,,,,,,,,,,,,,,,,,,,,,,,,,"#46 Ross Roling - RB",,"#67 Warren Driscoll - DT","#98 Chris Crawford - SLB","#47 Rodney Page - CB","#38 Mark Braddock - CB","#96 Rodolfo Hutchison - LDE","#15 James Farley - WR","#75 Eric Stone - DT","#59 Leon Varney - RDE","#97 Jason Morphis - DT","#58 Robert Steele - WLB","#8 Daniel Cordle - K",,,,,,,,,,,,,,,,,,,,
IND,6:42,"IND 25",4,1,10,"Goal Line Normal PA TE Drag","Goal Line Attack #2",2,0,76,"1-10-IND 25 (6:43) 11-Melvin Barnes pass complete to 84-Miguel James to IND 27 for 2 yards. Tackle by 39-Eugene Sexton. Nice job by 84-Miguel James on that route to lose his coverage.","#11 Melvin Barnes - QB","#35 Barry Yang - RB",,"#15 James Farley - WR","#46 Ross Roling - RB","#84 Miguel James - TE","#82 Sheldon Crossman - TE",,,,,,"#54 Ronald Mitchell - LT","#61 Edward James - LG","#74 Steven Thompson - C","#69 Bradley Roberts - RG","#55 Ronnie Neal - RT",,"#40 Mike Roe - LDE","#79 Coy McMurtry - LDE","#68 Richard Lenhart - DT","#38 Edward Blackmon - DT","#31 Keith Turner - RDE","#27 John Brooker - FS","#50 Joseph Brooks - SS",,"#42 Andre Jones - SS","#39 Eugene Sexton - CB","#52 Joshua Lemos - CB",,,,"#26 Glen Coleman - CB",,,,,,,,,,,,,,,,,,,,,,,,,,,,,,,,,,,,,
IND,6:27,"IND 27",4,2,8,"Shotgun 2 RB 3 WR RB Curls","3-4 Normal Double WR2",-10,0,76,"2-8-IND 27 (6:26) 11-Melvin Barnes sacked at IND 17 for -10 yards (23-Gary Brown)","#11 Melvin Barnes - QB","#35 Barry Yang - RB","#46 Ross Roling - RB",,,,,"#15 James Farley - WR","#18 Ken Simpson - WR","#16 Mauricio Meyer - WR",,,"#54 Ronald Mitchell - LT","#61 Edward James - LG","#74 Steven Thompson - C","#69 Bradley Roberts - RG","#55 Ronnie Neal - RT",,"#40 Mike Roe - LDE",,"#68 Richard Lenhart - DT",,"#31 Keith Turner - RDE","#23 Gary Brown - FS","#50 Joseph Brooks - SS","#27 John Brooker - FS","#42 Andre Jones - SS","#98 Walter Martinez - CB","#39 Eugene Sexton - CB",,,,"#48 Phillip Mitchum - CB","#69 Billy Hemphill - CB",,,,,,,,,,,,,,,,,,,,,,,,,,,,,,,,,,,,
IND,6:05,"IND 17",4,3,18,"I Formation 3WR SE Post","Dime Normal Man Cover 1",2,0,76,"3-18-IND 17 (6:04) 11-Melvin Barnes pass complete to 15-James Farley to IND 19 for 2 yards. Tackle by 69-Billy Hemphill.","#11 Melvin Barnes - QB","#46 Ross Roling - RB",,,"#82 Sheldon Crossman - TE",,,"#15 James Farley - WR","#18 Ken Simpson - WR","#16 Mauricio Meyer - WR",,,"#54 Ronald Mitchell - LT","#61 Edward James - LG","#74 Steven Thompson - C","#69 Bradley Roberts - RG","#55 Ronnie Neal - RT",,"#40 Mike Roe - LDE",,"#68 Richard Lenhart - DT","#38 Edward Blackmon - DT","#31 Keith Turner - RDE",,"#50 Joseph Brooks - SS",,,"#98 Walter Martinez - CB","#52 Joshua Lemos - CB","#48 Phillip Mitchum - CB","#69 Billy Hemphill - CB",,"#26 Glen Coleman - CB","#39 Eugene Sexton - CB",,,,,,,,,,,,,,,,,,,,,,,,,,,,,,,,,,,,
IND,5:45,"IND 19",4,4,16,Punt,"Punt Return",,0,76,"4-16-IND 19 (5:44) 2-Edward Bittner punts 51 yards to TEN 29. 83-Joe Miller to TEN 43 for 14 yards. Tackle by 72-Sean Boyer.",,,,,,,,,,,,,,,,,,"#2 Edward Bittner - P",,,,,,,,,,,,,,,,,,,"#61 Edward James - LG",,"#83 Joe Miller - WR",,,"#42 Andre Jones - SS","#48 Phillip Mitchum - CB","#23 Gary Brown - FS",,"#84 Henry Phillips - WR","#69 Billy Hemphill - CB",,"#98 Walter Martinez - CB",,,,"#53 Michael Calabrese - RG","#54 Ronald Mitchell - LT","#72 Sean Boyer - LG","#69 Bradley Roberts - RG","#56 Barney Montgomery - RT","#63 Wayne Perez - C",,"#30 Michael White - FS","#79 Coy McMurtry - LDE","#27 John Brooker - FS","#51 Jose Findlay - RDE",,,,,,,
TEN,5:34,"TEN 43",4,1,10,"I Formation Normal HB Dive","4-3 Normal OLB Blitz Inside",1,0,76,"1-10-TEN 43 (5:35) 37-David Gallaway ran to TEN 44 for 1 yards. Tackle by 58-Robert Steele.","#15 Bruno Wong - QB","#37 David Gallaway - WR",,,"#81 Willard Aguilar - RB","#82 Jose Carter - WR",,"#86 Robert Chang - WR",,"#28 Paul Parsons - WR",,,"#54 Dalton Lockhart - LT","#67 Brooks Thomas - LG","#77 Steven Christensen - C","#74 Daniel Vargas - RG","#62 William Berkowitz - RT",,"#59 Leon Varney - RDE",,"#67 Warren Driscoll - DT","#75 Eric Stone - DT","#57 Timmy Smith - RDE","#98 Chris Crawford - SLB","#99 Joseph Bowen - MLB",,"#58 Robert Steele - WLB","#30 Thomas Garner - CB","#24 Michael Vanallen - CB",,,,"#38 Mark Braddock - CB","#41 Tommy Clouse - FS",,,,,,,,,,,,,,,,,,,,,,,,,,,,,,,,,,,,
TEN,5:02,"TEN 44",4,2,9,"I Formation Normal HB Blast","4-3 Normal Man Under 1",27,0,76,"2-9-TEN 44 (5:01) 82-Jose Carter ran to IND 29 for 27 yards. Tackle by 98-Chris Crawford. 81-Willard Aguilar totally missed that block.","#15 Bruno Wong - QB","#82 Jose Carter - WR",,,"#81 Willard Aguilar - RB","#83 Joe Miller - WR",,"#86 Robert Chang - WR",,"#84 Henry Phillips - WR",,,"#54 Dalton Lockhart - LT","#67 Brooks Thomas - LG","#77 Steven Christensen - C","#74 Daniel Vargas - RG","#62 William Berkowitz - RT",,"#96 Rodolfo Hutchison - LDE",,"#67 Warren Driscoll - DT","#75 Eric Stone - DT","#59 Leon Varney - RDE","#98 Chris Crawford - SLB","#99 Joseph Bowen - MLB",,"#58 Robert Steele - WLB","#47 Rodney Page - CB","#30 Thomas Garner - CB",,,,"#41 Tommy Clouse - FS","#38 Mark Braddock - CB",,,,,,,,,,,,,,,,,,,,,,,,,,,,,,,,,,,,
TEN,4:13,"IND 29",4,1,10,"I Formation Normal HB Dive","4-3 Normal Double Safety Blitz",1,0,76,"1-10-IND 29 (4:12) 37-David Gallaway ran to IND 28 for 1 yards. Tackle by 75-Eric Stone. TEN 37-David Gallaway was injured on the play.","#15 Bruno Wong - QB","#37 David Gallaway - WR",,,"#81 Willard Aguilar - RB","#83 Joe Miller - WR",,"#86 Robert Chang - WR",,"#28 Paul Parsons - WR",,,"#54 Dalton Lockhart - LT","#67 Brooks Thomas - LG","#77 Steven Christensen - C","#74 Daniel Vargas - RG","#62 William Berkowitz - RT",,"#96 Rodolfo Hutchison - LDE",,"#67 Warren Driscoll - DT","#75 Eric Stone - DT","#59 Leon Varney - RDE","#98 Chris Crawford - SLB","#99 Joseph Bowen - MLB",,"#58 Robert Steele - WLB","#47 Rodney Page - CB","#30 Thomas Garner - CB",,,,"#38 Mark Braddock - CB","#41 Tommy Clouse - FS",,,,,,,,,,,,,,,,,,,,,,,,,,,,,,,,,,,,
TEN,3:37,"IND 28",4,2,9,"I Formation 3WR HB Inside Weak","Nickel Normal 2 Deep",11,0,76,"2-9-IND 28 (3:36) 83-Joe Miller ran to IND 17 for 11 yards. Tackle by 38-Mark Braddock.","#15 Bruno Wong - QB","#83 Joe Miller - WR",,,"#81 Willard Aguilar - RB",,,"#86 Robert Chang - WR","#28 Paul Parsons - WR","#84 Henry Phillips - WR",,,"#54 Dalton Lockhart - LT","#67 Brooks Thomas - LG","#77 Steven Christensen - C","#74 Daniel Vargas - RG","#62 William Berkowitz - RT",,"#96 Rodolfo Hutchison - LDE",,"#67 Warren Driscoll - DT","#75 Eric Stone - DT","#59 Leon Varney - RDE",,"#99 Joseph Bowen - MLB",,"#58 Robert Steele - WLB","#47 Rodney Page - CB","#30 Thomas Garner - CB",,"#24 Michael Vanallen - CB",,"#41 Tommy Clouse - FS","#38 Mark Braddock - CB",,,,,,,,,,,,,,,,,,,,,,,,,,,,,,,,,,,,
TEN,3:01,"IND 17",4,1,10,"I Formation Normal HB Blast","4-3 Normal Man Under 1",17,0,82,"1-10-IND 17 (3:00) 87-Juan Moloney ran for 17 yards. TOUCHDOWN! TEN 29-Jose Green was injured on the play. IND 0 TEN 82","#15 Bruno Wong - QB","#87 Juan Moloney - WR",,,"#81 Willard Aguilar - RB","#29 Jose Green - WR",,"#86 Robert Chang - WR",,"#84 Henry Phillips - WR",,,"#54 Dalton Lockhart - LT","#67 Brooks Thomas - LG","#77 Steven Christensen - C","#74 Daniel Vargas - RG","#62 William Berkowitz - RT",,"#96 Rodolfo Hutchison - LDE",,"#67 Warren Driscoll - DT","#75 Eric Stone - DT","#59 Leon Varney - RDE","#98 Chris Crawford - SLB","#99 Joseph Bowen - MLB",,"#58 Robert Steele - WLB","#38 Mark Braddock - CB","#30 Thomas Garner - CB",,,,"#47 Rodney Page - CB","#41 Tommy Clouse - FS",,,,,,,,,,,,,,,,,,,,,,,,,,,,,,,,,,,,
TEN,2:55,"IND 15",4,7,15,"Field Goal","FG Block",25,0,83,"(2:56) Extra point GOOD by 8-Daniel Cordle. IND 0 TEN 83",,,,,,,,,,,,,,,,,,,,,,,,,,,,,,,,,,,,"#15 Bruno Wong - QB","#77 Steven Christensen - C",,,,,,,,,,,,,,"#8 Daniel Cordle - K","#58 Ernest Thompson - RG","#67 Brooks Thomas - LG","#60 James Humphrey - LT","#54 Dalton Lockhart - LT","#62 William Berkowitz - RT","#74 Daniel Vargas - RG","#88 Keith Hodge - WR","#78 Gary Waters - RT","#58 Robert Steele - WLB","#98 Chris Crawford - SLB","#96 Rodolfo Hutchison - LDE","#75 Eric Stone - DT","#94 Lonnie Leonard - MLB","#99 Joseph Bowen - MLB","#50 Robert Morrow - SLB","#93 Michael Almodovar - MLB","#59 Leon Varney - RDE","#91 Timothy Krause - MLB","#67 Warren Driscoll - DT"
TEN,2:55,"TEN 35",4,6,10,Kickoff,"Kick Return",,0,83,"(2:56) 8-Daniel Cordle kicks 74 yards from TEN 35 to IND -9. Touchback.",,,,,,,,,,,,,,,,,,,,,,,,,,,,,,,,,,,,,,"#46 Ross Roling - RB",,"#67 Warren Driscoll - DT","#98 Chris Crawford - SLB","#47 Rodney Page - CB","#38 Mark Braddock - CB","#96 Rodolfo Hutchison - LDE","#15 James Farley - WR","#75 Eric Stone - DT","#59 Leon Varney - RDE","#97 Jason Morphis - DT","#58 Robert Steele - WLB","#8 Daniel Cordle - K",,,,,,,,,,,,,,,,,,,,
IND,2:55,"IND 25",4,1,10,"Shotgun Normal Deep Weak In and Out","3-4 Normal Man Cover 1",-9,0,83,"1-10-IND 25 (2:56) 11-Melvin Barnes sacked at IND 16 for -9 yards (31-Keith Turner). Sack allowed by 54-Ronald Mitchell.","#11 Melvin Barnes - QB","#35 Barry Yang - RB",,,,"#84 Miguel James - TE",,"#15 James Farley - WR","#18 Ken Simpson - WR","#16 Mauricio Meyer - WR",,,"#54 Ronald Mitchell - LT","#61 Edward James - LG","#74 Steven Thompson - C","#69 Bradley Roberts - RG","#55 Ronnie Neal - RT",,"#40 Mike Roe - LDE",,"#68 Richard Lenhart - DT",,"#31 Keith Turner - RDE","#27 John Brooker - FS","#50 Joseph Brooks - SS","#30 Michael White - FS","#42 Andre Jones - SS","#52 Joshua Lemos - CB","#92 George Sherrer - CB",,,,"#26 Glen Coleman - CB","#39 Eugene Sexton - CB",,,,,,,,,,,,,,,,,,,,,,,,,,,,,,,,,,,,
IND,2:35,"IND 16",4,2,19,"I Formation Normal PA Outside Curls","Dime Flat MLB SS Blitz",4,0,83,"2-19-IND 16 (2:34) 11-Melvin Barnes pass complete to 15-James Farley to IND 19 for 4 yards. Tackle by 98-Walter Martinez. Great move by 15-James Farley to get free of his coverage.","#11 Melvin Barnes - QB","#35 Barry Yang - RB",,,"#82 Sheldon Crossman - TE","#84 Miguel James - TE",,"#15 James Farley - WR",,"#16 Mauricio Meyer - WR",,,"#54 Ronald Mitchell - LT","#61 Edward James - LG","#74 Steven Thompson - C","#69 Bradley Roberts - RG","#55 Ronnie Neal - RT",,"#40 Mike Roe - LDE",,"#68 Richard Lenhart - DT","#38 Edward Blackmon - DT","#31 Keith Turner - RDE",,"#50 Joseph Brooks - SS",,,"#98 Walter Martinez - CB","#39 Eugene Sexton - CB","#52 Joshua Lemos - CB","#26 Glen Coleman - CB",,"#48 Phillip Mitchum - CB","#69 Billy Hemphill - CB",,,,,,,,,,,,,,,,,,,,,,,,,,,,,,,,,,,,
IND,2:13,"IND 19",4,3,16,"I Formation Normal Max Protect","Goal Line Attack #3",,0,83,"3-16-IND 19 (2:12) 11-Melvin Barnes pass incomplete, dropped by 16-Mauricio Meyer. 39-Eugene Sexton got away with a hold on that play. Pressure by 50-Joseph Brooks. 52-Joshua Lemos got away with a hold on that play.","#11 Melvin Barnes - QB","#46 Ross Roling - RB",,,"#82 Sheldon Crossman - TE","#84 Miguel James - TE",,"#15 James Farley - WR",,"#16 Mauricio Meyer - WR",,,"#54 Ronald Mitchell - LT","#61 Edward James - LG","#74 Steven Thompson - C","#69 Bradley Roberts - RG","#55 Ronnie Neal - RT",,"#40 Mike Roe - LDE","#79 Coy McMurtry - LDE","#68 Richard Lenhart - DT","#38 Edward Blackmon - DT","#31 Keith Turner - RDE","#27 John Brooker - FS","#50 Joseph Brooks - SS",,"#42 Andre Jones - SS","#39 Eugene Sexton - CB","#52 Joshua Lemos - CB",,,,"#26 Glen Coleman - CB",,,,,,,,,,,,,,,,,,,,,,,,,,,,,,,,,,,,,
IND,2:07,"IND 19",4,4,16,Punt,"Punt Return",,0,83,"4-16-IND 19 (2:08) 2-Edward Bittner punts 49 yards to TEN 31. 83-Joe Miller to TEN 44 for 13 yards. Tackle by 75-Eric Stone.",,,,,,,,,,,,,,,,,,"#2 Edward Bittner - P",,,,,,,,,,,,,,,,,,,"#61 Edward James - LG",,"#83 Joe Miller - WR",,,"#23 Gary Brown - FS","#84 Henry Phillips - WR","#69 Billy Hemphill - CB",,"#48 Phillip Mitchum - CB","#98 Walter Martinez - CB",,"#42 Andre Jones - SS",,,,"#53 Michael Calabrese - RG","#54 Ronald Mitchell - LT","#72 Sean Boyer - LG","#69 Bradley Roberts - RG","#56 Barney Montgomery - RT","#63 Wayne Perez - C",,"#30 Michael White - FS","#79 Coy McMurtry - LDE","#27 John Brooker - FS","#51 Jose Findlay - RDE",,,,,,,
,2:00,,4,1,10,,,,0,83,"Timeout for two minute warning.",,,,,,,,,,,,,,,,,,,,,,,,,,,,,,,,,,,,,,,,,,,,,,,,,,,,,,,,,,,,,,,,,,,,,,
TEN,1:59,"TEN 44",4,1,10,"I Formation Power HB Draw","Goal Line Attack #2",5,0,83,"1-10-TEN 44 (2:00) 37-David Gallaway ran to TEN 48 for 5 yards. Tackle by 58-Robert Steele.","#16 Joe Lawing - QB","#37 David Gallaway - WR",,"#86 Robert Chang - WR","#81 Willard Aguilar - RB","#82 Jose Carter - WR",,"#28 Paul Parsons - WR",,,,,"#54 Dalton Lockhart - LT","#67 Brooks Thomas - LG","#77 Steven Christensen - C","#74 Daniel Vargas - RG","#62 William Berkowitz - RT",,"#57 Timmy Smith - RDE","#68 Earl Schiffer - DT","#67 Warren Driscoll - DT","#97 Jason Morphis - DT","#59 Leon Varney - RDE","#98 Chris Crawford - SLB","#99 Joseph Bowen - MLB",,"#58 Robert Steele - WLB","#38 Mark Braddock - CB","#30 Thomas Garner - CB",,,,"#41 Tommy Clouse - FS",,,,,,,,,,,,,,,,,,,,,,,,,,,,,,,,,,,,,
TEN,1:27,"TEN 48",4,2,5,"I Formation Normal HB Dive","4-3 Under Double LB Blitz",1,0,83,"2-5-TEN 48 (1:26) 82-Jose Carter ran to TEN 49 for 1 yards. Tackle by 58-Robert Steele. TEN 62-William Berkowitz was injured on the play.","#16 Joe Lawing - QB","#82 Jose Carter - WR",,,"#81 Willard Aguilar - RB","#83 Joe Miller - WR",,"#86 Robert Chang - WR",,"#28 Paul Parsons - WR",,,"#54 Dalton Lockhart - LT","#67 Brooks Thomas - LG","#77 Steven Christensen - C","#74 Daniel Vargas - RG","#62 William Berkowitz - RT",,"#96 Rodolfo Hutchison - LDE",,"#67 Warren Driscoll - DT","#75 Eric Stone - DT","#59 Leon Varney - RDE","#98 Chris Crawford - SLB","#99 Joseph Bowen - MLB",,"#58 Robert Steele - WLB","#47 Rodney Page - CB","#30 Thomas Garner - CB",,,,"#41 Tommy Clouse - FS","#38 Mark Braddock - CB",,,,,,,,,,,,,,,,,,,,,,,,,,,,,,,,,,,,
TEN,0:49,"TEN 49",4,3,4,"I Formation Power HB Draw","Goal Line Attack #2",2,0,83,"3-4-TEN 49 (0:48) 83-Joe Miller ran to IND 48 for 2 yards. Tackle by 96-Rodolfo Hutchison.","#16 Joe Lawing - QB","#83 Joe Miller - WR",,"#86 Robert Chang - WR","#81 Willard Aguilar - RB","#82 Jose Carter - WR",,"#28 Paul Parsons - WR",,,,,"#54 Dalton Lockhart - LT","#67 Brooks Thomas - LG","#77 Steven Christensen - C","#74 Daniel Vargas - RG","#78 Gary Waters - RT",,"#96 Rodolfo Hutchison - LDE","#57 Timmy Smith - RDE","#67 Warren Driscoll - DT","#75 Eric Stone - DT","#59 Leon Varney - RDE","#98 Chris Crawford - SLB","#99 Joseph Bowen - MLB",,"#58 Robert Steele - WLB","#47 Rodney Page - CB","#38 Mark Braddock - CB",,,,"#41 Tommy Clouse - FS",,,,,,,,,,,,,,,,,,,,,,,,,,,,,,,,,,,,,
TEN,0:11,"IND 48",4,4,2,Punt,"Punt Return",52,0,83,"4-2-IND 48 (0:10) 5-Robert Hancock punts 52 yards to IND -4.4-2-IND 48 (0:10) 5-Robert Hancock punts 52 yards to IND -4. Touchback.",,,,,,,,,,,,,,,,,,"#5 Robert Hancock - P",,,,,,,,,,,,,,,,,,,"#77 Steven Christensen - C",,"#15 James Farley - WR",,,"#47 Rodney Page - CB","#67 Warren Driscoll - DT","#96 Rodolfo Hutchison - LDE",,"#59 Leon Varney - RDE","#38 Mark Braddock - CB",,"#97 Jason Morphis - DT",,,,"#67 Brooks Thomas - LG","#60 James Humphrey - LT","#54 Dalton Lockhart - LT","#74 Daniel Vargas - RG","#53 Juan Johnson - LG","#88 Keith Hodge - WR",,"#93 Michael Almodovar - MLB","#98 Chris Crawford - SLB","#75 Eric Stone - DT","#58 Robert Steele - WLB",,,,,,,
IND,0:03,"IND 20",4,1,10,"Shotgun 2 RB 3 WR WR Curl","3-4 Normal Double WR2",,0,83,"1-10-IND 20 (0:04) 11-Melvin Barnes pass incomplete, intended for 16-Mauricio Meyer. PENALTY - Offsides (TEN 68-Richard Lenhart)","#11 Melvin Barnes - QB","#35 Barry Yang - RB","#46 Ross Roling - RB",,,,,"#15 James Farley - WR","#18 Ken Simpson - WR","#16 Mauricio Meyer - WR",,,"#54 Ronald Mitchell - LT","#61 Edward James - LG","#74 Steven Thompson - C","#69 Bradley Roberts - RG","#55 Ronnie Neal - RT",,"#40 Mike Roe - LDE",,"#68 Richard Lenhart - DT",,"#31 Keith Turner - RDE","#30 Michael White - FS","#50 Joseph Brooks - SS","#27 John Brooker - FS","#42 Andre Jones - SS","#98 Walter Martinez - CB","#26 Glen Coleman - CB",,,,"#48 Phillip Mitchum - CB","#39 Eugene Sexton - CB",,,,,,,,,,,,,,,,,,,,,,,,,,,,,,,,,,,,
IND,0:00,"IND 25",4,1,5,"Shotgun 2 RB 3 WR WR Hooks","Dime Normal Man Cover 1",2,0,83,"1-5-IND 25 (0:01) 11-Melvin Barnes pass complete to 15-James Farley to IND 27 for 2 yards. Tackle by 92-George Sherrer.","#11 Melvin Barnes - QB","#46 Ross Roling - RB","#35 Barry Yang - RB",,,,,"#15 James Farley - WR","#18 Ken Simpson - WR","#16 Mauricio Meyer - WR",,,"#54 Ronald Mitchell - LT","#61 Edward James - LG","#74 Steven Thompson - C","#69 Bradley Roberts - RG","#55 Ronnie Neal - RT",,"#40 Mike Roe - LDE",,"#68 Richard Lenhart - DT","#38 Edward Blackmon - DT","#31 Keith Turner - RDE",,"#50 Joseph Brooks - SS",,,"#98 Walter Martinez - CB","#52 Joshua Lemos - CB","#48 Phillip Mitchum - CB","#92 George Sherrer - CB",,"#26 Glen Coleman - CB","#39 Eugene Sexton - CB",,,,,,,,,,,,,,,,,,,,,,,,,,,,,,,,,,,,
,0:00,,4,2,3,,,,0,83,"End of fourth quarter.",,,,,,,,,,,,,,,,,,,,,,,,,,,,,,,,,,,,,,,,,,,,,,,,,,,,,,,,,,,,,,,,,,,,,,
