HasBall,"Game Clock","Ball @",Quarter,Down,YTG,OffensivePlay,DefensivePlay,YardsGained,"Home Score","Away Score",Text,QB1,RB1,RB2,FB2,FB1,TE1,TE2,WR1,WR3,WR2,WR4,WR5,LT1,LG1,C1,RG1,RT1,P1,LDE1,LDE2,DT1,DT2,RDE1,SLB1,MLB1,MLB2,WLB1,CB1,CB2,CB4,CB3,CB5,SS1,FS1,FS2,"Kick Holder1","Long Snapper1","Kick Returner1","Punt Returner1",Gunner10,Gunner7,Gunner2,Gunner6,Gunner1,Gunner8,Gunner3,Gunner4,Gunner9,Gunner5,Kickoffs1,"Field Goal Kicker1","ST Blocker8","ST Blocker5","ST Blocker4","ST Blocker1","ST Blocker2","ST Blocker3","ST Blocker6","ST Blocker7","ST Rusher4","ST Rusher1","ST Rusher2","ST Rusher3","ST Rusher11","ST Rusher10","ST Rusher9","ST Rusher6","ST Rusher5","ST Rusher7","ST Rusher8"
,15:00,,1,3,10,,,,0,0,"SCS has won the toss and elected to defer.",,,,,,,,,,,,,,,,,,,,,,,,,,,,,,,,,,,,,,,,,,,,,,,,,,,,,,,,,,,,,,,,,,,,,,
SCS,15:00,"SCS 35",1,6,10,Kickoff,"Kick Return",,0,0,"(15:00) 93-Antonio Washington kicks 69 yards from SCS 35 to SJS -4. Touchback.",,,,,,,,,,,,,,,,,,,,,,,,,,,,,,,,,,,,,,"#83 Ivan Humphrey - WR",,"#81 Thomas Fane - TE","#64 Daniel Taylor - LG","#87 Oliver Jeter - WR","#68 Michael Cobbs - LG","#23 David Hartwig - C","#66 Rico Heath - LG","#12 David Barfield - WR","#86 Harold Hedberg - RB","#45 Ramon Moffett - TE","#75 James Riley - LG","#93 Antonio Washington - K",,,,,,,,,,,,,,,,,,,,
SJS,15:00,"SJS 25",1,1,10,"Singleback Big WR Deep","Goal Line Attack #1",-2,0,0,"1-10-SJS 25 (15:00) (Hot Read) 18-Brian Carmichael pass complete to 23-David Hartwig to SJS 23 for -2 yards. Tackle by 75-Andy Epley. Pressure by 94-Adam Green. SJS 75-James Riley was injured on the play. He looks like he should be able to return.","#18 Brian Carmichael - QB","#23 David Hartwig - C",,,,"#1 Robert Byrd - WR","#86 Harold Hedberg - RB","#83 Ivan Humphrey - WR",,"#12 David Barfield - WR",,,"#77 Robert Cobbs - LT","#70 Christopher Mooneyhan - LT","#65 Warren Northcutt - C","#54 Nathaniel Campas - LT","#75 James Riley - LG",,"#67 Fred McKenzie - LDE","#73 Robert McMeans - LDE","#72 Francis Holloway - DT","#53 William Pegues - DT","#75 Andy Epley - RDE","#96 Ervin Matson - SLB","#90 John Rowe - MLB",,"#94 Adam Green - SLB","#43 Marty Johnson - CB","#45 Louis Fennell - CB",,,,"#27 Hector Segura - SS",,,,,,,,,,,,,,,,,,,,,,,,,,,,,,,,,,,,,
SJS,14:19,"SJS 23",1,2,12,"Weak I Big WR Post TE Out","Goal Line Attack #2",,0,0,"2-12-SJS 23 (14:18) PENALTY - False Start (SJS 23-David Hartwig)","#18 Brian Carmichael - QB","#1 Robert Byrd - WR",,,"#23 David Hartwig - C","#86 Harold Hedberg - RB","#83 Ivan Humphrey - WR","#12 David Barfield - WR",,,,,"#77 Robert Cobbs - LT","#66 Rico Heath - LG","#65 Warren Northcutt - C","#54 Nathaniel Campas - LT","#70 Christopher Mooneyhan - LT",,"#67 Fred McKenzie - LDE","#73 Robert McMeans - LDE","#72 Francis Holloway - DT","#53 William Pegues - DT","#75 Andy Epley - RDE","#96 Ervin Matson - SLB","#90 John Rowe - MLB",,"#94 Adam Green - SLB","#43 Marty Johnson - CB","#45 Louis Fennell - CB",,,,"#27 Hector Segura - SS",,,,,,,,,,,,,,,,,,,,,,,,,,,,,,,,,,,,,
SJS,14:17,"SJS 18",1,2,17,"Weak I Big WR Post TE Out","Goal Line Attack #1",,0,0,"2-17-SJS 18 (14:18) 18-Brian Carmichael pass Pass knocked down by 45-Louis Fennell. incomplete, intended for 12-David Barfield.","#18 Brian Carmichael - QB","#1 Robert Byrd - WR",,,"#23 David Hartwig - C","#86 Harold Hedberg - RB","#83 Ivan Humphrey - WR","#12 David Barfield - WR",,,,,"#77 Robert Cobbs - LT","#66 Rico Heath - LG","#65 Warren Northcutt - C","#54 Nathaniel Campas - LT","#70 Christopher Mooneyhan - LT",,"#67 Fred McKenzie - LDE","#73 Robert McMeans - LDE","#72 Francis Holloway - DT","#53 William Pegues - DT","#75 Andy Epley - RDE","#96 Ervin Matson - SLB","#90 John Rowe - MLB",,"#94 Adam Green - SLB","#43 Marty Johnson - CB","#45 Louis Fennell - CB",,,,"#27 Hector Segura - SS",,,,,,,,,,,,,,,,,,,,,,,,,,,,,,,,,,,,,
SJS,14:13,"SJS 18",1,3,17,"I Formation Power Play Action HB Downfield","Goal Line Attack #1",9,0,0,"3-17-SJS 18 (14:14) 18-Brian Carmichael pass complete to 1-Robert Byrd to SJS 26 for 9 yards. Tackle by 45-Louis Fennell. 1-Robert Byrd did some fancy footwork there.","#18 Brian Carmichael - QB","#83 Ivan Humphrey - WR",,"#86 Harold Hedberg - RB","#23 David Hartwig - C","#1 Robert Byrd - WR",,"#12 David Barfield - WR",,,,,"#77 Robert Cobbs - LT","#70 Christopher Mooneyhan - LT","#65 Warren Northcutt - C","#54 Nathaniel Campas - LT","#68 Michael Cobbs - LG",,"#67 Fred McKenzie - LDE","#73 Robert McMeans - LDE","#72 Francis Holloway - DT","#53 William Pegues - DT","#75 Andy Epley - RDE","#96 Ervin Matson - SLB","#90 John Rowe - MLB",,"#94 Adam Green - SLB","#43 Marty Johnson - CB","#45 Louis Fennell - CB",,,,"#27 Hector Segura - SS",,,,,,,,,,,,,,,,,,,,,,,,,,,,,,,,,,,,,
SJS,13:33,"SJS 26",1,4,9,"I Formation Power Play Action HB Downfield","Goal Line 3 Deep Man",,0,0,"4-9-SJS 26 (13:32) 18-Brian Carmichael pass Pass knocked down by 96-Ervin Matson. incomplete, intended for 1-Robert Byrd. Turnover on downs.","#18 Brian Carmichael - QB","#83 Ivan Humphrey - WR",,"#86 Harold Hedberg - RB","#23 David Hartwig - C","#1 Robert Byrd - WR",,"#12 David Barfield - WR",,,,,"#77 Robert Cobbs - LT","#66 Rico Heath - LG","#65 Warren Northcutt - C","#54 Nathaniel Campas - LT","#70 Christopher Mooneyhan - LT",,"#67 Fred McKenzie - LDE","#73 Robert McMeans - LDE","#72 Francis Holloway - DT","#53 William Pegues - DT","#75 Andy Epley - RDE","#96 Ervin Matson - SLB","#90 John Rowe - MLB",,"#94 Adam Green - SLB","#43 Marty Johnson - CB","#45 Louis Fennell - CB",,,,"#27 Hector Segura - SS",,,,,,,,,,,,,,,,,,,,,,,,,,,,,,,,,,,,,
SCS,13:27,"SJS 26",1,1,10,"Singleback Big Off Tackle Strong","3-4 Normal Man Cover 1",2,0,0,"1-10-SJS 26 (13:28) 40-Matthew Tipps ran to SJS 24 for 2 yards. Tackle by 55-Michael Gatlin.","#8 John Barrios - QB","#47 Matthew Tipps - RB",,,,"#82 Donald Maclennan - TE","#80 Louis Prosser - TE","#11 Jonathan Phillips - WR",,"#16 Thomas Kellogg - WR",,,"#68 Hollis Nash - LT","#50 Herbert Landers - LG","#65 Robert Jones - C","#55 Michael Becker - RG","#62 Ronald Matthews - RT",,"#60 Mark Mix - RDE",,"#96 William Cooley - RDE",,"#53 Alvin Lombardi - RDE","#52 Sean Burrows - LDE","#55 Michael Gatlin - CB","#22 Raymond Moore - CB","#37 Jason Winborne - CB","#42 Robert Guerrero - CB","#24 Wendell Vaughn - CB",,,,"#32 Mike Woodward - FS","#28 Louis Anderson - CB",,,,,,,,,,,,,,,,,,,,,,,,,,,,,,,,,,,,
SCS,12:47,"SJS 24",1,2,8,"Singleback Normal HB Dive Weak","Dime Flat MLB SS Blitz",1,0,0,"2-8-SJS 24 (12:46) 40-Matthew Tipps ran to SJS 23 for 1 yards. Tackle by 96-William Cooley.","#8 John Barrios - QB","#47 Matthew Tipps - RB",,,,"#82 Donald Maclennan - TE",,"#11 Jonathan Phillips - WR","#81 Thomas Free - WR","#16 Thomas Kellogg - WR",,,"#68 Hollis Nash - LT","#50 Herbert Landers - LG","#65 Robert Jones - C","#55 Michael Becker - RG","#62 Ronald Matthews - RT",,"#53 Alvin Lombardi - RDE",,"#60 Mark Mix - RDE","#96 William Cooley - RDE","#59 Edward McVay - RDE",,"#25 Brett Rix - CB",,,"#42 Robert Guerrero - CB","#24 Wendell Vaughn - CB","#28 Louis Anderson - CB","#22 Raymond Moore - CB",,"#55 Michael Gatlin - CB","#32 Mike Woodward - FS",,,,,,,,,,,,,,,,,,,,,,,,,,,,,,,,,,,,
SCS,12:06,"SJS 23",1,3,7,"Split Backs 3 Wide WR Quick Out","Dime Flat 2 Deep Man Under",,0,0,"3-7-SJS 23 (12:05) 8-John Barrios pass Pass knocked down by 32-Mike Woodward. incomplete, intended for 16-Thomas Kellogg.","#8 John Barrios - QB","#47 Matthew Tipps - RB",,,"#80 Louis Prosser - TE",,,"#11 Jonathan Phillips - WR","#81 Thomas Free - WR","#16 Thomas Kellogg - WR",,,"#68 Hollis Nash - LT","#50 Herbert Landers - LG","#65 Robert Jones - C","#55 Michael Becker - RG","#62 Ronald Matthews - RT",,"#53 Alvin Lombardi - RDE",,"#60 Mark Mix - RDE","#96 William Cooley - RDE","#59 Edward McVay - RDE",,"#25 Brett Rix - CB",,,"#42 Robert Guerrero - CB","#24 Wendell Vaughn - CB","#28 Louis Anderson - CB","#22 Raymond Moore - CB",,"#55 Michael Gatlin - CB","#32 Mike Woodward - FS",,,,,,,,,,,,,,,,,,,,,,,,,,,,,,,,,,,,
SCS,12:01,"SJS 23",1,4,7,"Field Goal","FG Block",34,0,0,"4-7-SJS 23 (12:02) 93-Antonio Washington 41 yard field goal is NO GOOD. (Wide Right)",,,,,,,,,,,,,,,,,,,,,,,,,,,,,,,,,,,,"#8 John Barrios - QB","#62 Ronald Matthews - RT",,,,,,,,,,,,,,"#93 Antonio Washington - K","#60 Eric McMahon - RT","#56 Clifton Winston - LG","#50 Herbert Landers - LG","#82 Donald Maclennan - TE","#68 Hollis Nash - LT","#80 Louis Prosser - TE","#49 Franklin Benevides - RB","#36 Juan Francis - RB","#12 David Barfield - WR","#53 Alvin Lombardi - RDE","#60 Mark Mix - RDE","#32 Clyde Belcher - CB","#25 Brett Rix - CB","#94 Ian Self - RDE","#89 Harold McArdle - CB","#55 Michael Gatlin - CB","#96 William Cooley - RDE","#28 Louis Anderson - CB","#32 Mike Woodward - FS"
SJS,11:58,"SJS 30",1,1,10,"Singleback Big WR Deep","4-3 Under Strong Blitz Outside",14,0,0,"1-10-SJS 30 (11:59) 18-Brian Carmichael pass complete to 1-Robert Byrd to SJS 44 for 14 yards. Tackle by 43-Marty Johnson.","#18 Brian Carmichael - QB","#23 David Hartwig - C",,,,"#1 Robert Byrd - WR","#86 Harold Hedberg - RB","#83 Ivan Humphrey - WR",,"#12 David Barfield - WR",,,"#77 Robert Cobbs - LT","#70 Christopher Mooneyhan - LT","#65 Warren Northcutt - C","#54 Nathaniel Campas - LT","#68 Michael Cobbs - LG",,"#67 Fred McKenzie - LDE",,"#72 Francis Holloway - DT","#53 William Pegues - DT","#75 Andy Epley - RDE","#96 Ervin Matson - SLB","#90 John Rowe - MLB",,"#94 Adam Green - SLB","#43 Marty Johnson - CB","#45 Louis Fennell - CB",,,,"#27 Hector Segura - SS","#29 Antonio Delcastillo - FS",,,,,,,,,,,,,,,,,,,,,,,,,,,,,,,,,,,,
SJS,11:13,"SJS 44",1,1,10,"Weak I Big WR Post TE Out","Goal Line 3 Deep Man",,0,0,"1-10-SJS 44 (11:12) 18-Brian Carmichael pass Pass knocked down by 94-Adam Green. incomplete, intended for 83-Ivan Humphrey.","#18 Brian Carmichael - QB","#1 Robert Byrd - WR",,,"#23 David Hartwig - C","#86 Harold Hedberg - RB","#83 Ivan Humphrey - WR","#12 David Barfield - WR",,,,,"#77 Robert Cobbs - LT","#66 Rico Heath - LG","#65 Warren Northcutt - C","#54 Nathaniel Campas - LT","#70 Christopher Mooneyhan - LT",,"#67 Fred McKenzie - LDE","#73 Robert McMeans - LDE","#72 Francis Holloway - DT","#53 William Pegues - DT","#75 Andy Epley - RDE","#96 Ervin Matson - SLB","#90 John Rowe - MLB",,"#94 Adam Green - SLB","#43 Marty Johnson - CB","#45 Louis Fennell - CB",,,,"#27 Hector Segura - SS",,,,,,,,,,,,,,,,,,,,,,,,,,,,,,,,,,,,,
SJS,11:08,"SJS 44",1,2,10,"I Formation Power PA Flats","Goal Line Attack #2",2,0,0,"2-10-SJS 44 (11:09) 18-Brian Carmichael pass complete to 1-Robert Byrd to SJS 46 for 2 yards. Tackle by 45-Louis Fennell.","#18 Brian Carmichael - QB","#83 Ivan Humphrey - WR",,"#86 Harold Hedberg - RB","#23 David Hartwig - C","#1 Robert Byrd - WR",,"#12 David Barfield - WR",,,,,"#77 Robert Cobbs - LT","#66 Rico Heath - LG","#65 Warren Northcutt - C","#54 Nathaniel Campas - LT","#70 Christopher Mooneyhan - LT",,"#67 Fred McKenzie - LDE","#73 Robert McMeans - LDE","#72 Francis Holloway - DT","#53 William Pegues - DT","#75 Andy Epley - RDE","#96 Ervin Matson - SLB","#90 John Rowe - MLB",,"#94 Adam Green - SLB","#43 Marty Johnson - CB","#45 Louis Fennell - CB",,,,"#27 Hector Segura - SS",,,,,,,,,,,,,,,,,,,,,,,,,,,,,,,,,,,,,
SJS,10:30,"SJS 46",1,3,8,"Weak I Big WR Post TE Out","Goal Line 3 Deep Man",14,0,0,"3-8-SJS 46 (10:29) 18-Brian Carmichael pass complete to 83-Ivan Humphrey to SCS 40 for 14 yards. Tackle by 94-Adam Green. 90-John Rowe got away with a hold on that play.","#18 Brian Carmichael - QB","#1 Robert Byrd - WR",,,"#23 David Hartwig - C","#86 Harold Hedberg - RB","#83 Ivan Humphrey - WR","#12 David Barfield - WR",,,,,"#77 Robert Cobbs - LT","#66 Rico Heath - LG","#65 Warren Northcutt - C","#54 Nathaniel Campas - LT","#70 Christopher Mooneyhan - LT",,"#67 Fred McKenzie - LDE","#73 Robert McMeans - LDE","#72 Francis Holloway - DT","#53 William Pegues - DT","#75 Andy Epley - RDE","#96 Ervin Matson - SLB","#90 John Rowe - MLB",,"#94 Adam Green - SLB","#43 Marty Johnson - CB","#45 Louis Fennell - CB",,,,"#27 Hector Segura - SS",,,,,,,,,,,,,,,,,,,,,,,,,,,,,,,,,,,,,
SJS,9:48,"SCS 40",1,1,10,"I Formation Power PA Flats","Goal Line 3 Deep Man",11,0,0,"1-10-SCS 40 (9:47) 18-Brian Carmichael pass complete to 23-David Hartwig to SCS 29 for 11 yards. Tackle by 29-Antonio Delcastillo.","#18 Brian Carmichael - QB","#83 Ivan Humphrey - WR",,"#86 Harold Hedberg - RB","#14 Andres Freeman - RB","#23 David Hartwig - C",,"#88 Harold Marshall - WR",,,,,"#77 Robert Cobbs - LT","#70 Christopher Mooneyhan - LT","#65 Warren Northcutt - C","#54 Nathaniel Campas - LT","#68 Michael Cobbs - LG",,"#67 Fred McKenzie - LDE","#73 Robert McMeans - LDE","#72 Francis Holloway - DT","#53 William Pegues - DT","#75 Andy Epley - RDE","#96 Ervin Matson - SLB","#90 John Rowe - MLB",,"#54 James Perez - WLB","#44 Tanner Ontiveros - CB","#29 Antonio Delcastillo - FS",,,,"#39 Patrick West - SS",,,,,,,,,,,,,,,,,,,,,,,,,,,,,,,,,,,,,
SJS,9:01,"SCS 29",1,1,10,"Singleback Big WR Deep","4-3 Under 2 Deep Flat Outside",,0,0,"1-10-SCS 29 (9:00) 18-Brian Carmichael pass Pass knocked down by 90-John Rowe. incomplete, intended for 1-Robert Byrd. Pressure by 77-Jeffrey Tate.","#18 Brian Carmichael - QB","#14 Andres Freeman - RB",,,,"#1 Robert Byrd - WR","#23 David Hartwig - C","#88 Harold Marshall - WR",,"#12 David Barfield - WR",,,"#77 Robert Cobbs - LT","#70 Christopher Mooneyhan - LT","#65 Warren Northcutt - C","#54 Nathaniel Campas - LT","#68 Michael Cobbs - LG",,"#67 Fred McKenzie - LDE",,"#72 Francis Holloway - DT","#53 William Pegues - DT","#77 Jeffrey Tate - RDE","#51 Luke Walcott - MLB","#90 John Rowe - MLB",,"#94 Adam Green - SLB","#43 Marty Johnson - CB","#45 Louis Fennell - CB",,,,"#27 Hector Segura - SS","#29 Antonio Delcastillo - FS",,,,,,,,,,,,,,,,,,,,,,,,,,,,,,,,,,,,
SJS,8:55,"SCS 29",1,2,10,"Singleback Big WR Deep","4-3 Under Strong Blitz Outside",13,0,0,"2-10-SCS 29 (8:56) 18-Brian Carmichael pass complete to 1-Robert Byrd to SCS 16 for 13 yards. Tackle by 44-Tanner Ontiveros.","#18 Brian Carmichael - QB","#23 David Hartwig - C",,,,"#1 Robert Byrd - WR","#86 Harold Hedberg - RB","#83 Ivan Humphrey - WR",,"#88 Harold Marshall - WR",,,"#77 Robert Cobbs - LT","#70 Christopher Mooneyhan - LT","#65 Warren Northcutt - C","#54 Nathaniel Campas - LT","#68 Michael Cobbs - LG",,"#67 Fred McKenzie - LDE",,"#72 Francis Holloway - DT","#53 William Pegues - DT","#75 Andy Epley - RDE","#96 Ervin Matson - SLB","#51 Luke Walcott - MLB",,"#54 James Perez - WLB","#44 Tanner Ontiveros - CB","#43 Marty Johnson - CB",,,,"#39 Patrick West - SS","#29 Antonio Delcastillo - FS",,,,,,,,,,,,,,,,,,,,,,,,,,,,,,,,,,,,
SJS,8:13,"SCS 16",1,1,10,"I Formation Power PA Flats","Goal Line 3 Deep Man",2,0,0,"1-10-SCS 16 (8:12) 18-Brian Carmichael pass complete to 23-David Hartwig to SCS 14 for 2 yards. Tackle by 44-Tanner Ontiveros.","#18 Brian Carmichael - QB","#14 Andres Freeman - RB",,"#45 Ramon Moffett - TE","#81 Thomas Fane - TE","#23 David Hartwig - C",,"#12 David Barfield - WR",,,,,"#77 Robert Cobbs - LT","#66 Rico Heath - LG","#65 Warren Northcutt - C","#54 Nathaniel Campas - LT","#70 Christopher Mooneyhan - LT",,"#67 Fred McKenzie - LDE","#73 Robert McMeans - LDE","#72 Francis Holloway - DT","#53 William Pegues - DT","#77 Jeffrey Tate - RDE","#94 Adam Green - SLB","#51 Luke Walcott - MLB",,"#96 Ervin Matson - SLB","#45 Louis Fennell - CB","#44 Tanner Ontiveros - CB",,,,"#27 Hector Segura - SS",,,,,,,,,,,,,,,,,,,,,,,,,,,,,,,,,,,,,
SJS,7:29,"SCS 14",1,2,8,"I Formation Power Play Action HB Downfield","Goal Line Attack #1",7,0,0,"2-8-SCS 14 (7:28) 18-Brian Carmichael ran to SCS 7 for 7 yards. 43-Marty Johnson got away with a hold on that play. 18-Brian Carmichael slides to avoid being hit. SJS 65-Warren Northcutt was injured on the play. He looks like he should be able to return. SCS 73-Robert McMeans was injured on the play. He looks like he should be able to return.","#18 Brian Carmichael - QB","#83 Ivan Humphrey - WR",,"#86 Harold Hedberg - RB","#14 Andres Freeman - RB","#1 Robert Byrd - WR",,"#12 David Barfield - WR",,,,,"#77 Robert Cobbs - LT","#66 Rico Heath - LG","#65 Warren Northcutt - C","#54 Nathaniel Campas - LT","#70 Christopher Mooneyhan - LT",,"#67 Fred McKenzie - LDE","#73 Robert McMeans - LDE","#72 Francis Holloway - DT","#53 William Pegues - DT","#75 Andy Epley - RDE","#51 Luke Walcott - MLB","#90 John Rowe - MLB",,"#94 Adam Green - SLB","#43 Marty Johnson - CB","#45 Louis Fennell - CB",,,,"#39 Patrick West - SS",,,,,,,,,,,,,,,,,,,,,,,,,,,,,,,,,,,,,
SJS,6:49,"SCS 7",1,3,1,"Goal Line Normal HB Pitch Weak","Goal Line 3 Deep Man",2,0,0,"3-1-SCS 7 (6:48) 14-Andres Freeman ran to SCS 5 for 2 yards. Tackle by 90-John Rowe. SCS 59-Robert McKay was injured on the play. He looks like he should be able to return.","#18 Brian Carmichael - QB","#14 Andres Freeman - RB",,"#45 Ramon Moffett - TE","#81 Thomas Fane - TE","#23 David Hartwig - C","#86 Harold Hedberg - RB",,,,,,"#77 Robert Cobbs - LT","#66 Rico Heath - LG","#73 Robert Beal - C","#64 Daniel Taylor - LG","#68 Michael Cobbs - LG",,"#67 Fred McKenzie - LDE","#59 Robert McKay - RDE","#72 Francis Holloway - DT","#53 William Pegues - DT","#75 Andy Epley - RDE","#94 Adam Green - SLB","#90 John Rowe - MLB",,"#54 James Perez - WLB","#44 Tanner Ontiveros - CB","#29 Antonio Delcastillo - FS",,,,"#27 Hector Segura - SS",,,,,,,,,,,,,,,,,,,,,,,,,,,,,,,,,,,,,
SJS,6:04,"SCS 5",1,1,5,"I Formation Power PA Flats","Goal Line 3 Deep Man",5,0,0,"1-5-SCS 5 (6:03) 18-Brian Carmichael pass complete to 23-David Hartwig to SCS 0 for 5 yards. Tackle by 96-Ervin Matson.","#18 Brian Carmichael - QB","#83 Ivan Humphrey - WR",,"#86 Harold Hedberg - RB","#14 Andres Freeman - RB","#23 David Hartwig - C",,"#88 Harold Marshall - WR",,,,,"#77 Robert Cobbs - LT","#70 Christopher Mooneyhan - LT","#68 Michael Cobbs - LG","#54 Nathaniel Campas - LT","#75 James Riley - LG",,"#67 Fred McKenzie - LDE","#53 William Pegues - DT","#72 Francis Holloway - DT","#69 Michael Walker - DT","#75 Andy Epley - RDE","#96 Ervin Matson - SLB","#90 John Rowe - MLB",,"#94 Adam Green - SLB","#45 Louis Fennell - CB","#44 Tanner Ontiveros - CB",,,,"#27 Hector Segura - SS",,,,,,,,,,,,,,,,,,,,,,,,,,,,,,,,,,,,,
SJS,5:25,"SCS 0",1,2,,"Goal Line Normal HB Pitch Weak","Goal Line Attack #2",,6,0,"2-1-SCS 0 (5:24) 1-Robert Byrd ran for 0 yards. TOUCHDOWN! SJS 6 SCS 0","#18 Brian Carmichael - QB","#1 Robert Byrd - WR",,"#81 Thomas Fane - TE","#14 Andres Freeman - RB","#12 David Barfield - WR","#86 Harold Hedberg - RB",,,,,,"#77 Robert Cobbs - LT","#66 Rico Heath - LG","#68 Michael Cobbs - LG","#64 Daniel Taylor - LG","#75 James Riley - LG",,"#67 Fred McKenzie - LDE","#77 Jeffrey Tate - RDE","#72 Francis Holloway - DT","#53 William Pegues - DT","#75 Andy Epley - RDE","#54 James Perez - WLB","#51 Luke Walcott - MLB",,"#94 Adam Green - SLB","#43 Marty Johnson - CB","#44 Tanner Ontiveros - CB",,,,"#39 Patrick West - SS",,,,,,,,,,,,,,,,,,,,,,,,,,,,,,,,,,,,,
SJS,5:21,"SCS 2",1,7,2,"Goal Line Normal HB Pitch Weak","Nickel Strong FS WLB Blitz",2,8,0,"(5:22) 86-Harold Hedberg ran for 2 yards. CONVERSION GOOD! SJS 8 SCS 0","#18 Brian Carmichael - QB","#86 Harold Hedberg - RB",,"#14 Andres Freeman - RB","#83 Ivan Humphrey - WR","#12 David Barfield - WR","#23 David Hartwig - C",,,,,,"#77 Robert Cobbs - LT","#66 Rico Heath - LG","#68 Michael Cobbs - LG","#64 Daniel Taylor - LG","#75 James Riley - LG",,"#67 Fred McKenzie - LDE",,"#72 Francis Holloway - DT","#53 William Pegues - DT","#75 Andy Epley - RDE",,"#90 John Rowe - MLB",,"#94 Adam Green - SLB","#43 Marty Johnson - CB","#44 Tanner Ontiveros - CB",,"#39 Patrick West - SS",,"#27 Hector Segura - SS","#29 Antonio Delcastillo - FS",,,,,,,,,,,,,,,,,,,,,,,,,,,,,,,,,,,,
SJS,5:21,"SJS 35",1,6,10,Kickoff,"Kick Return",75,8,0,"(5:22) 16-Steve Jones kicks 75 yards from SJS 35 to SCS -10. Touchback.",,,,,,,,,,,,,,,,,,,,,,,,,,,,,,,,,,,,,,"#49 Franklin Benevides - RB",,"#77 Jeffrey Tate - RDE","#44 Tanner Ontiveros - CB","#67 Fred McKenzie - LDE","#96 Ervin Matson - SLB","#90 John Rowe - MLB","#29 Antonio Delcastillo - FS","#43 Marty Johnson - CB","#45 Louis Fennell - CB","#94 Adam Green - SLB","#27 Hector Segura - SS","#16 Steve Jones - K",,,,,,,,,,,,,,,,,,,,
SCS,5:21,"SCS 25",1,1,10,"I Formation Normal SE Post","Goal Line Attack #3",,8,0,"1-10-SCS 25 (5:22) (Hot Read) 8-John Barrios pass incomplete, dropped by 80-Louis Prosser. The coverage on that play was extremely tight. Pressure by 37-Jason Winborne.","#8 John Barrios - QB","#47 Matthew Tipps - RB",,,"#80 Louis Prosser - TE","#82 Donald Maclennan - TE",,"#11 Jonathan Phillips - WR",,"#16 Thomas Kellogg - WR",,,"#68 Hollis Nash - LT","#50 Herbert Landers - LG","#65 Robert Jones - C","#55 Michael Becker - RG","#62 Ronald Matthews - RT",,"#53 Alvin Lombardi - RDE","#59 Edward McVay - RDE","#52 Sean Burrows - LDE","#60 Mark Mix - RDE","#96 William Cooley - RDE","#94 Ian Self - RDE","#55 Michael Gatlin - CB",,"#37 Jason Winborne - CB","#42 Robert Guerrero - CB","#24 Wendell Vaughn - CB",,,,"#28 Louis Anderson - CB",,,,,,,,,,,,,,,,,,,,,,,,,,,,,,,,,,,,,
SCS,5:18,"SCS 25",1,2,10,"Singleback Normal Post Corner","Goal Line Attack #2",,8,0,"2-10-SCS 25 (5:19) (Hot Read) 8-John Barrios pass incomplete, dropped by 40-Matthew Tipps. Excellent coverage on that play. Pressure by 94-Ian Self.","#8 John Barrios - QB","#47 Matthew Tipps - RB",,,,"#82 Donald Maclennan - TE",,"#11 Jonathan Phillips - WR","#81 Thomas Free - WR","#16 Thomas Kellogg - WR",,,"#68 Hollis Nash - LT","#50 Herbert Landers - LG","#65 Robert Jones - C","#55 Michael Becker - RG","#62 Ronald Matthews - RT",,"#53 Alvin Lombardi - RDE","#59 Edward McVay - RDE","#52 Sean Burrows - LDE","#60 Mark Mix - RDE","#96 William Cooley - RDE","#94 Ian Self - RDE","#55 Michael Gatlin - CB",,"#37 Jason Winborne - CB","#42 Robert Guerrero - CB","#24 Wendell Vaughn - CB",,,,"#28 Louis Anderson - CB",,,,,,,,,,,,,,,,,,,,,,,,,,,,,,,,,,,,,
SCS,5:15,"SCS 25",1,3,10,"Strong I Normal WR Post TE Out","Goal Line Attack #3",-10,8,0,"3-10-SCS 25 (5:16) 8-John Barrios sacked at SCS 15 for -10 yards (55-Michael Gatlin)","#8 John Barrios - QB","#47 Matthew Tipps - RB",,,"#80 Louis Prosser - TE","#82 Donald Maclennan - TE",,"#11 Jonathan Phillips - WR",,"#16 Thomas Kellogg - WR",,,"#68 Hollis Nash - LT","#50 Herbert Landers - LG","#65 Robert Jones - C","#55 Michael Becker - RG","#62 Ronald Matthews - RT",,"#96 Jose Wright - RDE","#59 Edward McVay - RDE","#53 Alvin Lombardi - RDE","#60 Mark Mix - RDE","#96 William Cooley - RDE","#94 Ian Self - RDE","#55 Michael Gatlin - CB",,"#37 Jason Winborne - CB","#42 Robert Guerrero - CB","#24 Wendell Vaughn - CB",,,,"#28 Louis Anderson - CB",,,,,,,,,,,,,,,,,,,,,,,,,,,,,,,,,,,,,
SCS,4:31,"SCS 15",1,4,20,Punt,"Punt Return",59,8,0,"4-20-SCS 15 (4:30) 14-Timothy Rhynes punts 59 yards to SJS 27.",,,,,,,,,,,,,,,,,,"#14 Timothy Rhynes - P",,,,,,,,,,,,,,,,,,,"#62 Ronald Matthews - RT",,"#83 Ivan Humphrey - WR",,,"#86 Harold Hedberg - RB","#32 Clyde Belcher - CB","#70 Christopher Mooneyhan - LT",,"#23 David Hartwig - C","#81 Thomas Fane - TE",,"#25 Brett Rix - CB",,,,"#49 Franklin Benevides - RB","#56 Clifton Winston - LG","#68 Hollis Nash - LT","#80 Louis Prosser - TE","#50 Herbert Landers - LG","#36 Juan Francis - RB",,"#96 William Cooley - RDE","#55 Michael Gatlin - CB","#53 Alvin Lombardi - RDE","#60 Mark Mix - RDE",,,,,,,
SJS,4:19,"SJS 27",1,1,10,"I Formation Normal FL Hitch","4-3 Under Crowd Middle",,8,0,"1-10-SJS 27 (4:20) 18-Brian Carmichael pass incomplete, dropped by 83-Ivan Humphrey.","#18 Brian Carmichael - QB","#14 Andres Freeman - RB",,,"#45 Ramon Moffett - TE","#83 Ivan Humphrey - WR",,"#1 Robert Byrd - WR",,"#12 David Barfield - WR",,,"#75 James Riley - LG","#66 Rico Heath - LG","#68 Michael Cobbs - LG","#64 Daniel Taylor - LG","#77 Robert Cobbs - LT",,"#59 Robert McKay - RDE",,"#72 Francis Holloway - DT","#53 William Pegues - DT","#75 Andy Epley - RDE","#96 Ervin Matson - SLB","#51 Luke Walcott - MLB",,"#94 Adam Green - SLB","#45 Louis Fennell - CB","#44 Tanner Ontiveros - CB",,,,"#27 Hector Segura - SS","#29 Antonio Delcastillo - FS",,,,,,,,,,,,,,,,,,,,,,,,,,,,,,,,,,,,
SJS,4:16,"SJS 27",1,2,10,"I Formation Normal PA Fullback Flat","4-3 Under Shallow Right Zone",,8,0,"2-10-SJS 27 (4:17) 18-Brian Carmichael pass complete to 86-Harold Hedberg to SJS 27 for a short gain. Tackle by 45-Louis Fennell.","#18 Brian Carmichael - QB","#83 Ivan Humphrey - WR",,,"#86 Harold Hedberg - RB","#23 David Hartwig - C",,"#1 Robert Byrd - WR",,"#12 David Barfield - WR",,,"#75 James Riley - LG","#66 Rico Heath - LG","#68 Michael Cobbs - LG","#64 Daniel Taylor - LG","#77 Robert Cobbs - LT",,"#59 Robert McKay - RDE",,"#72 Francis Holloway - DT","#53 William Pegues - DT","#75 Andy Epley - RDE","#96 Ervin Matson - SLB","#51 Luke Walcott - MLB",,"#94 Adam Green - SLB","#45 Louis Fennell - CB","#44 Tanner Ontiveros - CB",,,,"#27 Hector Segura - SS","#29 Antonio Delcastillo - FS",,,,,,,,,,,,,,,,,,,,,,,,,,,,,,,,,,,,
SJS,3:40,"SJS 27",1,3,10,"I Formation 3WR Slot Short WR Deep","Nickel Normal Double WR1",9,8,0,"3-10-SJS 27 (3:39) 18-Brian Carmichael pass complete to 86-Harold Hedberg to SJS 36 for 9 yards. Tackle by 43-Marty Johnson.","#18 Brian Carmichael - QB","#83 Ivan Humphrey - WR",,,"#23 David Hartwig - C",,,"#1 Robert Byrd - WR","#86 Harold Hedberg - RB","#12 David Barfield - WR",,,"#77 Robert Cobbs - LT","#66 Rico Heath - LG","#68 Michael Cobbs - LG","#64 Daniel Taylor - LG","#75 James Riley - LG",,"#59 Robert McKay - RDE",,"#72 Francis Holloway - DT","#53 William Pegues - DT","#75 Andy Epley - RDE",,"#51 Luke Walcott - MLB",,"#94 Adam Green - SLB","#43 Marty Johnson - CB","#45 Louis Fennell - CB",,"#44 Tanner Ontiveros - CB",,"#27 Hector Segura - SS","#29 Antonio Delcastillo - FS",,,,,,,,,,,,,,,,,,,,,,,,,,,,,,,,,,,,
SJS,2:58,"SJS 36",1,4,,"Weak I Normal WR Corner TE Middle","4-3 Under Crowd Middle",,8,0,"4-1-SJS 36 (2:57) 18-Brian Carmichael pass Pass knocked down by 90-John Rowe. incomplete, intended for 88-Harold Marshall. Turnover on downs.","#18 Brian Carmichael - QB","#1 Robert Byrd - WR",,,"#14 Andres Freeman - RB","#88 Harold Marshall - WR",,"#83 Ivan Humphrey - WR",,"#12 David Barfield - WR",,,"#77 Robert Cobbs - LT","#70 Christopher Mooneyhan - LT","#68 Michael Cobbs - LG","#54 Nathaniel Campas - LT","#75 James Riley - LG",,"#67 Fred McKenzie - LDE",,"#72 Francis Holloway - DT","#53 William Pegues - DT","#75 Andy Epley - RDE","#96 Ervin Matson - SLB","#90 John Rowe - MLB",,"#94 Adam Green - SLB","#45 Louis Fennell - CB","#44 Tanner Ontiveros - CB",,,,"#27 Hector Segura - SS","#29 Antonio Delcastillo - FS",,,,,,,,,,,,,,,,,,,,,,,,,,,,,,,,,,,,
SCS,2:53,"SJS 36",1,1,10,"Weak I Normal Skinny Posts","Goal Line Attack #3",11,8,0,"1-10-SJS 36 (2:54) 8-John Barrios pass complete to 82-Donald Maclennan to SJS 26 for 11 yards. Tackle by 60-Mark Mix. SCS 68-Hollis Nash was injured on the play. He looks like he should be able to return.","#8 John Barrios - QB","#47 Matthew Tipps - RB",,,"#80 Louis Prosser - TE","#82 Donald Maclennan - TE",,"#11 Jonathan Phillips - WR",,"#16 Thomas Kellogg - WR",,,"#68 Hollis Nash - LT","#50 Herbert Landers - LG","#65 Robert Jones - C","#55 Michael Becker - RG","#62 Ronald Matthews - RT",,"#96 Jose Wright - RDE","#59 Edward McVay - RDE","#53 Alvin Lombardi - RDE","#60 Mark Mix - RDE","#96 William Cooley - RDE","#94 Ian Self - RDE","#55 Michael Gatlin - CB",,"#37 Jason Winborne - CB","#42 Robert Guerrero - CB","#24 Wendell Vaughn - CB",,,,"#28 Louis Anderson - CB",,,,,,,,,,,,,,,,,,,,,,,,,,,,,,,,,,,,,
SCS,2:19,"SJS 26",1,1,10,"I Formation Normal Curl & Post","Goal Line Attack #3",,8,0,"1-10-SJS 26 (2:18) (Hot Read) 8-John Barrios pass Pass knocked down by 57-Jose Wright. incomplete, intended for 80-Louis Prosser. Pressure by 37-Jason Winborne.","#8 John Barrios - QB","#47 Matthew Tipps - RB",,,"#80 Louis Prosser - TE","#82 Donald Maclennan - TE",,"#11 Jonathan Phillips - WR",,"#16 Thomas Kellogg - WR",,,"#62 Ivan Epps - LT","#50 Herbert Landers - LG","#65 Robert Jones - C","#55 Michael Becker - RG","#62 Ronald Matthews - RT",,"#96 Jose Wright - RDE","#59 Edward McVay - RDE","#53 Alvin Lombardi - RDE","#60 Mark Mix - RDE","#96 William Cooley - RDE","#94 Ian Self - RDE","#55 Michael Gatlin - CB",,"#37 Jason Winborne - CB","#42 Robert Guerrero - CB","#24 Wendell Vaughn - CB",,,,"#28 Louis Anderson - CB",,,,,,,,,,,,,,,,,,,,,,,,,,,,,,,,,,,,,
SCS,2:14,"SJS 26",1,2,10,"Strong I Normal Quick Hooks","Goal Line Attack #2",,8,0,"2-10-SJS 26 (2:15) 8-John Barrios pass incomplete, dropped by 11-Jonathan Phillips. That was a dangerous pass.","#8 John Barrios - QB","#47 Matthew Tipps - RB",,,"#80 Louis Prosser - TE","#82 Donald Maclennan - TE",,"#11 Jonathan Phillips - WR",,"#16 Thomas Kellogg - WR",,,"#62 Ivan Epps - LT","#50 Herbert Landers - LG","#65 Robert Jones - C","#55 Michael Becker - RG","#62 Ronald Matthews - RT",,"#53 Alvin Lombardi - RDE","#96 Jose Wright - RDE","#96 William Cooley - RDE","#60 Mark Mix - RDE","#59 Edward McVay - RDE","#94 Ian Self - RDE","#55 Michael Gatlin - CB",,"#37 Jason Winborne - CB","#42 Robert Guerrero - CB","#24 Wendell Vaughn - CB",,,,"#28 Louis Anderson - CB",,,,,,,,,,,,,,,,,,,,,,,,,,,,,,,,,,,,,
SCS,2:12,"SJS 26",1,3,10,"Singleback Big WR Deep","Goal Line Attack #1",,8,0,"3-10-SJS 26 (2:13) (Hot Read) 8-John Barrios pass incomplete, intended for 40-Matthew Tipps. Pressure by 37-Jason Winborne.","#8 John Barrios - QB","#47 Matthew Tipps - RB",,,,"#82 Donald Maclennan - TE","#80 Louis Prosser - TE","#11 Jonathan Phillips - WR",,"#16 Thomas Kellogg - WR",,,"#62 Ivan Epps - LT","#50 Herbert Landers - LG","#65 Robert Jones - C","#55 Michael Becker - RG","#62 Ronald Matthews - RT",,"#53 Alvin Lombardi - RDE","#59 Edward McVay - RDE","#52 Sean Burrows - LDE","#60 Mark Mix - RDE","#96 William Cooley - RDE","#94 Ian Self - RDE","#55 Michael Gatlin - CB",,"#37 Jason Winborne - CB","#42 Robert Guerrero - CB","#24 Wendell Vaughn - CB",,,,"#28 Louis Anderson - CB",,,,,,,,,,,,,,,,,,,,,,,,,,,,,,,,,,,,,
SCS,2:10,"SJS 26",1,4,10,"Field Goal","FG Block",37,8,3,"4-10-SJS 26 (2:11) 93-Antonio Washington 44 yard field goal is GOOD. SJS 8 SCS 3",,,,,,,,,,,,,,,,,,,,,,,,,,,,,,,,,,,,"#8 John Barrios - QB","#62 Ronald Matthews - RT",,,,,,,,,,,,,,"#93 Antonio Washington - K","#47 Matthew Tipps - RB","#49 Franklin Benevides - RB","#56 Clifton Winston - LG","#82 Donald Maclennan - TE","#80 Louis Prosser - TE","#50 Herbert Landers - LG","#36 Juan Francis - RB","#60 Eric McMahon - RT","#12 David Barfield - WR","#53 Alvin Lombardi - RDE","#60 Mark Mix - RDE","#32 Clyde Belcher - CB","#25 Brett Rix - CB","#94 Ian Self - RDE","#89 Harold McArdle - CB","#55 Michael Gatlin - CB","#96 William Cooley - RDE","#28 Louis Anderson - CB","#32 Mike Woodward - FS"
SCS,2:06,"SCS 35",1,6,10,Kickoff,"Kick Return",,8,3,"(2:07) 93-Antonio Washington kicks 67 yards from SCS 35 to SJS -2. 83-Ivan Humphrey to SJS 27 for 30 yards. Tackle by 44-Tanner Ontiveros. SCS 90-John Rowe was injured on the play. He looks like he should be able to return.",,,,,,,,,,,,,,,,,,,,,,,,,,,,,,,,,,,,,,"#83 Ivan Humphrey - WR",,"#81 Thomas Fane - TE","#64 Daniel Taylor - LG","#87 Oliver Jeter - WR","#68 Michael Cobbs - LG","#23 David Hartwig - C","#66 Rico Heath - LG","#12 David Barfield - WR","#86 Harold Hedberg - RB","#45 Ramon Moffett - TE","#75 James Riley - LG","#93 Antonio Washington - K",,,,,,,,,,,,,,,,,,,,
SJS,2:01,"SJS 27",1,1,10,"Weak I Normal WR Corner TE Middle","4-3 Under Crowd Middle Deep Man",,8,3,"1-10-SJS 27 (2:02) 18-Brian Carmichael pass Pass knocked down by 39-Patrick West. incomplete, intended for 23-David Hartwig.","#18 Brian Carmichael - QB","#1 Robert Byrd - WR",,,"#86 Harold Hedberg - RB","#23 David Hartwig - C",,"#88 Harold Marshall - WR",,"#12 David Barfield - WR",,,"#77 Robert Cobbs - LT","#70 Christopher Mooneyhan - LT","#65 Warren Northcutt - C","#54 Nathaniel Campas - LT","#75 James Riley - LG",,"#73 Robert McMeans - LDE",,"#72 Francis Holloway - DT","#53 William Pegues - DT","#75 Andy Epley - RDE","#54 James Perez - WLB","#51 Luke Walcott - MLB",,"#94 Adam Green - SLB","#43 Marty Johnson - CB","#45 Louis Fennell - CB",,,,"#39 Patrick West - SS","#27 Hector Segura - SS",,,,,,,,,,,,,,,,,,,,,,,,,,,,,,,,,,,,
SJS,1:59,"SJS 27",1,2,10,"I Formation 3WR PA Fullback Flat","Nickel Normal 3 Deep Man Under",15,8,3,"2-10-SJS 27 (2:00) 18-Brian Carmichael pass complete to 12-David Barfield to SJS 42 for 15 yards. Tackle by 45-Louis Fennell.","#18 Brian Carmichael - QB","#83 Ivan Humphrey - WR",,,"#23 David Hartwig - C",,,"#1 Robert Byrd - WR","#86 Harold Hedberg - RB","#12 David Barfield - WR",,,"#77 Robert Cobbs - LT","#66 Rico Heath - LG","#65 Warren Northcutt - C","#64 Daniel Taylor - LG","#75 James Riley - LG",,"#67 Fred McKenzie - LDE",,"#72 Francis Holloway - DT","#53 William Pegues - DT","#75 Andy Epley - RDE",,"#51 Luke Walcott - MLB",,"#94 Adam Green - SLB","#43 Marty Johnson - CB","#45 Louis Fennell - CB",,"#44 Tanner Ontiveros - CB",,"#27 Hector Segura - SS","#29 Antonio Delcastillo - FS",,,,,,,,,,,,,,,,,,,,,,,,,,,,,,,,,,,,
SJS,1:26,"SJS 42",1,1,10,"I Formation Normal FL Hitch","4-3 Under Shallow Right Zone",,8,3,"1-10-SJS 42 (1:25) 18-Brian Carmichael pass incomplete, dropped by 23-David Hartwig.","#18 Brian Carmichael - QB","#83 Ivan Humphrey - WR",,,"#86 Harold Hedberg - RB","#23 David Hartwig - C",,"#1 Robert Byrd - WR",,"#12 David Barfield - WR",,,"#75 James Riley - LG","#66 Rico Heath - LG","#65 Warren Northcutt - C","#64 Daniel Taylor - LG","#77 Robert Cobbs - LT",,"#67 Fred McKenzie - LDE",,"#72 Francis Holloway - DT","#53 William Pegues - DT","#75 Andy Epley - RDE","#96 Ervin Matson - SLB","#51 Luke Walcott - MLB",,"#94 Adam Green - SLB","#43 Marty Johnson - CB","#45 Louis Fennell - CB",,,,"#27 Hector Segura - SS","#29 Antonio Delcastillo - FS",,,,,,,,,,,,,,,,,,,,,,,,,,,,,,,,,,,,
SJS,1:20,"SJS 42",1,2,10,"I Formation Normal FL Hitch","4-3 Under Inside LB Blitz",8,8,3,"2-10-SJS 42 (1:21) 18-Brian Carmichael pass complete to 23-David Hartwig to SCS 50 for 8 yards. Tackle by 72-Francis Holloway.","#18 Brian Carmichael - QB","#83 Ivan Humphrey - WR",,,"#86 Harold Hedberg - RB","#23 David Hartwig - C",,"#1 Robert Byrd - WR",,"#12 David Barfield - WR",,,"#75 James Riley - LG","#66 Rico Heath - LG","#65 Warren Northcutt - C","#64 Daniel Taylor - LG","#77 Robert Cobbs - LT",,"#67 Fred McKenzie - LDE",,"#72 Francis Holloway - DT","#53 William Pegues - DT","#75 Andy Epley - RDE","#96 Ervin Matson - SLB","#51 Luke Walcott - MLB",,"#94 Adam Green - SLB","#43 Marty Johnson - CB","#45 Louis Fennell - CB",,,,"#27 Hector Segura - SS","#29 Antonio Delcastillo - FS",,,,,,,,,,,,,,,,,,,,,,,,,,,,,,,,,,,,
SJS,0:43,"SCS 50",1,3,2,"Goal Line Normal HB Pitch Weak","Goal Line 3 Deep Man",3,8,3,"3-2-SCS 50 (0:42) 1-Robert Byrd ran to SCS 47 for 3 yards. Tackle by 51-Luke Walcott.","#18 Brian Carmichael - QB","#1 Robert Byrd - WR",,"#14 Andres Freeman - RB","#86 Harold Hedberg - RB","#83 Ivan Humphrey - WR","#12 David Barfield - WR",,,,,,"#75 James Riley - LG","#66 Rico Heath - LG","#65 Warren Northcutt - C","#64 Daniel Taylor - LG","#68 Michael Cobbs - LG",,"#67 Fred McKenzie - LDE","#73 Robert McMeans - LDE","#72 Francis Holloway - DT","#53 William Pegues - DT","#75 Andy Epley - RDE","#96 Ervin Matson - SLB","#51 Luke Walcott - MLB",,"#94 Adam Green - SLB","#44 Tanner Ontiveros - CB","#43 Marty Johnson - CB",,,,"#39 Patrick West - SS",,,,,,,,,,,,,,,,,,,,,,,,,,,,,,,,,,,,,
SJS,0:06,"SCS 47",1,1,10,"I Formation Normal HB Blast","4-3 Under Crash Left",2,8,3,"1-10-SCS 47 (0:05) 83-Ivan Humphrey ran to SCS 45 for 2 yards. Tackle by 94-Adam Green. SCS 67-Fred McKenzie was injured on the play. He looks like he should be able to return.","#18 Brian Carmichael - QB","#83 Ivan Humphrey - WR",,,"#86 Harold Hedberg - RB","#23 David Hartwig - C",,"#88 Harold Marshall - WR",,"#12 David Barfield - WR",,,"#75 James Riley - LG","#66 Rico Heath - LG","#65 Warren Northcutt - C","#64 Daniel Taylor - LG","#77 Robert Cobbs - LT",,"#67 Fred McKenzie - LDE",,"#72 Francis Holloway - DT","#53 William Pegues - DT","#75 Andy Epley - RDE","#96 Ervin Matson - SLB","#51 Luke Walcott - MLB",,"#94 Adam Green - SLB","#45 Louis Fennell - CB","#44 Tanner Ontiveros - CB",,,,"#27 Hector Segura - SS","#29 Antonio Delcastillo - FS",,,,,,,,,,,,,,,,,,,,,,,,,,,,,,,,,,,,
,0:00,,1,2,8,,,,8,3,"End of first quarter.",,,,,,,,,,,,,,,,,,,,,,,,,,,,,,,,,,,,,,,,,,,,,,,,,,,,,,,,,,,,,,,,,,,,,,
SJS,15:00,"SCS 45",2,2,8,"Goal Line Normal PA TE Drag","Goal Line 3 Deep Man",3,8,3,"2-8-SCS 45 (15:00) 18-Brian Carmichael pass complete to 83-Ivan Humphrey to SCS 42 for 3 yards. Tackle by 43-Marty Johnson.","#18 Brian Carmichael - QB","#1 Robert Byrd - WR",,"#12 David Barfield - WR","#86 Harold Hedberg - RB","#83 Ivan Humphrey - WR","#23 David Hartwig - C",,,,,,"#75 James Riley - LG","#66 Rico Heath - LG","#65 Warren Northcutt - C","#64 Daniel Taylor - LG","#68 Michael Cobbs - LG",,"#73 Robert McMeans - LDE","#59 Robert McKay - RDE","#72 Francis Holloway - DT","#53 William Pegues - DT","#75 Andy Epley - RDE","#96 Ervin Matson - SLB","#51 Luke Walcott - MLB",,"#94 Adam Green - SLB","#43 Marty Johnson - CB","#45 Louis Fennell - CB",,,,"#27 Hector Segura - SS",,,,,,,,,,,,,,,,,,,,,,,,,,,,,,,,,,,,,
SJS,14:22,"SCS 42",2,3,5,"I Formation Power PA Flats","Goal Line 3 Deep Man",,8,3,"3-5-SCS 42 (14:21) 18-Brian Carmichael pass INTERCEPTED by 45-Louis Fennell at SCS 40. 45-Louis Fennell to SCS 40 for -0 yards. Tackle by 1-Robert Byrd.","#18 Brian Carmichael - QB","#83 Ivan Humphrey - WR",,"#86 Harold Hedberg - RB","#23 David Hartwig - C","#1 Robert Byrd - WR",,"#12 David Barfield - WR",,,,,"#77 Robert Cobbs - LT","#70 Christopher Mooneyhan - LT","#65 Warren Northcutt - C","#54 Nathaniel Campas - LT","#75 James Riley - LG",,"#73 Robert McMeans - LDE","#59 Robert McKay - RDE","#72 Francis Holloway - DT","#53 William Pegues - DT","#75 Andy Epley - RDE","#96 Ervin Matson - SLB","#51 Luke Walcott - MLB",,"#94 Adam Green - SLB","#43 Marty Johnson - CB","#45 Louis Fennell - CB",,,,"#27 Hector Segura - SS",,,,,,,,,,,,,,,,,,,,,,,,,,,,,,,,,,,,,
SCS,14:16,"SCS 40",2,1,10,"Singleback Big Off Tackle Strong","3-4 Normal Man Cover 1",3,8,3,"1-10-SCS 40 (14:17) 40-Matthew Tipps ran to SCS 42 for 3 yards. Tackle by 55-Michael Gatlin.","#8 John Barrios - QB","#47 Matthew Tipps - RB",,,,"#82 Donald Maclennan - TE","#80 Louis Prosser - TE","#11 Jonathan Phillips - WR",,"#16 Thomas Kellogg - WR",,,"#68 Hollis Nash - LT","#50 Herbert Landers - LG","#65 Robert Jones - C","#55 Michael Becker - RG","#62 Ronald Matthews - RT",,"#60 Mark Mix - RDE",,"#96 William Cooley - RDE",,"#53 Alvin Lombardi - RDE","#52 Sean Burrows - LDE","#55 Michael Gatlin - CB","#22 Raymond Moore - CB","#37 Jason Winborne - CB","#42 Robert Guerrero - CB","#24 Wendell Vaughn - CB",,,,"#32 Mike Woodward - FS","#28 Louis Anderson - CB",,,,,,,,,,,,,,,,,,,,,,,,,,,,,,,,,,,,
SCS,13:35,"SCS 42",2,2,7,"Strong I Big HB Toss Strong","Goal Line Attack #3",-6,8,3,"2-7-SCS 42 (13:34) 40-Matthew Tipps ran to SCS 36 for -6 yards. Tackle by 55-Michael Gatlin.","#8 John Barrios - QB","#47 Matthew Tipps - RB",,,"#56 Clifton Winston - LG","#82 Donald Maclennan - TE","#80 Louis Prosser - TE","#11 Jonathan Phillips - WR",,,,,"#68 Hollis Nash - LT","#50 Herbert Landers - LG","#65 Robert Jones - C","#55 Michael Becker - RG","#62 Ronald Matthews - RT",,"#53 Alvin Lombardi - RDE","#59 Edward McVay - RDE","#52 Sean Burrows - LDE","#60 Mark Mix - RDE","#96 William Cooley - RDE","#94 Ian Self - RDE","#55 Michael Gatlin - CB",,"#37 Jason Winborne - CB","#42 Robert Guerrero - CB","#24 Wendell Vaughn - CB",,,,"#28 Louis Anderson - CB",,,,,,,,,,,,,,,,,,,,,,,,,,,,,,,,,,,,,
SCS,12:59,"SCS 36",2,3,13,"Strong I Normal WR Post TE Out","Dime Flat 2 Deep Man Under",5,8,3,"3-13-SCS 36 (12:58) 8-John Barrios pass complete to 40-Matthew Tipps to SCS 42 for 5 yards. Tackle by 28-Louis Anderson. Great move by 40-Matthew Tipps to get free of his coverage.","#8 John Barrios - QB","#47 Matthew Tipps - RB",,,"#80 Louis Prosser - TE","#82 Donald Maclennan - TE",,"#11 Jonathan Phillips - WR",,"#16 Thomas Kellogg - WR",,,"#68 Hollis Nash - LT","#50 Herbert Landers - LG","#65 Robert Jones - C","#55 Michael Becker - RG","#62 Ronald Matthews - RT",,"#53 Alvin Lombardi - RDE",,"#60 Mark Mix - RDE","#96 William Cooley - RDE","#59 Edward McVay - RDE",,"#25 Brett Rix - CB",,,"#42 Robert Guerrero - CB","#24 Wendell Vaughn - CB","#28 Louis Anderson - CB","#22 Raymond Moore - CB",,"#55 Michael Gatlin - CB","#32 Mike Woodward - FS",,,,,,,,,,,,,,,,,,,,,,,,,,,,,,,,,,,,
SCS,12:18,"SCS 42",2,4,8,Punt,"Punt Return",55,8,3,"4-8-SCS 42 (12:17) 14-Timothy Rhynes punts 55 yards to SJS 4.",,,,,,,,,,,,,,,,,,"#14 Timothy Rhynes - P",,,,,,,,,,,,,,,,,,,"#62 Ronald Matthews - RT",,"#83 Ivan Humphrey - WR",,,"#86 Harold Hedberg - RB","#32 Clyde Belcher - CB","#70 Christopher Mooneyhan - LT",,"#23 David Hartwig - C","#81 Thomas Fane - TE",,"#25 Brett Rix - CB",,,,"#56 Clifton Winston - LG","#50 Herbert Landers - LG","#82 Donald Maclennan - TE","#68 Hollis Nash - LT","#80 Louis Prosser - TE","#49 Franklin Benevides - RB",,"#96 William Cooley - RDE","#55 Michael Gatlin - CB","#53 Alvin Lombardi - RDE","#60 Mark Mix - RDE",,,,,,,
SJS,12:08,"SJS 4",2,1,10,"Shotgun Normal HB Flare","Nickel Normal Man Cover 2",26,8,3,"1-10-SJS 4 (12:09) 18-Brian Carmichael pass complete to 83-Ivan Humphrey to SJS 29 for 26 yards. Tackle by 27-Hector Segura.","#18 Brian Carmichael - QB","#14 Andres Freeman - RB",,,,"#1 Robert Byrd - WR",,"#12 David Barfield - WR","#83 Ivan Humphrey - WR","#88 Harold Marshall - WR",,,"#77 Robert Cobbs - LT","#70 Christopher Mooneyhan - LT","#65 Warren Northcutt - C","#54 Nathaniel Campas - LT","#75 James Riley - LG",,"#67 Fred McKenzie - LDE",,"#72 Francis Holloway - DT","#53 William Pegues - DT","#75 Andy Epley - RDE",,"#51 Luke Walcott - MLB",,"#94 Adam Green - SLB","#44 Tanner Ontiveros - CB","#39 Patrick West - SS",,"#43 Marty Johnson - CB",,"#27 Hector Segura - SS","#29 Antonio Delcastillo - FS",,,,,,,,,,,,,,,,,,,,,,,,,,,,,,,,,,,,
SJS,11:31,"SJS 29",2,1,10,"I Formation Power PA Flats","Goal Line 3 Deep Man",25,8,3,"1-10-SJS 29 (11:30) 18-Brian Carmichael pass complete to 86-Harold Hedberg to SCS 46 for 25 yards.","#18 Brian Carmichael - QB","#83 Ivan Humphrey - WR",,"#86 Harold Hedberg - RB","#23 David Hartwig - C","#1 Robert Byrd - WR",,"#12 David Barfield - WR",,,,,"#77 Robert Cobbs - LT","#70 Christopher Mooneyhan - LT","#65 Warren Northcutt - C","#54 Nathaniel Campas - LT","#75 James Riley - LG",,"#67 Fred McKenzie - LDE","#73 Robert McMeans - LDE","#72 Francis Holloway - DT","#53 William Pegues - DT","#75 Andy Epley - RDE","#96 Ervin Matson - SLB","#51 Luke Walcott - MLB",,"#94 Adam Green - SLB","#44 Tanner Ontiveros - CB","#29 Antonio Delcastillo - FS",,,,"#27 Hector Segura - SS",,,,,,,,,,,,,,,,,,,,,,,,,,,,,,,,,,,,,
SJS,10:44,"SCS 46",2,1,10,"I Formation Power Play Action HB Downfield","Goal Line 3 Deep Man",7,8,3,"1-10-SCS 46 (10:43) 18-Brian Carmichael pass complete to 23-David Hartwig to SCS 38 for 7 yards. Tackle by 96-Ervin Matson.","#18 Brian Carmichael - QB","#14 Andres Freeman - RB",,"#45 Ramon Moffett - TE","#81 Thomas Fane - TE","#23 David Hartwig - C",,"#12 David Barfield - WR",,,,,"#77 Robert Cobbs - LT","#66 Rico Heath - LG","#65 Warren Northcutt - C","#54 Nathaniel Campas - LT","#75 James Riley - LG",,"#59 Robert McKay - RDE","#53 William Pegues - DT","#72 Francis Holloway - DT","#69 Michael Walker - DT","#75 Andy Epley - RDE","#96 Ervin Matson - SLB","#90 John Rowe - MLB",,"#54 James Perez - WLB","#45 Louis Fennell - CB","#44 Tanner Ontiveros - CB",,,,"#39 Patrick West - SS",,,,,,,,,,,,,,,,,,,,,,,,,,,,,,,,,,,,,
SJS,10:00,"SCS 38",2,2,3,"Goal Line Normal HB Weak","Goal Line Attack #3",-1,8,3,"2-3-SCS 38 (9:59) 1-Robert Byrd ran to SCS 40 for -1 yards. Tackle by 77-Jeffrey Tate.","#18 Brian Carmichael - QB","#1 Robert Byrd - WR",,"#81 Thomas Fane - TE","#14 Andres Freeman - RB","#83 Ivan Humphrey - WR","#12 David Barfield - WR",,,,,,"#75 James Riley - LG","#66 Rico Heath - LG","#65 Warren Northcutt - C","#64 Daniel Taylor - LG","#68 Michael Cobbs - LG",,"#67 Fred McKenzie - LDE","#73 Robert McMeans - LDE","#72 Francis Holloway - DT","#53 William Pegues - DT","#77 Jeffrey Tate - RDE","#54 James Perez - WLB","#90 John Rowe - MLB",,"#94 Adam Green - SLB","#45 Louis Fennell - CB","#44 Tanner Ontiveros - CB",,,,"#39 Patrick West - SS",,,,,,,,,,,,,,,,,,,,,,,,,,,,,,,,,,,,,
SJS,9:15,"SCS 40",2,3,4,"Weak I Big WR Post TE Out","Goal Line 3 Deep Man",,8,3,"3-4-SCS 40 (9:14) 18-Brian Carmichael pass incomplete, dropped by 86-Harold Hedberg. That was a dangerous pass.","#18 Brian Carmichael - QB","#1 Robert Byrd - WR",,,"#23 David Hartwig - C","#86 Harold Hedberg - RB","#83 Ivan Humphrey - WR","#12 David Barfield - WR",,,,,"#77 Robert Cobbs - LT","#70 Christopher Mooneyhan - LT","#65 Warren Northcutt - C","#54 Nathaniel Campas - LT","#75 James Riley - LG",,"#67 Fred McKenzie - LDE","#73 Robert McMeans - LDE","#72 Francis Holloway - DT","#53 William Pegues - DT","#75 Andy Epley - RDE","#96 Ervin Matson - SLB","#90 John Rowe - MLB",,"#94 Adam Green - SLB","#43 Marty Johnson - CB","#45 Louis Fennell - CB",,,,"#27 Hector Segura - SS",,,,,,,,,,,,,,,,,,,,,,,,,,,,,,,,,,,,,
SJS,9:09,"SCS 40",2,4,4,"I Formation Power PA Flats","Goal Line 3 Deep Man",15,8,3,"4-4-SCS 40 (9:10) 18-Brian Carmichael ran to SCS 25 for 15 yards. Tackle by 39-Patrick West.","#18 Brian Carmichael - QB","#83 Ivan Humphrey - WR",,"#81 Thomas Fane - TE","#14 Andres Freeman - RB","#23 David Hartwig - C",,"#12 David Barfield - WR",,,,,"#77 Robert Cobbs - LT","#70 Christopher Mooneyhan - LT","#65 Warren Northcutt - C","#54 Nathaniel Campas - LT","#75 James Riley - LG",,"#67 Fred McKenzie - LDE","#73 Robert McMeans - LDE","#72 Francis Holloway - DT","#53 William Pegues - DT","#77 Jeffrey Tate - RDE","#94 Adam Green - SLB","#51 Luke Walcott - MLB",,"#54 James Perez - WLB","#44 Tanner Ontiveros - CB","#29 Antonio Delcastillo - FS",,,,"#39 Patrick West - SS",,,,,,,,,,,,,,,,,,,,,,,,,,,,,,,,,,,,,
SJS,8:21,"SCS 25",2,1,10,"Weak I Big WR Post TE Out","Goal Line 3 Deep Man",25,14,3,"1-10-SCS 25 (8:20) 18-Brian Carmichael pass complete to 1-Robert Byrd for 25 yards. TOUCHDOWN! SJS 14 SCS 3","#18 Brian Carmichael - QB","#1 Robert Byrd - WR",,,"#14 Andres Freeman - RB","#86 Harold Hedberg - RB","#45 Ramon Moffett - TE","#88 Harold Marshall - WR",,,,,"#77 Robert Cobbs - LT","#70 Christopher Mooneyhan - LT","#65 Warren Northcutt - C","#54 Nathaniel Campas - LT","#75 James Riley - LG",,"#67 Fred McKenzie - LDE","#59 Robert McKay - RDE","#72 Francis Holloway - DT","#53 William Pegues - DT","#75 Andy Epley - RDE","#96 Ervin Matson - SLB","#90 John Rowe - MLB",,"#51 Luke Walcott - MLB","#43 Marty Johnson - CB","#45 Louis Fennell - CB",,,,"#27 Hector Segura - SS",,,,,,,,,,,,,,,,,,,,,,,,,,,,,,,,,,,,,
SJS,8:13,"SCS 2",2,7,2,"Goal Line Normal HB Pitch Weak","Nickel Normal Cover 2",1,14,3,"(8:14) 14-Andres Freeman ran to SCS 1 for 1 yards. Tackle by 77-Jeffrey Tate. 45-Ramon Moffett was completely beat on that play.","#18 Brian Carmichael - QB","#14 Andres Freeman - RB",,"#83 Ivan Humphrey - WR","#81 Thomas Fane - TE","#12 David Barfield - WR","#45 Ramon Moffett - TE",,,,,,"#77 Robert Cobbs - LT","#66 Rico Heath - LG","#65 Warren Northcutt - C","#64 Daniel Taylor - LG","#75 James Riley - LG",,"#67 Fred McKenzie - LDE",,"#72 Francis Holloway - DT","#53 William Pegues - DT","#77 Jeffrey Tate - RDE",,"#90 John Rowe - MLB",,"#94 Adam Green - SLB","#43 Marty Johnson - CB","#44 Tanner Ontiveros - CB",,"#45 Louis Fennell - CB",,"#39 Patrick West - SS","#29 Antonio Delcastillo - FS",,,,,,,,,,,,,,,,,,,,,,,,,,,,,,,,,,,,
SJS,8:13,"SJS 35",2,6,10,Kickoff,"Kick Return",,14,3,"(8:14) 16-Steve Jones kicks 74 yards from SJS 35 to SCS -9. Touchback.",,,,,,,,,,,,,,,,,,,,,,,,,,,,,,,,,,,,,,"#49 Franklin Benevides - RB",,"#45 Louis Fennell - CB","#77 Jeffrey Tate - RDE","#43 Marty Johnson - CB","#29 Antonio Delcastillo - FS","#67 Fred McKenzie - LDE","#90 John Rowe - MLB","#27 Hector Segura - SS","#96 Ervin Matson - SLB","#94 Adam Green - SLB","#44 Tanner Ontiveros - CB","#16 Steve Jones - K",,,,,,,,,,,,,,,,,,,,
SCS,8:13,"SCS 25",2,1,10,"Singleback Big WR Deep","Goal Line Attack #1",-2,14,3,"1-10-SCS 25 (8:14) (Hot Read) 8-John Barrios pass complete to 40-Matthew Tipps to SCS 23 for -2 yards. Tackle by 55-Michael Gatlin. Pressure by 37-Jason Winborne.","#8 John Barrios - QB","#47 Matthew Tipps - RB",,,,"#82 Donald Maclennan - TE","#80 Louis Prosser - TE","#11 Jonathan Phillips - WR",,"#16 Thomas Kellogg - WR",,,"#68 Hollis Nash - LT","#50 Herbert Landers - LG","#65 Robert Jones - C","#55 Michael Becker - RG","#62 Ronald Matthews - RT",,"#96 Jose Wright - RDE","#59 Edward McVay - RDE","#53 Alvin Lombardi - RDE","#60 Mark Mix - RDE","#96 William Cooley - RDE","#94 Ian Self - RDE","#55 Michael Gatlin - CB",,"#37 Jason Winborne - CB","#42 Robert Guerrero - CB","#24 Wendell Vaughn - CB",,,,"#28 Louis Anderson - CB",,,,,,,,,,,,,,,,,,,,,,,,,,,,,,,,,,,,,
SCS,7:35,"SCS 23",2,2,12,"Singleback Big WR Deep","Goal Line Attack #3",,14,3,"2-12-SCS 23 (7:34) (Hot Read) 8-John Barrios pass Pass knocked down by 55-Michael Gatlin. incomplete, intended for 40-Matthew Tipps. Pressure by 96-William Cooley.","#8 John Barrios - QB","#47 Matthew Tipps - RB",,,,"#82 Donald Maclennan - TE","#80 Louis Prosser - TE","#11 Jonathan Phillips - WR",,"#16 Thomas Kellogg - WR",,,"#68 Hollis Nash - LT","#50 Herbert Landers - LG","#65 Robert Jones - C","#55 Michael Becker - RG","#62 Ronald Matthews - RT",,"#96 Jose Wright - RDE","#59 Edward McVay - RDE","#53 Alvin Lombardi - RDE","#60 Mark Mix - RDE","#96 William Cooley - RDE","#94 Ian Self - RDE","#55 Michael Gatlin - CB",,"#37 Jason Winborne - CB","#42 Robert Guerrero - CB","#24 Wendell Vaughn - CB",,,,"#28 Louis Anderson - CB",,,,,,,,,,,,,,,,,,,,,,,,,,,,,,,,,,,,,
SCS,7:31,"SCS 23",2,3,12,"Strong I Big HB Toss Strong","Goal Line Attack #2",-2,14,3,"3-12-SCS 23 (7:32) 40-Matthew Tipps ran to SCS 21 for -2 yards. Tackle by 55-Michael Gatlin.","#8 John Barrios - QB","#47 Matthew Tipps - RB",,,"#56 Clifton Winston - LG","#82 Donald Maclennan - TE","#80 Louis Prosser - TE","#11 Jonathan Phillips - WR",,,,,"#68 Hollis Nash - LT","#50 Herbert Landers - LG","#65 Robert Jones - C","#55 Michael Becker - RG","#62 Ronald Matthews - RT",,"#96 Jose Wright - RDE","#59 Edward McVay - RDE","#53 Alvin Lombardi - RDE","#60 Mark Mix - RDE","#96 William Cooley - RDE","#94 Ian Self - RDE","#55 Michael Gatlin - CB",,"#37 Jason Winborne - CB","#42 Robert Guerrero - CB","#24 Wendell Vaughn - CB",,,,"#28 Louis Anderson - CB",,,,,,,,,,,,,,,,,,,,,,,,,,,,,,,,,,,,,
SCS,6:50,"SCS 21",2,4,14,Punt,"Punt Return",,14,3,"4-14-SCS 21 (6:49) 14-Timothy Rhynes punts 50 yards to SJS 29. 83-Ivan Humphrey to SJS 37 for 8 yards. Tackle by 43-Marty Johnson.",,,,,,,,,,,,,,,,,,"#14 Timothy Rhynes - P",,,,,,,,,,,,,,,,,,,"#62 Ronald Matthews - RT",,"#83 Ivan Humphrey - WR",,,"#86 Harold Hedberg - RB","#32 Clyde Belcher - CB","#70 Christopher Mooneyhan - LT",,"#23 David Hartwig - C","#81 Thomas Fane - TE",,"#25 Brett Rix - CB",,,,"#56 Clifton Winston - LG","#50 Herbert Landers - LG","#82 Donald Maclennan - TE","#68 Hollis Nash - LT","#80 Louis Prosser - TE","#49 Franklin Benevides - RB",,"#96 William Cooley - RDE","#55 Michael Gatlin - CB","#53 Alvin Lombardi - RDE","#60 Mark Mix - RDE",,,,,,,
SJS,6:39,"SJS 37",2,1,10,"Goal Line Normal PA TE Drag","Goal Line 3 Deep Man",4,14,3,"1-10-SJS 37 (6:40) 18-Brian Carmichael pass complete to 12-David Barfield to SJS 41 for 4 yards. Tackle by 45-Louis Fennell. 12-David Barfield breaks down the CB. SCS 73-Robert McMeans was injured on the play. He looks like he should be able to return.","#18 Brian Carmichael - QB","#1 Robert Byrd - WR",,"#83 Ivan Humphrey - WR","#14 Andres Freeman - RB","#12 David Barfield - WR","#45 Ramon Moffett - TE",,,,,,"#75 James Riley - LG","#66 Rico Heath - LG","#65 Warren Northcutt - C","#64 Daniel Taylor - LG","#68 Michael Cobbs - LG",,"#73 Robert McMeans - LDE","#59 Robert McKay - RDE","#72 Francis Holloway - DT","#53 William Pegues - DT","#75 Andy Epley - RDE","#96 Ervin Matson - SLB","#51 Luke Walcott - MLB",,"#94 Adam Green - SLB","#45 Louis Fennell - CB","#44 Tanner Ontiveros - CB",,,,"#27 Hector Segura - SS",,,,,,,,,,,,,,,,,,,,,,,,,,,,,,,,,,,,,
SJS,5:59,"SJS 41",2,2,6,"I Formation 3WR PA Fullback Flat","Nickel Normal Double WR1",,14,3,"2-6-SJS 41 (5:58) 18-Brian Carmichael pass Pass knocked down by 44-Tanner Ontiveros. incomplete, intended for 86-Harold Hedberg. SJS 66-Rico Heath was injured on the play. He looks like he should be able to return.","#18 Brian Carmichael - QB","#83 Ivan Humphrey - WR",,,"#23 David Hartwig - C",,,"#1 Robert Byrd - WR","#86 Harold Hedberg - RB","#12 David Barfield - WR",,,"#77 Robert Cobbs - LT","#66 Rico Heath - LG","#65 Warren Northcutt - C","#64 Daniel Taylor - LG","#75 James Riley - LG",,"#67 Fred McKenzie - LDE",,"#72 Francis Holloway - DT","#53 William Pegues - DT","#75 Andy Epley - RDE",,"#90 John Rowe - MLB",,"#94 Adam Green - SLB","#43 Marty Johnson - CB","#45 Louis Fennell - CB",,"#44 Tanner Ontiveros - CB",,"#27 Hector Segura - SS","#29 Antonio Delcastillo - FS",,,,,,,,,,,,,,,,,,,,,,,,,,,,,,,,,,,,
SJS,5:55,"SJS 41",2,3,6,"I Formation 3WR Slot Short WR Deep","Nickel 3-3-5 Cover 2 Man Under",8,14,3,"3-6-SJS 41 (5:56) 18-Brian Carmichael ran to SJS 49 for 8 yards. 18-Brian Carmichael slides to avoid being hit.","#18 Brian Carmichael - QB","#83 Ivan Humphrey - WR",,,"#23 David Hartwig - C",,,"#1 Robert Byrd - WR","#86 Harold Hedberg - RB","#12 David Barfield - WR",,,"#77 Robert Cobbs - LT","#68 Michael Cobbs - LG","#65 Warren Northcutt - C","#64 Daniel Taylor - LG","#75 James Riley - LG",,"#67 Fred McKenzie - LDE",,"#72 Francis Holloway - DT",,"#75 Andy Epley - RDE","#96 Ervin Matson - SLB","#90 John Rowe - MLB",,"#94 Adam Green - SLB","#43 Marty Johnson - CB","#45 Louis Fennell - CB",,"#44 Tanner Ontiveros - CB",,"#27 Hector Segura - SS","#29 Antonio Delcastillo - FS",,,,,,,,,,,,,,,,,,,,,,,,,,,,,,,,,,,,
SJS,5:12,"SJS 49",2,1,10,"I Formation Normal FL Hitch","4-3 Under 2 Deep Flat Outside",3,14,3,"1-10-SJS 49 (5:11) 18-Brian Carmichael pass complete to 1-Robert Byrd to SCS 48 for 3 yards. Tackle by 43-Marty Johnson. PENALTY - Facemask (SCS 43-Marty Johnson)","#18 Brian Carmichael - QB","#83 Ivan Humphrey - WR",,,"#86 Harold Hedberg - RB","#23 David Hartwig - C",,"#1 Robert Byrd - WR",,"#12 David Barfield - WR",,,"#75 James Riley - LG","#68 Michael Cobbs - LG","#65 Warren Northcutt - C","#64 Daniel Taylor - LG","#77 Robert Cobbs - LT",,"#67 Fred McKenzie - LDE",,"#72 Francis Holloway - DT","#53 William Pegues - DT","#75 Andy Epley - RDE","#96 Ervin Matson - SLB","#51 Luke Walcott - MLB",,"#94 Adam Green - SLB","#43 Marty Johnson - CB","#45 Louis Fennell - CB",,,,"#44 Tanner Ontiveros - CB","#39 Patrick West - SS",,,,,,,,,,,,,,,,,,,,,,,,,,,,,,,,,,,,
SJS,5:07,"SCS 33",2,1,10,"I Formation Normal FL Hitch","4-3 Under Crowd Middle",8,14,3,"1-10-SCS 33 (5:08) 18-Brian Carmichael pass complete to 23-David Hartwig to SCS 25 for 8 yards. Tackle by 27-Hector Segura.","#18 Brian Carmichael - QB","#83 Ivan Humphrey - WR",,,"#86 Harold Hedberg - RB","#23 David Hartwig - C",,"#1 Robert Byrd - WR",,"#88 Harold Marshall - WR",,,"#75 James Riley - LG","#68 Michael Cobbs - LG","#65 Warren Northcutt - C","#64 Daniel Taylor - LG","#77 Robert Cobbs - LT",,"#67 Fred McKenzie - LDE",,"#72 Francis Holloway - DT","#53 William Pegues - DT","#75 Andy Epley - RDE","#51 Luke Walcott - MLB","#90 John Rowe - MLB",,"#54 James Perez - WLB","#43 Marty Johnson - CB","#39 Patrick West - SS",,,,"#27 Hector Segura - SS","#29 Antonio Delcastillo - FS",,,,,,,,,,,,,,,,,,,,,,,,,,,,,,,,,,,,
SJS,4:33,"SCS 25",2,2,2,"Goal Line Normal HB Pitch Weak","Goal Line 3 Deep Man",3,14,3,"2-2-SCS 25 (4:32) 86-Harold Hedberg ran to SCS 22 for 3 yards. Tackle by 90-John Rowe. 12-David Barfield totally missed that block.","#18 Brian Carmichael - QB","#86 Harold Hedberg - RB",,"#14 Andres Freeman - RB","#12 David Barfield - WR","#83 Ivan Humphrey - WR","#23 David Hartwig - C",,,,,,"#75 James Riley - LG","#70 Christopher Mooneyhan - LT","#65 Warren Northcutt - C","#64 Daniel Taylor - LG","#68 Michael Cobbs - LG",,"#67 Fred McKenzie - LDE","#59 Robert McKay - RDE","#72 Francis Holloway - DT","#53 William Pegues - DT","#75 Andy Epley - RDE","#96 Ervin Matson - SLB","#90 John Rowe - MLB",,"#94 Adam Green - SLB","#45 Louis Fennell - CB","#44 Tanner Ontiveros - CB",,,,"#39 Patrick West - SS",,,,,,,,,,,,,,,,,,,,,,,,,,,,,,,,,,,,,
SJS,3:53,"SCS 22",2,1,10,"I Formation 3WR Slot Short WR Deep","Nickel Normal Shallow Zone Deep",4,14,3,"1-10-SCS 22 (3:52) 18-Brian Carmichael pass complete to 86-Harold Hedberg to SCS 18 for 4 yards. Tackle by 27-Hector Segura. SCS 75-Andy Epley was injured on the play. He looks like he should be able to return.","#18 Brian Carmichael - QB","#83 Ivan Humphrey - WR",,,"#23 David Hartwig - C",,,"#1 Robert Byrd - WR","#86 Harold Hedberg - RB","#12 David Barfield - WR",,,"#77 Robert Cobbs - LT","#68 Michael Cobbs - LG","#65 Warren Northcutt - C","#64 Daniel Taylor - LG","#75 James Riley - LG",,"#67 Fred McKenzie - LDE",,"#72 Francis Holloway - DT","#53 William Pegues - DT","#75 Andy Epley - RDE",,"#90 John Rowe - MLB",,"#94 Adam Green - SLB","#43 Marty Johnson - CB","#45 Louis Fennell - CB",,"#44 Tanner Ontiveros - CB",,"#27 Hector Segura - SS","#29 Antonio Delcastillo - FS",,,,,,,,,,,,,,,,,,,,,,,,,,,,,,,,,,,,
SJS,3:15,"SCS 18",2,2,6,"I Formation Normal PA Fullback Flat","4-3 Under Crash Right",5,14,3,"2-6-SCS 18 (3:14) 18-Brian Carmichael pass complete to 81-Thomas Fane to SCS 13 for 5 yards. Tackle by 45-Louis Fennell.","#18 Brian Carmichael - QB","#45 Ramon Moffett - TE",,,"#81 Thomas Fane - TE","#23 David Hartwig - C",,"#88 Harold Marshall - WR",,"#14 Andres Freeman - RB",,,"#75 James Riley - LG","#68 Michael Cobbs - LG","#65 Warren Northcutt - C","#64 Daniel Taylor - LG","#77 Robert Cobbs - LT",,"#67 Fred McKenzie - LDE",,"#72 Francis Holloway - DT","#53 William Pegues - DT","#77 Jeffrey Tate - RDE","#96 Ervin Matson - SLB","#51 Luke Walcott - MLB",,"#54 James Perez - WLB","#45 Louis Fennell - CB","#43 Marty Johnson - CB",,,,"#29 Antonio Delcastillo - FS","#39 Patrick West - SS",,,,,,,,,,,,,,,,,,,,,,,,,,,,,,,,,,,,
SJS,2:29,"SCS 13",2,3,1,"Goal Line Normal HB Pitch Weak","Goal Line 3 Deep Man",4,14,3,"3-1-SCS 13 (2:28) 1-Robert Byrd ran to SCS 9 for 4 yards. Tackle by 51-Luke Walcott.","#18 Brian Carmichael - QB","#1 Robert Byrd - WR",,"#14 Andres Freeman - RB","#12 David Barfield - WR","#83 Ivan Humphrey - WR","#23 David Hartwig - C",,,,,,"#75 James Riley - LG","#66 Rico Heath - LG","#65 Warren Northcutt - C","#64 Daniel Taylor - LG","#68 Michael Cobbs - LG",,"#67 Fred McKenzie - LDE","#59 Robert McKay - RDE","#72 Francis Holloway - DT","#53 William Pegues - DT","#77 Jeffrey Tate - RDE","#96 Ervin Matson - SLB","#51 Luke Walcott - MLB",,"#94 Adam Green - SLB","#44 Tanner Ontiveros - CB","#45 Louis Fennell - CB",,,,"#39 Patrick West - SS",,,,,,,,,,,,,,,,,,,,,,,,,,,,,,,,,,,,,
,2:00,,2,1,9,,,,14,3,"Timeout for two minute warning.",,,,,,,,,,,,,,,,,,,,,,,,,,,,,,,,,,,,,,,,,,,,,,,,,,,,,,,,,,,,,,,,,,,,,,
SJS,2:00,"SCS 9",2,1,9,"I Formation Normal PA Fullback Flat","4-3 Under Crash Right",1,14,3,"1-9-SCS 9 (2:00) 18-Brian Carmichael pass complete to 86-Harold Hedberg to SCS 8 for 1 yards. Tackle by 43-Marty Johnson. SJS 23-David Hartwig was injured on the play. He looks like he should be able to return. SCS 72-Francis Holloway was injured on the play. He looks like he should be able to return.","#18 Brian Carmichael - QB","#83 Ivan Humphrey - WR",,,"#86 Harold Hedberg - RB","#23 David Hartwig - C",,"#88 Harold Marshall - WR",,"#12 David Barfield - WR",,,"#75 James Riley - LG","#66 Rico Heath - LG","#65 Warren Northcutt - C","#64 Daniel Taylor - LG","#77 Robert Cobbs - LT",,"#67 Fred McKenzie - LDE",,"#72 Francis Holloway - DT","#53 William Pegues - DT","#77 Jeffrey Tate - RDE","#96 Ervin Matson - SLB","#90 John Rowe - MLB",,"#94 Adam Green - SLB","#43 Marty Johnson - CB","#45 Louis Fennell - CB",,,,"#27 Hector Segura - SS","#39 Patrick West - SS",,,,,,,,,,,,,,,,,,,,,,,,,,,,,,,,,,,,
SJS,1:20,"SCS 8",2,2,8,"I Formation Normal PA Fullback Flat","4-3 Under Crash Right",1,14,3,"2-8-SCS 8 (1:19) 18-Brian Carmichael pass complete to 14-Andres Freeman to SCS 7 for 1 yards. Tackle by 43-Marty Johnson.","#18 Brian Carmichael - QB","#86 Harold Hedberg - RB",,,"#14 Andres Freeman - RB","#83 Ivan Humphrey - WR",,"#1 Robert Byrd - WR",,"#12 David Barfield - WR",,,"#75 James Riley - LG","#66 Rico Heath - LG","#65 Warren Northcutt - C","#64 Daniel Taylor - LG","#77 Robert Cobbs - LT",,"#67 Fred McKenzie - LDE",,"#53 William Pegues - DT","#69 Michael Walker - DT","#77 Jeffrey Tate - RDE","#96 Ervin Matson - SLB","#90 John Rowe - MLB",,"#94 Adam Green - SLB","#43 Marty Johnson - CB","#45 Louis Fennell - CB",,,,"#27 Hector Segura - SS","#29 Antonio Delcastillo - FS",,,,,,,,,,,,,,,,,,,,,,,,,,,,,,,,,,,,
,1:16,,2,3,7,,,,14,3,"Timeout SJS",,,,,,,,,,,,,,,,,,,,,,,,,,,,,,,,,,,,,,,,,,,,,,,,,,,,,,,,,,,,,,,,,,,,,,
SJS,1:12,"SCS 7",2,3,7,"I Formation Normal PA Fullback Flat","4-3 Under Crash Left",3,14,3,"3-7-SCS 7 (1:13) 18-Brian Carmichael pass complete to 14-Andres Freeman to SCS 4 for 3 yards. Tackle by 27-Hector Segura. SCS 27-Hector Segura was injured on the play. He looks like he should be able to return.","#18 Brian Carmichael - QB","#86 Harold Hedberg - RB",,,"#14 Andres Freeman - RB","#83 Ivan Humphrey - WR",,"#1 Robert Byrd - WR",,"#12 David Barfield - WR",,,"#75 James Riley - LG","#66 Rico Heath - LG","#65 Warren Northcutt - C","#64 Daniel Taylor - LG","#77 Robert Cobbs - LT",,"#67 Fred McKenzie - LDE",,"#53 William Pegues - DT","#69 Michael Walker - DT","#77 Jeffrey Tate - RDE","#96 Ervin Matson - SLB","#90 John Rowe - MLB",,"#94 Adam Green - SLB","#43 Marty Johnson - CB","#45 Louis Fennell - CB",,,,"#27 Hector Segura - SS","#29 Antonio Delcastillo - FS",,,,,,,,,,,,,,,,,,,,,,,,,,,,,,,,,,,,
SJS,0:32,"SCS 4",2,4,4,"I Formation Normal FL Hitch","4-3 Under Crash Left",,14,3,"4-4-SCS 4 (0:31) 18-Brian Carmichael pass Pass knocked down by 90-John Rowe. incomplete, intended for 83-Ivan Humphrey. Pressure by 67-Fred McKenzie. Turnover on downs.","#18 Brian Carmichael - QB","#86 Harold Hedberg - RB",,,"#14 Andres Freeman - RB","#83 Ivan Humphrey - WR",,"#1 Robert Byrd - WR",,"#12 David Barfield - WR",,,"#75 James Riley - LG","#66 Rico Heath - LG","#65 Warren Northcutt - C","#64 Daniel Taylor - LG","#77 Robert Cobbs - LT",,"#67 Fred McKenzie - LDE",,"#72 Francis Holloway - DT","#53 William Pegues - DT","#77 Jeffrey Tate - RDE","#96 Ervin Matson - SLB","#90 John Rowe - MLB",,"#94 Adam Green - SLB","#43 Marty Johnson - CB","#45 Louis Fennell - CB",,,,"#39 Patrick West - SS","#29 Antonio Delcastillo - FS",,,,,,,,,,,,,,,,,,,,,,,,,,,,,,,,,,,,
SCS,0:27,"SCS 4",2,1,10,"Split Backs 3 Wide Dive Right","Goal Line Attack #1",-2,14,3,"1-10-SCS 4 (0:28) 40-Matthew Tipps ran to SCS 2 for -2 yards. Tackle by 55-Michael Gatlin.","#8 John Barrios - QB","#47 Matthew Tipps - RB",,,"#80 Louis Prosser - TE",,,"#11 Jonathan Phillips - WR","#81 Thomas Free - WR","#16 Thomas Kellogg - WR",,,"#68 Hollis Nash - LT","#50 Herbert Landers - LG","#65 Robert Jones - C","#55 Michael Becker - RG","#62 Ronald Matthews - RT",,"#96 Jose Wright - RDE","#59 Edward McVay - RDE","#53 Alvin Lombardi - RDE","#60 Mark Mix - RDE","#96 William Cooley - RDE","#94 Ian Self - RDE","#55 Michael Gatlin - CB",,"#37 Jason Winborne - CB","#42 Robert Guerrero - CB","#24 Wendell Vaughn - CB",,,,"#28 Louis Anderson - CB",,,,,,,,,,,,,,,,,,,,,,,,,,,,,,,,,,,,,
,0:00,,2,2,12,,,,14,3,"End of half.",,,,,,,,,,,,,,,,,,,,,,,,,,,,,,,,,,,,,,,,,,,,,,,,,,,,,,,,,,,,,,,,,,,,,,
SJS,15:00,"SJS 35",3,6,10,Kickoff,"Kick Return",,14,3,"(15:00) 16-Steve Jones kicks 74 yards from SJS 35 to SCS -9. Touchback.",,,,,,,,,,,,,,,,,,,,,,,,,,,,,,,,,,,,,,"#49 Franklin Benevides - RB",,"#77 Jeffrey Tate - RDE","#44 Tanner Ontiveros - CB","#67 Fred McKenzie - LDE","#96 Ervin Matson - SLB","#90 John Rowe - MLB","#29 Antonio Delcastillo - FS","#43 Marty Johnson - CB","#45 Louis Fennell - CB","#94 Adam Green - SLB","#27 Hector Segura - SS","#16 Steve Jones - K",,,,,,,,,,,,,,,,,,,,
SCS,15:00,"SCS 25",3,1,10,"I Formation Normal Curl & Post","Goal Line Attack #3",,20,3,"1-10-SCS 25 (15:00) (Hot Read) 8-John Barrios sacked at SCS 17 for -8 yards (37-Jason Winborne) 8-John Barrios FUMBLES (37-Jason Winborne) recovered by SJS-55-Michael Gatlin for 14 yards. TOUCHDOWN! SJS 20 SCS 3","#8 John Barrios - QB","#47 Matthew Tipps - RB",,,"#80 Louis Prosser - TE","#82 Donald Maclennan - TE",,"#11 Jonathan Phillips - WR",,"#16 Thomas Kellogg - WR",,,"#68 Hollis Nash - LT","#50 Herbert Landers - LG","#65 Robert Jones - C","#55 Michael Becker - RG","#62 Ronald Matthews - RT",,"#53 Alvin Lombardi - RDE","#96 Jose Wright - RDE","#96 William Cooley - RDE","#60 Mark Mix - RDE","#59 Edward McVay - RDE","#94 Ian Self - RDE","#55 Michael Gatlin - CB",,"#37 Jason Winborne - CB","#42 Robert Guerrero - CB","#24 Wendell Vaughn - CB",,,,"#28 Louis Anderson - CB",,,,,,,,,,,,,,,,,,,,,,,,,,,,,,,,,,,,,
SJS,14:54,"SCS 2",3,7,2,"Goal Line Normal HB Pitch Weak","4-3 Under Shallow Right Zone",-0,20,3,"(14:55) 86-Harold Hedberg ran to SCS 2 for a short loss. Tackle by 94-Adam Green.","#18 Brian Carmichael - QB","#86 Harold Hedberg - RB",,"#14 Andres Freeman - RB","#83 Ivan Humphrey - WR","#12 David Barfield - WR","#23 David Hartwig - C",,,,,,"#77 Robert Cobbs - LT","#66 Rico Heath - LG","#65 Warren Northcutt - C","#64 Daniel Taylor - LG","#75 James Riley - LG",,"#67 Fred McKenzie - LDE",,"#72 Francis Holloway - DT","#53 William Pegues - DT","#75 Andy Epley - RDE","#96 Ervin Matson - SLB","#90 John Rowe - MLB",,"#94 Adam Green - SLB","#43 Marty Johnson - CB","#45 Louis Fennell - CB",,,,"#27 Hector Segura - SS","#29 Antonio Delcastillo - FS",,,,,,,,,,,,,,,,,,,,,,,,,,,,,,,,,,,,
SJS,14:54,"SJS 35",3,6,10,Kickoff,"Kick Return",,20,3,"(14:55) 16-Steve Jones kicks 75 yards from SJS 35 to SCS -10. Touchback.",,,,,,,,,,,,,,,,,,,,,,,,,,,,,,,,,,,,,,"#49 Franklin Benevides - RB",,"#77 Jeffrey Tate - RDE","#44 Tanner Ontiveros - CB","#67 Fred McKenzie - LDE","#96 Ervin Matson - SLB","#90 John Rowe - MLB","#29 Antonio Delcastillo - FS","#43 Marty Johnson - CB","#45 Louis Fennell - CB","#94 Adam Green - SLB","#27 Hector Segura - SS","#16 Steve Jones - K",,,,,,,,,,,,,,,,,,,,
SCS,14:54,"SCS 25",3,1,10,"Singleback Normal Post Corner","Goal Line Attack #2",,20,3,"1-10-SCS 25 (14:55) (Hot Read) 8-John Barrios pass incomplete, dropped by 40-Matthew Tipps. That was a dangerous pass. Pressure by 53-Alvin Lombardi.","#8 John Barrios - QB","#47 Matthew Tipps - RB",,,,"#82 Donald Maclennan - TE",,"#11 Jonathan Phillips - WR","#81 Thomas Free - WR","#16 Thomas Kellogg - WR",,,"#68 Hollis Nash - LT","#50 Herbert Landers - LG","#65 Robert Jones - C","#55 Michael Becker - RG","#62 Ronald Matthews - RT",,"#96 Jose Wright - RDE","#59 Edward McVay - RDE","#53 Alvin Lombardi - RDE","#60 Mark Mix - RDE","#96 William Cooley - RDE","#94 Ian Self - RDE","#55 Michael Gatlin - CB",,"#37 Jason Winborne - CB","#42 Robert Guerrero - CB","#22 Raymond Moore - CB",,,,"#28 Louis Anderson - CB",,,,,,,,,,,,,,,,,,,,,,,,,,,,,,,,,,,,,
SCS,14:51,"SCS 25",3,2,10,"Weak I Normal Skinny Posts","Goal Line Attack #2",5,20,3,"2-10-SCS 25 (14:52) 8-John Barrios pass complete to 82-Donald Maclennan to SCS 30 for 5 yards. Tackle by 60-Mark Mix.","#8 John Barrios - QB","#47 Matthew Tipps - RB",,,"#80 Louis Prosser - TE","#82 Donald Maclennan - TE",,"#11 Jonathan Phillips - WR",,"#16 Thomas Kellogg - WR",,,"#68 Hollis Nash - LT","#50 Herbert Landers - LG","#65 Robert Jones - C","#55 Michael Becker - RG","#62 Ronald Matthews - RT",,"#53 Alvin Lombardi - RDE","#59 Edward McVay - RDE","#94 Ian Self - RDE","#67 Joe Harris - DT","#96 William Cooley - RDE","#52 Sean Burrows - LDE","#55 Michael Gatlin - CB",,"#37 Jason Winborne - CB","#42 Robert Guerrero - CB","#24 Wendell Vaughn - CB",,,,"#60 Mark Mix - RDE",,,,,,,,,,,,,,,,,,,,,,,,,,,,,,,,,,,,,
SCS,14:10,"SCS 30",3,3,5,"Strong I Normal HB Off Tackle Strong","Goal Line Attack #1",2,20,3,"3-5-SCS 30 (14:09) 40-Matthew Tipps ran to SCS 32 for 2 yards. Tackle by 37-Jason Winborne.","#8 John Barrios - QB","#47 Matthew Tipps - RB",,,"#80 Louis Prosser - TE","#82 Donald Maclennan - TE",,"#11 Jonathan Phillips - WR",,"#16 Thomas Kellogg - WR",,,"#68 Hollis Nash - LT","#50 Herbert Landers - LG","#65 Robert Jones - C","#55 Michael Becker - RG","#62 Ronald Matthews - RT",,"#96 Jose Wright - RDE","#59 Edward McVay - RDE","#53 Alvin Lombardi - RDE","#60 Mark Mix - RDE","#96 William Cooley - RDE","#94 Ian Self - RDE","#55 Michael Gatlin - CB",,"#37 Jason Winborne - CB","#42 Robert Guerrero - CB","#24 Wendell Vaughn - CB",,,,"#28 Louis Anderson - CB",,,,,,,,,,,,,,,,,,,,,,,,,,,,,,,,,,,,,
SCS,13:29,"SCS 32",3,4,3,Punt,"Punt Return",,20,3,"4-3-SCS 32 (13:28) 14-Timothy Rhynes punts 40 yards to SJS 28. Fair Catch by 83-Ivan Humphrey.",,,,,,,,,,,,,,,,,,"#14 Timothy Rhynes - P",,,,,,,,,,,,,,,,,,,"#62 Ronald Matthews - RT",,"#83 Ivan Humphrey - WR",,,"#86 Harold Hedberg - RB","#32 Clyde Belcher - CB","#70 Christopher Mooneyhan - LT",,"#23 David Hartwig - C","#81 Thomas Fane - TE",,"#25 Brett Rix - CB",,,,"#56 Clifton Winston - LG","#50 Herbert Landers - LG","#82 Donald Maclennan - TE","#68 Hollis Nash - LT","#80 Louis Prosser - TE","#49 Franklin Benevides - RB",,"#96 William Cooley - RDE","#55 Michael Gatlin - CB","#53 Alvin Lombardi - RDE","#60 Mark Mix - RDE",,,,,,,
SJS,13:20,"SJS 28",3,1,10,"Singleback Empty 4 Short Posts","Dime Normal Double WR1 WR2",,20,3,"1-10-SJS 28 (13:21) 18-Brian Carmichael pass Pass knocked down by 51-Luke Walcott. incomplete, intended for 23-David Hartwig. Pressure by 53-William Pegues.","#18 Brian Carmichael - QB",,,,,"#23 David Hartwig - C",,"#12 David Barfield - WR","#83 Ivan Humphrey - WR","#86 Harold Hedberg - RB","#1 Robert Byrd - WR",,"#77 Robert Cobbs - LT","#70 Christopher Mooneyhan - LT","#65 Warren Northcutt - C","#54 Nathaniel Campas - LT","#75 James Riley - LG",,"#73 Robert McMeans - LDE",,"#72 Francis Holloway - DT","#53 William Pegues - DT","#75 Andy Epley - RDE",,"#51 Luke Walcott - MLB",,,"#43 Marty Johnson - CB","#45 Louis Fennell - CB","#39 Patrick West - SS","#44 Tanner Ontiveros - CB",,"#27 Hector Segura - SS","#29 Antonio Delcastillo - FS",,,,,,,,,,,,,,,,,,,,,,,,,,,,,,,,,,,,
SJS,13:17,"SJS 28",3,2,10,"Singleback Empty 4 Short Posts","Dime Normal Double WR1 WR2",,20,3,"2-10-SJS 28 (13:18) 18-Brian Carmichael pass Pass knocked down by 27-Hector Segura. incomplete, intended for 12-David Barfield.","#18 Brian Carmichael - QB",,,,,"#23 David Hartwig - C",,"#12 David Barfield - WR","#83 Ivan Humphrey - WR","#86 Harold Hedberg - RB","#1 Robert Byrd - WR",,"#77 Robert Cobbs - LT","#70 Christopher Mooneyhan - LT","#65 Warren Northcutt - C","#54 Nathaniel Campas - LT","#75 James Riley - LG",,"#67 Fred McKenzie - LDE",,"#72 Francis Holloway - DT","#53 William Pegues - DT","#75 Andy Epley - RDE",,"#90 John Rowe - MLB",,,"#43 Marty Johnson - CB","#45 Louis Fennell - CB","#39 Patrick West - SS","#44 Tanner Ontiveros - CB",,"#27 Hector Segura - SS","#29 Antonio Delcastillo - FS",,,,,,,,,,,,,,,,,,,,,,,,,,,,,,,,,,,,
SJS,13:14,"SJS 28",3,3,10,"Singleback Empty 4 Short Posts","Dime Normal Double WR1 WR2",,20,3,"3-10-SJS 28 (13:15) 18-Brian Carmichael pass Pass knocked down by 90-John Rowe. incomplete, intended for 23-David Hartwig.","#18 Brian Carmichael - QB",,,,,"#23 David Hartwig - C",,"#12 David Barfield - WR","#83 Ivan Humphrey - WR","#86 Harold Hedberg - RB","#1 Robert Byrd - WR",,"#77 Robert Cobbs - LT","#70 Christopher Mooneyhan - LT","#65 Warren Northcutt - C","#54 Nathaniel Campas - LT","#75 James Riley - LG",,"#67 Fred McKenzie - LDE",,"#72 Francis Holloway - DT","#53 William Pegues - DT","#75 Andy Epley - RDE",,"#90 John Rowe - MLB",,,"#43 Marty Johnson - CB","#45 Louis Fennell - CB","#39 Patrick West - SS","#44 Tanner Ontiveros - CB",,"#27 Hector Segura - SS","#29 Antonio Delcastillo - FS",,,,,,,,,,,,,,,,,,,,,,,,,,,,,,,,,,,,
SJS,13:11,"SJS 28",3,4,10,"Singleback Empty 4 Short Posts","Dime Normal Double WR1 WR2",4,20,3,"4-10-SJS 28 (13:12) 18-Brian Carmichael pass complete to 83-Ivan Humphrey to SJS 32 for 4 yards. Tackle by 44-Tanner Ontiveros. Turnover on downs.","#18 Brian Carmichael - QB",,,,,"#23 David Hartwig - C",,"#12 David Barfield - WR","#83 Ivan Humphrey - WR","#86 Harold Hedberg - RB","#1 Robert Byrd - WR",,"#77 Robert Cobbs - LT","#70 Christopher Mooneyhan - LT","#65 Warren Northcutt - C","#54 Nathaniel Campas - LT","#75 James Riley - LG",,"#67 Fred McKenzie - LDE",,"#72 Francis Holloway - DT","#53 William Pegues - DT","#75 Andy Epley - RDE",,"#90 John Rowe - MLB",,,"#43 Marty Johnson - CB","#45 Louis Fennell - CB","#39 Patrick West - SS","#44 Tanner Ontiveros - CB",,"#27 Hector Segura - SS","#29 Antonio Delcastillo - FS",,,,,,,,,,,,,,,,,,,,,,,,,,,,,,,,,,,,
SCS,13:08,"SJS 32",3,1,10,"Singleback Big HB Inside Strong","Goal Line Attack #1",-1,20,3,"1-10-SJS 32 (13:09) 40-Matthew Tipps ran to SJS 32 for -1 yards. Tackle by 55-Michael Gatlin.","#8 John Barrios - QB","#47 Matthew Tipps - RB",,,,"#82 Donald Maclennan - TE","#80 Louis Prosser - TE","#11 Jonathan Phillips - WR",,"#16 Thomas Kellogg - WR",,,"#68 Hollis Nash - LT","#50 Herbert Landers - LG","#65 Robert Jones - C","#55 Michael Becker - RG","#62 Ronald Matthews - RT",,"#53 Alvin Lombardi - RDE","#59 Edward McVay - RDE","#94 Ian Self - RDE","#60 Mark Mix - RDE","#96 William Cooley - RDE","#52 Sean Burrows - LDE","#55 Michael Gatlin - CB",,"#37 Jason Winborne - CB","#42 Robert Guerrero - CB","#24 Wendell Vaughn - CB",,,,"#28 Louis Anderson - CB",,,,,,,,,,,,,,,,,,,,,,,,,,,,,,,,,,,,,
SCS,12:35,"SJS 32",3,2,11,"I Formation Normal Curl & Post","Goal Line Attack #3",-4,20,3,"2-11-SJS 32 (12:34) (Hot Read) 8-John Barrios pass complete to 80-Louis Prosser to SJS 36 for -4 yards. Tackle by 53-Alvin Lombardi. Pressure by 37-Jason Winborne.","#8 John Barrios - QB","#47 Matthew Tipps - RB",,,"#80 Louis Prosser - TE","#82 Donald Maclennan - TE",,"#11 Jonathan Phillips - WR",,"#16 Thomas Kellogg - WR",,,"#68 Hollis Nash - LT","#50 Herbert Landers - LG","#65 Robert Jones - C","#55 Michael Becker - RG","#62 Ronald Matthews - RT",,"#53 Alvin Lombardi - RDE","#96 Jose Wright - RDE","#96 William Cooley - RDE","#60 Mark Mix - RDE","#59 Edward McVay - RDE","#94 Ian Self - RDE","#55 Michael Gatlin - CB",,"#37 Jason Winborne - CB","#42 Robert Guerrero - CB","#24 Wendell Vaughn - CB",,,,"#28 Louis Anderson - CB",,,,,,,,,,,,,,,,,,,,,,,,,,,,,,,,,,,,,
SCS,11:54,"SJS 36",3,3,14,"I Formation Normal Curl & Post","Goal Line Attack #2",8,20,3,"3-14-SJS 36 (11:53) 8-John Barrios pass complete to 82-Donald Maclennan to SJS 28 for 8 yards. Tackle by 28-Louis Anderson.","#8 John Barrios - QB","#47 Matthew Tipps - RB",,,"#80 Louis Prosser - TE","#82 Donald Maclennan - TE",,"#11 Jonathan Phillips - WR",,"#16 Thomas Kellogg - WR",,,"#68 Hollis Nash - LT","#50 Herbert Landers - LG","#65 Robert Jones - C","#55 Michael Becker - RG","#62 Ronald Matthews - RT",,"#96 Jose Wright - RDE","#59 Edward McVay - RDE","#53 Alvin Lombardi - RDE","#60 Mark Mix - RDE","#96 William Cooley - RDE","#94 Ian Self - RDE","#55 Michael Gatlin - CB",,"#37 Jason Winborne - CB","#42 Robert Guerrero - CB","#24 Wendell Vaughn - CB",,,,"#28 Louis Anderson - CB",,,,,,,,,,,,,,,,,,,,,,,,,,,,,,,,,,,,,
SCS,11:16,"SJS 28",3,4,6,"Field Goal","FG Block",39,20,6,"4-6-SJS 28 (11:15) 93-Antonio Washington 46 yard field goal is GOOD. SJS 20 SCS 6",,,,,,,,,,,,,,,,,,,,,,,,,,,,,,,,,,,,"#8 John Barrios - QB","#62 Ronald Matthews - RT",,,,,,,,,,,,,,"#93 Antonio Washington - K","#60 Eric McMahon - RT","#56 Clifton Winston - LG","#50 Herbert Landers - LG","#82 Donald Maclennan - TE","#68 Hollis Nash - LT","#80 Louis Prosser - TE","#49 Franklin Benevides - RB","#36 Juan Francis - RB","#12 David Barfield - WR","#53 Alvin Lombardi - RDE","#60 Mark Mix - RDE","#32 Clyde Belcher - CB","#25 Brett Rix - CB","#94 Ian Self - RDE","#89 Harold McArdle - CB","#55 Michael Gatlin - CB","#96 William Cooley - RDE","#28 Louis Anderson - CB","#32 Mike Woodward - FS"
SCS,11:10,"SCS 35",3,6,10,Kickoff,"Kick Return",,20,6,"(11:11) 93-Antonio Washington kicks 71 yards from SCS 35 to SJS -6. Touchback.",,,,,,,,,,,,,,,,,,,,,,,,,,,,,,,,,,,,,,"#83 Ivan Humphrey - WR",,"#81 Thomas Fane - TE","#64 Daniel Taylor - LG","#87 Oliver Jeter - WR","#68 Michael Cobbs - LG","#23 David Hartwig - C","#66 Rico Heath - LG","#12 David Barfield - WR","#86 Harold Hedberg - RB","#45 Ramon Moffett - TE","#75 James Riley - LG","#93 Antonio Washington - K",,,,,,,,,,,,,,,,,,,,
SJS,11:10,"SJS 25",3,1,10,"Shotgun Normal HB Flare","Nickel Normal Man Cover 2",,20,6,"1-10-SJS 25 (11:11) 18-Brian Carmichael pass incomplete, dropped by 86-Harold Hedberg.","#18 Brian Carmichael - QB","#86 Harold Hedberg - RB",,,,"#1 Robert Byrd - WR",,"#12 David Barfield - WR","#83 Ivan Humphrey - WR","#88 Harold Marshall - WR",,,"#77 Robert Cobbs - LT","#70 Christopher Mooneyhan - LT","#65 Warren Northcutt - C","#54 Nathaniel Campas - LT","#75 James Riley - LG",,"#73 Robert McMeans - LDE",,"#72 Francis Holloway - DT","#53 William Pegues - DT","#75 Andy Epley - RDE",,"#90 John Rowe - MLB",,"#94 Adam Green - SLB","#43 Marty Johnson - CB","#45 Louis Fennell - CB",,"#44 Tanner Ontiveros - CB",,"#27 Hector Segura - SS","#39 Patrick West - SS",,,,,,,,,,,,,,,,,,,,,,,,,,,,,,,,,,,,
SJS,11:08,"SJS 25",3,2,10,"Shotgun 5 Wide Parallel Slants","Quarter Normal CB3 CB5 Blitz",,20,6,"2-10-SJS 25 (11:09) 18-Brian Carmichael pass complete to 1-Robert Byrd to SJS 25 for a short gain. Tackle by 51-Luke Walcott.","#18 Brian Carmichael - QB",,,,,,,"#14 Andres Freeman - RB","#12 David Barfield - WR","#83 Ivan Humphrey - WR","#86 Harold Hedberg - RB","#1 Robert Byrd - WR","#77 Robert Cobbs - LT","#70 Christopher Mooneyhan - LT","#65 Warren Northcutt - C","#54 Nathaniel Campas - LT","#75 James Riley - LG",,"#67 Fred McKenzie - LDE",,"#72 Francis Holloway - DT",,"#75 Andy Epley - RDE",,"#51 Luke Walcott - MLB",,,"#43 Marty Johnson - CB","#45 Louis Fennell - CB","#27 Hector Segura - SS","#44 Tanner Ontiveros - CB","#96 Ervin Matson - SLB","#39 Patrick West - SS","#29 Antonio Delcastillo - FS",,,,,,,,,,,,,,,,,,,,,,,,,,,,,,,,,,,,
SJS,10:30,"SJS 25",3,3,10,"Shotgun Normal HB Flare","Nickel Normal Man Cover 2",,20,6,"3-10-SJS 25 (10:29) 18-Brian Carmichael pass incomplete, dropped by 88-Harold Marshall.","#18 Brian Carmichael - QB","#86 Harold Hedberg - RB",,,,"#1 Robert Byrd - WR",,"#12 David Barfield - WR","#83 Ivan Humphrey - WR","#88 Harold Marshall - WR",,,"#77 Robert Cobbs - LT","#70 Christopher Mooneyhan - LT","#65 Warren Northcutt - C","#54 Nathaniel Campas - LT","#75 James Riley - LG",,"#67 Fred McKenzie - LDE",,"#72 Francis Holloway - DT","#53 William Pegues - DT","#75 Andy Epley - RDE",,"#90 John Rowe - MLB",,"#94 Adam Green - SLB","#29 Antonio Delcastillo - FS","#43 Marty Johnson - CB",,"#44 Tanner Ontiveros - CB",,"#39 Patrick West - SS","#45 Louis Fennell - CB",,,,,,,,,,,,,,,,,,,,,,,,,,,,,,,,,,,,
SJS,10:24,"SJS 25",3,4,10,"Shotgun Normal HB Flare","Nickel Normal 3 Deep Zone Under",,20,6,"4-10-SJS 25 (10:25) 18-Brian Carmichael pass incomplete, the ball was thrown away. Pressure by 67-Fred McKenzie. Turnover on downs.","#18 Brian Carmichael - QB","#86 Harold Hedberg - RB",,,,"#1 Robert Byrd - WR",,"#12 David Barfield - WR","#83 Ivan Humphrey - WR","#88 Harold Marshall - WR",,,"#77 Robert Cobbs - LT","#70 Christopher Mooneyhan - LT","#65 Warren Northcutt - C","#54 Nathaniel Campas - LT","#75 James Riley - LG",,"#67 Fred McKenzie - LDE",,"#72 Francis Holloway - DT","#53 William Pegues - DT","#75 Andy Epley - RDE",,"#90 John Rowe - MLB",,"#54 James Perez - WLB","#27 Hector Segura - SS","#43 Marty Johnson - CB",,"#44 Tanner Ontiveros - CB",,"#29 Antonio Delcastillo - FS","#39 Patrick West - SS",,,,,,,,,,,,,,,,,,,,,,,,,,,,,,,,,,,,
SCS,10:19,"SJS 25",3,1,10,"I Formation Normal PA Fullback Flat","Goal Line Attack #2",5,20,6,"1-10-SJS 25 (10:20) 8-John Barrios pass complete to 82-Donald Maclennan to SJS 20 for 5 yards. Tackle by 28-Louis Anderson.","#8 John Barrios - QB","#47 Matthew Tipps - RB",,,"#80 Louis Prosser - TE","#82 Donald Maclennan - TE",,"#11 Jonathan Phillips - WR",,"#16 Thomas Kellogg - WR",,,"#68 Hollis Nash - LT","#50 Herbert Landers - LG","#65 Robert Jones - C","#55 Michael Becker - RG","#62 Ronald Matthews - RT",,"#96 Jose Wright - RDE","#59 Edward McVay - RDE","#53 Alvin Lombardi - RDE","#60 Mark Mix - RDE","#96 William Cooley - RDE","#94 Ian Self - RDE","#55 Michael Gatlin - CB",,"#37 Jason Winborne - CB","#42 Robert Guerrero - CB","#24 Wendell Vaughn - CB",,,,"#28 Louis Anderson - CB",,,,,,,,,,,,,,,,,,,,,,,,,,,,,,,,,,,,,
SCS,9:47,"SJS 20",3,2,5,"Singleback Empty 4 TE Deep Out","Dime Flat 2 Deep Man Under",-10,20,6,"2-5-SJS 20 (9:46) 8-John Barrios sacked at SJS 30 for -10 yards (53-Alvin Lombardi). Sack allowed by 79-Ronald Matthews.","#8 John Barrios - QB",,,,,"#82 Donald Maclennan - TE",,"#11 Jonathan Phillips - WR","#81 Thomas Free - WR","#16 Thomas Kellogg - WR","#87 Willard Wood - WR",,"#68 Hollis Nash - LT","#50 Herbert Landers - LG","#65 Robert Jones - C","#55 Michael Becker - RG","#62 Ronald Matthews - RT",,"#53 Alvin Lombardi - RDE",,"#60 Mark Mix - RDE","#96 William Cooley - RDE","#59 Edward McVay - RDE",,"#25 Brett Rix - CB",,,"#42 Robert Guerrero - CB","#24 Wendell Vaughn - CB","#28 Louis Anderson - CB","#22 Raymond Moore - CB",,"#55 Michael Gatlin - CB","#32 Mike Woodward - FS",,,,,,,,,,,,,,,,,,,,,,,,,,,,,,,,,,,,
SCS,9:02,"SJS 30",3,3,15,"Singleback Normal FL Drag","Goal Line Attack #2",-8,20,6,"3-15-SJS 30 (9:01) 8-John Barrios sacked at SJS 38 for -8 yards (57-Jose Wright). Sack allowed by 55-Michael Becker.","#8 John Barrios - QB","#47 Matthew Tipps - RB",,,,"#82 Donald Maclennan - TE",,"#11 Jonathan Phillips - WR","#81 Thomas Free - WR","#16 Thomas Kellogg - WR",,,"#68 Hollis Nash - LT","#50 Herbert Landers - LG","#65 Robert Jones - C","#55 Michael Becker - RG","#62 Ronald Matthews - RT",,"#96 Jose Wright - RDE","#59 Edward McVay - RDE","#53 Alvin Lombardi - RDE","#60 Mark Mix - RDE","#96 William Cooley - RDE","#94 Ian Self - RDE","#55 Michael Gatlin - CB",,"#37 Jason Winborne - CB","#42 Robert Guerrero - CB","#24 Wendell Vaughn - CB",,,,"#28 Louis Anderson - CB",,,,,,,,,,,,,,,,,,,,,,,,,,,,,,,,,,,,,
SCS,8:18,"SJS 38",3,4,22,"Field Goal","FG Block",48,20,6,"4-22-SJS 38 (8:17) 93-Antonio Washington 56 yard field goal is NO GOOD. (Short) PENALTY - Offsides (SJS 60-Mark Mix)",,,,,,,,,,,,,,,,,,,,,,,,,,,,,,,,,,,,"#8 John Barrios - QB","#62 Ronald Matthews - RT",,,,,,,,,,,,,,"#93 Antonio Washington - K","#60 Eric McMahon - RT","#56 Clifton Winston - LG","#50 Herbert Landers - LG","#82 Donald Maclennan - TE","#68 Hollis Nash - LT","#80 Louis Prosser - TE","#49 Franklin Benevides - RB","#36 Juan Francis - RB","#12 David Barfield - WR","#53 Alvin Lombardi - RDE","#60 Mark Mix - RDE","#32 Clyde Belcher - CB","#25 Brett Rix - CB","#94 Ian Self - RDE","#89 Harold McArdle - CB","#55 Michael Gatlin - CB","#96 William Cooley - RDE","#28 Louis Anderson - CB","#32 Mike Woodward - FS"
SCS,8:12,"SJS 33",3,4,17,"Field Goal","FG Block",43,20,6,"4-17-SJS 33 (8:13) 93-Antonio Washington 51 yard field goal is NO GOOD. (Wide Right)",,,,,,,,,,,,,,,,,,,,,,,,,,,,,,,,,,,,"#8 John Barrios - QB","#62 Ronald Matthews - RT",,,,,,,,,,,,,,"#93 Antonio Washington - K","#60 Eric McMahon - RT","#56 Clifton Winston - LG","#50 Herbert Landers - LG","#82 Donald Maclennan - TE","#68 Hollis Nash - LT","#80 Louis Prosser - TE","#49 Franklin Benevides - RB","#36 Juan Francis - RB","#12 David Barfield - WR","#53 Alvin Lombardi - RDE","#60 Mark Mix - RDE","#32 Clyde Belcher - CB","#25 Brett Rix - CB","#94 Ian Self - RDE","#89 Harold McArdle - CB","#55 Michael Gatlin - CB","#96 William Cooley - RDE","#28 Louis Anderson - CB","#32 Mike Woodward - FS"
SJS,8:09,"SJS 40",3,1,10,"Singleback Empty 4 Short Posts","Dime Normal Double WR1 WR2",,20,6,"1-10-SJS 40 (8:10) 18-Brian Carmichael pass INTERCEPTED by 90-John Rowe at SJS 42. 90-John Rowe to SJS 41 for 1 yards. Tackle by 23-David Hartwig.","#18 Brian Carmichael - QB",,,,,"#23 David Hartwig - C",,"#12 David Barfield - WR","#83 Ivan Humphrey - WR","#86 Harold Hedberg - RB","#1 Robert Byrd - WR",,"#77 Robert Cobbs - LT","#70 Christopher Mooneyhan - LT","#65 Warren Northcutt - C","#54 Nathaniel Campas - LT","#75 James Riley - LG",,"#67 Fred McKenzie - LDE",,"#72 Francis Holloway - DT","#53 William Pegues - DT","#75 Andy Epley - RDE",,"#90 John Rowe - MLB",,,"#43 Marty Johnson - CB","#45 Louis Fennell - CB","#39 Patrick West - SS","#44 Tanner Ontiveros - CB",,"#27 Hector Segura - SS","#29 Antonio Delcastillo - FS",,,,,,,,,,,,,,,,,,,,,,,,,,,,,,,,,,,,
SCS,8:06,"SJS 41",3,1,10,"Strong I Normal HB Off Tackle Strong","Goal Line Attack #3",-1,20,6,"1-10-SJS 41 (8:07) 40-Matthew Tipps ran to SJS 42 for -1 yards. Tackle by 55-Michael Gatlin.","#8 John Barrios - QB","#47 Matthew Tipps - RB",,,"#80 Louis Prosser - TE","#82 Donald Maclennan - TE",,"#11 Jonathan Phillips - WR",,"#16 Thomas Kellogg - WR",,,"#68 Hollis Nash - LT","#50 Herbert Landers - LG","#65 Robert Jones - C","#55 Michael Becker - RG","#62 Ronald Matthews - RT",,"#53 Alvin Lombardi - RDE","#96 Jose Wright - RDE","#96 William Cooley - RDE","#60 Mark Mix - RDE","#59 Edward McVay - RDE","#94 Ian Self - RDE","#55 Michael Gatlin - CB",,"#37 Jason Winborne - CB","#42 Robert Guerrero - CB","#24 Wendell Vaughn - CB",,,,"#28 Louis Anderson - CB",,,,,,,,,,,,,,,,,,,,,,,,,,,,,,,,,,,,,
SCS,7:25,"SJS 42",3,2,11,"Singleback Normal FL Drag","Goal Line Attack #2",-7,20,6,"2-11-SJS 42 (7:24) 8-John Barrios sacked at SJS 49 for -7 yards (53-Alvin Lombardi). Sack allowed by 65-Robert Jones.","#8 John Barrios - QB","#47 Matthew Tipps - RB",,,,"#82 Donald Maclennan - TE",,"#11 Jonathan Phillips - WR","#81 Thomas Free - WR","#16 Thomas Kellogg - WR",,,"#68 Hollis Nash - LT","#50 Herbert Landers - LG","#65 Robert Jones - C","#55 Michael Becker - RG","#62 Ronald Matthews - RT",,"#96 Jose Wright - RDE","#59 Edward McVay - RDE","#53 Alvin Lombardi - RDE","#60 Mark Mix - RDE","#96 William Cooley - RDE","#94 Ian Self - RDE","#55 Michael Gatlin - CB",,"#37 Jason Winborne - CB","#42 Robert Guerrero - CB","#24 Wendell Vaughn - CB",,,,"#28 Louis Anderson - CB",,,,,,,,,,,,,,,,,,,,,,,,,,,,,,,,,,,,,
SCS,6:48,"SJS 49",3,3,18,"Singleback Normal FL Drag","Goal Line Attack #1",-8,20,6,"3-18-SJS 49 (6:47) 8-John Barrios sacked at SCS 43 for -8 yards (55-Michael Gatlin)","#8 John Barrios - QB","#47 Matthew Tipps - RB",,,,"#82 Donald Maclennan - TE",,"#11 Jonathan Phillips - WR","#81 Thomas Free - WR","#16 Thomas Kellogg - WR",,,"#68 Hollis Nash - LT","#50 Herbert Landers - LG","#65 Robert Jones - C","#55 Michael Becker - RG","#62 Ronald Matthews - RT",,"#96 Jose Wright - RDE","#59 Edward McVay - RDE","#53 Alvin Lombardi - RDE","#60 Mark Mix - RDE","#96 William Cooley - RDE","#94 Ian Self - RDE","#55 Michael Gatlin - CB",,"#37 Jason Winborne - CB","#42 Robert Guerrero - CB","#24 Wendell Vaughn - CB",,,,"#28 Louis Anderson - CB",,,,,,,,,,,,,,,,,,,,,,,,,,,,,,,,,,,,,
SCS,6:13,"SCS 43",3,4,26,Punt,"Punt Return",41,20,6,"4-26-SCS 43 (6:12) 14-Timothy Rhynes punts 41 yards to SJS 16.",,,,,,,,,,,,,,,,,,"#14 Timothy Rhynes - P",,,,,,,,,,,,,,,,,,,"#62 Ronald Matthews - RT",,"#83 Ivan Humphrey - WR",,,"#86 Harold Hedberg - RB","#32 Clyde Belcher - CB","#70 Christopher Mooneyhan - LT",,"#23 David Hartwig - C","#81 Thomas Fane - TE",,"#25 Brett Rix - CB",,,,"#56 Clifton Winston - LG","#50 Herbert Landers - LG","#82 Donald Maclennan - TE","#68 Hollis Nash - LT","#80 Louis Prosser - TE","#49 Franklin Benevides - RB",,"#96 William Cooley - RDE","#55 Michael Gatlin - CB","#53 Alvin Lombardi - RDE","#60 Mark Mix - RDE",,,,,,,
SJS,6:04,"SJS 16",3,1,10,"Shotgun 5 Wide Parallel Slants","Quarter Normal CB3 CB5 Blitz",8,20,6,"1-10-SJS 16 (6:05) 18-Brian Carmichael pass complete to 1-Robert Byrd to SJS 24 for 8 yards. Tackle by 51-Luke Walcott.","#18 Brian Carmichael - QB",,,,,,,"#14 Andres Freeman - RB","#12 David Barfield - WR","#83 Ivan Humphrey - WR","#86 Harold Hedberg - RB","#1 Robert Byrd - WR","#77 Robert Cobbs - LT","#70 Christopher Mooneyhan - LT","#65 Warren Northcutt - C","#54 Nathaniel Campas - LT","#75 James Riley - LG",,"#73 Robert McMeans - LDE",,"#72 Francis Holloway - DT",,"#75 Andy Epley - RDE",,"#51 Luke Walcott - MLB",,,"#45 Louis Fennell - CB","#44 Tanner Ontiveros - CB","#43 Marty Johnson - CB","#39 Patrick West - SS","#94 Adam Green - SLB","#27 Hector Segura - SS","#29 Antonio Delcastillo - FS",,,,,,,,,,,,,,,,,,,,,,,,,,,,,,,,,,,,
SJS,5:23,"SJS 24",3,2,2,"Goal Line Normal HB Pitch Weak","Goal Line Attack #1",4,20,6,"2-2-SJS 24 (5:22) 1-Robert Byrd ran to SJS 28 for 4 yards. Tackle by 44-Tanner Ontiveros. PENALTY - Holding (SJS 66-Rico Heath)","#18 Brian Carmichael - QB","#1 Robert Byrd - WR",,"#14 Andres Freeman - RB","#12 David Barfield - WR","#83 Ivan Humphrey - WR","#23 David Hartwig - C",,,,,,"#75 James Riley - LG","#66 Rico Heath - LG","#65 Warren Northcutt - C","#64 Daniel Taylor - LG","#68 Michael Cobbs - LG",,"#67 Fred McKenzie - LDE","#73 Robert McMeans - LDE","#72 Francis Holloway - DT","#53 William Pegues - DT","#75 Andy Epley - RDE","#96 Ervin Matson - SLB","#51 Luke Walcott - MLB",,"#94 Adam Green - SLB","#45 Louis Fennell - CB","#44 Tanner Ontiveros - CB",,,,"#27 Hector Segura - SS",,,,,,,,,,,,,,,,,,,,,,,,,,,,,,,,,,,,,
SJS,5:18,"SJS 14",3,2,12,"I Formation Normal PA Fullback Flat","4-3 Under Crowd Middle Deep Man",5,20,6,"2-12-SJS 14 (5:19) 18-Brian Carmichael pass complete to 86-Harold Hedberg to SJS 19 for 5 yards. Tackle by 27-Hector Segura.","#18 Brian Carmichael - QB","#83 Ivan Humphrey - WR",,,"#86 Harold Hedberg - RB","#23 David Hartwig - C",,"#1 Robert Byrd - WR",,"#12 David Barfield - WR",,,"#75 James Riley - LG","#66 Rico Heath - LG","#65 Warren Northcutt - C","#64 Daniel Taylor - LG","#77 Robert Cobbs - LT",,"#67 Fred McKenzie - LDE",,"#72 Francis Holloway - DT","#53 William Pegues - DT","#75 Andy Epley - RDE","#96 Ervin Matson - SLB","#90 John Rowe - MLB",,"#94 Adam Green - SLB","#45 Louis Fennell - CB","#44 Tanner Ontiveros - CB",,,,"#27 Hector Segura - SS","#29 Antonio Delcastillo - FS",,,,,,,,,,,,,,,,,,,,,,,,,,,,,,,,,,,,
SJS,4:42,"SJS 19",3,3,7,"I Formation Normal HB Blast","4-3 Under Shallow Right Zone",10,20,6,"3-7-SJS 19 (4:41) 83-Ivan Humphrey ran to SJS 28 for 10 yards. Tackle by 27-Hector Segura.","#18 Brian Carmichael - QB","#83 Ivan Humphrey - WR",,,"#14 Andres Freeman - RB","#23 David Hartwig - C",,"#1 Robert Byrd - WR",,"#12 David Barfield - WR",,,"#75 James Riley - LG","#66 Rico Heath - LG","#65 Warren Northcutt - C","#64 Daniel Taylor - LG","#77 Robert Cobbs - LT",,"#67 Fred McKenzie - LDE",,"#72 Francis Holloway - DT","#53 William Pegues - DT","#75 Andy Epley - RDE","#96 Ervin Matson - SLB","#90 John Rowe - MLB",,"#94 Adam Green - SLB","#43 Marty Johnson - CB","#45 Louis Fennell - CB",,,,"#27 Hector Segura - SS","#29 Antonio Delcastillo - FS",,,,,,,,,,,,,,,,,,,,,,,,,,,,,,,,,,,,
SJS,3:58,"SJS 28",3,1,10,"Weak I Normal WR Corner TE Middle","4-3 Under 2 Deep Flat Outside",3,20,6,"1-10-SJS 28 (3:57) 18-Brian Carmichael pass complete to 86-Harold Hedberg to SJS 32 for 3 yards. Tackle by 45-Louis Fennell.","#18 Brian Carmichael - QB","#86 Harold Hedberg - RB",,,"#14 Andres Freeman - RB","#88 Harold Marshall - WR",,"#83 Ivan Humphrey - WR",,"#12 David Barfield - WR",,,"#77 Robert Cobbs - LT","#70 Christopher Mooneyhan - LT","#65 Warren Northcutt - C","#54 Nathaniel Campas - LT","#75 James Riley - LG",,"#67 Fred McKenzie - LDE",,"#72 Francis Holloway - DT","#53 William Pegues - DT","#75 Andy Epley - RDE","#96 Ervin Matson - SLB","#90 John Rowe - MLB",,"#94 Adam Green - SLB","#45 Louis Fennell - CB","#44 Tanner Ontiveros - CB",,,,"#27 Hector Segura - SS","#29 Antonio Delcastillo - FS",,,,,,,,,,,,,,,,,,,,,,,,,,,,,,,,,,,,
SJS,3:12,"SJS 32",3,2,7,"Weak I Normal WR Corner TE Middle","4-3 Under Inside LB Blitz",7,20,6,"2-7-SJS 32 (3:11) 18-Brian Carmichael pass complete to 1-Robert Byrd to SJS 38 for 7 yards. Tackle by 96-Ervin Matson.","#18 Brian Carmichael - QB","#1 Robert Byrd - WR",,,"#14 Andres Freeman - RB","#23 David Hartwig - C",,"#88 Harold Marshall - WR",,"#12 David Barfield - WR",,,"#77 Robert Cobbs - LT","#70 Christopher Mooneyhan - LT","#65 Warren Northcutt - C","#54 Nathaniel Campas - LT","#75 James Riley - LG",,"#67 Fred McKenzie - LDE",,"#72 Francis Holloway - DT","#53 William Pegues - DT","#75 Andy Epley - RDE","#96 Ervin Matson - SLB","#90 John Rowe - MLB",,"#94 Adam Green - SLB","#43 Marty Johnson - CB","#44 Tanner Ontiveros - CB",,,,"#39 Patrick West - SS","#45 Louis Fennell - CB",,,,,,,,,,,,,,,,,,,,,,,,,,,,,,,,,,,,
SJS,2:28,"SJS 38",3,3,,"Goal Line Normal HB Weak","Goal Line 3 Deep Zone Under",1,20,6,"3-1-SJS 38 (2:27) 86-Harold Hedberg ran to SJS 39 for 1 yards. Tackle by 75-Andy Epley.","#18 Brian Carmichael - QB","#86 Harold Hedberg - RB",,"#14 Andres Freeman - RB","#12 David Barfield - WR","#83 Ivan Humphrey - WR","#23 David Hartwig - C",,,,,,"#75 James Riley - LG","#66 Rico Heath - LG","#65 Warren Northcutt - C","#64 Daniel Taylor - LG","#68 Michael Cobbs - LG",,"#67 Fred McKenzie - LDE","#73 Robert McMeans - LDE","#72 Francis Holloway - DT","#53 William Pegues - DT","#75 Andy Epley - RDE","#96 Ervin Matson - SLB","#90 John Rowe - MLB",,"#94 Adam Green - SLB","#43 Marty Johnson - CB","#45 Louis Fennell - CB",,,,"#27 Hector Segura - SS",,,,,,,,,,,,,,,,,,,,,,,,,,,,,,,,,,,,,
SJS,1:53,"SJS 39",3,1,10,"I Formation Normal FL Hitch","4-3 Under Shallow Right Zone",,20,6,"1-10-SJS 39 (1:52) 18-Brian Carmichael pass incomplete, dropped by 23-David Hartwig.","#18 Brian Carmichael - QB","#83 Ivan Humphrey - WR",,,"#86 Harold Hedberg - RB","#23 David Hartwig - C",,"#1 Robert Byrd - WR",,"#12 David Barfield - WR",,,"#75 James Riley - LG","#66 Rico Heath - LG","#65 Warren Northcutt - C","#64 Daniel Taylor - LG","#77 Robert Cobbs - LT",,"#67 Fred McKenzie - LDE",,"#72 Francis Holloway - DT","#53 William Pegues - DT","#75 Andy Epley - RDE","#96 Ervin Matson - SLB","#90 John Rowe - MLB",,"#94 Adam Green - SLB","#43 Marty Johnson - CB","#45 Louis Fennell - CB",,,,"#27 Hector Segura - SS","#29 Antonio Delcastillo - FS",,,,,,,,,,,,,,,,,,,,,,,,,,,,,,,,,,,,
SJS,1:48,"SJS 39",3,2,10,"I Formation Normal PA Fullback Flat","4-3 Under Crash Right",3,20,6,"2-10-SJS 39 (1:49) 18-Brian Carmichael pass complete to 86-Harold Hedberg to SJS 42 for 3 yards. Tackle by 29-Antonio Delcastillo.","#18 Brian Carmichael - QB","#83 Ivan Humphrey - WR",,,"#86 Harold Hedberg - RB","#23 David Hartwig - C",,"#88 Harold Marshall - WR",,"#14 Andres Freeman - RB",,,"#75 James Riley - LG","#66 Rico Heath - LG","#65 Warren Northcutt - C","#64 Daniel Taylor - LG","#77 Robert Cobbs - LT",,"#67 Fred McKenzie - LDE",,"#72 Francis Holloway - DT","#53 William Pegues - DT","#75 Andy Epley - RDE","#96 Ervin Matson - SLB","#90 John Rowe - MLB",,"#94 Adam Green - SLB","#43 Marty Johnson - CB","#45 Louis Fennell - CB",,,,"#27 Hector Segura - SS","#29 Antonio Delcastillo - FS",,,,,,,,,,,,,,,,,,,,,,,,,,,,,,,,,,,,
SJS,1:15,"SJS 42",3,3,7,"I Formation Normal FL Hitch","4-3 Under Crowd Middle Deep Man",,20,6,"3-7-SJS 42 (1:14) 18-Brian Carmichael pass Pass knocked down by 90-John Rowe. incomplete, intended for 23-David Hartwig.","#18 Brian Carmichael - QB","#83 Ivan Humphrey - WR",,,"#86 Harold Hedberg - RB","#23 David Hartwig - C",,"#1 Robert Byrd - WR",,"#12 David Barfield - WR",,,"#75 James Riley - LG","#66 Rico Heath - LG","#65 Warren Northcutt - C","#64 Daniel Taylor - LG","#77 Robert Cobbs - LT",,"#67 Fred McKenzie - LDE",,"#72 Francis Holloway - DT","#53 William Pegues - DT","#75 Andy Epley - RDE","#96 Ervin Matson - SLB","#90 John Rowe - MLB",,"#94 Adam Green - SLB","#43 Marty Johnson - CB","#44 Tanner Ontiveros - CB",,,,"#27 Hector Segura - SS","#29 Antonio Delcastillo - FS",,,,,,,,,,,,,,,,,,,,,,,,,,,,,,,,,,,,
SJS,1:10,"SJS 42",3,4,7,"I Formation Normal PA Fullback Flat","4-3 Under 2 Deep Flat Outside",12,20,6,"4-7-SJS 42 (1:11) 18-Brian Carmichael pass complete to 86-Harold Hedberg to SCS 46 for 12 yards. Tackle by 45-Louis Fennell.","#18 Brian Carmichael - QB","#83 Ivan Humphrey - WR",,,"#86 Harold Hedberg - RB","#23 David Hartwig - C",,"#1 Robert Byrd - WR",,"#88 Harold Marshall - WR",,,"#75 James Riley - LG","#66 Rico Heath - LG","#65 Warren Northcutt - C","#64 Daniel Taylor - LG","#77 Robert Cobbs - LT",,"#67 Fred McKenzie - LDE",,"#72 Francis Holloway - DT","#53 William Pegues - DT","#75 Andy Epley - RDE","#96 Ervin Matson - SLB","#90 John Rowe - MLB",,"#94 Adam Green - SLB","#45 Louis Fennell - CB","#44 Tanner Ontiveros - CB",,,,"#27 Hector Segura - SS","#29 Antonio Delcastillo - FS",,,,,,,,,,,,,,,,,,,,,,,,,,,,,,,,,,,,
SJS,0:37,"SCS 46",3,1,10,"I Formation Normal PA Fullback Flat","4-3 Under Crowd Middle",1,20,6,"1-10-SCS 46 (0:36) 18-Brian Carmichael pass complete to 81-Thomas Fane to SCS 45 for 1 yards. Tackle by 96-Ervin Matson.","#18 Brian Carmichael - QB","#14 Andres Freeman - RB",,,"#81 Thomas Fane - TE","#83 Ivan Humphrey - WR",,"#88 Harold Marshall - WR",,"#12 David Barfield - WR",,,"#75 James Riley - LG","#66 Rico Heath - LG","#65 Warren Northcutt - C","#64 Daniel Taylor - LG","#77 Robert Cobbs - LT",,"#67 Fred McKenzie - LDE",,"#72 Francis Holloway - DT","#53 William Pegues - DT","#75 Andy Epley - RDE","#96 Ervin Matson - SLB","#51 Luke Walcott - MLB",,"#54 James Perez - WLB","#43 Marty Johnson - CB","#45 Louis Fennell - CB",,,,"#27 Hector Segura - SS","#39 Patrick West - SS",,,,,,,,,,,,,,,,,,,,,,,,,,,,,,,,,,,,
,0:00,,3,2,9,,,,20,6,"End of third quarter.",,,,,,,,,,,,,,,,,,,,,,,,,,,,,,,,,,,,,,,,,,,,,,,,,,,,,,,,,,,,,,,,,,,,,,
SJS,15:00,"SCS 45",4,2,9,"I Formation 3WR PA Fullback Flat","Nickel 3-3-5 Cover 2 Man Under",7,20,6,"2-9-SCS 45 (15:00) 18-Brian Carmichael pass complete to 23-David Hartwig to SCS 38 for 7 yards. Tackle by 96-Ervin Matson. SCS 54-James Perez was injured on the play.","#18 Brian Carmichael - QB","#83 Ivan Humphrey - WR",,,"#23 David Hartwig - C",,,"#1 Robert Byrd - WR","#88 Harold Marshall - WR","#12 David Barfield - WR",,,"#77 Robert Cobbs - LT","#66 Rico Heath - LG","#65 Warren Northcutt - C","#64 Daniel Taylor - LG","#75 James Riley - LG",,"#67 Fred McKenzie - LDE",,"#72 Francis Holloway - DT",,"#75 Andy Epley - RDE","#96 Ervin Matson - SLB","#51 Luke Walcott - MLB",,"#54 James Perez - WLB","#43 Marty Johnson - CB","#45 Louis Fennell - CB",,"#29 Antonio Delcastillo - FS",,"#39 Patrick West - SS","#44 Tanner Ontiveros - CB",,,,,,,,,,,,,,,,,,,,,,,,,,,,,,,,,,,,
SJS,14:19,"SCS 38",4,3,2,"I Formation Normal HB Dive","4-3 Under Strong Blitz Outside",10,20,6,"3-2-SCS 38 (14:18) 83-Ivan Humphrey ran to SCS 28 for 10 yards. Tackle by 27-Hector Segura.","#18 Brian Carmichael - QB","#83 Ivan Humphrey - WR",,,"#86 Harold Hedberg - RB","#23 David Hartwig - C",,"#1 Robert Byrd - WR",,"#12 David Barfield - WR",,,"#75 James Riley - LG","#66 Rico Heath - LG","#65 Warren Northcutt - C","#64 Daniel Taylor - LG","#77 Robert Cobbs - LT",,"#67 Fred McKenzie - LDE",,"#72 Francis Holloway - DT","#53 William Pegues - DT","#75 Andy Epley - RDE","#96 Ervin Matson - SLB","#90 John Rowe - MLB",,"#94 Adam Green - SLB","#43 Marty Johnson - CB","#44 Tanner Ontiveros - CB",,,,"#27 Hector Segura - SS","#29 Antonio Delcastillo - FS",,,,,,,,,,,,,,,,,,,,,,,,,,,,,,,,,,,,
SJS,13:43,"SCS 28",4,1,10,"I Formation 3WR HB Inside Weak","Nickel Normal 3 Deep Zone Under",13,20,6,"1-10-SCS 28 (13:42) 83-Ivan Humphrey ran to SCS 15 for 13 yards. Tackle by 27-Hector Segura.","#18 Brian Carmichael - QB","#83 Ivan Humphrey - WR",,,"#23 David Hartwig - C",,,"#1 Robert Byrd - WR","#86 Harold Hedberg - RB","#12 David Barfield - WR",,,"#77 Robert Cobbs - LT","#66 Rico Heath - LG","#65 Warren Northcutt - C","#64 Daniel Taylor - LG","#75 James Riley - LG",,"#67 Fred McKenzie - LDE",,"#72 Francis Holloway - DT","#53 William Pegues - DT","#75 Andy Epley - RDE",,"#90 John Rowe - MLB",,"#94 Adam Green - SLB","#43 Marty Johnson - CB","#45 Louis Fennell - CB",,"#44 Tanner Ontiveros - CB",,"#27 Hector Segura - SS","#29 Antonio Delcastillo - FS",,,,,,,,,,,,,,,,,,,,,,,,,,,,,,,,,,,,
SJS,13:01,"SCS 15",4,1,10,"I Formation 3WR HB Inside Weak","Nickel Normal Double WR2",,20,6,"1-10-SCS 15 (13:00) PENALTY - False Start (SJS 12-David Barfield)","#18 Brian Carmichael - QB","#23 David Hartwig - C",,,"#14 Andres Freeman - RB",,,"#1 Robert Byrd - WR","#86 Harold Hedberg - RB","#12 David Barfield - WR",,,"#77 Robert Cobbs - LT","#66 Rico Heath - LG","#65 Warren Northcutt - C","#64 Daniel Taylor - LG","#75 James Riley - LG",,"#67 Fred McKenzie - LDE",,"#72 Francis Holloway - DT","#53 William Pegues - DT","#75 Andy Epley - RDE",,"#90 John Rowe - MLB",,"#94 Adam Green - SLB","#45 Louis Fennell - CB","#44 Tanner Ontiveros - CB",,"#43 Marty Johnson - CB",,"#39 Patrick West - SS","#29 Antonio Delcastillo - FS",,,,,,,,,,,,,,,,,,,,,,,,,,,,,,,,,,,,
SJS,12:59,"SCS 20",4,1,15,"I Formation Normal HB Blast","4-3 Under Crash Right",3,20,6,"1-15-SCS 20 (13:00) 86-Harold Hedberg ran to SCS 17 for 3 yards. Tackle by 90-John Rowe.","#18 Brian Carmichael - QB","#86 Harold Hedberg - RB",,,"#14 Andres Freeman - RB","#23 David Hartwig - C",,"#1 Robert Byrd - WR",,"#12 David Barfield - WR",,,"#75 James Riley - LG","#66 Rico Heath - LG","#65 Warren Northcutt - C","#64 Daniel Taylor - LG","#77 Robert Cobbs - LT",,"#67 Fred McKenzie - LDE",,"#72 Francis Holloway - DT","#53 William Pegues - DT","#75 Andy Epley - RDE","#96 Ervin Matson - SLB","#90 John Rowe - MLB",,"#94 Adam Green - SLB","#43 Marty Johnson - CB","#45 Louis Fennell - CB",,,,"#27 Hector Segura - SS","#29 Antonio Delcastillo - FS",,,,,,,,,,,,,,,,,,,,,,,,,,,,,,,,,,,,
SJS,12:28,"SCS 17",4,2,12,"Goal Line Normal HB Weak","Goal Line 3 Deep Man",7,20,6,"2-12-SCS 17 (12:27) 1-Robert Byrd ran to SCS 19 for -2 yards. 1-Robert Byrd FUMBLES (45-Louis Fennell) Tackle by 27-Hector Segura.","#18 Brian Carmichael - QB","#1 Robert Byrd - WR",,"#14 Andres Freeman - RB","#86 Harold Hedberg - RB","#12 David Barfield - WR","#23 David Hartwig - C",,,,,,"#75 James Riley - LG","#66 Rico Heath - LG","#65 Warren Northcutt - C","#64 Daniel Taylor - LG","#68 Michael Cobbs - LG",,"#67 Fred McKenzie - LDE","#73 Robert McMeans - LDE","#72 Francis Holloway - DT","#53 William Pegues - DT","#75 Andy Epley - RDE","#96 Ervin Matson - SLB","#90 John Rowe - MLB",,"#94 Adam Green - SLB","#43 Marty Johnson - CB","#45 Louis Fennell - CB",,,,"#27 Hector Segura - SS",,,,,,,,,,,,,,,,,,,,,,,,,,,,,,,,,,,,,
SJS,11:43,"SCS 11",4,3,5,"Goal Line Normal HB Pitch Weak","Goal Line 3 Deep Man",2,20,6,"3-5-SCS 11 (11:42) 1-Robert Byrd ran to SCS 8 for 2 yards. Tackle by 90-John Rowe. PENALTY - Holding (SJS 86-Harold Hedberg) (Declined)","#18 Brian Carmichael - QB","#1 Robert Byrd - WR",,"#12 David Barfield - WR","#86 Harold Hedberg - RB","#83 Ivan Humphrey - WR","#23 David Hartwig - C",,,,,,"#75 James Riley - LG","#66 Rico Heath - LG","#65 Warren Northcutt - C","#64 Daniel Taylor - LG","#68 Michael Cobbs - LG",,"#67 Fred McKenzie - LDE","#73 Robert McMeans - LDE","#72 Francis Holloway - DT","#53 William Pegues - DT","#75 Andy Epley - RDE","#96 Ervin Matson - SLB","#90 John Rowe - MLB",,"#94 Adam Green - SLB","#43 Marty Johnson - CB","#45 Louis Fennell - CB",,,,"#27 Hector Segura - SS",,,,,,,,,,,,,,,,,,,,,,,,,,,,,,,,,,,,,
SJS,11:38,"SCS 8",4,4,3,"Field Goal","FG Block",19,20,6,"4-3-SCS 8 (11:39) 16-Steve Jones 25 yard field goal is NO GOOD. (Wide Right)",,,,,,,,,,,,,,,,,,,,,,,,,,,,,,,,,,,,"#3 Jimmy Hoyle - P","#82 Gerald Benjamin - C",,,,,,,,,,,,,,"#16 Steve Jones - K","#81 Thomas Fane - TE","#54 Nathaniel Campas - LT","#77 Robert Cobbs - LT","#70 Christopher Mooneyhan - LT","#86 Harold Hedberg - RB","#23 David Hartwig - C","#66 Rico Heath - LG","#75 James Riley - LG","#77 Jeffrey Tate - RDE","#90 John Rowe - MLB","#96 Ervin Matson - SLB","#67 Fred McKenzie - LDE","#92 David Easterday - RDE","#73 Robert McMeans - LDE","#51 Luke Walcott - MLB","#53 William Pegues - DT","#75 Andy Epley - RDE","#94 Adam Green - SLB","#72 Francis Holloway - DT"
SCS,11:36,"SCS 20",4,1,10,"I Formation Normal PA Streaks","Goal Line Attack #3",-8,20,6,"1-10-SCS 20 (11:37) 8-John Barrios sacked at SCS 12 for -8 yards (96-William Cooley). Sack allowed by 68-Hollis Nash.","#8 John Barrios - QB","#47 Matthew Tipps - RB",,,"#80 Louis Prosser - TE","#82 Donald Maclennan - TE",,"#11 Jonathan Phillips - WR",,"#16 Thomas Kellogg - WR",,,"#68 Hollis Nash - LT","#50 Herbert Landers - LG","#65 Robert Jones - C","#55 Michael Becker - RG","#62 Ronald Matthews - RT",,"#96 Jose Wright - RDE","#59 Edward McVay - RDE","#53 Alvin Lombardi - RDE","#60 Mark Mix - RDE","#96 William Cooley - RDE","#94 Ian Self - RDE","#55 Michael Gatlin - CB",,"#37 Jason Winborne - CB","#42 Robert Guerrero - CB","#24 Wendell Vaughn - CB",,,,"#28 Louis Anderson - CB",,,,,,,,,,,,,,,,,,,,,,,,,,,,,,,,,,,,,
SCS,11:02,"SCS 12",4,2,18,"Strong I Normal HB Off Tackle Strong","Goal Line Attack #2",-1,20,6,"2-18-SCS 12 (11:01) 40-Matthew Tipps ran to SCS 11 for -1 yards. Tackle by 55-Michael Gatlin.","#8 John Barrios - QB","#47 Matthew Tipps - RB",,,"#80 Louis Prosser - TE","#82 Donald Maclennan - TE",,"#11 Jonathan Phillips - WR",,"#16 Thomas Kellogg - WR",,,"#68 Hollis Nash - LT","#50 Herbert Landers - LG","#65 Robert Jones - C","#55 Michael Becker - RG","#62 Ronald Matthews - RT",,"#96 Jose Wright - RDE","#59 Edward McVay - RDE","#53 Alvin Lombardi - RDE","#60 Mark Mix - RDE","#96 William Cooley - RDE","#94 Ian Self - RDE","#55 Michael Gatlin - CB",,"#37 Jason Winborne - CB","#42 Robert Guerrero - CB","#24 Wendell Vaughn - CB",,,,"#28 Louis Anderson - CB",,,,,,,,,,,,,,,,,,,,,,,,,,,,,,,,,,,,,
SCS,10:24,"SCS 11",4,3,19,"Singleback Empty 4 WR Post Corner","Dime Flat 2 Deep Man Under",6,20,6,"3-19-SCS 11 (10:23) 8-John Barrios pass complete to 16-Thomas Kellogg to SCS 17 for 6 yards. Tackle by 28-Louis Anderson.","#8 John Barrios - QB",,,,,"#82 Donald Maclennan - TE",,"#11 Jonathan Phillips - WR","#81 Thomas Free - WR","#16 Thomas Kellogg - WR","#87 Willard Wood - WR",,"#68 Hollis Nash - LT","#50 Herbert Landers - LG","#65 Robert Jones - C","#55 Michael Becker - RG","#62 Ronald Matthews - RT",,"#53 Alvin Lombardi - RDE",,"#60 Mark Mix - RDE","#96 William Cooley - RDE","#59 Edward McVay - RDE",,"#25 Brett Rix - CB",,,"#42 Robert Guerrero - CB","#24 Wendell Vaughn - CB","#28 Louis Anderson - CB","#22 Raymond Moore - CB",,"#55 Michael Gatlin - CB","#32 Mike Woodward - FS",,,,,,,,,,,,,,,,,,,,,,,,,,,,,,,,,,,,
SCS,9:43,"SCS 17",4,4,13,Punt,"Punt Return",,20,6,"4-13-SCS 17 (9:42) 14-Timothy Rhynes punts 43 yards to SJS 40. Fair Catch by 83-Ivan Humphrey.",,,,,,,,,,,,,,,,,,"#14 Timothy Rhynes - P",,,,,,,,,,,,,,,,,,,"#62 Ronald Matthews - RT",,"#83 Ivan Humphrey - WR",,,"#86 Harold Hedberg - RB","#32 Clyde Belcher - CB","#70 Christopher Mooneyhan - LT",,"#23 David Hartwig - C","#81 Thomas Fane - TE",,"#25 Brett Rix - CB",,,,"#56 Clifton Winston - LG","#50 Herbert Landers - LG","#82 Donald Maclennan - TE","#68 Hollis Nash - LT","#80 Louis Prosser - TE","#49 Franklin Benevides - RB",,"#96 William Cooley - RDE","#55 Michael Gatlin - CB","#53 Alvin Lombardi - RDE","#60 Mark Mix - RDE",,,,,,,
SJS,9:35,"SJS 40",4,1,10,"Weak I Normal WR Corner TE Middle","4-3 Under Zone Blitz",,20,6,"1-10-SJS 40 (9:36) 18-Brian Carmichael pass incomplete, dropped by 88-Harold Marshall. The coverage on that play was extremely tight.","#18 Brian Carmichael - QB","#1 Robert Byrd - WR",,,"#14 Andres Freeman - RB","#88 Harold Marshall - WR",,"#83 Ivan Humphrey - WR",,"#12 David Barfield - WR",,,"#77 Robert Cobbs - LT","#70 Christopher Mooneyhan - LT","#65 Warren Northcutt - C","#54 Nathaniel Campas - LT","#75 James Riley - LG",,"#73 Robert McMeans - LDE",,"#72 Francis Holloway - DT","#53 William Pegues - DT","#75 Andy Epley - RDE","#96 Ervin Matson - SLB","#51 Luke Walcott - MLB",,"#94 Adam Green - SLB","#45 Louis Fennell - CB","#44 Tanner Ontiveros - CB",,,,"#27 Hector Segura - SS","#29 Antonio Delcastillo - FS",,,,,,,,,,,,,,,,,,,,,,,,,,,,,,,,,,,,
SJS,9:32,"SJS 40",4,2,10,"Goal Line Normal HB Weak","Goal Line 3 Deep Man",4,20,6,"2-10-SJS 40 (9:33) 1-Robert Byrd ran to SJS 44 for 4 yards. Tackle by 90-John Rowe.","#18 Brian Carmichael - QB","#1 Robert Byrd - WR",,"#12 David Barfield - WR","#86 Harold Hedberg - RB","#83 Ivan Humphrey - WR","#23 David Hartwig - C",,,,,,"#75 James Riley - LG","#66 Rico Heath - LG","#65 Warren Northcutt - C","#64 Daniel Taylor - LG","#68 Michael Cobbs - LG",,"#67 Fred McKenzie - LDE","#73 Robert McMeans - LDE","#72 Francis Holloway - DT","#53 William Pegues - DT","#75 Andy Epley - RDE","#96 Ervin Matson - SLB","#90 John Rowe - MLB",,"#94 Adam Green - SLB","#43 Marty Johnson - CB","#45 Louis Fennell - CB",,,,"#27 Hector Segura - SS",,,,,,,,,,,,,,,,,,,,,,,,,,,,,,,,,,,,,
SJS,8:49,"SJS 44",4,3,6,"Goal Line Normal HB Pitch Weak","Goal Line 3 Deep Zone Under",2,20,6,"3-6-SJS 44 (8:48) 1-Robert Byrd ran to SJS 46 for 2 yards. Tackle by 75-Andy Epley.","#18 Brian Carmichael - QB","#1 Robert Byrd - WR",,"#12 David Barfield - WR","#86 Harold Hedberg - RB","#83 Ivan Humphrey - WR","#23 David Hartwig - C",,,,,,"#75 James Riley - LG","#66 Rico Heath - LG","#65 Warren Northcutt - C","#64 Daniel Taylor - LG","#68 Michael Cobbs - LG",,"#67 Fred McKenzie - LDE","#73 Robert McMeans - LDE","#72 Francis Holloway - DT","#53 William Pegues - DT","#75 Andy Epley - RDE","#96 Ervin Matson - SLB","#90 John Rowe - MLB",,"#94 Adam Green - SLB","#43 Marty Johnson - CB","#45 Louis Fennell - CB",,,,"#27 Hector Segura - SS",,,,,,,,,,,,,,,,,,,,,,,,,,,,,,,,,,,,,
SJS,8:05,"SJS 46",4,4,4,Punt,"Punt Return",54,20,6,"4-4-SJS 46 (8:04) 11-Miguel Browning punts 54 yards to SCS -1.4-4-SJS 46 (8:04) 11-Miguel Browning punts 54 yards to SCS -1. Touchback.",,,,,,,,,,,,,,,,,,"#11 Miguel Browning - P",,,,,,,,,,,,,,,,,,,"#82 Gerald Benjamin - C",,"#49 Franklin Benevides - RB",,,"#67 Fred McKenzie - LDE","#94 Adam Green - SLB","#90 John Rowe - MLB",,"#43 Marty Johnson - CB","#44 Tanner Ontiveros - CB",,"#29 Antonio Delcastillo - FS",,,,"#86 Harold Hedberg - RB","#23 David Hartwig - C","#75 James Riley - LG","#70 Christopher Mooneyhan - LT","#77 Robert Cobbs - LT","#96 William Cooley - RDE",,"#53 William Pegues - DT","#96 Ervin Matson - SLB","#77 Jeffrey Tate - RDE","#75 Andy Epley - RDE",,,,,,,
SCS,7:55,"SCS 20",4,1,10,"I Formation Normal Strong Flood","Goal Line Attack #3",,20,6,"1-10-SCS 20 (7:56) (Hot Read) 8-John Barrios pass incomplete, dropped by 80-Louis Prosser. Excellent coverage on that play. Pressure by 25-Brett Rix.","#8 John Barrios - QB","#47 Matthew Tipps - RB",,,"#80 Louis Prosser - TE","#82 Donald Maclennan - TE",,"#11 Jonathan Phillips - WR",,"#16 Thomas Kellogg - WR",,,"#68 Hollis Nash - LT","#50 Herbert Landers - LG","#65 Robert Jones - C","#55 Michael Becker - RG","#62 Ronald Matthews - RT",,"#53 Alvin Lombardi - RDE","#96 Jose Wright - RDE","#96 William Cooley - RDE","#52 Sean Burrows - LDE","#59 Edward McVay - RDE","#94 Ian Self - RDE","#25 Brett Rix - CB",,"#37 Jason Winborne - CB","#42 Robert Guerrero - CB","#24 Wendell Vaughn - CB",,,,"#60 Mark Mix - RDE",,,,,,,,,,,,,,,,,,,,,,,,,,,,,,,,,,,,,
SCS,7:53,"SCS 20",4,2,10,"Goal Line Normal HB Outside Strong","Goal Line Attack #2",-1,20,6,"2-10-SCS 20 (7:54) 40-Matthew Tipps ran to SCS 19 for -1 yards. Tackle by 53-Alvin Lombardi.","#8 John Barrios - QB","#47 Matthew Tipps - RB",,"#49 Franklin Benevides - RB","#56 Clifton Winston - LG","#82 Donald Maclennan - TE","#80 Louis Prosser - TE",,,,,,"#68 Hollis Nash - LT","#50 Herbert Landers - LG","#65 Robert Jones - C","#55 Michael Becker - RG","#62 Ronald Matthews - RT",,"#53 Alvin Lombardi - RDE","#96 Jose Wright - RDE","#96 William Cooley - RDE","#60 Mark Mix - RDE","#59 Edward McVay - RDE","#94 Ian Self - RDE","#55 Michael Gatlin - CB",,"#37 Jason Winborne - CB","#42 Robert Guerrero - CB","#24 Wendell Vaughn - CB",,,,"#28 Louis Anderson - CB",,,,,,,,,,,,,,,,,,,,,,,,,,,,,,,,,,,,,
SCS,7:15,"SCS 19",4,3,11,"Strong I Normal WR Post TE Out","Goal Line Attack #1",10,20,6,"3-11-SCS 19 (7:14) 8-John Barrios pass complete to 82-Donald Maclennan to SCS 29 for 10 yards. Tackle by 28-Louis Anderson. Great move by 82-Donald Maclennan to get free of his coverage.","#8 John Barrios - QB","#36 Juan Francis - RB",,,"#80 Louis Prosser - TE","#82 Donald Maclennan - TE",,"#11 Jonathan Phillips - WR",,"#16 Thomas Kellogg - WR",,,"#68 Hollis Nash - LT","#50 Herbert Landers - LG","#65 Robert Jones - C","#55 Michael Becker - RG","#62 Ronald Matthews - RT",,"#96 Jose Wright - RDE","#59 Edward McVay - RDE","#53 Alvin Lombardi - RDE","#60 Mark Mix - RDE","#96 William Cooley - RDE","#94 Ian Self - RDE","#55 Michael Gatlin - CB",,"#37 Jason Winborne - CB","#42 Robert Guerrero - CB","#24 Wendell Vaughn - CB",,,,"#28 Louis Anderson - CB",,,,,,,,,,,,,,,,,,,,,,,,,,,,,,,,,,,,,
SCS,6:35,"SCS 29",4,4,1,Punt,"Punt Return",,20,6,"4-1-SCS 29 (6:34) 14-Timothy Rhynes punts 43 yards to SJS 29. Fair Catch by 83-Ivan Humphrey.",,,,,,,,,,,,,,,,,,"#14 Timothy Rhynes - P",,,,,,,,,,,,,,,,,,,"#62 Ronald Matthews - RT",,"#83 Ivan Humphrey - WR",,,"#86 Harold Hedberg - RB","#32 Clyde Belcher - CB","#70 Christopher Mooneyhan - LT",,"#23 David Hartwig - C","#81 Thomas Fane - TE",,"#25 Brett Rix - CB",,,,"#56 Clifton Winston - LG","#50 Herbert Landers - LG","#82 Donald Maclennan - TE","#68 Hollis Nash - LT","#80 Louis Prosser - TE","#49 Franklin Benevides - RB",,"#96 William Cooley - RDE","#55 Michael Gatlin - CB","#53 Alvin Lombardi - RDE","#60 Mark Mix - RDE",,,,,,,
SJS,6:26,"SJS 29",4,1,10,"Goal Line Normal HB Weak","Goal Line 3 Deep Man",5,20,6,"1-10-SJS 29 (6:27) 1-Robert Byrd ran to SJS 34 for 5 yards. Tackle by 51-Luke Walcott. PENALTY - Offsides (SCS 75-Andy Epley)","#18 Brian Carmichael - QB","#1 Robert Byrd - WR",,"#12 David Barfield - WR","#86 Harold Hedberg - RB","#83 Ivan Humphrey - WR","#23 David Hartwig - C",,,,,,"#75 James Riley - LG","#66 Rico Heath - LG","#65 Warren Northcutt - C","#64 Daniel Taylor - LG","#68 Michael Cobbs - LG",,"#73 Robert McMeans - LDE","#59 Robert McKay - RDE","#72 Francis Holloway - DT","#53 William Pegues - DT","#75 Andy Epley - RDE","#96 Ervin Matson - SLB","#51 Luke Walcott - MLB",,"#94 Adam Green - SLB","#45 Louis Fennell - CB","#44 Tanner Ontiveros - CB",,,,"#27 Hector Segura - SS",,,,,,,,,,,,,,,,,,,,,,,,,,,,,,,,,,,,,
SJS,6:24,"SJS 34",4,1,5,"Goal Line Normal HB Pitch Weak","Goal Line 3 Deep Man",67,26,6,"1-5-SJS 34 (6:25) 1-Robert Byrd ran for 66 yards. TOUCHDOWN! SJS 26 SCS 6","#18 Brian Carmichael - QB","#1 Robert Byrd - WR",,"#12 David Barfield - WR","#86 Harold Hedberg - RB","#83 Ivan Humphrey - WR","#23 David Hartwig - C",,,,,,"#75 James Riley - LG","#66 Rico Heath - LG","#65 Warren Northcutt - C","#64 Daniel Taylor - LG","#68 Michael Cobbs - LG",,"#67 Fred McKenzie - LDE","#73 Robert McMeans - LDE","#72 Francis Holloway - DT","#53 William Pegues - DT","#75 Andy Epley - RDE","#96 Ervin Matson - SLB","#90 John Rowe - MLB",,"#94 Adam Green - SLB","#43 Marty Johnson - CB","#45 Louis Fennell - CB",,,,"#27 Hector Segura - SS",,,,,,,,,,,,,,,,,,,,,,,,,,,,,,,,,,,,,
SJS,6:11,"SCS 2",4,7,2,"Goal Line Normal HB Pitch Weak","4-3 Under Shallow Right Zone",-3,26,6,"(6:12) 14-Andres Freeman ran to SCS 5 for -3 yards. Tackle by 77-Jeffrey Tate. This is what happens when you keep calling the same offensive play.","#18 Brian Carmichael - QB","#14 Andres Freeman - RB",,"#45 Ramon Moffett - TE","#81 Thomas Fane - TE","#12 David Barfield - WR","#83 Ivan Humphrey - WR",,,,,,"#77 Robert Cobbs - LT","#66 Rico Heath - LG","#65 Warren Northcutt - C","#64 Daniel Taylor - LG","#75 James Riley - LG",,"#67 Fred McKenzie - LDE",,"#72 Francis Holloway - DT","#53 William Pegues - DT","#77 Jeffrey Tate - RDE","#96 Ervin Matson - SLB","#51 Luke Walcott - MLB",,"#54 James Perez - WLB","#45 Louis Fennell - CB","#44 Tanner Ontiveros - CB",,,,"#39 Patrick West - SS","#29 Antonio Delcastillo - FS",,,,,,,,,,,,,,,,,,,,,,,,,,,,,,,,,,,,
SJS,6:11,"SJS 35",4,6,10,Kickoff,"Kick Return",,26,6,"(6:12) 16-Steve Jones kicks 74 yards from SJS 35 to SCS -9. Touchback.",,,,,,,,,,,,,,,,,,,,,,,,,,,,,,,,,,,,,,"#49 Franklin Benevides - RB",,"#43 Marty Johnson - CB","#94 Adam Green - SLB","#96 Ervin Matson - SLB","#45 Louis Fennell - CB","#67 Fred McKenzie - LDE","#27 Hector Segura - SS","#44 Tanner Ontiveros - CB","#29 Antonio Delcastillo - FS","#90 John Rowe - MLB","#77 Jeffrey Tate - RDE","#16 Steve Jones - K",,,,,,,,,,,,,,,,,,,,
SCS,6:11,"SCS 25",4,1,10,"Singleback Normal Post Corner","Goal Line Attack #3",37,26,6,"1-10-SCS 25 (6:12) (Hot Read) 8-John Barrios pass complete to 82-Donald Maclennan to SJS 38 for 37 yards. Tackle by 24-Wendell Vaughn. You can tell that the offense is starting to figure out how to beat that defensive play.","#8 John Barrios - QB","#47 Matthew Tipps - RB",,,,"#82 Donald Maclennan - TE",,"#11 Jonathan Phillips - WR","#81 Thomas Free - WR","#16 Thomas Kellogg - WR",,,"#68 Hollis Nash - LT","#50 Herbert Landers - LG","#65 Robert Jones - C","#55 Michael Becker - RG","#62 Ronald Matthews - RT",,"#96 Jose Wright - RDE","#59 Edward McVay - RDE","#53 Alvin Lombardi - RDE","#60 Mark Mix - RDE","#96 William Cooley - RDE","#94 Ian Self - RDE","#55 Michael Gatlin - CB",,"#37 Jason Winborne - CB","#42 Robert Guerrero - CB","#24 Wendell Vaughn - CB",,,,"#28 Louis Anderson - CB",,,,,,,,,,,,,,,,,,,,,,,,,,,,,,,,,,,,,
SCS,5:47,"SJS 38",4,1,10,"I Formation Normal PA Fullback Flat","Goal Line Attack #1",5,26,6,"1-10-SJS 38 (5:46) 8-John Barrios pass complete to 80-Louis Prosser to SJS 33 for 5 yards. Tackle by 94-Ian Self. 80-Louis Prosser made a great move on the CB. 94-Ian Self got away with a hold on that play.","#8 John Barrios - QB","#36 Juan Francis - RB",,,"#56 Clifton Winston - LG","#80 Louis Prosser - TE",,"#11 Jonathan Phillips - WR",,"#87 Willard Wood - WR",,,"#68 Hollis Nash - LT","#50 Herbert Landers - LG","#65 Robert Jones - C","#55 Michael Becker - RG","#62 Ronald Matthews - RT",,"#96 Jose Wright - RDE","#59 Edward McVay - RDE","#53 Alvin Lombardi - RDE","#67 Joe Harris - DT","#96 William Cooley - RDE","#94 Ian Self - RDE","#25 Brett Rix - CB",,"#52 Sean Burrows - LDE","#42 Robert Guerrero - CB","#22 Raymond Moore - CB",,,,"#37 Jason Winborne - CB",,,,,,,,,,,,,,,,,,,,,,,,,,,,,,,,,,,,,
SCS,5:29,"SJS 33",4,2,5,"Empty 4 Wide Spread Deep Corner Post","Dime Flat 2 Deep Man Under",,26,6,"2-5-SJS 33 (5:28) 8-John Barrios pass Pass knocked down by 22-Raymond Moore. incomplete, intended for 87-Willard Wood.","#8 John Barrios - QB",,,,,"#80 Louis Prosser - TE",,"#11 Jonathan Phillips - WR","#87 Willard Wood - WR","#81 Thomas Free - WR","#85 Willie Dewberry - WR",,"#68 Hollis Nash - LT","#50 Herbert Landers - LG","#65 Robert Jones - C","#55 Michael Becker - RG","#62 Ronald Matthews - RT",,"#53 Alvin Lombardi - RDE",,"#60 Mark Mix - RDE","#96 William Cooley - RDE","#59 Edward McVay - RDE",,"#25 Brett Rix - CB",,,"#42 Robert Guerrero - CB","#24 Wendell Vaughn - CB","#28 Louis Anderson - CB","#22 Raymond Moore - CB",,"#37 Jason Winborne - CB","#32 Mike Woodward - FS",,,,,,,,,,,,,,,,,,,,,,,,,,,,,,,,,,,,
SCS,5:22,"SJS 33",4,3,5,"I Formation Normal PA Streaks","Goal Line Attack #3",-8,26,6,"3-5-SJS 33 (5:23) 8-John Barrios sacked at SJS 42 for -8 yards (55-Michael Gatlin)","#8 John Barrios - QB","#36 Juan Francis - RB",,,"#56 Clifton Winston - LG","#80 Louis Prosser - TE",,"#16 Thomas Kellogg - WR",,"#85 Willie Dewberry - WR",,,"#68 Hollis Nash - LT","#50 Herbert Landers - LG","#65 Robert Jones - C","#55 Michael Becker - RG","#62 Ronald Matthews - RT",,"#53 Alvin Lombardi - RDE","#78 Steve Walker - RDE","#67 Joe Harris - DT","#96 Jose Wright - RDE","#59 Edward McVay - RDE","#94 Ian Self - RDE","#55 Michael Gatlin - CB",,"#52 Sean Burrows - LDE","#42 Robert Guerrero - CB","#22 Raymond Moore - CB",,,,"#60 Mark Mix - RDE",,,,,,,,,,,,,,,,,,,,,,,,,,,,,,,,,,,,,
SCS,5:02,"SJS 42",4,4,13,Punt,"Punt Return",35,26,6,"4-13-SJS 42 (5:01) 14-Timothy Rhynes punts 35 yards to SJS 7.",,,,,,,,,,,,,,,,,,"#14 Timothy Rhynes - P",,,,,,,,,,,,,,,,,,,"#62 Ronald Matthews - RT",,"#83 Ivan Humphrey - WR",,,"#86 Harold Hedberg - RB","#32 Clyde Belcher - CB","#70 Christopher Mooneyhan - LT",,"#23 David Hartwig - C","#81 Thomas Fane - TE",,"#25 Brett Rix - CB",,,,"#49 Franklin Benevides - RB","#56 Clifton Winston - LG","#68 Hollis Nash - LT","#80 Louis Prosser - TE","#50 Herbert Landers - LG","#36 Juan Francis - RB",,"#94 Ian Self - RDE","#96 William Cooley - RDE","#53 Alvin Lombardi - RDE","#60 Mark Mix - RDE",,,,,,,
SJS,4:52,"SJS 7",4,1,10,"Weak I Normal WR Corner TE Middle","Goal Line Attack #1",13,26,6,"1-10-SJS 7 (4:53) 18-Brian Carmichael pass complete to 12-David Barfield to SJS 19 for 13 yards. Tackle by 44-Tanner Ontiveros. Pressure by 94-Adam Green. 44-Tanner Ontiveros got away with a hold on that play.","#18 Brian Carmichael - QB","#1 Robert Byrd - WR",,,"#14 Andres Freeman - RB","#88 Harold Marshall - WR",,"#83 Ivan Humphrey - WR",,"#12 David Barfield - WR",,,"#77 Robert Cobbs - LT","#66 Rico Heath - LG","#65 Warren Northcutt - C","#54 Nathaniel Campas - LT","#75 James Riley - LG",,"#73 Robert McMeans - LDE","#59 Robert McKay - RDE","#72 Francis Holloway - DT","#53 William Pegues - DT","#75 Andy Epley - RDE","#96 Ervin Matson - SLB","#51 Luke Walcott - MLB",,"#94 Adam Green - SLB","#43 Marty Johnson - CB","#44 Tanner Ontiveros - CB",,,,"#27 Hector Segura - SS",,,,,,,,,,,,,,,,,,,,,,,,,,,,,,,,,,,,,
SJS,4:19,"SJS 19",4,1,10,"Weak I Normal WR Corner TE Middle","Goal Line Attack #2",,26,6,"1-10-SJS 19 (4:18) 18-Brian Carmichael pass Pass knocked down by 39-Patrick West. incomplete, intended for 88-Harold Marshall. Pressure by 73-Robert McMeans.","#18 Brian Carmichael - QB","#1 Robert Byrd - WR",,,"#14 Andres Freeman - RB","#88 Harold Marshall - WR",,"#83 Ivan Humphrey - WR",,"#12 David Barfield - WR",,,"#77 Robert Cobbs - LT","#70 Christopher Mooneyhan - LT","#65 Warren Northcutt - C","#54 Nathaniel Campas - LT","#75 James Riley - LG",,"#73 Robert McMeans - LDE","#59 Robert McKay - RDE","#72 Francis Holloway - DT","#53 William Pegues - DT","#75 Andy Epley - RDE","#96 Ervin Matson - SLB","#51 Luke Walcott - MLB",,"#94 Adam Green - SLB","#44 Tanner Ontiveros - CB","#29 Antonio Delcastillo - FS",,,,"#39 Patrick West - SS",,,,,,,,,,,,,,,,,,,,,,,,,,,,,,,,,,,,,
SJS,4:13,"SJS 19",4,2,10,"I Formation Normal FL Hitch","4-3 Under Strong Blitz Outside",10,26,6,"2-10-SJS 19 (4:14) 18-Brian Carmichael pass complete to 1-Robert Byrd to SJS 30 for 10 yards. Tackle by 54-James Perez. SJS 66-Rico Heath was injured on the play.","#18 Brian Carmichael - QB","#86 Harold Hedberg - RB",,,"#14 Andres Freeman - RB","#23 David Hartwig - C",,"#1 Robert Byrd - WR",,"#12 David Barfield - WR",,,"#75 James Riley - LG","#66 Rico Heath - LG","#65 Warren Northcutt - C","#64 Daniel Taylor - LG","#77 Robert Cobbs - LT",,"#73 Robert McMeans - LDE",,"#72 Francis Holloway - DT","#53 William Pegues - DT","#75 Andy Epley - RDE","#96 Ervin Matson - SLB","#51 Luke Walcott - MLB",,"#54 James Perez - WLB","#43 Marty Johnson - CB","#39 Patrick West - SS",,,,"#27 Hector Segura - SS","#29 Antonio Delcastillo - FS",,,,,,,,,,,,,,,,,,,,,,,,,,,,,,,,,,,,
SJS,3:31,"SJS 30",4,1,10,"Shotgun Normal HB Flare","Nickel Normal 3 Deep Zone Under",-10,26,6,"1-10-SJS 30 (3:30) 18-Brian Carmichael sacked at SJS 20 for -10 yards (72-Francis Holloway). Sack allowed by 54-Nathaniel Campas. 54-Nathaniel Campas was completely beat on that play.","#18 Brian Carmichael - QB","#86 Harold Hedberg - RB",,,,"#23 David Hartwig - C",,"#88 Harold Marshall - WR","#83 Ivan Humphrey - WR","#14 Andres Freeman - RB",,,"#77 Robert Cobbs - LT","#70 Christopher Mooneyhan - LT","#65 Warren Northcutt - C","#54 Nathaniel Campas - LT","#75 James Riley - LG",,"#67 Fred McKenzie - LDE",,"#72 Francis Holloway - DT","#53 William Pegues - DT","#77 Jeffrey Tate - RDE",,"#51 Luke Walcott - MLB",,"#94 Adam Green - SLB","#44 Tanner Ontiveros - CB","#27 Hector Segura - SS",,"#39 Patrick West - SS",,"#45 Louis Fennell - CB","#29 Antonio Delcastillo - FS",,,,,,,,,,,,,,,,,,,,,,,,,,,,,,,,,,,,
SJS,2:51,"SJS 20",4,2,20,"Shotgun Normal HB Flare","Nickel Normal Man Cover 2",,26,6,"2-20-SJS 20 (2:50) 18-Brian Carmichael pass incomplete, dropped by 86-Harold Hedberg. 43-Marty Johnson got away with a hold on that play. Pressure by 75-Andy Epley.","#18 Brian Carmichael - QB","#86 Harold Hedberg - RB",,,,"#1 Robert Byrd - WR",,"#12 David Barfield - WR","#83 Ivan Humphrey - WR","#88 Harold Marshall - WR",,,"#77 Robert Cobbs - LT","#70 Christopher Mooneyhan - LT","#65 Warren Northcutt - C","#54 Nathaniel Campas - LT","#75 James Riley - LG",,"#67 Fred McKenzie - LDE",,"#72 Francis Holloway - DT","#53 William Pegues - DT","#75 Andy Epley - RDE",,"#90 John Rowe - MLB",,"#94 Adam Green - SLB","#43 Marty Johnson - CB","#27 Hector Segura - SS",,"#29 Antonio Delcastillo - FS",,"#45 Louis Fennell - CB","#44 Tanner Ontiveros - CB",,,,,,,,,,,,,,,,,,,,,,,,,,,,,,,,,,,,
SJS,2:44,"SJS 20",4,3,20,"Shotgun Normal HB Flare","Nickel Normal 3 Deep Man Under",,26,6,"3-20-SJS 20 (2:45) 18-Brian Carmichael pass Pass knocked down by 51-Luke Walcott. incomplete, intended for 23-David Hartwig.","#18 Brian Carmichael - QB","#45 Ramon Moffett - TE",,,,"#23 David Hartwig - C",,"#88 Harold Marshall - WR","#87 Oliver Jeter - WR","#14 Andres Freeman - RB",,,"#77 Robert Cobbs - LT","#70 Christopher Mooneyhan - LT","#65 Warren Northcutt - C","#54 Nathaniel Campas - LT","#75 James Riley - LG",,"#67 Fred McKenzie - LDE",,"#72 Francis Holloway - DT","#53 William Pegues - DT","#77 Jeffrey Tate - RDE",,"#51 Luke Walcott - MLB",,"#54 James Perez - WLB","#45 Louis Fennell - CB","#43 Marty Johnson - CB",,"#27 Hector Segura - SS",,"#44 Tanner Ontiveros - CB","#39 Patrick West - SS",,,,,,,,,,,,,,,,,,,,,,,,,,,,,,,,,,,,
SJS,2:41,"SJS 20",4,4,20,Punt,"Punt Return",,26,6,"4-20-SJS 20 (2:42) 11-Miguel Browning punts 50 yards to SCS 30. Fair Catch by 49-Franklin Benevides.",,,,,,,,,,,,,,,,,,"#11 Miguel Browning - P",,,,,,,,,,,,,,,,,,,"#82 Gerald Benjamin - C",,"#49 Franklin Benevides - RB",,,"#94 Adam Green - SLB","#45 Louis Fennell - CB","#67 Fred McKenzie - LDE",,"#90 John Rowe - MLB","#29 Antonio Delcastillo - FS",,"#43 Marty Johnson - CB",,,,"#54 Nathaniel Campas - LT","#23 David Hartwig - C","#75 James Riley - LG","#70 Christopher Mooneyhan - LT","#77 Robert Cobbs - LT","#96 William Cooley - RDE",,"#53 William Pegues - DT","#96 Ervin Matson - SLB","#77 Jeffrey Tate - RDE","#75 Andy Epley - RDE",,,,,,,
SCS,2:34,"SCS 30",4,1,10,"I Formation Normal SE Post","Goal Line Attack #3",,26,6,"1-10-SCS 30 (2:35) (Hot Read) 8-John Barrios pass incomplete, dropped by 80-Louis Prosser. That was a dangerous pass. Pressure by 94-Ian Self. 42-Robert Guerrero got away with a hold on that play.","#8 John Barrios - QB","#47 Matthew Tipps - RB",,,"#80 Louis Prosser - TE","#82 Donald Maclennan - TE",,"#11 Jonathan Phillips - WR",,"#16 Thomas Kellogg - WR",,,"#68 Hollis Nash - LT","#50 Herbert Landers - LG","#65 Robert Jones - C","#55 Michael Becker - RG","#62 Ronald Matthews - RT",,"#96 Jose Wright - RDE","#59 Edward McVay - RDE","#53 Alvin Lombardi - RDE","#60 Mark Mix - RDE","#96 William Cooley - RDE","#94 Ian Self - RDE","#55 Michael Gatlin - CB",,"#37 Jason Winborne - CB","#42 Robert Guerrero - CB","#24 Wendell Vaughn - CB",,,,"#28 Louis Anderson - CB",,,,,,,,,,,,,,,,,,,,,,,,,,,,,,,,,,,,,
SCS,2:31,"SCS 30",4,2,10,"Empty 4 Wide Spread Deep Corner Post","Dime Flat 2 Deep Man Under",,26,6,"2-10-SCS 30 (2:32) 8-John Barrios pass Pass knocked down by 32-Mike Woodward. incomplete, intended for 81-Thomas Free.","#8 John Barrios - QB",,,,,"#82 Donald Maclennan - TE",,"#11 Jonathan Phillips - WR","#81 Thomas Free - WR","#16 Thomas Kellogg - WR","#87 Willard Wood - WR",,"#68 Hollis Nash - LT","#50 Herbert Landers - LG","#65 Robert Jones - C","#55 Michael Becker - RG","#62 Ronald Matthews - RT",,"#53 Alvin Lombardi - RDE",,"#60 Mark Mix - RDE","#96 William Cooley - RDE","#59 Edward McVay - RDE",,"#25 Brett Rix - CB",,,"#42 Robert Guerrero - CB","#24 Wendell Vaughn - CB","#28 Louis Anderson - CB","#22 Raymond Moore - CB",,"#55 Michael Gatlin - CB","#32 Mike Woodward - FS",,,,,,,,,,,,,,,,,,,,,,,,,,,,,,,,,,,,
SCS,2:27,"SCS 30",4,3,10,"I Formation Power Play Action HB Downfield","Goal Line Attack #3",6,26,6,"3-10-SCS 30 (2:28) 8-John Barrios pass complete to 82-Donald Maclennan to SCS 36 for 6 yards. Tackle by 24-Wendell Vaughn. Great move by 82-Donald Maclennan to get free of his coverage.","#8 John Barrios - QB","#47 Matthew Tipps - RB",,"#56 Clifton Winston - LG","#80 Louis Prosser - TE","#82 Donald Maclennan - TE",,"#16 Thomas Kellogg - WR",,,,,"#68 Hollis Nash - LT","#50 Herbert Landers - LG","#65 Robert Jones - C","#55 Michael Becker - RG","#62 Ronald Matthews - RT",,"#53 Alvin Lombardi - RDE","#59 Edward McVay - RDE","#52 Sean Burrows - LDE","#60 Mark Mix - RDE","#96 William Cooley - RDE","#94 Ian Self - RDE","#55 Michael Gatlin - CB",,"#37 Jason Winborne - CB","#42 Robert Guerrero - CB","#24 Wendell Vaughn - CB",,,,"#28 Louis Anderson - CB",,,,,,,,,,,,,,,,,,,,,,,,,,,,,,,,,,,,,
SCS,2:03,"SCS 36",4,4,4,Punt,"Punt Return",64,26,6,"4-4-SCS 36 (2:02) 14-Timothy Rhynes punts 64 yards to SJS -1.4-4-SCS 36 (2:02) 14-Timothy Rhynes punts 64 yards to SJS -1. Touchback.",,,,,,,,,,,,,,,,,,"#14 Timothy Rhynes - P",,,,,,,,,,,,,,,,,,,"#62 Ronald Matthews - RT",,"#83 Ivan Humphrey - WR",,,"#86 Harold Hedberg - RB","#32 Clyde Belcher - CB","#70 Christopher Mooneyhan - LT",,"#23 David Hartwig - C","#81 Thomas Fane - TE",,"#25 Brett Rix - CB",,,,"#56 Clifton Winston - LG","#50 Herbert Landers - LG","#82 Donald Maclennan - TE","#68 Hollis Nash - LT","#80 Louis Prosser - TE","#49 Franklin Benevides - RB",,"#96 William Cooley - RDE","#55 Michael Gatlin - CB","#53 Alvin Lombardi - RDE","#60 Mark Mix - RDE",,,,,,,
,1:54,,4,1,10,,,,26,6,"Timeout for two minute warning.",,,,,,,,,,,,,,,,,,,,,,,,,,,,,,,,,,,,,,,,,,,,,,,,,,,,,,,,,,,,,,,,,,,,,,
SJS,1:53,"SJS 20",4,1,10,"Weak I Big WR Post TE Out","Goal Line Attack #2",,26,6,"1-10-SJS 20 (1:54) 18-Brian Carmichael pass incomplete, intended for 45-Ramon Moffett. Pressure by 72-Francis Holloway.","#18 Brian Carmichael - QB","#1 Robert Byrd - WR",,,"#14 Andres Freeman - RB","#83 Ivan Humphrey - WR","#45 Ramon Moffett - TE","#12 David Barfield - WR",,,,,"#77 Robert Cobbs - LT","#68 Michael Cobbs - LG","#65 Warren Northcutt - C","#54 Nathaniel Campas - LT","#75 James Riley - LG",,"#73 Robert McMeans - LDE","#59 Robert McKay - RDE","#72 Francis Holloway - DT","#53 William Pegues - DT","#75 Andy Epley - RDE","#96 Ervin Matson - SLB","#51 Luke Walcott - MLB",,"#94 Adam Green - SLB","#45 Louis Fennell - CB","#44 Tanner Ontiveros - CB",,,,"#27 Hector Segura - SS",,,,,,,,,,,,,,,,,,,,,,,,,,,,,,,,,,,,,
SJS,1:50,"SJS 20",4,2,10,"I Formation Power Play Action HB Downfield","Goal Line 3 Deep Man",,26,6,"2-10-SJS 20 (1:51) 18-Brian Carmichael pass incomplete, intended for 1-Robert Byrd.","#18 Brian Carmichael - QB","#83 Ivan Humphrey - WR",,"#86 Harold Hedberg - RB","#23 David Hartwig - C","#1 Robert Byrd - WR",,"#12 David Barfield - WR",,,,,"#77 Robert Cobbs - LT","#70 Christopher Mooneyhan - LT","#65 Warren Northcutt - C","#54 Nathaniel Campas - LT","#75 James Riley - LG",,"#67 Fred McKenzie - LDE","#73 Robert McMeans - LDE","#72 Francis Holloway - DT","#53 William Pegues - DT","#75 Andy Epley - RDE","#96 Ervin Matson - SLB","#90 John Rowe - MLB",,"#94 Adam Green - SLB","#43 Marty Johnson - CB","#45 Louis Fennell - CB",,,,"#27 Hector Segura - SS",,,,,,,,,,,,,,,,,,,,,,,,,,,,,,,,,,,,,
SJS,1:46,"SJS 20",4,3,10,"Weak I Big WR Post TE Out","Goal Line Attack #1",,26,6,"3-10-SJS 20 (1:47) 18-Brian Carmichael pass Pass knocked down by 29-Antonio Delcastillo. incomplete, intended for 86-Harold Hedberg.","#18 Brian Carmichael - QB","#1 Robert Byrd - WR",,,"#23 David Hartwig - C","#86 Harold Hedberg - RB","#83 Ivan Humphrey - WR","#12 David Barfield - WR",,,,,"#77 Robert Cobbs - LT","#70 Christopher Mooneyhan - LT","#65 Warren Northcutt - C","#54 Nathaniel Campas - LT","#75 James Riley - LG",,"#67 Fred McKenzie - LDE","#73 Robert McMeans - LDE","#72 Francis Holloway - DT","#53 William Pegues - DT","#75 Andy Epley - RDE","#96 Ervin Matson - SLB","#90 John Rowe - MLB",,"#54 James Perez - WLB","#44 Tanner Ontiveros - CB","#29 Antonio Delcastillo - FS",,,,"#39 Patrick West - SS",,,,,,,,,,,,,,,,,,,,,,,,,,,,,,,,,,,,,
SJS,1:43,"SJS 20",4,4,10,"Weak I Big WR Post TE Out","Goal Line 3 Deep Zone Under",13,26,6,"4-10-SJS 20 (1:44) 18-Brian Carmichael pass complete to 86-Harold Hedberg to SJS 33 for 13 yards. Tackle by 90-John Rowe.","#18 Brian Carmichael - QB","#1 Robert Byrd - WR",,,"#23 David Hartwig - C","#86 Harold Hedberg - RB","#83 Ivan Humphrey - WR","#88 Harold Marshall - WR",,,,,"#77 Robert Cobbs - LT","#70 Christopher Mooneyhan - LT","#65 Warren Northcutt - C","#54 Nathaniel Campas - LT","#75 James Riley - LG",,"#67 Fred McKenzie - LDE","#73 Robert McMeans - LDE","#72 Francis Holloway - DT","#53 William Pegues - DT","#75 Andy Epley - RDE","#94 Adam Green - SLB","#90 John Rowe - MLB",,"#54 James Perez - WLB","#43 Marty Johnson - CB","#45 Louis Fennell - CB",,,,"#27 Hector Segura - SS",,,,,,,,,,,,,,,,,,,,,,,,,,,,,,,,,,,,,
,1:40,,4,1,10,,,,26,6,"Timeout SCS",,,,,,,,,,,,,,,,,,,,,,,,,,,,,,,,,,,,,,,,,,,,,,,,,,,,,,,,,,,,,,,,,,,,,,
SJS,1:36,"SJS 33",4,1,10,"Weak I Big WR Post TE Out","Goal Line Attack #1",11,26,6,"1-10-SJS 33 (1:37) 18-Brian Carmichael pass complete to 23-David Hartwig to SJS 45 for 11 yards. Tackle by 29-Antonio Delcastillo.","#18 Brian Carmichael - QB","#14 Andres Freeman - RB",,,"#81 Thomas Fane - TE","#23 David Hartwig - C","#45 Ramon Moffett - TE","#12 David Barfield - WR",,,,,"#77 Robert Cobbs - LT","#70 Christopher Mooneyhan - LT","#65 Warren Northcutt - C","#54 Nathaniel Campas - LT","#75 James Riley - LG",,"#67 Fred McKenzie - LDE","#73 Robert McMeans - LDE","#72 Francis Holloway - DT","#53 William Pegues - DT","#75 Andy Epley - RDE","#94 Adam Green - SLB","#51 Luke Walcott - MLB",,"#96 Ervin Matson - SLB","#44 Tanner Ontiveros - CB","#29 Antonio Delcastillo - FS",,,,"#39 Patrick West - SS",,,,,,,,,,,,,,,,,,,,,,,,,,,,,,,,,,,,,
,1:33,,4,1,10,,,,26,6,"Timeout SCS",,,,,,,,,,,,,,,,,,,,,,,,,,,,,,,,,,,,,,,,,,,,,,,,,,,,,,,,,,,,,,,,,,,,,,
SJS,1:30,"SJS 45",4,1,10,"Weak I Big WR Post TE Out","Goal Line 3 Deep Zone Under",11,26,6,"1-10-SJS 45 (1:31) 18-Brian Carmichael pass complete to 1-Robert Byrd to SCS 45 for 11 yards. Tackle by 90-John Rowe.","#18 Brian Carmichael - QB","#1 Robert Byrd - WR",,,"#23 David Hartwig - C","#86 Harold Hedberg - RB","#83 Ivan Humphrey - WR","#12 David Barfield - WR",,,,,"#77 Robert Cobbs - LT","#70 Christopher Mooneyhan - LT","#65 Warren Northcutt - C","#54 Nathaniel Campas - LT","#75 James Riley - LG",,"#67 Fred McKenzie - LDE","#73 Robert McMeans - LDE","#72 Francis Holloway - DT","#53 William Pegues - DT","#75 Andy Epley - RDE","#96 Ervin Matson - SLB","#90 John Rowe - MLB",,"#94 Adam Green - SLB","#43 Marty Johnson - CB","#45 Louis Fennell - CB",,,,"#27 Hector Segura - SS",,,,,,,,,,,,,,,,,,,,,,,,,,,,,,,,,,,,,
,1:26,,4,1,10,,,,26,6,"Timeout SCS",,,,,,,,,,,,,,,,,,,,,,,,,,,,,,,,,,,,,,,,,,,,,,,,,,,,,,,,,,,,,,,,,,,,,,
SJS,1:23,"SCS 45",4,1,10,Victory,"Quarter Normal CB3 CB5 Blitz",,26,6,"1-10-SCS 45 (1:24) 18-Brian Carmichael kneeled down to SCS 45 for -0 yards.","#18 Brian Carmichael - QB","#86 Harold Hedberg - RB",,"#14 Andres Freeman - RB","#83 Ivan Humphrey - WR","#12 David Barfield - WR","#23 David Hartwig - C",,,,,,"#77 Robert Cobbs - LT","#66 Rico Heath - LG","#65 Warren Northcutt - C","#64 Daniel Taylor - LG","#75 James Riley - LG",,"#73 Robert McMeans - LDE",,"#72 Francis Holloway - DT",,"#75 Andy Epley - RDE",,"#51 Luke Walcott - MLB",,,"#44 Tanner Ontiveros - CB","#43 Marty Johnson - CB","#27 Hector Segura - SS","#45 Louis Fennell - CB","#96 Ervin Matson - SLB","#39 Patrick West - SS","#29 Antonio Delcastillo - FS",,,,,,,,,,,,,,,,,,,,,,,,,,,,,,,,,,,,
SJS,0:42,"SCS 45",4,2,10,Victory,"Quarter Normal CB3 CB5 Blitz",,26,6,"2-10-SCS 45 (0:41) 18-Brian Carmichael kneeled down to SCS 45 for -0 yards.","#18 Brian Carmichael - QB","#86 Harold Hedberg - RB",,"#14 Andres Freeman - RB","#83 Ivan Humphrey - WR","#12 David Barfield - WR","#23 David Hartwig - C",,,,,,"#77 Robert Cobbs - LT","#66 Rico Heath - LG","#65 Warren Northcutt - C","#64 Daniel Taylor - LG","#75 James Riley - LG",,"#67 Fred McKenzie - LDE",,"#72 Francis Holloway - DT",,"#75 Andy Epley - RDE",,"#90 John Rowe - MLB",,,"#43 Marty Johnson - CB","#45 Louis Fennell - CB","#39 Patrick West - SS","#44 Tanner Ontiveros - CB","#51 Luke Walcott - MLB","#27 Hector Segura - SS","#29 Antonio Delcastillo - FS",,,,,,,,,,,,,,,,,,,,,,,,,,,,,,,,,,,,
SJS,0:12,"SCS 45",4,3,10,Victory,"Quarter Normal CB3 CB5 Blitz",,26,6,"3-10-SCS 45 (0:11) 18-Brian Carmichael kneeled down to SCS 45 for -0 yards.","#18 Brian Carmichael - QB","#86 Harold Hedberg - RB",,"#14 Andres Freeman - RB","#83 Ivan Humphrey - WR","#12 David Barfield - WR","#23 David Hartwig - C",,,,,,"#77 Robert Cobbs - LT","#66 Rico Heath - LG","#65 Warren Northcutt - C","#64 Daniel Taylor - LG","#75 James Riley - LG",,"#67 Fred McKenzie - LDE",,"#72 Francis Holloway - DT",,"#75 Andy Epley - RDE",,"#90 John Rowe - MLB",,,"#43 Marty Johnson - CB","#45 Louis Fennell - CB","#39 Patrick West - SS","#44 Tanner Ontiveros - CB","#51 Luke Walcott - MLB","#27 Hector Segura - SS","#29 Antonio Delcastillo - FS",,,,,,,,,,,,,,,,,,,,,,,,,,,,,,,,,,,,
,0:00,,4,4,10,,,,26,6,"End of fourth quarter.",,,,,,,,,,,,,,,,,,,,,,,,,,,,,,,,,,,,,,,,,,,,,,,,,,,,,,,,,,,,,,,,,,,,,,
