HasBall,"Game Clock","Ball @",Quarter,Down,YTG,OffensivePlay,DefensivePlay,YardsGained,"Home Score","Away Score",Text,QB1,RB1,RB2,FB2,FB1,TE1,TE2,WR1,WR3,WR2,WR4,WR5,LT1,LG1,C1,RG1,RT1,P1,LDE1,LDE2,DT1,DT2,RDE1,SLB1,MLB1,MLB2,WLB1,CB1,CB2,CB4,CB3,CB5,SS1,FS1,FS2,"Kick Holder1","Long Snapper1","Kick Returner1","Punt Returner1",Gunner10,Gunner7,Gunner2,Gunner6,Gunner1,Gunner8,Gunner3,Gunner4,Gunner9,Gunner5,Kickoffs1,"Field Goal Kicker1","ST Blocker8","ST Blocker5","ST Blocker4","ST Blocker1","ST Blocker2","ST Blocker3","ST Blocker6","ST Blocker7","ST Rusher4","ST Rusher1","ST Rusher2","ST Rusher3","ST Rusher11","ST Rusher10","ST Rusher9","ST Rusher6","ST Rusher5","ST Rusher7","ST Rusher8"
,15:00,,1,,,,,,0,0,"HOU has won the toss and elected to receive.",,,,,,,,,,,,,,,,,,,,,,,,,,,,,,,,,,,,,,,,,,,,,,,,,,,,,,,,,,,,,,,,,,,,,,
CIN,15:00,"CIN 35",1,6,10,Kickoff,"Kick Return",,0,0,"(15:00) 8-Son Thurman kicks 73 yards from CIN 35 to HOU -8. Touchback.",,,,,,,,,,,,,,,,,,,,,,,,,,,,,,,,,,,,,,"#82 Brian Ramirez - WR",,"#98 Randall Meyers - DT","#35 Jon Wright - CB","#42 Andrew Fritz - CB","#20 Matthew Scott - CB","#44 Delbert Bealer - CB","#90 James Spencer - RDE","#51 Robert Mann - CB","#59 Andre Wade - CB","#67 Christopher Howland - LDE","#57 William Snow - CB","#8 Son Thurman - K",,,,,,,,,,,,,,,,,,,,
HOU,15:00,"HOU 25",1,1,10,"Goal Line Normal HB Pitch Weak","4-3 Under Double Safety Blitz",,0,0,"1-10-HOU 25 (15:00) 28-Andre Maker ran to HOU 25 for a short gain. Tackle by 35-Joseph Duffy.","#6 Joseph Eady - QB","#28 Andre Maker - WR",,"#22 Lester Brown - WR","#40 Alan Williams - RB","#85 Clinton Anderson - RB","#84 Joseph McCasland - C",,,,,,"#52 Roland Westbury - LT","#70 Daniel Paige - LT","#83 Michael Frank - RB","#71 Sam Freeman - RG","#71 Gus Goodman - RT",,"#95 James Guidry - LDE",,"#91 Harold Messick - DT","#92 Gregory Harrison - DT","#97 Robert Anders - RDE","#42 Chad Patrick - CB","#36 Billy Tharpe - CB",,"#34 Eric Kimmel - CB","#27 Raul Roth - CB","#59 Thomas Layne - CB",,,,"#30 Jonathan Snyder - CB","#35 Joseph Duffy - CB",,,,,,,,,,,,,,,,,,,,,,,,,,,,,,,,,,,,
HOU,14:19,"HOU 25",1,2,10,"Shotgun Normal TE Out","4-3 Normal Double WR3",,0,0,"2-10-HOU 25 (14:18) 6-Joseph Eady pass Pass knocked down by 30-Jonathan Snyder. incomplete, intended for 84-Joseph McCasland.","#6 Joseph Eady - QB","#28 Andre Maker - WR",,,,"#84 Joseph McCasland - C",,"#11 John Gomez - WR","#85 Clinton Anderson - RB","#23 Tracy Lopez - WR",,,"#52 Roland Westbury - LT","#70 Daniel Paige - LT","#83 Michael Frank - RB","#71 Sam Freeman - RG","#71 Gus Goodman - RT",,"#95 James Guidry - LDE",,"#91 Harold Messick - DT","#92 Gregory Harrison - DT","#97 Robert Anders - RDE","#36 Billy Tharpe - CB","#42 Chad Patrick - CB",,"#34 Eric Kimmel - CB","#27 Raul Roth - CB","#59 Thomas Layne - CB",,,,"#30 Jonathan Snyder - CB","#35 Joseph Duffy - CB",,,,,,,,,,,,,,,,,,,,,,,,,,,,,,,,,,,,
HOU,14:15,"HOU 25",1,3,10,"I Formation Normal FL Hitch","4-3 Under Double LB Blitz",3,0,0,"3-10-HOU 25 (14:16) 6-Joseph Eady pass complete to 11-John Gomez to HOU 28 for 3 yards. Tackle by 27-Raul Roth. 27-Raul Roth got away with a hold on that play.","#6 Joseph Eady - QB","#28 Andre Maker - WR",,,"#40 Alan Williams - RB","#85 Clinton Anderson - RB",,"#11 John Gomez - WR",,"#23 Tracy Lopez - WR",,,"#52 Roland Westbury - LT","#70 Daniel Paige - LT","#83 Michael Frank - RB","#71 Sam Freeman - RG","#71 Gus Goodman - RT",,"#95 James Guidry - LDE",,"#91 Harold Messick - DT","#92 Gregory Harrison - DT","#97 Robert Anders - RDE","#42 Chad Patrick - CB","#36 Billy Tharpe - CB",,"#34 Eric Kimmel - CB","#27 Raul Roth - CB","#59 Thomas Layne - CB",,,,"#30 Jonathan Snyder - CB","#35 Joseph Duffy - CB",,,,,,,,,,,,,,,,,,,,,,,,,,,,,,,,,,,,
HOU,13:34,"HOU 28",1,4,7,Punt,"Punt Return",,0,0,"4-7-HOU 28 (13:33) 9-Billy Hansen punts 44 yards to CIN 28. Fair Catch by 37-Derrick Moss.",,,,,,,,,,,,,,,,,,"#9 Billy Hansen - P",,,,,,,,,,,,,,,,,,,"#76 Scott Friend - LT",,"#37 Derrick Moss - WR",,,"#30 Jonathan Snyder - CB","#33 Todd Morley - CB","#34 Eric Kimmel - CB",,"#42 Chad Patrick - CB","#44 Doug Dearman - CB",,"#36 Billy Tharpe - CB",,,,"#70 Daniel Paige - LT","#61 Ricardo Perry - LG","#84 Joseph McCasland - C","#85 Clinton Anderson - RB","#52 Roland Westbury - LT","#68 Frederick Yates - RG",,"#91 Harold Messick - DT","#97 Robert Anders - RDE","#27 Raul Roth - CB","#77 Ronald Williams - DT",,,,,,,
CIN,13:26,"CIN 28",1,1,10,"Shotgun 2 RB 3 WR Shotgun Sweep","4-3 Normal Double WR1",,0,0,"1-10-CIN 28 (13:27) 86-Steven Jackson ran to CIN 29 for a short gain. Tackle by 59-Andre Wade.","#3 Leonard Thompson - QB","#85 Joseph Moore - WR","#86 Steven Jackson - WR",,,,,"#37 Derrick Moss - WR","#39 Julio Hamilton - WR","#46 David Santos - WR",,,"#73 Jack Durgin - LT","#72 Steven Johnson - RT","#66 Christopher Mitchell - C","#68 Roderick Price - RG","#65 Robert Christopherso - RT",,"#60 Odell Paschke - LDE",,"#67 Christopher Howland - LDE","#91 Alan Edwards - LDE","#98 Randall Meyers - DT","#59 Andre Wade - CB","#51 Robert Mann - CB",,"#54 Joel Dodson - CB","#33 Roger Trimmer - CB","#27 Kyle Locklin - CB",,,,"#42 Andrew Fritz - CB","#24 David Swain - CB",,,,,,,,,,,,,,,,,,,,,,,,,,,,,,,,,,,,
CIN,12:48,"CIN 29",1,2,10,"Shotgun 2 RB 3 WR Shotgun Sweep","4-3 Normal OLB Blitz Inside",6,0,0,"2-10-CIN 29 (12:47) 86-Steven Jackson ran to CIN 35 for 6 yards. Tackle by 42-Andrew Fritz.","#3 Leonard Thompson - QB","#85 Joseph Moore - WR","#86 Steven Jackson - WR",,,,,"#37 Derrick Moss - WR","#39 Julio Hamilton - WR","#46 David Santos - WR",,,"#73 Jack Durgin - LT","#72 Steven Johnson - RT","#66 Christopher Mitchell - C","#68 Roderick Price - RG","#65 Robert Christopherso - RT",,"#60 Odell Paschke - LDE",,"#67 Christopher Howland - LDE","#91 Alan Edwards - LDE","#98 Randall Meyers - DT","#59 Andre Wade - CB","#51 Robert Mann - CB",,"#54 Joel Dodson - CB","#33 Roger Trimmer - CB","#27 Kyle Locklin - CB",,,,"#42 Andrew Fritz - CB","#24 David Swain - CB",,,,,,,,,,,,,,,,,,,,,,,,,,,,,,,,,,,,
CIN,12:03,"CIN 35",1,3,3,"Strong I Big Backfield Drag","4-3 Normal OLB Blitz Inside",,0,0,"3-3-CIN 35 (12:02) 3-Leonard Thompson pass Pass knocked down by 33-Roger Trimmer. incomplete, intended for 86-Steven Jackson.","#3 Leonard Thompson - QB","#37 Derrick Moss - WR",,,"#86 Steven Jackson - WR","#85 Joseph Moore - WR","#39 Julio Hamilton - WR","#46 David Santos - WR",,,,,"#73 Jack Durgin - LT","#72 Steven Johnson - RT","#66 Christopher Mitchell - C","#68 Roderick Price - RG","#65 Robert Christopherso - RT",,"#60 Odell Paschke - LDE",,"#67 Christopher Howland - LDE","#91 Alan Edwards - LDE","#98 Randall Meyers - DT","#59 Andre Wade - CB","#51 Robert Mann - CB",,"#54 Joel Dodson - CB","#33 Roger Trimmer - CB","#27 Kyle Locklin - CB",,,,"#42 Andrew Fritz - CB","#24 David Swain - CB",,,,,,,,,,,,,,,,,,,,,,,,,,,,,,,,,,,,
CIN,11:57,"CIN 35",1,4,3,Punt,"Punt Return",,0,0,"4-3-CIN 35 (11:58) 7-Leonard Hyde punts 48 yards to HOU 17. Fair Catch by 82-Brian Ramirez.",,,,,,,,,,,,,,,,,,"#7 Leonard Hyde - P",,,,,,,,,,,,,,,,,,,"#68 Roderick Price - RG",,"#82 Brian Ramirez - WR",,,"#42 Andrew Fritz - CB","#20 Matthew Scott - CB","#44 Delbert Bealer - CB",,"#51 Robert Mann - CB","#59 Andre Wade - CB",,"#57 William Snow - CB",,,,"#60 Ted Abdullah - LT","#66 Christopher Mitchell - C","#73 Jack Durgin - LT","#22 Jameson Kelly - WR","#71 Thomas Morneau - LG","#65 Robert Christopherso - RT",,"#54 Joel Dodson - CB","#60 Odell Paschke - LDE","#24 David Swain - CB","#43 Paul Powers - CB",,,,,,,
HOU,11:51,"HOU 17",1,1,10,"Shotgun Normal HB Flare","4-3 Normal Double WR3",,0,0,"1-10-HOU 17 (11:52) 6-Joseph Eady pass Pass knocked down by 59-Thomas Layne. incomplete, intended for 23-Tracy Lopez.","#6 Joseph Eady - QB","#28 Andre Maker - WR",,,,"#84 Joseph McCasland - C",,"#11 John Gomez - WR","#85 Clinton Anderson - RB","#23 Tracy Lopez - WR",,,"#52 Roland Westbury - LT","#70 Daniel Paige - LT","#83 Michael Frank - RB","#71 Sam Freeman - RG","#71 Gus Goodman - RT",,"#95 James Guidry - LDE",,"#91 Harold Messick - DT","#92 Gregory Harrison - DT","#97 Robert Anders - RDE","#36 Billy Tharpe - CB","#42 Chad Patrick - CB",,"#34 Eric Kimmel - CB","#27 Raul Roth - CB","#59 Thomas Layne - CB",,,,"#30 Jonathan Snyder - CB","#35 Joseph Duffy - CB",,,,,,,,,,,,,,,,,,,,,,,,,,,,,,,,,,,,
HOU,11:47,"HOU 17",1,2,10,"I Formation Normal FL Hitch","4-3 Normal Double WR3",,0,0,"2-10-HOU 17 (11:48) 6-Joseph Eady pass Pass knocked down by 42-Chad Patrick. incomplete, intended for 85-Clinton Anderson. PENALTY - Holding (HOU 40-Alan Williams)","#6 Joseph Eady - QB","#28 Andre Maker - WR",,,"#40 Alan Williams - RB","#85 Clinton Anderson - RB",,"#11 John Gomez - WR",,"#23 Tracy Lopez - WR",,,"#52 Roland Westbury - LT","#70 Daniel Paige - LT","#83 Michael Frank - RB","#71 Sam Freeman - RG","#71 Gus Goodman - RT",,"#95 James Guidry - LDE",,"#91 Harold Messick - DT","#92 Gregory Harrison - DT","#97 Robert Anders - RDE","#36 Billy Tharpe - CB","#42 Chad Patrick - CB",,"#34 Eric Kimmel - CB","#27 Raul Roth - CB","#59 Thomas Layne - CB",,,,"#30 Jonathan Snyder - CB","#35 Joseph Duffy - CB",,,,,,,,,,,,,,,,,,,,,,,,,,,,,,,,,,,,
HOU,11:44,"HOU 9",1,2,19,"Shotgun Normal HB Flare","4-3 Normal Double WR3",2,0,0,"2-19-HOU 9 (11:45) 6-Joseph Eady pass complete to 28-Andre Maker to HOU 11 for 2 yards. Tackle by 36-Billy Tharpe.","#6 Joseph Eady - QB","#28 Andre Maker - WR",,,,"#84 Joseph McCasland - C",,"#11 John Gomez - WR","#85 Clinton Anderson - RB","#23 Tracy Lopez - WR",,,"#52 Roland Westbury - LT","#70 Daniel Paige - LT","#83 Michael Frank - RB","#71 Sam Freeman - RG","#71 Gus Goodman - RT",,"#95 James Guidry - LDE",,"#91 Harold Messick - DT","#92 Gregory Harrison - DT","#97 Robert Anders - RDE","#36 Billy Tharpe - CB","#42 Chad Patrick - CB",,"#34 Eric Kimmel - CB","#27 Raul Roth - CB","#59 Thomas Layne - CB",,,,"#30 Jonathan Snyder - CB","#35 Joseph Duffy - CB",,,,,,,,,,,,,,,,,,,,,,,,,,,,,,,,,,,,
HOU,11:02,"HOU 11",1,3,17,"Shotgun 2 RB 3 WR Shotgun Dive","Dime Normal Man Cover 1",-2,0,0,"3-17-HOU 11 (11:01) 28-Andre Maker ran to HOU 9 for -2 yards. Tackle by 97-Robert Anders.","#6 Joseph Eady - QB","#28 Andre Maker - WR","#82 Brian Ramirez - WR",,,,,"#11 John Gomez - WR","#85 Clinton Anderson - RB","#23 Tracy Lopez - WR",,,"#52 Roland Westbury - LT","#70 Daniel Paige - LT","#83 Michael Frank - RB","#71 Sam Freeman - RG","#71 Gus Goodman - RT",,"#95 James Guidry - LDE",,"#91 Harold Messick - DT","#92 Gregory Harrison - DT","#97 Robert Anders - RDE",,"#34 Eric Kimmel - CB",,,"#42 Chad Patrick - CB","#25 Andrew Smith - CB","#30 Jonathan Snyder - CB","#35 Joseph Duffy - CB",,"#27 Raul Roth - CB","#59 Thomas Layne - CB",,,,,,,,,,,,,,,,,,,,,,,,,,,,,,,,,,,,
HOU,10:26,"HOU 9",1,4,18,Punt,"Punt Return",,0,0,"4-18-HOU 9 (10:25) 9-Billy Hansen punts 46 yards to CIN 45. Fair Catch by 37-Derrick Moss.",,,,,,,,,,,,,,,,,,"#9 Billy Hansen - P",,,,,,,,,,,,,,,,,,,"#76 Scott Friend - LT",,"#37 Derrick Moss - WR",,,"#30 Jonathan Snyder - CB","#33 Todd Morley - CB","#34 Eric Kimmel - CB",,"#42 Chad Patrick - CB","#44 Doug Dearman - CB",,"#36 Billy Tharpe - CB",,,,"#70 Daniel Paige - LT","#61 Ricardo Perry - LG","#84 Joseph McCasland - C","#85 Clinton Anderson - RB","#52 Roland Westbury - LT","#68 Frederick Yates - RG",,"#91 Harold Messick - DT","#97 Robert Anders - RDE","#27 Raul Roth - CB","#77 Ronald Williams - DT",,,,,,,
CIN,10:17,"CIN 45",1,1,10,"I Formation Power HB Draw","4-3 Normal WLB Outside Blitz",2,0,0,"1-10-CIN 45 (10:18) 37-Derrick Moss ran to CIN 47 for 2 yards. Tackle by 53-Christopher Howland.","#3 Leonard Thompson - QB","#37 Derrick Moss - WR",,"#86 Steven Jackson - WR","#22 Jameson Kelly - WR","#39 Julio Hamilton - WR",,"#85 Joseph Moore - WR",,,,,"#73 Jack Durgin - LT","#72 Steven Johnson - RT","#66 Christopher Mitchell - C","#68 Roderick Price - RG","#65 Robert Christopherso - RT",,"#60 Odell Paschke - LDE",,"#67 Christopher Howland - LDE","#91 Alan Edwards - LDE","#98 Randall Meyers - DT","#59 Andre Wade - CB","#51 Robert Mann - CB",,"#54 Joel Dodson - CB","#33 Roger Trimmer - CB","#27 Kyle Locklin - CB",,,,"#42 Andrew Fritz - CB","#24 David Swain - CB",,,,,,,,,,,,,,,,,,,,,,,,,,,,,,,,,,,,
,10:16,,1,2,8,,,,0,0,"Timeout CIN",,,,,,,,,,,,,,,,,,,,,,,,,,,,,,,,,,,,,,,,,,,,,,,,,,,,,,,,,,,,,,,,,,,,,,
CIN,9:34,"CIN 47",1,2,8,"Split Backs 3 Wide Dive Left","4-3 Normal OLB Blitz Inside",5,0,0,"2-8-CIN 47 (9:35) 39-Julio Hamilton ran to HOU 48 for 5 yards. Tackle by 59-Andre Wade.","#3 Leonard Thompson - QB","#86 Steven Jackson - WR",,,"#39 Julio Hamilton - WR",,,"#85 Joseph Moore - WR","#37 Derrick Moss - WR","#46 David Santos - WR",,,"#73 Jack Durgin - LT","#72 Steven Johnson - RT","#66 Christopher Mitchell - C","#68 Roderick Price - RG","#65 Robert Christopherso - RT",,"#60 Odell Paschke - LDE",,"#67 Christopher Howland - LDE","#91 Alan Edwards - LDE","#98 Randall Meyers - DT","#59 Andre Wade - CB","#51 Robert Mann - CB",,"#54 Joel Dodson - CB","#33 Roger Trimmer - CB","#27 Kyle Locklin - CB",,,,"#42 Andrew Fritz - CB","#24 David Swain - CB",,,,,,,,,,,,,,,,,,,,,,,,,,,,,,,,,,,,
CIN,9:00,"HOU 48",1,3,3,"I Formation Twin WR Hard Slants","4-3 Normal Double WR1",,0,0,"3-3-HOU 48 (8:59) 3-Leonard Thompson pass Pass knocked down by 27-Kyle Locklin. incomplete, intended for 86-Steven Jackson.","#3 Leonard Thompson - QB","#46 David Santos - WR",,,"#22 Jameson Kelly - WR","#39 Julio Hamilton - WR",,"#85 Joseph Moore - WR",,"#86 Steven Jackson - WR",,,"#73 Jack Durgin - LT","#72 Steven Johnson - RT","#66 Christopher Mitchell - C","#68 Roderick Price - RG","#65 Robert Christopherso - RT",,"#60 Odell Paschke - LDE",,"#67 Christopher Howland - LDE","#91 Alan Edwards - LDE","#98 Randall Meyers - DT","#59 Andre Wade - CB","#51 Robert Mann - CB",,"#54 Joel Dodson - CB","#33 Roger Trimmer - CB","#27 Kyle Locklin - CB",,,,"#42 Andrew Fritz - CB","#24 David Swain - CB",,,,,,,,,,,,,,,,,,,,,,,,,,,,,,,,,,,,
CIN,8:55,"HOU 48",1,4,3,Punt,"Punt Return",56,0,0,"4-3-HOU 48 (8:56) 7-Leonard Hyde punts 56 yards to HOU -8.4-3-HOU 48 (8:56) 7-Leonard Hyde punts 56 yards to HOU -8. Touchback.",,,,,,,,,,,,,,,,,,"#7 Leonard Hyde - P",,,,,,,,,,,,,,,,,,,"#68 Roderick Price - RG",,"#82 Brian Ramirez - WR",,,"#42 Andrew Fritz - CB","#20 Matthew Scott - CB","#44 Delbert Bealer - CB",,"#51 Robert Mann - CB","#59 Andre Wade - CB",,"#57 William Snow - CB",,,,"#60 Ted Abdullah - LT","#66 Christopher Mitchell - C","#73 Jack Durgin - LT","#22 Jameson Kelly - WR","#71 Thomas Morneau - LG","#65 Robert Christopherso - RT",,"#54 Joel Dodson - CB","#60 Odell Paschke - LDE","#24 David Swain - CB","#43 Paul Powers - CB",,,,,,,
HOU,8:48,"HOU 20",1,1,10,"Shotgun Normal HB Flare","4-3 Normal Double WR3",10,0,0,"1-10-HOU 20 (8:49) 6-Joseph Eady pass complete to 85-Clinton Anderson to HOU 30 for 10 yards. Tackle by 35-Joseph Duffy. 85-Clinton Anderson breaks down the CB.","#6 Joseph Eady - QB","#28 Andre Maker - WR",,,,"#84 Joseph McCasland - C",,"#11 John Gomez - WR","#85 Clinton Anderson - RB","#23 Tracy Lopez - WR",,,"#52 Roland Westbury - LT","#70 Daniel Paige - LT","#83 Michael Frank - RB","#71 Sam Freeman - RG","#71 Gus Goodman - RT",,"#95 James Guidry - LDE",,"#91 Harold Messick - DT","#92 Gregory Harrison - DT","#97 Robert Anders - RDE","#36 Billy Tharpe - CB","#42 Chad Patrick - CB",,"#33 Todd Morley - CB","#59 Thomas Layne - CB","#25 Andrew Smith - CB",,,,"#38 Micheal Leonard - CB","#35 Joseph Duffy - CB",,,,,,,,,,,,,,,,,,,,,,,,,,,,,,,,,,,,
HOU,8:14,"HOU 30",1,1,10,"Shotgun Normal HB Flare","Dime Normal Man Cover 1",16,0,0,"1-10-HOU 30 (8:13) 6-Joseph Eady pass complete to 85-Clinton Anderson to HOU 46 for 16 yards. Tackle by 25-Andrew Smith. 85-Clinton Anderson breaks down the CB.","#6 Joseph Eady - QB","#28 Andre Maker - WR",,,,"#84 Joseph McCasland - C",,"#11 John Gomez - WR","#85 Clinton Anderson - RB","#23 Tracy Lopez - WR",,,"#52 Roland Westbury - LT","#70 Daniel Paige - LT","#83 Michael Frank - RB","#71 Sam Freeman - RG","#71 Gus Goodman - RT",,"#95 James Guidry - LDE",,"#91 Harold Messick - DT","#92 Gregory Harrison - DT","#97 Robert Anders - RDE",,"#34 Eric Kimmel - CB",,,"#42 Chad Patrick - CB","#25 Andrew Smith - CB","#30 Jonathan Snyder - CB","#35 Joseph Duffy - CB",,"#27 Raul Roth - CB","#59 Thomas Layne - CB",,,,,,,,,,,,,,,,,,,,,,,,,,,,,,,,,,,,
HOU,7:28,"HOU 46",1,1,10,"I Formation Normal FL Hitch","4-3 Under Double LB Blitz",4,0,0,"1-10-HOU 46 (7:27) 6-Joseph Eady pass complete to 11-John Gomez to CIN 50 for 4 yards. Tackle by 59-Thomas Layne. 59-Thomas Layne got away with a hold on that play. CIN 97-Robert Anders was injured on the play. He looks like he should be able to return.","#6 Joseph Eady - QB","#28 Andre Maker - WR",,,"#40 Alan Williams - RB","#85 Clinton Anderson - RB",,"#11 John Gomez - WR",,"#23 Tracy Lopez - WR",,,"#52 Roland Westbury - LT","#70 Daniel Paige - LT","#83 Michael Frank - RB","#71 Sam Freeman - RG","#71 Gus Goodman - RT",,"#95 James Guidry - LDE",,"#91 Harold Messick - DT","#92 Gregory Harrison - DT","#97 Robert Anders - RDE","#42 Chad Patrick - CB","#36 Billy Tharpe - CB",,"#33 Todd Morley - CB","#59 Thomas Layne - CB","#25 Andrew Smith - CB",,,,"#30 Jonathan Snyder - CB","#35 Joseph Duffy - CB",,,,,,,,,,,,,,,,,,,,,,,,,,,,,,,,,,,,
HOU,6:43,"CIN 50",1,2,6,"Shotgun 2 RB 3 WR Shotgun Dive","4-3 Normal Double WR3",3,0,0,"2-6-CIN 50 (6:42) 28-Andre Maker ran to CIN 47 for 3 yards. Tackle by 30-Jonathan Snyder.","#6 Joseph Eady - QB","#28 Andre Maker - WR","#82 Brian Ramirez - WR",,,,,"#11 John Gomez - WR","#85 Clinton Anderson - RB","#23 Tracy Lopez - WR",,,"#52 Roland Westbury - LT","#70 Daniel Paige - LT","#83 Michael Frank - RB","#71 Sam Freeman - RG","#71 Gus Goodman - RT",,"#95 James Guidry - LDE",,"#91 Harold Messick - DT","#92 Gregory Harrison - DT","#93 Randy King - LDE","#36 Billy Tharpe - CB","#42 Chad Patrick - CB",,"#34 Eric Kimmel - CB","#27 Raul Roth - CB","#59 Thomas Layne - CB",,,,"#30 Jonathan Snyder - CB","#35 Joseph Duffy - CB",,,,,,,,,,,,,,,,,,,,,,,,,,,,,,,,,,,,
HOU,5:59,"CIN 47",1,3,3,"Weak I Big WR Post TE Out","4-3 Normal Double WR3",21,0,0,"3-3-CIN 47 (5:58) 6-Joseph Eady pass complete to 28-Andre Maker to CIN 26 for 21 yards.","#6 Joseph Eady - QB","#28 Andre Maker - WR",,,"#40 Alan Williams - RB","#85 Clinton Anderson - RB","#84 Joseph McCasland - C","#11 John Gomez - WR",,,,,"#52 Roland Westbury - LT","#70 Daniel Paige - LT","#83 Michael Frank - RB","#71 Sam Freeman - RG","#71 Gus Goodman - RT",,"#95 James Guidry - LDE",,"#91 Harold Messick - DT","#92 Gregory Harrison - DT","#93 Randy King - LDE","#36 Billy Tharpe - CB","#42 Chad Patrick - CB",,"#34 Eric Kimmel - CB","#27 Raul Roth - CB","#59 Thomas Layne - CB",,,,"#30 Jonathan Snyder - CB","#35 Joseph Duffy - CB",,,,,,,,,,,,,,,,,,,,,,,,,,,,,,,,,,,,
HOU,5:10,"CIN 26",1,1,10,"I Formation Normal FL Hitch","4-3 Under Double LB Blitz",,0,0,"1-10-CIN 26 (5:09) 6-Joseph Eady pass Pass knocked down by 35-Joseph Duffy. incomplete, intended for 40-Alan Williams.","#6 Joseph Eady - QB","#82 Brian Ramirez - WR",,,"#85 Clinton Anderson - RB","#40 Alan Williams - RB",,"#23 Tracy Lopez - WR",,"#84 Joseph McCasland - C",,,"#52 Roland Westbury - LT","#70 Daniel Paige - LT","#83 Michael Frank - RB","#71 Sam Freeman - RG","#71 Gus Goodman - RT",,"#95 James Guidry - LDE",,"#91 Harold Messick - DT","#92 Gregory Harrison - DT","#93 Randy King - LDE","#42 Chad Patrick - CB","#33 Todd Morley - CB",,"#36 Billy Tharpe - CB","#25 Andrew Smith - CB","#47 Daniel Winkel - CB",,,,"#38 Micheal Leonard - CB","#35 Joseph Duffy - CB",,,,,,,,,,,,,,,,,,,,,,,,,,,,,,,,,,,,
HOU,5:06,"CIN 26",1,2,10,"I Formation 3WR FL Post","46 Normal Inside Blitz",26,0,0,"2-10-CIN 26 (5:07) 6-Joseph Eady pass complete to 82-Brian Ramirez to CIN 0 for 26 yards. Tackle by 38-Micheal Leonard.","#6 Joseph Eady - QB","#82 Brian Ramirez - WR",,,"#40 Alan Williams - RB",,,"#11 John Gomez - WR","#85 Clinton Anderson - RB","#23 Tracy Lopez - WR",,,"#52 Roland Westbury - LT","#70 Daniel Paige - LT","#83 Michael Frank - RB","#71 Sam Freeman - RG","#71 Gus Goodman - RT",,"#95 James Guidry - LDE",,"#91 Harold Messick - DT","#92 Gregory Harrison - DT","#93 Randy King - LDE","#42 Chad Patrick - CB","#34 Eric Kimmel - CB",,"#36 Billy Tharpe - CB","#27 Raul Roth - CB","#59 Thomas Layne - CB",,,,"#38 Micheal Leonard - CB","#35 Joseph Duffy - CB",,,,,,,,,,,,,,,,,,,,,,,,,,,,,,,,,,,,
HOU,4:30,"CIN 0",1,1,,"I Formation Power Play Action HB Downfield","46 Normal Inside Blitz",4,6,0,"1-1-CIN 0 (4:29) 6-Joseph Eady pass complete to 40-Alan Williams for 0 yards. TOUCHDOWN! Nice job by 40-Alan Williams on that route to lose his coverage. 47-Daniel Winkel got away with a hold on that play. HOU 6 CIN 0","#6 Joseph Eady - QB","#22 Lester Brown - WR",,"#85 Clinton Anderson - RB","#28 Andre Maker - WR","#40 Alan Williams - RB",,"#84 Joseph McCasland - C",,,,,"#52 Roland Westbury - LT","#70 Daniel Paige - LT","#83 Michael Frank - RB","#71 Sam Freeman - RG","#71 Gus Goodman - RT",,"#77 Ronald Williams - DT",,"#91 Harold Messick - DT","#92 Gregory Harrison - DT","#93 Randy King - LDE","#33 Todd Morley - CB","#34 Eric Kimmel - CB",,"#51 John Gibson - WLB","#25 Andrew Smith - CB","#47 Daniel Winkel - CB",,,,"#30 Jonathan Snyder - CB","#38 Micheal Leonard - CB",,,,,,,,,,,,,,,,,,,,,,,,,,,,,,,,,,,,
HOU,4:25,"CIN 15",1,7,15,"Field Goal","FG Block",26,7,0,"(4:26) Extra point GOOD by 18-William Pope. HOU 7 CIN 0",,,,,,,,,,,,,,,,,,,,,,,,,,,,,,,,,,,,"#17 Bruce Shadrick - QB","#76 Scott Friend - LT",,,,,,,,,,,,,,"#18 William Pope - K","#34 Robert Mathis - LG","#68 Frederick Yates - RG","#70 Daniel Paige - LT","#84 Joseph McCasland - C","#52 Roland Westbury - LT","#61 Ricardo Perry - LG","#23 Tracy Lopez - WR","#71 Sam Freeman - RG","#91 Harold Messick - DT","#27 Raul Roth - CB","#42 Chad Patrick - CB","#77 Ronald Williams - DT","#34 Eric Kimmel - CB","#44 Doug Dearman - CB","#38 Micheal Leonard - CB","#57 Stephen Warren - RDE","#93 Randy King - LDE","#56 Michael Cline - RDE","#92 Gregory Harrison - DT"
HOU,4:25,"HOU 35",1,6,10,Kickoff,"Kick Return",,7,0,"(4:26) 18-William Pope kicks 75 yards from HOU 35 to CIN -10. Touchback.",,,,,,,,,,,,,,,,,,,,,,,,,,,,,,,,,,,,,,"#37 Derrick Moss - WR",,"#24 Alan Drake - CB","#33 Todd Morley - CB","#30 Jonathan Snyder - CB","#36 Billy Tharpe - CB","#34 Eric Kimmel - CB","#47 Daniel Winkel - CB","#27 Raul Roth - CB","#42 Chad Patrick - CB","#25 Andrew Smith - CB","#44 Doug Dearman - CB","#18 William Pope - K",,,,,,,,,,,,,,,,,,,,
CIN,4:25,"CIN 25",1,1,10,"I Formation Twin WR Hard Slants","4-3 Normal Man QB Spy",62,7,0,"1-10-CIN 25 (4:26) 3-Leonard Thompson pass complete to 39-Julio Hamilton to HOU 13 for 62 yards. Tackle by 24-David Swain. CIN 73-Jack Durgin was injured on the play. He looks like he should be able to return.","#3 Leonard Thompson - QB","#46 David Santos - WR",,,"#22 Jameson Kelly - WR","#39 Julio Hamilton - WR",,"#85 Joseph Moore - WR",,"#86 Steven Jackson - WR",,,"#73 Jack Durgin - LT","#72 Steven Johnson - RT","#66 Christopher Mitchell - C","#68 Roderick Price - RG","#65 Robert Christopherso - RT",,"#60 Odell Paschke - LDE",,"#67 Christopher Howland - LDE","#91 Alan Edwards - LDE","#98 Randall Meyers - DT","#59 Andre Wade - CB","#51 Robert Mann - CB",,"#54 Joel Dodson - CB","#33 Roger Trimmer - CB","#27 Kyle Locklin - CB",,,,"#42 Andrew Fritz - CB","#24 David Swain - CB",,,,,,,,,,,,,,,,,,,,,,,,,,,,,,,,,,,,
CIN,3:37,"HOU 13",1,1,10,"Weak I Normal WR Corner TE Middle","4-3 Normal WLB Outside Blitz",,7,0,"1-10-HOU 13 (3:36) 3-Leonard Thompson pass incomplete, dropped by 32-Anthony Bryant. Pressure by 98-Randall Meyers.","#3 Leonard Thompson - QB","#32 Anthony Bryant - WR",,,"#22 Jameson Kelly - WR","#85 Joseph Moore - WR",,"#46 David Santos - WR",,"#37 Derrick Moss - WR",,,"#71 Thomas Morneau - LG","#72 Steven Johnson - RT","#66 Christopher Mitchell - C","#68 Roderick Price - RG","#65 Robert Christopherso - RT",,"#60 Odell Paschke - LDE",,"#91 Alan Edwards - LDE","#78 Shelby Harris - LDE","#98 Randall Meyers - DT","#55 Thomas Thomas - CB","#57 William Snow - CB",,"#56 Stanley Shade - WLB","#33 Roger Trimmer - CB","#20 Matthew Scott - CB",,,,"#44 Delbert Bealer - CB","#35 Jon Wright - CB",,,,,,,,,,,,,,,,,,,,,,,,,,,,,,,,,,,,
CIN,3:31,"HOU 13",1,2,10,"I Formation Normal HB Blast","4-3 Normal Double WR1",5,7,0,"2-10-HOU 13 (3:32) 20-Malik Risley ran to HOU 9 for 5 yards. Tackle by 57-William Snow.","#3 Leonard Thompson - QB","#20 Malik Risley - WR",,,"#14 Kenneth Weiner - WR","#22 Jameson Kelly - WR",,"#37 Derrick Moss - WR",,"#32 Anthony Bryant - WR",,,"#71 Thomas Morneau - LG","#72 Steven Johnson - RT","#66 Christopher Mitchell - C","#68 Roderick Price - RG","#65 Robert Christopherso - RT",,"#60 Odell Paschke - LDE",,"#67 Christopher Howland - LDE","#91 Alan Edwards - LDE","#98 Randall Meyers - DT","#57 William Snow - CB","#51 Robert Mann - CB",,"#54 Joel Dodson - CB","#33 Roger Trimmer - CB","#27 Kyle Locklin - CB",,,,"#44 Delbert Bealer - CB","#24 David Swain - CB",,,,,,,,,,,,,,,,,,,,,,,,,,,,,,,,,,,,
CIN,2:55,"HOU 9",1,3,5,"Singleback Normal TE Quick Out","4-3 Normal Double WR2",1,7,0,"3-5-HOU 9 (2:54) 3-Leonard Thompson pass complete to 46-David Santos to HOU 8 for 1 yards. Tackle by 33-Roger Trimmer.","#3 Leonard Thompson - QB","#32 Anthony Bryant - WR",,,,"#86 Steven Jackson - WR",,"#46 David Santos - WR","#37 Derrick Moss - WR","#85 Joseph Moore - WR",,,"#71 Thomas Morneau - LG","#72 Steven Johnson - RT","#66 Christopher Mitchell - C","#68 Roderick Price - RG","#65 Robert Christopherso - RT",,"#60 Odell Paschke - LDE",,"#67 Christopher Howland - LDE","#91 Alan Edwards - LDE","#98 Randall Meyers - DT","#59 Andre Wade - CB","#51 Robert Mann - CB",,"#54 Joel Dodson - CB","#33 Roger Trimmer - CB","#27 Kyle Locklin - CB",,,,"#42 Andrew Fritz - CB","#24 David Swain - CB",,,,,,,,,,,,,,,,,,,,,,,,,,,,,,,,,,,,
CIN,2:13,"HOU 8",1,4,4,"Field Goal","FG Block",18,7,3,"4-4-HOU 8 (2:12) 8-Son Thurman 26 yard field goal is GOOD. HOU 7 CIN 3",,,,,,,,,,,,,,,,,,,,,,,,,,,,,,,,,,,,"#7 Leonard Hyde - P","#68 Roderick Price - RG",,,,,,,,,,,,,,"#8 Son Thurman - K","#54 Daryl Ramirez - RG","#65 Robert Christopherso - RT","#60 Ted Abdullah - LT","#22 Jameson Kelly - WR","#71 Thomas Morneau - LG","#66 Christopher Mitchell - C","#55 Carl Gordon - LG","#79 Richard Whitener - C","#54 Joel Dodson - CB","#60 Odell Paschke - LDE","#24 David Swain - CB","#43 Paul Powers - CB","#42 Andrew Fritz - CB","#98 Randall Meyers - DT","#78 Shelby Harris - LDE","#51 Robert Mann - CB","#59 Andre Wade - CB","#56 Stanley Shade - WLB","#67 Christopher Howland - LDE"
CIN,2:09,"CIN 35",1,6,10,Kickoff,"Kick Return",,7,3,"(2:10) 8-Son Thurman kicks 75 yards from CIN 35 to HOU -10. Touchback.",,,,,,,,,,,,,,,,,,,,,,,,,,,,,,,,,,,,,,"#82 Brian Ramirez - WR",,"#98 Randall Meyers - DT","#35 Jon Wright - CB","#42 Andrew Fritz - CB","#20 Matthew Scott - CB","#44 Delbert Bealer - CB","#90 James Spencer - RDE","#51 Robert Mann - CB","#59 Andre Wade - CB","#67 Christopher Howland - LDE","#57 William Snow - CB","#8 Son Thurman - K",,,,,,,,,,,,,,,,,,,,
HOU,2:09,"HOU 25",1,1,10,"I Formation Normal FL Hitch","4-3 Under Double LB Blitz",2,7,3,"1-10-HOU 25 (2:10) 6-Joseph Eady pass complete to 11-John Gomez to HOU 27 for 2 yards. Tackle by 35-Joseph Duffy. PENALTY - Facemask (CIN 36-Billy Tharpe)","#6 Joseph Eady - QB","#28 Andre Maker - WR",,,"#40 Alan Williams - RB","#85 Clinton Anderson - RB",,"#11 John Gomez - WR",,"#23 Tracy Lopez - WR",,,"#52 Roland Westbury - LT","#70 Daniel Paige - LT","#83 Michael Frank - RB","#71 Sam Freeman - RG","#71 Gus Goodman - RT",,"#95 James Guidry - LDE",,"#91 Harold Messick - DT","#92 Gregory Harrison - DT","#97 Robert Anders - RDE","#42 Chad Patrick - CB","#36 Billy Tharpe - CB",,"#34 Eric Kimmel - CB","#27 Raul Roth - CB","#59 Thomas Layne - CB",,,,"#30 Jonathan Snyder - CB","#35 Joseph Duffy - CB",,,,,,,,,,,,,,,,,,,,,,,,,,,,,,,,,,,,
HOU,2:06,"HOU 42",1,1,10,"I Formation Power Play Action HB Downfield","4-3 Under Double LB Blitz",9,7,3,"1-10-HOU 42 (2:07) 6-Joseph Eady pass complete to 85-Clinton Anderson to CIN 49 for 9 yards. Tackle by 59-Thomas Layne. 85-Clinton Anderson did some fancy footwork there.","#6 Joseph Eady - QB","#28 Andre Maker - WR",,"#84 Joseph McCasland - C","#40 Alan Williams - RB","#85 Clinton Anderson - RB",,"#11 John Gomez - WR",,,,,"#52 Roland Westbury - LT","#70 Daniel Paige - LT","#83 Michael Frank - RB","#71 Sam Freeman - RG","#71 Gus Goodman - RT",,"#95 James Guidry - LDE",,"#91 Harold Messick - DT","#92 Gregory Harrison - DT","#97 Robert Anders - RDE","#42 Chad Patrick - CB","#36 Billy Tharpe - CB",,"#34 Eric Kimmel - CB","#27 Raul Roth - CB","#59 Thomas Layne - CB",,,,"#30 Jonathan Snyder - CB","#35 Joseph Duffy - CB",,,,,,,,,,,,,,,,,,,,,,,,,,,,,,,,,,,,
HOU,1:31,"CIN 49",1,2,1,"Shotgun Normal HB Dive","4-3 Normal Double WR3",1,7,3,"2-1-CIN 49 (1:30) 28-Andre Maker ran to CIN 48 for 1 yards. Tackle by 92-Gregory Harrison.","#6 Joseph Eady - QB","#28 Andre Maker - WR",,,,"#84 Joseph McCasland - C",,"#11 John Gomez - WR","#85 Clinton Anderson - RB","#23 Tracy Lopez - WR",,,"#52 Roland Westbury - LT","#70 Daniel Paige - LT","#83 Michael Frank - RB","#71 Sam Freeman - RG","#71 Gus Goodman - RT",,"#95 James Guidry - LDE",,"#91 Harold Messick - DT","#92 Gregory Harrison - DT","#97 Robert Anders - RDE","#36 Billy Tharpe - CB","#42 Chad Patrick - CB",,"#34 Eric Kimmel - CB","#27 Raul Roth - CB","#59 Thomas Layne - CB",,,,"#30 Jonathan Snyder - CB","#35 Joseph Duffy - CB",,,,,,,,,,,,,,,,,,,,,,,,,,,,,,,,,,,,
HOU,0:56,"CIN 48",1,1,10,"I Formation Normal FL Hitch","4-3 Normal Double WR3",48,13,3,"1-10-CIN 48 (0:55) 6-Joseph Eady pass complete to 23-Tracy Lopez for 48 yards. TOUCHDOWN! It looks like the offense is starting to get familiar with that defensive play. HOU 13 CIN 3","#6 Joseph Eady - QB","#28 Andre Maker - WR",,,"#40 Alan Williams - RB","#85 Clinton Anderson - RB",,"#11 John Gomez - WR",,"#23 Tracy Lopez - WR",,,"#52 Roland Westbury - LT","#70 Daniel Paige - LT","#83 Michael Frank - RB","#71 Sam Freeman - RG","#71 Gus Goodman - RT",,"#95 James Guidry - LDE",,"#91 Harold Messick - DT","#92 Gregory Harrison - DT","#97 Robert Anders - RDE","#36 Billy Tharpe - CB","#42 Chad Patrick - CB",,"#34 Eric Kimmel - CB","#27 Raul Roth - CB","#59 Thomas Layne - CB",,,,"#30 Jonathan Snyder - CB","#35 Joseph Duffy - CB",,,,,,,,,,,,,,,,,,,,,,,,,,,,,,,,,,,,
HOU,0:47,"CIN 15",1,7,15,"Field Goal","FG Block",26,14,3,"(0:48) Extra point GOOD by 18-William Pope. HOU 14 CIN 3",,,,,,,,,,,,,,,,,,,,,,,,,,,,,,,,,,,,"#17 Bruce Shadrick - QB","#76 Scott Friend - LT",,,,,,,,,,,,,,"#18 William Pope - K","#34 Robert Mathis - LG","#68 Frederick Yates - RG","#70 Daniel Paige - LT","#84 Joseph McCasland - C","#52 Roland Westbury - LT","#61 Ricardo Perry - LG","#28 Andre Maker - WR","#71 Sam Freeman - RG","#93 Randy King - LDE","#97 Robert Anders - RDE","#77 Ronald Williams - DT","#91 Harold Messick - DT","#44 Doug Dearman - CB","#38 Micheal Leonard - CB","#42 Chad Patrick - CB","#56 Michael Cline - RDE","#57 Stephen Warren - RDE","#92 Gregory Harrison - DT","#27 Raul Roth - CB"
HOU,0:47,"HOU 35",1,6,10,Kickoff,"Kick Return",,14,3,"(0:48) 18-William Pope kicks 68 yards from HOU 35 to CIN -3. Touchback.",,,,,,,,,,,,,,,,,,,,,,,,,,,,,,,,,,,,,,"#37 Derrick Moss - WR",,"#59 Thomas Layne - CB","#24 Alan Drake - CB","#44 Doug Dearman - CB","#25 Andrew Smith - CB","#34 Eric Kimmel - CB","#38 Micheal Leonard - CB","#36 Billy Tharpe - CB","#33 Todd Morley - CB","#51 John Gibson - WLB","#47 Daniel Winkel - CB","#18 William Pope - K",,,,,,,,,,,,,,,,,,,,
CIN,0:47,"CIN 25",1,1,10,"I Formation Normal FL Hook","4-3 Normal Double WR2",3,14,3,"1-10-CIN 25 (0:48) 3-Leonard Thompson pass complete to 86-Steven Jackson to CIN 28 for 3 yards. Tackle by 51-Robert Mann.","#3 Leonard Thompson - QB","#39 Julio Hamilton - WR",,,"#86 Steven Jackson - WR","#85 Joseph Moore - WR",,"#37 Derrick Moss - WR",,"#46 David Santos - WR",,,"#71 Thomas Morneau - LG","#72 Steven Johnson - RT","#66 Christopher Mitchell - C","#68 Roderick Price - RG","#65 Robert Christopherso - RT",,"#60 Odell Paschke - LDE",,"#67 Christopher Howland - LDE","#91 Alan Edwards - LDE","#98 Randall Meyers - DT","#59 Andre Wade - CB","#51 Robert Mann - CB",,"#54 Joel Dodson - CB","#33 Roger Trimmer - CB","#27 Kyle Locklin - CB",,,,"#42 Andrew Fritz - CB","#24 David Swain - CB",,,,,,,,,,,,,,,,,,,,,,,,,,,,,,,,,,,,
CIN,0:07,"CIN 28",1,2,7,"Singleback Big WR Deep","4-3 Normal Double WR2",,14,3,"2-7-CIN 28 (0:06) 3-Leonard Thompson pass INTERCEPTED by 54-Joel Dodson at CIN 37. 54-Joel Dodson to CIN 13 for 24 yards. 54-Joel Dodson got away with a hold on that play.","#3 Leonard Thompson - QB","#39 Julio Hamilton - WR",,,,"#22 Jameson Kelly - WR","#85 Joseph Moore - WR","#86 Steven Jackson - WR",,"#37 Derrick Moss - WR",,,"#71 Thomas Morneau - LG","#72 Steven Johnson - RT","#66 Christopher Mitchell - C","#68 Roderick Price - RG","#65 Robert Christopherso - RT",,"#60 Odell Paschke - LDE",,"#67 Christopher Howland - LDE","#91 Alan Edwards - LDE","#98 Randall Meyers - DT","#59 Andre Wade - CB","#51 Robert Mann - CB",,"#54 Joel Dodson - CB","#33 Roger Trimmer - CB","#27 Kyle Locklin - CB",,,,"#42 Andrew Fritz - CB","#24 David Swain - CB",,,,,,,,,,,,,,,,,,,,,,,,,,,,,,,,,,,,
,0:00,,1,1,10,,,,14,3,"End of first quarter.",,,,,,,,,,,,,,,,,,,,,,,,,,,,,,,,,,,,,,,,,,,,,,,,,,,,,,,,,,,,,,,,,,,,,,
HOU,15:00,"CIN 13",2,1,10,"I Formation 3WR FL Post","4-3 Under Double LB Blitz",13,20,3,"1-10-CIN 13 (15:00) 6-Joseph Eady pass complete to 23-Tracy Lopez for 13 yards. TOUCHDOWN! 23-Tracy Lopez did some fancy footwork there. HOU 20 CIN 3","#6 Joseph Eady - QB","#28 Andre Maker - WR",,,"#40 Alan Williams - RB",,,"#11 John Gomez - WR","#85 Clinton Anderson - RB","#23 Tracy Lopez - WR",,,"#52 Roland Westbury - LT","#70 Daniel Paige - LT","#83 Michael Frank - RB","#71 Sam Freeman - RG","#71 Gus Goodman - RT",,"#95 James Guidry - LDE",,"#91 Harold Messick - DT","#92 Gregory Harrison - DT","#97 Robert Anders - RDE","#42 Chad Patrick - CB","#36 Billy Tharpe - CB",,"#34 Eric Kimmel - CB","#27 Raul Roth - CB","#59 Thomas Layne - CB",,,,"#30 Jonathan Snyder - CB","#35 Joseph Duffy - CB",,,,,,,,,,,,,,,,,,,,,,,,,,,,,,,,,,,,
HOU,14:56,"CIN 15",2,7,15,"Field Goal","FG Block",26,21,3,"(14:56) Extra point GOOD by 18-William Pope. HOU 21 CIN 3",,,,,,,,,,,,,,,,,,,,,,,,,,,,,,,,,,,,"#17 Bruce Shadrick - QB","#76 Scott Friend - LT",,,,,,,,,,,,,,"#18 William Pope - K","#23 Tracy Lopez - WR","#70 Daniel Paige - LT","#61 Ricardo Perry - LG","#84 Joseph McCasland - C","#85 Clinton Anderson - RB","#52 Roland Westbury - LT","#68 Frederick Yates - RG","#28 Andre Maker - WR","#77 Ronald Williams - DT","#97 Robert Anders - RDE","#27 Raul Roth - CB","#42 Chad Patrick - CB","#44 Doug Dearman - CB","#38 Micheal Leonard - CB","#92 Gregory Harrison - DT","#93 Randy King - LDE","#91 Harold Messick - DT","#57 Stephen Warren - RDE","#56 Michael Cline - RDE"
HOU,14:56,"HOU 35",2,6,10,Kickoff,"Kick Return",,21,3,"(14:56) 18-William Pope kicks 74 yards from HOU 35 to CIN -9. Touchback.",,,,,,,,,,,,,,,,,,,,,,,,,,,,,,,,,,,,,,"#37 Derrick Moss - WR",,"#24 Alan Drake - CB","#33 Todd Morley - CB","#30 Jonathan Snyder - CB","#36 Billy Tharpe - CB","#34 Eric Kimmel - CB","#47 Daniel Winkel - CB","#27 Raul Roth - CB","#42 Chad Patrick - CB","#25 Andrew Smith - CB","#44 Doug Dearman - CB","#18 William Pope - K",,,,,,,,,,,,,,,,,,,,
CIN,14:56,"CIN 25",2,1,10,"Weak I Normal WR Corner TE Middle","4-3 Normal Man Under 1",11,21,3,"1-10-CIN 25 (14:56) 3-Leonard Thompson pass complete to 39-Julio Hamilton to CIN 36 for 11 yards. Tackle by 42-Andrew Fritz.","#3 Leonard Thompson - QB","#39 Julio Hamilton - WR",,,"#85 Joseph Moore - WR","#86 Steven Jackson - WR",,"#46 David Santos - WR",,"#37 Derrick Moss - WR",,,"#71 Thomas Morneau - LG","#72 Steven Johnson - RT","#66 Christopher Mitchell - C","#68 Roderick Price - RG","#65 Robert Christopherso - RT",,"#60 Odell Paschke - LDE",,"#67 Christopher Howland - LDE","#91 Alan Edwards - LDE","#98 Randall Meyers - DT","#59 Andre Wade - CB","#51 Robert Mann - CB",,"#54 Joel Dodson - CB","#33 Roger Trimmer - CB","#27 Kyle Locklin - CB",,,,"#42 Andrew Fritz - CB","#24 David Swain - CB",,,,,,,,,,,,,,,,,,,,,,,,,,,,,,,,,,,,
CIN,14:12,"CIN 36",2,1,10,"Strong I Big TE Post","4-3 Normal OLB Blitz Inside",10,21,3,"1-10-CIN 36 (14:11) 3-Leonard Thompson pass complete to 37-Derrick Moss to CIN 46 for 10 yards. Tackle by 42-Andrew Fritz.","#3 Leonard Thompson - QB","#37 Derrick Moss - WR",,,"#86 Steven Jackson - WR","#85 Joseph Moore - WR","#39 Julio Hamilton - WR","#46 David Santos - WR",,,,,"#71 Thomas Morneau - LG","#72 Steven Johnson - RT","#66 Christopher Mitchell - C","#68 Roderick Price - RG","#65 Robert Christopherso - RT",,"#60 Odell Paschke - LDE",,"#67 Christopher Howland - LDE","#91 Alan Edwards - LDE","#98 Randall Meyers - DT","#59 Andre Wade - CB","#51 Robert Mann - CB",,"#54 Joel Dodson - CB","#33 Roger Trimmer - CB","#27 Kyle Locklin - CB",,,,"#42 Andrew Fritz - CB","#24 David Swain - CB",,,,,,,,,,,,,,,,,,,,,,,,,,,,,,,,,,,,
CIN,13:33,"CIN 46",2,2,,"Goal Line Normal HB Dive","4-3 Normal WLB Outside Blitz",9,21,3,"2-1-CIN 46 (13:32) 39-Julio Hamilton ran to HOU 46 for 9 yards. Tackle by 44-Delbert Bealer.","#3 Leonard Thompson - QB","#39 Julio Hamilton - WR",,"#46 David Santos - WR","#86 Steven Jackson - WR","#22 Jameson Kelly - WR","#85 Joseph Moore - WR",,,,,,"#71 Thomas Morneau - LG","#72 Steven Johnson - RT","#66 Christopher Mitchell - C","#68 Roderick Price - RG","#65 Robert Christopherso - RT",,"#60 Odell Paschke - LDE",,"#67 Christopher Howland - LDE","#91 Alan Edwards - LDE","#98 Randall Meyers - DT","#59 Andre Wade - CB","#57 William Snow - CB",,"#54 Joel Dodson - CB","#33 Roger Trimmer - CB","#27 Kyle Locklin - CB",,,,"#44 Delbert Bealer - CB","#24 David Swain - CB",,,,,,,,,,,,,,,,,,,,,,,,,,,,,,,,,,,,
CIN,12:57,"HOU 46",2,1,10,"I Formation Normal HB Draw","4-3 Normal Double WR2",1,21,3,"1-10-HOU 46 (12:56) 32-Anthony Bryant ran to HOU 45 for 1 yards. Tackle by 59-Andre Wade.","#3 Leonard Thompson - QB","#32 Anthony Bryant - WR",,,"#86 Steven Jackson - WR","#85 Joseph Moore - WR",,"#37 Derrick Moss - WR",,"#46 David Santos - WR",,,"#71 Thomas Morneau - LG","#72 Steven Johnson - RT","#66 Christopher Mitchell - C","#68 Roderick Price - RG","#65 Robert Christopherso - RT",,"#60 Odell Paschke - LDE",,"#67 Christopher Howland - LDE","#91 Alan Edwards - LDE","#98 Randall Meyers - DT","#59 Andre Wade - CB","#51 Robert Mann - CB",,"#54 Joel Dodson - CB","#33 Roger Trimmer - CB","#27 Kyle Locklin - CB",,,,"#42 Andrew Fritz - CB","#24 David Swain - CB",,,,,,,,,,,,,,,,,,,,,,,,,,,,,,,,,,,,
CIN,12:18,"HOU 45",2,2,9,"Singleback Normal HB Inside Weak","4-3 Normal WLB Outside Blitz",,21,3,"2-9-HOU 45 (12:17) 39-Julio Hamilton ran to HOU 45 for a short gain. Tackle by 54-Joel Dodson.","#3 Leonard Thompson - QB","#39 Julio Hamilton - WR",,,,"#86 Steven Jackson - WR",,"#46 David Santos - WR","#37 Derrick Moss - WR","#85 Joseph Moore - WR",,,"#73 Jack Durgin - LT","#72 Steven Johnson - RT","#66 Christopher Mitchell - C","#68 Roderick Price - RG","#65 Robert Christopherso - RT",,"#60 Odell Paschke - LDE",,"#67 Christopher Howland - LDE","#91 Alan Edwards - LDE","#98 Randall Meyers - DT","#59 Andre Wade - CB","#51 Robert Mann - CB",,"#54 Joel Dodson - CB","#33 Roger Trimmer - CB","#27 Kyle Locklin - CB",,,,"#42 Andrew Fritz - CB","#24 David Swain - CB",,,,,,,,,,,,,,,,,,,,,,,,,,,,,,,,,,,,
CIN,11:39,"HOU 45",2,3,9,"Shotgun Normal HB Flare","4-3 Normal Double WR2",21,21,3,"3-9-HOU 45 (11:38) 3-Leonard Thompson pass complete to 46-David Santos to HOU 24 for 21 yards. Tackle by 33-Roger Trimmer.","#3 Leonard Thompson - QB","#39 Julio Hamilton - WR",,,,"#86 Steven Jackson - WR",,"#46 David Santos - WR","#85 Joseph Moore - WR","#37 Derrick Moss - WR",,,"#73 Jack Durgin - LT","#72 Steven Johnson - RT","#66 Christopher Mitchell - C","#68 Roderick Price - RG","#65 Robert Christopherso - RT",,"#60 Odell Paschke - LDE",,"#67 Christopher Howland - LDE","#91 Alan Edwards - LDE","#98 Randall Meyers - DT","#59 Andre Wade - CB","#51 Robert Mann - CB",,"#54 Joel Dodson - CB","#33 Roger Trimmer - CB","#27 Kyle Locklin - CB",,,,"#42 Andrew Fritz - CB","#24 David Swain - CB",,,,,,,,,,,,,,,,,,,,,,,,,,,,,,,,,,,,
CIN,10:58,"HOU 24",2,1,10,"Weak I Normal WR Corner TE Middle","4-3 Normal Double WR2",,21,3,"1-10-HOU 24 (10:57) 3-Leonard Thompson pass INTERCEPTED by 54-Joel Dodson at HOU 12. 54-Joel Dodson to HOU 12 for -0 yards. Tackle by 85-Joseph Moore. HOU 53-Christopher Howland was injured on the play. He looks like he should be able to return.","#3 Leonard Thompson - QB","#32 Anthony Bryant - WR",,,"#22 Jameson Kelly - WR","#85 Joseph Moore - WR",,"#37 Derrick Moss - WR",,"#86 Steven Jackson - WR",,,"#73 Jack Durgin - LT","#72 Steven Johnson - RT","#66 Christopher Mitchell - C","#68 Roderick Price - RG","#65 Robert Christopherso - RT",,"#60 Odell Paschke - LDE",,"#67 Christopher Howland - LDE","#91 Alan Edwards - LDE","#98 Randall Meyers - DT","#57 William Snow - CB","#51 Robert Mann - CB",,"#54 Joel Dodson - CB","#33 Roger Trimmer - CB","#27 Kyle Locklin - CB",,,,"#42 Andrew Fritz - CB","#24 David Swain - CB",,,,,,,,,,,,,,,,,,,,,,,,,,,,,,,,,,,,
HOU,10:53,"HOU 12",2,1,10,"Strong I Normal HB Off Tackle Strong","46 Normal Inside Blitz",3,21,3,"1-10-HOU 12 (10:54) 28-Andre Maker ran to HOU 15 for 3 yards. Tackle by 95-James Guidry. 85-Clinton Anderson was caught flat-footed on this play.","#6 Joseph Eady - QB","#28 Andre Maker - WR",,,"#40 Alan Williams - RB","#85 Clinton Anderson - RB",,"#11 John Gomez - WR",,"#23 Tracy Lopez - WR",,,"#52 Roland Westbury - LT","#70 Daniel Paige - LT","#83 Michael Frank - RB","#71 Sam Freeman - RG","#71 Gus Goodman - RT",,"#95 James Guidry - LDE",,"#91 Harold Messick - DT","#92 Gregory Harrison - DT","#97 Robert Anders - RDE","#42 Chad Patrick - CB","#34 Eric Kimmel - CB",,"#36 Billy Tharpe - CB","#27 Raul Roth - CB","#59 Thomas Layne - CB",,,,"#30 Jonathan Snyder - CB","#35 Joseph Duffy - CB",,,,,,,,,,,,,,,,,,,,,,,,,,,,,,,,,,,,
HOU,10:21,"HOU 15",2,2,7,"Shotgun Normal HB Dive","4-3 Normal Double WR3",2,21,3,"2-7-HOU 15 (10:20) 28-Andre Maker ran to HOU 16 for 2 yards. Tackle by 92-Gregory Harrison.","#6 Joseph Eady - QB","#28 Andre Maker - WR",,,,"#84 Joseph McCasland - C",,"#11 John Gomez - WR","#85 Clinton Anderson - RB","#23 Tracy Lopez - WR",,,"#52 Roland Westbury - LT","#70 Daniel Paige - LT","#83 Michael Frank - RB","#71 Sam Freeman - RG","#71 Gus Goodman - RT",,"#95 James Guidry - LDE",,"#91 Harold Messick - DT","#92 Gregory Harrison - DT","#97 Robert Anders - RDE","#36 Billy Tharpe - CB","#42 Chad Patrick - CB",,"#34 Eric Kimmel - CB","#27 Raul Roth - CB","#59 Thomas Layne - CB",,,,"#30 Jonathan Snyder - CB","#35 Joseph Duffy - CB",,,,,,,,,,,,,,,,,,,,,,,,,,,,,,,,,,,,
HOU,9:48,"HOU 16",2,3,5,"Singleback Slot Strong HB Counter","4-3 Normal Double WR3",-2,21,3,"3-5-HOU 16 (9:47) 28-Andre Maker ran to HOU 15 for -2 yards. Tackle by 34-Eric Kimmel.","#6 Joseph Eady - QB","#28 Andre Maker - WR",,,,"#84 Joseph McCasland - C",,"#11 John Gomez - WR","#85 Clinton Anderson - RB","#23 Tracy Lopez - WR",,,"#52 Roland Westbury - LT","#70 Daniel Paige - LT","#83 Michael Frank - RB","#71 Sam Freeman - RG","#71 Gus Goodman - RT",,"#95 James Guidry - LDE",,"#91 Harold Messick - DT","#92 Gregory Harrison - DT","#97 Robert Anders - RDE","#36 Billy Tharpe - CB","#42 Chad Patrick - CB",,"#34 Eric Kimmel - CB","#27 Raul Roth - CB","#59 Thomas Layne - CB",,,,"#30 Jonathan Snyder - CB","#35 Joseph Duffy - CB",,,,,,,,,,,,,,,,,,,,,,,,,,,,,,,,,,,,
HOU,9:12,"HOU 15",2,4,7,Punt,"Punt Return",,21,3,"4-7-HOU 15 (9:11) 9-Billy Hansen punts 49 yards to CIN 36. 37-Derrick Moss to CIN 39 for 3 yards. Tackle by 44-Delbert Bealer.",,,,,,,,,,,,,,,,,,"#9 Billy Hansen - P",,,,,,,,,,,,,,,,,,,"#76 Scott Friend - LT",,"#37 Derrick Moss - WR",,,"#30 Jonathan Snyder - CB","#33 Todd Morley - CB","#34 Eric Kimmel - CB",,"#42 Chad Patrick - CB","#44 Doug Dearman - CB",,"#36 Billy Tharpe - CB",,,,"#70 Daniel Paige - LT","#61 Ricardo Perry - LG","#84 Joseph McCasland - C","#85 Clinton Anderson - RB","#52 Roland Westbury - LT","#68 Frederick Yates - RG",,"#91 Harold Messick - DT","#97 Robert Anders - RDE","#27 Raul Roth - CB","#77 Ronald Williams - DT",,,,,,,
CIN,9:03,"CIN 39",2,1,10,"Split Backs 3 Wide Drag In","4-3 Normal Man Under 1",,21,3,"1-10-CIN 39 (9:04) 3-Leonard Thompson pass Pass knocked down by 33-Roger Trimmer. incomplete, intended for 85-Joseph Moore.","#3 Leonard Thompson - QB","#86 Steven Jackson - WR",,,"#39 Julio Hamilton - WR",,,"#85 Joseph Moore - WR","#37 Derrick Moss - WR","#46 David Santos - WR",,,"#73 Jack Durgin - LT","#72 Steven Johnson - RT","#66 Christopher Mitchell - C","#68 Roderick Price - RG","#65 Robert Christopherso - RT",,"#60 Odell Paschke - LDE",,"#67 Christopher Howland - LDE","#91 Alan Edwards - LDE","#98 Randall Meyers - DT","#59 Andre Wade - CB","#51 Robert Mann - CB",,"#54 Joel Dodson - CB","#33 Roger Trimmer - CB","#27 Kyle Locklin - CB",,,,"#44 Delbert Bealer - CB","#24 David Swain - CB",,,,,,,,,,,,,,,,,,,,,,,,,,,,,,,,,,,,
CIN,9:00,"CIN 39",2,2,10,"Shotgun 2 RB 3 WR Shotgun Sweep","4-3 Normal Double WR2",7,21,3,"2-10-CIN 39 (9:01) 86-Steven Jackson ran to CIN 45 for 7 yards. Tackle by 42-Andrew Fritz.","#3 Leonard Thompson - QB","#85 Joseph Moore - WR","#86 Steven Jackson - WR",,,,,"#37 Derrick Moss - WR","#39 Julio Hamilton - WR","#46 David Santos - WR",,,"#73 Jack Durgin - LT","#72 Steven Johnson - RT","#66 Christopher Mitchell - C","#68 Roderick Price - RG","#65 Robert Christopherso - RT",,"#60 Odell Paschke - LDE",,"#67 Christopher Howland - LDE","#91 Alan Edwards - LDE","#98 Randall Meyers - DT","#59 Andre Wade - CB","#51 Robert Mann - CB",,"#54 Joel Dodson - CB","#33 Roger Trimmer - CB","#27 Kyle Locklin - CB",,,,"#42 Andrew Fritz - CB","#24 David Swain - CB",,,,,,,,,,,,,,,,,,,,,,,,,,,,,,,,,,,,
CIN,8:22,"CIN 45",2,3,3,"I Formation Power PA Flats","4-3 Normal Man Under 1",,21,3,"3-3-CIN 45 (8:21) 3-Leonard Thompson pass Pass knocked down by 54-Joel Dodson. incomplete, intended for 86-Steven Jackson.","#3 Leonard Thompson - QB","#37 Derrick Moss - WR",,"#86 Steven Jackson - WR","#22 Jameson Kelly - WR","#39 Julio Hamilton - WR",,"#85 Joseph Moore - WR",,,,,"#73 Jack Durgin - LT","#72 Steven Johnson - RT","#66 Christopher Mitchell - C","#68 Roderick Price - RG","#65 Robert Christopherso - RT",,"#60 Odell Paschke - LDE",,"#67 Christopher Howland - LDE","#91 Alan Edwards - LDE","#98 Randall Meyers - DT","#59 Andre Wade - CB","#51 Robert Mann - CB",,"#54 Joel Dodson - CB","#33 Roger Trimmer - CB","#27 Kyle Locklin - CB",,,,"#42 Andrew Fritz - CB","#24 David Swain - CB",,,,,,,,,,,,,,,,,,,,,,,,,,,,,,,,,,,,
CIN,8:16,"CIN 45",2,4,3,Punt,"Punt Return",,21,3,"4-3-CIN 45 (8:17) 7-Leonard Hyde punts 44 yards to HOU 10. Fair Catch by 82-Brian Ramirez.",,,,,,,,,,,,,,,,,,"#7 Leonard Hyde - P",,,,,,,,,,,,,,,,,,,"#68 Roderick Price - RG",,"#82 Brian Ramirez - WR",,,"#42 Andrew Fritz - CB","#20 Matthew Scott - CB","#44 Delbert Bealer - CB",,"#51 Robert Mann - CB","#59 Andre Wade - CB",,"#57 William Snow - CB",,,,"#60 Ted Abdullah - LT","#66 Christopher Mitchell - C","#73 Jack Durgin - LT","#22 Jameson Kelly - WR","#71 Thomas Morneau - LG","#65 Robert Christopherso - RT",,"#54 Joel Dodson - CB","#60 Odell Paschke - LDE","#24 David Swain - CB","#43 Paul Powers - CB",,,,,,,
HOU,8:09,"HOU 10",2,1,10,"I Formation Normal FL Hitch","46 Normal Inside Blitz",2,21,3,"1-10-HOU 10 (8:10) 6-Joseph Eady pass complete to 11-John Gomez to HOU 12 for 2 yards. Tackle by 27-Raul Roth.","#6 Joseph Eady - QB","#28 Andre Maker - WR",,,"#40 Alan Williams - RB","#85 Clinton Anderson - RB",,"#11 John Gomez - WR",,"#23 Tracy Lopez - WR",,,"#52 Roland Westbury - LT","#70 Daniel Paige - LT","#83 Michael Frank - RB","#71 Sam Freeman - RG","#71 Gus Goodman - RT",,"#95 James Guidry - LDE",,"#91 Harold Messick - DT","#92 Gregory Harrison - DT","#97 Robert Anders - RDE","#42 Chad Patrick - CB","#34 Eric Kimmel - CB",,"#36 Billy Tharpe - CB","#27 Raul Roth - CB","#59 Thomas Layne - CB",,,,"#38 Micheal Leonard - CB","#35 Joseph Duffy - CB",,,,,,,,,,,,,,,,,,,,,,,,,,,,,,,,,,,,
HOU,7:27,"HOU 12",2,2,8,"Strong I Normal HB Off Tackle Strong","4-3 Normal Double WR3",3,21,3,"2-8-HOU 12 (7:26) 28-Andre Maker ran to HOU 16 for 3 yards. Tackle by 36-Billy Tharpe.","#6 Joseph Eady - QB","#28 Andre Maker - WR",,,"#40 Alan Williams - RB","#85 Clinton Anderson - RB",,"#11 John Gomez - WR",,"#23 Tracy Lopez - WR",,,"#52 Roland Westbury - LT","#70 Daniel Paige - LT","#83 Michael Frank - RB","#71 Sam Freeman - RG","#71 Gus Goodman - RT",,"#95 James Guidry - LDE",,"#91 Harold Messick - DT","#92 Gregory Harrison - DT","#97 Robert Anders - RDE","#36 Billy Tharpe - CB","#42 Chad Patrick - CB",,"#34 Eric Kimmel - CB","#27 Raul Roth - CB","#59 Thomas Layne - CB",,,,"#30 Jonathan Snyder - CB","#35 Joseph Duffy - CB",,,,,,,,,,,,,,,,,,,,,,,,,,,,,,,,,,,,
HOU,6:54,"HOU 16",2,3,4,"Shotgun Normal HB Flare","Dime Normal Man Cover 1",2,21,3,"3-4-HOU 16 (6:53) 6-Joseph Eady pass complete to 28-Andre Maker to HOU 17 for 2 yards. Tackle by 27-Raul Roth.","#6 Joseph Eady - QB","#28 Andre Maker - WR",,,,"#84 Joseph McCasland - C",,"#11 John Gomez - WR","#85 Clinton Anderson - RB","#23 Tracy Lopez - WR",,,"#52 Roland Westbury - LT","#70 Daniel Paige - LT","#83 Michael Frank - RB","#71 Sam Freeman - RG","#71 Gus Goodman - RT",,"#95 James Guidry - LDE",,"#91 Harold Messick - DT","#92 Gregory Harrison - DT","#97 Robert Anders - RDE",,"#34 Eric Kimmel - CB",,,"#42 Chad Patrick - CB","#25 Andrew Smith - CB","#30 Jonathan Snyder - CB","#35 Joseph Duffy - CB",,"#27 Raul Roth - CB","#59 Thomas Layne - CB",,,,,,,,,,,,,,,,,,,,,,,,,,,,,,,,,,,,
HOU,6:14,"HOU 17",2,4,3,Punt,"Punt Return",,21,3,"4-3-HOU 17 (6:13) 9-Billy Hansen punts 49 yards to CIN 33. Fair Catch by 37-Derrick Moss.",,,,,,,,,,,,,,,,,,"#9 Billy Hansen - P",,,,,,,,,,,,,,,,,,,"#76 Scott Friend - LT",,"#37 Derrick Moss - WR",,,"#30 Jonathan Snyder - CB","#33 Todd Morley - CB","#34 Eric Kimmel - CB",,"#42 Chad Patrick - CB","#44 Doug Dearman - CB",,"#36 Billy Tharpe - CB",,,,"#70 Daniel Paige - LT","#61 Ricardo Perry - LG","#84 Joseph McCasland - C","#85 Clinton Anderson - RB","#52 Roland Westbury - LT","#68 Frederick Yates - RG",,"#91 Harold Messick - DT","#97 Robert Anders - RDE","#27 Raul Roth - CB","#77 Ronald Williams - DT",,,,,,,
CIN,6:06,"CIN 33",2,1,10,"Singleback Normal TE Quick Out","4-3 Normal Double WR2",3,21,3,"1-10-CIN 33 (6:07) 3-Leonard Thompson pass complete to 37-Derrick Moss to CIN 36 for 3 yards. Tackle by 54-Joel Dodson.","#3 Leonard Thompson - QB","#39 Julio Hamilton - WR",,,,"#86 Steven Jackson - WR",,"#46 David Santos - WR","#37 Derrick Moss - WR","#85 Joseph Moore - WR",,,"#73 Jack Durgin - LT","#72 Steven Johnson - RT","#66 Christopher Mitchell - C","#68 Roderick Price - RG","#65 Robert Christopherso - RT",,"#60 Odell Paschke - LDE",,"#67 Christopher Howland - LDE","#91 Alan Edwards - LDE","#98 Randall Meyers - DT","#59 Andre Wade - CB","#51 Robert Mann - CB",,"#54 Joel Dodson - CB","#33 Roger Trimmer - CB","#27 Kyle Locklin - CB",,,,"#42 Andrew Fritz - CB","#24 David Swain - CB",,,,,,,,,,,,,,,,,,,,,,,,,,,,,,,,,,,,
CIN,5:24,"CIN 36",2,2,7,"I Formation Twin WR Quick Outs","4-3 Normal Double WR1",13,21,3,"2-7-CIN 36 (5:23) 3-Leonard Thompson pass complete to 39-Julio Hamilton to CIN 49 for 13 yards. Tackle by 24-David Swain. Great move by 39-Julio Hamilton to get free of his coverage.","#3 Leonard Thompson - QB","#46 David Santos - WR",,,"#22 Jameson Kelly - WR","#39 Julio Hamilton - WR",,"#85 Joseph Moore - WR",,"#86 Steven Jackson - WR",,,"#73 Jack Durgin - LT","#72 Steven Johnson - RT","#66 Christopher Mitchell - C","#68 Roderick Price - RG","#65 Robert Christopherso - RT",,"#60 Odell Paschke - LDE",,"#67 Christopher Howland - LDE","#91 Alan Edwards - LDE","#98 Randall Meyers - DT","#59 Andre Wade - CB","#51 Robert Mann - CB",,"#54 Joel Dodson - CB","#33 Roger Trimmer - CB","#27 Kyle Locklin - CB",,,,"#42 Andrew Fritz - CB","#24 David Swain - CB",,,,,,,,,,,,,,,,,,,,,,,,,,,,,,,,,,,,
CIN,4:38,"CIN 49",2,1,10,"I Formation Normal FL Hook","4-3 Normal OLB Blitz Outside",3,21,3,"1-10-CIN 49 (4:37) 3-Leonard Thompson pass complete to 37-Derrick Moss to HOU 48 for 3 yards. Tackle by 33-Roger Trimmer.","#3 Leonard Thompson - QB","#39 Julio Hamilton - WR",,,"#86 Steven Jackson - WR","#85 Joseph Moore - WR",,"#37 Derrick Moss - WR",,"#46 David Santos - WR",,,"#73 Jack Durgin - LT","#72 Steven Johnson - RT","#66 Christopher Mitchell - C","#68 Roderick Price - RG","#65 Robert Christopherso - RT",,"#60 Odell Paschke - LDE",,"#67 Christopher Howland - LDE","#91 Alan Edwards - LDE","#98 Randall Meyers - DT","#59 Andre Wade - CB","#51 Robert Mann - CB",,"#54 Joel Dodson - CB","#33 Roger Trimmer - CB","#27 Kyle Locklin - CB",,,,"#42 Andrew Fritz - CB","#24 David Swain - CB",,,,,,,,,,,,,,,,,,,,,,,,,,,,,,,,,,,,
CIN,4:04,"HOU 48",2,2,7,"Singleback Big WR Deep","4-3 Normal Double WR2",,21,3,"2-7-HOU 48 (4:03) 3-Leonard Thompson pass Pass knocked down by 54-Joel Dodson. incomplete, intended for 22-Jameson Kelly. Pressure by 59-Andre Wade.","#3 Leonard Thompson - QB","#39 Julio Hamilton - WR",,,,"#22 Jameson Kelly - WR","#85 Joseph Moore - WR","#86 Steven Jackson - WR",,"#37 Derrick Moss - WR",,,"#73 Jack Durgin - LT","#72 Steven Johnson - RT","#66 Christopher Mitchell - C","#68 Roderick Price - RG","#65 Robert Christopherso - RT",,"#60 Odell Paschke - LDE",,"#67 Christopher Howland - LDE","#91 Alan Edwards - LDE","#98 Randall Meyers - DT","#59 Andre Wade - CB","#51 Robert Mann - CB",,"#54 Joel Dodson - CB","#33 Roger Trimmer - CB","#27 Kyle Locklin - CB",,,,"#42 Andrew Fritz - CB","#24 David Swain - CB",,,,,,,,,,,,,,,,,,,,,,,,,,,,,,,,,,,,
CIN,3:58,"HOU 48",2,3,7,"Strong I Big Backfield Drag","4-3 Normal Double WR1",,21,3,"3-7-HOU 48 (3:59) 3-Leonard Thompson pass Pass knocked down by 33-Roger Trimmer. incomplete, intended for 86-Steven Jackson.","#3 Leonard Thompson - QB","#37 Derrick Moss - WR",,,"#86 Steven Jackson - WR","#85 Joseph Moore - WR","#39 Julio Hamilton - WR","#46 David Santos - WR",,,,,"#73 Jack Durgin - LT","#72 Steven Johnson - RT","#66 Christopher Mitchell - C","#68 Roderick Price - RG","#65 Robert Christopherso - RT",,"#60 Odell Paschke - LDE",,"#67 Christopher Howland - LDE","#91 Alan Edwards - LDE","#98 Randall Meyers - DT","#59 Andre Wade - CB","#51 Robert Mann - CB",,"#54 Joel Dodson - CB","#33 Roger Trimmer - CB","#27 Kyle Locklin - CB",,,,"#42 Andrew Fritz - CB","#24 David Swain - CB",,,,,,,,,,,,,,,,,,,,,,,,,,,,,,,,,,,,
CIN,3:55,"HOU 48",2,4,7,Punt,"Punt Return",38,21,3,"4-7-HOU 48 (3:56) 7-Leonard Hyde punts 38 yards to HOU 9.",,,,,,,,,,,,,,,,,,"#7 Leonard Hyde - P",,,,,,,,,,,,,,,,,,,"#68 Roderick Price - RG",,"#82 Brian Ramirez - WR",,,"#42 Andrew Fritz - CB","#20 Matthew Scott - CB","#44 Delbert Bealer - CB",,"#51 Robert Mann - CB","#59 Andre Wade - CB",,"#57 William Snow - CB",,,,"#60 Ted Abdullah - LT","#66 Christopher Mitchell - C","#73 Jack Durgin - LT","#22 Jameson Kelly - WR","#71 Thomas Morneau - LG","#65 Robert Christopherso - RT",,"#54 Joel Dodson - CB","#60 Odell Paschke - LDE","#24 David Swain - CB","#43 Paul Powers - CB",,,,,,,
HOU,3:48,"HOU 9",2,1,10,"Goal Line Normal HB Pitch Weak","4-3 Under Double Safety Blitz",-1,21,3,"1-10-HOU 9 (3:49) 28-Andre Maker ran to HOU 8 for -1 yards. Tackle by 35-Joseph Duffy. HOU 22-Lester Brown was injured on the play. He looks like he should be able to return.","#6 Joseph Eady - QB","#28 Andre Maker - WR",,"#22 Lester Brown - WR","#40 Alan Williams - RB","#85 Clinton Anderson - RB","#84 Joseph McCasland - C",,,,,,"#52 Roland Westbury - LT","#70 Daniel Paige - LT","#83 Michael Frank - RB","#71 Sam Freeman - RG","#71 Gus Goodman - RT",,"#95 James Guidry - LDE",,"#91 Harold Messick - DT","#92 Gregory Harrison - DT","#97 Robert Anders - RDE","#42 Chad Patrick - CB","#36 Billy Tharpe - CB",,"#34 Eric Kimmel - CB","#27 Raul Roth - CB","#59 Thomas Layne - CB",,,,"#38 Micheal Leonard - CB","#35 Joseph Duffy - CB",,,,,,,,,,,,,,,,,,,,,,,,,,,,,,,,,,,,
HOU,3:14,"HOU 8",2,2,11,"Strong I Normal HB Off Tackle Strong","46 Normal Inside Blitz",1,21,3,"2-11-HOU 8 (3:13) 28-Andre Maker ran to HOU 9 for 1 yards. Tackle by 95-James Guidry.","#6 Joseph Eady - QB","#28 Andre Maker - WR",,,"#40 Alan Williams - RB","#85 Clinton Anderson - RB",,"#11 John Gomez - WR",,"#23 Tracy Lopez - WR",,,"#52 Roland Westbury - LT","#70 Daniel Paige - LT","#83 Michael Frank - RB","#71 Sam Freeman - RG","#71 Gus Goodman - RT",,"#95 James Guidry - LDE",,"#91 Harold Messick - DT","#92 Gregory Harrison - DT","#97 Robert Anders - RDE","#42 Chad Patrick - CB","#34 Eric Kimmel - CB",,"#36 Billy Tharpe - CB","#27 Raul Roth - CB","#59 Thomas Layne - CB",,,,"#30 Jonathan Snyder - CB","#35 Joseph Duffy - CB",,,,,,,,,,,,,,,,,,,,,,,,,,,,,,,,,,,,
HOU,2:32,"HOU 9",2,3,10,"I Formation Power Play Action HB Downfield","Dime Normal Man Cover 1",,21,3,"3-10-HOU 9 (2:31) 6-Joseph Eady pass INTERCEPTED by 25-Andrew Smith at HOU 13. 25-Andrew Smith to HOU 11 for 2 yards. Pushed out of bounds by 85-Clinton Anderson.","#6 Joseph Eady - QB","#28 Andre Maker - WR",,"#84 Joseph McCasland - C","#40 Alan Williams - RB","#85 Clinton Anderson - RB",,"#11 John Gomez - WR",,,,,"#52 Roland Westbury - LT","#70 Daniel Paige - LT","#83 Michael Frank - RB","#71 Sam Freeman - RG","#71 Gus Goodman - RT",,"#95 James Guidry - LDE",,"#91 Harold Messick - DT","#92 Gregory Harrison - DT","#97 Robert Anders - RDE",,"#34 Eric Kimmel - CB",,,"#42 Chad Patrick - CB","#25 Andrew Smith - CB","#30 Jonathan Snyder - CB","#35 Joseph Duffy - CB",,"#27 Raul Roth - CB","#59 Thomas Layne - CB",,,,,,,,,,,,,,,,,,,,,,,,,,,,,,,,,,,,
CIN,2:25,"HOU 11",2,1,10,"I Formation Power PA Flats","4-3 Normal WLB Outside Blitz",11,21,9,"1-10-HOU 11 (2:26) 3-Leonard Thompson pass complete to 86-Steven Jackson for 11 yards. TOUCHDOWN! HOU 21 CIN 9","#3 Leonard Thompson - QB","#37 Derrick Moss - WR",,"#86 Steven Jackson - WR","#22 Jameson Kelly - WR","#39 Julio Hamilton - WR",,"#85 Joseph Moore - WR",,,,,"#73 Jack Durgin - LT","#72 Steven Johnson - RT","#66 Christopher Mitchell - C","#68 Roderick Price - RG","#65 Robert Christopherso - RT",,"#60 Odell Paschke - LDE",,"#67 Christopher Howland - LDE","#91 Alan Edwards - LDE","#98 Randall Meyers - DT","#59 Andre Wade - CB","#51 Robert Mann - CB",,"#54 Joel Dodson - CB","#33 Roger Trimmer - CB","#27 Kyle Locklin - CB",,,,"#42 Andrew Fritz - CB","#24 David Swain - CB",,,,,,,,,,,,,,,,,,,,,,,,,,,,,,,,,,,,
CIN,2:21,"HOU 2",2,7,2,"Singleback Normal TE Quick Out","4-3 Normal Man QB Spy",-7,21,9,"(2:22) 3-Leonard Thompson sacked at HOU 9 for -7 yards (98-Randall Meyers). Sack allowed by 73-Jack Durgin.","#3 Leonard Thompson - QB","#39 Julio Hamilton - WR",,,,"#46 David Santos - WR",,"#37 Derrick Moss - WR","#85 Joseph Moore - WR","#86 Steven Jackson - WR",,,"#73 Jack Durgin - LT","#72 Steven Johnson - RT","#66 Christopher Mitchell - C","#68 Roderick Price - RG","#65 Robert Christopherso - RT",,"#60 Odell Paschke - LDE",,"#67 Christopher Howland - LDE","#91 Alan Edwards - LDE","#98 Randall Meyers - DT","#59 Andre Wade - CB","#51 Robert Mann - CB",,"#54 Joel Dodson - CB","#33 Roger Trimmer - CB","#27 Kyle Locklin - CB",,,,"#42 Andrew Fritz - CB","#24 David Swain - CB",,,,,,,,,,,,,,,,,,,,,,,,,,,,,,,,,,,,
CIN,2:21,"CIN 35",2,6,10,Kickoff,"Kick Return",,21,9,"(2:22) 8-Son Thurman kicks 73 yards from CIN 35 to HOU -8. Touchback.",,,,,,,,,,,,,,,,,,,,,,,,,,,,,,,,,,,,,,"#82 Brian Ramirez - WR",,"#98 Randall Meyers - DT","#35 Jon Wright - CB","#42 Andrew Fritz - CB","#20 Matthew Scott - CB","#44 Delbert Bealer - CB","#90 James Spencer - RDE","#51 Robert Mann - CB","#59 Andre Wade - CB","#67 Christopher Howland - LDE","#57 William Snow - CB","#8 Son Thurman - K",,,,,,,,,,,,,,,,,,,,
HOU,2:21,"HOU 25",2,1,10,"I Formation Normal HB Dive","46 Normal Inside Blitz",,21,9,"1-10-HOU 25 (2:22) 28-Andre Maker ran to HOU 25 for a short gain. Tackle by 34-Eric Kimmel.","#6 Joseph Eady - QB","#28 Andre Maker - WR",,,"#40 Alan Williams - RB","#85 Clinton Anderson - RB",,"#11 John Gomez - WR",,"#23 Tracy Lopez - WR",,,"#52 Roland Westbury - LT","#70 Daniel Paige - LT","#83 Michael Frank - RB","#71 Sam Freeman - RG","#71 Gus Goodman - RT",,"#95 James Guidry - LDE",,"#91 Harold Messick - DT","#92 Gregory Harrison - DT","#97 Robert Anders - RDE","#42 Chad Patrick - CB","#34 Eric Kimmel - CB",,"#36 Billy Tharpe - CB","#27 Raul Roth - CB","#59 Thomas Layne - CB",,,,"#30 Jonathan Snyder - CB","#35 Joseph Duffy - CB",,,,,,,,,,,,,,,,,,,,,,,,,,,,,,,,,,,,
,2:00,,2,2,10,,,,21,9,"Timeout for two minute warning.",,,,,,,,,,,,,,,,,,,,,,,,,,,,,,,,,,,,,,,,,,,,,,,,,,,,,,,,,,,,,,,,,,,,,,
HOU,2:00,"HOU 25",2,2,10,"Strong I Normal HB Off Tackle Strong","46 Normal Inside Blitz",3,21,9,"2-10-HOU 25 (2:00) 28-Andre Maker ran to HOU 28 for 3 yards. Tackle by 36-Billy Tharpe.","#6 Joseph Eady - QB","#28 Andre Maker - WR",,,"#40 Alan Williams - RB","#85 Clinton Anderson - RB",,"#11 John Gomez - WR",,"#23 Tracy Lopez - WR",,,"#52 Roland Westbury - LT","#70 Daniel Paige - LT","#83 Michael Frank - RB","#71 Sam Freeman - RG","#71 Gus Goodman - RT",,"#95 James Guidry - LDE",,"#91 Harold Messick - DT","#92 Gregory Harrison - DT","#97 Robert Anders - RDE","#42 Chad Patrick - CB","#34 Eric Kimmel - CB",,"#36 Billy Tharpe - CB","#27 Raul Roth - CB","#59 Thomas Layne - CB",,,,"#30 Jonathan Snyder - CB","#35 Joseph Duffy - CB",,,,,,,,,,,,,,,,,,,,,,,,,,,,,,,,,,,,
HOU,1:23,"HOU 28",2,3,7,"Goal Line Normal HB Dive","4-3 Under Double Safety Blitz",4,21,9,"3-7-HOU 28 (1:22) 28-Andre Maker ran to HOU 32 for 4 yards. Tackle by 30-Jonathan Snyder. HOU 28-Andre Maker was injured on the play. He looks like he should be able to return.","#6 Joseph Eady - QB","#28 Andre Maker - WR",,"#34 Robert Mathis - LG","#40 Alan Williams - RB","#85 Clinton Anderson - RB","#84 Joseph McCasland - C",,,,,,"#52 Roland Westbury - LT","#70 Daniel Paige - LT","#83 Michael Frank - RB","#71 Sam Freeman - RG","#71 Gus Goodman - RT",,"#95 James Guidry - LDE",,"#91 Harold Messick - DT","#92 Gregory Harrison - DT","#97 Robert Anders - RDE","#42 Chad Patrick - CB","#36 Billy Tharpe - CB",,"#34 Eric Kimmel - CB","#27 Raul Roth - CB","#59 Thomas Layne - CB",,,,"#30 Jonathan Snyder - CB","#35 Joseph Duffy - CB",,,,,,,,,,,,,,,,,,,,,,,,,,,,,,,,,,,,
,1:20,,2,4,3,,,,21,9,"Timeout CIN",,,,,,,,,,,,,,,,,,,,,,,,,,,,,,,,,,,,,,,,,,,,,,,,,,,,,,,,,,,,,,,,,,,,,,
HOU,1:17,"HOU 32",2,4,3,Punt,"Punt Return",,21,9,"4-3-HOU 32 (1:18) 9-Billy Hansen punts 51 yards to CIN 18. 37-Derrick Moss to CIN 24 for 6 yards. Tackle by 84-Joseph McCasland.",,,,,,,,,,,,,,,,,,"#9 Billy Hansen - P",,,,,,,,,,,,,,,,,,,"#76 Scott Friend - LT",,"#37 Derrick Moss - WR",,,"#30 Jonathan Snyder - CB","#33 Todd Morley - CB","#34 Eric Kimmel - CB",,"#42 Chad Patrick - CB","#44 Doug Dearman - CB",,"#36 Billy Tharpe - CB",,,,"#70 Daniel Paige - LT","#61 Ricardo Perry - LG","#84 Joseph McCasland - C","#85 Clinton Anderson - RB","#52 Roland Westbury - LT","#68 Frederick Yates - RG",,"#91 Harold Messick - DT","#97 Robert Anders - RDE","#27 Raul Roth - CB","#77 Ronald Williams - DT",,,,,,,
CIN,1:08,"CIN 24",2,1,10,"Shotgun 2 RB 3 WR Shotgun Dive","4-3 Normal Double WR2",1,21,9,"1-10-CIN 24 (1:09) 85-Joseph Moore ran to CIN 24 for 1 yards. Tackle by 59-Andre Wade.","#3 Leonard Thompson - QB","#85 Joseph Moore - WR","#86 Steven Jackson - WR",,,,,"#37 Derrick Moss - WR","#39 Julio Hamilton - WR","#46 David Santos - WR",,,"#73 Jack Durgin - LT","#72 Steven Johnson - RT","#66 Christopher Mitchell - C","#68 Roderick Price - RG","#65 Robert Christopherso - RT",,"#60 Odell Paschke - LDE",,"#67 Christopher Howland - LDE","#91 Alan Edwards - LDE","#98 Randall Meyers - DT","#59 Andre Wade - CB","#57 William Snow - CB",,"#54 Joel Dodson - CB","#33 Roger Trimmer - CB","#20 Matthew Scott - CB",,,,"#27 Kyle Locklin - CB","#24 David Swain - CB",,,,,,,,,,,,,,,,,,,,,,,,,,,,,,,,,,,,
CIN,0:36,"CIN 24",2,2,9,"Singleback Normal HB Dive Weak","4-3 Normal Double WR3",-0,21,9,"2-9-CIN 24 (0:35) 39-Julio Hamilton ran to CIN 24 for a short loss. Tackle by 54-Joel Dodson.","#3 Leonard Thompson - QB","#39 Julio Hamilton - WR",,,,"#86 Steven Jackson - WR",,"#46 David Santos - WR","#37 Derrick Moss - WR","#85 Joseph Moore - WR",,,"#73 Jack Durgin - LT","#72 Steven Johnson - RT","#66 Christopher Mitchell - C","#68 Roderick Price - RG","#65 Robert Christopherso - RT",,"#60 Odell Paschke - LDE",,"#67 Christopher Howland - LDE","#91 Alan Edwards - LDE","#98 Randall Meyers - DT","#59 Andre Wade - CB","#51 Robert Mann - CB",,"#54 Joel Dodson - CB","#33 Roger Trimmer - CB","#27 Kyle Locklin - CB",,,,"#42 Andrew Fritz - CB","#24 David Swain - CB",,,,,,,,,,,,,,,,,,,,,,,,,,,,,,,,,,,,
,0:00,,2,3,10,,,,21,9,"End of half.",,,,,,,,,,,,,,,,,,,,,,,,,,,,,,,,,,,,,,,,,,,,,,,,,,,,,,,,,,,,,,,,,,,,,,
HOU,15:00,"HOU 35",3,6,10,Kickoff,"Kick Return",,21,9,"(15:00) 18-William Pope kicks 75 yards from HOU 35 to CIN -10. Touchback.",,,,,,,,,,,,,,,,,,,,,,,,,,,,,,,,,,,,,,"#37 Derrick Moss - WR",,"#24 Alan Drake - CB","#33 Todd Morley - CB","#30 Jonathan Snyder - CB","#36 Billy Tharpe - CB","#34 Eric Kimmel - CB","#47 Daniel Winkel - CB","#27 Raul Roth - CB","#42 Chad Patrick - CB","#25 Andrew Smith - CB","#44 Doug Dearman - CB","#18 William Pope - K",,,,,,,,,,,,,,,,,,,,
CIN,15:00,"CIN 25",3,1,10,"I Formation Power PA Flats","4-3 Normal Double WR3",5,21,9,"1-10-CIN 25 (15:00) 3-Leonard Thompson pass complete to 86-Steven Jackson to CIN 30 for 5 yards. Tackle by 59-Andre Wade.","#3 Leonard Thompson - QB","#37 Derrick Moss - WR",,"#86 Steven Jackson - WR","#22 Jameson Kelly - WR","#39 Julio Hamilton - WR",,"#85 Joseph Moore - WR",,,,,"#73 Jack Durgin - LT","#72 Steven Johnson - RT","#66 Christopher Mitchell - C","#68 Roderick Price - RG","#65 Robert Christopherso - RT",,"#60 Odell Paschke - LDE",,"#67 Christopher Howland - LDE","#91 Alan Edwards - LDE","#98 Randall Meyers - DT","#59 Andre Wade - CB","#51 Robert Mann - CB",,"#54 Joel Dodson - CB","#33 Roger Trimmer - CB","#27 Kyle Locklin - CB",,,,"#42 Andrew Fritz - CB","#24 David Swain - CB",,,,,,,,,,,,,,,,,,,,,,,,,,,,,,,,,,,,
CIN,14:16,"CIN 30",3,2,5,"I Formation Twin WR Quick Outs","4-3 Normal OLB Blitz Outside",9,21,9,"2-5-CIN 30 (14:15) 3-Leonard Thompson pass complete to 85-Joseph Moore to CIN 38 for 9 yards. Tackle by 51-Robert Mann. 85-Joseph Moore did some fancy footwork there. Pressure by 98-Randall Meyers. 33-Roger Trimmer got away with a hold on that play.","#3 Leonard Thompson - QB","#46 David Santos - WR",,,"#22 Jameson Kelly - WR","#39 Julio Hamilton - WR",,"#85 Joseph Moore - WR",,"#86 Steven Jackson - WR",,,"#73 Jack Durgin - LT","#72 Steven Johnson - RT","#66 Christopher Mitchell - C","#68 Roderick Price - RG","#65 Robert Christopherso - RT",,"#60 Odell Paschke - LDE",,"#67 Christopher Howland - LDE","#91 Alan Edwards - LDE","#98 Randall Meyers - DT","#59 Andre Wade - CB","#51 Robert Mann - CB",,"#54 Joel Dodson - CB","#33 Roger Trimmer - CB","#27 Kyle Locklin - CB",,,,"#42 Andrew Fritz - CB","#24 David Swain - CB",,,,,,,,,,,,,,,,,,,,,,,,,,,,,,,,,,,,
CIN,13:37,"CIN 38",3,1,10,"I Formation Twin WR Quick Outs","4-3 Normal OLB Blitz Outside",6,21,9,"1-10-CIN 38 (13:36) 3-Leonard Thompson pass complete to 39-Julio Hamilton to CIN 45 for 6 yards. Tackle by 24-David Swain.","#3 Leonard Thompson - QB","#46 David Santos - WR",,,"#22 Jameson Kelly - WR","#39 Julio Hamilton - WR",,"#85 Joseph Moore - WR",,"#86 Steven Jackson - WR",,,"#73 Jack Durgin - LT","#72 Steven Johnson - RT","#66 Christopher Mitchell - C","#68 Roderick Price - RG","#65 Robert Christopherso - RT",,"#60 Odell Paschke - LDE",,"#67 Christopher Howland - LDE","#91 Alan Edwards - LDE","#98 Randall Meyers - DT","#59 Andre Wade - CB","#51 Robert Mann - CB",,"#54 Joel Dodson - CB","#33 Roger Trimmer - CB","#27 Kyle Locklin - CB",,,,"#42 Andrew Fritz - CB","#24 David Swain - CB",,,,,,,,,,,,,,,,,,,,,,,,,,,,,,,,,,,,
CIN,13:01,"CIN 45",3,2,4,"I Formation Power PA Flats","4-3 Normal Double WR2",,21,9,"2-4-CIN 45 (13:00) 3-Leonard Thompson pass Pass knocked down by 42-Andrew Fritz. incomplete, intended for 39-Julio Hamilton.","#3 Leonard Thompson - QB","#37 Derrick Moss - WR",,"#86 Steven Jackson - WR","#22 Jameson Kelly - WR","#39 Julio Hamilton - WR",,"#85 Joseph Moore - WR",,,,,"#73 Jack Durgin - LT","#72 Steven Johnson - RT","#66 Christopher Mitchell - C","#68 Roderick Price - RG","#65 Robert Christopherso - RT",,"#60 Odell Paschke - LDE",,"#67 Christopher Howland - LDE","#91 Alan Edwards - LDE","#98 Randall Meyers - DT","#57 William Snow - CB","#51 Robert Mann - CB",,"#54 Joel Dodson - CB","#33 Roger Trimmer - CB","#27 Kyle Locklin - CB",,,,"#42 Andrew Fritz - CB","#24 David Swain - CB",,,,,,,,,,,,,,,,,,,,,,,,,,,,,,,,,,,,
CIN,12:54,"CIN 45",3,3,4,"Strong I Big Backfield Drag","4-3 Normal Double WR1",,21,9,"3-4-CIN 45 (12:55) 3-Leonard Thompson pass Pass knocked down by 33-Roger Trimmer. incomplete, intended for 20-Malik Risley.","#3 Leonard Thompson - QB","#32 Anthony Bryant - WR",,,"#20 Malik Risley - WR","#37 Derrick Moss - WR","#22 Jameson Kelly - WR","#46 David Santos - WR",,,,,"#73 Jack Durgin - LT","#72 Steven Johnson - RT","#66 Christopher Mitchell - C","#68 Roderick Price - RG","#65 Robert Christopherso - RT",,"#60 Odell Paschke - LDE",,"#67 Christopher Howland - LDE","#91 Alan Edwards - LDE","#98 Randall Meyers - DT","#59 Andre Wade - CB","#57 William Snow - CB",,"#54 Joel Dodson - CB","#33 Roger Trimmer - CB","#27 Kyle Locklin - CB",,,,"#44 Delbert Bealer - CB","#24 David Swain - CB",,,,,,,,,,,,,,,,,,,,,,,,,,,,,,,,,,,,
CIN,12:51,"CIN 45",3,4,4,Punt,"Punt Return",52,21,9,"4-4-CIN 45 (12:52) 7-Leonard Hyde punts 52 yards to HOU 4.",,,,,,,,,,,,,,,,,,"#7 Leonard Hyde - P",,,,,,,,,,,,,,,,,,,"#68 Roderick Price - RG",,"#82 Brian Ramirez - WR",,,"#42 Andrew Fritz - CB","#20 Matthew Scott - CB","#44 Delbert Bealer - CB",,"#51 Robert Mann - CB","#59 Andre Wade - CB",,"#57 William Snow - CB",,,,"#60 Ted Abdullah - LT","#66 Christopher Mitchell - C","#73 Jack Durgin - LT","#22 Jameson Kelly - WR","#71 Thomas Morneau - LG","#65 Robert Christopherso - RT",,"#54 Joel Dodson - CB","#60 Odell Paschke - LDE","#24 David Swain - CB","#43 Paul Powers - CB",,,,,,,
HOU,12:43,"HOU 4",3,1,10,"Goal Line Normal HB Pitch Weak","4-3 Under Double Safety Blitz",-1,21,9,"1-10-HOU 4 (12:44) 28-Andre Maker ran to HOU 3 for -1 yards. Tackle by 35-Joseph Duffy.","#6 Joseph Eady - QB","#28 Andre Maker - WR",,"#22 Lester Brown - WR","#40 Alan Williams - RB","#85 Clinton Anderson - RB","#84 Joseph McCasland - C",,,,,,"#52 Roland Westbury - LT","#70 Daniel Paige - LT","#83 Michael Frank - RB","#71 Sam Freeman - RG","#71 Gus Goodman - RT",,"#95 James Guidry - LDE",,"#91 Harold Messick - DT","#92 Gregory Harrison - DT","#97 Robert Anders - RDE","#42 Chad Patrick - CB","#36 Billy Tharpe - CB",,"#33 Todd Morley - CB","#59 Thomas Layne - CB","#25 Andrew Smith - CB",,,,"#38 Micheal Leonard - CB","#35 Joseph Duffy - CB",,,,,,,,,,,,,,,,,,,,,,,,,,,,,,,,,,,,
HOU,12:10,"HOU 3",3,2,11,"I Formation Normal FL Hitch","4-3 Under Double LB Blitz",61,21,9,"2-11-HOU 3 (12:09) 6-Joseph Eady pass complete to 23-Tracy Lopez to CIN 36 for 61 yards. Tackle by 59-Thomas Layne. 23-Tracy Lopez made a great move on the CB.","#6 Joseph Eady - QB","#28 Andre Maker - WR",,,"#40 Alan Williams - RB","#85 Clinton Anderson - RB",,"#11 John Gomez - WR",,"#23 Tracy Lopez - WR",,,"#52 Roland Westbury - LT","#70 Daniel Paige - LT","#83 Michael Frank - RB","#71 Sam Freeman - RG","#71 Gus Goodman - RT",,"#95 James Guidry - LDE",,"#91 Harold Messick - DT","#92 Gregory Harrison - DT","#97 Robert Anders - RDE","#42 Chad Patrick - CB","#36 Billy Tharpe - CB",,"#33 Todd Morley - CB","#27 Raul Roth - CB","#59 Thomas Layne - CB",,,,"#38 Micheal Leonard - CB","#35 Joseph Duffy - CB",,,,,,,,,,,,,,,,,,,,,,,,,,,,,,,,,,,,
HOU,11:30,"CIN 36",3,1,10,"Goal Line Normal HB Pitch Weak","4-3 Under Double Safety Blitz",-2,21,9,"1-10-CIN 36 (11:29) 82-Brian Ramirez ran to CIN 38 for -2 yards. Tackle by 44-Doug Dearman.","#6 Joseph Eady - QB","#82 Brian Ramirez - WR",,"#28 Andre Maker - WR","#85 Clinton Anderson - RB","#84 Joseph McCasland - C","#40 Alan Williams - RB",,,,,,"#52 Roland Westbury - LT","#70 Daniel Paige - LT","#83 Michael Frank - RB","#71 Sam Freeman - RG","#71 Gus Goodman - RT",,"#95 James Guidry - LDE",,"#91 Harold Messick - DT","#92 Gregory Harrison - DT","#97 Robert Anders - RDE","#47 Daniel Winkel - CB","#51 John Gibson - WLB",,"#34 Eric Kimmel - CB","#25 Andrew Smith - CB","#24 Alan Drake - CB",,,,"#30 Jonathan Snyder - CB","#44 Doug Dearman - CB",,,,,,,,,,,,,,,,,,,,,,,,,,,,,,,,,,,,
HOU,10:54,"CIN 38",3,2,12,"I Formation Power Play Action HB Downfield","4-3 Under Double LB Blitz",18,21,9,"2-12-CIN 38 (10:53) 6-Joseph Eady pass complete to 84-Joseph McCasland to CIN 20 for 18 yards. Tackle by 30-Jonathan Snyder. Nice job by 84-Joseph McCasland on that route to lose his coverage.","#6 Joseph Eady - QB","#82 Brian Ramirez - WR",,"#85 Clinton Anderson - RB","#40 Alan Williams - RB","#84 Joseph McCasland - C",,"#11 John Gomez - WR",,,,,"#52 Roland Westbury - LT","#70 Daniel Paige - LT","#83 Michael Frank - RB","#71 Sam Freeman - RG","#71 Gus Goodman - RT",,"#95 James Guidry - LDE",,"#91 Harold Messick - DT","#92 Gregory Harrison - DT","#97 Robert Anders - RDE","#51 John Gibson - WLB","#36 Billy Tharpe - CB",,"#34 Eric Kimmel - CB","#59 Thomas Layne - CB","#25 Andrew Smith - CB",,,,"#30 Jonathan Snyder - CB","#35 Joseph Duffy - CB",,,,,,,,,,,,,,,,,,,,,,,,,,,,,,,,,,,,
HOU,10:15,"CIN 20",3,1,10,"I Formation Power Play Action HB Downfield","46 Normal Inside Blitz",9,21,9,"1-10-CIN 20 (10:14) 6-Joseph Eady pass complete to 40-Alan Williams to CIN 11 for 9 yards. Tackle by 47-Daniel Winkel. Nice job by 40-Alan Williams on that route to lose his coverage.","#6 Joseph Eady - QB","#82 Brian Ramirez - WR",,"#85 Clinton Anderson - RB","#28 Andre Maker - WR","#40 Alan Williams - RB",,"#84 Joseph McCasland - C",,,,,"#52 Roland Westbury - LT","#70 Daniel Paige - LT","#83 Michael Frank - RB","#71 Sam Freeman - RG","#71 Gus Goodman - RT",,"#95 James Guidry - LDE",,"#91 Harold Messick - DT","#92 Gregory Harrison - DT","#97 Robert Anders - RDE","#42 Chad Patrick - CB","#51 John Gibson - WLB",,"#36 Billy Tharpe - CB","#25 Andrew Smith - CB","#47 Daniel Winkel - CB",,,,"#44 Doug Dearman - CB","#38 Micheal Leonard - CB",,,,,,,,,,,,,,,,,,,,,,,,,,,,,,,,,,,,
HOU,9:32,"CIN 11",3,2,1,"I Formation Normal HB Blast","4-3 Normal Double WR3",6,21,9,"2-1-CIN 11 (9:31) 82-Brian Ramirez ran to CIN 5 for 6 yards. Tackle by 33-Todd Morley.","#6 Joseph Eady - QB","#82 Brian Ramirez - WR",,,"#84 Joseph McCasland - C","#40 Alan Williams - RB",,"#11 John Gomez - WR",,"#23 Tracy Lopez - WR",,,"#52 Roland Westbury - LT","#70 Daniel Paige - LT","#83 Michael Frank - RB","#71 Sam Freeman - RG","#71 Gus Goodman - RT",,"#93 Randy King - LDE",,"#91 Harold Messick - DT","#92 Gregory Harrison - DT","#97 Robert Anders - RDE","#36 Billy Tharpe - CB","#42 Chad Patrick - CB",,"#34 Eric Kimmel - CB","#27 Raul Roth - CB","#25 Andrew Smith - CB",,,,"#30 Jonathan Snyder - CB","#33 Todd Morley - CB",,,,,,,,,,,,,,,,,,,,,,,,,,,,,,,,,,,,
HOU,8:58,"CIN 5",3,1,5,"Weak I Big WR Post TE Out","4-3 Under Double LB Blitz",5,27,9,"1-5-CIN 5 (8:57) 6-Joseph Eady pass complete to 23-Tracy Lopez to CIN 0 for 5 yards. TOUCHDOWN! 23-Tracy Lopez made a great move on the CB. HOU 27 CIN 9","#6 Joseph Eady - QB","#23 Tracy Lopez - WR",,,"#40 Alan Williams - RB","#84 Joseph McCasland - C","#28 Andre Maker - WR","#11 John Gomez - WR",,,,,"#52 Roland Westbury - LT","#70 Daniel Paige - LT","#83 Michael Frank - RB","#71 Sam Freeman - RG","#71 Gus Goodman - RT",,"#95 James Guidry - LDE",,"#91 Harold Messick - DT","#92 Gregory Harrison - DT","#97 Robert Anders - RDE","#42 Chad Patrick - CB","#36 Billy Tharpe - CB",,"#34 Eric Kimmel - CB","#27 Raul Roth - CB","#59 Thomas Layne - CB",,,,"#30 Jonathan Snyder - CB","#35 Joseph Duffy - CB",,,,,,,,,,,,,,,,,,,,,,,,,,,,,,,,,,,,
HOU,8:51,"CIN 15",3,7,15,"Field Goal","FG Block",26,28,9,"(8:52) Extra point GOOD by 18-William Pope. HOU 28 CIN 9",,,,,,,,,,,,,,,,,,,,,,,,,,,,,,,,,,,,"#17 Bruce Shadrick - QB","#76 Scott Friend - LT",,,,,,,,,,,,,,"#18 William Pope - K","#23 Tracy Lopez - WR","#71 Sam Freeman - RG","#68 Frederick Yates - RG","#52 Roland Westbury - LT","#61 Ricardo Perry - LG","#70 Daniel Paige - LT","#34 Robert Mathis - LG","#85 Clinton Anderson - RB","#77 Ronald Williams - DT","#97 Robert Anders - RDE","#27 Raul Roth - CB","#42 Chad Patrick - CB","#44 Doug Dearman - CB","#38 Micheal Leonard - CB","#92 Gregory Harrison - DT","#93 Randy King - LDE","#91 Harold Messick - DT","#57 Stephen Warren - RDE","#56 Michael Cline - RDE"
HOU,8:51,"HOU 35",3,6,10,Kickoff,"Kick Return",75,28,9,"(8:52) 18-William Pope kicks 75 yards from HOU 35 to CIN -10. Touchback.",,,,,,,,,,,,,,,,,,,,,,,,,,,,,,,,,,,,,,"#37 Derrick Moss - WR",,"#24 Alan Drake - CB","#33 Todd Morley - CB","#30 Jonathan Snyder - CB","#36 Billy Tharpe - CB","#34 Eric Kimmel - CB","#47 Daniel Winkel - CB","#27 Raul Roth - CB","#42 Chad Patrick - CB","#25 Andrew Smith - CB","#44 Doug Dearman - CB","#18 William Pope - K",,,,,,,,,,,,,,,,,,,,
CIN,8:51,"CIN 25",3,1,10,"I Formation Twin WR Hard Slants","4-3 Normal WLB Outside Blitz",9,28,9,"1-10-CIN 25 (8:52) 3-Leonard Thompson pass complete to 39-Julio Hamilton to CIN 34 for 9 yards. Tackle by 42-Andrew Fritz.","#3 Leonard Thompson - QB","#46 David Santos - WR",,,"#22 Jameson Kelly - WR","#39 Julio Hamilton - WR",,"#85 Joseph Moore - WR",,"#86 Steven Jackson - WR",,,"#73 Jack Durgin - LT","#72 Steven Johnson - RT","#66 Christopher Mitchell - C","#68 Roderick Price - RG","#65 Robert Christopherso - RT",,"#60 Odell Paschke - LDE",,"#67 Christopher Howland - LDE","#91 Alan Edwards - LDE","#98 Randall Meyers - DT","#59 Andre Wade - CB","#51 Robert Mann - CB",,"#54 Joel Dodson - CB","#33 Roger Trimmer - CB","#27 Kyle Locklin - CB",,,,"#42 Andrew Fritz - CB","#24 David Swain - CB",,,,,,,,,,,,,,,,,,,,,,,,,,,,,,,,,,,,
CIN,8:11,"CIN 34",3,2,1,"I Formation Power HB Dive Weak","4-3 Normal Man Under 1",6,28,9,"2-1-CIN 34 (8:10) 37-Derrick Moss ran to CIN 40 for 6 yards. Tackle by 27-Kyle Locklin.","#3 Leonard Thompson - QB","#37 Derrick Moss - WR",,"#86 Steven Jackson - WR","#22 Jameson Kelly - WR","#39 Julio Hamilton - WR",,"#85 Joseph Moore - WR",,,,,"#73 Jack Durgin - LT","#72 Steven Johnson - RT","#66 Christopher Mitchell - C","#68 Roderick Price - RG","#65 Robert Christopherso - RT",,"#60 Odell Paschke - LDE",,"#67 Christopher Howland - LDE","#91 Alan Edwards - LDE","#98 Randall Meyers - DT","#59 Andre Wade - CB","#51 Robert Mann - CB",,"#54 Joel Dodson - CB","#33 Roger Trimmer - CB","#27 Kyle Locklin - CB",,,,"#42 Andrew Fritz - CB","#24 David Swain - CB",,,,,,,,,,,,,,,,,,,,,,,,,,,,,,,,,,,,
CIN,7:31,"CIN 40",3,1,10,"Strong I Big HB Dive Strong","4-3 Normal Man Under 1",6,28,9,"1-10-CIN 40 (7:30) 37-Derrick Moss ran to CIN 46 for 6 yards. Tackle by 27-Kyle Locklin.","#3 Leonard Thompson - QB","#37 Derrick Moss - WR",,,"#86 Steven Jackson - WR","#85 Joseph Moore - WR","#39 Julio Hamilton - WR","#46 David Santos - WR",,,,,"#73 Jack Durgin - LT","#72 Steven Johnson - RT","#66 Christopher Mitchell - C","#68 Roderick Price - RG","#65 Robert Christopherso - RT",,"#60 Odell Paschke - LDE",,"#67 Christopher Howland - LDE","#91 Alan Edwards - LDE","#98 Randall Meyers - DT","#59 Andre Wade - CB","#51 Robert Mann - CB",,"#54 Joel Dodson - CB","#33 Roger Trimmer - CB","#27 Kyle Locklin - CB",,,,"#42 Andrew Fritz - CB","#24 David Swain - CB",,,,,,,,,,,,,,,,,,,,,,,,,,,,,,,,,,,,
CIN,6:56,"CIN 46",3,2,4,"I Formation Power PA Flats","4-3 Normal Double WR2",6,28,9,"2-4-CIN 46 (6:55) 3-Leonard Thompson pass complete to 39-Julio Hamilton to HOU 48 for 6 yards. Tackle by 27-Kyle Locklin. 39-Julio Hamilton breaks down the CB.","#3 Leonard Thompson - QB","#37 Derrick Moss - WR",,"#86 Steven Jackson - WR","#22 Jameson Kelly - WR","#39 Julio Hamilton - WR",,"#85 Joseph Moore - WR",,,,,"#73 Jack Durgin - LT","#72 Steven Johnson - RT","#66 Christopher Mitchell - C","#68 Roderick Price - RG","#65 Robert Christopherso - RT",,"#60 Odell Paschke - LDE",,"#67 Christopher Howland - LDE","#91 Alan Edwards - LDE","#98 Randall Meyers - DT","#59 Andre Wade - CB","#51 Robert Mann - CB",,"#54 Joel Dodson - CB","#33 Roger Trimmer - CB","#27 Kyle Locklin - CB",,,,"#42 Andrew Fritz - CB","#24 David Swain - CB",,,,,,,,,,,,,,,,,,,,,,,,,,,,,,,,,,,,
CIN,6:22,"HOU 48",3,1,10,"Shotgun 2 RB 3 WR Shotgun Sweep","4-3 Normal OLB Blitz Outside",3,28,9,"1-10-HOU 48 (6:21) 86-Steven Jackson ran to HOU 45 for 3 yards. Tackle by 24-David Swain.","#3 Leonard Thompson - QB","#85 Joseph Moore - WR","#86 Steven Jackson - WR",,,,,"#37 Derrick Moss - WR","#39 Julio Hamilton - WR","#46 David Santos - WR",,,"#73 Jack Durgin - LT","#72 Steven Johnson - RT","#66 Christopher Mitchell - C","#68 Roderick Price - RG","#65 Robert Christopherso - RT",,"#60 Odell Paschke - LDE",,"#67 Christopher Howland - LDE","#91 Alan Edwards - LDE","#98 Randall Meyers - DT","#59 Andre Wade - CB","#51 Robert Mann - CB",,"#54 Joel Dodson - CB","#33 Roger Trimmer - CB","#27 Kyle Locklin - CB",,,,"#42 Andrew Fritz - CB","#24 David Swain - CB",,,,,,,,,,,,,,,,,,,,,,,,,,,,,,,,,,,,
CIN,5:46,"HOU 45",3,2,7,"I Formation Twin WR Hard Slants","4-3 Normal Double WR2",,28,9,"2-7-HOU 45 (5:45) 3-Leonard Thompson pass Pass knocked down by 24-David Swain. incomplete, intended for 86-Steven Jackson.","#3 Leonard Thompson - QB","#46 David Santos - WR",,,"#22 Jameson Kelly - WR","#39 Julio Hamilton - WR",,"#85 Joseph Moore - WR",,"#86 Steven Jackson - WR",,,"#73 Jack Durgin - LT","#72 Steven Johnson - RT","#66 Christopher Mitchell - C","#68 Roderick Price - RG","#65 Robert Christopherso - RT",,"#60 Odell Paschke - LDE",,"#67 Christopher Howland - LDE","#91 Alan Edwards - LDE","#98 Randall Meyers - DT","#59 Andre Wade - CB","#51 Robert Mann - CB",,"#54 Joel Dodson - CB","#33 Roger Trimmer - CB","#27 Kyle Locklin - CB",,,,"#42 Andrew Fritz - CB","#24 David Swain - CB",,,,,,,,,,,,,,,,,,,,,,,,,,,,,,,,,,,,
CIN,5:40,"HOU 45",3,3,7,"Strong I Big TE Post","4-3 Normal WLB Outside Blitz",-8,28,9,"3-7-HOU 45 (5:41) 3-Leonard Thompson sacked at CIN 47 for -8 yards (98-Randall Meyers). Sack allowed by 73-Jack Durgin. 73-Jack Durgin was completely beat on that play.","#3 Leonard Thompson - QB","#37 Derrick Moss - WR",,,"#22 Jameson Kelly - WR","#85 Joseph Moore - WR","#39 Julio Hamilton - WR","#46 David Santos - WR",,,,,"#73 Jack Durgin - LT","#72 Steven Johnson - RT","#66 Christopher Mitchell - C","#68 Roderick Price - RG","#65 Robert Christopherso - RT",,"#60 Odell Paschke - LDE",,"#67 Christopher Howland - LDE","#91 Alan Edwards - LDE","#98 Randall Meyers - DT","#59 Andre Wade - CB","#51 Robert Mann - CB",,"#54 Joel Dodson - CB","#33 Roger Trimmer - CB","#27 Kyle Locklin - CB",,,,"#44 Delbert Bealer - CB","#24 David Swain - CB",,,,,,,,,,,,,,,,,,,,,,,,,,,,,,,,,,,,
CIN,4:57,"CIN 47",3,4,15,Punt,"Punt Return",56,28,9,"4-15-CIN 47 (4:56) 7-Leonard Hyde punts 56 yards to HOU -3.4-15-CIN 47 (4:56) 7-Leonard Hyde punts 56 yards to HOU -3. Touchback.",,,,,,,,,,,,,,,,,,"#7 Leonard Hyde - P",,,,,,,,,,,,,,,,,,,"#68 Roderick Price - RG",,"#82 Brian Ramirez - WR",,,"#42 Andrew Fritz - CB","#20 Matthew Scott - CB","#44 Delbert Bealer - CB",,"#51 Robert Mann - CB","#59 Andre Wade - CB",,"#57 William Snow - CB",,,,"#60 Ted Abdullah - LT","#66 Christopher Mitchell - C","#73 Jack Durgin - LT","#22 Jameson Kelly - WR","#71 Thomas Morneau - LG","#65 Robert Christopherso - RT",,"#54 Joel Dodson - CB","#60 Odell Paschke - LDE","#24 David Swain - CB","#43 Paul Powers - CB",,,,,,,
HOU,4:48,"HOU 20",3,1,10,"Weak I Big WR Post TE Out","4-3 Under Double LB Blitz",12,28,9,"1-10-HOU 20 (4:49) 6-Joseph Eady pass complete to 11-John Gomez to HOU 32 for 12 yards. Tackle by 27-Raul Roth. 11-John Gomez breaks down the CB.","#6 Joseph Eady - QB","#28 Andre Maker - WR",,,"#40 Alan Williams - RB","#85 Clinton Anderson - RB","#84 Joseph McCasland - C","#11 John Gomez - WR",,,,,"#52 Roland Westbury - LT","#70 Daniel Paige - LT","#83 Michael Frank - RB","#71 Sam Freeman - RG","#71 Gus Goodman - RT",,"#95 James Guidry - LDE",,"#91 Harold Messick - DT","#92 Gregory Harrison - DT","#97 Robert Anders - RDE","#42 Chad Patrick - CB","#33 Todd Morley - CB",,"#36 Billy Tharpe - CB","#27 Raul Roth - CB","#59 Thomas Layne - CB",,,,"#38 Micheal Leonard - CB","#35 Joseph Duffy - CB",,,,,,,,,,,,,,,,,,,,,,,,,,,,,,,,,,,,
HOU,4:15,"HOU 32",3,1,10,"I Formation 3WR Slot Short WR Deep","4-3 Under Double LB Blitz",,28,9,"1-10-HOU 32 (4:14) 6-Joseph Eady pass Pass knocked down by 59-Thomas Layne. incomplete, intended for 28-Andre Maker. Pressure by 98-Harold Messick.","#6 Joseph Eady - QB","#28 Andre Maker - WR",,,"#40 Alan Williams - RB",,,"#11 John Gomez - WR","#85 Clinton Anderson - RB","#23 Tracy Lopez - WR",,,"#52 Roland Westbury - LT","#70 Daniel Paige - LT","#83 Michael Frank - RB","#71 Sam Freeman - RG","#71 Gus Goodman - RT",,"#95 James Guidry - LDE",,"#91 Harold Messick - DT","#92 Gregory Harrison - DT","#97 Robert Anders - RDE","#42 Chad Patrick - CB","#36 Billy Tharpe - CB",,"#34 Eric Kimmel - CB","#27 Raul Roth - CB","#59 Thomas Layne - CB",,,,"#38 Micheal Leonard - CB","#35 Joseph Duffy - CB",,,,,,,,,,,,,,,,,,,,,,,,,,,,,,,,,,,,
HOU,4:09,"HOU 32",3,2,10,"Shotgun Normal HB Flare","Dime Normal Man Cover 1",,28,9,"2-10-HOU 32 (4:10) 6-Joseph Eady pass incomplete, dropped by 23-Tracy Lopez. Pressure by 95-James Guidry.","#6 Joseph Eady - QB","#82 Brian Ramirez - WR",,,,"#84 Joseph McCasland - C",,"#11 John Gomez - WR","#85 Clinton Anderson - RB","#23 Tracy Lopez - WR",,,"#52 Roland Westbury - LT","#70 Daniel Paige - LT","#83 Michael Frank - RB","#71 Sam Freeman - RG","#71 Gus Goodman - RT",,"#95 James Guidry - LDE",,"#91 Harold Messick - DT","#92 Gregory Harrison - DT","#97 Robert Anders - RDE",,"#33 Todd Morley - CB",,,"#42 Chad Patrick - CB","#25 Andrew Smith - CB","#30 Jonathan Snyder - CB","#35 Joseph Duffy - CB",,"#27 Raul Roth - CB","#59 Thomas Layne - CB",,,,,,,,,,,,,,,,,,,,,,,,,,,,,,,,,,,,
HOU,4:05,"HOU 32",3,3,10,"I Formation Normal HB Dive","Dime Normal Man Cover 1",10,28,9,"3-10-HOU 32 (4:06) 28-Andre Maker ran to HOU 42 for 10 yards. Tackle by 42-Chad Patrick.","#6 Joseph Eady - QB","#28 Andre Maker - WR",,,"#40 Alan Williams - RB","#85 Clinton Anderson - RB",,"#11 John Gomez - WR",,"#23 Tracy Lopez - WR",,,"#52 Roland Westbury - LT","#70 Daniel Paige - LT","#83 Michael Frank - RB","#71 Sam Freeman - RG","#71 Gus Goodman - RT",,"#95 James Guidry - LDE",,"#91 Harold Messick - DT","#92 Gregory Harrison - DT","#97 Robert Anders - RDE",,"#34 Eric Kimmel - CB",,,"#42 Chad Patrick - CB","#25 Andrew Smith - CB","#47 Daniel Winkel - CB","#35 Joseph Duffy - CB",,"#30 Jonathan Snyder - CB","#59 Thomas Layne - CB",,,,,,,,,,,,,,,,,,,,,,,,,,,,,,,,,,,,
HOU,3:31,"HOU 42",3,1,10,"I Formation Power Play Action HB Downfield","46 Normal Inside Blitz",11,28,9,"1-10-HOU 42 (3:30) 6-Joseph Eady pass complete to 85-Clinton Anderson to CIN 47 for 11 yards. Tackle by 59-Thomas Layne. 85-Clinton Anderson did some fancy footwork there. Pressure by 92-Gregory Harrison.","#6 Joseph Eady - QB","#82 Brian Ramirez - WR",,"#84 Joseph McCasland - C","#40 Alan Williams - RB","#85 Clinton Anderson - RB",,"#23 Tracy Lopez - WR",,,,,"#52 Roland Westbury - LT","#70 Daniel Paige - LT","#83 Michael Frank - RB","#71 Sam Freeman - RG","#71 Gus Goodman - RT",,"#95 James Guidry - LDE",,"#91 Harold Messick - DT","#92 Gregory Harrison - DT","#97 Robert Anders - RDE","#42 Chad Patrick - CB","#34 Eric Kimmel - CB",,"#36 Billy Tharpe - CB","#27 Raul Roth - CB","#59 Thomas Layne - CB",,,,"#38 Micheal Leonard - CB","#35 Joseph Duffy - CB",,,,,,,,,,,,,,,,,,,,,,,,,,,,,,,,,,,,
HOU,2:52,"CIN 47",3,1,10,"Shotgun Normal HB Flare","4-3 Normal Double WR3",5,28,9,"1-10-CIN 47 (2:51) 6-Joseph Eady pass complete to 82-Brian Ramirez to CIN 42 for 5 yards. Tackle by 36-Billy Tharpe.","#6 Joseph Eady - QB","#82 Brian Ramirez - WR",,,,"#40 Alan Williams - RB",,"#11 John Gomez - WR","#84 Joseph McCasland - C","#85 Clinton Anderson - RB",,,"#52 Roland Westbury - LT","#70 Daniel Paige - LT","#83 Michael Frank - RB","#71 Sam Freeman - RG","#71 Gus Goodman - RT",,"#95 James Guidry - LDE",,"#91 Harold Messick - DT","#92 Gregory Harrison - DT","#97 Robert Anders - RDE","#36 Billy Tharpe - CB","#42 Chad Patrick - CB",,"#34 Eric Kimmel - CB","#25 Andrew Smith - CB","#47 Daniel Winkel - CB",,,,"#30 Jonathan Snyder - CB","#35 Joseph Duffy - CB",,,,,,,,,,,,,,,,,,,,,,,,,,,,,,,,,,,,
HOU,2:12,"CIN 42",3,2,5,"I Formation Normal HB Dive","4-3 Normal Double WR3",1,28,9,"2-5-CIN 42 (2:11) 28-Andre Maker ran to CIN 41 for 1 yards. Tackle by 33-Todd Morley.","#6 Joseph Eady - QB","#28 Andre Maker - WR",,,"#40 Alan Williams - RB","#84 Joseph McCasland - C",,"#11 John Gomez - WR",,"#23 Tracy Lopez - WR",,,"#52 Roland Westbury - LT","#70 Daniel Paige - LT","#83 Michael Frank - RB","#71 Sam Freeman - RG","#71 Gus Goodman - RT",,"#95 James Guidry - LDE",,"#91 Harold Messick - DT","#92 Gregory Harrison - DT","#97 Robert Anders - RDE","#36 Billy Tharpe - CB","#34 Eric Kimmel - CB",,"#33 Todd Morley - CB","#27 Raul Roth - CB","#59 Thomas Layne - CB",,,,"#30 Jonathan Snyder - CB","#35 Joseph Duffy - CB",,,,,,,,,,,,,,,,,,,,,,,,,,,,,,,,,,,,
HOU,1:36,"CIN 41",3,3,4,"Singleback Slot Strong HB Counter","4-3 Normal Double WR3",-2,28,9,"3-4-CIN 41 (1:35) 28-Andre Maker ran to CIN 43 for -2 yards. Tackle by 34-Eric Kimmel.","#6 Joseph Eady - QB","#28 Andre Maker - WR",,,,"#84 Joseph McCasland - C",,"#11 John Gomez - WR","#85 Clinton Anderson - RB","#23 Tracy Lopez - WR",,,"#52 Roland Westbury - LT","#70 Daniel Paige - LT","#83 Michael Frank - RB","#71 Sam Freeman - RG","#71 Gus Goodman - RT",,"#95 James Guidry - LDE",,"#91 Harold Messick - DT","#92 Gregory Harrison - DT","#97 Robert Anders - RDE","#36 Billy Tharpe - CB","#42 Chad Patrick - CB",,"#34 Eric Kimmel - CB","#27 Raul Roth - CB","#59 Thomas Layne - CB",,,,"#30 Jonathan Snyder - CB","#35 Joseph Duffy - CB",,,,,,,,,,,,,,,,,,,,,,,,,,,,,,,,,,,,
HOU,0:54,"CIN 43",3,4,6,Punt,"Punt Return",37,28,9,"4-6-CIN 43 (0:53) 9-Billy Hansen punts 37 yards to CIN 7.",,,,,,,,,,,,,,,,,,"#9 Billy Hansen - P",,,,,,,,,,,,,,,,,,,"#76 Scott Friend - LT",,"#37 Derrick Moss - WR",,,"#30 Jonathan Snyder - CB","#47 Daniel Winkel - CB","#34 Eric Kimmel - CB",,"#44 Doug Dearman - CB","#36 Billy Tharpe - CB",,"#33 Todd Morley - CB",,,,"#70 Daniel Paige - LT","#61 Ricardo Perry - LG","#84 Joseph McCasland - C","#85 Clinton Anderson - RB","#52 Roland Westbury - LT","#68 Frederick Yates - RG",,"#77 Ronald Williams - DT","#97 Robert Anders - RDE","#27 Raul Roth - CB","#42 Chad Patrick - CB",,,,,,,
CIN,0:43,"CIN 7",3,1,10,"I Formation Twin WR Quick Outs","4-3 Normal OLB Blitz Outside",,28,9,"1-10-CIN 7 (0:44) 3-Leonard Thompson pass Pass knocked down by 33-Roger Trimmer. incomplete, intended for 85-Joseph Moore.","#3 Leonard Thompson - QB","#46 David Santos - WR",,,"#22 Jameson Kelly - WR","#39 Julio Hamilton - WR",,"#85 Joseph Moore - WR",,"#86 Steven Jackson - WR",,,"#73 Jack Durgin - LT","#72 Steven Johnson - RT","#66 Christopher Mitchell - C","#68 Roderick Price - RG","#65 Robert Christopherso - RT",,"#60 Odell Paschke - LDE",,"#67 Christopher Howland - LDE","#91 Alan Edwards - LDE","#98 Randall Meyers - DT","#59 Andre Wade - CB","#57 William Snow - CB",,"#54 Joel Dodson - CB","#33 Roger Trimmer - CB","#20 Matthew Scott - CB",,,,"#27 Kyle Locklin - CB","#24 David Swain - CB",,,,,,,,,,,,,,,,,,,,,,,,,,,,,,,,,,,,
CIN,0:40,"CIN 7",3,2,10,"I Formation Power PA Flats","4-3 Normal Double WR1",,28,9,"2-10-CIN 7 (0:41) 3-Leonard Thompson pass Pass knocked down by 44-Delbert Bealer. incomplete, intended for 85-Joseph Moore. 33-Roger Trimmer got away with a hold on that play.","#3 Leonard Thompson - QB","#37 Derrick Moss - WR",,"#86 Steven Jackson - WR","#22 Jameson Kelly - WR","#39 Julio Hamilton - WR",,"#85 Joseph Moore - WR",,,,,"#73 Jack Durgin - LT","#72 Steven Johnson - RT","#66 Christopher Mitchell - C","#68 Roderick Price - RG","#65 Robert Christopherso - RT",,"#60 Odell Paschke - LDE",,"#67 Christopher Howland - LDE","#91 Alan Edwards - LDE","#98 Randall Meyers - DT","#59 Andre Wade - CB","#51 Robert Mann - CB",,"#54 Joel Dodson - CB","#33 Roger Trimmer - CB","#27 Kyle Locklin - CB",,,,"#44 Delbert Bealer - CB","#24 David Swain - CB",,,,,,,,,,,,,,,,,,,,,,,,,,,,,,,,,,,,
CIN,0:37,"CIN 7",3,3,10,"Strong I Big TE Post","4-3 Normal Double WR1",17,28,9,"3-10-CIN 7 (0:38) 3-Leonard Thompson pass complete to 46-David Santos to CIN 24 for 17 yards. Tackle by 42-Andrew Fritz. 42-Andrew Fritz got away with a hold on that play.","#3 Leonard Thompson - QB","#37 Derrick Moss - WR",,,"#86 Steven Jackson - WR","#85 Joseph Moore - WR","#39 Julio Hamilton - WR","#46 David Santos - WR",,,,,"#73 Jack Durgin - LT","#72 Steven Johnson - RT","#66 Christopher Mitchell - C","#68 Roderick Price - RG","#65 Robert Christopherso - RT",,"#60 Odell Paschke - LDE",,"#67 Christopher Howland - LDE","#91 Alan Edwards - LDE","#98 Randall Meyers - DT","#59 Andre Wade - CB","#51 Robert Mann - CB",,"#54 Joel Dodson - CB","#33 Roger Trimmer - CB","#27 Kyle Locklin - CB",,,,"#42 Andrew Fritz - CB","#24 David Swain - CB",,,,,,,,,,,,,,,,,,,,,,,,,,,,,,,,,,,,
,0:00,,3,1,10,,,,28,9,"End of third quarter.",,,,,,,,,,,,,,,,,,,,,,,,,,,,,,,,,,,,,,,,,,,,,,,,,,,,,,,,,,,,,,,,,,,,,,
CIN,15:00,"CIN 24",4,1,10,"Shotgun 2 RB 3 WR Shotgun Dive","4-3 Normal Man QB Spy",5,28,9,"1-10-CIN 24 (15:00) 85-Joseph Moore ran to CIN 28 for 5 yards. Tackle by 54-Joel Dodson.","#3 Leonard Thompson - QB","#85 Joseph Moore - WR","#86 Steven Jackson - WR",,,,,"#37 Derrick Moss - WR","#39 Julio Hamilton - WR","#46 David Santos - WR",,,"#73 Jack Durgin - LT","#72 Steven Johnson - RT","#66 Christopher Mitchell - C","#68 Roderick Price - RG","#65 Robert Christopherso - RT",,"#60 Odell Paschke - LDE",,"#67 Christopher Howland - LDE","#91 Alan Edwards - LDE","#98 Randall Meyers - DT","#59 Andre Wade - CB","#57 William Snow - CB",,"#54 Joel Dodson - CB","#33 Roger Trimmer - CB","#27 Kyle Locklin - CB",,,,"#42 Andrew Fritz - CB","#24 David Swain - CB",,,,,,,,,,,,,,,,,,,,,,,,,,,,,,,,,,,,
CIN,14:20,"CIN 28",4,2,5,"I Formation Power Play Action HB Downfield","4-3 Normal Double WR3",16,28,9,"2-5-CIN 28 (14:19) 3-Leonard Thompson pass complete to 85-Joseph Moore to CIN 44 for 16 yards. Tackle by 42-Andrew Fritz. 33-Roger Trimmer got away with a hold on that play.","#3 Leonard Thompson - QB","#37 Derrick Moss - WR",,"#86 Steven Jackson - WR","#22 Jameson Kelly - WR","#39 Julio Hamilton - WR",,"#85 Joseph Moore - WR",,,,,"#73 Jack Durgin - LT","#72 Steven Johnson - RT","#66 Christopher Mitchell - C","#68 Roderick Price - RG","#65 Robert Christopherso - RT",,"#60 Odell Paschke - LDE",,"#67 Christopher Howland - LDE","#91 Alan Edwards - LDE","#98 Randall Meyers - DT","#59 Andre Wade - CB","#51 Robert Mann - CB",,"#54 Joel Dodson - CB","#33 Roger Trimmer - CB","#27 Kyle Locklin - CB",,,,"#42 Andrew Fritz - CB","#24 David Swain - CB",,,,,,,,,,,,,,,,,,,,,,,,,,,,,,,,,,,,
CIN,13:39,"CIN 44",4,1,10,"Singleback Normal TE Quick Out","4-3 Normal Double WR2",21,28,9,"1-10-CIN 44 (13:38) 3-Leonard Thompson pass complete to 85-Joseph Moore to HOU 35 for 21 yards. Tackle by 24-David Swain. 85-Joseph Moore breaks down the CB. You can tell that the offense is starting to figure out how to beat that defensive play.","#3 Leonard Thompson - QB","#39 Julio Hamilton - WR",,,,"#86 Steven Jackson - WR",,"#46 David Santos - WR","#37 Derrick Moss - WR","#85 Joseph Moore - WR",,,"#73 Jack Durgin - LT","#72 Steven Johnson - RT","#66 Christopher Mitchell - C","#68 Roderick Price - RG","#65 Robert Christopherso - RT",,"#60 Odell Paschke - LDE",,"#67 Christopher Howland - LDE","#91 Alan Edwards - LDE","#98 Randall Meyers - DT","#59 Andre Wade - CB","#51 Robert Mann - CB",,"#54 Joel Dodson - CB","#33 Roger Trimmer - CB","#27 Kyle Locklin - CB",,,,"#42 Andrew Fritz - CB","#24 David Swain - CB",,,,,,,,,,,,,,,,,,,,,,,,,,,,,,,,,,,,
CIN,13:05,"HOU 35",4,1,10,"Shotgun 2 RB 3 WR Shotgun Dive","4-3 Normal Double WR3",7,28,9,"1-10-HOU 35 (13:04) 32-Anthony Bryant ran to HOU 27 for 7 yards. Tackle by 51-Robert Mann.","#3 Leonard Thompson - QB","#32 Anthony Bryant - WR","#20 Malik Risley - WR",,,,,"#86 Steven Jackson - WR","#39 Julio Hamilton - WR","#46 David Santos - WR",,,"#73 Jack Durgin - LT","#72 Steven Johnson - RT","#66 Christopher Mitchell - C","#68 Roderick Price - RG","#65 Robert Christopherso - RT",,"#60 Odell Paschke - LDE",,"#67 Christopher Howland - LDE","#91 Alan Edwards - LDE","#98 Randall Meyers - DT","#59 Andre Wade - CB","#51 Robert Mann - CB",,"#54 Joel Dodson - CB","#33 Roger Trimmer - CB","#27 Kyle Locklin - CB",,,,"#42 Andrew Fritz - CB","#24 David Swain - CB",,,,,,,,,,,,,,,,,,,,,,,,,,,,,,,,,,,,
CIN,12:21,"HOU 27",4,2,3,"I Formation Twin WR Hard Slants","4-3 Normal Double WR1",10,28,9,"2-3-HOU 27 (12:20) 3-Leonard Thompson pass complete to 46-David Santos to HOU 17 for 10 yards. Tackle by 24-David Swain. 46-David Santos did some fancy footwork there.","#3 Leonard Thompson - QB","#32 Anthony Bryant - WR",,,"#22 Jameson Kelly - WR","#46 David Santos - WR",,"#85 Joseph Moore - WR",,"#37 Derrick Moss - WR",,,"#73 Jack Durgin - LT","#72 Steven Johnson - RT","#66 Christopher Mitchell - C","#68 Roderick Price - RG","#65 Robert Christopherso - RT",,"#60 Odell Paschke - LDE",,"#67 Christopher Howland - LDE","#91 Alan Edwards - LDE","#98 Randall Meyers - DT","#59 Andre Wade - CB","#51 Robert Mann - CB",,"#54 Joel Dodson - CB","#33 Roger Trimmer - CB","#27 Kyle Locklin - CB",,,,"#42 Andrew Fritz - CB","#24 David Swain - CB",,,,,,,,,,,,,,,,,,,,,,,,,,,,,,,,,,,,
CIN,11:36,"HOU 17",4,1,10,"I Formation Twin WR Hard Slants","4-3 Normal OLB Blitz Inside",,28,9,"1-10-HOU 17 (11:35) 3-Leonard Thompson pass incomplete, intended for 39-Julio Hamilton. 24-David Swain got away with a hold on that play.","#3 Leonard Thompson - QB","#46 David Santos - WR",,,"#22 Jameson Kelly - WR","#39 Julio Hamilton - WR",,"#37 Derrick Moss - WR",,"#86 Steven Jackson - WR",,,"#73 Jack Durgin - LT","#72 Steven Johnson - RT","#66 Christopher Mitchell - C","#68 Roderick Price - RG","#65 Robert Christopherso - RT",,"#60 Odell Paschke - LDE",,"#67 Christopher Howland - LDE","#91 Alan Edwards - LDE","#98 Randall Meyers - DT","#59 Andre Wade - CB","#51 Robert Mann - CB",,"#54 Joel Dodson - CB","#20 Matthew Scott - CB","#43 Paul Powers - CB",,,,"#44 Delbert Bealer - CB","#24 David Swain - CB",,,,,,,,,,,,,,,,,,,,,,,,,,,,,,,,,,,,
CIN,11:31,"HOU 17",4,2,10,"Singleback Big WR Deep","4-3 Normal Double WR3",-8,28,9,"2-10-HOU 17 (11:32) 3-Leonard Thompson sacked at HOU 25 for -8 yards (92-Odell Paschke). Sack allowed by 65-Robert Christopherso. 65-Robert Christopherso missed that block completely.","#3 Leonard Thompson - QB","#39 Julio Hamilton - WR",,,,"#22 Jameson Kelly - WR","#46 David Santos - WR","#86 Steven Jackson - WR",,"#85 Joseph Moore - WR",,,"#73 Jack Durgin - LT","#72 Steven Johnson - RT","#66 Christopher Mitchell - C","#68 Roderick Price - RG","#65 Robert Christopherso - RT",,"#60 Odell Paschke - LDE",,"#67 Christopher Howland - LDE","#91 Alan Edwards - LDE","#98 Randall Meyers - DT","#59 Andre Wade - CB","#51 Robert Mann - CB",,"#54 Joel Dodson - CB","#33 Roger Trimmer - CB","#27 Kyle Locklin - CB",,,,"#42 Andrew Fritz - CB","#24 David Swain - CB",,,,,,,,,,,,,,,,,,,,,,,,,,,,,,,,,,,,
CIN,10:56,"HOU 25",4,3,18,"I Formation Twin WR Hard Slants","4-3 Normal Double WR3",,28,9,"3-18-HOU 25 (10:55) 3-Leonard Thompson pass Pass knocked down by 42-Andrew Fritz. incomplete, intended for 86-Steven Jackson.","#3 Leonard Thompson - QB","#46 David Santos - WR",,,"#22 Jameson Kelly - WR","#39 Julio Hamilton - WR",,"#85 Joseph Moore - WR",,"#86 Steven Jackson - WR",,,"#73 Jack Durgin - LT","#72 Steven Johnson - RT","#66 Christopher Mitchell - C","#68 Roderick Price - RG","#65 Robert Christopherso - RT",,"#60 Odell Paschke - LDE",,"#67 Christopher Howland - LDE","#91 Alan Edwards - LDE","#98 Randall Meyers - DT","#59 Andre Wade - CB","#51 Robert Mann - CB",,"#54 Joel Dodson - CB","#33 Roger Trimmer - CB","#27 Kyle Locklin - CB",,,,"#42 Andrew Fritz - CB","#24 David Swain - CB",,,,,,,,,,,,,,,,,,,,,,,,,,,,,,,,,,,,
CIN,10:50,"HOU 25",4,4,18,"Field Goal","FG Block",36,28,12,"4-18-HOU 25 (10:51) 8-Son Thurman 44 yard field goal is GOOD. HOU 28 CIN 12",,,,,,,,,,,,,,,,,,,,,,,,,,,,,,,,,,,,"#7 Leonard Hyde - P","#68 Roderick Price - RG",,,,,,,,,,,,,,"#8 Son Thurman - K","#79 Richard Whitener - C","#60 Ted Abdullah - LT","#66 Christopher Mitchell - C","#73 Jack Durgin - LT","#22 Jameson Kelly - WR","#71 Thomas Morneau - LG","#65 Robert Christopherso - RT","#55 Carl Gordon - LG","#59 Andre Wade - CB","#60 Odell Paschke - LDE","#43 Paul Powers - CB","#54 Joel Dodson - CB","#42 Andrew Fritz - CB","#98 Randall Meyers - DT","#78 Shelby Harris - LDE","#24 David Swain - CB","#56 Stanley Shade - WLB","#51 Robert Mann - CB","#67 Christopher Howland - LDE"
CIN,10:47,"CIN 35",4,6,10,Kickoff,"Kick Return",,28,12,"(10:48) 8-Son Thurman kicks 75 yards from CIN 35 to HOU -10. Touchback.",,,,,,,,,,,,,,,,,,,,,,,,,,,,,,,,,,,,,,"#82 Brian Ramirez - WR",,"#98 Randall Meyers - DT","#90 James Spencer - RDE","#42 Andrew Fritz - CB","#35 Jon Wright - CB","#44 Delbert Bealer - CB","#67 Christopher Howland - LDE","#59 Andre Wade - CB","#57 William Snow - CB","#51 Robert Mann - CB","#20 Matthew Scott - CB","#8 Son Thurman - K",,,,,,,,,,,,,,,,,,,,
HOU,10:47,"HOU 25",4,1,10,"Singleback Slot Strong HB Counter","Dime Normal Man Cover 1",5,28,12,"1-10-HOU 25 (10:48) 28-Andre Maker ran to HOU 30 for 5 yards. Tackle by 27-Raul Roth.","#6 Joseph Eady - QB","#28 Andre Maker - WR",,,,"#84 Joseph McCasland - C",,"#11 John Gomez - WR","#85 Clinton Anderson - RB","#23 Tracy Lopez - WR",,,"#52 Roland Westbury - LT","#70 Daniel Paige - LT","#83 Michael Frank - RB","#71 Sam Freeman - RG","#71 Gus Goodman - RT",,"#95 James Guidry - LDE",,"#91 Harold Messick - DT","#92 Gregory Harrison - DT","#97 Robert Anders - RDE",,"#34 Eric Kimmel - CB",,,"#42 Chad Patrick - CB","#25 Andrew Smith - CB","#30 Jonathan Snyder - CB","#35 Joseph Duffy - CB",,"#27 Raul Roth - CB","#59 Thomas Layne - CB",,,,,,,,,,,,,,,,,,,,,,,,,,,,,,,,,,,,
HOU,10:13,"HOU 30",4,2,5,"Singleback Slot Strong HB Counter","Dime Normal Man Cover 1",6,28,12,"2-5-HOU 30 (10:12) 82-Brian Ramirez ran to HOU 36 for 6 yards. Tackle by 27-Raul Roth.","#6 Joseph Eady - QB","#82 Brian Ramirez - WR",,,,"#84 Joseph McCasland - C",,"#11 John Gomez - WR","#85 Clinton Anderson - RB","#23 Tracy Lopez - WR",,,"#52 Roland Westbury - LT","#70 Daniel Paige - LT","#83 Michael Frank - RB","#71 Sam Freeman - RG","#71 Gus Goodman - RT",,"#95 James Guidry - LDE",,"#91 Harold Messick - DT","#92 Gregory Harrison - DT","#97 Robert Anders - RDE",,"#34 Eric Kimmel - CB",,,"#42 Chad Patrick - CB","#25 Andrew Smith - CB","#30 Jonathan Snyder - CB","#35 Joseph Duffy - CB",,"#27 Raul Roth - CB","#59 Thomas Layne - CB",,,,,,,,,,,,,,,,,,,,,,,,,,,,,,,,,,,,
HOU,9:37,"HOU 36",4,1,10,"I Formation Normal HB Blast","4-3 Normal Double WR3",-1,28,12,"1-10-HOU 36 (9:36) 28-Andre Maker ran to HOU 35 for -1 yards. Tackle by 34-Eric Kimmel.","#6 Joseph Eady - QB","#28 Andre Maker - WR",,,"#40 Alan Williams - RB","#85 Clinton Anderson - RB",,"#11 John Gomez - WR",,"#23 Tracy Lopez - WR",,,"#52 Roland Westbury - LT","#70 Daniel Paige - LT","#83 Michael Frank - RB","#71 Sam Freeman - RG","#71 Gus Goodman - RT",,"#95 James Guidry - LDE",,"#91 Harold Messick - DT","#92 Gregory Harrison - DT","#97 Robert Anders - RDE","#36 Billy Tharpe - CB","#42 Chad Patrick - CB",,"#34 Eric Kimmel - CB","#27 Raul Roth - CB","#59 Thomas Layne - CB",,,,"#30 Jonathan Snyder - CB","#35 Joseph Duffy - CB",,,,,,,,,,,,,,,,,,,,,,,,,,,,,,,,,,,,
HOU,8:58,"HOU 35",4,2,11,"Shotgun Normal HB Dive","4-3 Normal Double WR3",-0,28,12,"2-11-HOU 35 (8:57) 28-Andre Maker ran to HOU 35 for a short loss. Tackle by 36-Billy Tharpe. CIN 36-Billy Tharpe was injured on the play.","#6 Joseph Eady - QB","#28 Andre Maker - WR",,,,"#84 Joseph McCasland - C",,"#11 John Gomez - WR","#85 Clinton Anderson - RB","#23 Tracy Lopez - WR",,,"#52 Roland Westbury - LT","#70 Daniel Paige - LT","#83 Michael Frank - RB","#71 Sam Freeman - RG","#71 Gus Goodman - RT",,"#95 James Guidry - LDE",,"#91 Harold Messick - DT","#92 Gregory Harrison - DT","#97 Robert Anders - RDE","#36 Billy Tharpe - CB","#42 Chad Patrick - CB",,"#34 Eric Kimmel - CB","#27 Raul Roth - CB","#59 Thomas Layne - CB",,,,"#30 Jonathan Snyder - CB","#35 Joseph Duffy - CB",,,,,,,,,,,,,,,,,,,,,,,,,,,,,,,,,,,,
HOU,8:25,"HOU 35",4,3,12,"Goal Line Normal HB Pitch Weak","4-3 Under Double Safety Blitz",-1,28,12,"3-12-HOU 35 (8:24) 28-Andre Maker ran to HOU 33 for -1 yards. Tackle by 35-Joseph Duffy. HOU 63-Michael Frank was injured on the play.","#6 Joseph Eady - QB","#28 Andre Maker - WR",,"#22 Lester Brown - WR","#40 Alan Williams - RB","#85 Clinton Anderson - RB","#84 Joseph McCasland - C",,,,,,"#52 Roland Westbury - LT","#70 Daniel Paige - LT","#83 Michael Frank - RB","#71 Sam Freeman - RG","#71 Gus Goodman - RT",,"#95 James Guidry - LDE",,"#91 Harold Messick - DT","#92 Gregory Harrison - DT","#97 Robert Anders - RDE","#42 Chad Patrick - CB","#34 Eric Kimmel - CB",,"#33 Todd Morley - CB","#27 Raul Roth - CB","#59 Thomas Layne - CB",,,,"#30 Jonathan Snyder - CB","#35 Joseph Duffy - CB",,,,,,,,,,,,,,,,,,,,,,,,,,,,,,,,,,,,
HOU,7:42,"HOU 33",4,4,13,Punt,"Punt Return",,28,12,"4-13-HOU 33 (7:41) 9-Billy Hansen punts 46 yards to CIN 20. Fair Catch by 37-Derrick Moss.",,,,,,,,,,,,,,,,,,"#9 Billy Hansen - P",,,,,,,,,,,,,,,,,,,"#76 Scott Friend - LT",,"#37 Derrick Moss - WR",,,"#30 Jonathan Snyder - CB","#47 Daniel Winkel - CB","#34 Eric Kimmel - CB",,"#42 Chad Patrick - CB","#44 Doug Dearman - CB",,"#33 Todd Morley - CB",,,,"#70 Daniel Paige - LT","#61 Ricardo Perry - LG","#84 Joseph McCasland - C","#85 Clinton Anderson - RB","#52 Roland Westbury - LT","#68 Frederick Yates - RG",,"#91 Harold Messick - DT","#97 Robert Anders - RDE","#27 Raul Roth - CB","#77 Ronald Williams - DT",,,,,,,
CIN,7:34,"CIN 20",4,1,10,"I Formation Twin WR Hard Slants","4-3 Normal Double WR2",14,28,12,"1-10-CIN 20 (7:35) 3-Leonard Thompson pass complete to 86-Steven Jackson to CIN 34 for 14 yards. Tackle by 33-Roger Trimmer. Great move by 86-Steven Jackson to get free of his coverage.","#3 Leonard Thompson - QB","#46 David Santos - WR",,,"#22 Jameson Kelly - WR","#39 Julio Hamilton - WR",,"#85 Joseph Moore - WR",,"#86 Steven Jackson - WR",,,"#73 Jack Durgin - LT","#72 Steven Johnson - RT","#66 Christopher Mitchell - C","#68 Roderick Price - RG","#65 Robert Christopherso - RT",,"#60 Odell Paschke - LDE",,"#67 Christopher Howland - LDE","#91 Alan Edwards - LDE","#98 Randall Meyers - DT","#59 Andre Wade - CB","#51 Robert Mann - CB",,"#54 Joel Dodson - CB","#33 Roger Trimmer - CB","#27 Kyle Locklin - CB",,,,"#44 Delbert Bealer - CB","#24 David Swain - CB",,,,,,,,,,,,,,,,,,,,,,,,,,,,,,,,,,,,
CIN,7:15,"CIN 34",4,1,10,"Strong I Big Backfield Drag","4-3 Normal OLB Blitz Outside",5,28,12,"1-10-CIN 34 (7:14) 3-Leonard Thompson pass complete to 86-Steven Jackson to CIN 39 for 5 yards. Tackle by 33-Roger Trimmer.","#3 Leonard Thompson - QB","#37 Derrick Moss - WR",,,"#86 Steven Jackson - WR","#85 Joseph Moore - WR","#39 Julio Hamilton - WR","#46 David Santos - WR",,,,,"#73 Jack Durgin - LT","#72 Steven Johnson - RT","#66 Christopher Mitchell - C","#68 Roderick Price - RG","#65 Robert Christopherso - RT",,"#60 Odell Paschke - LDE",,"#67 Christopher Howland - LDE","#91 Alan Edwards - LDE","#98 Randall Meyers - DT","#59 Andre Wade - CB","#51 Robert Mann - CB",,"#54 Joel Dodson - CB","#33 Roger Trimmer - CB","#27 Kyle Locklin - CB",,,,"#42 Andrew Fritz - CB","#24 David Swain - CB",,,,,,,,,,,,,,,,,,,,,,,,,,,,,,,,,,,,
CIN,6:50,"CIN 39",4,2,5,"I Formation Twin WR Quick Outs","4-3 Normal Double WR1",8,28,12,"2-5-CIN 39 (6:49) 3-Leonard Thompson pass complete to 37-Derrick Moss to CIN 46 for 8 yards. Tackle by 27-Kyle Locklin.","#3 Leonard Thompson - QB","#32 Anthony Bryant - WR",,,"#22 Jameson Kelly - WR","#46 David Santos - WR",,"#85 Joseph Moore - WR",,"#37 Derrick Moss - WR",,,"#73 Jack Durgin - LT","#72 Steven Johnson - RT","#66 Christopher Mitchell - C","#68 Roderick Price - RG","#65 Robert Christopherso - RT",,"#60 Odell Paschke - LDE",,"#67 Christopher Howland - LDE","#91 Alan Edwards - LDE","#98 Randall Meyers - DT","#59 Andre Wade - CB","#51 Robert Mann - CB",,"#54 Joel Dodson - CB","#33 Roger Trimmer - CB","#27 Kyle Locklin - CB",,,,"#42 Andrew Fritz - CB","#24 David Swain - CB",,,,,,,,,,,,,,,,,,,,,,,,,,,,,,,,,,,,
CIN,6:26,"CIN 46",4,1,10,"Strong I Big TE Post","4-3 Normal WLB Outside Blitz",4,28,12,"1-10-CIN 46 (6:25) 3-Leonard Thompson pass complete to 37-Derrick Moss to HOU 49 for 4 yards. Tackle by 59-Andre Wade.","#3 Leonard Thompson - QB","#37 Derrick Moss - WR",,,"#86 Steven Jackson - WR","#85 Joseph Moore - WR","#39 Julio Hamilton - WR","#46 David Santos - WR",,,,,"#73 Jack Durgin - LT","#72 Steven Johnson - RT","#66 Christopher Mitchell - C","#68 Roderick Price - RG","#65 Robert Christopherso - RT",,"#60 Odell Paschke - LDE",,"#67 Christopher Howland - LDE","#91 Alan Edwards - LDE","#98 Randall Meyers - DT","#59 Andre Wade - CB","#57 William Snow - CB",,"#54 Joel Dodson - CB","#33 Roger Trimmer - CB","#27 Kyle Locklin - CB",,,,"#42 Andrew Fritz - CB","#24 David Swain - CB",,,,,,,,,,,,,,,,,,,,,,,,,,,,,,,,,,,,
CIN,6:05,"HOU 49",4,2,6,"Shotgun 2 RB 3 WR Shotgun Sweep","4-3 Normal Double WR3",-1,28,12,"2-6-HOU 49 (6:04) 13-Christopher Franklin ran to CIN 49 for -1 yards. Tackle by 51-Robert Mann.","#3 Leonard Thompson - QB","#14 Kenneth Weiner - WR","#13 Christopher Franklin - WR",,,,,"#32 Anthony Bryant - WR","#20 Malik Risley - WR","#22 Jameson Kelly - WR",,,"#73 Jack Durgin - LT","#72 Steven Johnson - RT","#66 Christopher Mitchell - C","#68 Roderick Price - RG","#65 Robert Christopherso - RT",,"#60 Odell Paschke - LDE",,"#67 Christopher Howland - LDE","#91 Alan Edwards - LDE","#98 Randall Meyers - DT","#57 William Snow - CB","#51 Robert Mann - CB",,"#54 Joel Dodson - CB","#20 Matthew Scott - CB","#43 Paul Powers - CB",,,,"#44 Delbert Bealer - CB","#35 Jon Wright - CB",,,,,,,,,,,,,,,,,,,,,,,,,,,,,,,,,,,,
CIN,5:47,"CIN 49",4,3,7,"Weak I Normal WR Corner TE Middle","4-3 Normal OLB Blitz Inside",,28,12,"3-7-CIN 49 (5:46) 3-Leonard Thompson pass incomplete, dropped by 46-David Santos.","#3 Leonard Thompson - QB","#32 Anthony Bryant - WR",,,"#20 Malik Risley - WR","#22 Jameson Kelly - WR",,"#46 David Santos - WR",,"#86 Steven Jackson - WR",,,"#73 Jack Durgin - LT","#72 Steven Johnson - RT","#66 Christopher Mitchell - C","#68 Roderick Price - RG","#65 Robert Christopherso - RT",,"#60 Odell Paschke - LDE",,"#67 Christopher Howland - LDE","#91 Alan Edwards - LDE","#98 Randall Meyers - DT","#59 Andre Wade - CB","#57 William Snow - CB",,"#54 Joel Dodson - CB","#33 Roger Trimmer - CB","#27 Kyle Locklin - CB",,,,"#42 Andrew Fritz - CB","#35 Jon Wright - CB",,,,,,,,,,,,,,,,,,,,,,,,,,,,,,,,,,,,
CIN,5:42,"CIN 49",4,4,7,"I Formation Power Play Action HB Downfield","4-3 Normal OLB Blitz Outside",13,28,12,"4-7-CIN 49 (5:43) 3-Leonard Thompson pass complete to 39-Julio Hamilton to HOU 38 for 13 yards. Tackle by 44-Delbert Bealer. 39-Julio Hamilton breaks down the CB.","#3 Leonard Thompson - QB","#37 Derrick Moss - WR",,"#32 Anthony Bryant - WR","#22 Jameson Kelly - WR","#39 Julio Hamilton - WR",,"#85 Joseph Moore - WR",,,,,"#73 Jack Durgin - LT","#72 Steven Johnson - RT","#66 Christopher Mitchell - C","#68 Roderick Price - RG","#65 Robert Christopherso - RT",,"#60 Odell Paschke - LDE",,"#67 Christopher Howland - LDE","#91 Alan Edwards - LDE","#98 Randall Meyers - DT","#57 William Snow - CB","#51 Robert Mann - CB",,"#54 Joel Dodson - CB","#20 Matthew Scott - CB","#43 Paul Powers - CB",,,,"#44 Delbert Bealer - CB","#24 David Swain - CB",,,,,,,,,,,,,,,,,,,,,,,,,,,,,,,,,,,,
CIN,5:17,"HOU 38",4,1,10,"Strong I Big Backfield Drag","4-3 Normal Double WR3",,28,12,"1-10-HOU 38 (5:16) 3-Leonard Thompson pass Pass knocked down by 33-Roger Trimmer. incomplete, intended for 14-Kenneth Weiner.","#3 Leonard Thompson - QB","#20 Malik Risley - WR",,,"#14 Kenneth Weiner - WR","#22 Jameson Kelly - WR","#32 Anthony Bryant - WR","#86 Steven Jackson - WR",,,,,"#73 Jack Durgin - LT","#72 Steven Johnson - RT","#66 Christopher Mitchell - C","#68 Roderick Price - RG","#65 Robert Christopherso - RT",,"#60 Odell Paschke - LDE",,"#67 Christopher Howland - LDE","#91 Alan Edwards - LDE","#98 Randall Meyers - DT","#59 Andre Wade - CB","#51 Robert Mann - CB",,"#54 Joel Dodson - CB","#33 Roger Trimmer - CB","#27 Kyle Locklin - CB",,,,"#42 Andrew Fritz - CB","#35 Jon Wright - CB",,,,,,,,,,,,,,,,,,,,,,,,,,,,,,,,,,,,
CIN,5:12,"HOU 38",4,2,10,"Singleback Normal WR Quick In","4-3 Normal OLB Blitz Inside",10,28,12,"2-10-HOU 38 (5:13) 3-Leonard Thompson pass complete to 85-Joseph Moore to HOU 28 for 10 yards. Tackle by 24-David Swain.","#3 Leonard Thompson - QB","#39 Julio Hamilton - WR",,,,"#22 Jameson Kelly - WR",,"#46 David Santos - WR","#37 Derrick Moss - WR","#85 Joseph Moore - WR",,,"#73 Jack Durgin - LT","#72 Steven Johnson - RT","#66 Christopher Mitchell - C","#68 Roderick Price - RG","#65 Robert Christopherso - RT",,"#60 Odell Paschke - LDE",,"#67 Christopher Howland - LDE","#91 Alan Edwards - LDE","#98 Randall Meyers - DT","#57 William Snow - CB","#56 Stanley Shade - WLB",,"#54 Joel Dodson - CB","#20 Matthew Scott - CB","#43 Paul Powers - CB",,,,"#44 Delbert Bealer - CB","#24 David Swain - CB",,,,,,,,,,,,,,,,,,,,,,,,,,,,,,,,,,,,
CIN,4:53,"HOU 28",4,1,10,"Singleback Normal WR Quick In","4-3 Normal OLB Blitz Inside",1,28,12,"1-10-HOU 28 (4:52) 3-Leonard Thompson pass complete to 20-Malik Risley to HOU 27 for 1 yards. Tackle by 33-Roger Trimmer.","#3 Leonard Thompson - QB","#20 Malik Risley - WR",,,,"#22 Jameson Kelly - WR",,"#37 Derrick Moss - WR","#32 Anthony Bryant - WR","#86 Steven Jackson - WR",,,"#73 Jack Durgin - LT","#72 Steven Johnson - RT","#66 Christopher Mitchell - C","#68 Roderick Price - RG","#65 Robert Christopherso - RT",,"#60 Odell Paschke - LDE",,"#67 Christopher Howland - LDE","#91 Alan Edwards - LDE","#98 Randall Meyers - DT","#59 Andre Wade - CB","#51 Robert Mann - CB",,"#54 Joel Dodson - CB","#33 Roger Trimmer - CB","#27 Kyle Locklin - CB",,,,"#42 Andrew Fritz - CB","#35 Jon Wright - CB",,,,,,,,,,,,,,,,,,,,,,,,,,,,,,,,,,,,
CIN,4:31,"HOU 27",4,2,9,"Weak I Normal WR Corner TE Middle","4-3 Normal OLB Blitz Outside",24,28,12,"2-9-HOU 27 (4:30) 3-Leonard Thompson pass complete to 46-David Santos to HOU 3 for 24 yards. Tackle by 20-Matthew Scott. 46-David Santos breaks down the CB.","#3 Leonard Thompson - QB","#39 Julio Hamilton - WR",,,"#32 Anthony Bryant - WR","#22 Jameson Kelly - WR",,"#46 David Santos - WR",,"#85 Joseph Moore - WR",,,"#73 Jack Durgin - LT","#72 Steven Johnson - RT","#66 Christopher Mitchell - C","#68 Roderick Price - RG","#65 Robert Christopherso - RT",,"#60 Odell Paschke - LDE",,"#67 Christopher Howland - LDE","#91 Alan Edwards - LDE","#98 Randall Meyers - DT","#59 Andre Wade - CB","#57 William Snow - CB",,"#54 Joel Dodson - CB","#20 Matthew Scott - CB","#43 Paul Powers - CB",,,,"#44 Delbert Bealer - CB","#24 David Swain - CB",,,,,,,,,,,,,,,,,,,,,,,,,,,,,,,,,,,,
CIN,4:09,"HOU 3",4,1,3,"Strong I Big Backfield Drag","4-3 Normal Man QB Spy",3,28,18,"1-3-HOU 3 (4:08) 3-Leonard Thompson pass complete to 87-Dennis Carlson for 3 yards. TOUCHDOWN! 87-Dennis Carlson made a great move on the CB. HOU 28 CIN 18","#3 Leonard Thompson - QB","#14 Kenneth Weiner - WR",,,"#87 Dennis Carlson - WR","#20 Malik Risley - WR","#13 Christopher Franklin - WR","#86 Steven Jackson - WR",,,,,"#73 Jack Durgin - LT","#72 Steven Johnson - RT","#66 Christopher Mitchell - C","#68 Roderick Price - RG","#65 Robert Christopherso - RT",,"#60 Odell Paschke - LDE",,"#67 Christopher Howland - LDE","#91 Alan Edwards - LDE","#90 James Spencer - RDE","#55 Thomas Thomas - CB","#57 William Snow - CB",,"#56 Stanley Shade - WLB","#33 Roger Trimmer - CB","#27 Kyle Locklin - CB",,,,"#42 Andrew Fritz - CB","#35 Jon Wright - CB",,,,,,,,,,,,,,,,,,,,,,,,,,,,,,,,,,,,
CIN,4:04,"HOU 2",4,7,2,"Strong I Big Backfield Drag","4-3 Normal Double WR2",2,28,18,"(4:05) 3-Leonard Thompson pass complete to 13-Christopher Franklin to HOU 0 for 2 yards. Tackle by 51-Robert Mann.","#3 Leonard Thompson - QB","#14 Kenneth Weiner - WR",,,"#13 Christopher Franklin - WR","#22 Jameson Kelly - WR","#20 Malik Risley - WR","#37 Derrick Moss - WR",,,,,"#73 Jack Durgin - LT","#72 Steven Johnson - RT","#66 Christopher Mitchell - C","#68 Roderick Price - RG","#65 Robert Christopherso - RT",,"#60 Odell Paschke - LDE",,"#67 Christopher Howland - LDE","#91 Alan Edwards - LDE","#90 James Spencer - RDE","#56 Stanley Shade - WLB","#51 Robert Mann - CB",,"#57 William Snow - CB","#20 Matthew Scott - CB","#43 Paul Powers - CB",,,,"#44 Delbert Bealer - CB","#35 Jon Wright - CB",,,,,,,,,,,,,,,,,,,,,,,,,,,,,,,,,,,,
CIN,4:04,"CIN 35",4,6,10,"Onsides Kick Onside Kick","Onsides Kick Return Onside Kick Return",11,28,18,"(4:05) Onside kick by 8-Son Thurman from CIN 35 recovered by CIN-27-Raul Roth at CIN 46. Tackle by 85-Clinton Anderson.",,"#28 Andre Maker - WR",,,,,,"#11 John Gomez - WR","#85 Clinton Anderson - RB","#23 Tracy Lopez - WR","#84 Joseph McCasland - C","#22 Lester Brown - WR",,,,,,,,,,,,,,,,"#33 Roger Trimmer - CB","#27 Kyle Locklin - CB",,"#25 Andrew Smith - CB",,"#42 Andrew Fritz - CB","#35 Joseph Duffy - CB","#24 David Swain - CB",,,"#82 Brian Ramirez - WR",,,,,,,,,,,,"#8 Son Thurman - K",,,,,,,,,,,,,,,,,,,,
CIN,4:04,"CIN 46",4,1,10,"Split Backs 3 Wide Drag In","4-3 Normal Man QB Spy",4,28,18,"1-10-CIN 46 (4:05) 3-Leonard Thompson pass complete to 85-Joseph Moore to CIN 50 for 4 yards. Tackle by 33-Roger Trimmer.","#3 Leonard Thompson - QB","#86 Steven Jackson - WR",,,"#32 Anthony Bryant - WR",,,"#85 Joseph Moore - WR","#37 Derrick Moss - WR","#46 David Santos - WR",,,"#73 Jack Durgin - LT","#72 Steven Johnson - RT","#66 Christopher Mitchell - C","#68 Roderick Price - RG","#65 Robert Christopherso - RT",,"#60 Odell Paschke - LDE",,"#67 Christopher Howland - LDE","#91 Alan Edwards - LDE","#98 Randall Meyers - DT","#59 Andre Wade - CB","#51 Robert Mann - CB",,"#54 Joel Dodson - CB","#33 Roger Trimmer - CB","#27 Kyle Locklin - CB",,,,"#42 Andrew Fritz - CB","#35 Jon Wright - CB",,,,,,,,,,,,,,,,,,,,,,,,,,,,,,,,,,,,
CIN,3:44,"CIN 50",4,2,6,"Split Backs 3 Wide Drag In","4-3 Normal Man Under 1",,28,18,"2-6-CIN 50 (3:43) 3-Leonard Thompson pass INTERCEPTED by 33-Roger Trimmer at HOU 49. 33-Roger Trimmer to HOU 49 for 0 yards. Tackle by 37-Derrick Moss.","#3 Leonard Thompson - QB","#39 Julio Hamilton - WR",,,"#22 Jameson Kelly - WR",,,"#37 Derrick Moss - WR","#32 Anthony Bryant - WR","#46 David Santos - WR",,,"#73 Jack Durgin - LT","#72 Steven Johnson - RT","#66 Christopher Mitchell - C","#68 Roderick Price - RG","#65 Robert Christopherso - RT",,"#60 Odell Paschke - LDE",,"#67 Christopher Howland - LDE","#91 Alan Edwards - LDE","#98 Randall Meyers - DT","#59 Andre Wade - CB","#51 Robert Mann - CB",,"#54 Joel Dodson - CB","#33 Roger Trimmer - CB","#27 Kyle Locklin - CB",,,,"#42 Andrew Fritz - CB","#24 David Swain - CB",,,,,,,,,,,,,,,,,,,,,,,,,,,,,,,,,,,,
HOU,3:38,"HOU 49",4,1,10,"Weak I Normal HB Inside Strong","4-3 Under Double LB Blitz",2,28,18,"1-10-HOU 49 (3:39) 28-Andre Maker ran to CIN 49 for 2 yards. Tackle by 34-Eric Kimmel.","#6 Joseph Eady - QB","#28 Andre Maker - WR",,,"#40 Alan Williams - RB","#85 Clinton Anderson - RB",,"#11 John Gomez - WR",,"#23 Tracy Lopez - WR",,,"#52 Roland Westbury - LT","#70 Daniel Paige - LT","#83 Michael Frank - RB","#71 Sam Freeman - RG","#71 Gus Goodman - RT",,"#95 James Guidry - LDE",,"#91 Harold Messick - DT","#92 Gregory Harrison - DT","#97 Robert Anders - RDE","#42 Chad Patrick - CB","#36 Billy Tharpe - CB",,"#34 Eric Kimmel - CB","#27 Raul Roth - CB","#59 Thomas Layne - CB",,,,"#30 Jonathan Snyder - CB","#35 Joseph Duffy - CB",,,,,,,,,,,,,,,,,,,,,,,,,,,,,,,,,,,,
HOU,2:58,"CIN 49",4,2,8,"Shotgun Normal HB Dive","4-3 Normal Double WR3",3,28,18,"2-8-CIN 49 (2:57) 28-Andre Maker ran to CIN 46 for 3 yards. Tackle by 36-Billy Tharpe.","#6 Joseph Eady - QB","#28 Andre Maker - WR",,,,"#84 Joseph McCasland - C",,"#11 John Gomez - WR","#85 Clinton Anderson - RB","#23 Tracy Lopez - WR",,,"#52 Roland Westbury - LT","#70 Daniel Paige - LT","#83 Michael Frank - RB","#71 Sam Freeman - RG","#71 Gus Goodman - RT",,"#95 James Guidry - LDE",,"#91 Harold Messick - DT","#92 Gregory Harrison - DT","#97 Robert Anders - RDE","#36 Billy Tharpe - CB","#42 Chad Patrick - CB",,"#34 Eric Kimmel - CB","#27 Raul Roth - CB","#59 Thomas Layne - CB",,,,"#30 Jonathan Snyder - CB","#35 Joseph Duffy - CB",,,,,,,,,,,,,,,,,,,,,,,,,,,,,,,,,,,,
HOU,2:20,"CIN 46",4,3,5,"I Formation 3WR HB Inside Strong","46 Normal Inside Blitz",-0,28,18,"3-5-CIN 46 (2:19) 28-Andre Maker ran to CIN 46 for a short loss. Tackle by 42-Chad Patrick.","#6 Joseph Eady - QB","#28 Andre Maker - WR",,,"#40 Alan Williams - RB",,,"#11 John Gomez - WR","#85 Clinton Anderson - RB","#23 Tracy Lopez - WR",,,"#52 Roland Westbury - LT","#70 Daniel Paige - LT","#83 Michael Frank - RB","#71 Sam Freeman - RG","#71 Gus Goodman - RT",,"#95 James Guidry - LDE",,"#91 Harold Messick - DT","#92 Gregory Harrison - DT","#97 Robert Anders - RDE","#42 Chad Patrick - CB","#34 Eric Kimmel - CB",,"#36 Billy Tharpe - CB","#27 Raul Roth - CB","#59 Thomas Layne - CB",,,,"#30 Jonathan Snyder - CB","#35 Joseph Duffy - CB",,,,,,,,,,,,,,,,,,,,,,,,,,,,,,,,,,,,
,2:00,,4,4,5,,,,28,18,"Timeout for two minute warning.",,,,,,,,,,,,,,,,,,,,,,,,,,,,,,,,,,,,,,,,,,,,,,,,,,,,,,,,,,,,,,,,,,,,,,
HOU,2:00,"CIN 46",4,4,5,Punt,"Punt Return",41,28,18,"4-5-CIN 46 (2:00) 9-Billy Hansen punts 41 yards to CIN 6.",,,,,,,,,,,,,,,,,,"#9 Billy Hansen - P",,,,,,,,,,,,,,,,,,,"#76 Scott Friend - LT",,"#37 Derrick Moss - WR",,,"#30 Jonathan Snyder - CB","#33 Todd Morley - CB","#34 Eric Kimmel - CB",,"#42 Chad Patrick - CB","#44 Doug Dearman - CB",,"#36 Billy Tharpe - CB",,,,"#70 Daniel Paige - LT","#61 Ricardo Perry - LG","#84 Joseph McCasland - C","#85 Clinton Anderson - RB","#52 Roland Westbury - LT","#68 Frederick Yates - RG",,"#91 Harold Messick - DT","#97 Robert Anders - RDE","#27 Raul Roth - CB","#77 Ronald Williams - DT",,,,,,,
CIN,1:52,"CIN 6",4,1,10,"Strong I Big Backfield Drag","4-3 Normal Man QB Spy",12,28,18,"1-10-CIN 6 (1:53) 3-Leonard Thompson pass complete to 86-Steven Jackson to CIN 18 for 12 yards. Tackle by 59-Andre Wade.","#3 Leonard Thompson - QB","#37 Derrick Moss - WR",,,"#86 Steven Jackson - WR","#85 Joseph Moore - WR","#39 Julio Hamilton - WR","#46 David Santos - WR",,,,,"#73 Jack Durgin - LT","#72 Steven Johnson - RT","#66 Christopher Mitchell - C","#68 Roderick Price - RG","#65 Robert Christopherso - RT",,"#60 Odell Paschke - LDE",,"#67 Christopher Howland - LDE","#91 Alan Edwards - LDE","#98 Randall Meyers - DT","#59 Andre Wade - CB","#51 Robert Mann - CB",,"#54 Joel Dodson - CB","#33 Roger Trimmer - CB","#20 Matthew Scott - CB",,,,"#27 Kyle Locklin - CB","#24 David Swain - CB",,,,,,,,,,,,,,,,,,,,,,,,,,,,,,,,,,,,
,1:49,,4,1,10,,,,28,18,"Timeout CIN",,,,,,,,,,,,,,,,,,,,,,,,,,,,,,,,,,,,,,,,,,,,,,,,,,,,,,,,,,,,,,,,,,,,,,
CIN,1:47,"CIN 18",4,1,10,"Singleback Big WR Deep","4-3 Normal Double WR1",-8,28,18,"1-10-CIN 18 (1:48) 3-Leonard Thompson sacked at CIN 10 for -8 yards (92-Odell Paschke). Sack allowed by 65-Robert Christopherso.","#3 Leonard Thompson - QB","#39 Julio Hamilton - WR",,,,"#22 Jameson Kelly - WR","#85 Joseph Moore - WR","#86 Steven Jackson - WR",,"#37 Derrick Moss - WR",,,"#73 Jack Durgin - LT","#72 Steven Johnson - RT","#66 Christopher Mitchell - C","#68 Roderick Price - RG","#65 Robert Christopherso - RT",,"#60 Odell Paschke - LDE",,"#67 Christopher Howland - LDE","#91 Alan Edwards - LDE","#98 Randall Meyers - DT","#59 Andre Wade - CB","#57 William Snow - CB",,"#54 Joel Dodson - CB","#33 Roger Trimmer - CB","#27 Kyle Locklin - CB",,,,"#42 Andrew Fritz - CB","#24 David Swain - CB",,,,,,,,,,,,,,,,,,,,,,,,,,,,,,,,,,,,
CIN,1:29,"CIN 10",4,2,18,"I Formation Twin WR Hard Slants","4-3 Normal Man Under 1",,28,18,"2-18-CIN 10 (1:28) 3-Leonard Thompson pass incomplete, dropped by 85-Joseph Moore. The defense seems to be getting familiar with that play.","#3 Leonard Thompson - QB","#46 David Santos - WR",,,"#22 Jameson Kelly - WR","#39 Julio Hamilton - WR",,"#85 Joseph Moore - WR",,"#86 Steven Jackson - WR",,,"#73 Jack Durgin - LT","#72 Steven Johnson - RT","#66 Christopher Mitchell - C","#68 Roderick Price - RG","#65 Robert Christopherso - RT",,"#60 Odell Paschke - LDE",,"#67 Christopher Howland - LDE","#91 Alan Edwards - LDE","#98 Randall Meyers - DT","#59 Andre Wade - CB","#51 Robert Mann - CB",,"#54 Joel Dodson - CB","#33 Roger Trimmer - CB","#27 Kyle Locklin - CB",,,,"#42 Andrew Fritz - CB","#24 David Swain - CB",,,,,,,,,,,,,,,,,,,,,,,,,,,,,,,,,,,,
CIN,1:23,"CIN 10",4,3,18,"I Formation Twin WR Hard Slants","4-3 Normal Man Under 1",,28,18,"3-18-CIN 10 (1:24) 3-Leonard Thompson pass Pass knocked down by 33-Roger Trimmer. incomplete, intended for 86-Steven Jackson. The offense has gone to that play a few too many times.","#3 Leonard Thompson - QB","#46 David Santos - WR",,,"#22 Jameson Kelly - WR","#39 Julio Hamilton - WR",,"#85 Joseph Moore - WR",,"#86 Steven Jackson - WR",,,"#73 Jack Durgin - LT","#72 Steven Johnson - RT","#66 Christopher Mitchell - C","#68 Roderick Price - RG","#65 Robert Christopherso - RT",,"#60 Odell Paschke - LDE",,"#67 Christopher Howland - LDE","#91 Alan Edwards - LDE","#98 Randall Meyers - DT","#59 Andre Wade - CB","#51 Robert Mann - CB",,"#54 Joel Dodson - CB","#33 Roger Trimmer - CB","#27 Kyle Locklin - CB",,,,"#42 Andrew Fritz - CB","#24 David Swain - CB",,,,,,,,,,,,,,,,,,,,,,,,,,,,,,,,,,,,
CIN,1:19,"CIN 10",4,4,18,Punt,"Punt Return",,28,18,"4-18-CIN 10 (1:20) 7-Leonard Hyde punts 49 yards to HOU 41. Fair Catch by 82-Brian Ramirez.",,,,,,,,,,,,,,,,,,"#7 Leonard Hyde - P",,,,,,,,,,,,,,,,,,,"#68 Roderick Price - RG",,"#82 Brian Ramirez - WR",,,"#51 Robert Mann - CB","#35 Jon Wright - CB","#44 Delbert Bealer - CB",,"#59 Andre Wade - CB","#57 William Snow - CB",,"#20 Matthew Scott - CB",,,,"#60 Ted Abdullah - LT","#66 Christopher Mitchell - C","#73 Jack Durgin - LT","#22 Jameson Kelly - WR","#71 Thomas Morneau - LG","#65 Robert Christopherso - RT",,"#54 Joel Dodson - CB","#60 Odell Paschke - LDE","#24 David Swain - CB","#43 Paul Powers - CB",,,,,,,
HOU,1:13,"HOU 41",4,1,10,"I Formation Normal HB Dive","4-3 Normal Double WR3",,28,18,"1-10-HOU 41 (1:14) 28-Andre Maker ran to HOU 41 for a short gain. Tackle by 36-Billy Tharpe.","#6 Joseph Eady - QB","#28 Andre Maker - WR",,,"#40 Alan Williams - RB","#85 Clinton Anderson - RB",,"#11 John Gomez - WR",,"#23 Tracy Lopez - WR",,,"#52 Roland Westbury - LT","#70 Daniel Paige - LT","#83 Michael Frank - RB","#71 Sam Freeman - RG","#71 Gus Goodman - RT",,"#95 James Guidry - LDE",,"#91 Harold Messick - DT","#92 Gregory Harrison - DT","#97 Robert Anders - RDE","#33 Todd Morley - CB","#42 Chad Patrick - CB",,"#36 Billy Tharpe - CB","#27 Raul Roth - CB","#59 Thomas Layne - CB",,,,"#38 Micheal Leonard - CB","#35 Joseph Duffy - CB",,,,,,,,,,,,,,,,,,,,,,,,,,,,,,,,,,,,
,1:12,,4,2,10,,,,28,18,"Timeout CIN",,,,,,,,,,,,,,,,,,,,,,,,,,,,,,,,,,,,,,,,,,,,,,,,,,,,,,,,,,,,,,,,,,,,,,
HOU,1:08,"HOU 41",4,2,10,"I Formation 3WR HB Inside Strong","4-3 Under Double LB Blitz",,28,18,"2-10-HOU 41 (1:09) 28-Andre Maker ran to HOU 41 for a short gain. Tackle by 95-James Guidry.","#6 Joseph Eady - QB","#28 Andre Maker - WR",,,"#40 Alan Williams - RB",,,"#11 John Gomez - WR","#85 Clinton Anderson - RB","#23 Tracy Lopez - WR",,,"#52 Roland Westbury - LT","#70 Daniel Paige - LT","#83 Michael Frank - RB","#71 Sam Freeman - RG","#71 Gus Goodman - RT",,"#95 James Guidry - LDE",,"#91 Harold Messick - DT","#92 Gregory Harrison - DT","#97 Robert Anders - RDE","#42 Chad Patrick - CB","#36 Billy Tharpe - CB",,"#34 Eric Kimmel - CB","#27 Raul Roth - CB","#59 Thomas Layne - CB",,,,"#30 Jonathan Snyder - CB","#35 Joseph Duffy - CB",,,,,,,,,,,,,,,,,,,,,,,,,,,,,,,,,,,,
,1:07,,4,3,10,,,,28,18,"Timeout CIN",,,,,,,,,,,,,,,,,,,,,,,,,,,,,,,,,,,,,,,,,,,,,,,,,,,,,,,,,,,,,,,,,,,,,,
HOU,1:04,"HOU 41",4,3,10,"Goal Line Normal HB Pitch Weak","4-3 Under Double Safety Blitz",-1,28,18,"3-10-HOU 41 (1:05) 28-Andre Maker ran to HOU 40 for -1 yards. Tackle by 35-Joseph Duffy.","#6 Joseph Eady - QB","#28 Andre Maker - WR",,"#22 Lester Brown - WR","#40 Alan Williams - RB","#85 Clinton Anderson - RB","#84 Joseph McCasland - C",,,,,,"#52 Roland Westbury - LT","#70 Daniel Paige - LT","#83 Michael Frank - RB","#71 Sam Freeman - RG","#71 Gus Goodman - RT",,"#95 James Guidry - LDE",,"#91 Harold Messick - DT","#92 Gregory Harrison - DT","#97 Robert Anders - RDE","#42 Chad Patrick - CB","#36 Billy Tharpe - CB",,"#34 Eric Kimmel - CB","#27 Raul Roth - CB","#59 Thomas Layne - CB",,,,"#30 Jonathan Snyder - CB","#35 Joseph Duffy - CB",,,,,,,,,,,,,,,,,,,,,,,,,,,,,,,,,,,,
HOU,0:30,"HOU 40",4,4,11,Punt,"Punt Return",,28,18,"4-11-HOU 40 (0:29) 9-Billy Hansen punts 46 yards to CIN 14. Fair Catch by 37-Derrick Moss.",,,,,,,,,,,,,,,,,,"#9 Billy Hansen - P",,,,,,,,,,,,,,,,,,,"#76 Scott Friend - LT",,"#37 Derrick Moss - WR",,,"#30 Jonathan Snyder - CB","#33 Todd Morley - CB","#34 Eric Kimmel - CB",,"#42 Chad Patrick - CB","#44 Doug Dearman - CB",,"#36 Billy Tharpe - CB",,,,"#70 Daniel Paige - LT","#61 Ricardo Perry - LG","#84 Joseph McCasland - C","#85 Clinton Anderson - RB","#52 Roland Westbury - LT","#68 Frederick Yates - RG",,"#91 Harold Messick - DT","#97 Robert Anders - RDE","#27 Raul Roth - CB","#77 Ronald Williams - DT",,,,,,,
CIN,0:21,"CIN 14",4,1,10,"I Formation Normal FL Hook","4-3 Normal OLB Blitz Outside",,28,18,"1-10-CIN 14 (0:22) 3-Leonard Thompson pass Pass knocked down by 33-Roger Trimmer. incomplete, intended for 37-Derrick Moss.","#3 Leonard Thompson - QB","#39 Julio Hamilton - WR",,,"#86 Steven Jackson - WR","#85 Joseph Moore - WR",,"#37 Derrick Moss - WR",,"#46 David Santos - WR",,,"#73 Jack Durgin - LT","#72 Steven Johnson - RT","#66 Christopher Mitchell - C","#68 Roderick Price - RG","#65 Robert Christopherso - RT",,"#60 Odell Paschke - LDE",,"#67 Christopher Howland - LDE","#91 Alan Edwards - LDE","#98 Randall Meyers - DT","#59 Andre Wade - CB","#57 William Snow - CB",,"#54 Joel Dodson - CB","#33 Roger Trimmer - CB","#20 Matthew Scott - CB",,,,"#27 Kyle Locklin - CB","#24 David Swain - CB",,,,,,,,,,,,,,,,,,,,,,,,,,,,,,,,,,,,
CIN,0:19,"CIN 14",4,2,10,"Split Backs 3 Wide Drag In","4-3 Normal Double WR1",2,28,18,"2-10-CIN 14 (0:20) 3-Leonard Thompson pass complete to 85-Joseph Moore to CIN 16 for 2 yards. Tackle by 42-Andrew Fritz.","#3 Leonard Thompson - QB","#86 Steven Jackson - WR",,,"#39 Julio Hamilton - WR",,,"#85 Joseph Moore - WR","#37 Derrick Moss - WR","#46 David Santos - WR",,,"#73 Jack Durgin - LT","#72 Steven Johnson - RT","#66 Christopher Mitchell - C","#68 Roderick Price - RG","#65 Robert Christopherso - RT",,"#60 Odell Paschke - LDE",,"#67 Christopher Howland - LDE","#91 Alan Edwards - LDE","#98 Randall Meyers - DT","#59 Andre Wade - CB","#51 Robert Mann - CB",,"#54 Joel Dodson - CB","#33 Roger Trimmer - CB","#27 Kyle Locklin - CB",,,,"#42 Andrew Fritz - CB","#24 David Swain - CB",,,,,,,,,,,,,,,,,,,,,,,,,,,,,,,,,,,,
,0:00,,4,3,8,,,,28,18,"End of fourth quarter.",,,,,,,,,,,,,,,,,,,,,,,,,,,,,,,,,,,,,,,,,,,,,,,,,,,,,,,,,,,,,,,,,,,,,,
